{
"type": "FeatureCollection",
"name": "AUT_GAUL2011_ADM1",
"crs": { "type": "name", "properties": { "name": "urn:ogc:def:crs:OGC:1.3:CRS84" } },
"features": [
{ "type": "Feature", "properties": { "POLYGON_ID": "AUT_GAUL2011_ADM1_478", "ADM0_ISO3": "AUT", "ADM0_NAME": "Austria", "ADM0_CODE": 18, "ADM1_NAME": "Burgenland", "ADM1_CODE": 478, "GEOSET": "GAUL", "GEOSET_YEAR": 2011.0, "GEOSET_VERSION": "GAUL_v1", "GEOSET_UNIT": "ADM1", "CENTROID_LONG": 16.553588226919768, "CENTROID_LAT": 47.605372176842188 }, "geometry": { "type": "MultiPolygon", "coordinates": [ [ [ [ 16.9926442, 48.1727493 ], [ 17.01912, 48.16161 ], [ 17.03576, 48.14943 ], [ 17.05103, 48.14383 ], [ 17.06125, 48.13729 ], [ 17.07398, 48.11621 ], [ 17.07743, 48.10656 ], [ 17.0996595, 48.1007101 ], [ 17.10058, 48.09795 ], [ 17.08873, 48.08394 ], [ 17.08267, 48.07295 ], [ 17.08794, 48.06261 ], [ 17.08253, 48.05507 ], [ 17.09016, 48.05031 ], [ 17.09066, 48.04524 ], [ 17.08227, 48.03321 ], [ 17.08363, 48.02567 ], [ 17.09034, 48.02366 ], [ 17.10174, 48.02374 ], [ 17.11676, 48.0295 ], [ 17.12917, 48.02398 ], [ 17.143, 48.02227 ], [ 17.16272, 48.00814 ], [ 17.15662, 48.0 ], [ 17.11118, 47.9778 ], [ 17.10116, 47.96708 ], [ 17.11996, 47.96136 ], [ 17.12026, 47.95471 ], [ 17.1056, 47.94471 ], [ 17.09675, 47.9293 ], [ 17.11361, 47.91841 ], [ 17.10333, 47.90517 ], [ 17.10544, 47.89317 ], [ 17.09384, 47.88023 ], [ 17.07162, 47.87284 ], [ 17.05025, 47.86702 ], [ 17.02777, 47.86673 ], [ 17.02296, 47.85987 ], [ 17.05789, 47.84307 ], [ 17.06291, 47.83595 ], [ 17.05947, 47.82605 ], [ 17.08072, 47.80555 ], [ 17.06007, 47.7935 ], [ 17.06833, 47.77868 ], [ 17.0721, 47.73133 ], [ 17.07616, 47.72175 ], [ 17.09076, 47.71126 ], [ 16.94875, 47.6938 ], [ 16.91255, 47.68796 ], [ 16.89093, 47.68854 ], [ 16.88068, 47.68788 ], [ 16.87457, 47.69435 ], [ 16.87209, 47.71621 ], [ 16.86633, 47.71626 ], [ 16.85859, 47.707 ], [ 16.85377, 47.70632 ], [ 16.84208, 47.69817 ], [ 16.83506, 47.6859 ], [ 16.82981, 47.68089 ], [ 16.81654, 47.68037 ], [ 16.77056, 47.68137 ], [ 16.75342, 47.68285 ], [ 16.74338, 47.6975 ], [ 16.72939, 47.71349 ], [ 16.71866, 47.72818 ], [ 16.70762, 47.73646 ], [ 16.69667, 47.7388 ], [ 16.66565, 47.74067 ], [ 16.6536099, 47.7457901 ], [ 16.64328, 47.7545 ], [ 16.6363, 47.75597 ], [ 16.62634, 47.75481 ], [ 16.61828, 47.75906 ], [ 16.61319, 47.75906 ], [ 16.59917, 47.751 ], [ 16.58908, 47.75535 ], [ 16.57856, 47.75193 ], [ 16.56814, 47.75285 ], [ 16.55816, 47.75146 ], [ 16.54085, 47.73736 ], [ 16.54661, 47.7339 ], [ 16.55221, 47.72175 ], [ 16.54334, 47.7107 ], [ 16.52601, 47.71033 ], [ 16.51819, 47.70656 ], [ 16.49825, 47.70011 ], [ 16.48061, 47.68944 ], [ 16.4778, 47.68133 ], [ 16.46732, 47.68156 ], [ 16.45713, 47.69185 ], [ 16.44964, 47.69149 ], [ 16.44659, 47.68796 ], [ 16.44369, 47.67527 ], [ 16.42756, 47.66247 ], [ 16.43019, 47.65801 ], [ 16.43959, 47.65715 ], [ 16.45595, 47.65116 ], [ 16.47274, 47.64974 ], [ 16.4883, 47.64608 ], [ 16.49582, 47.63979 ], [ 16.50414, 47.63828 ], [ 16.51743, 47.64273 ], [ 16.52319, 47.64271 ], [ 16.53018, 47.63804 ], [ 16.54522, 47.63257 ], [ 16.5757, 47.61884 ], [ 16.58891, 47.61893 ], [ 16.5985, 47.61667 ], [ 16.62809, 47.62564 ], [ 16.64269, 47.62543 ], [ 16.65327, 47.61945 ], [ 16.6584, 47.60983 ], [ 16.66669, 47.60465 ], [ 16.66943, 47.59148 ], [ 16.67673, 47.57969 ], [ 16.6778, 47.57346 ], [ 16.67027, 47.56579 ], [ 16.67691, 47.56114 ], [ 16.68785, 47.55904 ], [ 16.70296, 47.54438 ], [ 16.7104, 47.54105 ], [ 16.71279, 47.53454 ], [ 16.70637, 47.52774 ], [ 16.7046, 47.52026 ], [ 16.69136, 47.50942 ], [ 16.68033, 47.50374 ], [ 16.66555, 47.50465 ], [ 16.65573, 47.50098 ], [ 16.65441, 47.49439 ], [ 16.66133, 47.48584 ], [ 16.67066, 47.47786 ], [ 16.671, 47.47098 ], [ 16.65976, 47.45839 ], [ 16.62936, 47.43899 ], [ 16.62175, 47.43017 ], [ 16.60864, 47.4271 ], [ 16.59697, 47.42168 ], [ 16.58784, 47.42141 ], [ 16.57639, 47.41116 ], [ 16.55891, 47.40828 ], [ 16.52386, 47.40942 ], [ 16.50349, 47.3929 ], [ 16.49782, 47.39705 ], [ 16.48798, 47.39978 ], [ 16.48902, 47.40362 ], [ 16.48316, 47.40937 ], [ 16.45943, 47.41157 ], [ 16.45385, 47.40952 ], [ 16.44933, 47.40102 ], [ 16.45564, 47.39297 ], [ 16.45606, 47.37966 ], [ 16.45956, 47.36692 ], [ 16.4531496, 47.35965 ], [ 16.44123, 47.35833 ], [ 16.43828, 47.35206 ], [ 16.44798, 47.3443 ], [ 16.46072, 47.34008 ], [ 16.46898, 47.33147 ], [ 16.47502, 47.31357 ], [ 16.4802, 47.30784 ], [ 16.49272, 47.28394 ], [ 16.48489, 47.27947 ], [ 16.47739, 47.2608 ], [ 16.47064, 47.25698 ], [ 16.45674, 47.25576 ], [ 16.43642, 47.25092 ], [ 16.4439, 47.24441 ], [ 16.44042, 47.2361 ], [ 16.43678, 47.21885 ], [ 16.43351, 47.21626 ], [ 16.42205, 47.21584 ], [ 16.41751, 47.21055 ], [ 16.42527, 47.19303 ], [ 16.43132, 47.18956 ], [ 16.44499, 47.1885 ], [ 16.4599, 47.17937 ], [ 16.46869, 47.16935 ], [ 16.45443, 47.1606 ], [ 16.45051, 47.15459 ], [ 16.45349, 47.14713 ], [ 16.49218, 47.14816 ], [ 16.51352, 47.15018 ], [ 16.52255, 47.1429 ], [ 16.52767, 47.13328 ], [ 16.52327, 47.12936 ], [ 16.50525, 47.1233 ], [ 16.49936, 47.1144 ], [ 16.48687, 47.10648 ], [ 16.47024, 47.10081 ], [ 16.46814, 47.09632 ], [ 16.47452, 47.0894 ], [ 16.47515, 47.07837 ], [ 16.4926, 47.07164 ], [ 16.50818, 47.0698 ], [ 16.51753, 47.06595 ], [ 16.51769, 47.06067 ], [ 16.50423, 47.05303 ], [ 16.47753, 47.05055 ], [ 16.45505, 47.04337 ], [ 16.44584, 47.03066 ], [ 16.45034, 47.02863 ], [ 16.46429, 47.03099 ], [ 16.47556, 47.0298 ], [ 16.51494, 47.01086 ], [ 16.51555, 47.00671 ], [ 16.50998, 47.001 ], [ 16.49352, 47.00036 ], [ 16.47821, 46.9976 ], [ 16.46011, 47.00094 ], [ 16.45312, 47.0049 ], [ 16.43477, 46.9984 ], [ 16.42568, 47.00131 ], [ 16.41879, 47.00643 ], [ 16.40877, 47.00664 ], [ 16.39514, 47.00404 ], [ 16.38089, 47.00558 ], [ 16.37027, 47.01016 ], [ 16.35708, 47.00868 ], [ 16.33761, 47.00449 ], [ 16.31936, 47.00619 ], [ 16.308, 47.0028 ], [ 16.29971, 47.00727 ], [ 16.29173, 47.01517 ], [ 16.28425, 47.0139 ], [ 16.27013, 46.98747 ], [ 16.2726498, 46.9747696 ], [ 16.26683, 46.96562 ], [ 16.24288, 46.96367 ], [ 16.23549, 46.95963 ], [ 16.2363, 46.95396 ], [ 16.23019, 46.95276 ], [ 16.22026, 46.94655 ], [ 16.20027, 46.9435 ], [ 16.17474, 46.91595 ], [ 16.17277, 46.9126 ], [ 16.15885, 46.90632 ], [ 16.14341, 46.89047 ], [ 16.13437, 46.88261 ], [ 16.09842, 46.86486 ], [ 16.09087, 46.86632 ], [ 16.06594, 46.85224 ], [ 16.06109, 46.84259 ], [ 16.04236, 46.84198 ], [ 16.03363, 46.83753 ], [ 16.02989, 46.84067 ], [ 16.01607, 46.83894 ], [ 16.00197, 46.83402 ], [ 15.9987555, 46.8344211 ], [ 16.0053005, 46.8456001 ], [ 16.0023994, 46.8506012 ], [ 16.0100002, 46.861599 ], [ 16.0079002, 46.8712006 ], [ 16.0130005, 46.8807983 ], [ 16.0293007, 46.8891983 ], [ 16.0356998, 46.8955002 ], [ 16.0342007, 46.9006996 ], [ 16.0459003, 46.9103012 ], [ 16.0561008, 46.9089012 ], [ 16.0632992, 46.9137001 ], [ 16.0615997, 46.9206009 ], [ 16.0664005, 46.9291992 ], [ 16.0716, 46.9331017 ], [ 16.0820999, 46.9328003 ], [ 16.0925999, 46.9352989 ], [ 16.0974007, 46.9424019 ], [ 16.0956993, 46.9539986 ], [ 16.1100006, 46.9669991 ], [ 16.1084003, 46.9724998 ], [ 16.1119995, 46.9784012 ], [ 16.1182003, 46.9791985 ], [ 16.1212997, 46.9877014 ], [ 16.1306992, 46.9920006 ], [ 16.1455994, 46.9911003 ], [ 16.1532993, 46.9929008 ], [ 16.1469002, 47.0007019 ], [ 16.1303005, 47.0098 ], [ 16.1257992, 47.0236015 ], [ 16.1201992, 47.0270996 ], [ 16.1166, 47.0374985 ], [ 16.1217995, 47.0429001 ], [ 16.1117001, 47.049099 ], [ 16.1046009, 47.0597992 ], [ 16.0976009, 47.0588989 ], [ 16.0937996, 47.0642014 ], [ 16.0895004, 47.0777016 ], [ 16.0911999, 47.081501 ], [ 16.0872993, 47.0877991 ], [ 16.0932999, 47.0905991 ], [ 16.0907002, 47.0959015 ], [ 16.0921001, 47.1058998 ], [ 16.1096001, 47.1179008 ], [ 16.1091995, 47.1235008 ], [ 16.1124992, 47.1287994 ], [ 16.1161995, 47.1413994 ], [ 16.1152992, 47.149601 ], [ 16.1119003, 47.1517982 ], [ 16.1084995, 47.1687012 ], [ 16.0998993, 47.1767998 ], [ 16.0988998, 47.1922989 ], [ 16.0890999, 47.2046013 ], [ 16.0881996, 47.2126007 ], [ 16.0842991, 47.2165985 ], [ 16.0813999, 47.2252007 ], [ 16.0879002, 47.2327995 ], [ 16.0837002, 47.2394981 ], [ 16.0872993, 47.2462006 ], [ 16.0809002, 47.2499008 ], [ 16.0781002, 47.2566986 ], [ 16.0807991, 47.2610016 ], [ 16.0743008, 47.2708015 ], [ 16.0760994, 47.274601 ], [ 16.0622997, 47.2860985 ], [ 16.0646, 47.2891998 ], [ 16.0604992, 47.3079987 ], [ 16.0566998, 47.3146019 ], [ 16.0478001, 47.3224983 ], [ 16.0477009, 47.3306007 ], [ 16.0361004, 47.3412018 ], [ 16.0333004, 47.3464012 ], [ 16.0338001, 47.3544006 ], [ 16.0268002, 47.358799 ], [ 16.0333996, 47.3713989 ], [ 16.0310993, 47.3781013 ], [ 16.0396004, 47.3806 ], [ 16.0620995, 47.3828011 ], [ 16.0655994, 47.3843994 ], [ 16.0653992, 47.3919983 ], [ 16.0709, 47.3988991 ], [ 16.0837002, 47.4067001 ], [ 16.0890007, 47.4034004 ], [ 16.0891991, 47.3986015 ], [ 16.0827007, 47.3964005 ], [ 16.093399, 47.3883018 ], [ 16.0984001, 47.3908005 ], [ 16.1093998, 47.4132004 ], [ 16.1236992, 47.4117012 ], [ 16.1588993, 47.4191017 ], [ 16.1695004, 47.4221992 ], [ 16.1926994, 47.4208984 ], [ 16.2234993, 47.4267998 ], [ 16.2420998, 47.4365005 ], [ 16.2553005, 47.449501 ], [ 16.2644005, 47.4510994 ], [ 16.2712002, 47.4546013 ], [ 16.2807999, 47.4548988 ], [ 16.2877007, 47.4618988 ], [ 16.3005009, 47.4676018 ], [ 16.3052998, 47.4732018 ], [ 16.2980003, 47.478199 ], [ 16.3111992, 47.4803009 ], [ 16.3153992, 47.4840012 ], [ 16.3113003, 47.4892998 ], [ 16.3234997, 47.4954987 ], [ 16.3327007, 47.5042992 ], [ 16.3393993, 47.5149002 ], [ 16.3383999, 47.5251999 ], [ 16.3271008, 47.528801 ], [ 16.3278008, 47.5330009 ], [ 16.3101997, 47.544899 ], [ 16.3117008, 47.5514984 ], [ 16.3164997, 47.5579987 ], [ 16.3141994, 47.5642014 ], [ 16.3304005, 47.5824013 ], [ 16.3304996, 47.5979996 ], [ 16.3453007, 47.6022987 ], [ 16.3537998, 47.6119003 ], [ 16.3481998, 47.6155014 ], [ 16.3560009, 47.6203003 ], [ 16.3687992, 47.6208992 ], [ 16.3717003, 47.6263008 ], [ 16.3673, 47.6348 ], [ 16.3729, 47.6441994 ], [ 16.3617992, 47.6553993 ], [ 16.3605003, 47.6636009 ], [ 16.3519001, 47.6706009 ], [ 16.3554001, 47.6767998 ], [ 16.3514004, 47.6806984 ], [ 16.3353996, 47.6767998 ], [ 16.3218994, 47.6842003 ], [ 16.3075008, 47.6871986 ], [ 16.3087006, 47.6936989 ], [ 16.3050003, 47.6969986 ], [ 16.3027, 47.7050018 ], [ 16.2950001, 47.713501 ], [ 16.2947006, 47.7202988 ], [ 16.2901001, 47.7271004 ], [ 16.2912006, 47.7342987 ], [ 16.3010006, 47.7490997 ], [ 16.2977009, 47.7536011 ], [ 16.2936993, 47.7672005 ], [ 16.3034, 47.7825012 ], [ 16.3003998, 47.7869987 ], [ 16.2821007, 47.7886009 ], [ 16.2684002, 47.7919006 ], [ 16.2712002, 47.7994995 ], [ 16.2772007, 47.8083992 ], [ 16.2868004, 47.8098984 ], [ 16.3111992, 47.8059998 ], [ 16.3113995, 47.7975006 ], [ 16.3069, 47.789299 ], [ 16.3134003, 47.7863998 ], [ 16.3241005, 47.7872009 ], [ 16.3311996, 47.800499 ], [ 16.3448009, 47.8036995 ], [ 16.3493996, 47.8110008 ], [ 16.3491001, 47.8165016 ], [ 16.3586006, 47.8214989 ], [ 16.3771992, 47.8266983 ], [ 16.3726997, 47.8298988 ], [ 16.3773994, 47.8352013 ], [ 16.3880005, 47.8418999 ], [ 16.3857994, 47.8451004 ], [ 16.3514004, 47.8641014 ], [ 16.3568993, 47.864399 ], [ 16.3775005, 47.8730011 ], [ 16.3883991, 47.882 ], [ 16.3995991, 47.8762016 ], [ 16.4085999, 47.8796997 ], [ 16.4090996, 47.8838005 ], [ 16.4164009, 47.8893013 ], [ 16.4228992, 47.9017982 ], [ 16.4176998, 47.9099007 ], [ 16.4253006, 47.9133987 ], [ 16.4279995, 47.9180985 ], [ 16.4368992, 47.925499 ], [ 16.4468002, 47.9287987 ], [ 16.4482994, 47.9337006 ], [ 16.4661007, 47.9387016 ], [ 16.4701004, 47.9351997 ], [ 16.4797993, 47.9367981 ], [ 16.4846992, 47.9410019 ], [ 16.5044994, 47.9393997 ], [ 16.5202999, 47.9421997 ], [ 16.5296993, 47.9482002 ], [ 16.5394993, 47.9518013 ], [ 16.5368996, 47.9580002 ], [ 16.5422993, 47.9688988 ], [ 16.5554008, 47.9771996 ], [ 16.5594006, 47.9866982 ], [ 16.5599003, 47.993 ], [ 16.5471992, 47.9986992 ], [ 16.5214005, 48.0155983 ], [ 16.5072002, 48.0236015 ], [ 16.5130997, 48.0287018 ], [ 16.5135994, 48.0372009 ], [ 16.5249996, 48.0435982 ], [ 16.5394993, 48.0447998 ], [ 16.5415001, 48.0491982 ], [ 16.5641994, 48.0577011 ], [ 16.5720997, 48.0545998 ], [ 16.5736008, 48.0632019 ], [ 16.5783005, 48.0667 ], [ 16.5869999, 48.0686989 ], [ 16.5949001, 48.0741005 ], [ 16.6026001, 48.0826988 ], [ 16.6054993, 48.0892982 ], [ 16.6114006, 48.0932999 ], [ 16.6131992, 48.0993004 ], [ 16.6280994, 48.0914993 ], [ 16.6366005, 48.0896988 ], [ 16.6511993, 48.0895996 ], [ 16.6597004, 48.0932007 ], [ 16.6408997, 48.1041985 ], [ 16.6473999, 48.1086006 ], [ 16.6497002, 48.1175003 ], [ 16.6599007, 48.1226006 ], [ 16.6777, 48.1166992 ], [ 16.7005005, 48.1186981 ], [ 16.7126007, 48.1216011 ], [ 16.7243004, 48.1225014 ], [ 16.7322998, 48.1274986 ], [ 16.7430992, 48.1305008 ], [ 16.7495003, 48.1293983 ], [ 16.7553005, 48.1211014 ], [ 16.7696991, 48.1156998 ], [ 16.7847004, 48.1153984 ], [ 16.7985001, 48.1216011 ], [ 16.8134995, 48.1239014 ], [ 16.823, 48.1194992 ], [ 16.8507996, 48.1248016 ], [ 16.8477001, 48.139801 ], [ 16.8582001, 48.1473999 ], [ 16.8738995, 48.1455994 ], [ 16.8745995, 48.1403008 ], [ 16.8803005, 48.1388016 ], [ 16.8883991, 48.1436996 ], [ 16.9018993, 48.1419983 ], [ 16.9263, 48.1584015 ], [ 16.9258995, 48.1635017 ], [ 16.9354, 48.1727982 ], [ 16.9419003, 48.175499 ], [ 16.9521008, 48.1763992 ], [ 16.9606991, 48.1688995 ], [ 16.9724007, 48.1716995 ], [ 16.9926442, 48.1727493 ] ] ] ] } },
{ "type": "Feature", "properties": { "POLYGON_ID": "AUT_GAUL2011_ADM1_479", "ADM0_ISO3": "AUT", "ADM0_NAME": "Austria", "ADM0_CODE": 18, "ADM1_NAME": "Karnten", "ADM1_CODE": 479, "GEOSET": "GAUL", "GEOSET_YEAR": 2011.0, "GEOSET_VERSION": "GAUL_v1", "GEOSET_UNIT": "ADM1", "CENTROID_LONG": 13.9174325752653, "CENTROID_LAT": 46.774815950287135 }, "geometry": { "type": "MultiPolygon", "coordinates": [ [ [ [ 13.7828999, 46.9435997 ], [ 13.7841997, 46.9374008 ], [ 13.7929001, 46.9351006 ], [ 13.7976999, 46.9296989 ], [ 13.8111, 46.9244995 ], [ 13.8162003, 46.9175987 ], [ 13.8285999, 46.9133987 ], [ 13.8437004, 46.9126015 ], [ 13.8488998, 46.9095001 ], [ 13.8652, 46.919899 ], [ 13.8702002, 46.9174995 ], [ 13.8810997, 46.9216995 ], [ 13.8936005, 46.9211998 ], [ 13.8959999, 46.9169006 ], [ 13.9049997, 46.9174995 ], [ 13.9090004, 46.9250984 ], [ 13.9236002, 46.9244995 ], [ 13.9308004, 46.9207001 ], [ 13.9362001, 46.9244995 ], [ 13.9280005, 46.9339981 ], [ 13.9225998, 46.9333 ], [ 13.9164, 46.9380989 ], [ 13.9328003, 46.9443016 ], [ 13.9456997, 46.9408989 ], [ 13.9504995, 46.9416008 ], [ 13.9511995, 46.9518013 ], [ 13.9638996, 46.9603004 ], [ 13.9777002, 46.9654007 ], [ 14.0050001, 46.9706001 ], [ 14.0037003, 46.9768982 ], [ 14.0093002, 46.979599 ], [ 14.0180998, 46.9874992 ], [ 14.0150995, 47.0038986 ], [ 14.0254002, 47.0071983 ], [ 14.0425997, 47.0038986 ], [ 14.0534, 47.0041008 ], [ 14.0703001, 47.0101013 ], [ 14.0789003, 47.0217018 ], [ 14.0964003, 47.0334015 ], [ 14.1100998, 47.0402985 ], [ 14.1188002, 47.0402985 ], [ 14.1260996, 47.0447998 ], [ 14.1239996, 47.0561981 ], [ 14.1309996, 47.0609016 ], [ 14.1408997, 47.0592995 ], [ 14.1630001, 47.0516014 ], [ 14.1746998, 47.0601997 ], [ 14.184, 47.0637016 ], [ 14.1933002, 47.0700989 ], [ 14.2032003, 47.0693016 ], [ 14.2186003, 47.0523987 ], [ 14.2209997, 47.0481987 ], [ 14.2215004, 47.0385017 ], [ 14.2334995, 47.0261002 ], [ 14.2414999, 47.0289993 ], [ 14.2508001, 47.0348015 ], [ 14.2549, 47.0297012 ], [ 14.2639999, 47.0247002 ], [ 14.2692003, 47.0281982 ], [ 14.2770004, 47.0251007 ], [ 14.2819996, 47.0278015 ], [ 14.2895002, 47.0252991 ], [ 14.3021002, 47.0278015 ], [ 14.3202, 47.0269012 ], [ 14.3280001, 47.0280991 ], [ 14.3382998, 47.0229988 ], [ 14.3539, 47.0247993 ], [ 14.3634005, 47.0239983 ], [ 14.3748999, 47.0163994 ], [ 14.3817997, 47.0140991 ], [ 14.3766003, 47.0071983 ], [ 14.3785, 47.0024986 ], [ 14.3762999, 46.9962997 ], [ 14.3806, 46.9894981 ], [ 14.3827, 46.9804001 ], [ 14.3920002, 46.9812012 ], [ 14.3999996, 46.9789009 ], [ 14.4081001, 46.9814987 ], [ 14.4110003, 46.9869995 ], [ 14.4302998, 46.9949989 ], [ 14.4403, 46.9956017 ], [ 14.4560003, 46.9936981 ], [ 14.4596004, 46.9995995 ], [ 14.4590998, 47.0054016 ], [ 14.4632998, 47.0091019 ], [ 14.4750004, 47.0115013 ], [ 14.4764004, 47.0223007 ], [ 14.4828997, 47.0206985 ], [ 14.4975996, 47.0255013 ], [ 14.5024004, 47.0256004 ], [ 14.5035, 47.0185013 ], [ 14.5150003, 47.012001 ], [ 14.5251999, 47.0089989 ], [ 14.5539999, 47.0116997 ], [ 14.5771999, 47.0124016 ], [ 14.5858002, 47.0116997 ], [ 14.5941, 47.0004997 ], [ 14.6032, 47.0001984 ], [ 14.6139002, 46.9962997 ], [ 14.6185999, 47.0010986 ], [ 14.6212997, 47.0083008 ], [ 14.6267996, 47.0140991 ], [ 14.6493998, 47.0143013 ], [ 14.6590004, 47.0177002 ], [ 14.6738005, 47.0167007 ], [ 14.6871004, 47.0183983 ], [ 14.7054005, 47.024601 ], [ 14.7214003, 47.0247002 ], [ 14.7361002, 47.0317993 ], [ 14.7409, 47.028801 ], [ 14.7552004, 47.0321007 ], [ 14.7685003, 47.0377998 ], [ 14.7837, 47.0368004 ], [ 14.7982998, 47.0399017 ], [ 14.8086004, 47.0387001 ], [ 14.8177996, 47.0418015 ], [ 14.8304005, 47.049099 ], [ 14.8429003, 47.0488014 ], [ 14.8392, 47.0418015 ], [ 14.8500004, 47.0295982 ], [ 14.8563995, 47.0261993 ], [ 14.8664999, 47.0252991 ], [ 14.8738003, 47.0223007 ], [ 14.8858004, 47.0107002 ], [ 14.8970003, 47.0051994 ], [ 14.9050999, 46.9989014 ], [ 14.9184999, 46.9975014 ], [ 14.9406996, 46.9925003 ], [ 14.9509001, 46.9926987 ], [ 14.9581003, 46.9887009 ], [ 14.9699001, 46.9789009 ], [ 14.9667997, 46.9724998 ], [ 14.9780998, 46.9641991 ], [ 14.9791002, 46.9574013 ], [ 14.9858999, 46.9511986 ], [ 14.9918003, 46.9370995 ], [ 15.0162001, 46.9210014 ], [ 15.0263004, 46.9095001 ], [ 15.0228004, 46.8984985 ], [ 15.0181999, 46.8925018 ], [ 15.0164003, 46.8852005 ], [ 15.0066004, 46.8795013 ], [ 15.0082998, 46.8720016 ], [ 15.0059996, 46.8624992 ], [ 15.007, 46.8562012 ], [ 15.0174999, 46.8443985 ], [ 15.0131998, 46.8335991 ], [ 15.0, 46.8296013 ], [ 14.9881001, 46.8230019 ], [ 14.9860001, 46.8101997 ], [ 14.9778004, 46.8026009 ], [ 14.9783001, 46.7938004 ], [ 14.9748001, 46.7859993 ], [ 14.9927998, 46.7835007 ], [ 15.0071001, 46.7751007 ], [ 15.0243998, 46.7723999 ], [ 15.0282002, 46.7687988 ], [ 15.0249996, 46.762001 ], [ 15.0338001, 46.7494011 ], [ 15.0327997, 46.7434006 ], [ 15.0407, 46.7363014 ], [ 15.0353003, 46.7280998 ], [ 15.0418997, 46.7232018 ], [ 15.0439997, 46.713501 ], [ 15.0351, 46.7053986 ], [ 15.0333996, 46.6924019 ], [ 15.0298996, 46.6794014 ], [ 15.0215998, 46.6725006 ], [ 15.0234003, 46.6697998 ], [ 15.0352001, 46.6665001 ], [ 15.0436001, 46.6694984 ], [ 15.0501003, 46.6687012 ], [ 15.0531998, 46.6629982 ], [ 15.0618, 46.6601982 ], [ 15.0640611, 46.6554787 ], [ 15.03901, 46.65263 ], [ 15.02209, 46.64334 ], [ 15.01601, 46.64194 ], [ 15.00826, 46.63532 ], [ 14.98071, 46.60142 ], [ 14.97644, 46.60706 ], [ 14.96982, 46.62633 ], [ 14.95576, 46.63039 ], [ 14.91937, 46.61759 ], [ 14.92004, 46.60772 ], [ 14.91299, 46.60657 ], [ 14.89076, 46.61185 ], [ 14.88215, 46.61212 ], [ 14.86819, 46.60685 ], [ 14.86531, 46.59846 ], [ 14.85264, 46.58238 ], [ 14.83978, 46.5734 ], [ 14.83342, 46.56636 ], [ 14.83544, 46.5527 ], [ 14.82959, 46.54946 ], [ 14.82923, 46.5387 ], [ 14.82148, 46.52659 ], [ 14.82137, 46.51468 ], [ 14.81704, 46.50932 ], [ 14.78761, 46.50016 ], [ 14.77796, 46.49931 ], [ 14.77151, 46.50203 ], [ 14.75667, 46.50339 ], [ 14.7479, 46.50092 ], [ 14.74086, 46.5048 ], [ 14.73358, 46.49976 ], [ 14.72558, 46.50434 ], [ 14.7178, 46.50184 ], [ 14.71383, 46.49669 ], [ 14.71225, 46.48735 ], [ 14.70323, 46.48076 ], [ 14.69748, 46.46834 ], [ 14.6937, 46.46616 ], [ 14.68052, 46.46724 ], [ 14.67751, 46.45612 ], [ 14.67334, 46.45281 ], [ 14.6571, 46.44734 ], [ 14.63195, 46.4474 ], [ 14.61776, 46.44278 ], [ 14.60953, 46.44348 ], [ 14.60366, 46.43954 ], [ 14.58712, 46.4343 ], [ 14.58122, 46.42685 ], [ 14.58202, 46.42094 ], [ 14.59101, 46.40557 ], [ 14.57923, 46.39126 ], [ 14.58104, 46.38297 ], [ 14.56157, 46.37804 ], [ 14.55418, 46.38168 ], [ 14.55026, 46.39347 ], [ 14.52899, 46.4195 ], [ 14.51602, 46.42971 ], [ 14.50435, 46.42249 ], [ 14.49147, 46.41736 ], [ 14.48314, 46.41623 ], [ 14.46026, 46.42672 ], [ 14.44263, 46.43087 ], [ 14.43307, 46.43732 ], [ 14.43833, 46.44244 ], [ 14.43207, 46.44856 ], [ 14.42484, 46.44945 ], [ 14.37472, 46.44122 ], [ 14.35385, 46.44087 ], [ 14.33628, 46.43448 ], [ 14.31615, 46.43548 ], [ 14.30972, 46.43886 ], [ 14.28426, 46.44549 ], [ 14.27569, 46.44595 ], [ 14.24167, 46.43518 ], [ 14.23538, 46.43511 ], [ 14.22424, 46.44318 ], [ 14.19152, 46.44403 ], [ 14.15905, 46.43709 ], [ 14.15153, 46.44507 ], [ 14.13979, 46.45475 ], [ 14.12014, 46.47767 ], [ 14.0958398, 46.48789 ], [ 14.08197, 46.4887 ], [ 14.05776, 46.49456 ], [ 14.04457, 46.4958 ], [ 14.01778, 46.48341 ], [ 14.0095, 46.48338 ], [ 13.99301, 46.49134 ], [ 13.97563, 46.50159 ], [ 13.92976, 46.51848 ], [ 13.90632, 46.5204 ], [ 13.87355, 46.52116 ], [ 13.83695, 46.51789 ], [ 13.81344, 46.51111 ], [ 13.79517, 46.51014 ], [ 13.76879, 46.51989 ], [ 13.751, 46.52211 ], [ 13.71506, 46.52332 ], [ 13.6895, 46.52505 ], [ 13.66716, 46.52943 ], [ 13.65415, 46.53496 ], [ 13.61487, 46.54632 ], [ 13.59176, 46.5484 ], [ 13.58152, 46.54152 ], [ 13.57225, 46.54171 ], [ 13.56365, 46.5499 ], [ 13.5486, 46.55456 ], [ 13.52429, 46.55207 ], [ 13.51055, 46.55647 ], [ 13.50563, 46.56549 ], [ 13.50142, 46.56809 ], [ 13.47361, 46.56086 ], [ 13.46833, 46.56166 ], [ 13.4513, 46.55856 ], [ 13.42099, 46.56327 ], [ 13.41047, 46.56553 ], [ 13.40312, 46.57253 ], [ 13.38149, 46.57912 ], [ 13.37188, 46.57931 ], [ 13.36623, 46.57048 ], [ 13.34233, 46.56979 ], [ 13.32335, 46.55916 ], [ 13.31531, 46.55679 ], [ 13.29159, 46.56066 ], [ 13.25715, 46.56197 ], [ 13.24207, 46.55744 ], [ 13.23676, 46.55731 ], [ 13.22114, 46.56536 ], [ 13.19329, 46.57454 ], [ 13.16142, 46.59202 ], [ 13.10127, 46.59807 ], [ 13.08418, 46.60292 ], [ 13.07116, 46.60063 ], [ 13.04486, 46.59762 ], [ 13.03024, 46.59717 ], [ 13.01544, 46.60084 ], [ 12.98166, 46.60274 ], [ 12.96852, 46.60661 ], [ 12.95094, 46.60666 ], [ 12.93349, 46.61104 ], [ 12.90167, 46.61198 ], [ 12.85539, 46.60648 ], [ 12.83723, 46.60949 ], [ 12.83478, 46.61639 ], [ 12.83383, 46.62898 ], [ 12.82861, 46.63203 ], [ 12.80945, 46.63482 ], [ 12.79517, 46.646 ], [ 12.76808, 46.65072 ], [ 12.75679, 46.65065 ], [ 12.73684, 46.63766 ], [ 12.72953, 46.6373 ], [ 12.71528, 46.65007 ], [ 12.69426, 46.65836 ], [ 12.6899711, 46.6585823 ], [ 12.6858997, 46.6861992 ], [ 12.6896, 46.6874008 ], [ 12.6906996, 46.6960983 ], [ 12.6975002, 46.7036018 ], [ 12.7203999, 46.7006989 ], [ 12.7067003, 46.7130013 ], [ 12.7144003, 46.7293015 ], [ 12.7117996, 46.7361984 ], [ 12.7259998, 46.7424011 ], [ 12.7407999, 46.7440987 ], [ 12.7560997, 46.7512016 ], [ 12.7729998, 46.7515984 ], [ 12.8049002, 46.7575989 ], [ 12.8133001, 46.7505989 ], [ 12.8227997, 46.7517014 ], [ 12.8304996, 46.7475014 ], [ 12.842, 46.7491989 ], [ 12.8555002, 46.7592011 ], [ 12.8792, 46.7630997 ], [ 12.8851995, 46.7677994 ], [ 12.8982, 46.774601 ], [ 12.9039001, 46.7742004 ], [ 12.9201002, 46.7641983 ], [ 12.9302998, 46.7627983 ], [ 12.9455996, 46.769001 ], [ 12.9469996, 46.7752991 ], [ 12.9535999, 46.7813988 ], [ 12.9626999, 46.7837982 ], [ 12.9658003, 46.7868996 ], [ 12.9649, 46.7957993 ], [ 12.9446001, 46.8033981 ], [ 12.9126997, 46.8209 ], [ 12.8948002, 46.8251991 ], [ 12.8935003, 46.8322983 ], [ 12.8865995, 46.8420982 ], [ 12.8740997, 46.8451996 ], [ 12.8663998, 46.8504982 ], [ 12.8451996, 46.858799 ], [ 12.8422003, 46.8633003 ], [ 12.8437004, 46.8745995 ], [ 12.8411999, 46.8913994 ], [ 12.8305998, 46.9003983 ], [ 12.8359003, 46.9140015 ], [ 12.8211002, 46.9169998 ], [ 12.8107996, 46.9220009 ], [ 12.7982998, 46.9222984 ], [ 12.7820997, 46.9342003 ], [ 12.7847004, 46.9393005 ], [ 12.7678003, 46.9440002 ], [ 12.7581997, 46.9528008 ], [ 12.7573996, 46.9588013 ], [ 12.7453003, 46.9603996 ], [ 12.7403002, 46.9682007 ], [ 12.7367001, 46.9808006 ], [ 12.7229996, 46.9952011 ], [ 12.7292004, 46.9964981 ], [ 12.7358999, 47.0047989 ], [ 12.7350998, 47.0131989 ], [ 12.7406998, 47.0147018 ], [ 12.7531004, 47.0256996 ], [ 12.7549, 47.0330009 ], [ 12.7656002, 47.0373993 ], [ 12.7663002, 47.0432014 ], [ 12.7545004, 47.0444984 ], [ 12.7418003, 47.0407982 ], [ 12.7252998, 47.0419006 ], [ 12.7153997, 47.0443001 ], [ 12.7115002, 47.0475006 ], [ 12.7059002, 47.0573998 ], [ 12.6985998, 47.0744019 ], [ 12.6787996, 47.0844002 ], [ 12.6736002, 47.0904999 ], [ 12.6681004, 47.0906982 ], [ 12.6557999, 47.0992012 ], [ 12.6476002, 47.1011009 ], [ 12.6578999, 47.107399 ], [ 12.665, 47.1190987 ], [ 12.6817999, 47.1214981 ], [ 12.6885004, 47.1239014 ], [ 12.6948004, 47.1214981 ], [ 12.7044001, 47.1222992 ], [ 12.7142, 47.1281013 ], [ 12.7304001, 47.1309013 ], [ 12.7332001, 47.114399 ], [ 12.7328997, 47.1063004 ], [ 12.7356997, 47.1027985 ], [ 12.7526999, 47.0988007 ], [ 12.7725, 47.1002998 ], [ 12.7884998, 47.0932007 ], [ 12.8016005, 47.0951004 ], [ 12.8035002, 47.0979004 ], [ 12.8193998, 47.097599 ], [ 12.8291998, 47.0910988 ], [ 12.8374996, 47.0820007 ], [ 12.8604002, 47.0806999 ], [ 12.8692999, 47.0854988 ], [ 12.8851004, 47.0834007 ], [ 12.8924999, 47.0803986 ], [ 12.9178, 47.0808983 ], [ 12.9350004, 47.0763016 ], [ 12.9426003, 47.0591011 ], [ 12.9547005, 47.0536003 ], [ 12.9530001, 47.047699 ], [ 12.9555998, 47.0429993 ], [ 12.9699001, 47.0368996 ], [ 12.9784002, 47.0381012 ], [ 12.9849005, 47.0348015 ], [ 12.9958, 47.0377998 ], [ 13.0010996, 47.0423012 ], [ 13.0106001, 47.0433998 ], [ 13.0199003, 47.0397987 ], [ 13.0201998, 47.0295982 ], [ 13.0326004, 47.0264015 ], [ 13.0398998, 47.0227013 ], [ 13.0490999, 47.0224991 ], [ 13.0565004, 47.0173988 ], [ 13.0703001, 47.0195999 ], [ 13.0859003, 47.0265007 ], [ 13.0987997, 47.024601 ], [ 13.1252003, 47.0261002 ], [ 13.1316004, 47.0334015 ], [ 13.1441002, 47.0355988 ], [ 13.1562996, 47.0345001 ], [ 13.1660995, 47.0363007 ], [ 13.1695004, 47.0400009 ], [ 13.1948996, 47.0415001 ], [ 13.2084999, 47.0438004 ], [ 13.2327003, 47.0447006 ], [ 13.2472, 47.0474014 ], [ 13.2426996, 47.0568008 ], [ 13.2467003, 47.0651016 ], [ 13.2407999, 47.0695 ], [ 13.2503004, 47.0863991 ], [ 13.2716999, 47.0918999 ], [ 13.2742996, 47.0940018 ], [ 13.2909002, 47.0952988 ], [ 13.3009996, 47.085701 ], [ 13.3099003, 47.0849991 ], [ 13.3337002, 47.094101 ], [ 13.3493996, 47.094799 ], [ 13.3624001, 47.0970001 ], [ 13.3787003, 47.0914993 ], [ 13.3814001, 47.0796013 ], [ 13.3878002, 47.0735016 ], [ 13.3978004, 47.0688019 ], [ 13.4089003, 47.0690994 ], [ 13.4171, 47.0758018 ], [ 13.4271002, 47.0802002 ], [ 13.4396, 47.0770988 ], [ 13.46, 47.0786018 ], [ 13.5040998, 47.0688019 ], [ 13.5194998, 47.0676003 ], [ 13.5300999, 47.0634995 ], [ 13.5359001, 47.0632019 ], [ 13.5592003, 47.0550995 ], [ 13.5808001, 47.0508995 ], [ 13.5889997, 47.0535011 ], [ 13.6007996, 47.0539017 ], [ 13.6127005, 47.0584984 ], [ 13.6370001, 47.0542984 ], [ 13.6433001, 47.0419006 ], [ 13.6506004, 47.0385017 ], [ 13.6591997, 47.0401001 ], [ 13.6702003, 47.0385017 ], [ 13.6809998, 47.040699 ], [ 13.6922998, 47.0390015 ], [ 13.6950998, 47.0334015 ], [ 13.6875, 47.0278015 ], [ 13.6942997, 47.0052986 ], [ 13.7005997, 47.0017014 ], [ 13.7062998, 46.9948998 ], [ 13.7314997, 46.9886017 ], [ 13.7449999, 46.9933014 ], [ 13.7543001, 46.9908981 ], [ 13.7600002, 46.9810982 ], [ 13.7658997, 46.9804993 ], [ 13.7730999, 46.9747009 ], [ 13.7743998, 46.9616013 ], [ 13.7778997, 46.957901 ], [ 13.7756996, 46.9504013 ], [ 13.7781, 46.9446983 ], [ 13.7828999, 46.9435997 ] ] ] ] } },
{ "type": "Feature", "properties": { "POLYGON_ID": "AUT_GAUL2011_ADM1_480", "ADM0_ISO3": "AUT", "ADM0_NAME": "Austria", "ADM0_CODE": 18, "ADM1_NAME": "Niederosterreich", "ADM1_CODE": 480, "GEOSET": "GAUL", "GEOSET_YEAR": 2011.0, "GEOSET_VERSION": "GAUL_v1", "GEOSET_UNIT": "ADM1", "CENTROID_LONG": 15.725772716597325, "CENTROID_LAT": 48.276586765209572 }, "geometry": { "type": "MultiPolygon", "coordinates": [ [ [ [ 16.9926442, 48.1727493 ], [ 16.9724007, 48.1716995 ], [ 16.9606991, 48.1688995 ], [ 16.9521008, 48.1763992 ], [ 16.9419003, 48.175499 ], [ 16.9354, 48.1727982 ], [ 16.9258995, 48.1635017 ], [ 16.9263, 48.1584015 ], [ 16.9018993, 48.1419983 ], [ 16.8883991, 48.1436996 ], [ 16.8803005, 48.1388016 ], [ 16.8745995, 48.1403008 ], [ 16.8738995, 48.1455994 ], [ 16.8582001, 48.1473999 ], [ 16.8477001, 48.139801 ], [ 16.8507996, 48.1248016 ], [ 16.823, 48.1194992 ], [ 16.8134995, 48.1239014 ], [ 16.7985001, 48.1216011 ], [ 16.7847004, 48.1153984 ], [ 16.7696991, 48.1156998 ], [ 16.7553005, 48.1211014 ], [ 16.7495003, 48.1293983 ], [ 16.7430992, 48.1305008 ], [ 16.7322998, 48.1274986 ], [ 16.7243004, 48.1225014 ], [ 16.7126007, 48.1216011 ], [ 16.7005005, 48.1186981 ], [ 16.6777, 48.1166992 ], [ 16.6599007, 48.1226006 ], [ 16.6497002, 48.1175003 ], [ 16.6473999, 48.1086006 ], [ 16.6408997, 48.1041985 ], [ 16.6597004, 48.0932007 ], [ 16.6511993, 48.0895996 ], [ 16.6366005, 48.0896988 ], [ 16.6280994, 48.0914993 ], [ 16.6131992, 48.0993004 ], [ 16.6114006, 48.0932999 ], [ 16.6054993, 48.0892982 ], [ 16.6026001, 48.0826988 ], [ 16.5949001, 48.0741005 ], [ 16.5869999, 48.0686989 ], [ 16.5783005, 48.0667 ], [ 16.5736008, 48.0632019 ], [ 16.5720997, 48.0545998 ], [ 16.5641994, 48.0577011 ], [ 16.5415001, 48.0491982 ], [ 16.5394993, 48.0447998 ], [ 16.5249996, 48.0435982 ], [ 16.5135994, 48.0372009 ], [ 16.5130997, 48.0287018 ], [ 16.5072002, 48.0236015 ], [ 16.5214005, 48.0155983 ], [ 16.5471992, 47.9986992 ], [ 16.5599003, 47.993 ], [ 16.5594006, 47.9866982 ], [ 16.5554008, 47.9771996 ], [ 16.5422993, 47.9688988 ], [ 16.5368996, 47.9580002 ], [ 16.5394993, 47.9518013 ], [ 16.5296993, 47.9482002 ], [ 16.5202999, 47.9421997 ], [ 16.5044994, 47.9393997 ], [ 16.4846992, 47.9410019 ], [ 16.4797993, 47.9367981 ], [ 16.4701004, 47.9351997 ], [ 16.4661007, 47.9387016 ], [ 16.4482994, 47.9337006 ], [ 16.4468002, 47.9287987 ], [ 16.4368992, 47.925499 ], [ 16.4279995, 47.9180985 ], [ 16.4253006, 47.9133987 ], [ 16.4176998, 47.9099007 ], [ 16.4228992, 47.9017982 ], [ 16.4164009, 47.8893013 ], [ 16.4090996, 47.8838005 ], [ 16.4085999, 47.8796997 ], [ 16.3995991, 47.8762016 ], [ 16.3883991, 47.882 ], [ 16.3775005, 47.8730011 ], [ 16.3568993, 47.864399 ], [ 16.3514004, 47.8641014 ], [ 16.3857994, 47.8451004 ], [ 16.3880005, 47.8418999 ], [ 16.3773994, 47.8352013 ], [ 16.3726997, 47.8298988 ], [ 16.3771992, 47.8266983 ], [ 16.3586006, 47.8214989 ], [ 16.3491001, 47.8165016 ], [ 16.3493996, 47.8110008 ], [ 16.3448009, 47.8036995 ], [ 16.3311996, 47.800499 ], [ 16.3241005, 47.7872009 ], [ 16.3134003, 47.7863998 ], [ 16.3069, 47.789299 ], [ 16.3113995, 47.7975006 ], [ 16.3111992, 47.8059998 ], [ 16.2868004, 47.8098984 ], [ 16.2772007, 47.8083992 ], [ 16.2712002, 47.7994995 ], [ 16.2684002, 47.7919006 ], [ 16.2821007, 47.7886009 ], [ 16.3003998, 47.7869987 ], [ 16.3034, 47.7825012 ], [ 16.2936993, 47.7672005 ], [ 16.2977009, 47.7536011 ], [ 16.3010006, 47.7490997 ], [ 16.2912006, 47.7342987 ], [ 16.2901001, 47.7271004 ], [ 16.2947006, 47.7202988 ], [ 16.2950001, 47.713501 ], [ 16.3027, 47.7050018 ], [ 16.3050003, 47.6969986 ], [ 16.3087006, 47.6936989 ], [ 16.3075008, 47.6871986 ], [ 16.3218994, 47.6842003 ], [ 16.3353996, 47.6767998 ], [ 16.3514004, 47.6806984 ], [ 16.3554001, 47.6767998 ], [ 16.3519001, 47.6706009 ], [ 16.3605003, 47.6636009 ], [ 16.3617992, 47.6553993 ], [ 16.3729, 47.6441994 ], [ 16.3673, 47.6348 ], [ 16.3717003, 47.6263008 ], [ 16.3687992, 47.6208992 ], [ 16.3560009, 47.6203003 ], [ 16.3481998, 47.6155014 ], [ 16.3537998, 47.6119003 ], [ 16.3453007, 47.6022987 ], [ 16.3304996, 47.5979996 ], [ 16.3304005, 47.5824013 ], [ 16.3141994, 47.5642014 ], [ 16.3164997, 47.5579987 ], [ 16.3117008, 47.5514984 ], [ 16.3101997, 47.544899 ], [ 16.3278008, 47.5330009 ], [ 16.3271008, 47.528801 ], [ 16.3383999, 47.5251999 ], [ 16.3393993, 47.5149002 ], [ 16.3327007, 47.5042992 ], [ 16.3234997, 47.4954987 ], [ 16.3113003, 47.4892998 ], [ 16.3153992, 47.4840012 ], [ 16.3111992, 47.4803009 ], [ 16.2980003, 47.478199 ], [ 16.3052998, 47.4732018 ], [ 16.3005009, 47.4676018 ], [ 16.2877007, 47.4618988 ], [ 16.2807999, 47.4548988 ], [ 16.2712002, 47.4546013 ], [ 16.2644005, 47.4510994 ], [ 16.2553005, 47.449501 ], [ 16.2420998, 47.4365005 ], [ 16.2234993, 47.4267998 ], [ 16.1926994, 47.4208984 ], [ 16.1695004, 47.4221992 ], [ 16.1604996, 47.4259987 ], [ 16.1453991, 47.4350014 ], [ 16.1401997, 47.4421997 ], [ 16.1399002, 47.4467011 ], [ 16.1317997, 47.4542007 ], [ 16.1352997, 47.4614983 ], [ 16.1308994, 47.4676018 ], [ 16.1222, 47.469799 ], [ 16.1201, 47.4743996 ], [ 16.1193008, 47.4860992 ], [ 16.1149998, 47.487999 ], [ 16.1140003, 47.4989014 ], [ 16.1173992, 47.4996986 ], [ 16.1198006, 47.5079002 ], [ 16.1121006, 47.5080986 ], [ 16.1110001, 47.5205994 ], [ 16.0988998, 47.523201 ], [ 16.0944004, 47.5167007 ], [ 16.0923996, 47.5089989 ], [ 16.0750008, 47.5021019 ], [ 16.0653, 47.5013008 ], [ 16.0624008, 47.4888 ], [ 16.0557995, 47.4868011 ], [ 16.0487995, 47.4884987 ], [ 16.0417004, 47.4972992 ], [ 16.0268002, 47.512001 ], [ 16.0093002, 47.5167007 ], [ 16.0030994, 47.5150986 ], [ 15.9842997, 47.5168991 ], [ 15.9754, 47.5203018 ], [ 15.9561005, 47.5172005 ], [ 15.9525003, 47.5177994 ], [ 15.9382, 47.5264015 ], [ 15.9175997, 47.5318985 ], [ 15.9061003, 47.5405006 ], [ 15.9027996, 47.5488014 ], [ 15.9053001, 47.5620003 ], [ 15.8896999, 47.5719986 ], [ 15.8726997, 47.5732994 ], [ 15.8655996, 47.5700989 ], [ 15.8642998, 47.5654984 ], [ 15.8483, 47.5674019 ], [ 15.8463001, 47.5750999 ], [ 15.8463001, 47.5864983 ], [ 15.8494997, 47.5905991 ], [ 15.8492002, 47.5974998 ], [ 15.8570995, 47.6035995 ], [ 15.8613997, 47.6184998 ], [ 15.8570004, 47.6208992 ], [ 15.8443003, 47.6178017 ], [ 15.8374996, 47.6203995 ], [ 15.8276997, 47.6285019 ], [ 15.8225002, 47.6363983 ], [ 15.8057003, 47.6335983 ], [ 15.7976999, 47.6347008 ], [ 15.7807999, 47.6416016 ], [ 15.7720003, 47.6389999 ], [ 15.7637997, 47.6339989 ], [ 15.7493, 47.6307983 ], [ 15.7431002, 47.6327019 ], [ 15.7438002, 47.6409988 ], [ 15.7257996, 47.6478004 ], [ 15.7286997, 47.6533012 ], [ 15.7285995, 47.6663017 ], [ 15.7265997, 47.6679993 ], [ 15.7193003, 47.6847 ], [ 15.7209997, 47.6876984 ], [ 15.7160997, 47.6949005 ], [ 15.7200003, 47.7084007 ], [ 15.7160997, 47.7112007 ], [ 15.6969004, 47.7112999 ], [ 15.6914997, 47.7034988 ], [ 15.6829004, 47.6994019 ], [ 15.6752996, 47.7001991 ], [ 15.6738997, 47.7071991 ], [ 15.6625996, 47.7108002 ], [ 15.6520996, 47.7165985 ], [ 15.6372995, 47.7140007 ], [ 15.6307001, 47.7226982 ], [ 15.6280003, 47.7294006 ], [ 15.6206999, 47.7358017 ], [ 15.6174002, 47.7444992 ], [ 15.6084003, 47.7492981 ], [ 15.5984001, 47.7498016 ], [ 15.5830002, 47.7462006 ], [ 15.5719996, 47.7472 ], [ 15.5643997, 47.7445984 ], [ 15.5534, 47.7481995 ], [ 15.5278997, 47.7435989 ], [ 15.5132999, 47.7453995 ], [ 15.5089998, 47.7504005 ], [ 15.5158005, 47.7528992 ], [ 15.5191002, 47.7602005 ], [ 15.5073996, 47.7667007 ], [ 15.4778004, 47.7691002 ], [ 15.4609003, 47.7668991 ], [ 15.4509001, 47.7696991 ], [ 15.4455996, 47.7750015 ], [ 15.4385996, 47.7905998 ], [ 15.4225998, 47.782299 ], [ 15.4117002, 47.7832985 ], [ 15.4108, 47.7888985 ], [ 15.4040003, 47.8069992 ], [ 15.4054003, 47.8129005 ], [ 15.3895998, 47.8139 ], [ 15.3741999, 47.8226013 ], [ 15.3625002, 47.8214989 ], [ 15.3457003, 47.8258018 ], [ 15.3346996, 47.8251991 ], [ 15.3270998, 47.8195992 ], [ 15.3167, 47.8218994 ], [ 15.3083, 47.8176003 ], [ 15.3023996, 47.8182983 ], [ 15.2940998, 47.8112984 ], [ 15.2923002, 47.8047981 ], [ 15.2937002, 47.7972984 ], [ 15.2889004, 47.7882996 ], [ 15.2674999, 47.7919998 ], [ 15.2519999, 47.7910995 ], [ 15.2365999, 47.7975006 ], [ 15.2174997, 47.7929001 ], [ 15.2081003, 47.7863007 ], [ 15.2066002, 47.7764015 ], [ 15.2011003, 47.7728004 ], [ 15.2089005, 47.7685013 ], [ 15.2103004, 47.7607994 ], [ 15.1995001, 47.7517014 ], [ 15.1931, 47.7543983 ], [ 15.1765003, 47.7542992 ], [ 15.1695004, 47.7526016 ], [ 15.1594, 47.757 ], [ 15.1441002, 47.7560005 ], [ 15.1372004, 47.7587013 ], [ 15.1325998, 47.7467995 ], [ 15.1278, 47.7449989 ], [ 15.0822001, 47.7400017 ], [ 15.0601997, 47.7386017 ], [ 15.0503998, 47.7429008 ], [ 15.0346003, 47.7519989 ], [ 15.0134001, 47.7442017 ], [ 14.9968004, 47.7401009 ], [ 14.9827995, 47.7397003 ], [ 14.9730997, 47.7431984 ], [ 14.9663, 47.7363014 ], [ 14.9518003, 47.7318993 ], [ 14.9427004, 47.7229004 ], [ 14.9300003, 47.7151985 ], [ 14.9285002, 47.7103996 ], [ 14.9105997, 47.7094002 ], [ 14.8825998, 47.7136002 ], [ 14.8762999, 47.7156982 ], [ 14.8760004, 47.7254982 ], [ 14.8733997, 47.7304001 ], [ 14.8604002, 47.7416992 ], [ 14.8380003, 47.7332993 ], [ 14.8318996, 47.7383995 ], [ 14.8305998, 47.7434998 ], [ 14.8206997, 47.7452011 ], [ 14.8154001, 47.7405014 ], [ 14.8072004, 47.7369995 ], [ 14.7993002, 47.7372017 ], [ 14.7903996, 47.7345009 ], [ 14.7756004, 47.7271004 ], [ 14.7672997, 47.7256012 ], [ 14.7629004, 47.7322006 ], [ 14.7426996, 47.7387009 ], [ 14.7374001, 47.7435989 ], [ 14.7395, 47.7473984 ], [ 14.7440996, 47.7565002 ], [ 14.7363005, 47.7584 ], [ 14.7238998, 47.7678986 ], [ 14.7189999, 47.7817993 ], [ 14.7137003, 47.789299 ], [ 14.7286997, 47.7979012 ], [ 14.7327995, 47.8022995 ], [ 14.7138004, 47.8134995 ], [ 14.7108002, 47.8189011 ], [ 14.7157002, 47.8265991 ], [ 14.7236004, 47.8306999 ], [ 14.7234001, 47.8367996 ], [ 14.7271996, 47.8403015 ], [ 14.7157002, 47.8443985 ], [ 14.7109003, 47.8501015 ], [ 14.7388, 47.8636017 ], [ 14.7574997, 47.8662987 ], [ 14.7698002, 47.8772011 ], [ 14.7730999, 47.8832016 ], [ 14.7636003, 47.8945999 ], [ 14.7608995, 47.9015007 ], [ 14.7493, 47.9076996 ], [ 14.7444, 47.9166985 ], [ 14.7306004, 47.9229012 ], [ 14.7289, 47.9342003 ], [ 14.71, 47.9305992 ], [ 14.7044001, 47.9249001 ], [ 14.6845999, 47.9291 ], [ 14.6665001, 47.9388008 ], [ 14.6520996, 47.9402008 ], [ 14.6480999, 47.9421997 ], [ 14.6302004, 47.9413986 ], [ 14.6241999, 47.9472008 ], [ 14.6108999, 47.9496002 ], [ 14.5951004, 47.9598007 ], [ 14.5895996, 47.9650002 ], [ 14.5735998, 47.9730988 ], [ 14.5642004, 47.9752007 ], [ 14.5573998, 47.9812012 ], [ 14.5537996, 47.9800987 ], [ 14.5256004, 47.989399 ], [ 14.5053997, 47.9914017 ], [ 14.4962997, 47.9986 ], [ 14.4968996, 48.0009995 ], [ 14.4826002, 48.0171013 ], [ 14.4745998, 48.0317001 ], [ 14.4693003, 48.0363998 ], [ 14.4574003, 48.0396996 ], [ 14.4574003, 48.0475006 ], [ 14.4610004, 48.0503998 ], [ 14.4624996, 48.0606003 ], [ 14.4530001, 48.0629005 ], [ 14.4595003, 48.0684013 ], [ 14.4565001, 48.0764008 ], [ 14.4582996, 48.0803986 ], [ 14.4685001, 48.0819016 ], [ 14.4594002, 48.0886002 ], [ 14.4733, 48.1006012 ], [ 14.4918003, 48.1077003 ], [ 14.4953003, 48.1128006 ], [ 14.4809999, 48.1190987 ], [ 14.4731998, 48.1195984 ], [ 14.4703999, 48.1246986 ], [ 14.4792004, 48.1333008 ], [ 14.4786997, 48.1397018 ], [ 14.4694996, 48.1465988 ], [ 14.4710999, 48.1523018 ], [ 14.4820995, 48.1655998 ], [ 14.4847002, 48.1763 ], [ 14.4806995, 48.1810989 ], [ 14.4846001, 48.1880989 ], [ 14.4821997, 48.1988983 ], [ 14.4916, 48.2210999 ], [ 14.5003004, 48.2265015 ], [ 14.5077, 48.2285004 ], [ 14.5244999, 48.2368011 ], [ 14.5344, 48.2366982 ], [ 14.5481997, 48.2336998 ], [ 14.5811996, 48.2240982 ], [ 14.5892, 48.2207985 ], [ 14.5987997, 48.2085991 ], [ 14.6124001, 48.1949997 ], [ 14.6260004, 48.1889992 ], [ 14.6379995, 48.1786003 ], [ 14.6594, 48.1643982 ], [ 14.6672001, 48.1603012 ], [ 14.6772003, 48.1618996 ], [ 14.6891003, 48.1567993 ], [ 14.7004995, 48.1577988 ], [ 14.7084999, 48.1663017 ], [ 14.7161999, 48.1772003 ], [ 14.7278996, 48.1772003 ], [ 14.7427998, 48.1727982 ], [ 14.7796001, 48.1806984 ], [ 14.7908001, 48.1817017 ], [ 14.8081999, 48.1870003 ], [ 14.8317003, 48.1890984 ], [ 14.8449001, 48.1953011 ], [ 14.8492002, 48.2029991 ], [ 14.8557997, 48.2098007 ], [ 14.8563004, 48.2210999 ], [ 14.8598003, 48.2266006 ], [ 14.8705997, 48.2276001 ], [ 14.8841, 48.2324982 ], [ 14.8930998, 48.2271996 ], [ 14.9015999, 48.2303009 ], [ 14.9154997, 48.2322006 ], [ 14.9385996, 48.2308006 ], [ 14.9482002, 48.2218018 ], [ 14.9584999, 48.2052994 ], [ 14.9635, 48.2019005 ], [ 14.9735003, 48.1991997 ], [ 14.9787998, 48.2019997 ], [ 14.96, 48.2154999 ], [ 14.9567003, 48.2248993 ], [ 14.9631996, 48.2313004 ], [ 14.9724998, 48.233799 ], [ 14.9708004, 48.2467003 ], [ 14.9779997, 48.2517014 ], [ 14.9900999, 48.2565002 ], [ 14.9877005, 48.264801 ], [ 14.9877996, 48.2806015 ], [ 14.9847002, 48.2928009 ], [ 14.9857998, 48.3000984 ], [ 14.9834995, 48.3133011 ], [ 14.9847002, 48.3190002 ], [ 14.9797001, 48.3227005 ], [ 14.9605999, 48.3250999 ], [ 14.9419003, 48.3235016 ], [ 14.9434996, 48.3308983 ], [ 14.9487, 48.3410988 ], [ 14.9544001, 48.3613014 ], [ 14.9516001, 48.3627014 ], [ 14.9570999, 48.3746986 ], [ 14.9623003, 48.3792992 ], [ 14.9638004, 48.3894997 ], [ 14.9448996, 48.3950005 ], [ 14.9356003, 48.3947983 ], [ 14.9237003, 48.3885002 ], [ 14.9162998, 48.3885994 ], [ 14.9191999, 48.3965988 ], [ 14.9273996, 48.4006996 ], [ 14.9333, 48.3992996 ], [ 14.9441004, 48.4059982 ], [ 14.9431, 48.4143982 ], [ 14.9369001, 48.4255981 ], [ 14.9275999, 48.4262009 ], [ 14.9181995, 48.4290009 ], [ 14.9027996, 48.4469986 ], [ 14.8884001, 48.455101 ], [ 14.8781996, 48.4566994 ], [ 14.8746004, 48.4608002 ], [ 14.8785, 48.4658012 ], [ 14.8771, 48.4715004 ], [ 14.8691998, 48.4808006 ], [ 14.8785, 48.4827995 ], [ 14.8887997, 48.4897995 ], [ 14.8927002, 48.4995995 ], [ 14.9021997, 48.5015984 ], [ 14.9202995, 48.4989014 ], [ 14.9200001, 48.5059013 ], [ 14.9104996, 48.5097008 ], [ 14.9122, 48.516201 ], [ 14.9004002, 48.5231018 ], [ 14.8864002, 48.524601 ], [ 14.8806, 48.5266991 ], [ 14.8643999, 48.5275993 ], [ 14.8436003, 48.5304985 ], [ 14.8497, 48.5372009 ], [ 14.8348999, 48.5447006 ], [ 14.8233004, 48.5485001 ], [ 14.8129997, 48.5488014 ], [ 14.8088999, 48.5564995 ], [ 14.7988005, 48.5560989 ], [ 14.7923002, 48.5597 ], [ 14.7820997, 48.5605011 ], [ 14.7742004, 48.5541992 ], [ 14.7683001, 48.5558014 ], [ 14.7600002, 48.5649986 ], [ 14.7474003, 48.5589981 ], [ 14.7322998, 48.5587997 ], [ 14.7165003, 48.5712013 ], [ 14.7088003, 48.5800018 ], [ 14.6915998, 48.5806999 ], [ 14.6918001, 48.5872115 ], [ 14.70036, 48.58637 ], [ 14.71755, 48.60902 ], [ 14.71375, 48.61964 ], [ 14.7175, 48.632 ], [ 14.71659, 48.64126 ], [ 14.7183599, 48.6457203 ], [ 14.71153, 48.65265 ], [ 14.71849, 48.67397 ], [ 14.72534, 48.68198 ], [ 14.72426, 48.68803 ], [ 14.73551, 48.70169 ], [ 14.74318, 48.7062 ], [ 14.75728, 48.71184 ], [ 14.76991, 48.71276 ], [ 14.78158, 48.71835 ], [ 14.78743, 48.72643 ], [ 14.79644, 48.73267 ], [ 14.80705, 48.73603 ], [ 14.80086, 48.74889 ], [ 14.80241, 48.75406 ], [ 14.81096, 48.76378 ], [ 14.80588, 48.77288 ], [ 14.80831, 48.77914 ], [ 14.82286, 48.7852 ], [ 14.8335, 48.78236 ], [ 14.8418, 48.78428 ], [ 14.8513, 48.77876 ], [ 14.86982, 48.78154 ], [ 14.88376, 48.77983 ], [ 14.88521, 48.77398 ], [ 14.89493, 48.77396 ], [ 14.91764, 48.77068 ], [ 14.93036, 48.7679 ], [ 14.94018, 48.76234 ], [ 14.97039, 48.76034 ], [ 14.98922, 48.76698 ], [ 14.99087, 48.77261 ], [ 14.9889, 48.77942 ], [ 14.98034, 48.78419 ], [ 14.96849, 48.78599 ], [ 14.95451, 48.79163 ], [ 14.9546, 48.80035 ], [ 14.95838, 48.80628 ], [ 14.95602, 48.81289 ], [ 14.9694, 48.83442 ], [ 14.9719, 48.8409 ], [ 14.98198, 48.84705 ], [ 14.97322, 48.85483 ], [ 14.97248, 48.87097 ], [ 14.98176, 48.87442 ], [ 14.98297, 48.88767 ], [ 14.9886, 48.89207 ], [ 14.99194, 48.90148 ], [ 14.98925, 48.91432 ], [ 14.97453, 48.93426 ], [ 14.98143, 48.93997 ], [ 14.9761, 48.95369 ], [ 14.97875, 48.96315 ], [ 14.97756, 48.97864 ], [ 14.98542, 48.98794 ], [ 14.99634, 48.99265 ], [ 15.00233, 49.0011701 ], [ 14.99875, 49.00879 ], [ 15.01143, 49.01153 ], [ 15.02669, 49.01706 ], [ 15.0374, 49.01236 ], [ 15.04559, 49.01129 ], [ 15.0622899, 49.01303 ], [ 15.06764, 49.00964 ], [ 15.06673, 49.00235 ], [ 15.0692, 48.99642 ], [ 15.07739, 48.99742 ], [ 15.09381, 48.9955 ], [ 15.10478, 49.00042 ], [ 15.11755, 48.99762 ], [ 15.13953, 48.99758 ], [ 15.15489, 48.99366 ], [ 15.15595, 48.98369 ], [ 15.14762, 48.97995 ], [ 15.16065, 48.97667 ], [ 15.16283, 48.96914 ], [ 15.16755, 48.96419 ], [ 15.16733, 48.95294 ], [ 15.1809, 48.94477 ], [ 15.18869, 48.9435 ], [ 15.19949, 48.95142 ], [ 15.20973, 48.95615 ], [ 15.22378, 48.95876 ], [ 15.25749, 48.95412 ], [ 15.26723, 48.95797 ], [ 15.26597, 48.96267 ], [ 15.27227, 48.96678 ], [ 15.28063, 48.97856 ], [ 15.27509, 48.98865 ], [ 15.27828, 48.99484 ], [ 15.28944, 48.98893 ], [ 15.29594, 48.97831 ], [ 15.31106, 48.97898 ], [ 15.32171, 48.97609 ], [ 15.32804, 48.98228 ], [ 15.34928, 48.98201 ], [ 15.36783, 48.98035 ], [ 15.38944, 48.96464 ], [ 15.40067, 48.96307 ], [ 15.41217, 48.95528 ], [ 15.42459, 48.95063 ], [ 15.44547, 48.95037 ], [ 15.45617, 48.94586 ], [ 15.46617, 48.95105 ], [ 15.4698398, 48.9443203 ], [ 15.49493, 48.93844 ], [ 15.49918, 48.93304 ], [ 15.50345, 48.92005 ], [ 15.50911, 48.91477 ], [ 15.55727, 48.9036 ], [ 15.57496, 48.89552 ], [ 15.59687, 48.89722 ], [ 15.61485, 48.89648 ], [ 15.62628, 48.88659 ], [ 15.64542, 48.8846 ], [ 15.65489, 48.87924 ], [ 15.67159, 48.86593 ], [ 15.67803, 48.8631 ], [ 15.68359, 48.85736 ], [ 15.70467, 48.86027 ], [ 15.7163, 48.85725 ], [ 15.75202, 48.85274 ], [ 15.76632, 48.86217 ], [ 15.77662, 48.87445 ], [ 15.80969, 48.87244 ], [ 15.81715, 48.87321 ], [ 15.82651, 48.87106 ], [ 15.83903, 48.8728 ], [ 15.84731, 48.86866 ], [ 15.84872, 48.8651 ], [ 15.84011, 48.86005 ], [ 15.84646, 48.85492 ], [ 15.86177, 48.85113 ], [ 15.86903, 48.85132 ], [ 15.87879, 48.84351 ], [ 15.89452, 48.84015 ], [ 15.89777, 48.83343 ], [ 15.91556, 48.83725 ], [ 15.92481, 48.8328 ], [ 15.92215, 48.82243 ], [ 15.93508, 48.81722 ], [ 15.93972, 48.82696 ], [ 15.95089, 48.8235 ], [ 15.95671, 48.81933 ], [ 15.94865, 48.81172 ], [ 15.9486, 48.80597 ], [ 15.98188, 48.78892 ], [ 15.99466, 48.77933 ], [ 16.00811, 48.77529 ], [ 16.03872, 48.75794 ], [ 16.08628, 48.74385 ], [ 16.11, 48.73977 ], [ 16.13482, 48.7395 ], [ 16.17901, 48.74169 ], [ 16.18783, 48.74074 ], [ 16.20307, 48.73589 ], [ 16.22152, 48.73554 ], [ 16.25277, 48.73308 ], [ 16.28159, 48.7371 ], [ 16.30183, 48.73343 ], [ 16.32948, 48.72642 ], [ 16.33353, 48.72677 ], [ 16.34849, 48.73825 ], [ 16.35505, 48.73733 ], [ 16.36625, 48.72814 ], [ 16.37403, 48.72484 ], [ 16.38148, 48.72698 ], [ 16.40222, 48.73771 ], [ 16.41241, 48.74876 ], [ 16.42365, 48.75643 ], [ 16.43809, 48.77256 ], [ 16.45119, 48.7918 ], [ 16.46746, 48.79493 ], [ 16.49486, 48.79108 ], [ 16.51931, 48.79467 ], [ 16.53641, 48.80704 ], [ 16.54557, 48.80435 ], [ 16.56948, 48.78952 ], [ 16.5863, 48.78599 ], [ 16.60111, 48.77733 ], [ 16.61363, 48.77467 ], [ 16.62485, 48.77488 ], [ 16.6388, 48.78226 ], [ 16.65654, 48.7778 ], [ 16.66875, 48.7709 ], [ 16.67969, 48.75496 ], [ 16.67665, 48.73958 ], [ 16.67335, 48.73335 ], [ 16.68209, 48.72491 ], [ 16.68767, 48.72315 ], [ 16.70037, 48.73116 ], [ 16.71061, 48.7345 ], [ 16.7297, 48.73263 ], [ 16.73441, 48.72757 ], [ 16.75213, 48.7231 ], [ 16.76101, 48.71197 ], [ 16.76898, 48.70974 ], [ 16.78481, 48.71128 ], [ 16.79672, 48.70339 ], [ 16.81134, 48.70771 ], [ 16.83473, 48.71187 ], [ 16.85374, 48.71078 ], [ 16.87036, 48.71348 ], [ 16.90315, 48.71388 ], [ 16.92182, 48.69472 ], [ 16.92046, 48.68359 ], [ 16.91579, 48.67591 ], [ 16.92388, 48.66866 ], [ 16.92728, 48.65165 ], [ 16.92275, 48.63432 ], [ 16.92252, 48.62488 ], [ 16.92954, 48.61778 ], [ 16.94749, 48.61522 ], [ 16.94625, 48.6063 ], [ 16.9365, 48.60011 ], [ 16.93832, 48.58207 ], [ 16.93671, 48.57254 ], [ 16.93822, 48.56735 ], [ 16.95036, 48.55188 ], [ 16.95262, 48.54192 ], [ 16.94384, 48.52072 ], [ 16.92478, 48.5147 ], [ 16.92126, 48.51077 ], [ 16.91763, 48.4988 ], [ 16.90261, 48.49545 ], [ 16.89819, 48.49284 ], [ 16.89612, 48.47982 ], [ 16.88498, 48.47605 ], [ 16.87519, 48.46594 ], [ 16.86747, 48.46241 ], [ 16.86498, 48.45418 ], [ 16.85632, 48.44575 ], [ 16.85604, 48.43884 ], [ 16.8673398, 48.4134304 ], [ 16.8658, 48.3993 ], [ 16.86181, 48.3919 ], [ 16.84943, 48.38091 ], [ 16.84774, 48.37205 ], [ 16.85537, 48.35443 ], [ 16.86399, 48.35228 ], [ 16.87847, 48.35215 ], [ 16.88693, 48.34011 ], [ 16.89382, 48.33577 ], [ 16.90956, 48.33205 ], [ 16.91623, 48.3247 ], [ 16.91499, 48.31726 ], [ 16.90491, 48.3092 ], [ 16.91164, 48.29496 ], [ 16.91995, 48.29026 ], [ 16.93232, 48.27504 ], [ 16.95459, 48.27338 ], [ 16.96014, 48.26871 ], [ 16.96091, 48.26164 ], [ 16.95968, 48.24317 ], [ 16.96364, 48.23104 ], [ 16.97542, 48.21509 ], [ 16.98914, 48.18663 ], [ 16.9926442, 48.1727493 ] ], [ [ 16.3773003, 48.2893982 ], [ 16.3689003, 48.2859993 ], [ 16.3700008, 48.2799988 ], [ 16.3642006, 48.2785988 ], [ 16.3540993, 48.2826004 ], [ 16.3479004, 48.2887993 ], [ 16.3325996, 48.2826996 ], [ 16.3183002, 48.2787018 ], [ 16.3139, 48.274601 ], [ 16.2879009, 48.269001 ], [ 16.2917004, 48.2626991 ], [ 16.2833996, 48.2583008 ], [ 16.2705994, 48.2551003 ], [ 16.2646008, 48.2458 ], [ 16.2560005, 48.2406006 ], [ 16.2423, 48.2378998 ], [ 16.2373009, 48.2416 ], [ 16.2378998, 48.2467003 ], [ 16.2205009, 48.2566986 ], [ 16.2052994, 48.2613983 ], [ 16.2050991, 48.2545013 ], [ 16.1984005, 48.2496986 ], [ 16.1947994, 48.2341003 ], [ 16.1961994, 48.2288017 ], [ 16.1833992, 48.2224998 ], [ 16.1973991, 48.2219009 ], [ 16.1951008, 48.2164001 ], [ 16.1979008, 48.2108002 ], [ 16.1968994, 48.2050018 ], [ 16.2019005, 48.2006989 ], [ 16.2007999, 48.1870003 ], [ 16.198, 48.1825981 ], [ 16.1839008, 48.1692009 ], [ 16.1928005, 48.1666985 ], [ 16.1986008, 48.1543999 ], [ 16.2054005, 48.1553001 ], [ 16.2168999, 48.1537018 ], [ 16.2103004, 48.1487007 ], [ 16.2210999, 48.1343994 ], [ 16.2371006, 48.1352005 ], [ 16.2381992, 48.1323013 ], [ 16.2226009, 48.1290016 ], [ 16.2257004, 48.1228981 ], [ 16.2352009, 48.1267014 ], [ 16.2485008, 48.1286011 ], [ 16.2577991, 48.1283989 ], [ 16.2654991, 48.1320992 ], [ 16.2728996, 48.1323013 ], [ 16.2987003, 48.1273003 ], [ 16.3003006, 48.1235008 ], [ 16.3125, 48.1188011 ], [ 16.3190994, 48.1217995 ], [ 16.3276005, 48.1362 ], [ 16.3495998, 48.1318016 ], [ 16.3600998, 48.1281013 ], [ 16.3876991, 48.1245995 ], [ 16.4057007, 48.1198006 ], [ 16.4228001, 48.1217003 ], [ 16.4361, 48.1188011 ], [ 16.4333992, 48.1251984 ], [ 16.4330006, 48.1361008 ], [ 16.4542999, 48.1376991 ], [ 16.4794998, 48.1539001 ], [ 16.4855003, 48.156601 ], [ 16.5025005, 48.1557007 ], [ 16.5139008, 48.1580009 ], [ 16.5314999, 48.1506996 ], [ 16.5433998, 48.1418991 ], [ 16.5750008, 48.1349983 ], [ 16.5781002, 48.1418991 ], [ 16.5778999, 48.1488991 ], [ 16.5746002, 48.1594009 ], [ 16.5680008, 48.1623993 ], [ 16.5617008, 48.1608009 ], [ 16.5505009, 48.1629982 ], [ 16.5464993, 48.1702995 ], [ 16.5494995, 48.1773987 ], [ 16.5363007, 48.1806984 ], [ 16.5396996, 48.1931992 ], [ 16.5368996, 48.2015991 ], [ 16.5445004, 48.2117004 ], [ 16.5471992, 48.2184982 ], [ 16.5454998, 48.2266006 ], [ 16.5526009, 48.237999 ], [ 16.5478992, 48.2420006 ], [ 16.5421009, 48.2420006 ], [ 16.5419998, 48.2490997 ], [ 16.5468006, 48.2607002 ], [ 16.5398006, 48.2621994 ], [ 16.5293007, 48.2608986 ], [ 16.5219994, 48.2625008 ], [ 16.5188999, 48.2668991 ], [ 16.5079994, 48.2725983 ], [ 16.5137997, 48.2826004 ], [ 16.5112, 48.286499 ], [ 16.4962006, 48.2913017 ], [ 16.4822006, 48.2924004 ], [ 16.4792004, 48.2883987 ], [ 16.4813995, 48.2798996 ], [ 16.4757004, 48.2747993 ], [ 16.4433002, 48.2911987 ], [ 16.4416008, 48.3033981 ], [ 16.4356995, 48.3154984 ], [ 16.4190006, 48.3212013 ], [ 16.4018993, 48.3177986 ], [ 16.3859005, 48.3224983 ], [ 16.3766994, 48.3179016 ], [ 16.3735008, 48.3134003 ], [ 16.3812008, 48.3063011 ], [ 16.3729, 48.2957001 ], [ 16.3773003, 48.2893982 ] ] ] ] } },
{ "type": "Feature", "properties": { "POLYGON_ID": "AUT_GAUL2011_ADM1_481", "ADM0_ISO3": "AUT", "ADM0_NAME": "Austria", "ADM0_CODE": 18, "ADM1_NAME": "Oberosterreich", "ADM1_CODE": 481, "GEOSET": "GAUL", "GEOSET_YEAR": 2011.0, "GEOSET_VERSION": "GAUL_v1", "GEOSET_UNIT": "ADM1", "CENTROID_LONG": 13.965167798073709, "CENTROID_LAT": 48.137510935876179 }, "geometry": { "type": "MultiPolygon", "coordinates": [ [ [ [ 14.6918001, 48.5872115 ], [ 14.6915998, 48.5806999 ], [ 14.7088003, 48.5800018 ], [ 14.7165003, 48.5712013 ], [ 14.7322998, 48.5587997 ], [ 14.7474003, 48.5589981 ], [ 14.7600002, 48.5649986 ], [ 14.7683001, 48.5558014 ], [ 14.7742004, 48.5541992 ], [ 14.7820997, 48.5605011 ], [ 14.7923002, 48.5597 ], [ 14.7988005, 48.5560989 ], [ 14.8088999, 48.5564995 ], [ 14.8129997, 48.5488014 ], [ 14.8233004, 48.5485001 ], [ 14.8348999, 48.5447006 ], [ 14.8497, 48.5372009 ], [ 14.8436003, 48.5304985 ], [ 14.8643999, 48.5275993 ], [ 14.8806, 48.5266991 ], [ 14.8864002, 48.524601 ], [ 14.9004002, 48.5231018 ], [ 14.9122, 48.516201 ], [ 14.9104996, 48.5097008 ], [ 14.9200001, 48.5059013 ], [ 14.9202995, 48.4989014 ], [ 14.9021997, 48.5015984 ], [ 14.8927002, 48.4995995 ], [ 14.8887997, 48.4897995 ], [ 14.8785, 48.4827995 ], [ 14.8691998, 48.4808006 ], [ 14.8771, 48.4715004 ], [ 14.8785, 48.4658012 ], [ 14.8746004, 48.4608002 ], [ 14.8781996, 48.4566994 ], [ 14.8884001, 48.455101 ], [ 14.9027996, 48.4469986 ], [ 14.9181995, 48.4290009 ], [ 14.9275999, 48.4262009 ], [ 14.9369001, 48.4255981 ], [ 14.9431, 48.4143982 ], [ 14.9441004, 48.4059982 ], [ 14.9333, 48.3992996 ], [ 14.9273996, 48.4006996 ], [ 14.9191999, 48.3965988 ], [ 14.9162998, 48.3885994 ], [ 14.9237003, 48.3885002 ], [ 14.9356003, 48.3947983 ], [ 14.9448996, 48.3950005 ], [ 14.9638004, 48.3894997 ], [ 14.9623003, 48.3792992 ], [ 14.9570999, 48.3746986 ], [ 14.9516001, 48.3627014 ], [ 14.9544001, 48.3613014 ], [ 14.9487, 48.3410988 ], [ 14.9434996, 48.3308983 ], [ 14.9419003, 48.3235016 ], [ 14.9605999, 48.3250999 ], [ 14.9797001, 48.3227005 ], [ 14.9847002, 48.3190002 ], [ 14.9834995, 48.3133011 ], [ 14.9857998, 48.3000984 ], [ 14.9847002, 48.2928009 ], [ 14.9877996, 48.2806015 ], [ 14.9877005, 48.264801 ], [ 14.9900999, 48.2565002 ], [ 14.9779997, 48.2517014 ], [ 14.9708004, 48.2467003 ], [ 14.9724998, 48.233799 ], [ 14.9631996, 48.2313004 ], [ 14.9567003, 48.2248993 ], [ 14.96, 48.2154999 ], [ 14.9787998, 48.2019997 ], [ 14.9735003, 48.1991997 ], [ 14.9635, 48.2019005 ], [ 14.9584999, 48.2052994 ], [ 14.9482002, 48.2218018 ], [ 14.9385996, 48.2308006 ], [ 14.9154997, 48.2322006 ], [ 14.9015999, 48.2303009 ], [ 14.8930998, 48.2271996 ], [ 14.8841, 48.2324982 ], [ 14.8705997, 48.2276001 ], [ 14.8598003, 48.2266006 ], [ 14.8563004, 48.2210999 ], [ 14.8557997, 48.2098007 ], [ 14.8492002, 48.2029991 ], [ 14.8449001, 48.1953011 ], [ 14.8317003, 48.1890984 ], [ 14.8081999, 48.1870003 ], [ 14.7908001, 48.1817017 ], [ 14.7796001, 48.1806984 ], [ 14.7427998, 48.1727982 ], [ 14.7278996, 48.1772003 ], [ 14.7161999, 48.1772003 ], [ 14.7084999, 48.1663017 ], [ 14.7004995, 48.1577988 ], [ 14.6891003, 48.1567993 ], [ 14.6772003, 48.1618996 ], [ 14.6672001, 48.1603012 ], [ 14.6594, 48.1643982 ], [ 14.6379995, 48.1786003 ], [ 14.6260004, 48.1889992 ], [ 14.6124001, 48.1949997 ], [ 14.5987997, 48.2085991 ], [ 14.5892, 48.2207985 ], [ 14.5811996, 48.2240982 ], [ 14.5481997, 48.2336998 ], [ 14.5344, 48.2366982 ], [ 14.5244999, 48.2368011 ], [ 14.5077, 48.2285004 ], [ 14.5003004, 48.2265015 ], [ 14.4916, 48.2210999 ], [ 14.4821997, 48.1988983 ], [ 14.4846001, 48.1880989 ], [ 14.4806995, 48.1810989 ], [ 14.4847002, 48.1763 ], [ 14.4820995, 48.1655998 ], [ 14.4710999, 48.1523018 ], [ 14.4694996, 48.1465988 ], [ 14.4786997, 48.1397018 ], [ 14.4792004, 48.1333008 ], [ 14.4703999, 48.1246986 ], [ 14.4731998, 48.1195984 ], [ 14.4809999, 48.1190987 ], [ 14.4953003, 48.1128006 ], [ 14.4918003, 48.1077003 ], [ 14.4733, 48.1006012 ], [ 14.4594002, 48.0886002 ], [ 14.4685001, 48.0819016 ], [ 14.4582996, 48.0803986 ], [ 14.4565001, 48.0764008 ], [ 14.4595003, 48.0684013 ], [ 14.4530001, 48.0629005 ], [ 14.4624996, 48.0606003 ], [ 14.4610004, 48.0503998 ], [ 14.4574003, 48.0475006 ], [ 14.4574003, 48.0396996 ], [ 14.4693003, 48.0363998 ], [ 14.4745998, 48.0317001 ], [ 14.4826002, 48.0171013 ], [ 14.4968996, 48.0009995 ], [ 14.4962997, 47.9986 ], [ 14.5053997, 47.9914017 ], [ 14.5256004, 47.989399 ], [ 14.5537996, 47.9800987 ], [ 14.5573998, 47.9812012 ], [ 14.5642004, 47.9752007 ], [ 14.5735998, 47.9730988 ], [ 14.5895996, 47.9650002 ], [ 14.5951004, 47.9598007 ], [ 14.6108999, 47.9496002 ], [ 14.6241999, 47.9472008 ], [ 14.6302004, 47.9413986 ], [ 14.6480999, 47.9421997 ], [ 14.6520996, 47.9402008 ], [ 14.6665001, 47.9388008 ], [ 14.6845999, 47.9291 ], [ 14.7044001, 47.9249001 ], [ 14.71, 47.9305992 ], [ 14.7289, 47.9342003 ], [ 14.7306004, 47.9229012 ], [ 14.7444, 47.9166985 ], [ 14.7493, 47.9076996 ], [ 14.7608995, 47.9015007 ], [ 14.7636003, 47.8945999 ], [ 14.7730999, 47.8832016 ], [ 14.7698002, 47.8772011 ], [ 14.7574997, 47.8662987 ], [ 14.7388, 47.8636017 ], [ 14.7109003, 47.8501015 ], [ 14.7157002, 47.8443985 ], [ 14.7271996, 47.8403015 ], [ 14.7234001, 47.8367996 ], [ 14.7236004, 47.8306999 ], [ 14.7157002, 47.8265991 ], [ 14.7108002, 47.8189011 ], [ 14.7138004, 47.8134995 ], [ 14.7327995, 47.8022995 ], [ 14.7286997, 47.7979012 ], [ 14.7137003, 47.789299 ], [ 14.7189999, 47.7817993 ], [ 14.7238998, 47.7678986 ], [ 14.7363005, 47.7584 ], [ 14.7440996, 47.7565002 ], [ 14.7395, 47.7473984 ], [ 14.7300997, 47.7512016 ], [ 14.7285004, 47.7543983 ], [ 14.7025995, 47.7625999 ], [ 14.6942997, 47.7636986 ], [ 14.6878004, 47.7584 ], [ 14.6822996, 47.7472 ], [ 14.6756001, 47.7447014 ], [ 14.6751003, 47.7402992 ], [ 14.6515999, 47.7335014 ], [ 14.6470003, 47.729599 ], [ 14.6318998, 47.7288017 ], [ 14.6138, 47.7308006 ], [ 14.6132002, 47.7258987 ], [ 14.6016998, 47.7251015 ], [ 14.5881996, 47.716301 ], [ 14.5716, 47.7140007 ], [ 14.5548, 47.7169991 ], [ 14.5310001, 47.7076988 ], [ 14.5222998, 47.7032013 ], [ 14.5222998, 47.6988983 ], [ 14.5298996, 47.6935005 ], [ 14.5256004, 47.6845016 ], [ 14.5136995, 47.6772995 ], [ 14.5025997, 47.6763992 ], [ 14.4904003, 47.6797981 ], [ 14.4750004, 47.6741982 ], [ 14.4674997, 47.6683998 ], [ 14.4506998, 47.6629982 ], [ 14.4484997, 47.6561012 ], [ 14.4363003, 47.6516991 ], [ 14.4292002, 47.6515999 ], [ 14.4195995, 47.655201 ], [ 14.4011002, 47.6528015 ], [ 14.3943996, 47.6483994 ], [ 14.3959999, 47.6360016 ], [ 14.3839998, 47.6334 ], [ 14.3739996, 47.6282005 ], [ 14.3676996, 47.6287003 ], [ 14.3542995, 47.6248016 ], [ 14.3369999, 47.6183014 ], [ 14.3271999, 47.6067009 ], [ 14.3009996, 47.6085014 ], [ 14.2976999, 47.6072006 ], [ 14.2835999, 47.612999 ], [ 14.2651997, 47.6094017 ], [ 14.2563, 47.6118011 ], [ 14.2517996, 47.6176987 ], [ 14.2347002, 47.6274986 ], [ 14.2243004, 47.6416016 ], [ 14.2339001, 47.6497993 ], [ 14.2172003, 47.6497002 ], [ 14.2059002, 47.6507988 ], [ 14.1942997, 47.6442986 ], [ 14.1887999, 47.6437988 ], [ 14.1778002, 47.6366005 ], [ 14.1672001, 47.6385002 ], [ 14.1590996, 47.6351013 ], [ 14.1478004, 47.6362 ], [ 14.1358004, 47.6320992 ], [ 14.1330004, 47.6287994 ], [ 14.1219997, 47.6264992 ], [ 14.1098003, 47.6259995 ], [ 14.0915003, 47.6185989 ], [ 14.0792999, 47.6179008 ], [ 14.0656996, 47.6152992 ], [ 14.0509005, 47.6167984 ], [ 14.0541, 47.6245003 ], [ 14.0462999, 47.6263008 ], [ 14.0495996, 47.6441002 ], [ 14.0551004, 47.6675987 ], [ 14.0485001, 47.6738014 ], [ 14.0367002, 47.6783981 ], [ 14.0190001, 47.6906013 ], [ 14.0092001, 47.7008018 ], [ 13.9983997, 47.7028008 ], [ 13.9953003, 47.6988983 ], [ 13.9812002, 47.6971016 ], [ 13.9668999, 47.703701 ], [ 13.9516001, 47.7092018 ], [ 13.9324999, 47.7080994 ], [ 13.9187002, 47.7050018 ], [ 13.9073, 47.7098007 ], [ 13.9041004, 47.7169991 ], [ 13.8987999, 47.7172012 ], [ 13.8774996, 47.7254982 ], [ 13.8676996, 47.7235985 ], [ 13.8624001, 47.7265015 ], [ 13.8507004, 47.7140999 ], [ 13.8389997, 47.7184982 ], [ 13.7995005, 47.714901 ], [ 13.7911997, 47.7126007 ], [ 13.7784004, 47.7164993 ], [ 13.7713003, 47.7117004 ], [ 13.7610998, 47.7014999 ], [ 13.7552004, 47.6999016 ], [ 13.7483997, 47.6874008 ], [ 13.7350998, 47.6842995 ], [ 13.7363005, 47.6736984 ], [ 13.7172003, 47.6699982 ], [ 13.7142, 47.6679993 ], [ 13.7047005, 47.6500015 ], [ 13.6949997, 47.6281013 ], [ 13.6948004, 47.6169014 ], [ 13.6983995, 47.6040993 ], [ 13.6932001, 47.5923996 ], [ 13.6933002, 47.5830994 ], [ 13.7097998, 47.5797997 ], [ 13.7110004, 47.5744019 ], [ 13.7237997, 47.5769997 ], [ 13.7353001, 47.5763016 ], [ 13.7397003, 47.5698013 ], [ 13.7552996, 47.5522003 ], [ 13.7558002, 47.5453987 ], [ 13.7455997, 47.5379982 ], [ 13.7518997, 47.5245018 ], [ 13.7600002, 47.5192986 ], [ 13.7494001, 47.5028 ], [ 13.7494001, 47.4998016 ], [ 13.7414999, 47.4925003 ], [ 13.7285995, 47.4855003 ], [ 13.7172003, 47.4720993 ], [ 13.7230997, 47.4614983 ], [ 13.7147999, 47.4603996 ], [ 13.6857004, 47.4620018 ], [ 13.6538, 47.4617004 ], [ 13.6408005, 47.4662018 ], [ 13.6268997, 47.4662018 ], [ 13.6182003, 47.4710999 ], [ 13.6084995, 47.4735985 ], [ 13.5983, 47.473999 ], [ 13.5855999, 47.4724998 ], [ 13.5641003, 47.4812012 ], [ 13.5466995, 47.4894981 ], [ 13.5387001, 47.4902992 ], [ 13.5337, 47.4934998 ], [ 13.5237999, 47.4935989 ], [ 13.5180998, 47.4958 ], [ 13.5080004, 47.5038986 ], [ 13.5044003, 47.5089989 ], [ 13.4878998, 47.513401 ], [ 13.4863005, 47.5186005 ], [ 13.4807997, 47.5203018 ], [ 13.4769001, 47.5353012 ], [ 13.4841003, 47.5508003 ], [ 13.4778004, 47.5676003 ], [ 13.4970999, 47.5797005 ], [ 13.5053997, 47.581501 ], [ 13.5063, 47.6010017 ], [ 13.5225, 47.6172981 ], [ 13.5159998, 47.6296005 ], [ 13.4940004, 47.6292992 ], [ 13.4849005, 47.6343002 ], [ 13.4837999, 47.6408005 ], [ 13.4903002, 47.6465988 ], [ 13.5001001, 47.6587982 ], [ 13.4996004, 47.668499 ], [ 13.5108995, 47.6759987 ], [ 13.5165997, 47.6749001 ], [ 13.5332003, 47.6882019 ], [ 13.5367002, 47.6973991 ], [ 13.5469999, 47.7064018 ], [ 13.5445995, 47.713501 ], [ 13.5326996, 47.7165985 ], [ 13.5064001, 47.7174988 ], [ 13.4940996, 47.7215996 ], [ 13.4764996, 47.7224007 ], [ 13.4687004, 47.7260017 ], [ 13.4379997, 47.7368011 ], [ 13.4393997, 47.7495995 ], [ 13.4460001, 47.7585983 ], [ 13.4427004, 47.7639008 ], [ 13.4464998, 47.771801 ], [ 13.4580002, 47.7767982 ], [ 13.4643002, 47.7858009 ], [ 13.4722004, 47.7853012 ], [ 13.4813995, 47.7804985 ], [ 13.4969997, 47.7778015 ], [ 13.4996004, 47.7751007 ], [ 13.5171003, 47.7719994 ], [ 13.5344, 47.7759018 ], [ 13.5383997, 47.7818985 ], [ 13.5275002, 47.7979012 ], [ 13.5098, 47.7971001 ], [ 13.5059004, 47.7915001 ], [ 13.4896002, 47.7896996 ], [ 13.4764004, 47.7997017 ], [ 13.4664001, 47.8028984 ], [ 13.4584999, 47.8019981 ], [ 13.4420004, 47.8026009 ], [ 13.4189997, 47.7993011 ], [ 13.4041004, 47.7997017 ], [ 13.3906002, 47.7941017 ], [ 13.3710003, 47.8009987 ], [ 13.3634996, 47.8055992 ], [ 13.3516998, 47.8092003 ], [ 13.3473997, 47.8128014 ], [ 13.3302002, 47.8125 ], [ 13.3107996, 47.8157997 ], [ 13.3091002, 47.8208008 ], [ 13.29, 47.8238983 ], [ 13.2861996, 47.8296013 ], [ 13.2881002, 47.8464012 ], [ 13.2914, 47.8498001 ], [ 13.2867002, 47.8544998 ], [ 13.2952995, 47.8555985 ], [ 13.2867002, 47.8692017 ], [ 13.2820997, 47.8728981 ], [ 13.2700996, 47.8899002 ], [ 13.2805996, 47.8960991 ], [ 13.2797003, 47.9065018 ], [ 13.2818003, 47.9141006 ], [ 13.2768002, 47.919899 ], [ 13.2847996, 47.9269981 ], [ 13.2812996, 47.9347 ], [ 13.2841997, 47.9366989 ], [ 13.2782002, 47.9444008 ], [ 13.2813997, 47.9524994 ], [ 13.2912998, 47.9608994 ], [ 13.3084002, 47.9625015 ], [ 13.3135004, 47.9572983 ], [ 13.3270998, 47.9555016 ], [ 13.3403997, 47.9510994 ], [ 13.3383999, 47.9449997 ], [ 13.3492002, 47.9412003 ], [ 13.3566999, 47.9412994 ], [ 13.3646002, 47.9594994 ], [ 13.3730001, 47.9650993 ], [ 13.3684998, 47.9756012 ], [ 13.3529997, 47.9768982 ], [ 13.3467999, 47.982399 ], [ 13.3302002, 47.9864006 ], [ 13.3298998, 47.9880981 ], [ 13.3007002, 48.0028992 ], [ 13.3041, 48.0078011 ], [ 13.2948999, 48.0098991 ], [ 13.2814999, 47.9994011 ], [ 13.2571001, 47.9910011 ], [ 13.2405996, 47.9901009 ], [ 13.1969004, 47.9735985 ], [ 13.1746998, 47.9735985 ], [ 13.1627998, 47.9748993 ], [ 13.1471004, 47.9692001 ], [ 13.1407003, 47.9799004 ], [ 13.1477003, 47.9938011 ], [ 13.1313, 47.9875984 ], [ 13.1213999, 47.9880981 ], [ 13.1229, 47.9929008 ], [ 13.1046, 47.9962997 ], [ 13.0939999, 47.9957008 ], [ 13.0760002, 48.0043983 ], [ 13.0728998, 48.0135994 ], [ 13.0573998, 48.0186996 ], [ 13.0607004, 48.0234985 ], [ 13.0516005, 48.0340004 ], [ 13.0414, 48.0405006 ], [ 13.0285997, 48.0318985 ], [ 13.0214005, 48.0317001 ], [ 13.0176001, 48.036499 ], [ 13.0110998, 48.0353012 ], [ 13.0066004, 48.0303001 ], [ 12.9865999, 48.0279007 ], [ 12.9775, 48.0228996 ], [ 12.9707003, 48.0237007 ], [ 12.9626999, 48.0320015 ], [ 12.9551001, 48.0327988 ], [ 12.9449997, 48.0374985 ], [ 12.9331999, 48.0353012 ], [ 12.9258003, 48.0247993 ], [ 12.9218998, 48.0219994 ], [ 12.908, 48.0200005 ], [ 12.9034004, 48.0136986 ], [ 12.8954, 47.9958992 ], [ 12.8727999, 47.9958992 ], [ 12.8628164, 47.9972166 ], [ 12.86019, 48.00979 ], [ 12.85573, 48.01782 ], [ 12.82581, 48.03231 ], [ 12.81535, 48.04159 ], [ 12.77757, 48.06176 ], [ 12.76017, 48.07302 ], [ 12.75458, 48.08317 ], [ 12.74682, 48.1065 ], [ 12.75727, 48.1167 ], [ 12.75725, 48.12494 ], [ 12.76182, 48.12882 ], [ 12.77237, 48.12847 ], [ 12.7859, 48.12177 ], [ 12.7979, 48.14448 ], [ 12.80606, 48.14976 ], [ 12.82696, 48.15296 ], [ 12.83577, 48.16621 ], [ 12.8444, 48.16688 ], [ 12.84867, 48.17649 ], [ 12.86077, 48.1859 ], [ 12.86612, 48.19866 ], [ 12.87778, 48.20443 ], [ 12.8935, 48.20424 ], [ 12.9265489, 48.2085799 ], [ 12.94524, 48.20753 ], [ 12.95739, 48.21166 ], [ 12.9906, 48.23063 ], [ 13.00359, 48.24135 ], [ 13.00909, 48.25227 ], [ 13.01917, 48.2588 ], [ 13.02702, 48.25858 ], [ 13.03185, 48.26151 ], [ 13.05674, 48.26857 ], [ 13.0867, 48.28037 ], [ 13.12258, 48.27945 ], [ 13.13577, 48.28075 ], [ 13.16576, 48.29254 ], [ 13.18962, 48.29664 ], [ 13.24954, 48.29335 ], [ 13.2573, 48.29496 ], [ 13.30572, 48.31341 ], [ 13.32995, 48.32526 ], [ 13.35116, 48.34004 ], [ 13.36052, 48.35094 ], [ 13.39584, 48.36831 ], [ 13.41339, 48.37871 ], [ 13.42057, 48.40625 ], [ 13.43911, 48.43379 ], [ 13.43184, 48.44868 ], [ 13.42502, 48.45666 ], [ 13.42976, 48.46623 ], [ 13.44864, 48.49352 ], [ 13.45337, 48.51296 ], [ 13.45271, 48.51827 ], [ 13.44489, 48.52906 ], [ 13.44902, 48.53661 ], [ 13.44609, 48.54298 ], [ 13.43926, 48.54844 ], [ 13.4364, 48.55526 ], [ 13.43826, 48.56134 ], [ 13.47572, 48.57535 ], [ 13.4905, 48.57743 ], [ 13.5012, 48.58252 ], [ 13.50247, 48.59414 ], [ 13.5175, 48.59551 ], [ 13.53006, 48.58901 ], [ 13.55796, 48.56872 ], [ 13.57355, 48.5618 ], [ 13.5795, 48.56235 ], [ 13.58696, 48.5713 ], [ 13.59436, 48.57244 ], [ 13.60444, 48.57044 ], [ 13.61824, 48.56064 ], [ 13.62874, 48.55678 ], [ 13.65081, 48.55426 ], [ 13.65567, 48.54959 ], [ 13.66202, 48.53842 ], [ 13.66639, 48.53517 ], [ 13.68015, 48.53247 ], [ 13.71375, 48.51659 ], [ 13.7241, 48.51663 ], [ 13.72981, 48.5204 ], [ 13.7319, 48.52783 ], [ 13.74702, 48.53468 ], [ 13.74805, 48.53943 ], [ 13.74477, 48.5479 ], [ 13.75122, 48.55437 ], [ 13.75152, 48.56605 ], [ 13.75839, 48.56585 ], [ 13.76213, 48.55827 ], [ 13.76781, 48.55699 ], [ 13.78225, 48.57099 ], [ 13.79733, 48.57508 ], [ 13.80571, 48.58051 ], [ 13.80677, 48.5926 ], [ 13.80202, 48.59795 ], [ 13.80184, 48.60393 ], [ 13.81617, 48.61219 ], [ 13.82133, 48.6192 ], [ 13.82234, 48.63336 ], [ 13.82718, 48.6381 ], [ 13.82429, 48.64678 ], [ 13.81617, 48.6528 ], [ 13.81929, 48.66476 ], [ 13.81845, 48.67331 ], [ 13.81376, 48.68393 ], [ 13.81498, 48.69234 ], [ 13.81939, 48.70124 ], [ 13.814, 48.70709 ], [ 13.81336, 48.71218 ], [ 13.79817, 48.71727 ], [ 13.80777, 48.7286 ], [ 13.82105, 48.73418 ], [ 13.81916, 48.74026 ], [ 13.82213, 48.74879 ], [ 13.82185, 48.75638 ], [ 13.83645, 48.76623 ], [ 13.84218, 48.773 ], [ 13.85757, 48.77315 ], [ 13.86825, 48.7704 ], [ 13.89109, 48.76067 ], [ 13.93269, 48.73022 ], [ 13.93645, 48.72516 ], [ 13.95162, 48.72234 ], [ 13.9552, 48.71614 ], [ 13.9785, 48.7121 ], [ 13.98316, 48.71318 ], [ 13.99883, 48.71146 ], [ 14.00569, 48.70872 ], [ 14.00838, 48.7012 ], [ 14.02262, 48.68993 ], [ 14.02541, 48.68539 ], [ 14.03398, 48.68024 ], [ 14.04934, 48.67877 ], [ 14.05681, 48.66864 ], [ 14.05565, 48.66091 ], [ 14.04836, 48.65611 ], [ 14.03442, 48.65772 ], [ 14.02545, 48.65555 ], [ 14.01154, 48.64338 ], [ 14.01284, 48.64054 ], [ 14.02672, 48.6316 ], [ 14.04038, 48.63277 ], [ 14.04576, 48.62714 ], [ 14.0392, 48.61793 ], [ 14.0506, 48.60868 ], [ 14.06299, 48.61062 ], [ 14.06477, 48.60178 ], [ 14.09351, 48.60217 ], [ 14.09371, 48.59436 ], [ 14.10859, 48.59222 ], [ 14.1259, 48.59933 ], [ 14.13945, 48.59751 ], [ 14.15094, 48.59812 ], [ 14.16359, 48.59497 ], [ 14.1786498, 48.5962599 ], [ 14.19332, 48.59504 ], [ 14.21492, 48.58945 ], [ 14.22545, 48.58829 ], [ 14.23758, 48.58173 ], [ 14.24267, 48.58115 ], [ 14.25359, 48.58478 ], [ 14.26566, 48.58464 ], [ 14.27456, 48.57738 ], [ 14.28227, 48.57364 ], [ 14.2982597, 48.5608402 ], [ 14.31243, 48.55872 ], [ 14.31861, 48.54292 ], [ 14.32805, 48.54365 ], [ 14.34132, 48.55353 ], [ 14.35574, 48.57068 ], [ 14.36533, 48.57461 ], [ 14.3697, 48.57385 ], [ 14.37414, 48.56688 ], [ 14.38491, 48.57165 ], [ 14.3902, 48.57679 ], [ 14.38124, 48.58797 ], [ 14.38628, 48.59589 ], [ 14.41207, 48.59503 ], [ 14.4179, 48.59255 ], [ 14.43772, 48.60427 ], [ 14.45146, 48.62559 ], [ 14.45239, 48.63149 ], [ 14.44101, 48.64262 ], [ 14.44587, 48.6471 ], [ 14.4677, 48.64949 ], [ 14.48095, 48.63708 ], [ 14.49331, 48.63208 ], [ 14.49347, 48.62656 ], [ 14.50176, 48.62001 ], [ 14.51188, 48.62274 ], [ 14.52419, 48.61751 ], [ 14.5398, 48.61779 ], [ 14.55262, 48.60931 ], [ 14.5591699, 48.60701 ], [ 14.56442, 48.61169 ], [ 14.59135, 48.62219 ], [ 14.60383, 48.63095 ], [ 14.61393, 48.62702 ], [ 14.62304, 48.60639 ], [ 14.63113, 48.60718 ], [ 14.64045, 48.61134 ], [ 14.64561, 48.6112 ], [ 14.65103, 48.60622 ], [ 14.6618, 48.58524 ], [ 14.6918001, 48.5872115 ] ] ] ] } },
{ "type": "Feature", "properties": { "POLYGON_ID": "AUT_GAUL2011_ADM1_482", "ADM0_ISO3": "AUT", "ADM0_NAME": "Austria", "ADM0_CODE": 18, "ADM1_NAME": "Salzburg", "ADM1_CODE": 482, "GEOSET": "GAUL", "GEOSET_YEAR": 2011.0, "GEOSET_VERSION": "GAUL_v1", "GEOSET_UNIT": "ADM1", "CENTROID_LONG": 13.08397490464343, "CENTROID_LAT": 47.38757533639216 }, "geometry": { "type": "MultiPolygon", "coordinates": [ [ [ [ 13.5855999, 47.4724998 ], [ 13.5916996, 47.4682999 ], [ 13.5915003, 47.4594002 ], [ 13.5854998, 47.4520988 ], [ 13.5791998, 47.4401016 ], [ 13.5746002, 47.4277992 ], [ 13.5636997, 47.4203987 ], [ 13.5663996, 47.4109001 ], [ 13.5743999, 47.4047012 ], [ 13.5713997, 47.3911018 ], [ 13.5791998, 47.3829002 ], [ 13.5819998, 47.368 ], [ 13.5886002, 47.3590012 ], [ 13.5992002, 47.3401985 ], [ 13.6041002, 47.3274994 ], [ 13.5946999, 47.3153992 ], [ 13.5972996, 47.3105011 ], [ 13.6027002, 47.3098984 ], [ 13.6037998, 47.3009987 ], [ 13.5988998, 47.2914009 ], [ 13.6070995, 47.2831001 ], [ 13.6189003, 47.2820015 ], [ 13.6330004, 47.2734985 ], [ 13.6539001, 47.2756004 ], [ 13.6655998, 47.2714996 ], [ 13.6756001, 47.2734985 ], [ 13.6911001, 47.2658005 ], [ 13.6955004, 47.2587013 ], [ 13.7112999, 47.2585983 ], [ 13.7135, 47.2689018 ], [ 13.7227001, 47.2769012 ], [ 13.7334003, 47.2759018 ], [ 13.7454004, 47.2770996 ], [ 13.7563, 47.2681007 ], [ 13.7652998, 47.2677994 ], [ 13.7838001, 47.274601 ], [ 13.7978001, 47.2871017 ], [ 13.8113003, 47.2958984 ], [ 13.8249998, 47.2924995 ], [ 13.8221998, 47.271801 ], [ 13.8252001, 47.2659988 ], [ 13.8443003, 47.2605019 ], [ 13.8634005, 47.2522011 ], [ 13.868, 47.2452011 ], [ 13.8676996, 47.2397995 ], [ 13.8515997, 47.2290993 ], [ 13.8615999, 47.2198982 ], [ 13.8790998, 47.2061005 ], [ 13.9033003, 47.1935005 ], [ 13.8956003, 47.1846008 ], [ 13.9104004, 47.1829987 ], [ 13.9205999, 47.1717987 ], [ 13.9511995, 47.1645012 ], [ 13.9603004, 47.1581993 ], [ 13.9684, 47.1491013 ], [ 13.9919996, 47.1413002 ], [ 13.9911003, 47.1365013 ], [ 13.9954004, 47.1302986 ], [ 13.9864998, 47.1249008 ], [ 13.9707003, 47.1265984 ], [ 13.9587002, 47.1231995 ], [ 13.9496002, 47.1290016 ], [ 13.9447002, 47.1352997 ], [ 13.9329996, 47.1334991 ], [ 13.9259005, 47.1279984 ], [ 13.9209003, 47.1279984 ], [ 13.9097996, 47.1228981 ], [ 13.8991003, 47.1136017 ], [ 13.8957005, 47.1147995 ], [ 13.8879004, 47.1094017 ], [ 13.8795996, 47.1077995 ], [ 13.8824997, 47.103199 ], [ 13.8771, 47.0959015 ], [ 13.8870001, 47.0906982 ], [ 13.9074001, 47.0653992 ], [ 13.8949003, 47.0550003 ], [ 13.8917999, 47.0544014 ], [ 13.8775997, 47.0332985 ], [ 13.8655996, 47.0214005 ], [ 13.8634996, 47.0116005 ], [ 13.8634996, 46.9990005 ], [ 13.8653002, 46.9953995 ], [ 13.8450003, 46.9880981 ], [ 13.8423996, 46.9790993 ], [ 13.8330002, 46.9742012 ], [ 13.8317003, 46.9646988 ], [ 13.8273001, 46.9603004 ], [ 13.8182001, 46.9578018 ], [ 13.8144999, 46.9519005 ], [ 13.8014002, 46.9500999 ], [ 13.7912998, 46.9443016 ], [ 13.7828999, 46.9435997 ], [ 13.7781, 46.9446983 ], [ 13.7756996, 46.9504013 ], [ 13.7778997, 46.957901 ], [ 13.7743998, 46.9616013 ], [ 13.7730999, 46.9747009 ], [ 13.7658997, 46.9804993 ], [ 13.7600002, 46.9810982 ], [ 13.7543001, 46.9908981 ], [ 13.7449999, 46.9933014 ], [ 13.7314997, 46.9886017 ], [ 13.7062998, 46.9948998 ], [ 13.7005997, 47.0017014 ], [ 13.6942997, 47.0052986 ], [ 13.6875, 47.0278015 ], [ 13.6950998, 47.0334015 ], [ 13.6922998, 47.0390015 ], [ 13.6809998, 47.040699 ], [ 13.6702003, 47.0385017 ], [ 13.6591997, 47.0401001 ], [ 13.6506004, 47.0385017 ], [ 13.6433001, 47.0419006 ], [ 13.6370001, 47.0542984 ], [ 13.6127005, 47.0584984 ], [ 13.6007996, 47.0539017 ], [ 13.5889997, 47.0535011 ], [ 13.5808001, 47.0508995 ], [ 13.5592003, 47.0550995 ], [ 13.5359001, 47.0632019 ], [ 13.5300999, 47.0634995 ], [ 13.5194998, 47.0676003 ], [ 13.5040998, 47.0688019 ], [ 13.46, 47.0786018 ], [ 13.4396, 47.0770988 ], [ 13.4271002, 47.0802002 ], [ 13.4171, 47.0758018 ], [ 13.4089003, 47.0690994 ], [ 13.3978004, 47.0688019 ], [ 13.3878002, 47.0735016 ], [ 13.3814001, 47.0796013 ], [ 13.3787003, 47.0914993 ], [ 13.3624001, 47.0970001 ], [ 13.3493996, 47.094799 ], [ 13.3337002, 47.094101 ], [ 13.3099003, 47.0849991 ], [ 13.3009996, 47.085701 ], [ 13.2909002, 47.0952988 ], [ 13.2742996, 47.0940018 ], [ 13.2716999, 47.0918999 ], [ 13.2503004, 47.0863991 ], [ 13.2407999, 47.0695 ], [ 13.2467003, 47.0651016 ], [ 13.2426996, 47.0568008 ], [ 13.2472, 47.0474014 ], [ 13.2327003, 47.0447006 ], [ 13.2084999, 47.0438004 ], [ 13.1948996, 47.0415001 ], [ 13.1695004, 47.0400009 ], [ 13.1660995, 47.0363007 ], [ 13.1562996, 47.0345001 ], [ 13.1441002, 47.0355988 ], [ 13.1316004, 47.0334015 ], [ 13.1252003, 47.0261002 ], [ 13.0987997, 47.024601 ], [ 13.0859003, 47.0265007 ], [ 13.0703001, 47.0195999 ], [ 13.0565004, 47.0173988 ], [ 13.0490999, 47.0224991 ], [ 13.0398998, 47.0227013 ], [ 13.0326004, 47.0264015 ], [ 13.0201998, 47.0295982 ], [ 13.0199003, 47.0397987 ], [ 13.0106001, 47.0433998 ], [ 13.0010996, 47.0423012 ], [ 12.9958, 47.0377998 ], [ 12.9849005, 47.0348015 ], [ 12.9784002, 47.0381012 ], [ 12.9699001, 47.0368996 ], [ 12.9555998, 47.0429993 ], [ 12.9530001, 47.047699 ], [ 12.9547005, 47.0536003 ], [ 12.9426003, 47.0591011 ], [ 12.9350004, 47.0763016 ], [ 12.9178, 47.0808983 ], [ 12.8924999, 47.0803986 ], [ 12.8851004, 47.0834007 ], [ 12.8692999, 47.0854988 ], [ 12.8604002, 47.0806999 ], [ 12.8374996, 47.0820007 ], [ 12.8291998, 47.0910988 ], [ 12.8193998, 47.097599 ], [ 12.8035002, 47.0979004 ], [ 12.8016005, 47.0951004 ], [ 12.7884998, 47.0932007 ], [ 12.7725, 47.1002998 ], [ 12.7526999, 47.0988007 ], [ 12.7356997, 47.1027985 ], [ 12.7328997, 47.1063004 ], [ 12.7332001, 47.114399 ], [ 12.7304001, 47.1309013 ], [ 12.7142, 47.1281013 ], [ 12.7044001, 47.1222992 ], [ 12.6948004, 47.1214981 ], [ 12.6885004, 47.1239014 ], [ 12.6817999, 47.1214981 ], [ 12.665, 47.1190987 ], [ 12.6578999, 47.107399 ], [ 12.6476002, 47.1011009 ], [ 12.6377001, 47.107399 ], [ 12.625, 47.1188011 ], [ 12.5971003, 47.1245995 ], [ 12.5911999, 47.1244011 ], [ 12.5868998, 47.1305008 ], [ 12.5614004, 47.1339989 ], [ 12.5509996, 47.1276016 ], [ 12.5306997, 47.139801 ], [ 12.5166998, 47.1505013 ], [ 12.4934998, 47.1559982 ], [ 12.4833002, 47.1567993 ], [ 12.4798002, 47.1506004 ], [ 12.4726, 47.1521988 ], [ 12.4637003, 47.146801 ], [ 12.4478998, 47.1441002 ], [ 12.4333, 47.1488991 ], [ 12.4219999, 47.1423988 ], [ 12.4111996, 47.1427994 ], [ 12.3994999, 47.1497993 ], [ 12.3934002, 47.1506004 ], [ 12.3823996, 47.1433983 ], [ 12.3708, 47.1397018 ], [ 12.3652, 47.1399002 ], [ 12.3589001, 47.1333008 ], [ 12.3553, 47.1198006 ], [ 12.3570995, 47.1113014 ], [ 12.3537998, 47.1090012 ], [ 12.3249998, 47.1068993 ], [ 12.3128004, 47.1016006 ], [ 12.3079996, 47.0923004 ], [ 12.3023996, 47.0914001 ], [ 12.2891998, 47.0938988 ], [ 12.2818003, 47.0914001 ], [ 12.2735996, 47.0844994 ], [ 12.2669001, 47.0755997 ], [ 12.2608995, 47.0718002 ], [ 12.2317076, 47.0677479 ], [ 12.23347, 47.0735 ], [ 12.2263, 47.08339 ], [ 12.21502, 47.0883 ], [ 12.20766, 47.08836 ], [ 12.18404, 47.09521 ], [ 12.17363, 47.09324 ], [ 12.15946, 47.08674 ], [ 12.133853, 47.0816717 ], [ 12.1251001, 47.0908012 ], [ 12.1236, 47.0968018 ], [ 12.1257, 47.1088982 ], [ 12.1234999, 47.1128006 ], [ 12.1133003, 47.1217003 ], [ 12.1129999, 47.1369019 ], [ 12.1093998, 47.1436005 ], [ 12.0936003, 47.1483002 ], [ 12.0913, 47.1660004 ], [ 12.0846004, 47.1725998 ], [ 12.0872002, 47.1809006 ], [ 12.0806999, 47.1944008 ], [ 12.0881996, 47.2061005 ], [ 12.0853004, 47.2145004 ], [ 12.0917997, 47.2186012 ], [ 12.0977001, 47.2308998 ], [ 12.1050997, 47.2369003 ], [ 12.1085997, 47.2435989 ], [ 12.1005001, 47.2571983 ], [ 12.0913, 47.2587013 ], [ 12.085, 47.2638016 ], [ 12.0754004, 47.2678986 ], [ 12.0771999, 47.2764015 ], [ 12.0829, 47.2831001 ], [ 12.0958996, 47.2896004 ], [ 12.1127005, 47.3056984 ], [ 12.1253004, 47.2999001 ], [ 12.1294003, 47.2951012 ], [ 12.1443996, 47.2901001 ], [ 12.1683998, 47.3033981 ], [ 12.2016001, 47.3003006 ], [ 12.2065001, 47.3008995 ], [ 12.2154999, 47.3105011 ], [ 12.2250996, 47.3115997 ], [ 12.2308998, 47.3079987 ], [ 12.2306995, 47.3041992 ], [ 12.2364998, 47.3003006 ], [ 12.2461996, 47.3017006 ], [ 12.2530003, 47.3070984 ], [ 12.2645998, 47.3013992 ], [ 12.2790003, 47.3156013 ], [ 12.2938004, 47.3261986 ], [ 12.3014002, 47.3288994 ], [ 12.3129997, 47.3288994 ], [ 12.3177004, 47.3244019 ], [ 12.3332005, 47.3269997 ], [ 12.3364, 47.3232002 ], [ 12.3501997, 47.3174019 ], [ 12.3570004, 47.3174019 ], [ 12.3736, 47.3105011 ], [ 12.3886003, 47.3143005 ], [ 12.4092999, 47.3125992 ], [ 12.4174995, 47.3208008 ], [ 12.4382, 47.3268013 ], [ 12.4694996, 47.323101 ], [ 12.4793997, 47.3266983 ], [ 12.4871998, 47.3370018 ], [ 12.4931002, 47.3368988 ], [ 12.4973001, 47.3464012 ], [ 12.4853001, 47.3518982 ], [ 12.4865999, 47.3586006 ], [ 12.4786997, 47.3634987 ], [ 12.4784002, 47.3698998 ], [ 12.4816999, 47.3768997 ], [ 12.4959002, 47.3796997 ], [ 12.5051003, 47.3927994 ], [ 12.5135002, 47.3927994 ], [ 12.5212002, 47.3899994 ], [ 12.5402002, 47.3937988 ], [ 12.5544996, 47.3987999 ], [ 12.5634003, 47.3983994 ], [ 12.5639, 47.3939018 ], [ 12.5769997, 47.3916016 ], [ 12.5895996, 47.3997002 ], [ 12.5925999, 47.4057999 ], [ 12.5974998, 47.4071007 ], [ 12.6023998, 47.4127998 ], [ 12.6224003, 47.4163017 ], [ 12.6254997, 47.4281006 ], [ 12.6346998, 47.4334984 ], [ 12.6374998, 47.4379997 ], [ 12.6371002, 47.4486008 ], [ 12.6330996, 47.4510994 ], [ 12.6303997, 47.4584999 ], [ 12.6332998, 47.4658012 ], [ 12.6435003, 47.4672012 ], [ 12.6645002, 47.4644012 ], [ 12.6731997, 47.4665985 ], [ 12.6800003, 47.4712982 ], [ 12.6984997, 47.4771004 ], [ 12.698, 47.4866982 ], [ 12.6728001, 47.4976006 ], [ 12.6694002, 47.5078011 ], [ 12.6646004, 47.5046005 ], [ 12.658, 47.5143013 ], [ 12.6536999, 47.5293999 ], [ 12.6306, 47.5465012 ], [ 12.6429005, 47.5553017 ], [ 12.6515999, 47.5672989 ], [ 12.6658001, 47.5760994 ], [ 12.6505003, 47.5876007 ], [ 12.6267996, 47.5942001 ], [ 12.5747995, 47.6016998 ], [ 12.5693998, 47.6132011 ], [ 12.5773634, 47.6389233 ], [ 12.59156, 47.66377 ], [ 12.60089, 47.67166 ], [ 12.61797, 47.67807 ], [ 12.62774, 47.67775 ], [ 12.64221, 47.67434 ], [ 12.65031, 47.67401 ], [ 12.66924, 47.6861 ], [ 12.68849, 47.68517 ], [ 12.70532, 47.6822 ], [ 12.71839, 47.67815 ], [ 12.74307, 47.67805 ], [ 12.75008, 47.675 ], [ 12.75629, 47.6676 ], [ 12.77089, 47.66968 ], [ 12.77879, 47.67392 ], [ 12.77957, 47.66591 ], [ 12.76743, 47.65557 ], [ 12.76855, 47.64779 ], [ 12.7773, 47.63511 ], [ 12.79675, 47.63004 ], [ 12.82026, 47.61441 ], [ 12.82185, 47.61118 ], [ 12.8042, 47.608 ], [ 12.78119, 47.58365 ], [ 12.78252, 47.57152 ], [ 12.80859, 47.55174 ], [ 12.82807, 47.54896 ], [ 12.84735, 47.55074 ], [ 12.85601, 47.53622 ], [ 12.86431, 47.53175 ], [ 12.88301, 47.52577 ], [ 12.89334, 47.51123 ], [ 12.91695, 47.50083 ], [ 12.93862, 47.49365 ], [ 12.96719, 47.48087 ], [ 12.97762, 47.48049 ], [ 12.98219, 47.48636 ], [ 13.00501, 47.47344 ], [ 13.01005, 47.4729 ], [ 13.02244, 47.4807 ], [ 13.02815, 47.49021 ], [ 13.04141, 47.49343 ], [ 13.04695, 47.49768 ], [ 13.04864, 47.50794 ], [ 13.04414, 47.52401 ], [ 13.0365, 47.53738 ], [ 13.04019, 47.54669 ], [ 13.05867, 47.56422 ], [ 13.0574, 47.5663 ], [ 13.04366, 47.56926 ], [ 13.04193, 47.57797 ], [ 13.04584, 47.58362 ], [ 13.06406, 47.58332 ], [ 13.07028, 47.58757 ], [ 13.07262, 47.59666 ], [ 13.07248, 47.61198 ], [ 13.0767698, 47.6187596 ], [ 13.09054, 47.62608 ], [ 13.09935, 47.63667 ], [ 13.0967, 47.64745 ], [ 13.0836, 47.66914 ], [ 13.07553, 47.68983 ], [ 13.04087, 47.71483 ], [ 13.02484, 47.72102 ], [ 13.01668, 47.72 ], [ 12.99272, 47.7117 ], [ 12.98174, 47.70707 ], [ 12.93082, 47.71241 ], [ 12.91566, 47.7252 ], [ 12.90808, 47.72993 ], [ 12.90959, 47.73625 ], [ 12.9392, 47.7518 ], [ 12.94411, 47.75675 ], [ 12.94512, 47.76724 ], [ 12.94194, 47.77346 ], [ 12.94547, 47.77797 ], [ 12.96354, 47.79163 ], [ 12.98799, 47.8237 ], [ 13.00195, 47.83558 ], [ 13.01197, 47.8501 ], [ 12.99583, 47.86452 ], [ 12.96773, 47.90357 ], [ 12.95731, 47.91584 ], [ 12.94183, 47.92911 ], [ 12.93909, 47.93807 ], [ 12.94204, 47.94509 ], [ 12.93702, 47.94699 ], [ 12.93044, 47.94299 ], [ 12.92435, 47.94355 ], [ 12.9204, 47.95685 ], [ 12.91032, 47.95998 ], [ 12.88359, 47.96223 ], [ 12.87695, 47.96667 ], [ 12.86986, 47.97796 ], [ 12.8628164, 47.9972166 ], [ 12.8727999, 47.9958992 ], [ 12.8954, 47.9958992 ], [ 12.9034004, 48.0136986 ], [ 12.908, 48.0200005 ], [ 12.9218998, 48.0219994 ], [ 12.9258003, 48.0247993 ], [ 12.9331999, 48.0353012 ], [ 12.9449997, 48.0374985 ], [ 12.9551001, 48.0327988 ], [ 12.9626999, 48.0320015 ], [ 12.9707003, 48.0237007 ], [ 12.9775, 48.0228996 ], [ 12.9865999, 48.0279007 ], [ 13.0066004, 48.0303001 ], [ 13.0110998, 48.0353012 ], [ 13.0176001, 48.036499 ], [ 13.0214005, 48.0317001 ], [ 13.0285997, 48.0318985 ], [ 13.0414, 48.0405006 ], [ 13.0516005, 48.0340004 ], [ 13.0607004, 48.0234985 ], [ 13.0573998, 48.0186996 ], [ 13.0728998, 48.0135994 ], [ 13.0760002, 48.0043983 ], [ 13.0939999, 47.9957008 ], [ 13.1046, 47.9962997 ], [ 13.1229, 47.9929008 ], [ 13.1213999, 47.9880981 ], [ 13.1313, 47.9875984 ], [ 13.1477003, 47.9938011 ], [ 13.1407003, 47.9799004 ], [ 13.1471004, 47.9692001 ], [ 13.1627998, 47.9748993 ], [ 13.1746998, 47.9735985 ], [ 13.1969004, 47.9735985 ], [ 13.2405996, 47.9901009 ], [ 13.2571001, 47.9910011 ], [ 13.2814999, 47.9994011 ], [ 13.2948999, 48.0098991 ], [ 13.3041, 48.0078011 ], [ 13.3007002, 48.0028992 ], [ 13.3298998, 47.9880981 ], [ 13.3302002, 47.9864006 ], [ 13.3467999, 47.982399 ], [ 13.3529997, 47.9768982 ], [ 13.3684998, 47.9756012 ], [ 13.3730001, 47.9650993 ], [ 13.3646002, 47.9594994 ], [ 13.3566999, 47.9412994 ], [ 13.3492002, 47.9412003 ], [ 13.3383999, 47.9449997 ], [ 13.3403997, 47.9510994 ], [ 13.3270998, 47.9555016 ], [ 13.3135004, 47.9572983 ], [ 13.3084002, 47.9625015 ], [ 13.2912998, 47.9608994 ], [ 13.2813997, 47.9524994 ], [ 13.2782002, 47.9444008 ], [ 13.2841997, 47.9366989 ], [ 13.2812996, 47.9347 ], [ 13.2847996, 47.9269981 ], [ 13.2768002, 47.919899 ], [ 13.2818003, 47.9141006 ], [ 13.2797003, 47.9065018 ], [ 13.2805996, 47.8960991 ], [ 13.2700996, 47.8899002 ], [ 13.2820997, 47.8728981 ], [ 13.2867002, 47.8692017 ], [ 13.2952995, 47.8555985 ], [ 13.2867002, 47.8544998 ], [ 13.2914, 47.8498001 ], [ 13.2881002, 47.8464012 ], [ 13.2861996, 47.8296013 ], [ 13.29, 47.8238983 ], [ 13.3091002, 47.8208008 ], [ 13.3107996, 47.8157997 ], [ 13.3302002, 47.8125 ], [ 13.3473997, 47.8128014 ], [ 13.3516998, 47.8092003 ], [ 13.3634996, 47.8055992 ], [ 13.3710003, 47.8009987 ], [ 13.3906002, 47.7941017 ], [ 13.4041004, 47.7997017 ], [ 13.4189997, 47.7993011 ], [ 13.4420004, 47.8026009 ], [ 13.4584999, 47.8019981 ], [ 13.4664001, 47.8028984 ], [ 13.4764004, 47.7997017 ], [ 13.4896002, 47.7896996 ], [ 13.5059004, 47.7915001 ], [ 13.5098, 47.7971001 ], [ 13.5275002, 47.7979012 ], [ 13.5383997, 47.7818985 ], [ 13.5344, 47.7759018 ], [ 13.5171003, 47.7719994 ], [ 13.4996004, 47.7751007 ], [ 13.4969997, 47.7778015 ], [ 13.4813995, 47.7804985 ], [ 13.4722004, 47.7853012 ], [ 13.4643002, 47.7858009 ], [ 13.4580002, 47.7767982 ], [ 13.4464998, 47.771801 ], [ 13.4427004, 47.7639008 ], [ 13.4460001, 47.7585983 ], [ 13.4393997, 47.7495995 ], [ 13.4379997, 47.7368011 ], [ 13.4687004, 47.7260017 ], [ 13.4764996, 47.7224007 ], [ 13.4940996, 47.7215996 ], [ 13.5064001, 47.7174988 ], [ 13.5326996, 47.7165985 ], [ 13.5445995, 47.713501 ], [ 13.5469999, 47.7064018 ], [ 13.5367002, 47.6973991 ], [ 13.5332003, 47.6882019 ], [ 13.5165997, 47.6749001 ], [ 13.5108995, 47.6759987 ], [ 13.4996004, 47.668499 ], [ 13.5001001, 47.6587982 ], [ 13.4903002, 47.6465988 ], [ 13.4837999, 47.6408005 ], [ 13.4849005, 47.6343002 ], [ 13.4940004, 47.6292992 ], [ 13.5159998, 47.6296005 ], [ 13.5225, 47.6172981 ], [ 13.5063, 47.6010017 ], [ 13.5053997, 47.581501 ], [ 13.4970999, 47.5797005 ], [ 13.4778004, 47.5676003 ], [ 13.4841003, 47.5508003 ], [ 13.4769001, 47.5353012 ], [ 13.4807997, 47.5203018 ], [ 13.4863005, 47.5186005 ], [ 13.4878998, 47.513401 ], [ 13.5044003, 47.5089989 ], [ 13.5080004, 47.5038986 ], [ 13.5180998, 47.4958 ], [ 13.5237999, 47.4935989 ], [ 13.5337, 47.4934998 ], [ 13.5387001, 47.4902992 ], [ 13.5466995, 47.4894981 ], [ 13.5641003, 47.4812012 ], [ 13.5855999, 47.4724998 ] ] ] ] } },
{ "type": "Feature", "properties": { "POLYGON_ID": "AUT_GAUL2011_ADM1_483", "ADM0_ISO3": "AUT", "ADM0_NAME": "Austria", "ADM0_CODE": 18, "ADM1_NAME": "Steiermark", "ADM1_CODE": 483, "GEOSET": "GAUL", "GEOSET_YEAR": 2011.0, "GEOSET_VERSION": "GAUL_v1", "GEOSET_UNIT": "ADM1", "CENTROID_LONG": 15.011570793504319, "CENTROID_LAT": 47.268297651978685 }, "geometry": { "type": "MultiPolygon", "coordinates": [ [ [ [ 16.1695004, 47.4221992 ], [ 16.1588993, 47.4191017 ], [ 16.1236992, 47.4117012 ], [ 16.1093998, 47.4132004 ], [ 16.0984001, 47.3908005 ], [ 16.093399, 47.3883018 ], [ 16.0827007, 47.3964005 ], [ 16.0891991, 47.3986015 ], [ 16.0890007, 47.4034004 ], [ 16.0837002, 47.4067001 ], [ 16.0709, 47.3988991 ], [ 16.0653992, 47.3919983 ], [ 16.0655994, 47.3843994 ], [ 16.0620995, 47.3828011 ], [ 16.0396004, 47.3806 ], [ 16.0310993, 47.3781013 ], [ 16.0333996, 47.3713989 ], [ 16.0268002, 47.358799 ], [ 16.0338001, 47.3544006 ], [ 16.0333004, 47.3464012 ], [ 16.0361004, 47.3412018 ], [ 16.0477009, 47.3306007 ], [ 16.0478001, 47.3224983 ], [ 16.0566998, 47.3146019 ], [ 16.0604992, 47.3079987 ], [ 16.0646, 47.2891998 ], [ 16.0622997, 47.2860985 ], [ 16.0760994, 47.274601 ], [ 16.0743008, 47.2708015 ], [ 16.0807991, 47.2610016 ], [ 16.0781002, 47.2566986 ], [ 16.0809002, 47.2499008 ], [ 16.0872993, 47.2462006 ], [ 16.0837002, 47.2394981 ], [ 16.0879002, 47.2327995 ], [ 16.0813999, 47.2252007 ], [ 16.0842991, 47.2165985 ], [ 16.0881996, 47.2126007 ], [ 16.0890999, 47.2046013 ], [ 16.0988998, 47.1922989 ], [ 16.0998993, 47.1767998 ], [ 16.1084995, 47.1687012 ], [ 16.1119003, 47.1517982 ], [ 16.1152992, 47.149601 ], [ 16.1161995, 47.1413994 ], [ 16.1124992, 47.1287994 ], [ 16.1091995, 47.1235008 ], [ 16.1096001, 47.1179008 ], [ 16.0921001, 47.1058998 ], [ 16.0907002, 47.0959015 ], [ 16.0932999, 47.0905991 ], [ 16.0872993, 47.0877991 ], [ 16.0911999, 47.081501 ], [ 16.0895004, 47.0777016 ], [ 16.0937996, 47.0642014 ], [ 16.0976009, 47.0588989 ], [ 16.1046009, 47.0597992 ], [ 16.1117001, 47.049099 ], [ 16.1217995, 47.0429001 ], [ 16.1166, 47.0374985 ], [ 16.1201992, 47.0270996 ], [ 16.1257992, 47.0236015 ], [ 16.1303005, 47.0098 ], [ 16.1469002, 47.0007019 ], [ 16.1532993, 46.9929008 ], [ 16.1455994, 46.9911003 ], [ 16.1306992, 46.9920006 ], [ 16.1212997, 46.9877014 ], [ 16.1182003, 46.9791985 ], [ 16.1119995, 46.9784012 ], [ 16.1084003, 46.9724998 ], [ 16.1100006, 46.9669991 ], [ 16.0956993, 46.9539986 ], [ 16.0974007, 46.9424019 ], [ 16.0925999, 46.9352989 ], [ 16.0820999, 46.9328003 ], [ 16.0716, 46.9331017 ], [ 16.0664005, 46.9291992 ], [ 16.0615997, 46.9206009 ], [ 16.0632992, 46.9137001 ], [ 16.0561008, 46.9089012 ], [ 16.0459003, 46.9103012 ], [ 16.0342007, 46.9006996 ], [ 16.0356998, 46.8955002 ], [ 16.0293007, 46.8891983 ], [ 16.0130005, 46.8807983 ], [ 16.0079002, 46.8712006 ], [ 16.0100002, 46.861599 ], [ 16.0023994, 46.8506012 ], [ 16.0053005, 46.8456001 ], [ 15.9987555, 46.8344211 ], [ 15.99107, 46.83538 ], [ 15.98741, 46.83163 ], [ 15.98575, 46.82392 ], [ 15.98827, 46.81832 ], [ 15.99539, 46.81184 ], [ 15.98862, 46.80296 ], [ 15.98938, 46.79239 ], [ 15.98442, 46.78114 ], [ 15.98946, 46.76995 ], [ 15.98692, 46.75974 ], [ 15.98668, 46.74143 ], [ 16.01072, 46.71502 ], [ 16.03766, 46.6917 ], [ 16.04009, 46.68128 ], [ 16.03466, 46.6609 ], [ 16.00822, 46.67046 ], [ 15.98657, 46.68578 ], [ 15.96617, 46.68454 ], [ 15.95203, 46.68649 ], [ 15.90066, 46.71261 ], [ 15.88011, 46.71755 ], [ 15.85959, 46.71906 ], [ 15.83495, 46.71888 ], [ 15.81162, 46.71453 ], [ 15.78797, 46.70217 ], [ 15.76001, 46.69387 ], [ 15.74273, 46.69821 ], [ 15.73008, 46.69824 ], [ 15.71823, 46.69572 ], [ 15.70204, 46.69703 ], [ 15.68561, 46.70384 ], [ 15.67087, 46.7067 ], [ 15.65937, 46.70438 ], [ 15.6556, 46.69468 ], [ 15.64495, 46.6915 ], [ 15.6312, 46.68484 ], [ 15.62236, 46.68243 ], [ 15.61078, 46.6831 ], [ 15.6052, 46.68834 ], [ 15.57137, 46.68113 ], [ 15.56323, 46.6748 ], [ 15.54926, 46.67051 ], [ 15.54998, 46.66269 ], [ 15.5574, 46.65119 ], [ 15.54689, 46.63579 ], [ 15.52023, 46.62189 ], [ 15.50614, 46.61577 ], [ 15.49538, 46.61845 ], [ 15.4737, 46.61306 ], [ 15.46832, 46.61646 ], [ 15.45824, 46.6324 ], [ 15.45899, 46.64222 ], [ 15.4489, 46.64075 ], [ 15.43577, 46.64283 ], [ 15.41655, 46.65681 ], [ 15.37292, 46.65127 ], [ 15.34232, 46.65099 ], [ 15.32862, 46.65445 ], [ 15.29704, 46.65441 ], [ 15.28686, 46.65156 ], [ 15.27408, 46.64491 ], [ 15.23828, 46.64157 ], [ 15.2252, 46.64454 ], [ 15.20594, 46.64474 ], [ 15.18745, 46.65568 ], [ 15.1698296, 46.6555901 ], [ 15.1488, 46.65905 ], [ 15.12743, 46.6529 ], [ 15.11877, 46.65731 ], [ 15.10411, 46.65689 ], [ 15.08691, 46.64853 ], [ 15.0829, 46.64821 ], [ 15.06715, 46.65583 ], [ 15.0640611, 46.6554787 ], [ 15.0618, 46.6601982 ], [ 15.0531998, 46.6629982 ], [ 15.0501003, 46.6687012 ], [ 15.0436001, 46.6694984 ], [ 15.0352001, 46.6665001 ], [ 15.0234003, 46.6697998 ], [ 15.0215998, 46.6725006 ], [ 15.0298996, 46.6794014 ], [ 15.0333996, 46.6924019 ], [ 15.0351, 46.7053986 ], [ 15.0439997, 46.713501 ], [ 15.0418997, 46.7232018 ], [ 15.0353003, 46.7280998 ], [ 15.0407, 46.7363014 ], [ 15.0327997, 46.7434006 ], [ 15.0338001, 46.7494011 ], [ 15.0249996, 46.762001 ], [ 15.0282002, 46.7687988 ], [ 15.0243998, 46.7723999 ], [ 15.0071001, 46.7751007 ], [ 14.9927998, 46.7835007 ], [ 14.9748001, 46.7859993 ], [ 14.9783001, 46.7938004 ], [ 14.9778004, 46.8026009 ], [ 14.9860001, 46.8101997 ], [ 14.9881001, 46.8230019 ], [ 15.0, 46.8296013 ], [ 15.0131998, 46.8335991 ], [ 15.0174999, 46.8443985 ], [ 15.007, 46.8562012 ], [ 15.0059996, 46.8624992 ], [ 15.0082998, 46.8720016 ], [ 15.0066004, 46.8795013 ], [ 15.0164003, 46.8852005 ], [ 15.0181999, 46.8925018 ], [ 15.0228004, 46.8984985 ], [ 15.0263004, 46.9095001 ], [ 15.0162001, 46.9210014 ], [ 14.9918003, 46.9370995 ], [ 14.9858999, 46.9511986 ], [ 14.9791002, 46.9574013 ], [ 14.9780998, 46.9641991 ], [ 14.9667997, 46.9724998 ], [ 14.9699001, 46.9789009 ], [ 14.9581003, 46.9887009 ], [ 14.9509001, 46.9926987 ], [ 14.9406996, 46.9925003 ], [ 14.9184999, 46.9975014 ], [ 14.9050999, 46.9989014 ], [ 14.8970003, 47.0051994 ], [ 14.8858004, 47.0107002 ], [ 14.8738003, 47.0223007 ], [ 14.8664999, 47.0252991 ], [ 14.8563995, 47.0261993 ], [ 14.8500004, 47.0295982 ], [ 14.8392, 47.0418015 ], [ 14.8429003, 47.0488014 ], [ 14.8304005, 47.049099 ], [ 14.8177996, 47.0418015 ], [ 14.8086004, 47.0387001 ], [ 14.7982998, 47.0399017 ], [ 14.7837, 47.0368004 ], [ 14.7685003, 47.0377998 ], [ 14.7552004, 47.0321007 ], [ 14.7409, 47.028801 ], [ 14.7361002, 47.0317993 ], [ 14.7214003, 47.0247002 ], [ 14.7054005, 47.024601 ], [ 14.6871004, 47.0183983 ], [ 14.6738005, 47.0167007 ], [ 14.6590004, 47.0177002 ], [ 14.6493998, 47.0143013 ], [ 14.6267996, 47.0140991 ], [ 14.6212997, 47.0083008 ], [ 14.6185999, 47.0010986 ], [ 14.6139002, 46.9962997 ], [ 14.6032, 47.0001984 ], [ 14.5941, 47.0004997 ], [ 14.5858002, 47.0116997 ], [ 14.5771999, 47.0124016 ], [ 14.5539999, 47.0116997 ], [ 14.5251999, 47.0089989 ], [ 14.5150003, 47.012001 ], [ 14.5035, 47.0185013 ], [ 14.5024004, 47.0256004 ], [ 14.4975996, 47.0255013 ], [ 14.4828997, 47.0206985 ], [ 14.4764004, 47.0223007 ], [ 14.4750004, 47.0115013 ], [ 14.4632998, 47.0091019 ], [ 14.4590998, 47.0054016 ], [ 14.4596004, 46.9995995 ], [ 14.4560003, 46.9936981 ], [ 14.4403, 46.9956017 ], [ 14.4302998, 46.9949989 ], [ 14.4110003, 46.9869995 ], [ 14.4081001, 46.9814987 ], [ 14.3999996, 46.9789009 ], [ 14.3920002, 46.9812012 ], [ 14.3827, 46.9804001 ], [ 14.3806, 46.9894981 ], [ 14.3762999, 46.9962997 ], [ 14.3785, 47.0024986 ], [ 14.3766003, 47.0071983 ], [ 14.3817997, 47.0140991 ], [ 14.3748999, 47.0163994 ], [ 14.3634005, 47.0239983 ], [ 14.3539, 47.0247993 ], [ 14.3382998, 47.0229988 ], [ 14.3280001, 47.0280991 ], [ 14.3202, 47.0269012 ], [ 14.3021002, 47.0278015 ], [ 14.2895002, 47.0252991 ], [ 14.2819996, 47.0278015 ], [ 14.2770004, 47.0251007 ], [ 14.2692003, 47.0281982 ], [ 14.2639999, 47.0247002 ], [ 14.2549, 47.0297012 ], [ 14.2508001, 47.0348015 ], [ 14.2414999, 47.0289993 ], [ 14.2334995, 47.0261002 ], [ 14.2215004, 47.0385017 ], [ 14.2209997, 47.0481987 ], [ 14.2186003, 47.0523987 ], [ 14.2032003, 47.0693016 ], [ 14.1933002, 47.0700989 ], [ 14.184, 47.0637016 ], [ 14.1746998, 47.0601997 ], [ 14.1630001, 47.0516014 ], [ 14.1408997, 47.0592995 ], [ 14.1309996, 47.0609016 ], [ 14.1239996, 47.0561981 ], [ 14.1260996, 47.0447998 ], [ 14.1188002, 47.0402985 ], [ 14.1100998, 47.0402985 ], [ 14.0964003, 47.0334015 ], [ 14.0789003, 47.0217018 ], [ 14.0703001, 47.0101013 ], [ 14.0534, 47.0041008 ], [ 14.0425997, 47.0038986 ], [ 14.0254002, 47.0071983 ], [ 14.0150995, 47.0038986 ], [ 14.0180998, 46.9874992 ], [ 14.0093002, 46.979599 ], [ 14.0037003, 46.9768982 ], [ 14.0050001, 46.9706001 ], [ 13.9777002, 46.9654007 ], [ 13.9638996, 46.9603004 ], [ 13.9511995, 46.9518013 ], [ 13.9504995, 46.9416008 ], [ 13.9456997, 46.9408989 ], [ 13.9328003, 46.9443016 ], [ 13.9164, 46.9380989 ], [ 13.9225998, 46.9333 ], [ 13.9280005, 46.9339981 ], [ 13.9362001, 46.9244995 ], [ 13.9308004, 46.9207001 ], [ 13.9236002, 46.9244995 ], [ 13.9090004, 46.9250984 ], [ 13.9049997, 46.9174995 ], [ 13.8959999, 46.9169006 ], [ 13.8936005, 46.9211998 ], [ 13.8810997, 46.9216995 ], [ 13.8702002, 46.9174995 ], [ 13.8652, 46.919899 ], [ 13.8488998, 46.9095001 ], [ 13.8437004, 46.9126015 ], [ 13.8285999, 46.9133987 ], [ 13.8162003, 46.9175987 ], [ 13.8111, 46.9244995 ], [ 13.7976999, 46.9296989 ], [ 13.7929001, 46.9351006 ], [ 13.7841997, 46.9374008 ], [ 13.7828999, 46.9435997 ], [ 13.7912998, 46.9443016 ], [ 13.8014002, 46.9500999 ], [ 13.8144999, 46.9519005 ], [ 13.8182001, 46.9578018 ], [ 13.8273001, 46.9603004 ], [ 13.8317003, 46.9646988 ], [ 13.8330002, 46.9742012 ], [ 13.8423996, 46.9790993 ], [ 13.8450003, 46.9880981 ], [ 13.8653002, 46.9953995 ], [ 13.8634996, 46.9990005 ], [ 13.8634996, 47.0116005 ], [ 13.8655996, 47.0214005 ], [ 13.8775997, 47.0332985 ], [ 13.8917999, 47.0544014 ], [ 13.8949003, 47.0550003 ], [ 13.9074001, 47.0653992 ], [ 13.8870001, 47.0906982 ], [ 13.8771, 47.0959015 ], [ 13.8824997, 47.103199 ], [ 13.8795996, 47.1077995 ], [ 13.8879004, 47.1094017 ], [ 13.8957005, 47.1147995 ], [ 13.8991003, 47.1136017 ], [ 13.9097996, 47.1228981 ], [ 13.9209003, 47.1279984 ], [ 13.9259005, 47.1279984 ], [ 13.9329996, 47.1334991 ], [ 13.9447002, 47.1352997 ], [ 13.9496002, 47.1290016 ], [ 13.9587002, 47.1231995 ], [ 13.9707003, 47.1265984 ], [ 13.9864998, 47.1249008 ], [ 13.9954004, 47.1302986 ], [ 13.9911003, 47.1365013 ], [ 13.9919996, 47.1413002 ], [ 13.9684, 47.1491013 ], [ 13.9603004, 47.1581993 ], [ 13.9511995, 47.1645012 ], [ 13.9205999, 47.1717987 ], [ 13.9104004, 47.1829987 ], [ 13.8956003, 47.1846008 ], [ 13.9033003, 47.1935005 ], [ 13.8790998, 47.2061005 ], [ 13.8615999, 47.2198982 ], [ 13.8515997, 47.2290993 ], [ 13.8676996, 47.2397995 ], [ 13.868, 47.2452011 ], [ 13.8634005, 47.2522011 ], [ 13.8443003, 47.2605019 ], [ 13.8252001, 47.2659988 ], [ 13.8221998, 47.271801 ], [ 13.8249998, 47.2924995 ], [ 13.8113003, 47.2958984 ], [ 13.7978001, 47.2871017 ], [ 13.7838001, 47.274601 ], [ 13.7652998, 47.2677994 ], [ 13.7563, 47.2681007 ], [ 13.7454004, 47.2770996 ], [ 13.7334003, 47.2759018 ], [ 13.7227001, 47.2769012 ], [ 13.7135, 47.2689018 ], [ 13.7112999, 47.2585983 ], [ 13.6955004, 47.2587013 ], [ 13.6911001, 47.2658005 ], [ 13.6756001, 47.2734985 ], [ 13.6655998, 47.2714996 ], [ 13.6539001, 47.2756004 ], [ 13.6330004, 47.2734985 ], [ 13.6189003, 47.2820015 ], [ 13.6070995, 47.2831001 ], [ 13.5988998, 47.2914009 ], [ 13.6037998, 47.3009987 ], [ 13.6027002, 47.3098984 ], [ 13.5972996, 47.3105011 ], [ 13.5946999, 47.3153992 ], [ 13.6041002, 47.3274994 ], [ 13.5992002, 47.3401985 ], [ 13.5886002, 47.3590012 ], [ 13.5819998, 47.368 ], [ 13.5791998, 47.3829002 ], [ 13.5713997, 47.3911018 ], [ 13.5743999, 47.4047012 ], [ 13.5663996, 47.4109001 ], [ 13.5636997, 47.4203987 ], [ 13.5746002, 47.4277992 ], [ 13.5791998, 47.4401016 ], [ 13.5854998, 47.4520988 ], [ 13.5915003, 47.4594002 ], [ 13.5916996, 47.4682999 ], [ 13.5855999, 47.4724998 ], [ 13.5983, 47.473999 ], [ 13.6084995, 47.4735985 ], [ 13.6182003, 47.4710999 ], [ 13.6268997, 47.4662018 ], [ 13.6408005, 47.4662018 ], [ 13.6538, 47.4617004 ], [ 13.6857004, 47.4620018 ], [ 13.7147999, 47.4603996 ], [ 13.7230997, 47.4614983 ], [ 13.7172003, 47.4720993 ], [ 13.7285995, 47.4855003 ], [ 13.7414999, 47.4925003 ], [ 13.7494001, 47.4998016 ], [ 13.7494001, 47.5028 ], [ 13.7600002, 47.5192986 ], [ 13.7518997, 47.5245018 ], [ 13.7455997, 47.5379982 ], [ 13.7558002, 47.5453987 ], [ 13.7552996, 47.5522003 ], [ 13.7397003, 47.5698013 ], [ 13.7353001, 47.5763016 ], [ 13.7237997, 47.5769997 ], [ 13.7110004, 47.5744019 ], [ 13.7097998, 47.5797997 ], [ 13.6933002, 47.5830994 ], [ 13.6932001, 47.5923996 ], [ 13.6983995, 47.6040993 ], [ 13.6948004, 47.6169014 ], [ 13.6949997, 47.6281013 ], [ 13.7047005, 47.6500015 ], [ 13.7142, 47.6679993 ], [ 13.7172003, 47.6699982 ], [ 13.7363005, 47.6736984 ], [ 13.7350998, 47.6842995 ], [ 13.7483997, 47.6874008 ], [ 13.7552004, 47.6999016 ], [ 13.7610998, 47.7014999 ], [ 13.7713003, 47.7117004 ], [ 13.7784004, 47.7164993 ], [ 13.7911997, 47.7126007 ], [ 13.7995005, 47.714901 ], [ 13.8389997, 47.7184982 ], [ 13.8507004, 47.7140999 ], [ 13.8624001, 47.7265015 ], [ 13.8676996, 47.7235985 ], [ 13.8774996, 47.7254982 ], [ 13.8987999, 47.7172012 ], [ 13.9041004, 47.7169991 ], [ 13.9073, 47.7098007 ], [ 13.9187002, 47.7050018 ], [ 13.9324999, 47.7080994 ], [ 13.9516001, 47.7092018 ], [ 13.9668999, 47.703701 ], [ 13.9812002, 47.6971016 ], [ 13.9953003, 47.6988983 ], [ 13.9983997, 47.7028008 ], [ 14.0092001, 47.7008018 ], [ 14.0190001, 47.6906013 ], [ 14.0367002, 47.6783981 ], [ 14.0485001, 47.6738014 ], [ 14.0551004, 47.6675987 ], [ 14.0495996, 47.6441002 ], [ 14.0462999, 47.6263008 ], [ 14.0541, 47.6245003 ], [ 14.0509005, 47.6167984 ], [ 14.0656996, 47.6152992 ], [ 14.0792999, 47.6179008 ], [ 14.0915003, 47.6185989 ], [ 14.1098003, 47.6259995 ], [ 14.1219997, 47.6264992 ], [ 14.1330004, 47.6287994 ], [ 14.1358004, 47.6320992 ], [ 14.1478004, 47.6362 ], [ 14.1590996, 47.6351013 ], [ 14.1672001, 47.6385002 ], [ 14.1778002, 47.6366005 ], [ 14.1887999, 47.6437988 ], [ 14.1942997, 47.6442986 ], [ 14.2059002, 47.6507988 ], [ 14.2172003, 47.6497002 ], [ 14.2339001, 47.6497993 ], [ 14.2243004, 47.6416016 ], [ 14.2347002, 47.6274986 ], [ 14.2517996, 47.6176987 ], [ 14.2563, 47.6118011 ], [ 14.2651997, 47.6094017 ], [ 14.2835999, 47.612999 ], [ 14.2976999, 47.6072006 ], [ 14.3009996, 47.6085014 ], [ 14.3271999, 47.6067009 ], [ 14.3369999, 47.6183014 ], [ 14.3542995, 47.6248016 ], [ 14.3676996, 47.6287003 ], [ 14.3739996, 47.6282005 ], [ 14.3839998, 47.6334 ], [ 14.3959999, 47.6360016 ], [ 14.3943996, 47.6483994 ], [ 14.4011002, 47.6528015 ], [ 14.4195995, 47.655201 ], [ 14.4292002, 47.6515999 ], [ 14.4363003, 47.6516991 ], [ 14.4484997, 47.6561012 ], [ 14.4506998, 47.6629982 ], [ 14.4674997, 47.6683998 ], [ 14.4750004, 47.6741982 ], [ 14.4904003, 47.6797981 ], [ 14.5025997, 47.6763992 ], [ 14.5136995, 47.6772995 ], [ 14.5256004, 47.6845016 ], [ 14.5298996, 47.6935005 ], [ 14.5222998, 47.6988983 ], [ 14.5222998, 47.7032013 ], [ 14.5310001, 47.7076988 ], [ 14.5548, 47.7169991 ], [ 14.5716, 47.7140007 ], [ 14.5881996, 47.716301 ], [ 14.6016998, 47.7251015 ], [ 14.6132002, 47.7258987 ], [ 14.6138, 47.7308006 ], [ 14.6318998, 47.7288017 ], [ 14.6470003, 47.729599 ], [ 14.6515999, 47.7335014 ], [ 14.6751003, 47.7402992 ], [ 14.6756001, 47.7447014 ], [ 14.6822996, 47.7472 ], [ 14.6878004, 47.7584 ], [ 14.6942997, 47.7636986 ], [ 14.7025995, 47.7625999 ], [ 14.7285004, 47.7543983 ], [ 14.7300997, 47.7512016 ], [ 14.7395, 47.7473984 ], [ 14.7374001, 47.7435989 ], [ 14.7426996, 47.7387009 ], [ 14.7629004, 47.7322006 ], [ 14.7672997, 47.7256012 ], [ 14.7756004, 47.7271004 ], [ 14.7903996, 47.7345009 ], [ 14.7993002, 47.7372017 ], [ 14.8072004, 47.7369995 ], [ 14.8154001, 47.7405014 ], [ 14.8206997, 47.7452011 ], [ 14.8305998, 47.7434998 ], [ 14.8318996, 47.7383995 ], [ 14.8380003, 47.7332993 ], [ 14.8604002, 47.7416992 ], [ 14.8733997, 47.7304001 ], [ 14.8760004, 47.7254982 ], [ 14.8762999, 47.7156982 ], [ 14.8825998, 47.7136002 ], [ 14.9105997, 47.7094002 ], [ 14.9285002, 47.7103996 ], [ 14.9300003, 47.7151985 ], [ 14.9427004, 47.7229004 ], [ 14.9518003, 47.7318993 ], [ 14.9663, 47.7363014 ], [ 14.9730997, 47.7431984 ], [ 14.9827995, 47.7397003 ], [ 14.9968004, 47.7401009 ], [ 15.0134001, 47.7442017 ], [ 15.0346003, 47.7519989 ], [ 15.0503998, 47.7429008 ], [ 15.0601997, 47.7386017 ], [ 15.0822001, 47.7400017 ], [ 15.1278, 47.7449989 ], [ 15.1325998, 47.7467995 ], [ 15.1372004, 47.7587013 ], [ 15.1441002, 47.7560005 ], [ 15.1594, 47.757 ], [ 15.1695004, 47.7526016 ], [ 15.1765003, 47.7542992 ], [ 15.1931, 47.7543983 ], [ 15.1995001, 47.7517014 ], [ 15.2103004, 47.7607994 ], [ 15.2089005, 47.7685013 ], [ 15.2011003, 47.7728004 ], [ 15.2066002, 47.7764015 ], [ 15.2081003, 47.7863007 ], [ 15.2174997, 47.7929001 ], [ 15.2365999, 47.7975006 ], [ 15.2519999, 47.7910995 ], [ 15.2674999, 47.7919998 ], [ 15.2889004, 47.7882996 ], [ 15.2937002, 47.7972984 ], [ 15.2923002, 47.8047981 ], [ 15.2940998, 47.8112984 ], [ 15.3023996, 47.8182983 ], [ 15.3083, 47.8176003 ], [ 15.3167, 47.8218994 ], [ 15.3270998, 47.8195992 ], [ 15.3346996, 47.8251991 ], [ 15.3457003, 47.8258018 ], [ 15.3625002, 47.8214989 ], [ 15.3741999, 47.8226013 ], [ 15.3895998, 47.8139 ], [ 15.4054003, 47.8129005 ], [ 15.4040003, 47.8069992 ], [ 15.4108, 47.7888985 ], [ 15.4117002, 47.7832985 ], [ 15.4225998, 47.782299 ], [ 15.4385996, 47.7905998 ], [ 15.4455996, 47.7750015 ], [ 15.4509001, 47.7696991 ], [ 15.4609003, 47.7668991 ], [ 15.4778004, 47.7691002 ], [ 15.5073996, 47.7667007 ], [ 15.5191002, 47.7602005 ], [ 15.5158005, 47.7528992 ], [ 15.5089998, 47.7504005 ], [ 15.5132999, 47.7453995 ], [ 15.5278997, 47.7435989 ], [ 15.5534, 47.7481995 ], [ 15.5643997, 47.7445984 ], [ 15.5719996, 47.7472 ], [ 15.5830002, 47.7462006 ], [ 15.5984001, 47.7498016 ], [ 15.6084003, 47.7492981 ], [ 15.6174002, 47.7444992 ], [ 15.6206999, 47.7358017 ], [ 15.6280003, 47.7294006 ], [ 15.6307001, 47.7226982 ], [ 15.6372995, 47.7140007 ], [ 15.6520996, 47.7165985 ], [ 15.6625996, 47.7108002 ], [ 15.6738997, 47.7071991 ], [ 15.6752996, 47.7001991 ], [ 15.6829004, 47.6994019 ], [ 15.6914997, 47.7034988 ], [ 15.6969004, 47.7112999 ], [ 15.7160997, 47.7112007 ], [ 15.7200003, 47.7084007 ], [ 15.7160997, 47.6949005 ], [ 15.7209997, 47.6876984 ], [ 15.7193003, 47.6847 ], [ 15.7265997, 47.6679993 ], [ 15.7285995, 47.6663017 ], [ 15.7286997, 47.6533012 ], [ 15.7257996, 47.6478004 ], [ 15.7438002, 47.6409988 ], [ 15.7431002, 47.6327019 ], [ 15.7493, 47.6307983 ], [ 15.7637997, 47.6339989 ], [ 15.7720003, 47.6389999 ], [ 15.7807999, 47.6416016 ], [ 15.7976999, 47.6347008 ], [ 15.8057003, 47.6335983 ], [ 15.8225002, 47.6363983 ], [ 15.8276997, 47.6285019 ], [ 15.8374996, 47.6203995 ], [ 15.8443003, 47.6178017 ], [ 15.8570004, 47.6208992 ], [ 15.8613997, 47.6184998 ], [ 15.8570995, 47.6035995 ], [ 15.8492002, 47.5974998 ], [ 15.8494997, 47.5905991 ], [ 15.8463001, 47.5864983 ], [ 15.8463001, 47.5750999 ], [ 15.8483, 47.5674019 ], [ 15.8642998, 47.5654984 ], [ 15.8655996, 47.5700989 ], [ 15.8726997, 47.5732994 ], [ 15.8896999, 47.5719986 ], [ 15.9053001, 47.5620003 ], [ 15.9027996, 47.5488014 ], [ 15.9061003, 47.5405006 ], [ 15.9175997, 47.5318985 ], [ 15.9382, 47.5264015 ], [ 15.9525003, 47.5177994 ], [ 15.9561005, 47.5172005 ], [ 15.9754, 47.5203018 ], [ 15.9842997, 47.5168991 ], [ 16.0030994, 47.5150986 ], [ 16.0093002, 47.5167007 ], [ 16.0268002, 47.512001 ], [ 16.0417004, 47.4972992 ], [ 16.0487995, 47.4884987 ], [ 16.0557995, 47.4868011 ], [ 16.0624008, 47.4888 ], [ 16.0653, 47.5013008 ], [ 16.0750008, 47.5021019 ], [ 16.0923996, 47.5089989 ], [ 16.0944004, 47.5167007 ], [ 16.0988998, 47.523201 ], [ 16.1110001, 47.5205994 ], [ 16.1121006, 47.5080986 ], [ 16.1198006, 47.5079002 ], [ 16.1173992, 47.4996986 ], [ 16.1140003, 47.4989014 ], [ 16.1149998, 47.487999 ], [ 16.1193008, 47.4860992 ], [ 16.1201, 47.4743996 ], [ 16.1222, 47.469799 ], [ 16.1308994, 47.4676018 ], [ 16.1352997, 47.4614983 ], [ 16.1317997, 47.4542007 ], [ 16.1399002, 47.4467011 ], [ 16.1401997, 47.4421997 ], [ 16.1453991, 47.4350014 ], [ 16.1604996, 47.4259987 ], [ 16.1695004, 47.4221992 ] ] ] ] } },
{ "type": "Feature", "properties": { "POLYGON_ID": "AUT_GAUL2011_ADM1_484", "ADM0_ISO3": "AUT", "ADM0_NAME": "Austria", "ADM0_CODE": 18, "ADM1_NAME": "Tirol", "ADM1_CODE": 484, "GEOSET": "GAUL", "GEOSET_YEAR": 2011.0, "GEOSET_VERSION": "GAUL_v1", "GEOSET_UNIT": "ADM1", "CENTROID_LONG": 11.499471078746605, "CENTROID_LAT": 47.198949921983932 }, "geometry": { "type": "MultiPolygon", "coordinates": [ [ [ [ 12.6476002, 47.1011009 ], [ 12.6557999, 47.0992012 ], [ 12.6681004, 47.0906982 ], [ 12.6736002, 47.0904999 ], [ 12.6787996, 47.0844002 ], [ 12.6985998, 47.0744019 ], [ 12.7059002, 47.0573998 ], [ 12.7115002, 47.0475006 ], [ 12.7153997, 47.0443001 ], [ 12.7252998, 47.0419006 ], [ 12.7418003, 47.0407982 ], [ 12.7545004, 47.0444984 ], [ 12.7663002, 47.0432014 ], [ 12.7656002, 47.0373993 ], [ 12.7549, 47.0330009 ], [ 12.7531004, 47.0256996 ], [ 12.7406998, 47.0147018 ], [ 12.7350998, 47.0131989 ], [ 12.7358999, 47.0047989 ], [ 12.7292004, 46.9964981 ], [ 12.7229996, 46.9952011 ], [ 12.7367001, 46.9808006 ], [ 12.7403002, 46.9682007 ], [ 12.7453003, 46.9603996 ], [ 12.7573996, 46.9588013 ], [ 12.7581997, 46.9528008 ], [ 12.7678003, 46.9440002 ], [ 12.7847004, 46.9393005 ], [ 12.7820997, 46.9342003 ], [ 12.7982998, 46.9222984 ], [ 12.8107996, 46.9220009 ], [ 12.8211002, 46.9169998 ], [ 12.8359003, 46.9140015 ], [ 12.8305998, 46.9003983 ], [ 12.8411999, 46.8913994 ], [ 12.8437004, 46.8745995 ], [ 12.8422003, 46.8633003 ], [ 12.8451996, 46.858799 ], [ 12.8663998, 46.8504982 ], [ 12.8740997, 46.8451996 ], [ 12.8865995, 46.8420982 ], [ 12.8935003, 46.8322983 ], [ 12.8948002, 46.8251991 ], [ 12.9126997, 46.8209 ], [ 12.9446001, 46.8033981 ], [ 12.9649, 46.7957993 ], [ 12.9658003, 46.7868996 ], [ 12.9626999, 46.7837982 ], [ 12.9535999, 46.7813988 ], [ 12.9469996, 46.7752991 ], [ 12.9455996, 46.769001 ], [ 12.9302998, 46.7627983 ], [ 12.9201002, 46.7641983 ], [ 12.9039001, 46.7742004 ], [ 12.8982, 46.774601 ], [ 12.8851995, 46.7677994 ], [ 12.8792, 46.7630997 ], [ 12.8555002, 46.7592011 ], [ 12.842, 46.7491989 ], [ 12.8304996, 46.7475014 ], [ 12.8227997, 46.7517014 ], [ 12.8133001, 46.7505989 ], [ 12.8049002, 46.7575989 ], [ 12.7729998, 46.7515984 ], [ 12.7560997, 46.7512016 ], [ 12.7407999, 46.7440987 ], [ 12.7259998, 46.7424011 ], [ 12.7117996, 46.7361984 ], [ 12.7144003, 46.7293015 ], [ 12.7067003, 46.7130013 ], [ 12.7203999, 46.7006989 ], [ 12.6975002, 46.7036018 ], [ 12.6906996, 46.6960983 ], [ 12.6896, 46.6874008 ], [ 12.6858997, 46.6861992 ], [ 12.6899711, 46.6585823 ], [ 12.67072, 46.65958 ], [ 12.65737, 46.65701 ], [ 12.64406, 46.65604 ], [ 12.62798, 46.66334 ], [ 12.61904, 46.66436 ], [ 12.60367, 46.66066 ], [ 12.57474, 46.65896 ], [ 12.56572, 46.65679 ], [ 12.55613, 46.65851 ], [ 12.53938, 46.66602 ], [ 12.53063, 46.67459 ], [ 12.51715, 46.68024 ], [ 12.48524, 46.67901 ], [ 12.47014, 46.68696 ], [ 12.45461, 46.6901 ], [ 12.43604, 46.69191 ], [ 12.42425, 46.69935 ], [ 12.40383, 46.70736 ], [ 12.38938, 46.71505 ], [ 12.38256, 46.72244 ], [ 12.37489, 46.73552 ], [ 12.36124, 46.76634 ], [ 12.3479, 46.78043 ], [ 12.31775, 46.78669 ], [ 12.28813, 46.78629 ], [ 12.28131, 46.79459 ], [ 12.28776, 46.8007 ], [ 12.28448, 46.81949 ], [ 12.30792, 46.84189 ], [ 12.29671, 46.84771 ], [ 12.28818, 46.87066 ], [ 12.28129, 46.87599 ], [ 12.27325, 46.89024 ], [ 12.25499, 46.89407 ], [ 12.24465, 46.89394 ], [ 12.21603, 46.87912 ], [ 12.20848, 46.88536 ], [ 12.20265, 46.89456 ], [ 12.1912, 46.90587 ], [ 12.18325, 46.90891 ], [ 12.16361, 46.91091 ], [ 12.14902, 46.91584 ], [ 12.15524, 46.92744 ], [ 12.163, 46.93241 ], [ 12.16419, 46.94269 ], [ 12.1547, 46.95328 ], [ 12.13623, 46.96556 ], [ 12.13356, 46.9841 ], [ 12.12162, 47.00797 ], [ 12.12811, 47.01637 ], [ 12.147, 47.0265 ], [ 12.16306, 47.0275 ], [ 12.20095, 47.03403 ], [ 12.21087, 47.04605 ], [ 12.2171, 47.0572 ], [ 12.2317076, 47.0677479 ], [ 12.2608995, 47.0718002 ], [ 12.2669001, 47.0755997 ], [ 12.2735996, 47.0844994 ], [ 12.2818003, 47.0914001 ], [ 12.2891998, 47.0938988 ], [ 12.3023996, 47.0914001 ], [ 12.3079996, 47.0923004 ], [ 12.3128004, 47.1016006 ], [ 12.3249998, 47.1068993 ], [ 12.3537998, 47.1090012 ], [ 12.3570995, 47.1113014 ], [ 12.3553, 47.1198006 ], [ 12.3589001, 47.1333008 ], [ 12.3652, 47.1399002 ], [ 12.3708, 47.1397018 ], [ 12.3823996, 47.1433983 ], [ 12.3934002, 47.1506004 ], [ 12.3994999, 47.1497993 ], [ 12.4111996, 47.1427994 ], [ 12.4219999, 47.1423988 ], [ 12.4333, 47.1488991 ], [ 12.4478998, 47.1441002 ], [ 12.4637003, 47.146801 ], [ 12.4726, 47.1521988 ], [ 12.4798002, 47.1506004 ], [ 12.4833002, 47.1567993 ], [ 12.4934998, 47.1559982 ], [ 12.5166998, 47.1505013 ], [ 12.5306997, 47.139801 ], [ 12.5509996, 47.1276016 ], [ 12.5614004, 47.1339989 ], [ 12.5868998, 47.1305008 ], [ 12.5911999, 47.1244011 ], [ 12.5971003, 47.1245995 ], [ 12.625, 47.1188011 ], [ 12.6377001, 47.107399 ], [ 12.6476002, 47.1011009 ] ] ], [ [ [ 12.5773634, 47.6389233 ], [ 12.5693998, 47.6132011 ], [ 12.5747995, 47.6016998 ], [ 12.6267996, 47.5942001 ], [ 12.6505003, 47.5876007 ], [ 12.6658001, 47.5760994 ], [ 12.6515999, 47.5672989 ], [ 12.6429005, 47.5553017 ], [ 12.6306, 47.5465012 ], [ 12.6536999, 47.5293999 ], [ 12.658, 47.5143013 ], [ 12.6646004, 47.5046005 ], [ 12.6694002, 47.5078011 ], [ 12.6728001, 47.4976006 ], [ 12.698, 47.4866982 ], [ 12.6984997, 47.4771004 ], [ 12.6800003, 47.4712982 ], [ 12.6731997, 47.4665985 ], [ 12.6645002, 47.4644012 ], [ 12.6435003, 47.4672012 ], [ 12.6332998, 47.4658012 ], [ 12.6303997, 47.4584999 ], [ 12.6330996, 47.4510994 ], [ 12.6371002, 47.4486008 ], [ 12.6374998, 47.4379997 ], [ 12.6346998, 47.4334984 ], [ 12.6254997, 47.4281006 ], [ 12.6224003, 47.4163017 ], [ 12.6023998, 47.4127998 ], [ 12.5974998, 47.4071007 ], [ 12.5925999, 47.4057999 ], [ 12.5895996, 47.3997002 ], [ 12.5769997, 47.3916016 ], [ 12.5639, 47.3939018 ], [ 12.5634003, 47.3983994 ], [ 12.5544996, 47.3987999 ], [ 12.5402002, 47.3937988 ], [ 12.5212002, 47.3899994 ], [ 12.5135002, 47.3927994 ], [ 12.5051003, 47.3927994 ], [ 12.4959002, 47.3796997 ], [ 12.4816999, 47.3768997 ], [ 12.4784002, 47.3698998 ], [ 12.4786997, 47.3634987 ], [ 12.4865999, 47.3586006 ], [ 12.4853001, 47.3518982 ], [ 12.4973001, 47.3464012 ], [ 12.4931002, 47.3368988 ], [ 12.4871998, 47.3370018 ], [ 12.4793997, 47.3266983 ], [ 12.4694996, 47.323101 ], [ 12.4382, 47.3268013 ], [ 12.4174995, 47.3208008 ], [ 12.4092999, 47.3125992 ], [ 12.3886003, 47.3143005 ], [ 12.3736, 47.3105011 ], [ 12.3570004, 47.3174019 ], [ 12.3501997, 47.3174019 ], [ 12.3364, 47.3232002 ], [ 12.3332005, 47.3269997 ], [ 12.3177004, 47.3244019 ], [ 12.3129997, 47.3288994 ], [ 12.3014002, 47.3288994 ], [ 12.2938004, 47.3261986 ], [ 12.2790003, 47.3156013 ], [ 12.2645998, 47.3013992 ], [ 12.2530003, 47.3070984 ], [ 12.2461996, 47.3017006 ], [ 12.2364998, 47.3003006 ], [ 12.2306995, 47.3041992 ], [ 12.2308998, 47.3079987 ], [ 12.2250996, 47.3115997 ], [ 12.2154999, 47.3105011 ], [ 12.2065001, 47.3008995 ], [ 12.2016001, 47.3003006 ], [ 12.1683998, 47.3033981 ], [ 12.1443996, 47.2901001 ], [ 12.1294003, 47.2951012 ], [ 12.1253004, 47.2999001 ], [ 12.1127005, 47.3056984 ], [ 12.0958996, 47.2896004 ], [ 12.0829, 47.2831001 ], [ 12.0771999, 47.2764015 ], [ 12.0754004, 47.2678986 ], [ 12.085, 47.2638016 ], [ 12.0913, 47.2587013 ], [ 12.1005001, 47.2571983 ], [ 12.1085997, 47.2435989 ], [ 12.1050997, 47.2369003 ], [ 12.0977001, 47.2308998 ], [ 12.0917997, 47.2186012 ], [ 12.0853004, 47.2145004 ], [ 12.0881996, 47.2061005 ], [ 12.0806999, 47.1944008 ], [ 12.0872002, 47.1809006 ], [ 12.0846004, 47.1725998 ], [ 12.0913, 47.1660004 ], [ 12.0936003, 47.1483002 ], [ 12.1093998, 47.1436005 ], [ 12.1129999, 47.1369019 ], [ 12.1133003, 47.1217003 ], [ 12.1234999, 47.1128006 ], [ 12.1257, 47.1088982 ], [ 12.1236, 47.0968018 ], [ 12.1251001, 47.0908012 ], [ 12.133853, 47.0816717 ], [ 12.11815, 47.07772 ], [ 12.09812, 47.07971 ], [ 12.08939, 47.07773 ], [ 12.07344, 47.06369 ], [ 12.05702, 47.06176 ], [ 12.04469, 47.06414 ], [ 12.0353, 47.06261 ], [ 12.01775, 47.05246 ], [ 11.99304, 47.05425 ], [ 11.97331, 47.05393 ], [ 11.94905, 47.04107 ], [ 11.94404, 47.04156 ], [ 11.92328, 47.0385 ], [ 11.88862, 47.02068 ], [ 11.87826, 47.02051 ], [ 11.86078, 47.01262 ], [ 11.84932, 47.00492 ], [ 11.82616, 46.99568 ], [ 11.78474, 46.99479 ], [ 11.77167, 46.99097 ], [ 11.75015, 46.97714 ], [ 11.73946, 46.97697 ], [ 11.73013, 46.97953 ], [ 11.70163, 46.99934 ], [ 11.69361, 47.00006 ], [ 11.68391, 46.99759 ], [ 11.66686, 46.99676 ], [ 11.65685, 46.99749 ], [ 11.63093, 47.01224 ], [ 11.6202699, 47.01548 ], [ 11.59517, 47.01032 ], [ 11.57006, 47.00334 ], [ 11.5476, 46.99177 ], [ 11.53724, 46.99043 ], [ 11.49197, 47.0139 ], [ 11.47361, 47.0167 ], [ 11.46623, 47.01077 ], [ 11.46115, 47.00051 ], [ 11.44208, 46.99279 ], [ 11.43201, 46.98276 ], [ 11.42263, 46.9773 ], [ 11.40992, 46.97253 ], [ 11.3959, 46.97256 ], [ 11.38556, 46.97578 ], [ 11.36059, 46.99161 ], [ 11.35059, 46.99598 ], [ 11.33989, 46.99211 ], [ 11.32487, 46.9958 ], [ 11.31051, 46.99445 ], [ 11.30181, 46.98898 ], [ 11.28144, 46.98855 ], [ 11.25938, 46.98081 ], [ 11.23299, 46.97421 ], [ 11.21997, 46.97331 ], [ 11.20762, 46.96943 ], [ 11.19093, 46.97241 ], [ 11.16155, 46.96649 ], [ 11.15687, 46.96261 ], [ 11.15787, 46.94432 ], [ 11.14886, 46.93838 ], [ 11.13652, 46.93564 ], [ 11.10582, 46.93221 ], [ 11.10283, 46.92352 ], [ 11.09349, 46.91461 ], [ 11.09484, 46.89403 ], [ 11.09251, 46.88901 ], [ 11.0722, 46.86637 ], [ 11.06856, 46.85379 ], [ 11.07258, 46.82842 ], [ 11.06859, 46.82293 ], [ 11.04431, 46.80943 ], [ 11.03401, 46.79822 ], [ 11.0214, 46.77787 ], [ 11.0147695, 46.7703202 ], [ 11.00478, 46.77488 ], [ 10.98716, 46.76846 ], [ 10.9702, 46.76868 ], [ 10.96254, 46.77278 ], [ 10.93325, 46.77571 ], [ 10.9143, 46.77408 ], [ 10.89004, 46.76741 ], [ 10.87674, 46.76738 ], [ 10.85008, 46.77625 ], [ 10.8311, 46.77986 ], [ 10.81781, 46.77708 ], [ 10.80848, 46.77844 ], [ 10.80247, 46.78208 ], [ 10.79509, 46.79258 ], [ 10.79008, 46.79577 ], [ 10.77278, 46.79457 ], [ 10.76249, 46.79112 ], [ 10.74618, 46.79129 ], [ 10.73286, 46.79377 ], [ 10.7285, 46.79741 ], [ 10.73345, 46.80406 ], [ 10.75762, 46.82334 ], [ 10.75723, 46.83111 ], [ 10.75188, 46.8343 ], [ 10.7352, 46.83813 ], [ 10.71748, 46.84768 ], [ 10.69748, 46.84989 ], [ 10.68841, 46.85855 ], [ 10.6847, 46.8647 ], [ 10.66564, 46.87355 ], [ 10.65897, 46.87421 ], [ 10.64136, 46.86752 ], [ 10.61538, 46.86628 ], [ 10.60209, 46.86233 ], [ 10.55699, 46.84155 ], [ 10.549, 46.84106 ], [ 10.54756, 46.85157 ], [ 10.53457, 46.85174 ], [ 10.52128, 46.84779 ], [ 10.5053, 46.84748 ], [ 10.48959, 46.8522 ], [ 10.47005, 46.86188 ], [ 10.46737, 46.8722 ], [ 10.46553, 46.88682 ], [ 10.47206, 46.89828 ], [ 10.47784, 46.91729 ], [ 10.4884, 46.91919 ], [ 10.48857, 46.9289 ], [ 10.49147, 46.93966 ], [ 10.4717, 46.95123 ], [ 10.46267, 46.95508 ], [ 10.44365, 46.95775 ], [ 10.43092, 46.96409 ], [ 10.42516, 46.9689 ], [ 10.42136, 46.97939 ], [ 10.39336, 47.00094 ], [ 10.38801, 47.00205 ], [ 10.34806, 46.99221 ], [ 10.34046, 46.98644 ], [ 10.33112, 46.96261 ], [ 10.32223, 46.95409 ], [ 10.30828, 46.94943 ], [ 10.30435, 46.94437 ], [ 10.31054, 46.93185 ], [ 10.293, 46.92235 ], [ 10.27796, 46.92431 ], [ 10.25549, 46.93215 ], [ 10.24984, 46.93074 ], [ 10.24099, 46.92107 ], [ 10.23717, 46.90893 ], [ 10.23061, 46.90249 ], [ 10.23232, 46.87871 ], [ 10.22775, 46.87251 ], [ 10.2061, 46.87235 ], [ 10.18983, 46.8688 ], [ 10.15478, 46.85275 ], [ 10.1459554, 46.8510853 ], [ 10.1398001, 46.8638992 ], [ 10.1401997, 46.8740005 ], [ 10.1330004, 46.8755989 ], [ 10.1192999, 46.8815994 ], [ 10.1077995, 46.8949013 ], [ 10.1080999, 46.9067001 ], [ 10.0985003, 46.9193993 ], [ 10.0962, 46.9249992 ], [ 10.1049995, 46.9278984 ], [ 10.1119003, 46.9351997 ], [ 10.1227999, 46.9392014 ], [ 10.1322002, 46.9514999 ], [ 10.1351004, 46.9595985 ], [ 10.1343002, 46.9659004 ], [ 10.1443996, 46.9824982 ], [ 10.1590004, 46.9822998 ], [ 10.1539001, 46.9912987 ], [ 10.1585999, 46.9975014 ], [ 10.1527996, 47.0045013 ], [ 10.1393995, 47.0089989 ], [ 10.1393995, 47.0154991 ], [ 10.1287003, 47.0214005 ], [ 10.1283998, 47.0256004 ], [ 10.1353998, 47.030899 ], [ 10.1539001, 47.0415993 ], [ 10.1552, 47.0485992 ], [ 10.1506004, 47.0601006 ], [ 10.1452999, 47.0597 ], [ 10.1334, 47.0628014 ], [ 10.1324997, 47.0811005 ], [ 10.1382999, 47.0867996 ], [ 10.1424999, 47.0951996 ], [ 10.1540003, 47.1058006 ], [ 10.1567001, 47.1137009 ], [ 10.1612997, 47.112999 ], [ 10.1702995, 47.1184006 ], [ 10.1857004, 47.118 ], [ 10.1820002, 47.1264 ], [ 10.1952, 47.1409988 ], [ 10.2109003, 47.1479988 ], [ 10.2118998, 47.1579018 ], [ 10.1981001, 47.1834984 ], [ 10.1956997, 47.1930008 ], [ 10.1983995, 47.2005997 ], [ 10.2055998, 47.2042007 ], [ 10.2089996, 47.2089005 ], [ 10.2093, 47.2256012 ], [ 10.2075005, 47.2296982 ], [ 10.1970997, 47.2338982 ], [ 10.2007999, 47.239399 ], [ 10.2115002, 47.2470016 ], [ 10.2208004, 47.2476006 ], [ 10.2202997, 47.2523994 ], [ 10.2108002, 47.2552986 ], [ 10.1940002, 47.2569008 ], [ 10.1829004, 47.2655983 ], [ 10.1748328, 47.2790461 ], [ 10.1776, 47.27579 ], [ 10.20004, 47.27824 ], [ 10.21442, 47.28201 ], [ 10.23055, 47.28053 ], [ 10.25957, 47.29284 ], [ 10.28327, 47.30146 ], [ 10.29466, 47.30337 ], [ 10.31604, 47.31128 ], [ 10.3338, 47.31414 ], [ 10.34279, 47.31967 ], [ 10.35325, 47.34008 ], [ 10.3611899, 47.3492699 ], [ 10.37954, 47.35967 ], [ 10.3851, 47.37066 ], [ 10.39474, 47.37895 ], [ 10.41786, 47.38548 ], [ 10.42991, 47.38989 ], [ 10.43221, 47.3947 ], [ 10.42903, 47.40656 ], [ 10.43467, 47.41299 ], [ 10.45768, 47.43002 ], [ 10.46639, 47.43304 ], [ 10.47406, 47.43902 ], [ 10.47368, 47.44267 ], [ 10.46245, 47.4529 ], [ 10.46421, 47.47506 ], [ 10.45974, 47.4819 ], [ 10.44011, 47.48933 ], [ 10.42946, 47.50572 ], [ 10.42974, 47.51006 ], [ 10.44188, 47.53686 ], [ 10.44902, 47.55973 ], [ 10.44252, 47.56655 ], [ 10.43266, 47.57312 ], [ 10.43187, 47.5818 ], [ 10.43452, 47.58615 ], [ 10.44461, 47.58849 ], [ 10.47398, 47.58865 ], [ 10.47706, 47.58455 ], [ 10.46738, 47.57537 ], [ 10.4671, 47.57057 ], [ 10.45676, 47.56114 ], [ 10.45949, 47.55842 ], [ 10.49136, 47.54419 ], [ 10.51167, 47.53836 ], [ 10.52719, 47.53729 ], [ 10.5555, 47.53879 ], [ 10.56799, 47.53771 ], [ 10.57437, 47.54002 ], [ 10.58831, 47.56293 ], [ 10.60748, 47.56894 ], [ 10.63519, 47.56403 ], [ 10.65543, 47.56456 ], [ 10.68345, 47.56261 ], [ 10.70077, 47.54874 ], [ 10.73187, 47.53856 ], [ 10.75042, 47.5377 ], [ 10.75753, 47.53452 ], [ 10.76805, 47.52381 ], [ 10.78089, 47.51974 ], [ 10.79773, 47.5207 ], [ 10.82161, 47.53012 ], [ 10.84048, 47.53268 ], [ 10.86169, 47.53843 ], [ 10.88632, 47.53757 ], [ 10.90117, 47.53371 ], [ 10.91301, 47.52413 ], [ 10.91538, 47.5198 ], [ 10.91068, 47.51568 ], [ 10.87667, 47.50968 ], [ 10.87263, 47.50671 ], [ 10.86629, 47.49458 ], [ 10.87273, 47.48797 ], [ 10.88351, 47.48731 ], [ 10.89832, 47.48985 ], [ 10.92494, 47.48829 ], [ 10.93271, 47.48419 ], [ 10.9351, 47.47483 ], [ 10.94558, 47.46273 ], [ 10.98067, 47.4381 ], [ 10.98237, 47.43308 ], [ 10.97669, 47.41822 ], [ 10.97166, 47.4109 ], [ 10.97841, 47.40497 ], [ 10.98716, 47.40156 ], [ 10.99457, 47.40157 ], [ 11.00599, 47.40454 ], [ 11.02585, 47.40113 ], [ 11.0393, 47.40228 ], [ 11.06554, 47.40275 ], [ 11.09682, 47.40161 ], [ 11.11331, 47.40253 ], [ 11.12071, 47.40688 ], [ 11.12138, 47.41669 ], [ 11.1345, 47.42172 ], [ 11.16849, 47.42994 ], [ 11.19576, 47.43403 ], [ 11.20216, 47.43928 ], [ 11.23986, 47.43902 ], [ 11.24759, 47.43329 ], [ 11.23344, 47.42166 ], [ 11.22467, 47.4091 ], [ 11.22634, 47.40408 ], [ 11.26402, 47.40426 ], [ 11.28422, 47.41109 ], [ 11.28895, 47.42113 ], [ 11.28864, 47.4305 ], [ 11.29506, 47.43666 ], [ 11.31425, 47.43823 ], [ 11.3247, 47.44369 ], [ 11.33147, 47.45374 ], [ 11.34024, 47.45646 ], [ 11.35875, 47.45528 ], [ 11.3658, 47.45069 ], [ 11.37558, 47.45501 ], [ 11.38871, 47.45384 ], [ 11.39478, 47.45612 ], [ 11.4116, 47.45173 ], [ 11.42572, 47.44941 ], [ 11.41333, 47.46201 ], [ 11.41104, 47.47481 ], [ 11.39317, 47.47188 ], [ 11.3851, 47.47533 ], [ 11.38378, 47.48081 ], [ 11.38853, 47.48811 ], [ 11.40203, 47.49334 ], [ 11.41932, 47.51431 ], [ 11.43891, 47.52248 ], [ 11.4554, 47.51649 ], [ 11.48774, 47.5132 ], [ 11.50425, 47.51269 ], [ 11.51372, 47.51815 ], [ 11.53259, 47.51694 ], [ 11.55317, 47.51823 ], [ 11.57039, 47.52205 ], [ 11.58833, 47.53135 ], [ 11.58406, 47.54599 ], [ 11.58788, 47.55922 ], [ 11.607, 47.5861 ], [ 11.61549, 47.59224 ], [ 11.63439, 47.59215 ], [ 11.63915, 47.59578 ], [ 11.65562, 47.58794 ], [ 11.68432, 47.58918 ], [ 11.69818, 47.59118 ], [ 11.74712, 47.59116 ], [ 11.77449, 47.59375 ], [ 11.78462, 47.5937 ], [ 11.8092, 47.58877 ], [ 11.83853, 47.5863 ], [ 11.84428, 47.58741 ], [ 11.84774, 47.59356 ], [ 11.84955, 47.6036 ], [ 11.85296, 47.60586 ], [ 11.87255, 47.6062 ], [ 11.88849, 47.61227 ], [ 11.91357, 47.6185 ], [ 11.95206, 47.61778 ], [ 11.96963, 47.6188 ], [ 11.97704, 47.61715 ], [ 11.9859, 47.62279 ], [ 11.99879, 47.62567 ], [ 12.00992, 47.62514 ], [ 12.02227, 47.61568 ], [ 12.04294, 47.62032 ], [ 12.05034, 47.61843 ], [ 12.06355, 47.62062 ], [ 12.0911, 47.61217 ], [ 12.1168, 47.61424 ], [ 12.13563, 47.60975 ], [ 12.16063, 47.61697 ], [ 12.20596, 47.62544 ], [ 12.19865, 47.64653 ], [ 12.19281, 47.65778 ], [ 12.17809, 47.67985 ], [ 12.17083, 47.68815 ], [ 12.16529, 47.70189 ], [ 12.17485, 47.70306 ], [ 12.18819, 47.71071 ], [ 12.20616, 47.71307 ], [ 12.22119, 47.72047 ], [ 12.2422, 47.73923 ], [ 12.25381, 47.74415 ], [ 12.26024, 47.74409 ], [ 12.26517, 47.73673 ], [ 12.24698, 47.70721 ], [ 12.24536, 47.69375 ], [ 12.24928, 47.68686 ], [ 12.25528, 47.68269 ], [ 12.2637, 47.68124 ], [ 12.29002, 47.6947 ], [ 12.33003, 47.69955 ], [ 12.35631, 47.69494 ], [ 12.36599, 47.68937 ], [ 12.37442, 47.68814 ], [ 12.38767, 47.69097 ], [ 12.41693, 47.69889 ], [ 12.4298, 47.69965 ], [ 12.44122, 47.69611 ], [ 12.44358, 47.68124 ], [ 12.47325, 47.64961 ], [ 12.48789, 47.64032 ], [ 12.49442, 47.63088 ], [ 12.5004, 47.62693 ], [ 12.51123, 47.62771 ], [ 12.53515, 47.6384 ], [ 12.55272, 47.63865 ], [ 12.57361, 47.63612 ], [ 12.5773634, 47.6389233 ] ] ] ] } },
{ "type": "Feature", "properties": { "POLYGON_ID": "AUT_GAUL2011_ADM1_485", "ADM0_ISO3": "AUT", "ADM0_NAME": "Austria", "ADM0_CODE": 18, "ADM1_NAME": "Vorarlberg", "ADM1_CODE": 485, "GEOSET": "GAUL", "GEOSET_YEAR": 2011.0, "GEOSET_VERSION": "GAUL_v1", "GEOSET_UNIT": "ADM1", "CENTROID_LONG": 9.8941854878682989, "CENTROID_LAT": 47.243266825309888 }, "geometry": { "type": "MultiPolygon", "coordinates": [ [ [ [ 10.1748328, 47.2790461 ], [ 10.1829004, 47.2655983 ], [ 10.1940002, 47.2569008 ], [ 10.2108002, 47.2552986 ], [ 10.2202997, 47.2523994 ], [ 10.2208004, 47.2476006 ], [ 10.2115002, 47.2470016 ], [ 10.2007999, 47.239399 ], [ 10.1970997, 47.2338982 ], [ 10.2075005, 47.2296982 ], [ 10.2093, 47.2256012 ], [ 10.2089996, 47.2089005 ], [ 10.2055998, 47.2042007 ], [ 10.1983995, 47.2005997 ], [ 10.1956997, 47.1930008 ], [ 10.1981001, 47.1834984 ], [ 10.2118998, 47.1579018 ], [ 10.2109003, 47.1479988 ], [ 10.1952, 47.1409988 ], [ 10.1820002, 47.1264 ], [ 10.1857004, 47.118 ], [ 10.1702995, 47.1184006 ], [ 10.1612997, 47.112999 ], [ 10.1567001, 47.1137009 ], [ 10.1540003, 47.1058006 ], [ 10.1424999, 47.0951996 ], [ 10.1382999, 47.0867996 ], [ 10.1324997, 47.0811005 ], [ 10.1334, 47.0628014 ], [ 10.1452999, 47.0597 ], [ 10.1506004, 47.0601006 ], [ 10.1552, 47.0485992 ], [ 10.1539001, 47.0415993 ], [ 10.1353998, 47.030899 ], [ 10.1283998, 47.0256004 ], [ 10.1287003, 47.0214005 ], [ 10.1393995, 47.0154991 ], [ 10.1393995, 47.0089989 ], [ 10.1527996, 47.0045013 ], [ 10.1585999, 46.9975014 ], [ 10.1539001, 46.9912987 ], [ 10.1590004, 46.9822998 ], [ 10.1443996, 46.9824982 ], [ 10.1343002, 46.9659004 ], [ 10.1351004, 46.9595985 ], [ 10.1322002, 46.9514999 ], [ 10.1227999, 46.9392014 ], [ 10.1119003, 46.9351997 ], [ 10.1049995, 46.9278984 ], [ 10.0962, 46.9249992 ], [ 10.0985003, 46.9193993 ], [ 10.1080999, 46.9067001 ], [ 10.1077995, 46.8949013 ], [ 10.1192999, 46.8815994 ], [ 10.1330004, 46.8755989 ], [ 10.1401997, 46.8740005 ], [ 10.1398001, 46.8638992 ], [ 10.1459554, 46.8510853 ], [ 10.13453, 46.84893 ], [ 10.11621, 46.84901 ], [ 10.10458, 46.84731 ], [ 10.07995, 46.86379 ], [ 10.06162, 46.86409 ], [ 10.05355, 46.86791 ], [ 10.04227, 46.88266 ], [ 10.0223, 46.8978 ], [ 10.00589, 46.90177 ], [ 9.99387, 46.90212 ], [ 9.97595, 46.91452 ], [ 9.96093, 46.91461 ], [ 9.94989, 46.91633 ], [ 9.94194, 46.91374 ], [ 9.92247, 46.91996 ], [ 9.90697, 46.92711 ], [ 9.88746, 46.93446 ], [ 9.88346, 46.93442 ], [ 9.87463, 46.94073 ], [ 9.87757, 46.95882 ], [ 9.87136, 46.9679 ], [ 9.88065, 46.98537 ], [ 9.8897, 46.99917 ], [ 9.87341, 47.01068 ], [ 9.87725, 47.01826 ], [ 9.87442, 47.02509 ], [ 9.86504, 47.02613 ], [ 9.83286, 47.01574 ], [ 9.79777, 47.03022 ], [ 9.78349, 47.04035 ], [ 9.76839, 47.0427 ], [ 9.75637, 47.0421 ], [ 9.74091, 47.04559 ], [ 9.71777, 47.04852 ], [ 9.6673, 47.06096 ], [ 9.64185, 47.06225 ], [ 9.62693, 47.05727 ], [ 9.60366, 47.06155 ], [ 9.60682, 47.07119 ], [ 9.61357, 47.08134 ], [ 9.62968, 47.09205 ], [ 9.63219, 47.09825 ], [ 9.62392, 47.11964 ], [ 9.62666, 47.12973 ], [ 9.61831, 47.15363 ], [ 9.6059, 47.15462 ], [ 9.5941295, 47.1684102 ], [ 9.56944, 47.17679 ], [ 9.5736, 47.1837 ], [ 9.5723, 47.19442 ], [ 9.58069, 47.20596 ], [ 9.57989, 47.21074 ], [ 9.56004, 47.22513 ], [ 9.5552, 47.23032 ], [ 9.56321, 47.24367 ], [ 9.56037, 47.24912 ], [ 9.53591, 47.27354 ], [ 9.55037, 47.28468 ], [ 9.56127, 47.30378 ], [ 9.5674898, 47.3095598 ], [ 9.58405, 47.31729 ], [ 9.59287, 47.32653 ], [ 9.59403, 47.33385 ], [ 9.60273, 47.34789 ], [ 9.62166, 47.36912 ], [ 9.62469, 47.37497 ], [ 9.66396, 47.37802 ], [ 9.67287, 47.38769 ], [ 9.66946, 47.39215 ], [ 9.65261, 47.40381 ], [ 9.6561, 47.41564 ], [ 9.65088, 47.43684 ], [ 9.65303, 47.44531 ], [ 9.6589, 47.45269 ], [ 9.6486, 47.46126 ], [ 9.62937, 47.46356 ], [ 9.61535, 47.473 ], [ 9.60099, 47.46896 ], [ 9.59277, 47.47481 ], [ 9.58613, 47.48455 ], [ 9.57583, 47.49243 ], [ 9.55703, 47.51119 ], [ 9.54375, 47.53935 ], [ 9.54433, 47.54256 ], [ 9.56705, 47.5385 ], [ 9.58956, 47.52942 ], [ 9.62777, 47.52555 ], [ 9.66886, 47.52718 ], [ 9.69141, 47.52882 ], [ 9.72164, 47.5335 ], [ 9.73298, 47.53456 ], [ 9.74293, 47.55567 ], [ 9.75437, 47.5711 ], [ 9.76054, 47.58121 ], [ 9.7685, 47.58932 ], [ 9.78697, 47.59341 ], [ 9.80491, 47.59109 ], [ 9.81925, 47.58416 ], [ 9.82459, 47.57256 ], [ 9.82385, 47.56114 ], [ 9.81558, 47.55396 ], [ 9.81941, 47.54898 ], [ 9.85214, 47.54841 ], [ 9.87101, 47.53443 ], [ 9.88964, 47.54582 ], [ 9.9021, 47.54686 ], [ 9.91026, 47.54374 ], [ 9.92431, 47.53383 ], [ 9.94068, 47.54084 ], [ 9.95081, 47.54002 ], [ 9.95762, 47.53734 ], [ 9.96452, 47.5461 ], [ 9.97017, 47.55003 ], [ 9.97597, 47.54665 ], [ 9.97688, 47.51902 ], [ 9.99065, 47.50544 ], [ 9.99285, 47.49656 ], [ 10.00311, 47.48911 ], [ 10.03139, 47.49027 ], [ 10.04796, 47.48745 ], [ 10.05366, 47.47128 ], [ 10.07248, 47.4559 ], [ 10.09233, 47.45653 ], [ 10.09506, 47.45495 ], [ 10.09733, 47.44149 ], [ 10.10049, 47.43443 ], [ 10.09488, 47.42822 ], [ 10.07891, 47.41849 ], [ 10.06854, 47.41543 ], [ 10.08746, 47.39342 ], [ 10.09197, 47.3857 ], [ 10.09707, 47.36449 ], [ 10.10381, 47.36409 ], [ 10.11014, 47.36734 ], [ 10.1197, 47.37724 ], [ 10.12473, 47.3782 ], [ 10.14303, 47.37035 ], [ 10.16183, 47.37187 ], [ 10.16744, 47.37808 ], [ 10.16652, 47.39247 ], [ 10.18597, 47.39604 ], [ 10.19752, 47.38905 ], [ 10.22137, 47.39082 ], [ 10.23327, 47.38291 ], [ 10.23238, 47.37514 ], [ 10.22021, 47.35906 ], [ 10.2106, 47.35053 ], [ 10.20114, 47.3331 ], [ 10.20159, 47.32669 ], [ 10.21246, 47.31901 ], [ 10.2129, 47.31285 ], [ 10.20128, 47.30499 ], [ 10.17892, 47.29636 ], [ 10.17099, 47.289 ], [ 10.1748328, 47.2790461 ] ] ] ] } },
{ "type": "Feature", "properties": { "POLYGON_ID": "AUT_GAUL2011_ADM1_486", "ADM0_ISO3": "AUT", "ADM0_NAME": "Austria", "ADM0_CODE": 18, "ADM1_NAME": "Wien", "ADM1_CODE": 486, "GEOSET": "GAUL", "GEOSET_YEAR": 2011.0, "GEOSET_VERSION": "GAUL_v1", "GEOSET_UNIT": "ADM1", "CENTROID_LONG": 16.377610264168101, "CENTROID_LAT": 48.207887767138878 }, "geometry": { "type": "MultiPolygon", "coordinates": [ [ [ [ 16.3773003, 48.2893982 ], [ 16.3729, 48.2957001 ], [ 16.3812008, 48.3063011 ], [ 16.3735008, 48.3134003 ], [ 16.3766994, 48.3179016 ], [ 16.3859005, 48.3224983 ], [ 16.4018993, 48.3177986 ], [ 16.4190006, 48.3212013 ], [ 16.4356995, 48.3154984 ], [ 16.4416008, 48.3033981 ], [ 16.4433002, 48.2911987 ], [ 16.4757004, 48.2747993 ], [ 16.4813995, 48.2798996 ], [ 16.4792004, 48.2883987 ], [ 16.4822006, 48.2924004 ], [ 16.4962006, 48.2913017 ], [ 16.5112, 48.286499 ], [ 16.5137997, 48.2826004 ], [ 16.5079994, 48.2725983 ], [ 16.5188999, 48.2668991 ], [ 16.5219994, 48.2625008 ], [ 16.5293007, 48.2608986 ], [ 16.5398006, 48.2621994 ], [ 16.5468006, 48.2607002 ], [ 16.5419998, 48.2490997 ], [ 16.5421009, 48.2420006 ], [ 16.5478992, 48.2420006 ], [ 16.5526009, 48.237999 ], [ 16.5454998, 48.2266006 ], [ 16.5471992, 48.2184982 ], [ 16.5445004, 48.2117004 ], [ 16.5368996, 48.2015991 ], [ 16.5396996, 48.1931992 ], [ 16.5363007, 48.1806984 ], [ 16.5494995, 48.1773987 ], [ 16.5464993, 48.1702995 ], [ 16.5505009, 48.1629982 ], [ 16.5617008, 48.1608009 ], [ 16.5680008, 48.1623993 ], [ 16.5746002, 48.1594009 ], [ 16.5778999, 48.1488991 ], [ 16.5781002, 48.1418991 ], [ 16.5750008, 48.1349983 ], [ 16.5433998, 48.1418991 ], [ 16.5314999, 48.1506996 ], [ 16.5139008, 48.1580009 ], [ 16.5025005, 48.1557007 ], [ 16.4855003, 48.156601 ], [ 16.4794998, 48.1539001 ], [ 16.4542999, 48.1376991 ], [ 16.4330006, 48.1361008 ], [ 16.4333992, 48.1251984 ], [ 16.4361, 48.1188011 ], [ 16.4228001, 48.1217003 ], [ 16.4057007, 48.1198006 ], [ 16.3876991, 48.1245995 ], [ 16.3600998, 48.1281013 ], [ 16.3495998, 48.1318016 ], [ 16.3276005, 48.1362 ], [ 16.3190994, 48.1217995 ], [ 16.3125, 48.1188011 ], [ 16.3003006, 48.1235008 ], [ 16.2987003, 48.1273003 ], [ 16.2728996, 48.1323013 ], [ 16.2654991, 48.1320992 ], [ 16.2577991, 48.1283989 ], [ 16.2485008, 48.1286011 ], [ 16.2352009, 48.1267014 ], [ 16.2257004, 48.1228981 ], [ 16.2226009, 48.1290016 ], [ 16.2381992, 48.1323013 ], [ 16.2371006, 48.1352005 ], [ 16.2210999, 48.1343994 ], [ 16.2103004, 48.1487007 ], [ 16.2168999, 48.1537018 ], [ 16.2054005, 48.1553001 ], [ 16.1986008, 48.1543999 ], [ 16.1928005, 48.1666985 ], [ 16.1839008, 48.1692009 ], [ 16.198, 48.1825981 ], [ 16.2007999, 48.1870003 ], [ 16.2019005, 48.2006989 ], [ 16.1968994, 48.2050018 ], [ 16.1979008, 48.2108002 ], [ 16.1951008, 48.2164001 ], [ 16.1973991, 48.2219009 ], [ 16.1833992, 48.2224998 ], [ 16.1961994, 48.2288017 ], [ 16.1947994, 48.2341003 ], [ 16.1984005, 48.2496986 ], [ 16.2050991, 48.2545013 ], [ 16.2052994, 48.2613983 ], [ 16.2205009, 48.2566986 ], [ 16.2378998, 48.2467003 ], [ 16.2373009, 48.2416 ], [ 16.2423, 48.2378998 ], [ 16.2560005, 48.2406006 ], [ 16.2646008, 48.2458 ], [ 16.2705994, 48.2551003 ], [ 16.2833996, 48.2583008 ], [ 16.2917004, 48.2626991 ], [ 16.2879009, 48.269001 ], [ 16.3139, 48.274601 ], [ 16.3183002, 48.2787018 ], [ 16.3325996, 48.2826996 ], [ 16.3479004, 48.2887993 ], [ 16.3540993, 48.2826004 ], [ 16.3642006, 48.2785988 ], [ 16.3700008, 48.2799988 ], [ 16.3689003, 48.2859993 ], [ 16.3773003, 48.2893982 ] ] ] ] } }
]
}
