{
"type": "FeatureCollection",
"name": "CAF_GAUL2012_ADM1",
"crs": { "type": "name", "properties": { "name": "urn:ogc:def:crs:OGC:1.3:CRS84" } },
"features": [
{ "type": "Feature", "properties": { "POLYGON_ID": "CAF_GAUL2012_ADM1_853", "ADM0_ISO3": "CAF", "ADM0_NAME": "Central African Republic", "ADM0_CODE": 49, "ADM1_NAME": "Bamingui-Bangoran", "ADM1_CODE": 853, "GEOSET": "GAUL", "GEOSET_YEAR": 2012.0, "GEOSET_VERSION": "GAUL_v1", "GEOSET_UNIT": "ADM1", "CENTROID_LONG": 20.573507922950441, "CENTROID_LAT": 8.4213243515692096 }, "geometry": { "type": "MultiPolygon", "coordinates": [ [ [ [ 22.391106, 8.591657 ], [ 22.372215, 8.567773 ], [ 22.168605, 8.581942 ], [ 22.075277, 8.623329 ], [ 22.002218, 8.604719 ], [ 21.972222, 8.575547 ], [ 21.956108, 8.524158 ], [ 21.963326, 8.481383 ], [ 21.992216, 8.436937 ], [ 22.000274, 8.386661 ], [ 21.961659, 8.30416 ], [ 21.9625, 8.268048 ], [ 21.989715, 8.218328 ], [ 21.899157, 8.195825 ], [ 21.852775, 8.213329 ], [ 21.827775, 8.270553 ], [ 21.779996, 8.305828 ], [ 21.770832, 8.333047 ], [ 21.725152, 8.329879 ], [ 21.682775, 8.295554 ], [ 21.618886, 8.281381 ], [ 21.60166, 8.235828 ], [ 21.541109, 8.255827 ], [ 21.479992, 8.252492 ], [ 21.47444, 8.217493 ], [ 21.393879, 8.169998 ], [ 21.378608, 8.149999 ], [ 21.400824, 8.093882 ], [ 21.452774, 8.000547 ], [ 21.121941, 7.999714 ], [ 21.131107, 7.916661 ], [ 21.102499, 7.839442 ], [ 21.125548, 7.798885 ], [ 21.130826, 7.703324 ], [ 21.109159, 7.687216 ], [ 21.090554, 7.619998 ], [ 21.06083, 7.601108 ], [ 21.054994, 7.563051 ], [ 21.075271, 7.504441 ], [ 21.019438, 7.460825 ], [ 20.954436, 7.362776 ], [ 20.923123, 7.339715 ], [ 20.877496, 7.267495 ], [ 20.79583, 7.22555 ], [ 20.723049, 7.24861 ], [ 20.67638, 7.234999 ], [ 20.656935, 7.164717 ], [ 20.634718, 7.123888 ], [ 20.567772, 7.067773 ], [ 20.523609, 7.068886 ], [ 20.444999, 7.017773 ], [ 20.413884, 7.039715 ], [ 20.345551, 7.018055 ], [ 20.312499, 7.034719 ], [ 20.231382, 7.033049 ], [ 20.211109, 7.06027 ], [ 20.169996, 7.069442 ], [ 20.158609, 7.092492 ], [ 20.129439, 7.095825 ], [ 20.034444, 7.167769 ], [ 20.004992, 7.207216 ], [ 19.947216, 7.223602 ], [ 19.901661, 7.26666 ], [ 19.894165, 7.338332 ], [ 19.848608, 7.361662 ], [ 19.808607, 7.404999 ], [ 19.802491, 7.432219 ], [ 19.765269, 7.434443 ], [ 19.757495, 7.505555 ], [ 19.706384, 7.556663 ], [ 19.666105, 7.544165 ], [ 19.627498, 7.569718 ], [ 19.589722, 7.567773 ], [ 19.578052, 7.606666 ], [ 19.595549, 7.644717 ], [ 19.50055, 7.736381 ], [ 19.466937, 7.723052 ], [ 19.394717, 7.76305 ], [ 19.36333, 7.745829 ], [ 19.329715, 7.787218 ], [ 19.344721, 7.826658 ], [ 19.322217, 7.879158 ], [ 19.353051, 7.910547 ], [ 19.334718, 7.943882 ], [ 19.358332, 7.968604 ], [ 19.344162, 8.014715 ], [ 19.377772, 8.034159 ], [ 19.35083, 8.073054 ], [ 19.36444, 8.094721 ], [ 19.339166, 8.160826 ], [ 19.279162, 8.212493 ], [ 19.220827, 8.342219 ], [ 19.145825, 8.405831 ], [ 19.135547, 8.442221 ], [ 19.105551, 8.468606 ], [ 19.099436, 8.523327 ], [ 19.074716, 8.569158 ], [ 19.0463349, 8.5750675 ], [ 19.04647, 8.57549 ], [ 19.04606, 8.59706 ], [ 19.0492, 8.60249 ], [ 19.07031, 8.6401 ], [ 19.07778, 8.64081 ], [ 19.08362, 8.64918 ], [ 19.0942728, 8.6525809 ], [ 19.09662, 8.65769 ], [ 19.0998758, 8.6604566 ], [ 19.12145, 8.67536 ], [ 19.1182485, 8.6770152 ], [ 19.11586, 8.67825 ], [ 19.1125077, 8.6819013 ], [ 19.10902, 8.6857 ], [ 19.1055408, 8.6927012 ], [ 19.10495, 8.69389 ], [ 19.10509, 8.69872 ], [ 19.09976, 8.69954 ], [ 19.08224, 8.71047 ], [ 19.0818162, 8.7105522 ], [ 19.08126, 8.71066 ], [ 19.07128, 8.71262 ], [ 19.0595189, 8.7157907 ], [ 19.0594438, 8.7158398 ], [ 19.04175, 8.7274 ], [ 19.0332891, 8.7355117 ], [ 19.0301527, 8.7414654 ], [ 19.01963, 8.76144 ], [ 18.97037, 8.78141 ], [ 18.96286, 8.78641 ], [ 18.96036, 8.78807 ], [ 18.958668, 8.7904655 ], [ 18.95656, 8.79345 ], [ 18.9523, 8.80918 ], [ 18.9466, 8.81276 ], [ 18.94267, 8.81262 ], [ 18.93591, 8.81002 ], [ 18.90972, 8.80694 ], [ 18.90712, 8.81459 ], [ 18.8881544, 8.8510676 ], [ 18.88386, 8.84822 ], [ 18.88075, 8.84369 ], [ 18.8813663, 8.8404612 ], [ 18.87148, 8.84275 ], [ 18.8686222, 8.849255 ], [ 18.86862, 8.84926 ], [ 18.86587, 8.85001 ], [ 18.86357, 8.85052 ], [ 18.8667594, 8.8629602 ], [ 18.86553, 8.86588 ], [ 18.86566, 8.87139 ], [ 18.8683, 8.8757 ], [ 18.8823, 8.88113 ], [ 18.89266, 8.88963 ], [ 18.9197547, 8.9238726 ], [ 18.9226274, 8.9259481 ], [ 18.96035, 8.92762 ], [ 18.961451, 8.9310109 ], [ 18.9661, 8.93599 ], [ 18.968509, 8.9402981 ], [ 18.97594, 8.94151 ], [ 18.97748, 8.94837 ], [ 18.98144, 8.95365 ], [ 18.98377, 8.96835 ], [ 18.98758, 8.97518 ], [ 18.991111, 8.9779637 ], [ 19.0042094, 8.9770303 ], [ 19.0065862, 8.9774726 ], [ 19.00974, 8.97806 ], [ 19.0232792, 8.9950743 ], [ 19.0253537, 8.9959629 ], [ 19.05922, 8.99639 ], [ 19.06655, 9.0046 ], [ 19.07768, 9.01491 ], [ 19.09167, 9.02045 ], [ 19.0956161, 9.0196008 ], [ 19.1240569, 9.0056484 ], [ 19.12455, 9.00543 ], [ 19.12729, 9.00686 ], [ 19.1372731, 9.0053992 ], [ 19.14115, 9.00711 ], [ 19.1698591, 9.0170498 ], [ 19.1733749, 9.0221082 ], [ 19.24088, 9.0259 ], [ 19.25267, 9.02588 ], [ 19.2675676, 9.0152412 ], [ 19.27046, 9.01333 ], [ 19.272351, 9.0127134 ], [ 19.3092371, 9.0078 ], [ 19.3188455, 9.0104957 ], [ 19.3904224, 9.0171416 ], [ 19.39567, 9.01829 ], [ 19.3986285, 9.0225116 ], [ 19.40106, 9.02599 ], [ 19.4327375, 9.0266248 ], [ 19.4390978, 9.0311884 ], [ 19.451394, 9.0250098 ], [ 19.4581458, 9.0255397 ], [ 19.4592095, 9.0177537 ], [ 19.4697455, 9.0180976 ], [ 19.4864853, 9.0188463 ], [ 19.4882764, 9.0205366 ], [ 19.49328, 9.01827 ], [ 19.4941, 9.01834 ], [ 19.49728, 9.02115 ], [ 19.49894, 9.03197 ], [ 19.502092, 9.0339111 ], [ 19.50676, 9.03417 ], [ 19.5107406, 9.032106 ], [ 19.54255, 9.02306 ], [ 19.5543593, 9.0351993 ], [ 19.56867, 9.03636 ], [ 19.5711012, 9.0380281 ], [ 19.57278, 9.03918 ], [ 19.57762, 9.03995 ], [ 19.602, 9.0194 ], [ 19.61444, 9.02148 ], [ 19.63137, 9.01836 ], [ 19.6437199, 9.0227854 ], [ 19.6666776, 9.0204211 ], [ 19.6692061, 9.0205817 ], [ 19.7091991, 9.0328179 ], [ 19.7199069, 9.0405778 ], [ 19.72146, 9.04447 ], [ 19.7349512, 9.0443506 ], [ 19.74366, 9.04886 ], [ 19.7609261, 9.0496886 ], [ 19.76329, 9.05031 ], [ 19.7717141, 9.0565029 ], [ 19.77288, 9.05736 ], [ 19.82246, 9.06434 ], [ 19.82871, 9.04951 ], [ 19.835506, 9.0434123 ], [ 19.8419692, 9.0439699 ], [ 19.8446462, 9.0474655 ], [ 19.84945, 9.05374 ], [ 19.852431, 9.0564043 ], [ 19.85651, 9.06005 ], [ 19.86453, 9.06454 ], [ 19.92714, 9.0608 ], [ 19.93066, 9.06793 ], [ 19.93542, 9.08438 ], [ 19.93943, 9.08708 ], [ 19.9408098, 9.0877846 ], [ 19.94178, 9.08828 ], [ 19.9476207, 9.0884697 ], [ 19.95748, 9.08879 ], [ 19.98031, 9.09196 ], [ 19.9853597, 9.0952726 ], [ 19.98716, 9.09645 ], [ 19.9978879, 9.1163961 ], [ 20.00709, 9.1029 ], [ 20.0086939, 9.1044958 ], [ 20.00907, 9.10487 ], [ 20.0112784, 9.1115652 ], [ 20.0109722, 9.1241705 ], [ 20.01244, 9.12606 ], [ 20.0365404, 9.1290876 ], [ 20.04691, 9.14035 ], [ 20.04832, 9.14088 ], [ 20.05265, 9.1425 ], [ 20.05775, 9.14166 ], [ 20.08146, 9.13328 ], [ 20.08808, 9.13889 ], [ 20.1331766, 9.1381074 ], [ 20.13919, 9.13803 ], [ 20.1474795, 9.1406799 ], [ 20.15276, 9.13897 ], [ 20.17989, 9.13753 ], [ 20.187854, 9.1386436 ], [ 20.23869, 9.1459 ], [ 20.27364, 9.1221 ], [ 20.3647858, 9.1337197 ], [ 20.37801, 9.14002 ], [ 20.3798642, 9.1416122 ], [ 20.38176, 9.14324 ], [ 20.43423, 9.15388 ], [ 20.44386, 9.15952 ], [ 20.45025, 9.16558 ], [ 20.4552324, 9.172501 ], [ 20.45593, 9.17347 ], [ 20.4628359, 9.1964156 ], [ 20.46805, 9.21374 ], [ 20.4703, 9.22121 ], [ 20.4827499, 9.2411298 ], [ 20.4829054, 9.2414447 ], [ 20.49805, 9.27211 ], [ 20.49773, 9.27854 ], [ 20.49153, 9.29224 ], [ 20.49123, 9.29683 ], [ 20.4957918, 9.304244 ], [ 20.49622, 9.30494 ], [ 20.56066, 9.32967 ], [ 20.56737, 9.33022 ], [ 20.5693366, 9.3317847 ], [ 20.57148, 9.33349 ], [ 20.5751487, 9.3402046 ], [ 20.60433, 9.31646 ], [ 20.63786, 9.3178 ], [ 20.6401301, 9.3222565 ], [ 20.6258897, 9.3384371 ], [ 20.62625, 9.33902 ], [ 20.6303896, 9.3409098 ], [ 20.6412763, 9.3399003 ], [ 20.64772, 9.34228 ], [ 20.64965, 9.34587 ], [ 20.6509361, 9.3551177 ], [ 20.65202, 9.36737 ], [ 20.6542919, 9.3732726 ], [ 20.6655361, 9.3973477 ], [ 20.66689, 9.39835 ], [ 20.7329344, 9.3972414 ], [ 20.73356, 9.39734 ], [ 20.7542013, 9.3993436 ], [ 20.76081, 9.40113 ], [ 20.7677613, 9.4075313 ], [ 20.76811, 9.42809 ], [ 20.78036, 9.42939 ], [ 20.804442, 9.4425478 ], [ 20.811386, 9.4347579 ], [ 20.819599, 9.4285364 ], [ 20.8202234, 9.4286894 ], [ 20.820359, 9.428715 ], [ 20.8213186, 9.4250094 ], [ 20.8224112, 9.4188742 ], [ 20.822822, 9.413982 ], [ 20.828016, 9.404322 ], [ 20.844898, 9.383714 ], [ 20.88888, 9.37638 ], [ 20.928328, 9.42805 ], [ 21.006389, 9.45944 ], [ 21.045272, 9.526387 ], [ 21.104715, 9.555828 ], [ 21.209442, 9.564994 ], [ 21.258882, 9.583332 ], [ 21.295268, 9.616387 ], [ 21.311937, 9.656938 ], [ 21.355277, 9.696109 ], [ 21.432219, 9.735551 ], [ 21.456384, 9.774716 ], [ 21.497217, 9.768883 ], [ 21.510277, 9.730829 ], [ 21.504717, 9.692216 ], [ 21.519162, 9.608884 ], [ 21.535831, 9.589717 ], [ 21.615555, 9.596386 ], [ 21.641383, 9.55194 ], [ 21.706388, 9.496103 ], [ 21.712771, 9.461939 ], [ 21.77722, 9.404996 ], [ 21.792499, 9.301383 ], [ 21.818885, 9.27555 ], [ 21.847493, 9.186662 ], [ 21.901107, 9.157215 ], [ 21.931664, 9.110549 ], [ 21.988051, 9.080824 ], [ 22.014721, 9.012496 ], [ 22.089436, 8.969994 ], [ 22.081941, 8.936105 ], [ 22.122498, 8.763606 ], [ 22.188052, 8.725829 ], [ 22.210833, 8.701937 ], [ 22.281943, 8.681386 ], [ 22.368328, 8.674163 ], [ 22.393326, 8.65083 ], [ 22.391106, 8.591657 ] ] ] ] } },
{ "type": "Feature", "properties": { "POLYGON_ID": "CAF_GAUL2012_ADM1_67154", "ADM0_ISO3": "CAF", "ADM0_NAME": "Central African Republic", "ADM0_CODE": 49, "ADM1_NAME": "Bangui", "ADM1_CODE": 67154, "GEOSET": "GAUL", "GEOSET_YEAR": 2012.0, "GEOSET_VERSION": "GAUL_v1", "GEOSET_UNIT": "ADM1", "CENTROID_LONG": 18.568889894439479, "CENTROID_LAT": 4.376848544305191 }, "geometry": { "type": "MultiPolygon", "coordinates": [ [ [ [ 18.624274, 4.3571058 ], [ 18.6199965, 4.3567494 ], [ 18.6135782, 4.3617413 ], [ 18.6082024, 4.3694106 ], [ 18.560806, 4.3489048 ], [ 18.5423095, 4.3168945 ], [ 18.5423416, 4.3167447 ], [ 18.541938, 4.317184 ], [ 18.539882, 4.320822 ], [ 18.538214, 4.322742 ], [ 18.536502, 4.326421 ], [ 18.528062, 4.374047 ], [ 18.543774, 4.422486 ], [ 18.619122, 4.390787 ], [ 18.631768, 4.375827 ], [ 18.624134, 4.363103 ], [ 18.62415, 4.360956 ], [ 18.624232, 4.358739 ], [ 18.624274, 4.3571058 ] ] ] ] } },
{ "type": "Feature", "properties": { "POLYGON_ID": "CAF_GAUL2012_ADM1_854", "ADM0_ISO3": "CAF", "ADM0_NAME": "Central African Republic", "ADM0_CODE": 49, "ADM1_NAME": "Basse-Kotto", "ADM1_CODE": 854, "GEOSET": "GAUL", "GEOSET_YEAR": 2012.0, "GEOSET_VERSION": "GAUL_v1", "GEOSET_UNIT": "ADM1", "CENTROID_LONG": 21.360721258248645, "CENTROID_LAT": 4.8963710491574357 }, "geometry": { "type": "MultiPolygon", "coordinates": [ [ [ [ 21.662769, 5.549161 ], [ 21.751661, 5.541661 ], [ 21.900368, 5.4770561 ], [ 21.892492, 5.420555 ], [ 21.906108, 5.359994 ], [ 21.891944, 5.32277 ], [ 21.893332, 5.233883 ], [ 21.870833, 5.154714 ], [ 21.794819, 5.095631 ], [ 21.831385, 4.996941 ], [ 21.775828, 4.917217 ], [ 21.770547, 4.810551 ], [ 21.751382, 4.782494 ], [ 21.743332, 4.687771 ], [ 21.822771, 4.681382 ], [ 21.840277, 4.655832 ], [ 21.880273, 4.653886 ], [ 21.921662, 4.592214 ], [ 21.956382, 4.56027 ], [ 21.939996, 4.536107 ], [ 21.989442, 4.518053 ], [ 22.075551, 4.543054 ], [ 22.121665, 4.539159 ], [ 22.151379, 4.508054 ], [ 22.099993, 4.424164 ], [ 22.062769, 4.346108 ], [ 22.069444, 4.282771 ], [ 22.038323, 4.259713 ], [ 22.039157, 4.241387 ], [ 22.036666, 4.229997 ], [ 22.0371336, 4.2220943 ], [ 22.0356566, 4.2222913 ], [ 22.0289663, 4.2231833 ], [ 22.0262064, 4.2235513 ], [ 22.0225608, 4.2273704 ], [ 21.9795348, 4.244828 ], [ 21.9548263, 4.2324738 ], [ 21.856101, 4.2470625 ], [ 21.7997119, 4.2825771 ], [ 21.7312303, 4.3113899 ], [ 21.6858228, 4.3012993 ], [ 21.6735955, 4.2988538 ], [ 21.6732096, 4.2987767 ], [ 21.65204, 4.3091108 ], [ 21.5912238, 4.2785955 ], [ 21.5659974, 4.2533691 ], [ 21.4881104, 4.2613004 ], [ 21.4776415, 4.2649953 ], [ 21.4764425, 4.2654185 ], [ 21.4762179, 4.2656085 ], [ 21.46752, 4.2729683 ], [ 21.4537931, 4.2777727 ], [ 21.4345754, 4.2818908 ], [ 21.4194757, 4.2757137 ], [ 21.3947672, 4.2764 ], [ 21.3755495, 4.2791454 ], [ 21.3718852, 4.2800615 ], [ 21.3405458, 4.2914996 ], [ 21.3388754, 4.2927989 ], [ 21.3220145, 4.3059129 ], [ 21.2870108, 4.3422893 ], [ 21.2430846, 4.3299351 ], [ 21.2389665, 4.3196399 ], [ 21.2414863, 4.3101907 ], [ 21.2417119, 4.3093447 ], [ 21.2409797, 4.3085515 ], [ 21.2334757, 4.3004221 ], [ 21.1765089, 4.307972 ], [ 21.1093996, 4.3530134 ], [ 21.097579, 4.379352 ], [ 21.0804204, 4.3958244 ], [ 21.0155067, 4.4150032 ], [ 20.9971422, 4.4211247 ], [ 20.9403828, 4.4362605 ], [ 20.9170698, 4.4370052 ], [ 20.9086237, 4.4386944 ], [ 20.8655938, 4.4473004 ], [ 20.8356932, 4.4450898 ], [ 20.8041602, 4.4236473 ], [ 20.7846048, 4.4205329 ], [ 20.7674462, 4.4198465 ], [ 20.741365, 4.4232782 ], [ 20.6692986, 4.4232782 ], [ 20.642531, 4.4164148 ], [ 20.6406145, 4.4161486 ], [ 20.6178225, 4.412983 ], [ 20.5965458, 4.4171011 ], [ 20.5854183, 4.4144829 ], [ 20.5458181, 4.4389159 ], [ 20.5327155, 4.4486731 ], [ 20.5176159, 4.4720089 ], [ 20.4606491, 4.5145624 ], [ 20.4583329, 4.520739 ], [ 20.5771576, 4.5929975 ], [ 20.674436, 4.698885 ], [ 20.698326, 4.738887 ], [ 20.728328, 4.75694 ], [ 20.738378, 4.789873 ], [ 20.771738, 4.80116 ], [ 20.814853, 4.84702 ], [ 20.850244, 4.83815 ], [ 20.907777, 4.850832 ], [ 20.896105, 4.952775 ], [ 20.938609, 5.02166 ], [ 20.900546, 5.12138 ], [ 20.940826, 5.184999 ], [ 20.960276, 5.245826 ], [ 20.963881, 5.314721 ], [ 20.953328, 5.38083 ], [ 20.988331, 5.417217 ], [ 20.979162, 5.487495 ], [ 20.945551, 5.50277 ], [ 20.943324, 5.529717 ], [ 20.997214, 5.536938 ], [ 21.028605, 5.559715 ], [ 21.020828, 5.599997 ], [ 21.057495, 5.657217 ], [ 21.033051, 5.686661 ], [ 21.044999, 5.719439 ], [ 21.081109, 5.708881 ], [ 21.134436, 5.649713 ], [ 21.17972, 5.671935 ], [ 21.219441, 5.650272 ], [ 21.252494, 5.650833 ], [ 21.301381, 5.678046 ], [ 21.337769, 5.716107 ], [ 21.369442, 5.691387 ], [ 21.394436, 5.731382 ], [ 21.417777, 5.696387 ], [ 21.444714, 5.691105 ], [ 21.489436, 5.612777 ], [ 21.483883, 5.576385 ], [ 21.512771, 5.505273 ], [ 21.544718, 5.499996 ], [ 21.561942, 5.467492 ], [ 21.612708, 5.466757 ], [ 21.640274, 5.485553 ], [ 21.662769, 5.549161 ] ] ] ] } },
{ "type": "Feature", "properties": { "POLYGON_ID": "CAF_GAUL2012_ADM1_855", "ADM0_ISO3": "CAF", "ADM0_NAME": "Central African Republic", "ADM0_CODE": 49, "ADM1_NAME": "Haut-Mbomou", "ADM1_CODE": 855, "GEOSET": "GAUL", "GEOSET_YEAR": 2012.0, "GEOSET_VERSION": "GAUL_v1", "GEOSET_UNIT": "ADM1", "CENTROID_LONG": 25.588170871734075, "CENTROID_LAT": 6.307172338999564 }, "geometry": { "type": "MultiPolygon", "coordinates": [ [ [ [ 24.4941784, 8.2377644 ], [ 24.4954224, 8.2349031 ], [ 24.5099534, 8.2306501 ], [ 24.5323179, 8.2149589 ], [ 24.538632, 8.2083126 ], [ 24.5386816, 8.2083285 ], [ 24.5429795, 8.2097038 ], [ 24.5563296, 8.2037949 ], [ 24.5595245, 8.201665 ], [ 24.5625666, 8.2028554 ], [ 24.5632869, 8.2031372 ], [ 24.5993832, 8.2156477 ], [ 24.6220857, 8.2193668 ], [ 24.6858827, 8.2077907 ], [ 24.698652, 8.2082261 ], [ 24.7269294, 8.2091903 ], [ 24.728137, 8.2092315 ], [ 24.7622769, 8.1807724 ], [ 24.7686184, 8.1843748 ], [ 24.834451, 8.1689017 ], [ 24.8586594, 8.1748287 ], [ 24.8886421, 8.1196992 ], [ 24.9012155, 8.0510293 ], [ 24.9251436, 8.0387983 ], [ 24.9284964, 8.0386901 ], [ 24.9536802, 8.019803 ], [ 24.9560555, 8.016619 ], [ 24.9579485, 8.0140815 ], [ 24.962923, 8.0051091 ], [ 24.9675445, 7.9845722 ], [ 24.9976208, 7.9636097 ], [ 24.9990885, 7.9637174 ], [ 25.0520578, 7.9315412 ], [ 25.0845217, 7.8950847 ], [ 25.1682565, 7.9143928 ], [ 25.2237083, 7.8685973 ], [ 25.2238116, 7.8683343 ], [ 25.241954, 7.8445486 ], [ 25.2427778, 7.8427778 ], [ 25.2535704, 7.8112614 ], [ 25.2836402, 7.7952105 ], [ 25.2803164, 7.7059425 ], [ 25.2892884, 7.662541 ], [ 25.2869687, 7.6567184 ], [ 25.2866603, 7.6559444 ], [ 25.2309341, 7.631869 ], [ 25.1658824, 7.578688 ], [ 25.1815137, 7.564077 ], [ 25.1815518, 7.5573207 ], [ 25.2024443, 7.4927438 ], [ 25.2749352, 7.4743309 ], [ 25.2762122, 7.4738444 ], [ 25.2853199, 7.4636906 ], [ 25.2858417, 7.4621653 ], [ 25.2902996, 7.451805 ], [ 25.2930315, 7.4488987 ], [ 25.3044367, 7.4367655 ], [ 25.3062004, 7.4348893 ], [ 25.3068894, 7.4341562 ], [ 25.3344214, 7.4229178 ], [ 25.3363463, 7.4129724 ], [ 25.3557913, 7.3478875 ], [ 25.3604657, 7.3456567 ], [ 25.3704532, 7.3408904 ], [ 25.3786062, 7.3369996 ], [ 25.3813942, 7.3351037 ], [ 25.4132688, 7.341273 ], [ 25.4464189, 7.3072812 ], [ 25.4493559, 7.3056608 ], [ 25.5001627, 7.305186 ], [ 25.549545, 7.2572281 ], [ 25.6198198, 7.2192417 ], [ 25.6849057, 7.1936535 ], [ 25.6934414, 7.1956394 ], [ 25.6991887, 7.1937578 ], [ 25.7059264, 7.1897399 ], [ 25.7560265, 7.1757524 ], [ 25.7837793, 7.1541822 ], [ 25.7874348, 7.151341 ], [ 25.8039639, 7.1529707 ], [ 25.8237461, 7.1350483 ], [ 25.822876, 7.1338737 ], [ 25.822876, 7.1297084 ], [ 25.8229369, 7.1294648 ], [ 25.8402102, 7.1074799 ], [ 25.8448893, 7.1062322 ], [ 25.879077, 7.0867642 ], [ 25.8928901, 7.0911262 ], [ 25.9011365, 7.088647 ], [ 25.9024789, 7.0873717 ], [ 25.9064603, 7.0832051 ], [ 25.9034, 7.0786147 ], [ 25.9338848, 7.0598215 ], [ 25.9365292, 7.0454663 ], [ 25.9422294, 7.0402308 ], [ 25.9465124, 7.0402308 ], [ 25.9835396, 7.039756 ], [ 26.0001156, 7.0079786 ], [ 26.0001587, 7.0079424 ], [ 26.0363587, 7.0052609 ], [ 26.0394059, 7.0040828 ], [ 26.0452675, 6.9965465 ], [ 26.0362252, 6.9270215 ], [ 26.0405823, 6.9260433 ], [ 26.0753366, 6.9008625 ], [ 26.0849526, 6.9004789 ], [ 26.0699587, 6.8298811 ], [ 26.1199402, 6.8136365 ], [ 26.1218725, 6.8147843 ], [ 26.1729244, 6.8099105 ], [ 26.1748915, 6.8062221 ], [ 26.1728997, 6.7949028 ], [ 26.174962, 6.7921923 ], [ 26.1826713, 6.78206 ], [ 26.1867652, 6.7766795 ], [ 26.2073541, 6.7477142 ], [ 26.2073558, 6.7476629 ], [ 26.2593297, 6.7279641 ], [ 26.2557633, 6.7153296 ], [ 26.2824479, 6.7025175 ], [ 26.2830345, 6.7026917 ], [ 26.3206666, 6.7045787 ], [ 26.4103343, 6.6549015 ], [ 26.4121791, 6.6463029 ], [ 26.4121791, 6.6372319 ], [ 26.3877175, 6.6015372 ], [ 26.3923449, 6.5950919 ], [ 26.3543401, 6.5837506 ], [ 26.3363389, 6.5401077 ], [ 26.335468, 6.5394027 ], [ 26.3218026, 6.5105687 ], [ 26.3211079, 6.5100605 ], [ 26.3112566, 6.4937856 ], [ 26.3004626, 6.4886726 ], [ 26.31433, 6.4305777 ], [ 26.3129462, 6.4245814 ], [ 26.3082379, 6.3808615 ], [ 26.3083857, 6.3805215 ], [ 26.3087233, 6.3805408 ], [ 26.3361168, 6.3821061 ], [ 26.3617289, 6.3405631 ], [ 26.3626594, 6.3357556 ], [ 26.3674581, 6.3335408 ], [ 26.3781095, 6.3286248 ], [ 26.390651, 6.3090087 ], [ 26.3935597, 6.3044592 ], [ 26.4035454, 6.304829 ], [ 26.4363434, 6.3060437 ], [ 26.4850326, 6.2686871 ], [ 26.4730329, 6.2353674 ], [ 26.4752127, 6.2199255 ], [ 26.4810107, 6.2202254 ], [ 26.4810649, 6.220224 ], [ 26.497828, 6.2173986 ], [ 26.5012755, 6.215908 ], [ 26.5064528, 6.2217242 ], [ 26.5084416, 6.2242424 ], [ 26.5340181, 6.2176009 ], [ 26.5334035, 6.1967042 ], [ 26.5321948, 6.1918051 ], [ 26.5295941, 6.1812634 ], [ 26.5105652, 6.1560291 ], [ 26.5019407, 6.1509905 ], [ 26.4924709, 6.1451873 ], [ 26.4731586, 6.1282238 ], [ 26.4588645, 6.0755927 ], [ 26.4625934, 6.0790552 ], [ 26.4668489, 6.0830068 ], [ 26.4834876, 6.1012301 ], [ 26.4862934, 6.1023935 ], [ 26.5009451, 6.1084686 ], [ 26.5160311, 6.1146514 ], [ 26.522585, 6.1092738 ], [ 26.5314227, 6.1015509 ], [ 26.5314227, 6.0861761 ], [ 26.537346, 6.0827468 ], [ 26.5426386, 6.0610947 ], [ 26.5444959, 6.0592374 ], [ 26.5458577, 6.0593558 ], [ 26.5543506, 6.0461588 ], [ 26.5544867, 6.0436195 ], [ 26.554796, 6.0378448 ], [ 26.5591998, 6.0354416 ], [ 26.5702796, 6.0293952 ], [ 26.574723, 6.0269705 ], [ 26.6122269, 6.0234868 ], [ 26.6161535, 6.0211309 ], [ 26.6258221, 6.0165935 ], [ 26.6449343, 6.0103707 ], [ 26.6982542, 6.0038509 ], [ 26.7183496, 6.0069697 ], [ 26.7340008, 6.0090209 ], [ 26.7355498, 6.0091662 ], [ 26.7539286, 6.0044982 ], [ 26.761632, 6.0058095 ], [ 26.8050938, 6.0051316 ], [ 26.8102504, 6.0019087 ], [ 26.8477982, 5.9786032 ], [ 26.86463, 5.9035075 ], [ 26.8989573, 5.8936566 ], [ 26.9064908, 5.8925346 ], [ 26.9067095, 5.8925021 ], [ 26.9245452, 5.8861101 ], [ 26.9908971, 5.8578912 ], [ 26.9912221, 5.8574521 ], [ 27.008995, 5.8491278 ], [ 27.0155886, 5.8486068 ], [ 27.0254778, 5.8376462 ], [ 27.0255629, 5.8368523 ], [ 27.0474198, 5.8086569 ], [ 27.0474198, 5.8044207 ], [ 27.052634, 5.7902467 ], [ 27.054495, 5.792728 ], [ 27.0564192, 5.7940527 ], [ 27.0576404, 5.7943947 ], [ 27.0795865, 5.7931682 ], [ 27.0817757, 5.7975466 ], [ 27.1082736, 5.7869555 ], [ 27.1084326, 5.78705 ], [ 27.1187023, 5.7925602 ], [ 27.1190015, 5.7844807 ], [ 27.1192324, 5.7782489 ], [ 27.1192601, 5.7775009 ], [ 27.1194801, 5.7773437 ], [ 27.1402892, 5.7711279 ], [ 27.1404372, 5.7711279 ], [ 27.1444947, 5.7714661 ], [ 27.1446452, 5.7715225 ], [ 27.1457313, 5.7719298 ], [ 27.1466459, 5.7722728 ], [ 27.1475982, 5.7726299 ], [ 27.1476486, 5.7470846 ], [ 27.1867818, 5.7288793 ], [ 27.2180651, 5.6837191 ], [ 27.2155893, 5.6762915 ], [ 27.2378942, 5.6386153 ], [ 27.2380551, 5.6366848 ], [ 27.238237, 5.6345021 ], [ 27.2383179, 5.6335306 ], [ 27.2377268, 5.6299841 ], [ 27.2368188, 5.6245355 ], [ 27.2365799, 5.6231022 ], [ 27.2361824, 5.6223338 ], [ 27.2319988, 5.6134433 ], [ 27.2313657, 5.6100667 ], [ 27.2439607, 5.589855 ], [ 27.2440362, 5.5899391 ], [ 27.2473786, 5.5936672 ], [ 27.2528204, 5.5979197 ], [ 27.2548456, 5.5990303 ], [ 27.256578, 5.5999803 ], [ 27.2826757, 5.5875107 ], [ 27.2834361, 5.5843426 ], [ 27.2785639, 5.5400034 ], [ 27.2787535, 5.5374912 ], [ 27.2777463, 5.5342021 ], [ 27.2739227, 5.5284095 ], [ 27.268337, 5.5199472 ], [ 27.2596914, 5.5068492 ], [ 27.2462427, 5.4667616 ], [ 27.2446802, 5.4639124 ], [ 27.2327552, 5.4222665 ], [ 27.234056, 5.4103429 ], [ 27.2340773, 5.410148 ], [ 27.2342624, 5.4084504 ], [ 27.2352776, 5.4041643 ], [ 27.2470455, 5.3742154 ], [ 27.2481958, 5.372965 ], [ 27.2565994, 5.3622602 ], [ 27.255409, 5.3563083 ], [ 27.2465969, 5.3478402 ], [ 27.2492968, 5.3281307 ], [ 27.2930672, 5.2650596 ], [ 27.3249318, 5.1998819 ], [ 27.400778, 5.1446972 ], [ 27.4038927, 5.1302138 ], [ 27.4550287, 5.0721511 ], [ 27.4555768, 5.0521458 ], [ 27.443611, 5.019444 ], [ 27.4415979, 5.0295152 ], [ 27.4412861, 5.031075 ], [ 27.4418584, 5.033334 ], [ 27.4478832, 5.0596292 ], [ 27.4203658, 5.0843904 ], [ 27.4053628, 5.0885008 ], [ 27.3922019, 5.0945212 ], [ 27.3899925, 5.0969321 ], [ 27.3628304, 5.1044856 ], [ 27.3623798, 5.1044619 ], [ 27.3616642, 5.1049528 ], [ 27.3029865, 5.1298374 ], [ 27.2926548, 5.1328839 ], [ 27.2834904, 5.1370418 ], [ 27.2337279, 5.1516354 ], [ 27.2328706, 5.1513652 ], [ 27.2285303, 5.1538854 ], [ 27.2283022, 5.1542559 ], [ 27.2184951, 5.1596613 ], [ 27.2160694, 5.1603259 ], [ 27.2135111, 5.1624087 ], [ 27.1760598, 5.1883682 ], [ 27.1743827, 5.1888253 ], [ 27.1469386, 5.2025901 ], [ 27.1343598, 5.2049106 ], [ 27.1263995, 5.2055553 ], [ 27.1226827, 5.204149 ], [ 27.1189025, 5.204429 ], [ 27.112796, 5.2066571 ], [ 27.0764795, 5.2065292 ], [ 26.9660661, 5.1588517 ], [ 26.9581711, 5.1540254 ], [ 26.9278681, 5.1425996 ], [ 26.8694048, 5.0618989 ], [ 26.8458319, 5.0527594 ], [ 26.8357977, 5.0565906 ], [ 26.8347923, 5.0569744 ], [ 26.8297864, 5.0588857 ], [ 26.8083856, 5.0490399 ], [ 26.806642, 5.0488682 ], [ 26.8020844, 5.0564676 ], [ 26.7992542, 5.0585456 ], [ 26.7963312, 5.0601816 ], [ 26.7934475, 5.0597744 ], [ 26.7855184, 5.0841669 ], [ 26.7845653, 5.08512 ], [ 26.770953, 5.0869922 ], [ 26.7668633, 5.0876628 ], [ 26.7191256, 5.0968151 ], [ 26.7173112, 5.0969965 ], [ 26.7158144, 5.1004179 ], [ 26.6852482, 5.0932113 ], [ 26.686051, 5.0966899 ], [ 26.6701074, 5.0818556 ], [ 26.6569704, 5.0818556 ], [ 26.6509381, 5.0841409 ], [ 26.648666, 5.0853581 ], [ 26.6280486, 5.0807074 ], [ 26.6282473, 5.0791837 ], [ 26.630623, 5.0743239 ], [ 26.6302512, 5.0722812 ], [ 26.620748, 5.0691824 ], [ 26.6206769, 5.069164 ], [ 26.620684, 5.0693422 ], [ 26.620751, 5.0710177 ], [ 26.621069, 5.078966 ], [ 26.6211222, 5.080297 ], [ 26.6154869, 5.081164 ], [ 26.5906086, 5.0796309 ], [ 26.5895045, 5.0798517 ], [ 26.5604183, 5.0710964 ], [ 26.5581095, 5.0733945 ], [ 26.55705, 5.076284 ], [ 26.5165213, 5.0486954 ], [ 26.5151361, 5.0493473 ], [ 26.5004406, 5.0480113 ], [ 26.5002826, 5.0554744 ], [ 26.4856568, 5.0493019 ], [ 26.4806238, 5.0495699 ], [ 26.4810692, 5.0595896 ], [ 26.4811701, 5.0598319 ], [ 26.4726525, 5.0619497 ], [ 26.4723854, 5.0618162 ], [ 26.461462, 5.0618288 ], [ 26.460291, 5.061109 ], [ 26.4564365, 5.0654283 ], [ 26.4554837, 5.0665356 ], [ 26.4514554, 5.0718359 ], [ 26.453014, 5.0929886 ], [ 26.4520172, 5.0963779 ], [ 26.4392843, 5.0945074 ], [ 26.4380958, 5.0943246 ], [ 26.4400997, 5.1074615 ], [ 26.4372726, 5.1124091 ], [ 26.4173884, 5.1163679 ], [ 26.4181596, 5.1208403 ], [ 26.4140485, 5.1252743 ], [ 26.412696, 5.1254546 ], [ 26.4107086, 5.1257196 ], [ 26.4126837, 5.1329579 ], [ 26.3902239, 5.1466496 ], [ 26.3879138, 5.148782 ], [ 26.3652991, 5.1431717 ], [ 26.3640581, 5.1425996 ], [ 26.3624005, 5.1441753 ], [ 26.3587508, 5.1476448 ], [ 26.3537077, 5.1524388 ], [ 26.3524383, 5.1547536 ], [ 26.3185928, 5.145559 ], [ 26.3156329, 5.1531068 ], [ 26.3155564, 5.1531929 ], [ 26.2833472, 5.1693609 ], [ 26.2838223, 5.1702318 ], [ 26.2510615, 5.1922949 ], [ 26.2507363, 5.1983123 ], [ 26.2373803, 5.1891739 ], [ 26.236366, 5.1878417 ], [ 26.2301315, 5.2065451 ], [ 26.2316332, 5.2071458 ], [ 26.2145453, 5.2036505 ], [ 26.2141095, 5.2053937 ], [ 26.2063069, 5.2163422 ], [ 26.2148271, 5.2183362 ], [ 26.2115188, 5.2227988 ], [ 26.2083109, 5.2236899 ], [ 26.2085137, 5.236269 ], [ 26.1838183, 5.2430613 ], [ 26.1853769, 5.2479599 ], [ 26.158463, 5.2371986 ], [ 26.1579256, 5.2380719 ], [ 26.1605068, 5.2585022 ], [ 26.1575444, 5.2619874 ], [ 26.1466341, 5.2599835 ], [ 26.1436803, 5.2605742 ], [ 26.1426482, 5.2615215 ], [ 26.1392999, 5.2660313 ], [ 26.0950371, 5.2292843 ], [ 26.093641, 5.2234673 ], [ 26.0899855, 5.2095494 ], [ 26.0898558, 5.2094397 ], [ 26.0889365, 5.2107127 ], [ 26.0608268, 5.1962228 ], [ 26.0604647, 5.1947442 ], [ 26.0575702, 5.1963028 ], [ 26.0553111, 5.2008998 ], [ 26.0538646, 5.2033815 ], [ 26.0462145, 5.209885 ], [ 26.0465586, 5.2108484 ], [ 26.0098358, 5.2104391 ], [ 26.0086245, 5.210623 ], [ 26.0081397, 5.2265845 ], [ 26.0070122, 5.2299668 ], [ 25.9888647, 5.2256038 ], [ 25.9887683, 5.2254712 ], [ 25.9536442, 5.2079816 ], [ 25.9613152, 5.2031872 ], [ 25.9623874, 5.1997593 ], [ 25.9615095, 5.1981499 ], [ 25.9563143, 5.196073 ], [ 25.9551189, 5.1961835 ], [ 25.9519236, 5.1986415 ], [ 25.948771, 5.2049468 ], [ 25.9258697, 5.2060152 ], [ 25.9258697, 5.2025741 ], [ 25.9187417, 5.2018368 ], [ 25.9133343, 5.2060152 ], [ 25.9066979, 5.2069984 ], [ 25.9027652, 5.2045405 ], [ 25.902742, 5.1707867 ], [ 25.8995699, 5.1689006 ], [ 25.8822339, 5.2233241 ], [ 25.8410714, 5.2158469 ], [ 25.8323372, 5.1939314 ], [ 25.8302565, 5.1922509 ], [ 25.8282902, 5.1907761 ], [ 25.826765, 5.1984019 ], [ 25.8234455, 5.2027387 ], [ 25.818684, 5.2072256 ], [ 25.8138168, 5.2148873 ], [ 25.8091184, 5.2419009 ], [ 25.8111059, 5.2444037 ], [ 25.790684, 5.2401803 ], [ 25.7905038, 5.2401578 ], [ 25.7921587, 5.2691838 ], [ 25.7906047, 5.2729825 ], [ 25.7756544, 5.2667744 ], [ 25.7825729, 5.2637764 ], [ 25.7361181, 5.2623016 ], [ 25.7362824, 5.2657748 ], [ 25.718656, 5.2693869 ], [ 25.71498, 5.2704128 ], [ 25.7071147, 5.2967125 ], [ 25.7073932, 5.2978267 ], [ 25.678096, 5.3073623 ], [ 25.677128, 5.3072816 ], [ 25.6612291, 5.3089008 ], [ 25.6586936, 5.3075274 ], [ 25.6584478, 5.3266992 ], [ 25.6562373, 5.3278301 ], [ 25.6291929, 5.3054031 ], [ 25.6235453, 5.3087563 ], [ 25.6200451, 5.321226 ], [ 25.6019947, 5.3224936 ], [ 25.5974914, 5.3227665 ], [ 25.6161716, 5.3419383 ], [ 25.6218189, 5.3475856 ], [ 25.5950334, 5.3475915 ], [ 25.590855, 5.3490663 ], [ 25.5812691, 5.3746286 ], [ 25.5809165, 5.3752751 ], [ 25.5523503, 5.3793556 ], [ 25.5498077, 5.3790529 ], [ 25.4991745, 5.3431672 ], [ 25.472629, 5.3500494 ], [ 25.4707782, 5.3468767 ], [ 25.421148, 5.3190036 ], [ 25.4234705, 5.3158843 ], [ 25.3961876, 5.3242412 ], [ 25.398329, 5.3322229 ], [ 25.37677, 5.2917967 ], [ 25.3354769, 5.263039 ], [ 25.3222042, 5.1575942 ], [ 25.3273658, 5.1492372 ], [ 25.3364156, 5.1518448 ], [ 25.3482581, 5.151941 ], [ 25.3420857, 5.1322795 ], [ 25.3196896, 5.075526 ], [ 25.3179872, 5.0362355 ], [ 25.3136014, 5.031257 ], [ 25.257315, 5.025358 ], [ 25.2554657, 5.0265912 ], [ 25.2463616, 5.0239249 ], [ 25.2386348, 5.0155263 ], [ 25.1914428, 4.9990582 ], [ 25.1619477, 5.0211795 ], [ 25.1552284, 5.0282721 ], [ 25.1248927, 5.0057357 ], [ 25.1250216, 4.9949856 ], [ 25.082311, 4.9656305 ], [ 25.062376, 4.9256526 ], [ 25.020863, 4.9589941 ], [ 24.9645766, 4.9867686 ], [ 24.9578513, 4.9873291 ], [ 24.9175624, 4.9632124 ], [ 24.914435, 4.9543241 ], [ 24.8621849, 4.9374374 ], [ 24.8468422, 4.9233543 ], [ 24.7989127, 4.9263038 ], [ 24.7669597, 4.9110647 ], [ 24.7626598, 4.9107339 ], [ 24.7581618, 4.9089682 ], [ 24.7568822, 4.9081152 ], [ 24.7143602, 4.9125394 ], [ 24.689781, 4.9122936 ], [ 24.6631512, 4.9160753 ], [ 24.6626506, 4.9166822 ], [ 24.6585654, 4.9216337 ], [ 24.6693493, 4.9404567 ], [ 24.6693284, 4.9407838 ], [ 24.6727601, 4.9641196 ], [ 24.6677958, 4.9693759 ], [ 24.6610922, 4.9764739 ], [ 24.6322384, 4.9764739 ], [ 24.6315793, 4.9764739 ], [ 24.628482, 4.9836733 ], [ 24.6267405, 4.9958637 ], [ 24.6234367, 5.0189903 ], [ 24.6191633, 5.0216611 ], [ 24.6032556, 5.0316035 ], [ 24.5919861, 5.0315162 ], [ 24.5919447, 5.0315159 ], [ 24.5746125, 5.0313816 ], [ 24.5664916, 5.0360221 ], [ 24.5361661, 5.0788039 ], [ 24.5331224, 5.0806557 ], [ 24.5114686, 5.0849167 ], [ 24.5072965, 5.0888018 ], [ 24.50235, 5.0934082 ], [ 24.4864024, 5.0984386 ], [ 24.4847852, 5.0989487 ], [ 24.4838311, 5.0992497 ], [ 24.531381, 5.107219 ], [ 24.543325, 5.192496 ], [ 24.570554, 5.202769 ], [ 24.602492, 5.258887 ], [ 24.69194, 5.259157 ], [ 24.790273, 5.312497 ], [ 24.832217, 5.345552 ], [ 24.873603, 5.336385 ], [ 24.874997, 5.397498 ], [ 24.973608, 5.448879 ], [ 24.986106, 5.484717 ], [ 25.045277, 5.560271 ], [ 25.027217, 5.62749 ], [ 25.049716, 5.743606 ], [ 25.108055, 5.803331 ], [ 25.155269, 5.806102 ], [ 25.16055, 5.869994 ], [ 25.189722, 5.916385 ], [ 25.154443, 5.966661 ], [ 25.109161, 5.95611 ], [ 25.083052, 5.997771 ], [ 25.048605, 6.026104 ], [ 25.046108, 6.059716 ], [ 25.005555, 6.059717 ], [ 24.99388, 6.087213 ], [ 24.900825, 6.171662 ], [ 24.848607, 6.208054 ], [ 24.854716, 6.228329 ], [ 24.927213, 6.204716 ], [ 25.000547, 6.240547 ], [ 25.012222, 6.289157 ], [ 25.073604, 6.29888 ], [ 25.075277, 6.340269 ], [ 24.988882, 6.42722 ], [ 24.935269, 6.44916 ], [ 24.891944, 6.493604 ], [ 24.781108, 6.485827 ], [ 24.700556, 6.396381 ], [ 24.634161, 6.403325 ], [ 24.596944, 6.383328 ], [ 24.459716, 6.526941 ], [ 24.348605, 6.660824 ], [ 24.260706, 6.752611 ], [ 24.298604, 6.787497 ], [ 24.288327, 6.825552 ], [ 24.331388, 6.843331 ], [ 24.318882, 6.93416 ], [ 24.406389, 6.976942 ], [ 24.492221, 6.97527 ], [ 24.520276, 7.014165 ], [ 24.556944, 7.036384 ], [ 24.539993, 7.098605 ], [ 24.552769, 7.126103 ], [ 24.562214, 7.200554 ], [ 24.519437, 7.244437 ], [ 24.514443, 7.337222 ], [ 24.565824, 7.418604 ], [ 24.584992, 7.489995 ], [ 24.555277, 7.507219 ], [ 24.525555, 7.582217 ], [ 24.503603, 7.607497 ], [ 24.493052, 7.657492 ], [ 24.501666, 7.694164 ], [ 24.481943, 7.74694 ], [ 24.488325, 7.796381 ], [ 24.463605, 7.862775 ], [ 24.450556, 7.926937 ], [ 24.468882, 7.960547 ], [ 24.484166, 8.058323 ], [ 24.417498, 8.118604 ], [ 24.406943, 8.167216 ], [ 24.361663, 8.178607 ], [ 24.291385, 8.23694 ], [ 24.273901, 8.273433 ], [ 24.2721989, 8.2769857 ], [ 24.2757406, 8.2755483 ], [ 24.3088333, 8.2674094 ], [ 24.3255669, 8.2646686 ], [ 24.3420524, 8.2619684 ], [ 24.34856, 8.2580295 ], [ 24.3550382, 8.2541085 ], [ 24.3600959, 8.2510473 ], [ 24.3620735, 8.2517841 ], [ 24.3843122, 8.2600691 ], [ 24.3881062, 8.2634415 ], [ 24.4075608, 8.2743249 ], [ 24.4146837, 8.2762783 ], [ 24.4255102, 8.2780535 ], [ 24.4347318, 8.2789912 ], [ 24.4821257, 8.2838104 ], [ 24.4941784, 8.2377644 ] ] ] ] } },
{ "type": "Feature", "properties": { "POLYGON_ID": "CAF_GAUL2012_ADM1_856", "ADM0_ISO3": "CAF", "ADM0_NAME": "Central African Republic", "ADM0_CODE": 49, "ADM1_NAME": "Haute-Kotto", "ADM1_CODE": 856, "GEOSET": "GAUL", "GEOSET_YEAR": 2012.0, "GEOSET_VERSION": "GAUL_v1", "GEOSET_UNIT": "ADM1", "CENTROID_LONG": 22.920776616372709, "CENTROID_LAT": 7.4670341862608209 }, "geometry": { "type": "MultiPolygon", "coordinates": [ [ [ [ 23.5864945, 8.9682258 ], [ 23.5546547, 8.9043453 ], [ 23.4978335, 8.8093005 ], [ 23.5082394, 8.7745979 ], [ 23.5085654, 8.7740069 ], [ 23.5140146, 8.7641303 ], [ 23.5144237, 8.7633888 ], [ 23.5201009, 8.727689 ], [ 23.5135173, 8.7136241 ], [ 23.5454515, 8.7003829 ], [ 23.5928173, 8.739168 ], [ 23.6016979, 8.7434225 ], [ 23.6255339, 8.7548419 ], [ 23.6777294, 8.7251556 ], [ 23.6778674, 8.7251662 ], [ 23.7266526, 8.7187212 ], [ 23.7268766, 8.7185346 ], [ 23.7792836, 8.7067791 ], [ 23.847, 8.7276149 ], [ 23.8904087, 8.7194777 ], [ 23.890434, 8.7194791 ], [ 23.9466062, 8.7154837 ], [ 23.965987, 8.6983371 ], [ 23.9643484, 8.6545904 ], [ 24.0518747, 8.6937488 ], [ 24.1426238, 8.6812433 ], [ 24.1661567, 8.7029104 ], [ 24.2029079, 8.6874143 ], [ 24.2051747, 8.6884477 ], [ 24.2103801, 8.6908207 ], [ 24.2299925, 8.6997616 ], [ 24.2532031, 8.6990416 ], [ 24.2604743, 8.6940721 ], [ 24.2233592, 8.6421508 ], [ 24.2234771, 8.6412444 ], [ 24.2551375, 8.5926516 ], [ 24.2337911, 8.5658596 ], [ 24.2169812, 8.5365148 ], [ 24.2038768, 8.5003675 ], [ 24.1622879, 8.4804584 ], [ 24.1646508, 8.4461697 ], [ 24.1641666, 8.4452778 ], [ 24.164272, 8.4442521 ], [ 24.1610518, 8.4160649 ], [ 24.1555177, 8.4079197 ], [ 24.153942, 8.3739311 ], [ 24.2115974, 8.3004316 ], [ 24.219419, 8.29596 ], [ 24.2522359, 8.2850875 ], [ 24.2721989, 8.2769857 ], [ 24.273901, 8.273433 ], [ 24.291385, 8.23694 ], [ 24.361663, 8.178607 ], [ 24.406943, 8.167216 ], [ 24.417498, 8.118604 ], [ 24.484166, 8.058323 ], [ 24.468882, 7.960547 ], [ 24.450556, 7.926937 ], [ 24.463605, 7.862775 ], [ 24.488325, 7.796381 ], [ 24.481943, 7.74694 ], [ 24.501666, 7.694164 ], [ 24.493052, 7.657492 ], [ 24.503603, 7.607497 ], [ 24.525555, 7.582217 ], [ 24.555277, 7.507219 ], [ 24.584992, 7.489995 ], [ 24.565824, 7.418604 ], [ 24.514443, 7.337222 ], [ 24.519437, 7.244437 ], [ 24.562214, 7.200554 ], [ 24.552769, 7.126103 ], [ 24.539993, 7.098605 ], [ 24.556944, 7.036384 ], [ 24.520276, 7.014165 ], [ 24.492221, 6.97527 ], [ 24.406389, 6.976942 ], [ 24.318882, 6.93416 ], [ 24.331388, 6.843331 ], [ 24.288327, 6.825552 ], [ 24.298604, 6.787497 ], [ 24.260706, 6.752611 ], [ 24.096384, 6.667775 ], [ 23.662215, 6.423052 ], [ 23.566939, 6.374713 ], [ 23.443327, 6.298325 ], [ 23.39305, 6.209439 ], [ 23.313883, 6.204717 ], [ 23.291103, 6.169718 ], [ 23.295546, 6.105826 ], [ 23.271935, 6.082221 ], [ 23.018601, 6.146387 ], [ 22.873883, 6.187218 ], [ 22.838609, 6.259991 ], [ 22.812491, 6.273883 ], [ 22.734993, 6.260273 ], [ 22.680824, 6.274443 ], [ 22.54471, 6.246098 ], [ 22.507772, 6.181386 ], [ 22.495549, 6.125555 ], [ 22.467213, 6.081939 ], [ 22.379995, 6.035829 ], [ 22.346388, 6.046104 ], [ 22.295827, 6.035831 ], [ 22.268882, 6.064717 ], [ 22.178879, 6.030276 ], [ 22.106389, 5.973886 ], [ 22.122777, 5.943883 ], [ 22.071108, 5.873328 ], [ 22.071943, 5.757775 ], [ 22.047492, 5.72833 ], [ 22.081664, 5.654163 ], [ 22.035552, 5.639443 ], [ 22.034998, 5.592773 ], [ 21.996049, 5.556027 ], [ 21.97333, 5.553054 ], [ 21.945554, 5.513326 ], [ 21.900368, 5.4770561 ], [ 21.751661, 5.541661 ], [ 21.662769, 5.549161 ], [ 21.661941, 5.597213 ], [ 21.752768, 5.672497 ], [ 21.779996, 5.675547 ], [ 21.858331, 5.615824 ], [ 21.903333, 5.680269 ], [ 21.940271, 5.820826 ], [ 21.944626, 5.894125 ], [ 21.909441, 5.951107 ], [ 21.895549, 6.018326 ], [ 21.876659, 6.042775 ], [ 21.826659, 6.043327 ], [ 21.821109, 6.090553 ], [ 21.801661, 6.120277 ], [ 21.789713, 6.179996 ], [ 21.746382, 6.20472 ], [ 21.740825, 6.231388 ], [ 21.794442, 6.304719 ], [ 21.809163, 6.369166 ], [ 21.773886, 6.441385 ], [ 21.794442, 6.561106 ], [ 21.772214, 6.584715 ], [ 21.707773, 6.587772 ], [ 21.664442, 6.643048 ], [ 21.636102, 6.694721 ], [ 21.628052, 6.756385 ], [ 21.610551, 6.789438 ], [ 21.639717, 6.805826 ], [ 21.637776, 6.851382 ], [ 21.653603, 6.870826 ], [ 21.631107, 6.937214 ], [ 21.635271, 6.980547 ], [ 21.604442, 6.991659 ], [ 21.594992, 7.09777 ], [ 21.575826, 7.176108 ], [ 21.583333, 7.266664 ], [ 21.565276, 7.307214 ], [ 21.430271, 7.306938 ], [ 21.409158, 7.342216 ], [ 21.424998, 7.459996 ], [ 21.420552, 7.492771 ], [ 21.381659, 7.553332 ], [ 21.321661, 7.595549 ], [ 21.244998, 7.606664 ], [ 21.199157, 7.631943 ], [ 21.163049, 7.683052 ], [ 21.130826, 7.703324 ], [ 21.125548, 7.798885 ], [ 21.102499, 7.839442 ], [ 21.131107, 7.916661 ], [ 21.121941, 7.999714 ], [ 21.452774, 8.000547 ], [ 21.400824, 8.093882 ], [ 21.378608, 8.149999 ], [ 21.393879, 8.169998 ], [ 21.47444, 8.217493 ], [ 21.479992, 8.252492 ], [ 21.541109, 8.255827 ], [ 21.60166, 8.235828 ], [ 21.618886, 8.281381 ], [ 21.682775, 8.295554 ], [ 21.725152, 8.329879 ], [ 21.770832, 8.333047 ], [ 21.779996, 8.305828 ], [ 21.827775, 8.270553 ], [ 21.852775, 8.213329 ], [ 21.899157, 8.195825 ], [ 21.989715, 8.218328 ], [ 21.9625, 8.268048 ], [ 21.961659, 8.30416 ], [ 22.000274, 8.386661 ], [ 21.992216, 8.436937 ], [ 21.963326, 8.481383 ], [ 21.956108, 8.524158 ], [ 21.972222, 8.575547 ], [ 22.002218, 8.604719 ], [ 22.075277, 8.623329 ], [ 22.168605, 8.581942 ], [ 22.372215, 8.567773 ], [ 22.391106, 8.591657 ], [ 22.449159, 8.598886 ], [ 22.482773, 8.582494 ], [ 22.532214, 8.591385 ], [ 22.581108, 8.645549 ], [ 22.644166, 8.688054 ], [ 22.682771, 8.701102 ], [ 22.814997, 8.70111 ], [ 22.922496, 8.747497 ], [ 23.008606, 8.762494 ], [ 23.065823, 8.759163 ], [ 23.080269, 8.787774 ], [ 23.080274, 8.880829 ], [ 23.092497, 8.903605 ], [ 23.200828, 8.982217 ], [ 23.26, 8.989719 ], [ 23.320278, 9.027494 ], [ 23.347217, 9.17333 ], [ 23.391659, 9.228608 ], [ 23.442777, 9.241941 ], [ 23.457771, 9.220272 ], [ 23.449712, 9.17027 ], [ 23.4748833, 9.1425287 ], [ 23.4722524, 9.1306344 ], [ 23.4616667, 9.0827778 ], [ 23.4637778, 9.0688586 ], [ 23.4599233, 9.0062656 ], [ 23.4598999, 9.0050503 ], [ 23.4514087, 8.9785574 ], [ 23.5094397, 8.9495419 ], [ 23.5395897, 8.9566446 ], [ 23.5519353, 9.0036528 ], [ 23.5823244, 9.0288188 ], [ 23.5864945, 8.9682258 ] ] ] ] } },
{ "type": "Feature", "properties": { "POLYGON_ID": "CAF_GAUL2012_ADM1_857", "ADM0_ISO3": "CAF", "ADM0_NAME": "Central African Republic", "ADM0_CODE": 49, "ADM1_NAME": "Kémo", "ADM1_CODE": 857, "GEOSET": "GAUL", "GEOSET_YEAR": 2012.0, "GEOSET_VERSION": "GAUL_v1", "GEOSET_UNIT": "ADM1", "CENTROID_LONG": 19.297610394411436, "CENTROID_LAT": 5.799689048017532 }, "geometry": { "type": "MultiPolygon", "coordinates": [ [ [ [ 19.74305, 6.476108 ], [ 19.745269, 6.428887 ], [ 19.783331, 6.396381 ], [ 19.835834, 6.379436 ], [ 19.875552, 6.324991 ], [ 19.844718, 6.250825 ], [ 19.864161, 6.192491 ], [ 19.831389, 6.168324 ], [ 19.829159, 6.111935 ], [ 19.779165, 6.03555 ], [ 19.719995, 6.036383 ], [ 19.701152, 5.997548 ], [ 19.608332, 5.939442 ], [ 19.590826, 5.913606 ], [ 19.623332, 5.796103 ], [ 19.612217, 5.763332 ], [ 19.657222, 5.751107 ], [ 19.675828, 5.727771 ], [ 19.654436, 5.656941 ], [ 19.546937, 5.572215 ], [ 19.473056, 5.56416 ], [ 19.464999, 5.544999 ], [ 19.511105, 5.483326 ], [ 19.676942, 5.487217 ], [ 20.015272, 5.491102 ], [ 20.00777, 5.42611 ], [ 19.987495, 5.404719 ], [ 19.953887, 5.322213 ], [ 19.959715, 5.266102 ], [ 19.93777, 5.125831 ], [ 19.911382, 5.088887 ], [ 19.8569887, 5.0593313 ], [ 19.8554377, 5.0644033 ], [ 19.8304213, 5.0934082 ], [ 19.6878922, 5.1425996 ], [ 19.611638, 5.132961 ], [ 19.5505531, 5.1521787 ], [ 19.51383, 5.136293 ], [ 19.4814496, 5.1224157 ], [ 19.4785131, 5.1211572 ], [ 19.4747254, 5.1225556 ], [ 19.4558372, 5.1295292 ], [ 19.4304424, 5.1302156 ], [ 19.4298336, 5.1300077 ], [ 19.4170449, 5.1256407 ], [ 19.4055274, 5.1217078 ], [ 19.4029423, 5.1208251 ], [ 19.3965273, 5.1186346 ], [ 19.3611213, 5.0814849 ], [ 19.3501175, 5.0678457 ], [ 19.3473358, 5.0643978 ], [ 19.3232485, 5.0545845 ], [ 19.3132802, 5.0505233 ], [ 19.2808188, 5.0279499 ], [ 19.2506195, 5.016282 ], [ 19.2211066, 4.9936325 ], [ 19.2121841, 4.9579425 ], [ 19.15659, 4.94902 ], [ 19.1418157, 4.9478189 ], [ 19.141214, 4.959949 ], [ 19.091939, 5.017498 ], [ 19.090827, 5.045553 ], [ 19.054162, 5.069437 ], [ 19.035272, 5.116937 ], [ 19.006386, 5.138048 ], [ 18.985272, 5.187216 ], [ 18.992494, 5.236106 ], [ 19.018034, 5.310098 ], [ 18.991205, 5.367457 ], [ 18.994163, 5.409436 ], [ 18.978887, 5.434998 ], [ 18.910277, 5.47472 ], [ 18.88166, 5.509162 ], [ 18.879439, 5.608604 ], [ 18.848034, 5.63915 ], [ 18.703327, 5.653886 ], [ 18.668604, 5.67527 ], [ 18.633878, 5.730964 ], [ 18.622221, 5.788888 ], [ 18.626382, 5.838883 ], [ 18.608606, 5.889714 ], [ 18.635829, 5.949435 ], [ 18.627216, 6.002493 ], [ 18.688606, 6.020825 ], [ 18.746102, 6.060272 ], [ 18.800827, 6.118884 ], [ 18.841106, 6.13833 ], [ 18.856944, 6.163608 ], [ 18.910547, 6.181937 ], [ 18.911379, 6.208052 ], [ 18.868332, 6.225276 ], [ 18.85944, 6.289159 ], [ 18.866381, 6.34194 ], [ 18.854717, 6.371102 ], [ 18.811942, 6.403882 ], [ 18.742499, 6.476661 ], [ 18.752492, 6.51472 ], [ 18.868049, 6.525274 ], [ 18.986382, 6.552772 ], [ 19.038762, 6.540046 ], [ 19.071386, 6.477213 ], [ 19.121387, 6.444441 ], [ 19.163051, 6.433328 ], [ 19.24416, 6.456939 ], [ 19.281104, 6.452768 ], [ 19.368327, 6.468328 ], [ 19.444719, 6.494436 ], [ 19.546106, 6.504438 ], [ 19.74305, 6.476108 ] ] ] ] } },
{ "type": "Feature", "properties": { "POLYGON_ID": "CAF_GAUL2012_ADM1_858", "ADM0_ISO3": "CAF", "ADM0_NAME": "Central African Republic", "ADM0_CODE": 49, "ADM1_NAME": "Lobaye", "ADM1_CODE": 858, "GEOSET": "GAUL", "GEOSET_YEAR": 2012.0, "GEOSET_VERSION": "GAUL_v1", "GEOSET_UNIT": "ADM1", "CENTROID_LONG": 17.616998622490271, "CENTROID_LAT": 4.1732002428360495 }, "geometry": { "type": "MultiPolygon", "coordinates": [ [ [ [ 18.6116778, 3.8623662 ], [ 18.6109442, 3.8542967 ], [ 18.6015459, 3.7949072 ], [ 18.5904783, 3.7675788 ], [ 18.5901463, 3.7667589 ], [ 18.5899998, 3.7652569 ], [ 18.5878843, 3.7435643 ], [ 18.5882748, 3.7394501 ], [ 18.5888906, 3.732963 ], [ 18.5918514, 3.7017751 ], [ 18.5918795, 3.7014787 ], [ 18.5909427, 3.6919237 ], [ 18.6046471, 3.6215998 ], [ 18.6058088, 3.5344705 ], [ 18.6250832, 3.471647 ], [ 18.60373, 3.47271 ], [ 18.5996, 3.47383 ], [ 18.5910299, 3.48735 ], [ 18.590819, 3.4881424 ], [ 18.58797, 3.49884 ], [ 18.5540978, 3.5577394 ], [ 18.55132, 3.56349 ], [ 18.54755, 3.57843 ], [ 18.53564, 3.61011 ], [ 18.514, 3.62469 ], [ 18.50013, 3.64162 ], [ 18.494309, 3.6479707 ], [ 18.4817181, 3.653228 ], [ 18.4753481, 3.6467362 ], [ 18.4679, 3.63172 ], [ 18.4612894, 3.6261498 ], [ 18.4528626, 3.6064442 ], [ 18.44863, 3.6012 ], [ 18.4197099, 3.6090399 ], [ 18.4144483, 3.6043239 ], [ 18.41402, 3.6039396 ], [ 18.4135233, 3.5997388 ], [ 18.41293, 3.59472 ], [ 18.4133423, 3.5885119 ], [ 18.4123151, 3.5833959 ], [ 18.4113933, 3.5805579 ], [ 18.39121, 3.5888 ], [ 18.3761305, 3.5950824 ], [ 18.37328, 3.59627 ], [ 18.35951, 3.59916 ], [ 18.3333594, 3.6035695 ], [ 18.32562, 3.59684 ], [ 18.313027, 3.588646 ], [ 18.30873, 3.58704 ], [ 18.2745476, 3.5932294 ], [ 18.2723096, 3.5926887 ], [ 18.26768, 3.59157 ], [ 18.2648261, 3.5882034 ], [ 18.26473, 3.58809 ], [ 18.26261, 3.56437 ], [ 18.2608309, 3.5550454 ], [ 18.25975, 3.54938 ], [ 18.2554592, 3.533976 ], [ 18.24992, 3.51409 ], [ 18.2473939, 3.5100497 ], [ 18.2315398, 3.4907 ], [ 18.2286134, 3.4901845 ], [ 18.22467, 3.48949 ], [ 18.21486, 3.48504 ], [ 18.2006801, 3.4829188 ], [ 18.18899, 3.48117 ], [ 18.1852688, 3.4824499 ], [ 18.1805, 3.48409 ], [ 18.17611, 3.4882 ], [ 18.16983, 3.50082 ], [ 18.16625, 3.52013 ], [ 18.1647637, 3.5240263 ], [ 18.16345, 3.52747 ], [ 18.161782, 3.5301342 ], [ 18.12352, 3.56607 ], [ 18.0545457, 3.5711926 ], [ 18.0488099, 3.56825 ], [ 18.0392634, 3.5701355 ], [ 18.0029744, 3.5783863 ], [ 18.0, 3.57887 ], [ 17.99873, 3.55391 ], [ 17.9974856, 3.5527655 ], [ 17.99574, 3.55116 ], [ 17.93267, 3.59901 ], [ 17.9326123, 3.5988192 ], [ 17.92989, 3.58982 ], [ 17.9193, 3.57352 ], [ 17.9110319, 3.566604 ], [ 17.9023, 3.5593 ], [ 17.89038, 3.55704 ], [ 17.8843431, 3.5522563 ], [ 17.88142, 3.54994 ], [ 17.8667, 3.53319 ], [ 17.85914, 3.53298 ], [ 17.85699, 3.53925 ], [ 17.84823, 3.55948 ], [ 17.8463124, 3.5620694 ], [ 17.84549, 3.56318 ], [ 17.8448329, 3.5751369 ], [ 17.84013, 3.6053 ], [ 17.8351807, 3.6183673 ], [ 17.8321565, 3.6242054 ], [ 17.82897, 3.62674 ], [ 17.8166, 3.62678 ], [ 17.8108719, 3.6286624 ], [ 17.8074471, 3.6291155 ], [ 17.79823, 3.62914 ], [ 17.7872979, 3.6349303 ], [ 17.768339, 3.6376072 ], [ 17.7217731, 3.6458045 ], [ 17.72066, 3.64527 ], [ 17.7203724, 3.6450716 ], [ 17.70505, 3.6345 ], [ 17.70092, 3.63428 ], [ 17.69475, 3.63914 ], [ 17.60632, 3.64125 ], [ 17.54367, 3.68585 ], [ 17.47406, 3.70308 ], [ 17.46191, 3.6992 ], [ 17.45719, 3.6968 ], [ 17.4555042, 3.6959418 ], [ 17.45112, 3.69371 ], [ 17.44101, 3.68039 ], [ 17.4273577, 3.6762157 ], [ 17.40523, 3.66945 ], [ 17.39421, 3.66165 ], [ 17.3846524, 3.6464466 ], [ 17.36913, 3.61643 ], [ 17.3672227, 3.6127508 ], [ 17.3659134, 3.6102251 ], [ 17.366958, 3.612797 ], [ 17.35152, 3.662559 ], [ 17.351024, 3.714614 ], [ 17.3733, 3.748161 ], [ 17.32333, 3.814713 ], [ 17.23333, 3.860824 ], [ 17.16416, 3.888054 ], [ 17.089999, 3.90222 ], [ 17.042499, 3.935828 ], [ 16.970549, 3.94583 ], [ 16.925829, 3.983055 ], [ 16.900273, 4.03944 ], [ 16.864442, 4.084438 ], [ 16.825826, 4.154166 ], [ 16.78527, 4.188333 ], [ 16.735128, 4.247553 ], [ 16.778602, 4.336102 ], [ 16.860548, 4.413608 ], [ 16.889437, 4.420272 ], [ 16.955553, 4.38083 ], [ 16.987214, 4.346387 ], [ 17.073637, 4.337438 ], [ 17.019436, 4.394991 ], [ 16.982498, 4.479994 ], [ 16.929161, 4.512499 ], [ 16.926657, 4.536658 ], [ 16.876107, 4.627777 ], [ 16.846941, 4.653055 ], [ 16.830269, 4.715276 ], [ 16.839717, 4.83805 ], [ 16.83444, 4.866666 ], [ 16.953885, 4.928883 ], [ 16.977774, 4.956381 ], [ 17.027495, 4.966944 ], [ 17.037945, 5.023006 ], [ 17.131508, 5.022356 ], [ 17.164158, 4.988054 ], [ 17.231661, 4.960553 ], [ 17.254995, 4.922776 ], [ 17.289992, 4.90972 ], [ 17.304716, 4.874721 ], [ 17.377775, 4.834159 ], [ 17.451665, 4.807493 ], [ 17.471941, 4.77111 ], [ 17.511106, 4.739161 ], [ 17.515828, 4.689441 ], [ 17.539721, 4.584716 ], [ 17.589716, 4.524722 ], [ 17.655915, 4.509009 ], [ 17.759997, 4.539157 ], [ 17.824161, 4.50916 ], [ 17.832498, 4.46944 ], [ 17.86694, 4.473327 ], [ 17.901111, 4.449717 ], [ 17.949999, 4.478608 ], [ 18.043054, 4.462217 ], [ 18.061941, 4.436661 ], [ 18.120274, 4.462497 ], [ 18.161936, 4.420276 ], [ 18.18583, 4.358882 ], [ 18.206384, 4.337774 ], [ 18.267335, 4.324989 ], [ 18.322773, 4.268047 ], [ 18.344714, 4.215547 ], [ 18.349721, 4.138609 ], [ 18.33555, 4.098603 ], [ 18.350551, 4.05916 ], [ 18.400554, 4.020277 ], [ 18.409994, 3.98916 ], [ 18.455269, 3.969716 ], [ 18.464722, 3.939992 ], [ 18.50648, 3.904366 ], [ 18.52944, 3.90805 ], [ 18.576546, 3.881879 ], [ 18.599138, 3.869331 ], [ 18.6116778, 3.8623662 ] ] ] ] } },
{ "type": "Feature", "properties": { "POLYGON_ID": "CAF_GAUL2012_ADM1_859", "ADM0_ISO3": "CAF", "ADM0_NAME": "Central African Republic", "ADM0_CODE": 49, "ADM1_NAME": "Mambéré-Kadéï", "ADM1_CODE": 859, "GEOSET": "GAUL", "GEOSET_YEAR": 2012.0, "GEOSET_VERSION": "GAUL_v1", "GEOSET_UNIT": "ADM1", "CENTROID_LONG": 15.915245673069787, "CENTROID_LAT": 4.5680742809487747 }, "geometry": { "type": "MultiPolygon", "coordinates": [ [ [ [ 17.037945, 5.023006 ], [ 17.027495, 4.966944 ], [ 16.977774, 4.956381 ], [ 16.953885, 4.928883 ], [ 16.83444, 4.866666 ], [ 16.839717, 4.83805 ], [ 16.830269, 4.715276 ], [ 16.846941, 4.653055 ], [ 16.876107, 4.627777 ], [ 16.926657, 4.536658 ], [ 16.929161, 4.512499 ], [ 16.982498, 4.479994 ], [ 17.019436, 4.394991 ], [ 17.073637, 4.337438 ], [ 16.987214, 4.346387 ], [ 16.955553, 4.38083 ], [ 16.889437, 4.420272 ], [ 16.860548, 4.413608 ], [ 16.778602, 4.336102 ], [ 16.735128, 4.247553 ], [ 16.665555, 4.259716 ], [ 16.611939, 4.171662 ], [ 16.616787, 4.075591 ], [ 16.558699, 4.077771 ], [ 16.5322205, 4.0478019 ], [ 16.443139, 4.029342 ], [ 16.393942, 4.057036 ], [ 16.350064, 4.002967 ], [ 16.327461, 4.004285 ], [ 16.251672, 3.950215 ], [ 16.297994, 3.903622 ], [ 16.217101, 3.853945 ], [ 16.131709, 3.848682 ], [ 16.112575, 3.954544 ], [ 16.078328, 3.993054 ], [ 16.027736, 3.989306 ], [ 15.896951, 4.002398 ], [ 15.737031, 3.932907 ], [ 15.732978, 3.90711 ], [ 15.753718, 3.83256 ], [ 15.791162, 3.798218 ], [ 15.799862, 3.703797 ], [ 15.7729978, 3.7013026 ], [ 15.699419, 3.764362 ], [ 15.578325, 3.764716 ], [ 15.549998, 3.743048 ], [ 15.498046, 3.74222 ], [ 15.4690174, 3.7847254 ], [ 15.435316, 3.779251 ], [ 15.396664, 3.744714 ], [ 15.32799, 3.710425 ], [ 15.2819317, 3.6767343 ], [ 15.2636, 3.69624 ], [ 15.26268, 3.6997 ], [ 15.2236183, 3.7561764 ], [ 15.22213, 3.75953 ], [ 15.21067, 3.77449 ], [ 15.13413, 3.90107 ], [ 15.10708, 3.94502 ], [ 15.1022867, 3.9632882 ], [ 15.0646791, 3.9968 ], [ 15.0624355, 3.9969261 ], [ 15.05774, 3.99719 ], [ 15.06161, 4.00676 ], [ 15.0634452, 4.0086628 ], [ 15.0799362, 4.0168467 ], [ 15.0820368, 4.018198 ], [ 15.09672, 4.02114 ], [ 15.10292, 4.02595 ], [ 15.17267, 4.04759 ], [ 15.18025, 4.05056 ], [ 15.1834691, 4.054229 ], [ 15.1820817, 4.0567367 ], [ 15.14912, 4.0658402 ], [ 15.1076, 4.14051 ], [ 15.10829, 4.14145 ], [ 15.11381, 4.149 ], [ 15.1102, 4.16673 ], [ 15.11184, 4.1697308 ], [ 15.1039868, 4.1973623 ], [ 15.10272, 4.2008 ], [ 15.105319, 4.2182579 ], [ 15.1032395, 4.2201216 ], [ 15.0969902, 4.2345889 ], [ 15.09686, 4.23556 ], [ 15.0821587, 4.3070136 ], [ 15.0812399, 4.3064601 ], [ 15.0673652, 4.3228134 ], [ 15.06365, 4.33366 ], [ 15.05634, 4.34358 ], [ 15.03141, 4.36643 ], [ 15.01389, 4.41824 ], [ 15.0074763, 4.4180889 ], [ 14.9690517, 4.4356198 ], [ 14.96141, 4.43542 ], [ 14.9607391, 4.4348634 ], [ 14.95865, 4.43313 ], [ 14.9461831, 4.4380183 ], [ 14.9464969, 4.4418578 ], [ 14.94652, 4.44214 ], [ 14.89612, 4.46483 ], [ 14.86867, 4.49412 ], [ 14.86156, 4.49483 ], [ 14.8586761, 4.4972963 ], [ 14.8153, 4.52464 ], [ 14.7526319, 4.5914406 ], [ 14.74827, 4.59981 ], [ 14.7471428, 4.6003244 ], [ 14.72406, 4.64129 ], [ 14.72507, 4.6829209 ], [ 14.72511, 4.69925 ], [ 14.7226, 4.70639 ], [ 14.7225146, 4.7156668 ], [ 14.7046096, 4.7602529 ], [ 14.70277, 4.76395 ], [ 14.71035, 4.76646 ], [ 14.71472, 4.77013 ], [ 14.7206347, 4.7975657 ], [ 14.7218991, 4.8009377 ], [ 14.7099345, 4.8479396 ], [ 14.70734, 4.85457 ], [ 14.71378, 4.85916 ], [ 14.7144879, 4.8603552 ], [ 14.715873, 4.8646877 ], [ 14.71563, 4.86651 ], [ 14.7144561, 4.8682249 ], [ 14.7122867, 4.871394 ], [ 14.6870916, 4.9311163 ], [ 14.68802, 4.93353 ], [ 14.6904862, 4.9365954 ], [ 14.67873, 4.98692 ], [ 14.6784465, 4.9883626 ], [ 14.68522, 5.01036 ], [ 14.6838403, 5.0120909 ], [ 14.721659, 5.014713 ], [ 14.844159, 4.991665 ], [ 14.956384, 5.001942 ], [ 15.006386, 4.946384 ], [ 15.043052, 4.949713 ], [ 15.078886, 4.998609 ], [ 15.313604, 4.999996 ], [ 15.344165, 5.01555 ], [ 15.374437, 4.996381 ], [ 15.416665, 5.001666 ], [ 15.497304, 5.054923 ], [ 15.557492, 5.022776 ], [ 15.694436, 5.016936 ], [ 15.687067, 5.079091 ], [ 15.825884, 5.075637 ], [ 15.880667, 5.106767 ], [ 15.918949, 5.164537 ], [ 15.934581, 5.211442 ], [ 15.984862, 5.203753 ], [ 15.976792, 5.12405 ], [ 16.011255, 5.078858 ], [ 16.079897, 5.071557 ], [ 16.161841, 5.106682 ], [ 16.26277, 5.168602 ], [ 16.421938, 5.224159 ], [ 16.524818, 5.2741779 ], [ 16.60777, 5.320549 ], [ 16.690273, 5.380276 ], [ 16.719714, 5.390276 ], [ 16.788606, 5.346664 ], [ 16.91916, 5.370547 ], [ 17.035828, 5.289438 ], [ 17.08666, 5.208332 ], [ 17.122217, 5.165269 ], [ 17.10611, 5.139718 ], [ 17.052771, 5.12416 ], [ 16.995826, 5.082495 ], [ 17.037945, 5.023006 ] ] ] ] } },
{ "type": "Feature", "properties": { "POLYGON_ID": "CAF_GAUL2012_ADM1_860", "ADM0_ISO3": "CAF", "ADM0_NAME": "Central African Republic", "ADM0_CODE": 49, "ADM1_NAME": "Mbomou", "ADM1_CODE": 860, "GEOSET": "GAUL", "GEOSET_YEAR": 2012.0, "GEOSET_VERSION": "GAUL_v1", "GEOSET_UNIT": "ADM1", "CENTROID_LONG": 23.391053061337978, "CENTROID_LAT": 5.5042066804808396 }, "geometry": { "type": "MultiPolygon", "coordinates": [ [ [ [ 24.4838311, 5.0992497 ], [ 24.4790806, 5.1007482 ], [ 24.4661697, 5.1048207 ], [ 24.4642485, 5.1042912 ], [ 24.443068, 5.0984534 ], [ 24.4418067, 5.0555686 ], [ 24.4383009, 5.059693 ], [ 24.4230942, 5.0775832 ], [ 24.4203642, 5.080795 ], [ 24.4193162, 5.0854685 ], [ 24.417439, 5.0938392 ], [ 24.4137047, 5.0971805 ], [ 24.4043985, 5.1055071 ], [ 24.3927306, 5.1103115 ], [ 24.3918585, 5.1104723 ], [ 24.3636048, 5.0984534 ], [ 24.348469, 5.0467393 ], [ 24.3648661, 5.0467393 ], [ 24.3658199, 5.0475963 ], [ 24.3714538, 5.0526584 ], [ 24.3837859, 5.0543072 ], [ 24.3876206, 5.051623 ], [ 24.3963991, 5.045478 ], [ 24.358685, 5.008628 ], [ 24.3522529, 5.0076384 ], [ 24.3473803, 5.0090306 ], [ 24.3345945, 5.0126837 ], [ 24.3214808, 5.0056897 ], [ 24.3156747, 5.0025931 ], [ 24.2949242, 4.9991551 ], [ 24.2765738, 4.9899799 ], [ 24.2646382, 4.9353962 ], [ 24.2526087, 4.9319592 ], [ 24.2314883, 4.9564647 ], [ 24.2259483, 4.9572561 ], [ 24.2149667, 4.9538244 ], [ 24.2053579, 4.9407838 ], [ 24.1964353, 4.9407838 ], [ 24.1566272, 4.8968576 ], [ 24.1501009, 4.8929418 ], [ 24.1497638, 4.8927395 ], [ 24.1485336, 4.8929856 ], [ 24.1394685, 4.8947986 ], [ 24.131522, 4.9004262 ], [ 24.1065239, 4.9167617 ], [ 24.0985754, 4.9114627 ], [ 24.0900516, 4.9057801 ], [ 24.07907, 4.9009757 ], [ 24.0516161, 4.8851897 ], [ 24.0495571, 4.8728355 ], [ 23.9932767, 4.8666584 ], [ 23.9668873, 4.8765058 ], [ 23.9599825, 4.8751998 ], [ 23.9518571, 4.8114118 ], [ 23.9294464, 4.8186141 ], [ 23.9081696, 4.8295956 ], [ 23.8868929, 4.8357727 ], [ 23.8822456, 4.8290615 ], [ 23.879258, 4.824747 ], [ 23.8443522, 4.8211057 ], [ 23.8374759, 4.8247912 ], [ 23.8245968, 4.8241779 ], [ 23.7811955, 4.7863558 ], [ 23.7592324, 4.782924 ], [ 23.7329449, 4.7869074 ], [ 23.675498, 4.765079 ], [ 23.6137268, 4.7568428 ], [ 23.5945091, 4.76302 ], [ 23.5374403, 4.6973537 ], [ 23.5021234, 4.6784339 ], [ 23.4599851, 4.677913 ], [ 23.440081, 4.6580089 ], [ 23.4362564, 4.6533933 ], [ 23.4325312, 4.6291823 ], [ 23.4297858, 4.6010421 ], [ 23.4289506, 4.5999284 ], [ 23.4256678, 4.5955513 ], [ 23.3318452, 4.6052774 ], [ 23.2745905, 4.6333818 ], [ 23.2732987, 4.6333004 ], [ 23.2705534, 4.6415366 ], [ 23.2712274, 4.6497753 ], [ 23.2347236, 4.6721273 ], [ 23.182701, 4.7341934 ], [ 23.1754415, 4.7414999 ], [ 23.1123755, 4.7124896 ], [ 23.0896718, 4.7150122 ], [ 23.0753722, 4.7197787 ], [ 23.0745359, 4.7200575 ], [ 23.0727516, 4.7221614 ], [ 23.0098371, 4.7568123 ], [ 23.007686, 4.7578971 ], [ 22.9996954, 4.7834892 ], [ 22.9940721, 4.7972208 ], [ 22.9891511, 4.8021417 ], [ 22.9820562, 4.8252003 ], [ 22.9699334, 4.8392045 ], [ 22.9637563, 4.8392045 ], [ 22.9584945, 4.8348376 ], [ 22.9511261, 4.8249205 ], [ 22.9479703, 4.8206731 ], [ 22.9404205, 4.8179277 ], [ 22.9284522, 4.8164317 ], [ 22.9239482, 4.8158687 ], [ 22.9180417, 4.8185838 ], [ 22.8916899, 4.8110643 ], [ 22.8827674, 4.7486067 ], [ 22.8740928, 4.7428679 ], [ 22.8628633, 4.713603 ], [ 22.8457229, 4.7017365 ], [ 22.8235333, 4.7225801 ], [ 22.8189988, 4.7244596 ], [ 22.8120736, 4.7273299 ], [ 22.8004057, 4.7280163 ], [ 22.7756031, 4.706183 ], [ 22.7338301, 4.6298687 ], [ 22.7301956, 4.5708428 ], [ 22.7301956, 4.5573472 ], [ 22.7056898, 4.5303484 ], [ 22.7029445, 4.4871085 ], [ 22.6796087, 4.4754406 ], [ 22.6137194, 4.4919129 ], [ 22.5990184, 4.4753614 ], [ 22.5862655, 4.3917063 ], [ 22.6190681, 4.3781214 ], [ 22.6208562, 4.3763333 ], [ 22.5704795, 4.3395439 ], [ 22.5395939, 4.2757137 ], [ 22.5416306, 4.2539721 ], [ 22.5478301, 4.2496325 ], [ 22.5512618, 4.242769 ], [ 22.5510311, 4.2402317 ], [ 22.5347895, 4.2043336 ], [ 22.4575126, 4.1359506 ], [ 22.4353303, 4.1280283 ], [ 22.3951997, 4.121016 ], [ 22.3885976, 4.1185402 ], [ 22.3714389, 4.1157948 ], [ 22.3616743, 4.1180732 ], [ 22.2773818, 4.1184079 ], [ 22.2508941, 4.1247145 ], [ 22.1424206, 4.1764286 ], [ 22.1010182, 4.2111971 ], [ 22.0673872, 4.2180605 ], [ 22.0609716, 4.2189159 ], [ 22.0409614, 4.221584 ], [ 22.0371336, 4.2220943 ], [ 22.036666, 4.229997 ], [ 22.039157, 4.241387 ], [ 22.038323, 4.259713 ], [ 22.069444, 4.282771 ], [ 22.062769, 4.346108 ], [ 22.099993, 4.424164 ], [ 22.151379, 4.508054 ], [ 22.121665, 4.539159 ], [ 22.075551, 4.543054 ], [ 21.989442, 4.518053 ], [ 21.939996, 4.536107 ], [ 21.956382, 4.56027 ], [ 21.921662, 4.592214 ], [ 21.880273, 4.653886 ], [ 21.840277, 4.655832 ], [ 21.822771, 4.681382 ], [ 21.743332, 4.687771 ], [ 21.751382, 4.782494 ], [ 21.770547, 4.810551 ], [ 21.775828, 4.917217 ], [ 21.831385, 4.996941 ], [ 21.794819, 5.095631 ], [ 21.870833, 5.154714 ], [ 21.893332, 5.233883 ], [ 21.891944, 5.32277 ], [ 21.906108, 5.359994 ], [ 21.892492, 5.420555 ], [ 21.900368, 5.4770561 ], [ 21.945554, 5.513326 ], [ 21.97333, 5.553054 ], [ 21.996049, 5.556027 ], [ 22.034998, 5.592773 ], [ 22.035552, 5.639443 ], [ 22.081664, 5.654163 ], [ 22.047492, 5.72833 ], [ 22.071943, 5.757775 ], [ 22.071108, 5.873328 ], [ 22.122777, 5.943883 ], [ 22.106389, 5.973886 ], [ 22.178879, 6.030276 ], [ 22.268882, 6.064717 ], [ 22.295827, 6.035831 ], [ 22.346388, 6.046104 ], [ 22.379995, 6.035829 ], [ 22.467213, 6.081939 ], [ 22.495549, 6.125555 ], [ 22.507772, 6.181386 ], [ 22.54471, 6.246098 ], [ 22.680824, 6.274443 ], [ 22.734993, 6.260273 ], [ 22.812491, 6.273883 ], [ 22.838609, 6.259991 ], [ 22.873883, 6.187218 ], [ 23.018601, 6.146387 ], [ 23.271935, 6.082221 ], [ 23.295546, 6.105826 ], [ 23.291103, 6.169718 ], [ 23.313883, 6.204717 ], [ 23.39305, 6.209439 ], [ 23.443327, 6.298325 ], [ 23.566939, 6.374713 ], [ 23.662215, 6.423052 ], [ 24.096384, 6.667775 ], [ 24.260706, 6.752611 ], [ 24.348605, 6.660824 ], [ 24.459716, 6.526941 ], [ 24.596944, 6.383328 ], [ 24.634161, 6.403325 ], [ 24.700556, 6.396381 ], [ 24.781108, 6.485827 ], [ 24.891944, 6.493604 ], [ 24.935269, 6.44916 ], [ 24.988882, 6.42722 ], [ 25.075277, 6.340269 ], [ 25.073604, 6.29888 ], [ 25.012222, 6.289157 ], [ 25.000547, 6.240547 ], [ 24.927213, 6.204716 ], [ 24.854716, 6.228329 ], [ 24.848607, 6.208054 ], [ 24.900825, 6.171662 ], [ 24.99388, 6.087213 ], [ 25.005555, 6.059717 ], [ 25.046108, 6.059716 ], [ 25.048605, 6.026104 ], [ 25.083052, 5.997771 ], [ 25.109161, 5.95611 ], [ 25.154443, 5.966661 ], [ 25.189722, 5.916385 ], [ 25.16055, 5.869994 ], [ 25.155269, 5.806102 ], [ 25.108055, 5.803331 ], [ 25.049716, 5.743606 ], [ 25.027217, 5.62749 ], [ 25.045277, 5.560271 ], [ 24.986106, 5.484717 ], [ 24.973608, 5.448879 ], [ 24.874997, 5.397498 ], [ 24.873603, 5.336385 ], [ 24.832217, 5.345552 ], [ 24.790273, 5.312497 ], [ 24.69194, 5.259157 ], [ 24.602492, 5.258887 ], [ 24.570554, 5.202769 ], [ 24.543325, 5.192496 ], [ 24.531381, 5.107219 ], [ 24.4838311, 5.0992497 ] ] ] ] } },
{ "type": "Feature", "properties": { "POLYGON_ID": "CAF_GAUL2012_ADM1_861", "ADM0_ISO3": "CAF", "ADM0_NAME": "Central African Republic", "ADM0_CODE": 49, "ADM1_NAME": "Nana-Gribizi", "ADM1_CODE": 861, "GEOSET": "GAUL", "GEOSET_YEAR": 2012.0, "GEOSET_VERSION": "GAUL_v1", "GEOSET_UNIT": "ADM1", "CENTROID_LONG": 19.330264204398265, "CENTROID_LAT": 7.1902879492563203 }, "geometry": { "type": "MultiPolygon", "coordinates": [ [ [ [ 20.158609, 7.092492 ], [ 20.145548, 7.04861 ], [ 20.153887, 7.021386 ], [ 20.142775, 6.969443 ], [ 20.123602, 6.943609 ], [ 20.11138, 6.890547 ], [ 20.046382, 6.829443 ], [ 20.014715, 6.783332 ], [ 19.954162, 6.717769 ], [ 19.921937, 6.694992 ], [ 19.859158, 6.607769 ], [ 19.861105, 6.554166 ], [ 19.881105, 6.459995 ], [ 19.861385, 6.447491 ], [ 19.816379, 6.479716 ], [ 19.74305, 6.476108 ], [ 19.546106, 6.504438 ], [ 19.444719, 6.494436 ], [ 19.368327, 6.468328 ], [ 19.281104, 6.452768 ], [ 19.24416, 6.456939 ], [ 19.163051, 6.433328 ], [ 19.121387, 6.444441 ], [ 19.071386, 6.477213 ], [ 19.038762, 6.540046 ], [ 18.986382, 6.552772 ], [ 18.868049, 6.525274 ], [ 18.752492, 6.51472 ], [ 18.774444, 6.586938 ], [ 18.861663, 6.636666 ], [ 18.862497, 6.687777 ], [ 18.806937, 6.706102 ], [ 18.745833, 6.752497 ], [ 18.708051, 6.888604 ], [ 18.656385, 6.929162 ], [ 18.651383, 6.961108 ], [ 18.690276, 6.982771 ], [ 18.70666, 7.04833 ], [ 18.746381, 7.097494 ], [ 18.713884, 7.126663 ], [ 18.769993, 7.162498 ], [ 18.769437, 7.202494 ], [ 18.846384, 7.25111 ], [ 18.794159, 7.39555 ], [ 18.720276, 7.58555 ], [ 18.729437, 7.620832 ], [ 19.021662, 7.759999 ], [ 18.990556, 7.763884 ], [ 18.976106, 7.796384 ], [ 18.991663, 7.82333 ], [ 18.976945, 7.859994 ], [ 19.003329, 7.874435 ], [ 19.02916, 7.938054 ], [ 19.024995, 8.009992 ], [ 19.058609, 8.064719 ], [ 19.048051, 8.147774 ], [ 19.06555, 8.210551 ], [ 19.016381, 8.264714 ], [ 19.03999, 8.307495 ], [ 19.038603, 8.354995 ], [ 19.072497, 8.403602 ], [ 19.058884, 8.444161 ], [ 19.073055, 8.486941 ], [ 19.074716, 8.569158 ], [ 19.099436, 8.523327 ], [ 19.105551, 8.468606 ], [ 19.135547, 8.442221 ], [ 19.145825, 8.405831 ], [ 19.220827, 8.342219 ], [ 19.279162, 8.212493 ], [ 19.339166, 8.160826 ], [ 19.36444, 8.094721 ], [ 19.35083, 8.073054 ], [ 19.377772, 8.034159 ], [ 19.344162, 8.014715 ], [ 19.358332, 7.968604 ], [ 19.334718, 7.943882 ], [ 19.353051, 7.910547 ], [ 19.322217, 7.879158 ], [ 19.344721, 7.826658 ], [ 19.329715, 7.787218 ], [ 19.36333, 7.745829 ], [ 19.394717, 7.76305 ], [ 19.466937, 7.723052 ], [ 19.50055, 7.736381 ], [ 19.595549, 7.644717 ], [ 19.578052, 7.606666 ], [ 19.589722, 7.567773 ], [ 19.627498, 7.569718 ], [ 19.666105, 7.544165 ], [ 19.706384, 7.556663 ], [ 19.757495, 7.505555 ], [ 19.765269, 7.434443 ], [ 19.802491, 7.432219 ], [ 19.808607, 7.404999 ], [ 19.848608, 7.361662 ], [ 19.894165, 7.338332 ], [ 19.901661, 7.26666 ], [ 19.947216, 7.223602 ], [ 20.004992, 7.207216 ], [ 20.034444, 7.167769 ], [ 20.129439, 7.095825 ], [ 20.158609, 7.092492 ] ] ] ] } },
{ "type": "Feature", "properties": { "POLYGON_ID": "CAF_GAUL2012_ADM1_862", "ADM0_ISO3": "CAF", "ADM0_NAME": "Central African Republic", "ADM0_CODE": 49, "ADM1_NAME": "Nana-Mambéré", "ADM1_CODE": 862, "GEOSET": "GAUL", "GEOSET_YEAR": 2012.0, "GEOSET_VERSION": "GAUL_v1", "GEOSET_UNIT": "ADM1", "CENTROID_LONG": 15.379351190125055, "CENTROID_LAT": 5.6982423166585603 }, "geometry": { "type": "MultiPolygon", "coordinates": [ [ [ [ 16.514715, 5.568327 ], [ 16.518609, 5.51361 ], [ 16.489717, 5.402776 ], [ 16.512217, 5.346105 ], [ 16.524818, 5.2741779 ], [ 16.421938, 5.224159 ], [ 16.26277, 5.168602 ], [ 16.161841, 5.106682 ], [ 16.079897, 5.071557 ], [ 16.011255, 5.078858 ], [ 15.976792, 5.12405 ], [ 15.984862, 5.203753 ], [ 15.934581, 5.211442 ], [ 15.918949, 5.164537 ], [ 15.880667, 5.106767 ], [ 15.825884, 5.075637 ], [ 15.687067, 5.079091 ], [ 15.694436, 5.016936 ], [ 15.557492, 5.022776 ], [ 15.497304, 5.054923 ], [ 15.416665, 5.001666 ], [ 15.374437, 4.996381 ], [ 15.344165, 5.01555 ], [ 15.313604, 4.999996 ], [ 15.078886, 4.998609 ], [ 15.043052, 4.949713 ], [ 15.006386, 4.946384 ], [ 14.956384, 5.001942 ], [ 14.844159, 4.991665 ], [ 14.721659, 5.014713 ], [ 14.6838403, 5.0120909 ], [ 14.6834689, 5.0125568 ], [ 14.68224, 5.01635 ], [ 14.6905188, 5.0193196 ], [ 14.6846521, 5.0488424 ], [ 14.68532, 5.05636 ], [ 14.68418, 5.06004 ], [ 14.67755, 5.0711 ], [ 14.67987, 5.0826 ], [ 14.6911268, 5.0878585 ], [ 14.69275, 5.092 ], [ 14.69551, 5.09599 ], [ 14.69168, 5.11824 ], [ 14.67638, 5.17921 ], [ 14.65262, 5.21101 ], [ 14.6081, 5.21802 ], [ 14.6043705, 5.2181256 ], [ 14.57896, 5.22569 ], [ 14.5295321, 5.2737094 ], [ 14.5278832, 5.2779758 ], [ 14.5278969, 5.2780287 ], [ 14.53018, 5.27962 ], [ 14.55134, 5.29866 ], [ 14.552957, 5.3009238 ], [ 14.5536389, 5.3018784 ], [ 14.55319, 5.30395 ], [ 14.5494354, 5.3066452 ], [ 14.5534806, 5.3171092 ], [ 14.55416, 5.32579 ], [ 14.5829011, 5.3888123 ], [ 14.58391, 5.38919 ], [ 14.5871438, 5.3927642 ], [ 14.58828, 5.39402 ], [ 14.59563, 5.39538 ], [ 14.6009314, 5.3992899 ], [ 14.60184, 5.39996 ], [ 14.60461, 5.40824 ], [ 14.60167, 5.42894 ], [ 14.6020196, 5.4334631 ], [ 14.60724, 5.4533014 ], [ 14.60725, 5.45951 ], [ 14.6050644, 5.463918 ], [ 14.60659, 5.47032 ], [ 14.61027, 5.47123 ], [ 14.6188877, 5.4909891 ], [ 14.61881, 5.49375 ], [ 14.6172604, 5.5263453 ], [ 14.61202, 5.53792 ], [ 14.6093, 5.55472 ], [ 14.6003725, 5.6120415 ], [ 14.60232, 5.61659 ], [ 14.6111193, 5.6492733 ], [ 14.61113, 5.65567 ], [ 14.61807, 5.67887 ], [ 14.6234919, 5.6895281 ], [ 14.62744, 5.75864 ], [ 14.62711, 5.81728 ], [ 14.62005, 5.84535 ], [ 14.62108, 5.86135 ], [ 14.62231, 5.88046 ], [ 14.5942735, 5.9199896 ], [ 14.59127, 5.91968 ], [ 14.57606, 5.90541 ], [ 14.5712, 5.90192 ], [ 14.55557, 5.90513 ], [ 14.5285052, 5.8977186 ], [ 14.49361, 5.9144 ], [ 14.4657, 5.97723 ], [ 14.43611, 6.00259 ], [ 14.43063, 6.02076 ], [ 14.4293922, 6.0223318 ], [ 14.4202577, 6.0394362 ], [ 14.4257, 6.0828252 ], [ 14.4257, 6.0837512 ], [ 14.445973, 6.0862414 ], [ 14.4524137, 6.0899201 ], [ 14.4684686, 6.0953896 ], [ 14.4721785, 6.0977802 ], [ 14.47238, 6.09791 ], [ 14.472608, 6.0986186 ], [ 14.47423, 6.10366 ], [ 14.5019883, 6.1256785 ], [ 14.50554, 6.12726 ], [ 14.52582, 6.15388 ], [ 14.5264692, 6.1549676 ], [ 14.53459, 6.16857 ], [ 14.54218, 6.17223 ], [ 14.5433442, 6.1732813 ], [ 14.561977, 6.1901073 ], [ 14.5792555, 6.1926212 ], [ 14.5986942, 6.1990141 ], [ 14.63345, 6.2126158 ], [ 14.6351, 6.21357 ], [ 14.64156, 6.21517 ], [ 14.6445077, 6.2158975 ], [ 14.65096, 6.21749 ], [ 14.6819153, 6.2288713 ], [ 14.72426, 6.24444 ], [ 14.7545, 6.26702 ], [ 14.7774, 6.30227 ], [ 14.79616, 6.33115 ], [ 14.7978411, 6.3319958 ], [ 14.79938, 6.33277 ], [ 14.81592, 6.36036 ], [ 14.81337, 6.4091 ], [ 14.8144153, 6.4111468 ], [ 14.81576, 6.41378 ], [ 14.83703, 6.45533 ], [ 14.85862, 6.50039 ], [ 14.8615415, 6.5057175 ], [ 14.87142, 6.52664 ], [ 14.89607, 6.58593 ], [ 14.92301, 6.64198 ], [ 14.93077, 6.65811 ], [ 14.93284, 6.66754 ], [ 14.9344414, 6.6711848 ], [ 14.9474363, 6.7007612 ], [ 14.947774, 6.700531 ], [ 14.968818, 6.701812 ], [ 14.988117, 6.710615 ], [ 15.008171, 6.7103 ], [ 15.152491, 6.745271 ], [ 15.192217, 6.750277 ], [ 15.196108, 6.681658 ], [ 15.268047, 6.633885 ], [ 15.3138, 6.573567 ], [ 15.321104, 6.459471 ], [ 15.356107, 6.363329 ], [ 15.393053, 6.318051 ], [ 15.432219, 6.296109 ], [ 15.481106, 6.321659 ], [ 15.540551, 6.304992 ], [ 15.561659, 6.336387 ], [ 15.657498, 6.375825 ], [ 15.712217, 6.388606 ], [ 15.75304, 6.425157 ], [ 15.792221, 6.390832 ], [ 15.789437, 6.367769 ], [ 15.713602, 6.297221 ], [ 15.70166, 6.270271 ], [ 15.769161, 6.197491 ], [ 15.808858, 6.118574 ], [ 15.803315, 6.014121 ], [ 15.820867, 6.00221 ], [ 15.81902, 5.947235 ], [ 15.849506, 5.922496 ], [ 15.895698, 5.913333 ], [ 15.901254, 5.854752 ], [ 15.9490777, 5.851293 ], [ 15.983889, 5.805273 ], [ 16.066661, 5.786661 ], [ 16.104996, 5.795552 ], [ 16.158883, 5.831109 ], [ 16.187217, 5.900832 ], [ 16.203889, 5.912772 ], [ 16.259719, 5.896937 ], [ 16.257214, 5.855274 ], [ 16.317222, 5.772215 ], [ 16.377495, 5.745554 ], [ 16.389441, 5.723602 ], [ 16.457778, 5.673328 ], [ 16.463884, 5.634993 ], [ 16.514715, 5.568327 ] ] ] ] } },
{ "type": "Feature", "properties": { "POLYGON_ID": "CAF_GAUL2012_ADM1_863", "ADM0_ISO3": "CAF", "ADM0_NAME": "Central African Republic", "ADM0_CODE": 49, "ADM1_NAME": "Ombella M'Poko", "ADM1_CODE": 863, "GEOSET": "GAUL", "GEOSET_YEAR": 2012.0, "GEOSET_VERSION": "GAUL_v1", "GEOSET_UNIT": "ADM1", "CENTROID_LONG": 17.993875077148054, "CENTROID_LAT": 5.1170111196607513 }, "geometry": { "type": "MultiPolygon", "coordinates": [ [ [ [ 18.633878, 5.730964 ], [ 18.668604, 5.67527 ], [ 18.703327, 5.653886 ], [ 18.848034, 5.63915 ], [ 18.879439, 5.608604 ], [ 18.88166, 5.509162 ], [ 18.910277, 5.47472 ], [ 18.978887, 5.434998 ], [ 18.994163, 5.409436 ], [ 18.991205, 5.367457 ], [ 19.018034, 5.310098 ], [ 18.992494, 5.236106 ], [ 18.985272, 5.187216 ], [ 19.006386, 5.138048 ], [ 19.035272, 5.116937 ], [ 19.054162, 5.069437 ], [ 19.090827, 5.045553 ], [ 19.091939, 5.017498 ], [ 19.141214, 4.959949 ], [ 19.1418157, 4.9478189 ], [ 19.1329114, 4.9470951 ], [ 19.0938105, 4.9243913 ], [ 19.0515789, 4.8364591 ], [ 19.0069663, 4.7678244 ], [ 19.0076527, 4.7568428 ], [ 18.9376453, 4.6985034 ], [ 18.936959, 4.677913 ], [ 18.9158163, 4.6589727 ], [ 18.9040143, 4.6484 ], [ 18.9035651, 4.6482775 ], [ 18.8284039, 4.5733398 ], [ 18.8189073, 4.5523115 ], [ 18.8051803, 4.4788723 ], [ 18.7833051, 4.4259238 ], [ 18.7505097, 4.392852 ], [ 18.7369511, 4.3824223 ], [ 18.720549, 4.3717253 ], [ 18.6964948, 4.3643653 ], [ 18.6827526, 4.3645939 ], [ 18.6285541, 4.3574625 ], [ 18.624274, 4.3571058 ], [ 18.624232, 4.358739 ], [ 18.62415, 4.360956 ], [ 18.624134, 4.363103 ], [ 18.631768, 4.375827 ], [ 18.619122, 4.390787 ], [ 18.543774, 4.422486 ], [ 18.528062, 4.374047 ], [ 18.536502, 4.326421 ], [ 18.538214, 4.322742 ], [ 18.539882, 4.320822 ], [ 18.541938, 4.317184 ], [ 18.5423416, 4.3167447 ], [ 18.5443685, 4.3072856 ], [ 18.5461551, 4.303281 ], [ 18.5999626, 4.2228649 ], [ 18.6171213, 4.1782524 ], [ 18.6278311, 4.1393827 ], [ 18.6314067, 4.1264057 ], [ 18.6384245, 4.1151928 ], [ 18.6432025, 4.1075587 ], [ 18.6435111, 4.0992049 ], [ 18.6449563, 4.0600839 ], [ 18.6519098, 3.9949545 ], [ 18.652125, 3.9929387 ], [ 18.6519833, 3.9915216 ], [ 18.6507523, 3.9792118 ], [ 18.6226121, 3.9345992 ], [ 18.61877, 3.9222193 ], [ 18.6164349, 3.9146952 ], [ 18.6116778, 3.8623662 ], [ 18.599138, 3.869331 ], [ 18.576546, 3.881879 ], [ 18.52944, 3.90805 ], [ 18.50648, 3.904366 ], [ 18.464722, 3.939992 ], [ 18.455269, 3.969716 ], [ 18.409994, 3.98916 ], [ 18.400554, 4.020277 ], [ 18.350551, 4.05916 ], [ 18.33555, 4.098603 ], [ 18.349721, 4.138609 ], [ 18.344714, 4.215547 ], [ 18.322773, 4.268047 ], [ 18.267335, 4.324989 ], [ 18.206384, 4.337774 ], [ 18.18583, 4.358882 ], [ 18.161936, 4.420276 ], [ 18.120274, 4.462497 ], [ 18.061941, 4.436661 ], [ 18.043054, 4.462217 ], [ 17.949999, 4.478608 ], [ 17.901111, 4.449717 ], [ 17.86694, 4.473327 ], [ 17.832498, 4.46944 ], [ 17.824161, 4.50916 ], [ 17.759997, 4.539157 ], [ 17.655915, 4.509009 ], [ 17.589716, 4.524722 ], [ 17.539721, 4.584716 ], [ 17.515828, 4.689441 ], [ 17.511106, 4.739161 ], [ 17.471941, 4.77111 ], [ 17.451665, 4.807493 ], [ 17.377775, 4.834159 ], [ 17.304716, 4.874721 ], [ 17.289992, 4.90972 ], [ 17.254995, 4.922776 ], [ 17.231661, 4.960553 ], [ 17.164158, 4.988054 ], [ 17.131508, 5.022356 ], [ 17.037945, 5.023006 ], [ 16.995826, 5.082495 ], [ 17.052771, 5.12416 ], [ 17.10611, 5.139718 ], [ 17.122217, 5.165269 ], [ 17.08666, 5.208332 ], [ 17.035828, 5.289438 ], [ 16.91916, 5.370547 ], [ 16.788606, 5.346664 ], [ 16.719714, 5.390276 ], [ 16.690273, 5.380276 ], [ 16.60777, 5.320549 ], [ 16.524818, 5.2741779 ], [ 16.512217, 5.346105 ], [ 16.489717, 5.402776 ], [ 16.518609, 5.51361 ], [ 16.514715, 5.568327 ], [ 16.548692, 5.567579 ], [ 16.574437, 5.608604 ], [ 16.608326, 5.623606 ], [ 16.626941, 5.656942 ], [ 16.683605, 5.704718 ], [ 16.688047, 5.741936 ], [ 16.726944, 5.76166 ], [ 16.763328, 5.797493 ], [ 16.800553, 5.794998 ], [ 16.873053, 5.824159 ], [ 16.933602, 5.828882 ], [ 16.978395, 5.858645 ], [ 16.973048, 5.806385 ], [ 17.014443, 5.73888 ], [ 17.235363, 5.730736 ], [ 17.403602, 5.713324 ], [ 17.598885, 5.716386 ], [ 17.804437, 5.833884 ], [ 17.853605, 5.889994 ], [ 17.893604, 5.907497 ], [ 17.942769, 5.876664 ], [ 18.003606, 5.853608 ], [ 18.027769, 5.797221 ], [ 18.086386, 5.814999 ], [ 18.128327, 5.788607 ], [ 18.239159, 5.804721 ], [ 18.265832, 5.758602 ], [ 18.345555, 5.759159 ], [ 18.398881, 5.738325 ], [ 18.373885, 5.696106 ], [ 18.401379, 5.618609 ], [ 18.411665, 5.55972 ], [ 18.502494, 5.596104 ], [ 18.60333, 5.651383 ], [ 18.633878, 5.730964 ] ] ] ] } },
{ "type": "Feature", "properties": { "POLYGON_ID": "CAF_GAUL2012_ADM1_864", "ADM0_ISO3": "CAF", "ADM0_NAME": "Central African Republic", "ADM0_CODE": 49, "ADM1_NAME": "Ouaka", "ADM1_CODE": 864, "GEOSET": "GAUL", "GEOSET_YEAR": 2012.0, "GEOSET_VERSION": "GAUL_v1", "GEOSET_UNIT": "ADM1", "CENTROID_LONG": 20.749548775984479, "CENTROID_LAT": 6.1280850988233171 }, "geometry": { "type": "MultiPolygon", "coordinates": [ [ [ [ 21.662769, 5.549161 ], [ 21.640274, 5.485553 ], [ 21.612708, 5.466757 ], [ 21.561942, 5.467492 ], [ 21.544718, 5.499996 ], [ 21.512771, 5.505273 ], [ 21.483883, 5.576385 ], [ 21.489436, 5.612777 ], [ 21.444714, 5.691105 ], [ 21.417777, 5.696387 ], [ 21.394436, 5.731382 ], [ 21.369442, 5.691387 ], [ 21.337769, 5.716107 ], [ 21.301381, 5.678046 ], [ 21.252494, 5.650833 ], [ 21.219441, 5.650272 ], [ 21.17972, 5.671935 ], [ 21.134436, 5.649713 ], [ 21.081109, 5.708881 ], [ 21.044999, 5.719439 ], [ 21.033051, 5.686661 ], [ 21.057495, 5.657217 ], [ 21.020828, 5.599997 ], [ 21.028605, 5.559715 ], [ 20.997214, 5.536938 ], [ 20.943324, 5.529717 ], [ 20.945551, 5.50277 ], [ 20.979162, 5.487495 ], [ 20.988331, 5.417217 ], [ 20.953328, 5.38083 ], [ 20.963881, 5.314721 ], [ 20.960276, 5.245826 ], [ 20.940826, 5.184999 ], [ 20.900546, 5.12138 ], [ 20.938609, 5.02166 ], [ 20.896105, 4.952775 ], [ 20.907777, 4.850832 ], [ 20.850244, 4.83815 ], [ 20.814853, 4.84702 ], [ 20.771738, 4.80116 ], [ 20.738378, 4.789873 ], [ 20.728328, 4.75694 ], [ 20.698326, 4.738887 ], [ 20.674436, 4.698885 ], [ 20.5771576, 4.5929975 ], [ 20.4583329, 4.520739 ], [ 20.4544666, 4.5310491 ], [ 20.4524129, 4.5365255 ], [ 20.4502897, 4.5455316 ], [ 20.4472067, 4.5586085 ], [ 20.4585901, 4.596924 ], [ 20.4566031, 4.6194426 ], [ 20.4396388, 4.6443783 ], [ 20.4211364, 4.6582551 ], [ 20.4091731, 4.6710495 ], [ 20.4079572, 4.6736333 ], [ 20.4036823, 4.6827174 ], [ 20.3391657, 4.7637063 ], [ 20.3147018, 4.7699645 ], [ 20.3096528, 4.7712561 ], [ 20.303271, 4.7736165 ], [ 20.2581942, 4.7905619 ], [ 20.2403317, 4.800769 ], [ 20.2218004, 4.8131233 ], [ 20.217092, 4.8173387 ], [ 20.2088173, 4.824747 ], [ 20.1607155, 4.881758 ], [ 20.1064941, 4.9009757 ], [ 20.0879627, 4.9119572 ], [ 20.0643252, 4.9293236 ], [ 20.0543317, 4.9366657 ], [ 20.0495273, 4.9455882 ], [ 20.0416432, 4.9541891 ], [ 20.0344277, 4.9620606 ], [ 19.9541251, 4.9881418 ], [ 19.914317, 4.9874554 ], [ 19.8573502, 5.0581491 ], [ 19.8569887, 5.0593313 ], [ 19.911382, 5.088887 ], [ 19.93777, 5.125831 ], [ 19.959715, 5.266102 ], [ 19.953887, 5.322213 ], [ 19.987495, 5.404719 ], [ 20.00777, 5.42611 ], [ 20.015272, 5.491102 ], [ 19.676942, 5.487217 ], [ 19.511105, 5.483326 ], [ 19.464999, 5.544999 ], [ 19.473056, 5.56416 ], [ 19.546937, 5.572215 ], [ 19.654436, 5.656941 ], [ 19.675828, 5.727771 ], [ 19.657222, 5.751107 ], [ 19.612217, 5.763332 ], [ 19.623332, 5.796103 ], [ 19.590826, 5.913606 ], [ 19.608332, 5.939442 ], [ 19.701152, 5.997548 ], [ 19.719995, 6.036383 ], [ 19.779165, 6.03555 ], [ 19.829159, 6.111935 ], [ 19.831389, 6.168324 ], [ 19.864161, 6.192491 ], [ 19.844718, 6.250825 ], [ 19.875552, 6.324991 ], [ 19.835834, 6.379436 ], [ 19.783331, 6.396381 ], [ 19.745269, 6.428887 ], [ 19.74305, 6.476108 ], [ 19.816379, 6.479716 ], [ 19.861385, 6.447491 ], [ 19.881105, 6.459995 ], [ 19.861105, 6.554166 ], [ 19.859158, 6.607769 ], [ 19.921937, 6.694992 ], [ 19.954162, 6.717769 ], [ 20.014715, 6.783332 ], [ 20.046382, 6.829443 ], [ 20.11138, 6.890547 ], [ 20.123602, 6.943609 ], [ 20.142775, 6.969443 ], [ 20.153887, 7.021386 ], [ 20.145548, 7.04861 ], [ 20.158609, 7.092492 ], [ 20.169996, 7.069442 ], [ 20.211109, 7.06027 ], [ 20.231382, 7.033049 ], [ 20.312499, 7.034719 ], [ 20.345551, 7.018055 ], [ 20.413884, 7.039715 ], [ 20.444999, 7.017773 ], [ 20.523609, 7.068886 ], [ 20.567772, 7.067773 ], [ 20.634718, 7.123888 ], [ 20.656935, 7.164717 ], [ 20.67638, 7.234999 ], [ 20.723049, 7.24861 ], [ 20.79583, 7.22555 ], [ 20.877496, 7.267495 ], [ 20.923123, 7.339715 ], [ 20.954436, 7.362776 ], [ 21.019438, 7.460825 ], [ 21.075271, 7.504441 ], [ 21.054994, 7.563051 ], [ 21.06083, 7.601108 ], [ 21.090554, 7.619998 ], [ 21.109159, 7.687216 ], [ 21.130826, 7.703324 ], [ 21.163049, 7.683052 ], [ 21.199157, 7.631943 ], [ 21.244998, 7.606664 ], [ 21.321661, 7.595549 ], [ 21.381659, 7.553332 ], [ 21.420552, 7.492771 ], [ 21.424998, 7.459996 ], [ 21.409158, 7.342216 ], [ 21.430271, 7.306938 ], [ 21.565276, 7.307214 ], [ 21.583333, 7.266664 ], [ 21.575826, 7.176108 ], [ 21.594992, 7.09777 ], [ 21.604442, 6.991659 ], [ 21.635271, 6.980547 ], [ 21.631107, 6.937214 ], [ 21.653603, 6.870826 ], [ 21.637776, 6.851382 ], [ 21.639717, 6.805826 ], [ 21.610551, 6.789438 ], [ 21.628052, 6.756385 ], [ 21.636102, 6.694721 ], [ 21.664442, 6.643048 ], [ 21.707773, 6.587772 ], [ 21.772214, 6.584715 ], [ 21.794442, 6.561106 ], [ 21.773886, 6.441385 ], [ 21.809163, 6.369166 ], [ 21.794442, 6.304719 ], [ 21.740825, 6.231388 ], [ 21.746382, 6.20472 ], [ 21.789713, 6.179996 ], [ 21.801661, 6.120277 ], [ 21.821109, 6.090553 ], [ 21.826659, 6.043327 ], [ 21.876659, 6.042775 ], [ 21.895549, 6.018326 ], [ 21.909441, 5.951107 ], [ 21.944626, 5.894125 ], [ 21.940271, 5.820826 ], [ 21.903333, 5.680269 ], [ 21.858331, 5.615824 ], [ 21.779996, 5.675547 ], [ 21.752768, 5.672497 ], [ 21.661941, 5.597213 ], [ 21.662769, 5.549161 ] ] ] ] } },
{ "type": "Feature", "properties": { "POLYGON_ID": "CAF_GAUL2012_ADM1_865", "ADM0_ISO3": "CAF", "ADM0_NAME": "Central African Republic", "ADM0_CODE": 49, "ADM1_NAME": "Ouham", "ADM1_CODE": 865, "GEOSET": "GAUL", "GEOSET_YEAR": 2012.0, "GEOSET_VERSION": "GAUL_v1", "GEOSET_UNIT": "ADM1", "CENTROID_LONG": 17.891718429458304, "CENTROID_LAT": 6.9143244955535348 }, "geometry": { "type": "MultiPolygon", "coordinates": [ [ [ [ 16.82226, 7.5326835 ], [ 16.84385, 7.52979 ], [ 16.8453495, 7.5316717 ], [ 16.8463992, 7.532989 ], [ 16.85078, 7.53526 ], [ 16.86345, 7.53634 ], [ 16.866809, 7.5380845 ], [ 16.86992, 7.54136 ], [ 16.86974, 7.55147 ], [ 16.8995802, 7.5518772 ], [ 16.90175, 7.5529 ], [ 16.89861, 7.61399 ], [ 16.90092, 7.6165 ], [ 16.9241432, 7.6057603 ], [ 16.92689, 7.60603 ], [ 16.92835, 7.62278 ], [ 16.9320197, 7.6252889 ], [ 16.9400831, 7.6299235 ], [ 16.94359, 7.63119 ], [ 16.9551771, 7.6353122 ], [ 16.9586823, 7.6358171 ], [ 16.96341, 7.63545 ], [ 16.9696229, 7.6314018 ], [ 17.0403157, 7.63504 ], [ 17.0446063, 7.6512083 ], [ 17.04617, 7.65361 ], [ 17.09064, 7.66048 ], [ 17.08827, 7.69033 ], [ 17.09127, 7.69215 ], [ 17.09657, 7.69189 ], [ 17.12591, 7.6674 ], [ 17.1604482, 7.6667495 ], [ 17.1657, 7.70276 ], [ 17.16918, 7.70687 ], [ 17.1734195, 7.7087194 ], [ 17.1982695, 7.7195598 ], [ 17.20909, 7.72088 ], [ 17.2117876, 7.7237985 ], [ 17.2137284, 7.7258983 ], [ 17.21857, 7.72656 ], [ 17.23258, 7.76344 ], [ 17.234448, 7.7635916 ], [ 17.2728723, 7.7888203 ], [ 17.2741882, 7.7909771 ], [ 17.2771215, 7.7911431 ], [ 17.28156, 7.79139 ], [ 17.2839322, 7.8035403 ], [ 17.30098, 7.80551 ], [ 17.30423, 7.8094 ], [ 17.303643, 7.8189642 ], [ 17.30454, 7.82363 ], [ 17.33585, 7.8223 ], [ 17.3382933, 7.8291622 ], [ 17.34123, 7.83741 ], [ 17.3454, 7.84106 ], [ 17.35921, 7.84029 ], [ 17.36525, 7.84875 ], [ 17.39838, 7.84374 ], [ 17.4029868, 7.8430205 ], [ 17.41925, 7.86817 ], [ 17.41811, 7.87139 ], [ 17.4192774, 7.8729735 ], [ 17.4211379, 7.8754972 ], [ 17.4482991, 7.8676962 ], [ 17.44919, 7.86822 ], [ 17.45549, 7.88219 ], [ 17.4594149, 7.8836807 ], [ 17.45965, 7.88377 ], [ 17.4677689, 7.8940486 ], [ 17.5138238, 7.8683917 ], [ 17.5150664, 7.868749 ], [ 17.52349, 7.89096 ], [ 17.53853, 7.9039471 ], [ 17.5412604, 7.9117845 ], [ 17.54716, 7.92134 ], [ 17.5503685, 7.9227394 ], [ 17.56942, 7.90812 ], [ 17.5745, 7.90901 ], [ 17.5778332, 7.9117503 ], [ 17.57866, 7.91243 ], [ 17.58518, 7.92386 ], [ 17.5956206, 7.9320429 ], [ 17.6134105, 7.9264606 ], [ 17.61652, 7.92688 ], [ 17.6244129, 7.9348259 ], [ 17.6272381, 7.937947 ], [ 17.6297383, 7.9428667 ], [ 17.6463872, 7.9440993 ], [ 17.64888, 7.94573 ], [ 17.65888, 7.96242 ], [ 17.65708, 7.96955 ], [ 17.6582593, 7.9741272 ], [ 17.6589015, 7.9746596 ], [ 17.66405, 7.97891 ], [ 17.6684, 7.98111 ], [ 17.6701809, 7.9820141 ], [ 17.69401, 7.98171 ], [ 17.6942655, 7.9815005 ], [ 17.7037602, 7.969554 ], [ 17.7073, 7.97015 ], [ 17.708328, 7.9714457 ], [ 17.7131, 7.97746 ], [ 17.71634, 7.97859 ], [ 17.7218498, 7.9785213 ], [ 17.73317, 7.97838 ], [ 17.93495, 7.9604442 ], [ 17.94491, 7.9628 ], [ 17.99565, 7.99278 ], [ 18.03198, 8.0093 ], [ 18.1346202, 8.0135651 ], [ 18.15577, 8.01459 ], [ 18.1616357, 8.0146819 ], [ 18.2139889, 8.0194011 ], [ 18.27432, 8.02403 ], [ 18.2984335, 8.0256968 ], [ 18.336483, 8.0284716 ], [ 18.34212, 8.02839 ], [ 18.3797003, 8.0316417 ], [ 18.4174282, 8.0332354 ], [ 18.42123, 8.03372 ], [ 18.4232711, 8.0349366 ], [ 18.4539785, 8.0362401 ], [ 18.45677, 8.03781 ], [ 18.6151552, 8.0510787 ], [ 18.61805, 8.05247 ], [ 18.6246, 8.05972 ], [ 18.62435, 8.0735 ], [ 18.6272794, 8.0774697 ], [ 18.6284686, 8.0786804 ], [ 18.6350886, 8.083219 ], [ 18.6290366, 8.1437559 ], [ 18.63002, 8.14645 ], [ 18.6335182, 8.1517901 ], [ 18.65283, 8.17688 ], [ 18.6549547, 8.1805897 ], [ 18.65779, 8.18554 ], [ 18.6577, 8.19495 ], [ 18.6704429, 8.2092917 ], [ 18.6736368, 8.2121671 ], [ 18.6810376, 8.2138994 ], [ 18.68969, 8.22227 ], [ 18.73488, 8.2372 ], [ 18.74022, 8.23987 ], [ 18.7451832, 8.2398004 ], [ 18.74806, 8.23976 ], [ 18.74808, 8.24067 ], [ 18.758513, 8.2435599 ], [ 18.8076877, 8.264831 ], [ 18.80982, 8.26752 ], [ 18.8140829, 8.271249 ], [ 18.82387, 8.28108 ], [ 18.8303561, 8.2842781 ], [ 18.837182, 8.288975 ], [ 18.84011, 8.29626 ], [ 18.8420574, 8.2976792 ], [ 18.84317, 8.29849 ], [ 18.85094, 8.30544 ], [ 18.855328, 8.3173844 ], [ 18.8571188, 8.3239058 ], [ 18.8689616, 8.341966 ], [ 18.8761993, 8.3411701 ], [ 18.8742845, 8.3499559 ], [ 18.87673, 8.35425 ], [ 18.8859758, 8.3549609 ], [ 18.887639, 8.3569888 ], [ 18.88365, 8.3642 ], [ 18.88508, 8.36624 ], [ 18.899568, 8.3640705 ], [ 18.90077, 8.36634 ], [ 18.90041, 8.37071 ], [ 18.9011936, 8.3716991 ], [ 18.90327, 8.37432 ], [ 18.9070765, 8.3757399 ], [ 18.9194991, 8.3877399 ], [ 18.9239399, 8.3903918 ], [ 18.92376, 8.39269 ], [ 18.92361, 8.39615 ], [ 18.9254396, 8.3978828 ], [ 18.92739, 8.39973 ], [ 18.92068, 8.40931 ], [ 18.9215718, 8.4106551 ], [ 18.9232341, 8.4256639 ], [ 18.92431, 8.42669 ], [ 18.9308916, 8.4267122 ], [ 18.93173, 8.4279 ], [ 18.9314929, 8.4309296 ], [ 18.932073, 8.4353395 ], [ 18.9323882, 8.4366128 ], [ 18.93713, 8.44225 ], [ 18.9412756, 8.4449073 ], [ 18.97258, 8.46786 ], [ 18.97094, 8.47663 ], [ 18.9729, 8.48164 ], [ 18.97709, 8.48315 ], [ 18.9783374, 8.4844781 ], [ 18.9872593, 8.4889942 ], [ 18.98854, 8.48932 ], [ 18.99733, 8.49992 ], [ 18.9942787, 8.5036634 ], [ 18.9890486, 8.5107186 ], [ 18.98955, 8.51297 ], [ 19.0, 8.51581 ], [ 19.00236, 8.51704 ], [ 19.0076446, 8.5233436 ], [ 19.00822, 8.52403 ], [ 19.0112581, 8.5236102 ], [ 19.0299083, 8.5340804 ], [ 19.03173, 8.53756 ], [ 19.0320762, 8.5404061 ], [ 19.03313, 8.54907 ], [ 19.0363284, 8.5508951 ], [ 19.0422046, 8.5570766 ], [ 19.04211, 8.56185 ], [ 19.0447513, 8.5701132 ], [ 19.0463349, 8.5750675 ], [ 19.074716, 8.569158 ], [ 19.073055, 8.486941 ], [ 19.058884, 8.444161 ], [ 19.072497, 8.403602 ], [ 19.038603, 8.354995 ], [ 19.03999, 8.307495 ], [ 19.016381, 8.264714 ], [ 19.06555, 8.210551 ], [ 19.048051, 8.147774 ], [ 19.058609, 8.064719 ], [ 19.024995, 8.009992 ], [ 19.02916, 7.938054 ], [ 19.003329, 7.874435 ], [ 18.976945, 7.859994 ], [ 18.991663, 7.82333 ], [ 18.976106, 7.796384 ], [ 18.990556, 7.763884 ], [ 19.021662, 7.759999 ], [ 18.729437, 7.620832 ], [ 18.720276, 7.58555 ], [ 18.794159, 7.39555 ], [ 18.846384, 7.25111 ], [ 18.769437, 7.202494 ], [ 18.769993, 7.162498 ], [ 18.713884, 7.126663 ], [ 18.746381, 7.097494 ], [ 18.70666, 7.04833 ], [ 18.690276, 6.982771 ], [ 18.651383, 6.961108 ], [ 18.656385, 6.929162 ], [ 18.708051, 6.888604 ], [ 18.745833, 6.752497 ], [ 18.806937, 6.706102 ], [ 18.862497, 6.687777 ], [ 18.861663, 6.636666 ], [ 18.774444, 6.586938 ], [ 18.752492, 6.51472 ], [ 18.742499, 6.476661 ], [ 18.811942, 6.403882 ], [ 18.854717, 6.371102 ], [ 18.866381, 6.34194 ], [ 18.85944, 6.289159 ], [ 18.868332, 6.225276 ], [ 18.911379, 6.208052 ], [ 18.910547, 6.181937 ], [ 18.856944, 6.163608 ], [ 18.841106, 6.13833 ], [ 18.800827, 6.118884 ], [ 18.746102, 6.060272 ], [ 18.688606, 6.020825 ], [ 18.627216, 6.002493 ], [ 18.635829, 5.949435 ], [ 18.608606, 5.889714 ], [ 18.626382, 5.838883 ], [ 18.622221, 5.788888 ], [ 18.633878, 5.730964 ], [ 18.60333, 5.651383 ], [ 18.502494, 5.596104 ], [ 18.411665, 5.55972 ], [ 18.401379, 5.618609 ], [ 18.373885, 5.696106 ], [ 18.398881, 5.738325 ], [ 18.345555, 5.759159 ], [ 18.265832, 5.758602 ], [ 18.239159, 5.804721 ], [ 18.128327, 5.788607 ], [ 18.086386, 5.814999 ], [ 18.027769, 5.797221 ], [ 18.003606, 5.853608 ], [ 17.942769, 5.876664 ], [ 17.893604, 5.907497 ], [ 17.853605, 5.889994 ], [ 17.804437, 5.833884 ], [ 17.598885, 5.716386 ], [ 17.403602, 5.713324 ], [ 17.235363, 5.730736 ], [ 17.014443, 5.73888 ], [ 16.973048, 5.806385 ], [ 16.978395, 5.858645 ], [ 16.935831, 5.966383 ], [ 16.904435, 6.109436 ], [ 16.918184, 6.123652 ], [ 16.970899, 6.122516 ], [ 16.954282, 6.191279 ], [ 16.978921, 6.249813 ], [ 16.9793626, 6.2917182 ], [ 17.027052, 6.301528 ], [ 17.082059, 6.394727 ], [ 17.126995, 6.399807 ], [ 17.127309, 6.440661 ], [ 17.039993, 6.488884 ], [ 16.953884, 6.480273 ], [ 16.918885, 6.451663 ], [ 16.84861, 6.496663 ], [ 16.828886, 6.544161 ], [ 16.799163, 6.550272 ], [ 16.79083, 6.593886 ], [ 16.767216, 6.609993 ], [ 16.753326, 6.650553 ], [ 16.754997, 6.705824 ], [ 16.725553, 6.770827 ], [ 16.729437, 6.839998 ], [ 16.713603, 6.925272 ], [ 16.686108, 6.946386 ], [ 16.681662, 6.998886 ], [ 16.697221, 7.03944 ], [ 16.72444, 7.043048 ], [ 16.760278, 7.090269 ], [ 16.771106, 7.128884 ], [ 16.753606, 7.203884 ], [ 16.775297, 7.235708 ], [ 16.78249, 7.356106 ], [ 16.794718, 7.394992 ], [ 16.824445, 7.412775 ], [ 16.834443, 7.445275 ], [ 16.811384, 7.476935 ], [ 16.82226, 7.5326835 ] ] ] ] } },
{ "type": "Feature", "properties": { "POLYGON_ID": "CAF_GAUL2012_ADM1_866", "ADM0_ISO3": "CAF", "ADM0_NAME": "Central African Republic", "ADM0_CODE": 49, "ADM1_NAME": "Ouham Pendé", "ADM1_CODE": 866, "GEOSET": "GAUL", "GEOSET_YEAR": 2012.0, "GEOSET_VERSION": "GAUL_v1", "GEOSET_UNIT": "ADM1", "CENTROID_LONG": 16.140557160328729, "CENTROID_LAT": 6.7279716398204314 }, "geometry": { "type": "MultiPolygon", "coordinates": [ [ [ [ 16.5867996, 7.8515458 ], [ 16.58558, 7.83778 ], [ 16.5846447, 7.8358134 ], [ 16.5913921, 7.8167798 ], [ 16.59145, 7.81205 ], [ 16.59807, 7.79824 ], [ 16.5963782, 7.7950504 ], [ 16.59528, 7.79298 ], [ 16.59681, 7.77484 ], [ 16.66803, 7.73822 ], [ 16.6672291, 7.6686639 ], [ 16.6724152, 7.6650363 ], [ 16.702982, 7.6512305 ], [ 16.7070198, 7.65149 ], [ 16.72678, 7.65023 ], [ 16.7304454, 7.6461757 ], [ 16.74809, 7.62854 ], [ 16.7494929, 7.6260003 ], [ 16.79393, 7.58538 ], [ 16.81121, 7.54075 ], [ 16.8121857, 7.5393984 ], [ 16.8194845, 7.5338089 ], [ 16.8222482, 7.5326883 ], [ 16.82226, 7.5326835 ], [ 16.811384, 7.476935 ], [ 16.834443, 7.445275 ], [ 16.824445, 7.412775 ], [ 16.794718, 7.394992 ], [ 16.78249, 7.356106 ], [ 16.775297, 7.235708 ], [ 16.753606, 7.203884 ], [ 16.771106, 7.128884 ], [ 16.760278, 7.090269 ], [ 16.72444, 7.043048 ], [ 16.697221, 7.03944 ], [ 16.681662, 6.998886 ], [ 16.686108, 6.946386 ], [ 16.713603, 6.925272 ], [ 16.729437, 6.839998 ], [ 16.725553, 6.770827 ], [ 16.754997, 6.705824 ], [ 16.753326, 6.650553 ], [ 16.767216, 6.609993 ], [ 16.79083, 6.593886 ], [ 16.799163, 6.550272 ], [ 16.828886, 6.544161 ], [ 16.84861, 6.496663 ], [ 16.918885, 6.451663 ], [ 16.953884, 6.480273 ], [ 17.039993, 6.488884 ], [ 17.127309, 6.440661 ], [ 17.126995, 6.399807 ], [ 17.082059, 6.394727 ], [ 17.027052, 6.301528 ], [ 16.9793626, 6.2917182 ], [ 16.978921, 6.249813 ], [ 16.954282, 6.191279 ], [ 16.970899, 6.122516 ], [ 16.918184, 6.123652 ], [ 16.904435, 6.109436 ], [ 16.935831, 5.966383 ], [ 16.978395, 5.858645 ], [ 16.933602, 5.828882 ], [ 16.873053, 5.824159 ], [ 16.800553, 5.794998 ], [ 16.763328, 5.797493 ], [ 16.726944, 5.76166 ], [ 16.688047, 5.741936 ], [ 16.683605, 5.704718 ], [ 16.626941, 5.656942 ], [ 16.608326, 5.623606 ], [ 16.574437, 5.608604 ], [ 16.548692, 5.567579 ], [ 16.514715, 5.568327 ], [ 16.463884, 5.634993 ], [ 16.457778, 5.673328 ], [ 16.389441, 5.723602 ], [ 16.377495, 5.745554 ], [ 16.317222, 5.772215 ], [ 16.257214, 5.855274 ], [ 16.259719, 5.896937 ], [ 16.203889, 5.912772 ], [ 16.187217, 5.900832 ], [ 16.158883, 5.831109 ], [ 16.104996, 5.795552 ], [ 16.066661, 5.786661 ], [ 15.983889, 5.805273 ], [ 15.9490777, 5.851293 ], [ 15.901254, 5.854752 ], [ 15.895698, 5.913333 ], [ 15.849506, 5.922496 ], [ 15.81902, 5.947235 ], [ 15.820867, 6.00221 ], [ 15.803315, 6.014121 ], [ 15.808858, 6.118574 ], [ 15.769161, 6.197491 ], [ 15.70166, 6.270271 ], [ 15.713602, 6.297221 ], [ 15.789437, 6.367769 ], [ 15.792221, 6.390832 ], [ 15.75304, 6.425157 ], [ 15.712217, 6.388606 ], [ 15.657498, 6.375825 ], [ 15.561659, 6.336387 ], [ 15.540551, 6.304992 ], [ 15.481106, 6.321659 ], [ 15.432219, 6.296109 ], [ 15.393053, 6.318051 ], [ 15.356107, 6.363329 ], [ 15.321104, 6.459471 ], [ 15.3138, 6.573567 ], [ 15.268047, 6.633885 ], [ 15.196108, 6.681658 ], [ 15.192217, 6.750277 ], [ 15.152491, 6.745271 ], [ 15.008171, 6.7103 ], [ 14.988117, 6.710615 ], [ 14.968818, 6.701812 ], [ 14.947774, 6.700531 ], [ 14.9474363, 6.7007612 ], [ 14.95284, 6.71306 ], [ 14.95536, 6.7149 ], [ 14.96065, 6.72501 ], [ 14.96686, 6.7434 ], [ 14.9707689, 6.7489185 ], [ 15.0033439, 6.756315 ], [ 15.005277, 6.7565896 ], [ 15.0144757, 6.7632498 ], [ 15.05152, 6.76105 ], [ 15.0722211, 6.8025282 ], [ 15.07258, 6.809 ], [ 15.0896407, 6.8362748 ], [ 15.09014, 6.83698 ], [ 15.1003242, 6.8658941 ], [ 15.1013149, 6.8716553 ], [ 15.1085905, 6.8820928 ], [ 15.11075, 6.88493 ], [ 15.1139133, 6.891831 ], [ 15.11422, 6.8925 ], [ 15.11934, 6.91271 ], [ 15.1283203, 6.9258735 ], [ 15.13367, 6.93702 ], [ 15.14357, 6.94979 ], [ 15.13974, 6.96686 ], [ 15.1426487, 6.9832401 ], [ 15.1525048, 7.0309663 ], [ 15.15535, 7.0332 ], [ 15.15721, 7.04192 ], [ 15.1591176, 7.0431278 ], [ 15.16228, 7.04513 ], [ 15.16971, 7.06669 ], [ 15.1818908, 7.0719706 ], [ 15.19929, 7.08069 ], [ 15.20957, 7.10644 ], [ 15.2115716, 7.1103809 ], [ 15.216025, 7.1191493 ], [ 15.2161938, 7.2248031 ], [ 15.22404, 7.23121 ], [ 15.22475, 7.2397 ], [ 15.22937, 7.24405 ], [ 15.2360134, 7.2473414 ], [ 15.2381286, 7.2483893 ], [ 15.2490306, 7.2688901 ], [ 15.24924, 7.27155 ], [ 15.2512386, 7.2738856 ], [ 15.2517862, 7.2745256 ], [ 15.25179, 7.27453 ], [ 15.26238, 7.27679 ], [ 15.26861, 7.28412 ], [ 15.27437, 7.28685 ], [ 15.284508, 7.297198 ], [ 15.30531, 7.31844 ], [ 15.31431, 7.3237 ], [ 15.3157745, 7.3249946 ], [ 15.3214378, 7.3300009 ], [ 15.3219411, 7.3304459 ], [ 15.32931, 7.33696 ], [ 15.33483, 7.33832 ], [ 15.33899, 7.34153 ], [ 15.3586304, 7.3570469 ], [ 15.3616, 7.35844 ], [ 15.3628998, 7.3602443 ], [ 15.36969, 7.36967 ], [ 15.4008093, 7.395004 ], [ 15.40776, 7.39824 ], [ 15.4412079, 7.4351346 ], [ 15.4438, 7.43899 ], [ 15.4442826, 7.441344 ], [ 15.4481471, 7.4511049 ], [ 15.44914, 7.45229 ], [ 15.4746817, 7.4844525 ], [ 15.4773263, 7.4857082 ], [ 15.4833297, 7.4909697 ], [ 15.48242, 7.4935 ], [ 15.4830651, 7.4961766 ], [ 15.4896, 7.50334 ], [ 15.4929614, 7.5039182 ], [ 15.49538, 7.5132 ], [ 15.50278, 7.52511 ], [ 15.50748, 7.52747 ], [ 15.514949, 7.5243577 ], [ 15.53347, 7.51664 ], [ 15.54655, 7.5112 ], [ 15.66004, 7.51757 ], [ 15.72795, 7.51913 ], [ 15.7478873, 7.4759141 ], [ 15.75539, 7.47457 ], [ 15.76914, 7.45799 ], [ 15.77353, 7.46279 ], [ 15.7812354, 7.4622003 ], [ 15.787544, 7.4608137 ], [ 15.79997, 7.45488 ], [ 15.806668, 7.4452674 ], [ 15.8109028, 7.4413242 ], [ 15.81305, 7.44174 ], [ 15.81675, 7.4454 ], [ 15.8213642, 7.4458699 ], [ 15.8298565, 7.4446613 ], [ 15.8307001, 7.4448442 ], [ 15.86396, 7.45302 ], [ 15.88356, 7.46029 ], [ 15.90937, 7.46707 ], [ 15.91859, 7.47071 ], [ 15.92394, 7.47414 ], [ 15.93105, 7.4787 ], [ 15.9394374, 7.4807749 ], [ 15.9511, 7.48366 ], [ 15.9676162, 7.4834371 ], [ 15.97481, 7.48334 ], [ 15.9810497, 7.4892797 ], [ 15.9900277, 7.4903897 ], [ 15.9940968, 7.4946534 ], [ 16.017538, 7.5198961 ], [ 16.0230772, 7.5228585 ], [ 16.0270072, 7.529935 ], [ 16.0363047, 7.5313302 ], [ 16.03901, 7.53381 ], [ 16.0471143, 7.5668591 ], [ 16.04928, 7.57073 ], [ 16.05668, 7.57759 ], [ 16.06614, 7.58191 ], [ 16.08781, 7.58916 ], [ 16.0995007, 7.5908708 ], [ 16.13133, 7.59081 ], [ 16.137736, 7.5939744 ], [ 16.1678625, 7.5981766 ], [ 16.17282, 7.60234 ], [ 16.18069, 7.61195 ], [ 16.18553, 7.61445 ], [ 16.23546, 7.60665 ], [ 16.2461969, 7.6111596 ], [ 16.2561791, 7.6181082 ], [ 16.26178, 7.62353 ], [ 16.2970051, 7.6482135 ], [ 16.30151, 7.65181 ], [ 16.3089746, 7.6512835 ], [ 16.31186, 7.65108 ], [ 16.3340224, 7.6592482 ], [ 16.34138, 7.66196 ], [ 16.341872, 7.6618884 ], [ 16.3754797, 7.6659401 ], [ 16.39277, 7.67114 ], [ 16.3939133, 7.6754579 ], [ 16.4049443, 7.6840757 ], [ 16.40665, 7.68577 ], [ 16.4082761, 7.6894588 ], [ 16.41894, 7.70384 ], [ 16.4236625, 7.7074176 ], [ 16.4277685, 7.7212399 ], [ 16.4258836, 7.721084 ], [ 16.41743, 7.72772 ], [ 16.4162135, 7.7320484 ], [ 16.41391, 7.76423 ], [ 16.41254, 7.76791 ], [ 16.42388, 7.77934 ], [ 16.43896, 7.8052 ], [ 16.4410207, 7.8056338 ], [ 16.4500718, 7.8028565 ], [ 16.4553, 7.80237 ], [ 16.457686, 7.7866584 ], [ 16.45983, 7.7849 ], [ 16.4788428, 7.7883947 ], [ 16.49256, 7.7921 ], [ 16.4946592, 7.797138 ], [ 16.5021344, 7.8137869 ], [ 16.50881, 7.8191 ], [ 16.5116611, 7.8235077 ], [ 16.5141377, 7.8273364 ], [ 16.51605, 7.84294 ], [ 16.5303492, 7.84631 ], [ 16.5323969, 7.8472183 ], [ 16.53497, 7.84836 ], [ 16.54214, 7.8559 ], [ 16.5605593, 7.85466 ], [ 16.5613811, 7.8562056 ], [ 16.56311, 7.85946 ], [ 16.5618702, 7.8623546 ], [ 16.5851376, 7.8735445 ], [ 16.5954484, 7.8783592 ], [ 16.5959189, 7.8801856 ], [ 16.59445, 7.86207 ], [ 16.5867996, 7.8515458 ] ] ] ] } },
{ "type": "Feature", "properties": { "POLYGON_ID": "CAF_GAUL2012_ADM1_867", "ADM0_ISO3": "CAF", "ADM0_NAME": "Central African Republic", "ADM0_CODE": 49, "ADM1_NAME": "Sangha-Mbaéré", "ADM1_CODE": 867, "GEOSET": "GAUL", "GEOSET_YEAR": 2012.0, "GEOSET_VERSION": "GAUL_v1", "GEOSET_UNIT": "ADM1", "CENTROID_LONG": 16.29322640613195, "CENTROID_LAT": 3.4611461281315825 }, "geometry": { "type": "MultiPolygon", "coordinates": [ [ [ [ 17.3659134, 3.6102251 ], [ 17.36589, 3.61018 ], [ 17.2922185, 3.6276375 ], [ 17.25799, 3.61461 ], [ 17.25248, 3.61071 ], [ 17.24766, 3.60543 ], [ 17.24824, 3.599983 ], [ 17.2494499, 3.5886206 ], [ 17.2487893, 3.585607 ], [ 17.24829, 3.58333 ], [ 17.23934, 3.57921 ], [ 17.223526, 3.5751095 ], [ 17.19924, 3.57218 ], [ 17.1902432, 3.5695334 ], [ 17.15709, 3.5751 ], [ 17.1547483, 3.5741334 ], [ 17.07937, 3.55291 ], [ 17.05806, 3.54813 ], [ 17.05252, 3.53042 ], [ 17.041178, 3.5175484 ], [ 17.04036, 3.51662 ], [ 17.02957, 3.51368 ], [ 17.01082, 3.52914 ], [ 17.0107234, 3.5297451 ], [ 17.00924, 3.53904 ], [ 17.00444, 3.54664 ], [ 17.0018262, 3.5467384 ], [ 16.9798331, 3.539565 ], [ 16.97602, 3.54049 ], [ 16.96071, 3.55825 ], [ 16.94452, 3.55736 ], [ 16.932749, 3.5520899 ], [ 16.87847, 3.55957 ], [ 16.87365, 3.55751 ], [ 16.8697499, 3.553378 ], [ 16.86952, 3.54901 ], [ 16.874041, 3.5370265 ], [ 16.8733582, 3.5271377 ], [ 16.86197, 3.51305 ], [ 16.86073, 3.51152 ], [ 16.82066, 3.5215 ], [ 16.8036107, 3.5421764 ], [ 16.80261, 3.54339 ], [ 16.79505, 3.54617 ], [ 16.77444, 3.54967 ], [ 16.7634655, 3.5549725 ], [ 16.7492171, 3.5565557 ], [ 16.74513, 3.55616 ], [ 16.7398373, 3.5541881 ], [ 16.64749, 3.52919 ], [ 16.63481, 3.51823 ], [ 16.6080965, 3.4942266 ], [ 16.60481, 3.49015 ], [ 16.59654, 3.47728 ], [ 16.59332, 3.4667 ], [ 16.5843747, 3.4231692 ], [ 16.58292, 3.41609 ], [ 16.58214, 3.40898 ], [ 16.58082, 3.39699 ], [ 16.5801317, 3.370525 ], [ 16.5746422, 3.3350204 ], [ 16.57292, 3.32958 ], [ 16.56019, 3.3148851 ], [ 16.55938, 3.31395 ], [ 16.55655, 3.26633 ], [ 16.5583588, 3.2534275 ], [ 16.5568348, 3.250291 ], [ 16.5542276, 3.2449274 ], [ 16.5468898, 3.2368897 ], [ 16.50577, 3.15987 ], [ 16.51234, 3.12051 ], [ 16.54431, 3.07029 ], [ 16.544448, 3.0675307 ], [ 16.5441544, 3.0652169 ], [ 16.54357, 3.0645 ], [ 16.5383513, 3.058079 ], [ 16.4933798, 3.0043352 ], [ 16.49117, 2.95683 ], [ 16.49025, 2.90931 ], [ 16.50168, 2.89917 ], [ 16.5076624, 2.896317 ], [ 16.52013, 2.8423 ], [ 16.50038, 2.80345 ], [ 16.4527581, 2.7159688 ], [ 16.43588, 2.68529 ], [ 16.4162481, 2.6483619 ], [ 16.40411, 2.625 ], [ 16.34982, 2.52046 ], [ 16.33193, 2.48736 ], [ 16.29912, 2.42299 ], [ 16.29797, 2.41793 ], [ 16.28696, 2.39908 ], [ 16.27457, 2.37402 ], [ 16.2691466, 2.3656943 ], [ 16.2654, 2.35678 ], [ 16.22977, 2.28927 ], [ 16.20876, 2.24667 ], [ 16.1983629, 2.2288266 ], [ 16.19523, 2.22345 ], [ 16.19199, 2.22051 ], [ 16.16481, 2.24544 ], [ 16.1644797, 2.2487242 ], [ 16.17115, 2.27361 ], [ 16.14872, 2.34957 ], [ 16.08382, 2.44428 ], [ 16.0836245, 2.4480445 ], [ 16.07563, 2.46519 ], [ 16.078535, 2.4687896 ], [ 16.08023, 2.47089 ], [ 16.0819758, 2.475451 ], [ 16.0777822, 2.5059071 ], [ 16.07309, 2.51064 ], [ 16.0713995, 2.5133323 ], [ 16.0675918, 2.5243873 ], [ 16.06725, 2.52681 ], [ 16.0704928, 2.5394717 ], [ 16.0718595, 2.5448079 ], [ 16.07982, 2.56071 ], [ 16.0813782, 2.5657784 ], [ 16.08247, 2.56933 ], [ 16.08378, 2.5774 ], [ 16.08485, 2.59719 ], [ 16.0683998, 2.6440002 ], [ 16.06907, 2.64678 ], [ 16.07266, 2.66162 ], [ 16.0743018, 2.6705837 ], [ 16.078459, 2.6837773 ], [ 16.08442, 2.6914 ], [ 16.0897196, 2.7003393 ], [ 16.0879226, 2.7021454 ], [ 16.0615116, 2.712764 ], [ 16.06054, 2.7153 ], [ 16.0644936, 2.7190489 ], [ 16.06537, 2.71988 ], [ 16.0603664, 2.7270493 ], [ 16.06082, 2.72841 ], [ 16.0639424, 2.7305821 ], [ 16.06542, 2.73161 ], [ 16.051, 2.79101 ], [ 16.0533, 2.79422 ], [ 16.08912, 2.82144 ], [ 16.08744, 2.85917 ], [ 16.0341531, 2.9742262 ], [ 16.03158, 2.97396 ], [ 16.0297407, 2.9752252 ], [ 16.01536, 2.98461 ], [ 16.01538, 2.9910599 ], [ 15.98245, 2.99993 ], [ 15.979706, 2.9983413 ], [ 15.97694, 2.99674 ], [ 15.9741574, 2.9882385 ], [ 15.92649, 3.03536 ], [ 15.90235, 3.07925 ], [ 15.89851, 3.08516 ], [ 15.88825, 3.09625 ], [ 15.88505, 3.09764 ], [ 15.8796835, 3.0976638 ], [ 15.84586, 3.10783 ], [ 15.84021, 3.10748 ], [ 15.83493, 3.10566 ], [ 15.81225, 3.10185 ], [ 15.8079875, 3.0966947 ], [ 15.8033304, 3.0952162 ], [ 15.79816, 3.09998 ], [ 15.7945, 3.10666 ], [ 15.77849, 3.12324 ], [ 15.75126, 3.15502 ], [ 15.74783, 3.15663 ], [ 15.72371, 3.18859 ], [ 15.7016177, 3.2108665 ], [ 15.70047, 3.2112 ], [ 15.6942149, 3.2197147 ], [ 15.50729, 3.4405 ], [ 15.41982, 3.52868 ], [ 15.29842, 3.65919 ], [ 15.2819317, 3.6767343 ], [ 15.32799, 3.710425 ], [ 15.396664, 3.744714 ], [ 15.435316, 3.779251 ], [ 15.4690174, 3.7847254 ], [ 15.498046, 3.74222 ], [ 15.549998, 3.743048 ], [ 15.578325, 3.764716 ], [ 15.699419, 3.764362 ], [ 15.7729978, 3.7013026 ], [ 15.799862, 3.703797 ], [ 15.791162, 3.798218 ], [ 15.753718, 3.83256 ], [ 15.732978, 3.90711 ], [ 15.737031, 3.932907 ], [ 15.896951, 4.002398 ], [ 16.027736, 3.989306 ], [ 16.078328, 3.993054 ], [ 16.112575, 3.954544 ], [ 16.131709, 3.848682 ], [ 16.217101, 3.853945 ], [ 16.297994, 3.903622 ], [ 16.251672, 3.950215 ], [ 16.327461, 4.004285 ], [ 16.350064, 4.002967 ], [ 16.393942, 4.057036 ], [ 16.443139, 4.029342 ], [ 16.5322205, 4.0478019 ], [ 16.558699, 4.077771 ], [ 16.616787, 4.075591 ], [ 16.611939, 4.171662 ], [ 16.665555, 4.259716 ], [ 16.735128, 4.247553 ], [ 16.78527, 4.188333 ], [ 16.825826, 4.154166 ], [ 16.864442, 4.084438 ], [ 16.900273, 4.03944 ], [ 16.925829, 3.983055 ], [ 16.970549, 3.94583 ], [ 17.042499, 3.935828 ], [ 17.089999, 3.90222 ], [ 17.16416, 3.888054 ], [ 17.23333, 3.860824 ], [ 17.32333, 3.814713 ], [ 17.3733, 3.748161 ], [ 17.351024, 3.714614 ], [ 17.35152, 3.662559 ], [ 17.366958, 3.612797 ], [ 17.3659134, 3.6102251 ] ] ] ] } },
{ "type": "Feature", "properties": { "POLYGON_ID": "CAF_GAUL2012_ADM1_868", "ADM0_ISO3": "CAF", "ADM0_NAME": "Central African Republic", "ADM0_CODE": 49, "ADM1_NAME": "Vakaga", "ADM1_CODE": 868, "GEOSET": "GAUL", "GEOSET_YEAR": 2012.0, "GEOSET_VERSION": "GAUL_v1", "GEOSET_UNIT": "ADM1", "CENTROID_LONG": 22.514563255006689, "CENTROID_LAT": 9.8234128672728005 }, "geometry": { "type": "MultiPolygon", "coordinates": [ [ [ [ 22.5730298, 10.98435 ], [ 22.574724, 10.9857582 ], [ 22.6094144, 10.9969233 ], [ 22.61227, 10.99704 ], [ 22.63205, 10.99039 ], [ 22.6860646, 10.9788785 ], [ 22.69475, 10.97524 ], [ 22.7343164, 10.9744896 ], [ 22.7686966, 10.9440925 ], [ 22.7714214, 10.9445546 ], [ 22.8755096, 10.9313664 ], [ 22.8736298, 10.922803 ], [ 22.8792377, 10.9101755 ], [ 22.8799813, 10.909641 ], [ 22.9194241, 10.8639359 ], [ 22.9197889, 10.8629843 ], [ 22.9201149, 10.8613967 ], [ 22.9209902, 10.8566919 ], [ 22.9316646, 10.8333071 ], [ 22.9338328, 10.8293176 ], [ 22.977229, 10.7691994 ], [ 22.981236, 10.7673294 ], [ 23.0009636, 10.7223413 ], [ 23.0029306, 10.7172063 ], [ 23.0454858, 10.6928952 ], [ 23.0879411, 10.6611727 ], [ 23.0972304, 10.6577834 ], [ 23.1178897, 10.6465166 ], [ 23.1322339, 10.6289848 ], [ 23.1506663, 10.5937706 ], [ 23.2331995, 10.535172 ], [ 23.269239, 10.4933552 ], [ 23.3066541, 10.4727219 ], [ 23.3166007, 10.466008 ], [ 23.5977212, 10.0212652 ], [ 23.6722762, 9.8996663 ], [ 23.698962, 9.677927 ], [ 23.6978164, 9.6746635 ], [ 23.6966984, 9.6714785 ], [ 23.630278, 9.559167 ], [ 23.6305283, 9.54194 ], [ 23.6318483, 9.5412901 ], [ 23.6327135, 9.5417631 ], [ 23.6455131, 9.5407265 ], [ 23.6473849, 9.5378375 ], [ 23.6324216, 9.477959 ], [ 23.6335679, 9.4735375 ], [ 23.635859, 9.4647005 ], [ 23.640136, 9.4482034 ], [ 23.6667637, 9.4567928 ], [ 23.6718085, 9.4500665 ], [ 23.6388524, 9.3786979 ], [ 23.6383856, 9.3217511 ], [ 23.6422652, 9.3153648 ], [ 23.649881, 9.3008315 ], [ 23.6519221, 9.2945225 ], [ 23.6537144, 9.2935752 ], [ 23.6521611, 9.2759392 ], [ 23.6502514, 9.2722894 ], [ 23.6126676, 9.2448799 ], [ 23.6107294, 9.2304 ], [ 23.5943738, 9.2092289 ], [ 23.5497043, 9.2045431 ], [ 23.5193305, 9.1776143 ], [ 23.5071845, 9.1761804 ], [ 23.4816604, 9.1731671 ], [ 23.4748833, 9.1425287 ], [ 23.449712, 9.17027 ], [ 23.457771, 9.220272 ], [ 23.442777, 9.241941 ], [ 23.391659, 9.228608 ], [ 23.347217, 9.17333 ], [ 23.320278, 9.027494 ], [ 23.26, 8.989719 ], [ 23.200828, 8.982217 ], [ 23.092497, 8.903605 ], [ 23.080274, 8.880829 ], [ 23.080269, 8.787774 ], [ 23.065823, 8.759163 ], [ 23.008606, 8.762494 ], [ 22.922496, 8.747497 ], [ 22.814997, 8.70111 ], [ 22.682771, 8.701102 ], [ 22.644166, 8.688054 ], [ 22.581108, 8.645549 ], [ 22.532214, 8.591385 ], [ 22.482773, 8.582494 ], [ 22.449159, 8.598886 ], [ 22.391106, 8.591657 ], [ 22.393326, 8.65083 ], [ 22.368328, 8.674163 ], [ 22.281943, 8.681386 ], [ 22.210833, 8.701937 ], [ 22.188052, 8.725829 ], [ 22.122498, 8.763606 ], [ 22.081941, 8.936105 ], [ 22.089436, 8.969994 ], [ 22.014721, 9.012496 ], [ 21.988051, 9.080824 ], [ 21.931664, 9.110549 ], [ 21.901107, 9.157215 ], [ 21.847493, 9.186662 ], [ 21.818885, 9.27555 ], [ 21.792499, 9.301383 ], [ 21.77722, 9.404996 ], [ 21.712771, 9.461939 ], [ 21.706388, 9.496103 ], [ 21.641383, 9.55194 ], [ 21.615555, 9.596386 ], [ 21.535831, 9.589717 ], [ 21.519162, 9.608884 ], [ 21.504717, 9.692216 ], [ 21.510277, 9.730829 ], [ 21.497217, 9.768883 ], [ 21.456384, 9.774716 ], [ 21.432219, 9.735551 ], [ 21.355277, 9.696109 ], [ 21.311937, 9.656938 ], [ 21.295268, 9.616387 ], [ 21.258882, 9.583332 ], [ 21.209442, 9.564994 ], [ 21.104715, 9.555828 ], [ 21.045272, 9.526387 ], [ 21.006389, 9.45944 ], [ 20.928328, 9.42805 ], [ 20.88888, 9.37638 ], [ 20.844898, 9.383714 ], [ 20.828016, 9.404322 ], [ 20.822822, 9.413982 ], [ 20.8224112, 9.4188742 ], [ 20.8213186, 9.4250094 ], [ 20.820359, 9.428715 ], [ 20.8202234, 9.4286894 ], [ 20.82043, 9.42874 ], [ 20.82733, 9.43042 ], [ 20.8275969, 9.4383573 ], [ 20.82476, 9.45107 ], [ 20.82693, 9.46281 ], [ 20.856324, 9.4826705 ], [ 20.86255, 9.48414 ], [ 20.8645231, 9.4857987 ], [ 20.87732, 9.52521 ], [ 20.89491, 9.52611 ], [ 20.8991715, 9.5279531 ], [ 20.9117073, 9.5266026 ], [ 20.91529, 9.52543 ], [ 20.9173184, 9.5269231 ], [ 20.9194169, 9.5284677 ], [ 20.9258639, 9.5675365 ], [ 20.92747, 9.57107 ], [ 20.95159, 9.5679 ], [ 20.9528063, 9.5715488 ], [ 20.96094, 9.61924 ], [ 20.97833, 9.61715 ], [ 20.98802, 9.62071 ], [ 20.9887508, 9.6223281 ], [ 20.9699123, 9.6465468 ], [ 20.97033, 9.64716 ], [ 20.9719923, 9.6474131 ], [ 20.97519, 9.6479 ], [ 20.9808391, 9.6452711 ], [ 20.99497, 9.67892 ], [ 20.9986086, 9.6849377 ], [ 20.9912616, 9.6920467 ], [ 20.98761, 9.694 ], [ 20.9809828, 9.6947194 ], [ 21.0033167, 9.7040978 ], [ 21.00439, 9.70568 ], [ 20.9927666, 9.7392745 ], [ 20.9949883, 9.7470439 ], [ 21.0375524, 9.7351291 ], [ 21.03854, 9.73755 ], [ 21.02542, 9.76934 ], [ 21.0304669, 9.7739972 ], [ 21.05813, 9.76649 ], [ 21.06324, 9.7654 ], [ 21.0807702, 9.778217 ], [ 21.08513, 9.77644 ], [ 21.0909582, 9.7766917 ], [ 21.10774, 9.7852 ], [ 21.11531, 9.79194 ], [ 21.12233, 9.83208 ], [ 21.13307, 9.8479 ], [ 21.1360985, 9.8508098 ], [ 21.1522, 9.86628 ], [ 21.1828935, 9.890675 ], [ 21.1838271, 9.8917567 ], [ 21.192617, 9.8911387 ], [ 21.19898, 9.89534 ], [ 21.2004253, 9.897457 ], [ 21.20073, 9.92639 ], [ 21.2015877, 9.9282436 ], [ 21.20253, 9.93028 ], [ 21.20276, 9.93077 ], [ 21.2057467, 9.9324079 ], [ 21.21175, 9.9357 ], [ 21.2133198, 9.9407693 ], [ 21.21255, 9.94766 ], [ 21.2148285, 9.9513575 ], [ 21.23745, 9.96033 ], [ 21.2424985, 9.9654384 ], [ 21.2493485, 9.9749287 ], [ 21.25131, 9.98644 ], [ 21.25405, 9.99038 ], [ 21.2611239, 9.9930468 ], [ 21.29271, 9.97538 ], [ 21.29438, 9.97127 ], [ 21.3018228, 9.969274 ], [ 21.30479, 9.97344 ], [ 21.30948, 9.99004 ], [ 21.3182482, 9.9791129 ], [ 21.3194, 9.97359 ], [ 21.320808, 9.9722219 ], [ 21.3243, 9.97088 ], [ 21.3300895, 9.9718599 ], [ 21.3437876, 9.96457 ], [ 21.34755, 9.9656 ], [ 21.3579122, 9.9803676 ], [ 21.3594, 9.98503 ], [ 21.3772568, 9.9852088 ], [ 21.38508, 9.99172 ], [ 21.3925167, 9.9998434 ], [ 21.3927166, 10.0000616 ], [ 21.39379, 10.00123 ], [ 21.403, 10.0300499 ], [ 21.40365, 10.03442 ], [ 21.4105994, 10.0436055 ], [ 21.41603, 10.04834 ], [ 21.4297256, 10.0473214 ], [ 21.4303742, 10.0477149 ], [ 21.43203, 10.04873 ], [ 21.4328407, 10.0527617 ], [ 21.43749, 10.05935 ], [ 21.4381, 10.06279 ], [ 21.4379806, 10.0669409 ], [ 21.4414, 10.08085 ], [ 21.44509, 10.08297 ], [ 21.4534396, 10.08308 ], [ 21.4550099, 10.0869998 ], [ 21.45252, 10.09984 ], [ 21.45475, 10.10676 ], [ 21.45377, 10.11066 ], [ 21.44833, 10.11863 ], [ 21.45012, 10.12371 ], [ 21.462117, 10.1284593 ], [ 21.46898, 10.13613 ], [ 21.47166, 10.14375 ], [ 21.47585, 10.15887 ], [ 21.48115, 10.1634 ], [ 21.4876323, 10.1646343 ], [ 21.49103, 10.17088 ], [ 21.49384, 10.18701 ], [ 21.5034787, 10.1871274 ], [ 21.50451, 10.18714 ], [ 21.51151, 10.19456 ], [ 21.52294, 10.21555 ], [ 21.57911, 10.21515 ], [ 21.5818917, 10.2149506 ], [ 21.5886637, 10.2113363 ], [ 21.589137, 10.2121318 ], [ 21.6105362, 10.2180727 ], [ 21.61088, 10.2182 ], [ 21.62236, 10.23141 ], [ 21.6279391, 10.2310001 ], [ 21.638283, 10.2268943 ], [ 21.64097, 10.22721 ], [ 21.6446786, 10.2301481 ], [ 21.6746964, 10.2363297 ], [ 21.67569, 10.23764 ], [ 21.66069, 10.25314 ], [ 21.6634991, 10.2568446 ], [ 21.6636697, 10.2570696 ], [ 21.6650916, 10.2573079 ], [ 21.67465, 10.27441 ], [ 21.67647, 10.2781 ], [ 21.72459, 10.29784 ], [ 21.7282594, 10.3017694 ], [ 21.7348565, 10.3137317 ], [ 21.7373778, 10.3202444 ], [ 21.7329619, 10.3258352 ], [ 21.72962, 10.33006 ], [ 21.7242, 10.34116 ], [ 21.7236883, 10.3481486 ], [ 21.728, 10.35671 ], [ 21.7408, 10.35433 ], [ 21.7429398, 10.3816987 ], [ 21.7505808, 10.3888989 ], [ 21.76663, 10.40402 ], [ 21.77099, 10.41169 ], [ 21.75145, 10.45261 ], [ 21.7520193, 10.4555857 ], [ 21.7519219, 10.4603922 ], [ 21.75085, 10.46386 ], [ 21.71754, 10.50787 ], [ 21.7218628, 10.52951 ], [ 21.7298, 10.53924 ], [ 21.73363, 10.65398 ], [ 21.7352929, 10.6553483 ], [ 21.75303, 10.64265 ], [ 21.75861, 10.64224 ], [ 21.76462, 10.64666 ], [ 21.7747381, 10.6560975 ], [ 21.7807779, 10.6592189 ], [ 21.78236, 10.66451 ], [ 21.7865148, 10.6677712 ], [ 21.78684, 10.70823 ], [ 21.78792, 10.71327 ], [ 21.7890835, 10.7360582 ], [ 21.78844, 10.74036 ], [ 21.78435, 10.75204 ], [ 21.78585, 10.76286 ], [ 21.7907999, 10.7767096 ], [ 21.790673, 10.7772183 ], [ 21.78811, 10.78748 ], [ 21.78849, 10.79461 ], [ 21.79124, 10.79809 ], [ 21.80259, 10.80213 ], [ 21.81412, 10.81031 ], [ 21.8151765, 10.8131754 ], [ 21.8188159, 10.8230639 ], [ 21.8193, 10.82439 ], [ 21.8245837, 10.8303758 ], [ 21.83262, 10.83948 ], [ 21.84443, 10.84753 ], [ 21.8462919, 10.847097 ], [ 21.86517, 10.8466 ], [ 21.87162, 10.85447 ], [ 21.87825, 10.86785 ], [ 21.8793997, 10.8688006 ], [ 21.9030167, 10.8631098 ], [ 21.90435, 10.86324 ], [ 21.90851, 10.86603 ], [ 21.91264, 10.8725 ], [ 21.92102, 10.87188 ], [ 21.9416545, 10.8680866 ], [ 21.94152, 10.86929 ], [ 21.96023, 10.85817 ], [ 21.96347, 10.86026 ], [ 21.9626728, 10.8672386 ], [ 21.96221, 10.87129 ], [ 21.97833, 10.86314 ], [ 21.98252, 10.86363 ], [ 21.987352, 10.8707623 ], [ 21.98941, 10.8738 ], [ 21.998333, 10.8735397 ], [ 22.0046047, 10.8756809 ], [ 22.01654, 10.88505 ], [ 22.0375733, 10.8834442 ], [ 22.04168, 10.88432 ], [ 22.0600276, 10.8886001 ], [ 22.0741577, 10.8958288 ], [ 22.0986996, 10.8829103 ], [ 22.161066, 10.881147 ], [ 22.1746797, 10.8838099 ], [ 22.175198, 10.8848543 ], [ 22.18275, 10.90008 ], [ 22.20494, 10.91104 ], [ 22.22237, 10.91282 ], [ 22.2274013, 10.9145381 ], [ 22.2732384, 10.9265348 ], [ 22.28217, 10.93065 ], [ 22.2898384, 10.9313898 ], [ 22.2964982, 10.9349225 ], [ 22.31302, 10.94419 ], [ 22.32366, 10.95438 ], [ 22.3246233, 10.9547962 ], [ 22.35599, 10.95643 ], [ 22.37018, 10.95836 ], [ 22.3766182, 10.9694369 ], [ 22.3768043, 10.9692557 ], [ 22.37715, 10.96891 ], [ 22.3834463, 10.9627799 ], [ 22.384348, 10.9619019 ], [ 22.40244, 10.97075 ], [ 22.4565581, 10.9878701 ], [ 22.461428, 10.9911187 ], [ 22.4649788, 10.9951304 ], [ 22.46859, 10.99921 ], [ 22.47696, 11.00064 ], [ 22.4912093, 10.9978381 ], [ 22.49398, 10.99729 ], [ 22.4972, 11.00306 ], [ 22.5084232, 11.0070507 ], [ 22.5730298, 10.98435 ] ] ] ] } }
]
}
