{
"type": "FeatureCollection",
"name": "CAN_GAUL2000_ADM0",
"crs": { "type": "name", "properties": { "name": "urn:ogc:def:crs:OGC:1.3:CRS84" } },
"features": [
{ "type": "Feature", "properties": { "POLYGON_ID": "CAN_GAUL2000_ADM0_46", "ADM0_ISO3": "CAN", "ADM0_NAME": "Canada", "ADM0_CODE": 46, "GEOSET": "GAUL", "GEOSET_YEAR": 2000.0, "GEOSET_VERSION": "GAUL_v1", "GEOSET_UNIT": "ADM0", "CENTROID_LONG": -98.345284120287758, "CENTROID_LAT": 61.504097021283869 }, "geometry": { "type": "MultiPolygon", "coordinates": [ [ [ [ -55.8969673, 51.6302079 ], [ -55.8626132, 51.6075689 ], [ -55.9004202, 51.5491292 ], [ -55.8562794, 51.5020584 ], [ -55.805013, 51.4928142 ], [ -55.7090124, 51.5018129 ], [ -55.7146815, 51.5389146 ], [ -55.7057899, 51.5824563 ], [ -55.6611055, 51.594566 ], [ -55.6377933, 51.5629131 ], [ -55.5975912, 51.5597031 ], [ -55.5720389, 51.5894402 ], [ -55.4893048, 51.5987747 ], [ -55.4292017, 51.5757688 ], [ -55.4635601, 51.5474925 ], [ -55.4864492, 51.5037468 ], [ -55.511102, 51.4815047 ], [ -55.4713635, 51.4698231 ], [ -55.4739364, 51.4361323 ], [ -55.4961802, 51.3811974 ], [ -55.5860458, 51.3361769 ], [ -55.613915, 51.3085963 ], [ -55.7495345, 51.3263452 ], [ -55.7556706, 51.3436424 ], [ -55.8124908, 51.3485844 ], [ -55.8768587, 51.3386809 ], [ -55.9353703, 51.3457405 ], [ -55.9560265, 51.3338997 ], [ -56.004376, 51.3480928 ], [ -56.0307958, 51.3779979 ], [ -56.0707141, 51.3663228 ], [ -56.1013203, 51.3193673 ], [ -56.026264, 51.2946977 ], [ -56.022887, 51.2405433 ], [ -56.0460455, 51.2298169 ], [ -56.0142327, 51.1755775 ], [ -55.962461, 51.1633918 ], [ -55.9389126, 51.1929176 ], [ -55.893266, 51.2197258 ], [ -55.8321631, 51.2105977 ], [ -55.7860357, 51.2137416 ], [ -55.7386733, 51.1988839 ], [ -55.7263405, 51.1245617 ], [ -55.7344592, 51.0867112 ], [ -55.8209553, 51.0151714 ], [ -55.8298267, 50.9219824 ], [ -55.8731348, 50.9444938 ], [ -55.8896896, 50.9024758 ], [ -55.9652957, 50.8525904 ], [ -55.9964946, 50.8027532 ], [ -56.0356777, 50.7838129 ], [ -56.0887224, 50.7237981 ], [ -56.1498279, 50.7592566 ], [ -56.1311095, 50.8748019 ], [ -56.1558451, 50.8978867 ], [ -56.1881857, 50.8760981 ], [ -56.1709386, 50.861098 ], [ -56.1548641, 50.800845 ], [ -56.1764691, 50.7741387 ], [ -56.1829048, 50.7369823 ], [ -56.1740001, 50.6911335 ], [ -56.109819, 50.6746484 ], [ -56.1305082, 50.6369379 ], [ -56.1883652, 50.612394 ], [ -56.2225788, 50.6136062 ], [ -56.239993, 50.5433581 ], [ -56.2769348, 50.5008261 ], [ -56.3127608, 50.4816376 ], [ -56.3297453, 50.4482489 ], [ -56.3983213, 50.4063973 ], [ -56.410105, 50.3771628 ], [ -56.4793168, 50.3863458 ], [ -56.4350252, 50.3480496 ], [ -56.4334809, 50.3315429 ], [ -56.470231, 50.2979056 ], [ -56.4711695, 50.2799824 ], [ -56.5219506, 50.2139432 ], [ -56.6138114, 50.1257603 ], [ -56.7538824, 50.0230423 ], [ -56.7732561, 49.9740705 ], [ -56.7293827, 49.9522891 ], [ -56.7490805, 49.8719501 ], [ -56.77304, 49.8299562 ], [ -56.8340485, 49.7851396 ], [ -56.9034407, 49.7649768 ], [ -56.882989, 49.7445198 ], [ -56.8314395, 49.7502121 ], [ -56.80455, 49.7333225 ], [ -56.7854324, 49.6993349 ], [ -56.8234073, 49.6231594 ], [ -56.7697599, 49.6357862 ], [ -56.7160589, 49.7091243 ], [ -56.6521883, 49.7594604 ], [ -56.6185414, 49.8150924 ], [ -56.4758279, 49.9031932 ], [ -56.452478, 49.8956419 ], [ -56.40473, 49.9388619 ], [ -56.3965016, 49.9627227 ], [ -56.3494813, 49.9921435 ], [ -56.3328707, 50.0315846 ], [ -56.2528639, 50.0902534 ], [ -56.2257533, 50.1224727 ], [ -56.1599076, 50.1580607 ], [ -56.110745, 50.1246533 ], [ -56.1230129, 50.1072951 ], [ -56.0845875, 50.0703027 ], [ -56.1126255, 50.0412457 ], [ -56.166721, 49.9556036 ], [ -56.093354, 50.0105496 ], [ -56.0225979, 50.0356849 ], [ -55.9828533, 50.0260704 ], [ -55.9295867, 50.0386154 ], [ -55.8791581, 50.0171537 ], [ -55.8327066, 49.9594101 ], [ -55.7978462, 49.9542001 ], [ -55.7656239, 49.9184483 ], [ -55.7104375, 49.9432603 ], [ -55.6992283, 49.9698563 ], [ -55.6113319, 49.9640691 ], [ -55.5252756, 50.0046651 ], [ -55.4784654, 49.9593392 ], [ -55.5138158, 49.9167543 ], [ -55.5637801, 49.9130959 ], [ -55.6261343, 49.8717762 ], [ -55.6539411, 49.8666133 ], [ -55.6947349, 49.8309296 ], [ -55.8552628, 49.7929301 ], [ -55.9070372, 49.7567337 ], [ -55.9551164, 49.7490781 ], [ -56.0332754, 49.711066 ], [ -56.0826039, 49.7049335 ], [ -56.0677313, 49.6768621 ], [ -56.1524902, 49.6281502 ], [ -56.1412075, 49.6148766 ], [ -56.0739175, 49.6627646 ], [ -55.9922827, 49.6928627 ], [ -55.951283, 49.6707089 ], [ -55.9167488, 49.6933035 ], [ -55.8547622, 49.6717162 ], [ -55.8861632, 49.6401977 ], [ -55.9268573, 49.6167814 ], [ -55.8800198, 49.5948319 ], [ -55.8617119, 49.6184145 ], [ -55.8229957, 49.6063048 ], [ -55.8426196, 49.5724233 ], [ -55.877406, 49.5689396 ], [ -55.957015, 49.526611 ], [ -56.0044636, 49.520956 ], [ -56.0631612, 49.5022646 ], [ -56.1144676, 49.4452429 ], [ -56.0812795, 49.4334531 ], [ -55.9981315, 49.4957714 ], [ -55.890221, 49.5071136 ], [ -55.8493868, 49.5313389 ], [ -55.8075852, 49.5170643 ], [ -55.7641847, 49.4870373 ], [ -55.7424633, 49.5592407 ], [ -55.6902389, 49.5618486 ], [ -55.6683837, 49.524559 ], [ -55.7271619, 49.4894936 ], [ -55.7116366, 49.468467 ], [ -55.7229897, 49.4256094 ], [ -55.6826851, 49.3997666 ], [ -55.6381188, 49.4284491 ], [ -55.615813, 49.4603199 ], [ -55.5725101, 49.4896615 ], [ -55.5487322, 49.4906447 ], [ -55.5743554, 49.4332432 ], [ -55.4767158, 49.4539604 ], [ -55.4651136, 49.4906019 ], [ -55.4416024, 49.5035444 ], [ -55.3956392, 49.5037902 ], [ -55.3757603, 49.4818699 ], [ -55.410053, 49.4654796 ], [ -55.4108754, 49.4359662 ], [ -55.3610294, 49.4373039 ], [ -55.3641619, 49.4014533 ], [ -55.3168367, 49.4034775 ], [ -55.2906187, 49.3499279 ], [ -55.2638452, 49.3851519 ], [ -55.2635649, 49.4063911 ], [ -55.2900217, 49.4408219 ], [ -55.3227417, 49.5327729 ], [ -55.2851687, 49.5447424 ], [ -55.2344922, 49.5309562 ], [ -55.1637584, 49.5450346 ], [ -55.1358818, 49.4869242 ], [ -55.1484371, 49.4533043 ], [ -55.2060134, 49.379689 ], [ -55.2494089, 49.3437815 ], [ -55.2453828, 49.2568549 ], [ -55.3094473, 49.2252385 ], [ -55.3838413, 49.1686138 ], [ -55.3353058, 49.1471848 ], [ -55.3206115, 49.0895528 ], [ -55.2809592, 49.0941433 ], [ -55.3040529, 49.121252 ], [ -55.2963646, 49.1667577 ], [ -55.3116114, 49.1901553 ], [ -55.2652301, 49.2086502 ], [ -55.1860531, 49.2589412 ], [ -55.1557908, 49.2634108 ], [ -55.0704363, 49.2947428 ], [ -55.0751941, 49.3239168 ], [ -55.0391453, 49.3266129 ], [ -54.994479, 49.2655447 ], [ -54.9800302, 49.2994775 ], [ -54.8897436, 49.2948884 ], [ -54.8793615, 49.3429142 ], [ -54.9139299, 49.3576361 ], [ -54.8772, 49.4068323 ], [ -54.8584961, 49.3913009 ], [ -54.865071, 49.3555732 ], [ -54.8575408, 49.3002952 ], [ -54.8019129, 49.2998946 ], [ -54.8086643, 49.3340084 ], [ -54.6966499, 49.3746832 ], [ -54.6304709, 49.4619021 ], [ -54.5554871, 49.540468 ], [ -54.5054779, 49.5568249 ], [ -54.4620132, 49.5462365 ], [ -54.5149237, 49.5076472 ], [ -54.5082533, 49.4687905 ], [ -54.4799246, 49.4475594 ], [ -54.4709876, 49.4105627 ], [ -54.4981097, 49.3908929 ], [ -54.4834675, 49.3123783 ], [ -54.4162357, 49.3280773 ], [ -54.4352066, 49.3574236 ], [ -54.4253149, 49.3900747 ], [ -54.3891654, 49.4132646 ], [ -54.3177753, 49.4415195 ], [ -54.3140649, 49.408682 ], [ -54.2512468, 49.3997547 ], [ -54.2167499, 49.4110156 ], [ -54.1800041, 49.3832475 ], [ -54.1759309, 49.4320993 ], [ -54.1471027, 49.4551556 ], [ -54.0840283, 49.4595187 ], [ -54.0783498, 49.4755669 ], [ -54.0202415, 49.4687147 ], [ -53.8949109, 49.4326968 ], [ -53.8652359, 49.4100433 ], [ -53.7867035, 49.3971965 ], [ -53.6756925, 49.3569317 ], [ -53.6937677, 49.3238454 ], [ -53.6234197, 49.3138002 ], [ -53.5675444, 49.2817902 ], [ -53.5090422, 49.2750003 ], [ -53.4735474, 49.2516042 ], [ -53.5158431, 49.2048964 ], [ -53.5538988, 49.1895629 ], [ -53.5484884, 49.1487503 ], [ -53.6007604, 49.1190364 ], [ -53.5971806, 49.063527 ], [ -53.6073909, 49.0353571 ], [ -53.6408884, 49.0383747 ], [ -53.7355163, 49.0280564 ], [ -53.7765906, 48.9897163 ], [ -53.8524658, 48.9748395 ], [ -53.8656983, 48.9545596 ], [ -53.8147457, 48.9355089 ], [ -53.8627482, 48.9166285 ], [ -53.951886, 48.913979 ], [ -53.9806243, 48.9013928 ], [ -53.965604, 48.8642227 ], [ -53.9992836, 48.8610086 ], [ -53.9952188, 48.8256785 ], [ -54.0838613, 48.8318706 ], [ -54.1278038, 48.8168794 ], [ -54.1547201, 48.8244885 ], [ -54.2097324, 48.778992 ], [ -54.1593628, 48.7809139 ], [ -54.0778329, 48.798922 ], [ -54.0560206, 48.8123656 ], [ -53.9958832, 48.809977 ], [ -53.9376893, 48.8416238 ], [ -53.8204577, 48.8170086 ], [ -53.8337641, 48.8051 ], [ -53.9081274, 48.7809359 ], [ -53.8759449, 48.7595765 ], [ -53.9363304, 48.7342645 ], [ -53.9645955, 48.702943 ], [ -54.0011642, 48.7029633 ], [ -54.031061, 48.6771111 ], [ -53.9592271, 48.6687588 ], [ -53.9349003, 48.6956306 ], [ -53.8994353, 48.7121644 ], [ -53.8373393, 48.7016206 ], [ -53.7972895, 48.7188299 ], [ -53.7554409, 48.715359 ], [ -53.7627613, 48.6932128 ], [ -53.7256251, 48.6839294 ], [ -53.7143784, 48.6606704 ], [ -53.6480825, 48.695737 ], [ -53.6347005, 48.6653577 ], [ -53.6983619, 48.6388845 ], [ -53.7294639, 48.6408962 ], [ -53.8563801, 48.5890392 ], [ -53.9022186, 48.5861978 ], [ -53.8918926, 48.5625427 ], [ -53.8348678, 48.575285 ], [ -53.7603341, 48.5651336 ], [ -53.7744681, 48.5137315 ], [ -53.8104513, 48.501042 ], [ -53.9060746, 48.4850137 ], [ -53.9471125, 48.4551803 ], [ -54.0075629, 48.4375879 ], [ -54.0266642, 48.4151991 ], [ -54.0661117, 48.4113739 ], [ -54.1128233, 48.4284439 ], [ -54.1703284, 48.3892861 ], [ -54.1570632, 48.3475516 ], [ -54.1217783, 48.3850368 ], [ -54.0869442, 48.4055136 ], [ -54.0088518, 48.3981536 ], [ -53.9609948, 48.4276189 ], [ -53.8525128, 48.4762414 ], [ -53.8238783, 48.4685118 ], [ -53.8505267, 48.4270888 ], [ -53.83555, 48.405814 ], [ -53.7951673, 48.4467083 ], [ -53.7921626, 48.472993 ], [ -53.7157265, 48.5230309 ], [ -53.6630134, 48.5405034 ], [ -53.648031, 48.4883555 ], [ -53.7102449, 48.4414396 ], [ -53.6512564, 48.4470002 ], [ -53.6070592, 48.4745193 ], [ -53.5897141, 48.4529641 ], [ -53.5380746, 48.4556274 ], [ -53.531169, 48.4862276 ], [ -53.4789405, 48.5460485 ], [ -53.4951431, 48.5697165 ], [ -53.4628215, 48.6064965 ], [ -53.3620553, 48.6116824 ], [ -53.3289355, 48.5925383 ], [ -53.2932423, 48.5275005 ], [ -53.2618691, 48.5215535 ], [ -53.239384, 48.5621183 ], [ -53.1799598, 48.595187 ], [ -53.1710788, 48.6265102 ], [ -53.1389608, 48.6303603 ], [ -53.0933725, 48.680978 ], [ -53.0684268, 48.660217 ], [ -53.0288973, 48.6496601 ], [ -53.0010224, 48.6090588 ], [ -53.0031032, 48.5465787 ], [ -53.0379994, 48.5359738 ], [ -53.0747703, 48.5069829 ], [ -53.0608264, 48.4596643 ], [ -53.1032338, 48.410189 ], [ -53.1951683, 48.3796334 ], [ -53.2121888, 48.3495563 ], [ -53.2602115, 48.3607801 ], [ -53.2739253, 48.3792822 ], [ -53.3817583, 48.37926 ], [ -53.3658689, 48.3536334 ], [ -53.3991426, 48.2993265 ], [ -53.3846867, 48.2838607 ], [ -53.4669725, 48.2709323 ], [ -53.5128819, 48.2398429 ], [ -53.5599738, 48.2293739 ], [ -53.5950425, 48.1970533 ], [ -53.6444245, 48.1749059 ], [ -53.7055893, 48.1629544 ], [ -53.7467228, 48.1925286 ], [ -53.8027899, 48.1994706 ], [ -53.8447004, 48.1862789 ], [ -53.8962038, 48.221974 ], [ -53.9570381, 48.2360877 ], [ -53.9645468, 48.1889445 ], [ -53.9581853, 48.1567068 ], [ -53.9304768, 48.1296026 ], [ -53.9393156, 48.0813072 ], [ -53.8757119, 48.077541 ], [ -53.6963262, 48.0782474 ], [ -53.6999352, 48.0447722 ], [ -53.813694, 48.0154214 ], [ -53.9383485, 48.0270225 ], [ -53.9223083, 48.0108612 ], [ -53.8131369, 47.9961349 ], [ -53.6732519, 48.0296291 ], [ -53.6399715, 48.0480785 ], [ -53.633803, 48.0080897 ], [ -53.6846573, 47.9266755 ], [ -53.7273326, 47.8879958 ], [ -53.7312147, 47.850918 ], [ -53.8010785, 47.7709841 ], [ -53.8823571, 47.8333403 ], [ -53.8415438, 47.7468718 ], [ -53.837619, 47.7021844 ], [ -53.7625756, 47.6200525 ], [ -53.7303625, 47.6381499 ], [ -53.7175525, 47.6816514 ], [ -53.681412, 47.6877132 ], [ -53.6803882, 47.657091 ], [ -53.7200064, 47.6005079 ], [ -53.7121979, 47.5723306 ], [ -53.626085, 47.5626368 ], [ -53.6126179, 47.5381337 ], [ -53.5517271, 47.5265159 ], [ -53.5413381, 47.586182 ], [ -53.5035131, 47.640845 ], [ -53.5184638, 47.663622 ], [ -53.4795694, 47.6963912 ], [ -53.5059879, 47.7493535 ], [ -53.4794959, 47.762913 ], [ -53.4616445, 47.8122487 ], [ -53.4400164, 47.8181315 ], [ -53.4331977, 47.8562879 ], [ -53.3808253, 47.9042013 ], [ -53.3523765, 47.9194019 ], [ -53.3464127, 47.9520607 ], [ -53.3090336, 48.0013071 ], [ -53.2583082, 48.0154446 ], [ -53.1770578, 48.0607995 ], [ -53.1106821, 48.0356486 ], [ -53.053585, 48.0671946 ], [ -53.0090883, 48.0816881 ], [ -52.9756384, 48.1289207 ], [ -52.9665439, 48.1614023 ], [ -52.9450559, 48.1730813 ], [ -52.8902024, 48.1495257 ], [ -52.8601588, 48.0929048 ], [ -52.9268687, 48.0900045 ], [ -52.9831051, 48.0395812 ], [ -52.9657329, 48.0163405 ], [ -52.9920961, 47.983135 ], [ -53.0579576, 47.9424338 ], [ -53.0673894, 47.8972253 ], [ -53.0576693, 47.8797312 ], [ -53.0922253, 47.8321544 ], [ -53.1480052, 47.8045043 ], [ -53.1506185, 47.7776561 ], [ -53.1836052, 47.7583073 ], [ -53.1748438, 47.7184033 ], [ -53.1953178, 47.6524126 ], [ -53.27139, 47.6227603 ], [ -53.2818083, 47.5950415 ], [ -53.1816363, 47.5315025 ], [ -53.2242986, 47.4627221 ], [ -53.1870058, 47.4260244 ], [ -53.1677257, 47.4519007 ], [ -53.1366682, 47.4483627 ], [ -53.1182858, 47.419158 ], [ -53.0834456, 47.4704332 ], [ -52.9515985, 47.5364845 ], [ -52.9177981, 47.5450602 ], [ -52.8587504, 47.6290951 ], [ -52.850921, 47.6916946 ], [ -52.8180372, 47.7573342 ], [ -52.8060604, 47.8035126 ], [ -52.7806376, 47.8002218 ], [ -52.7628841, 47.7627913 ], [ -52.7139795, 47.758449 ], [ -52.6993537, 47.6952015 ], [ -52.7207302, 47.6683332 ], [ -52.6601566, 47.647657 ], [ -52.6620142, 47.5954674 ], [ -52.687185, 47.5441427 ], [ -52.628512, 47.5165417 ], [ -52.6382178, 47.4842566 ], [ -52.7021347, 47.4639532 ], [ -52.6598316, 47.435222 ], [ -52.7179208, 47.3899387 ], [ -52.7461761, 47.310734 ], [ -52.7673507, 47.2856071 ], [ -52.8319767, 47.2784554 ], [ -52.8259475, 47.2478831 ], [ -52.8482755, 47.210329 ], [ -52.8508385, 47.14922 ], [ -52.8827075, 47.1078944 ], [ -52.913402, 47.0967521 ], [ -52.8930854, 47.0741639 ], [ -52.851401, 47.0731529 ], [ -52.8594612, 47.0487002 ], [ -52.8960782, 47.0082441 ], [ -52.9052461, 46.9598095 ], [ -52.8991568, 46.9359025 ], [ -52.9387635, 46.8735332 ], [ -52.9470998, 46.8448243 ], [ -52.9372796, 46.8159713 ], [ -52.950368, 46.7894526 ], [ -53.0364614, 46.7460742 ], [ -53.0562829, 46.6949167 ], [ -53.0911071, 46.6463732 ], [ -53.173165, 46.6290118 ], [ -53.2168106, 46.6346831 ], [ -53.2608727, 46.6855158 ], [ -53.2597264, 46.7089867 ], [ -53.2917636, 46.7419907 ], [ -53.3120466, 46.7097616 ], [ -53.369651, 46.7267628 ], [ -53.4024945, 46.7124953 ], [ -53.4575334, 46.6643438 ], [ -53.5235208, 46.6179369 ], [ -53.5815827, 46.6141288 ], [ -53.6179512, 46.6368617 ], [ -53.6431478, 46.6841702 ], [ -53.6436095, 46.7253514 ], [ -53.6107905, 46.756327 ], [ -53.6323716, 46.7849846 ], [ -53.6652724, 46.7923918 ], [ -53.6539682, 46.8346434 ], [ -53.60263, 46.8924658 ], [ -53.6102836, 46.9120744 ], [ -53.5506932, 46.9252175 ], [ -53.5789262, 46.9654554 ], [ -53.6291509, 46.9498769 ], [ -53.6228195, 46.9794221 ], [ -53.6458685, 47.0053588 ], [ -53.560903, 47.072281 ], [ -53.5906005, 47.0834125 ], [ -53.5303799, 47.166885 ], [ -53.5992943, 47.1815289 ], [ -53.6177568, 47.1294718 ], [ -53.6399325, 47.1091353 ], [ -53.6831501, 47.1131966 ], [ -53.7103938, 47.0891065 ], [ -53.7234558, 47.0494673 ], [ -53.7822989, 47.0316066 ], [ -53.8108561, 46.9854774 ], [ -53.8494146, 46.9480426 ], [ -53.866929, 46.9473759 ], [ -53.8985167, 46.897137 ], [ -53.9326265, 46.8797882 ], [ -53.9625888, 46.8493984 ], [ -54.0141405, 46.8394183 ], [ -54.0603564, 46.8004293 ], [ -54.1080488, 46.8052818 ], [ -54.1847211, 46.8421929 ], [ -54.195358, 46.8845724 ], [ -54.1754098, 46.9213472 ], [ -54.1719486, 46.9584723 ], [ -54.1423628, 47.020177 ], [ -54.0994877, 47.0648154 ], [ -54.0745528, 47.107283 ], [ -54.0595223, 47.1606944 ], [ -54.0179794, 47.2185369 ], [ -53.9952768, 47.2978523 ], [ -53.954078, 47.3047478 ], [ -53.8799992, 47.3507898 ], [ -53.9291399, 47.3838204 ], [ -53.8412205, 47.4117219 ], [ -53.9372183, 47.4551877 ], [ -53.9075489, 47.5083447 ], [ -53.9099989, 47.560176 ], [ -53.8976664, 47.5764725 ], [ -53.9111013, 47.611048 ], [ -53.9552969, 47.6615272 ], [ -53.9399516, 47.6924833 ], [ -53.958265, 47.7038194 ], [ -53.9723523, 47.7566082 ], [ -54.0133737, 47.7668348 ], [ -54.0006072, 47.7977848 ], [ -54.04548, 47.7939545 ], [ -54.0916883, 47.8298651 ], [ -54.1924349, 47.8547285 ], [ -54.2064073, 47.7949894 ], [ -54.3597591, 47.6009501 ], [ -54.4085691, 47.5264681 ], [ -54.455913, 47.4951238 ], [ -54.4041213, 47.4514835 ], [ -54.4553592, 47.4132513 ], [ -54.4929195, 47.4159542 ], [ -54.5582792, 47.3661075 ], [ -54.6129583, 47.3626839 ], [ -54.5962966, 47.3918386 ], [ -54.530349, 47.4404866 ], [ -54.4517854, 47.5565266 ], [ -54.4845803, 47.5480409 ], [ -54.4930388, 47.5258192 ], [ -54.5635091, 47.4372662 ], [ -54.6313182, 47.3892812 ], [ -54.6883499, 47.4029021 ], [ -54.7344314, 47.3556897 ], [ -54.7767537, 47.3793665 ], [ -54.8035152, 47.3667645 ], [ -54.827862, 47.4106117 ], [ -54.9228226, 47.3325295 ], [ -54.9453287, 47.2992347 ], [ -54.9931409, 47.2850761 ], [ -55.0224814, 47.2462825 ], [ -55.0634953, 47.2129559 ], [ -55.0168299, 47.1872475 ], [ -55.0220664, 47.1732858 ], [ -55.0776476, 47.1520027 ], [ -55.0701328, 47.1886787 ], [ -55.0974525, 47.2020429 ], [ -55.1278019, 47.1925644 ], [ -55.0898153, 47.1659527 ], [ -55.0915526, 47.1188985 ], [ -55.0711247, 47.0975996 ], [ -55.1089665, 47.0551733 ], [ -55.1626838, 47.0492349 ], [ -55.1869466, 47.0325432 ], [ -55.205233, 46.9805661 ], [ -55.2442985, 46.9518156 ], [ -55.2353206, 46.9365879 ], [ -55.2877608, 46.9072425 ], [ -55.3711856, 46.8931991 ], [ -55.3773484, 46.8769095 ], [ -55.4770843, 46.8766873 ], [ -55.5236255, 46.9149503 ], [ -55.5750307, 46.9208625 ], [ -55.6409636, 46.8805754 ], [ -55.7008659, 46.8613766 ], [ -55.8001188, 46.8686877 ], [ -55.8259006, 46.8613343 ], [ -55.890112, 46.8883795 ], [ -55.9685738, 46.9088931 ], [ -55.9888099, 46.9541494 ], [ -55.9777907, 46.9879064 ], [ -55.9095634, 47.0327533 ], [ -55.8572583, 47.075612 ], [ -55.8119779, 47.0791884 ], [ -55.7781326, 47.1070135 ], [ -55.7176269, 47.1023681 ], [ -55.6815446, 47.0877683 ], [ -55.6613764, 47.1070519 ], [ -55.590501, 47.1171737 ], [ -55.5220726, 47.1420809 ], [ -55.5, 47.131423 ], [ -55.463062, 47.1884711 ], [ -55.4361665, 47.1917984 ], [ -55.4108585, 47.2219106 ], [ -55.3862439, 47.2186884 ], [ -55.3118716, 47.2702476 ], [ -55.2863546, 47.3757831 ], [ -55.2720467, 47.4089195 ], [ -55.2188589, 47.4348477 ], [ -55.1707681, 47.4720616 ], [ -55.1028708, 47.4905723 ], [ -55.0392539, 47.4948277 ], [ -54.952522, 47.5099358 ], [ -54.8517985, 47.5680748 ], [ -54.8689205, 47.5942071 ], [ -54.8345719, 47.6218631 ], [ -54.7356303, 47.6617528 ], [ -54.739188, 47.678107 ], [ -54.8646586, 47.6400429 ], [ -54.8729756, 47.6308012 ], [ -54.9801868, 47.5945886 ], [ -55.039139, 47.6010366 ], [ -55.0903741, 47.59053 ], [ -55.0931623, 47.6140264 ], [ -55.037394, 47.6664271 ], [ -55.0150931, 47.7114803 ], [ -54.99108, 47.725485 ], [ -54.9439743, 47.7750272 ], [ -54.9581439, 47.7804908 ], [ -55.0003108, 47.7314654 ], [ -55.0306604, 47.708819 ], [ -55.0362435, 47.681576 ], [ -55.1033472, 47.6271722 ], [ -55.1145721, 47.5791911 ], [ -55.1553582, 47.5971847 ], [ -55.1479761, 47.6381006 ], [ -55.2037294, 47.6326999 ], [ -55.2563627, 47.6502248 ], [ -55.2879395, 47.6452834 ], [ -55.326997, 47.6684944 ], [ -55.3578613, 47.6490457 ], [ -55.3855783, 47.6795285 ], [ -55.3638885, 47.6918649 ], [ -55.365259, 47.7259484 ], [ -55.4470103, 47.706807 ], [ -55.4264222, 47.6745265 ], [ -55.4770073, 47.6248139 ], [ -55.4314263, 47.6310372 ], [ -55.4100437, 47.6069515 ], [ -55.4424238, 47.5921283 ], [ -55.4013063, 47.5598337 ], [ -55.4097998, 47.490327 ], [ -55.4307373, 47.4707391 ], [ -55.5138063, 47.4520529 ], [ -55.5502819, 47.4589888 ], [ -55.5731139, 47.43845 ], [ -55.6343702, 47.4588766 ], [ -55.6028634, 47.5081793 ], [ -55.606306, 47.5382374 ], [ -55.6424416, 47.5425404 ], [ -55.6623908, 47.493568 ], [ -55.7158262, 47.5049653 ], [ -55.7115237, 47.4773328 ], [ -55.7773993, 47.4493647 ], [ -55.8539335, 47.4703513 ], [ -55.8012222, 47.5433084 ], [ -55.8376284, 47.5660348 ], [ -55.8750495, 47.536211 ], [ -55.9426136, 47.5318533 ], [ -55.9839151, 47.4981739 ], [ -56.0436836, 47.4969765 ], [ -56.1172254, 47.4647118 ], [ -56.1582956, 47.4818902 ], [ -56.1673622, 47.5157711 ], [ -55.9918279, 47.5464469 ], [ -55.8610821, 47.5996337 ], [ -55.8623838, 47.6151845 ], [ -55.9322165, 47.6566448 ], [ -55.8955978, 47.7046624 ], [ -55.8311221, 47.7330126 ], [ -55.8164943, 47.7641613 ], [ -55.8309512, 47.8218045 ], [ -55.8230693, 47.8393459 ], [ -55.7773004, 47.8677108 ], [ -55.8073525, 47.881268 ], [ -55.8456217, 47.8455696 ], [ -55.8663524, 47.783024 ], [ -55.9156332, 47.7652434 ], [ -56.0031, 47.7580791 ], [ -56.0022948, 47.7410436 ], [ -56.0414932, 47.7212755 ], [ -56.0472094, 47.7012628 ], [ -56.0860353, 47.6977343 ], [ -56.1236234, 47.7281977 ], [ -56.1569842, 47.7241341 ], [ -56.1574619, 47.6639461 ], [ -56.1802691, 47.6458067 ], [ -56.2988287, 47.6232024 ], [ -56.3064537, 47.7043037 ], [ -56.3281769, 47.6951404 ], [ -56.3274682, 47.626373 ], [ -56.3848918, 47.6029435 ], [ -56.592387, 47.618149 ], [ -56.6545159, 47.6066595 ], [ -56.6500626, 47.589537 ], [ -56.6976366, 47.5821964 ], [ -56.7334162, 47.5590133 ], [ -56.804353, 47.5353296 ], [ -56.9353926, 47.5651644 ], [ -57.0154815, 47.5938637 ], [ -57.078756, 47.5750392 ], [ -57.1401974, 47.5761805 ], [ -57.1575798, 47.6393069 ], [ -57.2089139, 47.5983387 ], [ -57.3425766, 47.5889737 ], [ -57.3399007, 47.6253517 ], [ -57.3108436, 47.6665656 ], [ -57.2859237, 47.725178 ], [ -57.3220203, 47.7110313 ], [ -57.3173187, 47.6929443 ], [ -57.3394467, 47.650683 ], [ -57.4667633, 47.6294564 ], [ -57.5714975, 47.6425206 ], [ -57.5959519, 47.6207853 ], [ -57.6556972, 47.609876 ], [ -57.7256189, 47.6616806 ], [ -57.7588476, 47.6375123 ], [ -57.7999207, 47.6302194 ], [ -57.846392, 47.649733 ], [ -57.8989476, 47.6564952 ], [ -57.8957883, 47.7021218 ], [ -57.9322023, 47.6975955 ], [ -57.9364471, 47.6717542 ], [ -58.1080186, 47.6993664 ], [ -58.1440817, 47.6815165 ], [ -58.1887129, 47.6839923 ], [ -58.2389656, 47.6623248 ], [ -58.2540289, 47.6768413 ], [ -58.3030905, 47.6800161 ], [ -58.3633541, 47.6547405 ], [ -58.3228858, 47.7117127 ], [ -58.3315198, 47.753115 ], [ -58.3749006, 47.726421 ], [ -58.3721108, 47.6912004 ], [ -58.4119505, 47.6487384 ], [ -58.5096237, 47.6571121 ], [ -58.5307799, 47.6429605 ], [ -58.5789447, 47.6412979 ], [ -58.6293951, 47.6158017 ], [ -58.6680691, 47.6273315 ], [ -58.7383281, 47.605959 ], [ -58.998872, 47.585827 ], [ -59.04627, 47.5727667 ], [ -59.1005279, 47.5772944 ], [ -59.1659295, 47.56476 ], [ -59.1716129, 47.5993332 ], [ -59.2251062, 47.5844666 ], [ -59.2435748, 47.613745 ], [ -59.3072186, 47.6440934 ], [ -59.3152021, 47.6967947 ], [ -59.2989644, 47.7334806 ], [ -59.333456, 47.7818641 ], [ -59.3301623, 47.8285837 ], [ -59.3656286, 47.8476088 ], [ -59.375287, 47.8705069 ], [ -59.4125546, 47.8983888 ], [ -59.3957191, 47.9221421 ], [ -59.3142668, 47.9460706 ], [ -59.2631257, 48.0046889 ], [ -59.0860762, 48.0981166 ], [ -58.9790514, 48.1289494 ], [ -58.9285841, 48.1797468 ], [ -58.8882794, 48.1962146 ], [ -58.8274414, 48.2397366 ], [ -58.8099413, 48.2607647 ], [ -58.741953, 48.2939773 ], [ -58.6909827, 48.3295983 ], [ -58.6753568, 48.3729834 ], [ -58.6236446, 48.395747 ], [ -58.5199688, 48.4209599 ], [ -58.4453698, 48.4464608 ], [ -58.4302311, 48.4818098 ], [ -58.3320363, 48.5102717 ], [ -58.358518, 48.5238029 ], [ -58.4351746, 48.5055406 ], [ -58.4666395, 48.5178904 ], [ -58.5082055, 48.4989823 ], [ -58.5212199, 48.5232586 ], [ -58.5841379, 48.5426682 ], [ -58.643778, 48.5442725 ], [ -58.720621, 48.5554385 ], [ -58.7759446, 48.5311416 ], [ -58.8007081, 48.5310533 ], [ -58.9421246, 48.5080596 ], [ -59.0181639, 48.5249456 ], [ -59.0835636, 48.5135878 ], [ -59.2505978, 48.4636097 ], [ -59.2316424, 48.5021827 ], [ -59.2360676, 48.5221134 ], [ -59.1680584, 48.5829147 ], [ -59.1003109, 48.6201203 ], [ -58.9699706, 48.6686144 ], [ -58.9185203, 48.7017276 ], [ -58.9051117, 48.692141 ], [ -58.9642226, 48.6449167 ], [ -58.9519391, 48.604572 ], [ -58.8985043, 48.588521 ], [ -58.887794, 48.5578062 ], [ -58.8344314, 48.5862173 ], [ -58.7829919, 48.5626919 ], [ -58.7136768, 48.5613764 ], [ -58.6535114, 48.6502943 ], [ -58.6865179, 48.6859291 ], [ -58.6336706, 48.7589934 ], [ -58.607507, 48.8106514 ], [ -58.5864194, 48.8206206 ], [ -58.5387483, 48.8757645 ], [ -58.5236645, 48.9217714 ], [ -58.5052674, 48.9418743 ], [ -58.5132183, 48.9674479 ], [ -58.5009659, 49.006216 ], [ -58.469737, 49.0168011 ], [ -58.4236541, 49.0905574 ], [ -58.4086936, 49.1264289 ], [ -58.3516848, 49.1420898 ], [ -58.3476122, 49.1050245 ], [ -58.3777129, 49.0637986 ], [ -58.3380489, 49.056144 ], [ -58.2618729, 49.0717158 ], [ -58.235264, 49.0633225 ], [ -58.1624092, 49.0608 ], [ -58.1406929, 49.0189507 ], [ -58.0782516, 48.9776827 ], [ -57.9868163, 48.9583625 ], [ -57.9662896, 48.9740405 ], [ -58.0608956, 48.9923738 ], [ -58.0717652, 49.01693 ], [ -58.1192042, 49.0416994 ], [ -58.1150418, 49.0638504 ], [ -58.1465991, 49.0793912 ], [ -58.1514118, 49.1168353 ], [ -58.1301974, 49.1389466 ], [ -58.0444997, 49.1131088 ], [ -58.0015325, 49.1372176 ], [ -58.0751754, 49.142773 ], [ -58.1140338, 49.1599002 ], [ -58.1115139, 49.1796635 ], [ -58.0434781, 49.1728763 ], [ -57.998504, 49.178834 ], [ -58.0171542, 49.20858 ], [ -58.0634948, 49.2098072 ], [ -58.1655307, 49.2363932 ], [ -58.2051719, 49.2316285 ], [ -58.2544215, 49.2853841 ], [ -58.2256664, 49.3674966 ], [ -58.2354559, 49.3812142 ], [ -58.2185501, 49.4198753 ], [ -58.1701163, 49.4626403 ], [ -58.0198638, 49.5551478 ], [ -57.9796837, 49.5594083 ], [ -57.9259399, 49.5334187 ], [ -57.9122194, 49.5045292 ], [ -57.8480466, 49.5134058 ], [ -57.7927022, 49.4688667 ], [ -57.7257592, 49.4607199 ], [ -57.7364425, 49.4822053 ], [ -57.779517, 49.4877242 ], [ -57.807825, 49.5055319 ], [ -57.837702, 49.5443038 ], [ -57.8789462, 49.5163106 ], [ -57.9086088, 49.5585543 ], [ -57.9529689, 49.6013109 ], [ -57.966267, 49.6637072 ], [ -57.9485798, 49.7182042 ], [ -57.9117373, 49.7700352 ], [ -57.8721986, 49.7907362 ], [ -57.8602026, 49.8230047 ], [ -57.8152768, 49.8666933 ], [ -57.835742, 49.8859229 ], [ -57.7860124, 49.9161795 ], [ -57.7556252, 49.9521909 ], [ -57.7717874, 49.9670817 ], [ -57.7337373, 50.0109952 ], [ -57.6990615, 50.0721685 ], [ -57.6469305, 50.1467119 ], [ -57.6073308, 50.1724144 ], [ -57.6069677, 50.2125101 ], [ -57.5898245, 50.2299684 ], [ -57.5307441, 50.3477963 ], [ -57.5383587, 50.3625263 ], [ -57.4762578, 50.4565098 ], [ -57.4733233, 50.477163 ], [ -57.3871352, 50.5335074 ], [ -57.3953364, 50.5736719 ], [ -57.3748116, 50.5998608 ], [ -57.3201632, 50.6192288 ], [ -57.3048567, 50.6091622 ], [ -57.2044371, 50.5946426 ], [ -57.2087727, 50.6267591 ], [ -57.2682851, 50.60745 ], [ -57.3088996, 50.6395239 ], [ -57.3149052, 50.6713444 ], [ -57.4009073, 50.710596 ], [ -57.348306, 50.7315389 ], [ -57.3126629, 50.7196104 ], [ -57.2400287, 50.7318138 ], [ -57.2225714, 50.7562101 ], [ -57.1718265, 50.7504081 ], [ -57.1126917, 50.7757675 ], [ -56.9991554, 50.8658401 ], [ -56.9872316, 50.8952812 ], [ -57.0123241, 50.9736379 ], [ -57.0464734, 51.0239866 ], [ -57.009114, 51.0229058 ], [ -56.9895727, 50.9877944 ], [ -56.9297978, 51.0035208 ], [ -56.9049903, 51.0597088 ], [ -56.8711818, 51.0872668 ], [ -56.852521, 51.1234743 ], [ -56.7912891, 51.1471521 ], [ -56.8119539, 51.1914316 ], [ -56.7879505, 51.2067782 ], [ -56.8015352, 51.2439481 ], [ -56.7512771, 51.2713105 ], [ -56.6999318, 51.3398736 ], [ -56.5559424, 51.3948311 ], [ -56.472202, 51.4189311 ], [ -56.4396992, 51.4120617 ], [ -56.3471826, 51.4571833 ], [ -56.276078, 51.4773547 ], [ -56.2020037, 51.5139504 ], [ -56.1438205, 51.5223602 ], [ -56.0774322, 51.5435342 ], [ -55.9975857, 51.5814902 ], [ -55.9619628, 51.6057542 ], [ -55.8969673, 51.6302079 ] ] ], [ [ [ -52.9208037, 47.6577158 ], [ -52.9144685, 47.6364237 ], [ -52.9845969, 47.5968658 ], [ -53.0179685, 47.6142905 ], [ -52.9594946, 47.6515341 ], [ -52.9208037, 47.6577158 ] ] ], [ [ [ -53.9142524, 48.2071531 ], [ -53.8530894, 48.1631175 ], [ -53.7827644, 48.17869 ], [ -53.7245719, 48.1460952 ], [ -53.6940534, 48.145639 ], [ -53.591261, 48.1834636 ], [ -53.5508981, 48.1760394 ], [ -53.5270936, 48.1389334 ], [ -53.5538972, 48.1318353 ], [ -53.5488427, 48.0916633 ], [ -53.6175871, 48.0773282 ], [ -53.6707694, 48.0814769 ], [ -53.691942, 48.0988907 ], [ -53.7593377, 48.0919926 ], [ -53.8002274, 48.0971427 ], [ -53.8578305, 48.0901985 ], [ -53.8950891, 48.1103709 ], [ -53.9204498, 48.160133 ], [ -53.946102, 48.173375 ], [ -53.9466816, 48.2093862 ], [ -53.9142524, 48.2071531 ] ] ], [ [ [ -53.6618842, 48.878864 ], [ -53.649151, 48.8573608 ], [ -53.7210072, 48.8142489 ], [ -53.7545698, 48.8340281 ], [ -53.6618842, 48.878864 ] ] ], [ [ [ -53.6737214, 48.816106 ], [ -53.6682963, 48.7903165 ], [ -53.7120201, 48.775085 ], [ -53.7354056, 48.7994933 ], [ -53.6737214, 48.816106 ] ] ], [ [ [ -54.1519546, 49.7535307 ], [ -54.1014671, 49.7457899 ], [ -54.0405553, 49.6683406 ], [ -54.0686955, 49.6425971 ], [ -54.1153895, 49.6311526 ], [ -54.1091374, 49.6140246 ], [ -54.2288748, 49.5996099 ], [ -54.2893631, 49.5622679 ], [ -54.3195063, 49.5765099 ], [ -54.3070518, 49.6238632 ], [ -54.3189044, 49.6756837 ], [ -54.2683365, 49.7233618 ], [ -54.2006239, 49.7193972 ], [ -54.1519546, 49.7535307 ] ] ], [ [ [ -54.0800996, 47.6955867 ], [ -54.0629983, 47.6628378 ], [ -54.0881117, 47.6099039 ], [ -54.0912258, 47.5800429 ], [ -54.062395, 47.5455496 ], [ -54.103518, 47.5207569 ], [ -54.0800996, 47.6955867 ] ] ], [ [ [ -54.1241267, 47.6789895 ], [ -54.1247803, 47.6331125 ], [ -54.1589445, 47.5652654 ], [ -54.1849681, 47.4956448 ], [ -54.2200277, 47.4543107 ], [ -54.2282976, 47.4261678 ], [ -54.2601293, 47.3917038 ], [ -54.3465899, 47.3997074 ], [ -54.3199243, 47.4423808 ], [ -54.2695021, 47.4657168 ], [ -54.1964567, 47.5714783 ], [ -54.1663846, 47.5812009 ], [ -54.1541964, 47.6365505 ], [ -54.1241267, 47.6789895 ] ] ], [ [ [ -54.1743248, 47.8488166 ], [ -54.1428823, 47.8354466 ], [ -54.1418354, 47.8060866 ], [ -54.1908922, 47.7995486 ], [ -54.1743248, 47.8488166 ] ] ], [ [ [ -54.1763726, 47.4179442 ], [ -54.1508412, 47.4123182 ], [ -54.1491098, 47.3729829 ], [ -54.1863964, 47.3561225 ], [ -54.2152593, 47.3653261 ], [ -54.1763726, 47.4179442 ] ] ], [ [ [ -54.1778077, 47.6255994 ], [ -54.1772974, 47.603635 ], [ -54.2102209, 47.5626647 ], [ -54.2379678, 47.5680756 ], [ -54.1778077, 47.6255994 ] ] ], [ [ [ -54.2298245, 47.7443456 ], [ -54.2052525, 47.7122978 ], [ -54.2561963, 47.6861599 ], [ -54.2298245, 47.7443456 ] ] ], [ [ [ -54.3881824, 49.6742425 ], [ -54.3764421, 49.6335048 ], [ -54.42574, 49.6106948 ], [ -54.3881824, 49.6742425 ] ] ], [ [ [ -54.5507899, 49.649225 ], [ -54.5411233, 49.6155168 ], [ -54.5536524, 49.5805762 ], [ -54.6334984, 49.5414796 ], [ -54.6943426, 49.5394084 ], [ -54.7541908, 49.523749 ], [ -54.7431631, 49.5039429 ], [ -54.8554961, 49.4804623 ], [ -54.8759549, 49.5498858 ], [ -54.9113417, 49.5831853 ], [ -54.9001088, 49.5972447 ], [ -54.8378476, 49.5827305 ], [ -54.7718044, 49.5388626 ], [ -54.6895011, 49.5818423 ], [ -54.6818392, 49.6170123 ], [ -54.6473617, 49.6319651 ], [ -54.5507899, 49.649225 ] ] ], [ [ [ -54.6922745, 49.4952773 ], [ -54.6651859, 49.4808509 ], [ -54.6935537, 49.4584548 ], [ -54.6925132, 49.4223257 ], [ -54.7198064, 49.3961311 ], [ -54.7597493, 49.4061643 ], [ -54.7737186, 49.4406366 ], [ -54.7450945, 49.4619001 ], [ -54.7072302, 49.469172 ], [ -54.6922745, 49.4952773 ] ] ], [ [ [ -54.7240141, 49.6783278 ], [ -54.7028807, 49.6639733 ], [ -54.6993459, 49.597604 ], [ -54.766784, 49.6182501 ], [ -54.7549668, 49.6763836 ], [ -54.7240141, 49.6783278 ] ] ], [ [ [ -55.1743172, 49.3552832 ], [ -55.1401954, 49.3070417 ], [ -55.1673353, 49.2805637 ], [ -55.2068443, 49.270862 ], [ -55.1743172, 49.3552832 ] ] ], [ [ [ -55.2809237, 52.0168524 ], [ -55.2917533, 51.9776493 ], [ -55.3241551, 51.9253778 ], [ -55.3844126, 51.876654 ], [ -55.4299999, 51.9060608 ], [ -55.3912492, 51.9655954 ], [ -55.3607785, 51.9643524 ], [ -55.2809237, 52.0168524 ] ] ], [ [ [ -55.4254798, 51.6386686 ], [ -55.4117918, 51.6028557 ], [ -55.4559772, 51.6083723 ], [ -55.4254798, 51.6386686 ] ] ], [ [ [ -55.4848396, 50.8040093 ], [ -55.4564469, 50.7870824 ], [ -55.5121766, 50.7431619 ], [ -55.5248886, 50.7138655 ], [ -55.5757275, 50.6918374 ], [ -55.6051988, 50.7117542 ], [ -55.6622454, 50.7203466 ], [ -55.6105615, 50.7642881 ], [ -55.5364643, 50.7823673 ], [ -55.4848396, 50.8040093 ] ] ], [ [ [ -55.5528346, 50.9870208 ], [ -55.5359684, 50.960776 ], [ -55.5796668, 50.9343774 ], [ -55.5728753, 50.8908229 ], [ -55.5923627, 50.8831615 ], [ -55.6327083, 50.9176863 ], [ -55.6381875, 50.9633868 ], [ -55.5528346, 50.9870208 ] ] ], [ [ [ -55.6429185, 49.5413044 ], [ -55.5685455, 49.5380469 ], [ -55.5627801, 49.5268666 ], [ -55.6484677, 49.5025701 ], [ -55.6429185, 49.5413044 ] ] ], [ [ [ -55.6545492, 52.2790489 ], [ -55.5904724, 52.2764496 ], [ -55.6050683, 52.2469972 ], [ -55.641968, 52.2437486 ], [ -55.6545492, 52.2790489 ] ] ], [ [ [ -93.39375, 61.777 ], [ -93.2805, 61.784 ], [ -93.24375, 61.7575 ], [ -93.2875862, 61.7416483 ], [ -93.36925, 61.73875 ], [ -93.4618472, 61.7669759 ], [ -93.4790972, 61.7542259 ], [ -93.4173139, 61.720517 ], [ -93.37575, 61.72725 ], [ -93.33125, 61.70775 ], [ -93.45025, 61.679 ], [ -93.5075, 61.677 ], [ -93.7075, 61.597 ], [ -93.75725, 61.58225 ], [ -93.78625, 61.54475 ], [ -93.8515, 61.54575 ], [ -93.97325, 61.461 ], [ -93.97575, 61.407 ], [ -93.99775, 61.37625 ], [ -93.91275, 61.38775 ], [ -93.8545, 61.3795 ], [ -93.8133472, 61.3449756 ], [ -93.87475, 61.303 ], [ -93.96725, 61.2855 ], [ -94.056, 61.29325 ], [ -94.0605, 61.27 ], [ -94.0215, 61.21525 ], [ -94.1115, 61.14025 ], [ -94.0850444, 61.1126859 ], [ -94.0304561, 61.0873255 ], [ -94.09625, 61.0705 ], [ -94.169, 61.0225 ], [ -94.16725, 60.99425 ], [ -94.2095, 60.949 ], [ -94.2294006, 60.8850506 ], [ -94.31725, 60.85775 ], [ -94.33275, 60.803 ], [ -94.39775, 60.76725 ], [ -94.41475, 60.70975 ], [ -94.50325, 60.6375 ], [ -94.5395, 60.57625 ], [ -94.54, 60.532 ], [ -94.61025, 60.507 ], [ -94.68275, 60.5295 ], [ -94.76375, 60.531 ], [ -94.793, 60.493 ], [ -94.759, 60.475 ], [ -94.68775, 60.4665 ], [ -94.61525, 60.3745 ], [ -94.6355, 60.3265 ], [ -94.68175, 60.29825 ], [ -94.703, 60.24975 ], [ -94.697, 60.2115 ], [ -94.727, 60.1965 ], [ -94.72675, 60.12875 ], [ -94.70875, 60.0905 ], [ -94.7655, 60.066 ], [ -94.7765, 60.02525 ], [ -94.8055, 59.98625 ], [ -94.8405, 59.96625 ], [ -94.82275, 59.88725 ], [ -94.79775, 59.8545 ], [ -94.7995, 59.82275 ], [ -94.76875, 59.7705 ], [ -94.7925, 59.759 ], [ -94.8125, 59.71725 ], [ -94.803, 59.6995 ], [ -94.82025, 59.65175 ], [ -94.80125, 59.64375 ], [ -94.82625, 59.60325 ], [ -94.766, 59.56925 ], [ -94.79675, 59.5165 ], [ -94.77175, 59.501 ], [ -94.7355, 59.4465 ], [ -94.744, 59.4285 ], [ -94.71675, 59.38825 ], [ -94.71025, 59.3235 ], [ -94.786, 59.2675 ], [ -94.79075, 59.23675 ], [ -94.77575, 59.14825 ], [ -94.792, 59.08225 ], [ -94.775, 59.03325 ], [ -94.7240601, 58.9987599 ], [ -94.70046, 58.96298 ], [ -94.61152, 58.9477299 ], [ -94.5984699, 58.90642 ], [ -94.6113201, 58.8900001 ], [ -94.5629999, 58.8385101 ], [ -94.5125001, 58.82426 ], [ -94.4836433, 58.7848384 ], [ -94.4764164, 58.7377095 ], [ -94.4266371, 58.7028283 ], [ -94.3693887, 58.704169 ], [ -94.3233755, 58.7198829 ], [ -94.2643636, 58.7894073 ], [ -94.218575, 58.7944721 ], [ -94.1714789, 58.7738945 ], [ -94.0337843, 58.761866 ], [ -93.967919, 58.7703378 ], [ -93.8700395, 58.766744 ], [ -93.74134, 58.7744708 ], [ -93.7457033, 58.7923699 ], [ -93.6407469, 58.7882069 ], [ -93.5805805, 58.7649567 ], [ -93.5, 58.775053 ], [ -93.47319, 58.7657001 ], [ -93.45739, 58.72532 ], [ -93.4123299, 58.72342 ], [ -93.3396199, 58.76101 ], [ -93.30697, 58.7464899 ], [ -93.23414, 58.75356 ], [ -93.21304, 58.7669 ], [ -93.16602, 58.7226899 ], [ -93.1439299, 58.6761299 ], [ -93.1503899, 58.63569 ], [ -93.13406, 58.60268 ], [ -93.1383501, 58.5699201 ], [ -93.10819, 58.4818899 ], [ -93.0533399, 58.41333 ], [ -93.0523299, 58.3859399 ], [ -93.025, 58.3383301 ], [ -92.97878, 58.3073599 ], [ -92.9715099, 58.2664001 ], [ -92.9291, 58.2233801 ], [ -92.88227, 58.15116 ], [ -92.79577, 58.0373999 ], [ -92.81445, 58.0177101 ], [ -92.77321, 57.9021901 ], [ -92.7275601, 57.8030301 ], [ -92.67293, 57.71894 ], [ -92.57999, 57.60653 ], [ -92.54217, 57.5418899 ], [ -92.50327, 57.53124 ], [ -92.452, 57.44219 ], [ -92.42623, 57.36041 ], [ -92.4246001, 57.3278899 ], [ -92.4489939, 57.2374011 ], [ -92.4955726, 57.1793017 ], [ -92.5448771, 57.101087 ], [ -92.5961326, 57.0501618 ], [ -92.6872366, 56.9859069 ], [ -92.6164133, 56.978701 ], [ -92.4822072, 57.0346732 ], [ -92.3686627, 57.0587528 ], [ -92.2097734, 57.0724932 ], [ -92.2515085, 57.0376445 ], [ -92.2002858, 57.0312073 ], [ -92.1230536, 57.0492079 ], [ -92.0461639, 57.0485377 ], [ -91.9702, 57.0570401 ], [ -91.78082, 57.09977 ], [ -91.7184399, 57.12168 ], [ -91.65645, 57.1305101 ], [ -91.4727399, 57.17808 ], [ -91.1294199, 57.2508499 ], [ -90.9857799, 57.26276 ], [ -90.93946, 57.25445 ], [ -90.8445799, 57.2609301 ], [ -90.76882, 57.23976 ], [ -90.68055, 57.2238199 ], [ -90.59816, 57.22752 ], [ -90.5019101, 57.18428 ], [ -90.45919, 57.1952 ], [ -90.3882801, 57.1771001 ], [ -90.41118, 57.1632299 ], [ -90.3113, 57.13961 ], [ -90.18903, 57.09313 ], [ -90.16176, 57.07432 ], [ -90.06475, 57.05211 ], [ -89.95975, 57.0013301 ], [ -89.8873499, 56.99994 ], [ -89.8010601, 56.97603 ], [ -89.6664301, 56.9496401 ], [ -89.5851401, 56.94661 ], [ -89.4680999, 56.9202901 ], [ -89.4544101, 56.92569 ], [ -89.3385899, 56.91612 ], [ -89.2897, 56.8978201 ], [ -89.18618, 56.8722699 ], [ -89.06914, 56.8530101 ], [ -88.97073, 56.84833 ], [ -88.94784, 56.8395999 ], [ -88.8900701, 56.8613501 ], [ -88.8284099, 56.7953101 ], [ -88.6977799, 56.7446499 ], [ -88.67612, 56.70833 ], [ -88.64545, 56.6882501 ], [ -88.56064, 56.66297 ], [ -88.5049999, 56.6557099 ], [ -88.43754, 56.60529 ], [ -88.3389801, 56.5622199 ], [ -88.1961201, 56.5177101 ], [ -88.12271, 56.5102 ], [ -87.9786501, 56.4730101 ], [ -87.9475201, 56.43972 ], [ -87.9254001, 56.39506 ], [ -87.83144, 56.3417 ], [ -87.7763201, 56.2724 ], [ -87.71076, 56.2118601 ], [ -87.7131999, 56.1944299 ], [ -87.63697, 56.1123799 ], [ -87.63887, 56.10265 ], [ -87.56868, 56.06561 ], [ -87.6245601, 56.0392201 ], [ -87.60492, 56.0116599 ], [ -87.4793, 56.01874 ], [ -87.39173, 55.9948501 ], [ -87.3352701, 55.9644199 ], [ -87.2387899, 55.94211 ], [ -87.0909299, 55.9268101 ], [ -86.9431601, 55.9217099 ], [ -86.88163, 55.9101301 ], [ -86.77513, 55.87799 ], [ -86.67616, 55.8374301 ], [ -86.6014001, 55.82838 ], [ -86.55769, 55.81068 ], [ -86.38013, 55.7663901 ], [ -86.26491, 55.7100499 ], [ -86.17035, 55.69844 ], [ -86.03727, 55.67031 ], [ -86.0257401, 55.67894 ], [ -85.9366801, 55.67026 ], [ -85.797, 55.61467 ], [ -85.7777199, 55.59425 ], [ -85.6966, 55.5856001 ], [ -85.6398345, 55.559815 ], [ -85.6251799, 55.53322 ], [ -85.5695899, 55.4971101 ], [ -85.51674, 55.4745799 ], [ -85.50003, 55.45158 ], [ -85.42598, 55.4101801 ], [ -85.3410099, 55.3747299 ], [ -85.2286299, 55.3731601 ], [ -85.21412, 55.3459299 ], [ -85.17988, 55.3475999 ], [ -85.12524, 55.3291 ], [ -85.1115499, 55.2911101 ], [ -85.0496101, 55.27259 ], [ -84.93825, 55.26563 ], [ -84.80985, 55.2510999 ], [ -84.7896999, 55.23447 ], [ -84.48425, 55.23713 ], [ -84.43873, 55.2547601 ], [ -84.3077301, 55.2749999 ], [ -84.2706901, 55.2654599 ], [ -84.1718899, 55.2752199 ], [ -84.1252801, 55.2535399 ], [ -84.08032, 55.2488899 ], [ -83.94347, 55.28726 ], [ -83.8923799, 55.29463 ], [ -83.81747, 55.2766601 ], [ -83.70843, 55.2176399 ], [ -83.6633501, 55.2304101 ], [ -83.6961699, 55.2584 ], [ -83.67109, 55.26893 ], [ -83.5957501, 55.24212 ], [ -83.54168, 55.2379999 ], [ -83.47362, 55.21058 ], [ -83.37601, 55.2115001 ], [ -83.3319101, 55.19288 ], [ -83.21345, 55.2049501 ], [ -83.1366901, 55.1932601 ], [ -82.98847, 55.22023 ], [ -82.91921, 55.21493 ], [ -82.8488, 55.1457099 ], [ -82.78189, 55.12941 ], [ -82.71332, 55.1672799 ], [ -82.69937, 55.1862999 ], [ -82.6175399, 55.16654 ], [ -82.55756, 55.14299 ], [ -82.5293401, 55.16512 ], [ -82.49215, 55.1397099 ], [ -82.412, 55.1112101 ], [ -82.3958499, 55.08373 ], [ -82.3570499, 55.07213 ], [ -82.31183, 55.11762 ], [ -82.2516, 55.1114301 ], [ -82.2415299, 55.0603001 ], [ -82.2741099, 55.0466499 ], [ -82.2510601, 54.93674 ], [ -82.2242801, 54.9119199 ], [ -82.1953701, 54.84355 ], [ -82.1927299, 54.80722 ], [ -82.2088399, 54.7599299 ], [ -82.2518799, 54.71928 ], [ -82.2968701, 54.60379 ], [ -82.3262301, 54.4823099 ], [ -82.39847, 54.3815999 ], [ -82.41367, 54.33249 ], [ -82.41889, 54.2484099 ], [ -82.40064, 54.1938001 ], [ -82.3172201, 54.1119999 ], [ -82.24289, 54.0612999 ], [ -82.1827199, 53.97404 ], [ -82.17133, 53.93214 ], [ -82.11194, 53.8125601 ], [ -82.1138999, 53.74772 ], [ -82.16587, 53.7049601 ], [ -82.2079499, 53.59105 ], [ -82.1918299, 53.5230701 ], [ -82.1452301, 53.45307 ], [ -82.1503401, 53.4438001 ], [ -82.1114499, 53.3347699 ], [ -82.1022101, 53.2667099 ], [ -82.17143, 53.2353 ], [ -82.195, 53.20764 ], [ -82.23946, 53.19541 ], [ -82.27804, 53.08689 ], [ -82.28126, 53.0520101 ], [ -82.25857, 52.9807599 ], [ -82.30038, 52.9526399 ], [ -82.3379001, 52.94467 ], [ -82.3412, 52.93477 ], [ -82.3124699, 52.93137 ], [ -82.2296199, 52.9257201 ], [ -82.10516, 52.8831301 ], [ -82.0081699, 52.80995 ], [ -81.94994, 52.7768699 ], [ -81.9198601, 52.7028001 ], [ -81.86089, 52.65354 ], [ -81.75594, 52.6019801 ], [ -81.66198, 52.5108199 ], [ -81.6208399, 52.48183 ], [ -81.5685899, 52.4656999 ], [ -81.53603, 52.44407 ], [ -81.53215, 52.40078 ], [ -81.5441199, 52.3687 ], [ -81.50739, 52.32377 ], [ -81.55228, 52.3020399 ], [ -81.6261501, 52.2942401 ], [ -81.6620799, 52.26548 ], [ -81.7592399, 52.25682 ], [ -81.83408, 52.2395301 ], [ -81.87249, 52.24028 ], [ -81.93303, 52.20138 ], [ -81.96163, 52.1929501 ], [ -81.9393301, 52.16379 ], [ -81.8796301, 52.16835 ], [ -81.84277, 52.19168 ], [ -81.7878901, 52.2005201 ], [ -81.77251, 52.2277799 ], [ -81.6643999, 52.22524 ], [ -81.50881, 52.22883 ], [ -81.4480499, 52.2030701 ], [ -81.4264701, 52.17112 ], [ -81.3646601, 52.1053401 ], [ -81.3050999, 52.09565 ], [ -81.2688101, 52.07908 ], [ -81.1951201, 52.06103 ], [ -81.15971, 52.0418701 ], [ -81.1019699, 52.04859 ], [ -80.9893499, 52.0143001 ], [ -80.9449701, 51.9691899 ], [ -80.91767, 51.92561 ], [ -80.88168, 51.8956 ], [ -80.7978999, 51.8783201 ], [ -80.7535299, 51.8531199 ], [ -80.7292901, 51.8230899 ], [ -80.6530499, 51.79009 ], [ -80.63943, 51.76186 ], [ -80.5658699, 51.70318 ], [ -80.5669501, 51.67602 ], [ -80.5118499, 51.54819 ], [ -80.4871599, 51.5140001 ], [ -80.4464799, 51.4987 ], [ -80.4261101, 51.4699 ], [ -80.4262399, 51.41069 ], [ -80.4088265, 51.3650184 ], [ -80.38514, 51.34283 ], [ -80.3467702, 51.3454061 ], [ -80.3117199, 51.3273 ], [ -80.1993399, 51.2978899 ], [ -80.12711, 51.2910901 ], [ -80.00649, 51.25515 ], [ -79.91096, 51.18433 ], [ -79.8685501, 51.16754 ], [ -79.78845, 51.1598199 ], [ -79.7299299, 51.2350501 ], [ -79.6927186, 51.2665246 ], [ -79.69394, 51.29513 ], [ -79.73453, 51.3204401 ], [ -79.7383999, 51.35072 ], [ -79.6091901, 51.4279401 ], [ -79.56733, 51.46857 ], [ -79.5204, 51.47324 ], [ -79.53707, 51.55495 ], [ -79.49018, 51.56819 ], [ -79.3765199, 51.63023 ], [ -79.35779, 51.6584201 ], [ -79.3093301, 51.65414 ], [ -79.22246, 51.6262099 ], [ -79.2498699, 51.5879201 ], [ -79.24606, 51.54277 ], [ -79.18878, 51.52561 ], [ -79.0952101, 51.53297 ], [ -78.98987, 51.47073 ], [ -78.94729, 51.32698 ], [ -78.95153, 51.3049999 ], [ -78.92363, 51.2755499 ], [ -78.9505517, 51.2484894 ], [ -78.95154, 51.22221 ], [ -78.93027, 51.18211 ], [ -78.8983499, 51.16642 ], [ -78.8614299, 51.18497 ], [ -78.91917, 51.22011 ], [ -78.9251299, 51.25122 ], [ -78.90203, 51.3056601 ], [ -78.8758799, 51.3272301 ], [ -78.86657, 51.36039 ], [ -78.8987501, 51.3817299 ], [ -78.79263, 51.4633299 ], [ -78.7782699, 51.49292 ], [ -78.82481, 51.5069901 ], [ -78.8188599, 51.54028 ], [ -78.8454099, 51.60145 ], [ -78.88238, 51.63825 ], [ -78.94484, 51.6598601 ], [ -78.94653, 51.69526 ], [ -78.9919499, 51.70348 ], [ -78.9963999, 51.73329 ], [ -79.0317499, 51.7461699 ], [ -79.02567, 51.77197 ], [ -78.9744801, 51.7990401 ], [ -78.94053, 51.79101 ], [ -78.8568501, 51.82104 ], [ -78.8369599, 51.86527 ], [ -78.87124, 51.9020299 ], [ -78.85913, 51.93897 ], [ -78.7870599, 51.9624999 ], [ -78.7547999, 51.9606099 ], [ -78.70984, 51.9879301 ], [ -78.7051199, 52.03961 ], [ -78.66035, 52.0533399 ], [ -78.65003, 52.08363 ], [ -78.59298, 52.10017 ], [ -78.5410001, 52.1826399 ], [ -78.5485572, 52.2344286 ], [ -78.51773, 52.25597 ], [ -78.55465, 52.2680199 ], [ -78.5574799, 52.29255 ], [ -78.52408, 52.30685 ], [ -78.50649, 52.3595299 ], [ -78.5301199, 52.3636101 ], [ -78.51751, 52.4130701 ], [ -78.54807, 52.43626 ], [ -78.51472, 52.4514499 ], [ -78.57488, 52.5169 ], [ -78.66327, 52.51367 ], [ -78.7186699, 52.52245 ], [ -78.75488, 52.57055 ], [ -78.71828, 52.58292 ], [ -78.72329, 52.62005 ], [ -78.77675, 52.63708 ], [ -78.7482399, 52.6878001 ], [ -78.7670399, 52.71609 ], [ -78.8383901, 52.7281699 ], [ -78.86126, 52.7480601 ], [ -78.8320601, 52.7791801 ], [ -78.7631499, 52.77957 ], [ -78.7742501, 52.8023299 ], [ -78.74609, 52.8479199 ], [ -78.82156, 52.85394 ], [ -78.88373, 52.88121 ], [ -78.87123, 52.9460701 ], [ -78.81578, 52.97735 ], [ -78.85116, 53.00874 ], [ -78.8814399, 52.9803299 ], [ -78.96562, 52.9956501 ], [ -78.985, 53.0264599 ], [ -78.9279001, 53.0562301 ], [ -78.98657, 53.0749201 ], [ -78.95163, 53.1117399 ], [ -78.94606, 53.15725 ], [ -78.95833, 53.1771901 ], [ -78.9109901, 53.1945599 ], [ -78.9094599, 53.2611599 ], [ -78.96955, 53.28257 ], [ -78.94998, 53.2985001 ], [ -78.9805099, 53.34925 ], [ -78.9503699, 53.3618 ], [ -78.9622501, 53.40005 ], [ -79.0265299, 53.41908 ], [ -78.9945099, 53.4432599 ], [ -79.0913201, 53.45689 ], [ -79.09217, 53.4763801 ], [ -79.1400201, 53.4917201 ], [ -79.1036799, 53.5165299 ], [ -79.0287, 53.5388899 ], [ -79.02202, 53.5623399 ], [ -78.94564, 53.53992 ], [ -78.93251, 53.5621199 ], [ -78.97918, 53.5943 ], [ -79.0303901, 53.58593 ], [ -79.0704101, 53.59594 ], [ -79.0446101, 53.6229299 ], [ -79.05379, 53.6622799 ], [ -79.0168401, 53.6820501 ], [ -79.1034499, 53.68998 ], [ -79.12595, 53.71301 ], [ -79.03823, 53.7234001 ], [ -79.06982, 53.74094 ], [ -79.04345, 53.76896 ], [ -79.06484, 53.80698 ], [ -79.02132, 53.8165 ], [ -78.9550101, 53.80899 ], [ -78.93797, 53.83867 ], [ -79.02512, 53.8461599 ], [ -79.0599999, 53.8415999 ], [ -79.1014401, 53.8926101 ], [ -79.0355001, 53.9020601 ], [ -79.08117, 53.92803 ], [ -79.08694, 53.95361 ], [ -79.07114, 53.99486 ], [ -78.9662699, 54.00543 ], [ -79.0719999, 54.03267 ], [ -79.1331101, 54.08679 ], [ -79.05916, 54.10279 ], [ -79.1079099, 54.14251 ], [ -79.08662, 54.1642 ], [ -79.2033999, 54.1607899 ], [ -79.22859, 54.18277 ], [ -79.2991101, 54.17251 ], [ -79.3633601, 54.1821201 ], [ -79.3499101, 54.20166 ], [ -79.28186, 54.2199101 ], [ -79.3204501, 54.2492801 ], [ -79.3746199, 54.25131 ], [ -79.41677, 54.2700601 ], [ -79.4154199, 54.29412 ], [ -79.45495, 54.3201199 ], [ -79.49395, 54.3739001 ], [ -79.49194, 54.405 ], [ -79.43178, 54.405 ], [ -79.4005101, 54.41868 ], [ -79.3633899, 54.4130599 ], [ -79.33784, 54.4259 ], [ -79.29126, 54.4261501 ], [ -79.27005, 54.4394199 ], [ -79.2015199, 54.4489301 ], [ -79.0794101, 54.4465299 ], [ -79.01469, 54.48046 ], [ -79.04433, 54.49093 ], [ -79.08014, 54.46871 ], [ -79.1711401, 54.4696101 ], [ -79.19477, 54.4524099 ], [ -79.33508, 54.4290699 ], [ -79.3615099, 54.4163601 ], [ -79.40702, 54.42057 ], [ -79.42994, 54.4071501 ], [ -79.4728899, 54.4271699 ], [ -79.50131, 54.46057 ], [ -79.4965, 54.49625 ], [ -79.53788, 54.5575899 ], [ -79.51554, 54.57807 ], [ -79.5671601, 54.6148 ], [ -79.6446799, 54.63287 ], [ -79.7161301, 54.63557 ], [ -79.6536501, 54.68215 ], [ -79.59866, 54.6999701 ], [ -79.56156, 54.72348 ], [ -79.52933, 54.7214301 ], [ -79.3743601, 54.75685 ], [ -79.34151, 54.7585801 ], [ -79.2264199, 54.79743 ], [ -79.1896199, 54.7973899 ], [ -79.1035401, 54.8177299 ], [ -79.06262, 54.8199 ], [ -78.9397801, 54.8537401 ], [ -78.93162, 54.87448 ], [ -78.8378499, 54.9083301 ], [ -78.78241, 54.9056601 ], [ -78.7123299, 54.93421 ], [ -78.67938, 54.93461 ], [ -78.5044299, 55.00057 ], [ -78.3912501, 55.0208699 ], [ -78.31669, 55.0421801 ], [ -78.24924, 55.08884 ], [ -78.15817, 55.1290201 ], [ -78.1315699, 55.14762 ], [ -78.0328199, 55.176 ], [ -77.97148, 55.2054901 ], [ -77.91813, 55.2172801 ], [ -77.8490499, 55.2538899 ], [ -77.75037, 55.26691 ], [ -77.7715599, 55.28129 ], [ -77.71657, 55.33044 ], [ -77.6383699, 55.37776 ], [ -77.5817, 55.3848599 ], [ -77.49055, 55.43824 ], [ -77.41597, 55.4934 ], [ -77.31678, 55.5408001 ], [ -77.3057299, 55.56047 ], [ -77.2533799, 55.57758 ], [ -77.2005699, 55.6113299 ], [ -77.1534101, 55.6593 ], [ -77.1267101, 55.6600199 ], [ -77.09533, 55.74253 ], [ -77.0011199, 55.80481 ], [ -76.9936599, 55.82337 ], [ -76.8843699, 55.91089 ], [ -76.83075, 55.9293801 ], [ -76.7959899, 55.9867499 ], [ -76.7159301, 56.0255401 ], [ -76.69039, 56.04818 ], [ -76.68439, 56.08897 ], [ -76.64103, 56.1464099 ], [ -76.65927, 56.16512 ], [ -76.51821, 56.1499 ], [ -76.3847301, 56.1121599 ], [ -76.32765, 56.1053601 ], [ -76.29227, 56.11624 ], [ -76.1446966, 56.0997065 ], [ -76.0801535, 56.1010193 ], [ -76.0578369, 56.1231171 ], [ -76.00664, 56.1320875 ], [ -75.9532551, 56.1172097 ], [ -75.9605464, 56.186017 ], [ -76.1152721, 56.2556743 ], [ -76.16278, 56.26042 ], [ -76.22579, 56.2883601 ], [ -76.2099699, 56.31246 ], [ -76.3073601, 56.3445101 ], [ -76.29743, 56.37803 ], [ -76.24161, 56.39307 ], [ -76.2436501, 56.4128899 ], [ -76.3121401, 56.41641 ], [ -76.3452701, 56.47163 ], [ -76.32945, 56.5022701 ], [ -76.39804, 56.5038201 ], [ -76.3880601, 56.45272 ], [ -76.45696, 56.40993 ], [ -76.4097699, 56.37668 ], [ -76.4414, 56.3527499 ], [ -76.38271, 56.33676 ], [ -76.39625, 56.3037101 ], [ -76.4538901, 56.2750101 ], [ -76.4636899, 56.24839 ], [ -76.5109399, 56.2392399 ], [ -76.49862, 56.21225 ], [ -76.5438, 56.1986301 ], [ -76.52542, 56.15814 ], [ -76.6543499, 56.16826 ], [ -76.6511399, 56.1895499 ], [ -76.6145, 56.2028501 ], [ -76.6247501, 56.23908 ], [ -76.57671, 56.2673599 ], [ -76.54811, 56.29999 ], [ -76.5528599, 56.3488401 ], [ -76.5271799, 56.3814299 ], [ -76.53331, 56.41337 ], [ -76.51874, 56.4591301 ], [ -76.5503801, 56.4751301 ], [ -76.5564901, 56.5565 ], [ -76.5340499, 56.5979999 ], [ -76.5392799, 56.65811 ], [ -76.5330699, 56.8256601 ], [ -76.55145, 56.91403 ], [ -76.5689401, 56.9407 ], [ -76.56254, 57.00608 ], [ -76.57137, 57.0206999 ], [ -76.55076, 57.0950799 ], [ -76.58104, 57.1378501 ], [ -76.5905043, 57.1961081 ], [ -76.65938, 57.36717 ], [ -76.6945999, 57.40652 ], [ -76.7109101, 57.44756 ], [ -76.768, 57.48233 ], [ -76.78981, 57.53925 ], [ -76.82162, 57.56619 ], [ -76.84493, 57.6124601 ], [ -76.8381299, 57.6432799 ], [ -76.8572301, 57.6806399 ], [ -76.88444, 57.69381 ], [ -76.9280599, 57.7676701 ], [ -76.94348, 57.7692301 ], [ -77.0355601, 57.8556001 ], [ -77.04883, 57.8949601 ], [ -77.1599601, 57.96763 ], [ -77.25185, 58.0496499 ], [ -77.3434001, 58.09051 ], [ -77.3679701, 58.08915 ], [ -77.4093401, 58.12897 ], [ -77.4762601, 58.1445899 ], [ -77.4540201, 58.1662699 ], [ -77.50924, 58.1933701 ], [ -77.51701, 58.22779 ], [ -77.58283, 58.2250601 ], [ -77.60541, 58.2449601 ], [ -77.67744, 58.2757401 ], [ -77.7616599, 58.2867601 ], [ -77.8273, 58.3140099 ], [ -77.9090601, 58.3376601 ], [ -77.9584599, 58.3401101 ], [ -78.0263, 58.36319 ], [ -78.06142, 58.3893601 ], [ -78.04791, 58.4226001 ], [ -78.0919501, 58.45101 ], [ -78.1642499, 58.44815 ], [ -78.2249301, 58.50262 ], [ -78.3025499, 58.5113201 ], [ -78.3537601, 58.5785901 ], [ -78.4341401, 58.6025001 ], [ -78.42932, 58.5644999 ], [ -78.39406, 58.5707001 ], [ -78.3500099, 58.53088 ], [ -78.4251601, 58.54098 ], [ -78.47503, 58.5898599 ], [ -78.4867699, 58.6176201 ], [ -78.57817, 58.65881 ], [ -78.50158, 58.6681099 ], [ -78.51103, 58.7353799 ], [ -78.5596, 58.75575 ], [ -78.57687, 58.7837399 ], [ -78.4773199, 58.75546 ], [ -78.4120301, 58.6924499 ], [ -78.3803599, 58.72433 ], [ -78.4907, 58.76123 ], [ -78.5265501, 58.79777 ], [ -78.5788001, 58.8974699 ], [ -78.5459901, 58.93475 ], [ -78.5150801, 58.9029199 ], [ -78.47903, 58.89505 ], [ -78.39332, 58.90961 ], [ -78.3324301, 58.92898 ], [ -78.34581, 58.94821 ], [ -78.2929, 58.9909 ], [ -78.31584, 59.05002 ], [ -78.22119, 59.04649 ], [ -78.22901, 59.0881399 ], [ -78.16229, 59.0977099 ], [ -78.16907, 59.1332 ], [ -78.11892, 59.149 ], [ -78.13691, 59.1721899 ], [ -78.1245399, 59.20461 ], [ -77.98676, 59.23036 ], [ -77.99516, 59.25781 ], [ -77.87801, 59.26226 ], [ -77.8659, 59.29377 ], [ -77.7968901, 59.3129399 ], [ -77.7955899, 59.36111 ], [ -77.7458, 59.3688301 ], [ -77.7548799, 59.3973199 ], [ -77.8025, 59.4145 ], [ -77.85198, 59.41738 ], [ -77.93806, 59.39615 ], [ -77.92257, 59.4290099 ], [ -77.86311, 59.42418 ], [ -77.8938699, 59.47843 ], [ -77.88777, 59.50712 ], [ -77.8416901, 59.52235 ], [ -77.78082, 59.52378 ], [ -77.75404, 59.54765 ], [ -77.6514, 59.5315901 ], [ -77.62453, 59.5231699 ], [ -77.5353299, 59.5097001 ], [ -77.47701, 59.4907199 ], [ -77.43942, 59.5139499 ], [ -77.46622, 59.54981 ], [ -77.53559, 59.54669 ], [ -77.54836, 59.5222501 ], [ -77.60271, 59.5211799 ], [ -77.6253699, 59.5273801 ], [ -77.69847, 59.54023 ], [ -77.7511901, 59.55591 ], [ -77.7365399, 59.5713199 ], [ -77.7543201, 59.6065401 ], [ -77.7863401, 59.6212299 ], [ -77.8201, 59.6740299 ], [ -77.72689, 59.68573 ], [ -77.6915099, 59.66777 ], [ -77.5947, 59.6594799 ], [ -77.4829599, 59.6264301 ], [ -77.4852601, 59.66774 ], [ -77.55284, 59.67464 ], [ -77.5256399, 59.70333 ], [ -77.57836, 59.7366101 ], [ -77.47085, 59.75046 ], [ -77.4572401, 59.7758 ], [ -77.3583199, 59.7878601 ], [ -77.3233901, 59.8042199 ], [ -77.38662, 59.8854 ], [ -77.4374601, 59.89087 ], [ -77.45684, 59.91176 ], [ -77.4043499, 59.9263099 ], [ -77.3784599, 59.9492999 ], [ -77.32304, 59.95234 ], [ -77.28265, 59.9736499 ], [ -77.32311, 59.99714 ], [ -77.3104901, 60.0140001 ], [ -77.42674, 60.04417 ], [ -77.52369, 60.04018 ], [ -77.6006701, 60.04931 ], [ -77.60807, 60.1072999 ], [ -77.4870301, 60.13113 ], [ -77.55848, 60.17214 ], [ -77.5134901, 60.20884 ], [ -77.51392, 60.24122 ], [ -77.57329, 60.26287 ], [ -77.5420701, 60.2821601 ], [ -77.5977899, 60.3054099 ], [ -77.65352, 60.36574 ], [ -77.71312, 60.3645499 ], [ -77.7744401, 60.4047801 ], [ -77.69915, 60.43307 ], [ -77.6957, 60.4601501 ], [ -77.65279, 60.48713 ], [ -77.5903301, 60.4977 ], [ -77.5812001, 60.53948 ], [ -77.51723, 60.53891 ], [ -77.51533, 60.5612199 ], [ -77.5954401, 60.56148 ], [ -77.66186, 60.54071 ], [ -77.7181899, 60.5616 ], [ -77.72916, 60.5807 ], [ -77.79842, 60.5932301 ], [ -77.82433, 60.6216099 ], [ -77.83075, 60.6593701 ], [ -77.7006201, 60.69688 ], [ -77.67179, 60.7427799 ], [ -77.63619, 60.7583301 ], [ -77.7873499, 60.78472 ], [ -77.8772701, 60.75952 ], [ -77.8975399, 60.7870001 ], [ -77.9804699, 60.7831299 ], [ -78.07725, 60.7918199 ], [ -78.10456, 60.80842 ], [ -78.21421, 60.7801399 ], [ -78.22453, 60.8090299 ], [ -78.19231, 60.8598301 ], [ -78.14063, 60.87999 ], [ -78.1369901, 60.8970799 ], [ -78.0717301, 60.93817 ], [ -77.9905899, 60.97008 ], [ -77.98806, 60.9936999 ], [ -77.91481, 61.03422 ], [ -77.8288299, 61.05269 ], [ -77.81899, 61.10538 ], [ -77.82518, 61.1480099 ], [ -77.76347, 61.18743 ], [ -77.72515, 61.1859101 ], [ -77.7183901, 61.2183 ], [ -77.76628, 61.23153 ], [ -77.7439801, 61.259 ], [ -77.77794, 61.33051 ], [ -77.7624599, 61.3694899 ], [ -77.81921, 61.4428201 ], [ -77.8006, 61.4619 ], [ -77.7239601, 61.4359301 ], [ -77.72413, 61.4224901 ], [ -77.69603, 61.41587 ], [ -77.64798, 61.3846901 ], [ -77.62398, 61.3975701 ], [ -77.7118501, 61.4258 ], [ -77.69376, 61.4638 ], [ -77.6216899, 61.45944 ], [ -77.56035, 61.4778899 ], [ -77.6254799, 61.5044201 ], [ -77.70436, 61.51503 ], [ -77.69279, 61.53319 ], [ -77.62074, 61.5563501 ], [ -77.49465, 61.5297899 ], [ -77.50498, 61.55162 ], [ -77.59483, 61.57374 ], [ -77.60182, 61.5930699 ], [ -77.72637, 61.5919101 ], [ -77.7294199, 61.6143899 ], [ -77.7776, 61.6420899 ], [ -77.7937801, 61.6781099 ], [ -77.8945795, 61.6849801 ], [ -77.9392795, 61.6789 ], [ -78.0208299, 61.7272 ], [ -78.0130299, 61.7631301 ], [ -78.04899, 61.79387 ], [ -78.0605901, 61.8394299 ], [ -78.08111, 61.84857 ], [ -78.0860799, 61.9388001 ], [ -78.1443101, 61.99609 ], [ -78.1526799, 62.1163301 ], [ -78.17694, 62.1316701 ], [ -78.14916, 62.21482 ], [ -78.16693, 62.23873 ], [ -78.13483, 62.28774 ], [ -78.10158, 62.31329 ], [ -78.08312, 62.3619301 ], [ -77.9396, 62.3929401 ], [ -77.94103, 62.4159501 ], [ -77.8193, 62.43357 ], [ -77.7702001, 62.4639901 ], [ -77.7217301, 62.46904 ], [ -77.69446, 62.49799 ], [ -77.62986, 62.52162 ], [ -77.5771001, 62.5265701 ], [ -77.5201601, 62.55422 ], [ -77.5162901, 62.574 ], [ -77.42251, 62.58078 ], [ -77.37728, 62.55647 ], [ -77.31136, 62.55745 ], [ -77.25617, 62.54619 ], [ -77.02317, 62.52699 ], [ -76.9263901, 62.5378201 ], [ -76.8678099, 62.52275 ], [ -76.8141099, 62.5232 ], [ -76.7193601, 62.5029101 ], [ -76.7055999, 62.4849099 ], [ -76.6360199, 62.4767899 ], [ -76.5906499, 62.44507 ], [ -76.5398301, 62.45025 ], [ -76.2811201, 62.41346 ], [ -76.19058, 62.3840699 ], [ -76.11432, 62.37869 ], [ -76.0149699, 62.3412 ], [ -75.9492601, 62.35177 ], [ -75.87741, 62.32321 ], [ -75.6596, 62.2969099 ], [ -75.5764601, 62.26005 ], [ -75.6824399, 62.23834 ], [ -75.7432312, 62.2033354 ], [ -75.788942, 62.2041518 ], [ -75.8663001, 62.17591 ], [ -75.8005001, 62.16121 ], [ -75.78366, 62.18689 ], [ -75.72785, 62.18835 ], [ -75.6398501, 62.2214001 ], [ -75.5244799, 62.25335 ], [ -75.51463, 62.2713 ], [ -75.434148, 62.3142258 ], [ -75.3107798, 62.313065 ], [ -75.2694742, 62.297845 ], [ -75.1388111, 62.2872101 ], [ -75.0759601, 62.2694201 ], [ -74.9672599, 62.26547 ], [ -74.91515, 62.25304 ], [ -74.8483701, 62.22126 ], [ -74.73904, 62.15612 ], [ -74.6358299, 62.1195601 ], [ -74.63501, 62.14245 ], [ -74.73449, 62.2072701 ], [ -74.7066301, 62.25506 ], [ -74.60561, 62.2595401 ], [ -74.51203, 62.2428701 ], [ -74.42206, 62.24291 ], [ -74.2963099, 62.27303 ], [ -74.26234, 62.31532 ], [ -74.18803, 62.33819 ], [ -74.1520578, 62.3259473 ], [ -74.0439335, 62.3531327 ], [ -73.9803866, 62.376219 ], [ -73.9066537, 62.4339922 ], [ -73.8311811, 62.458197 ], [ -73.7118972, 62.4824762 ], [ -73.6721962, 62.479929 ], [ -73.6145081, 62.4421415 ], [ -73.5975386, 62.4153623 ], [ -73.5367053, 62.37866 ], [ -73.5012968, 62.3924834 ], [ -73.4187336, 62.3689263 ], [ -73.3824771, 62.3731921 ], [ -73.3243686, 62.3474738 ], [ -73.3178545, 62.3306409 ], [ -73.207367, 62.3195366 ], [ -73.1850578, 62.3018464 ], [ -73.2099676, 62.2758126 ], [ -73.0534873, 62.2025653 ], [ -73.0572639, 62.1821455 ], [ -73.0002358, 62.1750639 ], [ -72.8396599, 62.12364 ], [ -72.7523791, 62.1434952 ], [ -72.6955075, 62.1361614 ], [ -72.6121478, 62.1114565 ], [ -72.60024, 62.0823201 ], [ -72.63193, 62.06803 ], [ -72.59165, 62.01512 ], [ -72.6050701, 61.9657001 ], [ -72.66806, 61.9596099 ], [ -72.64605, 61.88552 ], [ -72.61011, 61.90819 ], [ -72.5961999, 61.94711 ], [ -72.56553, 61.9500301 ], [ -72.3948499, 61.89917 ], [ -72.2665301, 61.8897601 ], [ -72.2135299, 61.87603 ], [ -72.13898, 61.80909 ], [ -72.2162701, 61.76818 ], [ -72.204, 61.7427099 ], [ -72.1167801, 61.7688101 ], [ -72.02922, 61.7296899 ], [ -72.01467, 61.69327 ], [ -71.9801699, 61.66368 ], [ -72.06395, 61.6030599 ], [ -71.9722599, 61.5953701 ], [ -71.94839, 61.63826 ], [ -71.91229, 61.6549 ], [ -71.89661, 61.70592 ], [ -71.8099201, 61.6957 ], [ -71.6784299, 61.65891 ], [ -71.6411799, 61.6578501 ], [ -71.5546701, 61.6208399 ], [ -71.5207601, 61.58076 ], [ -71.5993501, 61.55728 ], [ -71.73138, 61.5512401 ], [ -71.7722401, 61.5280199 ], [ -71.7693599, 61.4656101 ], [ -71.8559401, 61.4438499 ], [ -71.82299, 61.41957 ], [ -71.76042, 61.4250799 ], [ -71.71961, 61.41054 ], [ -71.64568, 61.4080301 ], [ -71.6975599, 61.30972 ], [ -71.72719, 61.28302 ], [ -71.63267, 61.27248 ], [ -71.5224499, 61.21774 ], [ -71.44713, 61.2252601 ], [ -71.44177, 61.1698099 ], [ -71.3963401, 61.1509099 ], [ -71.2155, 61.16225 ], [ -71.21775, 61.13475 ], [ -71.16, 61.14225 ], [ -71.0855, 61.1235 ], [ -70.983, 61.12675 ], [ -70.9375, 61.11375 ], [ -70.85275, 61.07 ], [ -70.73175, 61.08225 ], [ -70.712, 61.05925 ], [ -70.64375, 61.05075 ], [ -70.59975, 61.027 ], [ -70.4885, 61.06875 ], [ -70.45975, 61.04375 ], [ -70.37725, 61.0885 ], [ -70.3351701, 61.0731601 ], [ -70.25397, 61.0969701 ], [ -70.21982, 61.06811 ], [ -70.1276001, 61.0886201 ], [ -70.10599, 61.05246 ], [ -70.14635, 61.02986 ], [ -70.1526, 61.0060101 ], [ -70.0862401, 60.96126 ], [ -70.09456, 60.9276699 ], [ -70.0811499, 60.8809501 ], [ -70.03794, 60.8440599 ], [ -69.98814, 60.84456 ], [ -69.91409, 60.8038901 ], [ -69.87955, 60.8048901 ], [ -69.8335799, 60.8599499 ], [ -69.7551701, 60.9167 ], [ -69.73658, 60.87381 ], [ -69.6505, 60.874 ], [ -69.6351299, 60.91962 ], [ -69.68361, 60.9495799 ], [ -69.66609, 60.9673201 ], [ -69.67438, 61.01052 ], [ -69.6363399, 61.05881 ], [ -69.59557, 61.08101 ], [ -69.50132, 61.0673099 ], [ -69.4799001, 61.01289 ], [ -69.42239, 60.9294101 ], [ -69.3701799, 60.91601 ], [ -69.3983099, 60.8747301 ], [ -69.37436, 60.8241301 ], [ -69.4276905, 60.8040201 ], [ -69.41371, 60.7870399 ], [ -69.62193, 60.72726 ], [ -69.62157, 60.70858 ], [ -69.6959399, 60.69491 ], [ -69.6682101, 60.6538499 ], [ -69.68666, 60.6389201 ], [ -69.62785, 60.58453 ], [ -69.70253, 60.5418501 ], [ -69.7781701, 60.54424 ], [ -69.8054201, 60.5221999 ], [ -69.7449499, 60.4663801 ], [ -69.70953, 60.4583899 ], [ -69.7592801, 60.4143501 ], [ -69.7198101, 60.4079199 ], [ -69.6897901, 60.37072 ], [ -69.76254, 60.31044 ], [ -69.68008, 60.28875 ], [ -69.68362, 60.26096 ], [ -69.5985101, 60.22529 ], [ -69.5943199, 60.16479 ], [ -69.6323299, 60.13838 ], [ -69.60137, 60.11447 ], [ -69.6266699, 60.0969499 ], [ -69.61773, 60.0711499 ], [ -69.6766999, 60.0745701 ], [ -69.7633099, 60.05542 ], [ -69.8306699, 60.0676801 ], [ -69.83695, 59.9924 ], [ -69.88762, 60.00536 ], [ -70.07955, 60.0216 ], [ -70.1269, 60.0155799 ], [ -70.24799, 60.02716 ], [ -70.28357, 60.00839 ], [ -70.39851, 60.00671 ], [ -70.5216001, 59.9934499 ], [ -70.5945699, 60.00206 ], [ -70.6294699, 60.02582 ], [ -70.71311, 60.02118 ], [ -70.7952499, 60.03174 ], [ -70.96875, 60.0802 ], [ -70.95682, 60.06042 ], [ -70.90823, 60.05242 ], [ -70.79117, 60.01797 ], [ -70.5104199, 59.9723299 ], [ -70.3721099, 59.98626 ], [ -70.2902, 59.98171 ], [ -70.2203201, 59.9981099 ], [ -70.1729601, 59.97372 ], [ -70.0744701, 59.95971 ], [ -69.92053, 59.9665 ], [ -69.8742699, 59.9544001 ], [ -69.7863199, 59.9685201 ], [ -69.7199201, 59.9669799 ], [ -69.70634, 59.9281601 ], [ -69.73442, 59.90676 ], [ -69.6734601, 59.89109 ], [ -69.54733, 59.87056 ], [ -69.58905, 59.84082 ], [ -69.5723801, 59.81748 ], [ -69.59522, 59.78795 ], [ -69.55934, 59.7361501 ], [ -69.6378801, 59.70841 ], [ -69.6375301, 59.68999 ], [ -69.5057099, 59.67674 ], [ -69.5187001, 59.6175699 ], [ -69.5589499, 59.5923199 ], [ -69.6401299, 59.58734 ], [ -69.6708099, 59.5567301 ], [ -69.7479301, 59.50999 ], [ -69.73877, 59.48253 ], [ -69.6935601, 59.48599 ], [ -69.65637, 59.46262 ], [ -69.62951, 59.3570501 ], [ -69.7238201, 59.34799 ], [ -69.76111, 59.32333 ], [ -69.6200999, 59.29388 ], [ -69.5975299, 59.3195801 ], [ -69.4926899, 59.34075 ], [ -69.45785, 59.35854 ], [ -69.35091, 59.34197 ], [ -69.3606199, 59.3130301 ], [ -69.3125, 59.3064999 ], [ -69.2686799, 59.33424 ], [ -69.24346, 59.31074 ], [ -69.22971, 59.2380801 ], [ -69.41503, 59.19692 ], [ -69.4421099, 59.2267799 ], [ -69.4962, 59.2035499 ], [ -69.53122, 59.1448 ], [ -69.51142, 59.1198001 ], [ -69.4365499, 59.10407 ], [ -69.37458, 59.12487 ], [ -69.3476001, 59.09116 ], [ -69.39636, 59.07106 ], [ -69.43361, 59.0289601 ], [ -69.47631, 59.02958 ], [ -69.4621199, 58.9891899 ], [ -69.46759, 58.9538499 ], [ -69.4429801, 58.9081201 ], [ -69.44861, 58.8845501 ], [ -69.52145, 58.86252 ], [ -69.5468, 58.80956 ], [ -69.66104, 58.79815 ], [ -69.69087, 58.8223099 ], [ -69.69728, 58.87117 ], [ -69.66827, 58.9171399 ], [ -69.70299, 58.98222 ], [ -69.74799, 58.98811 ], [ -69.77102, 58.96443 ], [ -69.8218601, 59.03962 ], [ -69.8602201, 58.97411 ], [ -69.8234, 58.9579599 ], [ -69.7965201, 58.9102699 ], [ -69.78947, 58.8284001 ], [ -69.8843799, 58.8334201 ], [ -69.973, 58.8073099 ], [ -70.01959, 58.8229501 ], [ -70.0684701, 58.7673899 ], [ -70.01551, 58.7339001 ], [ -69.9454099, 58.77232 ], [ -69.9001301, 58.77443 ], [ -69.92843, 58.6900199 ], [ -69.8832301, 58.6911001 ], [ -69.83149, 58.7173 ], [ -69.7806, 58.6971399 ], [ -69.83227, 58.6778801 ], [ -69.86206, 58.6497799 ], [ -69.8585799, 58.61857 ], [ -69.81092, 58.5840699 ], [ -69.75398, 58.62614 ], [ -69.7251599, 58.6797999 ], [ -69.6773401, 58.71027 ], [ -69.6421199, 58.7078901 ], [ -69.6098501, 58.7620599 ], [ -69.57201, 58.78167 ], [ -69.50497, 58.78247 ], [ -69.4406699, 58.80447 ], [ -69.40427, 58.83479 ], [ -69.41214, 58.8531901 ], [ -69.32695, 58.8797999 ], [ -69.2913301, 58.8775799 ], [ -69.2519701, 58.9039001 ], [ -69.1875199, 58.87726 ], [ -69.1431401, 58.90343 ], [ -69.0565401, 58.89351 ], [ -69.00166, 58.90005 ], [ -68.9435801, 58.87739 ], [ -68.85481, 58.88807 ], [ -68.79134, 58.91639 ], [ -68.74051, 58.89761 ], [ -68.66034, 58.9026701 ], [ -68.5812401, 58.8984799 ], [ -68.54018, 58.8619901 ], [ -68.46427, 58.8183099 ], [ -68.34998, 58.78157 ], [ -68.3822699, 58.7256701 ], [ -68.33582, 58.6706599 ], [ -68.33107, 58.5851401 ], [ -68.28445, 58.5879599 ], [ -68.27027, 58.56253 ], [ -68.2851901, 58.5275601 ], [ -68.1821599, 58.5384601 ], [ -68.1106301, 58.5213499 ], [ -68.03243, 58.51797 ], [ -68.0173701, 58.56675 ], [ -67.9621101, 58.56298 ], [ -67.9444699, 58.5142 ], [ -67.90178, 58.4948999 ], [ -67.95041, 58.43004 ], [ -67.9096401, 58.3912899 ], [ -67.9199899, 58.37167 ], [ -67.84647, 58.3101001 ], [ -67.82007, 58.35799 ], [ -67.83911, 58.3714701 ], [ -67.80306, 58.4717501 ], [ -67.7168, 58.45171 ], [ -67.7043199, 58.4062801 ], [ -67.7463299, 58.30839 ], [ -67.6927301, 58.27124 ], [ -67.64646, 58.2615499 ], [ -67.6686299, 58.21442 ], [ -67.59182, 58.2061699 ], [ -67.54773, 58.2287201 ], [ -67.50471, 58.27072 ], [ -67.4204, 58.2981199 ], [ -67.3718, 58.27626 ], [ -67.34483, 58.3127801 ], [ -67.26887, 58.3440399 ], [ -67.21694, 58.34051 ], [ -67.1733399, 58.38342 ], [ -67.1200899, 58.36729 ], [ -67.06522, 58.3815801 ], [ -67.06822, 58.40236 ], [ -67.0124301, 58.42301 ], [ -66.99886, 58.45993 ], [ -66.9231701, 58.50072 ], [ -66.87096, 58.47016 ], [ -66.89744, 58.4483199 ], [ -66.8534501, 58.4248 ], [ -66.8114, 58.4497 ], [ -66.80694, 58.4977601 ], [ -66.70897, 58.4998901 ], [ -66.64341, 58.49281 ], [ -66.6585899, 58.5364899 ], [ -66.62462, 58.5826001 ], [ -66.6129901, 58.6202801 ], [ -66.56868, 58.6501801 ], [ -66.5735, 58.66948 ], [ -66.52954, 58.70705 ], [ -66.4720101, 58.7268001 ], [ -66.4476501, 58.7770301 ], [ -66.46141, 58.81814 ], [ -66.42147, 58.8373199 ], [ -66.3381799, 58.8476699 ], [ -66.2636899, 58.79925 ], [ -66.2387501, 58.79948 ], [ -66.1623099, 58.7414799 ], [ -66.1029001, 58.71839 ], [ -66.10829, 58.69495 ], [ -66.02805, 58.65214 ], [ -65.9768201, 58.65894 ], [ -65.9837101, 58.6274101 ], [ -65.9269499, 58.6239899 ], [ -65.9401, 58.6782299 ], [ -66.01847, 58.69239 ], [ -66.0397, 58.71465 ], [ -66.0334499, 58.7649599 ], [ -66.06583, 58.7785001 ], [ -66.0842599, 58.81747 ], [ -66.0306699, 58.8378899 ], [ -66.0282199, 58.85781 ], [ -65.97777, 58.86305 ], [ -65.9331699, 58.84435 ], [ -65.8505401, 58.82494 ], [ -65.8018501, 58.85802 ], [ -65.93352, 58.88353 ], [ -65.99833, 58.9063699 ], [ -65.97726, 58.92043 ], [ -65.85751, 58.94541 ], [ -65.8347, 58.9663999 ], [ -65.86914, 58.9989401 ], [ -65.76888, 58.98345 ], [ -65.71373, 58.95722 ], [ -65.6525, 58.9441501 ], [ -65.66162, 58.9757101 ], [ -65.76469, 58.9992901 ], [ -65.6880299, 59.05994 ], [ -65.6201801, 59.04391 ], [ -65.5925001, 59.05907 ], [ -65.4915799, 59.07282 ], [ -65.35153, 59.0465 ], [ -65.34399, 59.0671199 ], [ -65.43268, 59.06971 ], [ -65.4536499, 59.0848099 ], [ -65.5232401, 59.08398 ], [ -65.62923, 59.0712499 ], [ -65.6515201, 59.1119001 ], [ -65.71954, 59.15658 ], [ -65.6934699, 59.19912 ], [ -65.7394601, 59.2373399 ], [ -65.7332699, 59.2723 ], [ -65.67807, 59.2701201 ], [ -65.59201, 59.23703 ], [ -65.52262, 59.2650299 ], [ -65.50727, 59.2909299 ], [ -65.5571501, 59.30532 ], [ -65.57099, 59.34602 ], [ -65.60159, 59.3822901 ], [ -65.54866, 59.38589 ], [ -65.44527, 59.34409 ], [ -65.42069, 59.3931999 ], [ -65.4589701, 59.4503499 ], [ -65.5110199, 59.47406 ], [ -65.3929301, 59.47641 ], [ -65.2422099, 59.4877901 ], [ -65.2667401, 59.50452 ], [ -65.3470399, 59.5112899 ], [ -65.3823801, 59.49811 ], [ -65.4320999, 59.55223 ], [ -65.43193, 59.5847599 ], [ -65.5057801, 59.65788 ], [ -65.53575, 59.70953 ], [ -65.53398, 59.74657 ], [ -65.46461, 59.7553099 ], [ -65.44869, 59.78736 ], [ -65.39478, 59.8076799 ], [ -65.3391599, 59.8551499 ], [ -65.28951, 59.8364401 ], [ -65.2230699, 59.8391101 ], [ -65.2132999, 59.8720499 ], [ -65.18457, 59.8958201 ], [ -65.2296399, 59.91836 ], [ -65.1601201, 59.92746 ], [ -65.1421399, 59.9648699 ], [ -65.0905301, 59.9966699 ], [ -65.1411, 60.0199199 ], [ -65.11571, 60.0628299 ], [ -65.0408, 60.06043 ], [ -65.0709701, 60.1047499 ], [ -65.0211799, 60.1247201 ], [ -64.9751375, 60.1606762 ], [ -64.9650786, 60.1842189 ], [ -64.8919622, 60.2046265 ], [ -64.9496171, 60.2176764 ], [ -64.9430747, 60.2701297 ], [ -64.8714379, 60.2849992 ], [ -64.810494, 60.3101125 ], [ -64.8389691, 60.3718041 ], [ -64.712206, 60.3406355 ], [ -64.6736906, 60.3506489 ], [ -64.5795165, 60.3299264 ], [ -64.5016984, 60.2913254 ], [ -64.4156611, 60.2710949 ], [ -64.4466505, 60.2491129 ], [ -64.5539553, 60.2860864 ], [ -64.6254082, 60.290809 ], [ -64.7261656, 60.265868 ], [ -64.7170021, 60.2492834 ], [ -64.5771413, 60.2794778 ], [ -64.5102206, 60.2510832 ], [ -64.3966508, 60.2244787 ], [ -64.3677198, 60.1972016 ], [ -64.368772, 60.1649928 ], [ -64.4018529, 60.1589018 ], [ -64.4863832, 60.120551 ], [ -64.4919358, 60.080062 ], [ -64.4474974, 60.0642841 ], [ -64.4176967, 60.0874935 ], [ -64.4199452, 60.1152543 ], [ -64.3668144, 60.1309902 ], [ -64.358825, 60.0469044 ], [ -64.4083233, 59.9859619 ], [ -64.3964499, 59.9355456 ], [ -64.4303911, 59.9406298 ], [ -64.5061301, 59.9040877 ], [ -64.4826663, 59.8922952 ], [ -64.4205684, 59.9267188 ], [ -64.3707033, 59.9303279 ], [ -64.3759655, 59.9547836 ], [ -64.3129266, 59.9984685 ], [ -64.3278461, 60.0295531 ], [ -64.2714782, 60.0556053 ], [ -64.1571618, 60.0132997 ], [ -64.1611686, 59.9763451 ], [ -64.2072118, 59.9777429 ], [ -64.2332473, 59.9468319 ], [ -64.1253613, 59.8983178 ], [ -64.1773292, 59.8546638 ], [ -64.1482988, 59.7917637 ], [ -64.1214596, 59.8495984 ], [ -64.0657263, 59.8739075 ], [ -64.0336201, 59.8490289 ], [ -64.0269879, 59.7841651 ], [ -63.94516, 59.7557 ], [ -64.0052438, 59.7183784 ], [ -64.0389833, 59.7199868 ], [ -64.100808, 59.6946087 ], [ -64.1591554, 59.7016981 ], [ -64.155957, 59.726431 ], [ -64.1898509, 59.7411483 ], [ -64.1939478, 59.7687425 ], [ -64.2620013, 59.7963744 ], [ -64.2597267, 59.760971 ], [ -64.1730106, 59.6891736 ], [ -64.0442682, 59.6790398 ], [ -63.9487169, 59.6871114 ], [ -63.914733, 59.6658314 ], [ -63.9564238, 59.6355986 ], [ -63.943642, 59.6115197 ], [ -63.8885547, 59.620169 ], [ -63.8689122, 59.5740431 ], [ -63.7508049, 59.53753 ], [ -63.722061, 59.5000002 ], [ -63.7615374, 59.4790829 ], [ -63.7943103, 59.420259 ], [ -63.8517813, 59.4090925 ], [ -63.9933665, 59.4186746 ], [ -63.9851094, 59.3996263 ], [ -63.738021, 59.3620761 ], [ -63.7181352, 59.295404 ], [ -63.6429687, 59.3612456 ], [ -63.6136936, 59.3445046 ], [ -63.5344309, 59.3416252 ], [ -63.515163, 59.3185825 ], [ -63.5242441, 59.2652378 ], [ -63.5978606, 59.2184143 ], [ -63.5833954, 59.2067732 ], [ -63.5009918, 59.243501 ], [ -63.479223, 59.2731753 ], [ -63.3928133, 59.2827645 ], [ -63.42055, 59.2077612 ], [ -63.3649302, 59.2019571 ], [ -63.4075752, 59.1235691 ], [ -63.4490957, 59.100452 ], [ -63.5198812, 59.0910912 ], [ -63.5888875, 59.0603512 ], [ -63.649243, 59.0651998 ], [ -63.752788, 59.0475026 ], [ -63.7994456, 59.063038 ], [ -63.8546075, 59.0661291 ], [ -63.9169504, 59.0862026 ], [ -63.9784528, 59.0776666 ], [ -63.8954643, 59.05283 ], [ -63.777226, 59.0397188 ], [ -63.7444923, 59.0114882 ], [ -63.6849118, 59.0333994 ], [ -63.6215763, 59.0414882 ], [ -63.5537494, 59.0347575 ], [ -63.5114682, 59.0588999 ], [ -63.4363969, 59.0630771 ], [ -63.3892555, 59.0950608 ], [ -63.2449756, 59.0677017 ], [ -63.2323061, 59.0548545 ], [ -63.1403599, 59.0538175 ], [ -63.1513968, 59.0298442 ], [ -63.2380128, 59.0135812 ], [ -63.2260217, 58.9784547 ], [ -63.1697548, 58.9866853 ], [ -63.150521, 58.9214126 ], [ -63.1922287, 58.9063333 ], [ -63.1680413, 58.8774404 ], [ -63.1179325, 58.8707631 ], [ -63.0850753, 58.891472 ], [ -63.0283785, 58.8762786 ], [ -62.9784284, 58.8322085 ], [ -62.9092085, 58.8227122 ], [ -62.8988869, 58.8004993 ], [ -62.9194398, 58.7482848 ], [ -63.0171419, 58.7047635 ], [ -62.9726734, 58.69796 ], [ -62.8806291, 58.7134485 ], [ -62.8514654, 58.7012836 ], [ -62.8702602, 58.6444864 ], [ -62.9275342, 58.6212284 ], [ -62.9040131, 58.6009644 ], [ -62.9649957, 58.5862498 ], [ -63.017485, 58.5591503 ], [ -63.0563675, 58.5635954 ], [ -63.1477156, 58.5275682 ], [ -63.1658226, 58.5070845 ], [ -63.2311044, 58.4964599 ], [ -63.2999409, 58.4998474 ], [ -63.3630743, 58.4813937 ], [ -63.3389, 58.4581949 ], [ -63.3981892, 58.4242012 ], [ -63.4176251, 58.3966795 ], [ -63.5423122, 58.3452512 ], [ -63.5148958, 58.336478 ], [ -63.4317856, 58.3633675 ], [ -63.2832612, 58.464503 ], [ -63.1378284, 58.4793225 ], [ -63.0939942, 58.4608954 ], [ -63.1266311, 58.3957784 ], [ -63.079161, 58.4133738 ], [ -63.0694912, 58.4455442 ], [ -62.9711487, 58.4468832 ], [ -62.9185069, 58.4753796 ], [ -62.8945208, 58.4670397 ], [ -62.8117763, 58.4993623 ], [ -62.7712668, 58.4868091 ], [ -62.6683145, 58.4864525 ], [ -62.6390994, 58.5019847 ], [ -62.5640985, 58.4881195 ], [ -62.5645167, 58.4668264 ], [ -62.646695, 58.4102252 ], [ -62.6135742, 58.3653285 ], [ -62.6283022, 58.3537665 ], [ -62.6099301, 58.3109005 ], [ -62.6364492, 58.2948862 ], [ -62.7034794, 58.2863367 ], [ -62.6992612, 58.2596149 ], [ -62.5824735, 58.2263354 ], [ -62.6153052, 58.2125321 ], [ -62.6554745, 58.1675067 ], [ -62.694022, 58.1640273 ], [ -62.8045527, 58.1768887 ], [ -62.8976769, 58.1594466 ], [ -63.0557938, 58.1501969 ], [ -63.0303014, 58.1258775 ], [ -63.0506647, 58.1049657 ], [ -63.1117005, 58.0886139 ], [ -63.1562124, 58.0883115 ], [ -63.1541033, 58.0198752 ], [ -63.090924, 58.070216 ], [ -63.0004921, 58.0843254 ], [ -62.9500032, 58.1235304 ], [ -62.8371055, 58.1362296 ], [ -62.7522867, 58.1159276 ], [ -62.7241721, 58.1406056 ], [ -62.6629577, 58.1141038 ], [ -62.5955554, 58.1609027 ], [ -62.5866497, 58.1291791 ], [ -62.5289386, 58.1211547 ], [ -62.5486514, 58.1694822 ], [ -62.5036293, 58.1784706 ], [ -62.4539341, 58.1636119 ], [ -62.4622388, 58.1445036 ], [ -62.5296452, 58.1077239 ], [ -62.3785927, 58.1068665 ], [ -62.4193521, 58.078859 ], [ -62.3129219, 58.0418345 ], [ -62.3206695, 58.0212677 ], [ -62.36547, 58.0 ], [ -62.4268412, 57.9882166 ], [ -62.5300677, 57.9967641 ], [ -62.5870907, 57.9851696 ], [ -62.6240007, 57.9578322 ], [ -62.5032881, 57.9762329 ], [ -62.4231876, 57.9617696 ], [ -62.4134802, 57.8806975 ], [ -62.3723703, 57.9627812 ], [ -62.2847367, 57.9476337 ], [ -62.2104648, 57.9185709 ], [ -62.1528832, 57.9693427 ], [ -62.0921301, 57.9366934 ], [ -62.0806899, 57.8816053 ], [ -62.0127865, 57.9138867 ], [ -61.9404438, 57.9147406 ], [ -61.8769848, 57.8452317 ], [ -61.9008777, 57.8038369 ], [ -61.9680858, 57.7857848 ], [ -62.0746245, 57.8307492 ], [ -62.0851979, 57.7806405 ], [ -62.0425592, 57.7910625 ], [ -61.9976731, 57.7645019 ], [ -61.9544493, 57.7152617 ], [ -61.9643206, 57.6828025 ], [ -61.9048731, 57.6769002 ], [ -61.8956289, 57.6286964 ], [ -61.9604759, 57.6076898 ], [ -62.0096119, 57.6179003 ], [ -62.0957641, 57.5725134 ], [ -62.1104412, 57.5398269 ], [ -62.1836383, 57.5236317 ], [ -62.2524281, 57.5441876 ], [ -62.3553456, 57.4585371 ], [ -62.4116534, 57.4777416 ], [ -62.5285743, 57.5006476 ], [ -62.464839, 57.4535045 ], [ -62.4280997, 57.4508651 ], [ -62.3549481, 57.4203504 ], [ -62.280604, 57.444726 ], [ -62.2339377, 57.4434014 ], [ -62.1844053, 57.4707687 ], [ -62.1128985, 57.4538793 ], [ -62.0626021, 57.4587249 ], [ -62.0166443, 57.4369188 ], [ -61.9685085, 57.4317977 ], [ -61.8061895, 57.3763042 ], [ -61.8509124, 57.3548556 ], [ -61.8939061, 57.3181541 ], [ -61.8654184, 57.2847612 ], [ -61.7876657, 57.2376892 ], [ -61.8379937, 57.2221569 ], [ -61.8692195, 57.2272557 ], [ -61.878569, 57.2649126 ], [ -61.9281252, 57.2565314 ], [ -62.0264494, 57.2531033 ], [ -61.9175876, 57.2193633 ], [ -61.8771964, 57.1814832 ], [ -61.8498983, 57.1747782 ], [ -61.8068136, 57.196701 ], [ -61.7865536, 57.1742132 ], [ -61.7315564, 57.1957094 ], [ -61.6977841, 57.1787587 ], [ -61.7343359, 57.1614397 ], [ -61.6579315, 57.1432533 ], [ -61.6207447, 57.1606303 ], [ -61.5678949, 57.1557659 ], [ -61.4896631, 57.1651727 ], [ -61.4597904, 57.1479783 ], [ -61.4137392, 57.147952 ], [ -61.3625179, 57.0987823 ], [ -61.3846503, 57.0504901 ], [ -61.3582149, 57.0242664 ], [ -61.4034689, 56.9839499 ], [ -61.4807575, 56.9861695 ], [ -61.5671068, 56.9551209 ], [ -61.5689687, 56.9119577 ], [ -61.6463295, 56.8860602 ], [ -61.6571872, 56.810186 ], [ -61.7466438, 56.8018693 ], [ -61.8102611, 56.7884218 ], [ -61.9085396, 56.8087737 ], [ -61.922288, 56.7852285 ], [ -61.8922149, 56.7321277 ], [ -61.8630389, 56.7594507 ], [ -61.7462509, 56.7505228 ], [ -61.7009593, 56.7084748 ], [ -61.7619535, 56.6916526 ], [ -61.7807328, 56.6713617 ], [ -61.658032, 56.6535985 ], [ -61.682692, 56.6172647 ], [ -61.741468, 56.6292035 ], [ -61.8683579, 56.6265848 ], [ -61.9359382, 56.6397947 ], [ -61.9106472, 56.6805029 ], [ -61.9980323, 56.6598259 ], [ -62.1501617, 56.7014396 ], [ -62.2738639, 56.7144301 ], [ -62.3571457, 56.740778 ], [ -62.3752473, 56.7138663 ], [ -62.2039381, 56.6822967 ], [ -62.1731762, 56.6857944 ], [ -62.1053036, 56.6616823 ], [ -62.046959, 56.6246637 ], [ -61.9824371, 56.6349833 ], [ -61.9236359, 56.6271158 ], [ -61.9273618, 56.6058691 ], [ -62.0170084, 56.617563 ], [ -62.1896355, 56.6213349 ], [ -62.2104105, 56.6028944 ], [ -62.0937733, 56.5987551 ], [ -61.9298016, 56.5767235 ], [ -61.874273, 56.591247 ], [ -61.7660515, 56.5594894 ], [ -61.7598979, 56.5760641 ], [ -61.695167, 56.5652982 ], [ -61.6410387, 56.5264899 ], [ -61.6699134, 56.5037075 ], [ -61.7233882, 56.4907253 ], [ -61.8002853, 56.4848073 ], [ -61.8667066, 56.4968164 ], [ -61.9637737, 56.4942249 ], [ -62.0739724, 56.5069403 ], [ -62.0875196, 56.4828799 ], [ -62.0149161, 56.4853794 ], [ -61.9457971, 56.4725053 ], [ -61.9539326, 56.4570296 ], [ -62.0408515, 56.4505531 ], [ -62.0890568, 56.4654716 ], [ -62.1623323, 56.4546705 ], [ -62.0721193, 56.4123392 ], [ -62.0435326, 56.4261959 ], [ -61.9813124, 56.408046 ], [ -61.9250476, 56.4142642 ], [ -61.8155548, 56.4048185 ], [ -61.8211601, 56.3835243 ], [ -61.7726241, 56.3573087 ], [ -61.7867204, 56.3178991 ], [ -61.6638139, 56.3218405 ], [ -61.6313741, 56.3083369 ], [ -61.6089217, 56.2710621 ], [ -61.6725243, 56.2696959 ], [ -61.7378508, 56.2452275 ], [ -61.7955869, 56.2557704 ], [ -61.7850462, 56.2741946 ], [ -61.8923788, 56.2959791 ], [ -61.9421958, 56.2735357 ], [ -62.0438882, 56.3008589 ], [ -62.0733553, 56.2804804 ], [ -62.0356337, 56.2512087 ], [ -62.0293326, 56.224635 ], [ -61.938619, 56.2135947 ], [ -61.8149528, 56.2155232 ], [ -61.7945215, 56.1976117 ], [ -61.6953227, 56.2228289 ], [ -61.5752049, 56.2172177 ], [ -61.5497329, 56.1907793 ], [ -61.5043162, 56.1951152 ], [ -61.4098957, 56.2227601 ], [ -61.3337983, 56.1799172 ], [ -61.3931147, 56.1756794 ], [ -61.4322552, 56.1504069 ], [ -61.375627, 56.1321399 ], [ -61.3521898, 56.1035894 ], [ -61.4196158, 56.0914464 ], [ -61.4626623, 56.0629113 ], [ -61.4464817, 56.0461998 ], [ -61.3141394, 56.0838205 ], [ -61.2726353, 56.0481594 ], [ -61.2858778, 56.0252205 ], [ -61.4104139, 56.0240604 ], [ -61.4024373, 55.9836848 ], [ -61.4633532, 56.0009303 ], [ -61.4691406, 55.9797464 ], [ -61.4061529, 55.9616883 ], [ -61.3369563, 55.9713321 ], [ -61.1221003, 55.9696082 ], [ -61.1160328, 55.9462569 ], [ -61.0808992, 55.9363609 ], [ -61.0712941, 55.8922632 ], [ -61.1346649, 55.8855342 ], [ -61.1696452, 55.9102869 ], [ -61.2338534, 55.9079873 ], [ -61.2460835, 55.920572 ], [ -61.3363635, 55.9294485 ], [ -61.4327491, 55.9282996 ], [ -61.5407386, 55.8998547 ], [ -61.5223897, 55.8784823 ], [ -61.4385267, 55.8783289 ], [ -61.4108033, 55.9042477 ], [ -61.2664973, 55.9141391 ], [ -61.2285305, 55.9046359 ], [ -61.198213, 55.863715 ], [ -61.1700633, 55.8647176 ], [ -61.1061549, 55.8400581 ], [ -61.0381472, 55.8452884 ], [ -61.0117968, 55.857357 ], [ -60.9314693, 55.8618488 ], [ -60.8902813, 55.8474488 ], [ -60.780151, 55.8531966 ], [ -60.73688, 55.8356023 ], [ -60.7499666, 55.7818679 ], [ -60.8170331, 55.7469368 ], [ -60.850345, 55.7536216 ], [ -60.9558181, 55.7397978 ], [ -60.9143982, 55.7236891 ], [ -60.8471211, 55.744609 ], [ -60.7826976, 55.723287 ], [ -60.7298344, 55.7446663 ], [ -60.6459489, 55.8290114 ], [ -60.603857, 55.8069293 ], [ -60.6374367, 55.771409 ], [ -60.611312, 55.745745 ], [ -60.6029732, 55.7000461 ], [ -60.668754, 55.6663052 ], [ -60.6669523, 55.6453105 ], [ -60.5905768, 55.6359685 ], [ -60.5831983, 55.6691909 ], [ -60.5274815, 55.7524081 ], [ -60.529117, 55.7788286 ], [ -60.4883672, 55.806695 ], [ -60.4244841, 55.772433 ], [ -60.4026111, 55.782418 ], [ -60.3283522, 55.7772114 ], [ -60.3337541, 55.7441671 ], [ -60.3656865, 55.7268386 ], [ -60.3967569, 55.6887149 ], [ -60.3777644, 55.6677301 ], [ -60.4869863, 55.6601619 ], [ -60.5171148, 55.6284426 ], [ -60.4325793, 55.6255787 ], [ -60.3984895, 55.6094271 ], [ -60.4188491, 55.5736498 ], [ -60.4223801, 55.525339 ], [ -60.347274, 55.5752449 ], [ -60.3296448, 55.5537193 ], [ -60.3384213, 55.5244146 ], [ -60.400647, 55.456492 ], [ -60.4562832, 55.4422092 ], [ -60.4776439, 55.4143968 ], [ -60.4502842, 55.3884744 ], [ -60.3420055, 55.4926222 ], [ -60.3064783, 55.4834434 ], [ -60.2792649, 55.5058159 ], [ -60.207923, 55.4667262 ], [ -60.2287828, 55.4534251 ], [ -60.202665, 55.4181388 ], [ -60.3185685, 55.4107688 ], [ -60.3642733, 55.3868083 ], [ -60.3904911, 55.3543912 ], [ -60.3819626, 55.3264946 ], [ -60.4249046, 55.2663809 ], [ -60.4759381, 55.2820985 ], [ -60.4822743, 55.246866 ], [ -60.5473226, 55.221036 ], [ -60.5452577, 55.1954584 ], [ -60.6374483, 55.1523787 ], [ -60.6376273, 55.1373919 ], [ -60.6666683, 55.1288386 ], [ -60.6793187, 55.1284296 ], [ -60.6999318, 55.1211438 ], [ -60.7880146, 55.0655213 ], [ -60.8621631, 55.0387798 ], [ -60.8227906, 55.0269673 ], [ -60.8102411, 55.0167973 ], [ -60.7821215, 55.0165751 ], [ -60.7291861, 55.0379187 ], [ -60.6395122, 55.0224884 ], [ -60.5801923, 55.0698298 ], [ -60.5387459, 55.0776906 ], [ -60.4778373, 55.1075051 ], [ -60.4940005, 55.1228773 ], [ -60.4634715, 55.1521395 ], [ -60.3632474, 55.1702167 ], [ -60.346874, 55.1942388 ], [ -60.2606633, 55.2517611 ], [ -60.2135559, 55.2513263 ], [ -60.1896919, 55.2730835 ], [ -60.1370404, 55.2678619 ], [ -60.2098676, 55.2280123 ], [ -60.1710761, 55.203867 ], [ -60.1394117, 55.2348564 ], [ -60.0813819, 55.2593796 ], [ -60.0993076, 55.1771244 ], [ -60.1564362, 55.1254339 ], [ -60.2552819, 55.0936639 ], [ -60.265143, 55.0649627 ], [ -60.3043932, 55.0552994 ], [ -60.2929092, 55.0165248 ], [ -60.2313179, 55.0608096 ], [ -60.1122684, 55.1213867 ], [ -60.083743, 55.1485925 ], [ -60.0823327, 55.1726974 ], [ -60.031484, 55.2270263 ], [ -59.9425578, 55.2340024 ], [ -59.9215722, 55.2278853 ], [ -59.8607447, 55.3019001 ], [ -59.8113912, 55.3133083 ], [ -59.7252306, 55.2686997 ], [ -59.7406911, 55.2055204 ], [ -59.7997158, 55.1871857 ], [ -59.823309, 55.1678668 ], [ -59.9336677, 55.1447344 ], [ -59.9554354, 55.1630936 ], [ -59.9904979, 55.1095002 ], [ -59.8705758, 55.1382548 ], [ -59.8678695, 55.1240123 ], [ -59.802037, 55.111718 ], [ -59.7864654, 55.1380936 ], [ -59.7104071, 55.1477963 ], [ -59.6724934, 55.1182455 ], [ -59.6350509, 55.1312702 ], [ -59.6468091, 55.1526422 ], [ -59.5515288, 55.1676557 ], [ -59.5435504, 55.2028257 ], [ -59.5158142, 55.2192013 ], [ -59.4958814, 55.1690848 ], [ -59.4361447, 55.1561435 ], [ -59.4615119, 55.1134766 ], [ -59.4971884, 55.1074642 ], [ -59.5186, 55.0515148 ], [ -59.5693751, 55.0461208 ], [ -59.6202402, 55.001829 ], [ -59.7223568, 54.9738528 ], [ -59.742031, 54.9305977 ], [ -59.7776443, 54.9019966 ], [ -59.8462427, 54.8840677 ], [ -59.8680972, 54.845816 ], [ -59.8170598, 54.8447468 ], [ -59.8593232, 54.7922045 ], [ -59.9192236, 54.7587709 ], [ -59.9115452, 54.7449823 ], [ -59.8183406, 54.7841952 ], [ -59.8160633, 54.8291278 ], [ -59.7933981, 54.8823094 ], [ -59.7627866, 54.9014481 ], [ -59.6673572, 54.9404811 ], [ -59.6191799, 54.9485696 ], [ -59.4653981, 55.0469382 ], [ -59.4364004, 55.0766761 ], [ -59.4072526, 55.0537464 ], [ -59.302622, 55.1452908 ], [ -59.2793393, 55.1950592 ], [ -59.2499175, 55.2103041 ], [ -59.1959441, 55.2019454 ], [ -59.1375646, 55.2261953 ], [ -59.1316224, 55.1817447 ], [ -59.1430778, 55.1497606 ], [ -59.1720742, 55.1242763 ], [ -59.2456554, 55.110184 ], [ -59.2957512, 55.0463611 ], [ -59.3389438, 55.0293092 ], [ -59.3155259, 55.0088985 ], [ -59.2430571, 55.043515 ], [ -59.2509516, 55.0730902 ], [ -59.147604, 55.1147007 ], [ -59.1111919, 55.1136046 ], [ -59.06455, 55.1452038 ], [ -59.0268333, 55.153727 ], [ -59.0034129, 55.1167816 ], [ -58.9644851, 55.0979938 ], [ -58.9574716, 55.0722935 ], [ -59.0346596, 55.0201806 ], [ -59.0247674, 54.9934948 ], [ -58.9674361, 54.9873455 ], [ -58.9108367, 54.9558387 ], [ -58.9509605, 54.9121815 ], [ -58.8928355, 54.8985301 ], [ -58.9373845, 54.83821 ], [ -58.8766503, 54.8307349 ], [ -58.8567984, 54.812409 ], [ -58.8037793, 54.8338483 ], [ -58.731831, 54.8394123 ], [ -58.6614968, 54.8050727 ], [ -58.5990444, 54.7925304 ], [ -58.5632438, 54.8099368 ], [ -58.5397334, 54.7903572 ], [ -58.5662199, 54.7581869 ], [ -58.4966463, 54.7704883 ], [ -58.4307656, 54.771181 ], [ -58.4481515, 54.7490949 ], [ -58.415204, 54.7346942 ], [ -58.3822727, 54.753858 ], [ -58.4105703, 54.7736137 ], [ -58.3285103, 54.7956854 ], [ -58.2824124, 54.788899 ], [ -58.2336158, 54.7967603 ], [ -58.2227466, 54.8268143 ], [ -58.2247368, 54.8796539 ], [ -58.1554191, 54.8705959 ], [ -58.0976113, 54.8784962 ], [ -57.9719978, 54.9276708 ], [ -57.9323521, 54.9261699 ], [ -57.9441021, 54.8807938 ], [ -57.9886589, 54.8658192 ], [ -57.98933, 54.8378513 ], [ -57.8687525, 54.7926277 ], [ -57.9715918, 54.7844595 ], [ -58.0117473, 54.7579425 ], [ -58.1632551, 54.7477523 ], [ -58.0520566, 54.731876 ], [ -57.943193, 54.7514244 ], [ -57.8385401, 54.7400906 ], [ -57.8275891, 54.7128168 ], [ -57.7868174, 54.6862788 ], [ -57.7291178, 54.6634483 ], [ -57.7169765, 54.6405241 ], [ -57.6465357, 54.6293318 ], [ -57.5615116, 54.6625643 ], [ -57.4442511, 54.6562343 ], [ -57.4644373, 54.6329581 ], [ -57.4326519, 54.6139919 ], [ -57.3469632, 54.5851159 ], [ -57.387302, 54.5486426 ], [ -57.3792395, 54.5095117 ], [ -57.4543947, 54.488496 ], [ -57.6470364, 54.4886783 ], [ -57.6591352, 54.4646206 ], [ -57.5764795, 54.4761364 ], [ -57.4791578, 54.4804427 ], [ -57.4114161, 54.461949 ], [ -57.4390078, 54.4480897 ], [ -57.5458611, 54.4560945 ], [ -57.5256944, 54.4276989 ], [ -57.5929144, 54.4104107 ], [ -57.6365376, 54.3763947 ], [ -57.7058129, 54.3676974 ], [ -57.7466436, 54.3815454 ], [ -57.8136376, 54.385958 ], [ -57.8366385, 54.3697047 ], [ -57.9396751, 54.390643 ], [ -58.0522725, 54.3685222 ], [ -58.0929122, 54.3738203 ], [ -58.1753991, 54.3630721 ], [ -58.2490508, 54.3303412 ], [ -58.2048377, 54.3203985 ], [ -58.1820684, 54.2944163 ], [ -58.258472, 54.2822874 ], [ -58.2321321, 54.2495914 ], [ -58.399654, 54.2346552 ], [ -58.4407406, 54.2386237 ], [ -58.4805503, 54.2156731 ], [ -58.578931, 54.2051108 ], [ -58.6291985, 54.1644155 ], [ -58.6953874, 54.146698 ], [ -58.8038578, 54.1309849 ], [ -58.8785848, 54.1449534 ], [ -59.055278, 54.1053453 ], [ -59.2373494, 54.0816233 ], [ -59.4036305, 54.0274705 ], [ -59.4823825, 54.0287419 ], [ -59.5027159, 54.0373048 ], [ -59.5820644, 54.0336242 ], [ -59.5800857, 54.017469 ], [ -59.5150998, 54.0105437 ], [ -59.5144475, 53.988782 ], [ -59.4507727, 53.9997949 ], [ -59.3865478, 53.9958773 ], [ -59.2270105, 54.035829 ], [ -59.0918045, 54.0600527 ], [ -59.0317834, 54.0595164 ], [ -58.8998677, 54.0858932 ], [ -58.7993245, 54.1103764 ], [ -58.7599291, 54.1272598 ], [ -58.6209605, 54.1607498 ], [ -58.5566419, 54.1908434 ], [ -58.4830323, 54.1970345 ], [ -58.4248232, 54.2278885 ], [ -58.393878, 54.2154221 ], [ -58.445998, 54.1667895 ], [ -58.4430657, 54.1519144 ], [ -58.5207915, 54.1229236 ], [ -58.5192382, 54.108727 ], [ -58.5763178, 54.0748619 ], [ -58.6154063, 54.0385928 ], [ -58.719403, 54.0258837 ], [ -58.7711957, 54.0282103 ], [ -58.8686045, 54.0440395 ], [ -58.9597558, 54.0461919 ], [ -58.9342752, 54.001853 ], [ -58.9815223, 53.9648911 ], [ -59.0560119, 53.9444929 ], [ -59.1029827, 53.9518848 ], [ -59.1922337, 53.9343013 ], [ -59.3594363, 53.8810348 ], [ -59.3696112, 53.8673773 ], [ -59.436679, 53.8545358 ], [ -59.4895746, 53.8311937 ], [ -59.5730776, 53.8189008 ], [ -59.8379074, 53.8448749 ], [ -59.8916554, 53.8345241 ], [ -59.8851624, 53.7954987 ], [ -59.9886603, 53.7896352 ], [ -60.0280253, 53.7673323 ], [ -60.0948988, 53.7577991 ], [ -60.0570015, 53.7212392 ], [ -60.10805, 53.6855023 ], [ -60.1005008, 53.6500868 ], [ -60.1303242, 53.6229319 ], [ -60.1207625, 53.5965998 ], [ -60.0834739, 53.5694664 ], [ -60.1372959, 53.5383293 ], [ -60.1099636, 53.495766 ], [ -60.0607149, 53.5006133 ], [ -60.0347152, 53.4408206 ], [ -60.0816375, 53.4578833 ], [ -60.1395145, 53.464752 ], [ -60.2266293, 53.433354 ], [ -60.3017301, 53.3937849 ], [ -60.3297014, 53.3993513 ], [ -60.3574661, 53.3482733 ], [ -60.3055426, 53.3440855 ], [ -60.2147248, 53.363696 ], [ -60.1865229, 53.3358537 ], [ -60.0642973, 53.3406307 ], [ -60.026787, 53.3754536 ], [ -59.9609451, 53.4162078 ], [ -59.9454613, 53.4432598 ], [ -59.9119803, 53.4605218 ], [ -59.8900504, 53.494092 ], [ -59.90919, 53.5297284 ], [ -59.8379278, 53.5448682 ], [ -59.7886406, 53.5169455 ], [ -59.7576528, 53.5125923 ], [ -59.7080004, 53.5347971 ], [ -59.6523128, 53.5235948 ], [ -59.589553, 53.5294239 ], [ -59.4838527, 53.5776405 ], [ -59.4550385, 53.6090618 ], [ -59.3902976, 53.6328506 ], [ -59.3824496, 53.6571112 ], [ -59.3319294, 53.6626629 ], [ -59.3239682, 53.6935236 ], [ -59.2597653, 53.6787627 ], [ -59.2279008, 53.6917527 ], [ -59.1907952, 53.6709428 ], [ -59.0831024, 53.6862192 ], [ -59.0902651, 53.7157369 ], [ -59.0180095, 53.7162792 ], [ -59.0180676, 53.7599387 ], [ -59.0558699, 53.8002539 ], [ -59.021705, 53.8254081 ], [ -58.9818409, 53.8343851 ], [ -58.8900177, 53.8877398 ], [ -58.8657885, 53.8896994 ], [ -58.8642629, 53.9309959 ], [ -58.7937379, 53.9505853 ], [ -58.6868498, 53.9640361 ], [ -58.669313, 53.9771727 ], [ -58.5805108, 53.9929086 ], [ -58.559016, 54.0153595 ], [ -58.5149561, 54.0112296 ], [ -58.4495926, 54.0322207 ], [ -58.3944752, 54.0277022 ], [ -58.3332753, 54.0587935 ], [ -58.2180017, 54.0658186 ], [ -58.1626142, 54.0978611 ], [ -58.1108015, 54.1054467 ], [ -58.0223088, 54.0914053 ], [ -57.9483112, 54.0710893 ], [ -57.875959, 54.0818872 ], [ -57.8188751, 54.0667369 ], [ -57.7945354, 54.0936369 ], [ -57.8580696, 54.1084793 ], [ -57.9711291, 54.1133627 ], [ -58.0353369, 54.1274257 ], [ -58.171634, 54.137055 ], [ -58.244403, 54.1145274 ], [ -58.2649785, 54.0927997 ], [ -58.3431752, 54.1185188 ], [ -58.3916047, 54.1225038 ], [ -58.4045787, 54.1539763 ], [ -58.3836195, 54.1924226 ], [ -58.3557237, 54.2048254 ], [ -58.2898588, 54.2022128 ], [ -58.163014, 54.2367955 ], [ -58.1311638, 54.2237014 ], [ -58.0540226, 54.2383331 ], [ -57.9800545, 54.2189932 ], [ -57.8880461, 54.2130593 ], [ -57.8510054, 54.2006659 ], [ -57.8040885, 54.2197617 ], [ -57.7593196, 54.2030448 ], [ -57.6850411, 54.2106212 ], [ -57.619522, 54.2037894 ], [ -57.6001961, 54.1873421 ], [ -57.5071147, 54.1983102 ], [ -57.4420283, 54.1908598 ], [ -57.3864814, 54.1556051 ], [ -57.4172925, 54.142511 ], [ -57.3198255, 54.0428374 ], [ -57.2881318, 54.0005586 ], [ -57.2084722, 53.9533647 ], [ -57.2234183, 53.9168603 ], [ -57.2069438, 53.878619 ], [ -57.137516, 53.837265 ], [ -57.0853856, 53.8313207 ], [ -57.074459, 53.810914 ], [ -57.1319908, 53.7902395 ], [ -57.1538315, 53.7581877 ], [ -57.1182693, 53.7396792 ], [ -57.1862032, 53.714176 ], [ -57.2285699, 53.7085212 ], [ -57.2581828, 53.6875689 ], [ -57.3275176, 53.6643867 ], [ -57.4582409, 53.6348516 ], [ -57.434988, 53.6206785 ], [ -57.4305165, 53.5905967 ], [ -57.3387806, 53.6008792 ], [ -57.3163855, 53.5689066 ], [ -57.3359053, 53.5476303 ], [ -57.3003713, 53.5184037 ], [ -57.3134143, 53.4557809 ], [ -57.2316865, 53.5008529 ], [ -57.211236, 53.5 ], [ -57.1391847, 53.5396511 ], [ -57.1190652, 53.5602509 ], [ -57.142299, 53.6258619 ], [ -57.0658174, 53.639461 ], [ -57.0708336, 53.6684619 ], [ -57.0064307, 53.6999156 ], [ -56.9648257, 53.7328787 ], [ -56.9188883, 53.7340731 ], [ -56.8659186, 53.7129088 ], [ -56.82063, 53.7444457 ], [ -56.7672165, 53.7204235 ], [ -56.7246985, 53.7371947 ], [ -56.7026519, 53.7603111 ], [ -56.6657935, 53.7266646 ], [ -56.6047892, 53.7615302 ], [ -56.4949343, 53.7764845 ], [ -56.4371984, 53.7718159 ], [ -56.4191487, 53.7487005 ], [ -56.4318701, 53.7187851 ], [ -56.5053734, 53.7174741 ], [ -56.5805075, 53.6831941 ], [ -56.6565522, 53.6781084 ], [ -56.5764678, 53.6500369 ], [ -56.5241666, 53.6241966 ], [ -56.3999422, 53.6168768 ], [ -56.3726468, 53.6321929 ], [ -56.3231807, 53.6312853 ], [ -56.2402292, 53.5742396 ], [ -56.1511539, 53.580597 ], [ -56.0252596, 53.5781559 ], [ -55.9834023, 53.5216892 ], [ -56.0093073, 53.4991591 ], [ -56.0525503, 53.5101661 ], [ -56.0509669, 53.5313644 ], [ -56.118248, 53.5347818 ], [ -56.183249, 53.5592446 ], [ -56.2463973, 53.5586003 ], [ -56.1635873, 53.5006491 ], [ -56.1216069, 53.4974641 ], [ -56.0357911, 53.4719184 ], [ -56.0286756, 53.4288549 ], [ -55.8801767, 53.3741697 ], [ -55.8593119, 53.3382718 ], [ -55.8316808, 53.3215364 ], [ -55.842028, 53.2991057 ], [ -55.8136101, 53.2327385 ], [ -55.7570494, 53.264181 ], [ -55.7466971, 53.2251049 ], [ -55.7934745, 53.2117143 ], [ -55.7984755, 53.1789362 ], [ -55.749896, 53.1380716 ], [ -55.796863, 53.1107944 ], [ -55.864761, 53.0939653 ], [ -55.9105242, 53.029756 ], [ -55.9980934, 53.0147511 ], [ -56.0402569, 53.0321931 ], [ -56.061459, 52.9967774 ], [ -56.0124968, 53.0030194 ], [ -55.8795191, 52.9649949 ], [ -55.8715661, 52.9379357 ], [ -55.8099484, 52.8839878 ], [ -55.8170218, 52.8348254 ], [ -55.9181447, 52.8190549 ], [ -55.988262, 52.8156759 ], [ -55.9810797, 52.7940063 ], [ -56.0238461, 52.7796995 ], [ -56.043637, 52.7979356 ], [ -56.0971238, 52.8024154 ], [ -56.1780318, 52.8274448 ], [ -56.1785177, 52.8091842 ], [ -56.1262887, 52.7940266 ], [ -56.123261, 52.7732915 ], [ -56.0709314, 52.7742134 ], [ -55.9933048, 52.7224236 ], [ -55.9660887, 52.6823639 ], [ -55.9104378, 52.6968867 ], [ -55.850209, 52.6880514 ], [ -55.7857836, 52.696594 ], [ -55.7641287, 52.6800138 ], [ -55.7634117, 52.6096635 ], [ -55.8025801, 52.6006446 ], [ -55.8552723, 52.6222834 ], [ -55.9051321, 52.6138179 ], [ -55.9507256, 52.6317733 ], [ -55.9759622, 52.6023223 ], [ -56.0418194, 52.5901149 ], [ -56.0877748, 52.6289576 ], [ -56.1261337, 52.6124624 ], [ -56.056617, 52.600826 ], [ -56.0268295, 52.5741335 ], [ -56.0046988, 52.5911828 ], [ -55.9518588, 52.5952221 ], [ -55.9264905, 52.6120439 ], [ -55.8748092, 52.5980628 ], [ -55.8950377, 52.5582212 ], [ -55.962243, 52.5724866 ], [ -56.0127482, 52.5551757 ], [ -56.0692179, 52.5726836 ], [ -56.13843, 52.5470894 ], [ -56.0863321, 52.535567 ], [ -56.047606, 52.5421105 ], [ -55.9842149, 52.5041978 ], [ -55.9350148, 52.5134485 ], [ -55.8930358, 52.5073659 ], [ -55.8378765, 52.5168546 ], [ -55.7391238, 52.4811834 ], [ -55.7337968, 52.4620535 ], [ -55.6790108, 52.460502 ], [ -55.6320624, 52.4472662 ], [ -55.6516373, 52.4260748 ], [ -55.6320242, 52.3829358 ], [ -55.6477764, 52.3534217 ], [ -55.7303843, 52.3636633 ], [ -55.7987285, 52.3844089 ], [ -55.7754873, 52.3388754 ], [ -55.8232202, 52.3405431 ], [ -55.9622286, 52.3663979 ], [ -55.9036401, 52.3324406 ], [ -55.750279, 52.2860875 ], [ -55.7635097, 52.2469753 ], [ -55.6690478, 52.2345615 ], [ -55.6292636, 52.2185081 ], [ -55.6480773, 52.197985 ], [ -55.769726, 52.2065825 ], [ -55.6957354, 52.1289569 ], [ -55.707075, 52.0815185 ], [ -55.7823382, 52.0824727 ], [ -55.7792909, 52.0407088 ], [ -55.8047444, 52.0222742 ], [ -55.9151649, 52.0026957 ], [ -55.9013042, 51.9570788 ], [ -55.9907794, 51.904095 ], [ -56.0097041, 51.902117 ], [ -56.1455856, 51.8343658 ], [ -56.2024725, 51.7911191 ], [ -56.288042, 51.7699591 ], [ -56.3403679, 51.7751852 ], [ -56.3335244, 51.7501386 ], [ -56.4023953, 51.7294881 ], [ -56.4386277, 51.7294898 ], [ -56.4989263, 51.6842015 ], [ -56.5475046, 51.6725927 ], [ -56.6108446, 51.6393222 ], [ -56.70004, 51.6339298 ], [ -56.7158374, 51.5732035 ], [ -56.7637508, 51.5527288 ], [ -56.7931241, 51.5215298 ], [ -56.8310125, 51.5199508 ], [ -56.8188458, 51.4843338 ], [ -56.8703887, 51.4732105 ], [ -56.9559007, 51.4730925 ], [ -56.9448126, 51.4393795 ], [ -56.9995262, 51.4166201 ], [ -57.1070703, 51.41422 ], [ -57.1350318, 51.425595 ], [ -57.1746952, 51.4063722 ], [ -57.2073793, 51.4120911 ], [ -57.2144703, 51.4356238 ], [ -57.2466234, 51.4573489 ], [ -57.2344828, 51.4922847 ], [ -57.2749401, 51.49626 ], [ -57.4654099, 51.46525 ], [ -57.4969799, 51.44513 ], [ -57.5534201, 51.43232 ], [ -57.5953501, 51.45723 ], [ -57.62407, 51.42748 ], [ -57.69656, 51.42233 ], [ -57.7025445, 51.4609217 ], [ -57.74941, 51.4586499 ], [ -57.77321, 51.4233901 ], [ -57.77643, 51.39479 ], [ -57.8347054, 51.4032342 ], [ -57.8969701, 51.3789399 ], [ -57.9005201, 51.3614899 ], [ -57.9560399, 51.34465 ], [ -57.99021, 51.31592 ], [ -58.2251799, 51.2633299 ], [ -58.26226, 51.28203 ], [ -58.24491, 51.31297 ], [ -58.2939701, 51.32705 ], [ -58.28327, 51.26604 ], [ -58.29407, 51.24337 ], [ -58.3276999, 51.2344099 ], [ -58.36634, 51.2916301 ], [ -58.4485, 51.3110099 ], [ -58.52505, 51.27634 ], [ -58.59091, 51.23125 ], [ -58.6419579, 51.2225535 ], [ -58.6040501, 51.1863501 ], [ -58.60748, 51.15606 ], [ -58.69216, 51.1198801 ], [ -58.7379201, 51.0914001 ], [ -58.8456, 51.06668 ], [ -58.82272, 51.03809 ], [ -58.881834, 50.9971533 ], [ -58.8867185, 50.9573455 ], [ -58.9189929, 50.9575884 ], [ -58.9199301, 51.0 ], [ -58.90284, 51.0439699 ], [ -58.9675901, 51.0272701 ], [ -58.9525623, 50.9742053 ], [ -58.9754668, 50.9447273 ], [ -58.9554786, 50.9131524 ], [ -58.9757877, 50.8948678 ], [ -58.9512268, 50.869649 ], [ -58.9542312, 50.8365154 ], [ -59.0003186, 50.7767969 ], [ -59.0324029, 50.770859 ], [ -59.0495883, 50.7478727 ], [ -59.1271648, 50.7924948 ], [ -59.1889376, 50.7470057 ], [ -59.20093, 50.727042 ], [ -59.2707109, 50.7503119 ], [ -59.2542917, 50.7155123 ], [ -59.2967022, 50.6952023 ], [ -59.3204034, 50.7011413 ], [ -59.3425761, 50.6519926 ], [ -59.4223602, 50.6470281 ], [ -59.4180241, 50.6214835 ], [ -59.4623548, 50.6215798 ], [ -59.4612331, 50.5923797 ], [ -59.4238202, 50.5539432 ], [ -59.4489608, 50.5421375 ], [ -59.5591845, 50.5225555 ], [ -59.5800472, 50.474703 ], [ -59.7034043, 50.4540837 ], [ -59.7374734, 50.432137 ], [ -59.8224558, 50.4134411 ], [ -59.8670276, 50.390815 ], [ -59.8683102, 50.3323301 ], [ -59.8567137, 50.3126185 ], [ -59.880692, 50.2920291 ], [ -59.974153, 50.2665993 ], [ -60.0906258, 50.2420894 ], [ -60.0859588, 50.226846 ], [ -60.1726134, 50.2043763 ], [ -60.1894, 50.2483678 ], [ -60.2128389, 50.2714936 ], [ -60.2590669, 50.2536222 ], [ -60.2907443, 50.2661585 ], [ -60.2913789, 50.3007833 ], [ -60.2451456, 50.325077 ], [ -60.3013721, 50.3328058 ], [ -60.3106961, 50.2989249 ], [ -60.2944702, 50.2780385 ], [ -60.3139932, 50.2226027 ], [ -60.3623044, 50.2378106 ], [ -60.384081, 50.21241 ], [ -60.4199865, 50.2429518 ], [ -60.4507806, 50.2277371 ], [ -60.4776477, 50.2411421 ], [ -60.5345987, 50.2336487 ], [ -60.5476637, 50.2088018 ], [ -60.6972544, 50.2131461 ], [ -60.7621163, 50.2356917 ], [ -60.7944544, 50.2018301 ], [ -60.832368, 50.2201045 ], [ -60.9282294, 50.2069857 ], [ -60.9584563, 50.2146988 ], [ -61.0021059, 50.2026404 ], [ -61.0462962, 50.2256944 ], [ -61.0655863, 50.1834635 ], [ -61.1214892, 50.1984803 ], [ -61.1896523, 50.1859766 ], [ -61.2654771, 50.1935403 ], [ -61.3248858, 50.1891588 ], [ -61.348895, 50.1760452 ], [ -61.4176587, 50.1727723 ], [ -61.526748, 50.1426779 ], [ -61.6515205, 50.1027958 ], [ -61.7232908, 50.0865603 ], [ -61.7919354, 50.0976771 ], [ -61.8108132, 50.1269382 ], [ -61.810251, 50.1693819 ], [ -61.9009111, 50.2287201 ], [ -61.9583949, 50.2313003 ], [ -62.0004256, 50.2087277 ], [ -62.0264668, 50.224457 ], [ -62.0829266, 50.2179955 ], [ -62.1625111, 50.2358979 ], [ -62.2101748, 50.2294396 ], [ -62.266889, 50.2572377 ], [ -62.3318237, 50.274034 ], [ -62.4448483, 50.2536103 ], [ -62.4900989, 50.2653521 ], [ -62.6274798, 50.2624128 ], [ -62.7157935, 50.2715057 ], [ -62.7861022, 50.2890861 ], [ -62.8277608, 50.2750578 ], [ -62.8789207, 50.288835 ], [ -62.9643485, 50.2738983 ], [ -63.0221566, 50.3090171 ], [ -63.0549608, 50.2952929 ], [ -63.0605351, 50.2736316 ], [ -63.1637654, 50.2864757 ], [ -63.1628446, 50.2511051 ], [ -63.2941926, 50.2230365 ], [ -63.3594033, 50.2347715 ], [ -63.3982931, 50.2019641 ], [ -63.4470252, 50.2031962 ], [ -63.4782346, 50.2490822 ], [ -63.5556795, 50.2556895 ], [ -63.6115606, 50.2371629 ], [ -63.638225, 50.2560034 ], [ -63.6889293, 50.2511 ], [ -63.7034105, 50.2843352 ], [ -63.7431604, 50.2936994 ], [ -63.8389292, 50.301635 ], [ -63.9020193, 50.2942419 ], [ -63.9589703, 50.3008346 ], [ -64.0322606, 50.2863294 ], [ -64.0969902, 50.2882493 ], [ -64.162243, 50.2554059 ], [ -64.201362, 50.2649109 ], [ -64.339004, 50.2824111 ], [ -64.4222217, 50.3165748 ], [ -64.4849478, 50.3151685 ], [ -64.5394867, 50.2847822 ], [ -64.6208569, 50.2774312 ], [ -64.6960896, 50.2791951 ], [ -64.738362, 50.2701759 ], [ -64.7806187, 50.2757874 ], [ -64.8523894, 50.2632358 ], [ -64.9282236, 50.2718447 ], [ -64.9595312, 50.2629903 ], [ -65.0237295, 50.280809 ], [ -65.2290285, 50.2889087 ], [ -65.2713446, 50.3031266 ], [ -65.4076111, 50.2984428 ], [ -65.5044385, 50.2860962 ], [ -65.5355085, 50.2736183 ], [ -65.6044886, 50.2726348 ], [ -65.6772974, 50.2608921 ], [ -65.7761006, 50.2578641 ], [ -65.819528, 50.2498448 ], [ -65.9148427, 50.2841525 ], [ -65.9722104, 50.2823703 ], [ -66.0009393, 50.265978 ], [ -66.052714, 50.209087 ], [ -66.0885212, 50.2163045 ], [ -66.110966, 50.1869024 ], [ -66.1547373, 50.1906094 ], [ -66.2188245, 50.2121405 ], [ -66.3241991, 50.2013182 ], [ -66.3618053, 50.1854869 ], [ -66.4098006, 50.2185963 ], [ -66.3936833, 50.2284194 ], [ -66.4077596, 50.2630977 ], [ -66.4538391, 50.2687013 ], [ -66.528911, 50.2304326 ], [ -66.5403587, 50.2122095 ], [ -66.5167824, 50.1613475 ], [ -66.4244577, 50.1552015 ], [ -66.4716903, 50.1273963 ], [ -66.5029085, 50.1457192 ], [ -66.5829971, 50.1470256 ], [ -66.6631637, 50.1242515 ], [ -66.7034734, 50.1029471 ], [ -66.7339439, 50.0447818 ], [ -66.8147766, 50.0210859 ], [ -66.8315444, 50.0259614 ], [ -66.9337381, 49.9983315 ], [ -66.9724088, 49.9523586 ], [ -66.9651327, 49.9170751 ], [ -66.9954329, 49.8956415 ], [ -67.002435, 49.8624549 ], [ -67.0433099, 49.8233787 ], [ -67.0906194, 49.8479267 ], [ -67.1337313, 49.8147524 ], [ -67.1668267, 49.7754343 ], [ -67.1725722, 49.7195119 ], [ -67.166205, 49.6703663 ], [ -67.1902425, 49.6541498 ], [ -67.2344732, 49.5932764 ], [ -67.2304862, 49.5173469 ], [ -67.2380123, 49.4600926 ], [ -67.3034507, 49.4184195 ], [ -67.3083274, 49.3881773 ], [ -67.3794582, 49.3175833 ], [ -67.4533139, 49.3233814 ], [ -67.5954669, 49.3213508 ], [ -67.6722651, 49.3004061 ], [ -67.7186607, 49.3050668 ], [ -67.7714416, 49.2981207 ], [ -67.8225201, 49.2696075 ], [ -67.8997529, 49.2917466 ], [ -67.9539629, 49.2792311 ], [ -68.0514745, 49.2821514 ], [ -68.0788493, 49.2534689 ], [ -68.1271712, 49.2711652 ], [ -68.1441073, 49.2034989 ], [ -68.1938219, 49.2006899 ], [ -68.2773246, 49.1751138 ], [ -68.2180936, 49.1556708 ], [ -68.1826387, 49.1550686 ], [ -68.1891706, 49.1001315 ], [ -68.2299674, 49.090075 ], [ -68.3047857, 49.0942605 ], [ -68.3460286, 49.0796679 ], [ -68.400917, 49.045284 ], [ -68.4487095, 49.0415398 ], [ -68.4315185, 49.0792014 ], [ -68.4850855, 49.0694385 ], [ -68.5244857, 49.0735742 ], [ -68.5751303, 49.0611618 ], [ -68.6202813, 49.0278436 ], [ -68.6380716, 48.9760232 ], [ -68.6342839, 48.9442308 ], [ -68.6983442, 48.9043171 ], [ -68.7931793, 48.8859342 ], [ -68.8501419, 48.8401374 ], [ -68.9272976, 48.8198131 ], [ -68.9486437, 48.7866932 ], [ -69.066183, 48.7611209 ], [ -69.0569132, 48.7405836 ], [ -69.0851722, 48.6921155 ], [ -69.0847688, 48.6477676 ], [ -69.1305052, 48.5761566 ], [ -69.148372, 48.5628961 ], [ -69.1946882, 48.5847795 ], [ -69.2320454, 48.5724592 ], [ -69.2412885, 48.550495 ], [ -69.2813811, 48.5143834 ], [ -69.2933796, 48.4536636 ], [ -69.3570435, 48.3784449 ], [ -69.4036976, 48.3531749 ], [ -69.3949267, 48.331851 ], [ -69.424963, 48.3005983 ], [ -69.4974073, 48.2661798 ], [ -69.5134763, 48.2417064 ], [ -69.579403, 48.221263 ], [ -69.6411588, 48.1626927 ], [ -69.6813509, 48.1373509 ], [ -69.8034195, 48.1477332 ], [ -69.8485475, 48.1686063 ], [ -69.8833099, 48.2311689 ], [ -69.95301, 48.2392707 ], [ -69.9928631, 48.2597661 ], [ -70.0487396, 48.2685329 ], [ -70.1193138, 48.2613264 ], [ -70.2047478, 48.2888655 ], [ -70.3644739, 48.3648026 ], [ -70.3890905, 48.3728071 ], [ -70.434279, 48.3631747 ], [ -70.5652702, 48.3856058 ], [ -70.6115097, 48.3787619 ], [ -70.6524586, 48.3880237 ], [ -70.7103441, 48.3780503 ], [ -70.7404484, 48.4266009 ], [ -70.7923194, 48.4329859 ], [ -70.8300683, 48.421239 ], [ -70.8836848, 48.4454225 ], [ -70.9426071, 48.454046 ], [ -70.9979976, 48.4477771 ], [ -70.8986863, 48.415701 ], [ -70.8279149, 48.3994308 ], [ -70.7927432, 48.404262 ], [ -70.7493964, 48.3819928 ], [ -70.8557303, 48.3501772 ], [ -70.8488493, 48.3181103 ], [ -70.7669897, 48.3507598 ], [ -70.6849432, 48.3478533 ], [ -70.6378196, 48.3580219 ], [ -70.5690791, 48.3578072 ], [ -70.3611323, 48.339723 ], [ -70.3378267, 48.3229458 ], [ -70.2016752, 48.2718419 ], [ -70.2028521, 48.2456993 ], [ -70.1603154, 48.2505162 ], [ -70.0969133, 48.2361123 ], [ -70.0653745, 48.2458023 ], [ -69.9988703, 48.2416179 ], [ -69.9075048, 48.21103 ], [ -69.8754745, 48.1669618 ], [ -69.8447518, 48.1431862 ], [ -69.7862241, 48.1389444 ], [ -69.7158741, 48.1230209 ], [ -69.7104451, 48.1003149 ], [ -69.7486077, 48.0780806 ], [ -69.7631737, 48.0504041 ], [ -69.7619929, 48.004701 ], [ -69.7959132, 47.9486338 ], [ -69.80643, 47.9105482 ], [ -69.8620546, 47.8660425 ], [ -69.9008594, 47.8030306 ], [ -69.9059029, 47.7696984 ], [ -69.9579976, 47.7535231 ], [ -69.978596, 47.7163216 ], [ -70.1267739, 47.6506896 ], [ -70.1405238, 47.6230476 ], [ -70.1923115, 47.5860964 ], [ -70.2004385, 47.5371457 ], [ -70.2344907, 47.48748 ], [ -70.2942994, 47.4680705 ], [ -70.3491021, 47.4627197 ], [ -70.4528721, 47.4261688 ], [ -70.4876051, 47.4335477 ], [ -70.5049889, 47.3747167 ], [ -70.5302484, 47.3549844 ], [ -70.5657987, 47.3055319 ], [ -70.5867057, 47.2540574 ], [ -70.7159075, 47.1081251 ], [ -70.8061463, 47.049727 ], [ -70.8814456, 47.0408906 ], [ -70.9451003, 47.0146205 ], [ -71.0250616, 46.9643784 ], [ -71.0525617, 46.9335065 ], [ -71.1391453, 46.888367 ], [ -71.1701433, 46.858162 ], [ -71.202639, 46.849219 ], [ -71.2029646, 46.8075685 ], [ -71.2428937, 46.7721896 ], [ -71.2920015, 46.7480338 ], [ -71.3439037, 46.7475002 ], [ -71.3705138, 46.7331576 ], [ -71.4096249, 46.7354193 ], [ -71.5370852, 46.7141308 ], [ -71.5730516, 46.6980774 ], [ -71.6389902, 46.6903124 ], [ -71.6941398, 46.6681112 ], [ -71.7894271, 46.6695381 ], [ -71.8436694, 46.692116 ], [ -71.8989823, 46.6820525 ], [ -71.9276125, 46.6461384 ], [ -72.0062833, 46.6136397 ], [ -72.0355031, 46.5888387 ], [ -72.14425, 46.5783626 ], [ -72.2171958, 46.54551 ], [ -72.24971, 46.4970955 ], [ -72.261357, 46.4588767 ], [ -72.2899076, 46.4446754 ], [ -72.3463511, 46.4393214 ], [ -72.3818399, 46.4160642 ], [ -72.4192932, 46.4082861 ], [ -72.486465, 46.3799314 ], [ -72.5935658, 46.2962576 ], [ -72.6703759, 46.2778401 ], [ -72.7291614, 46.2910402 ], [ -72.8125494, 46.258021 ], [ -72.8261329, 46.2673516 ], [ -72.8907992, 46.241036 ], [ -72.9188697, 46.2187328 ], [ -72.986641, 46.198715 ], [ -73.0072141, 46.1657791 ], [ -73.0927878, 46.1426444 ], [ -73.1535588, 46.1060682 ], [ -73.1750295, 46.0799882 ], [ -73.1791292, 46.0412251 ], [ -73.1995926, 45.9774628 ], [ -73.2184525, 45.9614372 ], [ -73.2786484, 45.8793068 ], [ -73.3269882, 45.8330841 ], [ -73.3649902, 45.8197517 ], [ -73.4261246, 45.7542152 ], [ -73.4720917, 45.7139664 ], [ -73.4895706, 45.6864853 ], [ -73.490654, 45.6337395 ], [ -73.5091248, 45.6110268 ], [ -73.5100021, 45.5807457 ], [ -73.5409393, 45.5385208 ], [ -73.5448837, 45.4813042 ], [ -73.5818481, 45.4340096 ], [ -73.6068268, 45.4165192 ], [ -73.6452408, 45.4163589 ], [ -73.7161026, 45.4345818 ], [ -73.795929, 45.4425354 ], [ -73.9352264, 45.4027557 ], [ -73.9726944, 45.4234962 ], [ -74.0200806, 45.4124031 ], [ -74.0088196, 45.3654366 ], [ -73.9680023, 45.333725 ], [ -73.9988632, 45.3145103 ], [ -74.0491333, 45.3056793 ], [ -74.1103668, 45.3105545 ], [ -74.172493, 45.2963257 ], [ -74.2088699, 45.2563972 ], [ -74.345108, 45.2049942 ], [ -74.3932343, 45.1676674 ], [ -74.4500427, 45.1576576 ], [ -74.5079117, 45.1216469 ], [ -74.5235138, 45.0915413 ], [ -74.5614319, 45.0612717 ], [ -74.6303558, 45.0372734 ], [ -74.7064743, 45.0211372 ], [ -74.7913742, 45.01231 ], [ -74.8312506, 45.0324142 ], [ -74.9171079, 45.020593 ], [ -74.9291215, 45.0103123 ], [ -75.0098236, 44.9835836 ], [ -75.036218, 44.9516892 ], [ -75.1357879, 44.9239628 ], [ -75.1689872, 44.8984294 ], [ -75.3081925, 44.843581 ], [ -75.403338, 44.7763614 ], [ -75.4617056, 44.7471838 ], [ -75.4828686, 44.7224892 ], [ -75.5371348, 44.6981217 ], [ -75.5766424, 44.6597988 ], [ -75.7442975, 44.5472638 ], [ -75.8893016, 44.4261968 ], [ -75.9375626, 44.3754818 ], [ -76.0615853, 44.3434265 ], [ -76.149595, 44.329783 ], [ -76.1968401, 44.307412 ], [ -76.2122527, 44.3194984 ], [ -76.310503, 44.294132 ], [ -76.3335275, 44.2735712 ], [ -76.3698424, 44.2656674 ], [ -76.4316053, 44.2347587 ], [ -76.5576581, 44.2093437 ], [ -76.6311948, 44.2217737 ], [ -76.6877542, 44.2164564 ], [ -76.9275179, 44.1050702 ], [ -76.9685208, 44.0642199 ], [ -77.0269269, 44.0665091 ], [ -77.0707036, 44.0832611 ], [ -77.0159962, 44.1038358 ], [ -77.0651339, 44.1251656 ], [ -77.0385351, 44.1766709 ], [ -77.0900423, 44.17555 ], [ -77.1498319, 44.1618246 ], [ -77.2575507, 44.1790416 ], [ -77.2820888, 44.1601063 ], [ -77.3356526, 44.1679825 ], [ -77.5192444, 44.1080884 ], [ -77.5718644, 44.1023665 ], [ -77.5985158, 44.0659787 ], [ -77.5694369, 44.0561016 ], [ -77.4966738, 44.1070229 ], [ -77.3118764, 44.1486986 ], [ -77.3212468, 44.0979942 ], [ -77.2381983, 44.1346363 ], [ -77.0732629, 44.1741462 ], [ -77.0588607, 44.162375 ], [ -77.0833632, 44.090789 ], [ -77.1265292, 44.0394186 ], [ -77.0838865, 44.0460542 ], [ -77.0225304, 44.0335721 ], [ -76.9328334, 44.0629798 ], [ -76.885804, 44.0991992 ], [ -76.8521725, 44.0826442 ], [ -76.8991204, 44.0538204 ], [ -76.8999604, 44.0341555 ], [ -76.9656101, 44.0171323 ], [ -76.9934875, 43.9999222 ], [ -77.0269553, 43.9577339 ], [ -77.0187894, 43.9394245 ], [ -76.9381289, 43.929785 ], [ -76.8644788, 43.9480429 ], [ -76.8591411, 43.9338902 ], [ -76.9380476, 43.9211604 ], [ -77.0093723, 43.8903215 ], [ -77.0417437, 43.8907518 ], [ -77.0889926, 43.8638602 ], [ -77.1554007, 43.8387778 ], [ -77.1687743, 43.8648623 ], [ -77.2417942, 43.9045121 ], [ -77.2544502, 43.938997 ], [ -77.3184496, 43.9583774 ], [ -77.4002721, 43.935596 ], [ -77.4840874, 43.9262037 ], [ -77.5321925, 43.9635337 ], [ -77.536677, 44.009465 ], [ -77.5836562, 44.0149411 ], [ -77.5954704, 44.0327149 ], [ -77.6814546, 44.0119886 ], [ -77.7196558, 44.0190191 ], [ -77.8203481, 44.0034229 ], [ -77.8778483, 43.9765316 ], [ -77.9348159, 43.9701513 ], [ -77.9724648, 43.9776357 ], [ -78.0065806, 43.9631509 ], [ -78.0894496, 43.9677773 ], [ -78.115887, 43.9571299 ], [ -78.2546912, 43.9534008 ], [ -78.2913809, 43.9410889 ], [ -78.377248, 43.9292122 ], [ -78.4818915, 43.896555 ], [ -78.6129908, 43.8989905 ], [ -78.6767631, 43.8846427 ], [ -78.6897266, 43.8712236 ], [ -78.7938457, 43.8672988 ], [ -78.9021684, 43.8455041 ], [ -78.9344964, 43.8546202 ], [ -78.9832226, 43.827206 ], [ -79.0599124, 43.8077264 ], [ -79.0938817, 43.811996 ], [ -79.1532599, 43.7590973 ], [ -79.188712, 43.7467898 ], [ -79.2778959, 43.6720731 ], [ -79.4090593, 43.6298117 ], [ -79.4552347, 43.6374886 ], [ -79.5009747, 43.5950351 ], [ -79.5369768, 43.5881431 ], [ -79.5979408, 43.5365422 ], [ -79.6064732, 43.496621 ], [ -79.6841224, 43.4241453 ], [ -79.7178083, 43.3754824 ], [ -79.7713673, 43.3354506 ], [ -79.8683918, 43.2862845 ], [ -79.7851533, 43.2836455 ], [ -79.7486606, 43.2472186 ], [ -79.6543984, 43.2226818 ], [ -79.6280775, 43.2286104 ], [ -79.5801854, 43.2048481 ], [ -79.5283411, 43.1953191 ], [ -79.4056841, 43.1974504 ], [ -79.357227, 43.1814351 ], [ -79.3263593, 43.181488 ], [ -79.1935637, 43.2281527 ], [ -79.131353, 43.2581507 ], [ -79.0738682, 43.2622663 ], [ -79.0522232, 43.2456894 ], [ -79.0516663, 43.1737976 ], [ -79.0434341, 43.1520958 ], [ -79.0727539, 43.078186 ], [ -79.0216141, 43.0549698 ], [ -79.021431, 42.9828644 ], [ -78.9617691, 42.9481659 ], [ -78.9288635, 42.945343 ], [ -78.905304, 42.9133682 ], [ -78.9529538, 42.880379 ], [ -79.0356891, 42.8740494 ], [ -79.0571275, 42.8594045 ], [ -79.1168768, 42.8601729 ], [ -79.1671407, 42.8760272 ], [ -79.3302241, 42.8740277 ], [ -79.3437426, 42.8592066 ], [ -79.4391957, 42.8761141 ], [ -79.4833342, 42.8408803 ], [ -79.5249882, 42.854162 ], [ -79.5502399, 42.8413836 ], [ -79.5854735, 42.8577005 ], [ -79.638956, 42.8356958 ], [ -79.6985704, 42.8605302 ], [ -79.7530452, 42.842049 ], [ -79.7878647, 42.843637 ], [ -79.8433337, 42.8229737 ], [ -79.8726158, 42.8249982 ], [ -79.965839, 42.80962 ], [ -79.9857033, 42.7917017 ], [ -80.0225962, 42.8072188 ], [ -80.0537998, 42.7950347 ], [ -80.2221767, 42.7818536 ], [ -80.32518, 42.6946693 ], [ -80.4251136, 42.646206 ], [ -80.4546483, 42.6142114 ], [ -80.4350484, 42.5824308 ], [ -80.398735, 42.5926397 ], [ -80.2937572, 42.5626545 ], [ -80.2391114, 42.565447 ], [ -80.1326714, 42.5584687 ], [ -80.1628649, 42.5397662 ], [ -80.4091339, 42.5792645 ], [ -80.5280288, 42.5734388 ], [ -80.612488, 42.5796397 ], [ -80.7368855, 42.6275087 ], [ -80.7936863, 42.6436279 ], [ -80.9083047, 42.6600131 ], [ -81.0081433, 42.6553112 ], [ -81.1974604, 42.6655095 ], [ -81.2624794, 42.6619524 ], [ -81.3489462, 42.6420231 ], [ -81.404085, 42.6052856 ], [ -81.4406992, 42.6037244 ], [ -81.466353, 42.5835686 ], [ -81.5036802, 42.5768133 ], [ -81.572345, 42.5397609 ], [ -81.6233661, 42.4983652 ], [ -81.8120911, 42.3858429 ], [ -81.8372955, 42.3441533 ], [ -81.8469633, 42.2587493 ], [ -81.8824737, 42.2565903 ], [ -81.8780395, 42.2830678 ], [ -81.8479218, 42.3211623 ], [ -81.8870063, 42.320174 ], [ -81.9282371, 42.2927874 ], [ -81.9334288, 42.2623536 ], [ -82.0016327, 42.2648865 ], [ -82.093962, 42.2472488 ], [ -82.2001013, 42.1965455 ], [ -82.3669384, 42.1334322 ], [ -82.4319855, 42.0945943 ], [ -82.4844267, 42.0372557 ], [ -82.5016601, 41.9849606 ], [ -82.5049686, 41.9390344 ], [ -82.5883988, 42.0222347 ], [ -82.6692566, 42.0367483 ], [ -82.7167543, 42.0322732 ], [ -82.8069752, 42.0004515 ], [ -82.9248566, 41.980931 ], [ -83.0130663, 42.0229138 ], [ -83.1073941, 42.0468202 ], [ -83.1162728, 42.1384459 ], [ -83.1009974, 42.1974406 ], [ -83.1073999, 42.2568491 ], [ -83.0905256, 42.291925 ], [ -83.0587345, 42.3158423 ], [ -82.9540732, 42.3343765 ], [ -82.8759133, 42.3303485 ], [ -82.7809064, 42.3038449 ], [ -82.7265447, 42.2966568 ], [ -82.6120675, 42.3028642 ], [ -82.5465973, 42.3149256 ], [ -82.5046827, 42.3063496 ], [ -82.4516886, 42.3202647 ], [ -82.4163762, 42.3648882 ], [ -82.4108884, 42.3956318 ], [ -82.4305695, 42.4856773 ], [ -82.464734, 42.4903295 ], [ -82.509176, 42.5136587 ], [ -82.5209381, 42.4910126 ], [ -82.5669982, 42.5203609 ], [ -82.5785046, 42.5636592 ], [ -82.5203691, 42.6057576 ], [ -82.5069238, 42.6628506 ], [ -82.4766953, 42.7201739 ], [ -82.4638779, 42.769295 ], [ -82.4782056, 42.8049857 ], [ -82.4667845, 42.8378622 ], [ -82.4576473, 42.9075857 ], [ -82.4475162, 42.9329563 ], [ -82.410857, 42.9679325 ], [ -82.4179676, 43.002632 ], [ -82.3851031, 43.0142536 ], [ -82.2591631, 43.0325006 ], [ -82.1680006, 43.0605539 ], [ -82.1491127, 43.0929792 ], [ -82.1045676, 43.1066522 ], [ -82.0318436, 43.1641736 ], [ -82.0377486, 43.1974938 ], [ -81.9209636, 43.2286313 ], [ -81.8030639, 43.2866201 ], [ -81.7407527, 43.3369583 ], [ -81.7097865, 43.3981405 ], [ -81.717474, 43.4247386 ], [ -81.7063287, 43.5671235 ], [ -81.7192485, 43.6439171 ], [ -81.7275434, 43.7391882 ], [ -81.7195772, 43.7860491 ], [ -81.7255174, 43.8488838 ], [ -81.7231293, 43.9406011 ], [ -81.7341227, 43.9824232 ], [ -81.7347808, 44.0291147 ], [ -81.7567236, 44.0740388 ], [ -81.7327205, 44.1000928 ], [ -81.6628754, 44.1528408 ], [ -81.6140965, 44.2185964 ], [ -81.5914795, 44.2880952 ], [ -81.606826, 44.3201106 ], [ -81.582812, 44.3419747 ], [ -81.5498873, 44.3429956 ], [ -81.5219798, 44.3857921 ], [ -81.481859, 44.4187501 ], [ -81.4280777, 44.4240965 ], [ -81.403331, 44.4398099 ], [ -81.3875325, 44.4897772 ], [ -81.3481939, 44.534999 ], [ -81.3233656, 44.550347 ], [ -81.2784167, 44.6041747 ], [ -81.272866, 44.650483 ], [ -81.303259, 44.6801842 ], [ -81.2772426, 44.6987586 ], [ -81.2770921, 44.7525563 ], [ -81.2951422, 44.7825046 ], [ -81.2985086, 44.8236329 ], [ -81.3166056, 44.8274078 ], [ -81.3352587, 44.865567 ], [ -81.3729759, 44.9062218 ], [ -81.3538763, 44.9662829 ], [ -81.3762687, 44.966884 ], [ -81.4535309, 45.003589 ], [ -81.4680279, 45.0473387 ], [ -81.5144063, 45.07592 ], [ -81.5280818, 45.1079605 ], [ -81.5658123, 45.126141 ], [ -81.5859142, 45.192249 ], [ -81.6486534, 45.1872322 ], [ -81.7030701, 45.1986521 ], [ -81.7183983, 45.2293739 ], [ -81.6884002, 45.2567827 ], [ -81.6454088, 45.2594663 ], [ -81.4623755, 45.2302873 ], [ -81.3008502, 45.2472884 ], [ -81.2864211, 45.2221089 ], [ -81.3282662, 45.189268 ], [ -81.3360873, 45.1424166 ], [ -81.282019, 45.1088392 ], [ -81.2626712, 45.076695 ], [ -81.2773232, 45.0200345 ], [ -81.2485044, 44.9873891 ], [ -81.222515, 45.0096045 ], [ -81.1947619, 44.9972342 ], [ -81.2198949, 44.9728741 ], [ -81.1954476, 44.9580672 ], [ -81.122391, 44.9612874 ], [ -81.1108576, 44.9222296 ], [ -81.0611327, 44.9146925 ], [ -81.0565506, 44.9452446 ], [ -81.0356047, 44.9665611 ], [ -80.9678414, 44.9440096 ], [ -81.0177472, 44.9179516 ], [ -81.0304923, 44.8923203 ], [ -81.0071655, 44.8719316 ], [ -81.0343291, 44.836193 ], [ -81.1258495, 44.7796054 ], [ -81.0793865, 44.780928 ], [ -80.9865492, 44.8092314 ], [ -80.9472675, 44.7926539 ], [ -80.9076667, 44.7954947 ], [ -80.8896653, 44.7698811 ], [ -80.888106, 44.7372281 ], [ -80.9105118, 44.7065669 ], [ -80.9181118, 44.6687355 ], [ -80.9435054, 44.6093188 ], [ -80.8747851, 44.6271053 ], [ -80.8226713, 44.6895145 ], [ -80.7496705, 44.7246549 ], [ -80.6398348, 44.7204225 ], [ -80.62605, 44.6861467 ], [ -80.6258001, 44.6417986 ], [ -80.5942462, 44.6122866 ], [ -80.5539731, 44.594766 ], [ -80.5110118, 44.5956979 ], [ -80.4051158, 44.5398676 ], [ -80.3506348, 44.5382444 ], [ -80.3126235, 44.5220885 ], [ -80.2934617, 44.532725 ], [ -80.231043, 44.5051158 ], [ -80.1827222, 44.5018437 ], [ -80.1375844, 44.4768037 ], [ -80.0975935, 44.4718868 ], [ -80.0652614, 44.4875032 ], [ -80.0203901, 44.5249538 ], [ -79.9954171, 44.5596542 ], [ -80.0089015, 44.5986022 ], [ -79.9792054, 44.6676572 ], [ -80.0333116, 44.7230951 ], [ -80.0695391, 44.7276261 ], [ -80.1315632, 44.7596978 ], [ -80.1239472, 44.8094313 ], [ -80.078078, 44.8230534 ], [ -80.0515073, 44.8179752 ], [ -80.0245341, 44.8493713 ], [ -79.9593489, 44.8657582 ], [ -79.9230552, 44.8611943 ], [ -79.9043077, 44.8399308 ], [ -79.9289686, 44.8150158 ], [ -79.8737863, 44.807676 ], [ -79.8424545, 44.7623123 ], [ -79.7454007, 44.7342809 ], [ -79.7078118, 44.7591443 ], [ -79.7225781, 44.7936589 ], [ -79.7440105, 44.7904716 ], [ -79.7823582, 44.8199156 ], [ -79.7708509, 44.8375566 ], [ -79.81988, 44.8575911 ], [ -79.8315155, 44.9422095 ], [ -79.8841533, 44.9599053 ], [ -79.9102295, 44.933984 ], [ -79.9329348, 44.972601 ], [ -79.9302284, 44.9966462 ], [ -79.9970879, 45.0245472 ], [ -80.0190064, 45.0659881 ], [ -80.0659568, 45.0647172 ], [ -80.0510333, 45.1087389 ], [ -80.0159565, 45.1136215 ], [ -79.9923782, 45.1476368 ], [ -80.0439734, 45.1784238 ], [ -80.0733604, 45.207635 ], [ -80.133619, 45.2271884 ], [ -80.1469272, 45.2424402 ], [ -80.0447664, 45.2935161 ], [ -80.039343, 45.3374628 ], [ -80.0787364, 45.40319 ], [ -80.1262842, 45.408157 ], [ -80.1899861, 45.3880419 ], [ -80.2086613, 45.3530504 ], [ -80.2347429, 45.3414541 ], [ -80.2703367, 45.3610232 ], [ -80.298576, 45.3554382 ], [ -80.3224737, 45.4244092 ], [ -80.3765447, 45.4347749 ], [ -80.3988079, 45.4839929 ], [ -80.3855665, 45.5676154 ], [ -80.4200381, 45.5791261 ], [ -80.4768359, 45.5683211 ], [ -80.5105019, 45.5708054 ], [ -80.5310249, 45.6010959 ], [ -80.5129483, 45.6251309 ], [ -80.5728181, 45.6351646 ], [ -80.6031233, 45.6768767 ], [ -80.6019179, 45.6954086 ], [ -80.6465364, 45.7293257 ], [ -80.629527, 45.7643215 ], [ -80.6534501, 45.7935357 ], [ -80.7260461, 45.8322532 ], [ -80.7427452, 45.8937247 ], [ -80.7351694, 45.9132029 ], [ -80.8120516, 45.9431307 ], [ -80.8346368, 45.9198023 ], [ -80.8779588, 45.9400951 ], [ -80.9767748, 45.9216504 ], [ -81.0315426, 45.9328103 ], [ -81.0541521, 45.9522163 ], [ -81.1454196, 45.9304749 ], [ -81.1818242, 45.9373173 ], [ -81.1559087, 45.9695628 ], [ -81.1541382, 46.0013873 ], [ -81.2026863, 46.0005692 ], [ -81.2339641, 45.9926147 ], [ -81.3631778, 45.9974609 ], [ -81.4445059, 45.990103 ], [ -81.4884905, 45.9678375 ], [ -81.5132816, 46.0102365 ], [ -81.568167, 45.9841437 ], [ -81.5765301, 46.0048081 ], [ -81.5122968, 46.0419617 ], [ -81.5570076, 46.0470899 ], [ -81.6281787, 46.0849525 ], [ -81.6190642, 46.1125711 ], [ -81.6526411, 46.114552 ], [ -81.6684067, 46.0956045 ], [ -81.6483567, 46.0631953 ], [ -81.7365931, 46.0620201 ], [ -81.7555062, 46.0075821 ], [ -81.7858738, 45.9849469 ], [ -81.8521011, 45.999881 ], [ -81.9047943, 45.9867557 ], [ -81.9573763, 46.0118254 ], [ -81.9504854, 46.049206 ], [ -81.9245524, 46.0459165 ], [ -81.8470771, 46.0614062 ], [ -81.8061062, 46.0489385 ], [ -81.7562367, 46.0831043 ], [ -81.8343505, 46.1027349 ], [ -81.8904298, 46.0922762 ], [ -81.9722327, 46.0909557 ], [ -82.0634841, 46.1085331 ], [ -82.1824305, 46.1172293 ], [ -82.2631184, 46.1488631 ], [ -82.2982208, 46.1366842 ], [ -82.3283239, 46.1459112 ], [ -82.3361817, 46.1870732 ], [ -82.4413561, 46.1836306 ], [ -82.4706465, 46.1958555 ], [ -82.5497674, 46.1667561 ], [ -82.6143445, 46.1693673 ], [ -82.676934, 46.1577174 ], [ -82.6961579, 46.1992659 ], [ -82.7982581, 46.1885827 ], [ -82.8318408, 46.1762708 ], [ -82.8845426, 46.1752323 ], [ -82.9547599, 46.1834129 ], [ -82.9735164, 46.1724214 ], [ -83.0620642, 46.1658949 ], [ -83.1120723, 46.1939333 ], [ -83.1675327, 46.1967384 ], [ -83.364526, 46.2255232 ], [ -83.4068966, 46.2383772 ], [ -83.5120738, 46.2473435 ], [ -83.5664771, 46.2606092 ], [ -83.6115983, 46.2852981 ], [ -83.6355535, 46.2721802 ], [ -83.6834794, 46.2699995 ], [ -83.7497672, 46.2965199 ], [ -83.8640464, 46.2967998 ], [ -83.8797784, 46.3258912 ], [ -83.9289492, 46.3359139 ], [ -83.9454425, 46.3238392 ], [ -84.0482759, 46.3144071 ], [ -84.1333417, 46.3687929 ], [ -84.1108789, 46.4013357 ], [ -84.0978224, 46.4576994 ], [ -84.0768354, 46.4910637 ], [ -84.134894, 46.5333173 ], [ -84.2080277, 46.5462212 ], [ -84.2601952, 46.5012211 ], [ -84.2845973, 46.4960799 ], [ -84.3772013, 46.5167765 ], [ -84.4178267, 46.514507 ], [ -84.4842555, 46.4895077 ], [ -84.5133371, 46.4690292 ], [ -84.5332369, 46.5021961 ], [ -84.599994, 46.547475 ], [ -84.5932094, 46.5782935 ], [ -84.5002663, 46.6420507 ], [ -84.4919186, 46.6610435 ], [ -84.4220257, 46.687539 ], [ -84.4418136, 46.7115782 ], [ -84.4319283, 46.7342388 ], [ -84.4821852, 46.7618944 ], [ -84.5071367, 46.7463384 ], [ -84.5192666, 46.6986995 ], [ -84.572296, 46.6967121 ], [ -84.5771941, 46.7361981 ], [ -84.5414872, 46.7886705 ], [ -84.5547951, 46.8271893 ], [ -84.5021755, 46.8221559 ], [ -84.4873447, 46.8440138 ], [ -84.4443582, 46.8449235 ], [ -84.4128865, 46.8155181 ], [ -84.3554447, 46.8685609 ], [ -84.3658298, 46.8932854 ], [ -84.409457, 46.9167431 ], [ -84.4791464, 46.9393536 ], [ -84.5332375, 46.9254042 ], [ -84.5763426, 46.9442923 ], [ -84.6065197, 46.9180817 ], [ -84.6526779, 46.9189549 ], [ -84.6573092, 46.9531082 ], [ -84.697078, 46.9682233 ], [ -84.7253631, 46.951906 ], [ -84.7792332, 46.9751612 ], [ -84.7932385, 47.002814 ], [ -84.7725787, 47.0146693 ], [ -84.7780159, 47.0481033 ], [ -84.7410448, 47.0691788 ], [ -84.7117382, 47.1002969 ], [ -84.7376989, 47.1369545 ], [ -84.6949527, 47.1628524 ], [ -84.7124082, 47.1819752 ], [ -84.68003, 47.1990591 ], [ -84.6489866, 47.2406921 ], [ -84.5886755, 47.2819136 ], [ -84.6140141, 47.3302875 ], [ -84.6442493, 47.3572188 ], [ -84.7019453, 47.3684568 ], [ -84.7029906, 47.4006427 ], [ -84.7287866, 47.428083 ], [ -84.7931682, 47.4738313 ], [ -84.8222915, 47.4767691 ], [ -84.9595878, 47.5372416 ], [ -84.9490141, 47.5533137 ], [ -85.0087718, 47.5885776 ], [ -85.0161572, 47.6434028 ], [ -84.9809654, 47.6661526 ], [ -85.011041, 47.7065403 ], [ -84.9781397, 47.7317108 ], [ -84.9486003, 47.7334418 ], [ -84.9181961, 47.7906268 ], [ -84.9497989, 47.8205102 ], [ -84.8864418, 47.8829413 ], [ -84.8370483, 47.914731 ], [ -84.8579119, 47.957181 ], [ -85.0443481, 47.9615863 ], [ -85.1369909, 47.9559475 ], [ -85.1970713, 47.96007 ], [ -85.2471781, 47.9514278 ], [ -85.3135087, 47.9549464 ], [ -85.3940349, 47.9224839 ], [ -85.440721, 47.9247839 ], [ -85.5688234, 47.9176399 ], [ -85.6638196, 47.922494 ], [ -85.8018155, 47.9505109 ], [ -85.8721884, 47.9820743 ], [ -85.9284925, 48.0209493 ], [ -86.0178689, 48.0960157 ], [ -86.0844962, 48.1605175 ], [ -86.098151, 48.2048421 ], [ -86.1400777, 48.2412098 ], [ -86.140758, 48.2705193 ], [ -86.1769816, 48.3231988 ], [ -86.196374, 48.3755926 ], [ -86.1862568, 48.3977511 ], [ -86.2287679, 48.4111096 ], [ -86.2338385, 48.4694559 ], [ -86.2481064, 48.4818058 ], [ -86.2793536, 48.5762497 ], [ -86.3302688, 48.615353 ], [ -86.3966824, 48.7133103 ], [ -86.3975237, 48.7467934 ], [ -86.4287326, 48.7736403 ], [ -86.5393973, 48.7494913 ], [ -86.53868, 48.7270958 ], [ -86.5916319, 48.7332548 ], [ -86.6185641, 48.7536986 ], [ -86.6171057, 48.7816202 ], [ -86.6829512, 48.789785 ], [ -86.6994865, 48.8040345 ], [ -86.7578861, 48.7804642 ], [ -86.7978068, 48.7795629 ], [ -86.8266695, 48.7541485 ], [ -86.8704855, 48.7473478 ], [ -86.894467, 48.7713108 ], [ -86.9400099, 48.7718329 ], [ -87.0047725, 48.8052486 ], [ -87.0738684, 48.7729584 ], [ -87.1424916, 48.77101 ], [ -87.2284101, 48.7562981 ], [ -87.302131, 48.7684541 ], [ -87.288917, 48.7924121 ], [ -87.3897708, 48.8063454 ], [ -87.4068458, 48.8333397 ], [ -87.4745602, 48.8407678 ], [ -87.5529031, 48.8370371 ], [ -87.5405942, 48.8745946 ], [ -87.645696, 48.8560301 ], [ -87.6725389, 48.8979576 ], [ -87.766712, 48.9129755 ], [ -87.7909603, 48.9273194 ], [ -87.8453804, 48.9250345 ], [ -87.8906843, 48.9401018 ], [ -87.9156148, 48.9310866 ], [ -87.9702286, 48.9499839 ], [ -88.0549244, 49.0104354 ], [ -88.0725626, 48.9843248 ], [ -88.10434, 49.0 ], [ -88.1326506, 48.9906198 ], [ -88.1744426, 48.9554474 ], [ -88.1905456, 48.9673309 ], [ -88.2613963, 48.9498225 ], [ -88.2260734, 48.926493 ], [ -88.2455773, 48.8784449 ], [ -88.2282619, 48.8411894 ], [ -88.1724357, 48.8272655 ], [ -88.0962274, 48.7880082 ], [ -88.1072922, 48.7463111 ], [ -88.0981135, 48.7002541 ], [ -88.1626302, 48.6349683 ], [ -88.2345297, 48.5823095 ], [ -88.2831226, 48.5897208 ], [ -88.2976563, 48.6213133 ], [ -88.3396805, 48.6424715 ], [ -88.3309853, 48.5884339 ], [ -88.3763279, 48.5397957 ], [ -88.4122804, 48.5368149 ], [ -88.4268021, 48.5681767 ], [ -88.4669529, 48.5120133 ], [ -88.4977652, 48.5002328 ], [ -88.4858984, 48.4666196 ], [ -88.5164295, 48.4631174 ], [ -88.5301627, 48.4388575 ], [ -88.5725589, 48.4568529 ], [ -88.5524845, 48.5377714 ], [ -88.5404519, 48.5349909 ], [ -88.406491, 48.6378106 ], [ -88.3381091, 48.6742831 ], [ -88.3013164, 48.7576134 ], [ -88.3325931, 48.7874835 ], [ -88.3256152, 48.8057003 ], [ -88.3611677, 48.8282791 ], [ -88.419684, 48.8435837 ], [ -88.4729778, 48.8475822 ], [ -88.485223, 48.816949 ], [ -88.5255673, 48.7951471 ], [ -88.5503762, 48.7372973 ], [ -88.5163257, 48.7127776 ], [ -88.5547786, 48.6772289 ], [ -88.5400874, 48.6459344 ], [ -88.5871263, 48.6183402 ], [ -88.6156629, 48.6216127 ], [ -88.6222542, 48.5846391 ], [ -88.6616565, 48.4883436 ], [ -88.7178883, 48.4033969 ], [ -88.7186908, 48.3805328 ], [ -88.7549175, 48.345482 ], [ -88.7899531, 48.3329413 ], [ -88.84036, 48.3323357 ], [ -88.8975184, 48.3183418 ], [ -88.9230601, 48.3312496 ], [ -88.8996587, 48.3642916 ], [ -88.8492325, 48.3999281 ], [ -88.8556036, 48.4189354 ], [ -88.8273651, 48.4521974 ], [ -88.8279682, 48.4740108 ], [ -88.7807249, 48.5173839 ], [ -88.7526992, 48.5586143 ], [ -88.7767487, 48.5751765 ], [ -88.9056923, 48.5431554 ], [ -88.9710718, 48.5094623 ], [ -88.995262, 48.5133855 ], [ -89.0623976, 48.4907849 ], [ -89.1412399, 48.4813006 ], [ -89.2209256, 48.4293645 ], [ -89.2178021, 48.3989671 ], [ -89.2418719, 48.3829495 ], [ -89.2140358, 48.3531843 ], [ -89.1977483, 48.3118511 ], [ -89.2359384, 48.2865096 ], [ -89.2723416, 48.2368414 ], [ -89.2735974, 48.2053112 ], [ -89.3082714, 48.2002954 ], [ -89.3128608, 48.1289344 ], [ -89.3423209, 48.1257221 ], [ -89.3755246, 48.090848 ], [ -89.4408833, 48.0778503 ], [ -89.4808447, 48.0542496 ], [ -89.4641354, 48.0398823 ], [ -89.5793428, 48.008654 ], [ -89.5687942, 47.9927826 ], [ -89.61518, 48.00878 ], [ -89.64403, 48.0 ], [ -89.7055511, 48.0051642 ], [ -89.71249, 48.00442 ], [ -89.75503, 48.02011 ], [ -89.8222335, 48.010539 ], [ -89.8330201, 48.0019898 ], [ -89.8344714, 47.999788 ], [ -89.8453902, 47.9950763 ], [ -89.8530525, 47.9917699 ], [ -89.8701154, 47.9871519 ], [ -89.87416, 47.98679 ], [ -89.894886, 47.9883159 ], [ -89.9001345, 47.9887023 ], [ -89.9638, 48.00533 ], [ -89.99749, 48.0348 ], [ -89.9967317, 48.0363991 ], [ -89.9962647, 48.0402858 ], [ -89.9984613, 48.0446988 ], [ -90.03143, 48.07774 ], [ -90.07621, 48.09889 ], [ -90.18908, 48.10639 ], [ -90.30122, 48.09711 ], [ -90.33556, 48.09972 ], [ -90.337231, 48.0995232 ], [ -90.34753, 48.09831 ], [ -90.3611676, 48.094779 ], [ -90.38571, 48.08841 ], [ -90.4736, 48.09934 ], [ -90.5494642, 48.0966374 ], [ -90.55002, 48.09679 ], [ -90.5627681, 48.0981489 ], [ -90.58723, 48.11671 ], [ -90.64123, 48.10078 ], [ -90.75884, 48.08698 ], [ -90.7964272, 48.1359924 ], [ -90.7916391, 48.141826 ], [ -90.7915969, 48.1418774 ], [ -90.78896, 48.14509 ], [ -90.7914826, 48.1605297 ], [ -90.79228, 48.16156 ], [ -90.8007174, 48.1632378 ], [ -90.8243738, 48.1771142 ], [ -90.825112, 48.1771119 ], [ -90.8321356, 48.1770935 ], [ -90.835785, 48.1793782 ], [ -90.8565074, 48.2418932 ], [ -90.86285, 48.24478 ], [ -90.8793, 48.24313 ], [ -90.8836062, 48.2433077 ], [ -90.8909646, 48.2436113 ], [ -90.90184, 48.24406 ], [ -90.9649467, 48.2260382 ], [ -90.973988, 48.2200244 ], [ -91.0232798, 48.1916489 ], [ -91.026032, 48.1910395 ], [ -91.0316695, 48.1897911 ], [ -91.0349464, 48.1890655 ], [ -91.0569761, 48.1873625 ], [ -91.06196, 48.18747 ], [ -91.0809442, 48.1799283 ], [ -91.0893626, 48.176584 ], [ -91.1153, 48.16628 ], [ -91.1269536, 48.1587194 ], [ -91.1379652, 48.1515753 ], [ -91.1521813, 48.1423521 ], [ -91.1644985, 48.134361 ], [ -91.17885, 48.12505 ], [ -91.185448, 48.123644 ], [ -91.1861832, 48.1234873 ], [ -91.1938319, 48.1218521 ], [ -91.19837, 48.12088 ], [ -91.210047, 48.1083578 ], [ -91.2154555, 48.102518 ], [ -91.25635, 48.07911 ], [ -91.3281477, 48.0711679 ], [ -91.3367158, 48.0708552 ], [ -91.3822817, 48.0632772 ], [ -91.40717, 48.05984 ], [ -91.4132643, 48.0566478 ], [ -91.42397, 48.05104 ], [ -91.4334905, 48.0496446 ], [ -91.4625853, 48.067048 ], [ -91.46627, 48.07023 ], [ -91.5639152, 48.0541813 ], [ -91.5755199, 48.0492337 ], [ -91.5854, 48.07586 ], [ -91.5763714, 48.1063585 ], [ -91.57756, 48.10846 ], [ -91.641843, 48.0985074 ], [ -91.64309, 48.09825 ], [ -91.6580943, 48.1128254 ], [ -91.6633904, 48.1142996 ], [ -91.6686489, 48.1083668 ], [ -91.6761017, 48.1074306 ], [ -91.6772393, 48.1079094 ], [ -91.6873671, 48.1121716 ], [ -91.7078593, 48.1140906 ], [ -91.7083696, 48.1153739 ], [ -91.7075876, 48.1237074 ], [ -91.70448, 48.13385 ], [ -91.7211868, 48.1702344 ], [ -91.7234621, 48.1731196 ], [ -91.725302, 48.1754511 ], [ -91.75619, 48.20043 ], [ -91.8105012, 48.1962404 ], [ -91.87293, 48.20665 ], [ -91.9406535, 48.2320628 ], [ -91.9425102, 48.23209 ], [ -91.9469347, 48.2311858 ], [ -91.96918, 48.22664 ], [ -92.02685, 48.26868 ], [ -92.02405, 48.31958 ], [ -92.0683702, 48.3564227 ], [ -92.0712663, 48.3588816 ], [ -92.1439499, 48.3585095 ], [ -92.14868, 48.35974 ], [ -92.1572067, 48.3639672 ], [ -92.16754, 48.36909 ], [ -92.18056, 48.36839 ], [ -92.22386, 48.34953 ], [ -92.2243503, 48.3493199 ], [ -92.2247, 48.34917 ], [ -92.2427989, 48.349875 ], [ -92.2514939, 48.3534252 ], [ -92.29836, 48.35429 ], [ -92.31913, 48.32914 ], [ -92.319, 48.30176 ], [ -92.27842, 48.24843 ], [ -92.3047697, 48.2416194 ], [ -92.3274444, 48.2364135 ], [ -92.3356163, 48.2351598 ], [ -92.3369425, 48.2349563 ], [ -92.3380508, 48.2347863 ], [ -92.3389617, 48.2346465 ], [ -92.37381, 48.2293 ], [ -92.3785719, 48.2306183 ], [ -92.41193, 48.28142 ], [ -92.48052, 48.34807 ], [ -92.48111, 48.42089 ], [ -92.51976, 48.44722 ], [ -92.5229196, 48.4478721 ], [ -92.6723193, 48.4411917 ], [ -92.6748, 48.44055 ], [ -92.72286, 48.46858 ], [ -92.70369, 48.49997 ], [ -92.65872, 48.50273 ], [ -92.6476791, 48.5360805 ], [ -92.649063, 48.5449604 ], [ -92.7440686, 48.5445752 ], [ -92.74708, 48.54456 ], [ -92.7614809, 48.5500852 ], [ -92.7756373, 48.5551117 ], [ -92.7882626, 48.5578836 ], [ -92.83462, 48.569 ], [ -92.96167, 48.61212 ], [ -92.9704606, 48.6273204 ], [ -93.02348, 48.62894 ], [ -93.0398619, 48.6257977 ], [ -93.1498471, 48.6245419 ], [ -93.16415, 48.62698 ], [ -93.1829085, 48.6272849 ], [ -93.18999, 48.6274 ], [ -93.2183888, 48.6423958 ], [ -93.22034, 48.64308 ], [ -93.27722, 48.64429 ], [ -93.3285423, 48.6363383 ], [ -93.35339, 48.61809 ], [ -93.361931, 48.613807 ], [ -93.42661, 48.60161 ], [ -93.45673, 48.594 ], [ -93.4578, 48.59223 ], [ -93.4581214, 48.5556521 ], [ -93.4620113, 48.5523623 ], [ -93.4884015, 48.5443034 ], [ -93.4970376, 48.541482 ], [ -93.50742, 48.53809 ], [ -93.5207342, 48.5356758 ], [ -93.58148, 48.53117 ], [ -93.6058, 48.52809 ], [ -93.6263925, 48.5309226 ], [ -93.6306966, 48.5287466 ], [ -93.6365212, 48.5258021 ], [ -93.63971, 48.52419 ], [ -93.7205761, 48.5202163 ], [ -93.72897, 48.52036 ], [ -93.80096, 48.52428 ], [ -93.8094241, 48.5490253 ], [ -93.8090192, 48.5559128 ], [ -93.8056812, 48.5628293 ], [ -93.80254, 48.56878 ], [ -93.8234624, 48.6191721 ], [ -93.84273, 48.633 ], [ -93.8527117, 48.6344491 ], [ -93.86623, 48.63396 ], [ -93.92007, 48.63641 ], [ -93.9615068, 48.6366704 ], [ -93.9818308, 48.6386267 ], [ -94.00201, 48.64357 ], [ -94.0040715, 48.643401 ], [ -94.034558, 48.640902 ], [ -94.0574542, 48.6433365 ], [ -94.0649428, 48.6447053 ], [ -94.0709235, 48.6457984 ], [ -94.0894837, 48.6457223 ], [ -94.0983612, 48.6453354 ], [ -94.10101, 48.64522 ], [ -94.102842, 48.6452712 ], [ -94.1258513, 48.6459285 ], [ -94.15416, 48.64674 ], [ -94.1673249, 48.6479524 ], [ -94.1964363, 48.6506333 ], [ -94.2307147, 48.6514302 ], [ -94.23434, 48.65136 ], [ -94.2400045, 48.6528326 ], [ -94.2512615, 48.6846344 ], [ -94.2521, 48.68542 ], [ -94.2572424, 48.6903087 ], [ -94.26325, 48.69602 ], [ -94.2691357, 48.6992539 ], [ -94.2970335, 48.708563 ], [ -94.3098682, 48.7066844 ], [ -94.32404, 48.70461 ], [ -94.3283304, 48.7044162 ], [ -94.4107149, 48.7107855 ], [ -94.41879, 48.70811 ], [ -94.4299439, 48.7011381 ], [ -94.47172, 48.6991 ], [ -94.50015, 48.69904 ], [ -94.52584, 48.7019 ], [ -94.5470012, 48.7132058 ], [ -94.5499557, 48.7147844 ], [ -94.57594, 48.71631 ], [ -94.59069, 48.72066 ], [ -94.63526, 48.74099 ], [ -94.6458142, 48.7500869 ], [ -94.68934, 48.77627 ], [ -94.70205, 48.82556 ], [ -94.6964807, 48.8307124 ], [ -94.69537, 48.83174 ], [ -94.6884377, 48.8381547 ], [ -94.6843117, 48.8741937 ], [ -94.69904, 48.89121 ], [ -94.79098, 49.12026 ], [ -94.82057, 49.16891 ], [ -94.81733, 49.2035001 ], [ -94.83605, 49.29218 ], [ -94.8359, 49.31985 ], [ -94.88272, 49.32508 ], [ -94.95165, 49.36036 ], [ -95.0, 49.36105 ], [ -95.0065222, 49.3601566 ], [ -95.04321, 49.35772 ], [ -95.0760219, 49.3576411 ], [ -95.12244, 49.36519 ], [ -95.1533484, 49.3831367 ], [ -95.1537462, 49.3834194 ], [ -95.16843, 49.38861 ], [ -95.1651046, 49.0412952 ], [ -95.1647002, 48.9988884 ], [ -95.2025, 48.99593 ], [ -95.3190828, 48.9964616 ], [ -95.43479, 48.9979 ], [ -96.1401931, 48.9964941 ], [ -96.2074, 48.99709 ], [ -96.2451319, 48.9984171 ], [ -96.2547, 48.99776 ], [ -96.63915, 48.99564 ], [ -96.76762, 48.99689 ], [ -96.7844098, 48.9969631 ], [ -96.8001405, 48.9970316 ], [ -96.82502, 48.99714 ], [ -97.1503531, 48.9944113 ], [ -97.1670062, 48.9946097 ], [ -97.24373, 48.99571 ], [ -97.38273, 48.99654 ], [ -97.5175719, 48.9964053 ], [ -97.5570572, 48.9967633 ], [ -97.57324, 48.99691 ], [ -97.77726, 48.99765 ], [ -98.268102, 48.9954767 ], [ -98.31312, 48.99514 ], [ -98.6106276, 48.99548 ], [ -98.6956, 48.99548 ], [ -99.0000544, 48.9947727 ], [ -99.07715, 48.99451 ], [ -99.4587, 48.99485 ], [ -99.4825574, 48.9948663 ], [ -99.84025, 48.99478 ], [ -99.9359325, 48.9945165 ], [ -100.22179, 48.99339 ], [ -100.3146107, 48.9928508 ], [ -100.4511252, 48.9936204 ], [ -100.5772678, 48.9943411 ], [ -100.79409, 48.99525 ], [ -100.8408057, 48.9953553 ], [ -100.98487, 48.99568 ], [ -101.1027532, 48.9957418 ], [ -101.2340193, 48.9957096 ], [ -101.3629698, 48.9955542 ], [ -101.6278551, 48.9962335 ], [ -101.7345, 48.99639 ], [ -101.92528, 48.99634 ], [ -102.0212021, 48.9961489 ], [ -102.30682, 48.99525 ], [ -102.4143289, 48.9946696 ], [ -102.5343949, 48.9939557 ], [ -102.5568911, 48.9937942 ], [ -102.6340758, 48.9932398 ], [ -102.8076549, 48.9929167 ], [ -102.87911, 48.99316 ], [ -103.2084395, 48.9935245 ], [ -103.26065, 48.99353 ], [ -103.5965888, 48.992723 ], [ -103.64218, 48.99257 ], [ -103.8593001, 48.9914203 ], [ -104.02368, 48.9903 ], [ -104.3587427, 48.9935302 ], [ -104.46701, 48.99441 ], [ -104.65778, 48.99563 ], [ -104.84854, 48.99652 ], [ -105.0829461, 48.9971426 ], [ -105.2115273, 48.9972976 ], [ -105.61166, 48.9968 ], [ -105.80244, 48.99605 ], [ -105.9932, 48.99496 ], [ -106.0391, 48.99464 ], [ -106.37474, 48.99524 ], [ -106.56551, 48.99513 ], [ -106.75629, 48.99467 ], [ -106.831537, 48.9943663 ], [ -107.2088529, 48.9952475 ], [ -107.32858, 48.99585 ], [ -107.9829839, 48.9965994 ], [ -108.09167, 48.9964 ], [ -108.28252, 48.99571 ], [ -108.47321, 48.99712 ], [ -109.1287354, 48.9994236 ], [ -109.23633, 48.99948 ], [ -110.0, 48.99657 ], [ -110.0050282, 48.9966115 ], [ -110.3506343, 48.9990379 ], [ -110.39245, 48.99929 ], [ -110.58323, 49.00012 ], [ -110.7414187, 49.0005263 ], [ -111.3412986, 49.0001231 ], [ -111.34638, 49.00011 ], [ -111.7861909, 48.9976762 ], [ -111.91277, 48.99669 ], [ -111.91871, 48.99671 ], [ -112.0593656, 48.9969902 ], [ -112.4095875, 48.9969795 ], [ -112.49103, 48.99686 ], [ -112.8639, 48.99536 ], [ -113.63564, 48.99772 ], [ -113.6911957, 48.9976472 ], [ -114.0, 48.99695 ], [ -114.06862, 48.99898 ], [ -114.706, 48.9996 ], [ -114.7298219, 48.9995338 ], [ -115.04041, 48.99845 ], [ -115.08771, 48.99874 ], [ -115.200029, 48.9993168 ], [ -115.27856, 48.99972 ], [ -115.3800768, 49.0000604 ], [ -115.46942, 49.00036 ], [ -115.6155077, 49.0006049 ], [ -115.9308607, 49.000528 ], [ -116.0270582, 49.0003566 ], [ -116.45422, 49.00179 ], [ -116.5040223, 49.0018317 ], [ -116.83595, 49.00144 ], [ -117.02679, 48.99959 ], [ -117.0323562, 48.999629 ], [ -117.1189584, 49.000235 ], [ -117.4294357, 49.0019664 ], [ -117.4695306, 49.0021071 ], [ -117.59, 49.00253 ], [ -117.6388475, 49.002617 ], [ -117.97174, 49.00289 ], [ -118.0999481, 49.0026751 ], [ -118.2080832, 49.0024175 ], [ -118.35349, 49.00193 ], [ -118.54434, 49.0011 ], [ -118.73521, 49.00179 ], [ -118.8364944, 49.001981 ], [ -118.8386731, 49.0019851 ], [ -118.92608, 49.00215 ], [ -119.11695, 49.00218 ], [ -119.2949901, 49.0019002 ], [ -119.49868, 49.00125 ], [ -119.6267505, 49.0006125 ], [ -119.6969642, 49.0002554 ], [ -119.71947, 49.00012 ], [ -119.7557019, 49.0002979 ], [ -119.919291, 49.0010401 ], [ -120.0, 49.00131 ], [ -120.3660399, 49.0018491 ], [ -120.453, 49.00184 ], [ -120.8483819, 49.0007378 ], [ -120.8504262, 49.0007269 ], [ -120.9262103, 49.0003259 ], [ -121.02558, 48.9998 ], [ -121.1782531, 48.9998503 ], [ -121.21644, 49.00007 ], [ -121.2639301, 49.000274 ], [ -121.3579438, 49.0006779 ], [ -122.0196839, 49.0012658 ], [ -122.1392487, 49.0009526 ], [ -122.4077345, 49.0000946 ], [ -122.4592795, 49.0003102 ], [ -122.508138, 49.0005146 ], [ -122.55247, 49.0007 ], [ -122.74334, 49.00117 ], [ -122.7561493, 49.0011902 ], [ -122.8271887, 49.0253304 ], [ -122.866815, 49.0240109 ], [ -122.8881816, 49.0572342 ], [ -122.8669832, 49.0891694 ], [ -123.0270565, 49.0576695 ], [ -123.0505815, 49.0400025 ], [ -123.0216804, 48.9769229 ], [ -123.0846881, 48.9720646 ], [ -123.099145, 49.0346357 ], [ -123.1577869, 49.064473 ], [ -123.201716, 49.1278707 ], [ -123.2121474, 49.1922004 ], [ -123.2016117, 49.2157499 ], [ -123.2524926, 49.2511805 ], [ -123.2471603, 49.2795065 ], [ -123.1706328, 49.2717035 ], [ -123.1412667, 49.3140697 ], [ -123.1024718, 49.2853649 ], [ -123.0500384, 49.2939081 ], [ -122.9625686, 49.2872143 ], [ -122.8906921, 49.3350092 ], [ -122.9125136, 49.3455073 ], [ -122.9482634, 49.3262586 ], [ -122.9559353, 49.3004781 ], [ -122.9969632, 49.3082117 ], [ -123.0297334, 49.2969511 ], [ -123.0874489, 49.3136547 ], [ -123.1150849, 49.3085254 ], [ -123.2114343, 49.3407233 ], [ -123.2462966, 49.3403909 ], [ -123.2844641, 49.3575894 ], [ -123.2344896, 49.4180288 ], [ -123.2406182, 49.4691172 ], [ -123.2612417, 49.5263925 ], [ -123.206319, 49.6199832 ], [ -123.2189342, 49.6553803 ], [ -123.2585012, 49.6624546 ], [ -123.25525, 49.61025 ], [ -123.27875, 49.582 ], [ -123.30875, 49.58375 ], [ -123.35, 49.557 ], [ -123.39575, 49.5595 ], [ -123.47875, 49.52725 ], [ -123.4935894, 49.5041865 ], [ -123.46775, 49.44975 ], [ -123.48225, 49.4165 ], [ -123.5381857, 49.3836438 ], [ -123.6840743, 49.4359605 ], [ -123.72125, 49.438 ], [ -123.7445885, 49.4703093 ], [ -123.8704622, 49.4678163 ], [ -123.9015071, 49.480073 ], [ -123.925132, 49.51324 ], [ -124.0017111, 49.5553382 ], [ -124.0300172, 49.6277507 ], [ -124.0747805, 49.6420854 ], [ -124.0666704, 49.6943482 ], [ -124.0366896, 49.7385699 ], [ -123.9721113, 49.7669316 ], [ -123.893568, 49.7344453 ], [ -123.8902671, 49.6996804 ], [ -123.8641055, 49.6757451 ], [ -123.8418016, 49.6201867 ], [ -123.8149285, 49.5936466 ], [ -123.778916, 49.5210361 ], [ -123.7626673, 49.5441168 ], [ -123.7900863, 49.6018956 ], [ -123.7184126, 49.6368671 ], [ -123.6688719, 49.6368215 ], [ -123.5609497, 49.6725107 ], [ -123.5703077, 49.6833931 ], [ -123.6633858, 49.6500125 ], [ -123.7286918, 49.6491623 ], [ -123.801851, 49.6315078 ], [ -123.840772, 49.6529806 ], [ -123.8410159, 49.6863583 ], [ -123.8925369, 49.7493127 ], [ -123.9366665, 49.765946 ], [ -123.9231366, 49.798633 ], [ -123.8952298, 49.8133964 ], [ -123.8730537, 49.8462785 ], [ -123.8681696, 49.8796036 ], [ -123.8846335, 49.9084951 ], [ -123.9366824, 49.920759 ], [ -123.9764934, 49.9613461 ], [ -123.9566461, 49.9975609 ], [ -123.9070809, 50.0040211 ], [ -123.8651707, 50.0286172 ], [ -123.7878958, 50.0476503 ], [ -123.7797829, 50.0728346 ], [ -123.7472588, 50.09682 ], [ -123.7936365, 50.1171347 ], [ -123.8476938, 50.1596089 ], [ -123.9877601, 50.2068912 ], [ -123.9390406, 50.1657871 ], [ -123.851832, 50.1340457 ], [ -123.8322143, 50.1041473 ], [ -123.8032692, 50.0943146 ], [ -123.842056, 50.0577921 ], [ -123.9374233, 50.0192773 ], [ -123.9652416, 50.0204878 ], [ -124.0084507, 49.998085 ], [ -124.0096875, 49.9684558 ], [ -123.961223, 49.9051511 ], [ -123.903663, 49.8788744 ], [ -123.9308914, 49.8377418 ], [ -123.9704759, 49.8046688 ], [ -124.0314793, 49.8932233 ], [ -124.0774143, 49.8664339 ], [ -124.1017982, 49.798116 ], [ -124.1305286, 49.7817291 ], [ -124.2164104, 49.7820196 ], [ -124.2965034, 49.7625863 ], [ -124.3523412, 49.7766632 ], [ -124.3967438, 49.7664217 ], [ -124.4498176, 49.7775804 ], [ -124.4722051, 49.794829 ], [ -124.526821, 49.804817 ], [ -124.5305377, 49.8460094 ], [ -124.5563233, 49.8718773 ], [ -124.6414746, 49.9155236 ], [ -124.7521614, 49.9635009 ], [ -124.8029903, 50.0079576 ], [ -124.8376515, 50.0516595 ], [ -124.7261241, 50.0868403 ], [ -124.6960044, 50.1214557 ], [ -124.6995269, 50.1384038 ], [ -124.6311483, 50.1613934 ], [ -124.6120469, 50.187079 ], [ -124.6156087, 50.2581385 ], [ -124.6328922, 50.2930103 ], [ -124.7150002, 50.3223362 ], [ -124.6679743, 50.3879865 ], [ -124.6360014, 50.4003131 ], [ -124.5268645, 50.3964805 ], [ -124.5079102, 50.4172797 ], [ -124.4175023, 50.4381757 ], [ -124.4297248, 50.4601156 ], [ -124.5289025, 50.4361718 ], [ -124.541967, 50.4217887 ], [ -124.6133874, 50.4193448 ], [ -124.6615575, 50.4369964 ], [ -124.712059, 50.3734041 ], [ -124.8049633, 50.3158745 ], [ -124.8362869, 50.3100239 ], [ -124.898436, 50.3254851 ], [ -124.9379236, 50.3260477 ], [ -124.9944106, 50.3472812 ], [ -125.0547832, 50.3153875 ], [ -125.0797248, 50.3255221 ], [ -125.0884799, 50.355667 ], [ -125.0556285, 50.3691514 ], [ -125.06585, 50.4101743 ], [ -125.0431247, 50.4518865 ], [ -125.0501992, 50.4808963 ], [ -124.9694989, 50.5006102 ], [ -124.9220786, 50.5507195 ], [ -124.8861211, 50.5608856 ], [ -124.8606762, 50.5985217 ], [ -124.8749376, 50.6248966 ], [ -124.853118, 50.6636323 ], [ -124.8628748, 50.6899289 ], [ -124.8321962, 50.7328204 ], [ -124.8647138, 50.764116 ], [ -124.8951938, 50.769498 ], [ -124.914946, 50.8027035 ], [ -124.8639971, 50.8227407 ], [ -124.8377381, 50.8724869 ], [ -124.7925795, 50.8906014 ], [ -124.8247755, 50.9314278 ], [ -124.857093, 50.9274286 ], [ -124.854146, 50.9012773 ], [ -124.8818876, 50.8859485 ], [ -124.9121132, 50.8365854 ], [ -124.9710485, 50.8222308 ], [ -124.9817658, 50.7973428 ], [ -124.9443261, 50.7836006 ], [ -124.9470481, 50.7544954 ], [ -124.8896039, 50.7317779 ], [ -124.9291606, 50.6715181 ], [ -124.8981801, 50.6357363 ], [ -124.9291093, 50.5897813 ], [ -124.9891776, 50.5685065 ], [ -124.9929137, 50.5365672 ], [ -125.1078861, 50.5003638 ], [ -125.1138101, 50.4305391 ], [ -125.1683533, 50.4090905 ], [ -125.224279, 50.4230463 ], [ -125.2585213, 50.4579693 ], [ -125.3468213, 50.4775935 ], [ -125.3571943, 50.5350305 ], [ -125.3968278, 50.4682806 ], [ -125.4362174, 50.449068 ], [ -125.4810202, 50.4435236 ], [ -125.5163764, 50.4533521 ], [ -125.582237, 50.4460159 ], [ -125.5665818, 50.4914724 ], [ -125.523338, 50.5478184 ], [ -125.5496513, 50.5506896 ], [ -125.6162051, 50.451445 ], [ -125.6345332, 50.4380162 ], [ -125.703643, 50.4221177 ], [ -125.754111, 50.453748 ], [ -125.7677173, 50.4739262 ], [ -125.8161606, 50.5004151 ], [ -125.8856226, 50.4909854 ], [ -125.9303578, 50.4714894 ], [ -126.0160559, 50.4812723 ], [ -126.1316379, 50.4832804 ], [ -126.2035121, 50.5007099 ], [ -126.2709588, 50.507744 ], [ -126.2563374, 50.5263442 ], [ -126.1899094, 50.5506654 ], [ -126.1903953, 50.5690904 ], [ -125.9468899, 50.6282848 ], [ -125.9745784, 50.6423603 ], [ -126.0274147, 50.6213176 ], [ -126.0774414, 50.6172501 ], [ -126.1895066, 50.580205 ], [ -126.2623073, 50.5923378 ], [ -126.2745853, 50.6302802 ], [ -126.1824746, 50.6466258 ], [ -126.1147928, 50.6431707 ], [ -126.0032173, 50.6678237 ], [ -125.8853268, 50.6640183 ], [ -125.8329882, 50.6816115 ], [ -125.7690516, 50.6749092 ], [ -125.6943771, 50.6926263 ], [ -125.6657025, 50.7505475 ], [ -125.6159211, 50.7589162 ], [ -125.5909109, 50.7959485 ], [ -125.6305557, 50.8246078 ], [ -125.6470038, 50.8520296 ], [ -125.619912, 50.8734013 ], [ -125.5633679, 50.8649258 ], [ -125.5046127, 50.9314477 ], [ -125.5051216, 50.9552263 ], [ -125.5368036, 50.976336 ], [ -125.5429206, 51.0566657 ], [ -125.5869469, 51.0945368 ], [ -125.6376496, 51.0929531 ], [ -125.6343736, 51.0665027 ], [ -125.590879, 51.036355 ], [ -125.5783907, 50.9863795 ], [ -125.591519, 50.9657427 ], [ -125.5452215, 50.9364325 ], [ -125.5710167, 50.9024167 ], [ -125.6039695, 50.908199 ], [ -125.6367399, 50.8864328 ], [ -125.6846945, 50.8746631 ], [ -125.6813806, 50.8176677 ], [ -125.6520584, 50.8086325 ], [ -125.7201603, 50.7436857 ], [ -125.7105521, 50.717456 ], [ -125.8038793, 50.7022853 ], [ -125.851367, 50.7024092 ], [ -125.9580198, 50.6852319 ], [ -126.022034, 50.6961384 ], [ -126.1233865, 50.6708089 ], [ -126.18245, 50.6682952 ], [ -126.1940425, 50.7114459 ], [ -126.1283806, 50.73434 ], [ -126.1103892, 50.755142 ], [ -126.1909181, 50.7878105 ], [ -126.2164577, 50.8324894 ], [ -126.3276959, 50.8506794 ], [ -126.3743797, 50.832572 ], [ -126.4755086, 50.8138123 ], [ -126.4942454, 50.8258099 ], [ -126.5652232, 50.8328811 ], [ -126.5484884, 50.8976769 ], [ -126.4636101, 50.9235206 ], [ -126.3424072, 50.9112881 ], [ -126.3114255, 50.9171174 ], [ -126.2546533, 50.9056952 ], [ -126.229004, 50.9239236 ], [ -126.3092884, 50.9338974 ], [ -126.3905595, 50.9317226 ], [ -126.4605462, 50.9439794 ], [ -126.5030405, 50.9944818 ], [ -126.5478766, 51.0117746 ], [ -126.5114207, 50.9417377 ], [ -126.5602242, 50.9106771 ], [ -126.6255254, 50.8860397 ], [ -126.7217024, 50.8734853 ], [ -126.7806979, 50.9057237 ], [ -126.7695094, 50.9269886 ], [ -126.8107249, 50.9493899 ], [ -126.7817874, 50.9581616 ], [ -126.7915573, 50.9698501 ], [ -126.7849391, 50.999656 ], [ -126.7971655, 51.0018393 ], [ -126.8036232, 50.954725 ], [ -126.8673875, 50.9441702 ], [ -126.9090928, 50.8948014 ], [ -127.0552756, 50.9072761 ], [ -127.0445157, 50.8883982 ], [ -126.9111914, 50.8933558 ], [ -126.9071881, 50.8738214 ], [ -126.9444705, 50.8503077 ], [ -127.0579591, 50.8184538 ], [ -127.1029213, 50.8503746 ], [ -127.1597963, 50.8729968 ], [ -127.1973345, 50.8759577 ], [ -127.2653147, 50.9087615 ], [ -127.3363295, 50.905416 ], [ -127.3448864, 50.9195941 ], [ -127.4071077, 50.9257295 ], [ -127.4499377, 50.9535914 ], [ -127.4566092, 50.9778357 ], [ -127.5120003, 50.9927998 ], [ -127.5248866, 51.014717 ], [ -127.5190692, 51.0697527 ], [ -127.4906389, 51.0959909 ], [ -127.4113228, 51.0612602 ], [ -127.4085122, 51.0446126 ], [ -127.3181857, 51.031836 ], [ -127.3027627, 51.0436811 ], [ -127.1422375, 51.0380826 ], [ -127.016735, 51.059853 ], [ -126.9687578, 51.0558624 ], [ -126.7660817, 51.0681633 ], [ -126.7193536, 51.0224619 ], [ -126.697632, 51.0392049 ], [ -126.772233, 51.0794872 ], [ -126.7309264, 51.0990359 ], [ -126.7541007, 51.1157176 ], [ -126.7924815, 51.0818314 ], [ -126.8281054, 51.0757543 ], [ -126.9192085, 51.085533 ], [ -126.9493318, 51.0753356 ], [ -127.0157528, 51.0837954 ], [ -127.0995683, 51.0611932 ], [ -127.2249471, 51.0524984 ], [ -127.3106872, 51.0587521 ], [ -127.3395284, 51.0380142 ], [ -127.4651525, 51.0936353 ], [ -127.5374746, 51.1161378 ], [ -127.4728739, 51.128423 ], [ -127.3971283, 51.1238755 ], [ -127.2681776, 51.12753 ], [ -127.1318318, 51.1193793 ], [ -127.0742428, 51.1668653 ], [ -127.0915033, 51.1860252 ], [ -127.1307494, 51.1292277 ], [ -127.2716607, 51.1383199 ], [ -127.4318944, 51.1345087 ], [ -127.4820547, 51.1413491 ], [ -127.5493824, 51.1319337 ], [ -127.5410794, 51.1028813 ], [ -127.5732154, 51.0913622 ], [ -127.6590981, 51.0893484 ], [ -127.6797485, 51.1308513 ], [ -127.7218035, 51.1352122 ], [ -127.7792684, 51.1778232 ], [ -127.7859402, 51.2304719 ], [ -127.7666999, 51.2483457 ], [ -127.6770279, 51.272375 ], [ -127.6023233, 51.2837373 ], [ -127.5819768, 51.2617746 ], [ -127.4690864, 51.2648765 ], [ -127.4544495, 51.2829298 ], [ -127.3876709, 51.2898443 ], [ -127.3048889, 51.2921459 ], [ -127.356285, 51.3088319 ], [ -127.4939241, 51.3153961 ], [ -127.5245268, 51.3423763 ], [ -127.5631601, 51.3415987 ], [ -127.7390975, 51.3192272 ], [ -127.7753617, 51.3332001 ], [ -127.7907941, 51.3587903 ], [ -127.7546665, 51.3695545 ], [ -127.7201971, 51.4011862 ], [ -127.6552455, 51.3948114 ], [ -127.6338592, 51.430381 ], [ -127.5611627, 51.4731614 ], [ -127.5631921, 51.4997671 ], [ -127.5210956, 51.5134523 ], [ -127.5212578, 51.5787737 ], [ -127.5076895, 51.6202182 ], [ -127.3850163, 51.6559488 ], [ -127.2656819, 51.6666659 ], [ -127.2622195, 51.6849684 ], [ -127.3353684, 51.6926905 ], [ -127.452093, 51.6705298 ], [ -127.4846284, 51.6463781 ], [ -127.5480699, 51.6381433 ], [ -127.5604326, 51.6068762 ], [ -127.5954386, 51.5661438 ], [ -127.6617434, 51.5167679 ], [ -127.6960934, 51.5368037 ], [ -127.7298748, 51.521915 ], [ -127.7872468, 51.5559536 ], [ -127.7958329, 51.595652 ], [ -127.723575, 51.6151751 ], [ -127.7268641, 51.6282308 ], [ -127.8243004, 51.6399748 ], [ -127.8771038, 51.6698946 ], [ -127.8886374, 51.7304477 ], [ -127.8734705, 51.7626377 ], [ -127.8925385, 51.7971221 ], [ -127.8919927, 51.8281926 ], [ -127.8681148, 51.8446437 ], [ -127.8878917, 51.8863203 ], [ -127.8773898, 51.9019197 ], [ -127.8096272, 51.934235 ], [ -127.747384, 51.9510236 ], [ -127.7040714, 51.9411139 ], [ -127.6680653, 51.9641975 ], [ -127.6553373, 52.0295474 ], [ -127.607295, 52.1180506 ], [ -127.5441807, 52.1306306 ], [ -127.491296, 52.1573274 ], [ -127.4632805, 52.1268793 ], [ -127.4743014, 52.0997965 ], [ -127.5546288, 52.1053139 ], [ -127.5542111, 52.0897715 ], [ -127.4599125, 52.0783707 ], [ -127.4225624, 52.1166306 ], [ -127.4541061, 52.1593996 ], [ -127.3994058, 52.2174291 ], [ -127.2933591, 52.2346093 ], [ -127.257866, 52.2610027 ], [ -127.2124892, 52.2732994 ], [ -127.205394, 52.2932426 ], [ -127.1529194, 52.3169728 ], [ -127.0844545, 52.298384 ], [ -127.0324785, 52.3105667 ], [ -126.9580455, 52.2629767 ], [ -126.9271326, 52.1885945 ], [ -126.8382125, 52.1489972 ], [ -126.7656573, 52.0913523 ], [ -126.6867396, 52.0189755 ], [ -126.6728974, 52.0424706 ], [ -126.7198228, 52.0754468 ], [ -126.7505095, 52.1141383 ], [ -126.815373, 52.1610845 ], [ -126.9006019, 52.1967851 ], [ -126.916279, 52.2526697 ], [ -126.9653645, 52.3121361 ], [ -126.8820959, 52.3617741 ], [ -126.8019506, 52.3764235 ], [ -126.7967925, 52.4000483 ], [ -126.8941758, 52.3736705 ], [ -126.9622642, 52.3636056 ], [ -126.9809071, 52.3355302 ], [ -127.0942765, 52.3336545 ], [ -127.15967, 52.342083 ], [ -127.2099783, 52.3951334 ], [ -127.1881123, 52.4183309 ], [ -127.2221716, 52.4610629 ], [ -127.2377831, 52.513958 ], [ -127.2299138, 52.5355362 ], [ -127.1920123, 52.5399982 ], [ -127.1567503, 52.5714191 ], [ -127.1172999, 52.578036 ], [ -127.0997521, 52.6056557 ], [ -127.0378571, 52.6284459 ], [ -126.9898662, 52.6283334 ], [ -126.975629, 52.6778047 ], [ -126.9306091, 52.7013313 ], [ -126.9157607, 52.7221646 ], [ -126.9583275, 52.7673505 ], [ -126.9539625, 52.8038515 ], [ -126.9953715, 52.8118855 ], [ -127.0018091, 52.7627403 ], [ -126.9656754, 52.7200382 ], [ -127.0322133, 52.6646066 ], [ -127.0372592, 52.6434257 ], [ -127.1126055, 52.6216852 ], [ -127.1341519, 52.5937864 ], [ -127.2154416, 52.5676963 ], [ -127.2553264, 52.5428096 ], [ -127.2674826, 52.5168335 ], [ -127.2620309, 52.4734506 ], [ -127.3069577, 52.4534234 ], [ -127.3456863, 52.4174764 ], [ -127.4283228, 52.4267679 ], [ -127.482236, 52.3755932 ], [ -127.4886239, 52.3382077 ], [ -127.6062611, 52.3152438 ], [ -127.6352095, 52.2832047 ], [ -127.6740828, 52.2937453 ], [ -127.7168539, 52.272009 ], [ -127.779573, 52.2760552 ], [ -127.8759194, 52.1983489 ], [ -127.8985017, 52.2247523 ], [ -127.9005966, 52.2578681 ], [ -127.9259415, 52.2810556 ], [ -127.9418323, 52.3283921 ], [ -127.9777707, 52.3143864 ], [ -128.0349256, 52.3292252 ], [ -128.078549, 52.4190401 ], [ -128.07468990000001, 52.4594136 ], [ -127.9903139, 52.5235985 ], [ -128.070447800000011, 52.5112734 ], [ -128.0983534, 52.5502739 ], [ -128.090321, 52.593483 ], [ -128.112795799999986, 52.5962246 ], [ -128.112264900000014, 52.5456865 ], [ -128.0914397, 52.5208312 ], [ -128.1035755, 52.4748919 ], [ -128.150048700000013, 52.4309935 ], [ -128.151686899999987, 52.4092743 ], [ -128.294882, 52.2558727 ], [ -128.3552836, 52.2661356 ], [ -128.370242499999989, 52.2931799 ], [ -128.332492, 52.334697 ], [ -128.339482800000013, 52.3718048 ], [ -128.311458, 52.3990656 ], [ -128.2510167, 52.4097657 ], [ -128.2268288, 52.4485483 ], [ -128.22305, 52.4844227 ], [ -128.247702800000013, 52.5300914 ], [ -128.2307559, 52.5702499 ], [ -128.184358300000014, 52.6262626 ], [ -128.1710028, 52.6762552 ], [ -128.135188, 52.7132362 ], [ -128.1130479, 52.7596683 ], [ -128.13061780000001, 52.7696605 ], [ -128.1265736, 52.8294773 ], [ -128.1600051, 52.8599697 ], [ -128.197602, 52.8412527 ], [ -128.22540570000001, 52.8065476 ], [ -128.272934, 52.7969228 ], [ -128.340698800000013, 52.8008607 ], [ -128.4012983, 52.8252118 ], [ -128.4287966, 52.8152424 ], [ -128.4980439, 52.8834193 ], [ -128.512393, 53.0070677 ], [ -128.5506148, 53.0679783 ], [ -128.5354429, 53.0853323 ], [ -128.570636, 53.1090254 ], [ -128.61087710000001, 53.1641067 ], [ -128.6962101, 53.189704 ], [ -128.7549147, 53.2149638 ], [ -128.847109, 53.2676596 ], [ -128.8886779, 53.3115081 ], [ -128.8853777, 53.4111387 ], [ -128.9141184, 53.4463537 ], [ -128.9521296, 53.4655036 ], [ -128.9740136, 53.494049 ], [ -128.9669007, 53.5502441 ], [ -128.9267355, 53.5334712 ], [ -128.8719513, 53.5293267 ], [ -128.807856, 53.5644306 ], [ -128.7786027, 53.5256309 ], [ -128.766149500000012, 53.4885829 ], [ -128.657229300000012, 53.4752053 ], [ -128.6381551, 53.4556609 ], [ -128.539060299999989, 53.4070313 ], [ -128.3735452, 53.4397083 ], [ -128.3413981, 53.4722814 ], [ -128.279522, 53.4472951 ], [ -128.1766829, 53.4588013 ], [ -128.0982924, 53.4266127 ], [ -128.0739151, 53.3793674 ], [ -128.0092347, 53.3407244 ], [ -127.9494576, 53.3260194 ], [ -127.9536421, 53.267886 ], [ -127.902368, 53.2394488 ], [ -127.8772621, 53.2505961 ], [ -127.9324397, 53.2756807 ], [ -127.9277217, 53.3299972 ], [ -128.0000159, 53.3509231 ], [ -128.0825436, 53.4332168 ], [ -128.1312595, 53.4720991 ], [ -128.1857699, 53.4791077 ], [ -128.241309300000012, 53.4683264 ], [ -128.3083723, 53.4750615 ], [ -128.3732819, 53.5067544 ], [ -128.3960437, 53.4826824 ], [ -128.385435, 53.455527 ], [ -128.4444081, 53.438522 ], [ -128.4778699, 53.4448212 ], [ -128.545029199999988, 53.4299041 ], [ -128.598842, 53.4597242 ], [ -128.5864614, 53.4768332 ], [ -128.6441227, 53.5021685 ], [ -128.686819, 53.5020275 ], [ -128.7112988, 53.5360219 ], [ -128.749387899999988, 53.5400453 ], [ -128.768909799999989, 53.56882 ], [ -128.823963, 53.6196543 ], [ -128.8353832, 53.6494673 ], [ -128.8015527, 53.6724711 ], [ -128.7808383, 53.7119303 ], [ -128.808210300000013, 53.7698529 ], [ -128.7849693, 53.7900111 ], [ -128.7235785, 53.8139279 ], [ -128.6781881, 53.8527789 ], [ -128.7076045, 53.8766729 ], [ -128.6913006, 53.9134559 ], [ -128.6542421, 53.956121 ], [ -128.649373200000014, 54.0043903 ], [ -128.6928428, 54.0019477 ], [ -128.7029617, 53.962866 ], [ -128.7305671, 53.9224754 ], [ -128.789494100000013, 53.901615 ], [ -128.7923874, 53.8738116 ], [ -128.8471523, 53.8586409 ], [ -128.8733609, 53.8144321 ], [ -128.9468367, 53.7711005 ], [ -128.942687799999987, 53.820606 ], [ -128.9807966, 53.8262089 ], [ -128.9626792, 53.7836008 ], [ -128.9749669, 53.7687007 ], [ -129.031060200000013, 53.753446 ], [ -129.127990899999986, 53.7095547 ], [ -129.1444646, 53.6804496 ], [ -129.2335631, 53.6308913 ], [ -129.2401635, 53.6135203 ], [ -129.2343931, 53.4615158 ], [ -129.260077599999988, 53.4053279 ], [ -129.2909899, 53.3964565 ], [ -129.2816971, 53.3626814 ], [ -129.339033, 53.3824608 ], [ -129.473867899999988, 53.4698489 ], [ -129.6465524, 53.5665328 ], [ -129.6879314, 53.597609 ], [ -129.757506, 53.6646579 ], [ -129.713760799999989, 53.6669224 ], [ -129.738761, 53.6970274 ], [ -129.785714399999989, 53.7059059 ], [ -129.921432399999986, 53.7846946 ], [ -130.0723941, 53.8917438 ], [ -130.1091586, 53.9497092 ], [ -130.0853428, 54.0237396 ], [ -130.1021978, 54.0636303 ], [ -130.0836921, 54.1126622 ], [ -130.0429451, 54.1483017 ], [ -129.990284699999989, 54.1449044 ], [ -129.938021099999986, 54.1834217 ], [ -129.875751400000013, 54.2040199 ], [ -129.8950634, 54.2206001 ], [ -129.9882816, 54.1939546 ], [ -130.0279434, 54.1688601 ], [ -130.0727694, 54.1729855 ], [ -130.1313065, 54.1490087 ], [ -130.1780824, 54.1787078 ], [ -130.287871, 54.2118463 ], [ -130.274225699999988, 54.2417874 ], [ -130.2317477, 54.2680613 ], [ -130.2427317, 54.3018791 ], [ -130.275018, 54.3400479 ], [ -130.372471499999989, 54.3194026 ], [ -130.4445163, 54.3364561 ], [ -130.4844278, 54.3743343 ], [ -130.4742788, 54.3901431 ], [ -130.48376780000001, 54.4388154 ], [ -130.441534600000011, 54.456027 ], [ -130.4506763, 54.529539 ], [ -130.4338859, 54.5606309 ], [ -130.3932302, 54.5697701 ], [ -130.4571205, 54.62015 ], [ -130.4312827, 54.6373018 ], [ -130.3946172, 54.6208593 ], [ -130.3525819, 54.5732337 ], [ -130.3178708, 54.5522167 ], [ -130.2676691, 54.4975228 ], [ -130.18074390000001, 54.4437845 ], [ -130.1164023, 54.3953756 ], [ -130.103321599999987, 54.4061384 ], [ -130.2151321, 54.4848416 ], [ -130.303054800000012, 54.5686364 ], [ -130.2915738, 54.5734146 ], [ -130.3919546, 54.6308672 ], [ -130.3496381, 54.6946647 ], [ -130.1926641, 54.7138815 ], [ -130.217366700000014, 54.7264972 ], [ -130.1956444, 54.7508184 ], [ -130.169424, 54.8151798 ], [ -130.107961, 54.8382065 ], [ -130.0548315, 54.8871836 ], [ -130.0924975, 54.8860058 ], [ -130.1365763, 54.8469112 ], [ -130.1611384, 54.8665326 ], [ -130.114241, 54.9000001 ], [ -130.0504216, 54.959109 ], [ -129.9868553, 54.974783 ], [ -129.9473529, 54.9612663 ], [ -129.980029300000012, 54.9138798 ], [ -129.8842328, 54.9449651 ], [ -129.8581924, 54.975759 ], [ -129.793301500000013, 54.9818342 ], [ -129.7223732, 54.9752323 ], [ -129.7213912, 54.9949595 ], [ -129.816971099999989, 55.0070336 ], [ -129.876600599999989, 55.0031606 ], [ -129.9198417, 54.9845288 ], [ -130.0040543, 55.0129726 ], [ -129.989465, 55.0549626 ], [ -129.9526909, 55.1011155 ], [ -129.8877857, 55.1461519 ], [ -129.8597786, 55.1774731 ], [ -129.857624499999986, 55.2095164 ], [ -129.806740100000013, 55.268715 ], [ -129.7429204, 55.2922416 ], [ -129.722621800000013, 55.3460112 ], [ -129.6736007, 55.3937108 ], [ -129.6643913, 55.432032 ], [ -129.720549299999988, 55.4341583 ], [ -129.7679784, 55.5293909 ], [ -129.8006954, 55.5357144 ], [ -129.7672948, 55.4730535 ], [ -129.78669, 55.399946 ], [ -129.814164799999986, 55.3699678 ], [ -129.794147900000013, 55.3529627 ], [ -129.8342092, 55.32075 ], [ -129.815762, 55.288785 ], [ -129.887818900000013, 55.2132805 ], [ -129.9009697, 55.1665081 ], [ -130.007791700000013, 55.0827617 ], [ -130.0341425, 55.0299848 ], [ -130.0937123, 54.9849071 ], [ -130.1140445, 54.9905556 ], [ -130.135301, 55.0497357 ], [ -130.165865599999989, 55.0796968 ], [ -130.1295725, 55.1476202 ], [ -130.075522799999987, 55.2014539 ], [ -129.9436825, 55.2878892 ], [ -130.0046637, 55.3394342 ], [ -130.0241231, 55.4610915 ], [ -130.0749855, 55.504725 ], [ -130.1104454, 55.5662879 ], [ -130.091608400000013, 55.6292693 ], [ -130.086297300000012, 55.6869982 ], [ -130.132494900000012, 55.7173937 ], [ -130.1379355, 55.7512842 ], [ -130.1088331, 55.7975667 ], [ -130.0684506, 55.8181693 ], [ -129.995715, 55.8991385 ], [ -130.0101616, 55.9170594 ], [ -130.01732, 55.92495 ], [ -130.0147301, 55.9851538 ], [ -130.0318125, 56.0369747 ], [ -130.0428, 56.05619 ], [ -130.10733, 56.12453 ], [ -130.2415595, 56.0989371 ], [ -130.2481486, 56.0976807 ], [ -130.25067, 56.0972 ], [ -130.2611843, 56.1017022 ], [ -130.38826, 56.13886 ], [ -130.41725, 56.14088 ], [ -130.43823, 56.17482 ], [ -130.4656268, 56.2376906 ], [ -130.4690876, 56.2450449 ], [ -130.54433, 56.25292 ], [ -130.6255907, 56.2719104 ], [ -130.78404, 56.37039 ], [ -131.00697, 56.39782 ], [ -131.07379, 56.40682 ], [ -131.17157, 56.45397 ], [ -131.46915, 56.55492 ], [ -131.58322, 56.61451 ], [ -131.8309601, 56.6009104 ], [ -131.843551600000012, 56.6480713 ], [ -131.8473402, 56.6623107 ], [ -131.851238, 56.6771159 ], [ -131.85577, 56.69433 ], [ -131.8590543, 56.703377 ], [ -131.86176, 56.71083 ], [ -131.89989, 56.7559 ], [ -131.8794055, 56.7945741 ], [ -131.8736166, 56.8055033 ], [ -131.87222, 56.80814 ], [ -132.008577300000013, 56.8475709 ], [ -132.12003, 56.8798 ], [ -132.10524, 56.91384 ], [ -132.04227, 57.04644 ], [ -132.3669, 57.09218 ], [ -132.24156, 57.21424 ], [ -132.34116, 57.31985 ], [ -132.3639116, 57.3444235 ], [ -132.37213, 57.3533 ], [ -132.38739, 57.36688 ], [ -132.54484, 57.49436 ], [ -132.63184, 57.5992 ], [ -132.7281, 57.68037 ], [ -132.835989899999987, 57.8040986 ], [ -132.84315, 57.81271 ], [ -132.8711906, 57.8443589 ], [ -132.88191, 57.8562 ], [ -133.041799200000014, 57.9865484 ], [ -133.059307499999989, 58.0000461 ], [ -133.12405, 58.0829 ], [ -133.1707, 58.15445 ], [ -133.32977, 58.26849 ], [ -133.38442, 58.31362 ], [ -133.45377, 58.38889 ], [ -133.3731, 58.42699 ], [ -133.58717, 58.54493 ], [ -133.7047, 58.61807 ], [ -133.84743, 58.73575 ], [ -134.24159, 58.85857 ], [ -134.3322, 58.92682 ], [ -134.3171911, 58.9527703 ], [ -134.316356, 58.9611737 ], [ -134.31626, 58.9621397 ], [ -134.40172, 58.97961 ], [ -134.3946585, 59.0070463 ], [ -134.3862, 59.0399105 ], [ -134.38602, 59.04061 ], [ -134.387697, 59.046621 ], [ -134.4799619, 59.1321001 ], [ -134.55049, 59.13429 ], [ -134.56271, 59.13381 ], [ -134.64723, 59.17598 ], [ -134.678111, 59.1940795 ], [ -134.68393, 59.19749 ], [ -134.6978, 59.23616 ], [ -134.69974, 59.24871 ], [ -134.9600212, 59.2839011 ], [ -135.0, 59.31997 ], [ -135.028777100000013, 59.3459329 ], [ -134.9936406, 59.3866795 ], [ -134.99046, 59.38952 ], [ -135.0413656, 59.4102049 ], [ -135.093989599999986, 59.4315962 ], [ -135.0453546, 59.4676276 ], [ -135.03084, 59.47351 ], [ -135.02884, 59.52593 ], [ -135.0288758, 59.5646652 ], [ -135.02888, 59.56924 ], [ -135.12824, 59.63083 ], [ -135.1527753, 59.6277207 ], [ -135.1580664, 59.6279751 ], [ -135.215, 59.65862 ], [ -135.2340697, 59.6978447 ], [ -135.357603, 59.7389215 ], [ -135.4805021, 59.7987504 ], [ -135.83502, 59.69938 ], [ -135.93097, 59.66846 ], [ -136.174208599999986, 59.6414498 ], [ -136.2155544, 59.6337142 ], [ -136.2176869, 59.6333152 ], [ -136.29265, 59.61929 ], [ -136.34622, 59.60201 ], [ -136.2348, 59.56266 ], [ -136.23708, 59.52097 ], [ -136.29454, 59.47095 ], [ -136.3032177, 59.4683299 ], [ -136.40096, 59.45265 ], [ -136.4640555, 59.4626617 ], [ -136.464327700000013, 59.412331 ], [ -136.45776, 59.28142 ], [ -136.4896732, 59.2617997 ], [ -136.4950579, 59.2561366 ], [ -136.5234898, 59.2258734 ], [ -136.563216, 59.1834624 ], [ -136.5764734, 59.1700255 ], [ -136.7986532, 59.1591336 ], [ -136.9083568, 59.1264515 ], [ -137.03593570000001, 59.0800522 ], [ -137.25429, 59.00755 ], [ -137.31168, 58.98231 ], [ -137.35295, 58.96347 ], [ -137.4458, 58.9106 ], [ -137.52083, 58.91674 ], [ -137.49272, 58.99097 ], [ -137.51569, 59.05836 ], [ -137.59822, 59.24158 ], [ -137.89349, 59.40384 ], [ -138.12587, 59.52328 ], [ -138.62375, 59.77163 ], [ -138.65932, 59.80907 ], [ -138.70577, 59.91112 ], [ -138.75539, 59.92032 ], [ -139.04458, 59.99397 ], [ -139.05322, 60.0 ], [ -139.1058404, 60.036649 ], [ -139.18619, 60.09261 ], [ -139.05811, 60.32734 ], [ -139.0858819, 60.3516414 ], [ -139.67455, 60.33947 ], [ -139.784512400000011, 60.2832393 ], [ -139.97729, 60.18466 ], [ -140.0, 60.19068 ], [ -140.433305499999989, 60.3056421 ], [ -140.45546, 60.31152 ], [ -140.52194, 60.22574 ], [ -140.975434799999988, 60.3165176 ], [ -141.0, 60.32135 ], [ -141.0, 60.3916813 ], [ -141.0, 60.4993585 ], [ -141.0, 61.8438674 ], [ -141.0, 61.901866 ], [ -141.0, 62.2770823 ], [ -141.0, 62.6740822 ], [ -141.0, 63.0186749 ], [ -141.0, 64.0 ], [ -140.999097299999988, 64.6589378 ], [ -140.99863, 65.0 ], [ -140.9974712, 65.8397365 ], [ -140.9938022, 68.498396 ], [ -140.9922592, 69.6172388 ], [ -140.98689, 69.61748 ], [ -140.985, 69.61771 ], [ -140.97935, 69.62382 ], [ -140.96474, 69.6268799 ], [ -140.8143701, 69.6129601 ], [ -140.69184, 69.6087799 ], [ -140.40664, 69.58924 ], [ -140.201163900000012, 69.5947294 ], [ -140.135537699999986, 69.6056511 ], [ -139.975890099999987, 69.61306 ], [ -139.8373899, 69.6052901 ], [ -139.607780100000014, 69.56281 ], [ -139.6012301, 69.5358201 ], [ -139.48967, 69.5310499 ], [ -139.3507, 69.53508 ], [ -139.2602401, 69.4999199 ], [ -139.1527, 69.5030299 ], [ -138.90746, 69.38837 ], [ -138.8078601, 69.36344 ], [ -138.77993, 69.34485 ], [ -138.6128999, 69.28264 ], [ -138.6003101, 69.24169 ], [ -138.5123601, 69.23992 ], [ -138.427080100000012, 69.2093901 ], [ -138.368610100000012, 69.21783 ], [ -138.4074001, 69.2653101 ], [ -138.32819, 69.26686 ], [ -138.277249899999987, 69.20693 ], [ -138.201170100000013, 69.1671601 ], [ -137.948130099999986, 69.09262 ], [ -137.76664, 69.05651 ], [ -137.576, 69.01011 ], [ -137.4518401, 68.9971 ], [ -137.3458199, 68.9656001 ], [ -137.2865201, 68.9635901 ], [ -137.20758, 68.9288199 ], [ -137.08951, 68.94284 ], [ -136.9904999, 68.9330299 ], [ -136.8077299, 68.8621901 ], [ -136.7562399, 68.85595 ], [ -136.6294701, 68.8657699 ], [ -136.5012801, 68.89764 ], [ -136.32824, 68.8753001 ], [ -136.2823999, 68.8792299 ], [ -136.19228, 68.86416 ], [ -136.129730099999989, 68.87392 ], [ -135.86022, 68.81325 ], [ -135.81483, 68.8087499 ], [ -135.73457, 68.76387 ], [ -135.59371, 68.7562401 ], [ -135.50212, 68.7268901 ], [ -135.42384, 68.6821099 ], [ -135.33013, 68.6626401 ], [ -135.29653, 68.6427699 ], [ -135.1636499, 68.64448 ], [ -135.1996301, 68.66872 ], [ -135.36257, 68.73721 ], [ -135.3739501, 68.76543 ], [ -135.449699900000013, 68.7799499 ], [ -135.5046099, 68.8056101 ], [ -135.56728, 68.88106 ], [ -135.45931, 68.90376 ], [ -135.49408, 68.9518399 ], [ -135.4337801, 68.9770599 ], [ -135.43431, 68.9917101 ], [ -135.51191, 69.01544 ], [ -135.57794, 69.01804 ], [ -135.6514899, 68.9969401 ], [ -135.70636, 68.99698 ], [ -135.7169, 69.03617 ], [ -135.85755, 69.07348 ], [ -135.937, 69.07537 ], [ -135.9829801, 69.1358199 ], [ -136.00742, 69.19933 ], [ -135.9377, 69.2418999 ], [ -135.77696, 69.1800699 ], [ -135.7444299, 69.19555 ], [ -135.8371201, 69.23117 ], [ -135.87012, 69.2639801 ], [ -135.85398, 69.29371 ], [ -135.8096999, 69.3072201 ], [ -135.64672, 69.27084 ], [ -135.6150901, 69.3259101 ], [ -135.5567, 69.33352 ], [ -135.4217999, 69.3178001 ], [ -135.3468401, 69.28729 ], [ -135.1826599, 69.2550801 ], [ -135.21173, 69.24125 ], [ -135.13121, 69.2114199 ], [ -135.1187299, 69.16658 ], [ -135.013539900000012, 69.1595901 ], [ -135.02317, 69.1092401 ], [ -135.12188, 69.0863201 ], [ -135.106, 69.0589801 ], [ -135.00668, 69.0409999 ], [ -134.95109, 68.996 ], [ -134.86142, 68.98011 ], [ -134.85751, 68.92541 ], [ -134.7223, 68.88997 ], [ -134.76778, 68.9480599 ], [ -134.7043799, 68.9579299 ], [ -134.57847, 68.92162 ], [ -134.63957, 68.9849 ], [ -134.6294499, 69.01478 ], [ -134.58692, 69.0389601 ], [ -134.5640699, 69.0752001 ], [ -134.49078990000001, 69.09008 ], [ -134.36921, 69.0878901 ], [ -134.35331, 69.1174799 ], [ -134.1962701, 69.1894099 ], [ -134.188, 69.24739 ], [ -134.03712, 69.2527501 ], [ -133.95361, 69.26505 ], [ -133.89996, 69.2918099 ], [ -133.88648, 69.3221401 ], [ -133.674850099999986, 69.34085 ], [ -133.62689, 69.3778 ], [ -133.51915, 69.3942999 ], [ -133.29123, 69.3807 ], [ -133.2547, 69.3524701 ], [ -133.1912599, 69.3919601 ], [ -133.0320599, 69.4066 ], [ -133.0422255, 69.4482077 ], [ -132.95393, 69.50644 ], [ -132.9811001, 69.57043 ], [ -133.0156901, 69.57236 ], [ -132.9558801, 69.6274101 ], [ -132.84574, 69.6533201 ], [ -132.8126801, 69.63183 ], [ -132.6341301, 69.64639 ], [ -132.598799899999989, 69.62749 ], [ -132.4322, 69.62103 ], [ -132.3504399, 69.6558801 ], [ -132.38283, 69.6823301 ], [ -132.5337, 69.67927 ], [ -132.59916, 69.6567701 ], [ -132.64119, 69.67205 ], [ -132.57017, 69.7045801 ], [ -132.55001, 69.73243 ], [ -132.43155, 69.7115701 ], [ -132.3945599, 69.7307199 ], [ -132.3336201, 69.7225099 ], [ -132.1749701, 69.6844799 ], [ -132.05297, 69.7094701 ], [ -131.9739601, 69.71299 ], [ -131.9743001, 69.75444 ], [ -131.81571, 69.77237 ], [ -131.74045, 69.8192299 ], [ -131.647679900000014, 69.8618901 ], [ -131.4884, 69.88606 ], [ -131.42084, 69.94856 ], [ -131.3423999, 69.9300699 ], [ -131.23935, 69.9187001 ], [ -131.20778, 69.88321 ], [ -131.2375, 69.83572 ], [ -131.2123001, 69.81291 ], [ -131.13132, 69.8582599 ], [ -131.0712201, 69.94322 ], [ -131.0179501, 69.9760801 ], [ -131.02657, 69.9916401 ], [ -130.921450099999987, 70.02639 ], [ -130.96331, 70.05576 ], [ -130.92639, 70.06619 ], [ -130.77274, 70.07619 ], [ -130.75074, 70.0608099 ], [ -130.57945, 70.09865 ], [ -130.50362, 70.086 ], [ -130.4362999, 70.1050401 ], [ -130.3291001, 70.06332 ], [ -130.2296399, 70.0681201 ], [ -130.1529199, 70.03965 ], [ -130.12733990000001, 70.07355 ], [ -130.0553801, 70.03184 ], [ -129.8764199, 70.05797 ], [ -129.8643801, 70.1170301 ], [ -129.79196, 70.1275099 ], [ -129.74381, 70.1743001 ], [ -129.73159, 70.2225601 ], [ -129.5981, 70.1907899 ], [ -129.635810099999986, 70.16447 ], [ -129.52802, 70.1394199 ], [ -129.4971999, 70.0871301 ], [ -129.4180499, 70.07973 ], [ -129.4342699, 70.03985 ], [ -129.51059, 70.01716 ], [ -129.53827, 69.9928601 ], [ -129.694190099999986, 69.9555399 ], [ -129.94438, 69.90697 ], [ -130.0714299, 69.8628801 ], [ -130.22117990000001, 69.8437999 ], [ -130.268209899999988, 69.81317 ], [ -130.34742, 69.8173201 ], [ -130.4215001, 69.777 ], [ -130.48136, 69.75855 ], [ -130.5621499, 69.75959 ], [ -130.60622, 69.7273899 ], [ -130.57025010000001, 69.70164 ], [ -130.6181899, 69.6821 ], [ -130.7724901, 69.6623201 ], [ -130.85669, 69.59493 ], [ -130.8570901, 69.57215 ], [ -130.971719900000011, 69.54743 ], [ -131.0543101, 69.59771 ], [ -131.15111, 69.6081801 ], [ -131.2412299, 69.5967 ], [ -131.2587701, 69.57622 ], [ -131.36323, 69.55679 ], [ -131.41861, 69.5715001 ], [ -131.473249900000013, 69.5600699 ], [ -131.5500501, 69.5651899 ], [ -131.63136, 69.5511601 ], [ -131.66705, 69.5288201 ], [ -131.7796, 69.55332 ], [ -131.88674, 69.5162401 ], [ -132.00294, 69.51584 ], [ -132.079279899999989, 69.47838 ], [ -132.06352, 69.4576501 ], [ -132.1319699, 69.42784 ], [ -132.0863601, 69.3779599 ], [ -132.12122, 69.3478399 ], [ -132.179999900000013, 69.3472699 ], [ -132.2761401, 69.32042 ], [ -132.3543099, 69.28786 ], [ -132.4074401, 69.2997901 ], [ -132.47623, 69.27408 ], [ -132.4426901, 69.2247401 ], [ -132.4770499, 69.2173099 ], [ -132.524649899999986, 69.16301 ], [ -132.55316, 69.26419 ], [ -132.60938, 69.2715 ], [ -132.76892, 69.25049 ], [ -132.7710901, 69.22239 ], [ -132.8552501, 69.2052999 ], [ -132.846580100000011, 69.1837101 ], [ -132.917860100000013, 69.1037801 ], [ -132.8567399, 69.09139 ], [ -132.946659899999986, 69.05247 ], [ -133.03946, 69.0575201 ], [ -133.11757, 69.0511099 ], [ -133.1480099, 69.0332901 ], [ -133.2206199, 69.02715 ], [ -133.2363801, 68.9907499 ], [ -133.31162, 68.99458 ], [ -133.3238601, 68.9742501 ], [ -133.23999, 68.9322401 ], [ -133.2531601, 68.89607 ], [ -133.33862, 68.8728899 ], [ -133.466099899999989, 68.8536301 ], [ -133.5128, 68.81723 ], [ -133.5045, 68.79675 ], [ -133.336, 68.74075 ], [ -133.2145, 68.7195 ], [ -133.37141, 68.81721 ], [ -133.38194, 68.84249 ], [ -133.2864299, 68.85115 ], [ -133.2111301, 68.8455101 ], [ -133.16372, 68.811 ], [ -132.942989899999986, 68.8055299 ], [ -132.9671299, 68.82359 ], [ -132.9001601, 68.83991 ], [ -132.79874, 68.8133099 ], [ -132.735429900000014, 68.78255 ], [ -132.69636, 68.8120799 ], [ -132.4965001, 68.79122 ], [ -132.47846, 68.8257401 ], [ -132.4054501, 68.84203 ], [ -132.52436, 68.8962399 ], [ -132.551640099999986, 68.8613399 ], [ -132.63999, 68.86348 ], [ -132.68016990000001, 68.8249 ], [ -132.80717, 68.84257 ], [ -132.72283, 68.8573199 ], [ -132.84532, 68.89804 ], [ -132.81242, 68.9185899 ], [ -132.61049, 68.8938901 ], [ -132.5881199, 68.9298901 ], [ -132.67511, 68.92049 ], [ -132.781670100000014, 68.9312401 ], [ -132.85719, 68.9623799 ], [ -132.87856, 69.02505 ], [ -132.8501699, 69.05615 ], [ -132.80027, 69.06907 ], [ -132.7000601, 69.0698 ], [ -132.59971, 69.11088 ], [ -132.42473, 69.1056601 ], [ -132.3464299, 69.16624 ], [ -132.2932899, 69.15441 ], [ -132.2533401, 69.19215 ], [ -132.1333099, 69.21578 ], [ -132.096150099999988, 69.21081 ], [ -131.92369, 69.2538701 ], [ -131.79359, 69.3088199 ], [ -131.76189, 69.3803901 ], [ -131.84626, 69.3694099 ], [ -131.9147101, 69.38804 ], [ -131.75912, 69.40849 ], [ -131.63181, 69.40901 ], [ -131.590989900000011, 69.4326501 ], [ -131.4652, 69.43181 ], [ -131.4415401, 69.4186599 ], [ -131.49697, 69.3931601 ], [ -131.499800099999987, 69.3579 ], [ -131.4196499, 69.3578 ], [ -131.4456, 69.38956 ], [ -131.3650601, 69.4212901 ], [ -131.3498399, 69.47665 ], [ -131.29746990000001, 69.49474 ], [ -131.2135299, 69.4553101 ], [ -131.21938, 69.37658 ], [ -131.11664, 69.44293 ], [ -131.09194, 69.4825799 ], [ -131.14275, 69.53286 ], [ -131.2180899, 69.54731 ], [ -131.1961, 69.5947 ], [ -131.1007801, 69.5944101 ], [ -131.12984, 69.55357 ], [ -131.0338601, 69.48484 ], [ -130.96931, 69.50973 ], [ -130.96705990000001, 69.40726 ], [ -130.9051499, 69.34845 ], [ -130.92696, 69.31362 ], [ -131.0244199, 69.2365201 ], [ -131.03957, 69.1989699 ], [ -131.02893, 69.16057 ], [ -131.05013, 69.12495 ], [ -130.96746, 69.12355 ], [ -130.94542, 69.1591401 ], [ -130.9740501, 69.19681 ], [ -130.9330201, 69.27561 ], [ -130.82371, 69.3193601 ], [ -130.853310099999987, 69.35208 ], [ -130.72406, 69.3799301 ], [ -130.63347, 69.4109701 ], [ -130.59004010000001, 69.47186 ], [ -130.5992899, 69.4943799 ], [ -130.46446, 69.5634199 ], [ -130.4580999, 69.60014 ], [ -130.38801, 69.63213 ], [ -130.35562, 69.67765 ], [ -130.20821, 69.6954601 ], [ -130.092640100000011, 69.7005999 ], [ -129.9415699, 69.7427101 ], [ -129.69281, 69.7757499 ], [ -129.5947999, 69.8111099 ], [ -129.53125, 69.80992 ], [ -129.3444399, 69.8363399 ], [ -129.16526, 69.84153 ], [ -129.1886501, 69.8242199 ], [ -129.15004, 69.79472 ], [ -129.1412901, 69.7461899 ], [ -129.170540100000011, 69.702 ], [ -129.07208, 69.68677 ], [ -129.0085699, 69.66587 ], [ -128.9593299, 69.69019 ], [ -128.9886, 69.72179 ], [ -128.82006, 69.74644 ], [ -128.7617699, 69.7878799 ], [ -128.6622599, 69.82061 ], [ -128.6154301, 69.86776 ], [ -128.425889899999987, 69.92369 ], [ -128.31377, 69.9377499 ], [ -128.287230099999988, 69.9066099 ], [ -128.2122001, 69.8988299 ], [ -128.2394401, 69.94213 ], [ -128.3224999, 69.99247 ], [ -128.40424, 70.0707801 ], [ -128.3433801, 70.1233901 ], [ -128.2154, 70.14179 ], [ -128.129049900000012, 70.1250599 ], [ -128.121179899999987, 70.1084999 ], [ -127.99344, 70.0689299 ], [ -127.9258476, 70.0879365 ], [ -128.06882, 70.12832 ], [ -128.14064, 70.1565201 ], [ -127.8678441, 70.1874478 ], [ -127.69287, 70.1945699 ], [ -127.56202, 70.23319 ], [ -127.72276, 70.2491301 ], [ -127.80779, 70.24662 ], [ -127.9194801, 70.2669201 ], [ -128.01048, 70.26684 ], [ -128.06209, 70.28231 ], [ -128.074699900000013, 70.3378301 ], [ -128.21071, 70.3785599 ], [ -128.19405, 70.43596 ], [ -128.156950099999989, 70.49624 ], [ -128.02118, 70.5613001 ], [ -127.7325732, 70.4841617 ], [ -127.5358969, 70.4190977 ], [ -127.387036, 70.3577837 ], [ -127.19187, 70.2457801 ], [ -127.08248, 70.17148 ], [ -126.8407599, 69.9260699 ], [ -126.8287299, 69.89088 ], [ -126.72206, 69.75722 ], [ -126.61953, 69.6938299 ], [ -126.48814, 69.63429 ], [ -126.27958, 69.5206099 ], [ -126.1107401, 69.4651101 ], [ -125.9285, 69.39225 ], [ -125.8395, 69.374 ], [ -125.69925, 69.384 ], [ -125.60475, 69.3365 ], [ -125.4645, 69.32825 ], [ -125.3515, 69.375 ], [ -125.265, 69.3825 ], [ -125.19075, 69.4085 ], [ -125.169, 69.43775 ], [ -125.2063773, 69.4546864 ], [ -125.297, 69.44225 ], [ -125.4425018, 69.4580682 ], [ -125.527, 69.4315 ], [ -125.62325, 69.42225 ], [ -125.584239, 69.4797822 ], [ -125.4920635, 69.5111502 ], [ -125.35675, 69.4895 ], [ -125.279, 69.5205 ], [ -125.2965, 69.5525 ], [ -125.26775, 69.5915 ], [ -125.36025, 69.58575 ], [ -125.4194921, 69.6437017 ], [ -125.35625, 69.68725 ], [ -125.20075, 69.70675 ], [ -125.04525, 69.743 ], [ -124.9702305, 69.7312988 ], [ -124.9420138, 69.6648784 ], [ -124.868764, 69.6720649 ], [ -124.8961119, 69.743618 ], [ -124.9424456, 69.7339087 ], [ -125.17, 69.766 ], [ -125.247, 69.75725 ], [ -125.301, 69.8115 ], [ -125.238, 69.84575 ], [ -125.19, 69.816 ], [ -125.18175, 69.78725 ], [ -125.09625, 69.78025 ], [ -125.03025, 69.8085 ], [ -125.03025, 69.861 ], [ -124.995425, 69.8655079 ], [ -124.9529648, 69.9117483 ], [ -124.885527, 69.9393236 ], [ -124.6404441, 69.9765239 ], [ -124.6865701, 70.0118801 ], [ -124.7402827, 69.9794101 ], [ -124.8209587, 69.9676091 ], [ -124.92042, 70.01118 ], [ -124.9544044, 69.9909935 ], [ -125.02752, 70.0057699 ], [ -125.1285311, 69.9338921 ], [ -125.176263, 69.9417518 ], [ -125.22006, 70.00348 ], [ -125.1318599, 70.0360099 ], [ -124.98125, 70.0142199 ], [ -124.87341, 70.0202399 ], [ -124.8924899, 70.0410101 ], [ -124.6972, 70.0690499 ], [ -124.5898501, 70.03706 ], [ -124.5010299, 70.0504799 ], [ -124.59382, 70.0693601 ], [ -124.51721, 70.09776 ], [ -124.63316, 70.10275 ], [ -124.7146901, 70.12666 ], [ -124.68439, 70.1883001 ], [ -124.6227899, 70.1813299 ], [ -124.55542, 70.19726 ], [ -124.5116901, 70.1765499 ], [ -124.5261501, 70.1480501 ], [ -124.41239, 70.1011799 ], [ -124.34933, 70.05463 ], [ -124.36421, 70.0075 ], [ -124.46451, 70.01027 ], [ -124.457623, 69.9704468 ], [ -124.4113965, 69.9319643 ], [ -124.4521384, 69.8646604 ], [ -124.4178877, 69.8519009 ], [ -124.471702, 69.8049361 ], [ -124.5027573, 69.714463 ], [ -124.399597, 69.7106831 ], [ -124.335307, 69.6957167 ], [ -124.2590708, 69.7010085 ], [ -124.2037237, 69.724657 ], [ -124.0767843, 69.7068195 ], [ -124.0364178, 69.6794565 ], [ -124.1906222, 69.6357914 ], [ -124.2548425, 69.5548225 ], [ -124.3885409, 69.5080532 ], [ -124.450848, 69.4745686 ], [ -124.4366777, 69.4261139 ], [ -124.5454069, 69.4016618 ], [ -124.5033057, 69.3705863 ], [ -124.3862338, 69.3595456 ], [ -124.3695944, 69.3428055 ], [ -124.2346938, 69.3324427 ], [ -124.0972554, 69.3478101 ], [ -123.9919866, 69.3262057 ], [ -123.9691943, 69.3664657 ], [ -123.8256496, 69.3528061 ], [ -123.8110854, 69.3248464 ], [ -123.7144465, 69.3335782 ], [ -123.6528361, 69.3541416 ], [ -123.5236992, 69.3752824 ], [ -123.3851635, 69.4124496 ], [ -123.4139246, 69.4540441 ], [ -123.3652259, 69.4786894 ], [ -123.1693852, 69.4938131 ], [ -123.127472, 69.5556991 ], [ -123.1596576, 69.6067885 ], [ -123.0873795, 69.6735448 ], [ -123.0935783, 69.7456135 ], [ -123.1287536, 69.7683373 ], [ -123.0557012, 69.788693 ], [ -123.0424389, 69.8097818 ], [ -122.9528863, 69.8210258 ], [ -122.822096, 69.7924458 ], [ -122.7304138, 69.7932247 ], [ -122.6685721, 69.8236601 ], [ -122.5955629, 69.8085575 ], [ -122.4565458, 69.8055006 ], [ -122.3303307, 69.8197639 ], [ -122.2223542, 69.8168933 ], [ -122.1699247, 69.7949296 ], [ -122.0795298, 69.8160801 ], [ -121.9889997, 69.8053613 ], [ -121.889395, 69.8142209 ], [ -121.6744168, 69.795868 ], [ -121.630528, 69.7769996 ], [ -121.5321187, 69.7682838 ], [ -121.3958419, 69.7731052 ], [ -121.2771624, 69.7244332 ], [ -121.1003251, 69.6823437 ], [ -120.9221692, 69.6607669 ], [ -120.763, 69.6065 ], [ -120.726, 69.5745 ], [ -120.563, 69.51325 ], [ -120.425, 69.4515 ], [ -120.28, 69.40825 ], [ -120.0915, 69.38075 ], [ -119.93725, 69.3445 ], [ -119.821, 69.34875 ], [ -119.5655, 69.3135 ], [ -119.39525, 69.30275 ], [ -119.25175, 69.30475 ], [ -119.046, 69.2705 ], [ -118.9035, 69.26525 ], [ -118.827, 69.2475 ], [ -118.66675, 69.228 ], [ -118.5885, 69.20425 ], [ -118.4855, 69.14675 ], [ -118.36675, 69.10525 ], [ -118.30875, 69.10425 ], [ -118.11875, 69.06225 ], [ -118.05325, 69.03525 ], [ -117.8315, 68.99225 ], [ -117.7084999, 68.9783181 ], [ -117.6110899, 68.9850881 ], [ -117.380176, 68.9632073 ], [ -117.32376, 68.93897 ], [ -117.1719, 68.90142 ], [ -117.0509601, 68.9124501 ], [ -116.9907361, 68.9343028 ], [ -116.9161333, 68.9358511 ], [ -116.8436201, 68.8884 ], [ -116.77753, 68.89964 ], [ -116.68318, 68.87615 ], [ -116.5800485, 68.8780298 ], [ -116.51241, 68.8643399 ], [ -116.41765, 68.8662299 ], [ -116.39233, 68.89063 ], [ -116.2233, 68.8406599 ], [ -116.0006701, 68.80687 ], [ -115.9073099, 68.8171601 ], [ -116.0907, 68.85648 ], [ -116.11729, 68.9038801 ], [ -116.3224599, 68.9519399 ], [ -116.2621999, 68.9832999 ], [ -116.20497, 68.99198 ], [ -116.0393521, 68.9694101 ], [ -115.91145, 68.9381499 ], [ -115.8259299, 68.9314899 ], [ -115.7685599, 68.9593701 ], [ -115.8388101, 68.9901899 ], [ -115.7789199, 69.00047 ], [ -115.69068, 68.9787001 ], [ -115.6137901, 68.9829699 ], [ -115.51704, 68.95674 ], [ -115.28446, 68.9043499 ], [ -115.2088999, 68.8995699 ], [ -115.16481, 68.87685 ], [ -115.0781, 68.8802299 ], [ -114.9745922, 68.8700075 ], [ -114.91914, 68.8366 ], [ -114.82964, 68.81892 ], [ -114.7727301, 68.7922899 ], [ -114.7699, 68.75063 ], [ -114.6630299, 68.74875 ], [ -114.5720701, 68.73598 ], [ -114.4631399, 68.69293 ], [ -114.47417, 68.6643001 ], [ -114.41894, 68.6248599 ], [ -114.3123699, 68.5920599 ], [ -114.17489, 68.5634999 ], [ -114.1744901, 68.53586 ], [ -114.10096, 68.5244401 ], [ -114.04051, 68.43612 ], [ -114.10133, 68.42823 ], [ -114.07741, 68.4005099 ], [ -113.89254, 68.4020301 ], [ -113.9812701, 68.3453301 ], [ -114.0246499, 68.2860801 ], [ -113.9979699, 68.24076 ], [ -114.116636, 68.237234 ], [ -114.2052588, 68.2473269 ], [ -114.27187, 68.22702 ], [ -114.3702999, 68.2377201 ], [ -114.44152, 68.26415 ], [ -114.63138, 68.2378399 ], [ -114.82629, 68.25856 ], [ -114.86854, 68.25322 ], [ -114.75175, 68.20625 ], [ -114.82875, 68.186 ], [ -114.83375, 68.162 ], [ -114.9025, 68.15 ], [ -115.1595, 68.187 ], [ -115.19725, 68.1765 ], [ -115.1405, 68.1425 ], [ -115.213, 68.098 ], [ -115.225, 68.03 ], [ -115.1845, 68.01125 ], [ -115.186, 67.981 ], [ -115.28625, 67.976 ], [ -115.31625, 67.9565 ], [ -115.488, 67.92875 ], [ -115.50075, 67.8995 ], [ -115.35675, 67.8765 ], [ -115.28875, 67.882 ], [ -115.27575, 67.85725 ], [ -115.173, 67.8265 ], [ -115.093, 67.82925 ], [ -115.00575, 67.79625 ], [ -114.932, 67.79575 ], [ -114.8215, 67.81725 ], [ -114.711, 67.82125 ], [ -114.6345, 67.803 ], [ -114.631, 67.78025 ], [ -114.45575, 67.78275 ], [ -114.3765, 67.746 ], [ -114.24875, 67.7275 ], [ -114.19525, 67.73825 ], [ -114.08325, 67.72575 ], [ -114.018, 67.73125 ], [ -113.91075, 67.7175 ], [ -113.85275, 67.69775 ], [ -113.70025, 67.68775 ], [ -113.64025, 67.69575 ], [ -113.4985, 67.6935 ], [ -113.30825, 67.69825 ], [ -113.2715, 67.7135 ], [ -113.12475, 67.7025 ], [ -113.09775, 67.67775 ], [ -112.989, 67.6715 ], [ -112.939, 67.67975 ], [ -112.72425, 67.6795 ], [ -112.64975, 67.671 ], [ -112.4645, 67.68625 ], [ -112.432, 67.68025 ], [ -112.296, 67.70375 ], [ -112.33725, 67.73825 ], [ -112.26625, 67.7395 ], [ -112.15725, 67.72625 ], [ -111.9864599, 67.7526601 ], [ -111.95039, 67.71159 ], [ -111.8931601, 67.71191 ], [ -111.90491, 67.7545401 ], [ -111.8174799, 67.76242 ], [ -111.7937999, 67.7507701 ], [ -111.5926599, 67.7324499 ], [ -111.5152701, 67.75317 ], [ -111.4750599, 67.73258 ], [ -111.4072199, 67.7268899 ], [ -111.33747, 67.7962 ], [ -111.29109, 67.8173699 ], [ -111.1925101, 67.8381 ], [ -111.1308, 67.81988 ], [ -111.14712, 67.7794799 ], [ -111.0590199, 67.7892499 ], [ -111.05996, 67.7618901 ], [ -110.905, 67.7841201 ], [ -110.82584, 67.8022 ], [ -110.6550199, 67.8801601 ], [ -110.52652, 67.89569 ], [ -110.45902, 67.9379099 ], [ -110.3469399, 67.9582101 ], [ -110.30341, 67.95739 ], [ -110.1471201, 67.9881 ], [ -110.14684, 68.01431 ], [ -110.0357699, 68.0111401 ], [ -109.9825099, 67.9809101 ], [ -109.94664, 67.9385 ], [ -109.9791599, 67.8947301 ], [ -109.87249, 67.88994 ], [ -109.79998, 67.8748499 ], [ -109.7523501, 67.82707 ], [ -109.6672099, 67.8008299 ], [ -109.72028, 67.78885 ], [ -109.72016, 67.7413001 ], [ -109.64089, 67.70691 ], [ -109.5347801, 67.69167 ], [ -109.4776, 67.7016301 ], [ -109.49636, 67.7294201 ], [ -109.4686201, 67.7516601 ], [ -109.31916, 67.73306 ], [ -109.1649099, 67.73983 ], [ -109.0271, 67.72646 ], [ -109.03133, 67.69199 ], [ -108.9661299, 67.6520599 ], [ -108.9362299, 67.54836 ], [ -108.8869799, 67.5379999 ], [ -108.91472, 67.5115101 ], [ -108.98425, 67.48625 ], [ -108.9795, 67.4505 ], [ -108.88325, 67.431 ], [ -108.842, 67.39875 ], [ -108.83425, 67.354 ], [ -108.76775, 67.36175 ], [ -108.7375, 67.43625 ], [ -108.71225, 67.45775 ], [ -108.71824, 67.53316 ], [ -108.69882, 67.6126901 ], [ -108.6708201, 67.62789 ], [ -108.57693, 67.61373 ], [ -108.5624399, 67.5656799 ], [ -108.49779, 67.4930601 ], [ -108.51671, 67.4621501 ], [ -108.50866, 67.42442 ], [ -108.45075, 67.346 ], [ -108.39453, 67.4087999 ], [ -108.3776699, 67.45023 ], [ -108.30309, 67.4290399 ], [ -108.2655, 67.39 ], [ -107.99375, 67.285 ], [ -107.96475, 67.28375 ], [ -107.9395, 67.218 ], [ -107.874, 67.1545 ], [ -107.89725, 67.13875 ], [ -107.85175, 67.04975 ], [ -107.90175, 67.0505 ], [ -107.97925, 67.087 ], [ -108.04475, 67.058 ], [ -108.128, 67.082 ], [ -108.143, 67.05 ], [ -108.2265, 67.02425 ], [ -108.30625, 67.04025 ], [ -108.48025, 67.10025 ], [ -108.56, 67.14975 ], [ -108.53825, 67.06175 ], [ -108.41475, 67.05 ], [ -108.362, 67.03425 ], [ -108.307, 66.98925 ], [ -108.1535, 66.97175 ], [ -108.0845, 66.91625 ], [ -108.10825, 66.896 ], [ -108.08375, 66.86725 ], [ -108.10075, 66.847 ], [ -107.996, 66.83375 ], [ -107.93975, 66.8115 ], [ -107.9165, 66.7825 ], [ -107.933, 66.75 ], [ -107.916, 66.70825 ], [ -107.8505, 66.71975 ], [ -107.7945, 66.71475 ], [ -107.74775, 66.6915 ], [ -107.7075, 66.63775 ], [ -107.7255, 66.62825 ], [ -107.63875, 66.58625 ], [ -107.5585, 66.52975 ], [ -107.48375, 66.53525 ], [ -107.4735, 66.51175 ], [ -107.41525, 66.4675 ], [ -107.341, 66.44175 ], [ -107.28725, 66.38675 ], [ -107.21125, 66.34625 ], [ -107.15775, 66.371 ], [ -107.295, 66.46275 ], [ -107.36425, 66.48125 ], [ -107.417, 66.51025 ], [ -107.40675, 66.53025 ], [ -107.52875, 66.57475 ], [ -107.53025, 66.62975 ], [ -107.5785, 66.651 ], [ -107.645, 66.70475 ], [ -107.7165, 66.72025 ], [ -107.738, 66.74625 ], [ -107.675, 66.75275 ], [ -107.68575, 66.86775 ], [ -107.76125, 66.96225 ], [ -107.6855, 66.9785 ], [ -107.599, 66.981 ], [ -107.65475, 67.07125 ], [ -107.60525, 67.0735 ], [ -107.495, 66.9975 ], [ -107.51975, 66.985 ], [ -107.48675, 66.95425 ], [ -107.5685, 66.916 ], [ -107.61525, 66.9515 ], [ -107.66875, 66.9435 ], [ -107.62175, 66.903 ], [ -107.546, 66.90075 ], [ -107.50875, 66.87475 ], [ -107.55925, 66.8475 ], [ -107.41125, 66.81825 ], [ -107.385, 66.828 ], [ -107.47825, 66.871 ], [ -107.36875, 66.91125 ], [ -107.43175, 66.9655 ], [ -107.3825, 66.9755 ], [ -107.31375, 66.94075 ], [ -107.18625, 66.8965 ], [ -107.12, 66.8265 ], [ -107.06525, 66.82725 ], [ -107.143, 66.87025 ], [ -107.14, 66.89925 ], [ -107.19525, 66.9735 ], [ -107.26075, 67.007 ], [ -107.3615, 67.02825 ], [ -107.38125, 67.0815 ], [ -107.282, 67.082 ], [ -107.26025, 67.09425 ], [ -107.31375, 67.15725 ], [ -107.351, 67.133 ], [ -107.418, 67.159 ], [ -107.526, 67.2145 ], [ -107.5795, 67.264 ], [ -107.5945, 67.343 ], [ -107.64625, 67.35125 ], [ -107.70499, 67.4074401 ], [ -107.61661, 67.3994699 ], [ -107.62638, 67.46443 ], [ -107.5671899, 67.50235 ], [ -107.6546701, 67.5620199 ], [ -107.8025201, 67.6328299 ], [ -107.8381199, 67.6629499 ], [ -107.91113, 67.6756199 ], [ -108.0284599, 67.7484201 ], [ -108.0218901, 67.77875 ], [ -107.9696201, 67.8143799 ], [ -107.94899, 67.8480301 ], [ -107.8787901, 67.84825 ], [ -107.7644299, 67.89056 ], [ -107.67931, 67.90626 ], [ -107.63485, 67.9644799 ], [ -107.72913, 67.9676601 ], [ -107.7099499, 68.01155 ], [ -107.65731, 68.0545099 ], [ -107.60262, 68.04956 ], [ -107.553818, 68.0665335 ], [ -107.3730501, 68.0432601 ], [ -107.25359, 68.0628599 ], [ -107.15533, 68.12858 ], [ -107.13122, 68.0862801 ], [ -106.9701401, 68.1018899 ], [ -106.88904, 68.1257501 ], [ -106.79924, 68.12862 ], [ -106.74686, 68.0998699 ], [ -106.7128099, 68.13716 ], [ -106.74031, 68.19819 ], [ -106.6831001, 68.2202701 ], [ -106.65103, 68.18396 ], [ -106.59788, 68.1845999 ], [ -106.62058, 68.22977 ], [ -106.5945671, 68.2544799 ], [ -106.4888, 68.24366 ], [ -106.4359799, 68.2798799 ], [ -106.44944, 68.3025401 ], [ -106.4027299, 68.3486601 ], [ -106.3201001, 68.3389199 ], [ -106.2038201, 68.40019 ], [ -106.13239, 68.3781401 ], [ -106.0262701, 68.4073 ], [ -105.9665501, 68.39423 ], [ -105.93374, 68.42592 ], [ -105.8839701, 68.41291 ], [ -105.81122, 68.43767 ], [ -105.7713301, 68.40822 ], [ -105.69461, 68.4370799 ], [ -105.66455, 68.53485 ], [ -105.74727, 68.53284 ], [ -105.74381, 68.56863 ], [ -105.6859699, 68.5819399 ], [ -105.6578722, 68.6344164 ], [ -105.7896741, 68.6141486 ], [ -105.8845399, 68.64322 ], [ -105.9795701, 68.62404 ], [ -106.0179915, 68.6019521 ], [ -106.1313301, 68.5949201 ], [ -106.1924581, 68.571094 ], [ -106.2615299, 68.5730201 ], [ -106.36606, 68.53853 ], [ -106.5315601, 68.5330199 ], [ -106.4583101, 68.4678049 ], [ -106.59247, 68.4719999 ], [ -106.5669399, 68.4297 ], [ -106.4765996, 68.421298 ], [ -106.4430362, 68.4055996 ], [ -106.4859801, 68.36963 ], [ -106.5511401, 68.3578099 ], [ -106.50041, 68.3126401 ], [ -106.56651, 68.3075 ], [ -106.6156399, 68.34543 ], [ -106.7109199, 68.35687 ], [ -106.68807, 68.3785801 ], [ -106.7901899, 68.41575 ], [ -106.7802669, 68.3706586 ], [ -106.9205799, 68.3850599 ], [ -106.97979, 68.3840599 ], [ -106.9931, 68.3480199 ], [ -107.10962, 68.3093001 ], [ -107.1159937, 68.2876019 ], [ -107.19567, 68.2768501 ], [ -107.2746999, 68.31128 ], [ -107.39092, 68.3312399 ], [ -107.4568979, 68.3222985 ], [ -107.5218201, 68.34939 ], [ -107.6315699, 68.35241 ], [ -107.7161, 68.3335 ], [ -107.7906032, 68.3491286 ], [ -107.8302101, 68.3395401 ], [ -107.8484599, 68.2527599 ], [ -107.71267, 68.2301699 ], [ -107.7209499, 68.20845 ], [ -107.63948, 68.1956801 ], [ -107.6363499, 68.1721319 ], [ -107.75132, 68.1837099 ], [ -107.86606, 68.1696701 ], [ -107.8903, 68.1455601 ], [ -107.9974599, 68.1401199 ], [ -108.02971, 68.17473 ], [ -108.11555, 68.18111 ], [ -108.27824, 68.14105 ], [ -108.31065, 68.12427 ], [ -108.3848601, 68.12904 ], [ -108.3849099, 68.16486 ], [ -108.30436, 68.1720101 ], [ -108.27896, 68.20945 ], [ -108.3579801, 68.25857 ], [ -108.3579, 68.30103 ], [ -108.46319, 68.3083001 ], [ -108.54782, 68.25432 ], [ -108.60176, 68.2660999 ], [ -108.68335, 68.23734 ], [ -108.78039, 68.2529799 ], [ -108.7099899, 68.3085499 ], [ -108.72668, 68.33538 ], [ -108.69235, 68.36329 ], [ -108.5943301, 68.39567 ], [ -108.49021, 68.4867401 ], [ -108.43919, 68.5125699 ], [ -108.35557, 68.60388 ], [ -108.24054, 68.6335001 ], [ -107.72111, 68.65401 ], [ -107.4885601, 68.67658 ], [ -107.42093, 68.6948701 ], [ -107.2674401, 68.70563 ], [ -107.08097, 68.75466 ], [ -106.8496389, 68.7953182 ], [ -106.7979766, 68.8181431 ], [ -106.6552469, 68.8164346 ], [ -106.5996306, 68.8454934 ], [ -106.4939221, 68.8612883 ], [ -106.452915, 68.8784218 ], [ -106.216299, 68.9177769 ], [ -106.1946141, 68.9454003 ], [ -106.0032229, 68.9137515 ], [ -105.9820566, 68.8933805 ], [ -105.8633356, 68.8818827 ], [ -105.7721625, 68.8839474 ], [ -105.7137635, 68.8461548 ], [ -105.516911, 68.7780159 ], [ -105.4335, 68.73725 ], [ -105.49775, 68.6845 ], [ -105.4635, 68.616 ], [ -105.41575, 68.59725 ], [ -105.38575, 68.5645 ], [ -105.402, 68.5265 ], [ -105.29825, 68.51425 ], [ -105.3045, 68.4635 ], [ -105.36725, 68.4855 ], [ -105.482, 68.4515 ], [ -105.4475, 68.4245 ], [ -105.32575, 68.4165 ], [ -105.27875, 68.35625 ], [ -105.1965, 68.3185 ], [ -105.143, 68.31675 ], [ -105.0735, 68.27425 ], [ -104.905, 68.23525 ], [ -104.8475, 68.241 ], [ -104.80225, 68.26525 ], [ -104.75525, 68.25 ], [ -104.632, 68.259 ], [ -104.558, 68.245 ], [ -104.5925, 68.1965 ], [ -104.64625, 68.14875 ], [ -104.57425, 68.14625 ], [ -104.54725, 68.08575 ], [ -104.475, 68.02375 ], [ -104.34075, 68.0465 ], [ -104.2735, 68.045 ], [ -104.21625, 68.02225 ], [ -104.14025, 68.0185 ], [ -104.02125, 68.04625 ], [ -103.929, 68.04425 ], [ -103.8335, 68.0215 ], [ -103.69375, 68.04375 ], [ -103.672, 68.0665 ], [ -103.57275, 68.05525 ], [ -103.49375, 68.07325 ], [ -103.52625, 68.109 ], [ -103.487, 68.1445 ], [ -103.42775, 68.16525 ], [ -103.37075, 68.15125 ], [ -103.30875, 68.1115 ], [ -103.3525, 68.0815 ], [ -103.3385, 68.005 ], [ -103.18687, 67.9553201 ], [ -103.0872001, 67.9545 ], [ -103.0313901, 67.91773 ], [ -102.98409, 67.90979 ], [ -102.9222499, 67.9283101 ], [ -102.83955, 67.83988 ], [ -102.6263701, 67.7989199 ], [ -102.4221799, 67.78874 ], [ -102.35396, 67.74216 ], [ -102.2367101, 67.7241801 ], [ -102.1097301, 67.7635 ], [ -102.06323, 67.7385401 ], [ -101.96983, 67.76304 ], [ -101.8440499, 67.73125 ], [ -101.7107499, 67.7363299 ], [ -101.6735099, 67.69371 ], [ -101.6195999, 67.71147 ], [ -101.5737, 67.69225 ], [ -101.47775, 67.689 ], [ -101.4100299, 67.71138 ], [ -101.3198201, 67.7155 ], [ -101.2182499, 67.7353299 ], [ -101.2123599, 67.7586899 ], [ -101.1279, 67.7801399 ], [ -101.0554501, 67.78606 ], [ -101.02125, 67.75785 ], [ -100.9250401, 67.7574699 ], [ -100.71387, 67.8232401 ], [ -100.67919, 67.8539 ], [ -100.62737, 67.83 ], [ -100.5429401, 67.82263 ], [ -100.62016, 67.7845601 ], [ -100.5498, 67.76785 ], [ -100.50075, 67.8189399 ], [ -100.43148, 67.8481899 ], [ -100.32996, 67.84368 ], [ -100.19248, 67.8504901 ], [ -100.05068, 67.8157901 ], [ -99.91517, 67.8097099 ], [ -99.89142, 67.8259399 ], [ -99.7630201, 67.8102301 ], [ -99.67259, 67.81676 ], [ -99.5954099, 67.78754 ], [ -99.5294599, 67.8137099 ], [ -99.4149499, 67.80177 ], [ -99.3621201, 67.77326 ], [ -99.28371, 67.76575 ], [ -99.2191401, 67.7175301 ], [ -99.16331, 67.72782 ], [ -98.9887901, 67.72203 ], [ -98.8989501, 67.70078 ], [ -98.8893199, 67.7432101 ], [ -98.82075, 67.7607801 ], [ -98.78787, 67.7415699 ], [ -98.72094, 67.75604 ], [ -98.654, 67.81164 ], [ -98.6057801, 67.7839299 ], [ -98.5071899, 67.78264 ], [ -98.45064, 67.76073 ], [ -98.3910099, 67.75694 ], [ -98.38218, 67.78451 ], [ -98.32979, 67.79786 ], [ -98.3886701, 67.8336199 ], [ -98.4174501, 67.87412 ], [ -98.5087699, 67.86802 ], [ -98.56375, 67.9009 ], [ -98.66646, 67.9341199 ], [ -98.69959, 67.97406 ], [ -98.6944101, 68.0054899 ], [ -98.7294499, 68.0418499 ], [ -98.62009, 68.10862 ], [ -98.5653201, 68.1074399 ], [ -98.51046, 68.0784199 ], [ -98.5064299, 68.043 ], [ -98.37874, 67.9908001 ], [ -98.3029799, 67.9713301 ], [ -98.1976701, 67.9156301 ], [ -98.20604, 67.8993099 ], [ -98.09676, 67.77641 ], [ -98.0094301, 67.7655501 ], [ -97.95223, 67.7465301 ], [ -97.9410601, 67.71003 ], [ -97.81562, 67.70034 ], [ -97.7263999, 67.66976 ], [ -97.70041, 67.6411699 ], [ -97.62872, 67.6500401 ], [ -97.54512, 67.6004799 ], [ -97.4228999, 67.6137801 ], [ -97.3180401, 67.6356199 ], [ -97.23236, 67.6680799 ], [ -97.19213, 67.65345 ], [ -97.1144801, 67.6791601 ], [ -97.0344599, 67.68678 ], [ -97.15343, 67.73996 ], [ -97.0797801, 67.78284 ], [ -97.1303701, 67.85158 ], [ -97.2453599, 67.89044 ], [ -97.35176, 67.8783801 ], [ -97.41363, 67.8812901 ], [ -97.4297799, 67.9235 ], [ -97.5848, 67.9784799 ], [ -97.6272399, 68.0210201 ], [ -97.6851599, 67.99874 ], [ -97.6841599, 67.9803401 ], [ -97.8167601, 67.97187 ], [ -97.9357499, 67.9461001 ], [ -97.9749999, 67.97396 ], [ -98.0445601, 67.9219701 ], [ -98.02917, 67.8510599 ], [ -98.0856001, 67.83732 ], [ -98.1469899, 67.8806 ], [ -98.1718801, 67.9149899 ], [ -98.3071601, 67.99128 ], [ -98.37764, 68.0189101 ], [ -98.4342501, 68.08969 ], [ -98.5119601, 68.1206 ], [ -98.5385, 68.1470001 ], [ -98.45575, 68.19366 ], [ -98.38787, 68.16083 ], [ -98.41398, 68.1333201 ], [ -98.37086, 68.0925101 ], [ -98.27788, 68.10006 ], [ -98.2703, 68.1337701 ], [ -98.28931, 68.18106 ], [ -98.48581, 68.21766 ], [ -98.45286, 68.2426001 ], [ -98.6450301, 68.3348801 ], [ -98.67669, 68.37074 ], [ -98.5850199, 68.3817901 ], [ -98.4855299, 68.3370299 ], [ -98.43267, 68.34849 ], [ -98.4272501, 68.3713501 ], [ -98.4973801, 68.39586 ], [ -98.45188, 68.4128499 ], [ -98.381116, 68.3675699 ], [ -98.3267, 68.3740499 ], [ -98.24284, 68.3327899 ], [ -98.11958, 68.30917 ], [ -98.0698001, 68.3692301 ], [ -98.00106, 68.37254 ], [ -97.95056, 68.3554899 ], [ -97.89554, 68.3620399 ], [ -97.82841, 68.4146299 ], [ -97.882, 68.4402999 ], [ -97.90624, 68.4707599 ], [ -97.98138, 68.5177601 ], [ -97.88775, 68.54963 ], [ -97.76804, 68.5463301 ], [ -97.63529, 68.52016 ], [ -97.58894, 68.4916501 ], [ -97.50868, 68.5149901 ], [ -97.3564099, 68.5084599 ], [ -97.2112199, 68.4663199 ], [ -97.1637101, 68.42566 ], [ -97.08265, 68.4065901 ], [ -97.04149, 68.3605999 ], [ -96.9751899, 68.3426701 ], [ -96.93633, 68.28261 ], [ -96.7988599, 68.2580799 ], [ -96.6767999, 68.28149 ], [ -96.61068, 68.25344 ], [ -96.4448601, 68.28372 ], [ -96.44281, 68.2372601 ], [ -96.50931, 68.17087 ], [ -96.577, 68.1644501 ], [ -96.57744, 68.1244301 ], [ -96.64746, 68.1171199 ], [ -96.7351401, 68.0656499 ], [ -96.7555099, 68.0390799 ], [ -96.70309, 68.0130401 ], [ -96.5678, 68.0566399 ], [ -96.4875, 68.0372601 ], [ -96.43713, 68.1001901 ], [ -96.49251, 68.1107601 ], [ -96.4166101, 68.15793 ], [ -96.30461, 68.1932401 ], [ -96.1403599, 68.22478 ], [ -95.9324501, 68.25677 ], [ -95.9604699, 68.2173899 ], [ -96.0337399, 68.1834999 ], [ -96.0410799, 68.1398801 ], [ -95.9929201, 68.12571 ], [ -96.00489, 68.0883099 ], [ -96.0417, 68.0523901 ], [ -96.08891, 68.0332701 ], [ -96.0495201, 68.0126099 ], [ -96.1187701, 67.96087 ], [ -96.14531, 67.8697399 ], [ -96.19444, 67.8393701 ], [ -96.1763701, 67.7589801 ], [ -96.1375799, 67.7337401 ], [ -96.1236601, 67.6987 ], [ -96.14306, 67.6194701 ], [ -96.2947799, 67.64867 ], [ -96.28441, 67.61907 ], [ -96.33641, 67.5687701 ], [ -96.3866001, 67.56306 ], [ -96.42204, 67.51746 ], [ -96.5633899, 67.4979 ], [ -96.5472599, 67.4795001 ], [ -96.42415, 67.5134001 ], [ -96.4439799, 67.48122 ], [ -96.36221, 67.46942 ], [ -96.29683, 67.44608 ], [ -96.25346, 67.4581401 ], [ -96.1743701, 67.42786 ], [ -96.0775599, 67.4353501 ], [ -96.0925599, 67.3997999 ], [ -96.1381499, 67.3746401 ], [ -96.1579399, 67.3367501 ], [ -96.2108399, 67.3154099 ], [ -96.19978, 67.2852799 ], [ -96.11827, 67.2695099 ], [ -96.08061, 67.2255799 ], [ -95.8229699, 67.31149 ], [ -95.7561101, 67.36971 ], [ -95.61499, 67.3426401 ], [ -95.57584, 67.38574 ], [ -95.53029, 67.38237 ], [ -95.5036301, 67.3531099 ], [ -95.55151, 67.30734 ], [ -95.8015999, 67.17396 ], [ -95.7097699, 67.1952399 ], [ -95.51682, 67.22295 ], [ -95.5039999, 67.24566 ], [ -95.32306, 67.2534999 ], [ -95.2159201, 67.28136 ], [ -95.13792, 67.28958 ], [ -95.1906, 67.3157301 ], [ -95.2891999, 67.3419799 ], [ -95.3331099, 67.4012 ], [ -95.3454599, 67.45909 ], [ -95.38132, 67.47442 ], [ -95.2930701, 67.51381 ], [ -95.3150701, 67.5646601 ], [ -95.4213899, 67.6124701 ], [ -95.4871801, 67.6572701 ], [ -95.54183, 67.65591 ], [ -95.5676801, 67.68646 ], [ -95.64424, 67.6968799 ], [ -95.6956401, 67.73403 ], [ -95.6373901, 67.77387 ], [ -95.5883601, 67.77951 ], [ -95.5333399, 67.81132 ], [ -95.4950899, 67.8587201 ], [ -95.5237501, 67.91047 ], [ -95.45855, 67.96876 ], [ -95.41188, 67.9883799 ], [ -95.4145999, 68.0471601 ], [ -95.3398701, 68.07536 ], [ -95.21563, 68.0786 ], [ -95.17408, 68.0589501 ], [ -95.0851701, 68.0889999 ], [ -95.0136901, 68.04667 ], [ -94.9111801, 68.0550401 ], [ -94.83073, 68.0319201 ], [ -94.72679, 68.0483801 ], [ -94.65044, 68.1130901 ], [ -94.5833, 68.14826 ], [ -94.4976099, 68.16031 ], [ -94.4283401, 68.1949299 ], [ -94.2947299, 68.24 ], [ -94.16159, 68.2775399 ], [ -94.1799701, 68.3193399 ], [ -94.18212, 68.3806801 ], [ -93.99846, 68.4606201 ], [ -93.8817901, 68.4837699 ], [ -93.7894299, 68.4908701 ], [ -93.5515199, 68.56097 ], [ -93.47871, 68.5541599 ], [ -93.4341099, 68.5959499 ], [ -93.4778801, 68.6137201 ], [ -93.54576, 68.61134 ], [ -93.61779, 68.63333 ], [ -93.7149299, 68.62413 ], [ -93.70478, 68.68015 ], [ -93.67193, 68.70917 ], [ -93.67285, 68.7395899 ], [ -93.61427, 68.78633 ], [ -93.56375, 68.85525 ], [ -93.6185, 68.87775 ], [ -93.63425, 68.90425 ], [ -93.624, 68.967 ], [ -93.695, 68.98225 ], [ -93.8285, 68.96625 ], [ -93.88775, 68.98975 ], [ -93.9475, 68.936 ], [ -94.0035, 68.92675 ], [ -94.0575, 68.89675 ], [ -94.0573699, 68.85751 ], [ -93.9812801, 68.85006 ], [ -93.9155, 68.8755 ], [ -93.89375, 68.841 ], [ -94.02695, 68.7968599 ], [ -94.07951, 68.75933 ], [ -94.2105501, 68.74477 ], [ -94.2495501, 68.76175 ], [ -94.3188599, 68.74154 ], [ -94.43739, 68.74428 ], [ -94.58836, 68.77156 ], [ -94.5733101, 68.81313 ], [ -94.51913, 68.89416 ], [ -94.56694, 68.90318 ], [ -94.54879, 68.94298 ], [ -94.587, 68.972 ], [ -94.524, 68.9815 ], [ -94.4495, 68.94775 ], [ -94.372, 68.9655 ], [ -94.3045, 69.041 ], [ -94.198, 69.035 ], [ -94.12225, 69.06575 ], [ -94.161, 69.0795 ], [ -94.14825, 69.107 ], [ -94.0625, 69.1315 ], [ -94.2175, 69.1325 ], [ -94.29225, 69.16825 ], [ -94.23625, 69.27925 ], [ -94.2775, 69.29625 ], [ -94.25975, 69.324 ], [ -94.12975, 69.34775 ], [ -94.0055, 69.3625 ], [ -93.896, 69.36625 ], [ -93.84525, 69.34775 ], [ -93.765, 69.36225 ], [ -93.713, 69.3985 ], [ -93.5515, 69.44325 ], [ -93.5765, 69.40775 ], [ -93.655, 69.35325 ], [ -93.786, 69.30925 ], [ -93.777, 69.29475 ], [ -93.857, 69.264 ], [ -93.83925, 69.2375 ], [ -93.70575, 69.2165 ], [ -93.56025, 69.27825 ], [ -93.53825, 69.30575 ], [ -93.427, 69.33275 ], [ -93.54025, 69.387 ], [ -93.4515, 69.46725 ], [ -93.4565, 69.50275 ], [ -93.5875, 69.53875 ], [ -93.72075, 69.5105 ], [ -93.746, 69.4855 ], [ -93.827, 69.49175 ], [ -93.838, 69.45775 ], [ -93.9295, 69.437 ], [ -94.23075, 69.44825 ], [ -94.2835, 69.44275 ], [ -94.3315, 69.46525 ], [ -94.366, 69.5035 ], [ -94.4905, 69.5605 ], [ -94.5415, 69.627 ], [ -94.6155, 69.64625 ], [ -94.61425, 69.67775 ], [ -94.73175, 69.675 ], [ -94.7615, 69.64975 ], [ -94.70875, 69.60525 ], [ -94.80475, 69.5625 ], [ -94.93625, 69.58475 ], [ -95.0195, 69.6135 ], [ -95.10275, 69.62 ], [ -95.1505, 69.6425 ], [ -95.36325, 69.67425 ], [ -95.408, 69.697 ], [ -95.5265, 69.728 ], [ -95.571, 69.7575 ], [ -95.68925, 69.79175 ], [ -95.78225, 69.774 ], [ -96.0295, 69.81275 ], [ -96.0675, 69.84275 ], [ -96.049, 69.8985 ], [ -96.1051199, 69.96948 ], [ -96.20947, 69.95925 ], [ -96.24482, 69.96837 ], [ -96.39087, 70.0534501 ], [ -96.47515, 70.09353 ], [ -96.50453, 70.17067 ], [ -96.54788, 70.24339 ], [ -96.5450499, 70.3019201 ], [ -96.487709, 70.3730164 ], [ -96.3729201, 70.4204599 ], [ -96.3056501, 70.4158901 ], [ -96.2936501, 70.49475 ], [ -96.220702, 70.5687657 ], [ -96.17564, 70.5313199 ], [ -96.12063, 70.53533 ], [ -96.1078857, 70.5707748 ], [ -96.02834, 70.5970199 ], [ -96.0420701, 70.64508 ], [ -95.9761499, 70.6550201 ], [ -95.9203101, 70.69033 ], [ -96.0867799, 70.66396 ], [ -96.1570499, 70.6173599 ], [ -96.3760499, 70.69212 ], [ -96.42257, 70.74214 ], [ -96.56787, 70.78018 ], [ -96.59726, 70.8069001 ], [ -96.5911701, 70.84442 ], [ -96.52321, 70.8961999 ], [ -96.48182, 70.9823301 ], [ -96.4009699, 71.0722601 ], [ -96.50395, 71.11126 ], [ -96.5263, 71.1343199 ], [ -96.39446, 71.16884 ], [ -96.42534, 71.1989299 ], [ -96.41167, 71.2391501 ], [ -96.4614399, 71.2748599 ], [ -96.3475801, 71.29836 ], [ -96.2631801, 71.28922 ], [ -96.1766099, 71.39409 ], [ -96.0338201, 71.42132 ], [ -95.886, 71.408 ], [ -95.7975, 71.336 ], [ -95.63725, 71.28675 ], [ -95.52075, 71.29825 ], [ -95.50325, 71.33975 ], [ -95.44575, 71.3585 ], [ -95.43575, 71.38775 ], [ -95.5445, 71.42425 ], [ -95.499, 71.46775 ], [ -95.50475, 71.49375 ], [ -95.81125, 71.50925 ], [ -95.8325, 71.5355 ], [ -95.9085, 71.54875 ], [ -95.9145, 71.572 ], [ -95.847, 71.58375 ], [ -95.89675, 71.6075 ], [ -95.83275, 71.62875 ], [ -95.6865, 71.634 ], [ -95.64125, 71.67425 ], [ -95.474, 71.7325 ], [ -95.41925, 71.72825 ], [ -95.24075, 71.73725 ], [ -95.28225, 71.763 ], [ -95.2110077, 71.8340836 ], [ -95.21825, 71.872 ], [ -95.2005, 71.941 ], [ -95.17275, 71.9565 ], [ -94.9427707, 71.980011 ], [ -94.697, 71.9925 ], [ -94.67125, 72.0005 ], [ -94.48575, 71.99525 ], [ -94.5025, 71.958 ], [ -94.38075, 71.9485 ], [ -94.45225, 71.85175 ], [ -94.561, 71.85825 ], [ -94.59975, 71.82875 ], [ -94.593, 71.757 ], [ -94.52825, 71.75375 ], [ -94.4675, 71.82325 ], [ -94.3305, 71.7945 ], [ -94.379, 71.75875 ], [ -94.2975, 71.72825 ], [ -94.23025, 71.75175 ], [ -94.23625, 71.7765 ], [ -94.173, 71.805 ], [ -94.0745, 71.76625 ], [ -93.9925, 71.764 ], [ -93.87175, 71.747 ], [ -93.76425, 71.77625 ], [ -93.6725, 71.759 ], [ -93.66725, 71.72175 ], [ -93.77275, 71.66375 ], [ -93.76575, 71.6455 ], [ -93.686, 71.63 ], [ -93.634, 71.58875 ], [ -93.5415, 71.56225 ], [ -93.38725, 71.539 ], [ -93.344, 71.511 ], [ -93.18225, 71.46075 ], [ -93.1535, 71.398 ], [ -93.1215, 71.381 ], [ -93.015, 71.37275 ], [ -92.95075, 71.3505 ], [ -92.97575, 71.3245 ], [ -92.933, 71.3025 ], [ -92.92625, 71.2315 ], [ -92.839, 71.166 ], [ -92.853, 71.1005 ], [ -92.87775, 71.07525 ], [ -92.83675, 71.04925 ], [ -92.89625, 70.956 ], [ -92.8955, 70.903 ], [ -92.875, 70.8605 ], [ -92.9425, 70.82775 ], [ -92.76275, 70.8145 ], [ -92.654, 70.769 ], [ -92.62825, 70.71225 ], [ -92.67675, 70.69025 ], [ -92.53, 70.687 ], [ -92.1905, 70.62075 ], [ -92.136, 70.59 ], [ -92.249, 70.58325 ], [ -92.26175, 70.5585 ], [ -92.18425, 70.51675 ], [ -92.1665, 70.47875 ], [ -92.112, 70.47725 ], [ -92.0845, 70.44475 ], [ -92.034, 70.42875 ], [ -91.993, 70.35425 ], [ -92.00675, 70.29525 ], [ -91.98675, 70.28025 ], [ -91.86475, 70.32625 ], [ -91.90025, 70.362 ], [ -91.82525, 70.373 ], [ -91.7815, 70.35575 ], [ -91.68975, 70.3555 ], [ -91.7035, 70.30925 ], [ -91.679, 70.25375 ], [ -91.5825, 70.22125 ], [ -91.50825, 70.179 ], [ -91.52775, 70.1485 ], [ -91.936, 70.12275 ], [ -92.04775, 70.1315 ], [ -92.08075, 70.1615 ], [ -92.29475, 70.19575 ], [ -92.366, 70.189 ], [ -92.4555, 70.1065 ], [ -92.504, 70.08625 ], [ -92.1875, 70.098 ], [ -92.08425, 70.089 ], [ -91.9845, 70.065 ], [ -91.94475, 70.0155 ], [ -92.01325, 70.001 ], [ -92.12675, 69.9505 ], [ -92.2655, 69.8765 ], [ -92.30525, 69.87275 ], [ -92.44125, 69.8215 ], [ -92.55725, 69.80675 ], [ -92.541, 69.77325 ], [ -92.58475, 69.75925 ], [ -92.746, 69.733 ], [ -92.78025, 69.7055 ], [ -92.661, 69.7135 ], [ -92.58075, 69.709 ], [ -92.6375, 69.677 ], [ -92.46975, 69.70025 ], [ -92.385, 69.67325 ], [ -92.258, 69.6685 ], [ -92.2755, 69.63825 ], [ -92.1575, 69.5935 ], [ -92.0935, 69.55525 ], [ -92.007, 69.54475 ], [ -91.95925, 69.52675 ], [ -91.7845, 69.5055 ], [ -91.69425, 69.53075 ], [ -91.7075, 69.55375 ], [ -91.57975, 69.571 ], [ -91.585, 69.604 ], [ -91.48575, 69.65675 ], [ -91.41925, 69.66725 ], [ -91.33025, 69.651 ], [ -91.26725, 69.65725 ], [ -91.2195, 69.617 ], [ -91.266, 69.576 ], [ -91.3445, 69.54625 ], [ -91.458, 69.543 ], [ -91.4625, 69.5285 ], [ -91.31225, 69.519 ], [ -91.3165, 69.539 ], [ -91.17875, 69.5585 ], [ -91.146, 69.517 ], [ -91.065, 69.5145 ], [ -91.00375, 69.5315 ], [ -90.8365, 69.50525 ], [ -90.78875, 69.48475 ], [ -90.721, 69.51825 ], [ -90.7065, 69.54225 ], [ -90.64325, 69.5435 ], [ -90.46525, 69.50775 ], [ -90.3725, 69.45975 ], [ -90.45275, 69.45475 ], [ -90.499, 69.425 ], [ -90.613, 69.41875 ], [ -90.6775, 69.39525 ], [ -90.73725, 69.3925 ], [ -90.82975, 69.334 ], [ -90.80425, 69.31375 ], [ -90.81225, 69.2565 ], [ -90.86375, 69.25 ], [ -91.0445, 69.27 ], [ -91.09525, 69.3 ], [ -91.1525, 69.27875 ], [ -91.09525, 69.239 ], [ -90.9515, 69.19925 ], [ -90.88125, 69.159 ], [ -90.81775, 69.146 ], [ -90.76425, 69.116 ], [ -90.64575, 69.08375 ], [ -90.69375, 69.0355 ], [ -90.66275, 68.99325 ], [ -90.6015, 68.9975 ], [ -90.55175, 68.9575 ], [ -90.5915, 68.9465 ], [ -90.4315, 68.88225 ], [ -90.4745, 68.8675 ], [ -90.43475, 68.8335 ], [ -90.45125, 68.77425 ], [ -90.5155, 68.74625 ], [ -90.4695, 68.67975 ], [ -90.51, 68.6405 ], [ -90.46775, 68.5925 ], [ -90.5115, 68.55925 ], [ -90.45875, 68.53325 ], [ -90.5185, 68.48475 ], [ -90.5945, 68.461 ], [ -90.53425, 68.42075 ], [ -90.28175, 68.37575 ], [ -90.323, 68.31775 ], [ -90.26325, 68.26675 ], [ -90.178, 68.234 ], [ -90.0905, 68.2705 ], [ -90.13475, 68.30425 ], [ -90.05725, 68.32975 ], [ -89.997, 68.369 ], [ -89.9695, 68.40675 ], [ -89.98125, 68.44575 ], [ -89.8835, 68.457 ], [ -89.90075, 68.487 ], [ -89.8445, 68.49225 ], [ -89.83225, 68.53575 ], [ -89.91175, 68.55575 ], [ -89.93825, 68.62225 ], [ -89.9015, 68.66025 ], [ -89.85425, 68.66975 ], [ -89.80875, 68.7005 ], [ -89.758, 68.6865 ], [ -89.70175, 68.71475 ], [ -89.67775, 68.76825 ], [ -89.70075, 68.7885 ], [ -89.67125, 68.8155 ], [ -89.70025, 68.83475 ], [ -89.737, 68.89375 ], [ -89.75425, 68.96525 ], [ -89.693, 69.02075 ], [ -89.63075, 69.06125 ], [ -89.51325, 69.098 ], [ -89.3895, 69.19225 ], [ -89.37925, 69.226 ], [ -89.2675, 69.266 ], [ -89.1105, 69.27675 ], [ -88.9565, 69.2425 ], [ -88.88875, 69.1885 ], [ -88.8705, 69.15675 ], [ -88.79425, 69.1095 ], [ -88.62825, 69.04275 ], [ -88.55325, 69.02725 ], [ -88.48, 68.99325 ], [ -88.37525, 68.97175 ], [ -88.22825, 68.92325 ], [ -88.12275, 68.85975 ], [ -88.074, 68.8455 ], [ -88.04575, 68.81175 ], [ -87.93225, 68.7305 ], [ -87.91175, 68.65175 ], [ -87.9435, 68.60475 ], [ -87.92025, 68.56375 ], [ -87.85825, 68.5075 ], [ -87.8235, 68.43875 ], [ -87.77575, 68.4035 ], [ -87.786, 68.31875 ], [ -87.842, 68.259 ], [ -87.9145, 68.216 ], [ -87.97725, 68.2325 ], [ -88.1845, 68.2545 ], [ -88.163, 68.276 ], [ -88.17425, 68.339 ], [ -88.202, 68.37875 ], [ -88.27425, 68.316 ], [ -88.37625, 68.292 ], [ -88.37475, 68.25225 ], [ -88.31, 68.2075 ], [ -88.26875, 68.1555 ], [ -88.27675, 68.1025 ], [ -88.31625, 68.08675 ], [ -88.3145, 68.0485 ], [ -88.3625, 68.0335 ], [ -88.3445, 67.99725 ], [ -88.3885, 67.9855 ], [ -88.33225, 67.941 ], [ -88.32275, 67.91475 ], [ -88.22625, 67.7975 ], [ -88.17975, 67.75475 ], [ -88.112, 67.73425 ], [ -88.134, 67.71 ], [ -88.11975, 67.67675 ], [ -87.98825, 67.62625 ], [ -87.93925, 67.62175 ], [ -87.881, 67.57675 ], [ -87.74725, 67.50025 ], [ -87.62375, 67.446 ], [ -87.637, 67.44025 ], [ -87.54525, 67.377 ], [ -87.4815, 67.37375 ], [ -87.35025, 67.2545 ], [ -87.341, 67.2035 ], [ -87.30175, 67.1825 ], [ -87.27875, 67.137 ], [ -87.21475, 67.1805 ], [ -87.2425, 67.2195 ], [ -87.16175, 67.24025 ], [ -87.05775, 67.216 ], [ -87.05975, 67.244 ], [ -86.96075, 67.2395 ], [ -86.99025, 67.27125 ], [ -86.98475, 67.3015 ], [ -87.07575, 67.32875 ], [ -87.06975, 67.35025 ], [ -86.91425, 67.37225 ], [ -86.8465, 67.4135 ], [ -86.7455, 67.4235 ], [ -86.725, 67.39725 ], [ -86.65975, 67.373 ], [ -86.58425, 67.4035 ], [ -86.57575, 67.3545 ], [ -86.494, 67.36475 ], [ -86.52475, 67.41425 ], [ -86.478, 67.45175 ], [ -86.46875, 67.514 ], [ -86.47825, 67.55425 ], [ -86.43125, 67.58675 ], [ -86.47725, 67.608 ], [ -86.46775, 67.64125 ], [ -86.49925, 67.66 ], [ -86.5035, 67.70025 ], [ -86.46375, 67.7235 ], [ -86.40625, 67.783 ], [ -86.35825, 67.79975 ], [ -86.3285, 67.83075 ], [ -86.2355, 67.8935 ], [ -86.1685, 67.911 ], [ -86.0465, 67.99825 ], [ -85.93125, 68.016 ], [ -85.868, 68.05975 ], [ -85.892, 68.10075 ], [ -85.86675, 68.19625 ], [ -85.76975, 68.2065 ], [ -85.84575, 68.23625 ], [ -85.76675, 68.30225 ], [ -85.7475, 68.36925 ], [ -85.7005, 68.40325 ], [ -85.72575, 68.439 ], [ -85.714, 68.48625 ], [ -85.6855, 68.489 ], [ -85.71725, 68.6075 ], [ -85.67975, 68.652 ], [ -85.64375, 68.72125 ], [ -85.60575, 68.742 ], [ -85.53975, 68.7365 ], [ -85.443, 68.74725 ], [ -85.512, 68.78525 ], [ -85.415, 68.783 ], [ -85.34125, 68.735 ], [ -85.247, 68.73225 ], [ -85.224, 68.76175 ], [ -85.13275, 68.7505 ], [ -84.923, 68.7565 ], [ -84.89, 68.7415 ], [ -84.77175, 68.73825 ], [ -84.7295, 68.7775 ], [ -84.77825, 68.8065 ], [ -84.85375, 68.82425 ], [ -84.975, 68.80725 ], [ -85.10975, 68.819 ], [ -85.176, 68.859 ], [ -85.16075, 68.87475 ], [ -85.0245, 68.8915 ], [ -85.05325, 68.927 ], [ -85.11775, 68.9505 ], [ -85.05925, 68.9615 ], [ -84.92575, 68.94625 ], [ -84.799, 68.949 ], [ -84.90725, 68.97875 ], [ -84.96625, 69.01325 ], [ -84.83575, 69.01625 ], [ -84.80625, 69.0375 ], [ -84.7315, 69.01475 ], [ -84.66, 69.0185 ], [ -84.57325, 68.9965 ], [ -84.5505, 69.02725 ], [ -84.6365, 69.0225 ], [ -84.67725, 69.04275 ], [ -84.751, 69.0375 ], [ -84.72225, 69.079 ], [ -84.93025, 69.0845 ], [ -84.9515, 69.1365 ], [ -85.1025, 69.1125 ], [ -85.11675, 69.13175 ], [ -85.069, 69.16175 ], [ -85.1555, 69.16825 ], [ -85.1905, 69.12625 ], [ -85.30975, 69.15375 ], [ -85.244, 69.176 ], [ -85.3455, 69.202 ], [ -85.3485, 69.2255 ], [ -85.41875, 69.24675 ], [ -85.384, 69.28175 ], [ -85.442, 69.283 ], [ -85.48825, 69.32175 ], [ -85.40575, 69.3195 ], [ -85.4755, 69.3795 ], [ -85.48025, 69.4145 ], [ -85.404, 69.41525 ], [ -85.398, 69.4415 ], [ -85.4725, 69.4405 ], [ -85.5205, 69.4845 ], [ -85.5165, 69.522 ], [ -85.44775, 69.566 ], [ -85.38875, 69.57775 ], [ -85.47175, 69.6095 ], [ -85.52475, 69.645 ], [ -85.46375, 69.66875 ], [ -85.41675, 69.73025 ], [ -85.4645, 69.768 ], [ -85.36, 69.789 ], [ -85.3315, 69.8205 ], [ -85.3805, 69.82775 ], [ -85.5825, 69.8185 ], [ -85.55025, 69.859 ], [ -85.37075, 69.85075 ], [ -85.20825, 69.805 ], [ -85.06325, 69.773 ], [ -85.05175, 69.7895 ], [ -84.909, 69.81575 ], [ -84.84875, 69.8375 ], [ -84.7015, 69.83675 ], [ -84.588, 69.849 ], [ -84.54, 69.864 ], [ -84.4055, 69.861 ], [ -84.09775, 69.81175 ], [ -84.09675, 69.7825 ], [ -84.05025, 69.7615 ], [ -83.819, 69.734 ], [ -83.61475, 69.694 ], [ -83.46325, 69.6815 ], [ -83.30575, 69.67975 ], [ -83.28, 69.70675 ], [ -83.11275, 69.69175 ], [ -82.965, 69.68575 ], [ -82.5435, 69.683 ], [ -82.4995, 69.659 ], [ -82.292, 69.6425 ], [ -82.3905, 69.6105 ], [ -82.42075, 69.639 ], [ -82.56075, 69.65225 ], [ -82.63825, 69.61825 ], [ -82.5175, 69.59525 ], [ -82.57425, 69.582 ], [ -82.5645, 69.5495 ], [ -82.46575, 69.51475 ], [ -82.4647599, 69.4915799 ], [ -82.5702501, 69.50843 ], [ -82.73487, 69.5048299 ], [ -82.6488899, 69.4777901 ], [ -82.3709628, 69.4311257 ], [ -82.2010121, 69.3949603 ], [ -82.34109, 69.3910899 ], [ -82.3005, 69.3676199 ], [ -82.15175, 69.31625 ], [ -82.18075, 69.285 ], [ -82.262, 69.258 ], [ -82.221, 69.23725 ], [ -82.13175, 69.24425 ], [ -82.01875, 69.242 ], [ -81.98625, 69.273 ], [ -81.8965, 69.27175 ], [ -81.7575, 69.25875 ], [ -81.667, 69.26525 ], [ -81.56725, 69.23925 ], [ -81.48575, 69.20475 ], [ -81.39375, 69.20775 ], [ -81.31325, 69.19225 ], [ -81.28675, 69.128 ], [ -81.31092, 69.0983499 ], [ -81.3826799, 69.0883599 ], [ -81.3955899, 69.07019 ], [ -81.4698301, 69.06514 ], [ -81.51983, 69.00366 ], [ -81.57631, 68.9830301 ], [ -81.6341799, 68.98999 ], [ -81.6740799, 68.94343 ], [ -81.74295, 68.9412301 ], [ -81.767, 68.9095 ], [ -81.73225, 68.89675 ], [ -81.618, 68.90625 ], [ -81.55875, 68.877 ], [ -81.55975, 68.83625 ], [ -81.48475, 68.8595 ], [ -81.36, 68.8735 ], [ -81.30175, 68.85075 ], [ -81.2055, 68.773 ], [ -81.24675, 68.74525 ], [ -81.22325, 68.68025 ], [ -81.23675, 68.63875 ], [ -81.3225, 68.592 ], [ -81.50175, 68.5525 ], [ -81.58075, 68.5155 ], [ -81.71725, 68.52975 ], [ -81.76325, 68.52325 ], [ -81.78625, 68.4595 ], [ -81.96025, 68.424 ], [ -82.006, 68.4415 ], [ -82.07175, 68.51075 ], [ -82.157, 68.51775 ], [ -82.214, 68.50875 ], [ -82.165, 68.4835 ], [ -82.18725, 68.45925 ], [ -82.25275, 68.45475 ], [ -82.467, 68.4835 ], [ -82.60075, 68.51975 ], [ -82.62975, 68.498 ], [ -82.54425, 68.4875 ], [ -82.46825, 68.45325 ], [ -82.566, 68.43475 ], [ -82.6445, 68.44325 ], [ -82.6265, 68.4005 ], [ -82.45925, 68.404 ], [ -82.43825, 68.37425 ], [ -82.34725, 68.36125 ], [ -82.30275, 68.371 ], [ -82.217, 68.35125 ], [ -82.20375, 68.3795 ], [ -82.12725, 68.37175 ], [ -82.09925, 68.344 ], [ -81.99875, 68.34 ], [ -82.04925, 68.29675 ], [ -82.141, 68.33175 ], [ -82.26925, 68.33175 ], [ -82.32225, 68.31225 ], [ -82.48075, 68.324 ], [ -82.3815, 68.27275 ], [ -82.24975, 68.2735 ], [ -82.21875, 68.254 ], [ -82.26275, 68.223 ], [ -82.28775, 68.18 ], [ -82.333, 68.16625 ], [ -82.249, 68.12525 ], [ -82.1435, 68.11875 ], [ -82.061, 68.159 ], [ -82.02625, 68.20825 ], [ -81.95675, 68.19425 ], [ -81.9835, 68.1515 ], [ -82.03525, 68.10775 ], [ -82.11575, 68.1075 ], [ -82.10025, 68.05875 ], [ -82.13125, 68.01625 ], [ -82.17525, 68.005 ], [ -82.11375, 67.97225 ], [ -82.0845, 67.909 ], [ -82.023, 67.87475 ], [ -81.9445, 67.85325 ], [ -81.89775, 67.81325 ], [ -81.7945, 67.788 ], [ -81.8055, 67.75 ], [ -81.721, 67.74725 ], [ -81.61225, 67.69875 ], [ -81.61, 67.677 ], [ -81.56075, 67.64975 ], [ -81.383, 67.5985 ], [ -81.343, 67.549 ], [ -81.28375, 67.52625 ], [ -81.24975, 67.48725 ], [ -81.1955, 67.45225 ], [ -81.25225, 67.409 ], [ -81.28575, 67.34425 ], [ -81.3315, 67.3015 ], [ -81.32825, 67.24575 ], [ -81.34525, 67.16875 ], [ -81.401, 67.1095 ], [ -81.3865, 67.06825 ], [ -81.434, 67.05525 ], [ -81.4595, 66.99475 ], [ -81.615, 66.9855 ], [ -81.701, 66.966 ], [ -81.80275, 66.99725 ], [ -81.88875, 66.98625 ], [ -81.92875, 66.95275 ], [ -82.06825, 66.935 ], [ -82.01825, 66.8845 ], [ -82.06925, 66.854 ], [ -82.037, 66.82375 ], [ -82.09525, 66.81125 ], [ -82.1635, 66.75725 ], [ -82.12025, 66.712 ], [ -82.2755, 66.71375 ], [ -82.33875, 66.7335 ], [ -82.35725, 66.697 ], [ -82.461, 66.68025 ], [ -82.48825, 66.64875 ], [ -82.541, 66.629 ], [ -82.56975, 66.56775 ], [ -82.7255, 66.5555 ], [ -82.83775, 66.56175 ], [ -82.9875, 66.5375 ], [ -82.98925, 66.48975 ], [ -83.093, 66.44075 ], [ -83.15625, 66.43375 ], [ -83.24475, 66.38675 ], [ -83.316, 66.38375 ], [ -83.39225, 66.3485 ], [ -83.46075, 66.3545 ], [ -83.5425, 66.33875 ], [ -83.5835, 66.3745 ], [ -83.53325, 66.437 ], [ -83.6185, 66.47275 ], [ -83.642, 66.515 ], [ -83.81675, 66.544 ], [ -83.8565, 66.568 ], [ -83.94525, 66.58225 ], [ -83.98625, 66.63275 ], [ -83.994, 66.69 ], [ -83.92325, 66.7085 ], [ -83.9425, 66.74025 ], [ -83.91775, 66.783 ], [ -83.95675, 66.78375 ], [ -84.01425, 66.74925 ], [ -84.074, 66.73325 ], [ -84.08625, 66.704 ], [ -84.28325, 66.7185 ], [ -84.31125, 66.74375 ], [ -84.251, 66.779 ], [ -84.27725, 66.79125 ], [ -84.415, 66.80375 ], [ -84.435, 66.85125 ], [ -84.36425, 66.86575 ], [ -84.40825, 66.892 ], [ -84.41925, 66.931 ], [ -84.50475, 66.96025 ], [ -84.59125, 66.975 ], [ -84.71125, 66.96425 ], [ -84.87125, 66.97675 ], [ -84.93875, 66.96175 ], [ -85.04225, 66.95675 ], [ -85.11775, 66.90925 ], [ -85.16875, 66.8615 ], [ -85.1015, 66.84475 ], [ -84.9745, 66.85375 ], [ -84.89125, 66.867 ], [ -84.8615, 66.94375 ], [ -84.68675, 66.95475 ], [ -84.56325, 66.9325 ], [ -84.576, 66.90125 ], [ -84.6425, 66.88125 ], [ -84.50525, 66.844 ], [ -84.4665, 66.799 ], [ -84.403, 66.78225 ], [ -84.30125, 66.78325 ], [ -84.2865, 66.768 ], [ -84.41175, 66.7225 ], [ -84.3, 66.688 ], [ -84.166, 66.6935 ], [ -84.103, 66.6795 ], [ -84.10925, 66.64375 ], [ -84.1455, 66.61775 ], [ -84.14125, 66.56475 ], [ -84.051, 66.53925 ], [ -83.9485, 66.47775 ], [ -83.88325, 66.4505 ], [ -83.854, 66.412 ], [ -83.86275, 66.354 ], [ -83.83775, 66.32 ], [ -83.74288, 66.2876701 ], [ -83.7508499, 66.26531 ], [ -83.72002, 66.23369 ], [ -83.65865, 66.2108799 ], [ -83.6714, 66.17915 ], [ -83.82362, 66.1490799 ], [ -83.77691, 66.21057 ], [ -83.86062, 66.19489 ], [ -83.9527, 66.1954399 ], [ -84.00375, 66.232 ], [ -84.0755, 66.23975 ], [ -84.11575, 66.2605 ], [ -84.12375, 66.28975 ], [ -84.22025, 66.3035 ], [ -84.36725, 66.2835 ], [ -84.3975, 66.3545 ], [ -84.4355, 66.38375 ], [ -84.508, 66.39525 ], [ -84.539, 66.379 ], [ -84.50025, 66.328 ], [ -84.54325, 66.31275 ], [ -84.472, 66.2685 ], [ -84.3585, 66.2185 ], [ -84.34825, 66.168 ], [ -84.4215, 66.158 ], [ -84.51975, 66.196 ], [ -84.62475, 66.22375 ], [ -84.68375, 66.205 ], [ -84.73625, 66.2085 ], [ -84.83025, 66.25725 ], [ -84.928, 66.231 ], [ -84.98475, 66.263 ], [ -85.114, 66.27725 ], [ -85.20275, 66.263 ], [ -85.249, 66.273 ], [ -85.2805, 66.318 ], [ -85.28375, 66.36825 ], [ -85.31425, 66.439 ], [ -85.3255, 66.494 ], [ -85.38175, 66.52325 ], [ -85.41625, 66.5735 ], [ -85.515, 66.57075 ], [ -85.7465, 66.51525 ], [ -85.79625, 66.499 ], [ -85.99, 66.50625 ], [ -86.0745, 66.49625 ], [ -86.1725, 66.51875 ], [ -86.2555, 66.5225 ], [ -86.3165, 66.549 ], [ -86.3465, 66.51875 ], [ -86.4915, 66.53725 ], [ -86.5705, 66.50875 ], [ -86.741, 66.52 ], [ -86.66825, 66.46175 ], [ -86.7705, 66.43225 ], [ -86.71, 66.3855 ], [ -86.5905, 66.30775 ], [ -86.491832, 66.3090042 ], [ -86.4482049, 66.2926547 ], [ -86.3195, 66.287 ], [ -86.19825, 66.2515 ], [ -86.0675, 66.227 ], [ -86.04375, 66.209 ], [ -85.901, 66.197 ], [ -85.88025, 66.159 ], [ -85.955, 66.125 ], [ -85.99025, 66.0965 ], [ -85.95025, 66.0535 ], [ -85.996, 66.0185 ], [ -86.077, 66.0035 ], [ -86.1837101, 65.96601 ], [ -86.33196, 65.8966701 ], [ -86.3965199, 65.9043501 ], [ -86.48672, 65.77325 ], [ -86.4861399, 65.7394899 ], [ -86.53062, 65.67503 ], [ -86.61315, 65.66469 ], [ -86.7021499, 65.63293 ], [ -86.6913, 65.60759 ], [ -86.79634, 65.58156 ], [ -86.91264, 65.5387099 ], [ -86.95889, 65.53833 ], [ -87.06998, 65.4825 ], [ -87.1015801, 65.43116 ], [ -87.05116, 65.40614 ], [ -87.1470699, 65.3805099 ], [ -87.1968701, 65.3582 ], [ -87.31325, 65.32725 ], [ -87.5145, 65.319 ], [ -87.64875, 65.333 ], [ -87.73075, 65.322 ], [ -87.85475, 65.323 ], [ -88.01825, 65.3445 ], [ -88.103, 65.3855 ], [ -88.2165, 65.4025 ], [ -88.24875, 65.448 ], [ -88.33575, 65.48175 ], [ -88.38325, 65.51775 ], [ -88.4565, 65.55275 ], [ -88.545, 65.575 ], [ -88.55225, 65.59025 ], [ -88.69575, 65.61175 ], [ -88.77075, 65.6795 ], [ -88.813, 65.695 ], [ -88.9045, 65.7035 ], [ -88.962, 65.695 ], [ -89.1015, 65.73575 ], [ -89.1265, 65.765 ], [ -89.28275, 65.81525 ], [ -89.4245, 65.87575 ], [ -89.44175, 65.8495 ], [ -89.51275, 65.87 ], [ -89.52025, 65.89075 ], [ -89.719, 65.95175 ], [ -89.803, 65.9445 ], [ -89.878, 65.9505 ], [ -89.90675, 65.9285 ], [ -89.784, 65.90525 ], [ -89.724, 65.88125 ], [ -89.7135, 65.84 ], [ -89.73275, 65.824 ], [ -89.81075, 65.8335 ], [ -89.8425, 65.8525 ], [ -90.00675, 65.885 ], [ -90.08725, 65.88575 ], [ -90.20075, 65.863 ], [ -90.1805, 65.83675 ], [ -90.11825, 65.8175 ], [ -90.0035, 65.80875 ], [ -89.905, 65.77325 ], [ -89.805, 65.75625 ], [ -89.6275, 65.69325 ], [ -89.563, 65.63575 ], [ -89.42475, 65.59725 ], [ -89.4225, 65.555 ], [ -89.33275, 65.48675 ], [ -89.14175, 65.418 ], [ -89.13275, 65.381 ], [ -89.0375, 65.32325 ], [ -88.925, 65.33575 ], [ -88.88975, 65.321 ], [ -88.82, 65.32325 ], [ -88.63525, 65.317 ], [ -88.57225, 65.3 ], [ -88.41725, 65.29175 ], [ -88.32275, 65.27575 ], [ -88.2375, 65.2835 ], [ -88.09075, 65.27925 ], [ -88.01075, 65.26 ], [ -88.00075, 65.2835 ], [ -87.882, 65.28375 ], [ -87.70825, 65.25975 ], [ -87.73675, 65.289 ], [ -87.55325, 65.29225 ], [ -87.5025, 65.276 ], [ -87.291, 65.26925 ], [ -87.12588, 65.2473001 ], [ -87.08496, 65.2317301 ], [ -87.02217, 65.23814 ], [ -87.0063101, 65.21435 ], [ -87.03492, 65.19646 ], [ -86.9430501, 65.16909 ], [ -86.92879, 65.15195 ], [ -87.00173, 65.09929 ], [ -86.9763099, 65.0438 ], [ -87.00869, 65.0435399 ], [ -87.12233, 65.0060301 ], [ -87.0587801, 64.97244 ], [ -87.1735499, 64.9339901 ], [ -87.25808, 64.8533099 ], [ -87.2682, 64.81442 ], [ -87.3078299, 64.78852 ], [ -87.3049499, 64.74582 ], [ -87.3815, 64.7397601 ], [ -87.39728, 64.7144 ], [ -87.46018, 64.7032199 ], [ -87.5178301, 64.6541799 ], [ -87.50789, 64.61765 ], [ -87.5553099, 64.5903699 ], [ -87.5536599, 64.56787 ], [ -87.68555, 64.52626 ], [ -87.7501901, 64.5227501 ], [ -87.85343, 64.4628499 ], [ -87.85207, 64.3713 ], [ -87.9079599, 64.32927 ], [ -88.00197, 64.2955399 ], [ -88.05101, 64.24545 ], [ -88.01288, 64.2237199 ], [ -88.04134, 64.18387 ], [ -88.12114, 64.1554 ], [ -88.2267099, 64.15736 ], [ -88.33675, 64.08975 ], [ -88.4885, 64.019 ], [ -88.563, 63.99325 ], [ -88.6415, 63.98875 ], [ -88.76025, 63.96275 ], [ -88.90125, 64.00225 ], [ -88.97925, 64.008 ], [ -89.06375, 64.035 ], [ -89.1155, 64.03375 ], [ -89.12725, 64.007 ], [ -89.0705, 63.978 ], [ -89.081, 63.95625 ], [ -89.16175, 63.956 ], [ -89.2065, 63.96825 ], [ -89.27775, 63.967 ], [ -89.31375, 64.01025 ], [ -89.40075, 64.034 ], [ -89.4485, 64.025 ], [ -89.50925, 64.03925 ], [ -89.56, 64.0245 ], [ -89.62375, 64.052 ], [ -89.70775, 64.0595 ], [ -89.793, 64.09675 ], [ -89.79725, 64.13575 ], [ -89.71825, 64.1385 ], [ -89.75825, 64.1805 ], [ -89.818, 64.18225 ], [ -89.79825, 64.14725 ], [ -89.90325, 64.148 ], [ -89.954, 64.15775 ], [ -90.05425, 64.142 ], [ -90.0825, 64.11875 ], [ -90.001, 64.105 ], [ -90.002, 64.129 ], [ -89.90425, 64.11575 ], [ -89.93525, 64.0715 ], [ -89.87625, 64.06125 ], [ -89.8765, 63.992 ], [ -89.825, 63.97925 ], [ -89.83625, 63.91525 ], [ -89.903, 63.9335 ], [ -89.96275, 63.88375 ], [ -90.002, 63.89325 ], [ -89.99825, 63.92025 ], [ -90.08125, 63.96525 ], [ -90.141, 63.943 ], [ -90.09875, 63.91625 ], [ -90.0925, 63.874 ], [ -90.011, 63.846 ], [ -89.96275, 63.8025 ], [ -89.99725, 63.77175 ], [ -90.0435, 63.776 ], [ -90.06425, 63.73175 ], [ -90.10825, 63.69575 ], [ -90.17975, 63.661 ], [ -90.18, 63.64 ], [ -90.2715, 63.61 ], [ -90.3055, 63.623 ], [ -90.36525, 63.61025 ], [ -90.529, 63.61225 ], [ -90.54775, 63.5895 ], [ -90.6705, 63.58175 ], [ -90.67675, 63.5395 ], [ -90.57075, 63.5345 ], [ -90.58945, 63.4959301 ], [ -90.7451736, 63.5178789 ], [ -90.8214064, 63.5021203 ], [ -90.90153, 63.53513 ], [ -90.95415, 63.541 ], [ -90.9389, 63.5735401 ], [ -91.0408199, 63.6026 ], [ -91.1339899, 63.61919 ], [ -91.2364899, 63.6169001 ], [ -91.27154, 63.6362499 ], [ -91.37336, 63.64666 ], [ -91.44963, 63.6938101 ], [ -91.53935, 63.72433 ], [ -91.60095, 63.6999599 ], [ -91.68233, 63.7229799 ], [ -91.6655901, 63.7476401 ], [ -91.7772201, 63.74403 ], [ -91.8237901, 63.7349501 ], [ -91.9721299, 63.73557 ], [ -92.05669, 63.77938 ], [ -92.06215, 63.7367 ], [ -92.14183, 63.7361701 ], [ -92.2546499, 63.7705599 ], [ -92.38697, 63.77183 ], [ -92.46981, 63.82344 ], [ -92.54472, 63.8283 ], [ -92.6400701, 63.8219001 ], [ -92.7503699, 63.8561599 ], [ -92.7397099, 63.87865 ], [ -92.84291, 63.89159 ], [ -92.9073401, 63.8898599 ], [ -92.988, 63.9313199 ], [ -93.0792201, 63.91889 ], [ -93.10953, 63.9443199 ], [ -93.2528799, 63.97637 ], [ -93.3395901, 63.97338 ], [ -93.3806399, 63.99604 ], [ -93.4517701, 63.99916 ], [ -93.55424, 64.0683701 ], [ -93.6573399, 64.1055399 ], [ -93.67508, 64.0896001 ], [ -93.6061099, 64.04975 ], [ -93.55624, 64.0369101 ], [ -93.51978, 63.99049 ], [ -93.5451401, 63.97659 ], [ -93.6587801, 63.9809801 ], [ -93.7331799, 63.9757601 ], [ -93.8758099, 63.93814 ], [ -93.84764, 63.92961 ], [ -93.78427, 63.94991 ], [ -93.7139499, 63.95258 ], [ -93.65615, 63.9183199 ], [ -93.6459099, 63.8777001 ], [ -93.4804599, 63.83717 ], [ -93.4534499, 63.8508101 ], [ -93.36299, 63.84723 ], [ -93.3710799, 63.86741 ], [ -93.4226699, 63.88543 ], [ -93.42737, 63.92736 ], [ -93.4669901, 63.9507799 ], [ -93.38899, 63.96763 ], [ -93.2863201, 63.9443399 ], [ -93.19645, 63.89947 ], [ -93.1279299, 63.89776 ], [ -93.1005401, 63.8719499 ], [ -92.9202201, 63.85329 ], [ -92.8588899, 63.82997 ], [ -92.76512, 63.8237099 ], [ -92.6837601, 63.79849 ], [ -92.6050501, 63.7589 ], [ -92.56508, 63.8037999 ], [ -92.5087601, 63.81462 ], [ -92.4633001, 63.80039 ], [ -92.4227101, 63.74857 ], [ -92.3810301, 63.72666 ], [ -92.25936, 63.7448899 ], [ -92.2300599, 63.71837 ], [ -92.15631, 63.7152801 ], [ -92.1012099, 63.68835 ], [ -92.2130599, 63.6654701 ], [ -92.18532, 63.6292499 ], [ -92.27024, 63.62561 ], [ -92.3370199, 63.58527 ], [ -92.43814, 63.55283 ], [ -92.51514, 63.5445399 ], [ -92.4919999, 63.5237499 ], [ -92.41431, 63.54033 ], [ -92.3357601, 63.5405001 ], [ -92.3334301, 63.56658 ], [ -92.23165, 63.55328 ], [ -92.20177, 63.5758799 ], [ -92.2171501, 63.6007799 ], [ -92.17818, 63.6174401 ], [ -92.1229901, 63.61763 ], [ -92.0925101, 63.63586 ], [ -92.0355901, 63.63498 ], [ -92.0431601, 63.6666199 ], [ -91.99306, 63.6830301 ], [ -91.90926, 63.6890699 ], [ -91.8552899, 63.7127101 ], [ -91.7822399, 63.7213099 ], [ -91.69955, 63.6998599 ], [ -91.59564, 63.6382599 ], [ -91.63153, 63.58002 ], [ -91.51401, 63.5764201 ], [ -91.5045101, 63.54959 ], [ -91.4602799, 63.52968 ], [ -91.38704, 63.51711 ], [ -91.37239, 63.49264 ], [ -91.30001, 63.4920499 ], [ -91.2817299, 63.50564 ], [ -91.1767, 63.48209 ], [ -91.1095299, 63.4766099 ], [ -91.0562, 63.4446801 ], [ -91.00942, 63.46809 ], [ -90.8492, 63.4076899 ], [ -90.83073, 63.37261 ], [ -90.7666499, 63.35345 ], [ -90.7003899, 63.35547 ], [ -90.7079201, 63.3253901 ], [ -90.7557615, 63.3185081 ], [ -90.7437556, 63.2767792 ], [ -90.6925798, 63.2624717 ], [ -90.7188498, 63.2393169 ], [ -90.6882263, 63.2193683 ], [ -90.6915923, 63.1849598 ], [ -90.640444, 63.1701348 ], [ -90.6844967, 63.1405289 ], [ -90.663216, 63.1029424 ], [ -90.62427, 63.08295 ], [ -90.66143, 63.02803 ], [ -90.6968399, 63.02196 ], [ -90.7493901, 62.98339 ], [ -90.7655201, 62.9342601 ], [ -90.83375, 62.9153601 ], [ -90.8976099, 62.9406399 ], [ -91.0299901, 62.93487 ], [ -91.06785, 62.9100599 ], [ -91.19484, 62.88897 ], [ -91.18217, 62.8717901 ], [ -91.29701, 62.8337 ], [ -91.3541901, 62.83182 ], [ -91.3634301, 62.80659 ], [ -91.4062201, 62.7907 ], [ -91.51349, 62.80212 ], [ -91.56484, 62.79216 ], [ -91.6737399, 62.80628 ], [ -91.78829, 62.8344301 ], [ -91.8620501, 62.8226401 ], [ -91.9131901, 62.83638 ], [ -92.1023791, 62.8626415 ], [ -92.1352777, 62.8475566 ], [ -92.0781785, 62.8230045 ], [ -92.0653226, 62.7974377 ], [ -92.15904, 62.78367 ], [ -92.18617, 62.81248 ], [ -92.29339, 62.8412001 ], [ -92.3689199, 62.8423201 ], [ -92.41001, 62.83073 ], [ -92.40689, 62.79094 ], [ -92.3527999, 62.73532 ], [ -92.3049801, 62.7058001 ], [ -92.1781499, 62.6791499 ], [ -92.17685, 62.6655799 ], [ -92.07791, 62.6629199 ], [ -92.0001401, 62.64294 ], [ -91.8969899, 62.6511199 ], [ -91.85364, 62.60728 ], [ -91.91973, 62.55119 ], [ -91.99562, 62.53009 ], [ -92.07822, 62.5274601 ], [ -92.1098799, 62.54289 ], [ -92.1802401, 62.5430599 ], [ -92.16898, 62.56935 ], [ -92.225, 62.58988 ], [ -92.2627301, 62.5680799 ], [ -92.3302499, 62.57354 ], [ -92.3277, 62.5392501 ], [ -92.4503099, 62.5290301 ], [ -92.55822, 62.5716299 ], [ -92.5695999, 62.59034 ], [ -92.63769, 62.60358 ], [ -92.5801301, 62.5517399 ], [ -92.53331, 62.5336901 ], [ -92.4958601, 62.48829 ], [ -92.55939, 62.4739099 ], [ -92.49126, 62.43351 ], [ -92.3681301, 62.4089601 ], [ -92.33462, 62.4277401 ], [ -92.1761301, 62.3910699 ], [ -92.1990499, 62.35846 ], [ -92.26404, 62.35768 ], [ -92.3204301, 62.3719 ], [ -92.28981, 62.4090999 ], [ -92.3909499, 62.3988301 ], [ -92.5557901, 62.4130999 ], [ -92.53527, 62.44339 ], [ -92.60765, 62.48172 ], [ -92.71828, 62.4762399 ], [ -92.75378, 62.46185 ], [ -92.7013399, 62.40138 ], [ -92.73641, 62.3638399 ], [ -92.5887199, 62.33074 ], [ -92.5353301, 62.2967999 ], [ -92.56732, 62.2506 ], [ -92.5393301, 62.20258 ], [ -92.4836699, 62.16897 ], [ -92.5794, 62.1708201 ], [ -92.58974, 62.21511 ], [ -92.66638, 62.2721099 ], [ -92.75998, 62.30965 ], [ -92.9419399, 62.30038 ], [ -92.84534, 62.2785599 ], [ -92.7681301, 62.25057 ], [ -92.7623501, 62.21705 ], [ -92.78833, 62.1857499 ], [ -92.8927899, 62.21567 ], [ -92.98813, 62.20292 ], [ -93.04069, 62.1742601 ], [ -93.17334, 62.2108699 ], [ -93.2141899, 62.17666 ], [ -93.1401401, 62.1417099 ], [ -93.12962, 62.1100001 ], [ -93.02314, 62.11632 ], [ -92.96798, 62.1096701 ], [ -92.9942, 62.06913 ], [ -93.09726, 62.0649899 ], [ -93.0939099, 62.0412099 ], [ -93.18381, 62.04061 ], [ -93.11495, 61.9849201 ], [ -93.1805001, 61.98689 ], [ -93.2437501, 62.0067399 ], [ -93.2655501, 62.04124 ], [ -93.35035, 62.02391 ], [ -93.31984, 61.9958399 ], [ -93.21969, 61.9535701 ], [ -93.263, 61.93725 ], [ -93.318, 61.95475 ], [ -93.4095, 61.95 ], [ -93.5185, 62.01575 ], [ -93.553, 62.00725 ], [ -93.4955, 61.9725 ], [ -93.46675, 61.97125 ], [ -93.4325, 61.93575 ], [ -93.5055, 61.93025 ], [ -93.54725, 61.9475 ], [ -93.637, 61.949 ], [ -93.5345, 61.91 ], [ -93.525, 61.892 ], [ -93.6605, 61.8745 ], [ -93.61525, 61.84075 ], [ -93.574, 61.84725 ], [ -93.48, 61.81675 ], [ -93.39375, 61.777 ] ] ], [ [ [ -55.6749068, 49.6311591 ], [ -55.6599556, 49.5767441 ], [ -55.7313027, 49.5661346 ], [ -55.7085353, 49.6222067 ], [ -55.6749068, 49.6311591 ] ] ], [ [ [ -55.7444597, 50.2322611 ], [ -55.6996729, 50.1980172 ], [ -55.7578066, 50.1985737 ], [ -55.7961039, 50.2136835 ], [ -55.7444597, 50.2322611 ] ] ], [ [ [ -55.8204442, 52.5998951 ], [ -55.7078784, 52.5654801 ], [ -55.7217551, 52.5426069 ], [ -55.775306, 52.5613615 ], [ -55.8204442, 52.5998951 ] ] ], [ [ [ -55.8035441, 53.0981656 ], [ -55.750449, 53.0763768 ], [ -55.7610168, 53.031844 ], [ -55.8594772, 53.0143393 ], [ -55.8895249, 53.0473847 ], [ -55.8621693, 53.0871272 ], [ -55.8035441, 53.0981656 ] ] ], [ [ [ -55.8164234, 53.5310223 ], [ -55.7624555, 53.5184989 ], [ -55.7676203, 53.4873014 ], [ -55.8378722, 53.5145086 ], [ -55.8164234, 53.5310223 ] ] ], [ [ [ -55.7897198, 53.0162843 ], [ -55.7689632, 52.996802 ], [ -55.7932004, 52.954942 ], [ -55.8523076, 52.987998 ], [ -55.8537941, 53.0063266 ], [ -55.7897198, 53.0162843 ] ] ], [ [ [ -55.7879852, 49.5920012 ], [ -55.7700176, 49.5461765 ], [ -55.7953026, 49.5288953 ], [ -55.8430274, 49.5372067 ], [ -55.794139, 49.5678207 ], [ -55.7879852, 49.5920012 ] ] ], [ [ [ -55.8552914, 52.5679218 ], [ -55.7729287, 52.5410519 ], [ -55.7980848, 52.5277602 ], [ -55.8916198, 52.552039 ], [ -55.8552914, 52.5679218 ] ] ], [ [ [ -55.8820739, 52.7807523 ], [ -55.8106455, 52.7683254 ], [ -55.838415, 52.726442 ], [ -55.8975863, 52.7527366 ], [ -55.8820739, 52.7807523 ] ] ], [ [ [ -55.8843762, 53.4931763 ], [ -55.8186238, 53.4512264 ], [ -55.8324876, 53.4047625 ], [ -55.896275, 53.4147825 ], [ -55.983197, 53.4406717 ], [ -55.9854798, 53.4750049 ], [ -55.9480186, 53.4880058 ], [ -55.8843762, 53.4931763 ] ] ], [ [ [ -55.8534843, 47.7705024 ], [ -55.8995022, 47.729119 ], [ -55.9866879, 47.7154258 ], [ -55.9753891, 47.7501897 ], [ -55.8534843, 47.7705024 ] ] ], [ [ [ -55.8859701, 47.3001635 ], [ -55.858438, 47.2565192 ], [ -55.9480657, 47.2805059 ], [ -55.8859701, 47.3001635 ] ] ], [ [ [ -55.9388859, 47.7037399 ], [ -55.9244317, 47.6901142 ], [ -55.9372335, 47.6531571 ], [ -55.902414, 47.6313337 ], [ -55.9126351, 47.5978408 ], [ -55.9724401, 47.6123363 ], [ -56.0442365, 47.6146428 ], [ -56.1013632, 47.637062 ], [ -56.1026418, 47.6612886 ], [ -56.0154265, 47.6823631 ], [ -55.976632, 47.6804788 ], [ -55.9388859, 47.7037399 ] ] ], [ [ [ -56.9638859, 53.8147534 ], [ -56.9105583, 53.7997407 ], [ -56.8326334, 53.7932927 ], [ -56.877564, 53.7635719 ], [ -56.9372218, 53.7472642 ], [ -57.0028666, 53.767529 ], [ -57.0070417, 53.8061424 ], [ -56.9638859, 53.8147534 ] ] ], [ [ [ -57.0419743, 53.7154876 ], [ -57.0832032, 53.678718 ], [ -57.0960086, 53.6488101 ], [ -57.1702184, 53.6570783 ], [ -57.1303228, 53.7061669 ], [ -57.0771791, 53.7009089 ], [ -57.0419743, 53.7154876 ] ] ], [ [ [ -57.213543, 50.8423522 ], [ -57.2056185, 50.8143454 ], [ -57.2497184, 50.7957732 ], [ -57.2766151, 50.8168375 ], [ -57.2507566, 50.840558 ], [ -57.213543, 50.8423522 ] ] ], [ [ [ -57.3130244, 54.58161 ], [ -57.2607633, 54.5437097 ], [ -57.2583347, 54.5179804 ], [ -57.2956494, 54.5035865 ], [ -57.3624659, 54.502656 ], [ -57.3711261, 54.5266575 ], [ -57.3507259, 54.5699308 ], [ -57.3130244, 54.58161 ] ] ], [ [ [ -58.3638199, 51.2547401 ], [ -58.3459101, 51.2288201 ], [ -58.38424, 51.20043 ], [ -58.4374299, 51.2118399 ], [ -58.3638199, 51.2547401 ] ] ], [ [ [ -58.4369917, 54.1194379 ], [ -58.3669171, 54.098503 ], [ -58.4393163, 54.0651014 ], [ -58.543728, 54.0519503 ], [ -58.5527173, 54.0811087 ], [ -58.4875386, 54.1094378 ], [ -58.4369917, 54.1194379 ] ] ], [ [ [ -58.4151899, 51.27823 ], [ -58.39024, 51.25047 ], [ -58.48136, 51.21397 ], [ -58.5339101, 51.22343 ], [ -58.55875, 51.24591 ], [ -58.52673, 51.2655499 ], [ -58.4151899, 51.27823 ] ] ], [ [ [ -58.45839, 51.1715999 ], [ -58.4418799, 51.1584699 ], [ -58.49051, 51.1307 ], [ -58.55017, 51.12429 ], [ -58.5475899, 51.1445601 ], [ -58.45839, 51.1715999 ] ] ], [ [ [ -58.5425999, 51.17821 ], [ -58.57011, 51.1358099 ], [ -58.61636, 51.1128801 ], [ -58.66171, 51.12275 ], [ -58.6086101, 51.1534799 ], [ -58.5425999, 51.17821 ] ] ], [ [ [ -58.6797409, 55.0034903 ], [ -58.6609059, 54.9297495 ], [ -58.696855, 54.9147612 ], [ -58.7280707, 54.9304422 ], [ -58.7139355, 54.9983636 ], [ -58.6797409, 55.0034903 ] ] ], [ [ [ -58.67483, 51.11359 ], [ -58.68538, 51.0847301 ], [ -58.80534, 51.06168 ], [ -58.67483, 51.11359 ] ] ], [ [ [ -58.8662921, 50.8323339 ], [ -58.8459071, 50.7875457 ], [ -58.8847362, 50.7928201 ], [ -58.8662921, 50.8323339 ] ] ], [ [ [ -59.3491045, 50.6454524 ], [ -59.3023992, 50.5889641 ], [ -59.3145706, 50.5415552 ], [ -59.3611854, 50.524469 ], [ -59.3485789, 50.5783005 ], [ -59.3788006, 50.6028091 ], [ -59.385106, 50.6319036 ], [ -59.3491045, 50.6454524 ] ] ], [ [ [ -59.3587532, 55.1464892 ], [ -59.3844508, 55.0867003 ], [ -59.4222579, 55.0909156 ], [ -59.3587532, 55.1464892 ] ] ], [ [ [ -59.8122539, 50.4139446 ], [ -59.7837142, 50.3959167 ], [ -59.8195206, 50.3741588 ], [ -59.8442815, 50.38599 ], [ -59.8122539, 50.4139446 ] ] ], [ [ [ -64.5333943, 46.2992283 ], [ -64.5719498, 46.2776736 ], [ -64.5536262, 46.2193624 ], [ -64.5239682, 46.239166 ], [ -64.4134167, 46.2371473 ], [ -64.376609, 46.2228779 ], [ -64.2657878, 46.2360312 ], [ -64.1658219, 46.1994227 ], [ -64.1469132, 46.161028 ], [ -64.1218498, 46.1768013 ], [ -64.0872733, 46.1623199 ], [ -64.0407897, 46.1819521 ], [ -63.9244032, 46.1655663 ], [ -63.8647463, 46.1457704 ], [ -63.8249477, 46.1660333 ], [ -63.7829093, 46.1321813 ], [ -63.771604, 46.1051816 ], [ -63.8022536, 46.0864154 ], [ -63.8467899, 46.0817975 ], [ -63.9299853, 46.0553698 ], [ -64.0729297, 46.0495171 ], [ -64.0917197, 46.0294485 ], [ -64.0570133, 45.9950628 ], [ -64.0255574, 46.0051118 ], [ -63.9096075, 45.9828414 ], [ -63.8625826, 45.9612615 ], [ -63.8692993, 45.9349357 ], [ -63.8202294, 45.9144842 ], [ -63.8075977, 45.8912155 ], [ -63.7284972, 45.8725303 ], [ -63.7289651, 45.8504982 ], [ -63.6642307, 45.855711 ], [ -63.6165766, 45.8779788 ], [ -63.4667427, 45.8783359 ], [ -63.4142875, 45.8601045 ], [ -63.4311382, 45.8223526 ], [ -63.3746092, 45.7995593 ], [ -63.3142345, 45.7967274 ], [ -63.2986113, 45.8085466 ], [ -63.2555592, 45.7928529 ], [ -63.3138465, 45.766745 ], [ -63.3780404, 45.7620866 ], [ -63.366238, 45.7407911 ], [ -63.2658764, 45.733074 ], [ -63.1850293, 45.7629529 ], [ -63.1754674, 45.7466317 ], [ -63.0953082, 45.763965 ], [ -63.0952995, 45.7968687 ], [ -62.991106, 45.7930684 ], [ -62.9519023, 45.7804814 ], [ -62.8791441, 45.7703482 ], [ -62.7091811, 45.7629794 ], [ -62.709206, 45.7495052 ], [ -62.6385492, 45.7153774 ], [ -62.6688099, 45.6833886 ], [ -62.6212474, 45.6853377 ], [ -62.5549193, 45.672029 ], [ -62.5431136, 45.643773 ], [ -62.5015679, 45.65118 ], [ -62.5120614, 45.6035042 ], [ -62.4272885, 45.6426041 ], [ -62.3592296, 45.6638756 ], [ -62.3642846, 45.6770119 ], [ -62.2860466, 45.6972891 ], [ -62.2242806, 45.7253804 ], [ -62.1721992, 45.7617092 ], [ -62.116349, 45.7850014 ], [ -62.0851664, 45.7878459 ], [ -62.0065462, 45.8444406 ], [ -61.9793109, 45.8736414 ], [ -61.9354579, 45.8875991 ], [ -61.8968713, 45.875428 ], [ -61.9251066, 45.8454021 ], [ -61.9090997, 45.7986058 ], [ -61.9122164, 45.7690876 ], [ -61.8890645, 45.7357944 ], [ -61.9150421, 45.6834054 ], [ -61.9107954, 45.649661 ], [ -61.8631211, 45.6816021 ], [ -61.8243816, 45.6691986 ], [ -61.8026299, 45.638247 ], [ -61.7597762, 45.6474422 ], [ -61.7384285, 45.6291596 ], [ -61.6999145, 45.6385983 ], [ -61.6314122, 45.6316495 ], [ -61.5844992, 45.6496027 ], [ -61.5935749, 45.6714899 ], [ -61.5278361, 45.6932275 ], [ -61.4699417, 45.6839836 ], [ -61.4422948, 45.651544 ], [ -61.423525, 45.6556476 ], [ -61.4668156, 45.7218802 ], [ -61.4637982, 45.744204 ], [ -61.4963105, 45.8042244 ], [ -61.5048441, 45.8607932 ], [ -61.4949893, 45.8962829 ], [ -61.5329023, 45.9425682 ], [ -61.5336228, 46.0137804 ], [ -61.552415, 46.0399855 ], [ -61.4801474, 46.0809461 ], [ -61.4846798, 46.0962197 ], [ -61.4479397, 46.1607513 ], [ -61.4110645, 46.1947011 ], [ -61.3124119, 46.2350861 ], [ -61.2705105, 46.2690783 ], [ -61.2701479, 46.2843142 ], [ -61.1826088, 46.3616783 ], [ -61.1445693, 46.4234862 ], [ -61.1047461, 46.4480784 ], [ -61.0726902, 46.5050815 ], [ -61.076816, 46.5196775 ], [ -61.0379192, 46.5588933 ], [ -61.0340494, 46.6010805 ], [ -61.0527927, 46.6180177 ], [ -61.0275166, 46.6461574 ], [ -60.9827392, 46.657079 ], [ -60.927662, 46.7229667 ], [ -60.9030196, 46.7709014 ], [ -60.8472254, 46.8212426 ], [ -60.7875748, 46.8380792 ], [ -60.691009, 46.9157378 ], [ -60.6805133, 46.9567592 ], [ -60.6598841, 46.9880552 ], [ -60.5980032, 47.041553 ], [ -60.4825808, 47.0004526 ], [ -60.4136815, 47.0341302 ], [ -60.3871563, 47.0193954 ], [ -60.4567407, 46.9566572 ], [ -60.4620384, 46.935743 ], [ -60.5126874, 46.908345 ], [ -60.4532945, 46.9029752 ], [ -60.4028443, 46.8705496 ], [ -60.3410973, 46.8788777 ], [ -60.3032287, 46.8508032 ], [ -60.3311282, 46.7345291 ], [ -60.3499424, 46.7226753 ], [ -60.3547487, 46.6898072 ], [ -60.4056706, 46.6713083 ], [ -60.3867741, 46.6310975 ], [ -60.3518054, 46.628643 ], [ -60.408596, 46.5493369 ], [ -60.4595014, 46.453597 ], [ -60.4581488, 46.4306699 ], [ -60.5244834, 46.3708207 ], [ -60.5173879, 46.3480548 ], [ -60.5907437, 46.2555628 ], [ -60.5481766, 46.2656965 ], [ -60.5382702, 46.2914806 ], [ -60.4479167, 46.3456499 ], [ -60.4150001, 46.3422096 ], [ -60.4163641, 46.2944745 ], [ -60.437939, 46.2912063 ], [ -60.5036831, 46.2336352 ], [ -60.5446877, 46.2100214 ], [ -60.5892603, 46.1543366 ], [ -60.6485672, 46.1162465 ], [ -60.840403, 46.070853 ], [ -60.8793466, 46.095054 ], [ -60.9063476, 46.0830821 ], [ -60.9918973, 45.9882158 ], [ -61.077937, 45.9610895 ], [ -61.1309425, 45.9675676 ], [ -61.1396871, 45.9386675 ], [ -61.0541172, 45.939341 ], [ -61.0392366, 45.9543557 ], [ -60.9874783, 45.9550173 ], [ -60.9876217, 45.990023 ], [ -60.929182, 46.0179823 ], [ -60.8938279, 46.0468635 ], [ -60.8586175, 46.0372652 ], [ -60.7546077, 46.0722119 ], [ -60.7578137, 46.0472967 ], [ -60.805384, 46.0011747 ], [ -60.818934, 45.944378 ], [ -60.8388845, 45.947706 ], [ -60.8960357, 45.9233534 ], [ -60.94105, 45.9304787 ], [ -61.0251962, 45.902442 ], [ -61.064043, 45.9075893 ], [ -61.0993526, 45.8795163 ], [ -61.0874492, 45.8533731 ], [ -61.0381523, 45.8806712 ], [ -60.998825, 45.8805559 ], [ -60.9703145, 45.9018298 ], [ -60.9294123, 45.8587374 ], [ -61.0008965, 45.8278863 ], [ -61.1026213, 45.7921942 ], [ -61.1471791, 45.7600401 ], [ -61.124744, 45.7329268 ], [ -61.1619625, 45.7118928 ], [ -61.0875937, 45.6984392 ], [ -61.0280483, 45.7262585 ], [ -60.9607318, 45.7667154 ], [ -60.9415076, 45.7704371 ], [ -60.8511348, 45.7542183 ], [ -60.8134702, 45.7370352 ], [ -60.820839, 45.6921658 ], [ -60.8654971, 45.658068 ], [ -60.8460079, 45.6498828 ], [ -60.8182551, 45.6875445 ], [ -60.7889073, 45.6869111 ], [ -60.7466557, 45.7313733 ], [ -60.7625473, 45.7549699 ], [ -60.7480375, 45.7892105 ], [ -60.7208483, 45.8094032 ], [ -60.6749842, 45.8218861 ], [ -60.6465687, 45.8535964 ], [ -60.5352542, 45.9106409 ], [ -60.4802986, 45.9570385 ], [ -60.5619916, 45.9619979 ], [ -60.626065, 45.9350929 ], [ -60.6531804, 45.9119476 ], [ -60.7131522, 45.8987929 ], [ -60.740505, 45.9313243 ], [ -60.8011869, 45.9437604 ], [ -60.6932053, 46.0125857 ], [ -60.6378875, 46.0316819 ], [ -60.5118997, 46.0945168 ], [ -60.4487956, 46.1442491 ], [ -60.424993, 46.1493041 ], [ -60.3885844, 46.2024363 ], [ -60.316726, 46.2123506 ], [ -60.2932147, 46.2502573 ], [ -60.2949146, 46.2724796 ], [ -60.3009238, 46.2814705 ], [ -60.286762, 46.2888498 ], [ -60.2843525, 46.2936736 ], [ -60.286291, 46.2954367 ], [ -60.284724, 46.3096493 ], [ -60.2350691, 46.2611394 ], [ -60.2181192, 46.2320162 ], [ -60.2613922, 46.1949504 ], [ -60.1945417, 46.1721269 ], [ -60.202888, 46.2025211 ], [ -60.1682976, 46.2429675 ], [ -60.1228516, 46.2636356 ], [ -60.0477772, 46.2497917 ], [ -60.0370244, 46.2297617 ], [ -59.9556909, 46.2167217 ], [ -59.9348926, 46.1815908 ], [ -59.8678241, 46.1916078 ], [ -59.844205, 46.1776592 ], [ -59.8621772, 46.1424341 ], [ -59.8972211, 46.109976 ], [ -59.8350817, 46.0969837 ], [ -59.8904999, 46.0590023 ], [ -59.9542967, 46.0480235 ], [ -59.9660774, 46.0212745 ], [ -59.9453519, 46.0098194 ], [ -59.846635, 45.993309 ], [ -59.8127332, 45.9749237 ], [ -59.8675772, 45.9407665 ], [ -59.9055334, 45.9361634 ], [ -59.9812443, 45.8843209 ], [ -60.0222199, 45.8739688 ], [ -60.0751592, 45.8729 ], [ -60.1178664, 45.8850166 ], [ -60.1728896, 45.8575336 ], [ -60.0828936, 45.8022964 ], [ -60.1186628, 45.7843505 ], [ -60.1696994, 45.7829332 ], [ -60.2225969, 45.748872 ], [ -60.2278343, 45.7270259 ], [ -60.2699394, 45.7048242 ], [ -60.316945, 45.7095299 ], [ -60.3560472, 45.672348 ], [ -60.4145807, 45.6567576 ], [ -60.4406079, 45.6395145 ], [ -60.4800299, 45.6411611 ], [ -60.6260581, 45.6169706 ], [ -60.6262879, 45.6028661 ], [ -60.6897293, 45.5797969 ], [ -60.7386336, 45.5886403 ], [ -60.7635232, 45.6078219 ], [ -60.8721237, 45.619769 ], [ -60.8606685, 45.6458042 ], [ -60.9785819, 45.6143737 ], [ -61.0014731, 45.6223628 ], [ -61.0264466, 45.598298 ], [ -60.9861558, 45.5841892 ], [ -60.9437975, 45.5928673 ], [ -60.8980003, 45.562223 ], [ -60.9661659, 45.5495982 ], [ -60.9796734, 45.5221021 ], [ -60.9666968, 45.4988793 ], [ -61.0226371, 45.4683479 ], [ -61.0140513, 45.504192 ], [ -61.0841122, 45.5144965 ], [ -61.1240606, 45.5750597 ], [ -61.1761598, 45.6018132 ], [ -61.2204549, 45.5994337 ], [ -61.2943751, 45.5719589 ], [ -61.3338228, 45.5472725 ], [ -61.2663685, 45.520615 ], [ -61.2328083, 45.4870279 ], [ -61.2622318, 45.4548646 ], [ -61.3209231, 45.4309408 ], [ -61.4150351, 45.4186538 ], [ -61.4654461, 45.3985298 ], [ -61.5069006, 45.4084353 ], [ -61.4721975, 45.3545552 ], [ -61.3743044, 45.3467726 ], [ -61.3248754, 45.3530851 ], [ -61.2017764, 45.3485888 ], [ -61.1440259, 45.3572842 ], [ -61.1048853, 45.3430846 ], [ -61.0677611, 45.3498308 ], [ -60.9796104, 45.3326324 ], [ -60.9776105, 45.301149 ], [ -61.0269868, 45.2763979 ], [ -61.0443964, 45.240989 ], [ -61.1275754, 45.2078436 ], [ -61.1611388, 45.2185181 ], [ -61.1342333, 45.2722543 ], [ -61.2240401, 45.2464058 ], [ -61.3282038, 45.2527424 ], [ -61.3858932, 45.2022234 ], [ -61.3713296, 45.1718531 ], [ -61.4140219, 45.1622519 ], [ -61.4524297, 45.1658675 ], [ -61.4699282, 45.1486505 ], [ -61.5420779, 45.166359 ], [ -61.5967448, 45.1452178 ], [ -61.6517706, 45.1717008 ], [ -61.6735797, 45.1482441 ], [ -61.6457842, 45.1241545 ], [ -61.6878315, 45.1151238 ], [ -61.6643578, 45.0909773 ], [ -61.8220644, 45.0966397 ], [ -61.8259767, 45.0634056 ], [ -61.8539604, 45.0363803 ], [ -61.8997416, 45.0232472 ], [ -61.9586807, 45.0429321 ], [ -61.9754336, 45.0257178 ], [ -62.0264238, 45.0243034 ], [ -62.0269178, 44.9795296 ], [ -62.1821244, 44.9537467 ], [ -62.2376559, 44.9571243 ], [ -62.2667578, 44.9294623 ], [ -62.3459202, 44.9127284 ], [ -62.3739068, 44.8935663 ], [ -62.4170432, 44.9003326 ], [ -62.4260323, 44.8595307 ], [ -62.4666647, 44.8550746 ], [ -62.4975758, 44.8717447 ], [ -62.5273558, 44.848447 ], [ -62.6111211, 44.8343645 ], [ -62.6393582, 44.8078532 ], [ -62.6737931, 44.7941043 ], [ -62.7989553, 44.7659261 ], [ -62.8548811, 44.7084335 ], [ -62.8935623, 44.7274068 ], [ -62.958513, 44.7232988 ], [ -62.9828107, 44.7024303 ], [ -63.0175161, 44.7415948 ], [ -63.0041415, 44.7673864 ], [ -63.0427054, 44.7797178 ], [ -63.070059, 44.7689989 ], [ -63.0393674, 44.7341494 ], [ -63.0079007, 44.7193254 ], [ -63.0480061, 44.6728281 ], [ -63.0996702, 44.7241411 ], [ -63.1437866, 44.6896737 ], [ -63.1885621, 44.6844049 ], [ -63.2598446, 44.7218385 ], [ -63.2404238, 44.6837366 ], [ -63.2622056, 44.6573302 ], [ -63.3150082, 44.6369548 ], [ -63.3509926, 44.6603434 ], [ -63.3671993, 44.6419986 ], [ -63.4141532, 44.6487376 ], [ -63.4171251, 44.6177633 ], [ -63.4488293, 44.6116333 ], [ -63.451915, 44.5890477 ], [ -63.5413145, 44.639126 ], [ -63.5599616, 44.6655318 ], [ -63.6130734, 44.6821539 ], [ -63.6427138, 44.7137822 ], [ -63.6581813, 44.6816126 ], [ -63.6347442, 44.6655323 ], [ -63.6009588, 44.6731319 ], [ -63.5724575, 44.6511192 ], [ -63.5723674, 44.6148414 ], [ -63.5438493, 44.5862006 ], [ -63.5590602, 44.5566752 ], [ -63.5189269, 44.5031209 ], [ -63.5529946, 44.4673855 ], [ -63.5838014, 44.4833076 ], [ -63.6557844, 44.4642618 ], [ -63.7027068, 44.4712757 ], [ -63.7241195, 44.4581233 ], [ -63.7663448, 44.4782075 ], [ -63.8004759, 44.4699702 ], [ -63.8252113, 44.4980449 ], [ -63.8931974, 44.4887131 ], [ -63.9384321, 44.5055382 ], [ -63.9418797, 44.5566324 ], [ -63.9162171, 44.5833071 ], [ -63.9395427, 44.6038613 ], [ -63.9228188, 44.6300458 ], [ -63.9280136, 44.6646452 ], [ -63.994299, 44.6538278 ], [ -64.0563371, 44.6253295 ], [ -64.0614123, 44.5847848 ], [ -64.0373967, 44.5700222 ], [ -64.0070268, 44.5067202 ], [ -64.0471412, 44.5114352 ], [ -64.075926, 44.4713182 ], [ -64.1092602, 44.4754136 ], [ -64.1252975, 44.5048751 ], [ -64.1173469, 44.5399577 ], [ -64.1541469, 44.5734879 ], [ -64.2095057, 44.5754034 ], [ -64.2135123, 44.540653 ], [ -64.2639721, 44.5390527 ], [ -64.288033, 44.5597367 ], [ -64.3167577, 44.5424605 ], [ -64.3042053, 44.5201942 ], [ -64.3215112, 44.4785919 ], [ -64.3102736, 44.4626365 ], [ -64.3441076, 44.4368987 ], [ -64.3264956, 44.4046896 ], [ -64.2807263, 44.3850026 ], [ -64.2180519, 44.3720456 ], [ -64.2169467, 44.3592262 ], [ -64.3335786, 44.3611336 ], [ -64.3340564, 44.3340455 ], [ -64.2927847, 44.32486 ], [ -64.2842442, 44.2570314 ], [ -64.3392904, 44.2736796 ], [ -64.4022611, 44.2507968 ], [ -64.4295567, 44.2294346 ], [ -64.4427683, 44.1932097 ], [ -64.4698701, 44.1787509 ], [ -64.4799548, 44.1525161 ], [ -64.5222647, 44.1455073 ], [ -64.5520318, 44.1596035 ], [ -64.6152109, 44.1498757 ], [ -64.5599833, 44.1231881 ], [ -64.5387676, 44.1017935 ], [ -64.5731756, 44.0632211 ], [ -64.625231, 44.0604396 ], [ -64.6610021, 44.0417068 ], [ -64.6667632, 44.0025358 ], [ -64.6997807, 43.9889044 ], [ -64.7436778, 43.9548064 ], [ -64.7997859, 43.9494106 ], [ -64.8349169, 43.9238145 ], [ -64.7881996, 43.8901488 ], [ -64.8093758, 43.8498272 ], [ -64.8935053, 43.8192111 ], [ -64.9239175, 43.7950957 ], [ -64.9641868, 43.7425269 ], [ -65.0101475, 43.7582651 ], [ -65.011835, 43.7320958 ], [ -65.0482861, 43.7219431 ], [ -65.0803798, 43.7298785 ], [ -65.1222906, 43.7072124 ], [ -65.123386, 43.6708296 ], [ -65.1467945, 43.6721873 ], [ -65.1424898, 43.740355 ], [ -65.1868377, 43.7095058 ], [ -65.2270265, 43.7752662 ], [ -65.2411725, 43.7551382 ], [ -65.2254652, 43.7238589 ], [ -65.2352915, 43.6712548 ], [ -65.2591327, 43.6583167 ], [ -65.3237915, 43.6914621 ], [ -65.3328519, 43.6113395 ], [ -65.3860081, 43.5493064 ], [ -65.4101877, 43.556231 ], [ -65.4400949, 43.5924259 ], [ -65.456929, 43.5626155 ], [ -65.447335, 43.534292 ], [ -65.4939517, 43.4901535 ], [ -65.5456036, 43.5134442 ], [ -65.5552302, 43.5508235 ], [ -65.5950941, 43.5589725 ], [ -65.6136358, 43.5169268 ], [ -65.5707836, 43.4975138 ], [ -65.5582705, 43.4761146 ], [ -65.5958867, 43.432991 ], [ -65.6546824, 43.4553531 ], [ -65.6176152, 43.4750786 ], [ -65.6152109, 43.5179576 ], [ -65.7276403, 43.4903747 ], [ -65.7378521, 43.5341749 ], [ -65.7867082, 43.5666362 ], [ -65.7641094, 43.6703394 ], [ -65.789815, 43.668175 ], [ -65.8014022, 43.6399217 ], [ -65.7862895, 43.6187369 ], [ -65.8124902, 43.601159 ], [ -65.8223995, 43.6619858 ], [ -65.8147, 43.6862961 ], [ -65.8377397, 43.732427 ], [ -65.847397, 43.7730728 ], [ -65.8749271, 43.7589528 ], [ -65.8956069, 43.7766487 ], [ -65.8979787, 43.8073799 ], [ -65.973329, 43.7764476 ], [ -65.9629798, 43.738997 ], [ -66.0005998, 43.7257296 ], [ -66.0938101, 43.7627802 ], [ -66.1264309, 43.7393272 ], [ -66.1325784, 43.7993404 ], [ -66.1459178, 43.8215659 ], [ -66.1693372, 43.9048706 ], [ -66.1512753, 43.9248971 ], [ -66.1703434, 43.9710813 ], [ -66.156393, 44.000678 ], [ -66.1781889, 44.0734235 ], [ -66.2139095, 44.0979778 ], [ -66.1786658, 44.180198 ], [ -66.1550041, 44.1970815 ], [ -66.1337078, 44.2488387 ], [ -66.1367933, 44.2778681 ], [ -66.108655, 44.354364 ], [ -66.0643061, 44.3864396 ], [ -66.0269881, 44.4377747 ], [ -65.9731262, 44.4836839 ], [ -65.939617, 44.4896934 ], [ -65.8785884, 44.5325336 ], [ -65.8461596, 44.5710523 ], [ -65.8625388, 44.5883912 ], [ -65.9062224, 44.5701438 ], [ -65.9380357, 44.5789669 ], [ -66.0475489, 44.509511 ], [ -66.134853, 44.4384322 ], [ -66.1977452, 44.3769719 ], [ -66.2008083, 44.4135889 ], [ -66.1134272, 44.4942855 ], [ -66.0846225, 44.5067585 ], [ -66.0538399, 44.5376459 ], [ -65.9514058, 44.6088531 ], [ -65.9183797, 44.6091893 ], [ -65.868788, 44.6450835 ], [ -65.8080623, 44.6750727 ], [ -65.7677587, 44.6819583 ], [ -65.7509407, 44.6143038 ], [ -65.7016854, 44.6143965 ], [ -65.610731, 44.6687251 ], [ -65.6007898, 44.6956349 ], [ -65.625972, 44.7116064 ], [ -65.7261172, 44.6682076 ], [ -65.7533975, 44.6748653 ], [ -65.7418262, 44.7115761 ], [ -65.669298, 44.7539605 ], [ -65.5422575, 44.8127919 ], [ -65.3646812, 44.9037114 ], [ -65.321042, 44.9137146 ], [ -65.2807353, 44.9444164 ], [ -65.251732, 44.951021 ], [ -65.1643794, 45.0011995 ], [ -65.0843864, 45.0289856 ], [ -65.0554231, 45.0486234 ], [ -64.8857686, 45.1281329 ], [ -64.8002924, 45.1528586 ], [ -64.7613087, 45.17027 ], [ -64.6080127, 45.200239 ], [ -64.5343239, 45.2262666 ], [ -64.4588749, 45.2429048 ], [ -64.3971962, 45.2849129 ], [ -64.3937591, 45.3216312 ], [ -64.3336646, 45.2989765 ], [ -64.3262806, 45.275668 ], [ -64.3518599, 45.2546286 ], [ -64.3749632, 45.2041816 ], [ -64.350816, 45.1652181 ], [ -64.3750341, 45.1544105 ], [ -64.3825958, 45.1222506 ], [ -64.3394872, 45.1073714 ], [ -64.3300014, 45.1357027 ], [ -64.2865403, 45.1372268 ], [ -64.2244317, 45.1088341 ], [ -64.1443035, 45.0429512 ], [ -64.1549787, 45.0833385 ], [ -64.1937426, 45.1076141 ], [ -64.1974137, 45.1477581 ], [ -64.1683145, 45.1615846 ], [ -64.1552308, 45.195997 ], [ -63.8919878, 45.2788525 ], [ -63.807472, 45.2908129 ], [ -63.8018424, 45.3133893 ], [ -63.7269859, 45.3189933 ], [ -63.5610548, 45.3157537 ], [ -63.539667, 45.3353216 ], [ -63.4763112, 45.3320803 ], [ -63.4366123, 45.3496175 ], [ -63.4933189, 45.3733989 ], [ -63.5163834, 45.37043 ], [ -63.6110129, 45.3949102 ], [ -63.7174057, 45.3892762 ], [ -63.7472966, 45.4002103 ], [ -63.8045985, 45.3990235 ], [ -63.868405, 45.3803365 ], [ -63.8923522, 45.3519493 ], [ -63.9227157, 45.3656929 ], [ -63.9467266, 45.3940964 ], [ -63.9774378, 45.3998031 ], [ -64.0396287, 45.384187 ], [ -64.0680374, 45.4077435 ], [ -64.2471399, 45.3902876 ], [ -64.2510754, 45.378125 ], [ -64.3273401, 45.3863524 ], [ -64.3913201, 45.3692683 ], [ -64.4456908, 45.3820825 ], [ -64.4564307, 45.3954955 ], [ -64.5072938, 45.3915211 ], [ -64.5782928, 45.4050494 ], [ -64.6736253, 45.3830738 ], [ -64.7025002, 45.3651854 ], [ -64.7093509, 45.3135668 ], [ -64.769926, 45.3017057 ], [ -64.772188, 45.3239223 ], [ -64.8500609, 45.3541615 ], [ -64.942657, 45.3279314 ], [ -64.9266927, 45.4109014 ], [ -64.9141762, 45.429842 ], [ -64.8267169, 45.4676972 ], [ -64.8273, 45.4856228 ], [ -64.7105327, 45.5333965 ], [ -64.6538382, 45.563178 ], [ -64.6501531, 45.581604 ], [ -64.5656271, 45.6157502 ], [ -64.5042789, 45.6628233 ], [ -64.45394, 45.6836896 ], [ -64.4379009, 45.707295 ], [ -64.4496877, 45.7337493 ], [ -64.3817827, 45.7698855 ], [ -64.3749773, 45.7956908 ], [ -64.3209476, 45.8255695 ], [ -64.2953574, 45.805554 ], [ -64.3391312, 45.7727682 ], [ -64.306054, 45.7664692 ], [ -64.2747277, 45.8110691 ], [ -64.2733437, 45.8414657 ], [ -64.3195511, 45.8731004 ], [ -64.3606437, 45.8577787 ], [ -64.3945412, 45.8314325 ], [ -64.430461, 45.7876809 ], [ -64.4868759, 45.7607405 ], [ -64.4822518, 45.7396997 ], [ -64.5115952, 45.7210124 ], [ -64.550559, 45.7254682 ], [ -64.4889005, 45.8062679 ], [ -64.5941109, 45.8954038 ], [ -64.5680342, 45.8389274 ], [ -64.5887725, 45.813237 ], [ -64.6641687, 45.7495675 ], [ -64.6906502, 45.6878556 ], [ -64.7440408, 45.6414269 ], [ -64.7906114, 45.6172856 ], [ -64.8190305, 45.6297474 ], [ -64.8749531, 45.6277084 ], [ -64.9090251, 45.6051295 ], [ -64.9453751, 45.6002506 ], [ -64.975989, 45.5603105 ], [ -65.0334063, 45.5372319 ], [ -65.1324602, 45.5225809 ], [ -65.2567491, 45.4738449 ], [ -65.3429694, 45.4476318 ], [ -65.3587442, 45.4319496 ], [ -65.4533083, 45.3968453 ], [ -65.4580953, 45.3812925 ], [ -65.5375409, 45.3511956 ], [ -65.5344593, 45.3233761 ], [ -65.7208101, 45.2772694 ], [ -65.7343637, 45.2530866 ], [ -65.8048768, 45.2617854 ], [ -65.875473, 45.204062 ], [ -65.9115145, 45.1933141 ], [ -65.9658935, 45.218998 ], [ -66.0087357, 45.2172777 ], [ -65.9997954, 45.2424702 ], [ -66.0208225, 45.2712569 ], [ -66.0613914, 45.2605887 ], [ -66.0957153, 45.2262276 ], [ -66.1483843, 45.2215175 ], [ -66.1633348, 45.202865 ], [ -66.1453951, 45.1829062 ], [ -66.2151153, 45.1451492 ], [ -66.2486759, 45.1854575 ], [ -66.2681318, 45.1693498 ], [ -66.2630446, 45.1446135 ], [ -66.3723968, 45.1050449 ], [ -66.4255182, 45.0992393 ], [ -66.4159686, 45.0808995 ], [ -66.4666722, 45.0664404 ], [ -66.4798538, 45.1467687 ], [ -66.5711458, 45.1284546 ], [ -66.5822447, 45.1007722 ], [ -66.6157093, 45.1034174 ], [ -66.6910026, 45.0708499 ], [ -66.7270702, 45.0794338 ], [ -66.7512808, 45.0493405 ], [ -66.7980599, 45.0699303 ], [ -66.8136678, 45.0897732 ], [ -66.8879228, 45.0403963 ], [ -66.9219657, 45.0893335 ], [ -66.8751424, 45.107651 ], [ -66.895806, 45.130336 ], [ -66.9531317, 45.1575208 ], [ -67.0064573, 45.1515807 ], [ -67.0311018, 45.1290287 ], [ -67.0654239, 45.1250401 ], [ -67.0602167, 45.0766461 ], [ -67.0970769, 45.0983287 ], [ -67.1313726, 45.1398633 ], [ -67.1412007, 45.1770341 ], [ -67.1733161, 45.1664988 ], [ -67.2020499, 45.1729708 ], [ -67.224597, 45.166596 ], [ -67.2561447, 45.1879421 ], [ -67.27727, 45.18636 ], [ -67.28662, 45.17892 ], [ -67.2914805, 45.1726013 ], [ -67.2928672, 45.1707986 ], [ -67.29482, 45.16826 ], [ -67.2997958, 45.1563692 ], [ -67.3025573, 45.1497698 ], [ -67.3062492, 45.1455981 ], [ -67.3103424, 45.1435896 ], [ -67.3185453, 45.1395643 ], [ -67.32856, 45.13465 ], [ -67.3309361, 45.1314742 ], [ -67.33676, 45.12369 ], [ -67.3408569, 45.1251363 ], [ -67.341541, 45.1253778 ], [ -67.343562, 45.1260913 ], [ -67.3982952, 45.1731659 ], [ -67.40031, 45.17522 ], [ -67.4051308, 45.1785433 ], [ -67.4092692, 45.1813961 ], [ -67.4120642, 45.1833229 ], [ -67.4197633, 45.1902455 ], [ -67.4308178, 45.2084721 ], [ -67.4442326, 45.2305903 ], [ -67.4455, 45.23268 ], [ -67.4480145, 45.2344145 ], [ -67.4502019, 45.2359234 ], [ -67.4589805, 45.2419788 ], [ -67.4718399, 45.2601635 ], [ -67.4732273, 45.2624422 ], [ -67.4753042, 45.2658532 ], [ -67.4810336, 45.2752628 ], [ -67.4818576, 45.276616 ], [ -67.481277, 45.2910595 ], [ -67.47759, 45.29466 ], [ -67.46689, 45.29658 ], [ -67.4665948, 45.2970138 ], [ -67.4648181, 45.2996248 ], [ -67.4550184, 45.3140263 ], [ -67.454071, 45.3154185 ], [ -67.4533598, 45.3206933 ], [ -67.4481065, 45.3295868 ], [ -67.4420466, 45.3337077 ], [ -67.433865, 45.3402841 ], [ -67.4332417, 45.3412793 ], [ -67.4310516, 45.3488684 ], [ -67.4310975, 45.3503391 ], [ -67.43127, 45.35587 ], [ -67.43588, 45.36622 ], [ -67.4345815, 45.3682931 ], [ -67.43417, 45.36895 ], [ -67.4310526, 45.3702131 ], [ -67.4242388, 45.3729739 ], [ -67.42104, 45.37427 ], [ -67.47955, 45.42491 ], [ -67.49099, 45.46099 ], [ -67.4900656, 45.4696361 ], [ -67.4499265, 45.4990393 ], [ -67.449571, 45.499201 ], [ -67.4438149, 45.5066505 ], [ -67.4436923, 45.5068235 ], [ -67.43501, 45.5290385 ], [ -67.43035, 45.53498 ], [ -67.40704, 45.55366 ], [ -67.4494199, 45.6012475 ], [ -67.4528786, 45.6025522 ], [ -67.4684771, 45.6006316 ], [ -67.4738426, 45.6016135 ], [ -67.4746084, 45.6017537 ], [ -67.48602, 45.60021 ], [ -67.4879785, 45.5969507 ], [ -67.4894063, 45.5945744 ], [ -67.4900581, 45.5934897 ], [ -67.4914417, 45.5911871 ], [ -67.4916911, 45.590772 ], [ -67.4980703, 45.5871641 ], [ -67.4995893, 45.5866716 ], [ -67.5150084, 45.5873621 ], [ -67.5189642, 45.5880268 ], [ -67.520869, 45.5883469 ], [ -67.5386366, 45.5957665 ], [ -67.53883, 45.59585 ], [ -67.5391629, 45.5958747 ], [ -67.5556845, 45.5970996 ], [ -67.56675, 45.59792 ], [ -67.574678, 45.6009927 ], [ -67.5895263, 45.606602 ], [ -67.5920896, 45.6066776 ], [ -67.6100583, 45.6072079 ], [ -67.6399361, 45.6164048 ], [ -67.6400351, 45.615874 ], [ -67.6419597, 45.6149758 ], [ -67.6444758, 45.6158541 ], [ -67.6471, 45.61677 ], [ -67.6609578, 45.6237615 ], [ -67.6637611, 45.6251758 ], [ -67.675503, 45.6315063 ], [ -67.678, 45.63419 ], [ -67.7099498, 45.6784323 ], [ -67.7104396, 45.6795729 ], [ -67.7111831, 45.6813044 ], [ -67.7299567, 45.6891198 ], [ -67.7313538, 45.6885139 ], [ -67.7327, 45.68793 ], [ -67.7337168, 45.6848407 ], [ -67.7336666, 45.6846126 ], [ -67.7264117, 45.6735336 ], [ -67.7204708, 45.6644612 ], [ -67.7214522, 45.6631374 ], [ -67.7220019, 45.6623972 ], [ -67.81347, 45.68372 ], [ -67.8129293, 45.6881562 ], [ -67.8044906, 45.6918637 ], [ -67.80515, 45.6957563 ], [ -67.80946, 45.7212 ], [ -67.8086691, 45.7247043 ], [ -67.80802, 45.72758 ], [ -67.8038753, 45.7298756 ], [ -67.80899, 45.76123 ], [ -67.8083258, 45.763956 ], [ -67.807218, 45.7685024 ], [ -67.80649, 45.77149 ], [ -67.7986, 45.80642 ], [ -67.7888005, 45.8109889 ], [ -67.76147, 45.81925 ], [ -67.79644, 45.85096 ], [ -67.79991, 45.88718 ], [ -67.7941748, 45.8890032 ], [ -67.7743302, 45.8965133 ], [ -67.76976, 45.90266 ], [ -67.7684822, 45.9036634 ], [ -67.7608065, 45.9096909 ], [ -67.758309, 45.9116522 ], [ -67.7576042, 45.9122057 ], [ -67.774721, 45.9322422 ], [ -67.7769267, 45.9340999 ], [ -67.777888, 45.9349096 ], [ -67.78037, 45.937 ], [ -67.7811932, 46.0729677 ], [ -67.78077, 46.0853 ], [ -67.7812518, 46.0992106 ], [ -67.78325, 46.15691 ], [ -67.78178, 46.1877 ], [ -67.781525, 46.1929421 ], [ -67.7815297, 46.1936664 ], [ -67.78335, 46.23215 ], [ -67.7830476, 46.2794127 ], [ -67.78283, 46.31341 ], [ -67.7827083, 46.3329777 ], [ -67.78233, 46.3938 ], [ -67.78295, 46.43914 ], [ -67.7851776, 46.600794 ], [ -67.7864057, 46.6895054 ], [ -67.78738, 46.75895 ], [ -67.7895657, 46.771158 ], [ -67.79066, 46.77727 ], [ -67.7895768, 46.7802893 ], [ -67.78596, 46.79037 ], [ -67.7878092, 46.8085458 ], [ -67.78853, 46.81563 ], [ -67.7897129, 46.8272852 ], [ -67.78996, 46.86039 ], [ -67.7895114, 46.8623154 ], [ -67.7894587, 46.8746163 ], [ -67.7910135, 46.8978028 ], [ -67.79113, 46.89954 ], [ -67.7897, 46.90387 ], [ -67.79118, 46.91303 ], [ -67.7905891, 46.9158529 ], [ -67.7897, 46.9201 ], [ -67.79158, 46.9258302 ], [ -67.79108, 46.98204 ], [ -67.7897831, 46.9983061 ], [ -67.7884136, 47.0154814 ], [ -67.78702, 47.03296 ], [ -67.7867724, 47.0500993 ], [ -67.7865571, 47.0650058 ], [ -67.7870688, 47.0663832 ], [ -67.7930644, 47.0685743 ], [ -67.7999553, 47.0712636 ], [ -67.81431, 47.07938 ], [ -67.8149483, 47.0796205 ], [ -67.8166503, 47.0802618 ], [ -67.8288524, 47.0848538 ], [ -67.8427381, 47.0900694 ], [ -67.8466865, 47.0915525 ], [ -67.8878, 47.10519 ], [ -67.9206711, 47.1514237 ], [ -67.9238995, 47.153892 ], [ -67.9275496, 47.1566828 ], [ -67.9300326, 47.1585813 ], [ -67.93334, 47.16111 ], [ -67.9348442, 47.1634361 ], [ -67.9356192, 47.1646346 ], [ -67.9419922, 47.17449 ], [ -67.9510427, 47.1884859 ], [ -67.95488, 47.19442 ], [ -67.9872443, 47.2092192 ], [ -67.9899628, 47.2101571 ], [ -67.9908087, 47.2108469 ], [ -67.9972337, 47.2179934 ], [ -67.99786, 47.21869 ], [ -68.0024767, 47.222071 ], [ -68.012579, 47.2316748 ], [ -68.01327, 47.23265 ], [ -68.0159151, 47.2343343 ], [ -68.0187308, 47.2361273 ], [ -68.05129, 47.25686 ], [ -68.0774907, 47.2662127 ], [ -68.0777798, 47.2663479 ], [ -68.08251, 47.26856 ], [ -68.0909412, 47.2758276 ], [ -68.09548, 47.27974 ], [ -68.1234621, 47.2913009 ], [ -68.1255858, 47.2921782 ], [ -68.13222, 47.29492 ], [ -68.1462306, 47.3054108 ], [ -68.1533902, 47.3149088 ], [ -68.1610796, 47.3272393 ], [ -68.16505, 47.33044 ], [ -68.2241728, 47.3473859 ], [ -68.2339702, 47.3551318 ], [ -68.2367, 47.35729 ], [ -68.28843, 47.36462 ], [ -68.32902, 47.36187 ], [ -68.3677808, 47.3545195 ], [ -68.38825, 47.32561 ], [ -68.3849158, 47.3073767 ], [ -68.3843858, 47.3044784 ], [ -68.38411, 47.30297 ], [ -68.3832891, 47.301548 ], [ -68.3824341, 47.300067 ], [ -68.41558, 47.28801 ], [ -68.4255799, 47.2857449 ], [ -68.460606, 47.2898307 ], [ -68.462613, 47.2906087 ], [ -68.46419, 47.29122 ], [ -68.4750309, 47.2971053 ], [ -68.4769, 47.29812 ], [ -68.52159, 47.29783 ], [ -68.53001, 47.29603 ], [ -68.55261, 47.28331 ], [ -68.57307, 47.28726 ], [ -68.5800096, 47.2871223 ], [ -68.58315, 47.28706 ], [ -68.59804, 47.27112 ], [ -68.5976069, 47.2701224 ], [ -68.5944678, 47.2628911 ], [ -68.5932719, 47.2601363 ], [ -68.6019624, 47.2513845 ], [ -68.6099294, 47.2486546 ], [ -68.6290428, 47.2421053 ], [ -68.63078, 47.24151 ], [ -68.6381385, 47.2413639 ], [ -68.6486956, 47.2399758 ], [ -68.6530713, 47.2392317 ], [ -68.6554736, 47.2388232 ], [ -68.66202, 47.23771 ], [ -68.6683422, 47.238551 ], [ -68.6834267, 47.2429199 ], [ -68.68515, 47.24347 ], [ -68.6853926, 47.243393 ], [ -68.693509, 47.240817 ], [ -68.703374, 47.2381122 ], [ -68.7085803, 47.2385071 ], [ -68.7206227, 47.2394203 ], [ -68.72075, 47.23943 ], [ -68.7515143, 47.2272432 ], [ -68.7556184, 47.2249266 ], [ -68.7625835, 47.2226039 ], [ -68.78189, 47.22263 ], [ -68.83193, 47.20327 ], [ -68.850851, 47.1947497 ], [ -68.8551495, 47.1928141 ], [ -68.86282, 47.18936 ], [ -68.8672467, 47.1890629 ], [ -68.8685807, 47.1889734 ], [ -68.8720019, 47.1887438 ], [ -68.882854, 47.1829917 ], [ -68.88563, 47.1807 ], [ -68.8986141, 47.1804478 ], [ -68.9074829, 47.1843412 ], [ -68.9149329, 47.1884337 ], [ -68.9200533, 47.1943642 ], [ -68.9204916, 47.194871 ], [ -68.9252298, 47.1977116 ], [ -68.93693, 47.2031 ], [ -68.9370448, 47.2031 ], [ -68.94699, 47.2031 ], [ -68.9477921, 47.2033032 ], [ -68.9512822, 47.2041876 ], [ -68.95216, 47.20441 ], [ -68.9528818, 47.2045924 ], [ -68.9572215, 47.2056889 ], [ -68.95873, 47.20607 ], [ -68.9629838, 47.2086554 ], [ -68.977292, 47.2173514 ], [ -68.97752, 47.21749 ], [ -69.03695, 47.24465 ], [ -69.0443115, 47.2491059 ], [ -69.0507089, 47.2598877 ], [ -69.04974, 47.26178 ], [ -69.0539512, 47.2994982 ], [ -69.0520963, 47.3105005 ], [ -69.0523334, 47.3469408 ], [ -69.0529422, 47.3785929 ], [ -69.0481612, 47.3826139 ], [ -69.04423, 47.38262 ], [ -69.0457453, 47.3912655 ], [ -69.04257, 47.39541 ], [ -69.0429665, 47.3969222 ], [ -69.0431407, 47.3975865 ], [ -69.0428418, 47.4003191 ], [ -69.0417138, 47.4018553 ], [ -69.04091, 47.40295 ], [ -69.0405397, 47.4029982 ], [ -69.0369003, 47.4034718 ], [ -69.03722, 47.413 ], [ -69.04362, 47.4162 ], [ -69.0451769, 47.4275621 ], [ -69.04532, 47.42807 ], [ -69.0514408, 47.4277356 ], [ -69.0523206, 47.4276875 ], [ -69.05374, 47.42761 ], [ -69.056659, 47.4299135 ], [ -69.056971, 47.4301597 ], [ -69.0620445, 47.4308842 ], [ -69.0627027, 47.4304376 ], [ -69.06351, 47.42989 ], [ -69.0661139, 47.4306831 ], [ -69.06722, 47.43102 ], [ -69.0680225, 47.4296894 ], [ -69.0682478, 47.4293158 ], [ -69.068379, 47.4290982 ], [ -69.0695293, 47.4271909 ], [ -69.0786619, 47.425621 ], [ -69.08472, 47.42461 ], [ -69.0859588, 47.4248758 ], [ -69.0884724, 47.4254152 ], [ -69.0907514, 47.4259042 ], [ -69.0955779, 47.4269398 ], [ -69.0976594, 47.4273865 ], [ -69.10393, 47.43098 ], [ -69.1070715, 47.431605 ], [ -69.10966, 47.43212 ], [ -69.1191101, 47.43964 ], [ -69.1331108, 47.4442282 ], [ -69.1336958, 47.4442429 ], [ -69.1348306, 47.4442714 ], [ -69.1397561, 47.4443951 ], [ -69.14035, 47.44441 ], [ -69.1421022, 47.4451345 ], [ -69.1489293, 47.4479573 ], [ -69.1552, 47.45055 ], [ -69.1578861, 47.4501069 ], [ -69.1649704, 47.4489454 ], [ -69.1712681, 47.4522545 ], [ -69.2157226, 47.4556573 ], [ -69.2255918, 47.4586481 ], [ -69.28094, 47.40205 ], [ -69.49098, 47.19535 ], [ -69.5090427, 47.1776131 ], [ -69.5474042, 47.1387854 ], [ -69.58324, 47.1008 ], [ -69.6221917, 47.0650508 ], [ -69.6992, 46.98845 ], [ -69.80399, 46.88376 ], [ -69.85516, 46.82877 ], [ -69.9557381, 46.7286836 ], [ -69.98314, 46.70089 ], [ -70.0, 46.67425 ], [ -70.0080803, 46.6443563 ], [ -70.01155, 46.63152 ], [ -70.0123791, 46.6240205 ], [ -70.01288, 46.61949 ], [ -70.0213578, 46.5822456 ], [ -70.05681, 46.426 ], [ -70.07635, 46.4111 ], [ -70.0811836, 46.4106635 ], [ -70.0829172, 46.4105069 ], [ -70.0878352, 46.4100627 ], [ -70.0917706, 46.4097073 ], [ -70.0936229, 46.40954 ], [ -70.09617, 46.40931 ], [ -70.0967134, 46.408961 ], [ -70.1534926, 46.3600383 ], [ -70.15533, 46.35956 ], [ -70.1577976, 46.3599042 ], [ -70.1600411, 46.3602171 ], [ -70.1624724, 46.3605562 ], [ -70.16759, 46.36127 ], [ -70.19742, 46.35022 ], [ -70.21803, 46.2994 ], [ -70.23542, 46.29103 ], [ -70.2629276, 46.2448307 ], [ -70.28171, 46.20888 ], [ -70.30108, 46.19219 ], [ -70.2927751, 46.1822461 ], [ -70.24464, 46.1441 ], [ -70.2650164, 46.1006576 ], [ -70.2680572, 46.1006284 ], [ -70.277448, 46.1005383 ], [ -70.28039, 46.10051 ], [ -70.2807349, 46.1001415 ], [ -70.2914764, 46.0886641 ], [ -70.29163, 46.0885 ], [ -70.2924363, 46.0865956 ], [ -70.3029136, 46.0709119 ], [ -70.304288, 46.0695491 ], [ -70.2801713, 46.0610944 ], [ -70.2796134, 46.0606942 ], [ -70.2786792, 46.0600243 ], [ -70.276894, 46.055291 ], [ -70.27669, 46.0539 ], [ -70.2903798, 46.0443199 ], [ -70.29577, 46.04193 ], [ -70.2961882, 46.0408267 ], [ -70.2964028, 46.0402604 ], [ -70.2998393, 46.0311931 ], [ -70.3115288, 46.023744 ], [ -70.3114253, 46.0232206 ], [ -70.3100402, 46.0162149 ], [ -70.308881, 46.0103524 ], [ -70.3053002, 46.0069558 ], [ -70.29143, 45.99903 ], [ -70.28867, 45.9947 ], [ -70.2888547, 45.9945149 ], [ -70.3046834, 45.9834721 ], [ -70.31119, 45.9691 ], [ -70.25952, 45.96351 ], [ -70.2594261, 45.9595036 ], [ -70.2593923, 45.9580596 ], [ -70.25937, 45.95711 ], [ -70.2548734, 45.953392 ], [ -70.2483006, 45.9513963 ], [ -70.246546, 45.9511384 ], [ -70.25153, 45.91288 ], [ -70.2533787, 45.9073098 ], [ -70.2538666, 45.9058396 ], [ -70.2553574, 45.9013476 ], [ -70.25917, 45.88986 ], [ -70.27175, 45.88057 ], [ -70.2736693, 45.8801996 ], [ -70.33504, 45.85446 ], [ -70.3368226, 45.8531482 ], [ -70.35242, 45.84167 ], [ -70.36576, 45.83808 ], [ -70.3681697, 45.8359925 ], [ -70.3700364, 45.8343754 ], [ -70.3710303, 45.8335143 ], [ -70.37481, 45.83024 ], [ -70.3773225, 45.8262952 ], [ -70.3960229, 45.8026698 ], [ -70.4059011, 45.7971825 ], [ -70.40974, 45.79505 ], [ -70.4089146, 45.7895417 ], [ -70.40769, 45.78137 ], [ -70.3909, 45.75565 ], [ -70.3901961, 45.7514084 ], [ -70.3894424, 45.7468662 ], [ -70.38821, 45.73944 ], [ -70.3892386, 45.7359977 ], [ -70.39145, 45.728597 ], [ -70.42714, 45.7042 ], [ -70.438772, 45.7040825 ], [ -70.4395487, 45.7040747 ], [ -70.4438995, 45.7040308 ], [ -70.4470014, 45.7039994 ], [ -70.4588246, 45.7038801 ], [ -70.4772, 45.69417 ], [ -70.4970738, 45.6861263 ], [ -70.50633, 45.68238 ], [ -70.5081365, 45.6803069 ], [ -70.5241347, 45.6675153 ], [ -70.5284313, 45.6676889 ], [ -70.5390401, 45.6681174 ], [ -70.54876, 45.66851 ], [ -70.5511459, 45.667317 ], [ -70.55488, 45.66545 ], [ -70.5650243, 45.6562098 ], [ -70.5733585, 45.6486184 ], [ -70.5838274, 45.6390826 ], [ -70.5842147, 45.6387298 ], [ -70.5891674, 45.6342185 ], [ -70.5904005, 45.6330953 ], [ -70.594211, 45.6296244 ], [ -70.59976, 45.62457 ], [ -70.61603, 45.61334 ], [ -70.6188827, 45.612455 ], [ -70.6211091, 45.6117643 ], [ -70.631182, 45.6086393 ], [ -70.65151, 45.59492 ], [ -70.6591377, 45.5867593 ], [ -70.66568, 45.57976 ], [ -70.6658993, 45.5784307 ], [ -70.66717, 45.57073 ], [ -70.71364, 45.51629 ], [ -70.7145032, 45.5038044 ], [ -70.7143327, 45.5022162 ], [ -70.7025419, 45.4789898 ], [ -70.6968472, 45.4742064 ], [ -70.691715, 45.4698956 ], [ -70.6834546, 45.462787 ], [ -70.6829253, 45.4620035 ], [ -70.681469, 45.4598476 ], [ -70.6776, 45.45412 ], [ -70.6752721, 45.4519577 ], [ -70.6714336, 45.4483922 ], [ -70.6637879, 45.4465672 ], [ -70.6578806, 45.4456763 ], [ -70.6526, 45.44488 ], [ -70.6502052, 45.4436515 ], [ -70.64566, 45.44132 ], [ -70.6458452, 45.4401934 ], [ -70.6462464, 45.4377522 ], [ -70.6293514, 45.4240499 ], [ -70.62857, 45.42394 ], [ -70.6279664, 45.4226453 ], [ -70.6334346, 45.4119681 ], [ -70.6333606, 45.4093078 ], [ -70.62407, 45.40295 ], [ -70.6233228, 45.400584 ], [ -70.6351441, 45.3891815 ], [ -70.6359885, 45.3861646 ], [ -70.6386148, 45.3819288 ], [ -70.64472, 45.37519 ], [ -70.65575, 45.37457 ], [ -70.6570413, 45.3776994 ], [ -70.6596, 45.3839 ], [ -70.6611706, 45.3850834 ], [ -70.6652385, 45.3881485 ], [ -70.66824, 45.39041 ], [ -70.6702527, 45.3905109 ], [ -70.7274043, 45.3979419 ], [ -70.7303676, 45.4002933 ], [ -70.73795, 45.40631 ], [ -70.7399225, 45.4098828 ], [ -70.7443379, 45.4178805 ], [ -70.75211, 45.4228 ], [ -70.7695, 45.42734 ], [ -70.82323, 45.39926 ], [ -70.80422, 45.35333 ], [ -70.8099291, 45.3492352 ], [ -70.814239, 45.3461439 ], [ -70.81582, 45.34501 ], [ -70.80973, 45.30175 ], [ -70.81611, 45.29844 ], [ -70.8326078, 45.2950345 ], [ -70.8299313, 45.2904806 ], [ -70.8299174, 45.290457 ], [ -70.8296296, 45.2899673 ], [ -70.8349157, 45.2761197 ], [ -70.8372825, 45.2745705 ], [ -70.8470434, 45.251695 ], [ -70.8434129, 45.2497116 ], [ -70.841402, 45.2392073 ], [ -70.8484013, 45.2358457 ], [ -70.8646554, 45.2312278 ], [ -70.86777, 45.23078 ], [ -70.87658, 45.2327 ], [ -70.8776191, 45.2335106 ], [ -70.911809, 45.2714095 ], [ -70.9139, 45.27282 ], [ -70.9143032, 45.273786 ], [ -70.9137158, 45.2928105 ], [ -70.914771, 45.3010781 ], [ -70.9494038, 45.3326963 ], [ -70.9510108, 45.33353 ], [ -70.9655046, 45.3334845 ], [ -70.96693, 45.33348 ], [ -70.9787, 45.3358 ], [ -71.00798, 45.3472347 ], [ -71.0080529, 45.3467787 ], [ -71.0059857, 45.3327395 ], [ -71.0057294, 45.3320267 ], [ -71.0040051, 45.3272309 ], [ -71.00339, 45.32552 ], [ -71.0108, 45.31701 ], [ -71.0161688, 45.3158727 ], [ -71.0186435, 45.3153484 ], [ -71.0212706, 45.3147919 ], [ -71.0263658, 45.3137125 ], [ -71.0299545, 45.3129523 ], [ -71.03242, 45.31243 ], [ -71.0387641, 45.3124063 ], [ -71.0494885, 45.3123663 ], [ -71.0549462, 45.3123459 ], [ -71.06456, 45.31231 ], [ -71.0658752, 45.3120717 ], [ -71.0960018, 45.302437 ], [ -71.0987907, 45.2994894 ], [ -71.1049135, 45.2930183 ], [ -71.1063672, 45.2909195 ], [ -71.1096246, 45.2824864 ], [ -71.1116968, 45.2771219 ], [ -71.1125082, 45.2750213 ], [ -71.1164154, 45.2680075 ], [ -71.1200709, 45.2616891 ], [ -71.1236772, 45.2581282 ], [ -71.1239942, 45.2578151 ], [ -71.13121, 45.25069 ], [ -71.14335, 45.24725 ], [ -71.1569141, 45.2473144 ], [ -71.1614866, 45.2473361 ], [ -71.1678001, 45.247366 ], [ -71.182725, 45.2494384 ], [ -71.195507, 45.2513154 ], [ -71.211451, 45.2505328 ], [ -71.2207011, 45.2540009 ], [ -71.2552699, 45.2722247 ], [ -71.25646, 45.27254 ], [ -71.2569917, 45.2731921 ], [ -71.2650519, 45.292973 ], [ -71.2757812, 45.2957848 ], [ -71.27926, 45.30066 ], [ -71.283478, 45.3004279 ], [ -71.2902703, 45.3000542 ], [ -71.2945237, 45.299053 ], [ -71.2970789, 45.2962038 ], [ -71.301702, 45.2921909 ], [ -71.306541, 45.2895695 ], [ -71.3129095, 45.286941 ], [ -71.3177107, 45.2851401 ], [ -71.3283423, 45.2811523 ], [ -71.32904, 45.2808906 ], [ -71.3296167, 45.2806743 ], [ -71.3318025, 45.2798544 ], [ -71.3559179, 45.2688398 ], [ -71.3592015, 45.261404 ], [ -71.36006, 45.25946 ], [ -71.3723843, 45.2461759 ], [ -71.37868, 45.23939 ], [ -71.3800891, 45.2392088 ], [ -71.38288, 45.23885 ], [ -71.39413, 45.24433 ], [ -71.3975636, 45.2419529 ], [ -71.3981257, 45.2415637 ], [ -71.40674, 45.2356 ], [ -71.4141731, 45.2360486 ], [ -71.43209, 45.23713 ], [ -71.4321184, 45.2370445 ], [ -71.4297301, 45.2280876 ], [ -71.4294947, 45.2279814 ], [ -71.4114898, 45.2198585 ], [ -71.3988259, 45.2077637 ], [ -71.4004225, 45.2053547 ], [ -71.411917, 45.1859403 ], [ -71.4145656, 45.1802336 ], [ -71.4169773, 45.1750376 ], [ -71.4180925, 45.1726348 ], [ -71.4186787, 45.1713717 ], [ -71.4190487, 45.1705746 ], [ -71.419172, 45.1703088 ], [ -71.42249, 45.16316 ], [ -71.4248139, 45.1549643 ], [ -71.42443, 45.12489 ], [ -71.4589639, 45.0975393 ], [ -71.4612698, 45.0945672 ], [ -71.4624231, 45.0930806 ], [ -71.4651773, 45.0920197 ], [ -71.4894792, 45.0836313 ], [ -71.50752, 45.05624 ], [ -71.4992998, 45.0527132 ], [ -71.4935101, 45.0457195 ], [ -71.49275, 45.04351 ], [ -71.4922702, 45.039471 ], [ -71.49553, 45.01562 ], [ -71.53727, 45.0 ], [ -71.6864917, 45.0 ], [ -71.69257, 45.0 ], [ -71.7086101, 45.0 ], [ -71.8837204, 45.0 ], [ -71.9007187, 45.0 ], [ -72.0400104, 45.0 ], [ -72.0966644, 45.0 ], [ -72.2430834, 45.0 ], [ -72.5520935, 45.0 ], [ -72.6974295, 45.0 ], [ -72.8903351, 45.0 ], [ -72.9891807, 45.0 ], [ -73.23636, 45.0 ], [ -73.3476897, 45.0 ], [ -73.5315628, 45.0 ], [ -73.6951686, 45.0 ], [ -73.8144861, 45.0 ], [ -73.8679047, 45.0 ], [ -73.86791, 45.0 ], [ -73.9096035, 45.0 ], [ -74.02035, 45.0 ], [ -74.1467059, 45.0 ], [ -74.1727905, 45.0 ], [ -74.2447046, 45.0 ], [ -74.3397522, 45.0 ], [ -74.3438205, 45.0 ], [ -74.4423071, 45.0 ], [ -74.50692, 45.0 ], [ -74.5716323, 45.0 ], [ -74.60271, 45.0 ], [ -74.6349987, 45.001288 ], [ -74.6412657, 45.001538 ], [ -74.6538575, 45.0020403 ], [ -74.6175842, 45.0190849 ], [ -74.5694962, 45.0239449 ], [ -74.5251236, 45.0405388 ], [ -74.4960861, 45.0382576 ], [ -74.4544525, 45.0601921 ], [ -74.4094849, 45.1022263 ], [ -74.4090652, 45.1288528 ], [ -74.3725815, 45.1339989 ], [ -74.3495789, 45.1552505 ], [ -74.294693, 45.1756706 ], [ -74.2261353, 45.1781082 ], [ -74.168663, 45.2029419 ], [ -74.1650543, 45.2278671 ], [ -74.0775452, 45.2150116 ], [ -73.9972534, 45.2286034 ], [ -73.9560471, 45.2553711 ], [ -73.9026947, 45.3154182 ], [ -73.8261261, 45.3328552 ], [ -73.7920761, 45.3574219 ], [ -73.7585373, 45.4002953 ], [ -73.6868591, 45.4155998 ], [ -73.641037, 45.4046097 ], [ -73.5841675, 45.4100838 ], [ -73.530365, 45.4007454 ], [ -73.495697, 45.4277649 ], [ -73.5248032, 45.5283813 ], [ -73.4747925, 45.5814209 ], [ -73.4485016, 45.6422348 ], [ -73.443428, 45.6946716 ], [ -73.4299011, 45.7185593 ], [ -73.364296, 45.7764816 ], [ -73.3206482, 45.8014755 ], [ -73.2766571, 45.8397522 ], [ -73.230896, 45.8682213 ], [ -73.2112122, 45.9037514 ], [ -73.2065659, 45.9517899 ], [ -73.1720047, 46.0002098 ], [ -73.15522, 46.0404282 ], [ -72.9802533, 46.0719548 ], [ -72.9525641, 46.0892152 ], [ -72.916391, 46.1302857 ], [ -72.802262, 46.1389031 ], [ -72.6639614, 46.1951781 ], [ -72.6659682, 46.2323749 ], [ -72.6148603, 46.2714721 ], [ -72.5603943, 46.2954568 ], [ -72.4484898, 46.3759884 ], [ -72.3313069, 46.3965718 ], [ -72.2495665, 46.4170167 ], [ -72.2254424, 46.4483802 ], [ -72.2059803, 46.5075281 ], [ -72.1648163, 46.538373 ], [ -72.1031381, 46.5607274 ], [ -72.013409, 46.5634711 ], [ -71.9583355, 46.6109797 ], [ -71.9163315, 46.6235122 ], [ -71.8932673, 46.6479702 ], [ -71.8441446, 46.6661347 ], [ -71.8123925, 46.6416842 ], [ -71.764141, 46.627966 ], [ -71.6964133, 46.6287694 ], [ -71.6423101, 46.6376976 ], [ -71.6012129, 46.6606225 ], [ -71.5531679, 46.6682384 ], [ -71.4450176, 46.703309 ], [ -71.3964981, 46.7045991 ], [ -71.3311815, 46.7303694 ], [ -71.2517378, 46.7513766 ], [ -71.198326, 46.782947 ], [ -71.1837845, 46.8195563 ], [ -71.1625681, 46.832287 ], [ -71.0986524, 46.8278501 ], [ -70.9878244, 46.8346487 ], [ -70.9294875, 46.873345 ], [ -70.8835042, 46.8906354 ], [ -70.8393426, 46.8851847 ], [ -70.7944506, 46.9159897 ], [ -70.7143606, 46.9346048 ], [ -70.6170847, 46.98365 ], [ -70.516594, 47.0022289 ], [ -70.4749653, 47.0268554 ], [ -70.454068, 47.0633833 ], [ -70.3785589, 47.1253344 ], [ -70.3205372, 47.1607601 ], [ -70.2413442, 47.2382428 ], [ -70.2296209, 47.2713908 ], [ -70.19075, 47.3085785 ], [ -70.1069816, 47.3339277 ], [ -70.055109, 47.3767109 ], [ -70.0464534, 47.4208639 ], [ -70.0216482, 47.4869278 ], [ -69.9733339, 47.4949497 ], [ -69.9421495, 47.5191553 ], [ -69.9042781, 47.5254194 ], [ -69.8580462, 47.5797314 ], [ -69.8194134, 47.5924932 ], [ -69.7785171, 47.6213414 ], [ -69.6761338, 47.7260359 ], [ -69.6475306, 47.731729 ], [ -69.590126, 47.7892511 ], [ -69.552246, 47.8401375 ], [ -69.5502737, 47.8769029 ], [ -69.5072004, 47.9135195 ], [ -69.5130876, 47.9407262 ], [ -69.4764637, 47.9578047 ], [ -69.4337923, 47.996833 ], [ -69.3933565, 48.0185533 ], [ -69.3503545, 48.0140462 ], [ -69.2747621, 48.0699478 ], [ -69.2590436, 48.0918146 ], [ -69.2191077, 48.1067494 ], [ -69.1893197, 48.1311455 ], [ -69.1328168, 48.1538723 ], [ -69.1333141, 48.1699137 ], [ -69.0563849, 48.2243191 ], [ -68.9839016, 48.2646923 ], [ -68.9534824, 48.2898716 ], [ -68.8054424, 48.3469513 ], [ -68.7654008, 48.3681105 ], [ -68.6808111, 48.396481 ], [ -68.6694749, 48.3929885 ], [ -68.5789281, 48.4435485 ], [ -68.5277478, 48.4527927 ], [ -68.4688156, 48.5154596 ], [ -68.384698, 48.5515306 ], [ -68.354708, 48.5480745 ], [ -68.3038226, 48.5782907 ], [ -68.1633385, 48.6411361 ], [ -68.1257441, 48.6321971 ], [ -68.0866017, 48.6448565 ], [ -68.0626467, 48.6733239 ], [ -68.0196203, 48.6653627 ], [ -67.9572052, 48.6866503 ], [ -67.8821212, 48.7307872 ], [ -67.8345222, 48.7499369 ], [ -67.6966995, 48.7883007 ], [ -67.5896094, 48.8239944 ], [ -67.5350873, 48.8536121 ], [ -67.487712, 48.8547952 ], [ -67.3978265, 48.8826639 ], [ -67.3704998, 48.8983642 ], [ -67.286413, 48.9084638 ], [ -67.2740586, 48.9193278 ], [ -67.1617772, 48.9425507 ], [ -67.0461568, 48.9785789 ], [ -66.909927, 49.0335531 ], [ -66.8160407, 49.052423 ], [ -66.7408031, 49.089546 ], [ -66.600709, 49.1120679 ], [ -66.5691886, 49.1251689 ], [ -66.5032878, 49.1241774 ], [ -66.4317407, 49.1548908 ], [ -66.2385028, 49.1970016 ], [ -65.960916, 49.2278195 ], [ -65.8871262, 49.2201537 ], [ -65.830713, 49.2333005 ], [ -65.8135318, 49.2230582 ], [ -65.7472459, 49.2393046 ], [ -65.7278645, 49.2299521 ], [ -65.6639159, 49.2488472 ], [ -65.5693582, 49.2561849 ], [ -65.3259469, 49.2513496 ], [ -65.3197871, 49.2402489 ], [ -65.2046613, 49.228743 ], [ -65.108995, 49.2293095 ], [ -64.9266429, 49.2054138 ], [ -64.822311, 49.1781624 ], [ -64.7463851, 49.1412906 ], [ -64.6012308, 49.1087402 ], [ -64.5425245, 49.0783924 ], [ -64.5055484, 49.0684175 ], [ -64.4260483, 49.0182397 ], [ -64.3933561, 49.0074345 ], [ -64.3589116, 48.9775946 ], [ -64.3046132, 48.9473145 ], [ -64.212838, 48.8735377 ], [ -64.2068634, 48.8532362 ], [ -64.2425199, 48.8049276 ], [ -64.3734108, 48.8489875 ], [ -64.4302327, 48.8497036 ], [ -64.4620227, 48.8639795 ], [ -64.5450341, 48.8699345 ], [ -64.3794104, 48.800789 ], [ -64.3758179, 48.7684279 ], [ -64.3343354, 48.7522624 ], [ -64.2613649, 48.7049068 ], [ -64.235539, 48.6679007 ], [ -64.1818133, 48.6433398 ], [ -64.1742585, 48.6171909 ], [ -64.2418623, 48.6246387 ], [ -64.2956071, 48.6173129 ], [ -64.2881743, 48.5522664 ], [ -64.2120437, 48.5267086 ], [ -64.2283102, 48.5013812 ], [ -64.3062084, 48.4733644 ], [ -64.3419717, 48.4190933 ], [ -64.4319682, 48.40529 ], [ -64.581538, 48.3752366 ], [ -64.6757296, 48.3457825 ], [ -64.7624939, 48.2411665 ], [ -64.7742313, 48.2060597 ], [ -64.816701, 48.2037199 ], [ -64.8695476, 48.1854266 ], [ -64.964576, 48.1822977 ], [ -64.9594614, 48.1466704 ], [ -65.0355179, 48.105287 ], [ -65.1042291, 48.077087 ], [ -65.1670723, 48.0434226 ], [ -65.3126537, 48.0125371 ], [ -65.3205244, 48.004124 ], [ -65.4492627, 48.0045052 ], [ -65.4798114, 48.0356209 ], [ -65.5326382, 48.0670964 ], [ -65.5821111, 48.0718879 ], [ -65.7332028, 48.1143277 ], [ -65.8105424, 48.121276 ], [ -65.8781708, 48.1729023 ], [ -65.9014333, 48.2056757 ], [ -65.9608927, 48.1922856 ], [ -66.0267509, 48.1393269 ], [ -66.0506286, 48.1102029 ], [ -66.0944252, 48.0928659 ], [ -66.1366816, 48.1089759 ], [ -66.2612537, 48.1064639 ], [ -66.2945844, 48.0641734 ], [ -66.3319921, 48.0809445 ], [ -66.3601498, 48.1088116 ], [ -66.3913361, 48.1064909 ], [ -66.4405939, 48.1234445 ], [ -66.4973903, 48.1102203 ], [ -66.5770434, 48.0547022 ], [ -66.6126876, 48.0406371 ], [ -66.6353799, 48.0518475 ], [ -66.676906, 48.0179007 ], [ -66.6339923, 48.0037786 ], [ -66.5381109, 48.0286287 ], [ -66.4766919, 48.0590248 ], [ -66.3640766, 48.0694958 ], [ -66.3715548, 48.032165 ], [ -66.3597526, 48.0137123 ], [ -66.249301, 47.9806537 ], [ -66.1365718, 47.9613863 ], [ -66.0854206, 47.9256114 ], [ -66.0155638, 47.9279374 ], [ -65.9892566, 47.9201647 ], [ -65.8993911, 47.9212388 ], [ -65.8266923, 47.9005341 ], [ -65.7647797, 47.864143 ], [ -65.7329788, 47.8303927 ], [ -65.7088909, 47.7672171 ], [ -65.7040296, 47.7112081 ], [ -65.6870292, 47.6905989 ], [ -65.6328093, 47.6627271 ], [ -65.6574638, 47.6474933 ], [ -65.6244625, 47.626498 ], [ -65.6101719, 47.6539047 ], [ -65.5693983, 47.6691423 ], [ -65.4977767, 47.6714373 ], [ -65.4352777, 47.7002407 ], [ -65.3592815, 47.7552265 ], [ -65.3242835, 47.757946 ], [ -65.2364471, 47.8017976 ], [ -65.1814382, 47.8193244 ], [ -65.002756, 47.8376518 ], [ -65.0160957, 47.8142583 ], [ -65.076301, 47.7848114 ], [ -65.0016863, 47.7728679 ], [ -64.9646226, 47.792635 ], [ -64.855538, 47.8083594 ], [ -64.7936929, 47.7941561 ], [ -64.7760503, 47.7458205 ], [ -64.7407417, 47.7647753 ], [ -64.6748179, 47.7277016 ], [ -64.6747205, 47.714102 ], [ -64.7674736, 47.6766193 ], [ -64.8106583, 47.6728764 ], [ -64.7987156, 47.6324111 ], [ -64.8442611, 47.5785639 ], [ -64.8766805, 47.5822953 ], [ -64.9064932, 47.5500805 ], [ -64.9075029, 47.5162892 ], [ -64.8713751, 47.4684406 ], [ -64.9058061, 47.3917595 ], [ -64.9269231, 47.394319 ], [ -64.9496295, 47.3511748 ], [ -64.9975444, 47.3401251 ], [ -65.0001266, 47.3190073 ], [ -64.9596717, 47.3044916 ], [ -64.9748665, 47.2768635 ], [ -65.017593, 47.2777292 ], [ -65.06308, 47.2552093 ], [ -65.1133481, 47.2067075 ], [ -65.2665816, 47.1163558 ], [ -65.3457457, 47.0905148 ], [ -65.3017051, 47.0608324 ], [ -65.2054957, 47.0821444 ], [ -65.2195042, 47.0414531 ], [ -65.1431689, 47.0388895 ], [ -65.1014912, 47.0742595 ], [ -65.0791962, 47.0702717 ], [ -65.016214, 47.0855217 ], [ -64.994857, 47.0547697 ], [ -64.9592242, 47.0524268 ], [ -64.9447869, 47.0760078 ], [ -64.8846011, 47.0806327 ], [ -64.8060135, 47.0760969 ], [ -64.8287744, 47.045622 ], [ -64.8086175, 46.9917887 ], [ -64.8123442, 46.9753664 ], [ -64.8822827, 46.9283159 ], [ -64.9141319, 46.8716944 ], [ -64.9451398, 46.8409915 ], [ -64.9099337, 46.8263804 ], [ -64.9047374, 46.778768 ], [ -64.8733518, 46.7427544 ], [ -64.817865, 46.727677 ], [ -64.8243472, 46.6923715 ], [ -64.7553415, 46.6829918 ], [ -64.7199226, 46.6894068 ], [ -64.7076733, 46.6600569 ], [ -64.720699, 46.604858 ], [ -64.712789, 46.5544385 ], [ -64.6828435, 46.5130124 ], [ -64.6669916, 46.4664859 ], [ -64.6290148, 46.4383146 ], [ -64.6126934, 46.3943913 ], [ -64.6155243, 46.3360097 ], [ -64.5779624, 46.3306665 ], [ -64.5613239, 46.3676679 ], [ -64.5348975, 46.355365 ], [ -64.5106597, 46.3138284 ], [ -64.5333943, 46.2992283 ] ] ], [ [ [ -59.997697, 55.4046446 ], [ -59.9722687, 55.3906436 ], [ -59.9944364, 55.3572206 ], [ -60.0963472, 55.3264628 ], [ -60.0625107, 55.3617591 ], [ -59.997697, 55.4046446 ] ] ], [ [ [ -60.0290761, 55.3226234 ], [ -60.0522099, 55.2815393 ], [ -60.0998578, 55.2623203 ], [ -60.1196794, 55.2869731 ], [ -60.0846257, 55.3086601 ], [ -60.0290761, 55.3226234 ] ] ], [ [ [ -60.1354289, 55.378618 ], [ -60.1211319, 55.3648732 ], [ -60.1370932, 55.3085002 ], [ -60.1933426, 55.2854576 ], [ -60.2205107, 55.3044458 ], [ -60.190886, 55.3565042 ], [ -60.1354289, 55.378618 ] ] ], [ [ [ -60.2919357, 46.3361638 ], [ -60.2867537, 46.3231179 ], [ -60.2893687, 46.2999271 ], [ -60.2855981, 46.2925433 ], [ -60.295294, 46.2878832 ], [ -60.3022673, 46.2800901 ], [ -60.29527, 46.2558776 ], [ -60.3262127, 46.2312271 ], [ -60.3628486, 46.240187 ], [ -60.4134937, 46.2256666 ], [ -60.4634386, 46.1804637 ], [ -60.5265325, 46.1489463 ], [ -60.6083707, 46.08722 ], [ -60.6539916, 46.0981458 ], [ -60.5937294, 46.1327664 ], [ -60.5444348, 46.1923782 ], [ -60.508348, 46.2092058 ], [ -60.4225871, 46.2836743 ], [ -60.3635046, 46.3172666 ], [ -60.2919357, 46.3361638 ] ] ], [ [ [ -60.337684, 55.8488342 ], [ -60.2926788, 55.7976083 ], [ -60.3692032, 55.7954707 ], [ -60.3858131, 55.8257186 ], [ -60.337684, 55.8488342 ] ] ], [ [ [ -60.3057594, 55.3875015 ], [ -60.316157, 55.3320042 ], [ -60.3373784, 55.2938447 ], [ -60.3718409, 55.2813786 ], [ -60.3683955, 55.3386508 ], [ -60.3057594, 55.3875015 ] ] ], [ [ [ -60.3756791, 55.250533 ], [ -60.3934345, 55.2138421 ], [ -60.4579268, 55.1933828 ], [ -60.5171612, 55.108903 ], [ -60.6204126, 55.0719719 ], [ -60.6580544, 55.0405533 ], [ -60.7286484, 55.0402199 ], [ -60.7491462, 55.030998 ], [ -60.8068866, 55.018761 ], [ -60.8398697, 55.0445869 ], [ -60.7934203, 55.0532227 ], [ -60.7555282, 55.0837242 ], [ -60.7229742, 55.0979368 ], [ -60.7074197, 55.1139353 ], [ -60.6788749, 55.1266973 ], [ -60.6398408, 55.1323746 ], [ -60.6325689, 55.1399793 ], [ -60.6366335, 55.1520882 ], [ -60.5496261, 55.1723641 ], [ -60.5323375, 55.2003654 ], [ -60.4777026, 55.2295745 ], [ -60.3756791, 55.250533 ] ] ], [ [ [ -60.8373229, 55.9506108 ], [ -60.6882993, 55.9118595 ], [ -60.7549334, 55.8722096 ], [ -60.7892954, 55.8627491 ], [ -60.8743498, 55.8614805 ], [ -60.8768572, 55.9358082 ], [ -60.8373229, 55.9506108 ] ] ], [ [ [ -60.8496582, 56.0228709 ], [ -60.8371508, 55.9954817 ], [ -60.9033188, 55.9568872 ], [ -60.9540412, 55.9639054 ], [ -60.8496582, 56.0228709 ] ] ], [ [ [ -61.048925, 55.9438127 ], [ -60.9851352, 55.9363398 ], [ -60.9578966, 55.9120999 ], [ -60.9009325, 55.8972783 ], [ -60.9095749, 55.8744261 ], [ -61.0468335, 55.8867634 ], [ -61.0696943, 55.9354816 ], [ -61.048925, 55.9438127 ] ] ], [ [ [ -61.0826505, 56.183372 ], [ -61.0668606, 56.1644196 ], [ -61.0777555, 56.1315007 ], [ -60.992087, 56.1156608 ], [ -60.9532015, 56.0972035 ], [ -60.9961156, 56.0390685 ], [ -60.9893197, 56.0169671 ], [ -61.0476318, 56.0102343 ], [ -61.1992518, 56.0411589 ], [ -61.2395339, 56.0796008 ], [ -61.1722475, 56.1085527 ], [ -61.1530008, 56.1470644 ], [ -61.1067191, 56.1592239 ], [ -61.0826505, 56.183372 ] ] ], [ [ [ -61.153452, 56.6944722 ], [ -61.098259, 56.6796105 ], [ -61.0504081, 56.6267549 ], [ -61.1054467, 56.604683 ], [ -61.1829948, 56.6088992 ], [ -61.2395078, 56.5974519 ], [ -61.2389703, 56.6234208 ], [ -61.2014648, 56.6556307 ], [ -61.1670162, 56.6645983 ], [ -61.153452, 56.6944722 ] ] ], [ [ [ -74.2064741, 83.139053 ], [ -74.0413462, 83.1355328 ], [ -73.8170418, 83.0958469 ], [ -74.03069, 83.0644047 ], [ -74.2786085, 83.0742898 ], [ -74.3110429, 83.0421881 ], [ -74.482772, 83.0312852 ], [ -74.1919888, 83.0009216 ], [ -73.9714118, 82.9587568 ], [ -73.8405265, 82.9089642 ], [ -73.7705892, 82.8502153 ], [ -73.6018216, 82.8297004 ], [ -73.2145479, 82.7608263 ], [ -73.0421903, 82.7485241 ], [ -72.582189, 82.6978254 ], [ -72.5939457, 82.6613184 ], [ -72.6999945, 82.6301169 ], [ -72.6555413, 82.5949915 ], [ -72.376009, 82.6770104 ], [ -72.4962689, 82.733206 ], [ -72.7202764, 82.7638796 ], [ -73.1048886, 82.7959193 ], [ -73.319836, 82.857772 ], [ -73.3833244, 82.8945765 ], [ -73.5752218, 82.9155245 ], [ -73.5754766, 82.9430437 ], [ -73.3522472, 82.9690387 ], [ -73.5905231, 82.9851423 ], [ -73.7498464, 82.972095 ], [ -73.850183, 83.0072464 ], [ -73.7018123, 83.0466973 ], [ -73.1817927, 83.0658751 ], [ -72.9449289, 83.0924926 ], [ -72.3481068, 83.0947854 ], [ -71.9665198, 83.1038915 ], [ -71.5501016, 83.1000445 ], [ -71.6944427, 83.0523212 ], [ -71.7092891, 83.0045841 ], [ -71.4810217, 82.9596863 ], [ -71.4894269, 82.9474494 ], [ -71.1794398, 82.9182245 ], [ -70.7629334, 82.8915836 ], [ -70.8546486, 82.92212 ], [ -71.0226517, 82.9351447 ], [ -71.3731915, 83.0088128 ], [ -71.2817037, 83.0507554 ], [ -70.627685, 83.1064352 ], [ -69.8100014, 83.1112522 ], [ -69.6265431, 83.0761851 ], [ -69.7613261, 83.0462232 ], [ -69.4851034, 83.0391473 ], [ -69.3988994, 83.0058947 ], [ -68.9962298, 83.0318706 ], [ -68.98061, 82.9858189 ], [ -68.8446188, 82.9270653 ], [ -68.6669585, 82.9812225 ], [ -68.5247011, 83.0081626 ], [ -68.2222982, 82.9951156 ], [ -68.1115594, 82.9782609 ], [ -68.1650851, 82.9479673 ], [ -67.8685581, 82.9609496 ], [ -67.3907432, 82.9508039 ], [ -67.1729319, 82.9313891 ], [ -67.1188506, 82.9613527 ], [ -66.745475, 82.9361563 ], [ -66.3236537, 82.9264234 ], [ -66.5555367, 82.8593695 ], [ -66.9971201, 82.7960308 ], [ -67.5050156, 82.7462339 ], [ -67.9267987, 82.7146961 ], [ -68.0032623, 82.6937786 ], [ -68.3468929, 82.6854348 ], [ -68.6471606, 82.6387704 ], [ -68.5798171, 82.6223178 ], [ -68.3212818, 82.650471 ], [ -68.2369286, 82.6423761 ], [ -67.8071092, 82.6578001 ], [ -67.4903396, 82.6491164 ], [ -66.9887479, 82.7174485 ], [ -66.7632539, 82.7217396 ], [ -66.5103436, 82.7694035 ], [ -65.6674931, 82.8495848 ], [ -65.4145736, 82.8326919 ], [ -65.5176136, 82.791695 ], [ -65.383027, 82.784227 ], [ -65.2465515, 82.8262204 ], [ -65.230487, 82.8834351 ], [ -64.83325, 82.9080072 ], [ -64.6562227, 82.8965471 ], [ -64.7785344, 82.8595981 ], [ -64.7094745, 82.8172659 ], [ -64.4041145, 82.7849916 ], [ -64.2751367, 82.786016 ], [ -64.1092747, 82.8254798 ], [ -63.9468617, 82.8365792 ], [ -63.5738464, 82.8339398 ], [ -63.4410563, 82.7992179 ], [ -63.4421637, 82.7597639 ], [ -63.5788529, 82.7253203 ], [ -63.8791754, 82.7194351 ], [ -63.6202574, 82.6944277 ], [ -63.6363506, 82.6739127 ], [ -63.2312429, 82.6417527 ], [ -63.3827824, 82.6027843 ], [ -63.0763577, 82.5905189 ], [ -62.9411509, 82.5744419 ], [ -63.084222, 82.5460779 ], [ -63.0792712, 82.502437 ], [ -62.8982707, 82.5143385 ], [ -62.3220314, 82.5071274 ], [ -62.1277431, 82.4925575 ], [ -61.6734114, 82.4878556 ], [ -61.5284009, 82.4744992 ], [ -61.2792382, 82.4252633 ], [ -61.1157733, 82.3678513 ], [ -61.0913155, 82.3178535 ], [ -61.1329251, 82.2450687 ], [ -61.1912901, 82.2209287 ], [ -61.4275906, 82.1785083 ], [ -61.640939, 82.1540345 ], [ -62.0609206, 82.1265554 ], [ -61.8627106, 82.1017927 ], [ -62.1846911, 82.0286585 ], [ -62.3207867, 82.006178 ], [ -62.4816825, 82.0154073 ], [ -62.5786894, 81.9563521 ], [ -62.9094765, 81.9087336 ], [ -63.1686711, 81.8869358 ], [ -63.4952927, 81.8454392 ], [ -63.7480457, 81.8020356 ], [ -64.004344, 81.7828903 ], [ -64.1422554, 81.7424194 ], [ -64.3581513, 81.7148926 ], [ -64.7206515, 81.7221797 ], [ -64.8663541, 81.7540394 ], [ -65.2716046, 81.7360043 ], [ -65.7079393, 81.69721 ], [ -65.6326013, 81.6729194 ], [ -65.3039875, 81.6966403 ], [ -65.3103747, 81.6748453 ], [ -65.8088745, 81.6297925 ], [ -66.380464, 81.6168439 ], [ -66.5238589, 81.6260725 ], [ -67.0579018, 81.6067335 ], [ -67.4901187, 81.6014404 ], [ -68.1036136, 81.5651286 ], [ -68.3299027, 81.5417383 ], [ -68.0348888, 81.5291548 ], [ -67.6895884, 81.5582413 ], [ -67.5186144, 81.5511021 ], [ -67.0475978, 81.564391 ], [ -66.7643174, 81.543464 ], [ -66.6101055, 81.5103685 ], [ -67.111294, 81.4522663 ], [ -67.7499321, 81.3864922 ], [ -67.9343158, 81.3716679 ], [ -68.3030833, 81.3275486 ], [ -68.9651884, 81.2623501 ], [ -69.1311338, 81.2570012 ], [ -69.4194429, 81.2661688 ], [ -69.3339559, 81.2371052 ], [ -69.4781104, 81.2161404 ], [ -69.9575081, 81.1748331 ], [ -69.8971643, 81.1593898 ], [ -69.645732, 81.1830586 ], [ -69.4563196, 81.1779186 ], [ -69.2166208, 81.2102512 ], [ -68.837796, 81.2286741 ], [ -68.6835842, 81.2465486 ], [ -68.3143047, 81.2676953 ], [ -67.9630608, 81.2935142 ], [ -67.803222, 81.3157838 ], [ -67.3127052, 81.3619801 ], [ -66.8027219, 81.3893962 ], [ -66.0687743, 81.4560195 ], [ -65.0009386, 81.5323641 ], [ -64.482988, 81.5459287 ], [ -64.4259966, 81.4793799 ], [ -64.491369, 81.4407981 ], [ -64.6656955, 81.3864922 ], [ -65.3511079, 81.2709921 ], [ -65.6061894, 81.2366762 ], [ -65.8426234, 81.2183541 ], [ -65.9942917, 81.2261441 ], [ -66.1036463, 81.2086218 ], [ -66.2568265, 81.1455838 ], [ -66.4753043, 81.1088417 ], [ -66.5581429, 81.0534016 ], [ -66.9834314, 80.9737105 ], [ -67.2528159, 80.9336294 ], [ -67.5777221, 80.9294015 ], [ -67.5021632, 80.8941753 ], [ -67.7052512, 80.8540311 ], [ -67.8396803, 80.8445106 ], [ -67.8249081, 80.8181419 ], [ -67.959258, 80.7887427 ], [ -68.2075035, 80.7718556 ], [ -68.4424373, 80.7030124 ], [ -68.6735269, 80.6662934 ], [ -68.8687915, 80.5992711 ], [ -69.1411911, 80.5233244 ], [ -69.1378386, 80.5097917 ], [ -69.3322796, 80.4072654 ], [ -69.5283969, 80.3683604 ], [ -69.7513335, 80.3481468 ], [ -69.9893561, 80.3391495 ], [ -70.2173215, 80.3422433 ], [ -70.167035, 80.425126 ], [ -70.4419344, 80.5039861 ], [ -70.6497851, 80.5484059 ], [ -70.936418, 80.5671051 ], [ -71.0721914, 80.5876867 ], [ -71.4091107, 80.5885091 ], [ -71.6706004, 80.6183392 ], [ -71.776202, 80.6453513 ], [ -71.885156, 80.6232562 ], [ -71.5616464, 80.571225 ], [ -71.2431654, 80.561884 ], [ -71.1124206, 80.5756176 ], [ -70.9809522, 80.5484751 ], [ -70.7939346, 80.5531626 ], [ -70.6012065, 80.5188907 ], [ -70.4969906, 80.4889787 ], [ -70.3799261, 80.4041557 ], [ -70.4613002, 80.3564426 ], [ -70.2842759, 80.3152215 ], [ -69.9330825, 80.2743083 ], [ -69.8945369, 80.2547541 ], [ -70.0715612, 80.2160142 ], [ -70.1143897, 80.1892921 ], [ -70.3613671, 80.1853992 ], [ -70.421327, 80.1943992 ], [ -70.7325471, 80.2014475 ], [ -70.7825137, 80.1856426 ], [ -71.0951614, 80.1695687 ], [ -71.3849674, 80.13612 ], [ -71.4249406, 80.1162908 ], [ -71.6019649, 80.1059934 ], [ -71.7333055, 80.1170259 ], [ -71.8189624, 80.1493176 ], [ -72.0273943, 80.1914812 ], [ -72.1872872, 80.1746859 ], [ -72.0316771, 80.1581063 ], [ -71.8285661, 80.1073399 ], [ -72.2723077, 80.065206 ], [ -72.0481958, 80.0568508 ], [ -71.8796636, 80.070154 ], [ -71.6286582, 80.0616482 ], [ -71.4135107, 80.0698448 ], [ -71.0208666, 80.1042592 ], [ -70.7761363, 80.1311834 ], [ -70.6076041, 80.1336414 ], [ -70.5063055, 80.1173457 ], [ -70.4525187, 80.0863723 ], [ -70.5206487, 80.0374833 ], [ -70.687388, 80.014504 ], [ -70.7438642, 79.9836793 ], [ -70.9482543, 79.9782207 ], [ -71.3830315, 79.9347591 ], [ -71.4278539, 79.9060477 ], [ -71.2889045, 79.8907963 ], [ -71.1060291, 79.9184522 ], [ -70.8729527, 79.8939427 ], [ -70.8577131, 79.8802484 ], [ -71.0764463, 79.815623 ], [ -71.0827215, 79.7873701 ], [ -71.3131086, 79.7556922 ], [ -71.452058, 79.7247166 ], [ -71.9047641, 79.701344 ], [ -72.0544709, 79.6865891 ], [ -72.2516894, 79.6512207 ], [ -72.3502987, 79.6883544 ], [ -72.6739163, 79.6743845 ], [ -72.9051999, 79.7066315 ], [ -72.9258182, 79.7520246 ], [ -72.9903624, 79.7908662 ], [ -72.8549988, 79.819268 ], [ -73.2073028, 79.8173664 ], [ -73.2512287, 79.8237036 ], [ -73.6555267, 79.8303535 ], [ -73.7227603, 79.8498035 ], [ -73.9585261, 79.8851301 ], [ -74.3941997, 79.8912683 ], [ -74.4085429, 79.8627497 ], [ -74.8038763, 79.8479076 ], [ -74.9141394, 79.8371573 ], [ -75.033367, 79.8475916 ], [ -75.1893489, 79.8316197 ], [ -75.0979112, 79.8030933 ], [ -74.794545, 79.7828703 ], [ -74.3240191, 79.7984192 ], [ -74.0382477, 79.7944164 ], [ -73.7524764, 79.7670619 ], [ -73.6893408, 79.7514657 ], [ -73.3603714, 79.7598575 ], [ -73.3842965, 79.7414103 ], [ -73.2786275, 79.7194912 ], [ -73.2015357, 79.660734 ], [ -73.1158043, 79.6232137 ], [ -73.1756169, 79.5979255 ], [ -73.0898855, 79.5536749 ], [ -73.1164689, 79.5371537 ], [ -73.4175257, 79.4985843 ], [ -73.6541178, 79.490102 ], [ -73.7398492, 79.4989477 ], [ -73.9059954, 79.5512646 ], [ -73.9491934, 79.5273735 ], [ -73.8993496, 79.4677734 ], [ -74.0149873, 79.437726 ], [ -74.1950897, 79.4330958 ], [ -74.3313296, 79.4453979 ], [ -74.6516593, 79.4394313 ], [ -74.8337555, 79.490102 ], [ -74.9939204, 79.5054863 ], [ -75.0374263, 79.4870935 ], [ -74.8566767, 79.4071307 ], [ -74.9020597, 79.3742849 ], [ -75.1469715, 79.3725534 ], [ -75.4458734, 79.3856771 ], [ -75.6673112, 79.4301204 ], [ -75.8730997, 79.4189191 ], [ -75.9943819, 79.4315556 ], [ -76.0483721, 79.475666 ], [ -76.2893715, 79.5072045 ], [ -76.6375688, 79.5210176 ], [ -76.8605716, 79.5106238 ], [ -77.0248894, 79.5210176 ], [ -77.1273924, 79.4957987 ], [ -76.8144061, 79.4782383 ], [ -76.7103381, 79.4932307 ], [ -76.6070526, 79.4702337 ], [ -76.2885891, 79.4673735 ], [ -76.1446154, 79.4407364 ], [ -76.2103425, 79.4271058 ], [ -76.142268, 79.3948973 ], [ -75.9161354, 79.3591248 ], [ -76.1203589, 79.3377199 ], [ -76.6491402, 79.355587 ], [ -76.8324862, 79.3516158 ], [ -76.9228948, 79.3630584 ], [ -77.0196256, 79.3976625 ], [ -77.106873, 79.4660748 ], [ -77.2968084, 79.4235203 ], [ -77.2641108, 79.3861633 ], [ -77.134438, 79.3281496 ], [ -77.2126888, 79.324578 ], [ -77.3867969, 79.3441294 ], [ -77.7020359, 79.3453178 ], [ -77.8549045, 79.3653989 ], [ -78.0142009, 79.3477461 ], [ -77.8414901, 79.323439 ], [ -77.5237358, 79.3118351 ], [ -77.29597, 79.2653988 ], [ -77.1808295, 79.2658673 ], [ -76.7482142, 79.2833944 ], [ -76.3527681, 79.2658152 ], [ -76.109911, 79.2710191 ], [ -75.9439075, 79.2295268 ], [ -75.7703583, 79.2237805 ], [ -75.6306247, 79.2415321 ], [ -75.4397486, 79.2426797 ], [ -74.56994, 79.2351701 ], [ -74.4306411, 79.220394 ], [ -74.5539095, 79.1967796 ], [ -74.7797589, 79.1841553 ], [ -74.77241, 79.16108 ], [ -74.6283704, 79.1529295 ], [ -74.3872526, 79.0517731 ], [ -74.4392048, 79.0307367 ], [ -74.6132448, 79.0159974 ], [ -75.1044532, 79.030539 ], [ -75.5850113, 79.0634098 ], [ -75.836326, 79.1149406 ], [ -75.8288087, 79.1409469 ], [ -75.9679715, 79.1852439 ], [ -76.1273029, 79.1997866 ], [ -76.2156777, 79.1941162 ], [ -76.5565625, 79.1974707 ], [ -77.0621692, 79.1828629 ], [ -77.233785, 79.2017173 ], [ -77.4872484, 79.1972645 ], [ -77.8238794, 79.2099996 ], [ -77.9721731, 79.1782785 ], [ -77.3043235, 79.170708 ], [ -76.8921815, 79.1466824 ], [ -76.6466388, 79.1522291 ], [ -76.5012142, 79.1389242 ], [ -76.169494, 79.123212 ], [ -76.0573364, 79.1033455 ], [ -76.0727724, 79.0794224 ], [ -76.1956514, 79.0736587 ], [ -76.5946231, 79.0925216 ], [ -77.0413675, 79.0727239 ], [ -77.2384606, 79.0586005 ], [ -77.4203703, 79.0341884 ], [ -77.4431455, 79.0202939 ], [ -77.7608304, 79.0421837 ], [ -77.6723575, 79.0049899 ], [ -77.8925178, 78.9640388 ], [ -77.9074093, 78.9413227 ], [ -78.0224533, 78.9112061 ], [ -78.2262622, 78.8245014 ], [ -78.0399727, 78.8341745 ], [ -77.9497478, 78.895302 ], [ -77.7412671, 78.9567142 ], [ -77.6338148, 78.9762729 ], [ -77.0352357, 79.0001995 ], [ -76.6667445, 79.0275212 ], [ -76.6001709, 79.0201271 ], [ -75.999024, 78.9998235 ], [ -75.9260259, 78.9799742 ], [ -75.7064348, 78.9715313 ], [ -75.8082877, 78.9299386 ], [ -76.2350886, 78.9049266 ], [ -76.0563789, 78.8764792 ], [ -75.7447072, 78.8820833 ], [ -75.6838031, 78.8937026 ], [ -75.5122792, 78.8833999 ], [ -75.2724541, 78.8898999 ], [ -75.0535744, 78.8694992 ], [ -74.9758706, 78.8525098 ], [ -74.7342706, 78.8269058 ], [ -74.6949699, 78.77208 ], [ -74.7452344, 78.7411137 ], [ -74.65512, 78.7045446 ], [ -74.81808, 78.6985201 ], [ -74.8099299, 78.64055 ], [ -74.6012499, 78.6029301 ], [ -74.78509, 78.58218 ], [ -74.8293864, 78.5629144 ], [ -75.018973, 78.5301842 ], [ -75.2188201, 78.5354499 ], [ -75.2531601, 78.5201001 ], [ -75.6218877, 78.5058237 ], [ -75.8387152, 78.5025297 ], [ -75.9860222, 78.5135732 ], [ -76.0991631, 78.5383007 ], [ -76.3306553, 78.5449548 ], [ -76.6187179, 78.527054 ], [ -76.606064, 78.5039345 ], [ -76.1713648, 78.51046 ], [ -76.075344, 78.4803231 ], [ -75.8029126, 78.446829 ], [ -75.4911223, 78.4337178 ], [ -75.2232925, 78.3995475 ], [ -75.0696811, 78.3667109 ], [ -75.0874001, 78.31079 ], [ -75.3460001, 78.2988501 ], [ -75.35965, 78.2715101 ], [ -75.4878589, 78.2115049 ], [ -75.6336324, 78.1988284 ], [ -75.8588094, 78.2305355 ], [ -76.2025304, 78.2429332 ], [ -76.2994773, 78.2375445 ], [ -76.6238089, 78.2522678 ], [ -76.7225185, 78.2350289 ], [ -76.9278698, 78.2201043 ], [ -76.9181751, 78.1972317 ], [ -76.6026569, 78.1614847 ], [ -76.2677858, 78.1456108 ], [ -76.1674054, 78.1250192 ], [ -76.0222853, 78.1448177 ], [ -75.881026, 78.1310929 ], [ -75.7365872, 78.1360898 ], [ -75.5631065, 78.1261724 ], [ -75.5565936, 78.1029364 ], [ -75.6362068, 78.0700765 ], [ -75.6372563, 78.0388671 ], [ -75.8452548, 77.9754604 ], [ -76.0479839, 77.9837209 ], [ -76.1044689, 78.0115054 ], [ -76.2005693, 78.0134548 ], [ -76.2856518, 77.9946685 ], [ -76.4498999, 77.9885981 ], [ -76.4784884, 77.9597108 ], [ -76.567296, 77.9330092 ], [ -76.7172719, 77.9349934 ], [ -76.7761232, 77.9059918 ], [ -76.8767399, 77.8980342 ], [ -77.1501137, 77.9425305 ], [ -77.3304644, 77.9345966 ], [ -77.4785419, 77.9460991 ], [ -77.9303679, 77.9516482 ], [ -78.1334998, 77.9757969 ], [ -78.3366317, 77.9710501 ], [ -78.43535, 77.919508 ], [ -78.3347333, 77.8673492 ], [ -78.1942495, 77.8529767 ], [ -78.1353982, 77.8309863 ], [ -77.9835239, 77.8117627 ], [ -77.9450372, 77.75487 ], [ -78.0442168, 77.7315831 ], [ -78.1000959, 77.6949183 ], [ -78.0139489, 77.6621261 ], [ -77.8835644, 77.6646134 ], [ -77.825357, 77.6501804 ], [ -77.8509682, 77.6222628 ], [ -77.7019573, 77.6117776 ], [ -77.9790245, 77.5346191 ], [ -77.9580698, 77.4943503 ], [ -78.0279187, 77.4701276 ], [ -78.2453557, 77.4459712 ], [ -78.2923091, 77.4249615 ], [ -78.4199778, 77.4033755 ], [ -78.5000439, 77.3647763 ], [ -78.6860123, 77.3178713 ], [ -78.8491732, 77.3066966 ], [ -79.0333871, 77.3113218 ], [ -79.1684773, 77.2901094 ], [ -79.6684866, 77.317101 ], [ -79.7614708, 77.3136338 ], [ -79.9948084, 77.2746602 ], [ -80.2579712, 77.2982128 ], [ -80.3794728, 77.2937169 ], [ -80.7368544, 77.3287299 ], [ -81.1189883, 77.4157257 ], [ -81.298681, 77.4272417 ], [ -81.3084735, 77.4655534 ], [ -81.5890292, 77.5223826 ], [ -81.5601413, 77.5365503 ], [ -81.6761827, 77.5764304 ], [ -81.6028596, 77.5918538 ], [ -81.8515014, 77.6268628 ], [ -81.8357711, 77.674788 ], [ -81.9436718, 77.6863865 ], [ -81.9442568, 77.6330033 ], [ -81.8184871, 77.6089254 ], [ -81.6488443, 77.5403276 ], [ -81.6868677, 77.49139 ], [ -81.7640844, 77.446587 ], [ -81.7196263, 77.4225341 ], [ -81.608481, 77.4127218 ], [ -81.4809565, 77.3745479 ], [ -81.2183026, 77.3682812 ], [ -81.138161, 77.3303597 ], [ -81.5002606, 77.2970865 ], [ -81.6002914, 77.3039023 ], [ -81.8179022, 77.2831866 ], [ -81.9331423, 77.304288 ], [ -82.1351757, 77.311434 ], [ -82.1639372, 77.2959577 ], [ -82.0538498, 77.2638561 ], [ -81.8783048, 77.2417537 ], [ -81.8941733, 77.1943586 ], [ -81.7890447, 77.1569351 ], [ -81.2240112, 77.2555858 ], [ -81.0916449, 77.2885426 ], [ -80.8484351, 77.2631804 ], [ -80.6880889, 77.260333 ], [ -80.4933058, 77.235391 ], [ -80.3835386, 77.2351533 ], [ -80.278076, 77.2149266 ], [ -80.0520846, 77.1996763 ], [ -80.205974, 77.1633852 ], [ -80.3943001, 77.0808787 ], [ -80.3372642, 77.0741402 ], [ -80.1607757, 77.1173992 ], [ -80.1252628, 77.1487926 ], [ -79.9337082, 77.2096863 ], [ -79.6377671, 77.2505995 ], [ -79.3956336, 77.2187364 ], [ -79.5624367, 77.1863177 ], [ -79.6904985, 77.1365797 ], [ -79.5333807, 77.1475957 ], [ -79.3676537, 77.1848856 ], [ -79.1448908, 77.1944299 ], [ -79.0448089, 77.1643415 ], [ -79.1169109, 77.0895375 ], [ -79.0878549, 77.0606527 ], [ -79.2363635, 77.0196239 ], [ -79.3741106, 76.968522 ], [ -79.4300703, 76.9345065 ], [ -79.6044065, 76.9442341 ], [ -79.7765904, 76.9371823 ], [ -79.9616881, 76.9108874 ], [ -80.1779941, 76.9483662 ], [ -80.2963705, 76.9507962 ], [ -80.0822168, 76.8796558 ], [ -80.1134251, 76.8520233 ], [ -80.2791521, 76.8392883 ], [ -80.1650803, 76.8162365 ], [ -79.9638404, 76.830955 ], [ -79.8260933, 76.8691475 ], [ -79.427918, 76.8935727 ], [ -79.3472068, 76.8764798 ], [ -79.3493591, 76.8476164 ], [ -79.4591264, 76.8260506 ], [ -79.6001019, 76.8123088 ], [ -79.4053189, 76.7788773 ], [ -79.4678028, 76.7369245 ], [ -79.2878841, 76.7615912 ], [ -79.2828397, 76.7400103 ], [ -79.3568249, 76.6959709 ], [ -79.5367436, 76.6642046 ], [ -79.6023215, 76.6284758 ], [ -79.3114249, 76.6738974 ], [ -79.140294, 76.7468514 ], [ -79.0756505, 76.8232412 ], [ -78.9384075, 76.867376 ], [ -78.906583, 76.9147434 ], [ -78.8300053, 76.9401621 ], [ -78.8459175, 76.9617186 ], [ -78.7122922, 76.9710263 ], [ -78.4754659, 76.9650672 ], [ -78.3473967, 77.0096954 ], [ -78.1820109, 77.0230991 ], [ -78.0737615, 77.0203295 ], [ -78.0445498, 76.9924126 ], [ -77.9011106, 76.9473939 ], [ -77.8888183, 76.9036229 ], [ -77.821123, 76.8800506 ], [ -77.8943571, 76.8578645 ], [ -77.7334866, 76.8318865 ], [ -77.7925783, 76.796172 ], [ -77.7744775, 76.7385877 ], [ -77.8313657, 76.7030353 ], [ -78.0737496, 76.6769246 ], [ -78.0271949, 76.6356886 ], [ -78.1057048, 76.5937142 ], [ -78.2157435, 76.5586415 ], [ -78.307595, 76.5483938 ], [ -78.3764163, 76.4895289 ], [ -78.3764163, 76.4653836 ], [ -78.4467455, 76.4496991 ], [ -78.5447027, 76.465452 ], [ -78.590391, 76.4943104 ], [ -78.6216515, 76.5522188 ], [ -78.5703523, 76.5719638 ], [ -78.7186392, 76.5838715 ], [ -78.7555105, 76.5689853 ], [ -79.0416641, 76.5745695 ], [ -79.0528858, 76.5570646 ], [ -78.87414, 76.546439 ], [ -78.87414, 76.503854 ], [ -78.9382641, 76.468078 ], [ -79.1442747, 76.460284 ], [ -79.1955619, 76.3781359 ], [ -79.3679241, 76.3425501 ], [ -79.4564793, 76.3430022 ], [ -79.4819257, 76.3144648 ], [ -79.5931182, 76.3110356 ], [ -79.6546157, 76.2893853 ], [ -79.8657019, 76.2669123 ], [ -80.0485324, 76.2317506 ], [ -80.2031073, 76.2463791 ], [ -80.4507596, 76.1984833 ], [ -80.5704304, 76.1925344 ], [ -80.6252796, 76.1730839 ], [ -80.7914892, 76.158379 ], [ -80.8639406, 76.1722558 ], [ -80.927781, 76.1456488 ], [ -81.0723833, 76.1341022 ], [ -81.0374793, 76.1726867 ], [ -80.9676713, 76.1877735 ], [ -81.0975159, 76.2127893 ], [ -80.9610244, 76.2740042 ], [ -80.8867674, 76.3433037 ], [ -80.7658345, 76.3824875 ], [ -80.7856364, 76.4263753 ], [ -80.9447586, 76.4603591 ], [ -81.0020426, 76.4823624 ], [ -81.1936964, 76.5030102 ], [ -81.2665391, 76.531371 ], [ -81.3450394, 76.4959109 ], [ -81.4624362, 76.4701243 ], [ -81.7431985, 76.468966 ], [ -81.9101, 76.4841806 ], [ -82.0996323, 76.5236271 ], [ -81.9992085, 76.5861127 ], [ -82.0996323, 76.6110273 ], [ -81.8870364, 76.6435534 ], [ -81.932712, 76.6572778 ], [ -82.12918, 76.6240264 ], [ -82.366318, 76.6516452 ], [ -82.466429, 76.7023983 ], [ -82.4789429, 76.7305763 ], [ -82.5696685, 76.7612752 ], [ -82.6328636, 76.7433521 ], [ -82.48082, 76.6426861 ], [ -82.1285543, 76.5856141 ], [ -82.237425, 76.5051066 ], [ -82.1579619, 76.4704584 ], [ -82.1360626, 76.4386575 ], [ -82.2568215, 76.3972214 ], [ -82.6007414, 76.4005435 ], [ -82.7802004, 76.3809464 ], [ -82.9450798, 76.4266442 ], [ -83.0489076, 76.4376291 ], [ -83.1323103, 76.4664237 ], [ -83.0542179, 76.5029979 ], [ -83.0990429, 76.5578225 ], [ -83.1826019, 76.6170204 ], [ -83.4279684, 76.7016378 ], [ -83.5313629, 76.6800291 ], [ -83.3907964, 76.6568721 ], [ -83.409851, 76.6389822 ], [ -83.2367981, 76.5720113 ], [ -83.2294574, 76.5183723 ], [ -83.1865065, 76.5036905 ], [ -83.257883, 76.4549424 ], [ -83.1774478, 76.4267103 ], [ -83.2899099, 76.4090801 ], [ -83.52488, 76.4225599 ], [ -83.68606, 76.42269 ], [ -83.7838799, 76.47038 ], [ -83.9042899, 76.4889001 ], [ -83.9027101, 76.50563 ], [ -84.03582, 76.52846 ], [ -84.1076226, 76.6317586 ], [ -84.2665328, 76.6525405 ], [ -84.2694572, 76.6262097 ], [ -84.1886868, 76.6154243 ], [ -84.2573601, 76.53709 ], [ -84.1816799, 76.4887099 ], [ -84.19683, 76.4542542 ], [ -84.3851786, 76.4449333 ], [ -84.450053, 76.4297731 ], [ -84.632333, 76.4343036 ], [ -84.7903, 76.4684501 ], [ -84.7693852, 76.4836499 ], [ -84.8424693, 76.5415973 ], [ -84.9478999, 76.5612701 ], [ -84.9188899, 76.58583 ], [ -84.9886801, 76.62038 ], [ -85.1410394, 76.6501826 ], [ -85.21789, 76.6402299 ], [ -85.1023061, 76.5882601 ], [ -85.0487716, 76.5802383 ], [ -85.0587201, 76.5161501 ], [ -85.01145, 76.4945701 ], [ -85.004301, 76.4521153 ], [ -84.9322032, 76.411158 ], [ -84.7589969, 76.3900481 ], [ -84.712305, 76.3723848 ], [ -84.5697501, 76.35676 ], [ -84.3896899, 76.31762 ], [ -84.4515999, 76.29807 ], [ -84.7336301, 76.3016901 ], [ -84.9199999, 76.28172 ], [ -84.9913401, 76.2875501 ], [ -85.24812, 76.2806799 ], [ -85.2617499, 76.3053 ], [ -85.4562901, 76.3021101 ], [ -85.7688299, 76.3534099 ], [ -85.85205, 76.3418001 ], [ -85.9188801, 76.35845 ], [ -86.0876, 76.3611701 ], [ -86.32721, 76.37725 ], [ -86.4156599, 76.4136201 ], [ -86.3836101, 76.4743301 ], [ -86.21911, 76.5068199 ], [ -86.2367301, 76.5441699 ], [ -86.4350999, 76.6031801 ], [ -86.4904799, 76.58082 ], [ -86.2909099, 76.5361501 ], [ -86.2929199, 76.5182799 ], [ -86.4203199, 76.5099101 ], [ -86.5504999, 76.4781299 ], [ -86.63796, 76.4745701 ], [ -86.599, 76.44437 ], [ -86.65218, 76.40869 ], [ -86.70732, 76.34364 ], [ -86.9027741, 76.3703045 ], [ -87.1105086, 76.3795681 ], [ -87.11287, 76.41248 ], [ -87.2052001, 76.44652 ], [ -87.4364799, 76.4565699 ], [ -87.3736499, 76.49141 ], [ -87.39471, 76.52075 ], [ -87.48935, 76.5331 ], [ -87.44955, 76.5898699 ], [ -87.5722299, 76.58835 ], [ -87.57304, 76.5288399 ], [ -87.4887001, 76.4993799 ], [ -87.5364299, 76.46149 ], [ -87.4360299, 76.4248999 ], [ -87.49787, 76.3749799 ], [ -87.60371, 76.36632 ], [ -87.5938801, 76.33901 ], [ -87.86908, 76.3660501 ], [ -88.2122499, 76.3758599 ], [ -88.42477, 76.40259 ], [ -88.3498899, 76.43672 ], [ -88.32792, 76.51399 ], [ -88.39709, 76.5373801 ], [ -88.3963401, 76.57315 ], [ -88.4975, 76.60725 ], [ -88.50025, 76.64525 ], [ -88.45425, 76.65625 ], [ -88.56425, 76.76875 ], [ -88.703, 76.714 ], [ -88.5735, 76.63475 ], [ -88.6435, 76.60725 ], [ -88.54525, 76.5925 ], [ -88.486, 76.55925 ], [ -88.519, 76.5295 ], [ -88.478, 76.504 ], [ -88.56325, 76.48675 ], [ -88.6085, 76.4515 ], [ -88.592, 76.3995 ], [ -88.69025, 76.401 ], [ -88.674, 76.47775 ], [ -88.635, 76.4895 ], [ -88.661, 76.52925 ], [ -88.61425, 76.56175 ], [ -88.6766837, 76.6035558 ], [ -88.77925, 76.53975 ], [ -88.82125, 76.49125 ], [ -88.77325, 76.45475 ], [ -88.87625, 76.4215 ], [ -88.998, 76.40875 ], [ -89.236, 76.43975 ], [ -89.26925, 76.47075 ], [ -89.42475, 76.497 ], [ -89.38375, 76.51775 ], [ -89.43, 76.553 ], [ -89.509, 76.5405 ], [ -89.661, 76.57125 ], [ -89.59025, 76.61875 ], [ -89.50325, 76.636 ], [ -89.40175, 76.67425 ], [ -89.4555, 76.70675 ], [ -89.4725, 76.7975 ], [ -89.52125, 76.84875 ], [ -89.3895, 76.89225 ], [ -88.983, 76.9485 ], [ -88.961, 76.989 ], [ -88.78475, 76.99 ], [ -88.72525, 77.0005 ], [ -88.65425, 77.04425 ], [ -88.51825, 77.0735 ], [ -88.4566362, 77.1015245 ], [ -88.2527201, 77.1322911 ], [ -88.0936442, 77.1310428 ], [ -88.0322559, 77.1193267 ], [ -87.8604913, 77.1411958 ], [ -87.6884622, 77.1418403 ], [ -87.6120933, 77.1110456 ], [ -87.4811648, 77.1061996 ], [ -87.39675, 77.16175 ], [ -87.29025, 77.184 ], [ -87.2055, 77.17175 ], [ -87.027, 77.18475 ], [ -86.994, 77.201 ], [ -87.22275, 77.208 ], [ -87.12725, 77.2445 ], [ -86.958, 77.262 ], [ -86.92175, 77.27825 ], [ -87.2115, 77.2745 ], [ -87.23025, 77.30725 ], [ -87.0725, 77.345 ], [ -86.82325, 77.34775 ], [ -86.84925, 77.36925 ], [ -87.11275, 77.37125 ], [ -87.2515, 77.356 ], [ -87.33475, 77.33275 ], [ -87.72075, 77.36325 ], [ -87.687, 77.39625 ], [ -87.7705, 77.426 ], [ -87.6365, 77.47075 ], [ -87.7065, 77.53775 ], [ -87.84375, 77.5535 ], [ -87.79325, 77.57175 ], [ -87.941, 77.58375 ], [ -87.97375, 77.61 ], [ -88.152, 77.627 ], [ -88.21975, 77.66025 ], [ -88.15025, 77.71725 ], [ -88.17375, 77.7655 ], [ -88.09425, 77.81925 ], [ -87.8585, 77.833 ], [ -87.7035, 77.8575 ], [ -87.43825, 77.879 ], [ -87.27, 77.899 ], [ -87.05075, 77.884 ], [ -86.83525, 77.8855 ], [ -86.47375, 77.842 ], [ -86.1805, 77.79625 ], [ -86.08725, 77.7415 ], [ -85.95675, 77.69975 ], [ -85.86475, 77.632 ], [ -85.7845, 77.505 ], [ -85.7075, 77.4775 ], [ -85.71375, 77.43375 ], [ -85.5165, 77.4615 ], [ -85.464, 77.4145 ], [ -85.38775, 77.38525 ], [ -85.189, 77.3855 ], [ -85.13175, 77.39425 ], [ -84.95125, 77.38175 ], [ -84.86175, 77.36275 ], [ -84.75725, 77.32225 ], [ -84.50275, 77.29575 ], [ -84.447, 77.3125 ], [ -84.5605, 77.34275 ], [ -84.5895, 77.3945 ], [ -84.52725, 77.4045 ], [ -84.29575, 77.3855 ], [ -84.146, 77.4 ], [ -83.98, 77.39025 ], [ -83.72175, 77.36375 ], [ -83.4525, 77.35625 ], [ -83.53775, 77.3955 ], [ -83.653, 77.39175 ], [ -83.82475, 77.44575 ], [ -83.74, 77.46375 ], [ -83.56175, 77.47525 ], [ -83.423, 77.50375 ], [ -83.221, 77.57275 ], [ -83.04375, 77.663 ], [ -82.98, 77.67725 ], [ -82.96725, 77.7115 ], [ -82.88375, 77.72525 ], [ -82.794, 77.78425 ], [ -82.632, 77.8665 ], [ -82.6115, 77.903 ], [ -82.52375, 77.92375 ], [ -82.5115, 77.956 ], [ -82.57675, 78.021 ], [ -82.543, 78.03425 ], [ -82.367, 78.03575 ], [ -82.377, 78.08325 ], [ -82.6565, 78.05525 ], [ -82.77225, 78.01075 ], [ -82.71775, 77.9495 ], [ -82.7595, 77.91775 ], [ -82.9415, 77.875 ], [ -83.12525, 77.79125 ], [ -83.17375, 77.72075 ], [ -83.28125, 77.677 ], [ -83.39325, 77.60975 ], [ -83.6925, 77.5245 ], [ -83.95325, 77.49925 ], [ -84.3795, 77.5245 ], [ -84.54925, 77.5105 ], [ -84.85125, 77.542 ], [ -84.8515, 77.578 ], [ -84.731, 77.59775 ], [ -84.68475, 77.642 ], [ -84.93525, 77.5985 ], [ -85.02025, 77.6265 ], [ -85.216, 77.6535 ], [ -85.2795, 77.671 ], [ -85.2295, 77.7005 ], [ -85.29075, 77.7275 ], [ -85.1755, 77.758 ], [ -85.17825, 77.789 ], [ -85.056, 77.793 ], [ -85.0195, 77.8325 ], [ -85.3155, 77.80075 ], [ -85.3995, 77.83825 ], [ -85.23075, 77.8845 ], [ -85.0755, 77.8795 ], [ -84.83, 77.901 ], [ -84.732, 77.88525 ], [ -84.68925, 77.91675 ], [ -84.873, 77.90425 ], [ -85.28575, 77.9035 ], [ -85.4655, 77.865 ], [ -85.531, 77.908 ], [ -85.6755, 77.935 ], [ -85.46075, 77.9895 ], [ -85.175, 78.03925 ], [ -84.98975, 78.062 ], [ -84.90175, 78.03775 ], [ -84.719, 78.03275 ], [ -84.68125, 78.0645 ], [ -84.85175, 78.07225 ], [ -85.06075, 78.09975 ], [ -84.9495, 78.1785 ], [ -84.82625, 78.16875 ], [ -84.6365, 78.2005 ], [ -84.5395, 78.2035 ], [ -84.19225, 78.17175 ], [ -84.2345, 78.2 ], [ -84.4055, 78.218 ], [ -84.70525, 78.22425 ], [ -84.8555, 78.192 ], [ -84.95225, 78.2175 ], [ -84.917, 78.25225 ], [ -84.7725, 78.338 ], [ -84.84725, 78.377 ], [ -84.7555, 78.49075 ], [ -84.84075, 78.4795 ], [ -84.93525, 78.4165 ], [ -84.94375, 78.3605 ], [ -84.91225, 78.34475 ], [ -85.1105, 78.26175 ], [ -85.21725, 78.1965 ], [ -85.35975, 78.1415 ], [ -85.41775, 78.106 ], [ -85.6965, 78.09775 ], [ -85.8495, 78.086 ], [ -85.94375, 78.065 ], [ -86.162, 78.0585 ], [ -86.2685, 78.08675 ], [ -86.24125, 78.16425 ], [ -86.09475, 78.1665 ], [ -85.91375, 78.2365 ], [ -85.85025, 78.31975 ], [ -86.0445, 78.303 ], [ -86.07025, 78.24925 ], [ -86.18525, 78.21775 ], [ -86.384, 78.19675 ], [ -86.49375, 78.20325 ], [ -86.50275, 78.172 ], [ -86.6585, 78.12525 ], [ -86.7875, 78.1135 ], [ -86.97025, 78.114 ], [ -87.13625, 78.10475 ], [ -87.496, 78.12675 ], [ -87.46175, 78.17075 ], [ -87.17, 78.2115 ], [ -87.31175, 78.22525 ], [ -87.4995, 78.216 ], [ -87.507, 78.34325 ], [ -87.47775, 78.3635 ], [ -87.5195, 78.407 ], [ -87.48025, 78.44525 ], [ -87.3095, 78.5085 ], [ -87.07975, 78.5565 ], [ -87.09725, 78.5825 ], [ -86.924, 78.67425 ], [ -86.93, 78.69425 ], [ -86.84275, 78.74475 ], [ -86.628872, 78.8013923 ], [ -86.1769297, 78.8174146 ], [ -85.6740767, 78.8471017 ], [ -85.391102, 78.878522 ], [ -85.2169724, 78.9153375 ], [ -85.0733357, 78.922068 ], [ -84.8399524, 78.8800472 ], [ -84.6659109, 78.857823 ], [ -84.4732072, 78.8510134 ], [ -84.1574163, 78.854743 ], [ -83.8743367, 78.8444837 ], [ -83.6690517, 78.8247906 ], [ -83.4904796, 78.7790285 ], [ -83.3378869, 78.7736146 ], [ -83.0982099, 78.7105329 ], [ -82.9684048, 78.6950894 ], [ -82.8381773, 78.6980807 ], [ -82.7071867, 78.6657339 ], [ -82.5985453, 78.6083543 ], [ -82.352663, 78.5683713 ], [ -82.2020974, 78.5890694 ], [ -82.5039487, 78.6592569 ], [ -82.5763191, 78.7046132 ], [ -82.4143046, 78.7311241 ], [ -82.2234014, 78.7145256 ], [ -82.1960019, 78.7353718 ], [ -82.445419, 78.7472637 ], [ -82.6085162, 78.7281089 ], [ -82.8177246, 78.7327576 ], [ -82.8468796, 78.7588029 ], [ -83.250902, 78.8266352 ], [ -83.2372228, 78.8503518 ], [ -83.0609121, 78.8608203 ], [ -82.8316653, 78.8467352 ], [ -82.4418865, 78.8351563 ], [ -82.1103304, 78.8585133 ], [ -81.8790601, 78.8670317 ], [ -81.669764, 78.8508268 ], [ -81.6230161, 78.8966591 ], [ -81.7348605, 78.9071731 ], [ -81.6305342, 79.0033222 ], [ -81.4698902, 79.0594049 ], [ -81.5419404, 79.0643883 ], [ -81.7036646, 79.0261362 ], [ -81.8237482, 79.0222544 ], [ -82.0640301, 78.9396854 ], [ -82.1111365, 78.9133842 ], [ -82.3916862, 78.8955092 ], [ -82.5435953, 78.8999644 ], [ -82.8747569, 78.9351394 ], [ -83.1161754, 78.9415515 ], [ -83.4494405, 78.9327619 ], [ -83.6207471, 78.9367091 ], [ -83.8530511, 78.9565586 ], [ -84.2926524, 78.9696676 ], [ -84.3849664, 78.9943229 ], [ -84.6880833, 79.0199921 ], [ -84.7636109, 79.0686432 ], [ -84.4950417, 79.1496799 ], [ -84.3122455, 79.1295713 ], [ -84.1480198, 79.1217202 ], [ -84.0454797, 79.1033413 ], [ -83.9916421, 79.0527961 ], [ -83.7432293, 79.0303867 ], [ -83.4765947, 79.0217502 ], [ -83.4946307, 79.0479928 ], [ -83.7151527, 79.0696263 ], [ -83.7073824, 79.0927981 ], [ -83.8589086, 79.1129896 ], [ -84.01657, 79.1686137 ], [ -83.9085593, 79.203519 ], [ -84.0181857, 79.21113 ], [ -84.1321056, 79.1840924 ], [ -84.236866, 79.1874221 ], [ -84.4080321, 79.2834896 ], [ -84.4704533, 79.3327951 ], [ -84.4379601, 79.3789029 ], [ -84.492012, 79.4172389 ], [ -84.6583687, 79.4536442 ], [ -84.8613105, 79.4798313 ], [ -84.9766031, 79.5405569 ], [ -85.0346224, 79.6173893 ], [ -85.1451003, 79.6479357 ], [ -85.4033926, 79.6899259 ], [ -85.5976368, 79.7075127 ], [ -85.8167302, 79.7059493 ], [ -85.917714, 79.7222883 ], [ -86.2922647, 79.7507899 ], [ -86.4611469, 79.7818832 ], [ -86.4700927, 79.8262355 ], [ -86.4321782, 79.9521433 ], [ -86.3323364, 79.9743893 ], [ -86.1826569, 79.9712913 ], [ -85.8219875, 79.9431009 ], [ -85.5875524, 79.9437757 ], [ -85.4239631, 79.9062571 ], [ -85.2829156, 79.9210332 ], [ -85.434912, 79.9396138 ], [ -85.4903005, 79.9617535 ], [ -85.6635506, 79.965233 ], [ -85.9720518, 79.993362 ], [ -86.1852331, 80.0060001 ], [ -86.4762723, 80.0126048 ], [ -86.5750808, 80.0725859 ], [ -86.624485, 80.1246415 ], [ -86.5961038, 80.1873607 ], [ -86.5509042, 80.2156252 ], [ -86.4972953, 80.2960388 ], [ -86.4037426, 80.3174541 ], [ -86.0389921, 80.3345879 ], [ -85.7162877, 80.3268196 ], [ -85.6038142, 80.3015298 ], [ -85.3378721, 80.2701363 ], [ -85.0677255, 80.2676489 ], [ -84.8448808, 80.2729783 ], [ -84.0785893, 80.271735 ], [ -83.8504888, 80.2566257 ], [ -83.55598, 80.2092941 ], [ -83.2448808, 80.1138069 ], [ -82.9790819, 80.0544476 ], [ -82.7382903, 80.0100438 ], [ -82.6372416, 79.9726368 ], [ -82.1771335, 79.8782456 ], [ -82.0779487, 79.8511797 ], [ -82.0154778, 79.7691236 ], [ -81.9542324, 79.7530938 ], [ -81.9686774, 79.7195252 ], [ -81.7946084, 79.6876035 ], [ -81.6152123, 79.6210043 ], [ -81.4435322, 79.6420084 ], [ -81.2084154, 79.6249906 ], [ -81.0461132, 79.6020988 ], [ -80.5940224, 79.5645148 ], [ -80.622182, 79.6002505 ], [ -80.4685838, 79.6186265 ], [ -79.8649426, 79.6638291 ], [ -79.7379681, 79.7049946 ], [ -80.3236894, 79.6859448 ], [ -80.6201341, 79.6505923 ], [ -80.7906281, 79.6490285 ], [ -81.0804168, 79.6933673 ], [ -81.5197078, 79.7166088 ], [ -81.4546846, 79.7477294 ], [ -81.5657873, 79.7648469 ], [ -81.5463315, 79.8223649 ], [ -81.6712581, 79.8977201 ], [ -81.6579463, 79.9146795 ], [ -81.4060451, 79.9383217 ], [ -81.5115159, 79.9564637 ], [ -81.7265535, 79.9649427 ], [ -81.95401, 79.9899752 ], [ -82.2834668, 80.0512658 ], [ -82.3755209, 80.0880285 ], [ -82.6215368, 80.1507508 ], [ -82.9364587, 80.2621887 ], [ -83.1307952, 80.3031678 ], [ -83.1959329, 80.3277094 ], [ -82.7620404, 80.3599453 ], [ -82.4686516, 80.3664338 ], [ -82.3066149, 80.3829058 ], [ -81.9873864, 80.3997988 ], [ -81.8081231, 80.4015044 ], [ -81.2186539, 80.4283062 ], [ -80.6367212, 80.4660965 ], [ -80.321261, 80.4649373 ], [ -80.2631216, 80.4801741 ], [ -80.3271826, 80.5067583 ], [ -80.217902, 80.529638 ], [ -79.4588594, 80.5454798 ], [ -79.3054359, 80.5572335 ], [ -78.8634686, 80.5591764 ], [ -78.5846147, 80.5680024 ], [ -78.1792536, 80.5705604 ], [ -78.0182935, 80.595751 ], [ -78.3429054, 80.5991809 ], [ -78.3999681, 80.6088484 ], [ -79.0432702, 80.6191202 ], [ -79.5896732, 80.5972463 ], [ -79.9665028, 80.6087605 ], [ -79.2828262, 80.7114145 ], [ -79.0621117, 80.7264344 ], [ -78.6427541, 80.7685867 ], [ -78.0349817, 80.8133858 ], [ -77.4869637, 80.8378476 ], [ -77.0756811, 80.8360473 ], [ -76.5809576, 80.8473573 ], [ -76.4361473, 80.8759132 ], [ -76.6713967, 80.8910103 ], [ -76.8899579, 80.8843604 ], [ -77.1978816, 80.8896466 ], [ -77.5499481, 80.9161171 ], [ -77.6226224, 80.9058274 ], [ -77.9310844, 80.9071036 ], [ -78.2481596, 80.8910103 ], [ -78.7859494, 80.8553174 ], [ -78.9345279, 80.8532638 ], [ -78.9619826, 80.887345 ], [ -78.8780035, 80.8964631 ], [ -78.857547, 80.9455617 ], [ -78.9442178, 80.9760094 ], [ -78.7143517, 81.0402063 ], [ -78.4284995, 81.0865344 ], [ -78.3251405, 81.1446492 ], [ -78.3434437, 81.1679881 ], [ -78.1474923, 81.189782 ], [ -78.037135, 81.2145652 ], [ -77.9585391, 81.254844 ], [ -77.3394618, 81.3410955 ], [ -77.254406, 81.3417438 ], [ -76.883498, 81.3971606 ], [ -76.9023395, 81.4186343 ], [ -76.7338428, 81.4291506 ], [ -76.814592, 81.4519854 ], [ -77.2684025, 81.4050486 ], [ -77.392218, 81.3806372 ], [ -77.6290823, 81.362708 ], [ -78.2476213, 81.2997452 ], [ -78.3132973, 81.2557443 ], [ -78.6303725, 81.1934091 ], [ -78.7358848, 81.1154311 ], [ -78.9065348, 81.1132691 ], [ -79.2295317, 81.146555 ], [ -79.4028733, 81.1966228 ], [ -79.468011, 81.1867308 ], [ -79.0368102, 81.0783565 ], [ -79.269368, 81.0417991 ], [ -79.3614221, 80.9850395 ], [ -79.164394, 80.968407 ], [ -79.2532181, 80.9273291 ], [ -79.3770336, 80.923933 ], [ -79.466396, 80.8481279 ], [ -79.7280235, 80.8123544 ], [ -79.9465847, 80.7704001 ], [ -80.6038832, 80.7030693 ], [ -80.9096536, 80.6597468 ], [ -81.3532359, 80.6202608 ], [ -81.7419088, 80.5922319 ], [ -82.4056673, 80.5580284 ], [ -82.9542236, 80.5397302 ], [ -83.1329485, 80.5440649 ], [ -83.1652482, 80.5635021 ], [ -83.0818073, 80.639718 ], [ -82.9827549, 80.6462823 ], [ -82.7959551, 80.6860953 ], [ -82.7076693, 80.6846141 ], [ -82.4573468, 80.7149763 ], [ -82.2070242, 80.7169738 ], [ -82.0571321, 80.7395558 ], [ -81.7569636, 80.8091572 ], [ -81.9844341, 80.831951 ], [ -82.2244783, 80.7921622 ], [ -82.4936708, 80.7624836 ], [ -82.5308205, 80.7420935 ], [ -82.9451825, 80.7168658 ], [ -83.1200719, 80.6948975 ], [ -83.3561154, 80.6806552 ], [ -83.4915689, 80.7199078 ], [ -83.5230033, 80.746506 ], [ -83.3423986, 80.7541309 ], [ -83.0903521, 80.8263034 ], [ -83.2206619, 80.8384142 ], [ -83.3641169, 80.7913391 ], [ -83.5241463, 80.7738533 ], [ -83.7527599, 80.7346428 ], [ -83.7487591, 80.6749152 ], [ -83.6544561, 80.6252387 ], [ -83.6996072, 80.6139671 ], [ -83.7864804, 80.5427689 ], [ -83.9522252, 80.5323393 ], [ -84.1042532, 80.5378844 ], [ -84.1762665, 80.5220865 ], [ -84.5466204, 80.5121995 ], [ -84.6552119, 80.5199216 ], [ -84.9541241, 80.5114458 ], [ -85.3096181, 80.5138009 ], [ -85.5233718, 80.528484 ], [ -86.0440391, 80.5303648 ], [ -86.2737958, 80.5475571 ], [ -86.3909602, 80.5661238 ], [ -86.6927301, 80.593906 ], [ -86.5973958, 80.6789643 ], [ -86.4935565, 80.7189989 ], [ -86.1524531, 80.8059753 ], [ -85.984802, 80.8659355 ], [ -85.8815428, 80.8877349 ], [ -85.8293331, 80.9209322 ], [ -85.5665442, 80.9730523 ], [ -84.8680945, 81.02949 ], [ -84.720167, 81.0262331 ], [ -84.1441199, 81.055413 ], [ -83.9329607, 81.0601921 ], [ -83.5837042, 81.080385 ], [ -83.4846066, 81.0987315 ], [ -83.2148736, 81.1084345 ], [ -83.1104986, 81.123105 ], [ -82.6979112, 81.1258491 ], [ -82.5917515, 81.1530128 ], [ -82.7930489, 81.1676326 ], [ -83.4558742, 81.1316066 ], [ -83.818841, 81.1039017 ], [ -84.2572409, 81.0970766 ], [ -84.5612174, 81.0825208 ], [ -84.8634536, 81.0772138 ], [ -85.1784521, 81.0502705 ], [ -85.3867108, 81.0602822 ], [ -85.6094722, 81.0472016 ], [ -85.9221723, 81.0057984 ], [ -86.2599249, 80.9307781 ], [ -86.5748089, 80.821433 ], [ -86.6692155, 80.8112322 ], [ -86.8334008, 80.7613774 ], [ -87.0544646, 80.7080358 ], [ -87.0104864, 80.6882269 ], [ -87.2022314, 80.6266389 ], [ -87.4872102, 80.6222448 ], [ -87.9164738, 80.6661954 ], [ -88.0099988, 80.6840291 ], [ -88.1434431, 80.6807052 ], [ -88.400637, 80.7165601 ], [ -88.4913107, 80.7431092 ], [ -89.282852, 80.8537234 ], [ -89.4111638, 80.9122769 ], [ -89.1476969, 80.9481456 ], [ -88.6065062, 80.9823545 ], [ -88.1896354, 81.0032464 ], [ -87.9928906, 81.0064562 ], [ -87.5235545, 80.9776159 ], [ -87.1631409, 80.9800302 ], [ -87.0091667, 80.9984294 ], [ -86.7052103, 80.9981618 ], [ -86.5500956, 81.0114471 ], [ -86.3140019, 81.0545568 ], [ -85.9039744, 81.09137 ], [ -85.8845851, 81.1085744 ], [ -85.4945172, 81.1858056 ], [ -85.3382619, 81.2103265 ], [ -84.8124686, 81.2636707 ], [ -84.9534405, 81.3061146 ], [ -85.3489831, 81.2776569 ], [ -85.5572474, 81.2512756 ], [ -85.8959905, 81.2269551 ], [ -86.0134671, 81.2080605 ], [ -86.3014559, 81.1322535 ], [ -86.4645544, 81.1170321 ], [ -86.9093687, 81.103637 ], [ -87.0582104, 81.0834183 ], [ -87.3610262, 81.0655457 ], [ -87.7704835, 81.0552662 ], [ -88.1862137, 81.0691762 ], [ -88.6869149, 81.0471051 ], [ -88.7998293, 81.0504769 ], [ -89.2503463, 81.0171476 ], [ -89.613041, 81.0059213 ], [ -89.8451428, 81.016079 ], [ -90.0937641, 81.0484771 ], [ -90.271348, 81.1484417 ], [ -90.2552033, 81.1908215 ], [ -90.0657732, 81.2011174 ], [ -90.0673877, 81.2246295 ], [ -89.7541822, 81.2476699 ], [ -89.6336357, 81.2220019 ], [ -89.4339807, 81.2122236 ], [ -89.1842773, 81.2226589 ], [ -89.435057, 81.2692617 ], [ -89.8483591, 81.3016318 ], [ -89.8919495, 81.3385034 ], [ -89.5066314, 81.3615705 ], [ -89.2310967, 81.4203767 ], [ -89.0158352, 81.445389 ], [ -88.8827068, 81.4836516 ], [ -88.6149146, 81.5192695 ], [ -88.1085438, 81.5275232 ], [ -88.3118224, 81.5474068 ], [ -88.3617292, 81.5676011 ], [ -88.5917871, 81.5466911 ], [ -88.7682865, 81.5431116 ], [ -89.0255219, 81.5219761 ], [ -89.93554, 81.4165223 ], [ -90.2078458, 81.3792542 ], [ -90.4139587, 81.3641566 ], [ -90.5085131, 81.410571 ], [ -90.695372, 81.4167086 ], [ -90.7995459, 81.4479564 ], [ -90.5832567, 81.4871168 ], [ -90.2740051, 81.5193504 ], [ -90.061453, 81.5653155 ], [ -89.9035572, 81.5633281 ], [ -89.8400252, 81.5912457 ], [ -89.5116206, 81.6192758 ], [ -89.9130753, 81.6376562 ], [ -90.0809564, 81.6550475 ], [ -90.2174511, 81.6923594 ], [ -90.2992019, 81.6472047 ], [ -90.635694, 81.6644704 ], [ -90.7349628, 81.6265027 ], [ -90.8999242, 81.6115018 ], [ -90.9094131, 81.5554126 ], [ -91.0459077, 81.5505876 ], [ -91.4042974, 81.5149056 ], [ -91.4108666, 81.5758613 ], [ -91.6320317, 81.6088393 ], [ -91.8787439, 81.6109694 ], [ -91.8685251, 81.6639413 ], [ -91.6809362, 81.6768418 ], [ -91.6626883, 81.7284556 ], [ -91.3495535, 81.7722341 ], [ -91.1407971, 81.7512116 ], [ -91.0597762, 81.766487 ], [ -91.1070624, 81.8031312 ], [ -90.9967772, 81.8276166 ], [ -90.6344114, 81.8428133 ], [ -90.5622008, 81.8725655 ], [ -90.6051062, 81.9083538 ], [ -90.4804263, 81.9681821 ], [ -89.8570267, 81.9564199 ], [ -89.3598092, 82.0031574 ], [ -88.7904877, 82.0371491 ], [ -88.434474, 82.0898317 ], [ -87.9808193, 82.1281906 ], [ -87.6924031, 82.084455 ], [ -87.394974, 82.0780395 ], [ -87.0434667, 81.9891436 ], [ -86.8541936, 81.9887249 ], [ -86.9818779, 82.0313203 ], [ -86.8737218, 82.0517026 ], [ -86.2728547, 82.0498329 ], [ -85.7470961, 81.9671326 ], [ -85.3835715, 81.8536191 ], [ -85.2889349, 81.8600025 ], [ -85.6825028, 81.9738471 ], [ -85.6344335, 82.0092155 ], [ -84.9945101, 81.9920739 ], [ -84.9599602, 82.009842 ], [ -85.7485982, 82.0388137 ], [ -86.1556856, 82.0906586 ], [ -86.5988251, 82.0978901 ], [ -86.8977565, 82.1487372 ], [ -86.8406741, 82.21596 ], [ -86.6453923, 82.2330314 ], [ -86.1707073, 82.22511 ], [ -86.1211358, 82.2443917 ], [ -86.499682, 82.2729221 ], [ -86.7986134, 82.2763549 ], [ -86.7971112, 82.2924889 ], [ -86.5447471, 82.3053719 ], [ -86.3975346, 82.3324769 ], [ -86.3629848, 82.360885 ], [ -86.0144819, 82.4336242 ], [ -85.6449487, 82.4691446 ], [ -85.0260556, 82.487039 ], [ -84.4101668, 82.4594916 ], [ -84.3635997, 82.4344153 ], [ -84.5949335, 82.402308 ], [ -84.2704653, 82.3602859 ], [ -83.9925642, 82.3782382 ], [ -83.641057, 82.3458938 ], [ -83.291052, 82.2725182 ], [ -83.0732376, 82.27373 ], [ -83.0146531, 82.2902724 ], [ -82.6000548, 82.2816021 ], [ -82.4106718, 82.2503891 ], [ -82.1570294, 82.2548319 ], [ -82.7037044, 82.3432923 ], [ -82.8043496, 82.3883925 ], [ -82.7247348, 82.4571257 ], [ -82.2575606, 82.5328592 ], [ -82.2936126, 82.5609181 ], [ -82.5249465, 82.5983604 ], [ -82.3371755, 82.6799602 ], [ -81.8429623, 82.7873069 ], [ -81.553044, 82.8130994 ], [ -80.9958982, 82.8511677 ], [ -80.3888641, 82.8843473 ], [ -80.0824219, 82.9344122 ], [ -79.5746892, 82.9681456 ], [ -79.3058012, 82.9758651 ], [ -79.044424, 82.8956891 ], [ -78.9077268, 82.9209108 ], [ -78.9603026, 82.959313 ], [ -78.2242405, 82.9683295 ], [ -78.0815346, 82.9499163 ], [ -78.2873315, 82.8860218 ], [ -77.8165957, 82.9294739 ], [ -77.4761165, 82.8902171 ], [ -77.0682798, 82.853861 ], [ -76.8941313, 82.7800753 ], [ -76.6522377, 82.725304 ], [ -76.5487058, 82.6676009 ], [ -76.1730294, 82.6287849 ], [ -76.0106421, 82.602567 ], [ -75.9669902, 82.552903 ], [ -76.187359, 82.5 ], [ -75.965029, 82.5 ], [ -75.7597918, 82.5621711 ], [ -75.4223477, 82.6198279 ], [ -75.5873777, 82.6274831 ], [ -76.0415941, 82.6814718 ], [ -76.2313247, 82.6951485 ], [ -76.2600007, 82.7831579 ], [ -76.5159719, 82.812257 ], [ -76.6571843, 82.8794438 ], [ -77.2755857, 82.9567277 ], [ -77.4144209, 82.993618 ], [ -77.3396936, 83.0317366 ], [ -77.478713, 83.0500406 ], [ -77.0405553, 83.0799214 ], [ -76.9929024, 83.0974599 ], [ -76.2935039, 83.1306246 ], [ -75.8028483, 83.1405038 ], [ -75.5786107, 83.1372276 ], [ -74.7407604, 83.1445706 ], [ -74.2064741, 83.139053 ] ] ], [ [ [ -61.1565448, 56.8554332 ], [ -61.1363704, 56.8396636 ], [ -61.1395739, 56.8039065 ], [ -61.204031, 56.8172553 ], [ -61.1565448, 56.8554332 ] ] ], [ [ [ -61.2008025, 56.3883033 ], [ -61.2508678, 56.3482957 ], [ -61.2930181, 56.3432845 ], [ -61.3378424, 56.3571512 ], [ -61.3480414, 56.3771416 ], [ -61.2495246, 56.3621781 ], [ -61.2008025, 56.3883033 ] ] ], [ [ [ -61.5926911, 56.5551504 ], [ -61.4760047, 56.541473 ], [ -61.3876795, 56.5085728 ], [ -61.3290935, 56.519465 ], [ -61.3058452, 56.477572 ], [ -61.2431008, 56.4780851 ], [ -61.214718, 56.4629917 ], [ -61.2138025, 56.4311632 ], [ -61.4489209, 56.4539473 ], [ -61.4932836, 56.4484382 ], [ -61.6115962, 56.4747501 ], [ -61.539758, 56.4896689 ], [ -61.6023209, 56.5218178 ], [ -61.5926911, 56.5551504 ] ] ], [ [ [ -61.2543419, 56.2264997 ], [ -61.227771, 56.2017252 ], [ -61.2792123, 56.1941873 ], [ -61.2910338, 56.2171156 ], [ -61.2543419, 56.2264997 ] ] ], [ [ [ -72.61875, 63.92125 ], [ -72.631, 63.93675 ], [ -72.563, 63.96 ], [ -72.62475, 63.975 ], [ -72.70225, 63.95425 ], [ -72.7305, 63.97175 ], [ -72.72875, 64.001 ], [ -72.775, 64.015 ], [ -72.83525, 64.013 ], [ -72.9540052, 64.0590975 ], [ -72.9234418, 64.0968558 ], [ -72.8649222, 64.1084151 ], [ -72.9054805, 64.1715406 ], [ -72.9612717, 64.1706003 ], [ -73.0189958, 64.1953518 ], [ -73.0292273, 64.2193275 ], [ -73.1299655, 64.2643224 ], [ -73.1148537, 64.2976513 ], [ -73.2038311, 64.2835845 ], [ -73.2539918, 64.2587778 ], [ -73.3730808, 64.2679176 ], [ -73.3739482, 64.3342117 ], [ -73.3293787, 64.3642043 ], [ -73.4115778, 64.3613995 ], [ -73.4870954, 64.3994163 ], [ -73.4300373, 64.469446 ], [ -73.3799417, 64.5057337 ], [ -73.3202202, 64.4985157 ], [ -73.2578077, 64.5309374 ], [ -73.2351405, 64.5635874 ], [ -73.1847343, 64.5654545 ], [ -73.1740734, 64.5946442 ], [ -73.2715736, 64.593534 ], [ -73.2583889, 64.6250441 ], [ -73.3356072, 64.6374843 ], [ -73.2942409, 64.5937117 ], [ -73.3015896, 64.5755878 ], [ -73.2641214, 64.5441978 ], [ -73.4857222, 64.4818445 ], [ -73.4978321, 64.4304744 ], [ -73.5524818, 64.4072202 ], [ -73.5085388, 64.3692296 ], [ -73.6056688, 64.3151693 ], [ -73.6591122, 64.3339379 ], [ -73.6409298, 64.3761837 ], [ -73.6794186, 64.4427127 ], [ -73.6268207, 64.4612121 ], [ -73.6067464, 64.4871743 ], [ -73.652027, 64.4987827 ], [ -73.7105688, 64.4450478 ], [ -73.7117944, 64.4287417 ], [ -73.7990573, 64.4164689 ], [ -73.8257254, 64.4676539 ], [ -73.8510473, 64.4754308 ], [ -73.9517531, 64.4462561 ], [ -73.9757268, 64.4234432 ], [ -73.9403894, 64.4038251 ], [ -73.9845205, 64.3873013 ], [ -73.9890684, 64.3448909 ], [ -74.0822153, 64.3267993 ], [ -74.1352737, 64.3540052 ], [ -74.0779689, 64.4326232 ], [ -74.0360638, 64.4398291 ], [ -74.0589068, 64.4822781 ], [ -74.1160005, 64.5183043 ], [ -73.9725593, 64.5355044 ], [ -74.0865821, 64.5604143 ], [ -74.1377973, 64.5482968 ], [ -74.1597713, 64.5754236 ], [ -74.0344174, 64.6060179 ], [ -74.0850454, 64.6215109 ], [ -74.0614772, 64.6535915 ], [ -74.0421416, 64.7187404 ], [ -74.0732042, 64.7482811 ], [ -74.1427771, 64.7460337 ], [ -74.0922474, 64.695302 ], [ -74.2183459, 64.6398888 ], [ -74.1937669, 64.5986034 ], [ -74.2228733, 64.5722883 ], [ -74.2810223, 64.6056534 ], [ -74.382066, 64.5659974 ], [ -74.4381657, 64.6109113 ], [ -74.5100496, 64.6183616 ], [ -74.52598, 64.6532152 ], [ -74.590543, 64.6635175 ], [ -74.6411336, 64.6863468 ], [ -74.686204, 64.7357522 ], [ -74.6288587, 64.7858755 ], [ -74.5780109, 64.8133457 ], [ -74.5617776, 64.8407695 ], [ -74.6037829, 64.865882 ], [ -74.6962639, 64.859081 ], [ -74.7217985, 64.8379765 ], [ -74.6809875, 64.7826349 ], [ -74.7018802, 64.7660387 ], [ -74.7999173, 64.7778251 ], [ -74.8616554, 64.7561653 ], [ -74.8047193, 64.70114 ], [ -74.6526694, 64.6675021 ], [ -74.5623169, 64.6272202 ], [ -74.5291397, 64.5984332 ], [ -74.4466527, 64.564555 ], [ -74.5138891, 64.543853 ], [ -74.5133248, 64.513503 ], [ -74.5602844, 64.4744974 ], [ -74.496245, 64.4507989 ], [ -74.5321011, 64.4335547 ], [ -74.4990371, 64.4101435 ], [ -74.5144911, 64.3715074 ], [ -74.5788214, 64.3981022 ], [ -74.6557832, 64.408416 ], [ -74.6616466, 64.3631514 ], [ -74.764256, 64.3860048 ], [ -74.8418399, 64.39108 ], [ -74.95704, 64.41545 ], [ -75.0173799, 64.4471699 ], [ -75.0875478, 64.4568497 ], [ -75.11996, 64.47781 ], [ -75.2000114, 64.4469074 ], [ -75.26745, 64.4650899 ], [ -75.33961, 64.50202 ], [ -75.4225945, 64.5211703 ], [ -75.4822001, 64.54638 ], [ -75.5451301, 64.54283 ], [ -75.7094599, 64.57794 ], [ -75.75056, 64.61201 ], [ -75.8053801, 64.6022599 ], [ -75.7673999, 64.56461 ], [ -75.8095101, 64.5607999 ], [ -75.7774801, 64.52184 ], [ -75.6841914, 64.4768922 ], [ -75.80125, 64.4616101 ], [ -75.7905389, 64.4104781 ], [ -75.688869, 64.3766151 ], [ -75.71984, 64.3625401 ], [ -75.7923999, 64.3811 ], [ -75.97821, 64.3728099 ], [ -76.09741, 64.3850199 ], [ -76.2180474, 64.356785 ], [ -76.34556, 64.3358799 ], [ -76.2993063, 64.3196448 ], [ -76.1791501, 64.3068799 ], [ -76.3194799, 64.2721701 ], [ -76.4285437, 64.2671598 ], [ -76.49373, 64.2728 ], [ -76.5039399, 64.2982801 ], [ -76.6201099, 64.28015 ], [ -76.73353, 64.29088 ], [ -76.72309, 64.25109 ], [ -76.6445, 64.2200201 ], [ -76.66005, 64.19043 ], [ -76.78716, 64.2050399 ], [ -76.8195001, 64.2329278 ], [ -76.9750729, 64.2482366 ], [ -77.1409043, 64.2856151 ], [ -77.2083588, 64.2843167 ], [ -77.304103, 64.2596977 ], [ -77.3589799, 64.2724099 ], [ -77.3972201, 64.3263001 ], [ -77.4847352, 64.3137723 ], [ -77.5270774, 64.3208025 ], [ -77.4981501, 64.3552201 ], [ -77.5825, 64.3582001 ], [ -77.62396, 64.3843301 ], [ -77.6638499, 64.38106 ], [ -77.6334528, 64.3450169 ], [ -77.6809686, 64.3203107 ], [ -77.7114986, 64.3395861 ], [ -77.78375, 64.34505 ], [ -77.79049, 64.3707701 ], [ -77.8693899, 64.36796 ], [ -77.90404, 64.39672 ], [ -77.8433999, 64.41953 ], [ -77.9002801, 64.43389 ], [ -77.94002, 64.4095701 ], [ -78.0321, 64.4304999 ], [ -77.9627701, 64.45032 ], [ -77.9632399, 64.4738599 ], [ -78.0751899, 64.5068799 ], [ -78.06145, 64.5324499 ], [ -78.1206401, 64.55742 ], [ -78.1312101, 64.58706 ], [ -78.1891101, 64.67238 ], [ -78.14817, 64.6867 ], [ -78.19911, 64.7144101 ], [ -78.17817, 64.74682 ], [ -78.0999, 64.7802 ], [ -78.07234, 64.81856 ], [ -78.08137, 64.8627599 ], [ -78.12749, 64.8760701 ], [ -78.1080899, 64.90807 ], [ -78.1459901, 64.9228801 ], [ -78.13718, 64.96033 ], [ -78.1077699, 64.97819 ], [ -77.97583, 65.01136 ], [ -77.954456, 65.0478714 ], [ -77.7264299, 65.0934101 ], [ -77.6352599, 65.1411 ], [ -77.4841401, 65.1308801 ], [ -77.41063, 65.1645801 ], [ -77.3085299, 65.17999 ], [ -77.3042701, 65.19746 ], [ -77.46477, 65.28882 ], [ -77.5012899, 65.3322301 ], [ -77.4209001, 65.3703899 ], [ -77.31591, 65.35489 ], [ -77.2811301, 65.37435 ], [ -77.42664, 65.43579 ], [ -77.4229001, 65.45862 ], [ -77.3439601, 65.4702299 ], [ -77.27718, 65.4667699 ], [ -77.25461, 65.44767 ], [ -77.1034801, 65.45713 ], [ -77.11991, 65.4245399 ], [ -77.03095, 65.4024901 ], [ -76.9428201, 65.40322 ], [ -76.90631, 65.4273901 ], [ -76.80804, 65.42203 ], [ -76.77858, 65.39211 ], [ -76.666215, 65.4014354 ], [ -76.3408399, 65.32616 ], [ -76.3001767, 65.3238753 ], [ -76.1160822, 65.2714858 ], [ -76.0597007, 65.2762368 ], [ -76.0138501, 65.25672 ], [ -75.94275, 65.25403 ], [ -75.88529, 65.2721099 ], [ -75.94263, 65.2963101 ], [ -75.89597, 65.3260101 ], [ -75.7824324, 65.3089472 ], [ -75.6740801, 65.3107999 ], [ -75.6113091, 65.2988294 ], [ -75.55395, 65.2683199 ], [ -75.5220709, 65.2780836 ], [ -75.4374299, 65.2740801 ], [ -75.22899, 65.24922 ], [ -75.1557999, 65.2518699 ], [ -75.1018799, 65.2721199 ], [ -75.08004, 65.3168801 ], [ -75.10869, 65.3690301 ], [ -75.0390074, 65.3836487 ], [ -74.99654, 65.36664 ], [ -74.8659, 65.38947 ], [ -74.78317, 65.38055 ], [ -74.7546601, 65.4149 ], [ -74.65765, 65.41522 ], [ -74.69672, 65.3634801 ], [ -74.66053, 65.3354501 ], [ -74.5438701, 65.3213301 ], [ -74.3526799, 65.40911 ], [ -74.3476501, 65.4385 ], [ -74.3042999, 65.47436 ], [ -74.21185, 65.4795301 ], [ -74.16816, 65.49848 ], [ -74.20062, 65.52474 ], [ -74.128986, 65.5374133 ], [ -74.0633601, 65.5354601 ], [ -74.0175799, 65.50653 ], [ -73.95684, 65.4999901 ], [ -73.8869399, 65.5358001 ], [ -73.8126701, 65.52783 ], [ -73.74381, 65.5042499 ], [ -73.69601, 65.45602 ], [ -73.5890999, 65.4655499 ], [ -73.51534, 65.44272 ], [ -73.49132, 65.45412 ], [ -73.5022899, 65.4989901 ], [ -73.5441, 65.52242 ], [ -73.54814, 65.55519 ], [ -73.6241199, 65.61268 ], [ -73.6119099, 65.6386499 ], [ -73.68945, 65.6605699 ], [ -73.7077001, 65.6924401 ], [ -73.6700201, 65.71308 ], [ -73.70067, 65.75823 ], [ -73.8719201, 65.8116301 ], [ -73.9875038, 65.8260205 ], [ -74.05951, 65.8816899 ], [ -74.15339, 65.9349101 ], [ -74.16472, 65.9523601 ], [ -74.2686199, 66.00147 ], [ -74.41677, 66.08649 ], [ -74.4630501, 66.14776 ], [ -74.3862301, 66.2032199 ], [ -74.24474, 66.2425699 ], [ -74.17263, 66.2692201 ], [ -74.0521499, 66.3002401 ], [ -73.93401, 66.3439699 ], [ -73.7604299, 66.4171001 ], [ -73.72976, 66.4426799 ], [ -73.6443, 66.4745601 ], [ -73.54878, 66.49941 ], [ -73.3899899, 66.5674199 ], [ -73.40438, 66.59339 ], [ -73.3205901, 66.6531299 ], [ -73.17215, 66.6990499 ], [ -73.03984, 66.7222601 ], [ -72.75044, 66.68387 ], [ -72.5121299, 66.66544 ], [ -72.38599, 66.6622401 ], [ -72.17899, 66.6782401 ], [ -71.99011, 66.65797 ], [ -71.80657, 66.62094 ], [ -71.7349901, 66.5968601 ], [ -71.5824, 66.5713001 ], [ -71.4619599, 66.56889 ], [ -71.3326699, 66.5539799 ], [ -71.2749, 66.5052 ], [ -71.27637, 66.4581101 ], [ -71.2518101, 66.41984 ], [ -71.2046999, 66.4036301 ], [ -71.19787, 66.3656101 ], [ -71.1373001, 66.3506001 ], [ -71.09148, 66.31668 ], [ -71.14048, 66.2906999 ], [ -71.1766701, 66.1800701 ], [ -71.1843301, 66.1220201 ], [ -71.29135, 66.0907901 ], [ -71.2590699, 66.06108 ], [ -71.1474301, 66.06651 ], [ -71.07509, 66.0831101 ], [ -71.11116, 66.03171 ], [ -71.19818, 66.0123299 ], [ -71.2681, 66.0069701 ], [ -71.36551, 65.93233 ], [ -71.3307601, 65.90165 ], [ -71.37051, 65.8915899 ], [ -71.35848, 65.82882 ], [ -71.3149801, 65.8169601 ], [ -71.2630799, 65.8297599 ], [ -71.3668384, 65.8730691 ], [ -71.2917599, 65.9030101 ], [ -71.27593, 65.93266 ], [ -71.13513, 65.95745 ], [ -71.10048, 65.9860701 ], [ -71.0139299, 66.01114 ], [ -71.0019199, 66.04238 ], [ -70.88943, 66.09521 ], [ -70.8768399, 66.12964 ], [ -70.72268, 66.1651899 ], [ -70.72523, 66.1840899 ], [ -70.643, 66.2136301 ], [ -70.6699599, 66.23815 ], [ -70.6074301, 66.2615799 ], [ -70.6488299, 66.3028299 ], [ -70.57616, 66.3097199 ], [ -70.54535, 66.26886 ], [ -70.4552401, 66.26384 ], [ -70.43528, 66.24203 ], [ -70.4495701, 66.20379 ], [ -70.38336, 66.2028699 ], [ -70.31678, 66.16457 ], [ -70.2242101, 66.18477 ], [ -70.17338, 66.22096 ], [ -70.06722, 66.25715 ], [ -69.9609, 66.24748 ], [ -69.8472101, 66.26093 ], [ -69.8372201, 66.20858 ], [ -69.7722999, 66.2076301 ], [ -69.6229325, 66.2501597 ], [ -69.588071, 66.2230537 ], [ -69.499462, 66.2346458 ], [ -69.5175171, 66.2638226 ], [ -69.454139, 66.2868677 ], [ -69.4113916, 66.316724 ], [ -69.3074273, 66.3505831 ], [ -69.3250048, 66.38796 ], [ -69.4806138, 66.390149 ], [ -69.48877, 66.4261199 ], [ -69.59522, 66.4175599 ], [ -69.65441, 66.45951 ], [ -69.42092, 66.49253 ], [ -69.365176, 66.515728 ], [ -69.2359758, 66.5440473 ], [ -69.2818526, 66.5653386 ], [ -69.34802, 66.5456399 ], [ -69.43206, 66.58148 ], [ -69.56988, 66.59459 ], [ -69.7662999, 66.5836499 ], [ -69.7353601, 66.6456801 ], [ -69.7846201, 66.6550299 ], [ -69.92319, 66.6547801 ], [ -69.90845, 66.67456 ], [ -69.97401, 66.7012699 ], [ -70.0394699, 66.70686 ], [ -70.14323, 66.6945099 ], [ -70.2120099, 66.7216101 ], [ -70.3109401, 66.71008 ], [ -70.3908899, 66.7357301 ], [ -70.4669, 66.73632 ], [ -70.55494, 66.7783101 ], [ -70.57816, 66.8119801 ], [ -70.61774, 66.8269099 ], [ -70.6266899, 66.8639001 ], [ -70.59151, 66.87943 ], [ -70.63451, 66.9032 ], [ -70.77839, 66.9115001 ], [ -70.82829, 66.95582 ], [ -70.79664, 66.9825201 ], [ -70.90067, 67.0010001 ], [ -70.9189899, 67.00948 ], [ -70.95116, 67.01906 ], [ -70.9697999, 67.0311201 ], [ -70.98652, 67.0221201 ], [ -71.0730699, 67.0213499 ], [ -71.17129, 67.0291299 ], [ -71.2584901, 66.9809801 ], [ -71.15673, 66.9683199 ], [ -71.13725, 66.8950499 ], [ -71.18739, 66.85139 ], [ -71.17297, 66.8133499 ], [ -71.27444, 66.80885 ], [ -71.2861601, 66.72555 ], [ -71.33006, 66.71109 ], [ -71.36851, 66.64707 ], [ -71.5483201, 66.6150901 ], [ -71.6712099, 66.6380001 ], [ -71.85057, 66.6507099 ], [ -72.0511999, 66.68319 ], [ -72.26472, 66.6970201 ], [ -72.5268199, 66.6861401 ], [ -72.72262, 66.69856 ], [ -72.96688, 66.7367 ], [ -73.0039, 66.7867899 ], [ -72.9443801, 66.86684 ], [ -72.8498899, 66.9318401 ], [ -72.8195499, 66.97951 ], [ -72.8217, 67.0066601 ], [ -72.75666, 67.0415601 ], [ -72.6421199, 67.0809599 ], [ -72.44116, 67.08234 ], [ -72.3312699, 67.10868 ], [ -72.2853499, 67.1432199 ], [ -72.2565599, 67.2113 ], [ -72.23178, 67.2374799 ], [ -72.16041, 67.2600301 ], [ -72.26826, 67.3137499 ], [ -72.3019099, 67.29534 ], [ -72.36863, 67.32702 ], [ -72.3395701, 67.34983 ], [ -72.4094099, 67.44332 ], [ -72.4176101, 67.4751699 ], [ -72.4700901, 67.4898201 ], [ -72.4264299, 67.517 ], [ -72.3703701, 67.5133001 ], [ -72.3080299, 67.5473201 ], [ -72.4418799, 67.54105 ], [ -72.5045899, 67.63156 ], [ -72.569, 67.62564 ], [ -72.6584499, 67.68143 ], [ -72.6392199, 67.70878 ], [ -72.56601, 67.73916 ], [ -72.6079799, 67.7840299 ], [ -72.7038996, 67.8207056 ], [ -72.6970727, 67.8572927 ], [ -72.7527235, 67.8808091 ], [ -72.8492591, 67.8520098 ], [ -72.87473, 67.91279 ], [ -72.9365882, 67.9297098 ], [ -72.9021599, 67.9852599 ], [ -72.9427899, 67.9993112 ], [ -72.86193, 68.02498 ], [ -72.83926, 68.05312 ], [ -72.7362, 68.07923 ], [ -72.7036097, 68.1423973 ], [ -72.7382, 68.1425601 ], [ -72.78891, 68.0791801 ], [ -72.88806, 68.0427499 ], [ -72.9707697, 68.1098682 ], [ -72.9798774, 68.201572 ], [ -73.0049601, 68.2399699 ], [ -73.1703743, 68.218925 ], [ -73.2173578, 68.2780168 ], [ -73.2854701, 68.2855499 ], [ -73.3348983, 68.2524266 ], [ -73.4929499, 68.2908799 ], [ -73.5747599, 68.27447 ], [ -73.6810347, 68.278349 ], [ -73.72201, 68.30685 ], [ -73.8690301, 68.3518901 ], [ -73.8423699, 68.37241 ], [ -73.9173099, 68.4140799 ], [ -73.7222, 68.42676 ], [ -73.64197, 68.4555299 ], [ -73.5566399, 68.43014 ], [ -73.46385, 68.4460701 ], [ -73.42918, 68.46467 ], [ -73.35258, 68.47492 ], [ -73.21262, 68.5367801 ], [ -73.1581601, 68.54527 ], [ -73.10244, 68.6014099 ], [ -72.973308, 68.5932693 ], [ -72.9827201, 68.61665 ], [ -73.05316, 68.64483 ], [ -73.2126501, 68.642 ], [ -73.1539501, 68.5838299 ], [ -73.2274, 68.56186 ], [ -73.29754, 68.50327 ], [ -73.3549501, 68.48057 ], [ -73.4681499, 68.4646399 ], [ -73.5482801, 68.44132 ], [ -73.58879, 68.46072 ], [ -73.68185, 68.4635201 ], [ -73.8063301, 68.42534 ], [ -73.90291, 68.43904 ], [ -73.8509299, 68.5046401 ], [ -73.77159, 68.5086799 ], [ -73.72365, 68.5243 ], [ -73.72765, 68.55233 ], [ -73.8187801, 68.5729399 ], [ -73.74101, 68.58822 ], [ -73.70957, 68.62403 ], [ -73.7976501, 68.66738 ], [ -73.8313401, 68.69471 ], [ -73.90278, 68.7141101 ], [ -73.9916899, 68.7084 ], [ -74.1862201, 68.7360299 ], [ -74.18552, 68.69717 ], [ -74.1229401, 68.6975 ], [ -74.07113, 68.6586201 ], [ -73.88946, 68.5644701 ], [ -73.9278301, 68.51461 ], [ -74.2160101, 68.53921 ], [ -74.30501, 68.5393499 ], [ -74.37729, 68.55088 ], [ -74.3879199, 68.58364 ], [ -74.4901, 68.5964999 ], [ -74.5259899, 68.62012 ], [ -74.49515, 68.6519799 ], [ -74.5836037, 68.6917271 ], [ -74.6876827, 68.7209276 ], [ -74.7154266, 68.7639033 ], [ -74.5545, 68.8073099 ], [ -74.56441, 68.84235 ], [ -74.68111, 68.84593 ], [ -74.6345901, 68.79088 ], [ -74.7846999, 68.7803999 ], [ -74.8735537, 68.817861 ], [ -74.8100164, 68.8506064 ], [ -74.6808401, 68.8640801 ], [ -74.70628, 68.94021 ], [ -74.82332, 68.93739 ], [ -74.87501, 68.96964 ], [ -74.99741, 68.9451499 ], [ -75.02657, 68.9604801 ], [ -74.9354, 69.00188 ], [ -74.7285489, 69.0223329 ], [ -74.6451588, 69.0187027 ], [ -74.6497111, 69.0469875 ], [ -74.7795171, 69.0698024 ], [ -74.8611355, 69.0711743 ], [ -74.9516893, 69.0503536 ], [ -75.00311, 69.0245101 ], [ -75.05215, 68.9461599 ], [ -75.1541, 68.8874401 ], [ -75.34221, 68.9481301 ], [ -75.4374001, 69.0156399 ], [ -75.4818601, 69.0272801 ], [ -75.57677, 69.0004099 ], [ -75.58188, 68.9782799 ], [ -75.4952399, 68.9398299 ], [ -75.58513, 68.8861199 ], [ -75.7532699, 68.8476301 ], [ -75.8597501, 68.8375399 ], [ -75.95798, 68.8187399 ], [ -76.00435, 68.7811501 ], [ -76.0688801, 68.7583799 ], [ -76.1889699, 68.7364899 ], [ -76.2973799, 68.69914 ], [ -76.4086201, 68.6792001 ], [ -76.5855201, 68.6771199 ], [ -76.64004, 68.69258 ], [ -76.6735799, 68.7226799 ], [ -76.65649, 68.76274 ], [ -76.53824, 68.82726 ], [ -76.5071401, 68.87969 ], [ -76.6175301, 68.88659 ], [ -76.64593, 68.93951 ], [ -76.59893, 69.03149 ], [ -76.34297, 69.0596301 ], [ -76.11386, 69.03738 ], [ -76.05081, 69.0027499 ], [ -75.9698, 69.00834 ], [ -75.8886799, 69.0476499 ], [ -75.7932801, 69.05603 ], [ -75.73294, 69.0891299 ], [ -75.59377, 69.07626 ], [ -75.56496, 69.15099 ], [ -75.5928, 69.1987 ], [ -75.58741, 69.2388501 ], [ -75.76153, 69.3143401 ], [ -75.8836501, 69.3303701 ], [ -75.92708, 69.36465 ], [ -76.1433999, 69.4124399 ], [ -76.1725199, 69.4270701 ], [ -76.34208, 69.41281 ], [ -76.3949699, 69.41623 ], [ -76.39868, 69.45096 ], [ -76.5169101, 69.4919001 ], [ -76.5338399, 69.5093899 ], [ -76.64737, 69.5433801 ], [ -76.6341001, 69.59924 ], [ -76.56499, 69.60601 ], [ -76.50774, 69.6517601 ], [ -76.3663801, 69.65253 ], [ -76.2499801, 69.6279701 ], [ -76.2394301, 69.66728 ], [ -76.4020999, 69.67053 ], [ -76.44304, 69.68886 ], [ -76.52056, 69.67697 ], [ -76.5439, 69.63892 ], [ -76.65093, 69.61315 ], [ -76.71043, 69.56425 ], [ -76.87329, 69.5858501 ], [ -76.8284, 69.6303001 ], [ -76.9009499, 69.62493 ], [ -76.95946, 69.5989701 ], [ -77.04327, 69.60927 ], [ -77.0574799, 69.6311001 ], [ -77.1439699, 69.6262199 ], [ -77.19181, 69.6488999 ], [ -77.12081, 69.6883799 ], [ -77.0616901, 69.6783401 ], [ -76.9914399, 69.69808 ], [ -76.92145, 69.70167 ], [ -76.8548801, 69.68576 ], [ -76.79516, 69.72346 ], [ -76.8435899, 69.75057 ], [ -76.90023, 69.7525199 ], [ -76.9274099, 69.7834199 ], [ -76.84627, 69.8150999 ], [ -77.05995, 69.8119701 ], [ -76.9996301, 69.84731 ], [ -77.07878, 69.8527899 ], [ -77.11987, 69.8262199 ], [ -77.31054, 69.8353399 ], [ -77.3241601, 69.8714699 ], [ -77.4352, 69.86843 ], [ -77.5270899, 69.82994 ], [ -77.4997499, 69.7869799 ], [ -77.58252, 69.7441 ], [ -77.6381499, 69.7550401 ], [ -77.67977, 69.8239901 ], [ -77.66512, 69.89276 ], [ -77.6849395, 70.0140055 ], [ -77.6536264, 70.0948467 ], [ -77.683648, 70.1379229 ], [ -77.6409611, 70.1708078 ], [ -77.6737972, 70.2031639 ], [ -77.7974017, 70.2516426 ], [ -77.9406006, 70.2461347 ], [ -78.0307954, 70.2263432 ], [ -78.1387107, 70.2338727 ], [ -78.1667784, 70.2049674 ], [ -78.2311404, 70.2087364 ], [ -78.2771134, 70.2294535 ], [ -78.3451716, 70.2050414 ], [ -78.4048687, 70.2184886 ], [ -78.4057749, 70.2416183 ], [ -78.4754063, 70.2907263 ], [ -78.5436567, 70.3106981 ], [ -78.4319834, 70.3567177 ], [ -78.5012664, 70.3674408 ], [ -78.6016948, 70.3582012 ], [ -78.6910334, 70.3701485 ], [ -78.7176842, 70.4144415 ], [ -78.8054275, 70.4403236 ], [ -78.9018312, 70.4142123 ], [ -78.9353332, 70.4522991 ], [ -79.0414217, 70.4664877 ], [ -79.1267985, 70.5120959 ], [ -79.1589824, 70.4203277 ], [ -79.2271498, 70.4183802 ], [ -79.3575445, 70.4561 ], [ -79.5716973, 70.4377708 ], [ -79.5880119, 70.4075602 ], [ -79.5313625, 70.3819425 ], [ -79.4416712, 70.3658951 ], [ -79.3807265, 70.3791928 ], [ -79.2736004, 70.3482039 ], [ -79.2316338, 70.3158456 ], [ -79.1087205, 70.3078723 ], [ -79.0858779, 70.3439518 ], [ -79.018322, 70.3456683 ], [ -78.9444479, 70.3243245 ], [ -78.8798081, 70.2635246 ], [ -78.7772592, 70.2053425 ], [ -78.745901, 70.1729803 ], [ -78.7466043, 70.0813972 ], [ -78.6789629, 70.0560421 ], [ -78.6891616, 70.0405044 ], [ -78.6537499, 69.97756 ], [ -78.7248701, 69.9309201 ], [ -78.8002601, 69.8973501 ], [ -79.04603, 69.8883401 ], [ -79.4070501, 69.8987299 ], [ -79.53675, 69.8827199 ], [ -79.62939, 69.8590101 ], [ -79.7302459, 69.8707458 ], [ -79.7803364, 69.8968634 ], [ -79.81859, 69.9548599 ], [ -79.9439499, 69.96613 ], [ -80.00172, 69.9585399 ], [ -80.05763, 69.97469 ], [ -80.05435, 70.0021836 ], [ -80.2225, 70.02075 ], [ -80.31, 69.98925 ], [ -80.42575, 70.00925 ], [ -80.47275, 70.03775 ], [ -80.55925, 70.05575 ], [ -80.669, 70.0465 ], [ -80.7165, 70.064 ], [ -80.82475, 70.062 ], [ -80.837, 70.07775 ], [ -80.99525, 70.06675 ], [ -81.10175, 70.09075 ], [ -81.20225, 70.101 ], [ -81.41, 70.09975 ], [ -81.50475, 70.1175 ], [ -81.747, 70.1335 ], [ -81.7455, 70.10875 ], [ -81.6685, 70.079 ], [ -81.50475, 70.056 ], [ -81.4295, 70.02425 ], [ -81.353, 70.017 ], [ -81.28725, 70.036 ], [ -81.169, 69.992 ], [ -81.107, 69.92925 ], [ -80.96475, 69.883 ], [ -80.7635, 69.784 ], [ -80.75325, 69.76225 ], [ -80.822, 69.7305 ], [ -80.9365, 69.737 ], [ -81.04575, 69.759 ], [ -81.15775, 69.8285 ], [ -81.24625, 69.83775 ], [ -81.30725, 69.87975 ], [ -81.4825, 69.9305 ], [ -81.6235, 69.94825 ], [ -81.65675, 69.97275 ], [ -81.7455, 69.97675 ], [ -81.82375, 70.0125 ], [ -81.949, 70.045 ], [ -82.02075, 70.08675 ], [ -82.22825, 70.1415 ], [ -82.30125, 70.1495 ], [ -82.4055, 70.17575 ], [ -82.55475, 70.19225 ], [ -82.6835, 70.2305 ], [ -82.84625, 70.25825 ], [ -82.81225, 70.21525 ], [ -82.75925, 70.21575 ], [ -82.54125, 70.1745 ], [ -82.45925, 70.164 ], [ -82.3565, 70.13125 ], [ -82.249, 70.1145 ], [ -82.17075, 70.07925 ], [ -82.092, 70.0715 ], [ -81.99225, 70.026 ], [ -81.924, 69.98225 ], [ -81.8105, 69.97175 ], [ -81.72575, 69.951 ], [ -81.7775, 69.9135 ], [ -81.86875, 69.89025 ], [ -81.85025, 69.861 ], [ -81.97025, 69.85775 ], [ -82.026, 69.88775 ], [ -82.0905, 69.86175 ], [ -82.12925, 69.829 ], [ -82.137, 69.79075 ], [ -82.29025, 69.8065 ], [ -82.30775, 69.8225 ], [ -82.28675, 69.86975 ], [ -82.42275, 69.8605 ], [ -82.642, 69.88725 ], [ -82.635, 69.90175 ], [ -82.70375, 69.933 ], [ -82.7835, 69.92875 ], [ -82.8575, 69.9555 ], [ -83.0535, 70.01025 ], [ -83.16125, 70.0175 ], [ -83.31075, 70.00725 ], [ -83.34875, 69.986 ], [ -83.56325, 69.96525 ], [ -83.7005, 69.9595 ], [ -83.97875, 69.97575 ], [ -84.107, 69.99125 ], [ -84.3145, 69.988 ], [ -84.4335, 70.00875 ], [ -84.54075, 70.0035 ], [ -84.70825, 70.0115 ], [ -84.81225, 70.0325 ], [ -84.84975, 70.08 ], [ -84.93775, 70.06725 ], [ -85.08625, 70.08825 ], [ -85.2405, 70.091 ], [ -85.316, 70.1095 ], [ -85.4315, 70.09975 ], [ -85.633, 70.10875 ], [ -85.75575, 70.10775 ], [ -85.8625, 70.09075 ], [ -85.85, 70.04775 ], [ -85.74825, 70.0735 ], [ -85.64225, 70.0835 ], [ -85.47725, 70.06075 ], [ -85.35925, 70.038 ], [ -85.23325, 69.9915 ], [ -85.2795, 69.98775 ], [ -85.53675, 70.01725 ], [ -85.71525, 70.0005 ], [ -85.8735, 70.02075 ], [ -85.971, 70.06 ], [ -86.049, 70.06575 ], [ -86.30175, 70.12875 ], [ -86.3475, 70.157 ], [ -86.56225, 70.24075 ], [ -86.53375, 70.29725 ], [ -86.54675, 70.35075 ], [ -86.58775, 70.36875 ], [ -86.4995, 70.439 ], [ -86.6765, 70.375 ], [ -86.6575, 70.334 ], [ -86.7315, 70.3365 ], [ -86.86975, 70.3225 ], [ -86.90675, 70.34525 ], [ -86.8700308, 70.3652809 ], [ -86.74775, 70.37225 ], [ -86.788, 70.4 ], [ -86.8495, 70.376 ], [ -86.92925, 70.3845 ], [ -86.9695, 70.41725 ], [ -86.94475, 70.46675 ], [ -87.02725, 70.463 ], [ -87.1265983, 70.4373382 ], [ -87.1336962, 70.4024255 ], [ -87.0596476, 70.3968635 ], [ -86.9725, 70.365 ], [ -86.99625, 70.286 ], [ -87.1945, 70.30425 ], [ -87.26875, 70.318 ], [ -87.36825, 70.316 ], [ -87.5105, 70.332 ], [ -87.6825, 70.325 ], [ -87.74, 70.33725 ], [ -87.80275, 70.30925 ], [ -87.61925, 70.29975 ], [ -87.624, 70.28225 ], [ -87.75, 70.24775 ], [ -87.85875, 70.24275 ], [ -87.90675, 70.264 ], [ -88.005, 70.28075 ], [ -88.03975, 70.30675 ], [ -88.101, 70.29875 ], [ -88.19125, 70.335 ], [ -88.0665, 70.337 ], [ -88.0245, 70.31425 ], [ -87.89775, 70.3025 ], [ -87.906, 70.33875 ], [ -87.98275, 70.341 ], [ -88.13875, 70.394 ], [ -88.25475, 70.416 ], [ -88.44475, 70.441 ], [ -88.6735, 70.4635 ], [ -88.792, 70.49925 ], [ -88.86275, 70.53325 ], [ -89.00325, 70.6325 ], [ -88.98475, 70.65625 ], [ -89.0415, 70.67425 ], [ -89.05575, 70.6995 ], [ -89.32025, 70.79625 ], [ -89.42275, 70.9105 ], [ -89.2935, 70.93925 ], [ -89.23275, 70.93675 ], [ -89.17275, 70.95725 ], [ -89.216, 70.98775 ], [ -89.34825, 71.00925 ], [ -89.41275, 71.04525 ], [ -89.4825, 71.0615 ], [ -89.50325, 71.085 ], [ -89.43425, 71.09275 ], [ -89.2025, 71.0685 ], [ -89.18825, 71.03825 ], [ -89.11625, 71.0285 ], [ -88.9405, 71.04525 ], [ -88.83375, 71.041 ], [ -88.62825, 71.046 ], [ -88.433, 71.028 ], [ -88.3515, 71.006 ], [ -88.3335, 70.96525 ], [ -88.28875, 70.95125 ], [ -88.054, 70.93575 ], [ -87.89275, 70.9375 ], [ -87.72175, 70.956 ], [ -87.61925, 70.94975 ], [ -87.35925, 70.9515 ], [ -87.34125, 70.979 ], [ -87.228, 71.006 ], [ -87.043, 70.99125 ], [ -87.045, 71.01 ], [ -87.28225, 71.02525 ], [ -87.32825, 71.05 ], [ -87.4125, 71.0595 ], [ -87.48875, 71.08175 ], [ -87.74025, 71.13475 ], [ -87.859, 71.19475 ], [ -87.82425, 71.2275 ], [ -87.83975, 71.26425 ], [ -87.9195, 71.27025 ], [ -88.12275, 71.21275 ], [ -88.227, 71.23475 ], [ -88.40475, 71.23425 ], [ -88.772, 71.25425 ], [ -88.8575, 71.26975 ], [ -89.12275, 71.29225 ], [ -89.21775, 71.28525 ], [ -89.379, 71.2925 ], [ -89.57375, 71.3115 ], [ -89.64875, 71.30925 ], [ -89.8517761, 71.3429666 ], [ -89.89225, 71.3625 ], [ -89.86825, 71.389 ], [ -89.94175, 71.4095 ], [ -89.92575, 71.4345 ], [ -89.99275, 71.46025 ], [ -89.9475765, 71.5132337 ], [ -89.9825, 71.57575 ], [ -90.0365, 71.60025 ], [ -89.9735, 71.61425 ], [ -89.96875, 71.65375 ], [ -89.85475, 71.6905 ], [ -89.8085, 71.76625 ], [ -89.87525, 71.81675 ], [ -89.92975, 71.82 ], [ -89.9225, 71.854 ], [ -89.97875, 71.884 ], [ -90.0545, 71.90125 ], [ -90.112, 71.931 ], [ -89.9905, 71.982 ], [ -89.95675, 72.0285 ], [ -90.005, 72.06925 ], [ -89.88975, 72.08675 ], [ -89.80525, 72.11825 ], [ -89.718, 72.12275 ], [ -89.602, 72.14425 ], [ -89.56575, 72.1785 ], [ -89.6355, 72.188 ], [ -89.734, 72.17925 ], [ -89.7775, 72.161 ], [ -89.89225, 72.19275 ], [ -89.8965, 72.2255 ], [ -89.94375, 72.2525 ], [ -89.93, 72.27925 ], [ -89.9675, 72.3145 ], [ -89.888, 72.3855 ], [ -89.91375, 72.41625 ], [ -89.89525, 72.44675 ], [ -89.801, 72.46025 ], [ -89.775, 72.484 ], [ -89.78325, 72.55825 ], [ -89.74375, 72.61275 ], [ -89.64375, 72.63825 ], [ -89.59525, 72.6215 ], [ -89.5165, 72.63425 ], [ -89.476, 72.68175 ], [ -89.5815, 72.72875 ], [ -89.54075, 72.78775 ], [ -89.3295, 72.771 ], [ -89.28675, 72.8 ], [ -89.379, 72.808 ], [ -89.4105, 72.83225 ], [ -89.322, 72.8725 ], [ -89.28775, 72.9385 ], [ -89.3385, 72.959 ], [ -89.34775, 73.00275 ], [ -89.23775, 73.0275 ], [ -89.3095, 73.0455 ], [ -89.2535, 73.07475 ], [ -89.24675, 73.10175 ], [ -89.137, 73.189 ], [ -89.027, 73.23425 ], [ -88.988, 73.283 ], [ -88.81025, 73.31075 ], [ -88.854, 73.3355 ], [ -88.76725, 73.36525 ], [ -88.7535, 73.387 ], [ -88.64775, 73.43375 ], [ -88.55275, 73.46 ], [ -88.4865, 73.46025 ], [ -88.474, 73.49075 ], [ -88.271, 73.5755 ], [ -88.02875, 73.64425 ], [ -87.84975, 73.68875 ], [ -87.49325, 73.74975 ], [ -87.454, 73.762 ], [ -87.21625, 73.792 ], [ -87.09325, 73.79425 ], [ -86.996, 73.817 ], [ -86.916, 73.81625 ], [ -86.712, 73.84325 ], [ -86.59975, 73.8485 ], [ -86.195, 73.8475 ], [ -86.11675, 73.8555 ], [ -85.96125, 73.84425 ], [ -85.8485, 73.8445 ], [ -85.55575, 73.82075 ], [ -85.40425, 73.83 ], [ -85.02875, 73.799 ], [ -84.90675, 73.76625 ], [ -84.8525, 73.7395 ], [ -84.937, 73.66825 ], [ -85.05075, 73.64425 ], [ -85.435, 73.52775 ], [ -85.56575, 73.51225 ], [ -85.5805, 73.49 ], [ -85.75525, 73.43225 ], [ -85.9305, 73.364 ], [ -86.1455, 73.243 ], [ -86.19125, 73.18725 ], [ -86.294, 73.10675 ], [ -86.28425, 73.077 ], [ -86.3635, 73.036 ], [ -86.44, 72.97325 ], [ -86.62925, 72.8905 ], [ -86.7005, 72.83575 ], [ -86.6905, 72.80175 ], [ -86.74975, 72.7245 ], [ -86.686, 72.6815 ], [ -86.7025, 72.66075 ], [ -86.5375, 72.58 ], [ -86.3735, 72.52 ], [ -86.26125, 72.44675 ], [ -86.23375, 72.4175 ], [ -86.269, 72.37425 ], [ -86.399, 72.306 ], [ -86.4335, 72.2725 ], [ -86.42025, 72.182 ], [ -86.43875, 72.1245 ], [ -86.40225, 72.0195 ], [ -86.35475, 71.96825 ], [ -86.2185, 71.8835 ], [ -86.203, 71.8555 ], [ -86.11325, 71.79225 ], [ -86.018, 71.7725 ], [ -86.023, 71.75675 ], [ -85.945, 71.73625 ], [ -85.82025, 71.67175 ], [ -85.71, 71.63825 ], [ -85.6745, 71.6035 ], [ -85.512, 71.547 ], [ -85.48575, 71.52075 ], [ -85.402, 71.49575 ], [ -85.29825, 71.4865 ], [ -85.1235, 71.44225 ], [ -85.0475, 71.4465 ], [ -84.91325, 71.42225 ], [ -84.90125, 71.38825 ], [ -84.9285, 71.356 ], [ -84.85625, 71.34225 ], [ -84.83225, 71.27225 ], [ -84.938, 71.27425 ], [ -85.13075, 71.30425 ], [ -85.22175, 71.29925 ], [ -85.2935, 71.2825 ], [ -85.18625, 71.2665 ], [ -85.2705, 71.249 ], [ -85.402, 71.25825 ], [ -85.367, 71.19625 ], [ -85.424, 71.203 ], [ -85.49725, 71.1765 ], [ -85.6275, 71.189 ], [ -85.669, 71.2045 ], [ -85.8535, 71.18575 ], [ -85.94275, 71.1855 ], [ -85.9695, 71.15725 ], [ -86.06175, 71.12425 ], [ -86.171863, 71.1108641 ], [ -86.2080207, 71.0659609 ], [ -86.3970521, 71.039077 ], [ -86.7755156, 71.0124291 ], [ -86.7597817, 70.9848628 ], [ -86.5326659, 70.9791704 ], [ -86.3798323, 71.0039772 ], [ -86.232176, 71.012758 ], [ -86.1100858, 71.0574303 ], [ -85.96275, 71.0815 ], [ -85.78375, 71.14125 ], [ -85.61525, 71.15275 ], [ -85.511, 71.15325 ], [ -85.44925, 71.17475 ], [ -85.31775, 71.17475 ], [ -85.2435, 71.157 ], [ -85.1195, 71.154 ], [ -85.10075, 71.1935 ], [ -84.92525, 71.193 ], [ -84.85075, 71.17125 ], [ -84.83825, 71.12725 ], [ -84.86025, 71.07775 ], [ -84.92825, 71.09975 ], [ -84.99125, 71.05775 ], [ -84.92175, 71.02775 ], [ -84.918, 70.976 ], [ -84.9635, 70.945 ], [ -84.908, 70.93075 ], [ -84.80075, 70.93 ], [ -84.7745, 70.94175 ], [ -84.7375, 71.00225 ], [ -84.74925, 71.0305 ], [ -84.81525, 71.06425 ], [ -84.80675, 71.17025 ], [ -84.68575, 71.23675 ], [ -84.77525, 71.265 ], [ -84.79375, 71.31925 ], [ -84.78425, 71.36825 ], [ -84.73225, 71.38125 ], [ -84.705, 71.438 ], [ -84.56625, 71.44125 ], [ -84.51925, 71.4665 ], [ -84.53925, 71.547 ], [ -84.655, 71.583 ], [ -84.6625, 71.6285 ], [ -84.6055, 71.657 ], [ -84.65675, 71.6795 ], [ -84.844, 71.679 ], [ -84.8245, 71.64525 ], [ -84.86025, 71.635 ], [ -84.97875, 71.655 ], [ -85.261, 71.67375 ], [ -85.5295, 71.78225 ], [ -85.432, 71.811 ], [ -85.5375, 71.87375 ], [ -85.5525, 71.90125 ], [ -85.6635, 71.922 ], [ -85.79975, 71.9625 ], [ -85.939, 71.9755 ], [ -85.9435, 72.02475 ], [ -85.8545, 72.016 ], [ -85.77375, 72.02975 ], [ -85.7138266, 72.0547737 ], [ -85.5697705, 72.0605196 ], [ -85.4765111, 72.0878798 ], [ -85.5025, 72.1165 ], [ -85.44375, 72.123 ], [ -85.39425, 72.1555 ], [ -85.461, 72.1725 ], [ -85.472, 72.2165 ], [ -85.38075, 72.2245 ], [ -85.3855, 72.24925 ], [ -85.3115, 72.26575 ], [ -85.2135609, 72.2661345 ], [ -85.0444024, 72.2510195 ], [ -84.9757909, 72.2517194 ], [ -84.8465639, 72.2159847 ], [ -84.8141397, 72.1848396 ], [ -84.69525, 72.14225 ], [ -84.62025, 72.14325 ], [ -84.51125, 72.11825 ], [ -84.35375, 72.05025 ], [ -84.24325, 72.01875 ], [ -84.23125, 71.95425 ], [ -84.17225, 71.93425 ], [ -84.161, 72.02625 ], [ -84.3455, 72.08175 ], [ -84.35325, 72.129 ], [ -84.46, 72.1365 ], [ -84.49825, 72.1575 ], [ -84.628, 72.171 ], [ -84.698269, 72.2318876 ], [ -84.8189271, 72.2667047 ], [ -84.9171553, 72.2833927 ], [ -84.86768, 72.3222114 ], [ -84.7837629, 72.3606205 ], [ -84.8650931, 72.3716077 ], [ -84.8579258, 72.4106142 ], [ -84.8051238, 72.4102818 ], [ -84.7564469, 72.4473101 ], [ -84.8336517, 72.4513489 ], [ -85.0350602, 72.3999149 ], [ -85.0824923, 72.3775244 ], [ -85.1753699, 72.4007409 ], [ -85.2342255, 72.3926298 ], [ -85.3395199, 72.4109498 ], [ -85.4463723, 72.4507225 ], [ -85.5133771, 72.4604177 ], [ -85.5801653, 72.5301739 ], [ -85.59025, 72.561 ], [ -85.47875, 72.58075 ], [ -85.6488161, 72.6041615 ], [ -85.7124106, 72.6504905 ], [ -85.6802855, 72.6851913 ], [ -85.69925, 72.745 ], [ -85.66825, 72.77 ], [ -85.6855, 72.80325 ], [ -85.64325, 72.88325 ], [ -85.70125, 72.905 ], [ -85.60875, 72.93675 ], [ -85.56975, 72.97075 ], [ -85.37625, 72.97825 ], [ -85.28175, 72.97275 ], [ -85.09825, 72.9435 ], [ -84.9105, 72.895 ], [ -84.5755, 72.86325 ], [ -84.426, 72.84375 ], [ -84.264, 72.79225 ], [ -84.21375, 72.80225 ], [ -84.3275, 72.83225 ], [ -84.38825, 72.861 ], [ -84.497, 72.87325 ], [ -84.572, 72.90175 ], [ -84.7375, 72.921 ], [ -85.067, 73.00875 ], [ -85.13925, 73.03675 ], [ -85.20475, 73.01675 ], [ -85.38475, 73.02725 ], [ -85.528, 73.027 ], [ -85.48225, 73.10025 ], [ -85.42675, 73.136 ], [ -85.37475, 73.14175 ], [ -85.33275, 73.10175 ], [ -85.2305, 73.056 ], [ -85.12225, 73.052 ], [ -85.21125, 73.14 ], [ -85.13075, 73.146 ], [ -85.03, 73.13275 ], [ -84.88125, 73.0945 ], [ -84.681, 73.0755 ], [ -84.47275, 73.06625 ], [ -84.313, 73.0505 ], [ -84.23525, 73.05125 ], [ -84.1095, 73.0295 ], [ -84.024, 73.041 ], [ -83.81975, 73.02525 ], [ -83.81575, 73.04 ], [ -83.91625, 73.06125 ], [ -84.04025, 73.05925 ], [ -84.21375, 73.073 ], [ -84.463, 73.11725 ], [ -84.6565, 73.12825 ], [ -85.1715, 73.2245 ], [ -85.157, 73.2885 ], [ -85.131, 73.30925 ], [ -84.994, 73.35025 ], [ -84.76225, 73.3845 ], [ -84.704, 73.36075 ], [ -84.6750456, 73.3151836 ], [ -84.5249641, 73.2840145 ], [ -84.4066157, 73.2341163 ], [ -84.3930901, 73.2748848 ], [ -84.5736144, 73.3272592 ], [ -84.627049, 73.3919272 ], [ -84.55575, 73.418 ], [ -84.377, 73.44625 ], [ -84.25925, 73.4535 ], [ -84.16875, 73.48125 ], [ -83.7810639, 73.4340416 ], [ -83.7148459, 73.416161 ], [ -83.7358123, 73.3795425 ], [ -83.6585, 73.31075 ], [ -83.605, 73.31825 ], [ -83.64975, 73.38125 ], [ -83.615, 73.40775 ], [ -83.634, 73.43175 ], [ -83.7295, 73.46675 ], [ -83.99875, 73.50475 ], [ -83.97675, 73.514 ], [ -83.68825, 73.574 ], [ -83.644, 73.5925 ], [ -83.4905, 73.6075 ], [ -83.26675, 73.64125 ], [ -83.2075, 73.66375 ], [ -83.055, 73.647 ], [ -82.89925, 73.6995 ], [ -82.85425, 73.73325 ], [ -82.67325, 73.7245 ], [ -82.3005, 73.72175 ], [ -81.99325, 73.735 ], [ -81.624, 73.72525 ], [ -81.44225, 73.68525 ], [ -81.41975, 73.638 ], [ -81.2815, 73.59175 ], [ -81.2065, 73.531 ], [ -81.18275, 73.4845 ], [ -81.194, 73.4415 ], [ -81.1455, 73.38725 ], [ -81.20425, 73.2835 ], [ -81.0874681, 73.2197462 ], [ -81.002655, 73.2226397 ], [ -80.8808325, 73.1901154 ], [ -80.6819071, 73.1778472 ], [ -80.5770473, 73.1522419 ], [ -80.50775, 73.0885 ], [ -80.6450849, 72.9977023 ], [ -80.605503, 72.9470127 ], [ -80.63505, 72.929429 ], [ -80.534, 72.89725 ], [ -80.544, 72.871 ], [ -80.49725, 72.8315 ], [ -80.307, 72.80575 ], [ -80.24975, 72.784 ], [ -80.2215, 72.7325 ], [ -80.36425, 72.70025 ], [ -80.4840964, 72.6567001 ], [ -80.543856, 72.622379 ], [ -80.4999958, 72.5822108 ], [ -80.6459697, 72.5558753 ], [ -80.7791762, 72.5150024 ], [ -80.8446855, 72.4828804 ], [ -80.9569915, 72.4505023 ], [ -81.1050211, 72.3527459 ], [ -81.1788339, 72.3371328 ], [ -81.2214183, 72.2891194 ], [ -81.3291093, 72.261577 ], [ -81.255675, 72.2457705 ], [ -81.1547974, 72.2853765 ], [ -81.0707643, 72.3462038 ], [ -80.9999797, 72.3620385 ], [ -80.8777735, 72.4225889 ], [ -80.8591766, 72.4503567 ], [ -80.7430062, 72.4518131 ], [ -80.6439837, 72.4948711 ], [ -80.5046276, 72.5142574 ], [ -80.4681146, 72.4570597 ], [ -80.5154941, 72.4145146 ], [ -80.4993157, 72.3815959 ], [ -80.5767408, 72.3738993 ], [ -80.8060795, 72.2714347 ], [ -80.854748, 72.22356 ], [ -80.8647632, 72.1785807 ], [ -80.7982534, 72.154135 ], [ -80.6865735, 72.1333589 ], [ -80.5462607, 72.0948346 ], [ -80.5329487, 72.0703202 ], [ -80.6342315, 72.0682166 ], [ -80.7377249, 72.1068103 ], [ -80.8055208, 72.0973228 ], [ -80.9812386, 72.0967335 ], [ -80.9840964, 72.0712146 ], [ -81.0765948, 72.0454398 ], [ -80.8225161, 72.0363987 ], [ -80.7754124, 72.0219562 ], [ -80.8187419, 71.992035 ], [ -80.804989, 71.9593701 ], [ -80.851865, 71.9254461 ], [ -80.9376753, 71.9069872 ], [ -80.8534146, 71.8892929 ], [ -80.76005, 71.9287512 ], [ -80.7362246, 71.9590102 ], [ -80.7563696, 71.9827508 ], [ -80.6165163, 72.0049652 ], [ -80.5349675, 72.0055636 ], [ -80.5095464, 72.026001 ], [ -80.3848666, 72.0414079 ], [ -80.3211317, 72.0804634 ], [ -80.3553853, 72.1126796 ], [ -80.4571714, 72.1521525 ], [ -80.487231, 72.1827612 ], [ -80.2932436, 72.181894 ], [ -80.2447381, 72.2365075 ], [ -80.2861609, 72.2682857 ], [ -80.2167926, 72.3062143 ], [ -80.1418749, 72.2821034 ], [ -80.0275163, 72.1967983 ], [ -79.8735372, 72.1566327 ], [ -79.6883393, 72.1291773 ], [ -79.6758873, 72.1447586 ], [ -79.8033715, 72.1639594 ], [ -79.9197872, 72.1936601 ], [ -80.0109777, 72.2456667 ], [ -80.0558439, 72.2878542 ], [ -80.1687406, 72.3294133 ], [ -80.0071423, 72.3998391 ], [ -79.8903097, 72.4108223 ], [ -79.8320942, 72.4676348 ], [ -79.8474668, 72.4961973 ], [ -79.7667052, 72.5019811 ], [ -79.6865416, 72.4726592 ], [ -79.7542487, 72.415815 ], [ -79.6519849, 72.3812457 ], [ -79.5802596, 72.3424671 ], [ -79.6479667, 72.2903485 ], [ -79.5841497, 72.2818996 ], [ -79.4834204, 72.3006131 ], [ -79.480005, 72.3318602 ], [ -79.3669494, 72.3592792 ], [ -79.3405645, 72.4092463 ], [ -79.0819476, 72.3331924 ], [ -79.0002656, 72.2835878 ], [ -78.9473124, 72.1985163 ], [ -78.9987923, 72.1529328 ], [ -79.0258683, 72.0767822 ], [ -79.1065164, 72.0340406 ], [ -79.12859, 72.0055039 ], [ -79.1923788, 71.9877308 ], [ -79.1972818, 71.9650918 ], [ -79.109404, 71.956157 ], [ -79.0381212, 71.9734971 ], [ -78.7591026, 71.9268997 ], [ -78.6817852, 71.9183563 ], [ -78.5865968, 71.8706045 ], [ -78.5932064, 71.9351991 ], [ -78.7720359, 71.9652151 ], [ -78.9295503, 72.0227476 ], [ -78.8646594, 72.0840169 ], [ -78.8826506, 72.1517863 ], [ -78.8569997, 72.1823896 ], [ -78.7681121, 72.1580092 ], [ -78.5229258, 72.1142319 ], [ -78.4701896, 72.0917775 ], [ -78.3740752, 71.974073 ], [ -78.3816175, 71.9384157 ], [ -78.2197761, 71.8549966 ], [ -78.1898462, 71.8294823 ], [ -77.9164855, 71.7743108 ], [ -77.9100531, 71.7863218 ], [ -78.1184006, 71.8373689 ], [ -78.2165283, 71.8988323 ], [ -78.2944229, 71.9317646 ], [ -78.2987445, 71.9539888 ], [ -78.1376667, 71.9769768 ], [ -78.1286306, 71.9469286 ], [ -78.0240183, 71.9125595 ], [ -77.9551287, 71.8699178 ], [ -77.9581604, 71.8476622 ], [ -77.8529706, 71.821158 ], [ -77.7194626, 71.7643365 ], [ -77.7167898, 71.8021749 ], [ -77.7475269, 71.8240435 ], [ -77.8764767, 71.8502862 ], [ -77.9798583, 71.9167635 ], [ -78.0854146, 71.9587347 ], [ -78.1241126, 71.9893105 ], [ -78.2590846, 71.9798915 ], [ -78.314523, 72.0013923 ], [ -78.3956388, 72.1064247 ], [ -78.470825, 72.1339302 ], [ -78.5477055, 72.1415308 ], [ -78.7245518, 72.1759869 ], [ -78.850587, 72.210983 ], [ -78.88176, 72.2350759 ], [ -78.7481849, 72.2817303 ], [ -78.787694, 72.3118927 ], [ -78.7577774, 72.3341836 ], [ -78.6062918, 72.3543848 ], [ -78.5263595, 72.352587 ], [ -78.5260215, 72.2373231 ], [ -78.4766966, 72.2689529 ], [ -78.4374026, 72.3334257 ], [ -78.2489172, 72.3118942 ], [ -78.1548034, 72.2908078 ], [ -78.0225283, 72.2827274 ], [ -77.8031013, 72.247776 ], [ -77.6491126, 72.2049044 ], [ -77.654, 72.18175 ], [ -77.4769905, 72.1809428 ], [ -77.3205427, 72.1898961 ], [ -77.0514753, 72.1440937 ], [ -77.0490409, 72.1571804 ], [ -77.28075, 72.20275 ], [ -77.5585, 72.2035 ], [ -77.608, 72.22425 ], [ -77.8737511, 72.2944938 ], [ -78.1767203, 72.3349124 ], [ -78.4178063, 72.3865585 ], [ -78.5498788, 72.4369567 ], [ -78.5460901, 72.5113792 ], [ -78.3025616, 72.6194081 ], [ -78.1777219, 72.6554289 ], [ -78.0388277, 72.6760785 ], [ -77.9736299, 72.6995039 ], [ -77.7881782, 72.7079755 ], [ -77.6234346, 72.7526135 ], [ -77.4827456, 72.7561832 ], [ -77.1949971, 72.7544552 ], [ -77.0049139, 72.7399596 ], [ -76.9518324, 72.7460691 ], [ -76.7920079, 72.7308345 ], [ -76.636873, 72.6797112 ], [ -76.6581214, 72.643343 ], [ -76.2422777, 72.6009684 ], [ -76.1262048, 72.5925095 ], [ -76.1436085, 72.54295 ], [ -76.0768693, 72.5368239 ], [ -75.9837862, 72.5856847 ], [ -75.7788062, 72.5839054 ], [ -75.567, 72.56025 ], [ -75.417, 72.528 ], [ -75.17075, 72.495 ], [ -75.1875, 72.472 ], [ -75.1025, 72.372 ], [ -75.041, 72.324 ], [ -74.9245, 72.2585 ], [ -75.02525, 72.191 ], [ -75.2674029, 72.1155212 ], [ -75.486333, 72.1492916 ], [ -75.6986472, 72.1419154 ], [ -75.8903445, 72.1098481 ], [ -76.0521511, 72.0718455 ], [ -76.1271628, 71.9917857 ], [ -76.0386433, 72.0090148 ], [ -76.0320331, 72.0399693 ], [ -75.9182224, 72.0714916 ], [ -75.7398469, 72.1068379 ], [ -75.6451176, 72.11626 ], [ -75.4306983, 72.1166294 ], [ -75.3606286, 72.0889968 ], [ -75.21275, 72.0755 ], [ -75.29175, 72.03725 ], [ -75.5203847, 72.0173489 ], [ -75.58975, 71.9915 ], [ -75.6225, 71.94825 ], [ -75.607, 71.91275 ], [ -75.6925, 71.86675 ], [ -75.66825, 71.84175 ], [ -75.7572552, 71.7976957 ], [ -75.8129243, 71.7389652 ], [ -75.62, 71.8335 ], [ -75.6325, 71.86975 ], [ -75.55525, 71.90175 ], [ -75.55675, 71.962 ], [ -75.4939863, 71.995659 ], [ -75.42525, 71.98925 ], [ -75.2225, 72.01575 ], [ -75.14875, 72.04375 ], [ -75.1010371, 72.1037968 ], [ -74.9928945, 72.1240003 ], [ -74.6505594, 72.094128 ], [ -74.2442737, 72.0771483 ], [ -74.16575, 72.01725 ], [ -74.117, 71.9625 ], [ -74.205, 71.907 ], [ -74.16475, 71.886 ], [ -74.231, 71.82875 ], [ -74.33175, 71.81 ], [ -74.5436175, 71.7931145 ], [ -74.6538173, 71.7718736 ], [ -74.7116678, 71.734938 ], [ -74.8253566, 71.7357263 ], [ -74.9143352, 71.6989273 ], [ -74.9990496, 71.717874 ], [ -74.9338904, 71.6527532 ], [ -75.1885126, 71.5938357 ], [ -75.1942265, 71.5723306 ], [ -75.2906171, 71.5563822 ], [ -75.3866262, 71.523288 ], [ -75.3508524, 71.5132864 ], [ -75.132616, 71.5507225 ], [ -75.0772163, 71.5758641 ], [ -74.926686, 71.6161206 ], [ -74.8431572, 71.6292113 ], [ -74.801898, 71.6693068 ], [ -74.6914762, 71.6787552 ], [ -74.6142047, 71.6585028 ], [ -74.681296, 71.6015908 ], [ -74.9179302, 71.5215584 ], [ -74.8301921, 71.5192031 ], [ -74.7975462, 71.49713 ], [ -74.8491723, 71.4677937 ], [ -74.8212257, 71.4486884 ], [ -74.7004891, 71.4207674 ], [ -74.7014828, 71.37282 ], [ -74.7613543, 71.3617077 ], [ -74.8629977, 71.3108158 ], [ -74.8848395, 71.2754304 ], [ -74.9582053, 71.2591531 ], [ -74.9895678, 71.2277289 ], [ -74.8489966, 71.248534 ], [ -74.8106335, 71.2867536 ], [ -74.7471968, 71.3082727 ], [ -74.7223509, 71.3369202 ], [ -74.6580077, 71.3462987 ], [ -74.613042, 71.3847189 ], [ -74.6326679, 71.4386478 ], [ -74.7355444, 71.4681959 ], [ -74.7094783, 71.485883 ], [ -74.7390839, 71.5321853 ], [ -74.6063286, 71.5668631 ], [ -74.5079824, 71.6178771 ], [ -74.5336061, 71.6485583 ], [ -74.3798638, 71.6711338 ], [ -74.3161705, 71.6920728 ], [ -74.2964036, 71.7191136 ], [ -74.2405195, 71.7356407 ], [ -74.0928781, 71.7364055 ], [ -74.1460778, 71.6510168 ], [ -74.0665223, 71.6749706 ], [ -74.0426981, 71.7208069 ], [ -73.9600288, 71.763207 ], [ -73.73675, 71.776 ], [ -73.67725, 71.7585 ], [ -73.5925, 71.75525 ], [ -73.61125, 71.723 ], [ -73.7985, 71.66275 ], [ -73.799, 71.627 ], [ -73.8765406, 71.6202257 ], [ -73.8904738, 71.587321 ], [ -73.9641877, 71.5420423 ], [ -74.0017566, 71.48105 ], [ -73.9724614, 71.4623571 ], [ -74.1208122, 71.4634748 ], [ -74.1151876, 71.443646 ], [ -74.0219117, 71.4414084 ], [ -74.062925, 71.3849347 ], [ -74.0458166, 71.3320464 ], [ -74.1327647, 71.322367 ], [ -74.0915933, 71.2886206 ], [ -74.0233758, 71.2834316 ], [ -73.968946, 71.3297958 ], [ -73.9736332, 71.3939846 ], [ -73.9476191, 71.4282012 ], [ -73.8838728, 71.4389468 ], [ -73.9068402, 71.4797846 ], [ -73.8505912, 71.537664 ], [ -73.7829439, 71.5586036 ], [ -73.7491417, 71.590738 ], [ -73.663, 71.5945 ], [ -73.588, 71.57375 ], [ -73.56275, 71.54425 ], [ -73.60625, 71.522 ], [ -73.622, 71.46 ], [ -73.650583, 71.4455064 ], [ -73.5735404, 71.4003478 ], [ -73.4540907, 71.4462629 ], [ -73.3856082, 71.3854442 ], [ -73.5050102, 71.3704168 ], [ -73.5187778, 71.3270277 ], [ -73.6068063, 71.3014213 ], [ -73.6692149, 71.2442944 ], [ -73.7069999, 71.1765924 ], [ -73.6028213, 71.203377 ], [ -73.6045289, 71.2308618 ], [ -73.5552766, 71.2526851 ], [ -73.5213382, 71.2900353 ], [ -73.4352322, 71.3042838 ], [ -73.4199019, 71.3327972 ], [ -73.3255317, 71.349695 ], [ -73.2498648, 71.3215178 ], [ -73.1835899, 71.3168651 ], [ -73.1297983, 71.2863774 ], [ -73.0462738, 71.2873241 ], [ -73.0398295, 71.2628849 ], [ -73.2192584, 71.2419234 ], [ -73.258297, 71.2238142 ], [ -73.2226629, 71.1479821 ], [ -73.1668286, 71.1708506 ], [ -73.195757, 71.2085654 ], [ -73.064796, 71.23516 ], [ -73.0075999, 71.2337727 ], [ -72.9397486, 71.3284242 ], [ -72.9749134, 71.4091701 ], [ -72.8054623, 71.4171132 ], [ -72.7548884, 71.4382686 ], [ -72.7924109, 71.476438 ], [ -72.8376244, 71.4909447 ], [ -72.7397395, 71.5229538 ], [ -72.6735436, 71.5237303 ], [ -72.60725, 71.58325 ], [ -72.588, 71.65375 ], [ -72.5466011, 71.660874 ], [ -72.4525283, 71.6326801 ], [ -72.15203, 71.5857182 ], [ -71.9251089, 71.568484 ], [ -71.8115088, 71.5380043 ], [ -71.547125, 71.4926117 ], [ -71.4484569, 71.4492539 ], [ -71.4455, 71.42825 ], [ -71.30275, 71.38125 ], [ -71.14825, 71.269 ], [ -71.1451561, 71.2501019 ], [ -71.3025722, 71.1866807 ], [ -71.3287608, 71.1831921 ], [ -71.4346409, 71.1173572 ], [ -71.4876228, 71.0643285 ], [ -71.5296047, 71.0624857 ], [ -71.8785588, 71.1140175 ], [ -72.0927306, 71.076608 ], [ -72.1363321, 71.0479797 ], [ -72.1171555, 71.0225264 ], [ -72.1805391, 70.9668477 ], [ -72.2717791, 70.9649386 ], [ -72.3351627, 70.922627 ], [ -72.3506317, 70.8825301 ], [ -72.4464711, 70.8692668 ], [ -72.4554779, 70.8458404 ], [ -72.2773988, 70.8692621 ], [ -72.1845644, 70.8331605 ], [ -72.3389878, 70.7464547 ], [ -72.3348246, 70.7254178 ], [ -72.3863171, 70.6859594 ], [ -72.4868919, 70.6602153 ], [ -72.5199785, 70.630587 ], [ -72.3538878, 70.6619568 ], [ -72.3201438, 70.6759557 ], [ -72.2221984, 70.763788 ], [ -72.1775392, 70.7795621 ], [ -71.9257859, 70.7939106 ], [ -71.8490739, 70.8236536 ], [ -71.7681821, 70.8319705 ], [ -71.6830298, 70.8558535 ], [ -71.5692977, 70.8742012 ], [ -71.3873526, 70.8781481 ], [ -71.2892498, 70.9052723 ], [ -71.2240938, 70.9725601 ], [ -71.2149966, 71.0081188 ], [ -71.1632846, 71.0265023 ], [ -70.9994587, 71.0503732 ], [ -70.8344759, 71.1125106 ], [ -70.7808848, 71.1204633 ], [ -70.6105136, 71.0552556 ], [ -70.5688024, 70.9683478 ], [ -70.5293029, 70.9209076 ], [ -70.6727156, 70.8473356 ], [ -70.7160665, 70.8416993 ], [ -70.7536919, 70.8011248 ], [ -70.7550551, 70.7669352 ], [ -70.8903807, 70.7135556 ], [ -71.1071297, 70.6717463 ], [ -71.1423547, 70.611957 ], [ -71.1971569, 70.5889545 ], [ -71.4558618, 70.6185485 ], [ -71.6100447, 70.6152 ], [ -71.5836577, 70.5623244 ], [ -71.6119501, 70.5412567 ], [ -71.7346286, 70.4987678 ], [ -71.7556785, 70.4530535 ], [ -71.7358021, 70.4182047 ], [ -71.7711693, 70.3452391 ], [ -71.6990371, 70.3523298 ], [ -71.6861767, 70.3999454 ], [ -71.6458909, 70.4489603 ], [ -71.6575825, 70.4772396 ], [ -71.594874, 70.4938227 ], [ -71.5207216, 70.5300323 ], [ -71.4977975, 70.5665665 ], [ -71.4105455, 70.5739588 ], [ -71.2456324, 70.5485024 ], [ -71.177094, 70.5466328 ], [ -71.2004873, 70.4732009 ], [ -71.2362904, 70.4501259 ], [ -71.2344103, 70.4189589 ], [ -71.3224833, 70.304297 ], [ -71.2645706, 70.2866615 ], [ -71.3049942, 70.2388818 ], [ -71.3747955, 70.2118475 ], [ -71.3668047, 70.1886812 ], [ -71.4514123, 70.1343653 ], [ -71.3875993, 70.1096212 ], [ -71.3281941, 70.1443093 ], [ -71.2984136, 70.213041 ], [ -71.2549347, 70.2295828 ], [ -71.2187415, 70.2846002 ], [ -71.2347621, 70.3053007 ], [ -71.1917138, 70.3454084 ], [ -71.0568895, 70.5333635 ], [ -71.0619237, 70.559847 ], [ -71.0218445, 70.5933035 ], [ -71.0081586, 70.6308256 ], [ -70.8249394, 70.6539609 ], [ -70.7494161, 70.6731901 ], [ -70.5892172, 70.7303049 ], [ -70.4836939, 70.7474459 ], [ -70.3200795, 70.7935218 ], [ -70.2294787, 70.7962392 ], [ -70.0818526, 70.8291686 ], [ -70.0448129, 70.8486729 ], [ -69.8745367, 70.8818649 ], [ -69.7715842, 70.8608623 ], [ -69.782901, 70.8398878 ], [ -69.8726183, 70.7856825 ], [ -70.0031522, 70.7201008 ], [ -70.1810286, 70.6591984 ], [ -70.2543685, 70.6433317 ], [ -70.4258354, 70.6419079 ], [ -70.4904182, 70.6045919 ], [ -70.4693467, 70.57367 ], [ -70.4042166, 70.5332182 ], [ -70.349759, 70.5509942 ], [ -70.4217306, 70.6065911 ], [ -70.3917438, 70.6160117 ], [ -70.1949851, 70.6140134 ], [ -70.1317706, 70.6194628 ], [ -69.9443162, 70.6606485 ], [ -69.7855957, 70.7179321 ], [ -69.6974784, 70.687908 ], [ -69.6532456, 70.74528 ], [ -69.4642662, 70.792934 ], [ -69.3749606, 70.7718374 ], [ -69.2460682, 70.7894453 ], [ -69.1324883, 70.7259643 ], [ -68.9439561, 70.6956477 ], [ -68.7541127, 70.6504342 ], [ -68.481934, 70.6072086 ], [ -68.3463691, 70.5720903 ], [ -68.3049392, 70.5492263 ], [ -68.3004815, 70.5087583 ], [ -68.347112, 70.4858664 ], [ -68.412828, 70.4312772 ], [ -68.4615394, 70.415098 ], [ -68.4547326, 70.3834866 ], [ -68.52325, 70.38225 ], [ -68.58875, 70.416 ], [ -68.55725, 70.46325 ], [ -68.6635, 70.44925 ], [ -68.6795, 70.4155 ], [ -68.65425, 70.34875 ], [ -68.7025, 70.32875 ], [ -68.903, 70.2975 ], [ -69.006, 70.30225 ], [ -69.1285, 70.28325 ], [ -69.1895, 70.28375 ], [ -69.3934053, 70.2603691 ], [ -69.4672763, 70.2369414 ], [ -69.6161547, 70.2134102 ], [ -69.8436571, 70.149093 ], [ -69.8289547, 70.1302584 ], [ -69.9049172, 70.0866962 ], [ -70.0942108, 70.0709371 ], [ -70.1861, 70.0301105 ], [ -70.0909881, 70.0284157 ], [ -70.066452, 70.0543881 ], [ -70.0075278, 70.0643586 ], [ -69.903692, 70.0501502 ], [ -69.8412067, 70.0190879 ], [ -69.8448823, 69.9818987 ], [ -69.9689339, 69.9952106 ], [ -70.1426063, 69.9735088 ], [ -70.2262263, 69.93876 ], [ -70.213668, 69.9226784 ], [ -70.2844234, 69.8912152 ], [ -70.3346566, 69.8886876 ], [ -70.3288166, 69.8478351 ], [ -70.1521016, 69.9183668 ], [ -70.0798147, 69.9574539 ], [ -69.9704654, 69.9640662 ], [ -69.8559091, 69.9557742 ], [ -69.7869915, 69.9632267 ], [ -69.7257314, 69.9967823 ], [ -69.8010813, 70.0488961 ], [ -69.7623343, 70.1005147 ], [ -69.6523294, 70.1446987 ], [ -69.5579116, 70.1486137 ], [ -69.4470256, 70.1783557 ], [ -69.1866569, 70.1961774 ], [ -69.0950964, 70.1732945 ], [ -68.83, 70.2135 ], [ -68.68075, 70.20875 ], [ -68.645, 70.167 ], [ -68.77625, 70.1035 ], [ -68.75175, 70.07725 ], [ -68.88125, 70.0195 ], [ -69.125058, 69.9807341 ], [ -69.3378971, 69.8882313 ], [ -69.3848355, 69.8408679 ], [ -69.4549497, 69.8182088 ], [ -69.6201353, 69.8432578 ], [ -69.7577408, 69.8413889 ], [ -69.8852033, 69.781819 ], [ -69.8840284, 69.7483223 ], [ -69.9804414, 69.6956489 ], [ -69.9473776, 69.6495124 ], [ -69.8787493, 69.7030715 ], [ -69.8240134, 69.7289822 ], [ -69.8015018, 69.781819 ], [ -69.6842443, 69.8110353 ], [ -69.5711222, 69.8034268 ], [ -69.4285469, 69.7777869 ], [ -69.3258691, 69.8104141 ], [ -69.2522345, 69.8664311 ], [ -69.0770847, 69.9314669 ], [ -68.95075, 69.952 ], [ -68.65675, 69.94775 ], [ -68.6705, 69.98775 ], [ -68.608, 69.995 ], [ -68.52625, 70.0505 ], [ -68.4465, 70.07225 ], [ -68.34225, 70.069 ], [ -68.196, 70.13075 ], [ -68.30125, 70.13725 ], [ -68.36775, 70.169 ], [ -68.29025, 70.23525 ], [ -68.0893036, 70.3207828 ], [ -68.047832, 70.307825 ], [ -67.7905884, 70.2579423 ], [ -67.7274796, 70.2172978 ], [ -67.5964537, 70.1857431 ], [ -67.4077282, 70.105929 ], [ -67.2845157, 70.0231373 ], [ -67.2346193, 69.9714989 ], [ -67.212864, 69.8808593 ], [ -67.17075, 69.82 ], [ -67.15925, 69.75875 ], [ -67.12275, 69.73575 ], [ -67.20675, 69.719 ], [ -67.30425, 69.725 ], [ -67.4005, 69.7195 ], [ -67.51775, 69.7335 ], [ -67.62025, 69.758 ], [ -67.7515, 69.77925 ], [ -67.90475, 69.78325 ], [ -68.10975, 69.7625 ], [ -68.13, 69.7345 ], [ -68.1985, 69.719 ], [ -68.23025, 69.68475 ], [ -68.35375, 69.62825 ], [ -68.4875, 69.6285 ], [ -68.6926237, 69.6516013 ], [ -68.8420154, 69.6284124 ], [ -68.9114089, 69.6052569 ], [ -68.9840375, 69.5986607 ], [ -69.066048, 69.5677945 ], [ -69.1341474, 69.566778 ], [ -69.2252162, 69.5401067 ], [ -69.341566, 69.5330116 ], [ -69.5411875, 69.5606876 ], [ -69.7435811, 69.5692936 ], [ -69.9773413, 69.5304049 ], [ -69.8752699, 69.5119007 ], [ -69.7937581, 69.5380475 ], [ -69.676133, 69.5524696 ], [ -69.469727, 69.5259611 ], [ -69.3201459, 69.4988706 ], [ -69.2965657, 69.5090178 ], [ -69.1516982, 69.514257 ], [ -68.7924098, 69.5774555 ], [ -68.7444474, 69.5962228 ], [ -68.549005, 69.5839031 ], [ -68.3303481, 69.5294829 ], [ -68.2045427, 69.512366 ], [ -68.0352297, 69.4683495 ], [ -67.909, 69.462 ], [ -67.76625, 69.489 ], [ -67.50575, 69.47325 ], [ -67.29625, 69.474 ], [ -67.21525, 69.466 ], [ -67.0305, 69.407 ], [ -66.84775, 69.36425 ], [ -66.785, 69.34 ], [ -66.6925, 69.28175 ], [ -66.66175, 69.24225 ], [ -66.68475, 69.18575 ], [ -66.7725, 69.1425 ], [ -66.8575, 69.152 ], [ -66.9395, 69.17675 ], [ -67.1345, 69.19725 ], [ -67.22275, 69.182 ], [ -67.338, 69.19475 ], [ -67.4155276, 69.1899267 ], [ -67.4855, 69.171 ], [ -67.608766, 69.180902 ], [ -67.655, 69.17525 ], [ -67.8747347, 69.226886 ], [ -68.1533451, 69.3100927 ], [ -68.2084741, 69.3159147 ], [ -68.4129972, 69.2984503 ], [ -68.8240466, 69.3421227 ], [ -68.866733, 69.3532303 ], [ -69.0362851, 69.3585367 ], [ -69.2301317, 69.2974522 ], [ -69.0950858, 69.3078835 ], [ -69.0044196, 69.3271091 ], [ -68.9274486, 69.3312092 ], [ -68.8854702, 69.3109695 ], [ -68.778772, 69.3075053 ], [ -68.7329206, 69.2963956 ], [ -68.5759283, 69.2839699 ], [ -68.437509, 69.2639671 ], [ -68.2283056, 69.278562 ], [ -68.1834409, 69.2735001 ], [ -68.0857656, 69.2202925 ], [ -68.1546034, 69.2049908 ], [ -68.3099468, 69.2160869 ], [ -68.4046891, 69.2291798 ], [ -68.5683086, 69.2390716 ], [ -68.689788, 69.2341263 ], [ -68.7877272, 69.2168087 ], [ -68.967912, 69.2324776 ], [ -68.9723778, 69.2203276 ], [ -68.8617915, 69.1930332 ], [ -68.5687254, 69.2121783 ], [ -68.5492542, 69.1946293 ], [ -68.6708242, 69.1680128 ], [ -68.722997, 69.1442968 ], [ -68.8141121, 69.1413638 ], [ -68.9152124, 69.1201991 ], [ -68.9706531, 69.0387853 ], [ -68.9232079, 69.0086009 ], [ -68.8847877, 69.087528 ], [ -68.8337326, 69.1065718 ], [ -68.6700496, 69.110993 ], [ -68.4934171, 69.1735112 ], [ -68.4388881, 69.1821363 ], [ -68.3363525, 69.1602422 ], [ -68.2066829, 69.1523512 ], [ -68.095, 69.127 ], [ -68.01175, 69.09775 ], [ -67.71725, 69.025 ], [ -67.76925, 69.0115 ], [ -67.88025, 69.01375 ], [ -68.005, 68.9995 ], [ -68.0115, 68.972 ], [ -68.126, 68.98025 ], [ -68.19975, 68.9995 ], [ -68.3449716, 69.0169648 ], [ -68.3554349, 68.9912685 ], [ -68.31875, 68.974 ], [ -68.19275, 68.9515 ], [ -68.06575, 68.9445 ], [ -68.0548263, 68.9023507 ], [ -67.9901208, 68.8911181 ], [ -67.9979535, 68.8593444 ], [ -68.1280531, 68.8706098 ], [ -68.275239, 68.8982208 ], [ -68.3688595, 68.8868596 ], [ -68.1879608, 68.8615445 ], [ -68.1341676, 68.8368107 ], [ -67.8990227, 68.8145238 ], [ -67.90775, 68.781 ], [ -68.12925, 68.81425 ], [ -68.3577243, 68.8323488 ], [ -68.4372366, 68.8483769 ], [ -68.4826723, 68.8419484 ], [ -68.6140741, 68.8543378 ], [ -68.6313707, 68.8412961 ], [ -68.5090043, 68.8114577 ], [ -68.623626, 68.7884921 ], [ -68.7452179, 68.8143501 ], [ -68.8113061, 68.8043652 ], [ -68.8763616, 68.8183614 ], [ -68.9340162, 68.8115343 ], [ -69.039014, 68.841226 ], [ -69.2771973, 68.8778825 ], [ -69.2839256, 68.861345 ], [ -69.1917683, 68.8445009 ], [ -69.1954383, 68.8291167 ], [ -69.3485581, 68.840527 ], [ -69.3275577, 68.8177004 ], [ -69.2690418, 68.8098898 ], [ -69.1040045, 68.8071506 ], [ -68.7986261, 68.7633668 ], [ -68.7376375, 68.7652542 ], [ -68.6718238, 68.7394449 ], [ -68.5569875, 68.7503598 ], [ -68.508253, 68.7318198 ], [ -68.3988045, 68.7335899 ], [ -68.228009, 68.7159677 ], [ -68.1470363, 68.6956092 ], [ -68.1714264, 68.6434765 ], [ -68.2361006, 68.6637887 ], [ -68.3656825, 68.6327606 ], [ -68.6200382, 68.6602262 ], [ -68.7080606, 68.6581869 ], [ -68.8023607, 68.642541 ], [ -68.8591395, 68.596547 ], [ -68.7500228, 68.6008292 ], [ -68.7050253, 68.6285124 ], [ -68.6128003, 68.6378697 ], [ -68.5084343, 68.6257896 ], [ -68.4852201, 68.5767867 ], [ -68.4260156, 68.5943679 ], [ -68.2236698, 68.5906956 ], [ -68.1207046, 68.5318212 ], [ -68.0685116, 68.5449182 ], [ -67.7843278, 68.5352645 ], [ -67.6730384, 68.57088 ], [ -67.6256652, 68.5487889 ], [ -67.5355455, 68.55491 ], [ -67.5094039, 68.5360383 ], [ -67.5421955, 68.5147154 ], [ -67.6315846, 68.5076549 ], [ -67.6130372, 68.4140964 ], [ -67.566336, 68.4106702 ], [ -67.5697853, 68.491929 ], [ -67.4131253, 68.4836266 ], [ -67.3441001, 68.5046433 ], [ -67.3040272, 68.4941023 ], [ -67.3001925, 68.4606898 ], [ -67.2498543, 68.4329835 ], [ -67.1778733, 68.4128705 ], [ -67.0993955, 68.4273025 ], [ -67.1313332, 68.4768457 ], [ -67.0636306, 68.4775123 ], [ -67.0010438, 68.4464965 ], [ -66.910424, 68.4631112 ], [ -66.7874695, 68.4751855 ], [ -66.7324173, 68.452172 ], [ -66.8113003, 68.433425 ], [ -66.9204028, 68.4241806 ], [ -66.9576701, 68.3869582 ], [ -67.0187433, 68.3648254 ], [ -67.2062543, 68.3972238 ], [ -67.3105802, 68.4042214 ], [ -67.4295622, 68.3969353 ], [ -67.4785051, 68.3719898 ], [ -67.5604233, 68.3708715 ], [ -67.6343629, 68.3501736 ], [ -67.6797956, 68.3557262 ], [ -67.7991169, 68.3385006 ], [ -67.8814761, 68.3058479 ], [ -67.82237, 68.2987551 ], [ -67.7268918, 68.3248541 ], [ -67.5930729, 68.3220844 ], [ -67.554646, 68.2987844 ], [ -67.4780101, 68.3244853 ], [ -67.4114987, 68.360555 ], [ -67.3121012, 68.3527868 ], [ -67.2690535, 68.3669584 ], [ -67.163385, 68.3539955 ], [ -67.0528351, 68.3235729 ], [ -67.224529, 68.3009839 ], [ -67.3304737, 68.2452555 ], [ -67.3302623, 68.1872657 ], [ -67.2786066, 68.1916027 ], [ -67.2886731, 68.2227329 ], [ -67.1436414, 68.2834846 ], [ -67.0466037, 68.2917699 ], [ -66.9527352, 68.2661952 ], [ -66.777762, 68.2425724 ], [ -66.8437306, 68.156124 ], [ -66.8343227, 68.1215066 ], [ -66.9748819, 68.0651016 ], [ -66.8873034, 68.0623233 ], [ -66.7659393, 68.128425 ], [ -66.6815046, 68.1386169 ], [ -66.6764913, 68.0723457 ], [ -66.6246911, 68.0691693 ], [ -66.6162925, 68.1379646 ], [ -66.4903456, 68.1476758 ], [ -66.3113036, 68.1243137 ], [ -66.3636027, 68.0861662 ], [ -66.2673941, 68.0875566 ], [ -66.2297155, 68.029782 ], [ -66.1853088, 68.0108737 ], [ -66.2758098, 67.9970519 ], [ -66.349137, 67.9641803 ], [ -66.3526429, 67.9339599 ], [ -66.393001, 67.9090395 ], [ -66.3883001, 67.8658599 ], [ -66.4915004, 67.8459697 ], [ -66.6271091, 67.8723354 ], [ -66.6831877, 67.8637673 ], [ -66.5286314, 67.8323019 ], [ -66.510335, 67.8197097 ], [ -66.3399499, 67.84078 ], [ -66.31587, 67.8733901 ], [ -66.3284801, 67.9025 ], [ -66.26341, 67.9300801 ], [ -66.25705, 67.96375 ], [ -66.16445, 67.98009 ], [ -66.11588, 67.9759199 ], [ -66.0350342, 68.0144969 ], [ -65.9506952, 68.0053204 ], [ -66.0270901, 67.96129 ], [ -65.92499, 67.8718301 ], [ -65.99626, 67.81911 ], [ -65.9923099, 67.7459999 ], [ -66.02395, 67.7227599 ], [ -66.01693, 67.68245 ], [ -66.03902, 67.65675 ], [ -66.05672, 67.58773 ], [ -66.0110801, 67.5986701 ], [ -65.9607399, 67.6723801 ], [ -65.93753, 67.77207 ], [ -65.95086, 67.8027901 ], [ -65.9224, 67.8268399 ], [ -65.77565, 67.86291 ], [ -65.7410399, 67.9003299 ], [ -65.76965, 67.95793 ], [ -65.6264744, 68.001099 ], [ -65.4502099, 67.9768099 ], [ -65.4744499, 67.9038 ], [ -65.5734801, 67.8071201 ], [ -65.6258501, 67.7914501 ], [ -65.5863801, 67.7524201 ], [ -65.4423299, 67.7045001 ], [ -65.3980501, 67.7061901 ], [ -65.5608399, 67.7720099 ], [ -65.5253599, 67.79073 ], [ -65.48519, 67.84532 ], [ -65.4480999, 67.8632701 ], [ -65.4266, 67.9173101 ], [ -65.2269799, 67.94085 ], [ -65.1531101, 67.97329 ], [ -65.0914377, 68.040373 ], [ -64.9392129, 68.0411629 ], [ -64.71929, 67.97507 ], [ -64.8220301, 67.94737 ], [ -64.8566101, 67.92883 ], [ -64.9362, 67.9293201 ], [ -65.04702, 67.84422 ], [ -65.1207999, 67.8397001 ], [ -65.0988801, 67.8144 ], [ -65.025, 67.81687 ], [ -65.01486, 67.78554 ], [ -65.18043, 67.7274 ], [ -65.2236001, 67.6600599 ], [ -65.1672, 67.66824 ], [ -65.1675801, 67.69049 ], [ -65.0322999, 67.72957 ], [ -64.9163101, 67.78698 ], [ -64.77742, 67.7821499 ], [ -64.75184, 67.81964 ], [ -64.63522, 67.82609 ], [ -64.51993, 67.81211 ], [ -64.3855701, 67.7592299 ], [ -64.36242, 67.7324499 ], [ -64.4192501, 67.7024299 ], [ -64.3834601, 67.6891899 ], [ -64.31684, 67.7208899 ], [ -64.23885, 67.70301 ], [ -64.20296, 67.6659499 ], [ -64.26325, 67.60566 ], [ -64.2021201, 67.60318 ], [ -64.1337599, 67.61774 ], [ -64.0785099, 67.60495 ], [ -64.0983901, 67.53501 ], [ -64.12814, 67.4859699 ], [ -64.1802, 67.45965 ], [ -64.03766, 67.46088 ], [ -63.95025, 67.41275 ], [ -63.94575, 67.343 ], [ -64.0324899, 67.3108401 ], [ -64.2298399, 67.3242801 ], [ -64.39306, 67.3280601 ], [ -64.4350301, 67.32066 ], [ -64.5243001, 67.3387599 ], [ -64.5891301, 67.33659 ], [ -64.7845801, 67.3702399 ], [ -64.7040801, 67.33082 ], [ -64.53169, 67.3195201 ], [ -64.4465199, 67.3025199 ], [ -64.2325999, 67.3006101 ], [ -64.28013, 67.2733899 ], [ -64.38338, 67.2522 ], [ -64.5546601, 67.25485 ], [ -64.7146, 67.23699 ], [ -64.82465, 67.2080199 ], [ -64.7951699, 67.1928901 ], [ -64.59873, 67.23206 ], [ -64.3904601, 67.22606 ], [ -64.28423, 67.23884 ], [ -64.18663, 67.2677101 ], [ -64.0600499, 67.2753701 ], [ -63.9605, 67.26775 ], [ -63.9865, 67.2215 ], [ -64.05521, 67.2103401 ], [ -64.1753499, 67.21295 ], [ -64.3005101, 67.1857799 ], [ -64.57239, 67.15214 ], [ -64.6547101, 67.12446 ], [ -64.6886401, 67.0975199 ], [ -64.70391, 67.0252301 ], [ -64.74053, 66.97905 ], [ -64.68838, 66.96657 ], [ -64.6327001, 67.0321101 ], [ -64.6161699, 67.0985099 ], [ -64.5696701, 67.12046 ], [ -64.26802, 67.15662 ], [ -64.16272, 67.18351 ], [ -64.09315, 67.17441 ], [ -63.98125, 67.1775 ], [ -63.80225, 67.23875 ], [ -63.71825, 67.22525 ], [ -63.61225, 67.22925 ], [ -63.57225, 67.2395 ], [ -63.446, 67.22225 ], [ -63.455, 67.17075 ], [ -63.51875, 67.108 ], [ -63.635, 67.056 ], [ -63.60425, 67.049 ], [ -63.51675, 67.07525 ], [ -63.40025, 67.1505 ], [ -63.412, 67.191 ], [ -63.3905, 67.218 ], [ -63.29225, 67.2885 ], [ -63.14425, 67.33375 ], [ -63.0725, 67.32775 ], [ -63.01825, 67.31 ], [ -62.97625, 67.27475 ], [ -62.954, 67.22775 ], [ -63.01425, 67.165 ], [ -63.07275, 67.14425 ], [ -63.1465, 67.15175 ], [ -63.2445, 67.1315 ], [ -63.293, 67.10125 ], [ -63.267, 67.08975 ], [ -63.19325, 66.971 ], [ -63.34375, 66.941 ], [ -63.4985, 66.92175 ], [ -63.561, 66.892 ], [ -63.554, 66.84525 ], [ -63.72725, 66.80825 ], [ -63.6095, 66.7995 ], [ -63.54125, 66.8125 ], [ -63.47775, 66.85175 ], [ -63.495, 66.88225 ], [ -63.46725, 66.905 ], [ -63.406, 66.886 ], [ -63.38925, 66.8055 ], [ -63.41775, 66.7685 ], [ -63.4095, 66.7475 ], [ -63.439, 66.71225 ], [ -63.38175, 66.70875 ], [ -63.345, 66.79125 ], [ -63.309, 66.815 ], [ -63.346, 66.8735 ], [ -63.3245, 66.89775 ], [ -63.21625, 66.89275 ], [ -63.12375, 66.94725 ], [ -63.065, 66.93375 ], [ -62.97175, 66.93525 ], [ -62.96475, 66.96625 ], [ -62.84525, 66.965 ], [ -62.8575, 66.94625 ], [ -62.84775, 66.878 ], [ -62.82725, 66.86375 ], [ -62.812, 66.804 ], [ -62.8696838, 66.7388988 ], [ -62.8090186, 66.7479706 ], [ -62.7288632, 66.7751659 ], [ -62.76, 66.821 ], [ -62.7355, 66.86575 ], [ -62.7645, 66.9315 ], [ -62.6485745, 66.947612 ], [ -62.55575, 66.942 ], [ -62.511, 66.86675 ], [ -62.4595323, 66.8295818 ], [ -62.40525, 66.812 ], [ -62.40025, 66.78475 ], [ -62.2997846, 66.7579171 ], [ -62.40225, 66.83775 ], [ -62.4355, 66.879 ], [ -62.42825, 66.918 ], [ -62.32125, 66.92725 ], [ -62.254, 66.9445 ], [ -62.2835, 66.99975 ], [ -62.275, 67.03725 ], [ -62.1965, 67.03775 ], [ -62.1116829, 67.0523528 ], [ -62.0148229, 67.0567762 ], [ -61.96675, 67.03875 ], [ -62.03975, 66.998 ], [ -62.039, 66.9445 ], [ -61.83075, 66.96525 ], [ -61.87025, 66.935 ], [ -61.87325, 66.89725 ], [ -61.844, 66.87525 ], [ -61.72525, 66.855 ], [ -61.61575, 66.86325 ], [ -61.6282187, 66.8038952 ], [ -61.5328015, 66.8088568 ], [ -61.4481159, 66.7672959 ], [ -61.4663128, 66.7441864 ], [ -61.3914255, 66.7370927 ], [ -61.3750949, 66.7071291 ], [ -61.2866766, 66.6764825 ], [ -61.276, 66.63275 ], [ -61.35725, 66.566 ], [ -61.5325, 66.5255 ], [ -61.6045, 66.5445 ], [ -61.638, 66.59025 ], [ -61.7475, 66.63975 ], [ -61.8389153, 66.6406262 ], [ -61.9575269, 66.6729415 ], [ -62.0403102, 66.6400757 ], [ -61.8025539, 66.6146644 ], [ -61.69075, 66.55525 ], [ -61.656, 66.50925 ], [ -61.55875, 66.4815 ], [ -61.5605, 66.458 ], [ -61.6305, 66.44 ], [ -61.779, 66.42175 ], [ -61.84075, 66.435 ], [ -61.897, 66.4125 ], [ -61.7815, 66.399 ], [ -61.67, 66.401 ], [ -61.56925, 66.411 ], [ -61.518, 66.4015 ], [ -61.51075, 66.3665 ], [ -61.48075, 66.35475 ], [ -61.565, 66.33125 ], [ -61.66075, 66.31675 ], [ -61.753, 66.32625 ], [ -61.8095, 66.2965 ], [ -61.89475, 66.27675 ], [ -61.945, 66.2855 ], [ -62.03375, 66.32175 ], [ -62.114, 66.306 ], [ -62.187, 66.3125 ], [ -62.223, 66.3615 ], [ -62.2115, 66.40925 ], [ -62.3035, 66.402 ], [ -62.47475, 66.41975 ], [ -62.55625, 66.419 ], [ -62.6095, 66.3985 ], [ -62.5709035, 66.3812344 ], [ -62.5046405, 66.4000431 ], [ -62.4441676, 66.3571232 ], [ -62.3158233, 66.3008167 ], [ -62.4145, 66.2645 ], [ -62.61625, 66.21225 ], [ -62.69975, 66.20575 ], [ -62.71025, 66.17775 ], [ -62.62525, 66.17375 ], [ -62.49575, 66.21825 ], [ -62.46475, 66.173 ], [ -62.37075, 66.17475 ], [ -62.33425, 66.15625 ], [ -62.259, 66.1445 ], [ -62.1485, 66.14075 ], [ -62.15025, 66.08125 ], [ -62.0875, 66.0685 ], [ -62.11225, 66.03475 ], [ -62.03425, 66.0405 ], [ -62.01625, 66.022 ], [ -62.10975, 65.988 ], [ -62.17725, 66.0045 ], [ -62.31625, 65.9655 ], [ -62.36025, 65.9895 ], [ -62.44425, 65.9975 ], [ -62.49525, 66.01775 ], [ -62.6005, 66.0125 ], [ -62.6805, 66.03025 ], [ -62.75625, 66.0205 ], [ -62.85025, 66.06675 ], [ -62.88525, 66.03275 ], [ -62.80325, 66.0185 ], [ -62.75, 65.9975 ], [ -62.696, 66.00775 ], [ -62.64125, 65.99425 ], [ -62.56275, 65.99575 ], [ -62.492, 65.96475 ], [ -62.41275, 65.96475 ], [ -62.3585, 65.89125 ], [ -62.38175, 65.85825 ], [ -62.3185, 65.8075 ], [ -62.408, 65.78575 ], [ -62.51325, 65.78 ], [ -62.52825, 65.801 ], [ -62.6835, 65.8055 ], [ -62.7295, 65.84625 ], [ -62.80725, 65.847 ], [ -62.7965, 65.821 ], [ -62.6865, 65.78375 ], [ -62.605, 65.771 ], [ -62.5645, 65.74875 ], [ -62.571, 65.709 ], [ -62.662, 65.72125 ], [ -62.74625, 65.747 ], [ -62.8245, 65.755 ], [ -62.835, 65.734 ], [ -62.79125, 65.70875 ], [ -62.65775, 65.69575 ], [ -62.65475, 65.674 ], [ -62.5965, 65.6515 ], [ -62.62125, 65.62675 ], [ -62.7245, 65.6145 ], [ -62.733, 65.58225 ], [ -62.7995, 65.592 ], [ -62.87775, 65.6315 ], [ -62.92575, 65.61625 ], [ -62.955, 65.57825 ], [ -63.001, 65.58775 ], [ -63.0295, 65.62225 ], [ -63.09125, 65.62375 ], [ -63.1495, 65.6455 ], [ -63.2325, 65.63275 ], [ -63.24975, 65.687 ], [ -63.3025, 65.70775 ], [ -63.34775, 65.7805 ], [ -63.39025, 65.815 ], [ -63.402, 65.84725 ], [ -63.47275, 65.90575 ], [ -63.5235, 65.9085 ], [ -63.5075, 65.8565 ], [ -63.47825, 65.8455 ], [ -63.402, 65.75825 ], [ -63.39825, 65.70375 ], [ -63.349, 65.65725 ], [ -63.4505, 65.6725 ], [ -63.59025, 65.6685 ], [ -63.579, 65.64975 ], [ -63.4765, 65.62475 ], [ -63.36875, 65.62425 ], [ -63.33025, 65.59325 ], [ -63.3585, 65.5785 ], [ -63.3645, 65.5285 ], [ -63.473, 65.51825 ], [ -63.5415, 65.555 ], [ -63.6145, 65.544 ], [ -63.5245, 65.498 ], [ -63.5385, 65.47625 ], [ -63.42425, 65.4785 ], [ -63.3045, 65.4425 ], [ -63.42125, 65.42525 ], [ -63.46875, 65.43 ], [ -63.5515, 65.46625 ], [ -63.65775, 65.44125 ], [ -63.5635, 65.432 ], [ -63.453, 65.3845 ], [ -63.46975, 65.35925 ], [ -63.4495, 65.3435 ], [ -63.3745, 65.3095 ], [ -63.40425, 65.28575 ], [ -63.3555, 65.267 ], [ -63.32425, 65.218 ], [ -63.4461735, 65.170791 ], [ -63.4341772, 65.1476127 ], [ -63.3602347, 65.1448304 ], [ -63.3515, 65.11925 ], [ -63.45125, 65.0975 ], [ -63.3931179, 65.0602306 ], [ -63.418155, 65.0159277 ], [ -63.5525, 65.0045 ], [ -63.5318778, 64.8889122 ], [ -63.6077128, 64.892528 ], [ -63.6704816, 64.9328177 ], [ -63.6211597, 64.9695039 ], [ -63.6614169, 64.9855493 ], [ -63.733222, 64.954596 ], [ -63.8439352, 64.9810427 ], [ -63.817, 65.02225 ], [ -63.8792719, 65.0352023 ], [ -63.8979365, 65.095205 ], [ -63.8536975, 65.1164572 ], [ -63.8648998, 65.1464244 ], [ -63.9507153, 65.0891098 ], [ -64.0491036, 65.1257841 ], [ -64.0855207, 65.1125812 ], [ -64.0757277, 65.0628147 ], [ -64.1411181, 65.0478802 ], [ -64.2094939, 65.109891 ], [ -64.2380318, 65.1603967 ], [ -64.160785, 65.177838 ], [ -64.1838587, 65.20259 ], [ -64.2408408, 65.1997287 ], [ -64.30946, 65.1459801 ], [ -64.3733831, 65.1811168 ], [ -64.3785907, 65.2243057 ], [ -64.4064925, 65.2508168 ], [ -64.3421377, 65.2816367 ], [ -64.3552295, 65.3118278 ], [ -64.3358284, 65.34409 ], [ -64.2503739, 65.3964336 ], [ -64.2709862, 65.4305659 ], [ -64.3403671, 65.3825867 ], [ -64.3609079, 65.3468534 ], [ -64.4096471, 65.3427081 ], [ -64.466273, 65.2998346 ], [ -64.4645996, 65.244291 ], [ -64.448137, 65.1948631 ], [ -64.4862941, 65.1659291 ], [ -64.5192721, 65.1117866 ], [ -64.6103859, 65.1226488 ], [ -64.6452438, 65.1396594 ], [ -64.67137, 65.19688 ], [ -64.72385, 65.2218699 ], [ -64.79701, 65.23099 ], [ -64.87645, 65.2676301 ], [ -64.9054301, 65.31382 ], [ -64.7608199, 65.3375701 ], [ -64.8331701, 65.34797 ], [ -64.7753, 65.37987 ], [ -64.7173001, 65.38386 ], [ -64.62902, 65.4093901 ], [ -64.56418, 65.44934 ], [ -64.657, 65.43927 ], [ -64.69336, 65.4217301 ], [ -64.83233, 65.415 ], [ -64.8606499, 65.4246299 ], [ -64.98266, 65.4051701 ], [ -64.9901, 65.3777001 ], [ -65.0635399, 65.37185 ], [ -65.1595999, 65.4365201 ], [ -65.13406, 65.45504 ], [ -65.15511, 65.4964499 ], [ -65.0832299, 65.4989901 ], [ -64.9480118, 65.5299614 ], [ -64.87872, 65.56535 ], [ -64.84001, 65.6031701 ], [ -64.82047, 65.6509801 ], [ -64.86694, 65.65093 ], [ -64.92873, 65.57342 ], [ -64.9960201, 65.5484999 ], [ -65.15199, 65.53844 ], [ -65.2672099, 65.5718101 ], [ -65.2926401, 65.5939501 ], [ -65.2938601, 65.6359 ], [ -65.1348901, 65.63845 ], [ -65.09852, 65.6714499 ], [ -65.0123701, 65.6882101 ], [ -64.99997, 65.70449 ], [ -64.80088, 65.71695 ], [ -64.81557, 65.7313501 ], [ -64.96596, 65.7227099 ], [ -65.12495, 65.68362 ], [ -65.1356801, 65.66326 ], [ -65.24793, 65.6706 ], [ -65.3639299, 65.66372 ], [ -65.45184, 65.67538 ], [ -65.40803, 65.74465 ], [ -65.4981001, 65.74653 ], [ -65.4012701, 65.8726799 ], [ -65.35222, 65.89007 ], [ -65.3193499, 65.92089 ], [ -65.1620201, 65.9601501 ], [ -65.06259, 65.96791 ], [ -64.99129, 65.9949401 ], [ -64.92104, 66.0045299 ], [ -64.7880499, 65.97147 ], [ -64.8553801, 66.02605 ], [ -64.8186099, 66.0658701 ], [ -64.7683401, 66.08565 ], [ -64.75643, 66.18681 ], [ -64.6389699, 66.2490901 ], [ -64.5632399, 66.27072 ], [ -64.5402101, 66.29397 ], [ -64.46291, 66.29753 ], [ -64.37406, 66.32301 ], [ -64.4630501, 66.34356 ], [ -64.51295, 66.31597 ], [ -64.57085, 66.3162899 ], [ -64.6468399, 66.2821301 ], [ -64.7839299, 66.2358601 ], [ -64.8219401, 66.2090701 ], [ -64.84912, 66.16066 ], [ -64.83587, 66.1043 ], [ -64.9523401, 66.06872 ], [ -65.0185001, 66.0688901 ], [ -65.11337, 66.0431901 ], [ -65.3241001, 66.0007599 ], [ -65.3416801, 65.9869401 ], [ -65.43205, 65.97313 ], [ -65.76446, 65.96678 ], [ -65.87116, 65.94252 ], [ -65.9483999, 65.96524 ], [ -65.9599401, 66.04052 ], [ -65.83127, 66.1145901 ], [ -65.72184, 66.1479 ], [ -65.65549, 66.1600501 ], [ -65.6383299, 66.1896499 ], [ -65.5250201, 66.23094 ], [ -65.5045699, 66.2995701 ], [ -65.56335, 66.32421 ], [ -65.58067, 66.23258 ], [ -65.6507799, 66.21783 ], [ -65.7033499, 66.1818699 ], [ -65.74834, 66.1766 ], [ -65.8095399, 66.14646 ], [ -65.97278, 66.1100101 ], [ -66.1439201, 66.13153 ], [ -66.2257899, 66.23192 ], [ -66.4380199, 66.27152 ], [ -66.359, 66.2195401 ], [ -66.4491101, 66.2059601 ], [ -66.48654, 66.21168 ], [ -66.54169, 66.2667999 ], [ -66.5256001, 66.29162 ], [ -66.47172, 66.31557 ], [ -66.60036, 66.36749 ], [ -66.68621, 66.3766101 ], [ -66.7145901, 66.40106 ], [ -66.71253, 66.43416 ], [ -66.81559, 66.4578901 ], [ -66.7890099, 66.49077 ], [ -66.82473, 66.5549799 ], [ -66.7280401, 66.57636 ], [ -66.7364901, 66.5965599 ], [ -66.8619001, 66.5895 ], [ -66.95282, 66.6255 ], [ -66.9734, 66.61796 ], [ -66.8540299, 66.56893 ], [ -67.0601, 66.52199 ], [ -67.06445, 66.4990301 ], [ -67.1604201, 66.4879101 ], [ -67.18358, 66.5260301 ], [ -67.2672, 66.55025 ], [ -67.3272901, 66.5826201 ], [ -67.39083, 66.59415 ], [ -67.46867, 66.5832901 ], [ -67.5059799, 66.6256 ], [ -67.55852, 66.61892 ], [ -67.5046, 66.5897799 ], [ -67.5667701, 66.5653001 ], [ -67.53068, 66.5455299 ], [ -67.3698, 66.55199 ], [ -67.2654999, 66.51468 ], [ -67.25365, 66.47798 ], [ -67.13333, 66.4433399 ], [ -67.15795, 66.40424 ], [ -67.11101, 66.37913 ], [ -67.18017, 66.3707401 ], [ -67.2328901, 66.40051 ], [ -67.3021999, 66.3947501 ], [ -67.15968, 66.3459499 ], [ -67.11289, 66.30753 ], [ -67.14334, 66.2912699 ], [ -67.27444, 66.27897 ], [ -67.41751, 66.2963501 ], [ -67.48421, 66.34945 ], [ -67.49643, 66.37949 ], [ -67.63811, 66.43551 ], [ -67.7364101, 66.50078 ], [ -67.8156496, 66.4645278 ], [ -67.8592353, 66.5002871 ], [ -67.9521909, 66.5084395 ], [ -67.9355713, 66.4808534 ], [ -67.8766696, 66.4558077 ], [ -67.870315, 66.4180618 ], [ -67.82108, 66.4035 ], [ -67.73916, 66.34481 ], [ -67.7045101, 66.26986 ], [ -67.75072, 66.2531001 ], [ -67.7218601, 66.2344599 ], [ -67.6189001, 66.21618 ], [ -67.5427501, 66.17457 ], [ -67.4636199, 66.1758499 ], [ -67.42139, 66.13297 ], [ -67.2772, 66.10841 ], [ -67.24785, 66.04926 ], [ -67.1603399, 66.04095 ], [ -67.14281, 66.0224499 ], [ -67.2401599, 65.9875299 ], [ -67.22753, 65.95234 ], [ -67.1687799, 65.92352 ], [ -67.22275, 65.91264 ], [ -67.2871799, 65.9323 ], [ -67.3787236, 65.9274617 ], [ -67.45755, 65.8910101 ], [ -67.6837599, 65.91907 ], [ -67.72516, 65.89232 ], [ -67.80533, 65.87608 ], [ -67.8270401, 65.89364 ], [ -67.9493301, 65.9160101 ], [ -68.01788, 66.02181 ], [ -67.99928, 66.0955999 ], [ -68.02024, 66.10775 ], [ -68.1995957, 66.1400887 ], [ -68.24875, 66.1865 ], [ -68.25, 66.22225 ], [ -68.32, 66.21975 ], [ -68.33225, 66.1985 ], [ -68.45675, 66.216 ], [ -68.46825, 66.19675 ], [ -68.3911189, 66.1468527 ], [ -68.28425, 66.09525 ], [ -68.2238597, 66.0943746 ], [ -68.209968, 66.1370603 ], [ -68.0108299, 66.0821201 ], [ -68.04767, 66.0320999 ], [ -68.0327199, 65.9953099 ], [ -68.09014, 65.9869699 ], [ -68.09705, 66.0225499 ], [ -68.16083, 66.0328899 ], [ -68.19886, 66.0031701 ], [ -68.13618, 65.9995101 ], [ -68.11414, 65.9648599 ], [ -68.1971301, 65.97836 ], [ -68.24875, 66.01275 ], [ -68.31425, 66.00925 ], [ -68.1692887, 65.9502696 ], [ -68.2871555, 65.9588617 ], [ -68.3061552, 65.9127114 ], [ -68.2126099, 65.92423 ], [ -68.1159504, 65.9259768 ], [ -68.16972, 65.8562399 ], [ -68.0512999, 65.83304 ], [ -68.14952, 65.80601 ], [ -67.98239, 65.7768599 ], [ -67.94607, 65.79733 ], [ -67.82818, 65.7865001 ], [ -67.8069001, 65.76178 ], [ -67.92269, 65.7529201 ], [ -67.95998, 65.6994799 ], [ -67.8598, 65.6913499 ], [ -67.8909699, 65.67316 ], [ -67.85236, 65.6559999 ], [ -67.95097, 65.5848499 ], [ -67.93038, 65.5670599 ], [ -67.8094501, 65.5983801 ], [ -67.7426, 65.63813 ], [ -67.6742701, 65.64228 ], [ -67.62366, 65.66229 ], [ -67.52927, 65.6545 ], [ -67.43786, 65.65947 ], [ -67.41442, 65.6778999 ], [ -67.32394, 65.6670901 ], [ -67.27031, 65.63439 ], [ -67.2601301, 65.5877201 ], [ -67.3306301, 65.57278 ], [ -67.35491, 65.5501499 ], [ -67.4122401, 65.5413 ], [ -67.40165, 65.5127999 ], [ -67.46246, 65.49527 ], [ -67.34046, 65.45715 ], [ -67.26767, 65.46963 ], [ -67.1692299, 65.4605499 ], [ -67.1449501, 65.4733001 ], [ -67.05699, 65.46426 ], [ -67.0697001, 65.3920301 ], [ -67.11123, 65.3692799 ], [ -67.1943, 65.3557199 ], [ -67.2552699, 65.3694801 ], [ -67.2887001, 65.3550301 ], [ -67.16713, 65.3321101 ], [ -67.1351801, 65.2907899 ], [ -67.0653501, 65.25103 ], [ -67.13527, 65.22889 ], [ -66.96191, 65.2112899 ], [ -66.9372901, 65.16363 ], [ -66.97918, 65.09282 ], [ -66.9136199, 65.06225 ], [ -66.89865, 65.11371 ], [ -66.85133, 65.1432301 ], [ -66.7411999, 65.15517 ], [ -66.8205799, 65.09571 ], [ -66.81574, 65.05114 ], [ -66.91224, 65.0450899 ], [ -66.73912, 65.0116099 ], [ -66.73356, 64.9630299 ], [ -66.7784201, 64.9464501 ], [ -66.7100301, 64.90985 ], [ -66.734, 64.8329499 ], [ -66.69899, 64.79607 ], [ -66.6472, 64.79808 ], [ -66.66762, 64.85699 ], [ -66.61849, 64.9398801 ], [ -66.62959, 64.9983999 ], [ -66.67289, 65.03234 ], [ -66.61174, 65.0357301 ], [ -66.51809, 65.01399 ], [ -66.53258, 64.9653501 ], [ -66.4355599, 64.9345501 ], [ -66.2615601, 64.8956301 ], [ -66.18048, 64.8874499 ], [ -66.11896, 64.8686201 ], [ -66.15568, 64.8486001 ], [ -66.15709, 64.7953799 ], [ -66.1761801, 64.7793699 ], [ -66.27363, 64.7825999 ], [ -66.3443801, 64.77083 ], [ -66.43151, 64.73104 ], [ -66.4012099, 64.7223201 ], [ -66.32043, 64.76452 ], [ -66.18945, 64.7555601 ], [ -66.21616, 64.72894 ], [ -66.13546, 64.70514 ], [ -66.06697, 64.82102 ], [ -65.9999602, 64.8454619 ], [ -65.9940601, 64.79318 ], [ -66.02916, 64.7688199 ], [ -66.01078, 64.7397801 ], [ -65.94944, 64.77206 ], [ -65.9201401, 64.7618901 ], [ -65.9319299, 64.72685 ], [ -65.86716, 64.6636201 ], [ -65.83516, 64.6775499 ], [ -65.89297, 64.7376 ], [ -65.8627701, 64.76365 ], [ -65.9304, 64.80111 ], [ -65.8985899, 64.81811 ], [ -65.93808, 64.8826 ], [ -65.90476, 64.8919601 ], [ -65.7687201, 64.86947 ], [ -65.7203799, 64.8319699 ], [ -65.66771, 64.83421 ], [ -65.63838, 64.79864 ], [ -65.6739918, 64.7919108 ], [ -65.7165601, 64.7583401 ], [ -65.68317, 64.69369 ], [ -65.6542199, 64.77662 ], [ -65.5973901, 64.7781301 ], [ -65.5294501, 64.7219901 ], [ -65.56733, 64.6890899 ], [ -65.55455, 64.64223 ], [ -65.6725, 64.596 ], [ -65.70325, 64.533 ], [ -65.683, 64.48825 ], [ -65.59625, 64.507 ], [ -65.56725, 64.49725 ], [ -65.4169618, 64.4968624 ], [ -65.3761526, 64.5301564 ], [ -65.3112871, 64.5372763 ], [ -65.29375, 64.4795 ], [ -65.2092704, 64.5373772 ], [ -65.18325, 64.4825 ], [ -65.1240495, 64.5120671 ], [ -65.058246, 64.4804134 ], [ -65.0426537, 64.4272845 ], [ -65.0604076, 64.4083229 ], [ -65.2194918, 64.3850489 ], [ -65.1718439, 64.3608167 ], [ -65.1505474, 64.3222197 ], [ -65.1963624, 64.293526 ], [ -65.3091607, 64.2876469 ], [ -65.3883907, 64.3097099 ], [ -65.5043774, 64.3255459 ], [ -65.3885992, 64.2403872 ], [ -65.3001952, 64.2426524 ], [ -65.2150222, 64.1918881 ], [ -65.3081739, 64.1849851 ], [ -65.3428397, 64.1540261 ], [ -65.3158889, 64.1386055 ], [ -65.2497542, 64.1800494 ], [ -65.139, 64.12975 ], [ -65.02175, 64.061 ], [ -65.0455, 64.0405 ], [ -65.18425, 64.017 ], [ -65.16125, 64.00425 ], [ -65.06575, 64.01075 ], [ -65.0405, 64.002 ], [ -64.918, 64.012 ], [ -64.88525, 64.00725 ], [ -64.7, 64.02025 ], [ -64.60625, 63.9725 ], [ -64.7605, 63.93175 ], [ -64.91, 63.85175 ], [ -64.96525, 63.80575 ], [ -64.91725, 63.77775 ], [ -64.8405, 63.76075 ], [ -64.73775, 63.74925 ], [ -64.69775, 63.75625 ], [ -64.511, 63.68725 ], [ -64.48625, 63.64 ], [ -64.51275, 63.607 ], [ -64.5045, 63.5115 ], [ -64.4575, 63.43225 ], [ -64.505, 63.3965 ], [ -64.57375, 63.397 ], [ -64.56775, 63.37325 ], [ -64.488, 63.372 ], [ -64.4765, 63.3125 ], [ -64.57775, 63.2895 ], [ -64.4815, 63.27925 ], [ -64.51525, 63.24975 ], [ -64.56775, 63.263 ], [ -64.621, 63.24675 ], [ -64.701, 63.282 ], [ -64.6775, 63.299 ], [ -64.7555, 63.322 ], [ -64.72975, 63.34225 ], [ -64.79725, 63.4225 ], [ -64.81575, 63.45725 ], [ -64.81475, 63.49975 ], [ -64.84375, 63.547 ], [ -64.931, 63.5745 ], [ -64.91875, 63.58825 ], [ -64.97175, 63.651 ], [ -65.02325, 63.66025 ], [ -65.07175, 63.693 ], [ -65.0805, 63.7315 ], [ -65.138, 63.74275 ], [ -65.18275, 63.77375 ], [ -65.18, 63.8 ], [ -65.252, 63.80475 ], [ -65.2655, 63.78 ], [ -65.196, 63.75975 ], [ -65.10875, 63.7065 ], [ -65.06975, 63.65425 ], [ -64.9805, 63.632 ], [ -64.959, 63.6035 ], [ -64.991, 63.5705 ], [ -65.06275, 63.56675 ], [ -65.0675, 63.521 ], [ -65.00375, 63.45425 ], [ -65.1305, 63.429 ], [ -65.092, 63.38875 ], [ -65.034, 63.39375 ], [ -64.954, 63.38675 ], [ -64.9005401, 63.3203999 ], [ -64.8815, 63.251 ], [ -65.05859, 63.24643 ], [ -65.0694101, 63.23105 ], [ -64.94025, 63.21875 ], [ -64.99809, 63.20059 ], [ -65.0139499, 63.1760601 ], [ -64.9255, 63.17475 ], [ -64.845, 63.14025 ], [ -64.765, 63.13375 ], [ -64.8425, 63.09325 ], [ -64.80125, 63.072 ], [ -64.81475, 63.0555 ], [ -64.76075, 63.02325 ], [ -64.7545, 62.99725 ], [ -64.7815, 62.97725 ], [ -64.73275, 62.95375 ], [ -64.67475, 62.955 ], [ -64.61975, 62.9275 ], [ -64.6055, 62.9005 ], [ -64.69775, 62.89875 ], [ -64.75075, 62.83725 ], [ -64.804, 62.8335 ], [ -64.8315, 62.8655 ], [ -64.90325, 62.8875 ], [ -64.909, 62.90625 ], [ -65.077, 62.9465 ], [ -65.194, 62.907 ], [ -65.1585, 62.879 ], [ -65.093, 62.80075 ], [ -65.01675, 62.77375 ], [ -65.0145, 62.74575 ], [ -64.94075, 62.7245 ], [ -64.957, 62.697 ], [ -64.92075, 62.6595 ], [ -64.964, 62.649 ], [ -64.97175, 62.6135 ], [ -64.8705, 62.60225 ], [ -64.81025, 62.57225 ], [ -64.9535, 62.52825 ], [ -65.0795, 62.54675 ], [ -65.1335, 62.5665 ], [ -65.1995, 62.569 ], [ -65.25125, 62.62125 ], [ -65.28425, 62.669 ], [ -65.352, 62.6915 ], [ -65.31275, 62.72475 ], [ -65.275, 62.782 ], [ -65.33972, 62.79461 ], [ -65.3182101, 62.83028 ], [ -65.3016699, 62.89786 ], [ -65.33432, 62.8957901 ], [ -65.3731699, 62.8385799 ], [ -65.41543, 62.82481 ], [ -65.47705, 62.82885 ], [ -65.5527901, 62.81803 ], [ -65.60889, 62.83875 ], [ -65.6353299, 62.9150499 ], [ -65.6737701, 62.90563 ], [ -65.73051, 62.94244 ], [ -65.6777, 62.95803 ], [ -65.65727, 62.9837501 ], [ -65.6741001, 63.02005 ], [ -65.7329201, 63.03453 ], [ -65.6964501, 62.9783901 ], [ -65.7653701, 62.96043 ], [ -65.7844099, 62.90656 ], [ -65.84224, 62.92998 ], [ -65.8836899, 62.923 ], [ -65.94007, 62.93642 ], [ -65.87028, 62.97523 ], [ -65.84205, 63.0321199 ], [ -65.92331, 62.9936 ], [ -65.97314, 62.98538 ], [ -66.04962, 63.03707 ], [ -66.16102, 63.04242 ], [ -66.03425, 62.9886201 ], [ -66.0687999, 62.97245 ], [ -66.0556799, 62.9435001 ], [ -66.14356, 62.9471 ], [ -66.25715, 63.00951 ], [ -66.3329401, 62.9967501 ], [ -66.4137401, 63.0283301 ], [ -66.48065, 63.0660001 ], [ -66.4809101, 63.1021 ], [ -66.50375, 63.1356399 ], [ -66.54837, 63.16304 ], [ -66.5133701, 63.19813 ], [ -66.55956, 63.20828 ], [ -66.58746, 63.16601 ], [ -66.5369301, 63.13443 ], [ -66.56894, 63.0492499 ], [ -66.5217199, 63.01426 ], [ -66.66584, 63.0503699 ], [ -66.76079, 63.10257 ], [ -66.7754399, 63.13633 ], [ -66.72165, 63.16593 ], [ -66.76225, 63.22671 ], [ -66.78794, 63.1577599 ], [ -66.8500399, 63.1523199 ], [ -66.87554, 63.1749601 ], [ -67.00518, 63.2576999 ], [ -66.96317, 63.28167 ], [ -67.06678, 63.2961699 ], [ -67.1704101, 63.30291 ], [ -67.22974, 63.3415199 ], [ -67.2818201, 63.3610899 ], [ -67.32215, 63.4122299 ], [ -67.39572, 63.4235699 ], [ -67.4381201, 63.4422 ], [ -67.46844, 63.48423 ], [ -67.4995299, 63.48609 ], [ -67.5248501, 63.5444299 ], [ -67.58104, 63.55625 ], [ -67.60261, 63.6077601 ], [ -67.66591, 63.64276 ], [ -67.74583, 63.6442499 ], [ -67.7517701, 63.6923899 ], [ -67.80032, 63.69613 ], [ -67.8106099, 63.66399 ], [ -67.77229, 63.63783 ], [ -67.79662, 63.58636 ], [ -67.71449, 63.5101799 ], [ -67.6566299, 63.4371299 ], [ -67.62222, 63.4103201 ], [ -67.67576, 63.36939 ], [ -67.80054, 63.4252301 ], [ -67.8192699, 63.4693799 ], [ -67.8824001, 63.4931699 ], [ -67.9544301, 63.54258 ], [ -68.0642801, 63.55868 ], [ -68.0686101, 63.5929901 ], [ -68.11104, 63.58882 ], [ -68.14326, 63.61264 ], [ -68.20033, 63.6270299 ], [ -68.31285, 63.6347801 ], [ -68.3846901, 63.6642601 ], [ -68.41734, 63.7289799 ], [ -68.597, 63.74725 ], [ -68.67775, 63.7635 ], [ -68.7575, 63.7285 ], [ -68.902, 63.76025 ], [ -68.9545, 63.74425 ], [ -68.90875, 63.724 ], [ -68.882, 63.678 ], [ -68.82275, 63.64975 ], [ -68.79425, 63.59825 ], [ -68.75575, 63.56025 ], [ -68.661074, 63.5246479 ], [ -68.6168599, 63.48398 ], [ -68.4385101, 63.41752 ], [ -68.4068, 63.37737 ], [ -68.3376999, 63.35813 ], [ -68.33641, 63.33971 ], [ -68.2739899, 63.30923 ], [ -68.15605, 63.2095699 ], [ -68.1038899, 63.1826499 ], [ -68.1042299, 63.15336 ], [ -68.0329499, 63.1704199 ], [ -67.8923099, 63.1479 ], [ -67.86258, 63.1126199 ], [ -67.78506, 63.1022601 ], [ -67.76281, 63.0808299 ], [ -67.70068, 63.08232 ], [ -67.65823, 63.0971501 ], [ -67.5830099, 63.0765899 ], [ -67.59916, 63.05743 ], [ -67.69916, 63.0531399 ], [ -67.7546401, 63.02141 ], [ -67.76618, 62.9879899 ], [ -67.7294201, 62.9797401 ], [ -67.6488001, 63.03272 ], [ -67.59732, 63.0254201 ], [ -67.54427, 63.0391001 ], [ -67.4683701, 63.00325 ], [ -67.5460999, 62.9907599 ], [ -67.61764, 62.96513 ], [ -67.4966299, 62.95724 ], [ -67.42509, 62.9814101 ], [ -67.2492501, 62.8981 ], [ -67.2560399, 62.87349 ], [ -67.22641, 62.8443399 ], [ -67.1478899, 62.8466501 ], [ -67.13933, 62.81392 ], [ -67.0938101, 62.80857 ], [ -67.0529399, 62.7839601 ], [ -67.09132, 62.75199 ], [ -67.00304, 62.7453899 ], [ -66.9776301, 62.70063 ], [ -66.9103701, 62.6983601 ], [ -66.9495001, 62.6683599 ], [ -66.83983, 62.6572399 ], [ -66.8103301, 62.67252 ], [ -66.7525201, 62.6713499 ], [ -66.7036199, 62.65584 ], [ -66.7355101, 62.6316699 ], [ -66.6997101, 62.6058699 ], [ -66.5844201, 62.60291 ], [ -66.5867, 62.56456 ], [ -66.5216199, 62.54333 ], [ -66.4669199, 62.5021599 ], [ -66.4751101, 62.4576401 ], [ -66.5062799, 62.4285101 ], [ -66.3499699, 62.4289601 ], [ -66.3680899, 62.39244 ], [ -66.43281, 62.33222 ], [ -66.3638401, 62.2963599 ], [ -66.3428599, 62.3410201 ], [ -66.20225, 62.3490201 ], [ -66.1735199, 62.2972301 ], [ -66.10174, 62.24891 ], [ -66.0984501, 62.22605 ], [ -66.03418, 62.22123 ], [ -65.99889, 62.24651 ], [ -65.95954, 62.2427501 ], [ -65.88686, 62.20025 ], [ -65.93366, 62.1741699 ], [ -66.0356401, 62.1589301 ], [ -66.0089601, 62.10484 ], [ -66.0099799, 62.0612199 ], [ -66.0912, 62.0676799 ], [ -66.05983, 62.0365499 ], [ -66.0444201, 61.9930799 ], [ -66.0000799, 61.9679301 ], [ -65.93855, 61.9111399 ], [ -65.9432799, 61.8813399 ], [ -66.0053099, 61.88407 ], [ -66.1000499, 61.86895 ], [ -66.11534, 61.8822001 ], [ -66.1868401, 61.8655 ], [ -66.26354, 61.86257 ], [ -66.31621, 61.8833201 ], [ -66.5089201, 61.9110001 ], [ -66.6105401, 61.95133 ], [ -66.5879899, 61.9753799 ], [ -66.6538901, 61.9813801 ], [ -66.7104999, 62.01714 ], [ -66.78673, 62.01378 ], [ -66.8893, 62.03867 ], [ -66.9192701, 62.03068 ], [ -67.08313, 62.0503299 ], [ -67.19938, 62.08964 ], [ -67.28687, 62.06772 ], [ -67.31167, 62.0974501 ], [ -67.2798301, 62.1293 ], [ -67.34138, 62.1333799 ], [ -67.3488799, 62.1562401 ], [ -67.4740599, 62.13631 ], [ -67.53117, 62.17621 ], [ -67.6227199, 62.1551401 ], [ -67.6676399, 62.1724701 ], [ -67.7006499, 62.15577 ], [ -67.7593599, 62.1646199 ], [ -67.7958199, 62.1971799 ], [ -67.8350499, 62.18843 ], [ -67.9066201, 62.1927299 ], [ -67.92258, 62.21605 ], [ -67.98319, 62.1956001 ], [ -68.1157601, 62.2134099 ], [ -68.15863, 62.2285101 ], [ -68.25035, 62.22213 ], [ -68.2888699, 62.2392199 ], [ -68.41176, 62.23736 ], [ -68.5154401, 62.25273 ], [ -68.5421299, 62.24694 ], [ -68.66115, 62.29793 ], [ -68.67893, 62.33098 ], [ -68.72495, 62.32186 ], [ -68.785, 62.3455099 ], [ -68.7964099, 62.36701 ], [ -68.84402, 62.3739699 ], [ -68.96421, 62.36911 ], [ -69.0498, 62.3883801 ], [ -69.07936, 62.4139501 ], [ -69.1353601, 62.418 ], [ -69.1972801, 62.4366 ], [ -69.24402, 62.4815501 ], [ -69.28485, 62.5024501 ], [ -69.31085, 62.5548399 ], [ -69.3576199, 62.5497399 ], [ -69.40367, 62.5740501 ], [ -69.3821799, 62.6068501 ], [ -69.39302, 62.62882 ], [ -69.44449, 62.6337799 ], [ -69.41583, 62.59089 ], [ -69.4785601, 62.59248 ], [ -69.46704, 62.63639 ], [ -69.53476, 62.6316799 ], [ -69.5690601, 62.65303 ], [ -69.50063, 62.68386 ], [ -69.4217501, 62.6955 ], [ -69.4186599, 62.71367 ], [ -69.5286901, 62.6968001 ], [ -69.5343, 62.72965 ], [ -69.46464, 62.76725 ], [ -69.61749, 62.77536 ], [ -69.68165, 62.7725001 ], [ -69.76503, 62.79126 ], [ -69.82815, 62.8305599 ], [ -69.8500299, 62.81329 ], [ -69.8196, 62.78456 ], [ -69.8812599, 62.7542601 ], [ -69.9005701, 62.78381 ], [ -69.9716101, 62.81224 ], [ -69.9998459, 62.8005564 ], [ -69.9757401, 62.75977 ], [ -70.0374488, 62.7668974 ], [ -70.1649731, 62.7431538 ], [ -70.3281601, 62.7961013 ], [ -70.4281218, 62.8373206 ], [ -70.4802784, 62.8736034 ], [ -70.6697082, 62.8905776 ], [ -70.7820003, 62.8944988 ], [ -70.8383616, 62.9048864 ], [ -70.8082157, 62.9349928 ], [ -70.8472416, 62.9571557 ], [ -70.9128248, 62.9529229 ], [ -70.9382199, 63.0029697 ], [ -71.0203894, 62.9913488 ], [ -71.0550374, 62.9683704 ], [ -71.1137314, 62.979861 ], [ -71.0615126, 63.0205501 ], [ -70.9969042, 63.0250109 ], [ -70.9867551, 63.0434229 ], [ -70.9234447, 63.0603123 ], [ -70.9147374, 63.1102718 ], [ -70.8809185, 63.151306 ], [ -70.9596246, 63.1494725 ], [ -70.9530525, 63.1072733 ], [ -70.9743076, 63.0640747 ], [ -71.0807231, 63.0621964 ], [ -71.1721709, 63.0687986 ], [ -71.1707132, 63.0154838 ], [ -71.2969168, 63.0403607 ], [ -71.402402, 63.0495624 ], [ -71.4110743, 63.0753153 ], [ -71.5237829, 63.1198677 ], [ -71.5952983, 63.127365 ], [ -71.6835053, 63.1822012 ], [ -71.6784072, 63.2167763 ], [ -71.7059058, 63.2742571 ], [ -71.7663495, 63.2828124 ], [ -71.7318529, 63.3112122 ], [ -71.7887746, 63.3214678 ], [ -71.730506, 63.3531706 ], [ -71.8673328, 63.3740345 ], [ -71.9663425, 63.4088139 ], [ -71.9782626, 63.3878191 ], [ -72.0623052, 63.3975089 ], [ -72.0972184, 63.4248445 ], [ -72.0265016, 63.4400295 ], [ -71.9125144, 63.4419647 ], [ -71.7731994, 63.4299264 ], [ -71.6162106, 63.4087546 ], [ -71.5474667, 63.4546954 ], [ -71.4556171, 63.4786071 ], [ -71.4071913, 63.4720212 ], [ -71.3885958, 63.5013871 ], [ -71.439924, 63.5080506 ], [ -71.4568737, 63.5424003 ], [ -71.4063434, 63.5425505 ], [ -71.3522632, 63.5255623 ], [ -71.2921262, 63.524786 ], [ -71.2475113, 63.589187 ], [ -71.3442702, 63.5566015 ], [ -71.3647582, 63.5760731 ], [ -71.3341919, 63.5947578 ], [ -71.3651176, 63.6362624 ], [ -71.4122941, 63.586489 ], [ -71.4771064, 63.5737557 ], [ -71.5550868, 63.5846123 ], [ -71.512277, 63.6196824 ], [ -71.5515678, 63.6705617 ], [ -71.62175, 63.6985 ], [ -71.6790396, 63.6971176 ], [ -71.7743642, 63.7147352 ], [ -71.77, 63.75375 ], [ -71.918, 63.80275 ], [ -71.9205, 63.7745 ], [ -71.8675, 63.7575 ], [ -71.8356638, 63.7154953 ], [ -71.9067279, 63.6727522 ], [ -71.963957, 63.6954748 ], [ -72.0294991, 63.6866035 ], [ -72.1627211, 63.7412521 ], [ -72.1934608, 63.6934784 ], [ -72.1845687, 63.6697564 ], [ -72.2528658, 63.666726 ], [ -72.2512685, 63.6951058 ], [ -72.2894754, 63.7419003 ], [ -72.3409974, 63.7592402 ], [ -72.2265, 63.79925 ], [ -72.1945, 63.8425 ], [ -72.18975, 63.87625 ], [ -72.2735, 63.873 ], [ -72.33075, 63.833 ], [ -72.38825, 63.817 ], [ -72.3535, 63.795 ], [ -72.3964717, 63.7720252 ], [ -72.5457279, 63.7758336 ], [ -72.4677862, 63.7958158 ], [ -72.48325, 63.8425 ], [ -72.5345, 63.8395 ], [ -72.5955, 63.8715 ], [ -72.61875, 63.92125 ] ] ], [ [ [ -61.3656264, 56.427943 ], [ -61.3343178, 56.3999457 ], [ -61.4226724, 56.4052885 ], [ -61.4166952, 56.4263204 ], [ -61.3656264, 56.427943 ] ] ], [ [ [ -61.4708584, 56.9607489 ], [ -61.464138, 56.9377293 ], [ -61.34488, 56.9298617 ], [ -61.4036687, 56.8902221 ], [ -61.3671124, 56.8679875 ], [ -61.3929447, 56.8371354 ], [ -61.4703838, 56.8520313 ], [ -61.5063777, 56.8286293 ], [ -61.4866625, 56.7932725 ], [ -61.4479372, 56.7943008 ], [ -61.3753021, 56.7790147 ], [ -61.3625326, 56.6742963 ], [ -61.3915711, 56.6530755 ], [ -61.3867872, 56.6310564 ], [ -61.4120539, 56.6031566 ], [ -61.4547636, 56.6120789 ], [ -61.4682424, 56.6400182 ], [ -61.5629934, 56.6780483 ], [ -61.5679411, 56.6943405 ], [ -61.6634035, 56.694896 ], [ -61.6167561, 56.7238661 ], [ -61.644736, 56.7427361 ], [ -61.6373954, 56.7840614 ], [ -61.6141977, 56.816453 ], [ -61.6340252, 56.8621872 ], [ -61.6040297, 56.8948464 ], [ -61.5280055, 56.9055188 ], [ -61.5231538, 56.941783 ], [ -61.4708584, 56.9607489 ] ] ], [ [ [ -61.4218677, 47.634287 ], [ -61.4096114, 47.6130894 ], [ -61.4520992, 47.5998225 ], [ -61.4856879, 47.6183508 ], [ -61.5926464, 47.5971459 ], [ -61.6038498, 47.5821527 ], [ -61.6925106, 47.5376782 ], [ -61.7436459, 47.4976036 ], [ -61.723915, 47.4763568 ], [ -61.7724221, 47.3912321 ], [ -61.825236, 47.410763 ], [ -61.7628534, 47.437034 ], [ -61.7785247, 47.470284 ], [ -61.8684947, 47.4106853 ], [ -61.8459569, 47.3960992 ], [ -61.8798185, 47.3487351 ], [ -61.929045, 47.3402299 ], [ -61.9326291, 47.3028209 ], [ -61.8949557, 47.2380933 ], [ -61.9688953, 47.211726 ], [ -62.0058787, 47.2156957 ], [ -62.0210739, 47.2351756 ], [ -61.9724621, 47.2608699 ], [ -61.9254249, 47.2676193 ], [ -61.9574631, 47.3628033 ], [ -61.9348961, 47.4056795 ], [ -61.852707, 47.433096 ], [ -61.7899153, 47.4683532 ], [ -61.7066603, 47.532069 ], [ -61.5546364, 47.621292 ], [ -61.5255276, 47.6313069 ], [ -61.4828521, 47.6245957 ], [ -61.4218677, 47.634287 ] ] ], [ [ [ -61.7586673, 56.4123964 ], [ -61.6530174, 56.4095031 ], [ -61.611616, 56.3922069 ], [ -61.4951837, 56.4052141 ], [ -61.4123557, 56.3700577 ], [ -61.4460516, 56.3473417 ], [ -61.4176605, 56.3289559 ], [ -61.4953706, 56.3156592 ], [ -61.5824292, 56.3349758 ], [ -61.638266, 56.336003 ], [ -61.7129477, 56.3542173 ], [ -61.7586673, 56.4123964 ] ] ], [ [ [ -61.5513755, 56.5952051 ], [ -61.4234402, 56.5807319 ], [ -61.4249823, 56.5594281 ], [ -61.5713065, 56.5788669 ], [ -61.5513755, 56.5952051 ] ] ], [ [ [ -61.4972636, 57.2917122 ], [ -61.4631389, 57.25535 ], [ -61.491756, 57.2350372 ], [ -61.534753, 57.2637643 ], [ -61.4972636, 57.2917122 ] ] ], [ [ [ -61.4781576, 56.2893994 ], [ -61.4668655, 56.2574845 ], [ -61.5624109, 56.2647615 ], [ -61.5236265, 56.2870248 ], [ -61.4781576, 56.2893994 ] ] ], [ [ [ -61.5563012, 56.6569907 ], [ -61.6184262, 56.6112059 ], [ -61.641775, 56.6216286 ], [ -61.60323, 56.6521589 ], [ -61.5563012, 56.6569907 ] ] ], [ [ [ -61.634482, 56.4489942 ], [ -61.5831647, 56.4506732 ], [ -61.578041, 56.4191852 ], [ -61.6422791, 56.4312584 ], [ -61.634482, 56.4489942 ] ] ], [ [ [ -61.7263262, 57.5433486 ], [ -61.643547, 57.51593 ], [ -61.6978109, 57.4430045 ], [ -61.6205622, 57.4045112 ], [ -61.6692418, 57.3867848 ], [ -61.7194654, 57.4062862 ], [ -61.8563111, 57.4121288 ], [ -61.8963838, 57.4385187 ], [ -61.8101335, 57.4824339 ], [ -61.7655119, 57.5333043 ], [ -61.7263262, 57.5433486 ] ] ], [ [ [ -61.7222086, 57.3804806 ], [ -61.639466, 57.3575357 ], [ -61.6475923, 57.3015616 ], [ -61.7376531, 57.2951678 ], [ -61.7762037, 57.3201174 ], [ -61.7677029, 57.3580436 ], [ -61.7222086, 57.3804806 ] ] ], [ [ [ -61.7803916, 57.8478577 ], [ -61.7413222, 57.8176101 ], [ -61.7031407, 57.8277021 ], [ -61.6886196, 57.7955328 ], [ -61.6573013, 57.7869001 ], [ -61.6934096, 57.7086591 ], [ -61.757889, 57.7114856 ], [ -61.8170035, 57.7440536 ], [ -61.8371528, 57.7697685 ], [ -61.9099188, 57.7582405 ], [ -61.9056741, 57.7848674 ], [ -61.8639029, 57.8256247 ], [ -61.7803916, 57.8478577 ] ] ], [ [ [ -64.1485805, 49.9517062 ], [ -64.0784699, 49.9266227 ], [ -64.0497691, 49.9310125 ], [ -63.9685451, 49.9139995 ], [ -63.9180195, 49.8859594 ], [ -63.8706714, 49.8768413 ], [ -63.8190648, 49.8800685 ], [ -63.7236774, 49.8689487 ], [ -63.6766775, 49.8555784 ], [ -63.59228, 49.8505112 ], [ -63.3800138, 49.8267 ], [ -63.1421772, 49.775833 ], [ -63.0132967, 49.7522492 ], [ -62.9994849, 49.7326807 ], [ -62.9472472, 49.7329685 ], [ -62.9232508, 49.7070743 ], [ -62.8540606, 49.7022105 ], [ -62.757441, 49.657811 ], [ -62.7010799, 49.6602942 ], [ -62.6440541, 49.620929 ], [ -62.5624932, 49.6078994 ], [ -62.5128842, 49.5876476 ], [ -62.4778552, 49.5586866 ], [ -62.4428676, 49.5463719 ], [ -62.4409578, 49.5103628 ], [ -62.3892433, 49.4839376 ], [ -62.3467471, 49.490374 ], [ -62.3234418, 49.4682305 ], [ -62.2533569, 49.4548762 ], [ -62.2499406, 49.4248484 ], [ -62.1639617, 49.3965144 ], [ -62.1358312, 49.4020368 ], [ -62.0921486, 49.378002 ], [ -62.0589616, 49.3875183 ], [ -61.9739079, 49.365676 ], [ -61.9660074, 49.3444421 ], [ -61.8950638, 49.3515952 ], [ -61.8760827, 49.3257508 ], [ -61.8332896, 49.313814 ], [ -61.8324809, 49.2806526 ], [ -61.719622, 49.1975285 ], [ -61.7124659, 49.1697554 ], [ -61.6696588, 49.132939 ], [ -61.7344453, 49.0903693 ], [ -61.8134471, 49.0763833 ], [ -61.8289699, 49.0637999 ], [ -61.9119759, 49.0796467 ], [ -61.960861, 49.0675701 ], [ -62.0828379, 49.0760444 ], [ -62.2019959, 49.0722042 ], [ -62.2457105, 49.062041 ], [ -62.3956842, 49.1053141 ], [ -62.4398481, 49.1100879 ], [ -62.5, 49.129555 ], [ -62.6554011, 49.1435232 ], [ -62.7719593, 49.1602488 ], [ -62.8537733, 49.1846474 ], [ -62.9346521, 49.1911456 ], [ -63.1821833, 49.2582132 ], [ -63.2311632, 49.2785269 ], [ -63.3006586, 49.3250339 ], [ -63.3312787, 49.3214904 ], [ -63.4257765, 49.357126 ], [ -63.5695143, 49.3895181 ], [ -63.5780289, 49.4139909 ], [ -63.6198502, 49.4603728 ], [ -63.6097266, 49.47865 ], [ -63.665442, 49.538572 ], [ -63.7697496, 49.5899642 ], [ -63.825939, 49.6370405 ], [ -63.860273, 49.6456549 ], [ -63.9833831, 49.6975763 ], [ -64.0834528, 49.7133662 ], [ -64.1580269, 49.7376591 ], [ -64.2350517, 49.7481065 ], [ -64.3224574, 49.7841702 ], [ -64.3288356, 49.8061495 ], [ -64.3929187, 49.8294234 ], [ -64.4191569, 49.8020177 ], [ -64.4526178, 49.838139 ], [ -64.5128219, 49.8563725 ], [ -64.5197447, 49.8785712 ], [ -64.487841, 49.9034305 ], [ -64.2959908, 49.9406032 ], [ -64.1485805, 49.9517062 ] ] ], [ [ [ -61.7136891, 57.5873168 ], [ -61.6955852, 57.5511838 ], [ -61.7556293, 57.565005 ], [ -61.7136891, 57.5873168 ] ] ], [ [ [ -61.8575206, 56.4745409 ], [ -61.7746222, 56.4657512 ], [ -61.7141202, 56.4270712 ], [ -61.8444034, 56.4337696 ], [ -61.8908585, 56.4546426 ], [ -61.8575206, 56.4745409 ] ] ], [ [ [ -61.8856767, 57.5908788 ], [ -61.7835196, 57.5495936 ], [ -61.788442, 57.5091244 ], [ -61.8700866, 57.4594311 ], [ -61.9184565, 57.4476384 ], [ -61.9687917, 57.4542058 ], [ -62.0106144, 57.5078095 ], [ -62.0489958, 57.5250561 ], [ -62.0478794, 57.5459947 ], [ -61.9962565, 57.5780376 ], [ -61.9549863, 57.5506284 ], [ -61.8856767, 57.5908788 ] ] ], [ [ [ -63.9887263, 47.0480362 ], [ -63.9918502, 46.9382976 ], [ -63.973685, 46.8863899 ], [ -64.0735471, 46.7841905 ], [ -64.0512453, 46.7398415 ], [ -64.017535, 46.7407233 ], [ -63.8789268, 46.638901 ], [ -63.8774651, 46.5979985 ], [ -63.8534476, 46.5704375 ], [ -63.8665995, 46.526386 ], [ -63.8084186, 46.4954489 ], [ -63.8119758, 46.4674249 ], [ -63.7912827, 46.4410889 ], [ -63.7590446, 46.4479994 ], [ -63.7278513, 46.4352672 ], [ -63.6945754, 46.4614374 ], [ -63.7473053, 46.4979761 ], [ -63.7184885, 46.5560066 ], [ -63.6560026, 46.5430504 ], [ -63.6674773, 46.5678985 ], [ -63.5554332, 46.5405508 ], [ -63.5064212, 46.5348093 ], [ -63.484812, 46.51761 ], [ -63.497367, 46.4888295 ], [ -63.4687016, 46.4804865 ], [ -63.4079717, 46.5021355 ], [ -63.3122546, 46.4894848 ], [ -63.2697785, 46.4232898 ], [ -63.1384991, 46.4312189 ], [ -63.04269, 46.4131638 ], [ -62.9880973, 46.3599271 ], [ -62.9700399, 46.4032392 ], [ -62.9061479, 46.4311282 ], [ -62.8328739, 46.4328808 ], [ -62.7508051, 46.4433162 ], [ -62.7175169, 46.4301077 ], [ -62.6903674, 46.4564056 ], [ -62.6289714, 46.467602 ], [ -62.5378714, 46.4682155 ], [ -62.4716197, 46.4745608 ], [ -62.4113546, 46.467545 ], [ -62.146659, 46.4840535 ], [ -62.0682214, 46.4682671 ], [ -61.9875725, 46.4632883 ], [ -62.0056824, 46.4299697 ], [ -62.0567051, 46.4113963 ], [ -62.0973084, 46.3823641 ], [ -62.1574547, 46.3665074 ], [ -62.1824132, 46.349919 ], [ -62.2705097, 46.3434963 ], [ -62.3180687, 46.3499711 ], [ -62.3483237, 46.3423811 ], [ -62.346008, 46.3086527 ], [ -62.3907874, 46.3023357 ], [ -62.3576483, 46.2763499 ], [ -62.3850913, 46.2596514 ], [ -62.4209216, 46.2587554 ], [ -62.4087671, 46.2126504 ], [ -62.4920572, 46.2152937 ], [ -62.5418764, 46.1497276 ], [ -62.5152913, 46.1207127 ], [ -62.4637865, 46.1207939 ], [ -62.4521661, 46.0808757 ], [ -62.4812862, 46.0454696 ], [ -62.5296755, 46.0453792 ], [ -62.5495553, 46.0330897 ], [ -62.503579, 46.0101309 ], [ -62.5034767, 45.9778279 ], [ -62.5598951, 45.9662808 ], [ -62.6686039, 45.9586354 ], [ -62.7273864, 45.9640071 ], [ -62.75, 45.9568967 ], [ -62.829702, 45.9643168 ], [ -62.8517895, 45.9735235 ], [ -62.938709, 46.0456858 ], [ -62.9816578, 46.0562826 ], [ -62.9385574, 46.0910835 ], [ -62.8862898, 46.1073839 ], [ -62.9617332, 46.1263495 ], [ -62.9852032, 46.1744008 ], [ -63.0225146, 46.1749426 ], [ -63.0838364, 46.1991061 ], [ -63.1261016, 46.2071319 ], [ -63.0926107, 46.2418088 ], [ -63.0492612, 46.2599276 ], [ -63.05488, 46.292501 ], [ -63.122971, 46.2295736 ], [ -63.2309535, 46.1956471 ], [ -63.2178915, 46.1797163 ], [ -63.1434682, 46.208199 ], [ -63.1292794, 46.1897579 ], [ -63.1553344, 46.1695826 ], [ -63.2477174, 46.1287859 ], [ -63.3613396, 46.1653802 ], [ -63.3996002, 46.1697476 ], [ -63.4770016, 46.2070451 ], [ -63.5258135, 46.2030735 ], [ -63.6166053, 46.2153743 ], [ -63.6693879, 46.2450877 ], [ -63.7012456, 46.2515029 ], [ -63.7062341, 46.2784842 ], [ -63.7494428, 46.3050988 ], [ -63.7950149, 46.3201455 ], [ -63.7651181, 46.381041 ], [ -63.8040428, 46.3960597 ], [ -63.840321, 46.3913988 ], [ -63.939077, 46.4186661 ], [ -63.9577779, 46.3967169 ], [ -64.0044779, 46.3852284 ], [ -64.0539386, 46.3964505 ], [ -64.1353151, 46.4020498 ], [ -64.1405758, 46.4301269 ], [ -64.105783, 46.448634 ], [ -64.11036, 46.5252989 ], [ -64.0556164, 46.5763278 ], [ -64.0796056, 46.5883159 ], [ -64.1269535, 46.587683 ], [ -64.2172843, 46.6300257 ], [ -64.3010027, 46.630183 ], [ -64.3823395, 46.615167 ], [ -64.411336, 46.6578313 ], [ -64.409939, 46.7068049 ], [ -64.374778, 46.7469496 ], [ -64.2871519, 46.8060362 ], [ -64.2598092, 46.8341236 ], [ -64.2262404, 46.8953627 ], [ -64.1651499, 46.9500957 ], [ -64.0483437, 47.0059359 ], [ -63.9887263, 47.0480362 ] ] ], [ [ [ -62.0835, 66.29625 ], [ -62.03875, 66.269 ], [ -62.09975, 66.254 ], [ -62.12625, 66.2805 ], [ -62.0835, 66.29625 ] ] ], [ [ [ -62.263, 65.93675 ], [ -62.1635, 65.91575 ], [ -62.1325, 65.89575 ], [ -62.193, 65.86275 ], [ -62.2315, 65.90225 ], [ -62.2815, 65.91675 ], [ -62.263, 65.93675 ] ] ], [ [ [ -62.31675, 65.74 ], [ -62.2595, 65.72025 ], [ -62.2635, 65.69 ], [ -62.19875, 65.69575 ], [ -62.145, 65.6635 ], [ -62.20625, 65.6375 ], [ -62.20275, 65.61825 ], [ -62.33975, 65.617 ], [ -62.38725, 65.639 ], [ -62.47175, 65.6505 ], [ -62.43725, 65.67175 ], [ -62.4735, 65.719 ], [ -62.3825, 65.72075 ], [ -62.31675, 65.74 ] ] ], [ [ [ -62.1822833, 58.0160598 ], [ -62.1608071, 57.9897781 ], [ -62.2112531, 57.952763 ], [ -62.2331207, 58.0021232 ], [ -62.1822833, 58.0160598 ] ] ], [ [ [ -62.27325, 66.2675 ], [ -62.2095, 66.24275 ], [ -62.19625, 66.20475 ], [ -62.42125, 66.224 ], [ -62.27325, 66.2675 ] ] ], [ [ [ -62.2534802, 57.5250209 ], [ -62.2337538, 57.502169 ], [ -62.2478669, 57.4697591 ], [ -62.302016, 57.4872724 ], [ -62.2534802, 57.5250209 ] ] ], [ [ [ -62.4039584, 66.992598 ], [ -62.33525, 66.959 ], [ -62.35975, 66.937 ], [ -62.437, 66.936 ], [ -62.44525, 66.963 ], [ -62.4039584, 66.992598 ] ] ], [ [ [ -62.39275, 67.1875 ], [ -62.37675, 67.166 ], [ -62.4475, 67.1245 ], [ -62.55275, 67.1045 ], [ -62.60425, 67.086 ], [ -62.634, 67.04525 ], [ -62.741, 67.035 ], [ -62.764, 66.997 ], [ -62.81825, 67.013 ], [ -62.77425, 67.09425 ], [ -62.6955, 67.10325 ], [ -62.673, 67.1395 ], [ -62.55725, 67.185 ], [ -62.434, 67.17775 ], [ -62.39275, 67.1875 ] ] ], [ [ [ -62.7227181, 58.5778381 ], [ -62.6576328, 58.565251 ], [ -62.7265651, 58.526003 ], [ -62.7517425, 58.5401843 ], [ -62.7227181, 58.5778381 ] ] ], [ [ [ -62.8705, 65.6155 ], [ -62.81475, 65.55675 ], [ -62.76575, 65.556 ], [ -62.79125, 65.51925 ], [ -62.8895, 65.56275 ], [ -62.90175, 65.5885 ], [ -62.8705, 65.6155 ] ] ], [ [ [ -63.07625, 67.0775 ], [ -63.00975, 67.059 ], [ -62.9525, 67.05975 ], [ -62.9155, 67.02475 ], [ -62.92475, 66.995 ], [ -63.03425, 67.00675 ], [ -63.1255, 67.059 ], [ -63.07625, 67.0775 ] ] ], [ [ [ -63.09925, 67.02425 ], [ -63.0055, 66.955 ], [ -63.0925, 66.95175 ], [ -63.13525, 66.99025 ], [ -63.09925, 67.02425 ] ] ], [ [ [ -63.0335584, 58.5545858 ], [ -63.0185871, 58.5098062 ], [ -63.0390303, 58.4939382 ], [ -63.0914661, 58.5017005 ], [ -63.0981261, 58.5299648 ], [ -63.0335584, 58.5545858 ] ] ], [ [ [ -63.12125, 67.113 ], [ -63.08875, 67.08825 ], [ -63.17825, 67.083 ], [ -63.2075, 67.10525 ], [ -63.12125, 67.113 ] ] ], [ [ [ -63.1340359, 50.2417866 ], [ -63.0972111, 50.215166 ], [ -63.185051, 50.20455 ], [ -63.1946962, 50.2194009 ], [ -63.1340359, 50.2417866 ] ] ], [ [ [ -63.25175, 65.3165 ], [ -63.21225, 65.27525 ], [ -63.265, 65.24775 ], [ -63.32875, 65.29225 ], [ -63.25175, 65.3165 ] ] ], [ [ [ -63.3741012, 64.9893605 ], [ -63.3341604, 64.9669133 ], [ -63.3181182, 64.9310424 ], [ -63.4000185, 64.9378645 ], [ -63.4027245, 64.9804397 ], [ -63.3741012, 64.9893605 ] ] ], [ [ [ -63.4335, 65.35975 ], [ -63.3365, 65.35275 ], [ -63.362, 65.328 ], [ -63.44875, 65.34475 ], [ -63.4335, 65.35975 ] ] ], [ [ [ -63.591, 67.364 ], [ -63.6105, 67.31375 ], [ -63.4965, 67.3485 ], [ -63.372, 67.29675 ], [ -63.42175, 67.2695 ], [ -63.72725, 67.2755 ], [ -63.813, 67.287 ], [ -63.74075, 67.31075 ], [ -63.699, 67.35025 ], [ -63.591, 67.364 ] ] ], [ [ [ -63.925, 67.64225 ], [ -63.887, 67.5965 ], [ -63.7665, 67.55075 ], [ -63.72825, 67.51825 ], [ -63.75, 67.498 ], [ -63.874, 67.488 ], [ -64.00125, 67.48625 ], [ -64.0365, 67.511 ], [ -64.026, 67.56575 ], [ -63.984, 67.5725 ], [ -63.965, 67.629 ], [ -63.925, 67.64225 ] ] ], [ [ [ -63.8996968, 67.376395 ], [ -63.8349475, 67.3640303 ], [ -63.8413153, 67.3311114 ], [ -63.8887864, 67.3290614 ], [ -63.8996968, 67.376395 ] ] ], [ [ [ -63.9014802, 50.2445192 ], [ -63.8511622, 50.2133707 ], [ -63.8514049, 50.1933754 ], [ -63.9106615, 50.1913879 ], [ -63.9279932, 50.2307252 ], [ -63.9014802, 50.2445192 ] ] ], [ [ [ -63.9656706, 65.0838445 ], [ -63.926034, 65.0522935 ], [ -63.9914244, 65.0404098 ], [ -63.9656706, 65.0838445 ] ] ], [ [ [ -63.9925, 63.641 ], [ -63.92675, 63.6135 ], [ -63.96525, 63.58975 ], [ -64.01475, 63.58325 ], [ -64.0485, 63.62125 ], [ -63.9925, 63.641 ] ] ], [ [ [ -64.0705, 63.7555 ], [ -64.0295, 63.7305 ], [ -64.045, 63.711 ], [ -64.11575, 63.70375 ], [ -64.1625, 63.6745 ], [ -64.20975, 63.717 ], [ -64.14175, 63.745 ], [ -64.0705, 63.7555 ] ] ], [ [ [ -64.16475, 63.638 ], [ -64.12525, 63.6175 ], [ -64.14075, 63.5975 ], [ -64.07275, 63.57875 ], [ -64.05475, 63.55925 ], [ -64.09375, 63.51525 ], [ -64.1305, 63.51775 ], [ -64.181, 63.5765 ], [ -64.193, 63.61425 ], [ -64.16475, 63.638 ] ] ], [ [ [ -64.3735, 63.6715 ], [ -64.30075, 63.635 ], [ -64.31275, 63.587 ], [ -64.24125, 63.49825 ], [ -64.25425, 63.479 ], [ -64.221, 63.44575 ], [ -64.26375, 63.42975 ], [ -64.1665, 63.3915 ], [ -64.15975, 63.354 ], [ -64.07125, 63.3245 ], [ -64.09525, 63.31075 ], [ -64.24025, 63.327 ], [ -64.28425, 63.37525 ], [ -64.31875, 63.375 ], [ -64.3927337, 63.4630878 ], [ -64.374, 63.5095 ], [ -64.418, 63.5615 ], [ -64.45225, 63.567 ], [ -64.4789943, 63.6065751 ], [ -64.4585, 63.64125 ], [ -64.382, 63.65175 ], [ -64.3735, 63.6715 ] ] ], [ [ [ -64.16075, 63.863 ], [ -64.15775, 63.80825 ], [ -64.237, 63.7705 ], [ -64.282, 63.7975 ], [ -64.31125, 63.803 ], [ -64.359, 63.85125 ], [ -64.23775, 63.8395 ], [ -64.16075, 63.863 ] ] ], [ [ [ -64.2626811, 60.1986862 ], [ -64.2374708, 60.1604347 ], [ -64.3023152, 60.1636422 ], [ -64.2626811, 60.1986862 ] ] ], [ [ [ -64.35775, 63.81375 ], [ -64.27675, 63.78925 ], [ -64.24525, 63.763 ], [ -64.25775, 63.70675 ], [ -64.308, 63.71 ], [ -64.36075, 63.7535 ], [ -64.3335, 63.76825 ], [ -64.35775, 63.81375 ] ] ], [ [ [ -64.322, 62.557 ], [ -64.28325, 62.5315 ], [ -64.3355, 62.512 ], [ -64.36075, 62.54275 ], [ -64.322, 62.557 ] ] ], [ [ [ -64.3843442, 44.2229155 ], [ -64.3388258, 44.2012073 ], [ -64.4002133, 44.1875945 ], [ -64.3843442, 44.2229155 ] ] ], [ [ [ -64.521649, 62.5619223 ], [ -64.44375, 62.537 ], [ -64.44525, 62.4975 ], [ -64.426, 62.4715 ], [ -64.35475, 62.46675 ], [ -64.395, 62.43475 ], [ -64.457, 62.43425 ], [ -64.47975, 62.38125 ], [ -64.596, 62.36175 ], [ -64.749, 62.37975 ], [ -64.916, 62.42175 ], [ -64.93875, 62.47075 ], [ -64.90425, 62.48825 ], [ -64.7955, 62.49175 ], [ -64.83425, 62.51475 ], [ -64.822, 62.54025 ], [ -64.77925, 62.55625 ], [ -64.717, 62.55825 ], [ -64.7005, 62.535 ], [ -64.62475, 62.54425 ], [ -64.5345, 62.528 ], [ -64.521649, 62.5619223 ] ] ], [ [ [ -64.838, 63.8515 ], [ -64.80125, 63.87025 ], [ -64.7555, 63.85675 ], [ -64.7089824, 63.8934121 ], [ -64.615, 63.91575 ], [ -64.61975, 63.8775 ], [ -64.57575, 63.85925 ], [ -64.5355, 63.8205 ], [ -64.54525, 63.77775 ], [ -64.5045, 63.7655 ], [ -64.4155, 63.77375 ], [ -64.371, 63.73225 ], [ -64.3735, 63.68575 ], [ -64.43025, 63.66725 ], [ -64.47575, 63.6735 ], [ -64.504, 63.715 ], [ -64.6555, 63.7765 ], [ -64.748, 63.75525 ], [ -64.817, 63.7835 ], [ -64.862, 63.777 ], [ -64.90325, 63.7935 ], [ -64.89425, 63.8375 ], [ -64.838, 63.8515 ] ] ], [ [ [ -64.7895333, 60.4916816 ], [ -64.7276558, 60.4789751 ], [ -64.6591606, 60.4909003 ], [ -64.5800361, 60.4647357 ], [ -64.5517205, 60.4322537 ], [ -64.4676914, 60.4059088 ], [ -64.4424837, 60.3642353 ], [ -64.4747415, 60.3434072 ], [ -64.4490594, 60.2925326 ], [ -64.5291977, 60.3143233 ], [ -64.6195067, 60.3487355 ], [ -64.7000024, 60.3572336 ], [ -64.7637724, 60.3784669 ], [ -64.8632299, 60.4467133 ], [ -64.8487777, 60.471823 ], [ -64.7895333, 60.4916816 ] ] ], [ [ [ -64.520271, 48.0209088 ], [ -64.4910632, 48.0094687 ], [ -64.4977932, 47.9746728 ], [ -64.4869937, 47.9480334 ], [ -64.5256819, 47.9191071 ], [ -64.5908526, 47.8978065 ], [ -64.5993606, 47.9225437 ], [ -64.5536318, 47.9695239 ], [ -64.5466996, 48.0108473 ], [ -64.520271, 48.0209088 ] ] ], [ [ [ -64.6248725, 47.8861205 ], [ -64.5685493, 47.8780683 ], [ -64.5619547, 47.8656606 ], [ -64.5061957, 47.8511464 ], [ -64.578703, 47.7678433 ], [ -64.6146845, 47.7410059 ], [ -64.6507254, 47.7293943 ], [ -64.6538724, 47.7905548 ], [ -64.7062177, 47.8127763 ], [ -64.7051667, 47.8352154 ], [ -64.6491025, 47.8799647 ], [ -64.6248725, 47.8861205 ] ] ], [ [ [ -64.6253238, 60.6628229 ], [ -64.5951208, 60.6425451 ], [ -64.6227086, 60.614061 ], [ -64.6967774, 60.6094643 ], [ -64.6253238, 60.6628229 ] ] ], [ [ [ -65.01211, 61.6948999 ], [ -64.9492399, 61.67227 ], [ -64.8339699, 61.67181 ], [ -64.77572, 61.65134 ], [ -64.7486799, 61.6586 ], [ -64.70516, 61.6047199 ], [ -64.6547399, 61.6129301 ], [ -64.6229726, 61.5919631 ], [ -64.6865124, 61.5465381 ], [ -64.6545487, 61.4968367 ], [ -64.7190076, 61.4418477 ], [ -64.7011321, 61.4198676 ], [ -64.7666816, 61.4139518 ], [ -64.7658199, 61.3643401 ], [ -64.82222, 61.3438801 ], [ -64.8267001, 61.31106 ], [ -64.8812199, 61.32362 ], [ -64.89673, 61.3423499 ], [ -64.95074, 61.33697 ], [ -64.9704601, 61.39632 ], [ -65.0218301, 61.3983799 ], [ -65.04191, 61.4197101 ], [ -65.08736, 61.42043 ], [ -65.11192, 61.45179 ], [ -65.1633899, 61.4576399 ], [ -65.1938101, 61.50604 ], [ -65.2662901, 61.5046 ], [ -65.3565701, 61.5542599 ], [ -65.4577, 61.5847299 ], [ -65.4584299, 61.6412901 ], [ -65.38733, 61.66136 ], [ -65.26048, 61.67158 ], [ -65.23322, 61.6818799 ], [ -65.01211, 61.6948999 ] ] ], [ [ [ -64.6409095, 60.6750081 ], [ -64.6740787, 60.6390614 ], [ -64.7261995, 60.6071828 ], [ -64.7581504, 60.6145667 ], [ -64.6666874, 60.6756782 ], [ -64.6409095, 60.6750081 ] ] ], [ [ [ -64.74625, 63.25825 ], [ -64.6665, 63.2385 ], [ -64.65225, 63.214 ], [ -64.68675, 63.19275 ], [ -64.72725, 63.206 ], [ -64.74625, 63.25825 ] ] ], [ [ [ -64.7073101, 67.92329 ], [ -64.6738799, 67.9026599 ], [ -64.72374, 67.8882099 ], [ -64.78653, 67.9016 ], [ -64.7073101, 67.92329 ] ] ], [ [ [ -64.7128347, 61.3886639 ], [ -64.7383162, 61.3292581 ], [ -64.7888101, 61.32794 ], [ -64.7440199, 61.3845801 ], [ -64.7128347, 61.3886639 ] ] ], [ [ [ -65.1475701, 61.93752 ], [ -65.10336, 61.9344899 ], [ -65.02289, 61.9086999 ], [ -65.0056001, 61.87261 ], [ -64.9404301, 61.85768 ], [ -64.8446001, 61.8137 ], [ -64.7856999, 61.74973 ], [ -64.8675299, 61.7192101 ], [ -64.95762, 61.71949 ], [ -65.0659799, 61.7751 ], [ -65.15395, 61.78898 ], [ -65.18587, 61.8350601 ], [ -65.2356299, 61.8715 ], [ -65.18685, 61.9323 ], [ -65.1475701, 61.93752 ] ] ], [ [ [ -64.96725, 63.57075 ], [ -64.8835, 63.533 ], [ -64.833, 63.44225 ], [ -64.819, 63.396 ], [ -64.838, 63.38275 ], [ -64.9265, 63.4205 ], [ -64.97475, 63.47275 ], [ -64.966, 63.49025 ], [ -65.0425, 63.52375 ], [ -64.96725, 63.57075 ] ] ], [ [ [ -64.9768438, 64.1075066 ], [ -64.8644755, 64.0895608 ], [ -64.8850807, 64.0656711 ], [ -65.0152384, 64.0668465 ], [ -65.0453142, 64.0898404 ], [ -64.9768438, 64.1075066 ] ] ], [ [ [ -64.9985883, 64.3521491 ], [ -64.9633984, 64.339979 ], [ -64.963097, 64.2815646 ], [ -64.8731326, 64.2772726 ], [ -64.91807, 64.2467165 ], [ -64.9002623, 64.2301074 ], [ -64.9761241, 64.1912141 ], [ -65.0320527, 64.208522 ], [ -65.0813328, 64.2983283 ], [ -65.0616288, 64.3423435 ], [ -64.9985883, 64.3521491 ] ] ], [ [ [ -65.045, 62.52625 ], [ -64.9875, 62.495 ], [ -65.069, 62.494 ], [ -65.045, 62.52625 ] ] ], [ [ [ -65.1804481, 64.2159215 ], [ -65.1032005, 64.21398 ], [ -65.0268111, 64.1885042 ], [ -65.0595985, 64.1475146 ], [ -65.1528428, 64.1580579 ], [ -65.1976822, 64.2077527 ], [ -65.1804481, 64.2159215 ] ] ], [ [ [ -65.0872791, 64.5908723 ], [ -65.0451324, 64.5434431 ], [ -65.1220786, 64.5407952 ], [ -65.2086739, 64.5531408 ], [ -65.0872791, 64.5908723 ] ] ], [ [ [ -65.35631, 64.7440299 ], [ -65.34786, 64.7294499 ], [ -65.3703519, 64.6604847 ], [ -65.28961, 64.72026 ], [ -65.2445101, 64.71762 ], [ -65.2219595, 64.6935118 ], [ -65.28918, 64.6798401 ], [ -65.2044742, 64.6607211 ], [ -65.2011919, 64.6161185 ], [ -65.30506, 64.5923401 ], [ -65.3942899, 64.5978299 ], [ -65.42388, 64.5822499 ], [ -65.33306, 64.5669099 ], [ -65.4066775, 64.5487668 ], [ -65.4325, 64.51375 ], [ -65.57175, 64.51025 ], [ -65.673, 64.517 ], [ -65.6315, 64.56175 ], [ -65.6265, 64.588 ], [ -65.573, 64.6005 ], [ -65.4076884, 64.6814893 ], [ -65.39331, 64.7222101 ], [ -65.35631, 64.7440299 ] ] ], [ [ [ -65.2839467, 68.0092238 ], [ -65.21722, 67.9811399 ], [ -65.2841199, 67.9546501 ], [ -65.3549001, 67.96107 ], [ -65.36376, 67.9878001 ], [ -65.2839467, 68.0092238 ] ] ], [ [ [ -65.3025401, 61.72283 ], [ -65.2953201, 61.69838 ], [ -65.37364, 61.67939 ], [ -65.3718001, 61.7045 ], [ -65.3025401, 61.72283 ] ] ], [ [ [ -65.3981639, 68.0820561 ], [ -65.3955863, 68.0335409 ], [ -65.5117995, 68.0436428 ], [ -65.5391796, 68.0641878 ], [ -65.3981639, 68.0820561 ] ] ], [ [ [ -65.4315441, 43.5468762 ], [ -65.4073687, 43.5363717 ], [ -65.3963896, 43.4843763 ], [ -65.4189715, 43.4808017 ], [ -65.4315441, 43.5468762 ] ] ], [ [ [ -65.5359001, 65.9032599 ], [ -65.50083, 65.8966701 ], [ -65.52139, 65.8479801 ], [ -65.56656, 65.83124 ], [ -65.6464101, 65.8366599 ], [ -65.63704, 65.8793 ], [ -65.5359001, 65.9032599 ] ] ], [ [ [ -65.647968, 68.1806523 ], [ -65.562699, 68.1169861 ], [ -65.6587712, 68.0993898 ], [ -65.6952788, 68.1163435 ], [ -65.7045517, 68.1677064 ], [ -65.647968, 68.1806523 ] ] ], [ [ [ -65.7678499, 61.83967 ], [ -65.71465, 61.8382999 ], [ -65.66537, 61.8040599 ], [ -65.66316, 61.7442 ], [ -65.7093501, 61.74752 ], [ -65.7495999, 61.7719399 ], [ -65.7678499, 61.83967 ] ] ], [ [ [ -65.76557, 59.19556 ], [ -65.7438399, 59.1611899 ], [ -65.8011601, 59.16688 ], [ -65.76557, 59.19556 ] ] ], [ [ [ -65.8522299, 61.83257 ], [ -65.76489, 61.76165 ], [ -65.7826101, 61.7515601 ], [ -65.89431, 61.7676801 ], [ -65.94019, 61.78411 ], [ -65.9267099, 61.80156 ], [ -65.8522299, 61.83257 ] ] ], [ [ [ -65.7740699, 61.8605301 ], [ -65.78637, 61.7811799 ], [ -65.8366301, 61.83955 ], [ -65.7740699, 61.8605301 ] ] ], [ [ [ -65.8881201, 62.1503 ], [ -65.8320701, 62.13021 ], [ -65.82802, 62.0867701 ], [ -65.8926701, 62.0862001 ], [ -65.9125601, 62.1142 ], [ -65.9791799, 62.1358199 ], [ -65.8881201, 62.1503 ] ] ], [ [ [ -65.91008, 62.06561 ], [ -65.8503299, 62.03946 ], [ -65.91566, 62.03272 ], [ -65.91008, 62.06561 ] ] ], [ [ [ -65.9205038, 68.1494013 ], [ -65.8832326, 68.1294281 ], [ -65.9180021, 68.0328814 ], [ -65.9681527, 68.0484852 ], [ -65.9255473, 68.0896642 ], [ -65.9504668, 68.1404781 ], [ -65.9205038, 68.1494013 ] ] ], [ [ [ -65.95421, 58.97525 ], [ -65.9509201, 58.9598299 ], [ -66.0283001, 58.9461699 ], [ -66.0472199, 58.9683701 ], [ -65.95421, 58.97525 ] ] ], [ [ [ -66.1447001, 64.9407701 ], [ -66.09528, 64.9234401 ], [ -66.11877, 64.88435 ], [ -66.2275201, 64.9100901 ], [ -66.1447001, 64.9407701 ] ] ], [ [ [ -66.2152466, 44.4046187 ], [ -66.2107945, 44.383836 ], [ -66.2608077, 44.3192687 ], [ -66.3179423, 44.2724288 ], [ -66.3338032, 44.2775531 ], [ -66.2152466, 44.4046187 ] ] ], [ [ [ -66.2379088, 68.2699461 ], [ -66.2278332, 68.2489602 ], [ -66.2726211, 68.2153249 ], [ -66.2629265, 68.1717212 ], [ -66.3355545, 68.1496041 ], [ -66.4709627, 68.1718575 ], [ -66.6580289, 68.1828181 ], [ -66.6598307, 68.2108048 ], [ -66.5140846, 68.2293689 ], [ -66.3756717, 68.2319518 ], [ -66.3020137, 68.2442917 ], [ -66.2379088, 68.2699461 ] ] ], [ [ [ -66.3414679, 44.2871401 ], [ -66.3642459, 44.2376564 ], [ -66.3928887, 44.2462908 ], [ -66.3414679, 44.2871401 ] ] ], [ [ [ -66.5298599, 62.9247001 ], [ -66.5015801, 62.90731 ], [ -66.4395, 62.89852 ], [ -66.41824, 62.8594799 ], [ -66.5041301, 62.87741 ], [ -66.5298599, 62.9247001 ] ] ], [ [ [ -66.9283801, 66.4169701 ], [ -66.8271001, 66.3992199 ], [ -66.7873299, 66.37256 ], [ -66.66618, 66.3589 ], [ -66.5798601, 66.3288 ], [ -66.57483, 66.2952 ], [ -66.6651101, 66.29507 ], [ -66.70364, 66.3116199 ], [ -66.84617, 66.3258101 ], [ -66.80961, 66.3582999 ], [ -66.8661499, 66.37904 ], [ -66.95269, 66.3931099 ], [ -66.9283801, 66.4169701 ] ] ], [ [ [ -66.7226903, 68.2125527 ], [ -66.6825109, 68.2065245 ], [ -66.673099, 68.1730756 ], [ -66.7772673, 68.1576812 ], [ -66.7812852, 68.1840135 ], [ -66.7226903, 68.2125527 ] ] ], [ [ [ -66.7788247, 44.7994504 ], [ -66.7538063, 44.7651395 ], [ -66.7553693, 44.7304129 ], [ -66.738819, 44.7195839 ], [ -66.7375203, 44.6816693 ], [ -66.7609438, 44.6552978 ], [ -66.8382846, 44.6516419 ], [ -66.8514581, 44.630275 ], [ -66.9045328, 44.5979573 ], [ -66.8909107, 44.6599851 ], [ -66.8643255, 44.7165801 ], [ -66.8273814, 44.7718171 ], [ -66.7788247, 44.7994504 ] ] ], [ [ [ -66.8610224, 68.3766433 ], [ -66.7484607, 68.3580991 ], [ -66.7668087, 68.3432682 ], [ -66.8567847, 68.3338395 ], [ -66.9440118, 68.3550464 ], [ -66.8610224, 68.3766433 ] ] ], [ [ [ -66.961281, 68.3148071 ], [ -66.8773052, 68.3056896 ], [ -66.7831476, 68.2824382 ], [ -66.7990158, 68.2624123 ], [ -66.909753, 68.2884478 ], [ -66.961281, 68.3148071 ] ] ], [ [ [ -66.8909399, 66.5277299 ], [ -66.8369199, 66.51446 ], [ -66.8363401, 66.4842699 ], [ -66.9475499, 66.49856 ], [ -66.8909399, 66.5277299 ] ] ], [ [ [ -67.0601599, 63.11543 ], [ -66.98185, 63.09566 ], [ -66.8767199, 63.0426899 ], [ -66.89263, 63.01759 ], [ -66.9591801, 63.06463 ], [ -67.0601599, 63.11543 ] ] ], [ [ [ -67.00119, 66.48889 ], [ -66.8803899, 66.4708199 ], [ -66.9282901, 66.4451001 ], [ -67.0164699, 66.44983 ], [ -67.0405799, 66.46855 ], [ -67.00119, 66.48889 ] ] ], [ [ [ -66.9030909, 44.9571503 ], [ -66.8898282, 44.9158402 ], [ -66.9194051, 44.8443654 ], [ -66.9519187, 44.8379126 ], [ -66.9800125, 44.8663355 ], [ -66.9511347, 44.8863701 ], [ -66.9394817, 44.9341861 ], [ -66.9030909, 44.9571503 ] ] ], [ [ [ -66.92311, 65.3601599 ], [ -66.91723, 65.29126 ], [ -66.9548601, 65.27502 ], [ -67.0200661, 65.3029058 ], [ -66.99851, 65.3437801 ], [ -66.92311, 65.3601599 ] ] ], [ [ [ -66.98461, 65.9956499 ], [ -66.95103, 65.99137 ], [ -66.9239501, 65.95366 ], [ -67.0370201, 65.9756101 ], [ -66.98461, 65.9956499 ] ] ], [ [ [ -67.0487199, 66.4052199 ], [ -66.98759, 66.4034201 ], [ -66.9285299, 66.3611999 ], [ -66.99273, 66.34721 ], [ -67.0487199, 66.4052199 ] ] ], [ [ [ -66.9451723, 45.0266898 ], [ -66.9380632, 45.0132758 ], [ -66.9565109, 44.965013 ], [ -66.9897979, 44.9363226 ], [ -67.0153958, 44.9732275 ], [ -66.990609, 45.0048662 ], [ -66.9451723, 45.0266898 ] ] ], [ [ [ -66.9485499, 65.46616 ], [ -66.9705301, 65.42067 ], [ -67.02564, 65.44749 ], [ -66.9485499, 65.46616 ] ] ], [ [ [ -67.12589, 65.5160399 ], [ -67.1270999, 65.48203 ], [ -67.20126, 65.4867701 ], [ -67.17918, 65.51208 ], [ -67.12589, 65.5160399 ] ] ], [ [ [ -67.518, 69.60975 ], [ -67.39525, 69.586 ], [ -67.349, 69.55175 ], [ -67.45425, 69.5395 ], [ -67.50525, 69.5165 ], [ -67.6555, 69.51025 ], [ -67.73525, 69.5455 ], [ -67.614, 69.56075 ], [ -67.55025, 69.57775 ], [ -67.518, 69.60975 ] ] ], [ [ [ -67.3638999, 65.7510301 ], [ -67.35524, 65.7210101 ], [ -67.41053, 65.71098 ], [ -67.4516199, 65.74045 ], [ -67.3638999, 65.7510301 ] ] ], [ [ [ -67.5626501, 65.7453601 ], [ -67.46746, 65.74598 ], [ -67.44243, 65.7073501 ], [ -67.52005, 65.6964799 ], [ -67.61154, 65.7094899 ], [ -67.6812899, 65.68697 ], [ -67.7159, 65.69609 ], [ -67.71105, 65.7292 ], [ -67.62199, 65.72877 ], [ -67.5626501, 65.7453601 ] ] ], [ [ [ -67.6109399, 58.4117 ], [ -67.60384, 58.3878 ], [ -67.5494599, 58.3646801 ], [ -67.5259701, 58.4022999 ], [ -67.4878599, 58.3695999 ], [ -67.5125101, 58.32227 ], [ -67.57786, 58.2884499 ], [ -67.6549499, 58.2938801 ], [ -67.66147, 58.3400399 ], [ -67.6047901, 58.34532 ], [ -67.6259101, 58.4031501 ], [ -67.6109399, 58.4117 ] ] ], [ [ [ -67.57339, 66.34901 ], [ -67.49312, 66.33368 ], [ -67.5457401, 66.30963 ], [ -67.60218, 66.33521 ], [ -67.57339, 66.34901 ] ] ], [ [ [ -67.5420999, 62.16519 ], [ -67.5027301, 62.13151 ], [ -67.5824699, 62.13273 ], [ -67.5420999, 62.16519 ] ] ], [ [ [ -67.5686052, 68.8277704 ], [ -67.5680948, 68.8107133 ], [ -67.6443946, 68.8006573 ], [ -67.69031, 68.8223476 ], [ -67.5686052, 68.8277704 ] ] ], [ [ [ -67.6771701, 65.82849 ], [ -67.6112699, 65.81256 ], [ -67.62019, 65.78578 ], [ -67.7258, 65.7912999 ], [ -67.6771701, 65.82849 ] ] ], [ [ [ -67.6132166, 68.9165886 ], [ -67.7397485, 68.8839935 ], [ -67.7895726, 68.9059009 ], [ -67.6623835, 68.9197734 ], [ -67.6132166, 68.9165886 ] ] ], [ [ [ -67.73059, 63.6246801 ], [ -67.6776101, 63.61397 ], [ -67.63197, 63.58284 ], [ -67.6847101, 63.5536599 ], [ -67.74947, 63.61384 ], [ -67.73059, 63.6246801 ] ] ], [ [ [ -68.4377529, 68.815283 ], [ -68.3285526, 68.7951229 ], [ -68.285, 68.8025 ], [ -68.22025, 68.786 ], [ -68.07975, 68.7775 ], [ -67.8858206, 68.7400531 ], [ -67.694652, 68.7223518 ], [ -67.6966643, 68.7036316 ], [ -67.8503538, 68.7096603 ], [ -68.1298396, 68.7491368 ], [ -68.2255479, 68.7704578 ], [ -68.3634037, 68.7847557 ], [ -68.4346551, 68.7849425 ], [ -68.4377529, 68.815283 ] ] ], [ [ [ -67.82912, 63.24205 ], [ -67.72625, 63.18795 ], [ -67.7754, 63.1707301 ], [ -67.8468101, 63.2112399 ], [ -67.82912, 63.24205 ] ] ], [ [ [ -67.901, 69.7085 ], [ -67.73675, 69.63975 ], [ -67.85425, 69.60975 ], [ -67.9335, 69.526 ], [ -68.01775, 69.52725 ], [ -68.205, 69.57425 ], [ -68.27675, 69.576 ], [ -68.13975, 69.64 ], [ -68.10375, 69.66525 ], [ -68.00575, 69.67425 ], [ -67.901, 69.7085 ] ] ], [ [ [ -67.7622922, 68.6187477 ], [ -67.8502852, 68.5916093 ], [ -67.865484, 68.6147374 ], [ -67.7622922, 68.6187477 ] ] ], [ [ [ -68.13795, 60.59619 ], [ -68.0462, 60.58418 ], [ -67.99777, 60.5860001 ], [ -67.9632399, 60.54324 ], [ -67.8965, 60.50433 ], [ -67.8393999, 60.4902899 ], [ -67.8256901, 60.4607299 ], [ -67.85243, 60.41516 ], [ -67.9143001, 60.3755 ], [ -67.95827, 60.3338799 ], [ -67.9582, 60.3039401 ], [ -68.06232, 60.29678 ], [ -68.0826599, 60.2792501 ], [ -68.16839, 60.2619101 ], [ -68.18333, 60.2410201 ], [ -68.32575, 60.1985699 ], [ -68.37152, 60.1978999 ], [ -68.42025, 60.2182101 ], [ -68.43701, 60.26076 ], [ -68.3841599, 60.37338 ], [ -68.32681, 60.43529 ], [ -68.2918701, 60.5065001 ], [ -68.23713, 60.5832299 ], [ -68.13795, 60.59619 ] ] ], [ [ [ -67.91424, 65.8725401 ], [ -67.87868, 65.8425 ], [ -67.9113001, 65.82394 ], [ -68.0219301, 65.83414 ], [ -68.0276001, 65.8658899 ], [ -67.91424, 65.8725401 ] ] ], [ [ [ -68.09835, 63.32446 ], [ -68.01643, 63.2987199 ], [ -67.9658099, 63.25974 ], [ -67.9416, 63.2232299 ], [ -67.8872901, 63.20517 ], [ -67.9180099, 63.18673 ], [ -68.08258, 63.3014701 ], [ -68.09835, 63.32446 ] ] ], [ [ [ -68.10414, 63.2844601 ], [ -68.02723, 63.2396999 ], [ -68.0629, 63.2244699 ], [ -68.10414, 63.2844601 ] ] ], [ [ [ -68.21143, 63.2881699 ], [ -68.1383499, 63.2619101 ], [ -68.0431501, 63.20451 ], [ -68.09104, 63.1950999 ], [ -68.16296, 63.2352 ], [ -68.21143, 63.2881699 ] ] ], [ [ [ -68.4205, 70.19825 ], [ -68.4315, 70.1455 ], [ -68.53225, 70.16975 ], [ -68.5285, 70.191 ], [ -68.4205, 70.19825 ] ] ], [ [ [ -68.69875, 63.6655 ], [ -68.64, 63.64875 ], [ -68.6385, 63.61825 ], [ -68.6965, 63.62175 ], [ -68.69875, 63.6655 ] ] ], [ [ [ -69.02947, 59.0215 ], [ -68.97711, 59.0022999 ], [ -68.9828201, 58.9809301 ], [ -69.07451, 58.9642601 ], [ -69.07137, 59.00279 ], [ -69.02947, 59.0215 ] ] ], [ [ [ -69.24593, 59.1671501 ], [ -69.2084299, 59.14777 ], [ -69.1629, 59.14365 ], [ -69.17647, 59.0861299 ], [ -69.09409, 59.05627 ], [ -69.1568299, 59.0324201 ], [ -69.1901999, 59.006 ], [ -69.2260601, 58.9510401 ], [ -69.2715699, 58.9736101 ], [ -69.3047999, 58.9487101 ], [ -69.34, 58.97703 ], [ -69.29082, 59.0237301 ], [ -69.2731001, 59.07419 ], [ -69.34797, 59.1280201 ], [ -69.24593, 59.1671501 ] ] ], [ [ [ -69.4402199, 66.57072 ], [ -69.3496001, 66.5438401 ], [ -69.39938, 66.5072899 ], [ -69.51999, 66.48418 ], [ -69.45527, 66.5273701 ], [ -69.4047599, 66.54243 ], [ -69.4402199, 66.57072 ] ] ], [ [ [ -69.58055, 66.34935 ], [ -69.5199069, 66.3390699 ], [ -69.5475967, 66.3177863 ], [ -69.6273381, 66.2912294 ], [ -69.68151, 66.3157001 ], [ -69.58055, 66.34935 ] ] ], [ [ [ -69.83008, 66.43439 ], [ -69.8145499, 66.4284599 ], [ -69.7604001, 66.43296 ], [ -69.7193701, 66.4055301 ], [ -69.6409999, 66.41035 ], [ -69.61116, 66.39103 ], [ -69.6353101, 66.3622999 ], [ -69.70974, 66.3812901 ], [ -69.74279, 66.35658 ], [ -69.86421, 66.34957 ], [ -69.86372, 66.37258 ], [ -69.83561, 66.38961 ], [ -69.87854, 66.39526 ], [ -69.88351, 66.4095499 ], [ -69.8632301, 66.4137501 ], [ -69.8872, 66.42384 ], [ -69.83008, 66.43439 ] ] ], [ [ [ -69.65128, 59.9545399 ], [ -69.63503, 59.91879 ], [ -69.69031, 59.9177499 ], [ -69.65128, 59.9545399 ] ] ], [ [ [ -69.83241, 66.4851301 ], [ -69.75377, 66.4672499 ], [ -69.7381601, 66.44763 ], [ -69.78722, 66.4325599 ], [ -69.8314499, 66.43719 ], [ -69.8473301, 66.43429 ], [ -69.9068001, 66.45339 ], [ -69.83241, 66.4851301 ] ] ], [ [ [ -69.8832699, 66.4208 ], [ -69.88773, 66.3936699 ], [ -69.92636, 66.37759 ], [ -69.9886, 66.40406 ], [ -69.9030301, 66.41992 ], [ -69.8832699, 66.4208 ] ] ], [ [ [ -69.9482999, 61.03958 ], [ -69.9254801, 61.0259201 ], [ -69.9414199, 60.9674699 ], [ -69.98615, 60.9328601 ], [ -70.0226401, 60.9965601 ], [ -69.9482999, 61.03958 ] ] ], [ [ [ -71.1617181, 62.8974177 ], [ -70.9613327, 62.8603053 ], [ -70.8894589, 62.856943 ], [ -70.8428435, 62.8376397 ], [ -70.774551, 62.8409844 ], [ -70.4991283, 62.7763148 ], [ -70.3621961, 62.7293121 ], [ -70.3884813, 62.714802 ], [ -70.3228949, 62.6882794 ], [ -70.3576577, 62.6622688 ], [ -70.2652036, 62.6584021 ], [ -70.1735645, 62.5932377 ], [ -70.1687599, 62.5807499 ], [ -70.2315763, 62.5488356 ], [ -70.29008, 62.5440299 ], [ -70.3610081, 62.5234678 ], [ -70.494591, 62.5387377 ], [ -70.5379752, 62.5510233 ], [ -70.6479811, 62.548474 ], [ -70.7198185, 62.5564606 ], [ -70.7524817, 62.6017837 ], [ -70.7806066, 62.603404 ], [ -70.8054251, 62.6756323 ], [ -70.8460471, 62.7237271 ], [ -70.8504245, 62.7561374 ], [ -70.7628225, 62.7473704 ], [ -70.7329809, 62.7644012 ], [ -70.8252739, 62.7758875 ], [ -70.9508939, 62.8004037 ], [ -71.0248653, 62.830094 ], [ -71.0836668, 62.8344333 ], [ -71.200031, 62.8638789 ], [ -71.2149014, 62.8898923 ], [ -71.1617181, 62.8974177 ] ] ], [ [ [ -70.43739, 66.7291799 ], [ -70.35789, 66.7178599 ], [ -70.28856, 66.62793 ], [ -70.36405, 66.61885 ], [ -70.36458, 66.6635899 ], [ -70.4844901, 66.64154 ], [ -70.56173, 66.65051 ], [ -70.53934, 66.68423 ], [ -70.4529001, 66.6960499 ], [ -70.43739, 66.7291799 ] ] ], [ [ [ -70.3378072, 47.4263224 ], [ -70.3949543, 47.3680777 ], [ -70.4345569, 47.3921556 ], [ -70.390173, 47.4216404 ], [ -70.3378072, 47.4263224 ] ] ], [ [ [ -70.7979371, 47.0239664 ], [ -70.8098553, 46.9975728 ], [ -70.8792052, 46.927085 ], [ -70.9554669, 46.8942022 ], [ -71.0059521, 46.8594796 ], [ -71.0884607, 46.8483908 ], [ -71.141406, 46.8509895 ], [ -71.1193091, 46.8762039 ], [ -70.9948985, 46.9489631 ], [ -70.9455781, 46.9920267 ], [ -70.8437945, 47.0244088 ], [ -70.7979371, 47.0239664 ] ] ], [ [ [ -71.0617195, 62.9104103 ], [ -70.9586813, 62.899936 ], [ -70.852348, 62.8735312 ], [ -70.8890605, 62.8617988 ], [ -70.9889884, 62.8774909 ], [ -71.0617195, 62.9104103 ] ] ], [ [ [ -70.9577501, 67.01975 ], [ -70.92089, 67.0086799 ], [ -70.90578, 66.99941 ], [ -70.86419, 66.99428 ], [ -70.8711699, 66.98307 ], [ -70.9273299, 66.9743399 ], [ -70.9657701, 67.00941 ], [ -70.9577501, 67.01975 ] ] ], [ [ [ -71.0552652, 62.8248024 ], [ -71.0262454, 62.7970882 ], [ -71.1143505, 62.7930202 ], [ -71.1217344, 62.8219124 ], [ -71.0552652, 62.8248024 ] ] ], [ [ [ -71.1533549, 62.9568696 ], [ -71.0519702, 62.9369063 ], [ -71.0555148, 62.9189462 ], [ -71.1745106, 62.9456626 ], [ -71.1533549, 62.9568696 ] ] ], [ [ [ -71.0677169, 71.141868 ], [ -71.1407287, 71.0900662 ], [ -71.2730089, 71.0643462 ], [ -71.2747268, 71.0926642 ], [ -71.1851084, 71.132426 ], [ -71.0677169, 71.141868 ] ] ], [ [ [ -71.8739161, 71.0469963 ], [ -71.7687186, 71.0477366 ], [ -71.5100426, 71.0154788 ], [ -71.3853857, 71.018678 ], [ -71.3615361, 70.9950721 ], [ -71.4247251, 70.9195841 ], [ -71.6307656, 70.9068005 ], [ -71.8258812, 70.8641569 ], [ -71.906773, 70.8540795 ], [ -71.9602079, 70.8260763 ], [ -72.1370842, 70.8181229 ], [ -72.143523, 70.8558477 ], [ -72.2207429, 70.8835609 ], [ -72.2445282, 70.9278385 ], [ -72.1425897, 70.9195259 ], [ -72.0586166, 70.9552584 ], [ -72.0105742, 71.0140566 ], [ -72.0257136, 71.0406357 ], [ -71.9708081, 71.0602354 ], [ -71.881183, 71.0717632 ], [ -71.8739161, 71.0469963 ] ] ], [ [ [ -71.49456, 61.33473 ], [ -71.5052901, 61.30228 ], [ -71.57864, 61.30103 ], [ -71.5685899, 61.32772 ], [ -71.49456, 61.33473 ] ] ], [ [ [ -71.5605412, 63.5584972 ], [ -71.5159035, 63.5337339 ], [ -71.5967001, 63.5201848 ], [ -71.5605412, 63.5584972 ] ] ], [ [ [ -71.8206207, 63.692635 ], [ -71.7577498, 63.6774069 ], [ -71.7517264, 63.6544852 ], [ -71.7835289, 63.6077086 ], [ -71.8366163, 63.6087608 ], [ -71.8472544, 63.6450919 ], [ -71.8206207, 63.692635 ] ] ], [ [ [ -71.9857908, 63.6393609 ], [ -71.9093889, 63.6298018 ], [ -71.9493482, 63.6060806 ], [ -71.9857908, 63.6393609 ] ] ], [ [ [ -72.0996799, 61.8871199 ], [ -71.9741599, 61.8669801 ], [ -72.04224, 61.85261 ], [ -72.12896, 61.8757 ], [ -72.0996799, 61.8871199 ] ] ], [ [ [ -72.2625987, 63.5837279 ], [ -72.1669445, 63.5749602 ], [ -72.1751503, 63.5559247 ], [ -72.2625987, 63.5837279 ] ] ], [ [ [ -72.3303847, 63.6267234 ], [ -72.2266375, 63.6078651 ], [ -72.2681228, 63.5920235 ], [ -72.3303847, 63.6267234 ] ] ], [ [ [ -72.43471, 62.04504 ], [ -72.3364701, 62.0211801 ], [ -72.36396, 62.0057101 ], [ -72.4193901, 62.01354 ], [ -72.43471, 62.04504 ] ] ], [ [ [ -72.4573492, 63.7060595 ], [ -72.4875011, 63.6913612 ], [ -72.5608549, 63.6832826 ], [ -72.5607634, 63.6441265 ], [ -72.6277372, 63.6452473 ], [ -72.6529961, 63.6704844 ], [ -72.4818931, 63.7090501 ], [ -72.4573492, 63.7060595 ] ] ], [ [ [ -72.675799, 63.7578599 ], [ -72.6246679, 63.7473023 ], [ -72.5952166, 63.7199438 ], [ -72.6672089, 63.6868373 ], [ -72.7073421, 63.7038594 ], [ -72.675799, 63.7578599 ] ] ], [ [ [ -72.73325, 71.66025 ], [ -72.6875, 71.644 ], [ -72.67175, 71.609 ], [ -72.74175, 71.53725 ], [ -72.83, 71.53375 ], [ -72.98, 71.559 ], [ -73.0265, 71.579 ], [ -72.999, 71.62775 ], [ -72.83275, 71.657 ], [ -72.73325, 71.66025 ] ] ], [ [ [ -72.8076337, 63.7645303 ], [ -72.7334391, 63.7562184 ], [ -72.7712062, 63.7353126 ], [ -72.8076337, 63.7645303 ] ] ], [ [ [ -73.1322799, 71.5651119 ], [ -73.0662556, 71.5311507 ], [ -73.1294832, 71.4778741 ], [ -73.101283, 71.4600231 ], [ -72.9977362, 71.5221413 ], [ -72.9483276, 71.5186693 ], [ -72.8912281, 71.4663657 ], [ -72.831798, 71.4344846 ], [ -72.9256304, 71.4345455 ], [ -73.0424149, 71.4026907 ], [ -73.0213937, 71.3443525 ], [ -72.9778793, 71.3123592 ], [ -73.0760067, 71.3049377 ], [ -73.1109599, 71.3363405 ], [ -73.160822, 71.3348 ], [ -73.2624514, 71.3622588 ], [ -73.2569647, 71.4103326 ], [ -73.3681359, 71.4866084 ], [ -73.3630086, 71.5230569 ], [ -73.1322799, 71.5651119 ] ] ], [ [ [ -72.9752454, 64.157633 ], [ -72.9864025, 64.0950573 ], [ -73.0258345, 64.0930123 ], [ -73.0287868, 64.1356537 ], [ -72.9752454, 64.157633 ] ] ], [ [ [ -73.1599049, 64.136611 ], [ -73.1091328, 64.1280868 ], [ -73.1192255, 64.1038687 ], [ -73.1835512, 64.111751 ], [ -73.1599049, 64.136611 ] ] ], [ [ [ -73.206, 71.696 ], [ -73.15, 71.68675 ], [ -73.27425, 71.64325 ], [ -73.319, 71.56875 ], [ -73.41675, 71.5605 ], [ -73.43825, 71.59675 ], [ -73.39975, 71.62475 ], [ -73.206, 71.696 ] ] ], [ [ [ -73.2185836, 64.270066 ], [ -73.1584323, 64.2597308 ], [ -73.152662, 64.2366637 ], [ -73.2263914, 64.2345013 ], [ -73.2185836, 64.270066 ] ] ], [ [ [ -73.3376243, 64.2436392 ], [ -73.2701846, 64.2339058 ], [ -73.2672842, 64.208177 ], [ -73.2245222, 64.1973734 ], [ -73.2842084, 64.1679259 ], [ -73.3018229, 64.1331076 ], [ -73.4112441, 64.173248 ], [ -73.3760783, 64.1956101 ], [ -73.2986332, 64.1946382 ], [ -73.3376243, 64.2436392 ] ] ], [ [ [ -74.3505599, 68.18532 ], [ -74.21321, 68.14885 ], [ -74.1977899, 68.1188601 ], [ -74.2650499, 68.0726399 ], [ -74.2496801, 68.06159 ], [ -74.1120601, 68.0672999 ], [ -73.8886299, 68.02811 ], [ -73.8174, 67.9992301 ], [ -73.7666499, 67.99208 ], [ -73.71142, 68.01685 ], [ -73.5713099, 68.02055 ], [ -73.40437, 67.97696 ], [ -73.3891901, 67.96006 ], [ -73.4174301, 67.9253001 ], [ -73.35537, 67.85131 ], [ -73.33112, 67.8398101 ], [ -73.3643099, 67.79131 ], [ -73.4306799, 67.7591001 ], [ -73.55237, 67.75575 ], [ -73.6442, 67.7662499 ], [ -73.75492, 67.7661101 ], [ -73.9195001, 67.78352 ], [ -74.0221, 67.78531 ], [ -74.15273, 67.7785 ], [ -74.2639599, 67.7633201 ], [ -74.38118, 67.7714699 ], [ -74.56537, 67.81373 ], [ -74.7075301, 67.9117 ], [ -74.7747901, 67.9790399 ], [ -74.76841, 68.0385901 ], [ -74.7348899, 68.0730501 ], [ -74.514, 68.0728 ], [ -74.4406199, 68.0807499 ], [ -74.41728, 68.1110801 ], [ -74.37593, 68.12014 ], [ -74.3859458, 68.1492236 ], [ -74.3505599, 68.18532 ] ] ], [ [ [ -73.4429081, 64.3672881 ], [ -73.3827718, 64.3471674 ], [ -73.4305862, 64.328342 ], [ -73.4752801, 64.3564639 ], [ -73.4429081, 64.3672881 ] ] ], [ [ [ -73.5189145, 64.29705 ], [ -73.4266586, 64.2693215 ], [ -73.4507042, 64.2485293 ], [ -73.5358386, 64.2726129 ], [ -73.5189145, 64.29705 ] ] ], [ [ [ -73.7143128, 64.1133886 ], [ -73.6554318, 64.1039402 ], [ -73.6567449, 64.0777622 ], [ -73.748718, 64.0979811 ], [ -73.7143128, 64.1133886 ] ] ], [ [ [ -73.7255822, 64.3987486 ], [ -73.6962521, 64.3636769 ], [ -73.6925478, 64.2721644 ], [ -73.7269886, 64.2765223 ], [ -73.7813212, 64.3111028 ], [ -73.8214572, 64.3175221 ], [ -73.7734899, 64.3934657 ], [ -73.7255822, 64.3987486 ] ] ], [ [ [ -73.9482422, 45.395092 ], [ -73.915657, 45.3909798 ], [ -73.8589859, 45.3638 ], [ -73.9107285, 45.3485489 ], [ -73.9620132, 45.3509445 ], [ -73.9992294, 45.3823586 ], [ -73.9482422, 45.395092 ] ] ], [ [ [ -73.919694, 64.3791955 ], [ -73.8639746, 64.3650418 ], [ -73.8808691, 64.3202313 ], [ -73.9556383, 64.3628478 ], [ -73.919694, 64.3791955 ] ] ], [ [ [ -73.9169006, 45.3180275 ], [ -73.9598541, 45.2694206 ], [ -73.9980011, 45.2409515 ], [ -74.0548859, 45.223114 ], [ -74.1006699, 45.2231636 ], [ -74.1650619, 45.2388763 ], [ -74.1657639, 45.2828712 ], [ -74.0999451, 45.2993202 ], [ -74.0761032, 45.2870712 ], [ -74.0266418, 45.2938194 ], [ -73.9679794, 45.3183632 ], [ -73.9169006, 45.3180275 ] ] ], [ [ [ -74.48291, 62.72486 ], [ -74.4159199, 62.7018299 ], [ -74.3412544, 62.6611911 ], [ -74.1708701, 62.6807801 ], [ -73.98939, 62.6650001 ], [ -73.9358134, 62.6075479 ], [ -73.9894401, 62.5982099 ], [ -74.16706, 62.5985001 ], [ -74.3622299, 62.6343101 ], [ -74.3708899, 62.6453499 ], [ -74.4869501, 62.6529901 ], [ -74.6052853, 62.6911504 ], [ -74.5830472, 62.7097995 ], [ -74.48291, 62.72486 ] ] ], [ [ [ -74.09688, 68.2453999 ], [ -74.05623, 68.2119399 ], [ -74.0471499, 68.1653599 ], [ -74.12689, 68.18139 ], [ -74.1776, 68.22358 ], [ -74.09688, 68.2453999 ] ] ], [ [ [ -74.32868, 68.4711901 ], [ -74.2831792, 68.4646996 ], [ -74.20141, 68.42922 ], [ -74.1355499, 68.3711201 ], [ -74.0718988, 68.3481377 ], [ -74.1493101, 68.26255 ], [ -74.210077, 68.2552071 ], [ -74.2760699, 68.2882001 ], [ -74.2662501, 68.31449 ], [ -74.21186, 68.3283 ], [ -74.31913, 68.3494699 ], [ -74.37305, 68.38931 ], [ -74.40175, 68.4278399 ], [ -74.3712101, 68.4682901 ], [ -74.32868, 68.4711901 ] ] ], [ [ [ -74.1669747, 64.4989268 ], [ -74.1495614, 64.4693876 ], [ -74.0735902, 64.457563 ], [ -74.0872623, 64.4290412 ], [ -74.1731387, 64.456367 ], [ -74.1669747, 64.4989268 ] ] ], [ [ [ -74.5735793, 78.774408 ], [ -74.3863132, 78.7608045 ], [ -74.1177368, 78.7208623 ], [ -74.2993658, 78.6736706 ], [ -74.6016901, 78.70252 ], [ -74.7003489, 78.7308933 ], [ -74.6620314, 78.7726732 ], [ -74.5735793, 78.774408 ] ] ], [ [ [ -74.3232034, 64.560924 ], [ -74.1902214, 64.5417902 ], [ -74.1588299, 64.5232069 ], [ -74.2105072, 64.4776055 ], [ -74.3442639, 64.5500659 ], [ -74.3232034, 64.560924 ] ] ], [ [ [ -74.3039231, 64.4976919 ], [ -74.2746426, 64.4491319 ], [ -74.1930176, 64.457563 ], [ -74.2430303, 64.4171205 ], [ -74.3735509, 64.4269264 ], [ -74.424269, 64.4574311 ], [ -74.3293589, 64.4631248 ], [ -74.3039231, 64.4976919 ] ] ], [ [ [ -74.3906974, 71.7378964 ], [ -74.415981, 71.7104617 ], [ -74.5021255, 71.7102319 ], [ -74.5075863, 71.7335396 ], [ -74.3906974, 71.7378964 ] ] ], [ [ [ -74.7495, 68.6796501 ], [ -74.6437299, 68.6613101 ], [ -74.65089, 68.60688 ], [ -74.5537601, 68.5977001 ], [ -74.5167301, 68.5618199 ], [ -74.6182799, 68.56923 ], [ -74.7298701, 68.5594799 ], [ -74.8209663, 68.5682848 ], [ -74.8909701, 68.6187101 ], [ -74.8055751, 68.6717298 ], [ -74.7495, 68.6796501 ] ] ], [ [ [ -74.687, 72.23175 ], [ -74.77775, 72.1705 ], [ -74.8635, 72.1645 ], [ -74.95075, 72.17475 ], [ -74.91275, 72.207 ], [ -74.79425, 72.22875 ], [ -74.687, 72.23175 ] ] ], [ [ [ -75.2388742, 68.7278439 ], [ -75.1768376, 68.6912792 ], [ -74.9984739, 68.6970023 ], [ -74.9550199, 68.6417401 ], [ -74.95719, 68.6067201 ], [ -74.9226599, 68.56787 ], [ -74.84743, 68.5320199 ], [ -74.76941, 68.51941 ], [ -74.7727901, 68.4608799 ], [ -74.8389499, 68.4489401 ], [ -74.8377001, 68.4295099 ], [ -74.73563, 68.42632 ], [ -74.70815, 68.4024999 ], [ -74.79466, 68.38908 ], [ -74.77453, 68.3555601 ], [ -74.8239101, 68.3271299 ], [ -74.9535501, 68.3365401 ], [ -74.9912401, 68.3518901 ], [ -75.02279, 68.3948299 ], [ -75.10682, 68.41857 ], [ -75.2511701, 68.44333 ], [ -75.3143301, 68.4873199 ], [ -75.3822, 68.5061001 ], [ -75.41302, 68.5331201 ], [ -75.38663, 68.5812401 ], [ -75.3980682, 68.610826 ], [ -75.3466399, 68.652565 ], [ -75.3036637, 68.7092735 ], [ -75.2388742, 68.7278439 ] ] ], [ [ [ -76.3186901, 68.33875 ], [ -76.24004, 68.33041 ], [ -76.25204, 68.30961 ], [ -76.0837899, 68.29583 ], [ -76.0410901, 68.29828 ], [ -75.9579101, 68.3406999 ], [ -75.88541, 68.34493 ], [ -75.74806, 68.33551 ], [ -75.5951601, 68.30852 ], [ -75.48802, 68.27436 ], [ -75.3711499, 68.2575299 ], [ -75.20079, 68.2486201 ], [ -75.1111199, 68.2317101 ], [ -75.08617, 68.18929 ], [ -75.0208499, 68.1683501 ], [ -75.00334, 68.12004 ], [ -75.0327399, 68.08323 ], [ -75.0343899, 68.0428399 ], [ -75.13371, 67.9731299 ], [ -75.13405, 67.91446 ], [ -75.05367, 67.81277 ], [ -75.0568699, 67.74093 ], [ -75.0429501, 67.6772899 ], [ -75.04136, 67.60477 ], [ -75.1024101, 67.51493 ], [ -75.1561399, 67.45941 ], [ -75.2363901, 67.42288 ], [ -75.29607, 67.40783 ], [ -75.34808, 67.3727 ], [ -75.41278, 67.35235 ], [ -75.49963, 67.35057 ], [ -75.5392301, 67.3128699 ], [ -75.6264199, 67.30437 ], [ -75.86405, 67.2488101 ], [ -75.9844099, 67.2527199 ], [ -76.05335, 67.24308 ], [ -76.1099199, 67.25267 ], [ -76.18488, 67.24573 ], [ -76.23703, 67.2581301 ], [ -76.3457399, 67.24076 ], [ -76.68125, 67.2065 ], [ -76.76725, 67.217 ], [ -76.9515, 67.225 ], [ -77.065, 67.25 ], [ -77.096957, 67.2801884 ], [ -77.09137, 67.3049422 ], [ -77.13687, 67.3329213 ], [ -77.15675, 67.389 ], [ -77.2165, 67.43425 ], [ -77.2155, 67.48675 ], [ -77.2415, 67.5115 ], [ -77.23075, 67.53875 ], [ -77.25675, 67.606 ], [ -77.2506999, 67.63411 ], [ -77.28035, 67.66644 ], [ -77.2819499, 67.7316401 ], [ -77.16914, 67.88613 ], [ -77.0747199, 67.9576799 ], [ -76.9511899, 68.0916599 ], [ -76.8683, 68.12918 ], [ -76.8179701, 68.1734699 ], [ -76.66675, 68.25791 ], [ -76.57392, 68.28195 ], [ -76.4279999, 68.2997601 ], [ -76.3142871, 68.3229702 ], [ -76.3186901, 68.33875 ] ] ], [ [ [ -75.1496899, 68.7584899 ], [ -75.04746, 68.7442401 ], [ -75.03753, 68.70948 ], [ -75.1191099, 68.7079099 ], [ -75.1496899, 68.7584899 ] ] ], [ [ [ -75.6472767, 64.3566634 ], [ -75.6291248, 64.3467266 ], [ -75.5120428, 64.3312951 ], [ -75.5443882, 64.3088278 ], [ -75.6745, 64.306 ], [ -75.69175, 64.342 ], [ -75.6472767, 64.3566634 ] ] ], [ [ [ -75.9710853, 44.3428646 ], [ -75.9712334, 44.3428789 ], [ -75.972198, 44.3430278 ], [ -75.9722612, 44.3430603 ], [ -75.9834504, 44.3473627 ], [ -75.9843927, 44.3472943 ], [ -75.9573175, 44.3652206 ], [ -75.9387859, 44.3571096 ], [ -75.9710853, 44.3428646 ] ] ], [ [ [ -80.5008266, 73.768157 ], [ -80.3169923, 73.7532706 ], [ -80.2835979, 73.7353152 ], [ -80.1153035, 73.691735 ], [ -80.0676918, 73.6903422 ], [ -80.0257008, 73.73513 ], [ -79.9592427, 73.7122411 ], [ -79.5772128, 73.6622819 ], [ -79.5215125, 73.6370144 ], [ -78.9648277, 73.6362074 ], [ -78.9435025, 73.6625505 ], [ -78.5507678, 73.659652 ], [ -78.2878298, 73.6700903 ], [ -78.144409, 73.6695597 ], [ -77.9251891, 73.6220026 ], [ -77.7389938, 73.5908451 ], [ -77.4112647, 73.5541991 ], [ -77.3524496, 73.5265733 ], [ -77.1929884, 73.5072976 ], [ -77.1332297, 73.4795952 ], [ -77.1470686, 73.4538182 ], [ -77.0228335, 73.398373 ], [ -77.0508257, 73.3713028 ], [ -76.8948242, 73.3252481 ], [ -76.7092578, 73.3175754 ], [ -76.7315887, 73.2842268 ], [ -76.6592493, 73.2463715 ], [ -76.6095552, 73.2436514 ], [ -76.5680387, 73.1986171 ], [ -76.6089262, 73.1670414 ], [ -76.5107962, 73.1227204 ], [ -76.2500598, 73.093293 ], [ -76.3233428, 73.0673887 ], [ -76.3132781, 73.0187717 ], [ -76.2582373, 72.9989191 ], [ -76.3255444, 72.9844751 ], [ -76.2837133, 72.9519555 ], [ -76.0704052, 72.9368196 ], [ -76.0519772, 72.9099677 ], [ -76.0981159, 72.8946614 ], [ -76.103, 72.8625 ], [ -76.25225, 72.82675 ], [ -76.37075, 72.818 ], [ -76.58975, 72.8215 ], [ -76.6685, 72.83775 ], [ -76.98, 72.841 ], [ -77.2655, 72.85925 ], [ -77.39725, 72.88175 ], [ -77.69175, 72.9035 ], [ -77.73225, 72.895 ], [ -77.8687098, 72.8996329 ], [ -78.08275, 72.89225 ], [ -78.22575, 72.901 ], [ -78.42025, 72.88125 ], [ -78.8595, 72.81 ], [ -78.9935, 72.777 ], [ -79.14075, 72.7535 ], [ -79.3485, 72.741 ], [ -79.57325, 72.7565 ], [ -79.692, 72.79425 ], [ -79.7565, 72.8035 ], [ -79.81875, 72.836 ], [ -79.9245, 72.847 ], [ -79.994, 72.87475 ], [ -80.016, 72.92775 ], [ -80.11325, 72.975 ], [ -80.1255, 73.01125 ], [ -80.1745, 73.05 ], [ -80.1195, 73.12925 ], [ -80.158, 73.15825 ], [ -80.1075, 73.17775 ], [ -80.12475, 73.21875 ], [ -80.22025, 73.25175 ], [ -80.383, 73.241 ], [ -80.416, 73.2525 ], [ -80.588, 73.26025 ], [ -80.662, 73.278 ], [ -80.7645, 73.27775 ], [ -80.8765, 73.34275 ], [ -80.8435, 73.35225 ], [ -80.89575, 73.388 ], [ -80.8395, 73.41125 ], [ -80.867, 73.43825 ], [ -80.8606811, 73.4787551 ], [ -80.759, 73.50075 ], [ -80.8665, 73.55425 ], [ -80.84725, 73.593 ], [ -80.89175, 73.612 ], [ -80.7935, 73.64925 ], [ -80.768, 73.6725 ], [ -80.7800516, 73.7567338 ], [ -80.6402818, 73.7548834 ], [ -80.5008266, 73.768157 ] ] ], [ [ [ -76.1837174, 44.2382079 ], [ -76.2316766, 44.2086359 ], [ -76.3569513, 44.2028029 ], [ -76.3465873, 44.1714418 ], [ -76.377676, 44.1497517 ], [ -76.386792, 44.1245173 ], [ -76.4353149, 44.1023567 ], [ -76.4812957, 44.1358181 ], [ -76.5111847, 44.140672 ], [ -76.5051989, 44.1677676 ], [ -76.4431882, 44.1941146 ], [ -76.3931072, 44.2256535 ], [ -76.3342795, 44.2371936 ], [ -76.3126131, 44.2223101 ], [ -76.2411873, 44.2355623 ], [ -76.1837174, 44.2382079 ] ] ], [ [ [ -76.2889199, 56.27607 ], [ -76.2459801, 56.2721599 ], [ -76.2056, 56.2466899 ], [ -76.31684, 56.2581101 ], [ -76.2889199, 56.27607 ] ] ], [ [ [ -76.2060375, 44.3052584 ], [ -76.2174487, 44.2791705 ], [ -76.3066662, 44.246115 ], [ -76.3386163, 44.2609127 ], [ -76.281444, 44.2988949 ], [ -76.2060375, 44.3052584 ] ] ], [ [ [ -76.31732, 56.16501 ], [ -76.21182, 56.1523901 ], [ -76.2763201, 56.1189599 ], [ -76.3212599, 56.1192601 ], [ -76.3807499, 56.14191 ], [ -76.31732, 56.16501 ] ] ], [ [ [ -76.5249492, 64.2393 ], [ -76.4709635, 64.1970217 ], [ -76.5149299, 64.1871399 ], [ -76.5822999, 64.20587 ], [ -76.58301, 64.22863 ], [ -76.5249492, 64.2393 ] ] ], [ [ [ -77.27229, 63.68934 ], [ -77.1648427, 63.6762094 ], [ -77.0206777, 63.6755731 ], [ -76.9141601, 63.6363401 ], [ -76.7798595, 63.6059671 ], [ -76.6775343, 63.5517413 ], [ -76.6766843, 63.5352503 ], [ -76.60149, 63.5063159 ], [ -76.66654, 63.48067 ], [ -76.543167, 63.4481967 ], [ -76.65507, 63.3961199 ], [ -76.7061501, 63.3627699 ], [ -76.8257, 63.37869 ], [ -76.88028, 63.40229 ], [ -76.94893, 63.39638 ], [ -77.0269099, 63.41794 ], [ -77.0948399, 63.47223 ], [ -77.1874101, 63.50066 ], [ -77.22498, 63.54179 ], [ -77.3054901, 63.56573 ], [ -77.38884, 63.58074 ], [ -77.3881299, 63.61338 ], [ -77.4314799, 63.62942 ], [ -77.42471, 63.6511499 ], [ -77.35935, 63.68231 ], [ -77.27229, 63.68934 ] ] ], [ [ [ -76.6202001, 64.27158 ], [ -76.571198, 64.2367231 ], [ -76.62507, 64.2143501 ], [ -76.68264, 64.2433799 ], [ -76.6202001, 64.27158 ] ] ], [ [ [ -76.6383499, 56.71779 ], [ -76.60815, 56.7030799 ], [ -76.62995, 56.64185 ], [ -76.6237799, 56.58482 ], [ -76.6615699, 56.58406 ], [ -76.62862, 56.6918 ], [ -76.6383499, 56.71779 ] ] ], [ [ [ -76.6413833, 44.1916584 ], [ -76.6202517, 44.1858818 ], [ -76.6816041, 44.1379719 ], [ -76.6936918, 44.1122297 ], [ -76.7360626, 44.1146609 ], [ -76.7565432, 44.1029002 ], [ -76.806238, 44.1383817 ], [ -76.6413833, 44.1916584 ] ] ], [ [ [ -76.65153, 56.4761301 ], [ -76.6205, 56.4483699 ], [ -76.6333, 56.42886 ], [ -76.67872, 56.43172 ], [ -76.68709, 56.45363 ], [ -76.65153, 56.4761301 ] ] ], [ [ [ -77.1130599, 69.45527 ], [ -76.9526499, 69.40447 ], [ -76.69317, 69.42023 ], [ -76.64562, 69.39716 ], [ -76.6749001, 69.32555 ], [ -76.9180301, 69.21947 ], [ -76.89811, 69.16446 ], [ -77.0432599, 69.14976 ], [ -77.1042799, 69.12742 ], [ -77.19815, 69.1337901 ], [ -77.2735701, 69.15199 ], [ -77.3600701, 69.24136 ], [ -77.3740901, 69.29053 ], [ -77.3201799, 69.3403601 ], [ -77.3486399, 69.40238 ], [ -77.3326399, 69.41883 ], [ -77.1130599, 69.45527 ] ] ], [ [ [ -76.7025999, 57.05675 ], [ -76.66696, 57.04801 ], [ -76.6486799, 57.0118901 ], [ -76.70154, 56.99249 ], [ -76.71264, 57.0194799 ], [ -76.7025999, 57.05675 ] ] ], [ [ [ -76.70689, 57.2013699 ], [ -76.670675, 57.1220301 ], [ -76.6601399, 57.0635901 ], [ -76.69122, 57.0648399 ], [ -76.7155801, 57.1444101 ], [ -76.73542, 57.1758901 ], [ -76.70689, 57.2013699 ] ] ], [ [ [ -76.67284, 56.35036 ], [ -76.66854, 56.29945 ], [ -76.7478, 56.2850399 ], [ -76.68573, 56.3290601 ], [ -76.67284, 56.35036 ] ] ], [ [ [ -76.76057, 56.1822901 ], [ -76.7200699, 56.15968 ], [ -76.7152601, 56.12364 ], [ -76.77035, 56.10544 ], [ -76.76057, 56.1822901 ] ] ], [ [ [ -76.7531799, 57.2721799 ], [ -76.7209599, 57.22986 ], [ -76.75257, 57.21943 ], [ -76.7823099, 57.26844 ], [ -76.7531799, 57.2721799 ] ] ], [ [ [ -76.84009, 57.43175 ], [ -76.76169, 57.39087 ], [ -76.74169, 57.3640099 ], [ -76.75344, 57.3372099 ], [ -76.72346, 57.29358 ], [ -76.75634, 57.27879 ], [ -76.84009, 57.43175 ] ] ], [ [ [ -77.1478599, 55.7728699 ], [ -77.14823, 55.7632601 ], [ -77.2307701, 55.7368201 ], [ -77.22571, 55.76765 ], [ -77.1478599, 55.7728699 ] ] ], [ [ [ -77.2132001, 55.6590099 ], [ -77.2045, 55.6412299 ], [ -77.25629, 55.61647 ], [ -77.29519, 55.5811601 ], [ -77.3228401, 55.59755 ], [ -77.28086, 55.6147301 ], [ -77.2132001, 55.6590099 ] ] ], [ [ [ -77.52427, 64.01272 ], [ -77.4859359, 63.9986174 ], [ -77.4825099, 63.9694201 ], [ -77.53015, 63.95529 ], [ -77.58384, 63.96304 ], [ -77.52427, 64.01272 ] ] ], [ [ [ -78.16706, 63.4871699 ], [ -78.15359, 63.4728199 ], [ -78.0631601, 63.46165 ], [ -78.0105899, 63.4719499 ], [ -77.7773666, 63.4495389 ], [ -77.76092, 63.41307 ], [ -77.6981883, 63.4211861 ], [ -77.6688299, 63.39306 ], [ -77.62643, 63.39436 ], [ -77.61906, 63.35738 ], [ -77.5005001, 63.27531 ], [ -77.5129599, 63.2356799 ], [ -77.56947, 63.16902 ], [ -77.6253501, 63.1669699 ], [ -77.7321897, 63.1284176 ], [ -77.79507, 63.1182999 ], [ -77.88043, 63.0897099 ], [ -77.94382, 63.09097 ], [ -78.0052499, 63.1123 ], [ -78.0327299, 63.13656 ], [ -78.08957, 63.15079 ], [ -78.09549, 63.1708799 ], [ -78.1533499, 63.2045599 ], [ -78.25421, 63.2471101 ], [ -78.3502399, 63.3207299 ], [ -78.5092101, 63.3914101 ], [ -78.5267, 63.43343 ], [ -78.38355, 63.44906 ], [ -78.27737, 63.4772799 ], [ -78.16706, 63.4871699 ] ] ], [ [ [ -77.6341599, 64.0399399 ], [ -77.5671015, 64.0027065 ], [ -77.6294031, 63.9514095 ], [ -77.6797995, 63.9272106 ], [ -77.7629701, 63.9254399 ], [ -77.9474, 63.9538 ], [ -77.96316, 63.97063 ], [ -77.9397401, 64.0194899 ], [ -77.8352599, 64.03078 ], [ -77.7744699, 64.0181301 ], [ -77.7494101, 64.0362699 ], [ -77.6341599, 64.0399399 ] ] ], [ [ [ -77.7476301, 62.58834 ], [ -77.63764, 62.58457 ], [ -77.6701401, 62.56322 ], [ -77.80216, 62.5395099 ], [ -77.8320499, 62.5856299 ], [ -77.7476301, 62.58834 ] ] ], [ [ [ -77.7997999, 58.27402 ], [ -77.6976399, 58.2474001 ], [ -77.72368, 58.23225 ], [ -77.80107, 58.26234 ], [ -77.7997999, 58.27402 ] ] ], [ [ [ -77.96841, 58.3310399 ], [ -77.8895199, 58.3190199 ], [ -77.81055, 58.29619 ], [ -77.83322, 58.2785301 ], [ -77.96841, 58.3310399 ] ] ], [ [ [ -77.99053, 62.59359 ], [ -77.85344, 62.57713 ], [ -77.85146, 62.55067 ], [ -77.88532, 62.5396099 ], [ -77.9636501, 62.54399 ], [ -78.1095399, 62.56242 ], [ -78.0489545, 62.5882801 ], [ -77.99053, 62.59359 ] ] ], [ [ [ -77.930989, 70.024902 ], [ -77.9558701, 69.98535 ], [ -78.0298299, 69.98461 ], [ -78.0152148, 70.0178001 ], [ -77.930989, 70.024902 ] ] ], [ [ [ -78.16052, 69.75946 ], [ -77.97953, 69.70355 ], [ -77.9426, 69.6445599 ], [ -78.07301, 69.5857201 ], [ -78.23697, 69.57022 ], [ -78.36906, 69.53211 ], [ -78.44191, 69.5219399 ], [ -78.4935399, 69.49276 ], [ -78.63622, 69.52186 ], [ -78.7198801, 69.48385 ], [ -78.8009499, 69.4611101 ], [ -78.8489, 69.4695 ], [ -78.8547499, 69.50576 ], [ -78.7450399, 69.54964 ], [ -78.53505, 69.6455301 ], [ -78.4893099, 69.6533201 ], [ -78.40009, 69.6435799 ], [ -78.3761301, 69.66215 ], [ -78.3886999, 69.70045 ], [ -78.20845, 69.6837801 ], [ -78.2280599, 69.7289499 ], [ -78.16052, 69.75946 ] ] ], [ [ [ -78.07537, 69.9313901 ], [ -78.0289101, 69.8940301 ], [ -78.07966, 69.8900101 ], [ -78.07537, 69.9313901 ] ] ], [ [ [ -78.1032099, 60.7885501 ], [ -78.08889, 60.7675 ], [ -78.15893, 60.75095 ], [ -78.18308, 60.7648999 ], [ -78.1032099, 60.7885501 ] ] ], [ [ [ -78.4622999, 69.3930701 ], [ -78.27293, 69.37459 ], [ -78.2147901, 69.2910399 ], [ -78.29634, 69.25729 ], [ -78.35097, 69.2058301 ], [ -78.43822, 69.2320901 ], [ -78.46822, 69.2251099 ], [ -78.45324, 69.1778301 ], [ -78.5371101, 69.15757 ], [ -78.55987, 69.0857601 ], [ -78.7161001, 69.0119601 ], [ -78.7266, 68.97936 ], [ -78.8181799, 68.9393799 ], [ -78.81911, 68.91561 ], [ -78.91931, 68.9112399 ], [ -78.9499299, 68.89115 ], [ -79.0150799, 68.8924301 ], [ -79.1653799, 68.86791 ], [ -79.1699101, 68.84738 ], [ -79.2626599, 68.83812 ], [ -79.3629499, 68.8600801 ], [ -79.3965299, 68.9245799 ], [ -79.3131101, 68.97056 ], [ -79.2199501, 69.0882499 ], [ -79.1016501, 69.0905699 ], [ -79.0319501, 69.1174 ], [ -78.93642, 69.1119299 ], [ -78.90493, 69.1414701 ], [ -78.8395399, 69.1496099 ], [ -78.8459501, 69.20824 ], [ -78.7710201, 69.2582001 ], [ -78.7051099, 69.2742 ], [ -78.6145099, 69.2773301 ], [ -78.70796, 69.30877 ], [ -78.7152001, 69.34288 ], [ -78.66316, 69.3485801 ], [ -78.57032, 69.3880899 ], [ -78.5265699, 69.37712 ], [ -78.4622999, 69.3930701 ] ] ], [ [ [ -78.2551701, 60.82464 ], [ -78.2793099, 60.7873699 ], [ -78.4546001, 60.7365301 ], [ -78.49495, 60.7355 ], [ -78.5926099, 60.709 ], [ -78.6607, 60.7066101 ], [ -78.6773099, 60.72982 ], [ -78.6163801, 60.7548701 ], [ -78.6050201, 60.77386 ], [ -78.45832, 60.7952301 ], [ -78.37118, 60.8167199 ], [ -78.2551701, 60.82464 ] ] ], [ [ [ -78.3502499, 57.3325399 ], [ -78.30402, 57.3172099 ], [ -78.3705501, 57.28712 ], [ -78.42388, 57.2752899 ], [ -78.47367, 57.2938401 ], [ -78.3960399, 57.3279899 ], [ -78.3502499, 57.3325399 ] ] ], [ [ [ -78.3076699, 57.20895 ], [ -78.3094399, 57.17171 ], [ -78.3738199, 57.17475 ], [ -78.3593301, 57.1951001 ], [ -78.3076699, 57.20895 ] ] ], [ [ [ -78.39762, 58.9577101 ], [ -78.4034801, 58.91943 ], [ -78.44413, 58.9120299 ], [ -78.4740899, 58.94233 ], [ -78.39762, 58.9577101 ] ] ], [ [ [ -78.4466399, 63.5175099 ], [ -78.41922, 63.5037101 ], [ -78.4306299, 63.4532401 ], [ -78.5307899, 63.4434 ], [ -78.5223299, 63.4807001 ], [ -78.4466399, 63.5175099 ] ] ], [ [ [ -78.82836, 68.66946 ], [ -78.68395, 68.6665101 ], [ -78.54595, 68.6310501 ], [ -78.4651, 68.62347 ], [ -78.4932001, 68.5947299 ], [ -78.4752099, 68.5709299 ], [ -78.56121, 68.55518 ], [ -78.66359, 68.5654601 ], [ -78.68459, 68.5992601 ], [ -78.7653699, 68.6108301 ], [ -78.82978, 68.64045 ], [ -78.82836, 68.66946 ] ] ], [ [ [ -78.5879001, 58.6387599 ], [ -78.52974, 58.6348401 ], [ -78.4990901, 58.6135101 ], [ -78.5726801, 58.5998201 ], [ -78.6074901, 58.6108301 ], [ -78.5879001, 58.6387599 ] ] ], [ [ [ -78.53695, 68.28472 ], [ -78.5146, 68.2395001 ], [ -78.5579299, 68.21789 ], [ -78.6582901, 68.22291 ], [ -78.59918, 68.27757 ], [ -78.53695, 68.28472 ] ] ], [ [ [ -78.6906301, 58.6895501 ], [ -78.68895, 58.6777501 ], [ -78.6177001, 58.6411099 ], [ -78.66722, 58.6350999 ], [ -78.6974101, 58.65384 ], [ -78.6906301, 58.6895501 ] ] ], [ [ [ -78.72693, 68.5683799 ], [ -78.6636301, 68.55152 ], [ -78.71797, 68.5291201 ], [ -78.618, 68.51392 ], [ -78.63745, 68.4914399 ], [ -78.71441, 68.45746 ], [ -78.82058, 68.43535 ], [ -78.86625, 68.47813 ], [ -78.9591499, 68.4828701 ], [ -78.9412599, 68.52638 ], [ -78.8695499, 68.52448 ], [ -78.82812, 68.56332 ], [ -78.72693, 68.5683799 ] ] ], [ [ [ -78.70003, 58.80802 ], [ -78.6291, 58.7988 ], [ -78.6471701, 58.77967 ], [ -78.70704, 58.77665 ], [ -78.70003, 58.80802 ] ] ], [ [ [ -78.6888701, 56.43819 ], [ -78.6502701, 56.41185 ], [ -78.6538699, 56.3458401 ], [ -78.6488, 56.2671101 ], [ -78.6687699, 56.1696399 ], [ -78.76222, 56.16548 ], [ -78.8021601, 56.15313 ], [ -78.8880099, 56.1065999 ], [ -78.91939, 56.12391 ], [ -78.8938601, 56.19238 ], [ -78.8417499, 56.22862 ], [ -78.80935, 56.2646801 ], [ -78.84489, 56.2791301 ], [ -78.8116199, 56.30557 ], [ -78.8338401, 56.3199201 ], [ -78.82824, 56.3536301 ], [ -78.74831, 56.42597 ], [ -78.6888701, 56.43819 ] ] ], [ [ [ -78.6967799, 52.4513 ], [ -78.7621301, 52.4032199 ], [ -78.8322801, 52.4338701 ], [ -78.77152, 52.4497799 ], [ -78.6967799, 52.4513 ] ] ], [ [ [ -78.94304, 72.4333516 ], [ -78.8252553, 72.4152395 ], [ -78.7422981, 72.3664369 ], [ -78.8545201, 72.3676824 ], [ -78.9389263, 72.3405742 ], [ -79.0514468, 72.3610877 ], [ -79.0837089, 72.4182855 ], [ -78.9861954, 72.4459536 ], [ -78.94304, 72.4333516 ] ] ], [ [ [ -78.76639, 56.13302 ], [ -78.83412, 56.08274 ], [ -78.8828701, 56.08743 ], [ -78.76639, 56.13302 ] ] ], [ [ [ -79.0069362, 76.1110614 ], [ -78.9001479, 76.1135743 ], [ -78.7983326, 76.0893694 ], [ -78.8328817, 76.0518805 ], [ -78.908, 76.0244732 ], [ -79.0255194, 76.007396 ], [ -79.1543679, 75.9736537 ], [ -79.177061, 75.9533705 ], [ -79.1234801, 75.918547 ], [ -78.9920803, 75.8857338 ], [ -78.9114, 75.8768483 ], [ -78.8689088, 75.8461251 ], [ -79.3204743, 75.87399 ], [ -79.4059476, 75.8427766 ], [ -79.3636646, 75.8243006 ], [ -79.5892345, 75.8269669 ], [ -79.5690911, 75.8663702 ], [ -79.7416711, 75.8647306 ], [ -79.738949, 75.8914294 ], [ -79.6017395, 75.9009755 ], [ -79.5530064, 75.9496248 ], [ -79.4594389, 75.9786999 ], [ -79.3168316, 76.0065732 ], [ -79.2142311, 76.0618452 ], [ -79.1218383, 76.0780387 ], [ -79.1077046, 76.1197917 ], [ -79.0069362, 76.1110614 ] ] ], [ [ [ -79.0825599, 68.3665701 ], [ -78.9928499, 68.36219 ], [ -78.9174699, 68.34554 ], [ -78.8454299, 68.31649 ], [ -78.8092501, 68.27561 ], [ -78.8535001, 68.2455001 ], [ -78.9301101, 68.22934 ], [ -78.98345, 68.18677 ], [ -79.07368, 68.17672 ], [ -79.1752799, 68.21712 ], [ -79.1939201, 68.2382999 ], [ -79.1853701, 68.33742 ], [ -79.14653, 68.36384 ], [ -79.0825599, 68.3665701 ] ] ], [ [ [ -78.883897, 72.2803694 ], [ -78.9253557, 72.2805117 ], [ -79.0387607, 72.3434185 ], [ -78.9600698, 72.3352191 ], [ -78.883897, 72.2803694 ] ] ], [ [ [ -79.2487501, 56.62893 ], [ -79.2615499, 56.5525399 ], [ -79.1860599, 56.55069 ], [ -79.1554186, 56.5250267 ], [ -79.1206899, 56.53154 ], [ -79.1161101, 56.4746099 ], [ -79.0364199, 56.4226701 ], [ -78.9242399, 56.42904 ], [ -78.9245401, 56.35989 ], [ -78.93931, 56.32979 ], [ -78.9114699, 56.3079301 ], [ -78.92497, 56.27973 ], [ -78.9561, 56.2744899 ], [ -79.08641, 56.07539 ], [ -79.17442, 55.8992301 ], [ -79.1791401, 55.93465 ], [ -79.10962, 56.0550001 ], [ -79.1074301, 56.07161 ], [ -78.9879399, 56.2380001 ], [ -78.96675, 56.2950201 ], [ -78.9749, 56.3238399 ], [ -79.0334099, 56.3556499 ], [ -79.0554399, 56.34435 ], [ -79.0904301, 56.2485899 ], [ -79.1719, 56.2234401 ], [ -79.2356201, 56.1524001 ], [ -79.2906601, 56.0494501 ], [ -79.3699301, 55.9547299 ], [ -79.4544399, 55.87899 ], [ -79.50543, 55.85593 ], [ -79.5716199, 55.87016 ], [ -79.6150601, 55.9036901 ], [ -79.7298101, 55.80327 ], [ -79.7428101, 55.8231099 ], [ -79.7031599, 55.85241 ], [ -79.55178, 56.0174399 ], [ -79.48809, 56.07354 ], [ -79.4647601, 56.10756 ], [ -79.51631, 56.1313701 ], [ -79.54701, 56.12008 ], [ -79.6613101, 56.02329 ], [ -79.7025899, 55.972 ], [ -79.79849, 55.8984501 ], [ -79.86007, 55.82682 ], [ -79.9103601, 55.8344399 ], [ -79.91634, 55.86484 ], [ -80.0129701, 55.89728 ], [ -80.01048, 55.92364 ], [ -79.8920101, 55.99946 ], [ -79.8474, 56.01673 ], [ -79.78969, 56.09299 ], [ -79.7435801, 56.13735 ], [ -79.6811101, 56.18023 ], [ -79.55511, 56.24643 ], [ -79.50908, 56.30633 ], [ -79.4951101, 56.35712 ], [ -79.4671099, 56.40569 ], [ -79.4566599, 56.4467901 ], [ -79.46795, 56.5051899 ], [ -79.4426699, 56.5569899 ], [ -79.4228799, 56.4641599 ], [ -79.4517401, 56.3686201 ], [ -79.53523, 56.1949801 ], [ -79.5930601, 56.1713199 ], [ -79.6052901, 56.15021 ], [ -79.5618499, 56.14023 ], [ -79.51398, 56.1798699 ], [ -79.43635, 56.19223 ], [ -79.3920423, 56.2272774 ], [ -79.328627, 56.374839 ], [ -79.3065174, 56.4497671 ], [ -79.2727413, 56.5983363 ], [ -79.2487501, 56.62893 ] ] ], [ [ [ -78.9447801, 56.09053 ], [ -78.94161, 56.0297701 ], [ -78.98599, 55.99439 ], [ -79.01514, 55.9474801 ], [ -79.05149, 55.85508 ], [ -79.10737, 55.78757 ], [ -79.1325, 55.78514 ], [ -79.0698899, 55.86972 ], [ -79.0227, 56.0049701 ], [ -78.9447801, 56.09053 ] ] ], [ [ [ -78.98598, 56.3278599 ], [ -78.9975901, 56.27785 ], [ -79.0385399, 56.2377899 ], [ -79.06761, 56.2448999 ], [ -79.0521701, 56.2818001 ], [ -78.99612, 56.3103601 ], [ -78.98598, 56.3278599 ] ] ], [ [ [ -79.04259, 54.9404899 ], [ -79.06314, 54.9109801 ], [ -79.22215, 54.88446 ], [ -79.3092399, 54.87379 ], [ -79.331, 54.85245 ], [ -79.38446, 54.83678 ], [ -79.51329, 54.8330501 ], [ -79.62893, 54.8122601 ], [ -79.7254601, 54.77462 ], [ -79.6675599, 54.83778 ], [ -79.5914901, 54.8556201 ], [ -79.4768801, 54.8690999 ], [ -79.43945, 54.88373 ], [ -79.39159, 54.8805499 ], [ -79.30549, 54.89961 ], [ -79.04259, 54.9404899 ] ] ], [ [ [ -79.2209583, 56.6855396 ], [ -79.1796001, 56.67557 ], [ -79.13917, 56.6322 ], [ -79.2767119, 56.6677273 ], [ -79.2209583, 56.6855396 ] ] ], [ [ [ -79.2823301, 51.9646199 ], [ -79.2426, 51.9407001 ], [ -79.29727, 51.9314 ], [ -79.2823301, 51.9646199 ] ] ], [ [ [ -79.34041, 52.09897 ], [ -79.27591, 52.0775401 ], [ -79.24879, 52.0585599 ], [ -79.3280299, 52.0183099 ], [ -79.32151, 51.95954 ], [ -79.37545, 51.9246801 ], [ -79.4638801, 51.93266 ], [ -79.5836101, 51.92173 ], [ -79.62637, 51.90584 ], [ -79.64293, 51.9337099 ], [ -79.6508701, 52.0009401 ], [ -79.5537299, 52.0128501 ], [ -79.47418, 52.0564399 ], [ -79.4483399, 52.05841 ], [ -79.34041, 52.09897 ] ] ], [ [ [ -79.6033199, 62.4155499 ], [ -79.5409299, 62.3938 ], [ -79.4714499, 62.3830799 ], [ -79.45513, 62.35219 ], [ -79.3971999, 62.32851 ], [ -79.3890699, 62.30564 ], [ -79.32097, 62.28462 ], [ -79.2596301, 62.23857 ], [ -79.29917, 62.21834 ], [ -79.28073, 62.1763999 ], [ -79.3192285, 62.11917 ], [ -79.3233486, 62.07917 ], [ -79.3685901, 62.03903 ], [ -79.4053099, 61.97779 ], [ -79.45625, 61.94919 ], [ -79.43913, 61.91727 ], [ -79.4518899, 61.87417 ], [ -79.5344701, 61.80778 ], [ -79.5235701, 61.7869301 ], [ -79.5928699, 61.7014301 ], [ -79.6625501, 61.6729601 ], [ -79.6790099, 61.6091401 ], [ -79.79712, 61.57006 ], [ -79.8901, 61.5961799 ], [ -79.8992599, 61.6405199 ], [ -79.945, 61.67184 ], [ -79.96014, 61.7017601 ], [ -80.0777999, 61.7590201 ], [ -80.0924999, 61.78241 ], [ -80.1778699, 61.78243 ], [ -80.24451, 61.8414001 ], [ -80.26988, 61.91241 ], [ -80.2679101, 61.9950401 ], [ -80.2276699, 62.0800199 ], [ -80.20859, 62.10039 ], [ -80.21084, 62.1397901 ], [ -80.1780601, 62.1593 ], [ -80.15023, 62.20544 ], [ -80.0640299, 62.23814 ], [ -79.9698499, 62.33009 ], [ -79.94322, 62.36775 ], [ -79.8542101, 62.39059 ], [ -79.76709, 62.3778201 ], [ -79.70953, 62.38345 ], [ -79.6033199, 62.4155499 ] ] ], [ [ [ -95.68525, 77.06925 ], [ -95.5755, 77.0565 ], [ -95.41025, 77.059 ], [ -95.2595, 77.01075 ], [ -95.1595, 76.9935 ], [ -95.044, 77.00275 ], [ -94.913, 76.9765 ], [ -94.75975, 76.9715 ], [ -94.62175, 76.98325 ], [ -94.49375, 76.9685 ], [ -94.447, 76.921 ], [ -94.3395, 76.923 ], [ -94.2285, 76.892 ], [ -94.0205, 76.90075 ], [ -93.98775, 76.93525 ], [ -93.64825, 76.9115 ], [ -93.60475, 76.8615 ], [ -93.431, 76.821 ], [ -93.4025, 76.79525 ], [ -93.313, 76.78575 ], [ -93.28975, 76.74975 ], [ -93.179, 76.749 ], [ -93.18475, 76.67825 ], [ -93.3245, 76.5725 ], [ -93.3005, 76.5485 ], [ -93.47675, 76.505 ], [ -93.47275, 76.48725 ], [ -93.651, 76.452 ], [ -93.64225, 76.42775 ], [ -93.47675, 76.4615 ], [ -93.39625, 76.458 ], [ -93.28075, 76.509 ], [ -93.1045, 76.59875 ], [ -93.10575, 76.62075 ], [ -92.8805, 76.62275 ], [ -92.6825, 76.593 ], [ -92.5915, 76.61275 ], [ -92.477, 76.61975 ], [ -92.414, 76.59925 ], [ -92.12, 76.62275 ], [ -92.038, 76.65175 ], [ -91.91025, 76.67225 ], [ -91.467, 76.69225 ], [ -91.3035, 76.672 ], [ -91.13525, 76.669 ], [ -90.83475, 76.61825 ], [ -90.79225, 76.58425 ], [ -90.6175, 76.57125 ], [ -90.507, 76.51925 ], [ -90.54875, 76.49575 ], [ -90.48875, 76.4635 ], [ -90.6705, 76.45225 ], [ -90.71025, 76.46625 ], [ -90.84975, 76.45925 ], [ -90.93825, 76.47975 ], [ -91.1335, 76.4795 ], [ -91.35775, 76.5155 ], [ -91.45025, 76.5195 ], [ -91.53725, 76.49825 ], [ -91.27025, 76.45325 ], [ -91.0075, 76.45275 ], [ -90.8725, 76.425 ], [ -90.73975, 76.423 ], [ -90.553, 76.399 ], [ -90.33575, 76.39425 ], [ -90.16975, 76.37075 ], [ -90.008, 76.363 ], [ -89.8047188, 76.3290848 ], [ -89.3507352, 76.307549 ], [ -89.2873211, 76.3003446 ], [ -89.1903999, 76.2457601 ], [ -89.29892, 76.19647 ], [ -89.4389699, 76.17966 ], [ -89.79125, 76.162 ], [ -89.9725, 76.1735 ], [ -90.2290725, 76.1699081 ], [ -90.28925, 76.18075 ], [ -90.4545, 76.1665 ], [ -90.806, 76.17825 ], [ -90.8885, 76.1735 ], [ -91.05325, 76.19375 ], [ -91.1795, 76.19475 ], [ -91.2375, 76.2225 ], [ -91.384, 76.24025 ], [ -91.421, 76.22175 ], [ -91.272, 76.20775 ], [ -91.348, 76.1785 ], [ -91.0485, 76.14725 ], [ -90.659, 76.11575 ], [ -90.757, 76.08425 ], [ -90.48875, 76.093 ], [ -90.2455, 76.0715 ], [ -90.2305, 76.04425 ], [ -90.425, 76.031 ], [ -90.5145, 76.0385 ], [ -90.771, 76.021 ], [ -91.007, 76.0135 ], [ -91.0705, 75.994 ], [ -90.954, 75.9695 ], [ -90.98125, 75.93425 ], [ -90.91525, 75.919 ], [ -90.79275, 75.988 ], [ -90.697, 75.95225 ], [ -90.59225, 75.985 ], [ -90.4475, 75.986 ], [ -90.116, 75.9495 ], [ -90.085, 76.01075 ], [ -89.9775, 76.007 ], [ -89.95575, 75.979 ], [ -89.8455, 75.96425 ], [ -89.79475, 75.926 ], [ -89.6655, 75.8925 ], [ -89.8055, 75.82975 ], [ -89.7035, 75.81875 ], [ -89.57075, 75.84325 ], [ -89.46, 75.84775 ], [ -89.37225, 75.817 ], [ -89.19969, 75.7907499 ], [ -89.16108, 75.76912 ], [ -89.2269401, 75.6834 ], [ -89.2140501, 75.6597501 ], [ -89.30351, 75.63168 ], [ -89.5208801, 75.6083901 ], [ -89.43368, 75.5909 ], [ -89.188, 75.58325 ], [ -89.11425, 75.4855 ], [ -88.99125, 75.4585 ], [ -88.92575, 75.4285 ], [ -88.77675, 75.436 ], [ -88.75525, 75.48825 ], [ -88.808, 75.49825 ], [ -88.818, 75.53725 ], [ -88.925, 75.60775 ], [ -88.78575, 75.629 ], [ -88.75325, 75.68475 ], [ -88.607, 75.6635 ], [ -88.49375, 75.61125 ], [ -88.1841413, 75.5274831 ], [ -88.1911463, 75.4940444 ], [ -87.8846987, 75.5603692 ], [ -87.7745808, 75.5737495 ], [ -87.6809242, 75.5706516 ], [ -87.6305625, 75.515767 ], [ -87.5272331, 75.4792441 ], [ -87.4363499, 75.4844399 ], [ -87.5225001, 75.52973 ], [ -87.5418177, 75.5636696 ], [ -87.4237601, 75.583588 ], [ -87.4092273, 75.6071825 ], [ -87.3121996, 75.6219717 ], [ -87.1137243, 75.5861843 ], [ -87.0485519, 75.5300334 ], [ -86.8475599, 75.4853001 ], [ -86.7703028, 75.4754821 ], [ -86.6144933, 75.4787236 ], [ -86.4655578, 75.450954 ], [ -86.38881, 75.41891 ], [ -86.42904, 75.40113 ], [ -86.6220701, 75.3790399 ], [ -86.5512799, 75.3617901 ], [ -86.43112, 75.3731699 ], [ -86.22725, 75.4146001 ], [ -86.09329, 75.4248401 ], [ -85.9194501, 75.41543 ], [ -85.82155, 75.4223801 ], [ -85.9096501, 75.4524299 ], [ -86.08962, 75.4851199 ], [ -86.1636788, 75.5081028 ], [ -86.1118099, 75.52276 ], [ -85.89136, 75.54776 ], [ -85.82322, 75.5424501 ], [ -85.6606131, 75.5868327 ], [ -85.4806499, 75.56145 ], [ -85.1786801, 75.5597099 ], [ -85.24923, 75.58234 ], [ -85.17373, 75.6327499 ], [ -85.0839872, 75.6407133 ], [ -85.0753849, 75.6630917 ], [ -84.83351, 75.6569899 ], [ -84.66288, 75.6437499 ], [ -84.6544483, 75.6825598 ], [ -84.6124383, 75.6961117 ], [ -84.34026, 75.7036501 ], [ -84.20118, 75.76509 ], [ -84.02484, 75.77345 ], [ -83.96146, 75.82278 ], [ -83.7143601, 75.7939699 ], [ -83.55177, 75.78976 ], [ -83.43883, 75.7491 ], [ -83.3334701, 75.73843 ], [ -82.9484801, 75.75231 ], [ -82.6597, 75.8105101 ], [ -82.35272, 75.83628 ], [ -82.22645, 75.8352199 ], [ -81.8114451, 75.8150179 ], [ -81.6423734, 75.8166754 ], [ -81.4264754, 75.7976134 ], [ -81.3046444, 75.7797946 ], [ -81.1100706, 75.7694293 ], [ -81.1326984, 75.7338156 ], [ -80.9391362, 75.6904696 ], [ -80.8606651, 75.6908433 ], [ -80.7126909, 75.6658073 ], [ -80.4802669, 75.6658073 ], [ -80.3685389, 75.6448816 ], [ -80.2119703, 75.6344188 ], [ -80.1230364, 75.6026567 ], [ -79.9989772, 75.5791154 ], [ -79.8445029, 75.5307779 ], [ -79.8010277, 75.5020532 ], [ -79.8616259, 75.4886801 ], [ -79.5669606, 75.4605189 ], [ -79.649641, 75.4407222 ], [ -79.5960734, 75.4011288 ], [ -79.4706942, 75.3856019 ], [ -79.5262027, 75.3079677 ], [ -79.4450749, 75.2870065 ], [ -79.5126167, 75.2462486 ], [ -79.5300844, 75.2089841 ], [ -79.4877738, 75.1822003 ], [ -79.4835039, 75.0902038 ], [ -79.4978662, 75.0366362 ], [ -79.46099, 74.9927729 ], [ -79.3717106, 74.9426989 ], [ -79.324742, 74.8887431 ], [ -79.417903, 74.861183 ], [ -79.5638553, 74.8429389 ], [ -79.6469238, 74.8006283 ], [ -80.0160536, 74.6908172 ], [ -80.2108722, 74.5963059 ], [ -80.274, 74.582 ], [ -80.50725, 74.58725 ], [ -80.5775, 74.5635 ], [ -80.83175, 74.564 ], [ -81.11375, 74.587 ], [ -81.234, 74.587 ], [ -81.43575, 74.54975 ], [ -81.53075, 74.515 ], [ -81.63675, 74.50625 ], [ -81.75575, 74.47075 ], [ -81.942, 74.48825 ], [ -82.03775, 74.4875 ], [ -82.40475, 74.52975 ], [ -82.45125, 74.5565 ], [ -82.55425, 74.51875 ], [ -82.79125, 74.528 ], [ -82.94725, 74.564 ], [ -83.0605, 74.6165 ], [ -83.1315, 74.68675 ], [ -83.0935, 74.78625 ], [ -83.10025, 74.821 ], [ -83.30475, 74.83025 ], [ -83.4124736, 74.8789824 ], [ -83.5062007, 74.903815 ], [ -83.568, 74.87225 ], [ -83.43725, 74.7975 ], [ -83.312, 74.78075 ], [ -83.418, 74.6705 ], [ -83.458, 74.614 ], [ -83.44, 74.5965 ], [ -83.59425, 74.54225 ], [ -83.6565, 74.55025 ], [ -83.8565, 74.55275 ], [ -84.18375, 74.51225 ], [ -84.64225, 74.5025 ], [ -84.6981667, 74.5318376 ], [ -84.776, 74.5135 ], [ -84.90825, 74.49975 ], [ -84.983, 74.58 ], [ -85.06825, 74.5895 ], [ -85.03725, 74.5415 ], [ -85.0925, 74.50525 ], [ -85.23575, 74.48825 ], [ -85.35375, 74.4975 ], [ -85.36775, 74.542 ], [ -85.4485, 74.60625 ], [ -85.48, 74.6575 ], [ -85.55425, 74.657 ], [ -85.4945, 74.5385 ], [ -85.6076449, 74.4949669 ], [ -85.77875, 74.493 ], [ -85.95975, 74.48175 ], [ -86.12875, 74.4795 ], [ -86.09451, 74.55986 ], [ -86.19224, 74.58987 ], [ -86.22938, 74.52792 ], [ -86.3080001, 74.4919 ], [ -86.4552101, 74.4781701 ], [ -86.7205901, 74.5438899 ], [ -86.79737, 74.5331199 ], [ -86.6344101, 74.4793901 ], [ -86.6619099, 74.46499 ], [ -86.9431601, 74.46066 ], [ -87.04137, 74.4773901 ], [ -87.16049, 74.46444 ], [ -87.33034, 74.4722999 ], [ -87.37536, 74.5206301 ], [ -87.4395701, 74.52473 ], [ -87.4569299, 74.47948 ], [ -87.5065662, 74.4659579 ], [ -87.74172, 74.45802 ], [ -87.78261, 74.4951801 ], [ -87.8949301, 74.47112 ], [ -88.2419, 74.48044 ], [ -88.5540001, 74.49981 ], [ -88.58883, 74.5470901 ], [ -88.5508801, 74.6293799 ], [ -88.49, 74.6581601 ], [ -88.45947, 74.72428 ], [ -88.41545, 74.7414301 ], [ -88.51483, 74.7855 ], [ -88.4638301, 74.8331 ], [ -88.6952199, 74.8468201 ], [ -88.6924399, 74.8034 ], [ -88.76031, 74.77886 ], [ -88.7718644, 74.7290052 ], [ -88.84411, 74.6606399 ], [ -88.9403599, 74.7206501 ], [ -88.9230199, 74.7767701 ], [ -89.00186, 74.77328 ], [ -89.0775301, 74.71713 ], [ -89.2123999, 74.71124 ], [ -89.1006401, 74.6834299 ], [ -89.1229199, 74.6264701 ], [ -89.1673899, 74.5994699 ], [ -89.27306, 74.5750299 ], [ -89.4151799, 74.5872201 ], [ -89.4366, 74.55784 ], [ -89.58523, 74.5394201 ], [ -89.7927, 74.5307799 ], [ -89.9854001, 74.5312199 ], [ -89.9969799, 74.5898901 ], [ -90.0510199, 74.5882599 ], [ -90.09177, 74.55074 ], [ -90.2357799, 74.56507 ], [ -90.36644, 74.59665 ], [ -90.61914, 74.61956 ], [ -90.7083601, 74.65444 ], [ -90.77447, 74.7204 ], [ -90.83138, 74.72685 ], [ -90.9023999, 74.6845399 ], [ -90.9904399, 74.69938 ], [ -90.9547699, 74.7538901 ], [ -90.8773601, 74.76931 ], [ -90.74824, 74.8559599 ], [ -90.86641, 74.87623 ], [ -90.87674, 74.8450799 ], [ -90.96492, 74.8033699 ], [ -91.05329, 74.7773401 ], [ -91.11978, 74.74225 ], [ -91.2335899, 74.7272001 ], [ -91.2055501, 74.6927201 ], [ -91.1071799, 74.638 ], [ -91.15025, 74.62418 ], [ -91.2981799, 74.6281599 ], [ -91.37258, 74.6448101 ], [ -91.45956, 74.643 ], [ -91.69923, 74.6718599 ], [ -91.6094, 74.7099 ], [ -91.66186, 74.7248999 ], [ -91.79932, 74.73373 ], [ -92.0463901, 74.77732 ], [ -92.0754001, 74.7965999 ], [ -92.0164601, 74.89726 ], [ -92.0849501, 74.93229 ], [ -92.0603999, 74.96438 ], [ -92.1655899, 74.9939101 ], [ -92.2395299, 75.0319499 ], [ -92.17352, 75.0816401 ], [ -92.029, 75.0990801 ], [ -92.1346899, 75.13327 ], [ -92.21185, 75.1442301 ], [ -92.34052, 75.1434599 ], [ -92.50393, 75.2162999 ], [ -92.4639601, 75.2626301 ], [ -92.47948, 75.2927899 ], [ -92.4152799, 75.3540399 ], [ -92.46069, 75.3673401 ], [ -92.4438699, 75.4144099 ], [ -92.38332, 75.4622199 ], [ -92.1887199, 75.55811 ], [ -92.0005458, 75.5912535 ], [ -92.0975345, 75.6235113 ], [ -92.0160419, 75.6595709 ], [ -92.0249686, 75.679513 ], [ -92.15975, 75.74775 ], [ -92.09025, 75.814 ], [ -92.157, 75.88575 ], [ -92.24825, 75.8935 ], [ -92.33975, 75.92825 ], [ -92.53775, 75.963 ], [ -92.5405, 75.996 ], [ -92.6295, 76.03075 ], [ -92.6565, 76.079 ], [ -92.65075, 76.12725 ], [ -92.745, 76.15925 ], [ -92.81975, 76.213 ], [ -92.9635, 76.24075 ], [ -93.02525, 76.29425 ], [ -93.09525, 76.31975 ], [ -93.048, 76.342 ], [ -93.08575, 76.364 ], [ -93.339, 76.36575 ], [ -93.44775, 76.3305 ], [ -93.53925, 76.3155 ], [ -93.654, 76.3285 ], [ -93.74725, 76.31675 ], [ -93.77775, 76.28675 ], [ -93.63725, 76.2595 ], [ -93.6935, 76.249 ], [ -93.93575, 76.2645 ], [ -94.13325, 76.263 ], [ -94.1955, 76.28175 ], [ -94.632, 76.28 ], [ -94.76, 76.28925 ], [ -95.0005, 76.24175 ], [ -95.0625, 76.21975 ], [ -95.20325, 76.238 ], [ -95.39375, 76.239 ], [ -95.4005, 76.2935 ], [ -95.10625, 76.30425 ], [ -95.01925, 76.3355 ], [ -95.07475, 76.3505 ], [ -95.3055, 76.37825 ], [ -95.40175, 76.3525 ], [ -95.49325, 76.374 ], [ -95.889, 76.411 ], [ -96.019, 76.4435 ], [ -96.125, 76.50525 ], [ -96.0035, 76.52275 ], [ -95.80325, 76.51675 ], [ -95.7785, 76.5595 ], [ -96.033, 76.55475 ], [ -96.00975, 76.583 ], [ -96.16625, 76.5805 ], [ -96.2575, 76.63575 ], [ -96.3975, 76.63425 ], [ -96.48175, 76.66075 ], [ -96.468, 76.69 ], [ -96.67525, 76.7065 ], [ -96.814, 76.69625 ], [ -96.8955, 76.70425 ], [ -96.968, 76.73925 ], [ -96.82625, 76.76825 ], [ -96.916, 76.78275 ], [ -96.8925, 76.8205 ], [ -96.80875, 76.8115 ], [ -96.66825, 76.77425 ], [ -96.6885, 76.753 ], [ -96.49625, 76.764 ], [ -96.5615, 76.79475 ], [ -96.5615, 76.82225 ], [ -96.69175, 76.87075 ], [ -96.82425, 76.86025 ], [ -96.88575, 76.89125 ], [ -96.83775, 76.9305 ], [ -96.7175, 76.941 ], [ -96.70975, 76.9605 ], [ -96.7865, 76.98475 ], [ -96.5235, 76.9785 ], [ -96.37025, 76.981 ], [ -96.31375, 77.00275 ], [ -96.32525, 77.04 ], [ -96.03175, 77.0505 ], [ -95.68525, 77.06925 ] ] ], [ [ [ -79.6649351, 69.8208806 ], [ -79.5220499, 69.8013001 ], [ -79.43224, 69.80028 ], [ -79.32929, 69.70845 ], [ -79.4858999, 69.6504301 ], [ -79.6395499, 69.6138501 ], [ -79.8187401, 69.62193 ], [ -79.9285099, 69.6125301 ], [ -79.94945, 69.6338701 ], [ -80.0437701, 69.65793 ], [ -80.07451, 69.6353499 ], [ -79.9678401, 69.5570501 ], [ -79.9069399, 69.5254899 ], [ -80.00103, 69.4964 ], [ -80.1617201, 69.53597 ], [ -80.2182001, 69.52945 ], [ -80.2435799, 69.61724 ], [ -80.2945999, 69.5602 ], [ -80.3335001, 69.56726 ], [ -80.3295199, 69.60072 ], [ -80.3569601, 69.62638 ], [ -80.4178999, 69.63759 ], [ -80.4768299, 69.6735501 ], [ -80.6664885, 69.673712 ], [ -80.74892, 69.6671299 ], [ -80.81193, 69.6888001 ], [ -80.70442, 69.7489699 ], [ -80.50943, 69.72643 ], [ -80.4751572, 69.7931749 ], [ -80.3483511, 69.8049065 ], [ -80.222288, 69.8051235 ], [ -80.1521794, 69.7906659 ], [ -80.1273777, 69.7603086 ], [ -79.988285, 69.7419683 ], [ -79.879906, 69.7424158 ], [ -79.8150087, 69.769015 ], [ -79.754213, 69.7666245 ], [ -79.6649351, 69.8208806 ] ] ], [ [ [ -79.42813, 52.26661 ], [ -79.38944, 52.2394399 ], [ -79.4922399, 52.23605 ], [ -79.4965699, 52.2560901 ], [ -79.42813, 52.26661 ] ] ], [ [ [ -79.57772, 72.4638974 ], [ -79.4632643, 72.4262672 ], [ -79.4133869, 72.378567 ], [ -79.5352555, 72.3468544 ], [ -79.5858851, 72.3544078 ], [ -79.649574, 72.4166647 ], [ -79.57772, 72.4638974 ] ] ], [ [ [ -79.4808015, 56.4447996 ], [ -79.5255423, 56.4186623 ], [ -79.4969167, 56.3953834 ], [ -79.5595785, 56.2881559 ], [ -79.6292035, 56.2686561 ], [ -79.5657286, 56.3732182 ], [ -79.5397908, 56.4258445 ], [ -79.4808015, 56.4447996 ] ] ], [ [ [ -79.5941801, 56.7967437 ], [ -79.508772, 56.7712515 ], [ -79.4928977, 56.6604777 ], [ -79.5601952, 56.6334118 ], [ -79.5973775, 56.6566053 ], [ -79.557439, 56.6811503 ], [ -79.5743292, 56.7142635 ], [ -79.5687758, 56.744678 ], [ -79.5941801, 56.7967437 ] ] ], [ [ [ -79.53933, 56.5397201 ], [ -79.5241301, 56.5131699 ], [ -79.56912, 56.4440399 ], [ -79.5997599, 56.37781 ], [ -79.6545401, 56.3228399 ], [ -79.70344, 56.2941699 ], [ -79.97258, 56.1919601 ], [ -80.04315, 56.1706201 ], [ -80.1060201, 56.20094 ], [ -80.0889299, 56.2341001 ], [ -80.0528901, 56.24151 ], [ -80.0396699, 56.2915999 ], [ -80.00324, 56.31154 ], [ -79.89397, 56.31419 ], [ -79.85316, 56.3230501 ], [ -79.86928, 56.37057 ], [ -79.8198501, 56.37216 ], [ -79.76634, 56.35704 ], [ -79.69307, 56.35501 ], [ -79.6329801, 56.3843199 ], [ -79.53933, 56.5397201 ] ] ], [ [ [ -79.74352, 57.61686 ], [ -79.7467199, 57.59307 ], [ -79.7054799, 57.54607 ], [ -79.7362899, 57.5087401 ], [ -79.7755199, 57.5165499 ], [ -79.80072, 57.51705 ], [ -79.8332199, 57.51249 ], [ -79.83484, 57.5363201 ], [ -79.74352, 57.61686 ] ] ], [ [ [ -79.8055938, 56.9637786 ], [ -79.73823, 56.8158901 ], [ -79.75936, 56.79127 ], [ -79.8292099, 56.81793 ], [ -79.89284, 56.78203 ], [ -79.9029001, 56.7407599 ], [ -79.9632801, 56.76472 ], [ -79.9758501, 56.8167901 ], [ -79.92218, 56.86486 ], [ -79.9171, 56.9112901 ], [ -79.84585, 56.9298599 ], [ -79.8055938, 56.9637786 ] ] ], [ [ [ -79.87098, 53.1767699 ], [ -79.80891, 53.1697699 ], [ -79.8274201, 53.13204 ], [ -79.7757, 53.09335 ], [ -79.90362, 53.06742 ], [ -79.9229, 53.0959201 ], [ -79.91565, 53.1472099 ], [ -79.87098, 53.1767699 ] ] ], [ [ [ -79.80602, 57.5148 ], [ -79.7979899, 57.5131801 ], [ -79.80469, 57.42466 ], [ -79.83762, 57.4188199 ], [ -79.8426501, 57.4775001 ], [ -79.8125499, 57.48977 ], [ -79.81416, 57.50591 ], [ -79.80602, 57.5148 ] ] ], [ [ [ -79.9350499, 53.3789999 ], [ -79.89853, 53.35791 ], [ -79.95514, 53.3194901 ], [ -79.9299101, 53.29313 ], [ -79.9398101, 53.25633 ], [ -80.0148701, 53.22482 ], [ -80.05571, 53.23117 ], [ -80.0825701, 53.2529001 ], [ -80.0751301, 53.29102 ], [ -80.0915701, 53.32214 ], [ -80.08839, 53.3608 ], [ -80.01012, 53.3933599 ], [ -79.9350499, 53.3789999 ] ] ], [ [ [ -80.122248, 72.5336199 ], [ -80.050391, 72.5272348 ], [ -79.9043618, 72.464006 ], [ -79.9585624, 72.4179185 ], [ -80.0264137, 72.4330718 ], [ -79.970607, 72.4656995 ], [ -80.0003785, 72.4849554 ], [ -80.078559, 72.4812642 ], [ -80.1339368, 72.5190056 ], [ -80.122248, 72.5336199 ] ] ], [ [ [ -80.0317964, 59.8809384 ], [ -79.9690153, 59.869457 ], [ -79.9322204, 59.8422906 ], [ -79.9724594, 59.8072915 ], [ -80.0722503, 59.7629886 ], [ -80.1203468, 59.7669022 ], [ -80.1426719, 59.7867565 ], [ -80.1417649, 59.8220691 ], [ -80.0317964, 59.8809384 ] ] ], [ [ [ -80.0889526, 45.3457141 ], [ -80.0554883, 45.3267651 ], [ -80.0885813, 45.2815738 ], [ -80.1491866, 45.277788 ], [ -80.164327, 45.234942 ], [ -80.1960003, 45.2403801 ], [ -80.226247, 45.2970607 ], [ -80.1861222, 45.3282817 ], [ -80.1273697, 45.3127671 ], [ -80.0950186, 45.3134155 ], [ -80.0889526, 45.3457141 ] ] ], [ [ [ -80.1906599, 69.42735 ], [ -80.16392, 69.4047301 ], [ -80.07521, 69.3909799 ], [ -80.1063899, 69.3563899 ], [ -80.18101, 69.3846201 ], [ -80.1906599, 69.42735 ] ] ], [ [ [ -85.5151199, 65.9229101 ], [ -85.4675201, 65.89175 ], [ -85.48958, 65.81447 ], [ -85.46392, 65.7950501 ], [ -85.3726899, 65.8288799 ], [ -85.2580699, 65.8260801 ], [ -85.1834899, 65.80424 ], [ -85.12383, 65.73318 ], [ -85.13351, 65.6939099 ], [ -85.02876, 65.63068 ], [ -85.0532899, 65.576 ], [ -85.19808, 65.54496 ], [ -85.25804, 65.55879 ], [ -85.27024, 65.5238901 ], [ -85.2247199, 65.50405 ], [ -85.05879, 65.45661 ], [ -84.9742, 65.39309 ], [ -84.9848901, 65.3297901 ], [ -84.95229, 65.2884201 ], [ -84.90983, 65.26123 ], [ -84.8990899, 65.2273099 ], [ -84.8614801, 65.2059301 ], [ -84.7768999, 65.2117299 ], [ -84.7214101, 65.2723199 ], [ -84.7332099, 65.32698 ], [ -84.70527, 65.35598 ], [ -84.5979199, 65.4241601 ], [ -84.5677701, 65.46436 ], [ -84.52371, 65.48117 ], [ -84.4077701, 65.44559 ], [ -84.4192301, 65.41354 ], [ -84.3587, 65.4076299 ], [ -84.3322801, 65.38056 ], [ -84.1960099, 65.3609399 ], [ -84.15494, 65.3269001 ], [ -84.1516399, 65.2951099 ], [ -84.2064699, 65.25672 ], [ -84.0581499, 65.20655 ], [ -84.0085301, 65.18176 ], [ -83.97591, 65.19544 ], [ -83.8744999, 65.18978 ], [ -83.8566999, 65.16266 ], [ -83.76278, 65.16911 ], [ -83.69031, 65.1545999 ], [ -83.5240599, 65.1554501 ], [ -83.4801499, 65.14239 ], [ -83.39703, 65.1406701 ], [ -83.30607, 65.0665 ], [ -83.31945, 65.0376399 ], [ -83.3029101, 65.0039399 ], [ -83.23447, 64.98277 ], [ -83.15697, 64.9371299 ], [ -83.00168, 64.9134401 ], [ -82.95076, 64.8839799 ], [ -82.8149501, 64.84732 ], [ -82.7747001, 64.8066199 ], [ -82.6686599, 64.7710201 ], [ -82.56876, 64.76418 ], [ -82.5292499, 64.7331299 ], [ -82.4803299, 64.73593 ], [ -82.3770599, 64.76506 ], [ -82.34265, 64.7600001 ], [ -82.2538599, 64.71858 ], [ -82.1889203, 64.71016 ], [ -82.06526, 64.6760601 ], [ -82.03531, 64.63458 ], [ -81.9309543, 64.5854748 ], [ -81.8156119, 64.5441265 ], [ -81.81912, 64.5244301 ], [ -81.7451299, 64.48979 ], [ -81.7388999, 64.45644 ], [ -81.7698099, 64.4392701 ], [ -81.7338801, 64.40173 ], [ -81.72859, 64.33616 ], [ -81.74831, 64.30204 ], [ -81.7036301, 64.2592999 ], [ -81.5817801, 64.17031 ], [ -81.59918, 64.13469 ], [ -81.68849, 64.09977 ], [ -81.98954, 64.04701 ], [ -82.0130499, 64.0193599 ], [ -82.0013999, 63.9872 ], [ -81.9679299, 63.97937 ], [ -81.8642999, 63.9798999 ], [ -81.6810501, 64.01106 ], [ -81.5600901, 64.0253799 ], [ -81.49011, 64.0253799 ], [ -81.3990399, 64.0607101 ], [ -81.2847201, 64.07324 ], [ -81.24942, 64.0462 ], [ -81.16291, 64.0239399 ], [ -81.0742601, 64.02107 ], [ -80.99904, 63.9847701 ], [ -80.9093801, 63.97784 ], [ -80.92677, 64.0098199 ], [ -80.97803, 64.04743 ], [ -80.9128291, 64.0796424 ], [ -80.94228, 64.1192901 ], [ -80.8405701, 64.0987499 ], [ -80.73169, 64.05077 ], [ -80.6949599, 63.99315 ], [ -80.6250299, 63.99529 ], [ -80.53902, 63.9822499 ], [ -80.54249, 63.9478501 ], [ -80.5755499, 63.9345301 ], [ -80.5271799, 63.88988 ], [ -80.60828, 63.85943 ], [ -80.50166, 63.8560301 ], [ -80.3417301, 63.82854 ], [ -80.2915901, 63.7955601 ], [ -80.20239, 63.7994401 ], [ -80.15057, 63.7815 ], [ -80.1666399, 63.7465499 ], [ -80.2209901, 63.73368 ], [ -80.2890201, 63.7368501 ], [ -80.4960599, 63.7158499 ], [ -80.50979, 63.6721599 ], [ -80.57172, 63.6332201 ], [ -80.6311001, 63.62316 ], [ -80.69177, 63.5946501 ], [ -80.7971001, 63.5636401 ], [ -80.8311499, 63.5294099 ], [ -80.9108201, 63.5259 ], [ -80.9331999, 63.50979 ], [ -80.92589, 63.4606801 ], [ -81.0019199, 63.4443301 ], [ -81.05563, 63.44675 ], [ -81.2840799, 63.49265 ], [ -81.5477601, 63.5736 ], [ -81.65314, 63.56395 ], [ -81.6935101, 63.5958701 ], [ -81.7692201, 63.6342301 ], [ -81.8246099, 63.6201101 ], [ -81.9006599, 63.6247701 ], [ -81.9087, 63.64276 ], [ -82.0015869, 63.6564291 ], [ -82.0639501, 63.6860699 ], [ -82.1991401, 63.68066 ], [ -82.2872099, 63.66597 ], [ -82.29202, 63.6449399 ], [ -82.4106399, 63.66966 ], [ -82.4616201, 63.66967 ], [ -82.4680999, 63.7059301 ], [ -82.5232499, 63.73938 ], [ -82.4928899, 63.7877899 ], [ -82.3795999, 63.82499 ], [ -82.31271, 63.8312401 ], [ -82.35173, 63.8897101 ], [ -82.4109401, 63.91869 ], [ -82.48126, 63.92989 ], [ -82.55198, 63.9578 ], [ -82.7728201, 63.96218 ], [ -82.87807, 63.9779901 ], [ -82.97201, 63.96383 ], [ -83.06572, 63.9385499 ], [ -83.13409, 63.96203 ], [ -83.1416199, 64.00462 ], [ -83.00214, 64.0738499 ], [ -82.9311301, 64.1349 ], [ -82.9871501, 64.1730299 ], [ -83.09153, 64.1747601 ], [ -83.1995201, 64.1109 ], [ -83.27475, 64.1417799 ], [ -83.4028401, 64.1058301 ], [ -83.46204, 64.1191801 ], [ -83.5379301, 64.0978401 ], [ -83.55456, 64.0652 ], [ -83.60124, 64.02521 ], [ -83.6592, 64.0141399 ], [ -83.6313301, 63.9548601 ], [ -83.5921901, 63.92245 ], [ -83.62573, 63.8635801 ], [ -83.5778401, 63.8230299 ], [ -83.5976699, 63.77638 ], [ -83.63293, 63.7525 ], [ -83.70979, 63.76273 ], [ -83.8202299, 63.73205 ], [ -83.8121099, 63.7119 ], [ -83.87085, 63.70014 ], [ -83.9053801, 63.6718299 ], [ -84.0086401, 63.64931 ], [ -84.0728101, 63.59662 ], [ -84.11233, 63.5924201 ], [ -84.1875301, 63.6224599 ], [ -84.25773, 63.6164 ], [ -84.3634, 63.5623199 ], [ -84.39318, 63.5129599 ], [ -84.44198, 63.4767299 ], [ -84.45985, 63.4107601 ], [ -84.4539299, 63.37124 ], [ -84.5126399, 63.35181 ], [ -84.5803399, 63.2920599 ], [ -84.6647399, 63.28912 ], [ -84.7794599, 63.2280001 ], [ -84.9044001, 63.1908799 ], [ -84.9766701, 63.1619799 ], [ -85.04632, 63.15311 ], [ -85.21023, 63.10998 ], [ -85.2885, 63.1048101 ], [ -85.3693, 63.11433 ], [ -85.4554299, 63.0989201 ], [ -85.57842, 63.1472801 ], [ -85.61457, 63.1782099 ], [ -85.6495399, 63.27832 ], [ -85.6340799, 63.29276 ], [ -85.66015, 63.3495399 ], [ -85.6507401, 63.4287701 ], [ -85.6129, 63.4614 ], [ -85.59479, 63.5042 ], [ -85.63013, 63.5434299 ], [ -85.6003899, 63.56514 ], [ -85.5893601, 63.6547001 ], [ -85.6419, 63.68769 ], [ -85.82768, 63.6967399 ], [ -85.99586, 63.68509 ], [ -86.27085, 63.63521 ], [ -86.41703, 63.65966 ], [ -86.52862, 63.66544 ], [ -86.66019, 63.64139 ], [ -86.75668, 63.5935 ], [ -86.76198, 63.57815 ], [ -86.91534, 63.54738 ], [ -87.0827801, 63.54981 ], [ -87.1632099, 63.5744301 ], [ -87.21216, 63.6326801 ], [ -87.19403, 63.6751699 ], [ -87.20728, 63.71479 ], [ -87.1370699, 63.7470999 ], [ -87.0222199, 63.84129 ], [ -86.94855, 63.88988 ], [ -86.778, 63.9528899 ], [ -86.70109, 63.9647701 ], [ -86.65373, 63.98282 ], [ -86.4591001, 64.01944 ], [ -86.41071, 64.04701 ], [ -86.29798, 64.0734901 ], [ -86.2438, 64.0677201 ], [ -86.1709599, 64.09136 ], [ -86.1649301, 64.13635 ], [ -86.1948301, 64.1756501 ], [ -86.3043499, 64.22787 ], [ -86.27616, 64.2497299 ], [ -86.3325999, 64.27456 ], [ -86.36556, 64.36371 ], [ -86.33254, 64.411 ], [ -86.3712701, 64.4244701 ], [ -86.39235, 64.5006499 ], [ -86.39137, 64.5850299 ], [ -86.27173, 64.7187701 ], [ -86.26469, 64.74686 ], [ -86.20768, 64.80245 ], [ -86.19859, 64.83577 ], [ -86.16312, 64.8656201 ], [ -86.13033, 64.93104 ], [ -86.2095399, 64.97445 ], [ -86.19476, 65.02398 ], [ -86.12631, 65.10083 ], [ -86.11707, 65.15986 ], [ -86.14663, 65.2145099 ], [ -86.1580599, 65.28617 ], [ -86.08592, 65.3666901 ], [ -86.12188, 65.3637099 ], [ -86.1200199, 65.42814 ], [ -86.0968801, 65.4581801 ], [ -86.05869, 65.57942 ], [ -86.0205399, 65.6247 ], [ -85.9953999, 65.70662 ], [ -85.92241, 65.76699 ], [ -85.87657, 65.7907 ], [ -85.778, 65.82012 ], [ -85.71128, 65.8574201 ], [ -85.58651, 65.9115601 ], [ -85.5151199, 65.9229101 ] ] ], [ [ [ -80.2168818, 59.7398722 ], [ -80.1547486, 59.7208042 ], [ -80.1692891, 59.6963274 ], [ -80.2335187, 59.677523 ], [ -80.2544633, 59.645908 ], [ -80.3275307, 59.6327387 ], [ -80.3268698, 59.6657504 ], [ -80.2168818, 59.7398722 ] ] ], [ [ [ -80.2353862, 44.8819636 ], [ -80.2120814, 44.8562261 ], [ -80.1749017, 44.8715489 ], [ -80.1556409, 44.824528 ], [ -80.1899187, 44.8097128 ], [ -80.2451855, 44.8332524 ], [ -80.2353862, 44.8819636 ] ] ], [ [ [ -80.4123605, 45.5289755 ], [ -80.4355652, 45.4896626 ], [ -80.4800182, 45.5179965 ], [ -80.4123605, 45.5289755 ] ] ], [ [ [ -81.3491901, 53.20429 ], [ -81.27922, 53.20538 ], [ -81.2462699, 53.18905 ], [ -81.16349, 53.18125 ], [ -81.11191, 53.1913 ], [ -81.0913901, 53.16762 ], [ -80.9963201, 53.11911 ], [ -80.9686401, 53.11501 ], [ -80.95037, 53.08477 ], [ -80.82598, 53.01292 ], [ -80.76123, 52.93159 ], [ -80.72391, 52.83185 ], [ -80.6929201, 52.7877 ], [ -80.6694999, 52.7825201 ], [ -80.6737001, 52.73 ], [ -80.69342, 52.68676 ], [ -80.74505, 52.69021 ], [ -80.8115799, 52.71121 ], [ -80.9672199, 52.7400601 ], [ -81.05251, 52.74812 ], [ -81.15396, 52.78159 ], [ -81.20819, 52.81226 ], [ -81.2971601, 52.83807 ], [ -81.3781001, 52.85219 ], [ -81.4704199, 52.8573699 ], [ -81.5505599, 52.8688099 ], [ -81.75051, 52.9240799 ], [ -81.84746, 52.93854 ], [ -81.94631, 52.9600899 ], [ -81.9672401, 52.9755399 ], [ -82.0494901, 53.00662 ], [ -82.03809, 53.03619 ], [ -82.00744, 53.0525899 ], [ -81.9521101, 53.10813 ], [ -81.89912, 53.1492801 ], [ -81.8361899, 53.1675399 ], [ -81.7468999, 53.15648 ], [ -81.60484, 53.19341 ], [ -81.5721399, 53.18896 ], [ -81.48948, 53.1965 ], [ -81.428, 53.19328 ], [ -81.3491901, 53.20429 ] ] ], [ [ [ -81.1736664, 46.0009016 ], [ -81.1647148, 45.9907619 ], [ -81.2210769, 45.96036 ], [ -81.272723, 45.9548132 ], [ -81.3690155, 45.9918007 ], [ -81.2352858, 45.9913619 ], [ -81.1736664, 46.0009016 ] ] ], [ [ [ -81.2449524, 76.1895633 ], [ -81.2109808, 76.1773334 ], [ -81.3019942, 76.1470158 ], [ -81.4239368, 76.1531452 ], [ -81.4432043, 76.173517 ], [ -81.2449524, 76.1895633 ] ] ], [ [ [ -81.4702899, 64.2341401 ], [ -81.39549, 64.2218299 ], [ -81.38349, 64.2037099 ], [ -81.4593899, 64.17893 ], [ -81.5328, 64.1845699 ], [ -81.5386501, 64.21396 ], [ -81.4702899, 64.2341401 ] ] ], [ [ [ -81.5263695, 52.2866146 ], [ -81.4935001, 52.2782201 ], [ -81.43957, 52.2315401 ], [ -81.54525, 52.2396799 ], [ -81.64321, 52.2315 ], [ -81.70784, 52.25394 ], [ -81.61243, 52.26882 ], [ -81.56796, 52.28583 ], [ -81.5263695, 52.2866146 ] ] ], [ [ [ -81.8801906, 69.4329462 ], [ -81.7305406, 69.4136717 ], [ -81.6640089, 69.4214843 ], [ -81.5446777, 69.4024241 ], [ -81.4963901, 69.3858401 ], [ -81.4618301, 69.3468299 ], [ -81.52784, 69.3369299 ], [ -81.6376283, 69.3397089 ], [ -81.6553227, 69.370511 ], [ -81.74697, 69.3951701 ], [ -81.79878, 69.37347 ], [ -81.76995, 69.34778 ], [ -81.8652901, 69.3418399 ], [ -81.88414, 69.37791 ], [ -81.8587015, 69.394095 ], [ -81.90568, 69.4158899 ], [ -81.8801906, 69.4329462 ] ] ], [ [ [ -81.5749338, 45.9659865 ], [ -81.6015728, 45.9285185 ], [ -81.6225108, 45.9433279 ], [ -81.5749338, 45.9659865 ] ] ], [ [ [ -82.798884, 45.986318 ], [ -82.8409542, 45.9101215 ], [ -82.7724459, 45.8763604 ], [ -82.7503343, 45.8309652 ], [ -82.6660896, 45.8645307 ], [ -82.6439191, 45.826534 ], [ -82.5859126, 45.8431039 ], [ -82.5529799, 45.8217507 ], [ -82.543314, 45.7803234 ], [ -82.4963614, 45.8367937 ], [ -82.5937405, 45.8789462 ], [ -82.5570186, 45.9112752 ], [ -82.5304115, 45.906966 ], [ -82.4932849, 45.9452219 ], [ -82.44981, 45.9286723 ], [ -82.4360271, 45.9565482 ], [ -82.3781707, 45.972833 ], [ -82.2823787, 45.9865019 ], [ -82.2897493, 45.9319167 ], [ -82.2572785, 45.9098055 ], [ -82.2231625, 45.9189187 ], [ -82.1707141, 45.8711713 ], [ -82.1769343, 45.8474294 ], [ -82.150275, 45.834465 ], [ -82.1119704, 45.8914944 ], [ -82.124074, 45.9090122 ], [ -82.0578028, 45.9577357 ], [ -81.9950259, 45.9717013 ], [ -81.9798244, 45.9868393 ], [ -81.9025456, 45.9762736 ], [ -81.8841419, 45.9446893 ], [ -81.9090831, 45.8836962 ], [ -81.870742, 45.8880219 ], [ -81.8143846, 45.8631219 ], [ -81.843966, 45.7980641 ], [ -81.8342911, 45.7604138 ], [ -81.7898843, 45.7543647 ], [ -81.7752994, 45.792103 ], [ -81.7352831, 45.8397283 ], [ -81.7303122, 45.8584127 ], [ -81.6694379, 45.9064849 ], [ -81.6534442, 45.8686206 ], [ -81.6604631, 45.8351812 ], [ -81.7137557, 45.8040744 ], [ -81.7051817, 45.7873873 ], [ -81.628654, 45.7897356 ], [ -81.595798, 45.8068175 ], [ -81.5784998, 45.7844306 ], [ -81.595361, 45.75 ], [ -81.6281042, 45.7219247 ], [ -81.665979, 45.7075474 ], [ -81.6567347, 45.6760636 ], [ -81.7039381, 45.6425253 ], [ -81.7166301, 45.6086921 ], [ -81.7604805, 45.5832353 ], [ -81.7882679, 45.5417451 ], [ -81.8449768, 45.5154301 ], [ -81.8911899, 45.5265997 ], [ -81.9280547, 45.5464446 ], [ -81.9795191, 45.5453916 ], [ -81.9879515, 45.5648857 ], [ -81.941218, 45.5938842 ], [ -81.8818299, 45.6003109 ], [ -81.7859156, 45.6631415 ], [ -81.750048, 45.6729369 ], [ -81.7581544, 45.6969248 ], [ -81.8017889, 45.6825293 ], [ -81.8421019, 45.6870634 ], [ -81.8947576, 45.6541274 ], [ -81.9334586, 45.6097254 ], [ -82.012805, 45.5828204 ], [ -82.0087865, 45.5583213 ], [ -82.0763211, 45.5606434 ], [ -82.1012438, 45.5999605 ], [ -82.132743, 45.5933663 ], [ -82.1988561, 45.6121376 ], [ -82.1981129, 45.6246762 ], [ -82.2997441, 45.6609296 ], [ -82.3194913, 45.6852964 ], [ -82.4209426, 45.7059906 ], [ -82.4798494, 45.7046504 ], [ -82.4835241, 45.7237287 ], [ -82.5338166, 45.7532271 ], [ -82.5499214, 45.7468784 ], [ -82.6338373, 45.7560619 ], [ -82.6764075, 45.7837695 ], [ -82.7561509, 45.776097 ], [ -82.790285, 45.799697 ], [ -82.8329396, 45.8105388 ], [ -82.8714965, 45.7912714 ], [ -82.923927, 45.8150296 ], [ -83.040168, 45.8495571 ], [ -83.0628265, 45.8366538 ], [ -83.106125, 45.8705819 ], [ -83.1571787, 45.8641053 ], [ -83.2195161, 45.8745719 ], [ -83.2260269, 45.9065365 ], [ -83.1760816, 45.960404 ], [ -83.1174417, 45.9493844 ], [ -83.1158853, 45.9226146 ], [ -83.0815682, 45.9131631 ], [ -83.0570911, 45.9582306 ], [ -83.0040836, 45.943486 ], [ -82.9433582, 45.9406509 ], [ -82.9149528, 45.9646022 ], [ -82.8781161, 45.9593915 ], [ -82.8530061, 45.9780569 ], [ -82.798884, 45.986318 ] ] ], [ [ [ -81.6203962, 69.5224072 ], [ -81.5914028, 69.485805 ], [ -81.7136641, 69.4979906 ], [ -81.6203962, 69.5224072 ] ] ], [ [ [ -81.7020596, 45.5312809 ], [ -81.7345292, 45.4741592 ], [ -81.7995525, 45.4403419 ], [ -81.8258103, 45.4477437 ], [ -81.8227908, 45.4971544 ], [ -81.779284, 45.5182344 ], [ -81.7020596, 45.5312809 ] ] ], [ [ [ -81.7906701, 52.2397 ], [ -81.8057001, 52.2168 ], [ -81.8696499, 52.18047 ], [ -81.91359, 52.1888499 ], [ -81.8707301, 52.21403 ], [ -81.7906701, 52.2397 ] ] ], [ [ [ -82.24182, 62.98792 ], [ -82.0049, 62.9442701 ], [ -81.90268, 62.9439401 ], [ -81.8659, 62.91552 ], [ -81.93305, 62.84806 ], [ -81.93518, 62.81838 ], [ -81.96918, 62.79793 ], [ -81.9437801, 62.7638301 ], [ -81.9562599, 62.70951 ], [ -82.07892, 62.6505401 ], [ -82.1476701, 62.60216 ], [ -82.2313801, 62.59914 ], [ -82.3543501, 62.5568101 ], [ -82.4044901, 62.52076 ], [ -82.40369, 62.49799 ], [ -82.4679899, 62.44974 ], [ -82.5521301, 62.4264399 ], [ -82.6924599, 62.35535 ], [ -82.74173, 62.3122499 ], [ -82.8038401, 62.27973 ], [ -83.05641, 62.18921 ], [ -83.1338299, 62.1685901 ], [ -83.1636001, 62.206 ], [ -83.2150899, 62.2318 ], [ -83.30818, 62.2584399 ], [ -83.4287601, 62.2489601 ], [ -83.5322601, 62.2133199 ], [ -83.5738799, 62.18056 ], [ -83.6683, 62.14575 ], [ -83.7308101, 62.1473501 ], [ -83.7345099, 62.2852499 ], [ -83.7500501, 62.30798 ], [ -83.8215301, 62.3370201 ], [ -83.904, 62.38421 ], [ -83.9598501, 62.4304001 ], [ -83.95901, 62.4610099 ], [ -83.9266399, 62.4917701 ], [ -83.8555999, 62.5244801 ], [ -83.7520501, 62.56111 ], [ -83.68052, 62.6106301 ], [ -83.6401299, 62.66259 ], [ -83.5752999, 62.69477 ], [ -83.5586101, 62.72732 ], [ -83.5913001, 62.7470699 ], [ -83.5458201, 62.82481 ], [ -83.47375, 62.86296 ], [ -83.3509201, 62.9172699 ], [ -83.2869199, 62.93175 ], [ -83.1725001, 62.9109201 ], [ -83.16821, 62.8795 ], [ -83.1288001, 62.85784 ], [ -83.0589901, 62.8447999 ], [ -83.0020601, 62.84742 ], [ -82.8869099, 62.8940399 ], [ -82.7296999, 62.93853 ], [ -82.63671, 62.94257 ], [ -82.5580301, 62.93132 ], [ -82.4359799, 62.92699 ], [ -82.3206501, 62.9836301 ], [ -82.24182, 62.98792 ] ] ], [ [ [ -82.26334, 69.5005701 ], [ -82.1690354, 69.4963515 ], [ -81.9921539, 69.462333 ], [ -81.9582, 69.44525 ], [ -81.98111, 69.4134299 ], [ -82.05978, 69.44005 ], [ -82.1320299, 69.45841 ], [ -82.24025, 69.4797701 ], [ -82.25515, 69.48529 ], [ -82.3073301, 69.4925799 ], [ -82.26334, 69.5005701 ] ] ], [ [ [ -82.2265504, 46.054884 ], [ -82.2103757, 46.0217318 ], [ -82.2553953, 46.003381 ], [ -82.2499589, 46.0458123 ], [ -82.2265504, 46.054884 ] ] ], [ [ [ -82.3792799, 69.5002 ], [ -82.3386701, 69.4923401 ], [ -82.2852299, 69.48865 ], [ -82.2584299, 69.4791299 ], [ -82.21143, 69.4725601 ], [ -82.22178, 69.46239 ], [ -82.2615499, 69.47016 ], [ -82.2968701, 69.46415 ], [ -82.42226, 69.4884799 ], [ -82.3792799, 69.5002 ] ] ], [ [ [ -82.49475, 69.56725 ], [ -82.40025, 69.5445 ], [ -82.242, 69.5315 ], [ -82.2336001, 69.5034601 ], [ -82.3544899, 69.5002699 ], [ -82.50575, 69.53675 ], [ -82.49475, 69.56725 ] ] ], [ [ [ -82.25258, 52.95738 ], [ -82.23447, 52.92712 ], [ -82.3159979, 52.9325539 ], [ -82.31372, 52.94467 ], [ -82.2814299, 52.95733 ], [ -82.25258, 52.95738 ] ] ], [ [ [ -82.665, 69.88575 ], [ -82.5115, 69.8615 ], [ -82.44275, 69.829 ], [ -82.4313801, 69.7886499 ], [ -82.56253, 69.80748 ], [ -82.692, 69.861 ], [ -82.665, 69.88575 ] ] ], [ [ [ -82.80975, 69.813 ], [ -82.58275, 69.79975 ], [ -82.57, 69.77725 ], [ -82.45675, 69.77425 ], [ -82.45475, 69.73825 ], [ -82.49625, 69.7135 ], [ -82.70075, 69.74125 ], [ -82.74475, 69.762 ], [ -82.86025, 69.781 ], [ -82.80975, 69.813 ] ] ], [ [ [ -82.6157304, 45.9689125 ], [ -82.5705904, 45.9540191 ], [ -82.5766242, 45.9138491 ], [ -82.6524292, 45.8879924 ], [ -82.7057458, 45.8976664 ], [ -82.7377081, 45.9156274 ], [ -82.6961415, 45.9568056 ], [ -82.6339619, 45.9594767 ], [ -82.6157304, 45.9689125 ] ] ], [ [ [ -82.60356, 63.03494 ], [ -82.7043, 62.97492 ], [ -82.7211201, 62.98367 ], [ -82.60356, 63.03494 ] ] ], [ [ [ -82.6381818, 41.8310493 ], [ -82.6203255, 41.7514233 ], [ -82.6748319, 41.7323206 ], [ -82.688943, 41.7560327 ], [ -82.6845774, 41.8048258 ], [ -82.6381818, 41.8310493 ] ] ], [ [ [ -83.25125, 66.359 ], [ -83.194, 66.322 ], [ -83.1335, 66.30275 ], [ -83.12025, 66.282 ], [ -83.05625, 66.287 ], [ -83.04675, 66.2575 ], [ -82.91425, 66.27225 ], [ -82.93225, 66.22575 ], [ -82.9755, 66.19975 ], [ -83.0715, 66.20125 ], [ -83.1405, 66.24 ], [ -83.2635, 66.255 ], [ -83.27775, 66.2825 ], [ -83.241, 66.2995 ], [ -83.25125, 66.359 ] ] ], [ [ [ -82.9679574, 45.6920708 ], [ -82.9383452, 45.6866743 ], [ -82.9387653, 45.6385965 ], [ -82.9765479, 45.6660813 ], [ -82.9679574, 45.6920708 ] ] ], [ [ [ -83.2835, 69.791 ], [ -83.083, 69.7715 ], [ -83.12825, 69.7515 ], [ -83.2605, 69.77325 ], [ -83.2835, 69.791 ] ] ], [ [ [ -84.15525, 65.9675 ], [ -84.25525, 66.00225 ], [ -84.35025, 65.98875 ], [ -84.4145, 66.049 ], [ -84.46425, 66.06575 ], [ -84.443, 66.0855 ], [ -84.43925, 66.142 ], [ -84.39225, 66.1425 ], [ -84.29175, 66.10775 ], [ -84.2145, 66.1015 ], [ -84.167, 66.08 ], [ -84.09425, 66.083 ], [ -84.064, 66.05425 ], [ -83.97325, 66.06375 ], [ -83.97525, 66.0405 ], [ -83.925, 66.0095 ], [ -83.73925, 65.95775 ], [ -83.676, 65.933 ], [ -83.64525, 65.8935 ], [ -83.68475, 65.83975 ], [ -83.74675, 65.831 ], [ -83.70775, 65.7885 ], [ -83.54775, 65.749 ], [ -83.4735, 65.7215 ], [ -83.32875, 65.7265 ], [ -83.18875, 65.71625 ], [ -83.26925, 65.62625 ], [ -83.3785, 65.619 ], [ -83.43925, 65.6495 ], [ -83.53725, 65.658 ], [ -83.65, 65.63975 ], [ -83.7935, 65.68 ], [ -83.77025, 65.721 ], [ -83.70075, 65.73175 ], [ -83.6715, 65.751 ], [ -83.8005, 65.7505 ], [ -83.85975, 65.763 ], [ -83.9335, 65.75225 ], [ -83.97525, 65.72725 ], [ -84.07575, 65.76225 ], [ -84.06775, 65.7975 ], [ -84.091, 65.846 ], [ -84.1225, 65.86475 ], [ -84.1105, 65.90725 ], [ -84.179, 65.926 ], [ -84.15525, 65.9675 ] ] ], [ [ [ -83.36025, 65.8645 ], [ -83.24675, 65.84275 ], [ -83.26425, 65.82175 ], [ -83.343, 65.829 ], [ -83.41325, 65.8065 ], [ -83.49275, 65.80625 ], [ -83.56375, 65.85175 ], [ -83.36025, 65.8645 ] ] ], [ [ [ -83.3554259, 45.9926651 ], [ -83.313352, 45.9561907 ], [ -83.2625488, 45.9522655 ], [ -83.2626159, 45.9086466 ], [ -83.3033561, 45.8723533 ], [ -83.3567363, 45.8497639 ], [ -83.451494, 45.894749 ], [ -83.4915466, 45.8928779 ], [ -83.4735888, 45.9315611 ], [ -83.4444593, 45.9430202 ], [ -83.4095626, 45.9860486 ], [ -83.3554259, 45.9926651 ] ] ], [ [ [ -83.6312399, 66.14309 ], [ -83.5655299, 66.10542 ], [ -83.6191001, 66.08241 ], [ -83.6585899, 66.0938901 ], [ -83.6312399, 66.14309 ] ] ], [ [ [ -83.56925, 66.08625 ], [ -83.57025, 66.04425 ], [ -83.63575, 66.0415 ], [ -83.56925, 66.08625 ] ] ], [ [ [ -83.808, 69.8245 ], [ -83.58575, 69.802 ], [ -83.62825, 69.76725 ], [ -83.72225, 69.76725 ], [ -83.6935, 69.7285 ], [ -83.802, 69.7435 ], [ -83.87625, 69.765 ], [ -83.8805, 69.8175 ], [ -83.808, 69.8245 ] ] ], [ [ [ -84.1003539, 46.3172362 ], [ -84.0498819, 46.2879112 ], [ -83.9773704, 46.3102682 ], [ -83.9239266, 46.2962813 ], [ -83.8817382, 46.254782 ], [ -83.8106719, 46.2186524 ], [ -83.7875747, 46.1841802 ], [ -83.8328212, 46.1356653 ], [ -83.8732944, 46.1594241 ], [ -83.8906065, 46.0839981 ], [ -83.9177348, 46.0690344 ], [ -83.9555968, 46.0708949 ], [ -83.9932502, 46.1517367 ], [ -84.0568014, 46.1799533 ], [ -84.0822198, 46.2268218 ], [ -84.104365, 46.2396544 ], [ -84.0956653, 46.2575275 ], [ -84.110351, 46.2730005 ], [ -84.1003539, 46.3172362 ] ] ], [ [ [ -84.13099, 76.50884 ], [ -83.9835399, 76.4917801 ], [ -83.9007001, 76.47083 ], [ -83.9787476, 76.42661 ], [ -84.1106488, 76.447718 ], [ -84.13099, 76.50884 ] ] ], [ [ [ -84.32975, 66.22275 ], [ -84.2465, 66.19575 ], [ -84.2885, 66.174 ], [ -84.33225, 66.189 ], [ -84.32975, 66.22275 ] ] ], [ [ [ -84.5151228, 46.9164701 ], [ -84.4772242, 46.8874499 ], [ -84.5467311, 46.8721752 ], [ -84.5475609, 46.8957805 ], [ -84.5151228, 46.9164701 ] ] ], [ [ [ -85.0772579, 66.0297337 ], [ -84.9159261, 66.0187808 ], [ -84.82829, 65.9577101 ], [ -84.8714099, 65.9369499 ], [ -84.7912, 65.9078099 ], [ -84.74571, 65.8414 ], [ -84.7009, 65.8328 ], [ -84.70301, 65.80571 ], [ -84.6419299, 65.7679401 ], [ -84.61453, 65.69383 ], [ -84.5560801, 65.6816501 ], [ -84.5537401, 65.6176499 ], [ -84.60453, 65.58711 ], [ -84.7273001, 65.54065 ], [ -84.81951, 65.5856199 ], [ -84.8368101, 65.6452199 ], [ -84.87611, 65.67238 ], [ -84.99461, 65.69995 ], [ -85.07977, 65.7321201 ], [ -85.11851, 65.7679 ], [ -85.1307601, 65.8394201 ], [ -85.1063199, 65.8915501 ], [ -85.15228, 65.94378 ], [ -85.15708, 65.9903901 ], [ -85.1225637, 66.0249476 ], [ -85.0772579, 66.0297337 ] ] ], [ [ [ -85.2335, 77.58525 ], [ -85.153, 77.58475 ], [ -84.9515, 77.5575 ], [ -84.9215, 77.523 ], [ -84.79725, 77.50225 ], [ -85.007, 77.46175 ], [ -85.147, 77.45625 ], [ -85.12775, 77.503 ], [ -85.26275, 77.533 ], [ -85.4975, 77.53925 ], [ -85.34325, 77.58425 ], [ -85.2335, 77.58525 ] ] ], [ [ [ -84.85325, 71.408 ], [ -84.80475, 71.4015 ], [ -84.8355, 71.346 ], [ -84.91475, 71.37075 ], [ -84.85325, 71.408 ] ] ], [ [ [ -84.85175, 68.8195 ], [ -84.80925, 68.798 ], [ -84.853, 68.778 ], [ -84.92625, 68.80075 ], [ -84.85175, 68.8195 ] ] ], [ [ [ -93.4693524, 81.3793981 ], [ -93.1214588, 81.3561336 ], [ -92.8372883, 81.32112 ], [ -92.7683985, 81.3013467 ], [ -92.274114, 81.2587874 ], [ -92.0571111, 81.2262727 ], [ -91.9003868, 81.1907372 ], [ -91.7746628, 81.1463157 ], [ -91.81083, 81.1250846 ], [ -91.733329, 81.0987412 ], [ -91.698884, 81.0479656 ], [ -91.5283817, 80.9850365 ], [ -91.418158, 80.9075272 ], [ -91.2752117, 80.8778133 ], [ -91.2631559, 80.8477293 ], [ -91.1047094, 80.8183713 ], [ -91.1236541, 80.7693258 ], [ -90.9032066, 80.7244632 ], [ -90.667259, 80.7044549 ], [ -90.5449796, 80.6382917 ], [ -90.7085929, 80.5950497 ], [ -90.7482045, 80.5631943 ], [ -90.470923, 80.5595227 ], [ -90.3296989, 80.5479336 ], [ -90.1574743, 80.5499132 ], [ -89.9611384, 80.5286817 ], [ -89.6566454, 80.5327391 ], [ -89.5673642, 80.5456028 ], [ -89.3733704, 80.5423432 ], [ -89.2245684, 80.5258472 ], [ -89.0592329, 80.484938 ], [ -88.9886897, 80.450439 ], [ -89.2289774, 80.3961596 ], [ -89.0261657, 80.3884331 ], [ -89.0923, 80.351925 ], [ -89.0415971, 80.3313983 ], [ -89.2025237, 80.2920739 ], [ -89.1143447, 80.2239977 ], [ -89.0140411, 80.1879982 ], [ -88.9038174, 80.1737122 ], [ -88.7539132, 80.1345082 ], [ -88.5323635, 80.1023515 ], [ -88.3119161, 80.1135235 ], [ -88.2821557, 80.1588404 ], [ -88.4022995, 80.1793539 ], [ -88.4254465, 80.2088264 ], [ -88.5466926, 80.2292367 ], [ -88.6249514, 80.2757041 ], [ -88.5665329, 80.3204701 ], [ -88.6425872, 80.3491537 ], [ -88.6128268, 80.3829104 ], [ -88.3714369, 80.4396441 ], [ -87.9073951, 80.4255376 ], [ -87.7685132, 80.4081052 ], [ -87.6053821, 80.4071868 ], [ -87.6031776, 80.3419445 ], [ -87.5337367, 80.2877981 ], [ -87.5348389, 80.1889374 ], [ -87.6461649, 80.1580868 ], [ -88.0253344, 80.1343193 ], [ -87.9437689, 80.086424 ], [ -87.7762289, 80.0761715 ], [ -87.5590882, 80.082628 ], [ -87.4609891, 80.0670493 ], [ -87.2824266, 80.0816788 ], [ -87.1942477, 80.0461131 ], [ -87.1253261, 79.9812152 ], [ -87.0052265, 79.9532381 ], [ -87.206773, 79.9244591 ], [ -87.2679732, 79.8824311 ], [ -86.9542732, 79.9219894 ], [ -86.940426, 79.8917023 ], [ -87.0696427, 79.7703256 ], [ -87.043888, 79.7356723 ], [ -87.1414806, 79.6724927 ], [ -87.1415051, 79.6412017 ], [ -87.4294888, 79.5741133 ], [ -87.4495283, 79.5377269 ], [ -87.3792257, 79.5165582 ], [ -87.2632591, 79.5190983 ], [ -87.1757673, 79.5790357 ], [ -86.9634826, 79.6088747 ], [ -86.8489506, 79.6126189 ], [ -86.7859424, 79.6408587 ], [ -86.6266971, 79.6636616 ], [ -86.3129267, 79.6495216 ], [ -86.1343036, 79.6090035 ], [ -86.0248948, 79.5465284 ], [ -86.1339946, 79.5314016 ], [ -86.0187235, 79.5096339 ], [ -86.1256192, 79.4415584 ], [ -85.9682445, 79.4596559 ], [ -85.8647157, 79.5174017 ], [ -85.8713849, 79.5694639 ], [ -85.813097, 79.6184947 ], [ -85.612212, 79.6072724 ], [ -85.5340058, 79.548575 ], [ -85.3779705, 79.4573088 ], [ -85.2854004, 79.433973 ], [ -85.2374407, 79.3969139 ], [ -85.1304023, 79.393339 ], [ -85.0271148, 79.3658838 ], [ -84.9219519, 79.314315 ], [ -84.8818162, 79.268181 ], [ -85.1893492, 79.2296971 ], [ -85.2693643, 79.193047 ], [ -85.6037575, 79.1531549 ], [ -85.7195566, 79.1481268 ], [ -85.9113447, 79.1188645 ], [ -86.3084024, 79.0884015 ], [ -86.5227211, 79.0529854 ], [ -86.5728387, 78.9862472 ], [ -86.6964426, 78.9569512 ], [ -86.7832813, 78.960433 ], [ -86.9152067, 79.0306099 ], [ -86.9889955, 79.032099 ], [ -86.954821, 78.9156348 ], [ -86.975111, 78.8865473 ], [ -87.3141407, 78.8034872 ], [ -87.3932799, 78.7418173 ], [ -87.5152182, 78.6833914 ], [ -87.5304682, 78.6613922 ], [ -87.6475, 78.643 ], [ -87.8895, 78.703 ], [ -87.999, 78.79425 ], [ -88.00225, 78.83275 ], [ -87.94075, 78.917 ], [ -87.98875, 78.96625 ], [ -87.8265, 78.99975 ], [ -87.9725, 79.0075 ], [ -88.145, 78.99575 ], [ -88.2, 78.962 ], [ -88.157, 78.905 ], [ -88.22225, 78.85725 ], [ -88.1835, 78.756 ], [ -88.089, 78.682 ], [ -87.98325, 78.65275 ], [ -87.85575, 78.5805 ], [ -88.00625, 78.4775 ], [ -88.1986715, 78.4538665 ], [ -88.317562, 78.4819943 ], [ -88.351545, 78.5077887 ], [ -88.5478913, 78.5825883 ], [ -88.5724346, 78.6094655 ], [ -88.730078, 78.6120752 ], [ -88.7883022, 78.578641 ], [ -88.6789525, 78.4960396 ], [ -88.5732275, 78.4592329 ], [ -88.5333541, 78.4037443 ], [ -88.5810814, 78.3593346 ], [ -88.6656613, 78.326498 ], [ -88.6753276, 78.2821648 ], [ -88.7393667, 78.1929997 ], [ -88.795552, 78.157345 ], [ -88.8716739, 78.1484148 ], [ -89.0529167, 78.1791465 ], [ -89.2740328, 78.2664492 ], [ -89.3459258, 78.3246643 ], [ -89.4886734, 78.3857185 ], [ -89.6706627, 78.4421459 ], [ -89.7635336, 78.4936256 ], [ -89.8315451, 78.5018563 ], [ -89.8512449, 78.5522357 ], [ -89.9652228, 78.5938667 ], [ -90.0820149, 78.6061045 ], [ -90.1084739, 78.5538833 ], [ -89.9956519, 78.4415909 ], [ -89.7982134, 78.4000736 ], [ -89.6075831, 78.282409 ], [ -89.5498753, 78.216385 ], [ -89.446131, 78.154587 ], [ -89.5745146, 78.1491287 ], [ -89.6776106, 78.2136702 ], [ -89.8844509, 78.2138688 ], [ -90.0141314, 78.301159 ], [ -90.2323188, 78.3352933 ], [ -90.5205336, 78.3166629 ], [ -90.5774141, 78.2837991 ], [ -90.2971016, 78.2760481 ], [ -90.3508586, 78.2546348 ], [ -90.3349541, 78.2191633 ], [ -90.2617937, 78.1863868 ], [ -90.3327275, 78.142022 ], [ -90.6635398, 78.1348953 ], [ -91.0118471, 78.1441788 ], [ -91.2001556, 78.1728989 ], [ -91.3019441, 78.1635072 ], [ -91.6356192, 78.1866472 ], [ -91.8366513, 78.2392141 ], [ -92.0084193, 78.2031114 ], [ -92.1187961, 78.218319 ], [ -92.1843224, 78.2570303 ], [ -92.1741435, 78.2777284 ], [ -92.3325517, 78.2887097 ], [ -92.1585572, 78.3125106 ], [ -92.1846405, 78.3246828 ], [ -92.4734651, 78.3084504 ], [ -92.6041996, 78.3390286 ], [ -92.5927484, 78.3579796 ], [ -92.7432044, 78.3786304 ], [ -92.9257873, 78.4216753 ], [ -92.9769996, 78.476579 ], [ -92.8481737, 78.5007642 ], [ -92.666545, 78.4864242 ], [ -92.5307211, 78.49201 ], [ -92.5348562, 78.512743 ], [ -92.0205066, 78.5240767 ], [ -91.9047223, 78.5357154 ], [ -91.9969681, 78.5750993 ], [ -92.2062705, 78.5731459 ], [ -92.5762078, 78.5944896 ], [ -92.7142583, 78.6265254 ], [ -92.8239989, 78.6309782 ], [ -92.9401013, 78.6031669 ], [ -93.2915894, 78.5833504 ], [ -93.5799951, 78.6787374 ], [ -93.8221772, 78.7696338 ], [ -93.5731306, 78.7856119 ], [ -93.3196906, 78.7462406 ], [ -93.0220428, 78.7401302 ], [ -93.360878, 78.819471 ], [ -93.5890564, 78.835645 ], [ -93.854578, 78.8276141 ], [ -93.9377766, 78.851318 ], [ -94.0311348, 78.8996873 ], [ -94.1895691, 78.9387391 ], [ -94.2988531, 78.9868912 ], [ -94.0245448, 79.0315452 ], [ -93.8186076, 79.0362463 ], [ -93.4716502, 79.1059054 ], [ -93.4752889, 79.1340123 ], [ -93.3971961, 79.1603106 ], [ -93.1436044, 79.1679932 ], [ -92.9639069, 79.1582049 ], [ -92.8522258, 79.1336429 ], [ -92.776932, 79.1686244 ], [ -92.4491661, 79.1540975 ], [ -92.1544287, 79.1501993 ], [ -91.7379337, 79.1737779 ], [ -91.2357885, 79.1912712 ], [ -91.1459397, 79.2065352 ], [ -90.791863, 79.206378 ], [ -90.475853, 79.2210451 ], [ -90.4775324, 79.2508425 ], [ -90.7036937, 79.2349084 ], [ -90.8475636, 79.2470309 ], [ -91.1355833, 79.2477097 ], [ -91.3421514, 79.2269588 ], [ -91.5450808, 79.2320849 ], [ -91.6757953, 79.2154425 ], [ -92.2719878, 79.2077408 ], [ -92.6194402, 79.2528956 ], [ -92.548998, 79.2998994 ], [ -92.4783973, 79.3090984 ], [ -91.937038, 79.2969814 ], [ -91.6991457, 79.3271941 ], [ -91.5359439, 79.3264316 ], [ -91.1977781, 79.3452051 ], [ -91.112325, 79.3626433 ], [ -91.2172447, 79.3834236 ], [ -91.4512554, 79.3738736 ], [ -91.8726394, 79.3442264 ], [ -92.1199416, 79.344009 ], [ -92.404589, 79.3658997 ], [ -92.5554403, 79.3659539 ], [ -92.5642621, 79.386392 ], [ -92.4351709, 79.4039258 ], [ -92.5048023, 79.4594662 ], [ -92.8483693, 79.4101333 ], [ -92.9365696, 79.4270314 ], [ -93.0298644, 79.4708766 ], [ -93.1212488, 79.4549219 ], [ -92.9660824, 79.3849084 ], [ -93.0740441, 79.3677565 ], [ -93.3532867, 79.3612089 ], [ -93.2226665, 79.4407502 ], [ -93.3485121, 79.4327475 ], [ -93.4856122, 79.3490503 ], [ -93.6561348, 79.3624051 ], [ -93.6380594, 79.3066082 ], [ -93.8590358, 79.2657331 ], [ -94.0460147, 79.2580452 ], [ -94.1111076, 79.2682621 ], [ -94.1654828, 79.3136363 ], [ -94.1460353, 79.3419337 ], [ -94.015856, 79.3762347 ], [ -94.3808659, 79.4310945 ], [ -94.4724359, 79.3889412 ], [ -94.489364, 79.3443471 ], [ -94.6718292, 79.3389438 ], [ -94.8076529, 79.3007588 ], [ -94.904011, 79.3016152 ], [ -95.0483059, 79.2691948 ], [ -95.1922998, 79.285604 ], [ -95.2330537, 79.3178632 ], [ -95.1333563, 79.3538364 ], [ -95.2578848, 79.3591354 ], [ -95.2492937, 79.3990004 ], [ -95.3034922, 79.4080259 ], [ -95.5516889, 79.3867545 ], [ -95.7521409, 79.4300344 ], [ -95.6598038, 79.4555118 ], [ -95.7425225, 79.4816308 ], [ -95.6944302, 79.5398655 ], [ -95.5932991, 79.554474 ], [ -95.3913116, 79.5546234 ], [ -94.9279771, 79.5885978 ], [ -94.5426044, 79.6286002 ], [ -94.3272978, 79.6713937 ], [ -94.3710973, 79.7104969 ], [ -94.2603682, 79.7592137 ], [ -94.4554975, 79.7479209 ], [ -94.7997877, 79.664738 ], [ -94.9680311, 79.667986 ], [ -95.211217, 79.6426971 ], [ -95.5351295, 79.6332884 ], [ -95.7154442, 79.6368177 ], [ -95.9098839, 79.6544761 ], [ -96.0108447, 79.7080911 ], [ -96.1889798, 79.7477513 ], [ -96.2309705, 79.7950376 ], [ -96.4986021, 79.8306651 ], [ -96.624943, 79.8777889 ], [ -96.6004941, 79.8947905 ], [ -96.382605, 79.9200741 ], [ -96.5907123, 79.9628275 ], [ -96.6450012, 80.0177021 ], [ -96.3349189, 80.0426391 ], [ -96.688041, 80.0619028 ], [ -96.7283908, 80.1182139 ], [ -96.6863292, 80.1464601 ], [ -96.3667097, 80.1421068 ], [ -96.2209612, 80.1289099 ], [ -96.0077185, 80.0751463 ], [ -95.693479, 80.0543454 ], [ -95.66071, 80.0446264 ], [ -95.3513614, 80.0355327 ], [ -95.026851, 80.0378174 ], [ -94.83146, 80.0511349 ], [ -94.5272468, 79.9987359 ], [ -94.4531499, 80.0178293 ], [ -94.7859748, 80.087362 ], [ -94.5918065, 80.1356153 ], [ -94.390791, 80.1712873 ], [ -94.0728834, 80.1697844 ], [ -94.0706825, 80.1836777 ], [ -94.4365208, 80.1955113 ], [ -94.5323822, 80.2285619 ], [ -94.6350909, 80.1827187 ], [ -95.1168433, 80.1229551 ], [ -95.2987843, 80.1175004 ], [ -95.6976362, 80.1698679 ], [ -95.5430842, 80.1960943 ], [ -95.3970912, 80.1958444 ], [ -95.3560077, 80.2172249 ], [ -95.5548223, 80.2209638 ], [ -95.9116126, 80.1933456 ], [ -96.1331698, 80.2258223 ], [ -96.5095236, 80.2921885 ], [ -96.4348832, 80.314276 ], [ -96.5908449, 80.3362346 ], [ -96.0334416, 80.3856238 ], [ -95.7084518, 80.3750781 ], [ -95.5766767, 80.3597269 ], [ -95.3645576, 80.3728467 ], [ -95.5789007, 80.3957406 ], [ -95.7685013, 80.4476431 ], [ -96.033554, 80.4846277 ], [ -95.8819784, 80.5079114 ], [ -95.8084529, 80.5425454 ], [ -95.9751106, 80.574955 ], [ -95.5995652, 80.579955 ], [ -95.4593012, 80.5914267 ], [ -95.1011002, 80.5915499 ], [ -95.015132, 80.6046081 ], [ -94.76967, 80.5633398 ], [ -94.5736021, 80.5505343 ], [ -94.4420104, 80.5561659 ], [ -94.0189561, 80.5528863 ], [ -93.8617247, 80.5154944 ], [ -93.7636908, 80.5240647 ], [ -93.8311834, 80.5598772 ], [ -93.9997264, 80.5907486 ], [ -94.3594356, 80.6083621 ], [ -94.4985684, 80.6008526 ], [ -94.6026352, 80.657702 ], [ -94.6035859, 80.6858445 ], [ -94.4243373, 80.7007739 ], [ -94.5358868, 80.7264714 ], [ -94.7082116, 80.7290744 ], [ -94.9905474, 80.7663054 ], [ -94.9751613, 80.7992068 ], [ -95.2959624, 80.7801209 ], [ -95.4855159, 80.8095804 ], [ -95.44464, 80.8360097 ], [ -95.2490983, 80.885318 ], [ -95.449059, 80.885843 ], [ -95.457897, 80.9048977 ], [ -95.3153836, 80.92461 ], [ -95.2181652, 80.9782974 ], [ -95.2336318, 81.0059728 ], [ -95.0668138, 81.0306365 ], [ -94.890053, 81.0397605 ], [ -94.8547008, 81.0603847 ], [ -94.61055, 81.0507659 ], [ -94.3973323, 81.0144316 ], [ -94.4812937, 80.9916267 ], [ -94.3509326, 80.9635605 ], [ -94.0106681, 81.0242614 ], [ -93.8560024, 81.038556 ], [ -94.3376756, 81.0926012 ], [ -94.2194668, 81.1137874 ], [ -94.1189341, 81.0912326 ], [ -93.8836213, 81.0919169 ], [ -93.8096027, 81.1028588 ], [ -93.420729, 81.0603847 ], [ -93.2396111, 81.0668918 ], [ -92.9922025, 81.1080611 ], [ -93.1342334, 81.1335197 ], [ -92.9944934, 81.158554 ], [ -93.059458, 81.1891545 ], [ -93.1903486, 81.2133911 ], [ -93.5313532, 81.2168105 ], [ -93.7156335, 81.2010176 ], [ -93.894747, 81.2002272 ], [ -94.2323071, 81.2233825 ], [ -94.3528643, 81.2464774 ], [ -94.3408086, 81.2937899 ], [ -94.2013067, 81.3148806 ], [ -94.1255279, 81.3626022 ], [ -93.9546347, 81.3609514 ], [ -93.6605216, 81.3366989 ], [ -93.5330755, 81.3104584 ], [ -93.424574, 81.3218996 ], [ -93.522742, 81.3558747 ], [ -93.4693524, 81.3793981 ] ] ], [ [ [ -85.126, 69.062 ], [ -85.04825, 69.047 ], [ -85.06625, 69.01725 ], [ -85.13425, 69.02325 ], [ -85.126, 69.062 ] ] ], [ [ [ -85.729474, 79.0686679 ], [ -85.3265801, 79.060804 ], [ -85.1775724, 79.0379778 ], [ -85.1596151, 79.0112818 ], [ -85.2792033, 78.9846675 ], [ -85.729665, 78.9373344 ], [ -86.23599, 78.8939121 ], [ -86.4813672, 78.897371 ], [ -86.3107534, 78.9652255 ], [ -86.2906752, 79.008939 ], [ -86.1320248, 79.0179946 ], [ -86.0292936, 79.0417709 ], [ -85.7770418, 79.0741006 ], [ -85.729474, 79.0686679 ] ] ], [ [ [ -85.27225, 69.10775 ], [ -85.21125, 69.091 ], [ -85.25775, 69.0715 ], [ -85.34925, 69.06975 ], [ -85.36575, 69.0915 ], [ -85.27225, 69.10775 ] ] ], [ [ [ -85.733, 72.23175 ], [ -85.67325, 72.1945 ], [ -85.7875, 72.1955 ], [ -85.733, 72.23175 ] ] ], [ [ [ -85.9645, 72.304 ], [ -85.86275, 72.2805 ], [ -85.834, 72.26025 ], [ -85.89975, 72.22075 ], [ -86.12825, 72.2875 ], [ -85.9645, 72.304 ] ] ], [ [ [ -86.6565, 68.30575 ], [ -86.54625, 68.279 ], [ -86.454, 68.24475 ], [ -86.40975, 68.203 ], [ -86.4295, 68.1795 ], [ -86.41875, 68.0915 ], [ -86.386, 68.042 ], [ -86.37825, 67.9805 ], [ -86.352, 67.96125 ], [ -86.38675, 67.842 ], [ -86.45425, 67.77575 ], [ -86.51325, 67.75875 ], [ -86.54275, 67.73075 ], [ -86.5945, 67.72475 ], [ -86.7375, 67.76775 ], [ -86.7975, 67.767 ], [ -86.8585, 67.798 ], [ -86.91625, 67.84325 ], [ -86.95825, 67.907 ], [ -86.9525, 67.93425 ], [ -86.87225, 67.9675 ], [ -86.84425, 67.997 ], [ -86.8507073, 68.0286472 ], [ -86.914, 68.03725 ], [ -86.97875, 68.07625 ], [ -86.95925, 68.1125 ], [ -86.894, 68.114 ], [ -86.8605, 68.19675 ], [ -86.78025, 68.25175 ], [ -86.6565, 68.30575 ] ] ], [ [ [ -87.07075, 70.158 ], [ -87.00025, 70.13775 ], [ -86.969, 70.113 ], [ -86.84575, 70.10525 ], [ -86.782, 70.08875 ], [ -86.71775, 70.114 ], [ -86.63025, 70.12375 ], [ -86.5835, 70.11475 ], [ -86.5525, 70.0795 ], [ -86.49675, 70.0495 ], [ -86.5085, 70.03075 ], [ -86.4505, 70.0045 ], [ -86.51225, 69.98825 ], [ -86.63675, 69.978 ], [ -86.81525, 69.97975 ], [ -86.9355, 69.99525 ], [ -86.96125, 70.014 ], [ -87.05025, 69.99475 ], [ -87.13225, 69.99925 ], [ -87.2695, 70.03675 ], [ -87.27775, 70.0715 ], [ -87.36975, 70.09775 ], [ -87.274, 70.12 ], [ -87.18275, 70.11275 ], [ -87.084, 70.13125 ], [ -87.07075, 70.158 ] ] ], [ [ [ -87.5200529, 48.7985497 ], [ -87.4516401, 48.7873126 ], [ -87.4486821, 48.7618261 ], [ -87.5030022, 48.7630181 ], [ -87.5200529, 48.7985497 ] ] ], [ [ [ -87.5251799, 56.0640101 ], [ -87.46132, 56.04506 ], [ -87.4624701, 56.02649 ], [ -87.56428, 56.01505 ], [ -87.6039901, 56.02574 ], [ -87.58084, 56.0514699 ], [ -87.5251799, 56.0640101 ] ] ], [ [ [ -87.704778, 48.8439934 ], [ -87.6613272, 48.8134047 ], [ -87.5954821, 48.7480425 ], [ -87.7044554, 48.7395414 ], [ -87.732587, 48.7610772 ], [ -87.7287237, 48.7815114 ], [ -87.7463682, 48.8336779 ], [ -87.704778, 48.8439934 ] ] ], [ [ [ -87.9252152, 48.8586695 ], [ -87.8254846, 48.8510227 ], [ -87.7536346, 48.833413 ], [ -87.7532499, 48.7833873 ], [ -87.8058545, 48.770396 ], [ -87.8185507, 48.7392063 ], [ -87.8996539, 48.7628457 ], [ -88.000087, 48.7369011 ], [ -88.01459, 48.6882664 ], [ -88.0593294, 48.6948381 ], [ -88.0851753, 48.7353463 ], [ -88.0734645, 48.7727278 ], [ -88.0817039, 48.8121613 ], [ -87.9842986, 48.8555454 ], [ -87.9252152, 48.8586695 ] ] ], [ [ [ -88.0584929, 48.9478199 ], [ -88.0334679, 48.942429 ], [ -88.0176386, 48.9064801 ], [ -88.0701572, 48.9224801 ], [ -88.0584929, 48.9478199 ] ] ], [ [ [ -88.05925, 78.456 ], [ -88.05525, 78.3995 ], [ -88.1585, 78.37125 ], [ -88.142, 78.3505 ], [ -88.2376293, 78.2571869 ], [ -88.3382801, 78.2363918 ], [ -88.4026403, 78.2893432 ], [ -88.3348097, 78.342328 ], [ -88.241946, 78.3782151 ], [ -88.2377595, 78.4334411 ], [ -88.05925, 78.456 ] ] ], [ [ [ -88.080872, 48.6981147 ], [ -88.0608591, 48.6751169 ], [ -88.1000249, 48.6408574 ], [ -88.1237577, 48.6487458 ], [ -88.080872, 48.6981147 ] ] ], [ [ [ -88.5867853, 48.4217177 ], [ -88.6086577, 48.3792921 ], [ -88.6457986, 48.4034728 ], [ -88.5867853, 48.4217177 ] ] ], [ [ [ -89.069696, 48.2729931 ], [ -89.0378667, 48.2387135 ], [ -89.1218524, 48.2071145 ], [ -89.1742002, 48.2335263 ], [ -89.1173326, 48.2690111 ], [ -89.069696, 48.2729931 ] ] ], [ [ [ -89.54375, 76.479 ], [ -89.406, 76.442 ], [ -89.6305, 76.446 ], [ -89.54375, 76.479 ] ] ], [ [ [ -90.8534597, 77.6595765 ], [ -90.6993533, 77.6379051 ], [ -90.483, 77.624 ], [ -90.395, 77.63375 ], [ -90.23025, 77.61025 ], [ -90.20525, 77.58475 ], [ -89.89475, 77.5265 ], [ -89.7295, 77.46575 ], [ -89.709, 77.3915 ], [ -89.72375, 77.359 ], [ -89.64275, 77.339 ], [ -89.8895, 77.232 ], [ -90.1325, 77.20375 ], [ -90.335, 77.21175 ], [ -90.28925, 77.232 ], [ -90.3195, 77.261 ], [ -90.5125, 77.24425 ], [ -90.55, 77.25925 ], [ -90.7775, 77.28225 ], [ -90.99775, 77.31575 ], [ -91.20975, 77.39175 ], [ -91.17575, 77.443 ], [ -91.211, 77.4885 ], [ -91.143, 77.574 ], [ -91.155, 77.60775 ], [ -90.944121, 77.6346634 ], [ -90.8534597, 77.6595765 ] ] ], [ [ [ -89.97725, 76.84125 ], [ -89.88975, 76.82225 ], [ -89.73575, 76.76425 ], [ -89.696, 76.69175 ], [ -89.8225, 76.671 ], [ -89.8757906, 76.6145483 ], [ -89.83475, 76.549 ], [ -89.67325, 76.508 ], [ -89.8195, 76.48425 ], [ -89.94225, 76.50275 ], [ -89.9695, 76.47025 ], [ -90.08325, 76.4835 ], [ -90.19425, 76.52 ], [ -90.2435, 76.5625 ], [ -90.59025, 76.7285 ], [ -90.5615, 76.778 ], [ -90.44, 76.8055 ], [ -90.3005, 76.8145 ], [ -90.064, 76.84125 ], [ -89.97725, 76.84125 ] ] ], [ [ [ -89.9235, 68.855 ], [ -89.9235, 68.81175 ], [ -89.82425, 68.79775 ], [ -89.78325, 68.7595 ], [ -89.847, 68.72675 ], [ -89.844, 68.69875 ], [ -89.893, 68.681 ], [ -89.97975, 68.71125 ], [ -90.03775, 68.7635 ], [ -89.9625, 68.84975 ], [ -89.9235, 68.855 ] ] ], [ [ [ -89.95757, 74.06563 ], [ -89.89598, 74.04907 ], [ -89.92184, 74.0142 ], [ -89.9988222, 73.9993109 ], [ -90.2308799, 74.01619 ], [ -90.24729, 74.0428099 ], [ -90.1598599, 74.0595701 ], [ -89.95757, 74.06563 ] ] ], [ [ [ -89.90325, 68.99675 ], [ -89.9, 68.9225 ], [ -89.99275, 68.95075 ], [ -90.014, 68.98125 ], [ -89.90325, 68.99675 ] ] ], [ [ [ -90.16175, 69.23575 ], [ -90.12175, 69.22875 ], [ -90.141, 69.19475 ], [ -90.2185, 69.20425 ], [ -90.16175, 69.23575 ] ] ], [ [ [ -90.2355, 69.15125 ], [ -90.124, 69.106 ], [ -90.1595, 69.07475 ], [ -90.2425, 69.075 ], [ -90.264, 69.12825 ], [ -90.2355, 69.15125 ] ] ], [ [ [ -90.20025, 69.447 ], [ -90.14425, 69.35325 ], [ -90.23, 69.31375 ], [ -90.2455, 69.26425 ], [ -90.3495, 69.26175 ], [ -90.39675, 69.275 ], [ -90.3905, 69.30725 ], [ -90.44475, 69.3115 ], [ -90.5105, 69.34575 ], [ -90.50525, 69.3775 ], [ -90.3785, 69.4 ], [ -90.34025, 69.4295 ], [ -90.24175, 69.424 ], [ -90.20025, 69.447 ] ] ], [ [ [ -93.48919, 74.17861 ], [ -93.00781, 74.15246 ], [ -92.7251604, 74.1239585 ], [ -92.5771599, 74.1017201 ], [ -92.3147899, 74.04562 ], [ -92.2656499, 74.02272 ], [ -92.26075, 73.9535 ], [ -92.147, 73.9485 ], [ -92.07325, 73.983 ], [ -91.9065, 74.0195 ], [ -91.53225, 74.032 ], [ -91.4635, 74.01575 ], [ -91.18575, 74.01675 ], [ -90.92025, 73.992 ], [ -90.853, 73.9945 ], [ -90.76275, 73.973 ], [ -90.68525, 73.9785 ], [ -90.581, 73.94975 ], [ -90.3865, 73.917 ], [ -90.29025, 73.9345 ], [ -90.1595, 73.8995 ], [ -90.2335, 73.85175 ], [ -90.288, 73.8725 ], [ -90.36375, 73.86175 ], [ -90.33625, 73.80575 ], [ -90.505, 73.689 ], [ -90.65575, 73.62175 ], [ -90.771, 73.55525 ], [ -90.9775, 73.5365 ], [ -90.92, 73.51075 ], [ -90.92525, 73.48075 ], [ -90.98075, 73.4605 ], [ -91.1085, 73.37775 ], [ -91.26925, 73.259 ], [ -91.39125, 73.2425 ], [ -91.48475, 73.2435 ], [ -91.4685, 73.21475 ], [ -91.346, 73.19875 ], [ -91.57425, 73.04 ], [ -91.61075, 73.00675 ], [ -91.78125, 72.90175 ], [ -91.82075, 72.86175 ], [ -91.9595, 72.80575 ], [ -92.026, 72.766 ], [ -92.18275, 72.72225 ], [ -92.314, 72.70825 ], [ -92.67625, 72.7465 ], [ -92.80525, 72.74625 ], [ -92.94575, 72.767 ], [ -93.08, 72.77575 ], [ -93.1215, 72.7945 ], [ -93.206, 72.78425 ], [ -93.27125, 72.817 ], [ -93.3405, 72.805 ], [ -93.54925, 72.7855 ], [ -93.65825, 72.788 ], [ -93.9445, 72.77975 ], [ -94.067, 72.7615 ], [ -94.197, 72.7775 ], [ -94.28775, 72.77725 ], [ -94.31675, 72.75175 ], [ -94.2225, 72.736 ], [ -94.095, 72.732 ], [ -94.06, 72.712 ], [ -93.9435, 72.71475 ], [ -93.773, 72.708 ], [ -93.79875, 72.664 ], [ -93.76925, 72.6405 ], [ -93.6555, 72.627 ], [ -93.577, 72.5955 ], [ -93.48475, 72.536 ], [ -93.44275, 72.44775 ], [ -93.53575, 72.4285 ], [ -93.5975, 72.35975 ], [ -93.635, 72.33975 ], [ -93.78725, 72.3255 ], [ -93.82575, 72.31325 ], [ -93.8595, 72.261 ], [ -94.018, 72.15825 ], [ -94.02375, 72.0935 ], [ -94.10175, 72.05525 ], [ -94.14775, 72.06475 ], [ -94.24125, 72.0345 ], [ -94.11275, 72.02275 ], [ -94.081, 71.98525 ], [ -94.1915, 72.0 ], [ -94.304, 72.00325 ], [ -94.40375, 72.02525 ], [ -94.50875, 72.0165 ], [ -94.68475, 72.018 ], [ -94.809, 71.99875 ], [ -95.13025, 71.9735 ], [ -95.179, 71.98025 ], [ -95.21375, 72.0125 ], [ -95.20425, 72.05475 ], [ -95.1485, 72.08175 ], [ -95.1915, 72.1065 ], [ -95.04875, 72.1345 ], [ -94.86275, 72.149 ], [ -94.87125, 72.16025 ], [ -95.15825, 72.13175 ], [ -95.1485, 72.166 ], [ -95.192, 72.17875 ], [ -95.177, 72.29025 ], [ -95.22075, 72.3145 ], [ -95.15625, 72.34325 ], [ -95.194, 72.39475 ], [ -95.1905, 72.42125 ], [ -95.23975, 72.44425 ], [ -95.118, 72.4615 ], [ -95.201, 72.532 ], [ -95.314, 72.54475 ], [ -95.32175, 72.618 ], [ -95.35375, 72.64825 ], [ -95.446, 72.6675 ], [ -95.46125, 72.69 ], [ -95.56725, 72.691 ], [ -95.6095, 72.7355 ], [ -95.52, 72.7475 ], [ -95.5655, 72.79125 ], [ -95.6675, 72.80525 ], [ -95.6635, 72.8705 ], [ -95.63625, 72.9285 ], [ -95.607, 72.9355 ], [ -95.698, 72.99625 ], [ -95.6355, 73.02625 ], [ -95.632, 73.071 ], [ -95.74975, 73.058 ], [ -95.76425, 73.0825 ], [ -95.85475, 73.10675 ], [ -95.82125, 73.145 ], [ -95.7235, 73.15 ], [ -95.682, 73.1285 ], [ -95.58275, 73.1375 ], [ -95.564, 73.16025 ], [ -95.5885, 73.25225 ], [ -95.5805, 73.29375 ], [ -95.6225, 73.35775 ], [ -95.59725, 73.38975 ], [ -95.67025, 73.451 ], [ -95.65475, 73.5005 ], [ -95.6085, 73.5465 ], [ -95.65275, 73.59125 ], [ -95.5735, 73.59525 ], [ -95.5855, 73.628 ], [ -95.6965, 73.63825 ], [ -95.668, 73.673 ], [ -95.704, 73.69 ], [ -95.64, 73.7405 ], [ -95.386, 73.77825 ], [ -95.34025, 73.76325 ], [ -95.23325, 73.763 ], [ -95.16675, 73.73925 ], [ -95.156, 73.71 ], [ -95.028, 73.681 ], [ -94.81275, 73.65025 ], [ -94.74825, 73.68225 ], [ -94.85525, 73.68275 ], [ -94.917, 73.74425 ], [ -94.991, 73.751 ], [ -95.12525, 73.81075 ], [ -94.9955, 73.83875 ], [ -94.99675, 73.85725 ], [ -95.128, 73.85225 ], [ -95.14875, 73.83275 ], [ -95.2875, 73.882 ], [ -95.338, 73.9265 ], [ -95.3035, 73.98775 ], [ -95.119, 74.02825 ], [ -94.99375, 74.0415 ], [ -94.7685499, 74.08267 ], [ -94.4881505, 74.0995159 ], [ -94.4366999, 74.12166 ], [ -94.1517999, 74.1373112 ], [ -93.9218499, 74.1448899 ], [ -93.82704, 74.08166 ], [ -93.7344901, 74.0835199 ], [ -93.74432, 74.1460801 ], [ -93.7132401, 74.16202 ], [ -93.48919, 74.17861 ] ] ], [ [ [ -90.33825, 69.585 ], [ -90.29025, 69.54675 ], [ -90.36575, 69.53775 ], [ -90.33825, 69.585 ] ] ], [ [ [ -90.63225, 69.379 ], [ -90.54975, 69.35025 ], [ -90.52175, 69.3005 ], [ -90.4375, 69.2775 ], [ -90.4815, 69.2545 ], [ -90.43975, 69.2335 ], [ -90.5015, 69.20825 ], [ -90.57925, 69.1975 ], [ -90.62525, 69.214 ], [ -90.64175, 69.2525 ], [ -90.68375, 69.254 ], [ -90.71475, 69.309 ], [ -90.79575, 69.32075 ], [ -90.70975, 69.37075 ], [ -90.63225, 69.379 ] ] ], [ [ [ -90.7490501, 63.50543 ], [ -90.6521201, 63.49287 ], [ -90.6297899, 63.44452 ], [ -90.7022899, 63.4456999 ], [ -90.767136, 63.4900426 ], [ -90.7490501, 63.50543 ] ] ], [ [ [ -90.99825, 77.2565 ], [ -90.7585, 77.226 ], [ -90.70225, 77.185 ], [ -90.80775, 77.14525 ], [ -90.9585, 77.13675 ], [ -91.22625, 77.18175 ], [ -91.27525, 77.229 ], [ -91.16525, 77.25 ], [ -90.99825, 77.2565 ] ] ], [ [ [ -91.02175, 69.617 ], [ -90.98925, 69.60975 ], [ -91.066, 69.5525 ], [ -91.14475, 69.579 ], [ -91.10175, 69.60675 ], [ -91.02175, 69.617 ] ] ], [ [ [ -91.1919801, 62.70317 ], [ -91.0128801, 62.6735 ], [ -91.00203, 62.65274 ], [ -91.0917199, 62.6507899 ], [ -91.1663199, 62.66753 ], [ -91.1919801, 62.70317 ] ] ], [ [ [ -91.0545, 69.689 ], [ -91.04775, 69.656 ], [ -91.13675, 69.6565 ], [ -91.1185, 69.68875 ], [ -91.0545, 69.689 ] ] ], [ [ [ -91.18904, 63.54033 ], [ -91.2064699, 63.5090799 ], [ -91.26363, 63.53026 ], [ -91.18904, 63.54033 ] ] ], [ [ [ -91.5668701, 63.60983 ], [ -91.4120399, 63.6033399 ], [ -91.32081, 63.5618799 ], [ -91.3438501, 63.5505101 ], [ -91.43374, 63.5430799 ], [ -91.4937201, 63.58006 ], [ -91.5668701, 63.60983 ] ] ], [ [ [ -91.556, 69.83575 ], [ -91.45825, 69.8 ], [ -91.4575, 69.7795 ], [ -91.66575, 69.7685 ], [ -91.70925, 69.79475 ], [ -91.556, 69.83575 ] ] ], [ [ [ -91.47025, 69.77225 ], [ -91.5145, 69.72575 ], [ -91.65525, 69.75675 ], [ -91.47025, 69.77225 ] ] ], [ [ [ -91.50502, 63.68199 ], [ -91.4720401, 63.6738399 ], [ -91.4806199, 63.64272 ], [ -91.53245, 63.64573 ], [ -91.50502, 63.68199 ] ] ], [ [ [ -91.7648768, 81.6026591 ], [ -91.4940773, 81.5838775 ], [ -91.5882367, 81.5435061 ], [ -91.7933436, 81.5484423 ], [ -91.8882329, 81.5881497 ], [ -91.7648768, 81.6026591 ] ] ], [ [ [ -91.7535, 69.87675 ], [ -91.703, 69.87625 ], [ -91.67675, 69.84675 ], [ -91.824, 69.816 ], [ -91.84375, 69.847 ], [ -91.7535, 69.87675 ] ] ], [ [ [ -93.0019501, 63.9091899 ], [ -92.96711, 63.9024099 ], [ -92.92831, 63.86301 ], [ -93.0396499, 63.87146 ], [ -93.0774401, 63.90368 ], [ -93.0019501, 63.9091899 ] ] ], [ [ [ -93.0729701, 61.94399 ], [ -93.0351194, 61.9145678 ], [ -93.0510273, 61.8983968 ], [ -92.991677, 61.8818984 ], [ -92.9815378, 61.8585811 ], [ -93.0271029, 61.8290619 ], [ -93.1081733, 61.8335315 ], [ -93.1485079, 61.8770455 ], [ -93.2153927, 61.8681176 ], [ -93.2627959, 61.8771588 ], [ -93.277041, 61.9096301 ], [ -93.1881665, 61.9034984 ], [ -93.1172835, 61.9218717 ], [ -93.0729701, 61.94399 ] ] ], [ [ [ -95.48, 77.81725 ], [ -95.4245, 77.79625 ], [ -95.41475, 77.744 ], [ -95.2105, 77.75925 ], [ -95.0745, 77.75925 ], [ -94.962, 77.787 ], [ -94.81525, 77.778 ], [ -94.70725, 77.79325 ], [ -94.5525, 77.78575 ], [ -94.50975, 77.769 ], [ -94.3645, 77.76375 ], [ -94.25125, 77.77725 ], [ -94.14725, 77.75275 ], [ -94.0305, 77.76525 ], [ -93.98625, 77.743 ], [ -93.66875, 77.781 ], [ -93.532, 77.77475 ], [ -93.35375, 77.73775 ], [ -93.19625, 77.72475 ], [ -93.08775, 77.667 ], [ -93.134, 77.644 ], [ -93.277, 77.64675 ], [ -93.38475, 77.629 ], [ -93.37575, 77.58625 ], [ -93.48775, 77.553 ], [ -93.46775, 77.4725 ], [ -93.5535, 77.4455 ], [ -94.15125, 77.4505 ], [ -94.52575, 77.4775 ], [ -94.61475, 77.475 ], [ -94.866, 77.489 ], [ -95.02875, 77.4715 ], [ -95.241, 77.46025 ], [ -95.43675, 77.479 ], [ -95.81225, 77.4665 ], [ -96.0115, 77.4885 ], [ -96.19375, 77.549 ], [ -96.287, 77.5995 ], [ -96.25725, 77.61825 ], [ -96.28975, 77.65625 ], [ -96.26, 77.693 ], [ -96.109, 77.70825 ], [ -96.04975, 77.73975 ], [ -95.91, 77.76225 ], [ -95.8365, 77.759 ], [ -95.55975, 77.78525 ], [ -95.48, 77.81725 ] ] ], [ [ [ -93.40625, 61.93775 ], [ -93.34025, 61.932 ], [ -93.303, 61.91475 ], [ -93.31825, 61.89375 ], [ -93.3985, 61.9035 ], [ -93.40625, 61.93775 ] ] ], [ [ [ -94.9045, 75.6425 ], [ -94.71975, 75.6215 ], [ -94.52525, 75.6215 ], [ -94.31625, 75.5915 ], [ -94.25725, 75.57325 ], [ -94.07425, 75.4865 ], [ -94.0115, 75.47625 ], [ -93.8925, 75.41825 ], [ -93.68925, 75.3695 ], [ -93.6287904, 75.3085681 ], [ -93.50125, 75.27675 ], [ -93.501, 75.2345 ], [ -93.5755, 75.20475 ], [ -93.5195, 75.18275 ], [ -93.46925, 75.1385 ], [ -93.4855, 75.0825 ], [ -93.56175, 75.04575 ], [ -93.49275, 75.0285 ], [ -93.41775, 74.97325 ], [ -93.39, 74.9145 ], [ -93.41275, 74.79125 ], [ -93.48629, 74.67535 ], [ -93.7119101, 74.6441 ], [ -93.95233, 74.64933 ], [ -94.20116, 74.63613 ], [ -94.2557801, 74.6562701 ], [ -94.5203801, 74.6278001 ], [ -94.6403699, 74.6328399 ], [ -94.7606, 74.65646 ], [ -94.8497768, 74.6943518 ], [ -94.92468, 74.6719799 ], [ -95.07875, 74.683 ], [ -95.0525, 74.7535 ], [ -95.14725, 74.7625 ], [ -95.27025, 74.80725 ], [ -95.33425, 74.80875 ], [ -95.43775, 74.7485 ], [ -95.53225, 74.7475 ], [ -95.537, 74.78075 ], [ -95.475, 74.8065 ], [ -95.67, 74.82625 ], [ -95.82125, 74.82675 ], [ -95.83775, 74.851 ], [ -95.95675, 74.8645 ], [ -96.132, 74.93375 ], [ -96.23325, 74.91075 ], [ -96.36575, 74.91675 ], [ -96.39475, 74.94325 ], [ -96.3735, 75.00975 ], [ -96.61375, 75.02425 ], [ -96.59075, 75.0805 ], [ -96.49625, 75.1335 ], [ -96.4475, 75.1775 ], [ -96.32525, 75.195 ], [ -96.37325, 75.21925 ], [ -96.21775, 75.25325 ], [ -96.07075, 75.24075 ], [ -96.10125, 75.293 ], [ -96.15525, 75.312 ], [ -96.03725, 75.32575 ], [ -95.93725, 75.40925 ], [ -96.134, 75.37375 ], [ -96.1765, 75.38975 ], [ -96.0955, 75.4245 ], [ -95.9425, 75.44175 ], [ -95.75125, 75.404 ], [ -95.8295, 75.47425 ], [ -95.76425, 75.518 ], [ -95.6175, 75.531 ], [ -95.6025, 75.55425 ], [ -95.424, 75.56875 ], [ -95.3335, 75.59425 ], [ -95.24575, 75.585 ], [ -95.0995, 75.612 ], [ -94.99175, 75.6215 ], [ -94.9045, 75.6425 ] ] ], [ [ [ -94.27675, 76.9705 ], [ -94.236, 76.94475 ], [ -94.29975, 76.929 ], [ -94.41025, 76.9415 ], [ -94.27675, 76.9705 ] ] ], [ [ [ -94.54675, 78.2845 ], [ -94.4295, 78.26025 ], [ -94.2745, 78.18675 ], [ -94.352, 78.16175 ], [ -94.51775, 78.1855 ], [ -94.5585, 78.218 ], [ -94.68175, 78.253 ], [ -94.67425, 78.272 ], [ -94.54675, 78.2845 ] ] ], [ [ [ -94.4669365, 75.9771621 ], [ -94.4235, 75.9515 ], [ -94.4205, 75.90275 ], [ -94.27825, 75.7945 ], [ -94.29325, 75.75975 ], [ -94.43625, 75.752 ], [ -94.65675, 75.75025 ], [ -94.8145, 75.8 ], [ -94.79825, 75.89025 ], [ -94.86975, 75.92 ], [ -94.83825, 75.951 ], [ -94.65825, 75.95575 ], [ -94.60125, 75.974 ], [ -94.4669365, 75.9771621 ] ] ], [ [ [ -94.80075, 76.09075 ], [ -94.72075, 76.0475 ], [ -94.7995, 76.0465 ], [ -94.80075, 76.09075 ] ] ], [ [ [ -94.8655, 76.14975 ], [ -94.80875, 76.105 ], [ -94.895, 76.052 ], [ -95.02425, 76.05025 ], [ -95.086, 76.071 ], [ -95.059, 76.10475 ], [ -94.93175, 76.11575 ], [ -94.8655, 76.14975 ] ] ], [ [ [ -98.063875, 78.8213013 ], [ -97.6976176, 78.8129995 ], [ -97.5065965, 78.8024839 ], [ -97.383396, 78.7827244 ], [ -97.007, 78.74075 ], [ -96.892, 78.70025 ], [ -96.71675, 78.68625 ], [ -96.519, 78.68175 ], [ -96.34275, 78.6185 ], [ -96.17175, 78.63175 ], [ -96.17275, 78.6035 ], [ -96.29675, 78.53 ], [ -96.1105, 78.509 ], [ -95.96225, 78.479 ], [ -95.71425, 78.521 ], [ -95.535, 78.51425 ], [ -95.08725, 78.442 ], [ -94.84675, 78.379 ], [ -94.83575, 78.34975 ], [ -94.97475, 78.312 ], [ -95.162, 78.28675 ], [ -95.259, 78.252 ], [ -95.4325, 78.23475 ], [ -95.385, 78.21575 ], [ -95.24825, 78.22 ], [ -95.10725, 78.1845 ], [ -95.08475, 78.152 ], [ -94.9035, 78.11675 ], [ -94.9445, 78.0585 ], [ -95.0285, 77.99075 ], [ -95.11375, 77.94925 ], [ -95.31625, 77.97 ], [ -95.57375, 77.93025 ], [ -95.6695, 77.9325 ], [ -95.9355, 77.88725 ], [ -96.27325, 77.8615 ], [ -96.42375, 77.8705 ], [ -96.4745, 77.90675 ], [ -96.67725, 77.8695 ], [ -96.7575, 77.8205 ], [ -96.904, 77.786 ], [ -97.106, 77.82225 ], [ -97.1145, 77.876 ], [ -97.004, 77.91175 ], [ -97.14625, 77.9385 ], [ -97.29625, 77.94775 ], [ -97.57125, 78.01 ], [ -97.726, 78.019 ], [ -97.667, 78.06 ], [ -97.725, 78.08675 ], [ -97.5, 78.0865 ], [ -97.45525, 78.077 ], [ -97.24275, 78.074 ], [ -96.91175, 78.0775 ], [ -96.87725, 78.132 ], [ -97.18375, 78.1715 ], [ -97.35125, 78.207 ], [ -97.60075, 78.1985 ], [ -97.6735, 78.21125 ], [ -97.9378782, 78.220019 ], [ -97.9309064, 78.2445349 ], [ -97.7768604, 78.2428907 ], [ -97.8640863, 78.2872735 ], [ -98.0551543, 78.3025169 ], [ -98.0272672, 78.3429784 ], [ -98.1104385, 78.3843653 ], [ -98.0706195, 78.4050787 ], [ -98.209281, 78.414256 ], [ -98.3548744, 78.4513358 ], [ -98.403647, 78.5027032 ], [ -98.3269396, 78.5295936 ], [ -98.0610445, 78.535788 ], [ -98.1144582, 78.5867933 ], [ -98.3585931, 78.653844 ], [ -98.3153987, 78.7136282 ], [ -98.3950427, 78.7238948 ], [ -98.3365253, 78.7534949 ], [ -98.3906832, 78.7745676 ], [ -98.2506905, 78.7911968 ], [ -98.200051, 78.8147123 ], [ -98.063875, 78.8213013 ] ] ], [ [ [ -95.1182545, 80.6989969 ], [ -94.9733546, 80.6737192 ], [ -94.9294456, 80.6319488 ], [ -95.134658, 80.6104538 ], [ -95.6551995, 80.6581533 ], [ -95.8063721, 80.6507174 ], [ -96.0986809, 80.6734142 ], [ -95.9575447, 80.6943322 ], [ -95.4293815, 80.7025445 ], [ -95.1182545, 80.6989969 ] ] ], [ [ [ -95.424, 77.25075 ], [ -95.1865, 77.20225 ], [ -95.21025, 77.17225 ], [ -95.33625, 77.16575 ], [ -95.54925, 77.21425 ], [ -95.61375, 77.24575 ], [ -95.424, 77.25075 ] ] ], [ [ [ -97.950741, 69.9046934 ], [ -97.8454425, 69.8907302 ], [ -97.6461168, 69.839243 ], [ -97.644635, 69.814053 ], [ -97.5314955, 69.7887441 ], [ -97.4310021, 69.7787238 ], [ -97.3822994, 69.7525902 ], [ -97.3631358, 69.6893789 ], [ -97.4187298, 69.689259 ], [ -97.4496395, 69.6483208 ], [ -97.3755936, 69.6176859 ], [ -97.3287482, 69.6223567 ], [ -97.3036427, 69.6769368 ], [ -97.2211248, 69.6852315 ], [ -97.0730427, 69.63927 ], [ -97.0714567, 69.5858219 ], [ -97.0162639, 69.5774161 ], [ -97.0016728, 69.5515643 ], [ -96.8431047, 69.5010027 ], [ -96.73175, 69.492 ], [ -96.6315, 69.439 ], [ -96.55425, 69.4485 ], [ -96.447, 69.3955 ], [ -96.263182, 69.3471973 ], [ -96.1479833, 69.2827654 ], [ -96.1382321, 69.2570702 ], [ -96.1779276, 69.2360997 ], [ -96.162174, 69.2122061 ], [ -96.19912, 69.1633899 ], [ -96.1667199, 69.15007 ], [ -96.1761401, 69.05225 ], [ -96.1078801, 69.05213 ], [ -96.12309, 69.10509 ], [ -96.0934201, 69.14501 ], [ -96.12394, 69.1749499 ], [ -96.0235393, 69.2138507 ], [ -95.9184254, 69.1611921 ], [ -95.905815, 69.1292669 ], [ -95.9239901, 69.07284 ], [ -95.9583401, 69.06396 ], [ -95.8151501, 68.96643 ], [ -95.82567, 68.88184 ], [ -95.6884101, 68.88483 ], [ -95.6218201, 68.8438 ], [ -95.4932801, 68.8467401 ], [ -95.3618037, 68.9001034 ], [ -95.287582, 68.9093861 ], [ -95.2392401, 68.8999436 ], [ -95.20061, 68.85884 ], [ -95.2359, 68.80825 ], [ -95.35616, 68.76251 ], [ -95.3799099, 68.77356 ], [ -95.4973001, 68.6905301 ], [ -95.52207, 68.76051 ], [ -95.5768901, 68.774 ], [ -95.64509, 68.74788 ], [ -95.7445699, 68.75986 ], [ -95.77511, 68.7105 ], [ -95.82753, 68.66025 ], [ -95.83859, 68.6117201 ], [ -95.94031, 68.63377 ], [ -95.97888, 68.62311 ], [ -96.04936, 68.57218 ], [ -96.13554, 68.55474 ], [ -96.19688, 68.5253301 ], [ -96.25871, 68.4762099 ], [ -96.3244799, 68.4826401 ], [ -96.38334, 68.4617 ], [ -96.57842, 68.46016 ], [ -96.85525, 68.5279901 ], [ -96.96376, 68.53995 ], [ -97.08109, 68.59721 ], [ -97.0843699, 68.55876 ], [ -97.0526, 68.53819 ], [ -97.1222799, 68.51482 ], [ -97.36402, 68.5573699 ], [ -97.44241, 68.55044 ], [ -97.5824299, 68.5842799 ], [ -97.72244, 68.6627301 ], [ -97.80527, 68.65605 ], [ -97.8527901, 68.6736401 ], [ -97.9769801, 68.6915599 ], [ -98.1027, 68.69382 ], [ -98.2765199, 68.7743999 ], [ -98.20696, 68.79633 ], [ -98.2188673, 68.835869 ], [ -98.3318902, 68.8573553 ], [ -98.3939379, 68.8552076 ], [ -98.37483, 68.76507 ], [ -98.45779, 68.74619 ], [ -98.51705, 68.75864 ], [ -98.5291801, 68.7852501 ], [ -98.6104501, 68.7992601 ], [ -98.66921, 68.78878 ], [ -98.8114, 68.8359 ], [ -98.8489499, 68.87837 ], [ -98.79308, 68.90361 ], [ -98.8650518, 68.9527891 ], [ -98.9141851, 68.9481358 ], [ -99.0159037, 68.9596231 ], [ -98.9835701, 68.92061 ], [ -99.08101, 68.8692199 ], [ -99.16929, 68.8336201 ], [ -99.25746, 68.8744101 ], [ -99.37529, 68.8864599 ], [ -99.41389, 68.90348 ], [ -99.4378301, 68.9839499 ], [ -99.49273, 68.9866101 ], [ -99.54531, 69.0253001 ], [ -99.507, 69.0885 ], [ -99.41725, 69.1435 ], [ -99.3065, 69.143 ], [ -99.2226897, 69.1535941 ], [ -99.0468201, 69.1415989 ], [ -98.9504938, 69.1568902 ], [ -98.9057788, 69.1847782 ], [ -98.813867, 69.1738584 ], [ -98.7214496, 69.184284 ], [ -98.664305, 69.2193439 ], [ -98.6710448, 69.274497 ], [ -98.6156761, 69.3011669 ], [ -98.560159, 69.286366 ], [ -98.4759926, 69.3170587 ], [ -98.3552991, 69.3038391 ], [ -98.35625, 69.3365 ], [ -98.4084595, 69.3566179 ], [ -98.4014554, 69.3778686 ], [ -98.4991846, 69.3934687 ], [ -98.573011, 69.4284398 ], [ -98.5784722, 69.464848 ], [ -98.488805, 69.4795796 ], [ -98.4597685, 69.4973571 ], [ -98.5627696, 69.5300081 ], [ -98.5723442, 69.5578994 ], [ -98.5332131, 69.5930064 ], [ -98.4080218, 69.5742717 ], [ -98.3490804, 69.5742717 ], [ -98.212124, 69.5019932 ], [ -98.1919032, 69.4817724 ], [ -98.1026858, 69.4726927 ], [ -98.0235127, 69.4324971 ], [ -97.9693097, 69.4480272 ], [ -98.018539, 69.4706626 ], [ -98.1504941, 69.5052754 ], [ -98.1999265, 69.5716589 ], [ -98.2849762, 69.587322 ], [ -98.3136581, 69.6211667 ], [ -98.2913579, 69.7260415 ], [ -98.2554127, 69.7400202 ], [ -98.2042987, 69.7955511 ], [ -98.0680314, 69.822393 ], [ -98.0284418, 69.8853092 ], [ -97.950741, 69.9046934 ] ] ], [ [ [ -95.6137533, 74.6535254 ], [ -95.49781, 74.64767 ], [ -95.33172, 74.5950101 ], [ -95.2313701, 74.52804 ], [ -95.23485, 74.50858 ], [ -95.34541, 74.4993901 ], [ -95.47793, 74.5030601 ], [ -95.6569799, 74.53283 ], [ -95.8349501, 74.5794699 ], [ -95.8029582, 74.6133778 ], [ -95.6993398, 74.6434123 ], [ -95.6137533, 74.6535254 ] ] ], [ [ [ -95.33925, 71.85425 ], [ -95.24475, 71.83575 ], [ -95.292, 71.756 ], [ -95.2755, 71.74175 ], [ -95.43675, 71.73825 ], [ -95.4585, 71.76975 ], [ -95.40925, 71.83425 ], [ -95.33925, 71.85425 ] ] ], [ [ [ -95.7733438, 69.6337433 ], [ -95.4321057, 69.5667722 ], [ -95.3234422, 69.5158237 ], [ -95.3742425, 69.4688072 ], [ -95.3683026, 69.4052792 ], [ -95.4885026, 69.3367049 ], [ -95.5314318, 69.3447229 ], [ -95.615, 69.32875 ], [ -95.6655, 69.34725 ], [ -95.6765, 69.38525 ], [ -95.59475, 69.41425 ], [ -95.6495, 69.4425 ], [ -95.65125, 69.4885 ], [ -95.6181284, 69.4999329 ], [ -95.657, 69.55725 ], [ -95.77275, 69.58375 ], [ -95.81575, 69.57475 ], [ -95.7526659, 69.5296831 ], [ -95.72475, 69.4835 ], [ -95.77575, 69.458 ], [ -95.80525, 69.39825 ], [ -95.85775, 69.37475 ], [ -95.9195409, 69.3821703 ], [ -95.9379135, 69.4079537 ], [ -95.8996244, 69.4297229 ], [ -95.9303483, 69.4504114 ], [ -95.960648, 69.5037083 ], [ -95.917885, 69.5237879 ], [ -95.9254177, 69.5561252 ], [ -95.8855792, 69.6041358 ], [ -95.7733438, 69.6337433 ] ] ], [ [ [ -95.7535, 73.025 ], [ -95.7145, 73.0025 ], [ -95.7255, 72.951 ], [ -95.6555, 72.9175 ], [ -95.78375, 72.8935 ], [ -95.783, 72.95525 ], [ -95.7535, 73.025 ] ] ], [ [ [ -95.74775, 72.87325 ], [ -95.68275, 72.85125 ], [ -95.703, 72.80275 ], [ -95.7885, 72.81375 ], [ -95.8235, 72.8615 ], [ -95.74775, 72.87325 ] ] ], [ [ [ -95.77625, 75.97925 ], [ -95.73575, 75.97175 ], [ -95.784, 75.906 ], [ -95.85075, 75.922 ], [ -95.87075, 75.966 ], [ -95.77625, 75.97925 ] ] ], [ [ [ -96.30925, 75.65775 ], [ -96.11225, 75.609 ], [ -95.9965, 75.6125 ], [ -95.9165, 75.58225 ], [ -95.91125, 75.561 ], [ -96.094, 75.49075 ], [ -96.11725, 75.46325 ], [ -96.24075, 75.46825 ], [ -96.24675, 75.49425 ], [ -96.4175, 75.5275 ], [ -96.51575, 75.528 ], [ -96.512, 75.458 ], [ -96.554, 75.43375 ], [ -96.653, 75.43675 ], [ -96.6965, 75.3835 ], [ -96.9205, 75.3795 ], [ -96.92625, 75.425 ], [ -97.01275, 75.45975 ], [ -97.01525, 75.50125 ], [ -96.8915, 75.52925 ], [ -96.78225, 75.537 ], [ -96.70875, 75.56225 ], [ -96.6115, 75.557 ], [ -96.458, 75.586 ], [ -96.3655, 75.58875 ], [ -96.39925, 75.643 ], [ -96.30925, 75.65775 ] ] ], [ [ [ -95.99952, 67.8471899 ], [ -95.97433, 67.81976 ], [ -96.05705, 67.7975601 ], [ -96.1475999, 67.7955799 ], [ -96.11917, 67.82323 ], [ -95.99952, 67.8471899 ] ] ], [ [ [ -96.661348, 69.5931757 ], [ -96.631711, 69.5690625 ], [ -96.4358043, 69.571059 ], [ -96.3780574, 69.5812769 ], [ -96.2925282, 69.5306021 ], [ -96.2227984, 69.560327 ], [ -96.1419768, 69.575651 ], [ -96.0856232, 69.547629 ], [ -96.0645026, 69.4501621 ], [ -96.1209569, 69.4223156 ], [ -96.0880524, 69.4074135 ], [ -96.1018832, 69.3592527 ], [ -96.1861716, 69.3644427 ], [ -96.32225, 69.41575 ], [ -96.418, 69.46675 ], [ -96.53025, 69.48 ], [ -96.6275, 69.55575 ], [ -96.7005453, 69.5819158 ], [ -96.661348, 69.5931757 ] ] ], [ [ [ -96.23911, 67.6332799 ], [ -96.1634601, 67.62008 ], [ -96.2231601, 67.59195 ], [ -96.2665301, 67.5995899 ], [ -96.23911, 67.6332799 ] ] ], [ [ [ -99.9211499, 73.95072 ], [ -99.76968, 73.93114 ], [ -99.8281999, 73.9022999 ], [ -99.70248, 73.8476999 ], [ -99.6481253, 73.84902 ], [ -99.472032, 73.8285092 ], [ -99.3714153, 73.7992352 ], [ -99.31547, 73.76827 ], [ -99.2137101, 73.73978 ], [ -99.12717, 73.75135 ], [ -98.9251624, 73.7595617 ], [ -98.7803401, 73.7566399 ], [ -98.7408899, 73.76937 ], [ -98.54474, 73.7933 ], [ -98.3442299, 73.79739 ], [ -98.14845, 73.81407 ], [ -97.9409, 73.85096 ], [ -97.9357401, 73.87418 ], [ -97.86954, 73.9011799 ], [ -97.77924, 73.91423 ], [ -97.7352701, 73.89865 ], [ -97.62194, 73.8994801 ], [ -97.5199301, 73.88678 ], [ -97.4715838, 73.8628193 ], [ -97.3191524, 73.8648659 ], [ -97.1984334, 73.8579694 ], [ -97.035463, 73.7611281 ], [ -96.9359571, 73.7351567 ], [ -96.9271904, 73.6970494 ], [ -96.9709759, 73.6534592 ], [ -96.9582383, 73.6361529 ], [ -97.17444, 73.58946 ], [ -97.1733437, 73.5649511 ], [ -97.44663, 73.5839701 ], [ -97.4881499, 73.55935 ], [ -97.43582, 73.5348201 ], [ -97.53025, 73.52144 ], [ -97.63264, 73.53568 ], [ -97.66411, 73.4737901 ], [ -97.5724299, 73.45887 ], [ -97.53903, 73.4821499 ], [ -97.40627, 73.49933 ], [ -97.4037401, 73.4783501 ], [ -97.3066199, 73.4615 ], [ -97.20282, 73.4757099 ], [ -97.1704341, 73.4484138 ], [ -97.2384923, 73.4230396 ], [ -97.1323068, 73.3871633 ], [ -97.1764299, 73.35332 ], [ -97.3172, 73.3545001 ], [ -97.43393, 73.34557 ], [ -97.53224, 73.3267299 ], [ -97.67551, 73.32156 ], [ -97.7435001, 73.29221 ], [ -97.8358801, 73.2793401 ], [ -97.8378901, 73.2494501 ], [ -97.90524, 73.22836 ], [ -97.9509863, 73.1850252 ], [ -98.1816699, 73.11874 ], [ -98.21163, 73.07875 ], [ -98.27789, 73.06762 ], [ -98.4777717, 73.0130404 ], [ -98.36594, 72.91231 ], [ -98.2348299, 72.98966 ], [ -98.1150899, 73.01013 ], [ -98.09425, 73.0243399 ], [ -97.9168599, 73.0358801 ], [ -97.86276, 73.04671 ], [ -97.5860666, 73.0254519 ], [ -97.4561395, 73.0059053 ], [ -97.24127, 72.94699 ], [ -97.2489698, 72.8510113 ], [ -97.1633865, 72.7982764 ], [ -97.0727097, 72.7811216 ], [ -97.0062619, 72.7446549 ], [ -97.0451099, 72.70953 ], [ -97.13979, 72.6875501 ], [ -97.1816499, 72.6389801 ], [ -97.08627, 72.61023 ], [ -97.0342101, 72.63683 ], [ -96.8429801, 72.6929001 ], [ -96.5920799, 72.7222699 ], [ -96.5822999, 72.7500301 ], [ -96.5273542, 72.7583631 ], [ -96.4925252, 72.7212131 ], [ -96.5730833, 72.6883173 ], [ -96.465319, 72.6620808 ], [ -96.43045, 72.6348699 ], [ -96.4216328, 72.5794013 ], [ -96.30238, 72.4902399 ], [ -96.30709, 72.4557799 ], [ -96.27439, 72.41391 ], [ -96.4071601, 72.4051999 ], [ -96.44047, 72.36676 ], [ -96.5856299, 72.34084 ], [ -96.65202, 72.3093 ], [ -96.6279, 72.26836 ], [ -96.54075, 72.2770099 ], [ -96.5585901, 72.22814 ], [ -96.50716, 72.22468 ], [ -96.4601492, 72.1083076 ], [ -96.48971, 72.0766599 ], [ -96.5594899, 72.07639 ], [ -96.7764099, 72.04689 ], [ -96.6129899, 72.0220799 ], [ -96.5624349, 72.0407352 ], [ -96.4660804, 72.045415 ], [ -96.4499113, 72.0268586 ], [ -96.4759407, 71.9644407 ], [ -96.54665, 71.9474899 ], [ -96.6031801, 71.9569001 ], [ -96.73577, 71.92473 ], [ -96.7033599, 71.90696 ], [ -96.4939134, 71.947305 ], [ -96.462625, 71.9389686 ], [ -96.4791577, 71.892781 ], [ -96.5259037, 71.8376104 ], [ -96.7015799, 71.8008299 ], [ -96.74254, 71.82765 ], [ -96.83005, 71.8076901 ], [ -96.9162, 71.81298 ], [ -96.9607399, 71.7948001 ], [ -97.00103, 71.74639 ], [ -97.07387, 71.70393 ], [ -97.3815671, 71.6301318 ], [ -97.49421, 71.6160599 ], [ -97.65296, 71.62721 ], [ -97.74593, 71.6550601 ], [ -97.8589299, 71.65156 ], [ -97.9419799, 71.6607201 ], [ -98.1924401, 71.64954 ], [ -98.3593001, 71.74063 ], [ -98.3203199, 71.7933899 ], [ -98.2182599, 71.8796301 ], [ -98.1875501, 71.9252399 ], [ -98.2488299, 71.9260001 ], [ -98.28879, 71.89269 ], [ -98.26352, 71.86626 ], [ -98.3386499, 71.8529899 ], [ -98.47214, 71.7713799 ], [ -98.4909501, 71.73975 ], [ -98.37762, 71.71641 ], [ -98.3696, 71.6517399 ], [ -98.3136499, 71.63966 ], [ -98.2244799, 71.58988 ], [ -98.1339601, 71.56216 ], [ -98.14039, 71.5447999 ], [ -98.05573, 71.5275301 ], [ -98.1943301, 71.42288 ], [ -98.27378, 71.4099201 ], [ -98.41988, 71.3460199 ], [ -98.4537001, 71.3220999 ], [ -98.54963, 71.2938699 ], [ -98.64664, 71.3010999 ], [ -98.68733, 71.2802999 ], [ -98.8051599, 71.29992 ], [ -98.9239701, 71.3658099 ], [ -98.94507, 71.3903501 ], [ -99.02908, 71.38319 ], [ -99.0594001, 71.35764 ], [ -99.2189094, 71.3533598 ], [ -99.2792034, 71.406017 ], [ -99.30451, 71.4759699 ], [ -99.3581266, 71.5113496 ], [ -99.3723501, 71.5967099 ], [ -99.4248201, 71.5920101 ], [ -99.5441285, 71.6170878 ], [ -99.6024218, 71.6591388 ], [ -99.6115712, 71.7055176 ], [ -99.657696, 71.7304077 ], [ -99.67314, 71.7655601 ], [ -99.75712, 71.7845362 ], [ -99.81267, 71.8122999 ], [ -99.8373099, 71.8512901 ], [ -99.9362413, 71.8557117 ], [ -100.07328, 71.87747 ], [ -100.0787701, 71.9014599 ], [ -100.14765, 71.9388901 ], [ -100.2535599, 71.9579199 ], [ -100.33455, 72.0067001 ], [ -100.32623, 72.02924 ], [ -100.44796, 72.0616 ], [ -100.5020101, 72.11972 ], [ -100.4742, 72.1309199 ], [ -100.61502, 72.1707001 ], [ -100.68272, 72.19953 ], [ -100.8109899, 72.20376 ], [ -100.95704, 72.186 ], [ -101.01104, 72.2102601 ], [ -101.1831901, 72.33253 ], [ -101.2638299, 72.33789 ], [ -101.3950901, 72.26961 ], [ -101.4539001, 72.2576401 ], [ -101.57685, 72.30006 ], [ -101.7594599, 72.30142 ], [ -101.89432, 72.3672699 ], [ -101.85954, 72.38223 ], [ -101.9264101, 72.4146299 ], [ -101.90945, 72.43023 ], [ -101.94251, 72.49829 ], [ -102.0960899, 72.5264 ], [ -102.2222, 72.54129 ], [ -102.3437248, 72.5894155 ], [ -102.41807, 72.5966299 ], [ -102.4935302, 72.6330837 ], [ -102.5925404, 72.6572076 ], [ -102.6718665, 72.6933874 ], [ -102.7203201, 72.76145 ], [ -102.7254993, 72.8283301 ], [ -102.6946995, 72.8317877 ], [ -102.5795206, 72.9123591 ], [ -102.587716, 72.9430109 ], [ -102.5415285, 72.9719586 ], [ -102.5123439, 73.0275345 ], [ -102.3724271, 73.0690365 ], [ -102.3032886, 73.0636959 ], [ -102.1944552, 73.0777276 ], [ -102.02696, 73.0774 ], [ -101.9802484, 73.0508413 ], [ -101.9098534, 73.0553654 ], [ -101.8770699, 73.02584 ], [ -101.7465, 72.9971999 ], [ -101.7948901, 72.96637 ], [ -101.6742276, 72.9136994 ], [ -101.5419899, 72.89475 ], [ -101.38613, 72.79591 ], [ -101.29319, 72.7719301 ], [ -101.36127, 72.74545 ], [ -101.2710661, 72.7142602 ], [ -101.1973499, 72.7154701 ], [ -101.0187999, 72.6953499 ], [ -100.9192501, 72.69607 ], [ -100.7837301, 72.71495 ], [ -100.79516, 72.73453 ], [ -100.7315099, 72.76154 ], [ -100.6383399, 72.72321 ], [ -100.59893, 72.75368 ], [ -100.5038001, 72.75953 ], [ -100.41958, 72.7408399 ], [ -100.3312601, 72.78003 ], [ -100.2946, 72.8096499 ], [ -100.3112699, 72.84226 ], [ -100.3671501, 72.8651399 ], [ -100.38303, 72.90196 ], [ -100.4390801, 72.92879 ], [ -100.3956499, 72.95158 ], [ -100.4626701, 72.9822901 ], [ -100.43524, 73.03104 ], [ -100.2933623, 73.0343593 ], [ -100.4133199, 72.98724 ], [ -100.36102, 72.9543701 ], [ -100.2295101, 72.9488201 ], [ -100.33945, 72.8885799 ], [ -100.2285499, 72.87906 ], [ -100.12807, 72.89497 ], [ -100.09187, 72.9273799 ], [ -100.01705, 72.9420599 ], [ -100.0853, 72.9759501 ], [ -100.1805099, 72.9974001 ], [ -100.1212599, 73.01306 ], [ -100.1219001, 73.05037 ], [ -100.22014, 73.05849 ], [ -100.1629499, 73.09473 ], [ -100.2534, 73.10685 ], [ -100.2603, 73.1412999 ], [ -100.35823, 73.1323701 ], [ -100.4436603, 73.0822652 ], [ -100.51542, 73.0928199 ], [ -100.4872499, 73.1178101 ], [ -100.5825941, 73.1604662 ], [ -100.4674599, 73.22196 ], [ -100.4420289, 73.2618247 ], [ -100.257689, 73.2853368 ], [ -100.1739319, 73.2381614 ], [ -99.98402, 73.1918601 ], [ -99.94307, 73.21837 ], [ -100.0715744, 73.2587653 ], [ -100.15243, 73.29397 ], [ -100.19612, 73.3346001 ], [ -100.27104, 73.37223 ], [ -100.3900701, 73.3597201 ], [ -100.3376623, 73.3236795 ], [ -100.5320544, 73.3113505 ], [ -100.5771701, 73.2849199 ], [ -100.89442, 73.27051 ], [ -101.02016, 73.3021599 ], [ -101.0407701, 73.33724 ], [ -101.12043, 73.333 ], [ -101.2840599, 73.3677 ], [ -101.29599, 73.4066799 ], [ -101.42286, 73.41803 ], [ -101.49199, 73.44995 ], [ -101.56514, 73.45316 ], [ -101.5728575, 73.4842605 ], [ -101.5165255, 73.4970875 ], [ -101.4498274, 73.5503389 ], [ -101.2649591, 73.5609947 ], [ -101.24199, 73.60181 ], [ -101.1906799, 73.6109099 ], [ -100.97539, 73.5932199 ], [ -100.8690299, 73.60058 ], [ -100.8305699, 73.55466 ], [ -100.75659, 73.5417399 ], [ -100.74509, 73.51321 ], [ -100.6673477, 73.4700181 ], [ -100.5952901, 73.48985 ], [ -100.61416, 73.5134901 ], [ -100.5266099, 73.5757301 ], [ -100.5640317, 73.6033229 ], [ -100.6362199, 73.5975201 ], [ -100.90087, 73.6262299 ], [ -100.84753, 73.6562301 ], [ -101.07111, 73.70247 ], [ -101.125222, 73.7366209 ], [ -101.0032842, 73.7541835 ], [ -101.0119286, 73.8047252 ], [ -100.9114454, 73.8213796 ], [ -100.6833554, 73.8325978 ], [ -100.6447113, 73.8543948 ], [ -100.5413316, 73.866398 ], [ -100.3757399, 73.8414899 ], [ -100.26204, 73.80642 ], [ -100.1742701, 73.8084401 ], [ -100.0369, 73.76939 ], [ -99.9710301, 73.7859701 ], [ -99.9428199, 73.8211001 ], [ -99.8537401, 73.84395 ], [ -99.87485, 73.87018 ], [ -99.97344, 73.85085 ], [ -100.1382599, 73.8310001 ], [ -100.2110899, 73.8362301 ], [ -100.3052499, 73.86697 ], [ -100.2647907, 73.9169315 ], [ -100.1015825, 73.9433441 ], [ -99.9211499, 73.95072 ] ] ], [ [ [ -96.29994, 68.27094 ], [ -96.2748799, 68.24367 ], [ -96.3210199, 68.2118001 ], [ -96.42525, 68.2187001 ], [ -96.29994, 68.27094 ] ] ], [ [ [ -96.5683204, 71.2928976 ], [ -96.5272301, 71.28955 ], [ -96.5124699, 71.2369301 ], [ -96.45139, 71.24224 ], [ -96.4427699, 71.2081201 ], [ -96.55253, 71.20895 ], [ -96.6248401, 71.2340401 ], [ -96.5947399, 71.24619 ], [ -96.62291, 71.28235 ], [ -96.5683204, 71.2928976 ] ] ], [ [ [ -96.44475, 75.83225 ], [ -96.4525, 75.792 ], [ -96.53275, 75.779 ], [ -96.51825, 75.751 ], [ -96.6955, 75.7435 ], [ -96.62225, 75.7965 ], [ -96.44475, 75.83225 ] ] ], [ [ [ -96.7351948, 73.1181125 ], [ -96.6456896, 73.1421628 ], [ -96.5622469, 73.0862775 ], [ -96.54148, 73.0367747 ], [ -96.6435553, 72.9483167 ], [ -96.8289739, 72.926491 ], [ -96.9302348, 72.926491 ], [ -96.9837157, 72.9405932 ], [ -97.0803615, 72.9906956 ], [ -97.0724887, 73.0034767 ], [ -97.1197256, 73.091578 ], [ -97.0356222, 73.1506503 ], [ -96.8672748, 73.1906915 ], [ -96.7917173, 73.1935024 ], [ -96.6962762, 73.1637091 ], [ -96.7351948, 73.1181125 ] ] ], [ [ [ -96.6788867, 72.9014371 ], [ -96.6582587, 72.8702538 ], [ -96.69475, 72.82981 ], [ -96.6227701, 72.8074528 ], [ -96.71298, 72.7287901 ], [ -96.8325599, 72.7432699 ], [ -96.91674, 72.73777 ], [ -96.9837754, 72.7681956 ], [ -96.9440301, 72.79978 ], [ -96.88065, 72.8131901 ], [ -96.8783599, 72.85407 ], [ -96.77635, 72.8966899 ], [ -96.6788867, 72.9014371 ] ] ], [ [ [ -96.703, 75.66575 ], [ -96.81225, 75.613 ], [ -96.9185, 75.6 ], [ -96.93675, 75.631 ], [ -96.703, 75.66575 ] ] ], [ [ [ -96.8409597, 69.6101198 ], [ -96.7661442, 69.5923538 ], [ -96.7598544, 69.5678567 ], [ -96.8539312, 69.5742993 ], [ -96.8409597, 69.6101198 ] ] ], [ [ [ -96.85306, 71.76372 ], [ -96.8443001, 71.7403499 ], [ -96.8918901, 71.7229901 ], [ -97.0313201, 71.7139801 ], [ -96.9854727, 71.7532026 ], [ -96.85306, 71.76372 ] ] ], [ [ [ -96.9561725, 73.2710141 ], [ -96.8553673, 73.2262757 ], [ -97.0350896, 73.2286515 ], [ -97.0999503, 73.2468362 ], [ -97.0192259, 73.2741929 ], [ -96.9561725, 73.2710141 ] ] ], [ [ [ -97.19225, 76.86275 ], [ -97.079, 76.85025 ], [ -96.99925, 76.8165 ], [ -97.05975, 76.7955 ], [ -97.20575, 76.83625 ], [ -97.19225, 76.86275 ] ] ], [ [ [ -97.2295, 77.04075 ], [ -97.12625, 77.02175 ], [ -97.26175, 76.97 ], [ -97.41625, 76.9735 ], [ -97.3875, 77.01325 ], [ -97.2295, 77.04075 ] ] ], [ [ [ -97.2338882, 73.905593 ], [ -97.1644695, 73.8989605 ], [ -97.1829947, 73.8701421 ], [ -97.2631011, 73.8779732 ], [ -97.2338882, 73.905593 ] ] ], [ [ [ -97.2657178, 74.6025011 ], [ -97.3411415, 74.5341475 ], [ -97.4513039, 74.5116495 ], [ -97.5494415, 74.4782905 ], [ -97.6658103, 74.4635505 ], [ -97.7814032, 74.4876 ], [ -97.7268467, 74.5276535 ], [ -97.6149765, 74.5543728 ], [ -97.5968937, 74.5867598 ], [ -97.4307763, 74.6321523 ], [ -97.2657178, 74.6025011 ] ] ], [ [ [ -97.3766201, 67.7405401 ], [ -97.31197, 67.7345201 ], [ -97.2993501, 67.6947499 ], [ -97.3138001, 67.66677 ], [ -97.3801701, 67.64021 ], [ -97.4819299, 67.62419 ], [ -97.53412, 67.65356 ], [ -97.52799, 67.70337 ], [ -97.4236, 67.6937 ], [ -97.3865399, 67.7040801 ], [ -97.3766201, 67.7405401 ] ] ], [ [ [ -98.68225, 76.6865 ], [ -98.5035, 76.6855 ], [ -98.385, 76.663 ], [ -98.43, 76.6385 ], [ -98.30675, 76.59325 ], [ -98.3745, 76.57825 ], [ -98.20625, 76.54425 ], [ -98.10525, 76.55325 ], [ -98.055, 76.52825 ], [ -97.801, 76.51875 ], [ -97.673, 76.48975 ], [ -97.69, 76.4705 ], [ -97.66225, 76.41075 ], [ -97.708, 76.38825 ], [ -97.78975, 76.31425 ], [ -97.71775, 76.3085 ], [ -97.7025, 76.26525 ], [ -97.4945, 76.201 ], [ -97.494, 76.127 ], [ -97.59275, 76.066 ], [ -97.629, 75.94675 ], [ -97.60675, 75.887 ], [ -97.5445, 75.87275 ], [ -97.5995, 75.8485 ], [ -97.64325, 75.7965 ], [ -97.84375, 75.76675 ], [ -97.91875, 75.7405 ], [ -97.75, 75.73175 ], [ -97.5735, 75.7005 ], [ -97.367, 75.69175 ], [ -97.359, 75.66825 ], [ -97.41875, 75.6125 ], [ -97.3845, 75.45725 ], [ -97.30375, 75.39125 ], [ -97.47725, 75.44075 ], [ -97.5005, 75.51 ], [ -97.59725, 75.53075 ], [ -97.6947195, 75.5695635 ], [ -97.7916353, 75.5342426 ], [ -97.7224926, 75.4686358 ], [ -97.8456252, 75.4690831 ], [ -97.9342545, 75.4924313 ], [ -98.0398859, 75.4788766 ], [ -97.8532931, 75.4374273 ], [ -97.9964103, 75.3883816 ], [ -97.8432983, 75.3772507 ], [ -97.8657735, 75.3574498 ], [ -97.9832131, 75.3584966 ], [ -97.87325, 75.28025 ], [ -97.7485, 75.2255 ], [ -97.7975, 75.2 ], [ -97.673, 75.1915 ], [ -97.592, 75.1375 ], [ -97.73725, 75.1125 ], [ -97.84825, 75.109 ], [ -97.94325, 75.154 ], [ -98.1475, 75.1815 ], [ -98.0075, 75.116 ], [ -97.9285, 75.06075 ], [ -97.977, 75.02475 ], [ -98.09075, 75.03325 ], [ -98.168, 75.021 ], [ -98.31975, 75.02875 ], [ -98.47375, 75.003 ], [ -98.56775, 75.011 ], [ -98.65175, 74.991 ], [ -98.7925, 74.99675 ], [ -98.9015, 75.058 ], [ -98.9715, 75.04025 ], [ -98.937, 75.01025 ], [ -99.02, 74.9985 ], [ -99.15325, 75.004 ], [ -99.3305, 74.99 ], [ -99.39375, 75.01775 ], [ -99.36225, 75.0725 ], [ -99.425, 75.0735 ], [ -99.4625, 75.03575 ], [ -99.45675, 74.99725 ], [ -99.5295, 74.97725 ], [ -99.63825, 74.97575 ], [ -100.08325, 74.98875 ], [ -100.267, 75.0075 ], [ -100.367, 75.0285 ], [ -100.34925, 75.1055 ], [ -100.414, 75.154 ], [ -100.386, 75.16725 ], [ -100.537, 75.19875 ], [ -100.43325, 75.227 ], [ -100.23175, 75.224 ], [ -100.02875, 75.2305 ], [ -100.1065, 75.25225 ], [ -100.36175, 75.259 ], [ -100.174, 75.30575 ], [ -100.51475, 75.29625 ], [ -100.61925, 75.3165 ], [ -100.64625, 75.34625 ], [ -100.413, 75.38725 ], [ -100.5695, 75.427 ], [ -100.3065, 75.44925 ], [ -99.9995, 75.45725 ], [ -100.07125, 75.4845 ], [ -99.8905, 75.4995 ], [ -100.2065, 75.5095 ], [ -100.0345, 75.52975 ], [ -100.00125, 75.56125 ], [ -99.89, 75.567 ], [ -99.83725, 75.58575 ], [ -99.8245, 75.63525 ], [ -99.693, 75.66725 ], [ -99.50975, 75.66825 ], [ -99.46525, 75.6795 ], [ -99.2475, 75.687 ], [ -98.9658361, 75.6843553 ], [ -98.9470426, 75.7143196 ], [ -99.21175, 75.70225 ], [ -99.5375, 75.67675 ], [ -99.67, 75.6715 ], [ -99.74425, 75.6865 ], [ -100.0455, 75.668 ], [ -100.23925, 75.66275 ], [ -100.286, 75.652 ], [ -100.5550972, 75.6469259 ], [ -100.8204714, 75.6142275 ], [ -101.2520822, 75.5896582 ], [ -101.33883, 75.6037859 ], [ -101.4865996, 75.6092541 ], [ -101.5327077, 75.5914519 ], [ -101.7720721, 75.5744022 ], [ -101.9884446, 75.5510081 ], [ -102.1913948, 75.5566508 ], [ -102.41575, 75.542 ], [ -102.613, 75.49925 ], [ -102.647, 75.5335 ], [ -102.767, 75.549 ], [ -102.73625, 75.5795 ], [ -102.8185, 75.5965 ], [ -102.853, 75.63775 ], [ -102.6687042, 75.6445334 ], [ -102.6662695, 75.6786999 ], [ -102.5339863, 75.6882824 ], [ -102.5725351, 75.7162913 ], [ -102.3431168, 75.7357581 ], [ -102.1329765, 75.7739533 ], [ -102.1459577, 75.7937521 ], [ -102.3569883, 75.7814859 ], [ -102.3445, 75.8365 ], [ -102.15025, 75.884 ], [ -101.838, 75.90975 ], [ -101.76075, 75.8745 ], [ -101.59225, 75.83375 ], [ -101.44125, 75.82375 ], [ -101.43125, 75.76525 ], [ -101.31275, 75.756 ], [ -101.36425, 75.79475 ], [ -101.317, 75.82475 ], [ -101.3885, 75.8615 ], [ -101.503, 75.8575 ], [ -101.60325, 75.9305 ], [ -101.354, 75.9865 ], [ -101.4065, 75.99725 ], [ -101.55325, 75.99175 ], [ -101.6665, 75.977 ], [ -101.831, 76.01925 ], [ -101.907, 76.0695 ], [ -101.91625, 76.11225 ], [ -101.76525, 76.14725 ], [ -101.75425, 76.1765 ], [ -101.5335, 76.22575 ], [ -101.892, 76.22775 ], [ -102.0381187, 76.2139156 ], [ -102.1214715, 76.2183519 ], [ -102.1475736, 76.2536264 ], [ -102.0466454, 76.2699501 ], [ -102.0828403, 76.2938847 ], [ -102.0383593, 76.3219225 ], [ -102.0869113, 76.3450416 ], [ -101.9895531, 76.4209727 ], [ -101.8407781, 76.4544786 ], [ -101.4950258, 76.4452308 ], [ -101.2815606, 76.4141783 ], [ -101.20875, 76.367 ], [ -101.10675, 76.3525 ], [ -101.0525, 76.3265 ], [ -101.1014546, 76.3126517 ], [ -101.085399, 76.2713912 ], [ -101.1230415, 76.2404277 ], [ -100.9252548, 76.2350979 ], [ -100.5993442, 76.1368855 ], [ -100.6191907, 76.0960251 ], [ -100.5503548, 76.0797495 ], [ -100.4104959, 76.0733362 ], [ -100.3014114, 76.0563301 ], [ -100.1862819, 75.9950192 ], [ -100.1348995, 75.9546654 ], [ -99.9417348, 75.912392 ], [ -99.7254892, 75.9124589 ], [ -99.6098102, 75.9560657 ], [ -99.9024424, 75.9571992 ], [ -99.859578, 75.9856401 ], [ -99.9859731, 76.010438 ], [ -99.9854235, 76.0408945 ], [ -100.0713115, 76.0515354 ], [ -100.1237447, 76.1101018 ], [ -100.2256778, 76.1350776 ], [ -100.1186017, 76.1571047 ], [ -99.9246461, 76.1455977 ], [ -99.8440799, 76.1501223 ], [ -99.9633433, 76.2046586 ], [ -100.1617069, 76.1908906 ], [ -100.4340564, 76.2171912 ], [ -100.5035615, 76.2605875 ], [ -100.4583627, 76.2763082 ], [ -100.3156654, 76.2875774 ], [ -100.1173231, 76.2733167 ], [ -100.1174275, 76.2986573 ], [ -100.0179915, 76.3216036 ], [ -100.1622412, 76.3620126 ], [ -100.3815986, 76.3836929 ], [ -100.5011169, 76.3721817 ], [ -100.6042377, 76.3840903 ], [ -100.7239359, 76.3827312 ], [ -100.7664327, 76.4079095 ], [ -100.96075, 76.4745 ], [ -100.99225, 76.49875 ], [ -100.90375, 76.51825 ], [ -100.7875, 76.52375 ], [ -100.6735, 76.57 ], [ -100.39925, 76.62325 ], [ -100.2055, 76.645 ], [ -100.063, 76.63475 ], [ -99.90275, 76.612 ], [ -99.7905, 76.62875 ], [ -99.6515, 76.6325 ], [ -99.55575, 76.623 ], [ -99.5285, 76.5885 ], [ -99.331, 76.52075 ], [ -99.24475, 76.4785 ], [ -99.24725, 76.449 ], [ -99.14625, 76.40225 ], [ -99.05925, 76.41 ], [ -99.11, 76.45575 ], [ -98.886, 76.48575 ], [ -99.00475, 76.53 ], [ -99.04425, 76.571 ], [ -98.99775, 76.6095 ], [ -98.9065, 76.6145 ], [ -98.60675, 76.61375 ], [ -98.50825, 76.6375 ], [ -98.6005, 76.65 ], [ -98.74125, 76.6465 ], [ -98.86225, 76.66925 ], [ -98.68225, 76.6865 ] ] ], [ [ [ -97.6258085, 74.0886806 ], [ -97.6284663, 74.0550481 ], [ -97.76768, 73.98903 ], [ -97.9292801, 73.94569 ], [ -98.00849, 73.9338 ], [ -98.06399, 73.8988 ], [ -98.1640999, 73.8774724 ], [ -98.3520901, 73.85387 ], [ -98.5590099, 73.84188 ], [ -98.73427, 73.8403799 ], [ -98.76493, 73.81372 ], [ -98.8610501, 73.8204501 ], [ -99.0671999, 73.8166501 ], [ -99.1400171, 73.8391351 ], [ -99.3812955, 73.8761548 ], [ -99.428055, 73.9126238 ], [ -99.2712703, 73.9398346 ], [ -98.9743124, 73.9645244 ], [ -99.0072262, 73.9904438 ], [ -98.8228287, 74.0106985 ], [ -98.7664328, 74.0376032 ], [ -98.4651421, 74.0445574 ], [ -98.2115314, 74.0887038 ], [ -98.0129591, 74.1119801 ], [ -97.7194216, 74.1257177 ], [ -97.6258085, 74.0886806 ] ] ], [ [ [ -97.91946, 67.92349 ], [ -97.83072, 67.88402 ], [ -97.8106601, 67.85832 ], [ -97.9426399, 67.86944 ], [ -97.91946, 67.92349 ] ] ], [ [ [ -98.0625, 76.578 ], [ -97.9415, 76.57175 ], [ -97.8575, 76.5415 ], [ -98.0, 76.54225 ], [ -98.0625, 76.578 ] ] ], [ [ [ -98.571047, 74.3442136 ], [ -98.4935826, 74.3279922 ], [ -98.5969702, 74.3054857 ], [ -98.7348202, 74.316207 ], [ -98.7482392, 74.335158 ], [ -98.571047, 74.3442136 ] ] ], [ [ [ -98.7305247, 79.9394045 ], [ -98.7567276, 79.9297633 ], [ -98.6506271, 79.8458102 ], [ -98.6406085, 79.7734927 ], [ -98.80246, 79.6816673 ], [ -98.9424125, 79.7232098 ], [ -99.3465276, 79.7637406 ], [ -99.340277, 79.8052009 ], [ -99.2836253, 79.841659 ], [ -99.5017983, 79.8895617 ], [ -99.6168104, 79.8977222 ], [ -99.7569129, 79.8800914 ], [ -100.0242116, 79.8753756 ], [ -100.1635803, 79.8959087 ], [ -100.1172039, 80.0090536 ], [ -99.876195, 80.0190043 ], [ -99.4780447, 80.0809358 ], [ -99.3765208, 80.1091812 ], [ -99.0817289, 80.1347937 ], [ -98.826403, 80.0786578 ], [ -98.8201663, 80.0493851 ], [ -98.7015635, 79.9716359 ], [ -98.7305247, 79.9394045 ] ] ], [ [ [ -98.89549, 68.0995599 ], [ -98.8044701, 68.0668401 ], [ -98.8595099, 68.0499401 ], [ -98.90039, 68.07349 ], [ -98.89549, 68.0995599 ] ] ], [ [ [ -98.9387501, 71.3676 ], [ -98.88816, 71.33896 ], [ -98.88601, 71.29782 ], [ -98.9939101, 71.3062901 ], [ -99.00986, 71.3277501 ], [ -98.9387501, 71.3676 ] ] ], [ [ [ -104.405917, 79.3910583 ], [ -104.1649775, 79.3768237 ], [ -103.9469783, 79.383279 ], [ -103.685257, 79.3649209 ], [ -103.6313477, 79.3374455 ], [ -103.389865, 79.2938635 ], [ -103.2563529, 79.3067722 ], [ -103.075493, 79.281336 ], [ -102.9385685, 79.2325155 ], [ -102.866447, 79.1668577 ], [ -102.6788318, 79.1185529 ], [ -102.6007226, 79.0683212 ], [ -102.6659864, 78.9865342 ], [ -102.5739154, 78.9482872 ], [ -102.6179298, 78.913537 ], [ -102.6013121, 78.8834425 ], [ -102.4800478, 78.8890697 ], [ -102.3789942, 78.9436371 ], [ -102.3985567, 79.0123865 ], [ -102.1847535, 79.0319864 ], [ -101.9949348, 79.0845589 ], [ -101.8472297, 79.0900598 ], [ -101.5954928, 79.0612495 ], [ -101.2066384, 78.9600527 ], [ -101.1025482, 78.9729972 ], [ -100.9650789, 78.9416188 ], [ -100.99187, 78.9152199 ], [ -101.119677, 78.8692747 ], [ -101.210152, 78.8057608 ], [ -101.0674123, 78.8065282 ], [ -100.899199, 78.7655302 ], [ -100.8056495, 78.8008997 ], [ -100.6031787, 78.7993642 ], [ -100.5254404, 78.8234819 ], [ -100.3449295, 78.830971 ], [ -100.2557721, 78.7717748 ], [ -100.1349923, 78.767498 ], [ -99.9742454, 78.734427 ], [ -99.8732296, 78.7016901 ], [ -99.9721294, 78.6602802 ], [ -99.8380846, 78.6452207 ], [ -99.7368423, 78.6099252 ], [ -99.4813068, 78.5882313 ], [ -99.5760696, 78.5369973 ], [ -99.6441044, 78.4801191 ], [ -99.8757467, 78.4366892 ], [ -99.7522311, 78.4029526 ], [ -99.7431193, 78.3575334 ], [ -99.7929105, 78.3118702 ], [ -99.6285471, 78.30577 ], [ -99.479409, 78.2831647 ], [ -99.4908279, 78.2662176 ], [ -99.4185, 78.209 ], [ -99.302, 78.199 ], [ -99.17875, 78.13675 ], [ -99.09925, 78.12 ], [ -99.03675, 78.07875 ], [ -98.9125, 78.05975 ], [ -99.08225, 77.9795 ], [ -99.0715, 77.914 ], [ -99.002, 77.905 ], [ -99.1495, 77.85925 ], [ -99.3205, 77.831 ], [ -99.8195, 77.81625 ], [ -99.84075, 77.78825 ], [ -100.06125, 77.80925 ], [ -100.214, 77.81425 ], [ -100.45725, 77.86175 ], [ -100.58875, 77.8705 ], [ -100.57075, 77.89 ], [ -100.735, 77.95775 ], [ -100.7815, 78.02725 ], [ -100.835, 78.06 ], [ -100.75225, 78.07425 ], [ -100.84975, 78.09875 ], [ -100.87725, 78.12725 ], [ -101.0065, 78.14925 ], [ -101.0165, 78.19725 ], [ -101.08225, 78.20175 ], [ -101.28275, 78.17725 ], [ -101.40575, 78.206 ], [ -101.42575, 78.23825 ], [ -101.6555, 78.24475 ], [ -101.72075, 78.265 ], [ -101.9185, 78.2665 ], [ -102.1570984, 78.2953532 ], [ -102.56875, 78.23925 ], [ -102.7725, 78.27025 ], [ -102.7674945, 78.3128082 ], [ -102.6712626, 78.3768575 ], [ -102.9271524, 78.3625131 ], [ -103.111, 78.3735 ], [ -103.24675, 78.3505 ], [ -103.4635, 78.33625 ], [ -103.82225, 78.2965 ], [ -103.90175, 78.277 ], [ -103.91175, 78.248 ], [ -104.04525, 78.24025 ], [ -104.11375, 78.261 ], [ -104.43, 78.265 ], [ -104.58475, 78.31425 ], [ -104.70475, 78.32725 ], [ -104.741, 78.36025 ], [ -104.9914527, 78.4497465 ], [ -104.9605285, 78.4679742 ], [ -105.0192022, 78.5018144 ], [ -104.8949853, 78.5594471 ], [ -104.8208775, 78.5770273 ], [ -104.6649823, 78.5829575 ], [ -104.3978796, 78.5764491 ], [ -104.1747396, 78.529095 ], [ -104.0197716, 78.5176285 ], [ -103.7487273, 78.525277 ], [ -103.5234484, 78.5065946 ], [ -103.4163603, 78.536529 ], [ -103.4784376, 78.5738649 ], [ -103.4414845, 78.6040441 ], [ -103.9098435, 78.6279614 ], [ -103.9669919, 78.6460784 ], [ -103.7822264, 78.6733692 ], [ -103.5046485, 78.6655181 ], [ -103.5042188, 78.7046357 ], [ -103.3519414, 78.7454033 ], [ -103.4312045, 78.7893212 ], [ -103.5453433, 78.7667659 ], [ -103.6931138, 78.8007382 ], [ -103.826595, 78.7940546 ], [ -103.9642045, 78.7625886 ], [ -104.2063971, 78.7757212 ], [ -104.1409103, 78.8263168 ], [ -104.0357965, 78.8472365 ], [ -103.993898, 78.8771966 ], [ -103.8880492, 78.876204 ], [ -103.849826, 78.9166901 ], [ -104.0115395, 78.9346216 ], [ -104.1057231, 78.9825105 ], [ -104.2780031, 78.981291 ], [ -104.4574614, 78.9489261 ], [ -104.4540464, 78.9260124 ], [ -104.567981, 78.8797488 ], [ -104.5995886, 78.8492269 ], [ -104.7465142, 78.8142272 ], [ -104.960497, 78.7952579 ], [ -104.9854958, 78.8416901 ], [ -104.8568601, 78.8787563 ], [ -104.8099974, 78.9339333 ], [ -104.6911561, 78.9844919 ], [ -104.7095007, 79.0378561 ], [ -104.9808484, 79.0432201 ], [ -105.1470135, 79.0176086 ], [ -105.4062311, 79.0092167 ], [ -105.6155992, 79.0361117 ], [ -105.5989827, 79.0722383 ], [ -105.648665, 79.1541538 ], [ -105.5549489, 79.2359182 ], [ -105.4760205, 79.2593236 ], [ -105.492637, 79.299198 ], [ -105.4585731, 79.3373889 ], [ -105.3397651, 79.3272384 ], [ -105.1461827, 79.3333914 ], [ -104.9600777, 79.3263151 ], [ -104.5047852, 79.3602695 ], [ -104.405917, 79.3910583 ] ] ], [ [ [ -98.9516501, 68.09038 ], [ -98.9229801, 68.06736 ], [ -98.9654799, 67.9941401 ], [ -99.0268499, 68.0198299 ], [ -99.04398, 68.0546001 ], [ -98.9516501, 68.09038 ] ] ], [ [ [ -100.03725, 76.75725 ], [ -99.93225, 76.74025 ], [ -99.805, 76.7365 ], [ -99.69225, 76.75425 ], [ -99.584, 76.75075 ], [ -99.39175, 76.7055 ], [ -99.5795, 76.6705 ], [ -99.65775, 76.69825 ], [ -99.98575, 76.7255 ], [ -100.03725, 76.75725 ] ] ], [ [ [ -100.1250901, 69.1573255 ], [ -100.03394, 69.0913 ], [ -99.96278, 68.99432 ], [ -99.96897, 68.9651501 ], [ -100.01824, 68.9459399 ], [ -100.18265, 68.97556 ], [ -100.2235201, 69.0067201 ], [ -100.23501, 69.04626 ], [ -100.1961701, 69.06085 ], [ -100.2048699, 69.08916 ], [ -100.12843, 69.1264899 ], [ -100.1250901, 69.1573255 ] ] ], [ [ [ -100.0830199, 68.3813501 ], [ -100.0377019, 68.3571264 ], [ -100.04172, 68.2917799 ], [ -100.0893599, 68.28225 ], [ -100.1470301, 68.2965599 ], [ -100.1757001, 68.32359 ], [ -100.0909901, 68.35241 ], [ -100.0830199, 68.3813501 ] ] ], [ [ [ -100.4521299, 69.0460901 ], [ -100.3126901, 69.03137 ], [ -100.29663, 68.9829201 ], [ -100.2538999, 68.9517901 ], [ -100.18136, 68.92521 ], [ -100.13142, 68.92095 ], [ -100.12953, 68.86996 ], [ -100.17034, 68.86457 ], [ -100.1430301, 68.80201 ], [ -100.2887999, 68.76977 ], [ -100.34397, 68.71386 ], [ -100.43402, 68.7576099 ], [ -100.4204299, 68.793 ], [ -100.5029399, 68.79689 ], [ -100.5217001, 68.77167 ], [ -100.60679, 68.78265 ], [ -100.59056, 68.83189 ], [ -100.5899601, 68.8976 ], [ -100.5580501, 68.91809 ], [ -100.55512, 68.9521301 ], [ -100.5852901, 69.00081 ], [ -100.48385, 69.0504201 ], [ -100.4521299, 69.0460901 ] ] ], [ [ [ -100.2668551, 75.6310061 ], [ -100.1988435, 75.6284631 ], [ -100.1318227, 75.5944234 ], [ -100.27275, 75.571 ], [ -100.3195, 75.597 ], [ -100.49225, 75.57775 ], [ -100.557, 75.58475 ], [ -100.86175, 75.54725 ], [ -100.9806266, 75.5699483 ], [ -100.7946282, 75.5905181 ], [ -100.6281475, 75.5902868 ], [ -100.6116504, 75.6090958 ], [ -100.2668551, 75.6310061 ] ] ], [ [ [ -100.6391692, 70.7055253 ], [ -100.633161, 70.6750998 ], [ -100.5725646, 70.664531 ], [ -100.4661345, 70.6797007 ], [ -100.363996, 70.6253892 ], [ -100.2041793, 70.601571 ], [ -100.2627158, 70.5797796 ], [ -100.2579093, 70.5517928 ], [ -100.3149008, 70.5333804 ], [ -100.2506995, 70.5103127 ], [ -100.3070044, 70.4853264 ], [ -100.4736876, 70.5097399 ], [ -100.6498122, 70.5625352 ], [ -100.6262946, 70.6517955 ], [ -100.6937575, 70.6982637 ], [ -100.6391692, 70.7055253 ] ] ], [ [ [ -100.468, 76.765 ], [ -100.27425, 76.7335 ], [ -100.3735, 76.7215 ], [ -100.4975, 76.68675 ], [ -100.6005, 76.676 ], [ -100.824, 76.63175 ], [ -101.163, 76.58025 ], [ -101.432, 76.5535 ], [ -101.562, 76.565 ], [ -101.70125, 76.5925 ], [ -101.569, 76.6205 ], [ -101.36925, 76.64925 ], [ -101.167, 76.66375 ], [ -101.02575, 76.70275 ], [ -101.00325, 76.7245 ], [ -100.7575, 76.758 ], [ -100.468, 76.765 ] ] ], [ [ [ -100.60579, 72.8105 ], [ -100.45138, 72.793 ], [ -100.50488, 72.77231 ], [ -100.60494, 72.78213 ], [ -100.60579, 72.8105 ] ] ], [ [ [ -100.7827599, 68.47201 ], [ -100.7705101, 68.4488699 ], [ -100.6740001, 68.43222 ], [ -100.6817099, 68.39557 ], [ -100.7741801, 68.42914 ], [ -100.8174101, 68.46127 ], [ -100.7827599, 68.47201 ] ] ], [ [ [ -100.8352118, 70.3368382 ], [ -100.755821, 70.3270882 ], [ -100.7260346, 70.3076558 ], [ -100.7794674, 70.2634266 ], [ -100.8602746, 70.3071615 ], [ -100.8352118, 70.3368382 ] ] ], [ [ [ -114.66875, 73.37775 ], [ -114.47275, 73.37575 ], [ -114.197, 73.32475 ], [ -114.019, 73.2315 ], [ -113.942, 73.164 ], [ -113.92725, 73.12725 ], [ -113.964, 73.05425 ], [ -113.9425, 73.03075 ], [ -114.0125, 73.00775 ], [ -114.02675, 72.97225 ], [ -113.98825, 72.9355 ], [ -114.01975, 72.9175 ], [ -114.01025, 72.8695 ], [ -113.93525, 72.82375 ], [ -113.998, 72.809 ], [ -114.1575, 72.807 ], [ -114.22425, 72.7975 ], [ -114.25775, 72.76525 ], [ -114.34875, 72.7445 ], [ -114.313, 72.72075 ], [ -114.35875, 72.67625 ], [ -114.4465, 72.63175 ], [ -114.62125, 72.61825 ], [ -114.633, 72.56225 ], [ -114.514, 72.5765 ], [ -114.35775, 72.55775 ], [ -114.29025, 72.58675 ], [ -114.106, 72.6305 ], [ -114.077, 72.64975 ], [ -113.8675, 72.67125 ], [ -113.854, 72.6425 ], [ -113.51225, 72.7005 ], [ -113.56225, 72.66975 ], [ -113.53125, 72.65675 ], [ -113.41, 72.68025 ], [ -113.39425, 72.7355 ], [ -113.4405, 72.751 ], [ -113.575, 72.75475 ], [ -113.604, 72.7755 ], [ -113.44975, 72.8555 ], [ -113.3665, 72.92675 ], [ -113.233, 72.9885 ], [ -113.1095, 73.00925 ], [ -112.9985, 73.0115 ], [ -112.81625, 72.99425 ], [ -112.74125, 72.97975 ], [ -112.49175, 72.95675 ], [ -112.3615, 72.91675 ], [ -112.19825, 72.895 ], [ -112.02875, 72.89375 ], [ -111.70225, 72.8195 ], [ -111.549, 72.80575 ], [ -111.409, 72.76975 ], [ -111.41475, 72.739 ], [ -111.29225, 72.74225 ], [ -111.22225, 72.73275 ], [ -111.192, 72.70225 ], [ -111.1809409, 72.6263784 ], [ -111.2435046, 72.5696363 ], [ -111.3347777, 72.5523161 ], [ -111.4175631, 72.5085226 ], [ -111.3887966, 72.4938847 ], [ -111.48904, 72.445136 ], [ -111.7662253, 72.3854932 ], [ -112.0248273, 72.3175251 ], [ -111.9144698, 72.3188865 ], [ -111.8820589, 72.3356102 ], [ -111.7587619, 72.3292103 ], [ -111.6228784, 72.3576168 ], [ -111.5831642, 72.3318291 ], [ -111.6992286, 72.30304 ], [ -111.6704594, 72.2827231 ], [ -111.5487295, 72.3123023 ], [ -111.5796976, 72.3733088 ], [ -111.4433373, 72.4065389 ], [ -111.3705169, 72.4426167 ], [ -111.2228117, 72.4702112 ], [ -111.17975, 72.45625 ], [ -111.278, 72.4305 ], [ -111.26275, 72.3995 ], [ -111.35675, 72.366 ], [ -111.20275, 72.367 ], [ -111.14725, 72.335 ], [ -111.071, 72.36175 ], [ -111.07275, 72.39425 ], [ -110.9425, 72.442 ], [ -110.9738057, 72.4773431 ], [ -110.9309635, 72.4892803 ], [ -110.734077, 72.4774921 ], [ -110.8166619, 72.5092568 ], [ -110.734115, 72.5629331 ], [ -110.6183292, 72.5750586 ], [ -110.4090639, 72.5188564 ], [ -110.3669966, 72.5588946 ], [ -110.2191614, 72.5233623 ], [ -110.0140038, 72.4408 ], [ -109.9237524, 72.4754556 ], [ -109.9848335, 72.5002738 ], [ -110.2188333, 72.5505023 ], [ -110.0821022, 72.561782 ], [ -109.8793945, 72.4856421 ], [ -109.7949262, 72.505742 ], [ -109.836457, 72.539031 ], [ -109.901692, 72.5622406 ], [ -109.8958994, 72.5941529 ], [ -109.9847319, 72.6150446 ], [ -110.0638452, 72.6564944 ], [ -110.2384001, 72.6449596 ], [ -110.2840237, 72.6731984 ], [ -110.2022405, 72.6802505 ], [ -110.1415, 72.729 ], [ -109.892, 72.6885 ], [ -109.8205, 72.6995 ], [ -109.83475, 72.726 ], [ -110.052, 72.76425 ], [ -110.1325, 72.7695 ], [ -110.16175, 72.8135 ], [ -110.2295, 72.82975 ], [ -110.456, 72.83675 ], [ -110.54975, 72.862 ], [ -110.557, 72.878 ], [ -110.70475, 72.94 ], [ -110.703, 72.98625 ], [ -110.61525, 73.00075 ], [ -110.418, 73.01125 ], [ -109.91375, 72.977 ], [ -109.84075, 72.952 ], [ -109.84575, 72.92575 ], [ -109.70575, 72.9405 ], [ -109.64075, 72.9365 ], [ -109.5895, 72.9075 ], [ -109.687, 72.8955 ], [ -109.67925, 72.86425 ], [ -109.572, 72.8475 ], [ -109.3415, 72.78025 ], [ -109.349, 72.7465 ], [ -109.18875, 72.7625 ], [ -109.09175, 72.74775 ], [ -109.13025, 72.7265 ], [ -109.016, 72.68275 ], [ -108.92775, 72.689 ], [ -108.88325, 72.6685 ], [ -108.99525, 72.6535 ], [ -109.0085, 72.571 ], [ -108.8535, 72.5835 ], [ -108.79725, 72.607 ], [ -108.7045, 72.59125 ], [ -108.583, 72.5515 ], [ -108.54875, 72.503 ], [ -108.62075, 72.4485 ], [ -108.64775, 72.35 ], [ -108.5892283, 72.3183935 ], [ -108.48075, 72.183 ], [ -108.49925, 72.148 ], [ -108.42625, 72.148 ], [ -108.382, 72.12625 ], [ -108.36875, 72.08625 ], [ -108.3805, 72.00275 ], [ -108.2685, 71.97925 ], [ -108.2995, 71.956 ], [ -108.182576, 71.9338163 ], [ -108.2637004, 71.9017799 ], [ -108.2801185, 71.8731819 ], [ -108.2298042, 71.8376483 ], [ -108.2864174, 71.811836 ], [ -108.1931759, 71.7622984 ], [ -108.1486301, 71.76173 ], [ -108.15183, 71.70807 ], [ -108.07666, 71.72548 ], [ -107.9886501, 71.71248 ], [ -107.9526399, 71.66792 ], [ -107.97269, 71.6493099 ], [ -107.8549099, 71.63231 ], [ -107.80547, 71.6102601 ], [ -107.7053799, 71.6290301 ], [ -107.8259901, 71.6937501 ], [ -107.79482, 71.7336501 ], [ -107.7229201, 71.72962 ], [ -107.6734699, 71.70472 ], [ -107.6149801, 71.71982 ], [ -107.5784101, 71.76651 ], [ -107.51353, 71.7903 ], [ -107.39515, 71.80589 ], [ -107.3097199, 71.79878 ], [ -107.2442399, 71.8171 ], [ -107.4545799, 71.8643299 ], [ -107.44158, 71.8938999 ], [ -107.36156, 71.8821801 ], [ -107.2852301, 71.88969 ], [ -107.24084, 71.90995 ], [ -107.35713, 71.9345601 ], [ -107.41335, 71.9574899 ], [ -107.4022199, 71.97878 ], [ -107.5927401, 72.0172701 ], [ -107.62872, 72.0700901 ], [ -107.5976301, 72.09463 ], [ -107.6367, 72.1267801 ], [ -107.7574382, 72.1484638 ], [ -107.7696195, 72.1990697 ], [ -107.7479405, 72.2223643 ], [ -107.8381419, 72.3006626 ], [ -107.70367, 72.3139199 ], [ -107.74636, 72.34353 ], [ -107.8288683, 72.3685696 ], [ -107.774637, 72.3895809 ], [ -107.86672, 72.43527 ], [ -107.76337, 72.44001 ], [ -107.91621, 72.48797 ], [ -107.9457599, 72.5242301 ], [ -107.84453, 72.5311 ], [ -107.8280001, 72.5766299 ], [ -107.91809, 72.6164101 ], [ -107.92144, 72.6392299 ], [ -107.97857, 72.6713 ], [ -107.96614, 72.7066701 ], [ -108.0298334, 72.7303253 ], [ -108.0782326, 72.8966886 ], [ -108.1343659, 72.9691429 ], [ -108.0828425, 72.9807199 ], [ -108.1986727, 73.0293743 ], [ -108.1236643, 73.0491515 ], [ -108.2159937, 73.0868013 ], [ -108.2621313, 73.1238781 ], [ -108.2445302, 73.1750803 ], [ -108.1208939, 73.2067343 ], [ -107.8829965, 73.1894582 ], [ -107.8735786, 73.2096142 ], [ -107.9777044, 73.2242807 ], [ -108.101195, 73.2736576 ], [ -107.9660199, 73.3160359 ], [ -108.0371317, 73.339579 ], [ -107.9306775, 73.3510306 ], [ -107.8112411, 73.3343674 ], [ -107.602699, 73.3235365 ], [ -107.4014957, 73.2824657 ], [ -107.2389578, 73.2273587 ], [ -107.1832594, 73.1999361 ], [ -107.0184247, 73.1689263 ], [ -106.9524798, 73.1838519 ], [ -107.0923971, 73.2335838 ], [ -107.0640933, 73.2663789 ], [ -106.8767517, 73.3148316 ], [ -106.7108882, 73.2857193 ], [ -106.67647, 73.23395 ], [ -106.5654542, 73.2252508 ], [ -106.4417499, 73.19869 ], [ -106.3608223, 73.1519927 ], [ -106.2478279, 73.120643 ], [ -106.20353, 73.08362 ], [ -106.08336, 73.07283 ], [ -106.0516381, 73.0473813 ], [ -105.98406, 73.04006 ], [ -105.8924561, 73.0580976 ], [ -105.8140499, 73.0407 ], [ -105.77983, 72.97922 ], [ -105.6909601, 72.96135 ], [ -105.6683901, 72.9124999 ], [ -105.53505, 72.9158101 ], [ -105.46246, 72.90375 ], [ -105.49559, 72.8587701 ], [ -105.37129, 72.81367 ], [ -105.3239899, 72.78589 ], [ -105.37104, 72.77568 ], [ -105.30459, 72.7436099 ], [ -105.4352667, 72.7120272 ], [ -105.2819341, 72.6613796 ], [ -105.3028301, 72.61811 ], [ -105.3030899, 72.5616001 ], [ -105.2056433, 72.5181296 ], [ -105.1883869, 72.4494787 ], [ -105.26686, 72.44892 ], [ -105.2265999, 72.40535 ], [ -105.1355987, 72.3720895 ], [ -104.9874556, 72.2040836 ], [ -104.955693, 72.1948967 ], [ -104.95395, 72.1514501 ], [ -104.9895, 72.14241 ], [ -104.9799379, 72.0935103 ], [ -104.8871835, 72.0508588 ], [ -104.8369029, 72.0121857 ], [ -104.85631, 71.99464 ], [ -104.7904971, 71.9728542 ], [ -104.8225899, 71.8964 ], [ -104.7821144, 71.8581973 ], [ -104.6310069, 71.8211411 ], [ -104.6125, 71.7972501 ], [ -104.4951401, 71.74708 ], [ -104.48309, 71.69427 ], [ -104.42248, 71.68526 ], [ -104.39161, 71.64155 ], [ -104.30041, 71.5905801 ], [ -104.3355099, 71.57742 ], [ -104.36313, 71.5087699 ], [ -104.28777, 71.45601 ], [ -104.3228499, 71.4318201 ], [ -104.2622399, 71.37828 ], [ -104.3847799, 71.37851 ], [ -104.4781599, 71.3496601 ], [ -104.47432, 71.3065 ], [ -104.41018, 71.27382 ], [ -104.4213152, 71.2350105 ], [ -104.5149499, 71.16395 ], [ -104.5954201, 71.13438 ], [ -104.5995896, 71.1098693 ], [ -104.46053, 71.0241201 ], [ -104.3689043, 70.9961906 ], [ -104.29773, 70.9925306 ], [ -104.2435832, 70.9677389 ], [ -104.1656841, 70.9717998 ], [ -104.0621299, 70.90579 ], [ -104.01381, 70.84485 ], [ -103.9990202, 70.7693794 ], [ -103.8262081, 70.7541801 ], [ -103.6936788, 70.7135406 ], [ -103.6225656, 70.6806376 ], [ -103.606108, 70.6445184 ], [ -103.5146265, 70.5903272 ], [ -103.3301, 70.5888999 ], [ -103.28407, 70.6042101 ], [ -103.21736, 70.5653001 ], [ -103.13663, 70.54846 ], [ -103.07985, 70.50698 ], [ -102.9407434, 70.5130654 ], [ -102.8906599, 70.5359601 ], [ -102.9858001, 70.54338 ], [ -103.05492, 70.5605399 ], [ -103.1139199, 70.62375 ], [ -103.093265, 70.689333 ], [ -102.9944723, 70.6789449 ], [ -102.8813299, 70.61732 ], [ -102.8028689, 70.601483 ], [ -102.84626, 70.51233 ], [ -102.7259802, 70.5185351 ], [ -102.58229, 70.47421 ], [ -102.483504, 70.4655141 ], [ -102.40849, 70.425675 ], [ -102.3029715, 70.4123638 ], [ -102.2799422, 70.3915918 ], [ -102.2084049, 70.3854341 ], [ -102.17108, 70.32476 ], [ -102.0799032, 70.3259877 ], [ -101.8647222, 70.2627538 ], [ -101.7866501, 70.2670301 ], [ -101.7256262, 70.3037953 ], [ -101.6620693, 70.3155862 ], [ -101.5957931, 70.2821561 ], [ -101.63521, 70.2431 ], [ -101.6299101, 70.18384 ], [ -101.5935937, 70.1606556 ], [ -101.49223, 70.1361899 ], [ -101.37282, 70.1441999 ], [ -101.3793399, 70.16816 ], [ -101.1905499, 70.1634001 ], [ -101.0633401, 70.2016 ], [ -100.9757301, 70.1845599 ], [ -100.96622, 70.12433 ], [ -100.9914, 70.0969499 ], [ -100.89297, 70.0215699 ], [ -100.9208399, 69.95889 ], [ -100.84727, 69.88552 ], [ -100.8640299, 69.8651499 ], [ -100.8569687, 69.7915964 ], [ -100.8880732, 69.7550507 ], [ -100.9387399, 69.7498 ], [ -100.9009101, 69.7149299 ], [ -100.9167622, 69.6828836 ], [ -101.00524, 69.6882 ], [ -101.0611201, 69.65738 ], [ -101.11442, 69.69076 ], [ -101.1924101, 69.66896 ], [ -101.30567, 69.6758199 ], [ -101.3117, 69.7041301 ], [ -101.4310562, 69.7928595 ], [ -101.44221, 69.8553 ], [ -101.4034599, 69.89931 ], [ -101.4301399, 69.91455 ], [ -101.5166471, 69.8280548 ], [ -101.5387931, 69.7543087 ], [ -101.57871, 69.72497 ], [ -101.6577001, 69.69617 ], [ -101.71578, 69.7298101 ], [ -101.7826899, 69.72813 ], [ -101.8433899, 69.75159 ], [ -101.92727, 69.7466399 ], [ -101.9826899, 69.8071099 ], [ -101.98217, 69.8426799 ], [ -102.0234, 69.86628 ], [ -102.0859, 69.8291299 ], [ -102.1485856, 69.863055 ], [ -102.16185, 69.90531 ], [ -102.23987, 69.919 ], [ -102.21631, 69.84804 ], [ -102.2783099, 69.8553499 ], [ -102.3263399, 69.83986 ], [ -102.277104, 69.8154336 ], [ -102.3199379, 69.7642358 ], [ -102.4011499, 69.8046499 ], [ -102.4794745, 69.7705843 ], [ -102.58276, 69.74655 ], [ -102.6062, 69.7063899 ], [ -102.4738301, 69.6995899 ], [ -102.49049, 69.6665 ], [ -102.4775287, 69.60014 ], [ -102.4965707, 69.5620966 ], [ -102.5906031, 69.5455123 ], [ -102.65112, 69.56059 ], [ -102.80054, 69.5379399 ], [ -102.8323099, 69.5661799 ], [ -102.8947, 69.55277 ], [ -102.96923, 69.57157 ], [ -103.00134, 69.5961901 ], [ -103.12331, 69.6158899 ], [ -103.2067101, 69.6513 ], [ -103.2856699, 69.70701 ], [ -103.3561501, 69.69452 ], [ -103.45229, 69.70978 ], [ -103.43526, 69.6725601 ], [ -103.49087, 69.63938 ], [ -103.4032518, 69.6319786 ], [ -103.34843, 69.5850899 ], [ -103.2061899, 69.5688401 ], [ -103.1588101, 69.53822 ], [ -103.1420876, 69.4879867 ], [ -103.0856108, 69.4977098 ], [ -103.0459601, 69.53166 ], [ -102.994873, 69.4871565 ], [ -102.9721983, 69.4073222 ], [ -103.0226346, 69.3939412 ], [ -103.0400761, 69.3608529 ], [ -103.0035552, 69.2833606 ], [ -103.0099095, 69.2598508 ], [ -103.0828903, 69.2438134 ], [ -103.1442497, 69.2120036 ], [ -103.2027099, 69.1992621 ], [ -103.1278584, 69.1747816 ], [ -102.9839375, 69.2307439 ], [ -102.9910255, 69.2549977 ], [ -102.9446141, 69.3011556 ], [ -102.8471508, 69.3336092 ], [ -102.8622931, 69.3564945 ], [ -102.7868875, 69.3930782 ], [ -102.703381, 69.3996176 ], [ -102.6191367, 69.4209753 ], [ -102.4795708, 69.4218048 ], [ -102.4922012, 69.446894 ], [ -102.4700871, 69.4833334 ], [ -102.4226183, 69.5018819 ], [ -102.3343981, 69.4816222 ], [ -102.304545, 69.5053128 ], [ -102.1473783, 69.4864076 ], [ -102.1077852, 69.4987894 ], [ -101.9620703, 69.459212 ], [ -101.910846, 69.40807 ], [ -102.0070265, 69.385315 ], [ -102.0135896, 69.3526546 ], [ -102.1012893, 69.3681629 ], [ -102.0119568, 69.2811588 ], [ -102.0443146, 69.2394598 ], [ -102.1679638, 69.2916568 ], [ -102.2163809, 69.2650472 ], [ -102.1490824, 69.2150439 ], [ -102.0595685, 69.1869895 ], [ -102.0435384, 69.2296495 ], [ -101.9792778, 69.2593857 ], [ -101.835119, 69.2295433 ], [ -101.74019, 69.1841279 ], [ -101.7442247, 69.1463495 ], [ -101.8005245, 69.0679106 ], [ -101.8531805, 69.0413537 ], [ -101.7733592, 69.009282 ], [ -101.9782447, 68.9780055 ], [ -102.0723232, 69.0081165 ], [ -102.1281458, 68.9559526 ], [ -102.2009124, 68.9640481 ], [ -102.2582227, 68.9448828 ], [ -102.3682808, 68.9308127 ], [ -102.4572577, 68.9028288 ], [ -102.4455288, 68.8830708 ], [ -102.5817643, 68.8650627 ], [ -102.7368797, 68.904123 ], [ -102.7437121, 68.8724143 ], [ -102.6968271, 68.846998 ], [ -102.7688001, 68.8243692 ], [ -102.8495113, 68.8207311 ], [ -102.8968285, 68.7999891 ], [ -103.0106331, 68.8005985 ], [ -103.0543507, 68.8217702 ], [ -103.1530844, 68.8431315 ], [ -103.2644128, 68.8288683 ], [ -103.3404435, 68.8299732 ], [ -103.3194897, 68.7876614 ], [ -103.3988204, 68.7858533 ], [ -103.5605716, 68.8309532 ], [ -103.6198508, 68.8187866 ], [ -103.7775822, 68.8463487 ], [ -103.8723307, 68.8461946 ], [ -103.8940384, 68.8696338 ], [ -103.9527422, 68.874284 ], [ -104.0956288, 68.8585036 ], [ -104.2191261, 68.8937532 ], [ -104.3410187, 68.9157737 ], [ -104.359608, 68.9415734 ], [ -104.4557106, 68.9247674 ], [ -104.4607289, 68.9007552 ], [ -104.5234935, 68.8651556 ], [ -104.6550685, 68.8614372 ], [ -104.8298296, 68.8780546 ], [ -104.937521, 68.8793579 ], [ -105.0462869, 68.8965937 ], [ -105.1228833, 68.8958851 ], [ -105.215487, 68.9398103 ], [ -105.2389849, 68.9616183 ], [ -105.1858409, 68.9768906 ], [ -105.0171286, 69.0019276 ], [ -104.8764646, 69.0603853 ], [ -104.9147359, 69.0830531 ], [ -105.0772526, 69.1138233 ], [ -105.0065862, 69.0720035 ], [ -105.0409996, 69.0580519 ], [ -105.1107259, 69.0781665 ], [ -105.2863373, 69.0919927 ], [ -105.3428094, 69.1041608 ], [ -105.4467458, 69.0946991 ], [ -105.5116011, 69.1481323 ], [ -105.7193608, 69.1821149 ], [ -105.8400349, 69.1858904 ], [ -105.9609892, 69.1592969 ], [ -106.0649476, 69.1532147 ], [ -106.2750074, 69.1717416 ], [ -106.3161334, 69.1903207 ], [ -106.3807141, 69.1788598 ], [ -106.3972027, 69.2399765 ], [ -106.3044316, 69.255615 ], [ -106.2426279, 69.2873135 ], [ -106.2977777, 69.3233642 ], [ -106.3153641, 69.3895124 ], [ -106.3801459, 69.4198554 ], [ -106.444745, 69.471343 ], [ -106.5653113, 69.4986089 ], [ -106.6366162, 69.4878387 ], [ -106.730493, 69.4397584 ], [ -106.7300386, 69.3895987 ], [ -106.7703712, 69.3795432 ], [ -106.9436182, 69.3614064 ], [ -106.9671461, 69.3383443 ], [ -106.9085507, 69.2627588 ], [ -106.9123295, 69.2294638 ], [ -107.0170983, 69.1995438 ], [ -107.0078489, 69.1876518 ], [ -107.1180433, 69.1547329 ], [ -107.2007116, 69.0827646 ], [ -107.2609275, 69.0653638 ], [ -107.2726043, 69.042468 ], [ -107.39708, 69.001006 ], [ -107.4908901, 68.9840301 ], [ -107.64704, 68.97002 ], [ -107.8598329, 68.9582101 ], [ -107.95758, 68.93976 ], [ -107.99094, 68.9454701 ], [ -108.17649, 68.9355999 ], [ -108.2414699, 68.94485 ], [ -108.54457, 68.9443601 ], [ -108.5020884, 68.9027144 ], [ -108.6750431, 68.827236 ], [ -108.88577, 68.7607099 ], [ -108.9996901, 68.73294 ], [ -109.1602101, 68.7083 ], [ -109.3816999, 68.7002101 ], [ -109.47623, 68.67526 ], [ -109.6396463, 68.6447914 ], [ -109.74396, 68.63567 ], [ -109.81721, 68.64259 ], [ -109.86691, 68.63079 ], [ -110.0270601, 68.6228401 ], [ -110.15653, 68.6456499 ], [ -110.25404, 68.624 ], [ -110.31563, 68.58055 ], [ -110.39315, 68.6103701 ], [ -110.58192, 68.62589 ], [ -110.6088699, 68.6078101 ], [ -110.8031701, 68.5682699 ], [ -110.9450699, 68.5529199 ], [ -110.9694901, 68.5717099 ], [ -110.95056, 68.60046 ], [ -111.0233499, 68.6023801 ], [ -111.1051699, 68.58586 ], [ -111.3501701, 68.59819 ], [ -111.3812199, 68.57243 ], [ -111.21269, 68.5649299 ], [ -111.1652147, 68.5269194 ], [ -111.2451399, 68.5283401 ], [ -111.3171899, 68.54176 ], [ -111.47875, 68.55125 ], [ -111.67525, 68.55275 ], [ -111.79625, 68.544 ], [ -111.83975, 68.52975 ], [ -112.097, 68.53725 ], [ -112.213, 68.518 ], [ -112.25125, 68.5325 ], [ -112.33275, 68.502 ], [ -112.44425, 68.49825 ], [ -112.58925, 68.51225 ], [ -112.60625, 68.483 ], [ -112.668, 68.48475 ], [ -112.7792699, 68.4719 ], [ -112.8727201, 68.49059 ], [ -112.97911, 68.4880901 ], [ -113.03454, 68.46915 ], [ -113.20153, 68.46102 ], [ -113.27658, 68.48751 ], [ -113.2358301, 68.49816 ], [ -113.0865399, 68.5045599 ], [ -113.0143801, 68.52027 ], [ -113.05688, 68.54252 ], [ -113.3333699, 68.59543 ], [ -113.34984, 68.6223099 ], [ -113.4218401, 68.64636 ], [ -113.41655, 68.68505 ], [ -113.44281, 68.7100001 ], [ -113.56565, 68.7560101 ], [ -113.596633, 68.7964978 ], [ -113.6670439, 68.831762 ], [ -113.60298, 68.8552001 ], [ -113.6459799, 68.8978999 ], [ -113.58742, 68.94343 ], [ -113.54695, 68.9532501 ], [ -113.56576, 68.98955 ], [ -113.54187, 69.01727 ], [ -113.6258799, 69.0334001 ], [ -113.59154, 69.08738 ], [ -113.6725401, 69.1174699 ], [ -113.64571, 69.1801701 ], [ -113.6603399, 69.21167 ], [ -113.73284, 69.2155201 ], [ -113.78412, 69.2335 ], [ -113.8663499, 69.23382 ], [ -113.93879, 69.26305 ], [ -113.9890501, 69.2505401 ], [ -114.1231599, 69.25482 ], [ -114.1798599, 69.28219 ], [ -114.2776, 69.2929001 ], [ -114.6620399, 69.2697 ], [ -114.76293, 69.27226 ], [ -114.86643, 69.2649901 ], [ -114.87855, 69.2843 ], [ -115.1751099, 69.25061 ], [ -115.28944, 69.2735599 ], [ -115.37361, 69.26069 ], [ -115.4709399, 69.25947 ], [ -115.5470999, 69.27798 ], [ -115.68056, 69.2795401 ], [ -115.7728999, 69.2946899 ], [ -115.9365, 69.298 ], [ -115.9675, 69.3255 ], [ -116.02675, 69.342 ], [ -116.17425, 69.348 ], [ -116.32625, 69.38325 ], [ -116.358, 69.4015 ], [ -116.50175, 69.4095 ], [ -116.51075, 69.4305 ], [ -116.61725, 69.4605 ], [ -116.6165, 69.48625 ], [ -116.5475, 69.487 ], [ -116.56775, 69.55075 ], [ -116.61675, 69.5695 ], [ -116.72675, 69.58025 ], [ -116.781, 69.56425 ], [ -116.84125, 69.61025 ], [ -116.82475, 69.64775 ], [ -116.98725, 69.69475 ], [ -117.1385, 69.7245 ], [ -117.258, 69.79025 ], [ -117.23375, 69.808 ], [ -117.2935, 69.83125 ], [ -117.29, 69.8585 ], [ -117.3345, 69.93325 ], [ -117.38687, 69.97114 ], [ -117.36232, 70.0394301 ], [ -117.20191, 70.0824899 ], [ -116.9825, 70.122 ], [ -116.79425, 70.137 ], [ -116.7524954, 70.1496659 ], [ -116.6240329, 70.1611981 ], [ -116.4547478, 70.1844367 ], [ -116.2106689, 70.2014618 ], [ -116.1241708, 70.2185694 ], [ -115.9426104, 70.234601 ], [ -115.84825, 70.23125 ], [ -115.57275, 70.256 ], [ -115.399, 70.2615 ], [ -114.97825, 70.292 ], [ -114.89325, 70.287 ], [ -114.61725, 70.308 ], [ -114.5513901, 70.31934 ], [ -114.30364, 70.32737 ], [ -114.12809, 70.31669 ], [ -114.0651299, 70.29666 ], [ -113.9003499, 70.2788001 ], [ -113.7491699, 70.2811699 ], [ -113.6180701, 70.2688001 ], [ -113.49917, 70.28085 ], [ -113.2912001, 70.2834801 ], [ -113.1272299, 70.2651599 ], [ -112.97829, 70.2349001 ], [ -112.81252, 70.23985 ], [ -112.74041, 70.21806 ], [ -112.5284, 70.1987699 ], [ -112.42401, 70.22673 ], [ -112.35407, 70.23084 ], [ -112.2757299, 70.27065 ], [ -112.12078, 70.2872799 ], [ -111.96849, 70.2691201 ], [ -111.82309, 70.2839 ], [ -111.61008, 70.27401 ], [ -111.47522, 70.28221 ], [ -111.5655101, 70.3039301 ], [ -111.46439, 70.32236 ], [ -111.48185, 70.35528 ], [ -111.64254, 70.36846 ], [ -111.83618, 70.3637 ], [ -111.97172, 70.38526 ], [ -112.0743999, 70.4715801 ], [ -112.0787101, 70.49533 ], [ -112.14548, 70.51281 ], [ -112.2689806, 70.5113983 ], [ -112.29291, 70.5315001 ], [ -112.6120599, 70.52614 ], [ -112.58762, 70.54681 ], [ -112.6551701, 70.56615 ], [ -112.89401, 70.5750801 ], [ -113.0578543, 70.6012598 ], [ -113.0857117, 70.6209345 ], [ -113.16917, 70.6264799 ], [ -113.2489699, 70.6582401 ], [ -113.377428, 70.6543778 ], [ -113.4493199, 70.68789 ], [ -113.5641819, 70.6478294 ], [ -113.6631931, 70.6708127 ], [ -113.7243501, 70.6988301 ], [ -113.9672, 70.71989 ], [ -114.0730594, 70.6889897 ], [ -114.1736407, 70.6748549 ], [ -114.3262089, 70.687666 ], [ -114.4227618, 70.6801924 ], [ -114.4852123, 70.6488402 ], [ -114.544955, 70.6379017 ], [ -114.7490204, 70.6242294 ], [ -114.8090576, 70.6369954 ], [ -114.9529965, 70.6211723 ], [ -115.0221587, 70.6036715 ], [ -115.1158253, 70.6117611 ], [ -115.271058, 70.600597 ], [ -115.3629577, 70.6122216 ], [ -115.5857775, 70.5992258 ], [ -115.7158884, 70.6082442 ], [ -115.7575347, 70.5998228 ], [ -115.9204497, 70.596412 ], [ -116.0418438, 70.5731856 ], [ -116.1799649, 70.5966069 ], [ -116.2118144, 70.6340721 ], [ -116.3470101, 70.64111 ], [ -116.45593, 70.6302201 ], [ -116.51886, 70.63832 ], [ -116.58165, 70.6196899 ], [ -116.7149801, 70.60551 ], [ -116.91876, 70.60596 ], [ -116.95643, 70.61518 ], [ -117.1788101, 70.6204601 ], [ -117.3241599, 70.6140001 ], [ -117.3153401, 70.59204 ], [ -117.4197401, 70.5862101 ], [ -117.4304299, 70.61876 ], [ -117.5574099, 70.60526 ], [ -117.65482, 70.6329199 ], [ -117.70851, 70.65968 ], [ -117.6561001, 70.70767 ], [ -117.9811901, 70.7880001 ], [ -118.0470199, 70.80016 ], [ -118.17467, 70.84463 ], [ -118.4173301, 70.9786501 ], [ -118.3635399, 71.03375 ], [ -118.2301101, 71.0615199 ], [ -118.0567901, 71.11625 ], [ -117.8088, 71.1686 ], [ -117.5102301, 71.1870299 ], [ -117.44247, 71.2020201 ], [ -117.2136301, 71.21851 ], [ -117.0050501, 71.24802 ], [ -116.98123, 71.2387001 ], [ -116.82866, 71.25357 ], [ -116.81569, 71.2814099 ], [ -116.5735701, 71.3277799 ], [ -116.48484, 71.3351001 ], [ -116.2425001, 71.3698099 ], [ -116.01364, 71.3589099 ], [ -115.9364301, 71.36807 ], [ -115.7356575, 71.3717629 ], [ -115.7178014, 71.3967006 ], [ -115.9121724, 71.3926059 ], [ -116.1103099, 71.4317417 ], [ -115.9534677, 71.4704288 ], [ -115.7845623, 71.4927524 ], [ -115.7059136, 71.491241 ], [ -115.5910699, 71.5094338 ], [ -115.5819312, 71.4861931 ], [ -115.4734136, 71.4829731 ], [ -115.3479939, 71.4563468 ], [ -115.3114674, 71.4764243 ], [ -115.1265227, 71.5047081 ], [ -115.1479918, 71.5237373 ], [ -115.3102299, 71.4943347 ], [ -115.4656469, 71.5011214 ], [ -115.5204451, 71.5251328 ], [ -115.4244404, 71.5402357 ], [ -115.6076515, 71.5637239 ], [ -115.6783673, 71.5640324 ], [ -115.850748, 71.5392888 ], [ -116.1704741, 71.5004358 ], [ -116.2878794, 71.5092783 ], [ -116.5944801, 71.47182 ], [ -116.6619601, 71.4729699 ], [ -116.8607401, 71.4336099 ], [ -117.0291701, 71.44069 ], [ -117.1852701, 71.4057199 ], [ -117.3006899, 71.41209 ], [ -117.31394, 71.38933 ], [ -117.3959799, 71.3907099 ], [ -117.4116201, 71.41112 ], [ -117.3841799, 71.46126 ], [ -117.4468799, 71.46355 ], [ -117.4845601, 71.49259 ], [ -117.63773, 71.4779501 ], [ -117.47927, 71.44187 ], [ -117.5138199, 71.3830101 ], [ -117.5736001, 71.37632 ], [ -117.69153, 71.3870499 ], [ -117.8098501, 71.37508 ], [ -117.8444599, 71.3894899 ], [ -117.9855299, 71.3783301 ], [ -118.1818699, 71.38462 ], [ -118.2580001, 71.40509 ], [ -118.3062, 71.47223 ], [ -118.2039999, 71.52147 ], [ -118.0477899, 71.55293 ], [ -117.7717499, 71.5324 ], [ -117.67606, 71.58476 ], [ -117.7802999, 71.60366 ], [ -117.95469, 71.61999 ], [ -117.8963601, 71.64543 ], [ -117.9024, 71.6701999 ], [ -118.01903, 71.67958 ], [ -118.1256001, 71.65458 ], [ -118.3026199, 71.5853501 ], [ -118.4318901, 71.59478 ], [ -118.38126, 71.61611 ], [ -118.4879499, 71.6601601 ], [ -118.83121, 71.66716 ], [ -118.89092, 71.6143 ], [ -118.97293, 71.6162899 ], [ -119.0730699, 71.66559 ], [ -119.1241801, 71.79209 ], [ -119.11368, 71.8515199 ], [ -119.0543042, 71.9175518 ], [ -118.9504372, 71.9793059 ], [ -118.8662744, 72.018057 ], [ -118.7091932, 72.0614507 ], [ -118.661217, 72.11624 ], [ -118.5765478, 72.1712175 ], [ -118.519081, 72.1921655 ], [ -118.445913, 72.1892841 ], [ -118.2617556, 72.2192971 ], [ -118.1393608, 72.2238995 ], [ -118.0917293, 72.2358604 ], [ -118.0776878, 72.3020025 ], [ -118.0969577, 72.3272465 ], [ -118.1920061, 72.3574185 ], [ -118.2917489, 72.3500824 ], [ -118.4579788, 72.3589745 ], [ -118.5468996, 72.3986582 ], [ -118.5448022, 72.463991 ], [ -118.4955317, 72.5086555 ], [ -118.3004569, 72.5864878 ], [ -118.2484857, 72.5961841 ], [ -118.1628286, 72.642677 ], [ -118.07025, 72.65675 ], [ -118.014, 72.68325 ], [ -117.92125, 72.68975 ], [ -117.80275, 72.7225 ], [ -117.67575, 72.77275 ], [ -117.559, 72.80525 ], [ -117.41825, 72.88825 ], [ -117.318, 72.92575 ], [ -117.1495, 72.9395 ], [ -117.01125, 72.96475 ], [ -116.81525, 72.98275 ], [ -116.71275, 73.007 ], [ -116.55475, 73.058 ], [ -116.44375, 73.0605 ], [ -116.23425, 73.11375 ], [ -116.07375, 73.12425 ], [ -115.72875, 73.18625 ], [ -115.63075, 73.1935 ], [ -115.41675, 73.22275 ], [ -115.2425, 73.2765 ], [ -115.15575, 73.2705 ], [ -115.1055, 73.28725 ], [ -114.88925, 73.317 ], [ -114.772, 73.34075 ], [ -114.66875, 73.37775 ] ] ], [ [ [ -101.2648299, 69.5964299 ], [ -101.2297261, 69.5610422 ], [ -101.0938101, 69.5565001 ], [ -101.0388072, 69.5421263 ], [ -101.03607, 69.5109001 ], [ -100.9766406, 69.4992174 ], [ -100.9432392, 69.4641665 ], [ -101.0613054, 69.4538803 ], [ -101.1135815, 69.3960766 ], [ -101.1956509, 69.3977575 ], [ -101.2314952, 69.4300924 ], [ -101.1876091, 69.4427685 ], [ -101.21392, 69.50132 ], [ -101.28764, 69.50497 ], [ -101.3661645, 69.5456718 ], [ -101.3426301, 69.5807201 ], [ -101.2648299, 69.5964299 ] ] ], [ [ [ -101.747, 77.9095 ], [ -101.6165, 77.89125 ], [ -101.40425, 77.87575 ], [ -101.251, 77.85475 ], [ -100.9435, 77.77375 ], [ -100.98325, 77.737 ], [ -101.10225, 77.718 ], [ -101.2415, 77.731 ], [ -101.512, 77.72875 ], [ -101.74775, 77.689 ], [ -102.0835, 77.6885 ], [ -102.2645829, 77.7330898 ], [ -102.4090052, 77.7527859 ], [ -102.44, 77.784 ], [ -102.5155, 77.7885 ], [ -102.50725, 77.852 ], [ -102.455, 77.8795 ], [ -102.08925, 77.9065 ], [ -101.9105, 77.89575 ], [ -101.747, 77.9095 ] ] ], [ [ [ -101.3389496, 75.5530846 ], [ -101.3135682, 75.524441 ], [ -101.4703129, 75.5204691 ], [ -101.4794192, 75.5475247 ], [ -101.3389496, 75.5530846 ] ] ], [ [ [ -101.551252, 69.2295344 ], [ -101.5098938, 69.2220107 ], [ -101.5080056, 69.1758044 ], [ -101.4637401, 69.16463 ], [ -101.5524429, 69.1041948 ], [ -101.5872003, 69.0955272 ], [ -101.6851604, 69.103248 ], [ -101.5900321, 69.1439973 ], [ -101.6838726, 69.1727458 ], [ -101.6386253, 69.2259183 ], [ -101.551252, 69.2295344 ] ] ], [ [ [ -101.70975, 78.252 ], [ -101.5885, 78.217 ], [ -101.55725, 78.1765 ], [ -101.6525, 78.154 ], [ -101.723, 78.1715 ], [ -101.846, 78.1725 ], [ -101.797, 78.21625 ], [ -101.70975, 78.252 ] ] ], [ [ [ -101.8870669, 68.8280234 ], [ -101.6774858, 68.7484489 ], [ -101.697956, 68.7015516 ], [ -101.6764621, 68.6682928 ], [ -101.7155266, 68.6432154 ], [ -101.7796206, 68.6305565 ], [ -101.8173827, 68.5912002 ], [ -101.9192078, 68.5876772 ], [ -101.9538436, 68.6271007 ], [ -102.0936941, 68.6142264 ], [ -102.1424513, 68.6463216 ], [ -102.2150851, 68.644054 ], [ -102.2674244, 68.67615 ], [ -102.327099, 68.6920769 ], [ -102.0613134, 68.7676619 ], [ -102.0012526, 68.8256776 ], [ -101.8870669, 68.8280234 ] ] ], [ [ [ -102.13525, 76.00025 ], [ -101.969, 75.953 ], [ -102.035, 75.92975 ], [ -102.437, 75.87525 ], [ -102.5008307, 75.8041638 ], [ -102.5558074, 75.7806135 ], [ -102.6837546, 75.7881574 ], [ -102.8103913, 75.7797941 ], [ -102.8689196, 75.7509955 ], [ -103.02225, 75.7565 ], [ -103.21175, 75.748 ], [ -103.34325, 75.7555 ], [ -103.3815, 75.774 ], [ -103.16075, 75.836 ], [ -103.062, 75.90225 ], [ -102.95575, 75.92025 ], [ -102.5405, 75.96625 ], [ -102.41075, 75.97025 ], [ -102.13525, 76.00025 ] ] ], [ [ [ -102.1359104, 69.7439381 ], [ -102.0970259, 69.6678643 ], [ -102.15408, 69.65572 ], [ -102.2169101, 69.67966 ], [ -102.2270499, 69.7293701 ], [ -102.1359104, 69.7439381 ] ] ], [ [ [ -102.43025, 76.09775 ], [ -102.3065, 76.0755 ], [ -102.26425, 76.034 ], [ -102.33725, 76.015 ], [ -102.49625, 76.00675 ], [ -102.71525, 75.9785 ], [ -103.172, 75.934 ], [ -103.2215, 75.923 ], [ -103.67625, 75.896 ], [ -103.89375, 75.90925 ], [ -103.897, 75.9415 ], [ -103.8125, 75.9595 ], [ -103.43225, 75.99425 ], [ -102.83875, 76.0755 ], [ -102.43025, 76.09775 ] ] ], [ [ [ -102.8603233, 76.3221376 ], [ -102.7317684, 76.3214027 ], [ -102.6391525, 76.296494 ], [ -102.6274307, 76.2703179 ], [ -102.5056787, 76.2151943 ], [ -102.5841269, 76.1913565 ], [ -102.5563158, 76.1691099 ], [ -102.6632684, 76.1184548 ], [ -102.8686446, 76.0909064 ], [ -103.2147664, 76.0539886 ], [ -103.587, 76.0465 ], [ -103.70425, 76.0495 ], [ -103.9214099, 76.0411446 ], [ -103.86975, 76.06325 ], [ -104.12225, 76.07175 ], [ -104.363, 76.09475 ], [ -104.4515, 76.127 ], [ -104.4755, 76.16 ], [ -104.23275, 76.22625 ], [ -104.04575, 76.23325 ], [ -103.71325, 76.268 ], [ -103.529, 76.27275 ], [ -103.37575, 76.29325 ], [ -103.18875, 76.30275 ], [ -103.116701, 76.3167969 ], [ -102.8603233, 76.3221376 ] ] ], [ [ [ -102.6294155, 68.8601097 ], [ -102.5873444, 68.8443831 ], [ -102.5948494, 68.8181606 ], [ -102.7020948, 68.8324971 ], [ -102.6294155, 68.8601097 ] ] ], [ [ [ -102.92425, 78.2755 ], [ -102.79825, 78.2545 ], [ -102.7655, 78.2125 ], [ -102.9535, 78.1735 ], [ -103.08375, 78.1235 ], [ -103.18575, 78.12275 ], [ -103.3105, 78.14625 ], [ -103.301, 78.1715 ], [ -103.20425, 78.21275 ], [ -102.9865, 78.27475 ], [ -102.92425, 78.2755 ] ] ], [ [ [ -104.1064104, 76.6785129 ], [ -104.0046914, 76.6704208 ], [ -103.9149679, 76.6432321 ], [ -103.9675192, 76.5935568 ], [ -103.902532, 76.5881155 ], [ -103.8352431, 76.628829 ], [ -103.6691264, 76.5911058 ], [ -103.5567956, 76.5228654 ], [ -103.3820025, 76.4981562 ], [ -103.239071, 76.5063592 ], [ -103.225216, 76.4778623 ], [ -102.9944914, 76.4520338 ], [ -103.0317174, 76.4093745 ], [ -103.27825, 76.3445 ], [ -103.4595, 76.33575 ], [ -103.50275, 76.3235 ], [ -103.7955, 76.3125 ], [ -103.92575, 76.332 ], [ -104.09025, 76.322 ], [ -104.328, 76.32825 ], [ -104.383, 76.435 ], [ -104.37175, 76.46475 ], [ -104.42525, 76.49625 ], [ -104.5795, 76.48975 ], [ -104.56125, 76.534 ], [ -104.67625, 76.563 ], [ -104.6665944, 76.6021436 ], [ -104.3469083, 76.6710279 ], [ -104.1064104, 76.6785129 ] ] ], [ [ [ -103.1727239, 70.6891527 ], [ -103.14309, 70.6343501 ], [ -103.2463199, 70.63352 ], [ -103.24246, 70.6773999 ], [ -103.1727239, 70.6891527 ] ] ], [ [ [ -103.41625, 75.8905 ], [ -103.36975, 75.86075 ], [ -103.58825, 75.839 ], [ -103.738, 75.841 ], [ -103.834, 75.856 ], [ -103.82725, 75.8835 ], [ -103.70825, 75.87925 ], [ -103.41625, 75.8905 ] ] ], [ [ [ -104.1041014, 75.4475834 ], [ -103.9421843, 75.4090739 ], [ -103.7405, 75.29825 ], [ -103.75025, 75.2325 ], [ -103.67525, 75.228 ], [ -103.661, 75.2025 ], [ -103.5835, 75.167 ], [ -103.68475, 75.11925 ], [ -103.84625, 75.06225 ], [ -104.1565, 75.0385 ], [ -104.43, 75.0325 ], [ -104.70575, 75.07675 ], [ -104.806, 75.11325 ], [ -104.912, 75.12375 ], [ -104.88725, 75.162 ], [ -104.79025, 75.192 ], [ -104.7365, 75.2545 ], [ -104.6875, 75.26075 ], [ -104.706, 75.316 ], [ -104.533, 75.37725 ], [ -104.46975, 75.417 ], [ -104.288828, 75.4483332 ], [ -104.1041014, 75.4475834 ] ] ], [ [ [ -104.1397628, 77.1685434 ], [ -104.0520049, 77.1722943 ], [ -103.9758601, 77.1277127 ], [ -104.1443817, 77.0875505 ], [ -104.3140909, 77.0794679 ], [ -104.4044268, 77.0906852 ], [ -104.3957784, 77.1300056 ], [ -104.2896771, 77.1611558 ], [ -104.1397628, 77.1685434 ] ] ], [ [ [ -105.8781787, 77.7689708 ], [ -105.7117714, 77.7577218 ], [ -105.4069519, 77.6969677 ], [ -105.2053959, 77.6324239 ], [ -104.9979447, 77.5344653 ], [ -104.9576707, 77.4981109 ], [ -105.0397397, 77.4683041 ], [ -104.9881546, 77.4379055 ], [ -105.0195668, 77.4083134 ], [ -104.7656103, 77.4214452 ], [ -104.7127351, 77.3814444 ], [ -104.5683878, 77.3544605 ], [ -104.4594973, 77.32192 ], [ -104.345344, 77.2368135 ], [ -104.370463, 77.1786051 ], [ -104.4504597, 77.1483708 ], [ -104.6296692, 77.1079244 ], [ -104.8068237, 77.1106818 ], [ -104.982605, 77.1650966 ], [ -105.2709961, 77.1562467 ], [ -105.2915954, 77.1995236 ], [ -105.4055786, 77.204695 ], [ -105.4344177, 77.2532667 ], [ -105.5662536, 77.325483 ], [ -105.5511474, 77.3396371 ], [ -105.6417846, 77.3775056 ], [ -105.6706237, 77.4343981 ], [ -105.7680163, 77.4761095 ], [ -105.7113835, 77.5009348 ], [ -105.7187535, 77.5296391 ], [ -105.8754634, 77.548646 ], [ -105.8230975, 77.567265 ], [ -105.8711966, 77.5901508 ], [ -105.8393891, 77.6235098 ], [ -105.9301567, 77.6708331 ], [ -106.0088996, 77.6851853 ], [ -106.1171225, 77.7348359 ], [ -105.9464484, 77.7685829 ], [ -105.8781787, 77.7689708 ] ] ], [ [ [ -104.36875, 68.20725 ], [ -104.41525, 68.17375 ], [ -104.40925, 68.12825 ], [ -104.4875, 68.10825 ], [ -104.5075, 68.169 ], [ -104.435, 68.16975 ], [ -104.42525, 68.1935 ], [ -104.36875, 68.20725 ] ] ], [ [ [ -104.92825, 68.59725 ], [ -104.66325, 68.57775 ], [ -104.597, 68.569 ], [ -104.4935, 68.53775 ], [ -104.412, 68.497 ], [ -104.4005, 68.4745 ], [ -104.4285, 68.424 ], [ -104.4915, 68.40425 ], [ -104.59525, 68.39825 ], [ -104.74025, 68.41775 ], [ -104.87725, 68.45925 ], [ -104.91875, 68.46175 ], [ -104.99725, 68.50025 ], [ -105.03425, 68.53825 ], [ -105.0395, 68.57225 ], [ -104.92825, 68.59725 ] ] ], [ [ [ -105.4269426, 73.7722113 ], [ -105.1176041, 73.7552421 ], [ -105.02453, 73.7365957 ], [ -104.9759618, 73.7022999 ], [ -104.8200266, 73.6706288 ], [ -104.7349515, 73.6345289 ], [ -104.6547224, 73.6354695 ], [ -104.5123246, 73.5985112 ], [ -104.4453734, 73.5457689 ], [ -104.4755322, 73.4946838 ], [ -104.522547, 73.4588307 ], [ -104.4928173, 73.4106535 ], [ -104.5231174, 73.3850033 ], [ -104.5205217, 73.3361114 ], [ -104.6063967, 73.2862436 ], [ -104.6612129, 73.2297917 ], [ -104.73355, 73.2022001 ], [ -104.7006685, 73.1823618 ], [ -104.7842869, 73.1701728 ], [ -104.80162, 73.15 ], [ -104.9050215, 73.1057099 ], [ -104.9403119, 73.0715694 ], [ -104.9391316, 73.0380245 ], [ -105.00553, 73.00581 ], [ -105.07132, 72.99437 ], [ -105.18759, 72.93876 ], [ -105.2898599, 72.9214999 ], [ -105.2102201, 72.88416 ], [ -105.3139799, 72.88172 ], [ -105.4331, 72.92729 ], [ -105.50002, 72.9780701 ], [ -105.6192401, 73.0045399 ], [ -105.8040797, 73.0929899 ], [ -105.7966376, 73.1086624 ], [ -105.91304, 73.13835 ], [ -105.8828799, 73.16159 ], [ -106.03777, 73.18336 ], [ -106.0763422, 73.2057483 ], [ -106.024104, 73.2246516 ], [ -106.1425698, 73.2627303 ], [ -106.1783337, 73.3149938 ], [ -106.2581626, 73.3258052 ], [ -106.4425958, 73.4033113 ], [ -106.5304261, 73.4196762 ], [ -106.6416345, 73.4244604 ], [ -106.6728984, 73.4457106 ], [ -106.8463538, 73.4682973 ], [ -107.0062311, 73.46888 ], [ -107.0104635, 73.4873615 ], [ -106.9308662, 73.533671 ], [ -106.8377524, 73.5641391 ], [ -106.6317277, 73.6894137 ], [ -106.4861217, 73.7182417 ], [ -106.1412047, 73.7342476 ], [ -105.6706418, 73.7371759 ], [ -105.634749, 73.7539103 ], [ -105.4269426, 73.7722113 ] ] ], [ [ [ -104.88425, 68.36125 ], [ -104.82, 68.3425 ], [ -104.7926379, 68.3159894 ], [ -104.82975, 68.27675 ], [ -104.909, 68.28125 ], [ -104.914, 68.30325 ], [ -104.87225, 68.3355 ], [ -104.88425, 68.36125 ] ] ], [ [ [ -104.96475, 68.35375 ], [ -104.923, 68.277 ], [ -104.99225, 68.286 ], [ -105.02925, 68.317 ], [ -104.9655, 68.32175 ], [ -104.96475, 68.35375 ] ] ], [ [ [ -105.121, 68.36025 ], [ -105.08525, 68.33175 ], [ -105.1875, 68.32525 ], [ -105.19575, 68.3435 ], [ -105.121, 68.36025 ] ] ], [ [ [ -108.6750641, 76.83685 ], [ -108.62725, 76.805 ], [ -108.70675, 76.7725 ], [ -108.53125, 76.76675 ], [ -108.42975, 76.75075 ], [ -108.39425, 76.7145 ], [ -108.50125, 76.658 ], [ -108.70875, 76.64625 ], [ -108.6245, 76.57825 ], [ -108.48725, 76.563 ], [ -108.568, 76.525 ], [ -108.49425, 76.5165 ], [ -108.57875, 76.48775 ], [ -108.45375, 76.46875 ], [ -108.58025, 76.4355 ], [ -108.573, 76.417 ], [ -108.27625, 76.4145 ], [ -108.16375, 76.30775 ], [ -108.03775, 76.277 ], [ -108.19, 76.26725 ], [ -108.21575, 76.24125 ], [ -108.08125, 76.234 ], [ -108.09125, 76.2155 ], [ -108.20425, 76.20675 ], [ -108.354, 76.177 ], [ -108.348, 76.13575 ], [ -108.43825, 76.09925 ], [ -108.389, 76.0495 ], [ -108.27075, 76.05675 ], [ -108.14675, 76.04925 ], [ -108.01875, 76.0695 ], [ -107.82975, 76.06525 ], [ -107.70325, 76.038 ], [ -107.716, 76.01825 ], [ -107.60775, 75.99825 ], [ -107.708, 75.9495 ], [ -107.7395, 75.916 ], [ -107.8715, 75.9055 ], [ -107.90375, 75.862 ], [ -107.98675, 75.84225 ], [ -108.0235, 75.81225 ], [ -108.0005, 75.78625 ], [ -107.8815, 75.7995 ], [ -107.77325, 75.851 ], [ -107.73625, 75.887 ], [ -107.6105, 75.894 ], [ -107.4445, 75.91675 ], [ -107.30575, 75.91975 ], [ -107.02525, 75.8995 ], [ -107.09025, 75.88 ], [ -107.10575, 75.848 ], [ -106.998, 75.7845 ], [ -106.922, 75.7015 ], [ -106.8435, 75.75925 ], [ -106.86375, 75.77125 ], [ -106.75, 75.8135 ], [ -106.866, 75.8335 ], [ -106.845, 75.89125 ], [ -106.8965, 75.93425 ], [ -106.874, 75.9765 ], [ -106.81275, 75.982 ], [ -106.65025, 76.04275 ], [ -106.6455, 76.06375 ], [ -106.5425, 76.07075 ], [ -106.408, 76.057 ], [ -106.2945, 76.06125 ], [ -105.9427378, 76.0201565 ], [ -105.6505, 75.962 ], [ -105.5512905, 75.9303662 ], [ -105.4235, 75.85275 ], [ -105.4275079, 75.8008581 ], [ -105.3810084, 75.7571073 ], [ -105.4450153, 75.7382852 ], [ -105.365303, 75.7227278 ], [ -105.35025, 75.6805 ], [ -105.37925, 75.6325 ], [ -105.4395, 75.61475 ], [ -105.4545, 75.56 ], [ -105.61175, 75.53725 ], [ -105.69575, 75.50175 ], [ -105.5955, 75.47275 ], [ -105.57, 75.44825 ], [ -105.68725, 75.4115 ], [ -105.61925, 75.36625 ], [ -105.71825, 75.30675 ], [ -105.843, 75.2845 ], [ -105.87975, 75.202 ], [ -105.87225, 75.144 ], [ -106.0125, 75.13875 ], [ -106.07175, 75.11225 ], [ -106.05575, 75.0865 ], [ -105.97375, 75.0735 ], [ -106.01, 75.051 ], [ -106.12875, 75.04425 ], [ -106.19975, 75.0245 ], [ -106.52325, 75.00025 ], [ -106.68875, 75.00575 ], [ -106.781, 74.98775 ], [ -106.7735, 74.96175 ], [ -106.963, 74.93275 ], [ -107.182, 74.913 ], [ -107.481, 74.9455 ], [ -107.4985, 74.95775 ], [ -107.6585, 74.976 ], [ -107.68125, 75.014 ], [ -107.6615, 75.047 ], [ -107.70125, 75.09425 ], [ -107.766, 75.0825 ], [ -107.716, 75.03675 ], [ -107.8985, 75.00375 ], [ -107.931, 74.9565 ], [ -108.0065, 74.94175 ], [ -108.2175, 74.92725 ], [ -108.40225, 74.92175 ], [ -108.501, 74.9385 ], [ -108.4935, 75.00675 ], [ -108.57575, 75.05 ], [ -108.76375, 75.07275 ], [ -108.908, 75.05125 ], [ -108.94125, 75.004 ], [ -109.14975, 74.96725 ], [ -109.346, 74.9485 ], [ -109.38275, 74.90025 ], [ -109.4855, 74.872 ], [ -109.6005, 74.861 ], [ -109.8145, 74.8765 ], [ -109.913, 74.86975 ], [ -110.0575, 74.8405 ], [ -110.15325, 74.83925 ], [ -110.28975, 74.852 ], [ -110.357, 74.8445 ], [ -110.36925, 74.81425 ], [ -110.4465, 74.7875 ], [ -110.63275, 74.79775 ], [ -110.6475, 74.77275 ], [ -110.59425, 74.756 ], [ -110.5615, 74.71225 ], [ -110.693, 74.69725 ], [ -110.7655, 74.66825 ], [ -111.128, 74.59725 ], [ -111.199, 74.599 ], [ -111.26025, 74.57025 ], [ -111.4075, 74.5705 ], [ -111.55075, 74.527 ], [ -111.67975, 74.49975 ], [ -111.9195, 74.4845 ], [ -112.03175, 74.45725 ], [ -112.26575, 74.44175 ], [ -112.4615, 74.418 ], [ -112.87275, 74.40325 ], [ -113.11075, 74.406 ], [ -113.38025, 74.41775 ], [ -113.53275, 74.431 ], [ -113.6965, 74.4545 ], [ -113.97375, 74.51625 ], [ -114.22625, 74.584 ], [ -114.4355, 74.66775 ], [ -114.43675, 74.6975 ], [ -114.21775, 74.76175 ], [ -113.985, 74.80025 ], [ -113.55475, 74.84525 ], [ -113.443, 74.8415 ], [ -113.34825, 74.862 ], [ -113.11, 74.94175 ], [ -112.849, 74.983 ], [ -112.325, 75.00425 ], [ -111.9895, 75.009 ], [ -111.69325, 74.99125 ], [ -111.542, 75.02 ], [ -111.50725, 75.074 ], [ -111.39675, 75.062 ], [ -111.285, 75.08725 ], [ -111.25825, 75.1285 ], [ -111.12175, 75.149 ], [ -111.0125, 75.17575 ], [ -111.004, 75.22825 ], [ -110.89975, 75.24975 ], [ -111.11025, 75.2755 ], [ -111.22675, 75.2695 ], [ -111.21425, 75.244 ], [ -111.29225, 75.2 ], [ -111.36375, 75.1785 ], [ -111.49675, 75.1645 ], [ -111.543, 75.17675 ], [ -111.8275, 75.16075 ], [ -111.891, 75.13875 ], [ -112.0725, 75.148 ], [ -112.1355, 75.12875 ], [ -112.41825, 75.13125 ], [ -112.4515, 75.15675 ], [ -112.3645, 75.1715 ], [ -112.28825, 75.2065 ], [ -112.395, 75.2445 ], [ -112.44575, 75.21975 ], [ -112.423, 75.186 ], [ -112.541, 75.18225 ], [ -112.61175, 75.2025 ], [ -112.56675, 75.25475 ], [ -112.68325, 75.264 ], [ -112.724, 75.21775 ], [ -112.6865, 75.1645 ], [ -112.76525, 75.12575 ], [ -112.98525, 75.09675 ], [ -113.09125, 75.12325 ], [ -113.23975, 75.08025 ], [ -113.53275, 75.0785 ], [ -113.9125, 75.053 ], [ -113.95025, 75.07475 ], [ -113.91425, 75.1465 ], [ -113.743, 75.17525 ], [ -113.9155, 75.17875 ], [ -113.8225, 75.3095 ], [ -113.7325, 75.347 ], [ -113.56725, 75.361 ], [ -113.39, 75.41275 ], [ -113.5215, 75.42325 ], [ -113.62275, 75.40025 ], [ -113.86025, 75.37625 ], [ -113.96075, 75.454 ], [ -114.0425, 75.46975 ], [ -114.0685, 75.40725 ], [ -114.02575, 75.37975 ], [ -114.03175, 75.346 ], [ -114.1095, 75.257 ], [ -114.1825, 75.2205 ], [ -114.26875, 75.2345 ], [ -114.35425, 75.28425 ], [ -114.554, 75.31225 ], [ -114.51875, 75.27775 ], [ -114.4135, 75.268 ], [ -114.388, 75.2265 ], [ -114.27725, 75.17275 ], [ -114.31375, 75.13375 ], [ -114.4525, 75.06175 ], [ -114.76175, 75.012 ], [ -114.87925, 74.97775 ], [ -115.03425, 74.9635 ], [ -115.17775, 74.99575 ], [ -115.21175, 75.074 ], [ -115.16575, 75.124 ], [ -115.1965, 75.177 ], [ -115.2525, 75.182 ], [ -115.29125, 75.13225 ], [ -115.41825, 75.10225 ], [ -115.6215, 75.15075 ], [ -115.677, 75.14075 ], [ -115.57925, 75.0985 ], [ -115.599, 75.08525 ], [ -115.52525, 75.0535 ], [ -115.5225, 75.01325 ], [ -115.6335, 74.9765 ], [ -115.69675, 74.97175 ], [ -115.96925, 75.0115 ], [ -116.01525, 75.03025 ], [ -116.25025, 75.06425 ], [ -116.129, 75.09425 ], [ -116.286, 75.1055 ], [ -116.22525, 75.17975 ], [ -116.24625, 75.2175 ], [ -116.45625, 75.18025 ], [ -116.517, 75.19125 ], [ -116.6935, 75.1195 ], [ -116.98, 75.15325 ], [ -117.28025, 75.17325 ], [ -117.51675, 75.20575 ], [ -117.66575, 75.252 ], [ -117.6185, 75.30725 ], [ -117.54725, 75.36025 ], [ -117.31125, 75.46025 ], [ -117.14225, 75.487 ], [ -116.6815, 75.48325 ], [ -116.3465, 75.48825 ], [ -116.302, 75.497 ], [ -116.109, 75.4855 ], [ -115.99825, 75.49075 ], [ -115.61775, 75.5845 ], [ -115.47175, 75.597 ], [ -115.29575, 75.62925 ], [ -115.12475, 75.681 ], [ -115.179, 75.69925 ], [ -115.323, 75.669 ], [ -115.46775, 75.65525 ], [ -115.64025, 75.652 ], [ -115.8775, 75.61525 ], [ -116.3795, 75.56575 ], [ -117.14775, 75.58175 ], [ -117.22075, 75.597 ], [ -117.1835, 75.6495 ], [ -117.043, 75.73025 ], [ -116.9145, 75.787 ], [ -116.809, 75.805 ], [ -116.33475, 75.806 ], [ -116.24025, 75.81325 ], [ -116.039, 75.813 ], [ -115.90175, 75.834 ], [ -115.7925, 75.83825 ], [ -115.73725, 75.862 ], [ -115.656, 75.844 ], [ -115.40275, 75.8445 ], [ -115.317, 75.86425 ], [ -115.221, 75.85775 ], [ -115.12025, 75.8705 ], [ -114.9335, 75.86575 ], [ -114.77775, 75.898 ], [ -114.8725, 75.91225 ], [ -115.0255, 75.90525 ], [ -115.2275, 75.88625 ], [ -115.77075, 75.895 ], [ -115.931, 75.87725 ], [ -116.15375, 75.877 ], [ -116.557, 75.88375 ], [ -116.731, 75.9035 ], [ -116.677, 75.973 ], [ -116.52075, 75.98325 ], [ -116.4425, 75.9985 ], [ -116.49775, 76.02575 ], [ -116.63125, 76.0265 ], [ -116.674, 76.071 ], [ -116.5065, 76.14925 ], [ -116.4015, 76.17225 ], [ -116.21275, 76.19825 ], [ -115.90175, 76.2 ], [ -115.787, 76.1905 ], [ -115.542, 76.19 ], [ -115.44475, 76.20225 ], [ -115.253, 76.19475 ], [ -115.00625, 76.16325 ], [ -114.9645, 76.18375 ], [ -115.024, 76.2135 ], [ -115.30675, 76.23675 ], [ -115.7085, 76.24 ], [ -115.8705, 76.26025 ], [ -115.89775, 76.30575 ], [ -115.79975, 76.32825 ], [ -115.87775, 76.36075 ], [ -115.682, 76.39825 ], [ -115.6025, 76.43275 ], [ -115.1765, 76.472 ], [ -114.93075, 76.48675 ], [ -114.87175, 76.51575 ], [ -114.74925, 76.51925 ], [ -114.7535, 76.49325 ], [ -114.553, 76.49625 ], [ -114.4425, 76.514 ], [ -114.3775, 76.4915 ], [ -114.17125, 76.47425 ], [ -114.05525, 76.417 ], [ -114.0775, 76.36525 ], [ -114.1795, 76.34375 ], [ -113.97875, 76.248 ], [ -114.042, 76.2365 ], [ -113.97125, 76.19575 ], [ -113.80475, 76.2075 ], [ -113.6945, 76.20425 ], [ -113.425, 76.233 ], [ -113.391, 76.254 ], [ -113.21325, 76.27175 ], [ -113.142, 76.255 ], [ -112.97275, 76.2725 ], [ -112.84, 76.25575 ], [ -112.832, 76.22 ], [ -112.73175, 76.22825 ], [ -112.69125, 76.202 ], [ -112.447, 76.1905 ], [ -112.509, 76.10875 ], [ -112.3795, 76.06125 ], [ -112.39325, 76.043 ], [ -112.12525, 76.01425 ], [ -111.99675, 76.006 ], [ -111.9705, 75.98525 ], [ -111.763, 75.95275 ], [ -111.68475, 75.9195 ], [ -111.74075, 75.9025 ], [ -111.97975, 75.89 ], [ -112.17975, 75.84675 ], [ -111.919, 75.8065 ], [ -111.841, 75.831 ], [ -111.67725, 75.83275 ], [ -111.4485, 75.849 ], [ -111.42925, 75.82625 ], [ -111.5285, 75.7995 ], [ -111.39075, 75.7695 ], [ -111.44675, 75.7495 ], [ -111.3135, 75.716 ], [ -111.39325, 75.6835 ], [ -111.34075, 75.6405 ], [ -111.376, 75.60175 ], [ -111.26375, 75.579 ], [ -111.32675, 75.55925 ], [ -111.24125, 75.54275 ], [ -110.97975, 75.52925 ], [ -110.896, 75.5545 ], [ -110.70725, 75.5735 ], [ -110.65625, 75.562 ], [ -110.446, 75.577 ], [ -110.36225, 75.54375 ], [ -110.13075, 75.5395 ], [ -109.99075, 75.54775 ], [ -109.90225, 75.5335 ], [ -109.67175, 75.536 ], [ -109.3455, 75.513 ], [ -109.24175, 75.522 ], [ -108.8865, 75.47925 ], [ -108.93075, 75.51075 ], [ -108.9215, 75.54575 ], [ -108.86575, 75.5585 ], [ -108.8892249, 75.595078 ], [ -108.7905, 75.6135 ], [ -108.837, 75.64975 ], [ -108.921, 75.678 ], [ -108.92525, 75.6995 ], [ -109.03225, 75.741 ], [ -109.244, 75.7735 ], [ -109.34075, 75.776 ], [ -109.508, 75.80225 ], [ -109.66075, 75.8075 ], [ -109.63075, 75.86675 ], [ -109.71725, 75.8845 ], [ -109.8585, 75.85275 ], [ -109.9101505, 75.8539371 ], [ -110.0236044, 75.8901507 ], [ -109.86725, 75.929 ], [ -109.58425, 75.9645 ], [ -109.5419285, 75.9878341 ], [ -109.3835045, 76.0196806 ], [ -109.4205973, 76.0455066 ], [ -109.3722204, 76.0758063 ], [ -109.268, 76.1055 ], [ -109.46925, 76.161 ], [ -109.502, 76.1865 ], [ -109.632, 76.199 ], [ -109.76375, 76.23825 ], [ -109.86775, 76.247 ], [ -109.989, 76.2425 ], [ -110.17525, 76.288 ], [ -110.193, 76.30225 ], [ -110.37525, 76.3065 ], [ -110.32925, 76.33375 ], [ -110.3915, 76.42975 ], [ -110.27075, 76.43275 ], [ -110.1165, 76.4495 ], [ -110.0175, 76.486 ], [ -109.761, 76.486 ], [ -109.674, 76.52925 ], [ -109.8285, 76.54225 ], [ -109.7545, 76.56075 ], [ -109.69075, 76.59975 ], [ -109.53375, 76.6255 ], [ -109.50575, 76.69575 ], [ -109.32975, 76.75225 ], [ -109.34075, 76.77925 ], [ -109.28175, 76.8045 ], [ -109.12, 76.827 ], [ -108.9145, 76.81075 ], [ -108.78725, 76.83525 ], [ -108.6750641, 76.83685 ] ] ], [ [ [ -106.8994599, 68.37698 ], [ -106.86181, 68.3606899 ], [ -106.8679999, 68.3343401 ], [ -106.9596199, 68.33159 ], [ -106.8994599, 68.37698 ] ] ], [ [ [ -107.37643, 68.2221401 ], [ -107.27552, 68.2153 ], [ -107.39147, 68.1835601 ], [ -107.4180801, 68.21588 ], [ -107.37643, 68.2221401 ] ] ], [ [ [ -107.595, 67.2215 ], [ -107.54025, 67.18625 ], [ -107.503, 67.1815 ], [ -107.41475, 67.1285 ], [ -107.3105, 67.11875 ], [ -107.30075, 67.0935 ], [ -107.49075, 67.08125 ], [ -107.56375, 67.121 ], [ -107.63475, 67.19675 ], [ -107.595, 67.2215 ] ] ], [ [ [ -107.4468801, 68.1901301 ], [ -107.43759, 68.1569099 ], [ -107.47228, 68.1458801 ], [ -107.5478399, 68.17333 ], [ -107.4468801, 68.1901301 ] ] ], [ [ [ -107.8285, 73.625 ], [ -107.597, 73.6165 ], [ -107.555, 73.58225 ], [ -107.84075, 73.54325 ], [ -107.97725, 73.55125 ], [ -108.02325, 73.5965 ], [ -108.00125, 73.6135 ], [ -107.8285, 73.625 ] ] ], [ [ [ -107.7115, 67.32475 ], [ -107.63775, 67.29575 ], [ -107.61225, 67.23925 ], [ -107.6585, 67.22475 ], [ -107.73025, 67.318 ], [ -107.7115, 67.32475 ] ] ], [ [ [ -107.8164599, 68.1108899 ], [ -107.7636, 68.0820899 ], [ -107.6791599, 68.0761999 ], [ -107.7201601, 68.04554 ], [ -107.80029, 68.01998 ], [ -107.87422, 68.07437 ], [ -107.8164599, 68.1108899 ] ] ], [ [ [ -107.81425, 67.16625 ], [ -107.786, 67.121 ], [ -107.786, 67.0795 ], [ -107.84575, 67.067 ], [ -107.804, 67.14775 ], [ -107.81425, 67.16625 ] ] ], [ [ [ -107.8205, 67.01525 ], [ -107.79175, 66.99975 ], [ -107.80425, 66.92775 ], [ -107.847, 66.931 ], [ -107.84375, 67.00375 ], [ -107.8205, 67.01525 ] ] ], [ [ [ -107.9171401, 67.5011999 ], [ -107.87508, 67.48069 ], [ -107.87277, 67.43484 ], [ -107.89279, 67.38353 ], [ -107.9897601, 67.37104 ], [ -108.02972, 67.44241 ], [ -107.92457, 67.4644999 ], [ -107.9171401, 67.5011999 ] ] ], [ [ [ -108.0726309, 67.6765366 ], [ -107.9752901, 67.6633901 ], [ -107.92481, 67.6147199 ], [ -107.90031, 67.5482299 ], [ -107.9549799, 67.55515 ], [ -108.02886, 67.5373299 ], [ -108.0086401, 67.49345 ], [ -108.08308, 67.49635 ], [ -108.11668, 67.5386599 ], [ -108.0840301, 67.5511199 ], [ -108.1061501, 67.62751 ], [ -108.1018299, 67.66812 ], [ -108.0726309, 67.6765366 ] ] ], [ [ [ -108.0975, 67.02475 ], [ -108.033, 66.99225 ], [ -107.97425, 66.9325 ], [ -108.0315, 66.902 ], [ -108.078, 66.95075 ], [ -108.0975, 67.02475 ] ] ], [ [ [ -108.09387, 67.98296 ], [ -108.01916, 67.96473 ], [ -108.0561301, 67.88812 ], [ -108.1390799, 67.8762801 ], [ -108.2081399, 67.9230099 ], [ -108.1490601, 67.9721499 ], [ -108.09387, 67.98296 ] ] ], [ [ [ -108.12575, 72.0745 ], [ -108.04925, 72.03475 ], [ -108.074, 72.0085 ], [ -108.14575, 71.99325 ], [ -108.18625, 72.05575 ], [ -108.12575, 72.0745 ] ] ], [ [ [ -108.2037989, 67.5791675 ], [ -108.13582, 67.55461 ], [ -108.1483099, 67.4898401 ], [ -108.0982799, 67.4812701 ], [ -108.1158399, 67.44934 ], [ -108.22427, 67.45688 ], [ -108.15714, 67.5025299 ], [ -108.1657401, 67.5479701 ], [ -108.2037989, 67.5791675 ] ] ], [ [ [ -108.3057101, 67.57364 ], [ -108.26174, 67.55985 ], [ -108.2985901, 67.50981 ], [ -108.28523, 67.4834901 ], [ -108.4331301, 67.48591 ], [ -108.4820401, 67.5345201 ], [ -108.45696, 67.57506 ], [ -108.35824, 67.5502001 ], [ -108.3057101, 67.57364 ] ] ], [ [ [ -108.29211, 68.11271 ], [ -108.29501, 68.07925 ], [ -108.3968999, 68.0711601 ], [ -108.35682, 68.1044201 ], [ -108.29211, 68.11271 ] ] ], [ [ [ -108.4430101, 67.64519 ], [ -108.36795, 67.6344 ], [ -108.3222384, 67.6142885 ], [ -108.4149099, 67.58897 ], [ -108.4430101, 67.64519 ] ] ], [ [ [ -108.51375, 72.6545 ], [ -108.451, 72.641 ], [ -108.48775, 72.604 ], [ -108.5485, 72.61225 ], [ -108.58575, 72.64325 ], [ -108.51375, 72.6545 ] ] ], [ [ [ -109.1635501, 67.98966 ], [ -109.1211199, 67.96642 ], [ -109.0302501, 67.95385 ], [ -108.9164001, 67.97854 ], [ -108.86378, 67.9653301 ], [ -108.89013, 67.9227 ], [ -108.8433699, 67.908623 ], [ -108.89326, 67.87325 ], [ -108.9584599, 67.85298 ], [ -108.9705601, 67.8891899 ], [ -109.1595699, 67.95816 ], [ -109.1635501, 67.98966 ] ] ], [ [ [ -109.0086801, 67.7924799 ], [ -108.9446401, 67.7635501 ], [ -108.9977099, 67.7509099 ], [ -109.0086801, 67.7924799 ] ] ], [ [ [ -109.05802, 67.8089299 ], [ -109.0310401, 67.7839199 ], [ -109.0969899, 67.7623301 ], [ -109.15581, 67.7783499 ], [ -109.14736, 67.79973 ], [ -109.05802, 67.8089299 ] ] ], [ [ [ -109.21825, 76.941 ], [ -109.10225, 76.92975 ], [ -109.05575, 76.90025 ], [ -109.2965, 76.9235 ], [ -109.21825, 76.941 ] ] ], [ [ [ -109.299, 72.836 ], [ -109.17625, 72.81825 ], [ -109.209, 72.79425 ], [ -109.33875, 72.8155 ], [ -109.299, 72.836 ] ] ], [ [ [ -110.385893, 78.7635076 ], [ -110.3334907, 78.7341 ], [ -110.2088558, 78.7360722 ], [ -109.9783855, 78.6880299 ], [ -109.8567363, 78.6767893 ], [ -109.8654671, 78.6477822 ], [ -109.745252, 78.6181578 ], [ -109.4492302, 78.5966483 ], [ -109.3219361, 78.5470314 ], [ -109.2122835, 78.4803912 ], [ -109.3307487, 78.4197364 ], [ -109.3023346, 78.3556789 ], [ -109.3801457, 78.3184753 ], [ -109.7726985, 78.29881 ], [ -109.904278, 78.3282956 ], [ -110.0638346, 78.3091782 ], [ -110.1409897, 78.3127609 ], [ -110.2655319, 78.2860659 ], [ -110.3869717, 78.2779647 ], [ -110.4880238, 78.2908341 ], [ -110.6622056, 78.2950608 ], [ -110.8518998, 78.3258616 ], [ -110.9334506, 78.3661496 ], [ -111.1594881, 78.3932888 ], [ -111.2977699, 78.3741908 ], [ -111.217992, 78.3238885 ], [ -111.4242642, 78.3275945 ], [ -111.3841684, 78.2980596 ], [ -111.4602592, 78.2724339 ], [ -111.786014, 78.2775311 ], [ -111.9110112, 78.3543364 ], [ -112.1599865, 78.3745814 ], [ -112.4756961, 78.3478508 ], [ -112.6164613, 78.3466323 ], [ -112.8910467, 78.2916422 ], [ -113.1487311, 78.2702391 ], [ -113.2167887, 78.2861516 ], [ -113.322367, 78.3364814 ], [ -113.220067, 78.3535768 ], [ -113.1013595, 78.4315203 ], [ -113.0444523, 78.4338109 ], [ -112.7396477, 78.4774956 ], [ -112.5684508, 78.5079681 ], [ -112.4030792, 78.5247198 ], [ -112.2936944, 78.5490313 ], [ -112.0453298, 78.5602246 ], [ -111.7624964, 78.553359 ], [ -111.621314, 78.5706441 ], [ -111.5216685, 78.5983402 ], [ -111.3509583, 78.6206804 ], [ -111.3770426, 78.6535508 ], [ -111.2654741, 78.6524838 ], [ -111.1425421, 78.6989364 ], [ -110.8186835, 78.719314 ], [ -110.707762, 78.7645881 ], [ -110.385893, 78.7635076 ] ] ], [ [ [ -109.4553099, 68.10184 ], [ -109.2893001, 68.03602 ], [ -109.3470199, 67.9881499 ], [ -109.45622, 68.0269201 ], [ -109.4737499, 68.0507399 ], [ -109.43543, 68.06688 ], [ -109.4553099, 68.10184 ] ] ], [ [ [ -109.52447, 68.25715 ], [ -109.57184, 68.22189 ], [ -109.6425001, 68.2262 ], [ -109.7012101, 68.1623699 ], [ -109.74639, 68.1522399 ], [ -109.82324, 68.16609 ], [ -109.72873, 68.1923699 ], [ -109.6715101, 68.22465 ], [ -109.52447, 68.25715 ] ] ], [ [ [ -110.2729257, 78.1173603 ], [ -109.9977867, 78.1183786 ], [ -109.6763416, 78.1050421 ], [ -109.5556293, 78.0793089 ], [ -109.5601772, 78.0342279 ], [ -109.6670523, 77.9669076 ], [ -109.7174427, 77.9511054 ], [ -110.1824283, 77.900945 ], [ -110.2779563, 77.9092552 ], [ -110.4110131, 77.8916451 ], [ -110.9129615, 77.8673787 ], [ -110.9031528, 77.8434237 ], [ -110.7393905, 77.8135719 ], [ -110.7496257, 77.7803987 ], [ -110.6558036, 77.770827 ], [ -110.2898973, 77.7903239 ], [ -110.1062089, 77.7864253 ], [ -110.0483807, 77.7745564 ], [ -110.0396188, 77.7410212 ], [ -110.1092756, 77.6849901 ], [ -110.0510093, 77.6225106 ], [ -110.1460754, 77.6018344 ], [ -110.0536378, 77.5689645 ], [ -110.1846276, 77.5179366 ], [ -110.3436552, 77.4978471 ], [ -110.4334643, 77.4650863 ], [ -110.5828539, 77.4623286 ], [ -110.6292917, 77.4487218 ], [ -110.8216145, 77.4399601 ], [ -110.8816332, 77.4067635 ], [ -111.3235155, 77.4299779 ], [ -111.346234, 77.4043913 ], [ -111.7324483, 77.3557857 ], [ -111.7856009, 77.3607577 ], [ -112.0247192, 77.3277487 ], [ -112.2554164, 77.3499182 ], [ -112.468467, 77.3773178 ], [ -112.5257145, 77.4239527 ], [ -112.5961566, 77.4386041 ], [ -112.579811, 77.4622818 ], [ -112.6771067, 77.471825 ], [ -112.7277005, 77.4488416 ], [ -112.9250163, 77.4695454 ], [ -112.9579422, 77.5237696 ], [ -113.0941304, 77.5340712 ], [ -113.1799213, 77.5245176 ], [ -113.1902619, 77.5870781 ], [ -113.072674, 77.62358 ], [ -113.1674443, 77.6478172 ], [ -113.2284763, 77.7287381 ], [ -113.1688975, 77.746228 ], [ -113.313101, 77.7844269 ], [ -113.3145151, 77.8466573 ], [ -113.1587676, 77.9172243 ], [ -113.0420597, 77.9014724 ], [ -112.8279583, 77.9371648 ], [ -112.6553622, 77.9758358 ], [ -112.3809758, 78.0087516 ], [ -112.2303687, 78.0011835 ], [ -111.987599, 78.038418 ], [ -111.9282553, 78.0241536 ], [ -111.8050722, 78.0592716 ], [ -111.7048173, 78.0301224 ], [ -111.5061058, 78.0750741 ], [ -111.3415619, 78.0767461 ], [ -111.2916592, 78.0890932 ], [ -110.9926929, 78.0998518 ], [ -110.8672618, 78.0717294 ], [ -110.7503727, 78.0782322 ], [ -110.7103607, 78.1089335 ], [ -110.2729257, 78.1173603 ] ] ], [ [ [ -109.8387499, 68.1515 ], [ -109.8276201, 68.12739 ], [ -109.89529, 68.0957699 ], [ -109.9733, 68.11226 ], [ -109.86146, 68.1570299 ], [ -109.8387499, 68.1515 ] ] ], [ [ [ -110.01677, 68.1050999 ], [ -110.0587799, 68.0659799 ], [ -110.2071999, 68.0446399 ], [ -110.1478001, 68.08078 ], [ -110.01677, 68.1050999 ] ] ], [ [ [ -110.28471, 68.05637 ], [ -110.3003499, 68.01375 ], [ -110.38689, 68.01742 ], [ -110.28471, 68.05637 ] ] ], [ [ [ -110.60504, 68.5865901 ], [ -110.6084399, 68.55209 ], [ -110.51176, 68.56576 ], [ -110.5044407, 68.5420557 ], [ -110.5847057, 68.5251995 ], [ -110.7042499, 68.54231 ], [ -110.75698, 68.5723 ], [ -110.64158, 68.57619 ], [ -110.60504, 68.5865901 ] ] ], [ [ [ -110.7878501, 68.5607099 ], [ -110.6942758, 68.5323947 ], [ -110.6756799, 68.49037 ], [ -110.8428999, 68.4809 ], [ -110.9172859, 68.4683785 ], [ -111.0643499, 68.4973201 ], [ -111.0197799, 68.51816 ], [ -110.9045999, 68.5451 ], [ -110.7878501, 68.5607099 ] ] ], [ [ [ -110.78789, 67.96205 ], [ -110.8393101, 67.90779 ], [ -110.96635, 67.8678599 ], [ -110.9703901, 67.8922801 ], [ -110.9146199, 67.9242101 ], [ -110.8490001, 67.93158 ], [ -110.78789, 67.96205 ] ] ], [ [ [ -111.48375, 68.32775 ], [ -111.46, 68.30475 ], [ -111.56475, 68.298 ], [ -111.6195, 68.26975 ], [ -111.6005, 68.24525 ], [ -111.67425, 68.223 ], [ -111.75125, 68.246 ], [ -111.7575, 68.2765 ], [ -111.5965, 68.3125 ], [ -111.48375, 68.32775 ] ] ], [ [ [ -111.56575, 75.88975 ], [ -111.65125, 75.856 ], [ -111.83675, 75.84775 ], [ -111.864, 75.8745 ], [ -111.56575, 75.88975 ] ] ], [ [ [ -112.1815799, 70.36357 ], [ -111.97596, 70.33067 ], [ -111.8929401, 70.32356 ], [ -111.82843, 70.30368 ], [ -111.92371, 70.28264 ], [ -112.1563201, 70.31325 ], [ -112.2571, 70.33711 ], [ -112.2633701, 70.36493 ], [ -112.1815799, 70.36357 ] ] ], [ [ [ -112.7044201, 70.3031501 ], [ -112.6189499, 70.2909 ], [ -112.6530601, 70.2677099 ], [ -112.72674, 70.2755901 ], [ -112.7044201, 70.3031501 ] ] ], [ [ [ -113.0956501, 70.3265101 ], [ -112.93719, 70.30413 ], [ -113.0097001, 70.2858201 ], [ -113.17887, 70.30265 ], [ -113.0956501, 70.3265101 ] ] ], [ [ [ -113.2573199, 67.9309801 ], [ -113.2151899, 67.90993 ], [ -113.30061, 67.9010899 ], [ -113.3790401, 67.91749 ], [ -113.2573199, 67.9309801 ] ] ], [ [ [ -113.2475967, 77.1044699 ], [ -113.3861105, 77.0907562 ], [ -113.4328263, 77.1077503 ], [ -113.3678163, 77.1294533 ], [ -113.2652377, 77.1302537 ], [ -113.2475967, 77.1044699 ] ] ], [ [ [ -114.013618, 76.8955597 ], [ -113.7249629, 76.8899527 ], [ -113.5722684, 76.8428245 ], [ -113.4721091, 76.8306287 ], [ -113.4433559, 76.7848499 ], [ -113.6042659, 76.7142457 ], [ -113.9089736, 76.7261306 ], [ -114.0219495, 76.7177069 ], [ -114.2618495, 76.7352383 ], [ -114.4139282, 76.7292937 ], [ -114.5532518, 76.7459051 ], [ -114.813061, 76.758811 ], [ -114.8599601, 76.7829707 ], [ -114.8132572, 76.8212766 ], [ -114.6621597, 76.8631757 ], [ -114.5151831, 76.877707 ], [ -114.3852785, 76.8751674 ], [ -114.3289604, 76.8895966 ], [ -114.013618, 76.8955597 ] ] ], [ [ [ -114.3467567, 78.080215 ], [ -114.2190519, 77.9897793 ], [ -114.0542091, 77.9932718 ], [ -114.0624771, 77.9676401 ], [ -113.9449721, 77.9353333 ], [ -113.9782093, 77.9166532 ], [ -113.7881869, 77.9084277 ], [ -113.6642277, 77.8736205 ], [ -113.6806654, 77.8435423 ], [ -113.5540949, 77.829602 ], [ -113.7354939, 77.7582001 ], [ -113.8672871, 77.732022 ], [ -114.2163633, 77.7061345 ], [ -114.2979656, 77.7107374 ], [ -114.533008, 77.7638439 ], [ -114.5751213, 77.7962741 ], [ -114.7064878, 77.8186857 ], [ -115.0424545, 77.9196088 ], [ -115.0942076, 77.9630336 ], [ -114.9164653, 77.9715233 ], [ -114.676789, 78.0325456 ], [ -114.6080676, 78.0324576 ], [ -114.3467567, 78.080215 ] ] ], [ [ [ -113.7045929, 77.1096449 ], [ -113.8401469, 77.1064117 ], [ -113.9192452, 77.133734 ], [ -113.8854322, 77.1539536 ], [ -113.6988568, 77.1565711 ], [ -113.6251927, 77.1318516 ], [ -113.7045929, 77.1096449 ] ] ], [ [ [ -113.92677, 68.62146 ], [ -113.82983, 68.61455 ], [ -113.8334101, 68.5873799 ], [ -113.9577101, 68.5981401 ], [ -113.92677, 68.62146 ] ] ], [ [ [ -114.18589, 68.68303 ], [ -114.08275, 68.64401 ], [ -114.10822, 68.63024 ], [ -114.18589, 68.68303 ] ] ], [ [ [ -121.50675, 74.55875 ], [ -121.38125, 74.5425 ], [ -121.22525, 74.53925 ], [ -121.10775, 74.52425 ], [ -121.05425, 74.48475 ], [ -120.9025, 74.43175 ], [ -120.65475, 74.37575 ], [ -120.4676548, 74.3386956 ], [ -120.1157529, 74.2791285 ], [ -119.98, 74.278 ], [ -119.825, 74.251 ], [ -119.6785, 74.2445 ], [ -119.624, 74.221 ], [ -119.6505, 74.18675 ], [ -119.75625, 74.141 ], [ -119.7510777, 74.1158366 ], [ -119.61775, 74.13425 ], [ -119.5055, 74.18975 ], [ -119.51525, 74.2105 ], [ -119.39975, 74.21875 ], [ -119.1423524, 74.2207773 ], [ -119.0813778, 74.2071199 ], [ -119.0921129, 74.1654573 ], [ -119.040683, 74.1466675 ], [ -119.0607882, 74.0788947 ], [ -119.1254919, 74.0668278 ], [ -119.1658009, 73.9986552 ], [ -118.9558426, 74.0079527 ], [ -118.8755767, 74.0619033 ], [ -118.8073559, 74.0809962 ], [ -118.7737298, 74.1305252 ], [ -118.8758313, 74.1501645 ], [ -118.8705502, 74.1757674 ], [ -118.7805642, 74.2091939 ], [ -118.491, 74.24375 ], [ -118.113, 74.28175 ], [ -117.9725, 74.27575 ], [ -117.6695, 74.247 ], [ -117.62275, 74.25125 ], [ -117.38775, 74.22 ], [ -117.11225, 74.15775 ], [ -116.92975, 74.097 ], [ -116.6695, 74.01675 ], [ -116.26275, 73.864 ], [ -115.7586531, 73.6859168 ], [ -115.6821514, 73.6829267 ], [ -115.581036, 73.6617938 ], [ -115.547, 73.6215 ], [ -115.36075, 73.55775 ], [ -115.31075, 73.5325 ], [ -115.29525, 73.47825 ], [ -115.41075, 73.46025 ], [ -115.445, 73.43025 ], [ -115.5345, 73.42225 ], [ -115.62925, 73.38225 ], [ -115.6855, 73.38175 ], [ -115.802, 73.34125 ], [ -116.2065, 73.29475 ], [ -116.29725, 73.27325 ], [ -116.47325, 73.2575 ], [ -116.5585, 73.2315 ], [ -116.65325, 73.22225 ], [ -116.782, 73.18175 ], [ -116.8745, 73.162 ], [ -116.9895, 73.12275 ], [ -117.2005, 73.08975 ], [ -117.23025, 73.0615 ], [ -117.439, 73.053 ], [ -117.65025, 72.98975 ], [ -117.728, 72.97875 ], [ -117.8785, 72.92225 ], [ -118.0525171, 72.88491 ], [ -118.1818899, 72.86886 ], [ -118.3718699, 72.8255 ], [ -118.4562, 72.7990999 ], [ -118.45928, 72.7735199 ], [ -118.5235299, 72.7584801 ], [ -118.7239401, 72.74563 ], [ -118.87509, 72.7090101 ], [ -118.99153, 72.66648 ], [ -119.12192, 72.6452099 ], [ -119.1736856, 72.5784981 ], [ -119.15792, 72.54589 ], [ -119.2347099, 72.5125799 ], [ -119.27533, 72.46713 ], [ -119.3104189, 72.3796769 ], [ -119.415556, 72.3286653 ], [ -119.5141874, 72.3166853 ], [ -119.6474112, 72.2835693 ], [ -119.795263, 72.2255989 ], [ -120.1701704, 72.2391195 ], [ -120.1164002, 72.27659 ], [ -120.2399703, 72.2695469 ], [ -120.2491011, 72.2398622 ], [ -120.1908669, 72.2279749 ], [ -120.1248219, 72.1643492 ], [ -120.1724341, 72.088542 ], [ -120.2430706, 72.0434664 ], [ -120.4172665, 71.9689953 ], [ -120.4424873, 71.9434626 ], [ -120.383596, 71.8906249 ], [ -120.4450005, 71.7426632 ], [ -120.3679101, 71.70016 ], [ -120.4102701, 71.66416 ], [ -120.4197301, 71.6243999 ], [ -120.46874, 71.56675 ], [ -120.5238099, 71.53474 ], [ -120.6544499, 71.4890899 ], [ -120.7510915, 71.4678268 ], [ -121.0151195, 71.4327524 ], [ -121.2516818, 71.3913613 ], [ -121.4149564, 71.3851054 ], [ -121.5152014, 71.4183156 ], [ -121.5711975, 71.4671949 ], [ -121.6793098, 71.4650692 ], [ -121.7713403, 71.4448632 ], [ -121.8808534, 71.4077178 ], [ -122.0597778, 71.2922213 ], [ -122.2475373, 71.2503893 ], [ -122.4592918, 71.2192071 ], [ -122.6286195, 71.1718919 ], [ -122.7355809, 71.1195473 ], [ -122.7650562, 71.0932238 ], [ -122.8337475, 71.0828871 ], [ -122.9833972, 71.0880907 ], [ -123.0996447, 71.0789058 ], [ -123.3292318, 71.1667683 ], [ -123.4529679, 71.243735 ], [ -123.4518457, 71.2669958 ], [ -123.5036338, 71.3304405 ], [ -123.5379445, 71.3975152 ], [ -123.5780217, 71.4178771 ], [ -123.6166573, 71.4898212 ], [ -123.6570228, 71.5064734 ], [ -123.8103799, 71.5356517 ], [ -123.8457467, 71.5868609 ], [ -123.97889, 71.6732801 ], [ -124.18259, 71.7357601 ], [ -124.3683801, 71.76942 ], [ -124.6155, 71.79497 ], [ -124.8228899, 71.8427201 ], [ -125.1184434, 71.9179258 ], [ -125.240445, 71.9562561 ], [ -125.13375, 71.9565 ], [ -125.019, 71.97525 ], [ -125.3443918, 71.9855586 ], [ -125.644776, 71.9638418 ], [ -125.8226424, 71.9581358 ], [ -125.82425, 71.976 ], [ -125.7195, 72.0245 ], [ -125.6825, 72.06525 ], [ -125.69675, 72.0935 ], [ -125.76175, 72.13975 ], [ -125.66325, 72.20025 ], [ -125.679, 72.24175 ], [ -125.496, 72.277 ], [ -125.5005, 72.33925 ], [ -125.40625, 72.38375 ], [ -125.3705, 72.41525 ], [ -125.311, 72.42375 ], [ -125.292, 72.4535 ], [ -125.32325, 72.48 ], [ -125.172, 72.5115 ], [ -125.042, 72.56275 ], [ -124.9698599, 72.5630401 ], [ -124.9948601, 72.6194199 ], [ -125.0995, 72.637 ], [ -124.9564001, 72.6862399 ], [ -124.9954, 72.71655 ], [ -124.95889, 72.74809 ], [ -124.9667, 72.77588 ], [ -125.03125, 72.81575 ], [ -124.983, 72.827 ], [ -125.12875, 72.86125 ], [ -124.8345799, 72.88332 ], [ -124.73975, 72.8853 ], [ -124.576, 72.91295 ], [ -124.46027, 72.922 ], [ -124.42348, 72.9402701 ], [ -124.5171599, 72.96656 ], [ -124.48905, 72.9846499 ], [ -124.61339, 73.0079899 ], [ -124.66384, 73.03302 ], [ -124.7552131, 73.0250162 ], [ -124.81574, 73.0459099 ], [ -124.86465, 73.0855999 ], [ -124.8531101, 73.10922 ], [ -124.76246, 73.1125701 ], [ -124.75159, 73.16621 ], [ -124.6537999, 73.1628 ], [ -124.6180701, 73.2098601 ], [ -124.5098299, 73.25628 ], [ -124.5477399, 73.29344 ], [ -124.4626799, 73.3691899 ], [ -124.38068, 73.3816301 ], [ -124.40238, 73.42838 ], [ -124.2999001, 73.47018 ], [ -124.30574, 73.48777 ], [ -124.11361, 73.5038299 ], [ -124.0130701, 73.59747 ], [ -124.0544201, 73.62231 ], [ -124.05271, 73.66741 ], [ -123.8929901, 73.70353 ], [ -123.8403199, 73.70579 ], [ -123.77008, 73.7814201 ], [ -123.8178499, 73.7953 ], [ -123.8133901, 73.82597 ], [ -123.9188099, 73.8590101 ], [ -124.03047, 73.8525 ], [ -124.12653, 73.8608299 ], [ -124.1918499, 73.8811799 ], [ -124.1841, 73.9466399 ], [ -124.36447, 74.0281 ], [ -124.3571, 74.06264 ], [ -124.4327512, 74.0842608 ], [ -124.4602201, 74.1131999 ], [ -124.39758, 74.1444001 ], [ -124.51656, 74.2174699 ], [ -124.5633999, 74.28433 ], [ -124.6893, 74.28902 ], [ -124.60049, 74.31601 ], [ -124.747063, 74.3302316 ], [ -124.7693797, 74.34429 ], [ -124.6111099, 74.3655 ], [ -124.2577601, 74.39131 ], [ -124.11408, 74.39284 ], [ -124.08492, 74.40372 ], [ -123.4999632, 74.4279487 ], [ -123.2694279, 74.4448863 ], [ -122.8442199, 74.463283 ], [ -122.7908823, 74.4579809 ], [ -122.5480558, 74.4631964 ], [ -122.3000618, 74.4768464 ], [ -122.0155451, 74.5155603 ], [ -121.8281101, 74.5110899 ], [ -121.8578199, 74.5368 ], [ -121.7405, 74.5515 ], [ -121.50675, 74.55875 ] ] ], [ [ [ -116.381588, 77.5594348 ], [ -116.2309681, 77.5173545 ], [ -116.065532, 77.508186 ], [ -116.0752619, 77.4623026 ], [ -115.9452447, 77.4585388 ], [ -115.7500304, 77.4306028 ], [ -115.6428598, 77.3948814 ], [ -115.4711785, 77.3650769 ], [ -115.4180852, 77.3242376 ], [ -115.5293099, 77.2877038 ], [ -115.5072199, 77.2724295 ], [ -115.7189447, 77.256422 ], [ -115.8063025, 77.236623 ], [ -116.0870123, 77.1964178 ], [ -116.293565, 77.1975363 ], [ -116.2046542, 77.1680794 ], [ -116.3285081, 77.1122566 ], [ -116.2803643, 77.0937984 ], [ -116.2340336, 77.0432508 ], [ -115.7622707, 76.9646799 ], [ -115.724929, 76.9457367 ], [ -115.7933272, 76.9160575 ], [ -115.9419547, 76.9001456 ], [ -116.1220084, 76.9199906 ], [ -116.2309274, 76.9476248 ], [ -116.3684844, 76.9361162 ], [ -116.2933748, 76.9102018 ], [ -116.28575, 76.8825 ], [ -115.988, 76.83025 ], [ -115.98825, 76.77275 ], [ -115.866, 76.70125 ], [ -115.97225, 76.689 ], [ -116.052, 76.62475 ], [ -116.28275, 76.59125 ], [ -116.492, 76.57 ], [ -116.779, 76.5745 ], [ -117.03525, 76.548 ], [ -117.034, 76.5055 ], [ -116.97075, 76.4875 ], [ -116.9785, 76.42 ], [ -116.91025, 76.3865 ], [ -116.93625, 76.348 ], [ -117.05425, 76.3095 ], [ -117.28725, 76.263 ], [ -117.421, 76.265 ], [ -117.631, 76.288 ], [ -117.6215, 76.30825 ], [ -117.72925, 76.3315 ], [ -117.849, 76.337 ], [ -117.88675, 76.3695 ], [ -118.02025, 76.422 ], [ -118.021, 76.49 ], [ -117.90175, 76.53525 ], [ -117.951, 76.57 ], [ -117.8905, 76.58925 ], [ -117.954, 76.60775 ], [ -117.914, 76.64175 ], [ -117.9265, 76.68425 ], [ -117.791, 76.71925 ], [ -117.71175, 76.799 ], [ -117.86425, 76.82775 ], [ -117.883, 76.80425 ], [ -117.99425, 76.761 ], [ -118.28375, 76.78525 ], [ -118.32175, 76.7605 ], [ -118.452, 76.717 ], [ -118.4445, 76.67875 ], [ -118.3135, 76.65425 ], [ -118.30325, 76.5715 ], [ -118.4955, 76.5375 ], [ -118.462, 76.5225 ], [ -118.5725, 76.5035 ], [ -118.686, 76.51975 ], [ -118.71975, 76.546 ], [ -118.8365, 76.5495 ], [ -118.94625, 76.50975 ], [ -118.946, 76.49025 ], [ -118.794, 76.4805 ], [ -118.67625, 76.461 ], [ -118.5705, 76.40425 ], [ -118.5835, 76.3655 ], [ -118.532, 76.338 ], [ -118.61425, 76.2945 ], [ -118.838, 76.28275 ], [ -118.92425, 76.25425 ], [ -118.93625, 76.22175 ], [ -118.8505, 76.1785 ], [ -118.93825, 76.165 ], [ -118.9315, 76.134 ], [ -119.02575, 76.1325 ], [ -119.1205, 76.1085 ], [ -119.20925, 76.113 ], [ -119.28775, 76.1375 ], [ -119.3765, 76.24375 ], [ -119.43825, 76.25275 ], [ -119.4785, 76.29125 ], [ -119.46775, 76.34175 ], [ -119.6435, 76.309 ], [ -119.6165, 76.275 ], [ -119.70975, 76.26525 ], [ -119.58625, 76.224 ], [ -119.54425, 76.19475 ], [ -119.6705, 76.1505 ], [ -119.53775, 76.13475 ], [ -119.563, 76.11475 ], [ -119.67625, 76.0985 ], [ -119.49125, 76.053 ], [ -119.46275, 76.012 ], [ -119.67575, 75.96875 ], [ -119.737, 75.92425 ], [ -119.72925, 75.88425 ], [ -119.9065, 75.852 ], [ -120.07275, 75.85225 ], [ -120.1125, 75.8995 ], [ -120.1735, 75.90375 ], [ -120.229, 75.8305 ], [ -120.31825, 75.8115 ], [ -120.4785, 75.83675 ], [ -120.45925, 75.93525 ], [ -120.37975, 75.9765 ], [ -120.5455, 76.0105 ], [ -120.66525, 76.00775 ], [ -120.729, 76.06325 ], [ -120.72625, 76.12975 ], [ -120.6435, 76.159 ], [ -120.8535, 76.19475 ], [ -121.024, 76.1465 ], [ -121.0025, 76.10975 ], [ -121.03275, 76.0675 ], [ -120.95325, 76.037 ], [ -120.90925, 75.95625 ], [ -121.00275, 75.971 ], [ -121.04225, 76.00225 ], [ -121.234, 75.9805 ], [ -121.28875, 75.909 ], [ -121.3935, 75.9565 ], [ -121.4655, 75.97275 ], [ -121.49475, 76.0005 ], [ -121.74, 76.01925 ], [ -121.854, 76.0505 ], [ -122.0475, 76.0345 ], [ -122.1565, 75.9845 ], [ -122.3655, 75.9305 ], [ -122.58075, 75.9405 ], [ -122.677, 75.9645 ], [ -122.5096712, 76.0597287 ], [ -122.4818698, 76.12687 ], [ -122.5939646, 76.113528 ], [ -122.6775637, 76.1317672 ], [ -122.5531092, 76.1475582 ], [ -122.6125041, 76.1824907 ], [ -122.7819338, 76.1434888 ], [ -122.8631297, 76.1640295 ], [ -122.9175463, 76.1734682 ], [ -122.8234759, 76.1981022 ], [ -122.7942935, 76.2362591 ], [ -122.667779, 76.2497711 ], [ -122.6200572, 76.2778149 ], [ -122.648038, 76.3008438 ], [ -122.592763, 76.3527429 ], [ -122.3296061, 76.4090485 ], [ -122.0654193, 76.4258997 ], [ -121.964654, 76.4491674 ], [ -121.7874995, 76.4308545 ], [ -121.5603915, 76.4341566 ], [ -121.4110461, 76.4819493 ], [ -121.3845263, 76.535759 ], [ -121.4110872, 76.5660291 ], [ -121.3074997, 76.5747535 ], [ -121.269935, 76.6145156 ], [ -121.1841813, 76.6245258 ], [ -121.2156749, 76.6693934 ], [ -121.1682465, 76.6979207 ], [ -121.0457012, 76.6819868 ], [ -120.8836646, 76.6985764 ], [ -120.8335858, 76.7317935 ], [ -120.758503, 76.7484999 ], [ -120.5688566, 76.7667606 ], [ -120.4923683, 76.7913367 ], [ -120.3490926, 76.8163786 ], [ -120.4087908, 76.8708998 ], [ -120.3673751, 76.8913093 ], [ -120.2244725, 76.9036583 ], [ -120.1554465, 76.924271 ], [ -120.1565658, 76.9519296 ], [ -120.0658992, 76.9708695 ], [ -120.0800775, 77.0049771 ], [ -119.9450103, 77.0209087 ], [ -119.8901626, 77.0598181 ], [ -119.7841982, 77.0770187 ], [ -119.7733779, 77.1126009 ], [ -119.6136852, 77.1283196 ], [ -119.5954026, 77.1492485 ], [ -119.4905576, 77.15912 ], [ -119.3204177, 77.2182752 ], [ -119.2925466, 77.2705589 ], [ -119.2016398, 77.318895 ], [ -119.0593528, 77.3313077 ], [ -118.8888327, 77.3260519 ], [ -118.7349561, 77.363813 ], [ -118.0824942, 77.3611674 ], [ -117.8590499, 77.3817623 ], [ -117.7318926, 77.3702306 ], [ -117.7221965, 77.3481365 ], [ -117.6085457, 77.3342581 ], [ -117.4524469, 77.3404115 ], [ -117.4274574, 77.3179602 ], [ -116.9931274, 77.2992869 ], [ -116.9631025, 77.3075188 ], [ -117.162134, 77.3488031 ], [ -117.1435618, 77.3678388 ], [ -116.9318393, 77.3492776 ], [ -116.8312402, 77.32091 ], [ -116.71105, 77.3677881 ], [ -116.6204463, 77.3844185 ], [ -116.9582673, 77.4084582 ], [ -117.0748819, 77.4721441 ], [ -116.8620861, 77.4784181 ], [ -116.7490142, 77.5247646 ], [ -116.4845374, 77.5587689 ], [ -116.381588, 77.5594348 ] ] ], [ [ [ -115.9144529, 70.5859826 ], [ -115.8323961, 70.5810726 ], [ -115.8601211, 70.5479968 ], [ -115.9515013, 70.5477189 ], [ -116.0067536, 70.5607226 ], [ -115.9144529, 70.5859826 ] ] ], [ [ [ -116.6209699, 70.5748 ], [ -116.5301399, 70.5511999 ], [ -116.3015038, 70.528774 ], [ -116.3826586, 70.5096136 ], [ -116.68372, 70.53927 ], [ -116.7371101, 70.5596699 ], [ -116.6209699, 70.5748 ] ] ], [ [ [ -117.18088, 70.5932399 ], [ -117.10706, 70.5856401 ], [ -117.0831099, 70.5508899 ], [ -117.1703899, 70.53448 ], [ -117.2787801, 70.55913 ], [ -117.3051299, 70.57647 ], [ -117.18088, 70.5932399 ] ] ], [ [ [ -117.6655, 76.128 ], [ -117.44175, 76.09425 ], [ -117.54825, 75.9905 ], [ -117.733, 75.91625 ], [ -117.79225, 75.83625 ], [ -117.94225, 75.7785 ], [ -117.93725, 75.75575 ], [ -118.044, 75.69925 ], [ -118.1325, 75.6715 ], [ -118.18, 75.63475 ], [ -118.28625, 75.5815 ], [ -118.36925, 75.553 ], [ -118.5215, 75.52975 ], [ -118.5435, 75.50825 ], [ -118.72425, 75.5195 ], [ -118.75925, 75.54 ], [ -118.92525, 75.546 ], [ -118.94575, 75.56325 ], [ -119.0575, 75.57775 ], [ -119.21675, 75.57725 ], [ -119.37675, 75.5995 ], [ -119.39475, 75.621 ], [ -119.3125, 75.664 ], [ -119.10325, 75.72575 ], [ -119.02375, 75.76275 ], [ -118.93925, 75.77125 ], [ -118.88419, 75.8178484 ], [ -118.7415, 75.851 ], [ -118.703, 75.894 ], [ -118.48875, 75.94825 ], [ -118.3355, 75.97775 ], [ -118.1545, 75.97525 ], [ -118.10975, 76.02325 ], [ -117.92625, 76.0505 ], [ -117.7885, 76.1155 ], [ -117.6655, 76.128 ] ] ], [ [ [ -120.93025, 75.947 ], [ -120.86, 75.94075 ], [ -120.83425, 75.90475 ], [ -120.86825, 75.85625 ], [ -120.9865, 75.7575 ], [ -121.05025, 75.7345 ], [ -121.14725, 75.73475 ], [ -121.28525, 75.755 ], [ -121.235, 75.784 ], [ -121.018, 75.82025 ], [ -121.0005, 75.94075 ], [ -120.93025, 75.947 ] ] ], [ [ [ -120.8638834, 76.761317 ], [ -120.9266373, 76.7236904 ], [ -121.0302209, 76.738442 ], [ -121.0097675, 76.7558418 ], [ -120.8638834, 76.761317 ] ] ], [ [ [ -122.5205, 75.93325 ], [ -122.341, 75.92475 ], [ -122.28925, 75.90175 ], [ -122.32325, 75.86375 ], [ -122.45275, 75.87525 ], [ -122.6645, 75.917 ], [ -122.5205, 75.93325 ] ] ], [ [ [ -122.7995, 76.06925 ], [ -122.71325, 76.05825 ], [ -122.6965, 76.0305 ], [ -122.9105, 76.01875 ], [ -122.97025, 76.0375 ], [ -122.8175, 76.05125 ], [ -122.7995, 76.06925 ] ] ], [ [ [ -122.86925, 76.16325 ], [ -122.81075, 76.137 ], [ -122.91525, 76.1005 ], [ -122.98325, 76.127 ], [ -122.9255, 76.14 ], [ -122.9435, 76.1595 ], [ -122.86925, 76.16325 ] ] ], [ [ [ -123.1679153, 48.8075085 ], [ -123.0810833, 48.7855587 ], [ -123.0934429, 48.7643108 ], [ -123.1621368, 48.7643779 ], [ -123.2143573, 48.7916316 ], [ -123.1679153, 48.8075085 ] ] ], [ [ [ -123.2576536, 48.7675325 ], [ -123.1826275, 48.748478 ], [ -123.2075139, 48.7329 ], [ -123.2576536, 48.7675325 ] ] ], [ [ [ -123.2878433, 48.8734931 ], [ -123.2512654, 48.8455972 ], [ -123.2658729, 48.8231817 ], [ -123.3272764, 48.8327738 ], [ -123.2878433, 48.8734931 ] ] ], [ [ [ -123.3104242, 48.8221524 ], [ -123.2546029, 48.791126 ], [ -123.2715331, 48.7494365 ], [ -123.3110195, 48.7685166 ], [ -123.3104242, 48.8221524 ] ] ], [ [ [ -128.053516, 50.8764633 ], [ -127.9839476, 50.8603569 ], [ -127.9061413, 50.874797 ], [ -127.8670271, 50.853713 ], [ -127.780784, 50.8413508 ], [ -127.6692115, 50.8150044 ], [ -127.5768473, 50.7849194 ], [ -127.4862599, 50.7661697 ], [ -127.4965386, 50.733108 ], [ -127.4828162, 50.7161386 ], [ -127.4253373, 50.717634 ], [ -127.4175616, 50.6961513 ], [ -127.3774161, 50.6904459 ], [ -127.2581589, 50.646472 ], [ -127.1926923, 50.6100194 ], [ -127.129116, 50.6132167 ], [ -127.1216777, 50.5891988 ], [ -126.9800182, 50.5804513 ], [ -126.9681372, 50.5601421 ], [ -126.9073935, 50.5610807 ], [ -126.8441072, 50.5452919 ], [ -126.8223229, 50.5503008 ], [ -126.6614805, 50.5098533 ], [ -126.5882204, 50.4807254 ], [ -126.5685471, 50.4874847 ], [ -126.4342552, 50.4770367 ], [ -126.4027957, 50.4831565 ], [ -126.2534475, 50.4733294 ], [ -126.15947, 50.4550255 ], [ -126.1259789, 50.4578269 ], [ -126.0136314, 50.424932 ], [ -125.9451559, 50.3907296 ], [ -125.8585116, 50.380048 ], [ -125.8268714, 50.38451 ], [ -125.7728877, 50.3625658 ], [ -125.7224111, 50.3565357 ], [ -125.579709, 50.3681658 ], [ -125.4736909, 50.3271856 ], [ -125.4465287, 50.3340218 ], [ -125.436866, 50.2767373 ], [ -125.3970312, 50.2460014 ], [ -125.3503399, 50.1160138 ], [ -125.2466387, 50.0401884 ], [ -125.2175327, 49.9721772 ], [ -125.1849732, 49.9421577 ], [ -125.183684, 49.9151775 ], [ -125.1146146, 49.8807387 ], [ -125.1133388, 49.8613766 ], [ -125.03345, 49.8199164 ], [ -125.0076913, 49.7941354 ], [ -124.9283445, 49.7401536 ], [ -124.8597968, 49.701435 ], [ -124.9031189, 49.6689858 ], [ -124.9698604, 49.6626353 ], [ -124.909629, 49.6260701 ], [ -124.8575289, 49.5344621 ], [ -124.7937281, 49.4645406 ], [ -124.7201982, 49.4595943 ], [ -124.6849192, 49.4482035 ], [ -124.6324315, 49.4061195 ], [ -124.5735033, 49.38031 ], [ -124.4833872, 49.3681615 ], [ -124.4629286, 49.355496 ], [ -124.4170181, 49.3602956 ], [ -124.3641532, 49.3536004 ], [ -124.3172034, 49.3229215 ], [ -124.2863216, 49.3318783 ], [ -124.2615814, 49.3116417 ], [ -124.179608, 49.3059235 ], [ -124.1172916, 49.2761832 ], [ -124.1092205, 49.2558953 ], [ -123.9811578, 49.2389373 ], [ -123.9670945, 49.2074808 ], [ -123.9158978, 49.1353588 ], [ -123.8719466, 49.1424542 ], [ -123.8072233, 49.1251686 ], [ -123.7829679, 49.0731607 ], [ -123.7476522, 49.0419378 ], [ -123.7730319, 48.9835224 ], [ -123.7382147, 48.937764 ], [ -123.6717018, 48.898094 ], [ -123.6412075, 48.8671688 ], [ -123.5962899, 48.849896 ], [ -123.5941429, 48.8054393 ], [ -123.5643678, 48.7808503 ], [ -123.6053105, 48.7555976 ], [ -123.5349137, 48.693908 ], [ -123.5341433, 48.6597085 ], [ -123.5531296, 48.6501572 ], [ -123.5185426, 48.6148971 ], [ -123.5073899, 48.5525039 ], [ -123.4656603, 48.5904107 ], [ -123.4798739, 48.6106032 ], [ -123.4458739, 48.6534904 ], [ -123.4823422, 48.6716419 ], [ -123.4761689, 48.6954347 ], [ -123.4107816, 48.689389 ], [ -123.3936112, 48.646177 ], [ -123.4102872, 48.628316 ], [ -123.3620418, 48.5583062 ], [ -123.36467, 48.5147382 ], [ -123.2647607, 48.4542406 ], [ -123.2912235, 48.4486435 ], [ -123.3226922, 48.4059072 ], [ -123.3763869, 48.4091663 ], [ -123.4309747, 48.4278728 ], [ -123.4699864, 48.4189658 ], [ -123.5148017, 48.3839217 ], [ -123.5543972, 48.3351197 ], [ -123.5890828, 48.3111688 ], [ -123.6706979, 48.3218062 ], [ -123.7167648, 48.3476998 ], [ -123.701706, 48.374576 ], [ -123.6339911, 48.3662601 ], [ -123.6342191, 48.3880035 ], [ -123.6829793, 48.3878411 ], [ -123.7262114, 48.3713559 ], [ -123.8228916, 48.3570925 ], [ -123.8918838, 48.3824448 ], [ -123.9227981, 48.3771539 ], [ -123.9488256, 48.3955205 ], [ -124.0951869, 48.4351733 ], [ -124.2068769, 48.457438 ], [ -124.2941171, 48.4877181 ], [ -124.3041557, 48.5023504 ], [ -124.4399414, 48.5247247 ], [ -124.4560568, 48.5369559 ], [ -124.4016494, 48.5663487 ], [ -124.4138113, 48.5766272 ], [ -124.4961618, 48.5430899 ], [ -124.637432, 48.5714687 ], [ -124.7145662, 48.5934215 ], [ -124.7348366, 48.610653 ], [ -124.8288353, 48.6592029 ], [ -124.9530679, 48.7002472 ], [ -125.117099, 48.7318432 ], [ -125.1334215, 48.7727024 ], [ -125.178738, 48.7878773 ], [ -125.1859221, 48.8087577 ], [ -125.0656716, 48.8848389 ], [ -125.032848, 48.8834788 ], [ -124.9862805, 48.9417062 ], [ -124.9826665, 48.9632431 ], [ -124.9466727, 48.9771177 ], [ -124.9063983, 48.9732012 ], [ -124.8592212, 49.0039655 ], [ -124.835747, 49.0694834 ], [ -124.7968018, 49.1319535 ], [ -124.7923816, 49.1595775 ], [ -124.8164619, 49.1841194 ], [ -124.8154686, 49.2394685 ], [ -124.839277, 49.2334882 ], [ -124.8084564, 49.1553946 ], [ -124.8312307, 49.0882032 ], [ -124.8668188, 49.0656195 ], [ -124.8740853, 49.0109128 ], [ -124.9114649, 48.9849295 ], [ -124.9793226, 48.9905694 ], [ -124.9935213, 48.977441 ], [ -125.0525893, 48.9973586 ], [ -125.1100088, 48.9733094 ], [ -125.1500115, 49.0105439 ], [ -125.1666793, 48.9890184 ], [ -125.2430861, 48.9443652 ], [ -125.2927741, 48.9753076 ], [ -125.2822064, 49.0209862 ], [ -125.3559778, 49.0386749 ], [ -125.3615263, 49.0072982 ], [ -125.3912862, 48.980513 ], [ -125.4847778, 48.9202818 ], [ -125.5152443, 48.9270155 ], [ -125.5743956, 48.9780178 ], [ -125.6424514, 49.0038929 ], [ -125.6697482, 48.9977759 ], [ -125.6958942, 49.0398399 ], [ -125.7617459, 49.0719217 ], [ -125.8277588, 49.0696828 ], [ -125.8797247, 49.0885863 ], [ -125.8644384, 49.124757 ], [ -125.8341663, 49.1054774 ], [ -125.8076328, 49.1199816 ], [ -125.7379302, 49.0850842 ], [ -125.7214756, 49.1110518 ], [ -125.640274, 49.1641848 ], [ -125.6338958, 49.1985723 ], [ -125.6744037, 49.2091385 ], [ -125.718974, 49.1492576 ], [ -125.7383225, 49.1608735 ], [ -125.750118, 49.2330809 ], [ -125.8139332, 49.2531267 ], [ -125.8003753, 49.2996186 ], [ -125.8389983, 49.2873034 ], [ -125.8343919, 49.2614241 ], [ -125.8959736, 49.2808674 ], [ -125.9671766, 49.2285234 ], [ -126.007757, 49.2411832 ], [ -126.0280026, 49.2792965 ], [ -125.9463271, 49.3031036 ], [ -125.9598994, 49.3587261 ], [ -126.001981, 49.3201172 ], [ -126.0591245, 49.3411456 ], [ -126.075454, 49.3952172 ], [ -126.059867, 49.4307014 ], [ -126.1227667, 49.4234137 ], [ -126.1894066, 49.3981354 ], [ -126.2603005, 49.4043008 ], [ -126.2660637, 49.3606146 ], [ -126.3230903, 49.3745277 ], [ -126.3507165, 49.4016418 ], [ -126.4080458, 49.4134855 ], [ -126.4036736, 49.4281235 ], [ -126.4542952, 49.4563101 ], [ -126.4885822, 49.4310788 ], [ -126.4623083, 49.4067106 ], [ -126.4756145, 49.3827297 ], [ -126.515978, 49.3783503 ], [ -126.5757786, 49.419725 ], [ -126.5481108, 49.4491349 ], [ -126.5709753, 49.4591813 ], [ -126.5520061, 49.5207285 ], [ -126.5647894, 49.5763239 ], [ -126.5007049, 49.6050759 ], [ -126.4778648, 49.6439368 ], [ -126.4021581, 49.6391942 ], [ -126.3748717, 49.6291336 ], [ -126.2815387, 49.6383126 ], [ -126.1898704, 49.6569669 ], [ -126.0846599, 49.6577018 ], [ -126.1092484, 49.6795677 ], [ -126.2236283, 49.6666886 ], [ -126.2681288, 49.6507004 ], [ -126.3388655, 49.6475899 ], [ -126.3829836, 49.6645822 ], [ -126.4413042, 49.6529407 ], [ -126.4697102, 49.6769728 ], [ -126.5313672, 49.7074509 ], [ -126.5857351, 49.6941858 ], [ -126.6230355, 49.7363111 ], [ -126.6506434, 49.8086509 ], [ -126.6536207, 49.870943 ], [ -126.6874355, 49.8623308 ], [ -126.7498117, 49.8729497 ], [ -126.7807352, 49.8994258 ], [ -126.8262087, 49.8807415 ], [ -126.9412401, 49.8612883 ], [ -126.9914867, 49.8636368 ], [ -127.0141775, 49.8498789 ], [ -127.094439, 49.86632 ], [ -127.1409493, 49.8575853 ], [ -127.1683739, 49.8707863 ], [ -127.1841737, 49.9007446 ], [ -127.2240347, 49.9366403 ], [ -127.2413644, 49.9685668 ], [ -127.209728, 49.9924409 ], [ -127.1719049, 50.0387675 ], [ -127.1850245, 50.0649146 ], [ -127.0851718, 50.113258 ], [ -127.2001266, 50.0918735 ], [ -127.2634692, 50.1418946 ], [ -127.2870908, 50.0538101 ], [ -127.3383544, 50.0260608 ], [ -127.4285688, 50.0408099 ], [ -127.4425471, 50.0641769 ], [ -127.515152, 50.1229084 ], [ -127.6199818, 50.1179422 ], [ -127.6387434, 50.1365566 ], [ -127.6214261, 50.167509 ], [ -127.7334963, 50.1227703 ], [ -127.8084991, 50.0797264 ], [ -127.9150102, 50.1128535 ], [ -127.9180375, 50.1306276 ], [ -127.83805, 50.1691853 ], [ -127.7871026, 50.2234932 ], [ -127.8004861, 50.2488513 ], [ -127.8573996, 50.2872266 ], [ -127.8745277, 50.3442519 ], [ -127.9502118, 50.3193468 ], [ -127.9897438, 50.3450139 ], [ -127.9613356, 50.3664382 ], [ -127.9512451, 50.4095362 ], [ -127.9327739, 50.4179747 ], [ -127.9362886, 50.4646845 ], [ -127.8859937, 50.4565508 ], [ -127.8425187, 50.470444 ], [ -127.8098361, 50.4570735 ], [ -127.6854665, 50.4906051 ], [ -127.6240559, 50.480892 ], [ -127.5745958, 50.4846134 ], [ -127.5544068, 50.5687443 ], [ -127.5927663, 50.5937036 ], [ -127.7727632, 50.6079984 ], [ -127.7463068, 50.5883173 ], [ -127.6198783, 50.5797464 ], [ -127.5592443, 50.5541092 ], [ -127.5708259, 50.5343753 ], [ -127.6451038, 50.536909 ], [ -127.7845124, 50.498085 ], [ -127.8016388, 50.48434 ], [ -127.8777272, 50.501637 ], [ -127.9263723, 50.4838486 ], [ -128.00969, 50.4697931 ], [ -128.0587133, 50.452123 ], [ -128.0830106, 50.4790904 ], [ -128.110259, 50.4751012 ], [ -128.1373035, 50.5030413 ], [ -128.2069233, 50.5290773 ], [ -128.240636200000012, 50.5673087 ], [ -128.239622, 50.5908823 ], [ -128.3034557, 50.608719 ], [ -128.32548, 50.6349929 ], [ -128.309608700000013, 50.6652958 ], [ -128.3725751, 50.6748707 ], [ -128.3733628, 50.7166926 ], [ -128.4091095, 50.7418969 ], [ -128.4142273, 50.7679214 ], [ -128.3554739, 50.8022079 ], [ -128.3006413, 50.7954087 ], [ -128.249035600000013, 50.80337 ], [ -128.211466300000012, 50.8340133 ], [ -128.177162900000013, 50.8433447 ], [ -128.132932899999986, 50.8378986 ], [ -128.1130704, 50.8593415 ], [ -128.053516, 50.8764633 ] ] ], [ [ [ -123.5741431, 49.0120935 ], [ -123.507042, 48.9585332 ], [ -123.3817827, 48.9115628 ], [ -123.3459129, 48.9051183 ], [ -123.3135213, 48.8620402 ], [ -123.3838237, 48.8659753 ], [ -123.389191, 48.8917563 ], [ -123.4555436, 48.9228995 ], [ -123.5208652, 48.9452297 ], [ -123.5896786, 49.0017509 ], [ -123.5741431, 49.0120935 ] ] ], [ [ [ -123.3137779, 49.4177396 ], [ -123.3324999, 49.3619908 ], [ -123.356, 49.339 ], [ -123.4265903, 49.3365668 ], [ -123.4304457, 49.3668313 ], [ -123.3573769, 49.4141691 ], [ -123.3137779, 49.4177396 ] ] ], [ [ [ -123.3803165, 49.5352113 ], [ -123.3553733, 49.5261974 ], [ -123.3190184, 49.4753745 ], [ -123.3159193, 49.4481906 ], [ -123.3729892, 49.4331083 ], [ -123.3904912, 49.4556635 ], [ -123.4383734, 49.4497445 ], [ -123.456993, 49.4655304 ], [ -123.4509133, 49.5022892 ], [ -123.4249423, 49.5270335 ], [ -123.3803165, 49.5352113 ] ] ], [ [ [ -123.5950446, 48.9449164 ], [ -123.5303704, 48.9144568 ], [ -123.4633681, 48.8698648 ], [ -123.4899205, 48.8548949 ], [ -123.4236578, 48.8053111 ], [ -123.3665904, 48.7747675 ], [ -123.3838126, 48.755666 ], [ -123.4482517, 48.7561531 ], [ -123.4257688, 48.7328673 ], [ -123.4916084, 48.7136945 ], [ -123.5484754, 48.7471502 ], [ -123.5630252, 48.7666167 ], [ -123.534137, 48.798932 ], [ -123.5723099, 48.8232818 ], [ -123.5706385, 48.84999 ], [ -123.5478865, 48.8674251 ], [ -123.59003, 48.895915 ], [ -123.5950446, 48.9449164 ] ] ], [ [ [ -123.6893894, 49.022231 ], [ -123.6522186, 48.9902603 ], [ -123.6914106, 48.9815314 ], [ -123.6893894, 49.022231 ] ] ], [ [ [ -123.8197649, 49.2024405 ], [ -123.8218313, 49.1904529 ], [ -123.7596782, 49.1647659 ], [ -123.709203, 49.1593923 ], [ -123.7014733, 49.1296648 ], [ -123.7633542, 49.1299909 ], [ -123.8621954, 49.1581077 ], [ -123.8638978, 49.1984128 ], [ -123.8197649, 49.2024405 ] ] ], [ [ [ -124.015205, 49.7830493 ], [ -124.0014095, 49.7668532 ], [ -124.0604483, 49.7410352 ], [ -124.0508316, 49.7224848 ], [ -124.081507, 49.6943453 ], [ -124.0860188, 49.6528908 ], [ -124.1796697, 49.6732926 ], [ -124.202665, 49.7121308 ], [ -124.172566, 49.7196791 ], [ -124.1422004, 49.7594245 ], [ -124.015205, 49.7830493 ] ] ], [ [ [ -124.3167099, 73.64664 ], [ -124.3247643, 73.6328973 ], [ -124.1675199, 73.6076501 ], [ -124.0852499, 73.5738601 ], [ -124.32419, 73.56304 ], [ -124.3553899, 73.62008 ], [ -124.3167099, 73.64664 ] ] ], [ [ [ -124.6052463, 49.8030552 ], [ -124.5549728, 49.7581997 ], [ -124.4984038, 49.7355947 ], [ -124.3995841, 49.7223481 ], [ -124.3564544, 49.7080562 ], [ -124.3258938, 49.6676271 ], [ -124.2576902, 49.6088144 ], [ -124.1480961, 49.5371396 ], [ -124.1266722, 49.5011271 ], [ -124.1414523, 49.4886667 ], [ -124.1954534, 49.5220786 ], [ -124.306445, 49.5701258 ], [ -124.436101, 49.6201953 ], [ -124.4393469, 49.6396201 ], [ -124.5209925, 49.6909998 ], [ -124.6202944, 49.7217912 ], [ -124.6391602, 49.7463702 ], [ -124.6052463, 49.8030552 ] ] ], [ [ [ -124.3588058, 49.5256534 ], [ -124.2812642, 49.5015771 ], [ -124.2471093, 49.5059979 ], [ -124.1661002, 49.4567131 ], [ -124.2910823, 49.4563485 ], [ -124.3606654, 49.4776433 ], [ -124.3820865, 49.5063981 ], [ -124.3588058, 49.5256534 ] ] ], [ [ [ -124.52697, 73.92914 ], [ -124.39435, 73.91011 ], [ -124.4764501, 73.8903999 ], [ -124.52697, 73.92914 ] ] ], [ [ [ -124.69725, 73.71725 ], [ -124.53575, 73.69475 ], [ -124.571, 73.6755 ], [ -124.69725, 73.6975 ], [ -124.69725, 73.71725 ] ] ], [ [ [ -124.678695, 49.5514444 ], [ -124.6251091, 49.5370172 ], [ -124.6315063, 49.510336 ], [ -124.6662032, 49.491122 ], [ -124.7063485, 49.514959 ], [ -124.7055703, 49.5430373 ], [ -124.678695, 49.5514444 ] ] ], [ [ [ -124.7296785, 50.3060105 ], [ -124.6604697, 50.2692616 ], [ -124.6426017, 50.234105 ], [ -124.6695712, 50.1844129 ], [ -124.7097456, 50.1620258 ], [ -124.7551954, 50.2101612 ], [ -124.8142175, 50.2338187 ], [ -124.7839092, 50.2855375 ], [ -124.7296785, 50.3060105 ] ] ], [ [ [ -124.8363913, 49.6073218 ], [ -124.7769625, 49.5698836 ], [ -124.7220294, 49.4843043 ], [ -124.7725025, 49.5066972 ], [ -124.8472685, 49.5556131 ], [ -124.8363913, 49.6073218 ] ] ], [ [ [ -124.9097159, 50.3047572 ], [ -124.8548766, 50.2856955 ], [ -124.7898618, 50.2829639 ], [ -124.8257666, 50.2461937 ], [ -124.8177848, 50.2136875 ], [ -124.7626485, 50.1906467 ], [ -124.7511039, 50.1592514 ], [ -124.7990375, 50.134134 ], [ -124.8098035, 50.1138191 ], [ -124.8619949, 50.1240122 ], [ -124.8816268, 50.1665547 ], [ -124.9408108, 50.2019193 ], [ -124.9806595, 50.2478116 ], [ -124.9097159, 50.3047572 ] ] ], [ [ [ -124.9985089, 50.2389074 ], [ -124.9261567, 50.1787047 ], [ -124.8955816, 50.140909 ], [ -124.9042388, 50.0959638 ], [ -124.8822894, 50.0639234 ], [ -124.9297594, 50.0587805 ], [ -124.9811971, 50.0260636 ], [ -124.9978489, 50.0504503 ], [ -124.9812848, 50.0997024 ], [ -125.0508802, 50.0993207 ], [ -125.0572123, 50.1283261 ], [ -124.9995692, 50.1586561 ], [ -124.9737164, 50.1982434 ], [ -124.9985089, 50.2389074 ] ] ], [ [ [ -124.9399744, 49.9999009 ], [ -124.8878825, 49.9870972 ], [ -124.9064114, 49.9631463 ], [ -124.9455694, 49.9829143 ], [ -124.9399744, 49.9999009 ] ] ], [ [ [ -124.9978514, 50.3264635 ], [ -124.9665242, 50.3122912 ], [ -124.9951882, 50.275249 ], [ -125.0334887, 50.2989065 ], [ -124.9978514, 50.3264635 ] ] ], [ [ [ -125.0674151, 50.2710803 ], [ -125.0423777, 50.2386126 ], [ -125.0417833, 50.1892139 ], [ -125.0939689, 50.2013453 ], [ -125.0930164, 50.1725165 ], [ -125.1279564, 50.128319 ], [ -125.14927, 50.1501977 ], [ -125.1278293, 50.1765157 ], [ -125.1314393, 50.2031826 ], [ -125.1105159, 50.2425748 ], [ -125.0674151, 50.2710803 ] ] ], [ [ [ -125.0611564, 48.9534915 ], [ -125.058182, 48.9200682 ], [ -125.1060175, 48.9265911 ], [ -125.0611564, 48.9534915 ] ] ], [ [ [ -125.1256329, 50.4200426 ], [ -125.0843721, 50.3809979 ], [ -125.1184903, 50.3627966 ], [ -125.1478278, 50.3947017 ], [ -125.1256329, 50.4200426 ] ] ], [ [ [ -125.1313975, 50.327959 ], [ -125.1104149, 50.3186717 ], [ -125.0886043, 50.2706929 ], [ -125.1221699, 50.239386 ], [ -125.1796361, 50.2542419 ], [ -125.2095911, 50.2988396 ], [ -125.1313975, 50.327959 ] ] ], [ [ [ -125.2797913, 50.443478 ], [ -125.1808403, 50.3886374 ], [ -125.132862, 50.334902 ], [ -125.221075, 50.2987826 ], [ -125.2235897, 50.3189907 ], [ -125.2665018, 50.3280102 ], [ -125.3712642, 50.2892205 ], [ -125.4070359, 50.3084003 ], [ -125.4061548, 50.3370953 ], [ -125.3800324, 50.3543367 ], [ -125.3439773, 50.3484761 ], [ -125.3350271, 50.3800665 ], [ -125.2797913, 50.443478 ] ] ], [ [ [ -125.2493884, 50.3074931 ], [ -125.239882, 50.273181 ], [ -125.2144267, 50.2520643 ], [ -125.1640833, 50.2320812 ], [ -125.1411677, 50.2022839 ], [ -125.1878345, 50.1403735 ], [ -125.2291934, 50.1277222 ], [ -125.2165872, 50.1025892 ], [ -125.176738, 50.0817915 ], [ -125.1640271, 50.0307934 ], [ -125.1475567, 50.0103204 ], [ -125.1863856, 49.9948606 ], [ -125.2156554, 50.033911 ], [ -125.2148582, 50.0812133 ], [ -125.2586047, 50.0923335 ], [ -125.3493101, 50.1580964 ], [ -125.3251143, 50.1777163 ], [ -125.3492234, 50.1991691 ], [ -125.3701509, 50.2445031 ], [ -125.3451261, 50.2599245 ], [ -125.3810464, 50.2793251 ], [ -125.3032746, 50.2913895 ], [ -125.2493884, 50.3074931 ] ] ], [ [ [ -125.3741611, 50.4636719 ], [ -125.3257953, 50.4458137 ], [ -125.3257294, 50.4220422 ], [ -125.3875933, 50.3646423 ], [ -125.4521344, 50.348187 ], [ -125.5094308, 50.3708106 ], [ -125.489162, 50.3976284 ], [ -125.4901206, 50.4282532 ], [ -125.4267174, 50.4410084 ], [ -125.3741611, 50.4636719 ] ] ], [ [ [ -125.517341, 50.4433726 ], [ -125.4993728, 50.4071336 ], [ -125.6267931, 50.3808555 ], [ -125.6885363, 50.3848405 ], [ -125.7436099, 50.3766911 ], [ -125.7837161, 50.4007532 ], [ -125.7242866, 50.414296 ], [ -125.6970513, 50.4067177 ], [ -125.5733609, 50.441571 ], [ -125.517341, 50.4433726 ] ] ], [ [ [ -125.7963447, 50.476326 ], [ -125.7432824, 50.4380204 ], [ -125.7777654, 50.411852 ], [ -125.8229971, 50.4083342 ], [ -125.8638991, 50.4187936 ], [ -125.9273091, 50.4141564 ], [ -125.9585557, 50.4294125 ], [ -125.9092099, 50.4583468 ], [ -125.7963447, 50.476326 ] ] ], [ [ [ -125.8626316, 49.2422571 ], [ -125.78109, 49.2336876 ], [ -125.7914902, 49.2022268 ], [ -125.7997775, 49.1218915 ], [ -125.8573701, 49.1396428 ], [ -125.8672316, 49.181009 ], [ -125.8448359, 49.2111538 ], [ -125.8868146, 49.2141959 ], [ -125.8626316, 49.2422571 ] ] ], [ [ [ -126.0120459, 49.2165701 ], [ -125.9526243, 49.2075107 ], [ -125.9317868, 49.18626 ], [ -126.0001809, 49.1598424 ], [ -126.0343752, 49.2001062 ], [ -126.0120459, 49.2165701 ] ] ], [ [ [ -126.1202954, 49.3963708 ], [ -126.0852238, 49.3715326 ], [ -126.0813116, 49.3087264 ], [ -126.0552888, 49.2649248 ], [ -126.0983558, 49.2490833 ], [ -126.1405611, 49.2728634 ], [ -126.1874333, 49.2624538 ], [ -126.2401752, 49.33319 ], [ -126.2147955, 49.394028 ], [ -126.1812952, 49.3755902 ], [ -126.1202954, 49.3963708 ] ] ], [ [ [ -126.3252001, 50.8344221 ], [ -126.2864343, 50.8210516 ], [ -126.2289206, 50.8222978 ], [ -126.2299495, 50.7910207 ], [ -126.2104134, 50.7690024 ], [ -126.1562311, 50.7563498 ], [ -126.1962479, 50.7272047 ], [ -126.2304423, 50.7248192 ], [ -126.2583315, 50.6986023 ], [ -126.2684329, 50.6551511 ], [ -126.3250459, 50.6449509 ], [ -126.4148778, 50.6595648 ], [ -126.4933987, 50.6410158 ], [ -126.5886448, 50.6518854 ], [ -126.6033868, 50.6996719 ], [ -126.5651941, 50.7140906 ], [ -126.5610648, 50.7396025 ], [ -126.505945, 50.7442739 ], [ -126.4388529, 50.7987556 ], [ -126.3533849, 50.8200532 ], [ -126.3252001, 50.8344221 ] ] ], [ [ [ -126.2030884, 50.7141818 ], [ -126.1945964, 50.667284 ], [ -126.2268972, 50.6761269 ], [ -126.2030884, 50.7141818 ] ] ], [ [ [ -126.283959, 50.6047911 ], [ -126.2406189, 50.5795028 ], [ -126.2074931, 50.5770575 ], [ -126.2062629, 50.5651454 ], [ -126.246174, 50.5385269 ], [ -126.2913842, 50.540226 ], [ -126.362296, 50.5197814 ], [ -126.4213121, 50.514106 ], [ -126.5014095, 50.5163035 ], [ -126.5450316, 50.5266134 ], [ -126.609441, 50.5238974 ], [ -126.6227284, 50.5492654 ], [ -126.4782297, 50.556254 ], [ -126.396941, 50.5865398 ], [ -126.283959, 50.6047911 ] ] ], [ [ [ -126.365739, 50.6303984 ], [ -126.3461783, 50.6155894 ], [ -126.4416368, 50.5830149 ], [ -126.489203, 50.5753441 ], [ -126.5645042, 50.6095494 ], [ -126.4927799, 50.6263052 ], [ -126.365739, 50.6303984 ] ] ], [ [ [ -126.5196003, 49.6860137 ], [ -126.480372, 49.6632619 ], [ -126.5277536, 49.6239637 ], [ -126.5597479, 49.6465574 ], [ -126.5196003, 49.6860137 ] ] ], [ [ [ -126.5846293, 50.5983024 ], [ -126.5208973, 50.5788747 ], [ -126.5303174, 50.5578563 ], [ -126.6372402, 50.5523759 ], [ -126.6415256, 50.5756874 ], [ -126.5846293, 50.5983024 ] ] ], [ [ [ -126.5225852, 50.7660899 ], [ -126.5776666, 50.7378806 ], [ -126.5979272, 50.7621164 ], [ -126.5225852, 50.7660899 ] ] ], [ [ [ -126.7006768, 50.8605435 ], [ -126.6647258, 50.840304 ], [ -126.6155376, 50.8482939 ], [ -126.5719881, 50.8259523 ], [ -126.5376669, 50.7819157 ], [ -126.5954078, 50.7885796 ], [ -126.6766703, 50.7882762 ], [ -126.7065806, 50.7763841 ], [ -126.764445, 50.7849821 ], [ -126.7745768, 50.7675739 ], [ -126.8361159, 50.7783296 ], [ -126.8609958, 50.8004561 ], [ -126.9201576, 50.8258099 ], [ -126.9036639, 50.8367749 ], [ -126.8122804, 50.837336 ], [ -126.7700911, 50.8431026 ], [ -126.6867771, 50.8418935 ], [ -126.7006768, 50.8605435 ] ] ], [ [ [ -126.7976954, 49.8863287 ], [ -126.7297349, 49.860918 ], [ -126.671265, 49.8559432 ], [ -126.6571965, 49.7897944 ], [ -126.6327264, 49.747944 ], [ -126.6499678, 49.7241326 ], [ -126.6264163, 49.661033 ], [ -126.6135489, 49.5974093 ], [ -126.6708433, 49.5806393 ], [ -126.7172294, 49.6038382 ], [ -126.7765283, 49.6053436 ], [ -126.826296, 49.6182541 ], [ -126.8403426, 49.6569456 ], [ -126.9006159, 49.677279 ], [ -126.9542105, 49.7241141 ], [ -126.9212465, 49.7574591 ], [ -126.8772927, 49.7795187 ], [ -126.9544519, 49.7991671 ], [ -126.9586663, 49.8373915 ], [ -126.9242197, 49.8295199 ], [ -126.8079588, 49.8730665 ], [ -126.7976954, 49.8863287 ] ] ], [ [ [ -126.616373, 50.7217329 ], [ -126.6297092, 50.6854683 ], [ -126.6758738, 50.6998642 ], [ -126.616373, 50.7217329 ] ] ], [ [ [ -126.7514351, 50.5895549 ], [ -126.7092218, 50.5789645 ], [ -126.7033932, 50.5559307 ], [ -126.7754011, 50.5642994 ], [ -126.7514351, 50.5895549 ] ] ], [ [ [ -126.8018584, 50.889539 ], [ -126.7614615, 50.8838792 ], [ -126.7343718, 50.8634603 ], [ -126.8139278, 50.8394808 ], [ -126.886895, 50.8403938 ], [ -126.8915625, 50.8625943 ], [ -126.8619108, 50.882633 ], [ -126.8018584, 50.889539 ] ] ], [ [ [ -126.819171, 50.9477678 ], [ -126.8092743, 50.9202492 ], [ -126.8544183, 50.9200356 ], [ -126.8530494, 50.9457696 ], [ -126.819171, 50.9477678 ] ] ], [ [ [ -127.0956147, 50.6685444 ], [ -127.0262453, 50.6565882 ], [ -126.968402, 50.6638958 ], [ -126.9303539, 50.6544561 ], [ -126.8712239, 50.6567548 ], [ -126.8514428, 50.6329078 ], [ -126.8873654, 50.6199019 ], [ -126.9855999, 50.6284144 ], [ -127.0307797, 50.6472923 ], [ -127.081547, 50.6306647 ], [ -127.1324954, 50.6285512 ], [ -127.1622867, 50.6419943 ], [ -127.0956147, 50.6685444 ] ] ], [ [ [ -127.2673163, 52.4329775 ], [ -127.230559, 52.4185502 ], [ -127.2496733, 52.3911513 ], [ -127.2059831, 52.3613995 ], [ -127.241884, 52.3035125 ], [ -127.2816349, 52.2901691 ], [ -127.3165085, 52.2622404 ], [ -127.4378935, 52.2415837 ], [ -127.4567194, 52.2165389 ], [ -127.4928812, 52.2129143 ], [ -127.5176342, 52.1842763 ], [ -127.5661947, 52.1857746 ], [ -127.5722025, 52.1530121 ], [ -127.6401325, 52.1399677 ], [ -127.6676688, 52.0967102 ], [ -127.6679601, 52.0741807 ], [ -127.6962032, 52.0383062 ], [ -127.6915457, 52.0021085 ], [ -127.7139494, 51.9645194 ], [ -127.743673, 51.9692193 ], [ -127.8707936, 51.9347919 ], [ -127.8921312, 51.9514223 ], [ -127.9026677, 52.0121236 ], [ -127.89003, 52.0464499 ], [ -127.8453507, 52.0543386 ], [ -127.8839526, 52.0931112 ], [ -127.8299134, 52.0997723 ], [ -127.858721, 52.123098 ], [ -127.8442862, 52.1677968 ], [ -127.777614, 52.2252622 ], [ -127.7659215, 52.2461611 ], [ -127.7164637, 52.2494467 ], [ -127.6683725, 52.2669944 ], [ -127.6134839, 52.2695722 ], [ -127.5317595, 52.3087038 ], [ -127.4930131, 52.3110124 ], [ -127.4504727, 52.3332002 ], [ -127.4419317, 52.3774418 ], [ -127.2964228, 52.4114178 ], [ -127.2673163, 52.4329775 ] ] ], [ [ [ -127.2733077, 50.040807 ], [ -127.2322765, 50.0099131 ], [ -127.2802852, 49.9725319 ], [ -127.3224308, 50.0050451 ], [ -127.3097727, 50.0312791 ], [ -127.2733077, 50.040807 ] ] ], [ [ [ -127.5277887, 51.310494 ], [ -127.411687, 51.289588 ], [ -127.4644468, 51.2832773 ], [ -127.495455, 51.2738604 ], [ -127.583067, 51.2701247 ], [ -127.5912195, 51.3049609 ], [ -127.5277887, 51.310494 ] ] ], [ [ [ -127.5368062, 51.089797 ], [ -127.5251318, 51.0559536 ], [ -127.5830089, 51.0461393 ], [ -127.606786, 51.0767228 ], [ -127.5368062, 51.089797 ] ] ], [ [ [ -127.579612, 51.5740183 ], [ -127.5637507, 51.5337559 ], [ -127.6038598, 51.5064637 ], [ -127.615435, 51.4835625 ], [ -127.6830104, 51.4935305 ], [ -127.6435049, 51.5135819 ], [ -127.579612, 51.5740183 ] ] ], [ [ [ -127.7348724, 50.9155507 ], [ -127.6856282, 50.8941235 ], [ -127.6519783, 50.8455451 ], [ -127.7734527, 50.8577221 ], [ -127.8334797, 50.8743726 ], [ -127.8305115, 50.8913306 ], [ -127.7348724, 50.9155507 ] ] ], [ [ [ -127.8994536, 50.9426947 ], [ -127.8422926, 50.935145 ], [ -127.8406528, 50.8985813 ], [ -127.8698643, 50.8897398 ], [ -127.9862403, 50.9052964 ], [ -127.8994536, 50.9426947 ] ] ], [ [ [ -128.09315620000001, 51.6884777 ], [ -128.098151800000011, 51.6561909 ], [ -127.955232, 51.6461943 ], [ -127.9150226, 51.6086308 ], [ -127.895228, 51.5697627 ], [ -127.916823, 51.5269367 ], [ -127.8863525, 51.4953948 ], [ -127.8764041, 51.4494313 ], [ -127.8985152, 51.4204529 ], [ -127.9383773, 51.4268989 ], [ -127.9565606, 51.4571049 ], [ -128.0044632, 51.4762705 ], [ -128.0374855, 51.4631379 ], [ -128.0871069, 51.4803679 ], [ -128.1230586, 51.5790771 ], [ -128.1512343, 51.6028613 ], [ -128.1407642, 51.6625528 ], [ -128.09315620000001, 51.6884777 ] ] ], [ [ [ -127.8847587, 52.1854584 ], [ -127.8890005, 52.1290426 ], [ -127.9184143, 52.1197596 ], [ -127.9424894, 52.0758128 ], [ -127.9961533, 52.0857495 ], [ -128.0424477, 52.0789959 ], [ -128.1021346, 52.0904793 ], [ -128.1352367, 52.1479547 ], [ -128.078349300000013, 52.1410957 ], [ -128.0144747, 52.1683081 ], [ -127.9176557, 52.1571736 ], [ -127.8847587, 52.1854584 ] ] ], [ [ [ -127.9670863, 52.3044568 ], [ -127.915692, 52.2457267 ], [ -127.9066072, 52.1987534 ], [ -127.9147878, 52.1644385 ], [ -128.077134300000012, 52.188576 ], [ -128.0924732, 52.2076034 ], [ -128.0197564, 52.2459346 ], [ -127.9863159, 52.3011982 ], [ -127.9670863, 52.3044568 ] ] ], [ [ [ -127.9942085, 52.0762116 ], [ -127.9507211, 52.0638651 ], [ -127.9603884, 52.023194 ], [ -127.9465048, 52.0024803 ], [ -127.9728672, 51.9173752 ], [ -128.0051986, 51.8920812 ], [ -128.014753399999989, 51.8432309 ], [ -128.0487607, 51.8255094 ], [ -128.0757745, 51.7874474 ], [ -128.127372900000012, 51.8573021 ], [ -128.2330387, 51.8634333 ], [ -128.2505931, 51.8898538 ], [ -128.1923131, 51.9131154 ], [ -128.204536, 51.9643499 ], [ -128.1632343, 52.0038774 ], [ -128.156458, 52.0396493 ], [ -128.099037399999986, 52.0666751 ], [ -128.0885357, 52.0472631 ], [ -127.9942085, 52.0762116 ] ] ], [ [ [ -128.0095763, 51.7303779 ], [ -127.9939523, 51.7278357 ], [ -127.9637806, 51.6573117 ], [ -128.075100600000013, 51.659411 ], [ -128.0780962, 51.6891343 ], [ -128.0095763, 51.7303779 ] ] ], [ [ [ -128.044096200000013, 52.3088092 ], [ -128.002883200000014, 52.2871242 ], [ -128.034415599999988, 52.2724263 ], [ -128.0799126, 52.2311613 ], [ -128.123464500000011, 52.2264215 ], [ -128.1594346, 52.2482162 ], [ -128.101187399999986, 52.2920135 ], [ -128.044096200000013, 52.3088092 ] ] ], [ [ [ -128.0065979, 51.7989052 ], [ -128.00940270000001, 51.7549242 ], [ -128.053178699999989, 51.7524973 ], [ -128.0489567, 51.7776047 ], [ -128.0065979, 51.7989052 ] ] ], [ [ [ -128.1037026, 52.4389492 ], [ -128.0797849, 52.4106074 ], [ -128.0465987, 52.32068 ], [ -128.073825699999986, 52.3174342 ], [ -128.127862, 52.2822163 ], [ -128.1618382, 52.2730573 ], [ -128.2049792, 52.2996715 ], [ -128.1735581, 52.328469 ], [ -128.1555059, 52.3678911 ], [ -128.1037026, 52.4389492 ] ] ], [ [ [ -128.0870433, 51.7858366 ], [ -128.085771099999988, 51.7483315 ], [ -128.129702900000012, 51.7440888 ], [ -128.117378800000012, 51.7788666 ], [ -128.0870433, 51.7858366 ] ] ], [ [ [ -128.1661195, 70.6151429 ], [ -128.1083361, 70.593395 ], [ -128.147199199999989, 70.5618641 ], [ -128.3202085, 70.5553866 ], [ -128.2731258, 70.6367255 ], [ -128.1661195, 70.6151429 ] ] ], [ [ [ -128.1733956, 52.2127391 ], [ -128.135989099999989, 52.1974203 ], [ -128.1435372, 52.175375 ], [ -128.1340275, 52.0882191 ], [ -128.1912834, 52.0479325 ], [ -128.1830034, 52.0110739 ], [ -128.2382115, 52.0178005 ], [ -128.2497362, 52.0876636 ], [ -128.2720938, 52.098566 ], [ -128.2656433, 52.1445779 ], [ -128.2399628, 52.1826712 ], [ -128.1688737, 52.1930437 ], [ -128.1733956, 52.2127391 ] ] ], [ [ [ -128.147685599999988, 52.8064721 ], [ -128.166337, 52.7379576 ], [ -128.190124200000014, 52.7083825 ], [ -128.249787199999986, 52.6007052 ], [ -128.29222390000001, 52.6179481 ], [ -128.271080399999988, 52.6725978 ], [ -128.298114, 52.6966285 ], [ -128.310176899999988, 52.7151831 ], [ -128.3295941, 52.730002 ], [ -128.329433099999989, 52.7617362 ], [ -128.3163165, 52.7798394 ], [ -128.2202527, 52.7876611 ], [ -128.1765076, 52.8301496 ], [ -128.147685599999988, 52.8064721 ] ] ], [ [ [ -128.2436337, 52.2248791 ], [ -128.2078521, 52.2092712 ], [ -128.2642165, 52.1833192 ], [ -128.3065054, 52.1285427 ], [ -128.328260300000011, 52.1556497 ], [ -128.3031956, 52.2020319 ], [ -128.2436337, 52.2248791 ] ] ], [ [ [ -128.2763367, 52.2377169 ], [ -128.2656979, 52.224731 ], [ -128.305495900000011, 52.204671 ], [ -128.318669699999987, 52.1862901 ], [ -128.3770821, 52.1524922 ], [ -128.3724703, 52.2362172 ], [ -128.3131751, 52.2305916 ], [ -128.2763367, 52.2377169 ] ] ], [ [ [ -128.4362572, 52.5443193 ], [ -128.351555, 52.5242949 ], [ -128.2776117, 52.5175641 ], [ -128.2822505, 52.4861802 ], [ -128.349406, 52.4830541 ], [ -128.4127512, 52.4657186 ], [ -128.4104618, 52.510453 ], [ -128.4362572, 52.5443193 ] ] ], [ [ [ -128.2855237, 52.4785949 ], [ -128.2885719, 52.4165335 ], [ -128.3299542, 52.4103026 ], [ -128.3610909, 52.3726693 ], [ -128.3935122, 52.3617912 ], [ -128.4537544, 52.3615904 ], [ -128.4018395, 52.4574838 ], [ -128.2855237, 52.4785949 ] ] ], [ [ [ -128.3818154, 52.8018648 ], [ -128.3524722, 52.78522 ], [ -128.356569, 52.7546223 ], [ -128.3464788, 52.7387638 ], [ -128.3154625, 52.7179831 ], [ -128.287956, 52.6789384 ], [ -128.3027567, 52.6346427 ], [ -128.2934002, 52.6173713 ], [ -128.29207790000001, 52.5252577 ], [ -128.3524052, 52.5295773 ], [ -128.442161199999987, 52.5496245 ], [ -128.4358016, 52.5626033 ], [ -128.449362, 52.6306777 ], [ -128.423828, 52.7398832 ], [ -128.451144199999987, 52.7525359 ], [ -128.411216200000013, 52.7918996 ], [ -128.3818154, 52.8018648 ] ] ], [ [ [ -128.331408, 52.1181759 ], [ -128.3232232, 52.0925672 ], [ -128.358552800000012, 52.0840177 ], [ -128.380214599999988, 52.1026449 ], [ -128.331408, 52.1181759 ] ] ], [ [ [ -128.4238219, 52.2375845 ], [ -128.3773608, 52.2371957 ], [ -128.3989934, 52.1946374 ], [ -128.382072599999987, 52.1752924 ], [ -128.425506899999988, 52.1546357 ], [ -128.4957774, 52.172246 ], [ -128.46879, 52.206175 ], [ -128.4238219, 52.2375845 ] ] ], [ [ [ -128.3824849, 52.3596663 ], [ -128.39627440000001, 52.322859 ], [ -128.4227688, 52.3142781 ], [ -128.4550116, 52.3334566 ], [ -128.4362338, 52.3535607 ], [ -128.3824849, 52.3596663 ] ] ], [ [ [ -128.4206326, 52.0042292 ], [ -128.409375399999988, 51.9949932 ], [ -128.4226779, 51.9449066 ], [ -128.4772396, 51.9544588 ], [ -128.4206326, 52.0042292 ] ] ], [ [ [ -128.506207100000012, 52.8803245 ], [ -128.465928, 52.8435357 ], [ -128.4528788, 52.807949 ], [ -128.489240099999989, 52.7674231 ], [ -128.4755558, 52.7061138 ], [ -128.5059108, 52.6419844 ], [ -128.5250743, 52.6439228 ], [ -128.5446627, 52.7100773 ], [ -128.5374368, 52.7789022 ], [ -128.5269107, 52.7912573 ], [ -128.5150137, 52.8782394 ], [ -128.506207100000012, 52.8803245 ] ] ], [ [ [ -128.5481183, 52.676476 ], [ -128.5152774, 52.5834066 ], [ -128.517856599999988, 52.571704 ], [ -128.466281400000014, 52.47366 ], [ -128.4854171, 52.4410641 ], [ -128.5213291, 52.4316131 ], [ -128.599890499999987, 52.458787 ], [ -128.6725978, 52.4921306 ], [ -128.79744310000001, 52.4973275 ], [ -128.826876700000014, 52.5154719 ], [ -128.807674100000014, 52.5526965 ], [ -128.7412214, 52.5143525 ], [ -128.709895, 52.5363964 ], [ -128.7523625, 52.5613329 ], [ -128.750190300000014, 52.5955353 ], [ -128.6689352, 52.60705 ], [ -128.582818800000013, 52.5988224 ], [ -128.5762619, 52.6370695 ], [ -128.5481183, 52.676476 ] ] ], [ [ [ -129.0289649, 53.3065419 ], [ -128.9676747, 53.2844809 ], [ -128.9250548, 53.2882821 ], [ -128.6981149, 53.1655366 ], [ -128.637651299999987, 53.1568746 ], [ -128.5756733, 53.093681 ], [ -128.5393001, 53.0275635 ], [ -128.5236176, 52.9649795 ], [ -128.5231259, 52.89859 ], [ -128.5431275, 52.8597603 ], [ -128.5456661, 52.8002312 ], [ -128.565546399999988, 52.7343117 ], [ -128.5878859, 52.7303994 ], [ -128.569826400000011, 52.6860053 ], [ -128.594132800000011, 52.6270274 ], [ -128.6327546, 52.6125446 ], [ -128.7550513, 52.6003463 ], [ -128.7541003, 52.6541045 ], [ -128.7383164, 52.6729681 ], [ -128.7574107, 52.726282 ], [ -128.7559272, 52.766392 ], [ -128.7318587, 52.7928595 ], [ -128.7068619, 52.8626785 ], [ -128.6558365, 52.9003958 ], [ -128.654169599999989, 52.9586076 ], [ -128.6811453, 52.9643471 ], [ -128.6810492, 52.9046656 ], [ -128.7175762, 52.8938174 ], [ -128.7572369, 52.8030284 ], [ -128.7898942, 52.7516329 ], [ -128.790147499999989, 52.7235133 ], [ -128.764418799999987, 52.7033721 ], [ -128.7968768, 52.6841667 ], [ -128.8946086, 52.6552567 ], [ -129.002382899999986, 52.69895 ], [ -129.0625794, 52.7384974 ], [ -129.0668423, 52.7572842 ], [ -129.1133898, 52.7985207 ], [ -129.1370389, 52.8480832 ], [ -129.1278888, 52.9222389 ], [ -129.161539, 52.9237529 ], [ -129.1981232, 52.9516019 ], [ -129.1966067, 53.0207601 ], [ -129.1687019, 53.0557985 ], [ -129.082197900000011, 53.0970336 ], [ -129.0939012, 53.1902168 ], [ -129.0485131, 53.208797 ], [ -129.0955406, 53.2880343 ], [ -129.0289649, 53.3065419 ] ] ], [ [ [ -128.6845336, 52.4832264 ], [ -128.6261845, 52.4595731 ], [ -128.6311743, 52.4152945 ], [ -128.6161156, 52.3648461 ], [ -128.6306188, 52.3058782 ], [ -128.6921755, 52.297397 ], [ -128.733428, 52.3140674 ], [ -128.7351564, 52.3560744 ], [ -128.7570107, 52.3763765 ], [ -128.77234, 52.4178979 ], [ -128.7622768, 52.4736173 ], [ -128.6845336, 52.4832264 ] ] ], [ [ [ -128.8720486, 53.716727 ], [ -128.836428899999987, 53.6881731 ], [ -128.882897500000013, 53.6624846 ], [ -128.872192500000011, 53.6338366 ], [ -128.907336, 53.5595071 ], [ -128.9684083, 53.5736866 ], [ -129.0628463, 53.5284252 ], [ -129.1030389, 53.4924796 ], [ -129.080734400000011, 53.4548064 ], [ -129.14919230000001, 53.4150553 ], [ -129.1735936, 53.4440835 ], [ -129.1788957, 53.5023493 ], [ -129.1708496, 53.5481946 ], [ -129.183123, 53.5979636 ], [ -129.1758249, 53.6269805 ], [ -129.0896553, 53.6722604 ], [ -129.0667362, 53.6707934 ], [ -128.9681252, 53.7068145 ], [ -128.9309697, 53.6947002 ], [ -128.8720486, 53.716727 ] ] ], [ [ [ -128.872655900000012, 53.7765367 ], [ -128.910228499999988, 53.7480682 ], [ -128.898008, 53.7343431 ], [ -128.937837699999989, 53.7104705 ], [ -128.9863168, 53.7164892 ], [ -129.055306699999988, 53.6802359 ], [ -129.0648567, 53.7079525 ], [ -128.872655900000012, 53.7765367 ] ] ], [ [ [ -128.94614, 69.95702 ], [ -128.918940099999986, 69.94946 ], [ -128.9175299, 69.89574 ], [ -128.97324, 69.88708 ], [ -128.9568501, 69.8295 ], [ -129.100160100000011, 69.8495 ], [ -129.0604601, 69.86741 ], [ -128.99259, 69.94159 ], [ -128.94614, 69.95702 ] ] ], [ [ [ -129.0096859, 53.5303108 ], [ -128.9895591, 53.4686853 ], [ -128.9203674, 53.3972341 ], [ -128.9279146, 53.3279976 ], [ -128.9560514, 53.3128469 ], [ -128.996426500000013, 53.3365229 ], [ -129.058099199999987, 53.332904 ], [ -129.1250575, 53.3124566 ], [ -129.150501600000013, 53.3470892 ], [ -129.1112335, 53.404086 ], [ -129.0535447, 53.4484216 ], [ -129.0655973, 53.4920381 ], [ -129.0096859, 53.5303108 ] ] ], [ [ [ -129.274673799999988, 52.8269337 ], [ -129.224929800000012, 52.805149 ], [ -129.145338400000014, 52.7544272 ], [ -129.1130384, 52.7429196 ], [ -129.039864, 52.6806119 ], [ -129.002041600000013, 52.6660735 ], [ -128.9322976, 52.6140016 ], [ -128.9422898, 52.5624765 ], [ -128.935464700000011, 52.5187533 ], [ -128.943466, 52.485189 ], [ -128.9743345, 52.4539048 ], [ -128.999293, 52.4606313 ], [ -128.9969954, 52.4960528 ], [ -129.136441, 52.5575659 ], [ -129.148484700000012, 52.5810155 ], [ -129.2278719, 52.6498076 ], [ -129.2281519, 52.6724255 ], [ -129.2694048, 52.7093681 ], [ -129.275683, 52.7354881 ], [ -129.305419199999989, 52.7606311 ], [ -129.2786658, 52.7923596 ], [ -129.274673799999988, 52.8269337 ] ] ], [ [ [ -129.2675609, 53.3272157 ], [ -129.22202870000001, 53.3142569 ], [ -129.172315200000014, 53.2843613 ], [ -129.167412500000012, 53.2002845 ], [ -129.1725437, 53.155053 ], [ -129.140109099999989, 53.1183113 ], [ -129.2259992, 53.0906987 ], [ -129.2826557, 53.0938234 ], [ -129.3265357, 53.1122114 ], [ -129.3492448, 53.1751159 ], [ -129.344022700000011, 53.2085891 ], [ -129.2562083, 53.2693971 ], [ -129.2860083, 53.3220131 ], [ -129.2675609, 53.3272157 ] ] ], [ [ [ -129.4876917, 53.1903335 ], [ -129.4509452, 53.1458298 ], [ -129.417988400000013, 53.1268651 ], [ -129.3877357, 53.0880255 ], [ -129.3165151, 53.0475594 ], [ -129.305749, 52.9639313 ], [ -129.370685, 52.9752537 ], [ -129.4246886, 53.0105727 ], [ -129.435629799999987, 53.0402788 ], [ -129.498455400000012, 53.0883772 ], [ -129.4878443, 53.1033614 ], [ -129.522119, 53.1326118 ], [ -129.563362500000011, 53.1410445 ], [ -129.5596965, 53.171806 ], [ -129.4876917, 53.1903335 ] ] ], [ [ [ -129.3511474, 52.8577023 ], [ -129.314025, 52.8341003 ], [ -129.326018299999987, 52.79828 ], [ -129.3730224, 52.8209663 ], [ -129.3511474, 52.8577023 ] ] ], [ [ [ -129.3255388, 53.2847344 ], [ -129.3456718, 53.2462309 ], [ -129.3794614, 53.2608789 ], [ -129.3715877, 53.2813548 ], [ -129.3255388, 53.2847344 ] ] ], [ [ [ -129.41261080000001, 53.4105519 ], [ -129.3346692, 53.3627156 ], [ -129.3378936, 53.3012837 ], [ -129.385543, 53.2954131 ], [ -129.3857248, 53.3239258 ], [ -129.4570683, 53.3770773 ], [ -129.41261080000001, 53.4105519 ] ] ], [ [ [ -130.2048709, 53.9111886 ], [ -130.1275229, 53.8893782 ], [ -130.098106300000012, 53.8636641 ], [ -130.0438289, 53.8439702 ], [ -129.929124699999988, 53.7638812 ], [ -129.825044100000014, 53.7099549 ], [ -129.739879699999989, 53.6389538 ], [ -129.7061603, 53.599724 ], [ -129.5920318, 53.5288909 ], [ -129.4402513, 53.4270386 ], [ -129.435781, 53.3990101 ], [ -129.4593999, 53.3829294 ], [ -129.4720642, 53.352138 ], [ -129.46926, 53.2937198 ], [ -129.512346, 53.2582968 ], [ -129.499451599999986, 53.217046 ], [ -129.5640182, 53.2184489 ], [ -129.606475100000011, 53.2363626 ], [ -129.6626434, 53.2758758 ], [ -129.6995475, 53.3206288 ], [ -129.7322007, 53.3304117 ], [ -129.779613, 53.3710928 ], [ -129.831789, 53.3867505 ], [ -129.8497951, 53.4082419 ], [ -129.8544319, 53.4482365 ], [ -129.9130762, 53.4662314 ], [ -129.8790051, 53.5458675 ], [ -129.9219507, 53.5524217 ], [ -129.8928416, 53.5837073 ], [ -130.0088285, 53.5647895 ], [ -130.0618242, 53.5978967 ], [ -130.0627524, 53.6245664 ], [ -130.099043599999987, 53.6682768 ], [ -130.1026019, 53.7008186 ], [ -130.2058639, 53.7213799 ], [ -130.2037922, 53.7475127 ], [ -130.2218215, 53.8132372 ], [ -130.2900798, 53.8236054 ], [ -130.2872112, 53.8688055 ], [ -130.2048709, 53.9111886 ] ] ], [ [ [ -129.574968399999989, 53.0517067 ], [ -129.5311336, 53.025967 ], [ -129.5542931, 53.008969 ], [ -129.5924589, 53.0206703 ], [ -129.574968399999989, 53.0517067 ] ] ], [ [ [ -129.6365709, 53.0215647 ], [ -129.5780411, 53.0003611 ], [ -129.587341900000013, 52.9709654 ], [ -129.6268298, 52.9480727 ], [ -129.6750165, 53.011789 ], [ -129.6365709, 53.0215647 ] ] ], [ [ [ -129.686212899999987, 53.1349346 ], [ -129.6601986, 53.1267483 ], [ -129.5985838, 53.0785587 ], [ -129.6217749, 53.0510843 ], [ -129.7275328, 53.0741451 ], [ -129.746755, 53.0963015 ], [ -129.7459844, 53.1346014 ], [ -129.686212899999987, 53.1349346 ] ] ], [ [ [ -130.4688408, 53.637568 ], [ -130.3994382, 53.6182985 ], [ -130.2795696, 53.5760607 ], [ -130.246914, 53.5698711 ], [ -130.107528, 53.5143056 ], [ -130.076717800000011, 53.4923386 ], [ -129.977519199999989, 53.4425197 ], [ -129.9055435, 53.3918221 ], [ -129.8202604, 53.2985564 ], [ -129.755694799999986, 53.2185742 ], [ -129.7824119, 53.1659568 ], [ -129.8338051, 53.1872103 ], [ -129.8830585, 53.1690288 ], [ -129.961756799999989, 53.1701909 ], [ -130.0012145, 53.2154338 ], [ -130.0911626, 53.2649222 ], [ -130.1018341, 53.3074064 ], [ -130.150822799999986, 53.3235925 ], [ -130.1587135, 53.3404794 ], [ -130.2208602, 53.3597091 ], [ -130.220663800000011, 53.3739326 ], [ -130.29110270000001, 53.3798246 ], [ -130.414681300000012, 53.466774 ], [ -130.3875921, 53.5049998 ], [ -130.4564239, 53.5071475 ], [ -130.493965300000013, 53.5369348 ], [ -130.5481079, 53.5513749 ], [ -130.5306153, 53.6296651 ], [ -130.4688408, 53.637568 ] ] ], [ [ [ -129.9411155, 53.5474355 ], [ -129.8921733, 53.5333031 ], [ -129.927682800000014, 53.4694715 ], [ -129.9746725, 53.4760542 ], [ -130.0261643, 53.5099802 ], [ -129.9411155, 53.5474355 ] ] ], [ [ [ -130.2775073, 53.7998752 ], [ -130.2246309, 53.7715719 ], [ -130.231054199999988, 53.7255457 ], [ -130.207884299999989, 53.7109049 ], [ -130.158317899999986, 53.7096516 ], [ -130.110341, 53.6759476 ], [ -130.124087300000014, 53.6520978 ], [ -130.094148499999989, 53.5803376 ], [ -130.11085030000001, 53.5623584 ], [ -130.1873597, 53.5803376 ], [ -130.3563399, 53.6293304 ], [ -130.4093315, 53.6746801 ], [ -130.3532866, 53.7313836 ], [ -130.298159199999986, 53.7517412 ], [ -130.315430600000013, 53.7725432 ], [ -130.2775073, 53.7998752 ] ] ], [ [ [ -130.190585199999987, 54.0799018 ], [ -130.161187899999987, 54.0677491 ], [ -130.1295701, 54.0204383 ], [ -130.1473269, 53.9879207 ], [ -130.2063087, 54.0032708 ], [ -130.2242096, 54.0543159 ], [ -130.190585199999987, 54.0799018 ] ] ], [ [ [ -130.188738699999988, 55.0327976 ], [ -130.158006300000011, 54.9860195 ], [ -130.152857899999987, 54.9579654 ], [ -130.2760299, 54.8336006 ], [ -130.423230100000012, 54.7686182 ], [ -130.4888043, 54.8292809 ], [ -130.4577864, 54.8411788 ], [ -130.3908912, 54.886641 ], [ -130.344508600000012, 54.9057667 ], [ -130.293148300000013, 54.9413847 ], [ -130.2297654, 55.0103179 ], [ -130.188738699999988, 55.0327976 ] ] ], [ [ [ -130.25771850000001, 54.1939824 ], [ -130.2280783, 54.190036 ], [ -130.154851799999989, 54.1505469 ], [ -130.1917899, 54.1182159 ], [ -130.2460132, 54.1172175 ], [ -130.2894076, 54.1518415 ], [ -130.25771850000001, 54.1939824 ] ] ], [ [ [ -130.2173735, 54.8013266 ], [ -130.2025908, 54.7812253 ], [ -130.218560599999989, 54.7357958 ], [ -130.2597218, 54.7157914 ], [ -130.332772799999987, 54.7037127 ], [ -130.370841399999989, 54.7188378 ], [ -130.3267166, 54.7468748 ], [ -130.2611552, 54.7669433 ], [ -130.2173735, 54.8013266 ] ] ], [ [ [ -130.4148213, 54.1020568 ], [ -130.3172064, 54.0530897 ], [ -130.2408136, 53.9860749 ], [ -130.2310259, 53.9520734 ], [ -130.279502, 53.9017689 ], [ -130.33470890000001, 53.8798018 ], [ -130.3437324, 53.8276644 ], [ -130.413802800000013, 53.8288265 ], [ -130.439826399999987, 53.8482214 ], [ -130.5033783, 53.8373917 ], [ -130.496453, 53.874612 ], [ -130.551357700000011, 53.8977811 ], [ -130.611161, 53.9488874 ], [ -130.6796091, 53.9328123 ], [ -130.6989293, 53.8924218 ], [ -130.6157064, 53.8618027 ], [ -130.6158111, 53.8451978 ], [ -130.690448800000013, 53.8421557 ], [ -130.7219029, 53.8689551 ], [ -130.7112004, 53.8977668 ], [ -130.7321274, 53.9102315 ], [ -130.7225683, 53.9398536 ], [ -130.6901723, 53.9548135 ], [ -130.6642272, 53.9941345 ], [ -130.630271099999987, 54.0023935 ], [ -130.6021953, 54.0329556 ], [ -130.5589939, 54.0540823 ], [ -130.4471165, 54.0816736 ], [ -130.4148213, 54.1020568 ] ] ], [ [ [ -130.283458700000011, 54.3330095 ], [ -130.248397899999986, 54.299663 ], [ -130.2596609, 54.2548118 ], [ -130.33594690000001, 54.2412719 ], [ -130.3610181, 54.2740442 ], [ -130.352877299999989, 54.3009123 ], [ -130.283458700000011, 54.3330095 ] ] ], [ [ [ -130.3745803, 53.7832148 ], [ -130.347003199999989, 53.7790148 ], [ -130.3332886, 53.7499809 ], [ -130.389870300000013, 53.7535186 ], [ -130.3745803, 53.7832148 ] ] ], [ [ [ -130.4363761, 54.3288511 ], [ -130.38452, 54.2991218 ], [ -130.3675251, 54.2602338 ], [ -130.4083809, 54.2489954 ], [ -130.473384399999986, 54.3049896 ], [ -130.4363761, 54.3288511 ] ] ], [ [ [ -130.4317375, 53.7964514 ], [ -130.400222899999989, 53.7793039 ], [ -130.44680790000001, 53.7499766 ], [ -130.475968599999987, 53.7740628 ], [ -130.4317375, 53.7964514 ] ] ], [ [ [ -130.4921931, 54.8236126 ], [ -130.4359567, 54.7570806 ], [ -130.4742588, 54.7051212 ], [ -130.5367225, 54.7024579 ], [ -130.5959291, 54.7257267 ], [ -130.64344890000001, 54.7633358 ], [ -130.598581599999989, 54.7643042 ], [ -130.4921931, 54.8236126 ] ] ], [ [ [ -130.561977399999989, 53.8486615 ], [ -130.500373700000011, 53.8196219 ], [ -130.5430534, 53.7892193 ], [ -130.5897575, 53.7882223 ], [ -130.6409951, 53.812441 ], [ -130.561977399999989, 53.8486615 ] ] ], [ [ [ -130.631845199999987, 53.9185574 ], [ -130.5922128, 53.9031076 ], [ -130.620909, 53.8748385 ], [ -130.6618015, 53.9002136 ], [ -130.631845199999987, 53.9185574 ] ] ], [ [ [ -130.785975400000012, 54.2163596 ], [ -130.6426889, 54.1409064 ], [ -130.649538799999988, 54.1144845 ], [ -130.69780750000001, 54.1136955 ], [ -130.8019658, 54.1594995 ], [ -130.821285, 54.1749222 ], [ -130.785975400000012, 54.2163596 ] ] ], [ [ [ -130.7258578, 54.4122468 ], [ -130.7023403, 54.3928775 ], [ -130.7115015, 54.363949 ], [ -130.76208840000001, 54.3569106 ], [ -130.7921912, 54.3869927 ], [ -130.7258578, 54.4122468 ] ] ], [ [ [ -130.7756487, 54.4728099 ], [ -130.7317607, 54.4279914 ], [ -130.760815799999989, 54.413144 ], [ -130.8077269, 54.4428787 ], [ -130.7756487, 54.4728099 ] ] ], [ [ [ -130.8949304, 54.6347995 ], [ -130.850898, 54.6147608 ], [ -130.752274699999987, 54.6047059 ], [ -130.758846, 54.569978 ], [ -130.8455803, 54.5115911 ], [ -130.949650600000012, 54.469003 ], [ -130.975418600000012, 54.5335652 ], [ -130.9421312, 54.5708339 ], [ -130.9326878, 54.6144902 ], [ -130.8949304, 54.6347995 ] ] ], [ [ [ -130.7925189, 54.4954448 ], [ -130.811967900000013, 54.452307 ], [ -130.853521699999988, 54.4580764 ], [ -130.7925189, 54.4954448 ] ] ], [ [ [ -130.9329299, 69.5165701 ], [ -130.84517, 69.4922201 ], [ -130.863463700000011, 69.4613502 ], [ -130.81166, 69.41895 ], [ -130.90124990000001, 69.4109701 ], [ -130.90841, 69.45172 ], [ -130.94212, 69.4681299 ], [ -130.9329299, 69.5165701 ] ] ], [ [ [ -131.0976715, 52.1523669 ], [ -131.052625400000011, 52.1496808 ], [ -131.0464921, 52.1182514 ], [ -130.9365788, 52.0934744 ], [ -130.939667899999989, 52.0774891 ], [ -130.9923028, 52.0584018 ], [ -131.04133920000001, 52.0562769 ], [ -131.0319384, 52.0336263 ], [ -130.9771005, 52.0110896 ], [ -131.030822199999989, 51.9971181 ], [ -131.019718, 51.9727513 ], [ -131.0661614, 51.9647601 ], [ -131.0952644, 52.0060337 ], [ -131.077877199999989, 52.0166284 ], [ -131.1267442, 52.0749811 ], [ -131.1321931, 52.099872 ], [ -131.1173896, 52.1504499 ], [ -131.0976715, 52.1523669 ] ] ], [ [ [ -131.80492910000001, 53.2540114 ], [ -131.7731345, 53.1975742 ], [ -131.7770741, 53.1584839 ], [ -131.724999200000013, 53.1521348 ], [ -131.6898367, 53.1105821 ], [ -131.6455134, 53.1091023 ], [ -131.643834, 53.0824426 ], [ -131.61737930000001, 53.0279523 ], [ -131.7537146, 53.0522265 ], [ -131.805554699999988, 53.0680011 ], [ -131.8877247, 53.0641913 ], [ -131.955231700000013, 53.0371726 ], [ -131.9626395, 53.0155588 ], [ -131.9157722, 52.9735262 ], [ -131.8891173, 52.8919574 ], [ -131.8472217, 52.8632496 ], [ -131.8511981, 52.8332529 ], [ -131.8135548, 52.7964542 ], [ -131.7773697, 52.801822 ], [ -131.8036846, 52.7419768 ], [ -131.7932107, 52.715139 ], [ -131.7438377, 52.6938641 ], [ -131.696921300000014, 52.6348534 ], [ -131.7011048, 52.6120604 ], [ -131.6748935, 52.5807506 ], [ -131.6337264, 52.558409 ], [ -131.645666799999987, 52.5388546 ], [ -131.6019325, 52.5205621 ], [ -131.550076, 52.5196506 ], [ -131.4713071, 52.5024831 ], [ -131.450776100000013, 52.461896 ], [ -131.4173312, 52.4581959 ], [ -131.4264147, 52.4083814 ], [ -131.3930718, 52.3998176 ], [ -131.3443997, 52.338306 ], [ -131.341881699999988, 52.3042745 ], [ -131.2678742, 52.2878875 ], [ -131.2446615, 52.304095 ], [ -131.1736539, 52.3206657 ], [ -131.13717170000001, 52.315127 ], [ -131.1263582, 52.2808548 ], [ -131.0910046, 52.2881952 ], [ -131.0868754, 52.2462038 ], [ -131.0683211, 52.2179802 ], [ -131.0099057, 52.2169747 ], [ -131.0148711, 52.1814535 ], [ -131.0451371, 52.1632892 ], [ -131.12065960000001, 52.1663441 ], [ -131.150775900000014, 52.129487 ], [ -131.1935828, 52.1213875 ], [ -131.2715586, 52.1350542 ], [ -131.350230399999987, 52.208438 ], [ -131.3905948, 52.1952356 ], [ -131.4297551, 52.22179 ], [ -131.443067500000012, 52.2551564 ], [ -131.502642900000012, 52.2888802 ], [ -131.5071092, 52.3131915 ], [ -131.5576404, 52.3263711 ], [ -131.55756, 52.3504189 ], [ -131.5997374, 52.377466 ], [ -131.574992900000012, 52.4256684 ], [ -131.612533899999988, 52.4181984 ], [ -131.6543294, 52.4560895 ], [ -131.6550757, 52.4733566 ], [ -131.7829084, 52.5116935 ], [ -131.8175085, 52.5472517 ], [ -131.870159, 52.5775603 ], [ -131.8940532, 52.5781386 ], [ -131.9418672, 52.6382288 ], [ -132.045541500000013, 52.6844458 ], [ -132.108285200000012, 52.7347902 ], [ -132.0564205, 52.7630907 ], [ -131.96973220000001, 52.7950927 ], [ -132.039393, 52.8051134 ], [ -132.0726037, 52.8519101 ], [ -132.0917629, 52.8453032 ], [ -132.060679599999986, 52.8034855 ], [ -132.1001948, 52.7845564 ], [ -132.102452199999988, 52.7568327 ], [ -132.135236600000013, 52.7442398 ], [ -132.183224700000011, 52.7909824 ], [ -132.2352502, 52.8000574 ], [ -132.260269599999987, 52.8308802 ], [ -132.2614199, 52.8652222 ], [ -132.2952425, 52.8775615 ], [ -132.3436996, 52.9210099 ], [ -132.3565605, 52.9475172 ], [ -132.2298609, 52.9604747 ], [ -132.1614746, 52.9750287 ], [ -132.272009, 53.0206461 ], [ -132.3339475, 53.0326522 ], [ -132.4069397, 53.0253289 ], [ -132.4687111, 53.0355362 ], [ -132.4975904, 53.0273 ], [ -132.5331086, 53.0456837 ], [ -132.576419499999986, 53.0880155 ], [ -132.5656938, 53.0989022 ], [ -132.4566135, 53.0958102 ], [ -132.4164204, 53.0992069 ], [ -132.3886707, 53.1082122 ], [ -132.393837100000013, 53.1262826 ], [ -132.3020711, 53.1531375 ], [ -132.2323112, 53.1393426 ], [ -132.1609719, 53.1566709 ], [ -132.0839619, 53.1479932 ], [ -132.0138854, 53.1984031 ], [ -131.986944599999987, 53.1993445 ], [ -131.9119733, 53.2376757 ], [ -131.853819, 53.2363668 ], [ -131.80492910000001, 53.2540114 ] ] ], [ [ [ -131.283201, 52.4491194 ], [ -131.2358247, 52.4418332 ], [ -131.3047468, 52.3803429 ], [ -131.2964864, 52.3590482 ], [ -131.3145256, 52.3284732 ], [ -131.3501511, 52.3576154 ], [ -131.3681104, 52.4061382 ], [ -131.283201, 52.4491194 ] ] ], [ [ [ -131.3717232, 52.5834281 ], [ -131.3493139, 52.5682375 ], [ -131.3736905, 52.5435986 ], [ -131.4232706, 52.5509917 ], [ -131.3717232, 52.5834281 ] ] ], [ [ [ -131.4878095, 52.7381656 ], [ -131.4416625, 52.7042808 ], [ -131.4635733, 52.6746117 ], [ -131.4633459, 52.6256189 ], [ -131.51992820000001, 52.6163971 ], [ -131.565917, 52.6473779 ], [ -131.5843835, 52.6278406 ], [ -131.546305499999988, 52.5986757 ], [ -131.6063522, 52.5834851 ], [ -131.6635743, 52.6408693 ], [ -131.655657100000013, 52.6597515 ], [ -131.729896200000013, 52.7076391 ], [ -131.6923179, 52.7325998 ], [ -131.525358899999986, 52.7270297 ], [ -131.4878095, 52.7381656 ] ] ], [ [ [ -131.832493199999988, 53.0387763 ], [ -131.7817689, 53.0288325 ], [ -131.754335, 53.0097865 ], [ -131.661784, 52.9989469 ], [ -131.605723899999987, 52.9630084 ], [ -131.617879, 52.9292988 ], [ -131.6598827, 52.8894209 ], [ -131.6952016, 52.8737503 ], [ -131.7940355, 52.8818683 ], [ -131.815704399999987, 52.867122 ], [ -131.8934448, 52.9334617 ], [ -131.9163523, 53.0166313 ], [ -131.878107699999987, 53.0383903 ], [ -131.832493199999988, 53.0387763 ] ] ], [ [ [ -131.6452437, 52.7783966 ], [ -131.6096111, 52.7518764 ], [ -131.711058, 52.7457053 ], [ -131.689153800000014, 52.7687661 ], [ -131.6452437, 52.7783966 ] ] ], [ [ [ -131.676282500000013, 54.0721071 ], [ -131.7080396, 53.9772876 ], [ -131.759434700000014, 53.9121357 ], [ -131.8626214, 53.8069364 ], [ -131.8847115, 53.7702417 ], [ -131.87443780000001, 53.7087614 ], [ -131.91781, 53.6502364 ], [ -131.9308665, 53.6170238 ], [ -131.924947, 53.5629195 ], [ -131.9559146, 53.5127461 ], [ -131.91205690000001, 53.4319592 ], [ -131.9383741, 53.3505286 ], [ -131.9730851, 53.2757505 ], [ -132.0021888, 53.2447184 ], [ -132.0903296, 53.2547633 ], [ -132.1535854, 53.2381542 ], [ -132.223315, 53.2295491 ], [ -132.275643300000013, 53.2052564 ], [ -132.2533767, 53.184369 ], [ -132.193627, 53.1970473 ], [ -132.1369047, 53.1952471 ], [ -132.1314998, 53.1784186 ], [ -132.2465292, 53.1470732 ], [ -132.299466, 53.1548679 ], [ -132.3606374, 53.1533354 ], [ -132.397582, 53.1377845 ], [ -132.4500425, 53.1356653 ], [ -132.55747980000001, 53.1713033 ], [ -132.5940929, 53.2037168 ], [ -132.5671477, 53.2191382 ], [ -132.6195349, 53.2485638 ], [ -132.6872615, 53.2608048 ], [ -132.700602, 53.2854551 ], [ -132.6282689, 53.2911946 ], [ -132.637379399999986, 53.3153464 ], [ -132.7020933, 53.327005 ], [ -132.749486, 53.3164986 ], [ -132.7205746, 53.3769349 ], [ -132.689029, 53.3647479 ], [ -132.540866599999987, 53.3657235 ], [ -132.483285599999988, 53.3222552 ], [ -132.4121412, 53.3206516 ], [ -132.432945100000012, 53.3480662 ], [ -132.5224643, 53.3784616 ], [ -132.5323723, 53.4151179 ], [ -132.6532118, 53.4267437 ], [ -132.7663061, 53.4585549 ], [ -132.7297087, 53.4908517 ], [ -132.8135656, 53.4816541 ], [ -132.832084, 53.4702505 ], [ -132.893945300000013, 53.4685614 ], [ -132.8890892, 53.4989982 ], [ -132.9379331, 53.5163037 ], [ -132.933819699999987, 53.5546392 ], [ -133.0022095, 53.5896035 ], [ -132.9669231, 53.6057313 ], [ -132.914417500000013, 53.6059064 ], [ -132.952255799999989, 53.6626583 ], [ -132.9306086, 53.7046754 ], [ -132.993434400000012, 53.7197948 ], [ -132.994022699999988, 53.7469459 ], [ -133.0245104, 53.7639766 ], [ -133.1111678, 53.7753518 ], [ -133.1282711, 53.7978785 ], [ -133.081746, 53.8224575 ], [ -133.1395286, 53.8676334 ], [ -133.154275399999989, 53.9137251 ], [ -133.1135016, 53.9616255 ], [ -133.118777099999988, 54.0004894 ], [ -133.079543699999988, 54.0078782 ], [ -133.0503486, 54.045389 ], [ -133.0696345, 54.0557416 ], [ -133.0730227, 54.1073136 ], [ -133.1000644, 54.122819 ], [ -133.0515383, 54.1606161 ], [ -133.0163709, 54.175593 ], [ -132.9368374, 54.1661833 ], [ -132.9178054, 54.148281 ], [ -132.8153002, 54.1270204 ], [ -132.6613467, 54.1534423 ], [ -132.5842998, 54.1212196 ], [ -132.5664607, 54.0526952 ], [ -132.5909891, 54.0245998 ], [ -132.6831149, 53.9824047 ], [ -132.647998699999988, 53.9537895 ], [ -132.5894108, 53.979562 ], [ -132.563860299999988, 54.0389231 ], [ -132.522833100000014, 54.0615224 ], [ -132.4843153, 54.0656583 ], [ -132.429090300000013, 54.0923694 ], [ -132.3531921, 54.109316 ], [ -132.2918052, 54.1067354 ], [ -132.238278799999989, 54.0695279 ], [ -132.2504989, 54.0395981 ], [ -132.176457199999987, 54.015717 ], [ -132.1529772, 53.9857701 ], [ -132.1527824, 53.9307116 ], [ -132.106901099999988, 53.8883072 ], [ -132.1293006, 53.8428806 ], [ -132.2016226, 53.8162579 ], [ -132.223080399999986, 53.7842801 ], [ -132.259797099999986, 53.7646517 ], [ -132.4078422, 53.7464944 ], [ -132.4318324, 53.7222231 ], [ -132.48292330000001, 53.7025918 ], [ -132.5661236, 53.6887043 ], [ -132.5871549, 53.650685 ], [ -132.478286700000012, 53.6552382 ], [ -132.3602325, 53.6755389 ], [ -132.408537599999988, 53.6412496 ], [ -132.458828, 53.6184124 ], [ -132.4023254, 53.6094029 ], [ -132.354039199999988, 53.6245479 ], [ -132.3461878, 53.6643033 ], [ -132.2990337, 53.6713674 ], [ -132.2245682, 53.6681088 ], [ -132.1600056, 53.7077132 ], [ -132.1394329, 53.7499966 ], [ -132.1284694, 53.8085843 ], [ -132.0891502, 53.8907369 ], [ -132.123786700000011, 53.9283118 ], [ -132.123215499999986, 53.9684546 ], [ -132.1432543, 54.0074609 ], [ -132.172323799999987, 54.031634 ], [ -131.9948283, 54.0284651 ], [ -131.890368200000012, 54.0485294 ], [ -131.8369813, 54.0688899 ], [ -131.7928824, 54.0723507 ], [ -131.7350064, 54.0988908 ], [ -131.658072299999986, 54.1535719 ], [ -131.676282500000013, 54.0721071 ] ] ], [ [ [ -131.7500886, 52.860387 ], [ -131.6618382, 52.8306025 ], [ -131.739438799999988, 52.8071372 ], [ -131.830471100000011, 52.8191276 ], [ -131.8058982, 52.8443418 ], [ -131.7500886, 52.860387 ] ] ], [ [ [ -132.0817299, 69.2967701 ], [ -132.1309599, 69.2472101 ], [ -132.17735, 69.25104 ], [ -132.11869, 69.29075 ], [ -132.0817299, 69.2967701 ] ] ], [ [ [ -132.1357861, 53.8044341 ], [ -132.141082399999988, 53.749622 ], [ -132.194291600000014, 53.7451799 ], [ -132.2154006, 53.7714152 ], [ -132.2034309, 53.7907204 ], [ -132.1357861, 53.8044341 ] ] ], [ [ [ -132.330124500000011, 53.0080903 ], [ -132.2218887, 52.9934879 ], [ -132.197821800000014, 52.9769158 ], [ -132.32241830000001, 52.9635054 ], [ -132.330124500000011, 53.0080903 ] ] ], [ [ [ -132.58553950000001, 53.1523556 ], [ -132.4915115, 53.1247316 ], [ -132.4087672, 53.1288205 ], [ -132.3935405, 53.1072409 ], [ -132.5427684, 53.1050932 ], [ -132.5918304, 53.1230639 ], [ -132.58553950000001, 53.1523556 ] ] ], [ [ [ -132.5687699, 68.8537799 ], [ -132.52335, 68.8197499 ], [ -132.614469899999989, 68.8208 ], [ -132.6260499, 68.8414199 ], [ -132.5687699, 68.8537799 ] ] ], [ [ [ -133.0340819, 54.2576403 ], [ -132.9802723, 54.2499994 ], [ -132.968717700000013, 54.2233952 ], [ -132.978807499999988, 54.1873741 ], [ -133.016524800000013, 54.192873 ], [ -133.0729935, 54.2502871 ], [ -133.0340819, 54.2576403 ] ] ], [ [ [ -133.58321, 69.5239201 ], [ -133.54507, 69.50496 ], [ -133.61031, 69.47749 ], [ -133.6486, 69.4827801 ], [ -133.58321, 69.5239201 ] ] ], [ [ [ -134.37189, 69.7041401 ], [ -134.3399101, 69.65571 ], [ -134.25094, 69.65817 ], [ -134.2141801, 69.61903 ], [ -134.27283, 69.5766 ], [ -134.1314899, 69.5245801 ], [ -134.0057399, 69.54423 ], [ -134.0013899, 69.5121201 ], [ -133.88561, 69.4934 ], [ -133.87959, 69.5248101 ], [ -133.82347, 69.5231599 ], [ -133.7896199, 69.4827901 ], [ -133.88558, 69.40982 ], [ -133.992360100000013, 69.37826 ], [ -134.0563299, 69.34156 ], [ -134.09415, 69.27682 ], [ -134.20403, 69.26229 ], [ -134.2279699, 69.22791 ], [ -134.284129900000011, 69.1878401 ], [ -134.3789499, 69.16077 ], [ -134.37989, 69.1025 ], [ -134.53921, 69.1014599 ], [ -134.60404, 69.07964 ], [ -134.62516, 69.03624 ], [ -134.67674, 68.99954 ], [ -134.73833, 69.0336401 ], [ -134.84372, 69.06751 ], [ -134.7897599, 69.10374 ], [ -134.89928, 69.10819 ], [ -135.00134, 69.18259 ], [ -134.9934199, 69.23192 ], [ -134.91297, 69.2656401 ], [ -134.94955, 69.3571501 ], [ -134.85304, 69.38214 ], [ -134.84126, 69.4064101 ], [ -134.7960999, 69.42157 ], [ -134.7585001, 69.4060601 ], [ -134.7164, 69.40459 ], [ -134.69799, 69.39805 ], [ -134.70684, 69.38758 ], [ -134.69474, 69.3709499 ], [ -134.643860100000012, 69.35756 ], [ -134.616429900000014, 69.37258 ], [ -134.7039299, 69.38834 ], [ -134.691780099999988, 69.40033 ], [ -134.7214601, 69.4069 ], [ -134.74541, 69.4079601 ], [ -134.7320201, 69.4336301 ], [ -134.66781, 69.4253399 ], [ -134.60715, 69.38457 ], [ -134.530690099999987, 69.4316699 ], [ -134.465860099999986, 69.43736 ], [ -134.42693, 69.46561 ], [ -134.4492099, 69.49098 ], [ -134.52687, 69.50617 ], [ -134.57891, 69.49339 ], [ -134.6210801, 69.5205701 ], [ -134.496560100000011, 69.52333 ], [ -134.50196, 69.5581 ], [ -134.46503, 69.57282 ], [ -134.426730099999986, 69.6233001 ], [ -134.46615, 69.68898 ], [ -134.37189, 69.7041401 ] ] ], [ [ [ -133.87824, 69.60647 ], [ -133.81858, 69.58524 ], [ -133.9401, 69.5563701 ], [ -134.0175001, 69.5665299 ], [ -133.93254, 69.60514 ], [ -133.87824, 69.60647 ] ] ], [ [ [ -133.9492401, 69.34043 ], [ -133.924359900000013, 69.31676 ], [ -133.95975, 69.2875799 ], [ -134.01687, 69.28587 ], [ -134.04214, 69.31873 ], [ -133.9492401, 69.34043 ] ] ], [ [ [ -134.8694, 69.0762201 ], [ -134.79744, 69.04701 ], [ -134.75398, 69.03826 ], [ -134.695139899999987, 69.0085199 ], [ -134.75847, 68.95443 ], [ -134.8390801, 68.9680699 ], [ -134.90965, 69.0246101 ], [ -134.92019, 69.06858 ], [ -134.8694, 69.0762201 ] ] ], [ [ [ -134.80001, 69.47027 ], [ -134.723920099999987, 69.4416699 ], [ -134.7768599, 69.42117 ], [ -134.80001, 69.47027 ] ] ], [ [ [ -134.8625601, 69.48119 ], [ -134.7905299, 69.43447 ], [ -134.8252199, 69.41483 ], [ -134.88064, 69.44095 ], [ -134.8625601, 69.48119 ] ] ], [ [ [ -134.9034, 69.47393 ], [ -134.882819899999987, 69.4404399 ], [ -134.8509999, 69.41613 ], [ -134.884249899999986, 69.3773099 ], [ -134.9854001, 69.36687 ], [ -134.98249, 69.38911 ], [ -134.984300100000013, 69.3909 ], [ -134.993, 69.39102 ], [ -135.01695, 69.39371 ], [ -135.02749, 69.4116 ], [ -135.01479, 69.42438 ], [ -134.9929899, 69.42847 ], [ -134.98935, 69.4376699 ], [ -135.00317, 69.44815 ], [ -134.97189, 69.4522299 ], [ -134.9034, 69.47393 ] ] ], [ [ [ -135.02685, 69.1792801 ], [ -134.99882, 69.1777399 ], [ -134.9436299, 69.1273799 ], [ -134.87506, 69.0865699 ], [ -134.92556, 69.0675599 ], [ -134.96456, 69.03984 ], [ -135.07028, 69.05862 ], [ -135.1032799, 69.08748 ], [ -135.01028, 69.10898 ], [ -135.00205, 69.15652 ], [ -135.02685, 69.1792801 ] ] ], [ [ [ -135.0541399, 69.4685799 ], [ -135.0039, 69.4665501 ], [ -134.97625, 69.4540199 ], [ -135.0060801, 69.4496799 ], [ -134.99445, 69.43051 ], [ -135.0187899, 69.42514 ], [ -135.0304, 69.41338 ], [ -135.0296501, 69.39855 ], [ -135.01259, 69.39115 ], [ -134.98648, 69.39013 ], [ -134.9897499, 69.38246 ], [ -134.9893901, 69.36687 ], [ -134.9506199, 69.36533 ], [ -134.9478301, 69.32086 ], [ -135.00568, 69.2973501 ], [ -134.99846, 69.3137099 ], [ -135.01148, 69.3333899 ], [ -135.0078699, 69.3574099 ], [ -135.0812201, 69.40723 ], [ -135.0828099, 69.4445499 ], [ -135.0541399, 69.4685799 ] ] ], [ [ [ -135.173410100000012, 69.4511299 ], [ -135.14211, 69.4483399 ], [ -135.0699199, 69.3957401 ], [ -135.177319899999986, 69.39566 ], [ -135.19449, 69.36778 ], [ -135.1652099, 69.33075 ], [ -135.12902, 69.32797 ], [ -135.04593, 69.37581 ], [ -135.0107601, 69.35767 ], [ -135.02993, 69.3359399 ], [ -135.0006201, 69.3126901 ], [ -135.02372, 69.28227 ], [ -135.15266, 69.2951101 ], [ -135.19514, 69.27961 ], [ -135.095389899999986, 69.24761 ], [ -135.046440100000012, 69.2725501 ], [ -134.98547, 69.2623399 ], [ -135.07877, 69.2349701 ], [ -135.10601, 69.2078599 ], [ -135.19219480000001, 69.2356499 ], [ -135.1628047, 69.2540801 ], [ -135.2621301, 69.29818 ], [ -135.2446799, 69.32031 ], [ -135.26172, 69.35389 ], [ -135.333739900000012, 69.3979899 ], [ -135.30323, 69.4220701 ], [ -135.173410100000012, 69.4511299 ] ] ], [ [ [ -135.2921599, 69.5161401 ], [ -135.2101099, 69.48329 ], [ -135.3402999, 69.46852 ], [ -135.2921599, 69.5161401 ] ] ], [ [ [ -135.44795, 69.3933901 ], [ -135.35347, 69.38415 ], [ -135.27808, 69.3587299 ], [ -135.2589299, 69.3326801 ], [ -135.29933, 69.29799 ], [ -135.413660099999987, 69.34568 ], [ -135.53577, 69.36502 ], [ -135.5217299, 69.3839799 ], [ -135.44795, 69.3933901 ] ] ], [ [ [ -135.41929, 69.6358801 ], [ -135.4849499, 69.5704099 ], [ -135.5382701, 69.5524901 ], [ -135.59063, 69.5826 ], [ -135.5121799, 69.6229801 ], [ -135.41929, 69.6358801 ] ] ], [ [ [ -135.52777, 69.0077201 ], [ -135.44699, 68.9790699 ], [ -135.5250799, 68.9548199 ], [ -135.559659900000014, 68.9299199 ], [ -135.55202, 68.89441 ], [ -135.63853, 68.8939801 ], [ -135.72804, 68.9305601 ], [ -135.7764301, 68.9839 ], [ -135.65108, 68.98301 ], [ -135.52777, 69.0077201 ] ] ], [ [ [ -135.85041, 68.9813701 ], [ -135.7599, 68.9480599 ], [ -135.7346399, 68.92618 ], [ -135.654780100000011, 68.89162 ], [ -135.72679, 68.88161 ], [ -135.9031043, 68.9149002 ], [ -135.99717, 68.9440201 ], [ -135.9631199, 68.95355 ], [ -135.97972, 68.96688 ], [ -135.89524, 68.98076 ], [ -135.85041, 68.9813701 ] ] ], [ [ [ -135.741419900000011, 69.50817 ], [ -135.665039900000011, 69.4683499 ], [ -135.8250299, 69.49118 ], [ -135.741419900000011, 69.50817 ] ] ], [ [ [ -135.97292, 69.03056 ], [ -135.87997, 69.00832 ], [ -135.82338, 68.9822701 ], [ -135.89318990000001, 68.9829401 ], [ -135.9691001, 68.9763899 ], [ -136.00108, 69.00637 ], [ -135.97292, 69.03056 ] ] ], [ [ [ -136.0282699, 69.0085101 ], [ -135.9849099, 68.9796299 ], [ -135.978217300000011, 68.9538919 ], [ -136.04812, 68.9536901 ], [ -136.113749899999988, 69.0000501 ], [ -136.0282699, 69.0085101 ] ] ], [ [ [ -136.2164501, 69.17523 ], [ -136.1663201, 69.1648399 ], [ -135.991200099999986, 69.1035701 ], [ -136.01728, 69.0790001 ], [ -136.10368, 69.09048 ], [ -136.21333, 69.14509 ], [ -136.2164501, 69.17523 ] ] ], [ [ [ -138.9588401, 69.6202001 ], [ -138.90399, 69.60556 ], [ -138.85239, 69.57188 ], [ -138.9727599, 69.5767399 ], [ -139.04231, 69.553 ], [ -139.09319, 69.52044 ], [ -139.21684, 69.5522 ], [ -139.244690100000014, 69.5909601 ], [ -139.1355199, 69.6371099 ], [ -138.9588401, 69.6202001 ] ] ] ] } }
]
}
