{
"type": "FeatureCollection",
"name": "CIV_GAUL1990_ADM2",
"crs": { "type": "name", "properties": { "name": "urn:ogc:def:crs:OGC:1.3:CRS84" } },
"features": [
{ "type": "Feature", "properties": { "POLYGON_ID": "CIV_GAUL1990_ADM2_74416", "ADM0_ISO3": "CIV", "ADM0_NAME": "Côte d'Ivoire", "ADM0_CODE": 66, "ADM1_NAME": "Agboville", "ADM1_CODE": 14897, "ADM2_NAME": "Agboville", "ADM2_CODE": 74416, "GEOSET": "GAUL", "GEOSET_YEAR": 1990.0, "GEOSET_VERSION": "GAUL_v1", "GEOSET_UNIT": "ADM2", "CENTROID_LONG": -4.3008211015054405, "CENTROID_LAT": 5.9007600450944269 }, "geometry": { "type": "MultiPolygon", "coordinates": [ [ [ [ -4.0247904, 6.1791525 ], [ -4.00508, 6.0468673 ], [ -4.0795564, 5.9507272 ], [ -4.0767448, 5.8508526 ], [ -4.1749821, 5.8372178 ], [ -4.267664, 5.8385811 ], [ -4.2925768, 5.7514682 ], [ -4.2573023, 5.5970956 ], [ -4.361622, 5.5812041 ], [ -4.3970061, 5.5983827 ], [ -4.4568911, 5.6526818 ], [ -4.40343, 5.708457 ], [ -4.4688702, 5.7572951 ], [ -4.616992, 5.8122258 ], [ -4.6214561, 5.8331862 ], [ -4.6304569, 5.891129 ], [ -4.5272279, 6.0455961 ], [ -4.5199599, 6.009099 ], [ -4.453402, 5.9563761 ], [ -4.3977418, 5.942627 ], [ -4.283576, 5.9606748 ], [ -4.214602, 5.9879851 ], [ -4.1856942, 6.0654821 ], [ -4.1876092, 6.1145191 ], [ -4.156281, 6.1677518 ], [ -4.1495836, 6.2380626 ], [ -4.1154105, 6.26176 ], [ -4.0247904, 6.1791525 ] ] ] ] } },
{ "type": "Feature", "properties": { "POLYGON_ID": "CIV_GAUL1990_ADM2_74568", "ADM0_ISO3": "CIV", "ADM0_NAME": "Côte d'Ivoire", "ADM0_CODE": 66, "ADM1_NAME": "Touba", "ADM1_CODE": 14943, "ADM2_NAME": "Touba", "ADM2_CODE": 74568, "GEOSET": "GAUL", "GEOSET_YEAR": 1990.0, "GEOSET_VERSION": "GAUL_v1", "GEOSET_UNIT": "ADM2", "CENTROID_LONG": -7.5952282107742928, "CENTROID_LAT": 8.1496616955315755 }, "geometry": { "type": "MultiPolygon", "coordinates": [ [ [ [ -7.3648849, 8.4156332 ], [ -7.3832178, 8.338562 ], [ -7.3601542, 8.1818142 ], [ -7.3906611, 8.1120523 ], [ -7.4730348, 8.1466436 ], [ -7.5180855, 8.0799238 ], [ -7.5091481, 8.0389727 ], [ -7.5297327, 7.8691561 ], [ -7.6653897, 7.8535705 ], [ -7.7646761, 7.8888266 ], [ -7.8454749, 7.9838414 ], [ -7.7978382, 8.0485973 ], [ -7.7690072, 8.0606508 ], [ -7.7113352, 8.1308918 ], [ -7.7072511, 8.1709375 ], [ -7.7732458, 8.2608299 ], [ -7.7455989, 8.3737153 ], [ -7.7066346, 8.3729756 ], [ -7.69536, 8.37102 ], [ -7.6944489, 8.3713332 ], [ -7.6895313, 8.3730037 ], [ -7.6874075, 8.3726589 ], [ -7.68335, 8.372 ], [ -7.680078, 8.3731159 ], [ -7.65173, 8.37455 ], [ -7.6438154, 8.3766883 ], [ -7.6497, 8.38788 ], [ -7.6507933, 8.3932643 ], [ -7.6637459, 8.4073174 ], [ -7.6297469, 8.400322 ], [ -7.5679941, 8.3500271 ], [ -7.4765568, 8.435256 ], [ -7.3841562, 8.3940401 ], [ -7.3648849, 8.4156332 ] ] ] ] } },
{ "type": "Feature", "properties": { "POLYGON_ID": "CIV_GAUL1990_ADM2_74443", "ADM0_ISO3": "CIV", "ADM0_NAME": "Côte d'Ivoire", "ADM0_CODE": 66, "ADM1_NAME": "Boundiali", "ADM1_CODE": 14927, "ADM2_NAME": "Boundiali", "ADM2_CODE": 74443, "GEOSET": "GAUL", "GEOSET_YEAR": 1990.0, "GEOSET_VERSION": "GAUL_v1", "GEOSET_UNIT": "ADM2", "CENTROID_LONG": -6.4992203214744082, "CENTROID_LAT": 9.3916355263443609 }, "geometry": { "type": "MultiPolygon", "coordinates": [ [ [ [ -6.1347784, 9.6405667 ], [ -6.1538023, 9.6233706 ], [ -6.1596329, 9.4703798 ], [ -6.2635274, 9.4110413 ], [ -6.277092, 9.3279647 ], [ -6.2663802, 9.2969237 ], [ -6.3212776, 9.2099717 ], [ -6.3408671, 9.2105303 ], [ -6.4428582, 9.0676975 ], [ -6.4776588, 9.0624398 ], [ -6.5036383, 9.1481811 ], [ -6.5671096, 9.1590843 ], [ -6.5698495, 9.0758884 ], [ -6.610137, 9.0605496 ], [ -6.700355, 9.0627778 ], [ -6.6971207, 9.1012087 ], [ -6.7566471, 9.1181486 ], [ -6.7596512, 9.1664808 ], [ -6.7368398, 9.2691136 ], [ -6.7863369, 9.2954405 ], [ -6.7843633, 9.3391362 ], [ -6.7995849, 9.4361975 ], [ -6.745687, 9.5023744 ], [ -6.790833, 9.5839393 ], [ -6.7830786, 9.6400268 ], [ -6.7216349, 9.6177864 ], [ -6.5653772, 9.614583 ], [ -6.5442791, 9.5776463 ], [ -6.4753571, 9.6167593 ], [ -6.442472, 9.5788193 ], [ -6.3930559, 9.5957508 ], [ -6.3649168, 9.6395512 ], [ -6.3597078, 9.6949139 ], [ -6.2963481, 9.6941843 ], [ -6.1347784, 9.6405667 ] ] ] ] } },
{ "type": "Feature", "properties": { "POLYGON_ID": "CIV_GAUL1990_ADM2_74573", "ADM0_ISO3": "CIV", "ADM0_NAME": "Côte d'Ivoire", "ADM0_CODE": 66, "ADM1_NAME": "Toumodi", "ADM1_CODE": 14909, "ADM2_NAME": "Tie-N'diekro", "ADM2_CODE": 74573, "GEOSET": "GAUL", "GEOSET_YEAR": 1990.0, "GEOSET_VERSION": "GAUL_v1", "GEOSET_UNIT": "ADM2", "CENTROID_LONG": -4.9092346538674478, "CENTROID_LAT": 6.713087191313857 }, "geometry": { "type": "MultiPolygon", "coordinates": [ [ [ [ -4.6595871, 7.5316241 ], [ -4.645964, 7.481971 ], [ -4.7578343, 7.4342577 ], [ -4.7313079, 7.3072676 ], [ -4.712582, 7.2701773 ], [ -4.8074932, 7.2961059 ], [ -4.8049831, 7.320775 ], [ -4.8808041, 7.3882322 ], [ -4.9278596, 7.4835559 ], [ -4.9299679, 7.5238352 ], [ -4.8979812, 7.5709859 ], [ -4.8844901, 7.6074928 ], [ -4.8410292, 7.5735901 ], [ -4.7763818, 7.5809094 ], [ -4.7258467, 7.5316109 ], [ -4.6595871, 7.5316241 ] ] ], [ [ [ -4.9755725, 6.751893 ], [ -4.9366455, 6.7056664 ], [ -4.9428653, 6.6153079 ], [ -4.9024587, 6.6020887 ], [ -4.8560309, 6.6325306 ], [ -4.7726269, 6.6045629 ], [ -4.7518135, 6.5572397 ], [ -4.7902784, 6.5129154 ], [ -4.7316604, 6.4746711 ], [ -4.7106662, 6.3760087 ], [ -4.7282252, 6.3133439 ], [ -4.6844803, 6.2723606 ], [ -4.7321821, 6.2498462 ], [ -4.8294598, 6.2378987 ], [ -4.9317164, 6.2614616 ], [ -5.036694, 6.236255 ], [ -5.0495232, 6.2952389 ], [ -5.0620122, 6.3984051 ], [ -5.0598278, 6.5039659 ], [ -5.0991302, 6.5395689 ], [ -5.1256061, 6.615664 ], [ -5.22684, 6.6144762 ], [ -5.272707, 6.6288852 ], [ -5.2238192, 6.6570519 ], [ -5.1106854, 6.7653595 ], [ -5.0378681, 6.7689979 ], [ -4.9755725, 6.751893 ] ] ] ] } },
{ "type": "Feature", "properties": { "POLYGON_ID": "CIV_GAUL1990_ADM2_74518", "ADM0_ISO3": "CIV", "ADM0_NAME": "Côte d'Ivoire", "ADM0_CODE": 66, "ADM1_NAME": "Mankono", "ADM1_CODE": 14941, "ADM2_NAME": "Tieningboue", "ADM2_CODE": 74518, "GEOSET": "GAUL", "GEOSET_YEAR": 1990.0, "GEOSET_VERSION": "GAUL_v1", "GEOSET_UNIT": "ADM2", "CENTROID_LONG": -5.7303332654904118, "CENTROID_LAT": 8.2947560390233868 }, "geometry": { "type": "MultiPolygon", "coordinates": [ [ [ [ -5.6410675, 8.5454586 ], [ -5.5897487, 8.5187349 ], [ -5.5402841, 8.4482549 ], [ -5.58565, 8.4171561 ], [ -5.5507136, 8.3831939 ], [ -5.5078406, 8.3830814 ], [ -5.3942504, 8.3045444 ], [ -5.3515095, 8.1796048 ], [ -5.4060989, 8.1575727 ], [ -5.3974043, 8.105817 ], [ -5.5193639, 8.110653 ], [ -5.5407607, 8.0620159 ], [ -5.5691503, 8.0243379 ], [ -5.7264448, 8.0270064 ], [ -5.754446, 7.9991369 ], [ -5.985754, 8.1073179 ], [ -6.01021, 8.1788244 ], [ -6.0087371, 8.2593336 ], [ -5.9857578, 8.3008747 ], [ -5.993988, 8.3547134 ], [ -5.9683738, 8.4856253 ], [ -5.9803739, 8.5022507 ], [ -5.9603746, 8.6514409 ], [ -5.904953, 8.6480171 ], [ -5.7081856, 8.539404 ], [ -5.6410675, 8.5454586 ] ] ] ] } },
{ "type": "Feature", "properties": { "POLYGON_ID": "CIV_GAUL1990_ADM2_74439", "ADM0_ISO3": "CIV", "ADM0_NAME": "Côte d'Ivoire", "ADM0_CODE": 66, "ADM1_NAME": "Bouna", "ADM1_CODE": 14945, "ADM2_NAME": "Bouna", "ADM2_CODE": 74439, "GEOSET": "GAUL", "GEOSET_YEAR": 1990.0, "GEOSET_VERSION": "GAUL_v1", "GEOSET_UNIT": "ADM2", "CENTROID_LONG": -3.363763983418639, "CENTROID_LAT": 9.1387964022053616 }, "geometry": { "type": "MultiPolygon", "coordinates": [ [ [ [ -3.0772767, 9.7405799 ], [ -3.0264559, 9.7359443 ], [ -2.9952015, 9.7196522 ], [ -2.9681674, 9.651204 ], [ -2.90123, 9.531 ], [ -2.79873, 9.41926 ], [ -2.76318, 9.40111 ], [ -2.6869194, 9.4907363 ], [ -2.683666, 9.4849525 ], [ -2.6846824, 9.473819 ], [ -2.6899026, 9.4539542 ], [ -2.6895336, 9.4485859 ], [ -2.673595, 9.3841041 ], [ -2.6772446, 9.3681199 ], [ -2.719979, 9.3329917 ], [ -2.7213629, 9.3249255 ], [ -2.7213039, 9.3225173 ], [ -2.7210857, 9.3136072 ], [ -2.6581652, 9.2599722 ], [ -2.6576108, 9.2524883 ], [ -2.7077435, 9.2118557 ], [ -2.7126088, 9.2078232 ], [ -2.7137307, 9.2068934 ], [ -2.7140604, 9.2063636 ], [ -2.7177902, 9.2003708 ], [ -2.7365758, 9.1578202 ], [ -2.74565, 9.1527272 ], [ -2.7617249, 9.1512072 ], [ -2.7729635, 9.1429164 ], [ -2.7736543, 9.1365141 ], [ -2.7516378, 9.0331101 ], [ -2.6547282, 9.007593 ], [ -2.6544979, 9.004461 ], [ -2.6582287, 8.9838723 ], [ -2.6578129, 8.9812048 ], [ -2.6560865, 8.9701296 ], [ -2.6533464, 8.9525517 ], [ -2.6520983, 8.9449459 ], [ -2.6456814, 8.9364044 ], [ -2.6179863, 8.9184887 ], [ -2.6167865, 8.9110864 ], [ -2.6216573, 8.894954 ], [ -2.6231262, 8.87736 ], [ -2.6039566, 8.8427563 ], [ -2.6001598, 8.8385376 ], [ -2.5971023, 8.8321383 ], [ -2.5973521, 8.8305444 ], [ -2.63013, 8.7945971 ], [ -2.6284487, 8.7933513 ], [ -2.622641, 8.7890479 ], [ -2.7891543, 8.6856802 ], [ -2.9362339, 8.6413374 ], [ -3.0193533, 8.6486418 ], [ -3.0445609, 8.6312809 ], [ -3.0479476, 8.5523432 ], [ -3.0810777, 8.5343869 ], [ -3.1749446, 8.5509173 ], [ -3.144115, 8.6026964 ], [ -3.169399, 8.6335258 ], [ -3.2790849, 8.5883522 ], [ -3.3336909, 8.606637 ], [ -3.3945129, 8.5933504 ], [ -3.431776, 8.549571 ], [ -3.566215, 8.5500927 ], [ -3.6763511, 8.6267853 ], [ -3.7538929, 8.6328096 ], [ -3.786242, 8.6619244 ], [ -3.918252, 8.625947 ], [ -3.9446673, 8.633083 ], [ -3.9432134, 8.6424628 ], [ -3.9414188, 8.6718405 ], [ -3.8726152, 8.6997043 ], [ -3.8107551, 8.7836325 ], [ -3.8059265, 8.825839 ], [ -3.8927912, 8.9266473 ], [ -3.845284, 8.9735697 ], [ -3.8496676, 9.025525 ], [ -3.8853529, 9.0669871 ], [ -3.9048835, 9.1498955 ], [ -3.9571876, 9.2064086 ], [ -4.0263944, 9.2122615 ], [ -4.0682617, 9.2544861 ], [ -4.169856, 9.2855883 ], [ -4.2085995, 9.3471251 ], [ -4.1771407, 9.4002562 ], [ -4.1906076, 9.4489849 ], [ -4.2314757, 9.4787226 ], [ -4.2393452, 9.5343346 ], [ -4.3070168, 9.5957189 ], [ -4.2087922, 9.612752 ], [ -4.1342988, 9.5607519 ], [ -4.0598311, 9.5905819 ], [ -3.879113, 9.5576534 ], [ -3.8203361, 9.5909157 ], [ -3.6950231, 9.6061602 ], [ -3.6076119, 9.5764751 ], [ -3.5229571, 9.5975771 ], [ -3.4775679, 9.7503452 ], [ -3.424017, 9.7429924 ], [ -3.424974, 9.6698132 ], [ -3.3922911, 9.6503592 ], [ -3.285665, 9.652236 ], [ -3.2627821, 9.6039152 ], [ -3.200273, 9.5843344 ], [ -3.1370671, 9.6406841 ], [ -3.1382849, 9.6900759 ], [ -3.0772767, 9.7405799 ] ] ] ] } },
{ "type": "Feature", "properties": { "POLYGON_ID": "CIV_GAUL1990_ADM2_74484", "ADM0_ISO3": "CIV", "ADM0_NAME": "Côte d'Ivoire", "ADM0_CODE": 66, "ADM1_NAME": "Toulepleu", "ADM1_CODE": 74383, "ADM2_NAME": "Tahi", "ADM2_CODE": 74484, "GEOSET": "GAUL", "GEOSET_YEAR": 1990.0, "GEOSET_VERSION": "GAUL_v1", "GEOSET_UNIT": "ADM2", "CENTROID_LONG": -7.3821231771419002, "CENTROID_LAT": 6.0027608561441017 }, "geometry": { "type": "MultiPolygon", "coordinates": [ [ [ [ -7.1768115, 6.3322667 ], [ -7.1701016, 6.2653342 ], [ -7.204124, 6.2301133 ], [ -7.1811519, 6.1825794 ], [ -7.1078005, 6.1531057 ], [ -7.0841231, 6.0578011 ], [ -7.089786, 5.8199745 ], [ -7.0877062, 5.666865 ], [ -7.2552834, 5.6458146 ], [ -7.377948, 5.6217021 ], [ -7.40435, 5.64773 ], [ -7.44132, 5.7537 ], [ -7.42979, 5.83201 ], [ -7.4708409, 5.8378654 ], [ -7.469545, 5.8341495 ], [ -7.46905, 5.83273 ], [ -7.47371, 5.82287 ], [ -7.4752976, 5.812617 ], [ -7.47563, 5.81047 ], [ -7.4768068, 5.810641 ], [ -7.51794, 5.83878 ], [ -7.51953, 5.84132 ], [ -7.51074, 5.85023 ], [ -7.51254, 5.85599 ], [ -7.519184, 5.8590164 ], [ -7.5230459, 5.8555323 ], [ -7.5316516, 5.8494411 ], [ -7.53808, 5.84948 ], [ -7.5381624, 5.8464503 ], [ -7.53978, 5.83478 ], [ -7.5430649, 5.8349286 ], [ -7.56119, 5.86319 ], [ -7.56319, 5.863518 ], [ -7.56991, 5.86462 ], [ -7.57195, 5.86877 ], [ -7.5712221, 5.8697989 ], [ -7.5689751, 5.8729752 ], [ -7.5533411, 5.8693503 ], [ -7.5530293, 5.8711531 ], [ -7.59358, 5.89948 ], [ -7.5948077, 5.8953304 ], [ -7.60236, 5.89057 ], [ -7.6046023, 5.8990788 ], [ -7.6080633, 5.897293 ], [ -7.61151, 5.89729 ], [ -7.6136681, 5.9070936 ], [ -7.6148492, 5.9073705 ], [ -7.62293, 5.90701 ], [ -7.63188, 5.90914 ], [ -7.63762, 5.90848 ], [ -7.6438815, 5.9146302 ], [ -7.6524146, 5.9160672 ], [ -7.6544786, 5.9153175 ], [ -7.656131, 5.9151722 ], [ -7.65963, 5.91575 ], [ -7.65787, 5.93987 ], [ -7.6589398, 5.9439901 ], [ -7.66056, 5.95023 ], [ -7.66331, 5.95071 ], [ -7.6808045, 5.9278441 ], [ -7.6818417, 5.9241293 ], [ -7.68209, 5.92324 ], [ -7.6774974, 5.9109229 ], [ -7.7031916, 5.9120383 ], [ -7.71358, 5.9193 ], [ -7.71858, 5.92829 ], [ -7.73943, 5.93784 ], [ -7.7584, 5.95335 ], [ -7.762369, 5.9652127 ], [ -7.76357, 5.97085 ], [ -7.76608, 5.97477 ], [ -7.7819172, 5.9801642 ], [ -7.7707618, 6.0359255 ], [ -7.77257, 6.0394 ], [ -7.79042, 6.05122 ], [ -7.7909464, 6.0524257 ], [ -7.7969329, 6.0880428 ], [ -7.80212, 6.0922 ], [ -7.84426, 6.07683 ], [ -7.84191, 6.08508 ], [ -7.8477613, 6.0923583 ], [ -7.84829, 6.09408 ], [ -7.8315811, 6.1599421 ], [ -7.83522, 6.16663 ], [ -7.8346373, 6.1710509 ], [ -7.834134, 6.1759748 ], [ -7.8389511, 6.1823732 ], [ -7.8395403, 6.1855928 ], [ -7.836691, 6.1882391 ], [ -7.8193648, 6.1910157 ], [ -7.8060231, 6.1779861 ], [ -7.693193, 6.2023978 ], [ -7.4896941, 6.2207642 ], [ -7.4128022, 6.2199421 ], [ -7.3750339, 6.2741709 ], [ -7.359344, 6.3371611 ], [ -7.2979851, 6.3842621 ], [ -7.1999963, 6.3990253 ], [ -7.1768115, 6.3322667 ] ] ] ] } },
{ "type": "Feature", "properties": { "POLYGON_ID": "CIV_GAUL1990_ADM2_74396", "ADM0_ISO3": "CIV", "ADM0_NAME": "Côte d'Ivoire", "ADM0_CODE": 66, "ADM1_NAME": "Abidjan", "ADM1_CODE": 74380, "ADM2_NAME": "Abidjan-Ville", "ADM2_CODE": 74396, "GEOSET": "GAUL", "GEOSET_YEAR": 1990.0, "GEOSET_VERSION": "GAUL_v1", "GEOSET_UNIT": "ADM2", "CENTROID_LONG": -4.0094107262678209, "CENTROID_LAT": 5.3452163289671111 }, "geometry": { "type": "MultiPolygon", "coordinates": [ [ [ [ -3.9200301, 5.425395 ], [ -3.9311521, 5.320971 ], [ -3.8066239, 5.28394 ], [ -3.8516742, 5.2250463 ], [ -3.9964845, 5.2538487 ], [ -4.1116659, 5.2340539 ], [ -4.133152, 5.3975401 ], [ -4.171319, 5.449616 ], [ -4.0025668, 5.4761949 ], [ -3.9200301, 5.425395 ] ] ] ] } },
{ "type": "Feature", "properties": { "POLYGON_ID": "CIV_GAUL1990_ADM2_74575", "ADM0_ISO3": "CIV", "ADM0_NAME": "Côte d'Ivoire", "ADM0_CODE": 66, "ADM1_NAME": "Yamoussoukro", "ADM1_CODE": 74384, "ADM2_NAME": "Yamoussoukro", "ADM2_CODE": 74575, "GEOSET": "GAUL", "GEOSET_YEAR": 1990.0, "GEOSET_VERSION": "GAUL_v1", "GEOSET_UNIT": "ADM2", "CENTROID_LONG": -5.2691733447650124, "CENTROID_LAT": 6.8546902650792836 }, "geometry": { "type": "MultiPolygon", "coordinates": [ [ [ [ -4.9715682, 6.8341461 ], [ -4.9755725, 6.751893 ], [ -5.0378681, 6.7689979 ], [ -5.1106854, 6.7653595 ], [ -5.2238192, 6.6570519 ], [ -5.272707, 6.6288852 ], [ -5.3042631, 6.5517943 ], [ -5.3059511, 6.5883716 ], [ -5.3962589, 6.5981254 ], [ -5.4122518, 6.6489506 ], [ -5.4057078, 6.7047779 ], [ -5.4603942, 6.7940325 ], [ -5.4878659, 6.8100154 ], [ -5.5298467, 6.9130826 ], [ -5.5053387, 6.9309568 ], [ -5.4840136, 7.0279693 ], [ -5.4517594, 7.0401347 ], [ -5.3144479, 7.0800933 ], [ -5.0568451, 6.9778064 ], [ -5.0260557, 6.9118988 ], [ -4.990898, 6.8905459 ], [ -4.9715682, 6.8341461 ] ] ] ] } },
{ "type": "Feature", "properties": { "POLYGON_ID": "CIV_GAUL1990_ADM2_74521", "ADM0_ISO3": "CIV", "ADM0_NAME": "Côte d'Ivoire", "ADM0_CODE": 66, "ADM1_NAME": "Odienne", "ADM1_CODE": 14902, "ADM2_NAME": "Goulia", "ADM2_CODE": 74521, "GEOSET": "GAUL", "GEOSET_YEAR": 1990.0, "GEOSET_VERSION": "GAUL_v1", "GEOSET_UNIT": "ADM2", "CENTROID_LONG": -7.0522624176140472, "CENTROID_LAT": 10.112700479653174 }, "geometry": { "type": "MultiPolygon", "coordinates": [ [ [ [ -6.6740107, 10.3637442 ], [ -6.6340165, 10.3097686 ], [ -6.6366511, 10.2550166 ], [ -6.5932162, 10.2245818 ], [ -6.5861506, 10.1659276 ], [ -6.7060733, 10.1025988 ], [ -6.7584672, 10.1013923 ], [ -6.7864246, 10.1328938 ], [ -6.8548035, 10.1299146 ], [ -6.9292822, 10.0605864 ], [ -6.9290228, 10.0226892 ], [ -6.9677655, 9.9686901 ], [ -7.0842514, 9.9794131 ], [ -7.1009297, 9.9085238 ], [ -7.2561483, 9.820283 ], [ -7.3564875, 9.751452 ], [ -7.3808069, 9.8700771 ], [ -7.4199872, 9.9042444 ], [ -7.4375319, 9.9671402 ], [ -7.4761581, 10.0240803 ], [ -7.3625259, 10.0434799 ], [ -7.319664, 10.1010304 ], [ -7.3341732, 10.2291899 ], [ -7.3135554, 10.2828544 ], [ -7.1675837, 10.2512362 ], [ -7.1615226, 10.2423238 ], [ -7.13668, 10.24148 ], [ -7.1355251, 10.2407554 ], [ -7.08956, 10.2249 ], [ -7.04734, 10.16192 ], [ -6.9905203, 10.1855508 ], [ -6.9813634, 10.1914603 ], [ -6.966, 10.21101 ], [ -6.98951, 10.28175 ], [ -6.994733, 10.2875353 ], [ -6.94746, 10.36964 ], [ -6.9412231, 10.367701 ], [ -6.85441, 10.36239 ], [ -6.82071, 10.37855 ], [ -6.79738, 10.38239 ], [ -6.76401, 10.3915 ], [ -6.70923, 10.35954 ], [ -6.6740107, 10.3637442 ] ] ] ] } },
{ "type": "Feature", "properties": { "POLYGON_ID": "CIV_GAUL1990_ADM2_74435", "ADM0_ISO3": "CIV", "ADM0_NAME": "Côte d'Ivoire", "ADM0_CODE": 66, "ADM1_NAME": "Bouake", "ADM1_CODE": 14937, "ADM2_NAME": "Bouake", "ADM2_CODE": 74435, "GEOSET": "GAUL", "GEOSET_YEAR": 1990.0, "GEOSET_VERSION": "GAUL_v1", "GEOSET_UNIT": "ADM2", "CENTROID_LONG": -4.9351169035252518, "CENTROID_LAT": 7.8163278844515602 }, "geometry": { "type": "MultiPolygon", "coordinates": [ [ [ [ -4.6508948, 8.018732 ], [ -4.5963243, 7.9514383 ], [ -4.6117538, 7.8847643 ], [ -4.733613, 7.8650632 ], [ -4.7886648, 7.8850021 ], [ -4.8756852, 7.845428 ], [ -4.8414092, 7.789484 ], [ -4.863687, 7.69768 ], [ -4.9093308, 7.638226 ], [ -4.8844901, 7.6074928 ], [ -4.8979812, 7.5709859 ], [ -5.100131, 7.581214 ], [ -5.1930442, 7.628232 ], [ -5.1926241, 7.6682081 ], [ -5.128655, 7.7726278 ], [ -5.1024241, 7.880199 ], [ -5.1028912, 7.970106 ], [ -5.0381078, 7.9864027 ], [ -4.9558181, 7.9864628 ], [ -4.9345537, 7.9706014 ], [ -4.816255, 8.0103796 ], [ -4.767121, 8.0166164 ], [ -4.7147488, 8.0433766 ], [ -4.6508948, 8.018732 ] ] ] ] } },
{ "type": "Feature", "properties": { "POLYGON_ID": "CIV_GAUL1990_ADM2_74537", "ADM0_ISO3": "CIV", "ADM0_NAME": "Côte d'Ivoire", "ADM0_CODE": 66, "ADM1_NAME": "Sassandra", "ADM1_CODE": 14899, "ADM2_NAME": "Sassandra", "ADM2_CODE": 74537, "GEOSET": "GAUL", "GEOSET_YEAR": 1990.0, "GEOSET_VERSION": "GAUL_v1", "GEOSET_UNIT": "ADM2", "CENTROID_LONG": -6.1261161138344278, "CENTROID_LAT": 5.2490530455224143 }, "geometry": { "type": "MultiPolygon", "coordinates": [ [ [ [ -6.1995878, 5.627179 ], [ -6.198607, 5.5318219 ], [ -6.1795914, 5.5093771 ], [ -6.2133782, 5.4406129 ], [ -6.1533705, 5.4078202 ], [ -6.1400327, 5.3774497 ], [ -6.0574955, 5.3813021 ], [ -6.0068531, 5.3554639 ], [ -5.9567885, 5.4583949 ], [ -5.9785005, 5.5230046 ], [ -5.9134078, 5.5423999 ], [ -5.8166939, 5.5332591 ], [ -5.7020621, 5.2076612 ], [ -5.759531, 5.1997738 ], [ -5.8626342, 5.152421 ], [ -5.8569244, 5.0334996 ], [ -6.077336, 4.960468 ], [ -6.113681, 4.927409 ], [ -6.198845, 4.884381 ], [ -6.3012081, 4.8501514 ], [ -6.3357978, 4.9109724 ], [ -6.403676, 4.9256194 ], [ -6.3393512, 4.9810667 ], [ -6.3701215, 5.0585971 ], [ -6.3442455, 5.1279103 ], [ -6.3966112, 5.1984822 ], [ -6.399375, 5.2682789 ], [ -6.4826142, 5.2815637 ], [ -6.4492154, 5.3599775 ], [ -6.4493399, 5.4657758 ], [ -6.4950395, 5.5594419 ], [ -6.4572882, 5.5576114 ], [ -6.381609, 5.5538829 ], [ -6.3050423, 5.6144669 ], [ -6.1995878, 5.627179 ] ] ] ] } },
{ "type": "Feature", "properties": { "POLYGON_ID": "CIV_GAUL1990_ADM2_74532", "ADM0_ISO3": "CIV", "ADM0_NAME": "Côte d'Ivoire", "ADM0_CODE": 66, "ADM1_NAME": "Oume", "ADM1_CODE": 14906, "ADM2_NAME": "Oume", "ADM2_CODE": 74532, "GEOSET": "GAUL", "GEOSET_YEAR": 1990.0, "GEOSET_VERSION": "GAUL_v1", "GEOSET_UNIT": "ADM2", "CENTROID_LONG": -5.465285405352458, "CENTROID_LAT": 6.4360163734672895 }, "geometry": { "type": "MultiPolygon", "coordinates": [ [ [ [ -5.4122518, 6.6489506 ], [ -5.3962589, 6.5981254 ], [ -5.3059511, 6.5883716 ], [ -5.3042631, 6.5517943 ], [ -5.2986302, 6.4984937 ], [ -5.3181768, 6.408322 ], [ -5.2963986, 6.3569702 ], [ -5.2034605, 6.3714049 ], [ -5.2407936, 6.2426297 ], [ -5.30625, 6.269588 ], [ -5.3701982, 6.2619789 ], [ -5.4372678, 6.2108481 ], [ -5.4479924, 6.1803676 ], [ -5.4488549, 6.2218852 ], [ -5.4845052, 6.2554998 ], [ -5.4958739, 6.3301258 ], [ -5.5608821, 6.3577738 ], [ -5.5889521, 6.409718 ], [ -5.6569071, 6.3988752 ], [ -5.7576418, 6.4089851 ], [ -5.7506089, 6.5014552 ], [ -5.7090296, 6.5592285 ], [ -5.6715059, 6.5263642 ], [ -5.5085425, 6.5948149 ], [ -5.4880629, 6.6218768 ], [ -5.4122518, 6.6489506 ] ] ] ] } },
{ "type": "Feature", "properties": { "POLYGON_ID": "CIV_GAUL1990_ADM2_74555", "ADM0_ISO3": "CIV", "ADM0_NAME": "Côte d'Ivoire", "ADM0_CODE": 66, "ADM1_NAME": "Tanda", "ADM1_CODE": 14946, "ADM2_NAME": "Koun-Fao", "ADM2_CODE": 74555, "GEOSET": "GAUL", "GEOSET_YEAR": 1990.0, "GEOSET_VERSION": "GAUL_v1", "GEOSET_UNIT": "ADM2", "CENTROID_LONG": -3.2335533895577631, "CENTROID_LAT": 7.4082695018167675 }, "geometry": { "type": "MultiPolygon", "coordinates": [ [ [ [ -3.118926, 7.647356 ], [ -3.085362, 7.5982161 ], [ -3.0337739, 7.5850439 ], [ -3.028867, 7.5456028 ], [ -3.084419, 7.5240569 ], [ -3.088249, 7.4407339 ], [ -3.0692091, 7.346549 ], [ -3.039923, 7.3110929 ], [ -2.9713329, 7.3280403 ], [ -2.9765566, 7.2693615 ], [ -2.9766977, 7.2677757 ], [ -2.972967, 7.2624559 ], [ -2.9542701, 7.2357955 ], [ -3.0240835, 7.1419784 ], [ -3.0315208, 7.070911 ], [ -3.0381058, 7.0700588 ], [ -3.0645125, 7.0622484 ], [ -3.069816, 7.0600432 ], [ -3.0789646, 7.0562393 ], [ -3.1340835, 7.1249595 ], [ -3.2231135, 7.1841948 ], [ -3.2469536, 7.2431586 ], [ -3.2500636, 7.3220991 ], [ -3.3779629, 7.2516402 ], [ -3.4389235, 7.3382301 ], [ -3.5152243, 7.3543374 ], [ -3.4981988, 7.4320434 ], [ -3.5310991, 7.4795639 ], [ -3.525733, 7.5240278 ], [ -3.376138, 7.5271592 ], [ -3.420295, 7.581635 ], [ -3.452002, 7.7017188 ], [ -3.345336, 7.656733 ], [ -3.3112581, 7.6824088 ], [ -3.255331, 7.672812 ], [ -3.226074, 7.6204829 ], [ -3.1488211, 7.6650772 ], [ -3.118926, 7.647356 ] ] ] ] } },
{ "type": "Feature", "properties": { "POLYGON_ID": "CIV_GAUL1990_ADM2_74481", "ADM0_ISO3": "CIV", "ADM0_NAME": "Côte d'Ivoire", "ADM0_CODE": 66, "ADM1_NAME": "Grand Lahou", "ADM1_CODE": 14914, "ADM2_NAME": "Grand-Lahou", "ADM2_CODE": 74481, "GEOSET": "GAUL", "GEOSET_YEAR": 1990.0, "GEOSET_VERSION": "GAUL_v1", "GEOSET_UNIT": "ADM2", "CENTROID_LONG": -4.988887458660253, "CENTROID_LAT": 5.3727242437913958 }, "geometry": { "type": "MultiPolygon", "coordinates": [ [ [ [ -4.9405751, 5.8171121 ], [ -4.9275641, 5.7769304 ], [ -4.8434683, 5.7533139 ], [ -4.7902137, 5.6703676 ], [ -4.8314963, 5.6169323 ], [ -4.8357884, 5.5619269 ], [ -4.7019993, 5.5967426 ], [ -4.7062846, 5.5569843 ], [ -4.7374768, 5.4982729 ], [ -4.7866468, 5.3284211 ], [ -4.8106661, 5.2456288 ], [ -4.7907484, 5.1517307 ], [ -5.195559, 5.12341 ], [ -5.4865016, 5.0922072 ], [ -5.4981938, 5.1732558 ], [ -5.4617205, 5.1972059 ], [ -5.4326377, 5.2666046 ], [ -5.3981729, 5.2577502 ], [ -5.3078313, 5.1600721 ], [ -5.2328839, 5.1784139 ], [ -5.1882339, 5.2332642 ], [ -5.1268972, 5.2374842 ], [ -5.1354329, 5.1938909 ], [ -5.0676526, 5.1931882 ], [ -5.0675844, 5.2349779 ], [ -5.029417, 5.272877 ], [ -5.0634322, 5.3101903 ], [ -5.0622021, 5.362793 ], [ -5.0090862, 5.50957 ], [ -5.0346351, 5.5735123 ], [ -5.0044941, 5.6170099 ], [ -4.9395918, 5.6808893 ], [ -4.975165, 5.7628209 ], [ -4.9405751, 5.8171121 ] ] ] ] } },
{ "type": "Feature", "properties": { "POLYGON_ID": "CIV_GAUL1990_ADM2_74471", "ADM0_ISO3": "CIV", "ADM0_NAME": "Côte d'Ivoire", "ADM0_CODE": 66, "ADM1_NAME": "Duekoue", "ADM1_CODE": 14892, "ADM2_NAME": "Duekoue", "ADM2_CODE": 74471, "GEOSET": "GAUL", "GEOSET_YEAR": 1990.0, "GEOSET_VERSION": "GAUL_v1", "GEOSET_UNIT": "ADM2", "CENTROID_LONG": -7.2710286509926947, "CENTROID_LAT": 6.7354850822230521 }, "geometry": { "type": "MultiPolygon", "coordinates": [ [ [ [ -7.0593745, 6.9345851 ], [ -7.0389118, 6.9146361 ], [ -7.0594835, 6.8448765 ], [ -7.0055146, 6.8312674 ], [ -6.9827857, 6.7507971 ], [ -6.9859081, 6.6259735 ], [ -7.0209331, 6.5906751 ], [ -6.9999404, 6.5569099 ], [ -7.1562614, 6.4324274 ], [ -7.1768115, 6.3322667 ], [ -7.1999963, 6.3990253 ], [ -7.3153291, 6.5337775 ], [ -7.3963489, 6.5899228 ], [ -7.5464239, 6.6719083 ], [ -7.6255166, 6.8548975 ], [ -7.5800252, 6.9415741 ], [ -7.4002261, 6.9619889 ], [ -7.1562939, 6.9690619 ], [ -7.0593745, 6.9345851 ] ] ] ] } },
{ "type": "Feature", "properties": { "POLYGON_ID": "CIV_GAUL1990_ADM2_74490", "ADM0_ISO3": "CIV", "ADM0_NAME": "Côte d'Ivoire", "ADM0_CODE": 66, "ADM1_NAME": "Katiola", "ADM1_CODE": 14939, "ADM2_NAME": "Niakarmadougou", "ADM2_CODE": 74490, "GEOSET": "GAUL", "GEOSET_YEAR": 1990.0, "GEOSET_VERSION": "GAUL_v1", "GEOSET_UNIT": "ADM2", "CENTROID_LONG": -5.230411271037493, "CENTROID_LAT": 8.6926579708052341 }, "geometry": { "type": "MultiPolygon", "coordinates": [ [ [ [ -4.9544711, 8.9222593 ], [ -4.9961748, 8.8056412 ], [ -4.945209, 8.7613087 ], [ -4.9560599, 8.6941967 ], [ -4.984396, 8.6399746 ], [ -4.9489002, 8.531209 ], [ -4.9230762, 8.524004 ], [ -4.9050608, 8.4244518 ], [ -4.8817182, 8.3903408 ], [ -4.9079032, 8.334796 ], [ -4.9871631, 8.3428125 ], [ -5.0545812, 8.3651028 ], [ -5.0818481, 8.3963251 ], [ -5.2762089, 8.4517527 ], [ -5.5402841, 8.4482549 ], [ -5.5897487, 8.5187349 ], [ -5.5886788, 8.6027603 ], [ -5.5114131, 8.6768513 ], [ -5.5407, 8.7185678 ], [ -5.4996228, 8.7911196 ], [ -5.499623, 8.8693261 ], [ -5.4496279, 8.8730966 ], [ -5.4739904, 8.9278736 ], [ -5.4241557, 9.0070625 ], [ -5.3518639, 9.0460634 ], [ -5.3097591, 9.0235491 ], [ -5.1292448, 9.024436 ], [ -5.0796108, 8.9872999 ], [ -5.0392728, 8.9910049 ], [ -4.9544711, 8.9222593 ] ] ] ] } },
{ "type": "Feature", "properties": { "POLYGON_ID": "CIV_GAUL1990_ADM2_74455", "ADM0_ISO3": "CIV", "ADM0_NAME": "Côte d'Ivoire", "ADM0_CODE": 66, "ADM1_NAME": "Daloa", "ADM1_CODE": 14903, "ADM2_NAME": "Daloa", "ADM2_CODE": 74455, "GEOSET": "GAUL", "GEOSET_YEAR": 1990.0, "GEOSET_VERSION": "GAUL_v1", "GEOSET_UNIT": "ADM2", "CENTROID_LONG": -6.4364201171409228, "CENTROID_LAT": 6.8680739456812612 }, "geometry": { "type": "MultiPolygon", "coordinates": [ [ [ [ -6.1980299, 6.8572503 ], [ -6.1773963, 6.7436712 ], [ -6.1280734, 6.6798071 ], [ -6.1380792, 6.6198621 ], [ -6.2455468, 6.5671721 ], [ -6.3726678, 6.6788421 ], [ -6.432745, 6.688303 ], [ -6.505887, 6.6774778 ], [ -6.4645929, 6.777585 ], [ -6.507133, 6.8190932 ], [ -6.485692, 6.9035749 ], [ -6.5553932, 7.0212579 ], [ -6.6193562, 7.0155301 ], [ -6.6255088, 6.9215641 ], [ -6.665874, 6.9112682 ], [ -6.7594738, 6.9487381 ], [ -6.8555012, 7.0061851 ], [ -6.9002128, 7.0622859 ], [ -6.7381248, 7.0621662 ], [ -6.440536, 7.1172199 ], [ -6.4126072, 7.0567012 ], [ -6.369534, 7.0204849 ], [ -6.376524, 6.9656162 ], [ -6.298543, 6.9585762 ], [ -6.292284, 6.8770499 ], [ -6.2229061, 6.834846 ], [ -6.1980299, 6.8572503 ] ] ] ] } },
{ "type": "Feature", "properties": { "POLYGON_ID": "CIV_GAUL1990_ADM2_74506", "ADM0_ISO3": "CIV", "ADM0_NAME": "Côte d'Ivoire", "ADM0_CODE": 66, "ADM1_NAME": "M'bahiakro", "ADM1_CODE": 14926, "ADM2_NAME": "M'bahiakro", "ADM2_CODE": 74506, "GEOSET": "GAUL", "GEOSET_YEAR": 1990.0, "GEOSET_VERSION": "GAUL_v1", "GEOSET_UNIT": "ADM2", "CENTROID_LONG": -4.325185482835443, "CENTROID_LAT": 7.5928437080183446 }, "geometry": { "type": "MultiPolygon", "coordinates": [ [ [ [ -4.2569271, 7.9236211 ], [ -4.143187, 7.694283 ], [ -4.1163731, 7.5369282 ], [ -4.0300889, 7.4988642 ], [ -3.954293, 7.420558 ], [ -3.9648931, 7.3647122 ], [ -4.0786209, 7.3490171 ], [ -4.176003, 7.4162788 ], [ -4.2657518, 7.4241261 ], [ -4.329432, 7.4013772 ], [ -4.4265981, 7.442277 ], [ -4.4611931, 7.438271 ], [ -4.4993939, 7.3855038 ], [ -4.5534087, 7.36856 ], [ -4.645964, 7.481971 ], [ -4.6595871, 7.5316241 ], [ -4.5721878, 7.6196976 ], [ -4.4955011, 7.6129357 ], [ -4.5134874, 7.7340028 ], [ -4.536552, 7.7744084 ], [ -4.5302347, 7.8240434 ], [ -4.4615256, 7.8254459 ], [ -4.3462764, 7.8458708 ], [ -4.3068881, 7.8998761 ], [ -4.2569271, 7.9236211 ] ] ] ] } },
{ "type": "Feature", "properties": { "POLYGON_ID": "CIV_GAUL1990_ADM2_74393", "ADM0_ISO3": "CIV", "ADM0_NAME": "Côte d'Ivoire", "ADM0_CODE": 66, "ADM1_NAME": "Abengourou", "ADM1_CODE": 14920, "ADM2_NAME": "Abengourou", "ADM2_CODE": 74393, "GEOSET": "GAUL", "GEOSET_YEAR": 1990.0, "GEOSET_VERSION": "GAUL_v1", "GEOSET_UNIT": "ADM2", "CENTROID_LONG": -3.5044323345837887, "CENTROID_LAT": 6.6641388176863217 }, "geometry": { "type": "MultiPolygon", "coordinates": [ [ [ [ -3.3453331, 6.8185391 ], [ -3.426645, 6.7090411 ], [ -3.4020009, 6.6918459 ], [ -3.402462, 6.6182561 ], [ -3.374387, 6.5638642 ], [ -3.322289, 6.5235138 ], [ -3.272676, 6.5376778 ], [ -3.2235865, 6.4967222 ], [ -3.1766048, 6.3204126 ], [ -3.1737057, 6.3045642 ], [ -3.1711359, 6.3004569 ], [ -3.1716013, 6.272069 ], [ -3.1690417, 6.2641577 ], [ -3.1738484, 6.2497327 ], [ -3.1783823, 6.2449967 ], [ -3.242444, 6.25737 ], [ -3.4499408, 6.2469848 ], [ -3.5492957, 6.3786864 ], [ -3.6450543, 6.4427829 ], [ -3.6647914, 6.5699174 ], [ -3.6937249, 6.58665 ], [ -3.6868192, 6.6415648 ], [ -3.7719546, 6.6165949 ], [ -3.8018826, 6.6749386 ], [ -3.7688738, 6.7019966 ], [ -3.7961303, 6.7671694 ], [ -3.7495504, 6.817175 ], [ -3.7821915, 6.8570235 ], [ -3.7364427, 6.9236338 ], [ -3.7863417, 6.9496634 ], [ -3.7824627, 6.9753005 ], [ -3.679012, 7.0508003 ], [ -3.6306422, 7.0576309 ], [ -3.5705902, 7.1020812 ], [ -3.51509, 7.0500822 ], [ -3.446063, 7.0154271 ], [ -3.3825171, 7.0345521 ], [ -3.334384, 6.9876399 ], [ -3.3544199, 6.8386769 ], [ -3.3453331, 6.8185391 ] ] ] ] } },
{ "type": "Feature", "properties": { "POLYGON_ID": "CIV_GAUL1990_ADM2_74519", "ADM0_ISO3": "CIV", "ADM0_NAME": "Côte d'Ivoire", "ADM0_CODE": 66, "ADM1_NAME": "Odienne", "ADM1_CODE": 14902, "ADM2_NAME": "Bako", "ADM2_CODE": 74519, "GEOSET": "GAUL", "GEOSET_YEAR": 1990.0, "GEOSET_VERSION": "GAUL_v1", "GEOSET_UNIT": "ADM2", "CENTROID_LONG": -7.5809870653732521, "CENTROID_LAT": 9.0986976500421548 }, "geometry": { "type": "MultiPolygon", "coordinates": [ [ [ [ -7.5310121, 9.340662 ], [ -7.4972501, 9.2746649 ], [ -7.434751, 9.2536907 ], [ -7.4148879, 9.2020626 ], [ -7.4337902, 9.1586657 ], [ -7.3613219, 9.0666704 ], [ -7.3403559, 8.9172306 ], [ -7.3101649, 8.7685785 ], [ -7.31567, 8.730895 ], [ -7.284459, 8.6731375 ], [ -7.3144019, 8.6784319 ], [ -7.3647604, 8.7095519 ], [ -7.401165, 8.7584821 ], [ -7.4515796, 8.7805745 ], [ -7.5429957, 8.8539215 ], [ -7.5453186, 8.8825939 ], [ -7.6118364, 8.9536876 ], [ -7.6748662, 8.967579 ], [ -7.6858935, 9.0421658 ], [ -7.7367422, 9.0772216 ], [ -7.7408653, 9.083004 ], [ -7.7416, 9.08384 ], [ -7.7465988, 9.0856892 ], [ -7.77765, 9.10226 ], [ -7.7866627, 9.1055864 ], [ -7.80142, 9.12258 ], [ -7.8022544, 9.1228777 ], [ -7.8297189, 9.1493677 ], [ -7.83784, 9.15053 ], [ -7.8388601, 9.1524351 ], [ -7.8392, 9.15307 ], [ -7.8431058, 9.1784121 ], [ -7.853, 9.17784 ], [ -7.8664088, 9.1697869 ], [ -7.87025, 9.16748 ], [ -7.8713284, 9.1665704 ], [ -7.916268, 9.1813107 ], [ -7.91688, 9.18234 ], [ -7.9258439, 9.2155368 ], [ -7.92573, 9.21731 ], [ -7.9204591, 9.22675 ], [ -7.91554, 9.23556 ], [ -7.90646, 9.25728 ], [ -7.9019073, 9.262423 ], [ -7.8932932, 9.2790894 ], [ -7.89135, 9.28052 ], [ -7.88744, 9.29062 ], [ -7.8861104, 9.2974142 ], [ -7.8855529, 9.3077222 ], [ -7.88653, 9.31241 ], [ -7.887791, 9.3404087 ], [ -7.88845, 9.34231 ], [ -7.8875977, 9.3455347 ], [ -7.88748, 9.34598 ], [ -7.8864773, 9.3469485 ], [ -7.87922, 9.35805 ], [ -7.8783881, 9.360016 ], [ -7.872144, 9.3698876 ], [ -7.86649, 9.37535 ], [ -7.863459, 9.3886075 ], [ -7.7704978, 9.3486547 ], [ -7.6985312, 9.3457966 ], [ -7.6018968, 9.380373 ], [ -7.5310121, 9.340662 ] ] ] ] } },
{ "type": "Feature", "properties": { "POLYGON_ID": "CIV_GAUL1990_ADM2_74469", "ADM0_ISO3": "CIV", "ADM0_NAME": "Côte d'Ivoire", "ADM0_CODE": 66, "ADM1_NAME": "Divo", "ADM1_CODE": 14931, "ADM2_NAME": "Guitry", "ADM2_CODE": 74469, "GEOSET": "GAUL", "GEOSET_YEAR": 1990.0, "GEOSET_VERSION": "GAUL_v1", "GEOSET_UNIT": "ADM2", "CENTROID_LONG": -5.2704909080795836, "CENTROID_LAT": 5.4768487298947415 }, "geometry": { "type": "MultiPolygon", "coordinates": [ [ [ [ -5.0044941, 5.6170099 ], [ -5.0346351, 5.5735123 ], [ -5.0090862, 5.50957 ], [ -5.0622021, 5.362793 ], [ -5.0634322, 5.3101903 ], [ -5.029417, 5.272877 ], [ -5.0675844, 5.2349779 ], [ -5.0676526, 5.1931882 ], [ -5.1354329, 5.1938909 ], [ -5.1268972, 5.2374842 ], [ -5.1882339, 5.2332642 ], [ -5.2328839, 5.1784139 ], [ -5.3078313, 5.1600721 ], [ -5.3981729, 5.2577502 ], [ -5.4326377, 5.2666046 ], [ -5.455789, 5.2992647 ], [ -5.398015, 5.3703369 ], [ -5.4230438, 5.4314377 ], [ -5.4610782, 5.4317103 ], [ -5.4895731, 5.4893694 ], [ -5.5600681, 5.5218423 ], [ -5.6001357, 5.5665247 ], [ -5.5234718, 5.7125082 ], [ -5.357832, 5.7044311 ], [ -5.2720842, 5.7188711 ], [ -5.154542, 5.7209311 ], [ -5.0044941, 5.6170099 ] ] ] ] } },
{ "type": "Feature", "properties": { "POLYGON_ID": "CIV_GAUL1990_ADM2_74577", "ADM0_ISO3": "CIV", "ADM0_NAME": "Côte d'Ivoire", "ADM0_CODE": 66, "ADM1_NAME": "Zuenoula", "ADM1_CODE": 14919, "ADM2_NAME": "Zuenoula", "ADM2_CODE": 74577, "GEOSET": "GAUL", "GEOSET_YEAR": 1990.0, "GEOSET_VERSION": "GAUL_v1", "GEOSET_UNIT": "ADM2", "CENTROID_LONG": -6.1174330657917402, "CENTROID_LAT": 7.4412482178250361 }, "geometry": { "type": "MultiPolygon", "coordinates": [ [ [ [ -5.9784113, 7.7539425 ], [ -5.9522438, 7.7301611 ], [ -5.8721696, 7.73518 ], [ -5.8671789, 7.6244292 ], [ -5.9768968, 7.4698529 ], [ -6.0186062, 7.4613161 ], [ -6.00105, 7.3805461 ], [ -5.9160538, 7.3352542 ], [ -5.8968682, 7.3090029 ], [ -5.8841362, 7.2734299 ], [ -5.9287028, 7.2395229 ], [ -5.9355569, 7.170305 ], [ -6.1092143, 7.2420239 ], [ -6.1384377, 7.2938094 ], [ -6.2105494, 7.2319689 ], [ -6.3142353, 7.2367732 ], [ -6.4416642, 7.2477605 ], [ -6.3483315, 7.4408098 ], [ -6.3289971, 7.5144361 ], [ -6.1100379, 7.6368683 ], [ -6.0581517, 7.6809523 ], [ -6.036613, 7.7481759 ], [ -5.9784113, 7.7539425 ] ] ] ] } },
{ "type": "Feature", "properties": { "POLYGON_ID": "CIV_GAUL1990_ADM2_74411", "ADM0_ISO3": "CIV", "ADM0_NAME": "Côte d'Ivoire", "ADM0_CODE": 66, "ADM1_NAME": "Adzope", "ADM1_CODE": 14896, "ADM2_NAME": "Adzope", "ADM2_CODE": 74411, "GEOSET": "GAUL", "GEOSET_YEAR": 1990.0, "GEOSET_VERSION": "GAUL_v1", "GEOSET_UNIT": "ADM2", "CENTROID_LONG": -3.7230459496382546, "CENTROID_LAT": 6.0723794297825666 }, "geometry": { "type": "MultiPolygon", "coordinates": [ [ [ [ -3.648371, 6.4295669 ], [ -3.6214361, 6.3226891 ], [ -3.6871121, 6.237164 ], [ -3.717011, 6.1526942 ], [ -3.697803, 6.091207 ], [ -3.7004731, 6.0222621 ], [ -3.6078999, 5.9873242 ], [ -3.569535, 6.0000682 ], [ -3.5093589, 6.0795779 ], [ -3.4276057, 6.0641135 ], [ -3.396762, 6.0169028 ], [ -3.4556509, 5.9102909 ], [ -3.3660007, 5.8932963 ], [ -3.3210091, 5.905144 ], [ -3.3960578, 5.8495845 ], [ -3.4019816, 5.7964802 ], [ -3.4320597, 5.7771265 ], [ -3.459599, 5.79459 ], [ -3.4520891, 5.851181 ], [ -3.5803001, 5.8769689 ], [ -3.677983, 5.8792801 ], [ -3.7300041, 5.917634 ], [ -3.8455069, 5.8152852 ], [ -3.892616, 5.8196192 ], [ -3.8494239, 5.8756289 ], [ -3.8470039, 5.9329491 ], [ -3.9106619, 6.0194802 ], [ -4.00508, 6.0468673 ], [ -4.0247904, 6.1791525 ], [ -3.8809161, 6.247426 ], [ -3.8351231, 6.304285 ], [ -3.729661, 6.3832102 ], [ -3.648371, 6.4295669 ] ] ] ] } },
{ "type": "Feature", "properties": { "POLYGON_ID": "CIV_GAUL1990_ADM2_74429", "ADM0_ISO3": "CIV", "ADM0_NAME": "Côte d'Ivoire", "ADM0_CODE": 66, "ADM1_NAME": "Bongouanou", "ADM1_CODE": 14923, "ADM2_NAME": "Bongouanou", "ADM2_CODE": 74429, "GEOSET": "GAUL", "GEOSET_YEAR": 1990.0, "GEOSET_VERSION": "GAUL_v1", "GEOSET_UNIT": "ADM2", "CENTROID_LONG": -4.2097481603724907, "CENTROID_LAT": 6.7024899659727399 }, "geometry": { "type": "MultiPolygon", "coordinates": [ [ [ [ -4.0068164, 6.5356839 ], [ -4.0740198, 6.4897755 ], [ -4.1395832, 6.4669908 ], [ -4.312201, 6.499176 ], [ -4.4310532, 6.714601 ], [ -4.421845, 6.8013959 ], [ -4.3416529, 6.7946072 ], [ -4.3341422, 6.8297191 ], [ -4.0334592, 6.9984908 ], [ -4.0079598, 6.9632769 ], [ -4.048243, 6.8931332 ], [ -4.053556, 6.8423252 ], [ -4.0842862, 6.8025332 ], [ -4.0880208, 6.747364 ], [ -4.135592, 6.6899948 ], [ -4.0068164, 6.5356839 ] ] ] ] } },
{ "type": "Feature", "properties": { "POLYGON_ID": "CIV_GAUL1990_ADM2_74549", "ADM0_ISO3": "CIV", "ADM0_NAME": "Côte d'Ivoire", "ADM0_CODE": 66, "ADM1_NAME": "Soubre", "ADM1_CODE": 14900, "ADM2_NAME": "Meagui (Gnamangui)", "ADM2_CODE": 74549, "GEOSET": "GAUL", "GEOSET_YEAR": 1990.0, "GEOSET_VERSION": "GAUL_v1", "GEOSET_UNIT": "ADM2", "CENTROID_LONG": -6.7562747226857445, "CENTROID_LAT": 5.5866523334286287 }, "geometry": { "type": "MultiPolygon", "coordinates": [ [ [ [ -6.4572882, 5.5576114 ], [ -6.4950395, 5.5594419 ], [ -6.4493399, 5.4657758 ], [ -6.4492154, 5.3599775 ], [ -6.4826142, 5.2815637 ], [ -6.5547657, 5.3079382 ], [ -6.6595726, 5.2674163 ], [ -6.6596193, 5.3347579 ], [ -6.7186741, 5.3624534 ], [ -6.7283338, 5.4129028 ], [ -6.77979, 5.4253754 ], [ -6.8208223, 5.4605645 ], [ -6.9186888, 5.4631387 ], [ -6.9661531, 5.4460553 ], [ -7.0166817, 5.4659506 ], [ -7.0607643, 5.5774405 ], [ -7.0527864, 5.6098607 ], [ -7.0877062, 5.666865 ], [ -7.089786, 5.8199745 ], [ -6.7012939, 5.8227329 ], [ -6.6132441, 5.7800369 ], [ -6.5740032, 5.740366 ], [ -6.544631, 5.6638818 ], [ -6.469955, 5.615602 ], [ -6.4572882, 5.5576114 ] ] ] ] } },
{ "type": "Feature", "properties": { "POLYGON_ID": "CIV_GAUL1990_ADM2_74502", "ADM0_ISO3": "CIV", "ADM0_NAME": "Côte d'Ivoire", "ADM0_CODE": 66, "ADM1_NAME": "Korhogo", "ADM1_CODE": 14929, "ADM2_NAME": "Sirasso", "ADM2_CODE": 74502, "GEOSET": "GAUL", "GEOSET_YEAR": 1990.0, "GEOSET_VERSION": "GAUL_v1", "GEOSET_UNIT": "ADM2", "CENTROID_LONG": -6.1027420816308799, "CENTROID_LAT": 9.1544051125561374 }, "geometry": { "type": "MultiPolygon", "coordinates": [ [ [ [ -5.9398942, 9.2908144 ], [ -5.9155149, 9.195035 ], [ -5.9156561, 9.1087427 ], [ -5.968482, 9.0451546 ], [ -6.021368, 8.9538641 ], [ -5.9440761, 8.836442 ], [ -5.9851508, 8.8121157 ], [ -6.0660615, 8.8048822 ], [ -6.1288057, 8.9121628 ], [ -6.1347589, 8.9423239 ], [ -6.244842, 8.9951974 ], [ -6.2680396, 9.0629051 ], [ -6.2210903, 9.1503637 ], [ -6.2594061, 9.2003366 ], [ -6.3212776, 9.2099717 ], [ -6.2663802, 9.2969237 ], [ -6.277092, 9.3279647 ], [ -6.2635274, 9.4110413 ], [ -6.1596329, 9.4703798 ], [ -6.1543431, 9.4452896 ], [ -6.0806599, 9.3809919 ], [ -6.0102229, 9.3635654 ], [ -5.9398942, 9.2908144 ] ] ] ] } },
{ "type": "Feature", "properties": { "POLYGON_ID": "CIV_GAUL1990_ADM2_74551", "ADM0_ISO3": "CIV", "ADM0_NAME": "Côte d'Ivoire", "ADM0_CODE": 66, "ADM1_NAME": "Tabou", "ADM1_CODE": 14901, "ADM2_NAME": "Grabo", "ADM2_CODE": 74551, "GEOSET": "GAUL", "GEOSET_YEAR": 1990.0, "GEOSET_VERSION": "GAUL_v1", "GEOSET_UNIT": "ADM2", "CENTROID_LONG": -7.2771059394533255, "CENTROID_LAT": 5.1830321404295638 }, "geometry": { "type": "MultiPolygon", "coordinates": [ [ [ [ -7.0166817, 5.4659506 ], [ -7.0734091, 5.3506141 ], [ -7.079319, 5.2577028 ], [ -7.0949531, 5.0503931 ], [ -7.084424, 4.9331951 ], [ -7.1316118, 4.9000111 ], [ -7.162272, 4.80761 ], [ -7.121984, 4.7413001 ], [ -7.2106791, 4.74052 ], [ -7.2651381, 4.707294 ], [ -7.3378501, 4.7609758 ], [ -7.397151, 4.8341632 ], [ -7.5628948, 4.7891745 ], [ -7.5819326, 4.7942332 ], [ -7.59256, 4.81937 ], [ -7.5902462, 4.8228996 ], [ -7.5900105, 4.8232592 ], [ -7.5838, 4.82644 ], [ -7.5871897, 4.8538514 ], [ -7.58519, 4.86071 ], [ -7.5872102, 4.8676209 ], [ -7.58877, 4.87522 ], [ -7.58419, 4.91014 ], [ -7.5792392, 4.9108176 ], [ -7.57067, 4.90661 ], [ -7.5633322, 4.90657 ], [ -7.5499339, 4.9227313 ], [ -7.54626, 4.92209 ], [ -7.53941, 4.91699 ], [ -7.52655, 4.91898 ], [ -7.5353631, 4.9490167 ], [ -7.53391, 4.9526 ], [ -7.53503, 4.9556 ], [ -7.5429365, 4.9646856 ], [ -7.54529, 4.96739 ], [ -7.54206, 5.00508 ], [ -7.55139, 5.0171 ], [ -7.54838, 5.05846 ], [ -7.55409, 5.0631 ], [ -7.5554834, 5.0668467 ], [ -7.5358, 5.09203 ], [ -7.52823, 5.09925 ], [ -7.5147027, 5.1037439 ], [ -7.5137683, 5.1017905 ], [ -7.5094659, 5.0952359 ], [ -7.50548, 5.09337 ], [ -7.47092, 5.15041 ], [ -7.46395, 5.23428 ], [ -7.45975, 5.24483 ], [ -7.42385, 5.29542 ], [ -7.420581, 5.2965227 ], [ -7.41328, 5.29696 ], [ -7.4115093, 5.2940018 ], [ -7.41798, 5.28158 ], [ -7.42257, 5.28138 ], [ -7.42511, 5.27795 ], [ -7.4221885, 5.2727162 ], [ -7.4197905, 5.2684203 ], [ -7.41854, 5.26618 ], [ -7.4189433, 5.2653106 ], [ -7.42226, 5.25816 ], [ -7.4154, 5.25443 ], [ -7.4088866, 5.2604953 ], [ -7.3657702, 5.33251 ], [ -7.37288, 5.33371 ], [ -7.3763346, 5.3370434 ], [ -7.3775272, 5.3715526 ], [ -7.37464, 5.37948 ], [ -7.3838882, 5.3805056 ], [ -7.38636, 5.37817 ], [ -7.39842, 5.35917 ], [ -7.4001435, 5.3620902 ], [ -7.4102496, 5.3706301 ], [ -7.41875, 5.3747 ], [ -7.423518, 5.3817834 ], [ -7.42106, 5.47863 ], [ -7.3847885, 5.5327553 ], [ -7.39197, 5.53822 ], [ -7.377948, 5.6217021 ], [ -7.2552834, 5.6458146 ], [ -7.0877062, 5.666865 ], [ -7.0527864, 5.6098607 ], [ -7.0607643, 5.5774405 ], [ -7.0166817, 5.4659506 ] ] ] ] } },
{ "type": "Feature", "properties": { "POLYGON_ID": "CIV_GAUL1990_ADM2_74406", "ADM0_ISO3": "CIV", "ADM0_NAME": "Côte d'Ivoire", "ADM0_CODE": 66, "ADM1_NAME": "Aboisso", "ADM1_CODE": 74381, "ADM2_NAME": "Aboisso", "ADM2_CODE": 74406, "GEOSET": "GAUL", "GEOSET_YEAR": 1990.0, "GEOSET_VERSION": "GAUL_v1", "GEOSET_UNIT": "ADM2", "CENTROID_LONG": -3.2650647270567124, "CENTROID_LAT": 5.4747273106348544 }, "geometry": { "type": "MultiPolygon", "coordinates": [ [ [ [ -3.0420711, 5.616601 ], [ -3.0472879, 5.5245862 ], [ -3.099334, 5.413218 ], [ -3.1224141, 5.3991508 ], [ -3.1880779, 5.2883048 ], [ -3.334878, 5.3365479 ], [ -3.440006, 5.3397932 ], [ -3.437301, 5.6021623 ], [ -3.4344352, 5.6468842 ], [ -3.1875701, 5.5935922 ], [ -3.07866, 5.5780149 ], [ -3.0420711, 5.616601 ] ] ] ] } },
{ "type": "Feature", "properties": { "POLYGON_ID": "CIV_GAUL1990_ADM2_74474", "ADM0_ISO3": "CIV", "ADM0_NAME": "Côte d'Ivoire", "ADM0_CODE": 66, "ADM1_NAME": "Ferkessedougou", "ADM1_CODE": 14928, "ADM2_NAME": "Kong", "ADM2_CODE": 74474, "GEOSET": "GAUL", "GEOSET_YEAR": 1990.0, "GEOSET_VERSION": "GAUL_v1", "GEOSET_UNIT": "ADM2", "CENTROID_LONG": -4.4022060355641139, "CENTROID_LAT": 9.1490968268960842 }, "geometry": { "type": "MultiPolygon", "coordinates": [ [ [ [ -4.3160071, 9.6029171 ], [ -4.3070168, 9.5957189 ], [ -4.2393452, 9.5343346 ], [ -4.2314757, 9.4787226 ], [ -4.1906076, 9.4489849 ], [ -4.1771407, 9.4002562 ], [ -4.2085995, 9.3471251 ], [ -4.169856, 9.2855883 ], [ -4.0682617, 9.2544861 ], [ -4.0263944, 9.2122615 ], [ -3.9571876, 9.2064086 ], [ -3.9048835, 9.1498955 ], [ -3.8853529, 9.0669871 ], [ -3.8496676, 9.025525 ], [ -3.845284, 8.9735697 ], [ -3.8927912, 8.9266473 ], [ -3.8059265, 8.825839 ], [ -3.8107551, 8.7836325 ], [ -3.8726152, 8.6997043 ], [ -3.9414188, 8.6718405 ], [ -3.9432134, 8.6424628 ], [ -4.0325823, 8.6614533 ], [ -4.1023992, 8.6603726 ], [ -4.2336685, 8.6794461 ], [ -4.2826947, 8.7489108 ], [ -4.3461147, 8.7258187 ], [ -4.3647771, 8.7560157 ], [ -4.4435306, 8.7621969 ], [ -4.5079017, 8.8348407 ], [ -4.4834377, 8.8871122 ], [ -4.5123796, 8.9171659 ], [ -4.9582568, 8.9296281 ], [ -4.9153881, 8.9626818 ], [ -4.8861795, 9.1118261 ], [ -4.9427837, 9.1291992 ], [ -4.9842687, 9.1674411 ], [ -4.9909199, 9.2112482 ], [ -4.9707832, 9.23244 ], [ -4.7687349, 9.5579805 ], [ -4.6995869, 9.6871208 ], [ -4.5915926, 9.7014862 ], [ -4.52206, 9.70526 ], [ -4.50792, 9.64675 ], [ -4.43762, 9.6624 ], [ -4.39438, 9.59696 ], [ -4.35081, 9.626 ], [ -4.3160071, 9.6029171 ] ] ] ] } },
{ "type": "Feature", "properties": { "POLYGON_ID": "CIV_GAUL1990_ADM2_74423", "ADM0_ISO3": "CIV", "ADM0_NAME": "Côte d'Ivoire", "ADM0_CODE": 66, "ADM1_NAME": "Biankouma", "ADM1_CODE": 14890, "ADM2_NAME": "Biankouma", "ADM2_CODE": 74423, "GEOSET": "GAUL", "GEOSET_YEAR": 1990.0, "GEOSET_VERSION": "GAUL_v1", "GEOSET_UNIT": "ADM2", "CENTROID_LONG": -7.5702157681035915, "CENTROID_LAT": 7.7855274145305664 }, "geometry": { "type": "MultiPolygon", "coordinates": [ [ [ [ -7.3906611, 8.1120523 ], [ -7.2989764, 8.0643748 ], [ -7.2493133, 7.978087 ], [ -7.1701574, 7.9785439 ], [ -7.19066, 7.8526688 ], [ -7.3176098, 7.787982 ], [ -7.4701171, 7.7697859 ], [ -7.5192838, 7.748229 ], [ -7.523066, 7.714056 ], [ -7.4446549, 7.6991978 ], [ -7.467526, 7.6437469 ], [ -7.571383, 7.6441302 ], [ -7.595191, 7.5840812 ], [ -7.631814, 7.5929432 ], [ -7.7232561, 7.5414629 ], [ -7.745729, 7.5083551 ], [ -7.788516, 7.5508809 ], [ -7.8425179, 7.5494981 ], [ -7.9027729, 7.4110398 ], [ -7.9550948, 7.3664999 ], [ -7.966486, 7.6527328 ], [ -7.9919548, 7.7216978 ], [ -7.963356, 7.7377982 ], [ -7.8183241, 7.6908631 ], [ -7.7551398, 7.652349 ], [ -7.7325101, 7.6831641 ], [ -7.7372251, 7.7422771 ], [ -7.67766, 7.805582 ], [ -7.6653897, 7.8535705 ], [ -7.5297327, 7.8691561 ], [ -7.5091481, 8.0389727 ], [ -7.5180855, 8.0799238 ], [ -7.4730348, 8.1466436 ], [ -7.3906611, 8.1120523 ] ] ] ] } },
{ "type": "Feature", "properties": { "POLYGON_ID": "CIV_GAUL1990_ADM2_74543", "ADM0_ISO3": "CIV", "ADM0_NAME": "Côte d'Ivoire", "ADM0_CODE": 66, "ADM1_NAME": "Seguela", "ADM1_CODE": 14942, "ADM2_NAME": "Seguela", "ADM2_CODE": 74543, "GEOSET": "GAUL", "GEOSET_YEAR": 1990.0, "GEOSET_VERSION": "GAUL_v1", "GEOSET_UNIT": "ADM2", "CENTROID_LONG": -6.6500050455822413, "CENTROID_LAT": 8.0256328309967255 }, "geometry": { "type": "MultiPolygon", "coordinates": [ [ [ [ -6.5596099, 8.3058538 ], [ -6.5309072, 8.2808714 ], [ -6.5893159, 8.1312704 ], [ -6.6158919, 8.1074629 ], [ -6.6083932, 8.0561972 ], [ -6.5498118, 8.0660734 ], [ -6.4903288, 8.1041288 ], [ -6.3684001, 8.1086025 ], [ -6.3092098, 8.1244421 ], [ -6.4162931, 8.0483608 ], [ -6.533144, 7.9461198 ], [ -6.5493112, 7.815207 ], [ -6.5366028, 7.7691304 ], [ -6.6179843, 7.8007419 ], [ -6.872889, 7.8020634 ], [ -6.8510752, 7.8400249 ], [ -6.818727, 8.0316324 ], [ -6.741034, 8.04111 ], [ -6.7228589, 8.1067972 ], [ -6.765192, 8.1971169 ], [ -6.7103329, 8.3254423 ], [ -6.5596099, 8.3058538 ] ] ] ] } },
{ "type": "Feature", "properties": { "POLYGON_ID": "CIV_GAUL1990_ADM2_74558", "ADM0_ISO3": "CIV", "ADM0_NAME": "Côte d'Ivoire", "ADM0_CODE": 66, "ADM1_NAME": "Tengrela", "ADM1_CODE": 14930, "ADM2_NAME": "Kanakono", "ADM2_CODE": 74558, "GEOSET": "GAUL", "GEOSET_YEAR": 1990.0, "GEOSET_VERSION": "GAUL_v1", "GEOSET_UNIT": "ADM2", "CENTROID_LONG": -6.2691294762167935, "CENTROID_LAT": 10.355149844576045 }, "geometry": { "type": "MultiPolygon", "coordinates": [ [ [ [ -6.193859, 10.2494766 ], [ -6.223774, 10.2163671 ], [ -6.3261471, 10.2303305 ], [ -6.3742771, 10.2880201 ], [ -6.3900838, 10.3689804 ], [ -6.300416, 10.4399004 ], [ -6.2355489, 10.5141636 ], [ -6.22025, 10.52486 ], [ -6.2172742, 10.5216644 ], [ -6.205, 10.49651 ], [ -6.19872, 10.49639 ], [ -6.16475, 10.48555 ], [ -6.1664519, 10.48354 ], [ -6.16834, 10.48131 ], [ -6.1823, 10.47277 ], [ -6.18454, 10.43723 ], [ -6.16845, 10.42841 ], [ -6.1673237, 10.4273613 ], [ -6.16412, 10.41223 ], [ -6.1676683, 10.4090571 ], [ -6.1714, 10.40822 ], [ -6.17758, 10.4134 ], [ -6.1893883, 10.383377 ], [ -6.1877517, 10.3814555 ], [ -6.1788483, 10.3697655 ], [ -6.17406, 10.36756 ], [ -6.16665, 10.36627 ], [ -6.16555, 10.36326 ], [ -6.1932822, 10.3081986 ], [ -6.1948335, 10.3026399 ], [ -6.20507, 10.31365 ], [ -6.2115742, 10.3144697 ], [ -6.2170695, 10.2564063 ], [ -6.20197, 10.25793 ], [ -6.1991642, 10.2558928 ], [ -6.19776, 10.25293 ], [ -6.193859, 10.2494766 ] ] ] ] } },
{ "type": "Feature", "properties": { "POLYGON_ID": "CIV_GAUL1990_ADM2_74559", "ADM0_ISO3": "CIV", "ADM0_NAME": "Côte d'Ivoire", "ADM0_CODE": 66, "ADM1_NAME": "Tengrela", "ADM1_CODE": 14930, "ADM2_NAME": "Tengrela", "ADM2_CODE": 74559, "GEOSET": "GAUL", "GEOSET_YEAR": 1990.0, "GEOSET_VERSION": "GAUL_v1", "GEOSET_UNIT": "ADM2", "CENTROID_LONG": -6.4569874760478463, "CENTROID_LAT": 10.470548595327756 }, "geometry": { "type": "MultiPolygon", "coordinates": [ [ [ [ -6.2355489, 10.5141636 ], [ -6.300416, 10.4399004 ], [ -6.3900838, 10.3689804 ], [ -6.3742771, 10.2880201 ], [ -6.3261471, 10.2303305 ], [ -6.4133339, 10.2093897 ], [ -6.4283638, 10.2416496 ], [ -6.519063, 10.2409601 ], [ -6.5932162, 10.2245818 ], [ -6.6366511, 10.2550166 ], [ -6.6340165, 10.3097686 ], [ -6.6740107, 10.3637442 ], [ -6.6308645, 10.433287 ], [ -6.63017, 10.4388 ], [ -6.63826, 10.44101 ], [ -6.64451, 10.44227 ], [ -6.645086, 10.4468319 ], [ -6.64343, 10.45053 ], [ -6.6644628, 10.4565355 ], [ -6.66609, 10.45714 ], [ -6.67496, 10.46787 ], [ -6.6785082, 10.4667717 ], [ -6.6780726, 10.4781057 ], [ -6.67632, 10.48262 ], [ -6.67674, 10.48516 ], [ -6.68253, 10.48664 ], [ -6.6812242, 10.5218608 ], [ -6.6793804, 10.5330476 ], [ -6.6775928, 10.5326301 ], [ -6.67406, 10.5318 ], [ -6.66541, 10.53441 ], [ -6.6641375, 10.5366281 ], [ -6.6684685, 10.5462251 ], [ -6.669616, 10.5485985 ], [ -6.66804, 10.58606 ], [ -6.6668643, 10.5914613 ], [ -6.67523, 10.59692 ], [ -6.67705, 10.59879 ], [ -6.65413, 10.6329 ], [ -6.6498686, 10.6350091 ], [ -6.6528923, 10.6416539 ], [ -6.65678, 10.64053 ], [ -6.6228407, 10.6672938 ], [ -6.61597, 10.65983 ], [ -6.5939555, 10.6215713 ], [ -6.57349, 10.61743 ], [ -6.50431, 10.57483 ], [ -6.5028833, 10.575558 ], [ -6.49071, 10.57844 ], [ -6.4708598, 10.5690692 ], [ -6.4442, 10.56543 ], [ -6.43151, 10.57257 ], [ -6.40105, 10.59848 ], [ -6.3973133, 10.6055609 ], [ -6.4004407, 10.6196304 ], [ -6.40826, 10.6246 ], [ -6.41644, 10.70065 ], [ -6.35048, 10.69465 ], [ -6.25642, 10.73664 ], [ -6.2482222, 10.7360802 ], [ -6.21774, 10.72633 ], [ -6.2149715, 10.7221676 ], [ -6.23331, 10.7 ], [ -6.2255209, 10.6847218 ], [ -6.23464, 10.67041 ], [ -6.23544, 10.66525 ], [ -6.2336378, 10.6620822 ], [ -6.2161627, 10.652582 ], [ -6.2159958, 10.6510424 ], [ -6.2144178, 10.6483034 ], [ -6.21302, 10.64619 ], [ -6.1885403, 10.6336196 ], [ -6.19078, 10.62989 ], [ -6.19814, 10.62198 ], [ -6.21512, 10.62138 ], [ -6.2181258, 10.6202614 ], [ -6.22315, 10.61509 ], [ -6.22512, 10.60938 ], [ -6.2240622, 10.6061011 ], [ -6.2216107, 10.598502 ], [ -6.2199091, 10.5976933 ], [ -6.21042, 10.60036 ], [ -6.21003, 10.59644 ], [ -6.21588, 10.58229 ], [ -6.210283, 10.5833294 ], [ -6.2106451, 10.5765316 ], [ -6.24598, 10.51639 ], [ -6.2424, 10.51542 ], [ -6.2355489, 10.5141636 ] ] ] ] } },
{ "type": "Feature", "properties": { "POLYGON_ID": "CIV_GAUL1990_ADM2_74447", "ADM0_ISO3": "CIV", "ADM0_NAME": "Côte d'Ivoire", "ADM0_CODE": 66, "ADM1_NAME": "Boundiali", "ADM1_CODE": 14927, "ADM2_NAME": "Kouto", "ADM2_CODE": 74447, "GEOSET": "GAUL", "GEOSET_YEAR": 1990.0, "GEOSET_VERSION": "GAUL_v1", "GEOSET_UNIT": "ADM2", "CENTROID_LONG": -6.4049595700204076, "CENTROID_LAT": 10.084468657573968 }, "geometry": { "type": "MultiPolygon", "coordinates": [ [ [ [ -6.3261471, 10.2303305 ], [ -6.223774, 10.2163671 ], [ -6.2752292, 10.0632018 ], [ -6.316824, 9.9990711 ], [ -6.3069458, 9.9477463 ], [ -6.3664398, 9.8855591 ], [ -6.3591681, 9.8502989 ], [ -6.4076142, 9.8474598 ], [ -6.4705338, 9.898797 ], [ -6.4634051, 9.9420633 ], [ -6.5006862, 9.9969587 ], [ -6.514709, 10.0940399 ], [ -6.5861506, 10.1659276 ], [ -6.5932162, 10.2245818 ], [ -6.519063, 10.2409601 ], [ -6.4283638, 10.2416496 ], [ -6.4133339, 10.2093897 ], [ -6.3261471, 10.2303305 ] ] ] ] } },
{ "type": "Feature", "properties": { "POLYGON_ID": "CIV_GAUL1990_ADM2_74445", "ADM0_ISO3": "CIV", "ADM0_NAME": "Côte d'Ivoire", "ADM0_CODE": 66, "ADM1_NAME": "Boundiali", "ADM1_CODE": 14927, "ADM2_NAME": "Kassere", "ADM2_CODE": 74445, "GEOSET": "GAUL", "GEOSET_YEAR": 1990.0, "GEOSET_VERSION": "GAUL_v1", "GEOSET_UNIT": "ADM2", "CENTROID_LONG": -6.2199156836026255, "CENTROID_LAT": 9.8388380001927445 }, "geometry": { "type": "MultiPolygon", "coordinates": [ [ [ [ -6.055672, 9.8582491 ], [ -6.0221614, 9.816212 ], [ -6.0468154, 9.7825733 ], [ -6.1089049, 9.7780508 ], [ -6.0918078, 9.7048328 ], [ -6.1347784, 9.6405667 ], [ -6.2963481, 9.6941843 ], [ -6.3597078, 9.6949139 ], [ -6.371006, 9.7544918 ], [ -6.3591681, 9.8502989 ], [ -6.3664398, 9.8855591 ], [ -6.3069458, 9.9477463 ], [ -6.316824, 9.9990711 ], [ -6.2752292, 10.0632018 ], [ -6.1593676, 10.038819 ], [ -6.119905, 10.0030826 ], [ -6.1676727, 9.9741419 ], [ -6.1736641, 9.9266802 ], [ -6.055672, 9.8582491 ] ] ] ] } },
{ "type": "Feature", "properties": { "POLYGON_ID": "CIV_GAUL1990_ADM2_74444", "ADM0_ISO3": "CIV", "ADM0_NAME": "Côte d'Ivoire", "ADM0_CODE": 66, "ADM1_NAME": "Boundiali", "ADM1_CODE": 14927, "ADM2_NAME": "Gbon", "ADM2_CODE": 74444, "GEOSET": "GAUL", "GEOSET_YEAR": 1990.0, "GEOSET_VERSION": "GAUL_v1", "GEOSET_UNIT": "ADM2", "CENTROID_LONG": -6.5494886452994852, "CENTROID_LAT": 9.9667783194411186 }, "geometry": { "type": "MultiPolygon", "coordinates": [ [ [ [ -6.3591681, 9.8502989 ], [ -6.371006, 9.7544918 ], [ -6.4027538, 9.7570772 ], [ -6.5515041, 9.8164206 ], [ -6.5762229, 9.8516903 ], [ -6.5759749, 9.9412432 ], [ -6.6243091, 10.0090704 ], [ -6.6735711, 10.03339 ], [ -6.7603221, 10.0413399 ], [ -6.7584672, 10.1013923 ], [ -6.7060733, 10.1025988 ], [ -6.5861506, 10.1659276 ], [ -6.514709, 10.0940399 ], [ -6.5006862, 9.9969587 ], [ -6.4634051, 9.9420633 ], [ -6.4705338, 9.898797 ], [ -6.4076142, 9.8474598 ], [ -6.3591681, 9.8502989 ] ] ] ] } },
{ "type": "Feature", "properties": { "POLYGON_ID": "CIV_GAUL1990_ADM2_74446", "ADM0_ISO3": "CIV", "ADM0_NAME": "Côte d'Ivoire", "ADM0_CODE": 66, "ADM1_NAME": "Boundiali", "ADM1_CODE": 14927, "ADM2_NAME": "Kolia", "ADM2_CODE": 74446, "GEOSET": "GAUL", "GEOSET_YEAR": 1990.0, "GEOSET_VERSION": "GAUL_v1", "GEOSET_UNIT": "ADM2", "CENTROID_LONG": -6.6507596792197985, "CENTROID_LAT": 9.8251387172541396 }, "geometry": { "type": "MultiPolygon", "coordinates": [ [ [ [ -6.7584672, 10.1013923 ], [ -6.7603221, 10.0413399 ], [ -6.6735711, 10.03339 ], [ -6.6243091, 10.0090704 ], [ -6.5759749, 9.9412432 ], [ -6.5762229, 9.8516903 ], [ -6.5515041, 9.8164206 ], [ -6.4027538, 9.7570772 ], [ -6.371006, 9.7544918 ], [ -6.3597078, 9.6949139 ], [ -6.3649168, 9.6395512 ], [ -6.3930559, 9.5957508 ], [ -6.442472, 9.5788193 ], [ -6.4753571, 9.6167593 ], [ -6.5442791, 9.5776463 ], [ -6.5653772, 9.614583 ], [ -6.7216349, 9.6177864 ], [ -6.7830786, 9.6400268 ], [ -6.7420649, 9.7501713 ], [ -6.776877, 9.7703276 ], [ -6.741847, 9.8402481 ], [ -6.7916732, 9.9546229 ], [ -6.9677655, 9.9686901 ], [ -6.9290228, 10.0226892 ], [ -6.9292822, 10.0605864 ], [ -6.8548035, 10.1299146 ], [ -6.7864246, 10.1328938 ], [ -6.7584672, 10.1013923 ] ] ] ] } },
{ "type": "Feature", "properties": { "POLYGON_ID": "CIV_GAUL1990_ADM2_74498", "ADM0_ISO3": "CIV", "ADM0_NAME": "Côte d'Ivoire", "ADM0_CODE": 66, "ADM1_NAME": "Korhogo", "ADM1_CODE": 14929, "ADM2_NAME": "M'bengue", "ADM2_CODE": 74498, "GEOSET": "GAUL", "GEOSET_YEAR": 1990.0, "GEOSET_VERSION": "GAUL_v1", "GEOSET_UNIT": "ADM2", "CENTROID_LONG": -5.932323338897258, "CENTROID_LAT": 10.048568519459582 }, "geometry": { "type": "MultiPolygon", "coordinates": [ [ [ [ -5.7224403, 9.9742116 ], [ -5.6831693, 9.8640279 ], [ -5.6299524, 9.8238694 ], [ -5.65157, 9.7705575 ], [ -5.7267251, 9.7663794 ], [ -5.7971711, 9.7061605 ], [ -5.8226738, 9.7256422 ], [ -5.8287592, 9.813798 ], [ -5.8555622, 9.8979425 ], [ -5.952991, 9.8634996 ], [ -6.0117879, 9.8942728 ], [ -6.055672, 9.8582491 ], [ -6.1736641, 9.9266802 ], [ -6.1676727, 9.9741419 ], [ -6.119905, 10.0030826 ], [ -6.1593676, 10.038819 ], [ -6.2752292, 10.0632018 ], [ -6.223774, 10.2163671 ], [ -6.193859, 10.2494766 ], [ -6.1940364, 10.2482586 ], [ -6.1950503, 10.2412971 ], [ -6.1870662, 10.2315783 ], [ -6.18354, 10.22858 ], [ -6.17273, 10.22263 ], [ -6.12127, 10.2051 ], [ -6.10095, 10.1992 ], [ -6.08006, 10.19857 ], [ -6.06069, 10.20372 ], [ -5.99069, 10.221 ], [ -5.97612, 10.27776 ], [ -5.92459, 10.27561 ], [ -5.8843301, 10.3732599 ], [ -5.8144047, 10.4228418 ], [ -5.8261314, 10.3685385 ], [ -5.7864938, 10.2830445 ], [ -5.7975087, 10.2115635 ], [ -5.7338706, 10.1228729 ], [ -5.7224403, 9.9742116 ] ] ] ] } },
{ "type": "Feature", "properties": { "POLYGON_ID": "CIV_GAUL1990_ADM2_74497", "ADM0_ISO3": "CIV", "ADM0_NAME": "Côte d'Ivoire", "ADM0_CODE": 66, "ADM1_NAME": "Korhogo", "ADM1_CODE": 14929, "ADM2_NAME": "Korhogo", "ADM2_CODE": 74497, "GEOSET": "GAUL", "GEOSET_YEAR": 1990.0, "GEOSET_VERSION": "GAUL_v1", "GEOSET_UNIT": "ADM2", "CENTROID_LONG": -5.6733060583115398, "CENTROID_LAT": 9.5836709135761637 }, "geometry": { "type": "MultiPolygon", "coordinates": [ [ [ [ -5.65157, 9.7705575 ], [ -5.5634151, 9.7282354 ], [ -5.4710832, 9.7557043 ], [ -5.4398955, 9.7050535 ], [ -5.4557309, 9.6309156 ], [ -5.493937, 9.5842161 ], [ -5.5141931, 9.4991217 ], [ -5.6132622, 9.3816032 ], [ -5.6859999, 9.394845 ], [ -5.696938, 9.420723 ], [ -5.7773981, 9.4342556 ], [ -5.9096022, 9.4265947 ], [ -5.8766642, 9.5549383 ], [ -5.880249, 9.5812655 ], [ -5.837924, 9.6689672 ], [ -5.7971711, 9.7061605 ], [ -5.7267251, 9.7663794 ], [ -5.65157, 9.7705575 ] ] ] ] } },
{ "type": "Feature", "properties": { "POLYGON_ID": "CIV_GAUL1990_ADM2_74501", "ADM0_ISO3": "CIV", "ADM0_NAME": "Côte d'Ivoire", "ADM0_CODE": 66, "ADM1_NAME": "Korhogo", "ADM1_CODE": 14929, "ADM2_NAME": "Sinematiali", "ADM2_CODE": 74501, "GEOSET": "GAUL", "GEOSET_YEAR": 1990.0, "GEOSET_VERSION": "GAUL_v1", "GEOSET_UNIT": "ADM2", "CENTROID_LONG": -5.3954249912673937, "CENTROID_LAT": 9.5373350281951339 }, "geometry": { "type": "MultiPolygon", "coordinates": [ [ [ [ -5.3749543, 9.6718688 ], [ -5.3072463, 9.5881768 ], [ -5.2959187, 9.4803385 ], [ -5.3307338, 9.4399813 ], [ -5.3408175, 9.3848021 ], [ -5.3388554, 9.37608 ], [ -5.3979082, 9.3718519 ], [ -5.414577, 9.4351187 ], [ -5.460865, 9.4838438 ], [ -5.5141931, 9.4991217 ], [ -5.493937, 9.5842161 ], [ -5.4557309, 9.6309156 ], [ -5.4398955, 9.7050535 ], [ -5.3749543, 9.6718688 ] ] ] ] } },
{ "type": "Feature", "properties": { "POLYGON_ID": "CIV_GAUL1990_ADM2_74496", "ADM0_ISO3": "CIV", "ADM0_NAME": "Côte d'Ivoire", "ADM0_CODE": 66, "ADM1_NAME": "Korhogo", "ADM1_CODE": 14929, "ADM2_NAME": "Komborodougou", "ADM2_CODE": 74496, "GEOSET": "GAUL", "GEOSET_YEAR": 1990.0, "GEOSET_VERSION": "GAUL_v1", "GEOSET_UNIT": "ADM2", "CENTROID_LONG": -5.4212974687249229, "CENTROID_LAT": 9.373510981218141 }, "geometry": { "type": "MultiPolygon", "coordinates": [ [ [ [ -5.3388554, 9.37608 ], [ -5.3837196, 9.2662953 ], [ -5.4495888, 9.3314161 ], [ -5.4909968, 9.4341154 ], [ -5.460865, 9.4838438 ], [ -5.414577, 9.4351187 ], [ -5.3979082, 9.3718519 ], [ -5.3388554, 9.37608 ] ] ] ] } },
{ "type": "Feature", "properties": { "POLYGON_ID": "CIV_GAUL1990_ADM2_74495", "ADM0_ISO3": "CIV", "ADM0_NAME": "Côte d'Ivoire", "ADM0_CODE": 66, "ADM1_NAME": "Korhogo", "ADM1_CODE": 14929, "ADM2_NAME": "Karakoro", "ADM2_CODE": 74495, "GEOSET": "GAUL", "GEOSET_YEAR": 1990.0, "GEOSET_VERSION": "GAUL_v1", "GEOSET_UNIT": "ADM2", "CENTROID_LONG": -5.524134001707294, "CENTROID_LAT": 9.4022767223564383 }, "geometry": { "type": "MultiPolygon", "coordinates": [ [ [ [ -5.5141931, 9.4991217 ], [ -5.460865, 9.4838438 ], [ -5.4909968, 9.4341154 ], [ -5.4495888, 9.3314161 ], [ -5.5369892, 9.331336 ], [ -5.586915, 9.3593464 ], [ -5.6132622, 9.3816032 ], [ -5.5141931, 9.4991217 ] ] ] ] } },
{ "type": "Feature", "properties": { "POLYGON_ID": "CIV_GAUL1990_ADM2_74499", "ADM0_ISO3": "CIV", "ADM0_NAME": "Côte d'Ivoire", "ADM0_CODE": 66, "ADM1_NAME": "Korhogo", "ADM1_CODE": 14929, "ADM2_NAME": "Napieoledougou", "ADM2_CODE": 74499, "GEOSET": "GAUL", "GEOSET_YEAR": 1990.0, "GEOSET_VERSION": "GAUL_v1", "GEOSET_UNIT": "ADM2", "CENTROID_LONG": -5.5654017025216458, "CENTROID_LAT": 9.0819503405248607 }, "geometry": { "type": "MultiPolygon", "coordinates": [ [ [ [ -5.4495888, 9.3314161 ], [ -5.3837196, 9.2662953 ], [ -5.4266544, 9.16946 ], [ -5.5041065, 9.0641413 ], [ -5.4241557, 9.0070625 ], [ -5.4739904, 8.9278736 ], [ -5.4496279, 8.8730966 ], [ -5.499623, 8.8693261 ], [ -5.5882277, 8.8673896 ], [ -5.612546, 8.837487 ], [ -5.6985975, 8.8461314 ], [ -5.7277756, 8.7731994 ], [ -5.7571578, 8.8360949 ], [ -5.7078118, 8.8886261 ], [ -5.7005792, 8.9580393 ], [ -5.7189522, 9.0598927 ], [ -5.6625528, 9.12675 ], [ -5.6117988, 9.1838503 ], [ -5.640388, 9.2301683 ], [ -5.6190028, 9.3450565 ], [ -5.586915, 9.3593464 ], [ -5.5369892, 9.331336 ], [ -5.4495888, 9.3314161 ] ] ] ] } },
{ "type": "Feature", "properties": { "POLYGON_ID": "CIV_GAUL1990_ADM2_74503", "ADM0_ISO3": "CIV", "ADM0_NAME": "Côte d'Ivoire", "ADM0_CODE": 66, "ADM1_NAME": "Korhogo", "ADM1_CODE": 14929, "ADM2_NAME": "Tioroniaradougou", "ADM2_CODE": 74503, "GEOSET": "GAUL", "GEOSET_YEAR": 1990.0, "GEOSET_VERSION": "GAUL_v1", "GEOSET_UNIT": "ADM2", "CENTROID_LONG": -5.7488356218994738, "CENTROID_LAT": 9.3608953035947948 }, "geometry": { "type": "MultiPolygon", "coordinates": [ [ [ [ -5.6132622, 9.3816032 ], [ -5.586915, 9.3593464 ], [ -5.6190028, 9.3450565 ], [ -5.640388, 9.2301683 ], [ -5.7570362, 9.3238573 ], [ -5.858387, 9.3526106 ], [ -5.8752122, 9.3377686 ], [ -5.9280548, 9.383276 ], [ -5.9096022, 9.4265947 ], [ -5.7773981, 9.4342556 ], [ -5.696938, 9.420723 ], [ -5.6859999, 9.394845 ], [ -5.6132622, 9.3816032 ] ] ] ] } },
{ "type": "Feature", "properties": { "POLYGON_ID": "CIV_GAUL1990_ADM2_74494", "ADM0_ISO3": "CIV", "ADM0_NAME": "Côte d'Ivoire", "ADM0_CODE": 66, "ADM1_NAME": "Korhogo", "ADM1_CODE": 14929, "ADM2_NAME": "Guiembe", "ADM2_CODE": 74494, "GEOSET": "GAUL", "GEOSET_YEAR": 1990.0, "GEOSET_VERSION": "GAUL_v1", "GEOSET_UNIT": "ADM2", "CENTROID_LONG": -5.7793656501154747, "CENTROID_LAT": 9.2254373730468426 }, "geometry": { "type": "MultiPolygon", "coordinates": [ [ [ [ -5.640388, 9.2301683 ], [ -5.6117988, 9.1838503 ], [ -5.6625528, 9.12675 ], [ -5.7462788, 9.1168747 ], [ -5.816576, 9.0903721 ], [ -5.8408289, 9.1307974 ], [ -5.8102179, 9.1879215 ], [ -5.843812, 9.2151947 ], [ -5.9155149, 9.195035 ], [ -5.9398942, 9.2908144 ], [ -5.8752122, 9.3377686 ], [ -5.858387, 9.3526106 ], [ -5.7570362, 9.3238573 ], [ -5.640388, 9.2301683 ] ] ] ] } },
{ "type": "Feature", "properties": { "POLYGON_ID": "CIV_GAUL1990_ADM2_74500", "ADM0_ISO3": "CIV", "ADM0_NAME": "Côte d'Ivoire", "ADM0_CODE": 66, "ADM1_NAME": "Korhogo", "ADM1_CODE": 14929, "ADM2_NAME": "Niofoin", "ADM2_CODE": 74500, "GEOSET": "GAUL", "GEOSET_YEAR": 1990.0, "GEOSET_VERSION": "GAUL_v1", "GEOSET_UNIT": "ADM2", "CENTROID_LONG": -5.9863707918680502, "CENTROID_LAT": 9.6133492717818054 }, "geometry": { "type": "MultiPolygon", "coordinates": [ [ [ [ -5.7971711, 9.7061605 ], [ -5.837924, 9.6689672 ], [ -5.880249, 9.5812655 ], [ -5.8766642, 9.5549383 ], [ -5.9096022, 9.4265947 ], [ -5.9280548, 9.383276 ], [ -5.8752122, 9.3377686 ], [ -5.9398942, 9.2908144 ], [ -6.0102229, 9.3635654 ], [ -6.0806599, 9.3809919 ], [ -6.1543431, 9.4452896 ], [ -6.1596329, 9.4703798 ], [ -6.1538023, 9.6233706 ], [ -6.1347784, 9.6405667 ], [ -6.0918078, 9.7048328 ], [ -6.1089049, 9.7780508 ], [ -6.0468154, 9.7825733 ], [ -6.0221614, 9.816212 ], [ -6.055672, 9.8582491 ], [ -6.0117879, 9.8942728 ], [ -5.952991, 9.8634996 ], [ -5.8555622, 9.8979425 ], [ -5.8287592, 9.813798 ], [ -5.8226738, 9.7256422 ], [ -5.7971711, 9.7061605 ] ] ] ] } },
{ "type": "Feature", "properties": { "POLYGON_ID": "CIV_GAUL1990_ADM2_74493", "ADM0_ISO3": "CIV", "ADM0_NAME": "Côte d'Ivoire", "ADM0_CODE": 66, "ADM1_NAME": "Korhogo", "ADM1_CODE": 14929, "ADM2_NAME": "Dikodougou", "ADM2_CODE": 74493, "GEOSET": "GAUL", "GEOSET_YEAR": 1990.0, "GEOSET_VERSION": "GAUL_v1", "GEOSET_UNIT": "ADM2", "CENTROID_LONG": -5.8421657991944693, "CENTROID_LAT": 8.8604966901159532 }, "geometry": { "type": "MultiPolygon", "coordinates": [ [ [ [ -5.6625528, 9.12675 ], [ -5.7189522, 9.0598927 ], [ -5.7005792, 8.9580393 ], [ -5.7078118, 8.8886261 ], [ -5.7571578, 8.8360949 ], [ -5.7277756, 8.7731994 ], [ -5.6748428, 8.7303734 ], [ -5.7070818, 8.6233637 ], [ -5.6648098, 8.6191283 ], [ -5.6410675, 8.5454586 ], [ -5.7081856, 8.539404 ], [ -5.904953, 8.6480171 ], [ -5.9603746, 8.6514409 ], [ -5.9943067, 8.6745079 ], [ -6.0660615, 8.8048822 ], [ -5.9851508, 8.8121157 ], [ -5.9440761, 8.836442 ], [ -6.021368, 8.9538641 ], [ -5.968482, 9.0451546 ], [ -5.9156561, 9.1087427 ], [ -5.9155149, 9.195035 ], [ -5.843812, 9.2151947 ], [ -5.8102179, 9.1879215 ], [ -5.8408289, 9.1307974 ], [ -5.816576, 9.0903721 ], [ -5.7462788, 9.1168747 ], [ -5.6625528, 9.12675 ] ] ] ] } },
{ "type": "Feature", "properties": { "POLYGON_ID": "CIV_GAUL1990_ADM2_74476", "ADM0_ISO3": "CIV", "ADM0_NAME": "Côte d'Ivoire", "ADM0_CODE": 66, "ADM1_NAME": "Ferkessedougou", "ADM1_CODE": 14928, "ADM2_NAME": "Nielle", "ADM2_CODE": 74476, "GEOSET": "GAUL", "GEOSET_YEAR": 1990.0, "GEOSET_VERSION": "GAUL_v1", "GEOSET_UNIT": "ADM2", "CENTROID_LONG": -5.6330506882013545, "CENTROID_LAT": 10.26698388386548 }, "geometry": { "type": "MultiPolygon", "coordinates": [ [ [ [ -5.4260578, 10.3203694 ], [ -5.4449039, 10.2549295 ], [ -5.4066501, 10.2154799 ], [ -5.4535131, 10.1652699 ], [ -5.5024061, 10.2102404 ], [ -5.5335078, 10.1017199 ], [ -5.5659361, 10.1207895 ], [ -5.6331868, 10.0753403 ], [ -5.6851792, 9.9935703 ], [ -5.7224403, 9.9742116 ], [ -5.7338706, 10.1228729 ], [ -5.7975087, 10.2115635 ], [ -5.7864938, 10.2830445 ], [ -5.8261314, 10.3685385 ], [ -5.8144047, 10.4228418 ], [ -5.6590415, 10.4581944 ], [ -5.65342, 10.45639 ], [ -5.6406, 10.45819 ], [ -5.5630921, 10.4638903 ], [ -5.51892, 10.43327 ], [ -5.47261, 10.35221 ], [ -5.4260578, 10.3203694 ] ] ] ] } },
{ "type": "Feature", "properties": { "POLYGON_ID": "CIV_GAUL1990_ADM2_74472", "ADM0_ISO3": "CIV", "ADM0_NAME": "Côte d'Ivoire", "ADM0_CODE": 66, "ADM1_NAME": "Ferkessedougou", "ADM1_CODE": 14928, "ADM2_NAME": "Diawala", "ADM2_CODE": 74472, "GEOSET": "GAUL", "GEOSET_YEAR": 1990.0, "GEOSET_VERSION": "GAUL_v1", "GEOSET_UNIT": "ADM2", "CENTROID_LONG": -5.4405398543168069, "CENTROID_LAT": 9.994366208736766 }, "geometry": { "type": "MultiPolygon", "coordinates": [ [ [ [ -5.1110791, 10.2769764 ], [ -5.1771569, 10.2276096 ], [ -5.2044182, 10.1743298 ], [ -5.3311839, 10.1038504 ], [ -5.3511858, 10.0697298 ], [ -5.3382821, 9.9635792 ], [ -5.3161931, 9.9199743 ], [ -5.218514, 9.8725071 ], [ -5.3396702, 9.7474051 ], [ -5.3749543, 9.6718688 ], [ -5.4398955, 9.7050535 ], [ -5.4710832, 9.7557043 ], [ -5.5634151, 9.7282354 ], [ -5.65157, 9.7705575 ], [ -5.6299524, 9.8238694 ], [ -5.6831693, 9.8640279 ], [ -5.7224403, 9.9742116 ], [ -5.6851792, 9.9935703 ], [ -5.6331868, 10.0753403 ], [ -5.5659361, 10.1207895 ], [ -5.5335078, 10.1017199 ], [ -5.5024061, 10.2102404 ], [ -5.4535131, 10.1652699 ], [ -5.4066501, 10.2154799 ], [ -5.4449039, 10.2549295 ], [ -5.4260578, 10.3203694 ], [ -5.36512, 10.2875 ], [ -5.2461796, 10.3146286 ], [ -5.15751, 10.28393 ], [ -5.1123063, 10.3044898 ], [ -5.1110791, 10.2769764 ] ] ] ] } },
{ "type": "Feature", "properties": { "POLYGON_ID": "CIV_GAUL1990_ADM2_74477", "ADM0_ISO3": "CIV", "ADM0_NAME": "Côte d'Ivoire", "ADM0_CODE": 66, "ADM1_NAME": "Ferkessedougou", "ADM1_CODE": 14928, "ADM2_NAME": "Ouangolodougou", "ADM2_CODE": 74477, "GEOSET": "GAUL", "GEOSET_YEAR": 1990.0, "GEOSET_VERSION": "GAUL_v1", "GEOSET_UNIT": "ADM2", "CENTROID_LONG": -5.1674162825446217, "CENTROID_LAT": 10.044092322185234 }, "geometry": { "type": "MultiPolygon", "coordinates": [ [ [ [ -4.9610265, 9.9245255 ], [ -5.018528, 9.9346848 ], [ -5.0826702, 9.9030113 ], [ -5.1382098, 9.9360294 ], [ -5.1828222, 9.9288464 ], [ -5.218514, 9.8725071 ], [ -5.3161931, 9.9199743 ], [ -5.3382821, 9.9635792 ], [ -5.3511858, 10.0697298 ], [ -5.3311839, 10.1038504 ], [ -5.2044182, 10.1743298 ], [ -5.1771569, 10.2276096 ], [ -5.1110791, 10.2769764 ], [ -5.0748209, 10.1753726 ], [ -5.07653, 10.10658 ], [ -4.97168, 10.04225 ], [ -4.98783, 9.98437 ], [ -4.9610265, 9.9245255 ] ] ] ] } },
{ "type": "Feature", "properties": { "POLYGON_ID": "CIV_GAUL1990_ADM2_74473", "ADM0_ISO3": "CIV", "ADM0_NAME": "Côte d'Ivoire", "ADM0_CODE": 66, "ADM1_NAME": "Ferkessedougou", "ADM1_CODE": 14928, "ADM2_NAME": "Ferkessedougou", "ADM2_CODE": 74473, "GEOSET": "GAUL", "GEOSET_YEAR": 1990.0, "GEOSET_VERSION": "GAUL_v1", "GEOSET_UNIT": "ADM2", "CENTROID_LONG": -5.0542314221960192, "CENTROID_LAT": 9.7231662488233859 }, "geometry": { "type": "MultiPolygon", "coordinates": [ [ [ [ -4.9610265, 9.9245255 ], [ -4.8291, 9.86207 ], [ -4.78681, 9.83022 ], [ -4.81813, 9.78464 ], [ -4.80024, 9.75519 ], [ -4.7376902, 9.7470485 ], [ -4.6995869, 9.6871208 ], [ -4.7687349, 9.5579805 ], [ -4.8642049, 9.5969696 ], [ -4.9254589, 9.5870743 ], [ -4.965034, 9.6135149 ], [ -4.9823828, 9.6748991 ], [ -5.0564761, 9.6261444 ], [ -5.0363741, 9.5908623 ], [ -5.1101451, 9.5472736 ], [ -5.1668992, 9.5478783 ], [ -5.2226572, 9.4958029 ], [ -5.2959187, 9.4803385 ], [ -5.3072463, 9.5881768 ], [ -5.3749543, 9.6718688 ], [ -5.3396702, 9.7474051 ], [ -5.218514, 9.8725071 ], [ -5.1828222, 9.9288464 ], [ -5.1382098, 9.9360294 ], [ -5.0826702, 9.9030113 ], [ -5.018528, 9.9346848 ], [ -4.9610265, 9.9245255 ] ] ] ] } },
{ "type": "Feature", "properties": { "POLYGON_ID": "CIV_GAUL1990_ADM2_74475", "ADM0_ISO3": "CIV", "ADM0_NAME": "Côte d'Ivoire", "ADM0_CODE": 66, "ADM1_NAME": "Ferkessedougou", "ADM1_CODE": 14928, "ADM2_NAME": "Koumbala", "ADM2_CODE": 74475, "GEOSET": "GAUL", "GEOSET_YEAR": 1990.0, "GEOSET_VERSION": "GAUL_v1", "GEOSET_UNIT": "ADM2", "CENTROID_LONG": -5.0249737505484289, "CENTROID_LAT": 9.4562543653523132 }, "geometry": { "type": "MultiPolygon", "coordinates": [ [ [ [ -4.7687349, 9.5579805 ], [ -4.9707832, 9.23244 ], [ -4.9909199, 9.2112482 ], [ -5.0096183, 9.2232521 ], [ -5.0194763, 9.3066911 ], [ -5.1387624, 9.33461 ], [ -5.2045259, 9.4229602 ], [ -5.3408175, 9.3848021 ], [ -5.3307338, 9.4399813 ], [ -5.2959187, 9.4803385 ], [ -5.2226572, 9.4958029 ], [ -5.1668992, 9.5478783 ], [ -5.1101451, 9.5472736 ], [ -5.0363741, 9.5908623 ], [ -5.0564761, 9.6261444 ], [ -4.9823828, 9.6748991 ], [ -4.965034, 9.6135149 ], [ -4.9254589, 9.5870743 ], [ -4.8642049, 9.5969696 ], [ -4.7687349, 9.5579805 ] ] ] ] } },
{ "type": "Feature", "properties": { "POLYGON_ID": "CIV_GAUL1990_ADM2_74524", "ADM0_ISO3": "CIV", "ADM0_NAME": "Côte d'Ivoire", "ADM0_CODE": 66, "ADM1_NAME": "Odienne", "ADM1_CODE": 14902, "ADM2_NAME": "Minignan", "ADM2_CODE": 74524, "GEOSET": "GAUL", "GEOSET_YEAR": 1990.0, "GEOSET_VERSION": "GAUL_v1", "GEOSET_UNIT": "ADM2", "CENTROID_LONG": -7.8451334103791615, "CENTROID_LAT": 10.057911783045691 }, "geometry": { "type": "MultiPolygon", "coordinates": [ [ [ [ -7.583014, 10.1001701 ], [ -7.565908, 10.0267601 ], [ -7.5853172, 9.9640848 ], [ -7.6251729, 9.9680974 ], [ -7.6599183, 9.999827 ], [ -7.7144956, 9.9822569 ], [ -7.7609939, 9.9092356 ], [ -8.1121791, 9.8660983 ], [ -8.11334, 9.86728 ], [ -8.1140203, 9.8675515 ], [ -8.1242028, 9.868091 ], [ -8.1302821, 9.8656501 ], [ -8.1324122, 9.8657392 ], [ -8.1352848, 9.8658594 ], [ -8.1441, 9.87387 ], [ -8.141737, 9.8819876 ], [ -8.1400925, 9.8859434 ], [ -8.1386, 9.88691 ], [ -8.1328185, 9.9157631 ], [ -8.1333524, 9.9174198 ], [ -8.1549601, 9.9090455 ], [ -8.15642, 9.90897 ], [ -8.1591503, 9.9110178 ], [ -8.16547, 9.92678 ], [ -8.1637424, 9.9301112 ], [ -8.1540761, 9.9356645 ], [ -8.15236, 9.9372 ], [ -8.1528274, 9.9384905 ], [ -8.15303, 9.93905 ], [ -8.1569509, 9.9407707 ], [ -8.16595, 9.94472 ], [ -8.1665559, 9.9464491 ], [ -8.1340357, 9.9547957 ], [ -8.13009, 9.95647 ], [ -8.1224971, 9.9538776 ], [ -8.12061, 9.95429 ], [ -8.1203605, 9.9545907 ], [ -8.1179434, 9.9575031 ], [ -8.1398592, 9.9689122 ], [ -8.1436, 9.96998 ], [ -8.15183, 9.97973 ], [ -8.1508109, 9.9828468 ], [ -8.1493196, 9.9847708 ], [ -8.14781, 9.98635 ], [ -8.1373, 9.9922 ], [ -8.13614, 10.0 ], [ -8.1358678, 10.0018159 ], [ -8.1353498, 10.0052723 ], [ -8.1349806, 10.007736 ], [ -8.1320322, 10.0091953 ], [ -8.13143, 10.01385 ], [ -8.1178097, 10.0320324 ], [ -8.1099559, 10.0425217 ], [ -8.10668, 10.0469 ], [ -8.1036322, 10.0493091 ], [ -8.09895, 10.05301 ], [ -8.0801039, 10.0584858 ], [ -8.0555717, 10.0688297 ], [ -8.0451, 10.0733 ], [ -8.0349746, 10.0808646 ], [ -8.0205873, 10.0928032 ], [ -8.0165, 10.0971 ], [ -8.0140055, 10.1022273 ], [ -8.01127, 10.10785 ], [ -8.0051132, 10.1239227 ], [ -7.9955048, 10.1420342 ], [ -7.98598, 10.16411 ], [ -7.98052, 10.17462 ], [ -7.97855, 10.17511 ], [ -7.972477, 10.1753537 ], [ -7.92647, 10.17097 ], [ -7.8791558, 10.2011922 ], [ -7.86375, 10.20359 ], [ -7.81599, 10.23643 ], [ -7.8137277, 10.238965 ], [ -7.8101, 10.24303 ], [ -7.7581164, 10.3060308 ], [ -7.6690259, 10.2767096 ], [ -7.6667461, 10.2404699 ], [ -7.5959792, 10.2018003 ], [ -7.6027551, 10.1070604 ], [ -7.583014, 10.1001701 ] ] ] ] } },
{ "type": "Feature", "properties": { "POLYGON_ID": "CIV_GAUL1990_ADM2_74530", "ADM0_ISO3": "CIV", "ADM0_NAME": "Côte d'Ivoire", "ADM0_CODE": 66, "ADM1_NAME": "Odienne", "ADM1_CODE": 14902, "ADM2_NAME": "Tienko", "ADM2_CODE": 74530, "GEOSET": "GAUL", "GEOSET_YEAR": 1990.0, "GEOSET_VERSION": "GAUL_v1", "GEOSET_UNIT": "ADM2", "CENTROID_LONG": -7.5126770919117059, "CENTROID_LAT": 10.262898711299416 }, "geometry": { "type": "MultiPolygon", "coordinates": [ [ [ [ -7.3135554, 10.2828544 ], [ -7.3341732, 10.2291899 ], [ -7.319664, 10.1010304 ], [ -7.3625259, 10.0434799 ], [ -7.4761581, 10.0240803 ], [ -7.5254478, 10.0934896 ], [ -7.583014, 10.1001701 ], [ -7.6027551, 10.1070604 ], [ -7.5959792, 10.2018003 ], [ -7.6667461, 10.2404699 ], [ -7.6690259, 10.2767096 ], [ -7.7581164, 10.3060308 ], [ -7.75883, 10.30742 ], [ -7.7657731, 10.3080516 ], [ -7.77367, 10.30877 ], [ -7.75158, 10.34481 ], [ -7.7438499, 10.3449518 ], [ -7.73741, 10.34507 ], [ -7.7352403, 10.3458449 ], [ -7.72728, 10.35551 ], [ -7.72967, 10.36751 ], [ -7.73819, 10.37222 ], [ -7.73931, 10.37569 ], [ -7.72891, 10.38888 ], [ -7.7313055, 10.3923081 ], [ -7.732323, 10.39376 ], [ -7.74138, 10.39365 ], [ -7.72932, 10.42257 ], [ -7.72832, 10.4258 ], [ -7.62046, 10.4565222 ], [ -7.62026, 10.45384 ], [ -7.62017, 10.4526404 ], [ -7.61557, 10.44913 ], [ -7.55126, 10.44435 ], [ -7.50847, 10.4794 ], [ -7.44896, 10.46363 ], [ -7.42537, 10.38947 ], [ -7.36337, 10.33798 ], [ -7.3664582, 10.3248936 ], [ -7.3668, 10.2764 ], [ -7.35705, 10.27626 ], [ -7.3135554, 10.2828544 ] ] ] ] } },
{ "type": "Feature", "properties": { "POLYGON_ID": "CIV_GAUL1990_ADM2_74522", "ADM0_ISO3": "CIV", "ADM0_NAME": "Côte d'Ivoire", "ADM0_CODE": 66, "ADM1_NAME": "Odienne", "ADM1_CODE": 14902, "ADM2_NAME": "Kaniasso", "ADM2_CODE": 74522, "GEOSET": "GAUL", "GEOSET_YEAR": 1990.0, "GEOSET_VERSION": "GAUL_v1", "GEOSET_UNIT": "ADM2", "CENTROID_LONG": -7.4820366098852569, "CENTROID_LAT": 9.875453828891489 }, "geometry": { "type": "MultiPolygon", "coordinates": [ [ [ [ -7.4761581, 10.0240803 ], [ -7.4375319, 9.9671402 ], [ -7.4199872, 9.9042444 ], [ -7.3808069, 9.8700771 ], [ -7.3564875, 9.751452 ], [ -7.3588629, 9.7181716 ], [ -7.4640837, 9.7116901 ], [ -7.5822061, 9.7571376 ], [ -7.5432696, 9.8214883 ], [ -7.5654139, 9.9276017 ], [ -7.5853172, 9.9640848 ], [ -7.565908, 10.0267601 ], [ -7.583014, 10.1001701 ], [ -7.5254478, 10.0934896 ], [ -7.4761581, 10.0240803 ] ] ] ] } },
{ "type": "Feature", "properties": { "POLYGON_ID": "CIV_GAUL1990_ADM2_74526", "ADM0_ISO3": "CIV", "ADM0_NAME": "Côte d'Ivoire", "ADM0_CODE": 66, "ADM1_NAME": "Odienne", "ADM1_CODE": 14902, "ADM2_NAME": "Samatiguila", "ADM2_CODE": 74526, "GEOSET": "GAUL", "GEOSET_YEAR": 1990.0, "GEOSET_VERSION": "GAUL_v1", "GEOSET_UNIT": "ADM2", "CENTROID_LONG": -7.6007983292805665, "CENTROID_LAT": 9.8729291257165261 }, "geometry": { "type": "MultiPolygon", "coordinates": [ [ [ [ -7.5853172, 9.9640848 ], [ -7.5654139, 9.9276017 ], [ -7.5432696, 9.8214883 ], [ -7.5822061, 9.7571376 ], [ -7.617836, 9.7839298 ], [ -7.6294479, 9.8542109 ], [ -7.676374, 9.9114265 ], [ -7.6251729, 9.9680974 ], [ -7.5853172, 9.9640848 ] ] ] ] } },
{ "type": "Feature", "properties": { "POLYGON_ID": "CIV_GAUL1990_ADM2_74528", "ADM0_ISO3": "CIV", "ADM0_NAME": "Côte d'Ivoire", "ADM0_CODE": 66, "ADM1_NAME": "Odienne", "ADM1_CODE": 14902, "ADM2_NAME": "Seydougou", "ADM2_CODE": 74528, "GEOSET": "GAUL", "GEOSET_YEAR": 1990.0, "GEOSET_VERSION": "GAUL_v1", "GEOSET_UNIT": "ADM2", "CENTROID_LONG": -7.9966073224319256, "CENTROID_LAT": 9.5302558930459291 }, "geometry": { "type": "MultiPolygon", "coordinates": [ [ [ [ -7.8497311, 9.4357416 ], [ -7.8570133, 9.4335537 ], [ -7.85791, 9.43302 ], [ -7.87223, 9.43619 ], [ -7.8808095, 9.4357492 ], [ -7.88697, 9.42419 ], [ -7.8908998, 9.4181121 ], [ -7.91574, 9.41949 ], [ -7.9182696, 9.4182181 ], [ -7.9727685, 9.395491 ], [ -7.981172, 9.394571 ], [ -7.9833749, 9.394459 ], [ -7.98755, 9.39692 ], [ -8.01134, 9.40158 ], [ -8.0286133, 9.4009022 ], [ -8.0341142, 9.4006864 ], [ -8.04702, 9.40018 ], [ -8.0539534, 9.4010031 ], [ -8.08359, 9.42964 ], [ -8.0900931, 9.4370533 ], [ -8.10661, 9.4582 ], [ -8.1072879, 9.4605727 ], [ -8.11161, 9.46585 ], [ -8.11524, 9.47187 ], [ -8.115351, 9.4727208 ], [ -8.11608, 9.47831 ], [ -8.1163464, 9.47859 ], [ -8.12317, 9.48576 ], [ -8.13593, 9.52132 ], [ -8.1340935, 9.5235046 ], [ -8.1376485, 9.5279757 ], [ -8.14252, 9.53105 ], [ -8.1460947, 9.5315881 ], [ -8.1495103, 9.5341067 ], [ -8.14986, 9.53666 ], [ -8.1486498, 9.5396856 ], [ -8.1505806, 9.5520786 ], [ -8.15194, 9.55623 ], [ -8.1514592, 9.5578672 ], [ -8.15073, 9.56035 ], [ -8.1511576, 9.5626098 ], [ -8.1477744, 9.5691599 ], [ -8.14645, 9.56949 ], [ -8.14628, 9.58306 ], [ -8.1496308, 9.5861085 ], [ -8.15293, 9.58911 ], [ -8.14759, 9.60813 ], [ -8.1448328, 9.6114331 ], [ -8.1472954, 9.6182076 ], [ -8.15228, 9.62313 ], [ -8.130264, 9.6695503 ], [ -8.12945, 9.67113 ], [ -8.1332507, 9.6861899 ], [ -8.13639, 9.69052 ], [ -8.12512, 9.70234 ], [ -8.124948, 9.7027708 ], [ -8.1238286, 9.7057601 ], [ -8.053647, 9.6636353 ], [ -7.959147, 9.5825882 ], [ -7.879921, 9.5669451 ], [ -7.8397641, 9.6378231 ], [ -7.8042779, 9.6027231 ], [ -7.8497311, 9.4357416 ] ] ] ] } },
{ "type": "Feature", "properties": { "POLYGON_ID": "CIV_GAUL1990_ADM2_74525", "ADM0_ISO3": "CIV", "ADM0_NAME": "Côte d'Ivoire", "ADM0_CODE": 66, "ADM1_NAME": "Odienne", "ADM1_CODE": 14902, "ADM2_NAME": "Odienne", "ADM2_CODE": 74525, "GEOSET": "GAUL", "GEOSET_YEAR": 1990.0, "GEOSET_VERSION": "GAUL_v1", "GEOSET_UNIT": "ADM2", "CENTROID_LONG": -7.719031116853424, "CENTROID_LAT": 9.6429243881294333 }, "geometry": { "type": "MultiPolygon", "coordinates": [ [ [ [ -7.6251729, 9.9680974 ], [ -7.676374, 9.9114265 ], [ -7.6294479, 9.8542109 ], [ -7.617836, 9.7839298 ], [ -7.5822061, 9.7571376 ], [ -7.4640837, 9.7116901 ], [ -7.3588629, 9.7181716 ], [ -7.3468728, 9.691493 ], [ -7.3716841, 9.6461782 ], [ -7.4161401, 9.3548336 ], [ -7.5310121, 9.340662 ], [ -7.6018968, 9.380373 ], [ -7.6985312, 9.3457966 ], [ -7.7704978, 9.3486547 ], [ -7.863459, 9.3886075 ], [ -7.8569287, 9.4114133 ], [ -7.85766, 9.4127 ], [ -7.85571, 9.4168642 ], [ -7.85552, 9.41727 ], [ -7.8555574, 9.4174582 ], [ -7.8489617, 9.4287155 ], [ -7.8497311, 9.4357416 ], [ -7.8042779, 9.6027231 ], [ -7.8397641, 9.6378231 ], [ -7.879921, 9.5669451 ], [ -7.959147, 9.5825882 ], [ -8.053647, 9.6636353 ], [ -8.1238286, 9.7057601 ], [ -8.12425, 9.73544 ], [ -8.1263017, 9.7378004 ], [ -8.1235642, 9.7531335 ], [ -8.1253326, 9.7545996 ], [ -8.1292145, 9.7591859 ], [ -8.12786, 9.76146 ], [ -8.1200986, 9.7623644 ], [ -8.11533, 9.76292 ], [ -8.1151607, 9.763083 ], [ -8.12069, 9.77908 ], [ -8.1206236, 9.7847469 ], [ -8.10934, 9.79779 ], [ -8.1171428, 9.8032332 ], [ -8.1014848, 9.8326403 ], [ -8.1045908, 9.8328428 ], [ -8.113, 9.83877 ], [ -8.1087446, 9.8456025 ], [ -8.1121791, 9.8660983 ], [ -7.7609939, 9.9092356 ], [ -7.7144956, 9.9822569 ], [ -7.6599183, 9.999827 ], [ -7.6251729, 9.9680974 ] ] ] ] } },
{ "type": "Feature", "properties": { "POLYGON_ID": "CIV_GAUL1990_ADM2_74523", "ADM0_ISO3": "CIV", "ADM0_NAME": "Côte d'Ivoire", "ADM0_CODE": 66, "ADM1_NAME": "Odienne", "ADM1_CODE": 14902, "ADM2_NAME": "Madinani", "ADM2_CODE": 74523, "GEOSET": "GAUL", "GEOSET_YEAR": 1990.0, "GEOSET_VERSION": "GAUL_v1", "GEOSET_UNIT": "ADM2", "CENTROID_LONG": -7.0032716240307389, "CENTROID_LAT": 9.6774720492456812 }, "geometry": { "type": "MultiPolygon", "coordinates": [ [ [ [ -6.9677655, 9.9686901 ], [ -6.7916732, 9.9546229 ], [ -6.741847, 9.8402481 ], [ -6.776877, 9.7703276 ], [ -6.7420649, 9.7501713 ], [ -6.7830786, 9.6400268 ], [ -6.790833, 9.5839393 ], [ -6.745687, 9.5023744 ], [ -6.7995849, 9.4361975 ], [ -6.7843633, 9.3391362 ], [ -6.8789878, 9.3526583 ], [ -7.0418391, 9.4090919 ], [ -7.082881, 9.4136753 ], [ -7.186532, 9.5325108 ], [ -7.2504182, 9.535717 ], [ -7.2978249, 9.4988356 ], [ -7.2627678, 9.6138401 ], [ -7.3468728, 9.691493 ], [ -7.3588629, 9.7181716 ], [ -7.3564875, 9.751452 ], [ -7.2561483, 9.820283 ], [ -7.1009297, 9.9085238 ], [ -7.0842514, 9.9794131 ], [ -6.9677655, 9.9686901 ] ] ] ] } },
{ "type": "Feature", "properties": { "POLYGON_ID": "CIV_GAUL1990_ADM2_74529", "ADM0_ISO3": "CIV", "ADM0_NAME": "Côte d'Ivoire", "ADM0_CODE": 66, "ADM1_NAME": "Odienne", "ADM1_CODE": 14902, "ADM2_NAME": "Tieme", "ADM2_CODE": 74529, "GEOSET": "GAUL", "GEOSET_YEAR": 1990.0, "GEOSET_VERSION": "GAUL_v1", "GEOSET_UNIT": "ADM2", "CENTROID_LONG": -7.3397112025683793, "CENTROID_LAT": 9.515525636184524 }, "geometry": { "type": "MultiPolygon", "coordinates": [ [ [ [ -7.2978249, 9.4988356 ], [ -7.263483, 9.4339981 ], [ -7.3775311, 9.3641233 ], [ -7.4161401, 9.3548336 ], [ -7.3716841, 9.6461782 ], [ -7.3468728, 9.691493 ], [ -7.2627678, 9.6138401 ], [ -7.2978249, 9.4988356 ] ] ] ] } },
{ "type": "Feature", "properties": { "POLYGON_ID": "CIV_GAUL1990_ADM2_74527", "ADM0_ISO3": "CIV", "ADM0_NAME": "Côte d'Ivoire", "ADM0_CODE": 66, "ADM1_NAME": "Odienne", "ADM1_CODE": 14902, "ADM2_NAME": "Seguelon", "ADM2_CODE": 74527, "GEOSET": "GAUL", "GEOSET_YEAR": 1990.0, "GEOSET_VERSION": "GAUL_v1", "GEOSET_UNIT": "ADM2", "CENTROID_LONG": -7.0404536264053288, "CENTROID_LAT": 9.2543128506011296 }, "geometry": { "type": "MultiPolygon", "coordinates": [ [ [ [ -6.7843633, 9.3391362 ], [ -6.7863369, 9.2954405 ], [ -6.7368398, 9.2691136 ], [ -6.7596512, 9.1664808 ], [ -6.7566471, 9.1181486 ], [ -6.8342089, 9.071355 ], [ -6.8988533, 9.0489705 ], [ -6.9054913, 8.94008 ], [ -6.9450574, 8.9749794 ], [ -7.0183592, 8.9688561 ], [ -7.0711408, 9.0301564 ], [ -7.1119613, 9.0459907 ], [ -7.089076, 9.0742674 ], [ -7.0558829, 9.1931114 ], [ -7.1045432, 9.1947041 ], [ -7.168611, 9.2270708 ], [ -7.2283378, 9.2217989 ], [ -7.3410211, 9.2523756 ], [ -7.3775311, 9.3641233 ], [ -7.263483, 9.4339981 ], [ -7.2978249, 9.4988356 ], [ -7.2504182, 9.535717 ], [ -7.186532, 9.5325108 ], [ -7.082881, 9.4136753 ], [ -7.0418391, 9.4090919 ], [ -6.8789878, 9.3526583 ], [ -6.7843633, 9.3391362 ] ] ] ] } },
{ "type": "Feature", "properties": { "POLYGON_ID": "CIV_GAUL1990_ADM2_74520", "ADM0_ISO3": "CIV", "ADM0_NAME": "Côte d'Ivoire", "ADM0_CODE": 66, "ADM1_NAME": "Odienne", "ADM1_CODE": 14902, "ADM2_NAME": "Dioulatiedougou", "ADM2_CODE": 74520, "GEOSET": "GAUL", "GEOSET_YEAR": 1990.0, "GEOSET_VERSION": "GAUL_v1", "GEOSET_UNIT": "ADM2", "CENTROID_LONG": -7.2730175923258713, "CENTROID_LAT": 9.0423376769690265 }, "geometry": { "type": "MultiPolygon", "coordinates": [ [ [ [ -7.1119613, 9.0459907 ], [ -7.1803274, 8.9536064 ], [ -7.225276, 8.9284755 ], [ -7.1898389, 8.7735852 ], [ -7.2158456, 8.6550314 ], [ -7.2028126, 8.5680199 ], [ -7.1794264, 8.5127366 ], [ -7.2228808, 8.5525656 ], [ -7.2408519, 8.6298734 ], [ -7.284459, 8.6731375 ], [ -7.31567, 8.730895 ], [ -7.3101649, 8.7685785 ], [ -7.3403559, 8.9172306 ], [ -7.3613219, 9.0666704 ], [ -7.4337902, 9.1586657 ], [ -7.4148879, 9.2020626 ], [ -7.434751, 9.2536907 ], [ -7.4972501, 9.2746649 ], [ -7.5310121, 9.340662 ], [ -7.4161401, 9.3548336 ], [ -7.3775311, 9.3641233 ], [ -7.3410211, 9.2523756 ], [ -7.2283378, 9.2217989 ], [ -7.168611, 9.2270708 ], [ -7.1045432, 9.1947041 ], [ -7.0558829, 9.1931114 ], [ -7.089076, 9.0742674 ], [ -7.1119613, 9.0459907 ] ] ] ] } },
{ "type": "Feature", "properties": { "POLYGON_ID": "CIV_GAUL1990_ADM2_74441", "ADM0_ISO3": "CIV", "ADM0_NAME": "Côte d'Ivoire", "ADM0_CODE": 66, "ADM1_NAME": "Bouna", "ADM1_CODE": 14945, "ADM2_NAME": "Nassian", "ADM2_CODE": 74441, "GEOSET": "GAUL", "GEOSET_YEAR": 1990.0, "GEOSET_VERSION": "GAUL_v1", "GEOSET_UNIT": "ADM2", "CENTROID_LONG": -3.5950506718733846, "CENTROID_LAT": 8.4544233782753206 }, "geometry": { "type": "MultiPolygon", "coordinates": [ [ [ [ -3.1749446, 8.5509173 ], [ -3.1972887, 8.5144444 ], [ -3.2794591, 8.4818079 ], [ -3.3035202, 8.4559115 ], [ -3.3133193, 8.3894482 ], [ -3.3448507, 8.3070814 ], [ -3.4118136, 8.2979565 ], [ -3.4349778, 8.2615032 ], [ -3.5236155, 8.2306274 ], [ -3.5768807, 8.1993475 ], [ -3.5931342, 8.253662 ], [ -3.6488429, 8.3215697 ], [ -3.7147547, 8.271619 ], [ -3.8266133, 8.293063 ], [ -3.8332616, 8.3515241 ], [ -3.8745928, 8.3740626 ], [ -3.9474472, 8.4463104 ], [ -3.9266111, 8.492976 ], [ -3.9817378, 8.5370036 ], [ -3.8999379, 8.5771969 ], [ -3.9446673, 8.633083 ], [ -3.918252, 8.625947 ], [ -3.786242, 8.6619244 ], [ -3.7538929, 8.6328096 ], [ -3.6763511, 8.6267853 ], [ -3.566215, 8.5500927 ], [ -3.431776, 8.549571 ], [ -3.3945129, 8.5933504 ], [ -3.3336909, 8.606637 ], [ -3.2790849, 8.5883522 ], [ -3.169399, 8.6335258 ], [ -3.144115, 8.6026964 ], [ -3.1749446, 8.5509173 ] ] ] ] } },
{ "type": "Feature", "properties": { "POLYGON_ID": "CIV_GAUL1990_ADM2_74442", "ADM0_ISO3": "CIV", "ADM0_NAME": "Côte d'Ivoire", "ADM0_CODE": 66, "ADM1_NAME": "Bouna", "ADM1_CODE": 14945, "ADM2_NAME": "Tehini", "ADM2_CODE": 74442, "GEOSET": "GAUL", "GEOSET_YEAR": 1990.0, "GEOSET_VERSION": "GAUL_v1", "GEOSET_UNIT": "ADM2", "CENTROID_LONG": -3.812574690079201, "CENTROID_LAT": 9.7435949091247771 }, "geometry": { "type": "MultiPolygon", "coordinates": [ [ [ [ -3.299926, 9.8533497 ], [ -3.3602171, 9.8408937 ], [ -3.4364619, 9.796793 ], [ -3.4775679, 9.7503452 ], [ -3.5229571, 9.5975771 ], [ -3.6076119, 9.5764751 ], [ -3.6950231, 9.6061602 ], [ -3.8203361, 9.5909157 ], [ -3.879113, 9.5576534 ], [ -4.0598311, 9.5905819 ], [ -4.1342988, 9.5607519 ], [ -4.2087922, 9.612752 ], [ -4.3070168, 9.5957189 ], [ -4.3160071, 9.6029171 ], [ -4.29085, 9.63792 ], [ -4.26718, 9.73729 ], [ -4.18042, 9.77533 ], [ -4.164288, 9.7991329 ], [ -4.1234, 9.83165 ], [ -4.0429024, 9.8016397 ], [ -3.9876009, 9.8296099 ], [ -3.97294, 9.86946 ], [ -3.8994475, 9.9004804 ], [ -3.80917, 9.88827 ], [ -3.78863, 9.91196 ], [ -3.70863, 9.94252 ], [ -3.6300293, 9.950702 ], [ -3.59932, 9.91969 ], [ -3.46979, 9.92508 ], [ -3.39724, 9.91654 ], [ -3.299926, 9.8533497 ] ] ] ] } },
{ "type": "Feature", "properties": { "POLYGON_ID": "CIV_GAUL1990_ADM2_74440", "ADM0_ISO3": "CIV", "ADM0_NAME": "Côte d'Ivoire", "ADM0_CODE": 66, "ADM1_NAME": "Bouna", "ADM1_CODE": 14945, "ADM2_NAME": "Dropo", "ADM2_CODE": 74440, "GEOSET": "GAUL", "GEOSET_YEAR": 1990.0, "GEOSET_VERSION": "GAUL_v1", "GEOSET_UNIT": "ADM2", "CENTROID_LONG": -3.2606910038938173, "CENTROID_LAT": 9.7444795255730163 }, "geometry": { "type": "MultiPolygon", "coordinates": [ [ [ [ -3.0772767, 9.7405799 ], [ -3.1382849, 9.6900759 ], [ -3.1370671, 9.6406841 ], [ -3.200273, 9.5843344 ], [ -3.2627821, 9.6039152 ], [ -3.285665, 9.652236 ], [ -3.3922911, 9.6503592 ], [ -3.424974, 9.6698132 ], [ -3.424017, 9.7429924 ], [ -3.4775679, 9.7503452 ], [ -3.4364619, 9.796793 ], [ -3.3602171, 9.8408937 ], [ -3.299926, 9.8533497 ], [ -3.27886, 9.85305 ], [ -3.19946, 9.9273973 ], [ -3.19442, 9.8567 ], [ -3.164594, 9.8425084 ], [ -3.12056, 9.83961 ], [ -3.0772767, 9.7405799 ] ] ] ] } },
{ "type": "Feature", "properties": { "POLYGON_ID": "CIV_GAUL1990_ADM2_74426", "ADM0_ISO3": "CIV", "ADM0_NAME": "Côte d'Ivoire", "ADM0_CODE": 66, "ADM1_NAME": "Bondoukou", "ADM1_CODE": 14944, "ADM2_NAME": "Bondoukou", "ADM2_CODE": 74426, "GEOSET": "GAUL", "GEOSET_YEAR": 1990.0, "GEOSET_VERSION": "GAUL_v1", "GEOSET_UNIT": "ADM2", "CENTROID_LONG": -2.9372257162611852, "CENTROID_LAT": 8.2862642788639587 }, "geometry": { "type": "MultiPolygon", "coordinates": [ [ [ [ -2.8471956, 7.7685149 ], [ -2.9064801, 7.8704028 ], [ -2.9855239, 7.8748069 ], [ -3.0446229, 7.9159341 ], [ -3.0965109, 7.9302058 ], [ -3.1056359, 7.9832158 ], [ -3.0842021, 8.0239592 ], [ -3.193738, 8.0475454 ], [ -3.2316201, 8.0219383 ], [ -3.2782631, 8.0316162 ], [ -3.366272, 8.0189753 ], [ -3.3851891, 8.061698 ], [ -3.4574749, 8.0430679 ], [ -3.5178969, 8.1060648 ], [ -3.5236155, 8.2306274 ], [ -3.4349778, 8.2615032 ], [ -3.4118136, 8.2979565 ], [ -3.3448507, 8.3070814 ], [ -3.3133193, 8.3894482 ], [ -3.3035202, 8.4559115 ], [ -3.2794591, 8.4818079 ], [ -3.1972887, 8.5144444 ], [ -3.1749446, 8.5509173 ], [ -3.0810777, 8.5343869 ], [ -3.0479476, 8.5523432 ], [ -3.0445609, 8.6312809 ], [ -3.0193533, 8.6486418 ], [ -2.9362339, 8.6413374 ], [ -2.7891543, 8.6856802 ], [ -2.622641, 8.7890479 ], [ -2.6159765, 8.7841097 ], [ -2.6093321, 8.783077 ], [ -2.6040705, 8.7873432 ], [ -2.586517, 8.7862776 ], [ -2.5539557, 8.5933356 ], [ -2.5390224, 8.498685 ], [ -2.5280645, 8.4292312 ], [ -2.4970376, 8.2325753 ], [ -2.4937576, 8.2044813 ], [ -2.5010125, 8.1995888 ], [ -2.5109335, 8.1928984 ], [ -2.5277772, 8.1815393 ], [ -2.548327, 8.167681 ], [ -2.5899147, 8.1723125 ], [ -2.6146164, 8.1378652 ], [ -2.613748, 8.1363213 ], [ -2.5795902, 8.0751459 ], [ -2.5968621, 8.0408916 ], [ -2.6738439, 8.0269426 ], [ -2.8128097, 7.8385717 ], [ -2.827092, 7.8240093 ], [ -2.8294921, 7.8211391 ], [ -2.8243835, 7.8064264 ], [ -2.834056, 7.79598 ], [ -2.8452814, 7.7836548 ], [ -2.8470084, 7.7699957 ], [ -2.8471956, 7.7685149 ] ] ] ] } },
{ "type": "Feature", "properties": { "POLYGON_ID": "CIV_GAUL1990_ADM2_74427", "ADM0_ISO3": "CIV", "ADM0_NAME": "Côte d'Ivoire", "ADM0_CODE": 66, "ADM1_NAME": "Bondoukou", "ADM1_CODE": 14944, "ADM2_NAME": "Sandegue", "ADM2_CODE": 74427, "GEOSET": "GAUL", "GEOSET_YEAR": 1990.0, "GEOSET_VERSION": "GAUL_v1", "GEOSET_UNIT": "ADM2", "CENTROID_LONG": -3.743290896064094, "CENTROID_LAT": 8.0995671439604422 }, "geometry": { "type": "MultiPolygon", "coordinates": [ [ [ [ -3.5236155, 8.2306274 ], [ -3.5178969, 8.1060648 ], [ -3.4574749, 8.0430679 ], [ -3.3851891, 8.061698 ], [ -3.366272, 8.0189753 ], [ -3.2782631, 8.0316162 ], [ -3.3363559, 7.9493022 ], [ -3.391618, 7.956635 ], [ -3.4379129, 7.8952398 ], [ -3.4908111, 7.8698249 ], [ -3.580965, 7.8880639 ], [ -3.600646, 7.9396658 ], [ -3.699836, 7.943419 ], [ -3.787118, 7.893157 ], [ -3.8614196, 7.7951125 ], [ -3.8848745, 7.8779061 ], [ -3.9649102, 7.8913843 ], [ -3.9250542, 7.9571406 ], [ -3.9884284, 7.9663403 ], [ -4.0181575, 8.0487653 ], [ -3.9828392, 8.1650839 ], [ -4.024546, 8.17294 ], [ -4.0093241, 8.2321366 ], [ -4.0470594, 8.3072955 ], [ -3.9758787, 8.2989073 ], [ -4.006339, 8.4262876 ], [ -3.9474472, 8.4463104 ], [ -3.8745928, 8.3740626 ], [ -3.8332616, 8.3515241 ], [ -3.8266133, 8.293063 ], [ -3.7147547, 8.271619 ], [ -3.6488429, 8.3215697 ], [ -3.5931342, 8.253662 ], [ -3.5768807, 8.1993475 ], [ -3.5236155, 8.2306274 ] ] ] ] } },
{ "type": "Feature", "properties": { "POLYGON_ID": "CIV_GAUL1990_ADM2_74556", "ADM0_ISO3": "CIV", "ADM0_NAME": "Côte d'Ivoire", "ADM0_CODE": 66, "ADM1_NAME": "Tanda", "ADM1_CODE": 14946, "ADM2_NAME": "Tanda", "ADM2_CODE": 74556, "GEOSET": "GAUL", "GEOSET_YEAR": 1990.0, "GEOSET_VERSION": "GAUL_v1", "GEOSET_UNIT": "ADM2", "CENTROID_LONG": -3.2310040499997754, "CENTROID_LAT": 7.8346372557528179 }, "geometry": { "type": "MultiPolygon", "coordinates": [ [ [ [ -2.9855239, 7.8748069 ], [ -3.07516, 7.776258 ], [ -3.097048, 7.7376838 ], [ -3.0897131, 7.6697578 ], [ -3.118926, 7.647356 ], [ -3.1488211, 7.6650772 ], [ -3.226074, 7.6204829 ], [ -3.255331, 7.672812 ], [ -3.3112581, 7.6824088 ], [ -3.345336, 7.656733 ], [ -3.452002, 7.7017188 ], [ -3.421483, 7.7644839 ], [ -3.4004419, 7.8478551 ], [ -3.4379129, 7.8952398 ], [ -3.391618, 7.956635 ], [ -3.3363559, 7.9493022 ], [ -3.2782631, 8.0316162 ], [ -3.2316201, 8.0219383 ], [ -3.193738, 8.0475454 ], [ -3.0842021, 8.0239592 ], [ -3.1056359, 7.9832158 ], [ -3.0965109, 7.9302058 ], [ -3.0446229, 7.9159341 ], [ -2.9855239, 7.8748069 ] ] ] ] } },
{ "type": "Feature", "properties": { "POLYGON_ID": "CIV_GAUL1990_ADM2_74553", "ADM0_ISO3": "CIV", "ADM0_NAME": "Côte d'Ivoire", "ADM0_CODE": 66, "ADM1_NAME": "Tanda", "ADM1_CODE": 14946, "ADM2_NAME": "Assuefry", "ADM2_CODE": 74553, "GEOSET": "GAUL", "GEOSET_YEAR": 1990.0, "GEOSET_VERSION": "GAUL_v1", "GEOSET_UNIT": "ADM2", "CENTROID_LONG": -2.9741724200585553, "CENTROID_LAT": 7.7411871926837925 }, "geometry": { "type": "MultiPolygon", "coordinates": [ [ [ [ -2.8471956, 7.7685149 ], [ -2.8475473, 7.7657332 ], [ -2.8617378, 7.7429867 ], [ -2.899447, 7.6531985 ], [ -2.9177284, 7.6178781 ], [ -3.0074811, 7.6321549 ], [ -3.0809829, 7.6297221 ], [ -3.0897131, 7.6697578 ], [ -3.097048, 7.7376838 ], [ -3.07516, 7.776258 ], [ -2.9855239, 7.8748069 ], [ -2.9064801, 7.8704028 ], [ -2.8471956, 7.7685149 ] ] ] ] } },
{ "type": "Feature", "properties": { "POLYGON_ID": "CIV_GAUL1990_ADM2_74557", "ADM0_ISO3": "CIV", "ADM0_NAME": "Côte d'Ivoire", "ADM0_CODE": 66, "ADM1_NAME": "Tanda", "ADM1_CODE": 14946, "ADM2_NAME": "Transua", "ADM2_CODE": 74557, "GEOSET": "GAUL", "GEOSET_YEAR": 1990.0, "GEOSET_VERSION": "GAUL_v1", "GEOSET_UNIT": "ADM2", "CENTROID_LONG": -3.0103719122923813, "CENTROID_LAT": 7.4876600003518083 }, "geometry": { "type": "MultiPolygon", "coordinates": [ [ [ [ -2.9177284, 7.6178781 ], [ -2.9312195, 7.4976588 ], [ -2.9345246, 7.4884547 ], [ -2.9413965, 7.4693177 ], [ -2.9476249, 7.4519729 ], [ -2.9713329, 7.3280403 ], [ -3.039923, 7.3110929 ], [ -3.0692091, 7.346549 ], [ -3.088249, 7.4407339 ], [ -3.084419, 7.5240569 ], [ -3.028867, 7.5456028 ], [ -3.0337739, 7.5850439 ], [ -3.085362, 7.5982161 ], [ -3.118926, 7.647356 ], [ -3.0897131, 7.6697578 ], [ -3.0809829, 7.6297221 ], [ -3.0074811, 7.6321549 ], [ -2.9177284, 7.6178781 ] ] ] ] } },
{ "type": "Feature", "properties": { "POLYGON_ID": "CIV_GAUL1990_ADM2_74554", "ADM0_ISO3": "CIV", "ADM0_NAME": "Côte d'Ivoire", "ADM0_CODE": 66, "ADM1_NAME": "Tanda", "ADM1_CODE": 14946, "ADM2_NAME": "Kouassi-Datekro", "ADM2_CODE": 74554, "GEOSET": "GAUL", "GEOSET_YEAR": 1990.0, "GEOSET_VERSION": "GAUL_v1", "GEOSET_UNIT": "ADM2", "CENTROID_LONG": -3.5976308060391959, "CENTROID_LAT": 7.7414336068637821 }, "geometry": { "type": "MultiPolygon", "coordinates": [ [ [ [ -3.4379129, 7.8952398 ], [ -3.4004419, 7.8478551 ], [ -3.421483, 7.7644839 ], [ -3.452002, 7.7017188 ], [ -3.420295, 7.581635 ], [ -3.376138, 7.5271592 ], [ -3.525733, 7.5240278 ], [ -3.5310991, 7.4795639 ], [ -3.5895744, 7.5110339 ], [ -3.5838204, 7.5833743 ], [ -3.661522, 7.5857134 ], [ -3.6851959, 7.6410965 ], [ -3.7341955, 7.6664098 ], [ -3.7356506, 7.7351839 ], [ -3.8015035, 7.7424019 ], [ -3.8614196, 7.7951125 ], [ -3.787118, 7.893157 ], [ -3.699836, 7.943419 ], [ -3.600646, 7.9396658 ], [ -3.580965, 7.8880639 ], [ -3.4908111, 7.8698249 ], [ -3.4379129, 7.8952398 ] ] ] ] } },
{ "type": "Feature", "properties": { "POLYGON_ID": "CIV_GAUL1990_ADM2_74491", "ADM0_ISO3": "CIV", "ADM0_NAME": "Côte d'Ivoire", "ADM0_CODE": 66, "ADM1_NAME": "Katiola", "ADM1_CODE": 14939, "ADM2_NAME": "Tafiere", "ADM2_CODE": 74491, "GEOSET": "GAUL", "GEOSET_YEAR": 1990.0, "GEOSET_VERSION": "GAUL_v1", "GEOSET_UNIT": "ADM2", "CENTROID_LONG": -5.1863658857402948, "CENTROID_LAT": 9.164479366346038 }, "geometry": { "type": "MultiPolygon", "coordinates": [ [ [ [ -4.9909199, 9.2112482 ], [ -4.9842687, 9.1674411 ], [ -4.9427837, 9.1291992 ], [ -4.8861795, 9.1118261 ], [ -4.9153881, 8.9626818 ], [ -4.9582568, 8.9296281 ], [ -4.9544711, 8.9222593 ], [ -5.0392728, 8.9910049 ], [ -5.0796108, 8.9872999 ], [ -5.1292448, 9.024436 ], [ -5.3097591, 9.0235491 ], [ -5.3518639, 9.0460634 ], [ -5.4241557, 9.0070625 ], [ -5.5041065, 9.0641413 ], [ -5.4266544, 9.16946 ], [ -5.3837196, 9.2662953 ], [ -5.3388554, 9.37608 ], [ -5.3408175, 9.3848021 ], [ -5.2045259, 9.4229602 ], [ -5.1387624, 9.33461 ], [ -5.0194763, 9.3066911 ], [ -5.0096183, 9.2232521 ], [ -4.9909199, 9.2112482 ] ] ] ] } },
{ "type": "Feature", "properties": { "POLYGON_ID": "CIV_GAUL1990_ADM2_74451", "ADM0_ISO3": "CIV", "ADM0_NAME": "Côte d'Ivoire", "ADM0_CODE": 66, "ADM1_NAME": "Dabakala", "ADM1_CODE": 14938, "ADM2_NAME": "Foumbolo", "ADM2_CODE": 74451, "GEOSET": "GAUL", "GEOSET_YEAR": 1990.0, "GEOSET_VERSION": "GAUL_v1", "GEOSET_UNIT": "ADM2", "CENTROID_LONG": -4.7177515259859915, "CENTROID_LAT": 8.7275770190116688 }, "geometry": { "type": "MultiPolygon", "coordinates": [ [ [ [ -4.4435306, 8.7621969 ], [ -4.4529538, 8.6316404 ], [ -4.4399881, 8.5780315 ], [ -4.5082932, 8.563221 ], [ -4.5828838, 8.5274563 ], [ -4.6494498, 8.4977579 ], [ -4.6950431, 8.5365133 ], [ -4.7577739, 8.5287066 ], [ -4.8512678, 8.5729876 ], [ -4.9230762, 8.524004 ], [ -4.9489002, 8.531209 ], [ -4.984396, 8.6399746 ], [ -4.9560599, 8.6941967 ], [ -4.945209, 8.7613087 ], [ -4.9961748, 8.8056412 ], [ -4.9544711, 8.9222593 ], [ -4.9582568, 8.9296281 ], [ -4.5123796, 8.9171659 ], [ -4.4834377, 8.8871122 ], [ -4.5079017, 8.8348407 ], [ -4.4435306, 8.7621969 ] ] ] ] } },
{ "type": "Feature", "properties": { "POLYGON_ID": "CIV_GAUL1990_ADM2_74450", "ADM0_ISO3": "CIV", "ADM0_NAME": "Côte d'Ivoire", "ADM0_CODE": 66, "ADM1_NAME": "Dabakala", "ADM1_CODE": 14938, "ADM2_NAME": "Dabakala", "ADM2_CODE": 74450, "GEOSET": "GAUL", "GEOSET_YEAR": 1990.0, "GEOSET_VERSION": "GAUL_v1", "GEOSET_UNIT": "ADM2", "CENTROID_LONG": -4.3189066307876036, "CENTROID_LAT": 8.3977070071393687 }, "geometry": { "type": "MultiPolygon", "coordinates": [ [ [ [ -3.9432134, 8.6424628 ], [ -3.9446673, 8.633083 ], [ -3.8999379, 8.5771969 ], [ -3.9817378, 8.5370036 ], [ -3.9266111, 8.492976 ], [ -3.9474472, 8.4463104 ], [ -4.006339, 8.4262876 ], [ -3.9758787, 8.2989073 ], [ -4.0470594, 8.3072955 ], [ -4.105618, 8.3289375 ], [ -4.1560998, 8.2085371 ], [ -4.2195921, 8.1829081 ], [ -4.2811189, 8.1033812 ], [ -4.2977571, 8.0270529 ], [ -4.3823271, 8.1034698 ], [ -4.4481368, 8.1127815 ], [ -4.5058832, 8.1351166 ], [ -4.5669742, 8.0737038 ], [ -4.6508948, 8.018732 ], [ -4.7147488, 8.0433766 ], [ -4.6929789, 8.1502466 ], [ -4.6519461, 8.178031 ], [ -4.6419978, 8.2355299 ], [ -4.6675601, 8.2711306 ], [ -4.6125531, 8.3427296 ], [ -4.5713768, 8.363513 ], [ -4.5789962, 8.4022684 ], [ -4.5572839, 8.4676914 ], [ -4.5828838, 8.5274563 ], [ -4.5082932, 8.563221 ], [ -4.4399881, 8.5780315 ], [ -4.4529538, 8.6316404 ], [ -4.4435306, 8.7621969 ], [ -4.3647771, 8.7560157 ], [ -4.3461147, 8.7258187 ], [ -4.2826947, 8.7489108 ], [ -4.2336685, 8.6794461 ], [ -4.1023992, 8.6603726 ], [ -4.0325823, 8.6614533 ], [ -3.9432134, 8.6424628 ] ] ] ] } },
{ "type": "Feature", "properties": { "POLYGON_ID": "CIV_GAUL1990_ADM2_74452", "ADM0_ISO3": "CIV", "ADM0_NAME": "Côte d'Ivoire", "ADM0_CODE": 66, "ADM1_NAME": "Dabakala", "ADM1_CODE": 14938, "ADM2_NAME": "Santama-Sokoro", "ADM2_CODE": 74452, "GEOSET": "GAUL", "GEOSET_YEAR": 1990.0, "GEOSET_VERSION": "GAUL_v1", "GEOSET_UNIT": "ADM2", "CENTROID_LONG": -4.5323638458385842, "CENTROID_LAT": 7.9710424421324477 }, "geometry": { "type": "MultiPolygon", "coordinates": [ [ [ [ -4.4481368, 8.1127815 ], [ -4.4458289, 8.0697079 ], [ -4.490591, 7.9846082 ], [ -4.456182, 7.9115949 ], [ -4.4615256, 7.8254459 ], [ -4.5302347, 7.8240434 ], [ -4.5682379, 7.8319568 ], [ -4.6117538, 7.8847643 ], [ -4.5963243, 7.9514383 ], [ -4.6508948, 8.018732 ], [ -4.5669742, 8.0737038 ], [ -4.5058832, 8.1351166 ], [ -4.4481368, 8.1127815 ] ] ] ] } },
{ "type": "Feature", "properties": { "POLYGON_ID": "CIV_GAUL1990_ADM2_74453", "ADM0_ISO3": "CIV", "ADM0_NAME": "Côte d'Ivoire", "ADM0_CODE": 66, "ADM1_NAME": "Dabakala", "ADM1_CODE": 14938, "ADM2_NAME": "Satama-Sokoura", "ADM2_CODE": 74453, "GEOSET": "GAUL", "GEOSET_YEAR": 1990.0, "GEOSET_VERSION": "GAUL_v1", "GEOSET_UNIT": "ADM2", "CENTROID_LONG": -4.3915808015484217, "CENTROID_LAT": 7.9668250910914766 }, "geometry": { "type": "MultiPolygon", "coordinates": [ [ [ [ -4.2977571, 8.0270529 ], [ -4.3068881, 7.8998761 ], [ -4.3462764, 7.8458708 ], [ -4.4615256, 7.8254459 ], [ -4.456182, 7.9115949 ], [ -4.490591, 7.9846082 ], [ -4.4458289, 8.0697079 ], [ -4.4481368, 8.1127815 ], [ -4.3823271, 8.1034698 ], [ -4.2977571, 8.0270529 ] ] ] ] } },
{ "type": "Feature", "properties": { "POLYGON_ID": "CIV_GAUL1990_ADM2_74448", "ADM0_ISO3": "CIV", "ADM0_NAME": "Côte d'Ivoire", "ADM0_CODE": 66, "ADM1_NAME": "Dabakala", "ADM1_CODE": 14938, "ADM2_NAME": "Bassawa", "ADM2_CODE": 74448, "GEOSET": "GAUL", "GEOSET_YEAR": 1990.0, "GEOSET_VERSION": "GAUL_v1", "GEOSET_UNIT": "ADM2", "CENTROID_LONG": -4.1453340841049506, "CENTROID_LAT": 8.0832671275791075 }, "geometry": { "type": "MultiPolygon", "coordinates": [ [ [ [ -4.0470594, 8.3072955 ], [ -4.0093241, 8.2321366 ], [ -4.024546, 8.17294 ], [ -3.9828392, 8.1650839 ], [ -4.0181575, 8.0487653 ], [ -4.0908149, 8.0086376 ], [ -4.0644795, 7.9699588 ], [ -4.08223, 7.9222624 ], [ -4.156962, 7.8901404 ], [ -4.2081141, 7.8889982 ], [ -4.2569271, 7.9236211 ], [ -4.3068881, 7.8998761 ], [ -4.2977571, 8.0270529 ], [ -4.2811189, 8.1033812 ], [ -4.2195921, 8.1829081 ], [ -4.1560998, 8.2085371 ], [ -4.105618, 8.3289375 ], [ -4.0470594, 8.3072955 ] ] ] ] } },
{ "type": "Feature", "properties": { "POLYGON_ID": "CIV_GAUL1990_ADM2_74449", "ADM0_ISO3": "CIV", "ADM0_NAME": "Côte d'Ivoire", "ADM0_CODE": 66, "ADM1_NAME": "Dabakala", "ADM1_CODE": 14938, "ADM2_NAME": "Bonieredougou", "ADM2_CODE": 74449, "GEOSET": "GAUL", "GEOSET_YEAR": 1990.0, "GEOSET_VERSION": "GAUL_v1", "GEOSET_UNIT": "ADM2", "CENTROID_LONG": -4.7520031649576682, "CENTROID_LAT": 8.3427063671451549 }, "geometry": { "type": "MultiPolygon", "coordinates": [ [ [ [ -4.5828838, 8.5274563 ], [ -4.5572839, 8.4676914 ], [ -4.5789962, 8.4022684 ], [ -4.5713768, 8.363513 ], [ -4.6125531, 8.3427296 ], [ -4.6675601, 8.2711306 ], [ -4.6419978, 8.2355299 ], [ -4.6519461, 8.178031 ], [ -4.6929789, 8.1502466 ], [ -4.7147488, 8.0433766 ], [ -4.767121, 8.0166164 ], [ -4.7743659, 8.0638046 ], [ -4.8299689, 8.1246634 ], [ -4.8507328, 8.2546587 ], [ -4.893568, 8.2836475 ], [ -4.9079032, 8.334796 ], [ -4.8817182, 8.3903408 ], [ -4.9050608, 8.4244518 ], [ -4.9230762, 8.524004 ], [ -4.8512678, 8.5729876 ], [ -4.7577739, 8.5287066 ], [ -4.6950431, 8.5365133 ], [ -4.6494498, 8.4977579 ], [ -4.5828838, 8.5274563 ] ] ] ] } },
{ "type": "Feature", "properties": { "POLYGON_ID": "CIV_GAUL1990_ADM2_74489", "ADM0_ISO3": "CIV", "ADM0_NAME": "Côte d'Ivoire", "ADM0_CODE": 66, "ADM1_NAME": "Katiola", "ADM1_CODE": 14939, "ADM2_NAME": "Katiola", "ADM2_CODE": 74489, "GEOSET": "GAUL", "GEOSET_YEAR": 1990.0, "GEOSET_VERSION": "GAUL_v1", "GEOSET_UNIT": "ADM2", "CENTROID_LONG": -5.0564975936140666, "CENTROID_LAT": 8.1077983995567617 }, "geometry": { "type": "MultiPolygon", "coordinates": [ [ [ [ -4.767121, 8.0166164 ], [ -4.816255, 8.0103796 ], [ -4.9345537, 7.9706014 ], [ -4.9558181, 7.9864628 ], [ -5.0381078, 7.9864027 ], [ -5.1028912, 7.970106 ], [ -5.1508725, 7.9496121 ], [ -5.1979418, 8.027137 ], [ -5.2838335, 8.0594776 ], [ -5.3230371, 8.0953316 ], [ -5.3691196, 8.1050356 ], [ -5.4060989, 8.1575727 ], [ -5.3515095, 8.1796048 ], [ -5.289268, 8.2238951 ], [ -5.2499042, 8.2040548 ], [ -5.1154332, 8.1980124 ], [ -5.0475912, 8.2256498 ], [ -4.9396172, 8.2230234 ], [ -4.893568, 8.2836475 ], [ -4.8507328, 8.2546587 ], [ -4.8299689, 8.1246634 ], [ -4.7743659, 8.0638046 ], [ -4.767121, 8.0166164 ] ] ] ] } },
{ "type": "Feature", "properties": { "POLYGON_ID": "CIV_GAUL1990_ADM2_74488", "ADM0_ISO3": "CIV", "ADM0_NAME": "Côte d'Ivoire", "ADM0_CODE": 66, "ADM1_NAME": "Katiola", "ADM1_CODE": 14939, "ADM2_NAME": "Fronan", "ADM2_CODE": 74488, "GEOSET": "GAUL", "GEOSET_YEAR": 1990.0, "GEOSET_VERSION": "GAUL_v1", "GEOSET_UNIT": "ADM2", "CENTROID_LONG": -5.2249549321823832, "CENTROID_LAT": 8.326201640705543 }, "geometry": { "type": "MultiPolygon", "coordinates": [ [ [ [ -5.5402841, 8.4482549 ], [ -5.2762089, 8.4517527 ], [ -5.0818481, 8.3963251 ], [ -5.0545812, 8.3651028 ], [ -4.9871631, 8.3428125 ], [ -4.9079032, 8.334796 ], [ -4.893568, 8.2836475 ], [ -4.9396172, 8.2230234 ], [ -5.0475912, 8.2256498 ], [ -5.1154332, 8.1980124 ], [ -5.2499042, 8.2040548 ], [ -5.289268, 8.2238951 ], [ -5.3515095, 8.1796048 ], [ -5.3942504, 8.3045444 ], [ -5.5078406, 8.3830814 ], [ -5.5507136, 8.3831939 ], [ -5.58565, 8.4171561 ], [ -5.5402841, 8.4482549 ] ] ] ] } },
{ "type": "Feature", "properties": { "POLYGON_ID": "CIV_GAUL1990_ADM2_74492", "ADM0_ISO3": "CIV", "ADM0_NAME": "Côte d'Ivoire", "ADM0_CODE": 66, "ADM1_NAME": "Katiola", "ADM1_CODE": 14939, "ADM2_NAME": "Tortiya", "ADM2_CODE": 74492, "GEOSET": "GAUL", "GEOSET_YEAR": 1990.0, "GEOSET_VERSION": "GAUL_v1", "GEOSET_UNIT": "ADM2", "CENTROID_LONG": -5.6082846604935277, "CENTROID_LAT": 8.7266499082248625 }, "geometry": { "type": "MultiPolygon", "coordinates": [ [ [ [ -5.499623, 8.8693261 ], [ -5.4996228, 8.7911196 ], [ -5.5407, 8.7185678 ], [ -5.5114131, 8.6768513 ], [ -5.5886788, 8.6027603 ], [ -5.5897487, 8.5187349 ], [ -5.6410675, 8.5454586 ], [ -5.6648098, 8.6191283 ], [ -5.7070818, 8.6233637 ], [ -5.6748428, 8.7303734 ], [ -5.7277756, 8.7731994 ], [ -5.6985975, 8.8461314 ], [ -5.612546, 8.837487 ], [ -5.5882277, 8.8673896 ], [ -5.499623, 8.8693261 ] ] ] ] } },
{ "type": "Feature", "properties": { "POLYGON_ID": "CIV_GAUL1990_ADM2_74421", "ADM0_ISO3": "CIV", "ADM0_NAME": "Côte d'Ivoire", "ADM0_CODE": 66, "ADM1_NAME": "Beoumi", "ADM1_CODE": 14936, "ADM2_NAME": "Beoumi", "ADM2_CODE": 74421, "GEOSET": "GAUL", "GEOSET_YEAR": 1990.0, "GEOSET_VERSION": "GAUL_v1", "GEOSET_UNIT": "ADM2", "CENTROID_LONG": -5.5680644436494671, "CENTROID_LAT": 7.6748807438076838 }, "geometry": { "type": "MultiPolygon", "coordinates": [ [ [ [ -5.3788929, 7.6884608 ], [ -5.383872, 7.6649618 ], [ -5.4505539, 7.5925412 ], [ -5.4243822, 7.5452352 ], [ -5.4335842, 7.49859 ], [ -5.5705099, 7.4910841 ], [ -5.7162785, 7.4609815 ], [ -5.7353725, 7.4968796 ], [ -5.7258298, 7.5443888 ], [ -5.6963022, 7.5482585 ], [ -5.6887535, 7.7005669 ], [ -5.6609941, 7.747499 ], [ -5.66539, 7.7975941 ], [ -5.628334, 7.8876362 ], [ -5.6017499, 7.9189439 ], [ -5.5691503, 8.0243379 ], [ -5.5407607, 8.0620159 ], [ -5.5383201, 7.7843852 ], [ -5.484046, 7.765327 ], [ -5.3788929, 7.6884608 ] ] ] ] } },
{ "type": "Feature", "properties": { "POLYGON_ID": "CIV_GAUL1990_ADM2_74422", "ADM0_ISO3": "CIV", "ADM0_NAME": "Côte d'Ivoire", "ADM0_CODE": 66, "ADM1_NAME": "Beoumi", "ADM1_CODE": 14936, "ADM2_NAME": "Bodokro", "ADM2_CODE": 74422, "GEOSET": "GAUL", "GEOSET_YEAR": 1990.0, "GEOSET_VERSION": "GAUL_v1", "GEOSET_UNIT": "ADM2", "CENTROID_LONG": -5.4496237868323814, "CENTROID_LAT": 7.9269371940189952 }, "geometry": { "type": "MultiPolygon", "coordinates": [ [ [ [ -5.3230371, 8.0953316 ], [ -5.3493748, 8.0912867 ], [ -5.3773031, 7.9796319 ], [ -5.3644629, 7.948009 ], [ -5.4143682, 7.864459 ], [ -5.3805408, 7.790308 ], [ -5.3320618, 7.7580261 ], [ -5.3788929, 7.6884608 ], [ -5.484046, 7.765327 ], [ -5.5383201, 7.7843852 ], [ -5.5407607, 8.0620159 ], [ -5.5193639, 8.110653 ], [ -5.3974043, 8.105817 ], [ -5.4060989, 8.1575727 ], [ -5.3691196, 8.1050356 ], [ -5.3230371, 8.0953316 ] ] ] ] } },
{ "type": "Feature", "properties": { "POLYGON_ID": "CIV_GAUL1990_ADM2_74434", "ADM0_ISO3": "CIV", "ADM0_NAME": "Côte d'Ivoire", "ADM0_CODE": 66, "ADM1_NAME": "Bouake", "ADM1_CODE": 14937, "ADM2_NAME": "Botro", "ADM2_CODE": 74434, "GEOSET": "GAUL", "GEOSET_YEAR": 1990.0, "GEOSET_VERSION": "GAUL_v1", "GEOSET_UNIT": "ADM2", "CENTROID_LONG": -5.292093600507549, "CENTROID_LAT": 7.9210799571917665 }, "geometry": { "type": "MultiPolygon", "coordinates": [ [ [ [ -5.3230371, 8.0953316 ], [ -5.2838335, 8.0594776 ], [ -5.1979418, 8.027137 ], [ -5.1508725, 7.9496121 ], [ -5.2029738, 7.898756 ], [ -5.2214408, 7.8032131 ], [ -5.3320618, 7.7580261 ], [ -5.3805408, 7.790308 ], [ -5.4143682, 7.864459 ], [ -5.3644629, 7.948009 ], [ -5.3773031, 7.9796319 ], [ -5.3493748, 8.0912867 ], [ -5.3230371, 8.0953316 ] ] ] ] } },
{ "type": "Feature", "properties": { "POLYGON_ID": "CIV_GAUL1990_ADM2_74437", "ADM0_ISO3": "CIV", "ADM0_NAME": "Côte d'Ivoire", "ADM0_CODE": 66, "ADM1_NAME": "Bouake", "ADM1_CODE": 14937, "ADM2_NAME": "Diabo", "ADM2_CODE": 74437, "GEOSET": "GAUL", "GEOSET_YEAR": 1990.0, "GEOSET_VERSION": "GAUL_v1", "GEOSET_UNIT": "ADM2", "CENTROID_LONG": -5.220547631191919, "CENTROID_LAT": 7.7657319269355662 }, "geometry": { "type": "MultiPolygon", "coordinates": [ [ [ [ -5.1028912, 7.970106 ], [ -5.1024241, 7.880199 ], [ -5.128655, 7.7726278 ], [ -5.1926241, 7.6682081 ], [ -5.1930442, 7.628232 ], [ -5.281992, 7.6274419 ], [ -5.383872, 7.6649618 ], [ -5.3788929, 7.6884608 ], [ -5.3320618, 7.7580261 ], [ -5.2214408, 7.8032131 ], [ -5.2029738, 7.898756 ], [ -5.1508725, 7.9496121 ], [ -5.1028912, 7.970106 ] ] ] ] } },
{ "type": "Feature", "properties": { "POLYGON_ID": "CIV_GAUL1990_ADM2_74533", "ADM0_ISO3": "CIV", "ADM0_NAME": "Côte d'Ivoire", "ADM0_CODE": 66, "ADM1_NAME": "Sakassou", "ADM1_CODE": 14940, "ADM2_NAME": "Sakassou", "ADM2_CODE": 74533, "GEOSET": "GAUL", "GEOSET_YEAR": 1990.0, "GEOSET_VERSION": "GAUL_v1", "GEOSET_UNIT": "ADM2", "CENTROID_LONG": -5.399266288710038, "CENTROID_LAT": 7.4334400892989221 }, "geometry": { "type": "MultiPolygon", "coordinates": [ [ [ [ -5.1930442, 7.628232 ], [ -5.100131, 7.581214 ], [ -5.1664648, 7.4284282 ], [ -5.2069788, 7.3801031 ], [ -5.2022362, 7.3183109 ], [ -5.2470638, 7.2889668 ], [ -5.2904305, 7.231904 ], [ -5.3934488, 7.2424425 ], [ -5.4370689, 7.3064048 ], [ -5.63761, 7.2669287 ], [ -5.6508102, 7.250052 ], [ -5.653399, 7.2768277 ], [ -5.721076, 7.3291417 ], [ -5.7344322, 7.4066952 ], [ -5.7162785, 7.4609815 ], [ -5.5705099, 7.4910841 ], [ -5.4335842, 7.49859 ], [ -5.4243822, 7.5452352 ], [ -5.4505539, 7.5925412 ], [ -5.383872, 7.6649618 ], [ -5.281992, 7.6274419 ], [ -5.1930442, 7.628232 ] ] ] ] } },
{ "type": "Feature", "properties": { "POLYGON_ID": "CIV_GAUL1990_ADM2_74438", "ADM0_ISO3": "CIV", "ADM0_NAME": "Côte d'Ivoire", "ADM0_CODE": 66, "ADM1_NAME": "Bouake", "ADM1_CODE": 14937, "ADM2_NAME": "Djebonoua", "ADM2_CODE": 74438, "GEOSET": "GAUL", "GEOSET_YEAR": 1990.0, "GEOSET_VERSION": "GAUL_v1", "GEOSET_UNIT": "ADM2", "CENTROID_LONG": -5.0670027225752339, "CENTROID_LAT": 7.4804065195323206 }, "geometry": { "type": "MultiPolygon", "coordinates": [ [ [ [ -4.8979812, 7.5709859 ], [ -4.9299679, 7.5238352 ], [ -4.9278596, 7.4835559 ], [ -4.9655948, 7.4924852 ], [ -5.0842892, 7.4103493 ], [ -5.1214704, 7.3672218 ], [ -5.2022362, 7.3183109 ], [ -5.2069788, 7.3801031 ], [ -5.1664648, 7.4284282 ], [ -5.100131, 7.581214 ], [ -4.8979812, 7.5709859 ] ] ] ] } },
{ "type": "Feature", "properties": { "POLYGON_ID": "CIV_GAUL1990_ADM2_74436", "ADM0_ISO3": "CIV", "ADM0_NAME": "Côte d'Ivoire", "ADM0_CODE": 66, "ADM1_NAME": "Bouake", "ADM1_CODE": 14937, "ADM2_NAME": "Brobo", "ADM2_CODE": 74436, "GEOSET": "GAUL", "GEOSET_YEAR": 1990.0, "GEOSET_VERSION": "GAUL_v1", "GEOSET_UNIT": "ADM2", "CENTROID_LONG": -4.6994573192905342, "CENTROID_LAT": 7.7130210323241579 }, "geometry": { "type": "MultiPolygon", "coordinates": [ [ [ [ -4.6117538, 7.8847643 ], [ -4.5682379, 7.8319568 ], [ -4.5302347, 7.8240434 ], [ -4.536552, 7.7744084 ], [ -4.5134874, 7.7340028 ], [ -4.4955011, 7.6129357 ], [ -4.5721878, 7.6196976 ], [ -4.6595871, 7.5316241 ], [ -4.7258467, 7.5316109 ], [ -4.7763818, 7.5809094 ], [ -4.8410292, 7.5735901 ], [ -4.8844901, 7.6074928 ], [ -4.9093308, 7.638226 ], [ -4.863687, 7.69768 ], [ -4.8414092, 7.789484 ], [ -4.8756852, 7.845428 ], [ -4.7886648, 7.8850021 ], [ -4.733613, 7.8650632 ], [ -4.6117538, 7.8847643 ] ] ] ] } },
{ "type": "Feature", "properties": { "POLYGON_ID": "CIV_GAUL1990_ADM2_74513", "ADM0_ISO3": "CIV", "ADM0_NAME": "Côte d'Ivoire", "ADM0_CODE": 66, "ADM1_NAME": "Mankono", "ADM1_CODE": 14941, "ADM2_NAME": "Dianra", "ADM2_CODE": 74513, "GEOSET": "GAUL", "GEOSET_YEAR": 1990.0, "GEOSET_VERSION": "GAUL_v1", "GEOSET_UNIT": "ADM2", "CENTROID_LONG": -6.3366429523015322, "CENTROID_LAT": 8.8390831688665301 }, "geometry": { "type": "MultiPolygon", "coordinates": [ [ [ [ -6.3212776, 9.2099717 ], [ -6.2594061, 9.2003366 ], [ -6.2210903, 9.1503637 ], [ -6.2680396, 9.0629051 ], [ -6.244842, 8.9951974 ], [ -6.1347589, 8.9423239 ], [ -6.1288057, 8.9121628 ], [ -6.0660615, 8.8048822 ], [ -5.9943067, 8.6745079 ], [ -6.1290369, 8.6258268 ], [ -6.1805902, 8.5646038 ], [ -6.3560529, 8.442049 ], [ -6.3784422, 8.4168332 ], [ -6.4104477, 8.4277976 ], [ -6.4355002, 8.5030643 ], [ -6.4200716, 8.5267838 ], [ -6.4693175, 8.6768645 ], [ -6.4125886, 8.7132237 ], [ -6.400187, 8.7943287 ], [ -6.4639611, 8.8223324 ], [ -6.4734507, 8.8575295 ], [ -6.5551057, 8.9076137 ], [ -6.6868319, 8.9176748 ], [ -6.7087393, 9.0014666 ], [ -6.700355, 9.0627778 ], [ -6.610137, 9.0605496 ], [ -6.5698495, 9.0758884 ], [ -6.5671096, 9.1590843 ], [ -6.5036383, 9.1481811 ], [ -6.4776588, 9.0624398 ], [ -6.4428582, 9.0676975 ], [ -6.3408671, 9.2105303 ], [ -6.3212776, 9.2099717 ] ] ] ] } },
{ "type": "Feature", "properties": { "POLYGON_ID": "CIV_GAUL1990_ADM2_74517", "ADM0_ISO3": "CIV", "ADM0_NAME": "Côte d'Ivoire", "ADM0_CODE": 66, "ADM1_NAME": "Mankono", "ADM1_CODE": 14941, "ADM2_NAME": "Sarhala", "ADM2_CODE": 74517, "GEOSET": "GAUL", "GEOSET_YEAR": 1990.0, "GEOSET_VERSION": "GAUL_v1", "GEOSET_UNIT": "ADM2", "CENTROID_LONG": -6.1445004827203773, "CENTROID_LAT": 8.4595047196904005 }, "geometry": { "type": "MultiPolygon", "coordinates": [ [ [ [ -5.9603746, 8.6514409 ], [ -5.9803739, 8.5022507 ], [ -5.9683738, 8.4856253 ], [ -5.993988, 8.3547134 ], [ -6.0665898, 8.3361616 ], [ -6.1101279, 8.3482857 ], [ -6.3446429, 8.2582854 ], [ -6.3406253, 8.3747508 ], [ -6.3784422, 8.4168332 ], [ -6.3560529, 8.442049 ], [ -6.1805902, 8.5646038 ], [ -6.1290369, 8.6258268 ], [ -5.9943067, 8.6745079 ], [ -5.9603746, 8.6514409 ] ] ] ] } },
{ "type": "Feature", "properties": { "POLYGON_ID": "CIV_GAUL1990_ADM2_74516", "ADM0_ISO3": "CIV", "ADM0_NAME": "Côte d'Ivoire", "ADM0_CODE": 66, "ADM1_NAME": "Mankono", "ADM1_CODE": 14941, "ADM2_NAME": "Mankono", "ADM2_CODE": 74516, "GEOSET": "GAUL", "GEOSET_YEAR": 1990.0, "GEOSET_VERSION": "GAUL_v1", "GEOSET_UNIT": "ADM2", "CENTROID_LONG": -6.1152860235592197, "CENTROID_LAT": 8.0820243918955974 }, "geometry": { "type": "MultiPolygon", "coordinates": [ [ [ [ -5.754446, 7.9991369 ], [ -5.903636, 7.9588089 ], [ -5.9642282, 7.91714 ], [ -6.000968, 7.8627028 ], [ -6.1108551, 7.9366102 ], [ -6.1438918, 7.8383331 ], [ -6.1884251, 7.8018508 ], [ -6.2221343, 7.7404172 ], [ -6.2590119, 7.7801498 ], [ -6.2434072, 7.966027 ], [ -6.2922826, 8.0156009 ], [ -6.3077588, 8.12562 ], [ -6.316637, 8.1910493 ], [ -6.3446429, 8.2582854 ], [ -6.1101279, 8.3482857 ], [ -6.0665898, 8.3361616 ], [ -5.993988, 8.3547134 ], [ -5.9857578, 8.3008747 ], [ -6.0087371, 8.2593336 ], [ -6.01021, 8.1788244 ], [ -5.985754, 8.1073179 ], [ -5.754446, 7.9991369 ] ] ] ] } },
{ "type": "Feature", "properties": { "POLYGON_ID": "CIV_GAUL1990_ADM2_74515", "ADM0_ISO3": "CIV", "ADM0_NAME": "Côte d'Ivoire", "ADM0_CODE": 66, "ADM1_NAME": "Mankono", "ADM1_CODE": 14941, "ADM2_NAME": "Kounahiri", "ADM2_CODE": 74515, "GEOSET": "GAUL", "GEOSET_YEAR": 1990.0, "GEOSET_VERSION": "GAUL_v1", "GEOSET_UNIT": "ADM2", "CENTROID_LONG": -5.7807928542616906, "CENTROID_LAT": 7.839881970833031 }, "geometry": { "type": "MultiPolygon", "coordinates": [ [ [ [ -5.5691503, 8.0243379 ], [ -5.6017499, 7.9189439 ], [ -5.628334, 7.8876362 ], [ -5.66539, 7.7975941 ], [ -5.6609941, 7.747499 ], [ -5.6887535, 7.7005669 ], [ -5.6963022, 7.5482585 ], [ -5.7258298, 7.5443888 ], [ -5.7404089, 7.5849319 ], [ -5.7979331, 7.6332906 ], [ -5.7829881, 7.6718157 ], [ -5.7946081, 7.7424676 ], [ -5.8721696, 7.73518 ], [ -5.9522438, 7.7301611 ], [ -5.9784113, 7.7539425 ], [ -6.000968, 7.8627028 ], [ -5.9642282, 7.91714 ], [ -5.903636, 7.9588089 ], [ -5.754446, 7.9991369 ], [ -5.7264448, 8.0270064 ], [ -5.5691503, 8.0243379 ] ] ] ] } },
{ "type": "Feature", "properties": { "POLYGON_ID": "CIV_GAUL1990_ADM2_74514", "ADM0_ISO3": "CIV", "ADM0_NAME": "Côte d'Ivoire", "ADM0_CODE": 66, "ADM1_NAME": "Mankono", "ADM1_CODE": 14941, "ADM2_NAME": "Kongasso", "ADM2_CODE": 74514, "GEOSET": "GAUL", "GEOSET_YEAR": 1990.0, "GEOSET_VERSION": "GAUL_v1", "GEOSET_UNIT": "ADM2", "CENTROID_LONG": -6.1015054390953143, "CENTROID_LAT": 7.7765361324828941 }, "geometry": { "type": "MultiPolygon", "coordinates": [ [ [ [ -6.000968, 7.8627028 ], [ -5.9784113, 7.7539425 ], [ -6.036613, 7.7481759 ], [ -6.0581517, 7.6809523 ], [ -6.1100379, 7.6368683 ], [ -6.2133165, 7.6848658 ], [ -6.2221343, 7.7404172 ], [ -6.1884251, 7.8018508 ], [ -6.1438918, 7.8383331 ], [ -6.1108551, 7.9366102 ], [ -6.000968, 7.8627028 ] ] ] ] } },
{ "type": "Feature", "properties": { "POLYGON_ID": "CIV_GAUL1990_ADM2_74565", "ADM0_ISO3": "CIV", "ADM0_NAME": "Côte d'Ivoire", "ADM0_CODE": 66, "ADM1_NAME": "Touba", "ADM1_CODE": 14943, "ADM2_NAME": "Koonan", "ADM2_CODE": 74565, "GEOSET": "GAUL", "GEOSET_YEAR": 1990.0, "GEOSET_VERSION": "GAUL_v1", "GEOSET_UNIT": "ADM2", "CENTROID_LONG": -8.0741834132794796, "CENTROID_LAT": 8.3507727981596265 }, "geometry": { "type": "MultiPolygon", "coordinates": [ [ [ [ -7.8684816, 8.4209983 ], [ -7.890676, 8.3349075 ], [ -7.9539571, 8.2818565 ], [ -7.9968704, 8.1966658 ], [ -8.00418, 8.19862 ], [ -8.005761, 8.1968252 ], [ -8.00699, 8.19543 ], [ -8.013364, 8.1918485 ], [ -8.0373856, 8.2050253 ], [ -8.0396, 8.20547 ], [ -8.0525772, 8.1789526 ], [ -8.06451, 8.16444 ], [ -8.0678419, 8.1622313 ], [ -8.0687054, 8.1616589 ], [ -8.06893, 8.16151 ], [ -8.0853496, 8.1660651 ], [ -8.0937329, 8.1730616 ], [ -8.0952324, 8.1738984 ], [ -8.1028427, 8.1810863 ], [ -8.10374, 8.18398 ], [ -8.16672, 8.19641 ], [ -8.1703457, 8.1973601 ], [ -8.23031, 8.22603 ], [ -8.23878, 8.2276398 ], [ -8.2455275, 8.2314228 ], [ -8.24666, 8.23348 ], [ -8.2475998, 8.2351973 ], [ -8.2484585, 8.2460575 ], [ -8.24877, 8.25371 ], [ -8.2473959, 8.2575275 ], [ -8.2463812, 8.2603467 ], [ -8.2379878, 8.2683698 ], [ -8.232023, 8.275535 ], [ -8.2302401, 8.2803597 ], [ -8.23175, 8.28911 ], [ -8.2314945, 8.2918169 ], [ -8.23797, 8.32776 ], [ -8.2287709, 8.3453282 ], [ -8.228392, 8.3464996 ], [ -8.22566, 8.35494 ], [ -8.2257767, 8.359127 ], [ -8.2294368, 8.3720015 ], [ -8.2368, 8.39505 ], [ -8.2371835, 8.3981623 ], [ -8.23837, 8.40779 ], [ -8.2380378, 8.4118198 ], [ -8.23784, 8.41422 ], [ -8.23975, 8.42917 ], [ -8.2405566, 8.431018 ], [ -8.24559, 8.44255 ], [ -8.2427252, 8.4470853 ], [ -8.24158, 8.45043 ], [ -8.2421985, 8.4551161 ], [ -8.24243, 8.45687 ], [ -8.2415007, 8.4590477 ], [ -8.24077, 8.46076 ], [ -8.23541, 8.46575 ], [ -8.2350606, 8.4657457 ], [ -8.23379, 8.46573 ], [ -8.2334935, 8.4618095 ], [ -8.23042, 8.45896 ], [ -8.2264221, 8.4585979 ], [ -8.2211344, 8.4591793 ], [ -8.22048, 8.4596 ], [ -8.2062407, 8.4813852 ], [ -8.20592, 8.4817 ], [ -8.1983, 8.50159 ], [ -8.1977418, 8.5020406 ], [ -8.187, 8.50099 ], [ -8.1839833, 8.4996649 ], [ -8.1724687, 8.4958308 ], [ -8.16957, 8.49228 ], [ -8.164971, 8.4950716 ], [ -8.1625563, 8.4965373 ], [ -8.16214, 8.49679 ], [ -8.15776, 8.49628 ], [ -8.1573182, 8.4954455 ], [ -8.15641, 8.49373 ], [ -8.1572115, 8.4915755 ], [ -8.1576, 8.49053 ], [ -8.15696, 8.48616 ], [ -8.1533, 8.48405 ], [ -8.1515443, 8.4880925 ], [ -8.1422386, 8.494943 ], [ -8.1391, 8.4942 ], [ -8.1301983, 8.4873123 ], [ -8.1295, 8.4872 ], [ -8.1274009, 8.4883249 ], [ -8.1197942, 8.4814939 ], [ -8.11966, 8.48065 ], [ -8.1190634, 8.481069 ], [ -8.1082024, 8.4886974 ], [ -8.1020015, 8.4956385 ], [ -8.09838, 8.50404 ], [ -8.09536, 8.50584 ], [ -8.0910815, 8.5033147 ], [ -8.0718589, 8.5024171 ], [ -8.06959, 8.50382 ], [ -8.0658893, 8.5061298 ], [ -8.05551, 8.50075 ], [ -8.0518513, 8.4988657 ], [ -8.028677, 8.4956137 ], [ -8.02259, 8.49505 ], [ -8.0114688, 8.4885265 ], [ -8.00977, 8.48753 ], [ -8.0072387, 8.4883349 ], [ -8.0048488, 8.4890949 ], [ -7.9861501, 8.4840358 ], [ -7.98514, 8.48377 ], [ -7.98049, 8.48624 ], [ -7.9803982, 8.4865111 ], [ -7.9756593, 8.4951513 ], [ -7.97087, 8.49874 ], [ -7.9630079, 8.4933808 ], [ -7.95731, 8.49467 ], [ -7.9516464, 8.4938609 ], [ -7.95017, 8.49365 ], [ -7.9474452, 8.4962143 ], [ -7.9444737, 8.4990108 ], [ -7.9292108, 8.4913109 ], [ -7.9243915, 8.4895604 ], [ -7.9135787, 8.4828962 ], [ -7.91481, 8.48171 ], [ -7.9218844, 8.4800902 ], [ -7.91857, 8.47624 ], [ -7.9121889, 8.4653347 ], [ -7.9117272, 8.4633581 ], [ -7.9114302, 8.4580034 ], [ -7.9152605, 8.460452 ], [ -7.91712, 8.46359 ], [ -7.91944, 8.4627 ], [ -7.9200861, 8.46069 ], [ -7.9110801, 8.44904 ], [ -7.90972, 8.44765 ], [ -7.9090702, 8.4375566 ], [ -7.88475, 8.43491 ], [ -7.8842648, 8.4332445 ], [ -7.8684816, 8.4209983 ] ] ] ] } },
{ "type": "Feature", "properties": { "POLYGON_ID": "CIV_GAUL1990_ADM2_74567", "ADM0_ISO3": "CIV", "ADM0_NAME": "Côte d'Ivoire", "ADM0_CODE": 66, "ADM1_NAME": "Touba", "ADM1_CODE": 14943, "ADM2_NAME": "Ouaninou", "ADM2_CODE": 74567, "GEOSET": "GAUL", "GEOSET_YEAR": 1990.0, "GEOSET_VERSION": "GAUL_v1", "GEOSET_UNIT": "ADM2", "CENTROID_LONG": -7.8560027741315652, "CENTROID_LAT": 8.2034947297837721 }, "geometry": { "type": "MultiPolygon", "coordinates": [ [ [ [ -7.7455989, 8.3737153 ], [ -7.7732458, 8.2608299 ], [ -7.7072511, 8.1709375 ], [ -7.7113352, 8.1308918 ], [ -7.7690072, 8.0606508 ], [ -7.7978382, 8.0485973 ], [ -7.8454749, 7.9838414 ], [ -7.946372, 8.0246495 ], [ -7.9472198, 8.0263116 ], [ -7.95042, 8.0305 ], [ -8.0125278, 8.0980674 ], [ -8.01445, 8.10226 ], [ -8.010151, 8.1148211 ], [ -8.0143401, 8.1195303 ], [ -8.01543, 8.12459 ], [ -8.0076203, 8.1421717 ], [ -8.0085197, 8.1479858 ], [ -8.0095565, 8.1600417 ], [ -8.00898, 8.16378 ], [ -7.9997632, 8.1725734 ], [ -7.9952539, 8.1781011 ], [ -7.9933, 8.18356 ], [ -7.9968704, 8.1966658 ], [ -7.9539571, 8.2818565 ], [ -7.890676, 8.3349075 ], [ -7.8684816, 8.4209983 ], [ -7.8643609, 8.4207473 ], [ -7.8333806, 8.4475909 ], [ -7.83771, 8.46851 ], [ -7.8361482, 8.4756391 ], [ -7.8341909, 8.4823315 ], [ -7.8317, 8.4868 ], [ -7.8115796, 8.4802179 ], [ -7.80826, 8.48006 ], [ -7.80368, 8.47701 ], [ -7.7891421, 8.4643624 ], [ -7.78841, 8.46371 ], [ -7.78038, 8.44362 ], [ -7.7774351, 8.4377247 ], [ -7.7517405, 8.3789213 ], [ -7.7498706, 8.3773363 ], [ -7.7455989, 8.3737153 ] ] ] ] } },
{ "type": "Feature", "properties": { "POLYGON_ID": "CIV_GAUL1990_ADM2_74562", "ADM0_ISO3": "CIV", "ADM0_NAME": "Côte d'Ivoire", "ADM0_CODE": 66, "ADM1_NAME": "Touba", "ADM1_CODE": 14943, "ADM2_NAME": "Booko", "ADM2_CODE": 74562, "GEOSET": "GAUL", "GEOSET_YEAR": 1990.0, "GEOSET_VERSION": "GAUL_v1", "GEOSET_UNIT": "ADM2", "CENTROID_LONG": -7.7803348101787426, "CENTROID_LAT": 8.9053753059199128 }, "geometry": { "type": "MultiPolygon", "coordinates": [ [ [ [ -7.7367422, 9.0772216 ], [ -7.6858935, 9.0421658 ], [ -7.6748662, 8.967579 ], [ -7.6118364, 8.9536876 ], [ -7.5453186, 8.8825939 ], [ -7.5429957, 8.8539215 ], [ -7.5796142, 8.8713512 ], [ -7.663053, 8.8242922 ], [ -7.6942391, 8.7668352 ], [ -7.7371511, 8.7569427 ], [ -7.7423766, 8.6989379 ], [ -7.7521413, 8.723326 ], [ -7.7525933, 8.7253461 ], [ -7.75263, 8.72551 ], [ -7.7543127, 8.7279338 ], [ -7.77266, 8.76712 ], [ -7.7741627, 8.7679123 ], [ -7.7816, 8.77183 ], [ -7.7865801, 8.7726771 ], [ -7.8320051, 8.76999 ], [ -7.84553, 8.77679 ], [ -7.8551115, 8.7773274 ], [ -7.8557944, 8.7773657 ], [ -7.9011, 8.76531 ], [ -7.9016425, 8.765317 ], [ -7.9205012, 8.7672671 ], [ -7.92578, 8.76929 ], [ -7.96256, 8.82167 ], [ -7.9607797, 8.8326459 ], [ -7.95482, 8.86936 ], [ -7.9519843, 8.8794676 ], [ -7.94589, 8.90119 ], [ -7.9361613, 8.9269744 ], [ -7.9174292, 8.9688425 ], [ -7.9174947, 8.9692324 ], [ -7.91828, 9.00401 ], [ -7.913383, 9.0098774 ], [ -7.9002545, 9.0240816 ], [ -7.89602, 9.02809 ], [ -7.8719409, 9.0376359 ], [ -7.85379, 9.05927 ], [ -7.8513225, 9.0614813 ], [ -7.8500975, 9.062582 ], [ -7.84093, 9.07083 ], [ -7.8027774, 9.0784848 ], [ -7.80153, 9.07721 ], [ -7.7938195, 9.0741888 ], [ -7.7861821, 9.0720126 ], [ -7.7808811, 9.0710631 ], [ -7.76491, 9.06617 ], [ -7.7587996, 9.0671435 ], [ -7.7372072, 9.0754669 ], [ -7.7367422, 9.0772216 ] ] ] ] } },
{ "type": "Feature", "properties": { "POLYGON_ID": "CIV_GAUL1990_ADM2_74563", "ADM0_ISO3": "CIV", "ADM0_NAME": "Côte d'Ivoire", "ADM0_CODE": 66, "ADM1_NAME": "Touba", "ADM1_CODE": 14943, "ADM2_NAME": "Borotou", "ADM2_CODE": 74563, "GEOSET": "GAUL", "GEOSET_YEAR": 1990.0, "GEOSET_VERSION": "GAUL_v1", "GEOSET_UNIT": "ADM2", "CENTROID_LONG": -7.5760082233951636, "CENTROID_LAT": 8.6737340314586859 }, "geometry": { "type": "MultiPolygon", "coordinates": [ [ [ [ -7.5429957, 8.8539215 ], [ -7.4515796, 8.7805745 ], [ -7.401165, 8.7584821 ], [ -7.3647604, 8.7095519 ], [ -7.3144019, 8.6784319 ], [ -7.3791308, 8.6260529 ], [ -7.44028, 8.673624 ], [ -7.4985452, 8.6477814 ], [ -7.533267, 8.5965729 ], [ -7.5409412, 8.5427332 ], [ -7.581449, 8.4984331 ], [ -7.6297469, 8.400322 ], [ -7.6637459, 8.4073174 ], [ -7.6681613, 8.4147918 ], [ -7.67311, 8.42824 ], [ -7.6757516, 8.4328965 ], [ -7.68015, 8.44065 ], [ -7.6811591, 8.4468227 ], [ -7.68143, 8.44848 ], [ -7.6806927, 8.4516949 ], [ -7.67575, 8.45943 ], [ -7.6744497, 8.4628581 ], [ -7.67168, 8.47016 ], [ -7.6670816, 8.4778976 ], [ -7.65942, 8.49067 ], [ -7.6601492, 8.4974193 ], [ -7.6633649, 8.5105854 ], [ -7.66601, 8.51602 ], [ -7.6744665, 8.5245046 ], [ -7.67808, 8.52813 ], [ -7.6791097, 8.5304004 ], [ -7.68291, 8.53878 ], [ -7.6843602, 8.5419901 ], [ -7.69702, 8.58029 ], [ -7.6983375, 8.5811012 ], [ -7.69931, 8.5817 ], [ -7.7003796, 8.5880906 ], [ -7.7064633, 8.6047544 ], [ -7.71154, 8.61746 ], [ -7.7120881, 8.6211372 ], [ -7.7423766, 8.6989379 ], [ -7.7371511, 8.7569427 ], [ -7.6942391, 8.7668352 ], [ -7.663053, 8.8242922 ], [ -7.5796142, 8.8713512 ], [ -7.5429957, 8.8539215 ] ] ] ] } },
{ "type": "Feature", "properties": { "POLYGON_ID": "CIV_GAUL1990_ADM2_74566", "ADM0_ISO3": "CIV", "ADM0_NAME": "Côte d'Ivoire", "ADM0_CODE": 66, "ADM1_NAME": "Touba", "ADM1_CODE": 14943, "ADM2_NAME": "Koro", "ADM2_CODE": 74566, "GEOSET": "GAUL", "GEOSET_YEAR": 1990.0, "GEOSET_VERSION": "GAUL_v1", "GEOSET_UNIT": "ADM2", "CENTROID_LONG": -7.4012907768022602, "CENTROID_LAT": 8.5228852567029723 }, "geometry": { "type": "MultiPolygon", "coordinates": [ [ [ [ -7.284459, 8.6731375 ], [ -7.2408519, 8.6298734 ], [ -7.2228808, 8.5525656 ], [ -7.1794264, 8.5127366 ], [ -7.1544393, 8.4316786 ], [ -7.27384, 8.4778881 ], [ -7.310339, 8.4714174 ], [ -7.3256612, 8.4257603 ], [ -7.3648849, 8.4156332 ], [ -7.3841562, 8.3940401 ], [ -7.4765568, 8.435256 ], [ -7.5679941, 8.3500271 ], [ -7.6297469, 8.400322 ], [ -7.581449, 8.4984331 ], [ -7.5409412, 8.5427332 ], [ -7.533267, 8.5965729 ], [ -7.4985452, 8.6477814 ], [ -7.44028, 8.673624 ], [ -7.3791308, 8.6260529 ], [ -7.3144019, 8.6784319 ], [ -7.284459, 8.6731375 ] ] ] ] } },
{ "type": "Feature", "properties": { "POLYGON_ID": "CIV_GAUL1990_ADM2_74564", "ADM0_ISO3": "CIV", "ADM0_NAME": "Côte d'Ivoire", "ADM0_CODE": 66, "ADM1_NAME": "Touba", "ADM1_CODE": 14943, "ADM2_NAME": "Guinteguela", "ADM2_CODE": 74564, "GEOSET": "GAUL", "GEOSET_YEAR": 1990.0, "GEOSET_VERSION": "GAUL_v1", "GEOSET_UNIT": "ADM2", "CENTROID_LONG": -7.2320158326445076, "CENTROID_LAT": 8.21868462093191 }, "geometry": { "type": "MultiPolygon", "coordinates": [ [ [ [ -7.1544393, 8.4316786 ], [ -7.1428208, 8.3521507 ], [ -7.1130629, 8.3385373 ], [ -7.108613, 8.2530796 ], [ -7.1326828, 8.2390194 ], [ -7.0864596, 8.1749609 ], [ -7.0799499, 8.1087501 ], [ -7.0968773, 8.0531909 ], [ -7.0686412, 7.9887151 ], [ -7.1701574, 7.9785439 ], [ -7.2493133, 7.978087 ], [ -7.2989764, 8.0643748 ], [ -7.3906611, 8.1120523 ], [ -7.3601542, 8.1818142 ], [ -7.3832178, 8.338562 ], [ -7.3648849, 8.4156332 ], [ -7.3256612, 8.4257603 ], [ -7.310339, 8.4714174 ], [ -7.27384, 8.4778881 ], [ -7.1544393, 8.4316786 ] ] ] ] } },
{ "type": "Feature", "properties": { "POLYGON_ID": "CIV_GAUL1990_ADM2_74538", "ADM0_ISO3": "CIV", "ADM0_NAME": "Côte d'Ivoire", "ADM0_CODE": 66, "ADM1_NAME": "Seguela", "ADM1_CODE": 14942, "ADM2_NAME": "Djibrosso", "ADM2_CODE": 74538, "GEOSET": "GAUL", "GEOSET_YEAR": 1990.0, "GEOSET_VERSION": "GAUL_v1", "GEOSET_UNIT": "ADM2", "CENTROID_LONG": -7.0305640477482836, "CENTROID_LAT": 8.7631136993571026 }, "geometry": { "type": "MultiPolygon", "coordinates": [ [ [ [ -6.9054913, 8.94008 ], [ -6.9073339, 8.89223 ], [ -6.8760648, 8.8165102 ], [ -6.8556132, 8.7235584 ], [ -6.8044739, 8.6483889 ], [ -6.7769079, 8.5754108 ], [ -6.7754369, 8.5620842 ], [ -7.2028126, 8.5680199 ], [ -7.2158456, 8.6550314 ], [ -7.1898389, 8.7735852 ], [ -7.225276, 8.9284755 ], [ -7.1803274, 8.9536064 ], [ -7.1119613, 9.0459907 ], [ -7.0711408, 9.0301564 ], [ -7.0183592, 8.9688561 ], [ -6.9450574, 8.9749794 ], [ -6.9054913, 8.94008 ] ] ] ] } },
{ "type": "Feature", "properties": { "POLYGON_ID": "CIV_GAUL1990_ADM2_74542", "ADM0_ISO3": "CIV", "ADM0_NAME": "Côte d'Ivoire", "ADM0_CODE": 66, "ADM1_NAME": "Seguela", "ADM1_CODE": 14942, "ADM2_NAME": "Morondo", "ADM2_CODE": 74542, "GEOSET": "GAUL", "GEOSET_YEAR": 1990.0, "GEOSET_VERSION": "GAUL_v1", "GEOSET_UNIT": "ADM2", "CENTROID_LONG": -6.7003599853213309, "CENTROID_LAT": 8.8428680095877414 }, "geometry": { "type": "MultiPolygon", "coordinates": [ [ [ [ -6.700355, 9.0627778 ], [ -6.7087393, 9.0014666 ], [ -6.6868319, 8.9176748 ], [ -6.5551057, 8.9076137 ], [ -6.4734507, 8.8575295 ], [ -6.4639611, 8.8223324 ], [ -6.400187, 8.7943287 ], [ -6.4125886, 8.7132237 ], [ -6.4693175, 8.6768645 ], [ -6.5161872, 8.6978331 ], [ -6.6822228, 8.6849966 ], [ -6.736876, 8.6467876 ], [ -6.7769079, 8.5754108 ], [ -6.8044739, 8.6483889 ], [ -6.8556132, 8.7235584 ], [ -6.8760648, 8.8165102 ], [ -6.9073339, 8.89223 ], [ -6.9054913, 8.94008 ], [ -6.8988533, 9.0489705 ], [ -6.8342089, 9.071355 ], [ -6.7566471, 9.1181486 ], [ -6.6971207, 9.1012087 ], [ -6.700355, 9.0627778 ] ] ] ] } },
{ "type": "Feature", "properties": { "POLYGON_ID": "CIV_GAUL1990_ADM2_74540", "ADM0_ISO3": "CIV", "ADM0_NAME": "Côte d'Ivoire", "ADM0_CODE": 66, "ADM1_NAME": "Seguela", "ADM1_CODE": 14942, "ADM2_NAME": "Kani", "ADM2_CODE": 74540, "GEOSET": "GAUL", "GEOSET_YEAR": 1990.0, "GEOSET_VERSION": "GAUL_v1", "GEOSET_UNIT": "ADM2", "CENTROID_LONG": -6.5912246593955537, "CENTROID_LAT": 8.5051776818323166 }, "geometry": { "type": "MultiPolygon", "coordinates": [ [ [ [ -6.4693175, 8.6768645 ], [ -6.4200716, 8.5267838 ], [ -6.4355002, 8.5030643 ], [ -6.4104477, 8.4277976 ], [ -6.4493508, 8.401803 ], [ -6.4773579, 8.3210316 ], [ -6.5596099, 8.3058538 ], [ -6.7103329, 8.3254423 ], [ -6.736969, 8.4506884 ], [ -6.7754369, 8.5620842 ], [ -6.7769079, 8.5754108 ], [ -6.736876, 8.6467876 ], [ -6.6822228, 8.6849966 ], [ -6.5161872, 8.6978331 ], [ -6.4693175, 8.6768645 ] ] ] ] } },
{ "type": "Feature", "properties": { "POLYGON_ID": "CIV_GAUL1990_ADM2_74545", "ADM0_ISO3": "CIV", "ADM0_NAME": "Côte d'Ivoire", "ADM0_CODE": 66, "ADM1_NAME": "Seguela", "ADM1_CODE": 14942, "ADM2_NAME": "Worofla", "ADM2_CODE": 74545, "GEOSET": "GAUL", "GEOSET_YEAR": 1990.0, "GEOSET_VERSION": "GAUL_v1", "GEOSET_UNIT": "ADM2", "CENTROID_LONG": -6.9332739334964257, "CENTROID_LAT": 8.3175469381710112 }, "geometry": { "type": "MultiPolygon", "coordinates": [ [ [ [ -6.7754369, 8.5620842 ], [ -6.736969, 8.4506884 ], [ -6.7103329, 8.3254423 ], [ -6.765192, 8.1971169 ], [ -6.7228589, 8.1067972 ], [ -6.741034, 8.04111 ], [ -6.818727, 8.0316324 ], [ -6.856823, 8.025876 ], [ -6.958189, 8.0661898 ], [ -7.0968773, 8.0531909 ], [ -7.0799499, 8.1087501 ], [ -7.0864596, 8.1749609 ], [ -7.1326828, 8.2390194 ], [ -7.108613, 8.2530796 ], [ -7.1130629, 8.3385373 ], [ -7.1428208, 8.3521507 ], [ -7.1544393, 8.4316786 ], [ -7.1794264, 8.5127366 ], [ -7.2028126, 8.5680199 ], [ -6.7754369, 8.5620842 ] ] ] ] } },
{ "type": "Feature", "properties": { "POLYGON_ID": "CIV_GAUL1990_ADM2_74544", "ADM0_ISO3": "CIV", "ADM0_NAME": "Côte d'Ivoire", "ADM0_CODE": 66, "ADM1_NAME": "Seguela", "ADM1_CODE": 14942, "ADM2_NAME": "Sifie", "ADM2_CODE": 74544, "GEOSET": "GAUL", "GEOSET_YEAR": 1990.0, "GEOSET_VERSION": "GAUL_v1", "GEOSET_UNIT": "ADM2", "CENTROID_LONG": -6.9644217226486074, "CENTROID_LAT": 7.9286134919736675 }, "geometry": { "type": "MultiPolygon", "coordinates": [ [ [ [ -6.818727, 8.0316324 ], [ -6.8510752, 7.8400249 ], [ -6.872889, 7.8020634 ], [ -7.0806537, 7.796154 ], [ -7.077465, 7.8505609 ], [ -7.1177244, 7.8797238 ], [ -7.0725355, 7.9266197 ], [ -7.0686412, 7.9887151 ], [ -7.0968773, 8.0531909 ], [ -6.958189, 8.0661898 ], [ -6.856823, 8.025876 ], [ -6.818727, 8.0316324 ] ] ] ] } },
{ "type": "Feature", "properties": { "POLYGON_ID": "CIV_GAUL1990_ADM2_74539", "ADM0_ISO3": "CIV", "ADM0_NAME": "Côte d'Ivoire", "ADM0_CODE": 66, "ADM1_NAME": "Seguela", "ADM1_CODE": 14942, "ADM2_NAME": "Dualla", "ADM2_CODE": 74539, "GEOSET": "GAUL", "GEOSET_YEAR": 1990.0, "GEOSET_VERSION": "GAUL_v1", "GEOSET_UNIT": "ADM2", "CENTROID_LONG": -6.446684584941865, "CENTROID_LAT": 8.2243672802787877 }, "geometry": { "type": "MultiPolygon", "coordinates": [ [ [ [ -6.3784422, 8.4168332 ], [ -6.3406253, 8.3747508 ], [ -6.3446429, 8.2582854 ], [ -6.316637, 8.1910493 ], [ -6.3077588, 8.12562 ], [ -6.3092098, 8.1244421 ], [ -6.3684001, 8.1086025 ], [ -6.4903288, 8.1041288 ], [ -6.5498118, 8.0660734 ], [ -6.6083932, 8.0561972 ], [ -6.6158919, 8.1074629 ], [ -6.5893159, 8.1312704 ], [ -6.5309072, 8.2808714 ], [ -6.5596099, 8.3058538 ], [ -6.4773579, 8.3210316 ], [ -6.4493508, 8.401803 ], [ -6.4104477, 8.4277976 ], [ -6.3784422, 8.4168332 ] ] ] ] } },
{ "type": "Feature", "properties": { "POLYGON_ID": "CIV_GAUL1990_ADM2_74541", "ADM0_ISO3": "CIV", "ADM0_NAME": "Côte d'Ivoire", "ADM0_CODE": 66, "ADM1_NAME": "Seguela", "ADM1_CODE": 14942, "ADM2_NAME": "Massala", "ADM2_CODE": 74541, "GEOSET": "GAUL", "GEOSET_YEAR": 1990.0, "GEOSET_VERSION": "GAUL_v1", "GEOSET_UNIT": "ADM2", "CENTROID_LONG": -6.3909009180621981, "CENTROID_LAT": 7.9027476092675277 }, "geometry": { "type": "MultiPolygon", "coordinates": [ [ [ [ -6.2590119, 7.7801498 ], [ -6.3679915, 7.7717946 ], [ -6.461925, 7.7359569 ], [ -6.5366028, 7.7691304 ], [ -6.5493112, 7.815207 ], [ -6.533144, 7.9461198 ], [ -6.4162931, 8.0483608 ], [ -6.3092098, 8.1244421 ], [ -6.3077588, 8.12562 ], [ -6.2922826, 8.0156009 ], [ -6.2434072, 7.966027 ], [ -6.2590119, 7.7801498 ] ] ] ] } },
{ "type": "Feature", "properties": { "POLYGON_ID": "CIV_GAUL1990_ADM2_74458", "ADM0_ISO3": "CIV", "ADM0_NAME": "Côte d'Ivoire", "ADM0_CODE": 66, "ADM1_NAME": "Danane", "ADM1_CODE": 14891, "ADM2_NAME": "Bin-Houye", "ADM2_CODE": 74458, "GEOSET": "GAUL", "GEOSET_YEAR": 1990.0, "GEOSET_VERSION": "GAUL_v1", "GEOSET_UNIT": "ADM2", "CENTROID_LONG": -8.2850997580538461, "CENTROID_LAT": 6.7241145388928363 }, "geometry": { "type": "MultiPolygon", "coordinates": [ [ [ [ -8.1473613, 6.7663552 ], [ -8.1764488, 6.7098071 ], [ -8.2101507, 6.7187941 ], [ -8.2452144, 6.6732099 ], [ -8.2439366, 6.6250961 ], [ -8.3212566, 6.5824735 ], [ -8.4325283, 6.6543279 ], [ -8.38898, 6.72184 ], [ -8.38576, 6.72205 ], [ -8.3829335, 6.7194002 ], [ -8.38042, 6.72524 ], [ -8.381514, 6.7264166 ], [ -8.3831947, 6.7282349 ], [ -8.3793043, 6.7318581 ], [ -8.36982, 6.73621 ], [ -8.3677396, 6.7439005 ], [ -8.36771, 6.74401 ], [ -8.36449, 6.74445 ], [ -8.3517727, 6.7614986 ], [ -8.34945, 6.76091 ], [ -8.3473814, 6.7619315 ], [ -8.3450437, 6.7622749 ], [ -8.3437, 6.76202 ], [ -8.3079136, 6.8554433 ], [ -8.1599445, 6.8256311 ], [ -8.1473613, 6.7663552 ] ] ] ] } },
{ "type": "Feature", "properties": { "POLYGON_ID": "CIV_GAUL1990_ADM2_74460", "ADM0_ISO3": "CIV", "ADM0_NAME": "Côte d'Ivoire", "ADM0_CODE": 66, "ADM1_NAME": "Danane", "ADM1_CODE": 14891, "ADM2_NAME": "Zouan-Hounien", "ADM2_CODE": 74460, "GEOSET": "GAUL", "GEOSET_YEAR": 1990.0, "GEOSET_VERSION": "GAUL_v1", "GEOSET_UNIT": "ADM2", "CENTROID_LONG": -8.1747382677519393, "CENTROID_LAT": 6.9643759845085214 }, "geometry": { "type": "MultiPolygon", "coordinates": [ [ [ [ -8.0116615, 6.9606115 ], [ -8.1029768, 6.8893068 ], [ -8.11481, 6.7996289 ], [ -8.1473613, 6.7663552 ], [ -8.1599445, 6.8256311 ], [ -8.3079136, 6.8554433 ], [ -8.30843, 6.86221 ], [ -8.3093811, 6.8618773 ], [ -8.31813, 6.85537 ], [ -8.3197608, 6.8582081 ], [ -8.33203, 6.87956 ], [ -8.33133, 6.88139 ], [ -8.3305991, 6.8843654 ], [ -8.3230009, 6.8912215 ], [ -8.32619, 6.89675 ], [ -8.3254891, 6.8977346 ], [ -8.32456, 6.89904 ], [ -8.3101574, 6.9036459 ], [ -8.30888, 6.90631 ], [ -8.31524, 6.92219 ], [ -8.3163265, 6.9273882 ], [ -8.31793, 6.93506 ], [ -8.3218857, 6.9566717 ], [ -8.32148, 6.95942 ], [ -8.324039, 6.9644329 ], [ -8.32489, 6.9661 ], [ -8.32165, 6.96976 ], [ -8.3118641, 6.972256 ], [ -8.30967, 6.97429 ], [ -8.305413, 6.9737168 ], [ -8.3017111, 6.9742489 ], [ -8.2930517, 6.9838481 ], [ -8.2882747, 6.985411 ], [ -8.2847516, 6.9879384 ], [ -8.2845045, 6.9899572 ], [ -8.2836047, 6.9973503 ], [ -8.2938065, 7.1317535 ], [ -8.2312813, 7.080935 ], [ -8.1863642, 7.0790701 ], [ -8.1078711, 7.107944 ], [ -8.0274134, 7.0539098 ], [ -8.0116615, 6.9606115 ] ] ] ] } },
{ "type": "Feature", "properties": { "POLYGON_ID": "CIV_GAUL1990_ADM2_74459", "ADM0_ISO3": "CIV", "ADM0_NAME": "Côte d'Ivoire", "ADM0_CODE": 66, "ADM1_NAME": "Danane", "ADM1_CODE": 14891, "ADM2_NAME": "Danane", "ADM2_CODE": 74459, "GEOSET": "GAUL", "GEOSET_YEAR": 1990.0, "GEOSET_VERSION": "GAUL_v1", "GEOSET_UNIT": "ADM2", "CENTROID_LONG": -8.1280427157708957, "CENTROID_LAT": 7.3644429977165053 }, "geometry": { "type": "MultiPolygon", "coordinates": [ [ [ [ -7.963356, 7.7377982 ], [ -7.9919548, 7.7216978 ], [ -7.966486, 7.6527328 ], [ -7.9550948, 7.3664999 ], [ -7.8393621, 7.2398138 ], [ -7.8599582, 7.133389 ], [ -7.8864817, 7.0913946 ], [ -7.9798503, 7.0088399 ], [ -7.99303, 6.9801739 ], [ -8.0116615, 6.9606115 ], [ -8.0274134, 7.0539098 ], [ -8.1078711, 7.107944 ], [ -8.1863642, 7.0790701 ], [ -8.2312813, 7.080935 ], [ -8.2938065, 7.1317535 ], [ -8.28413, 7.18518 ], [ -8.285798, 7.183037 ], [ -8.2917974, 7.1834425 ], [ -8.29425, 7.18684 ], [ -8.2976703, 7.1870698 ], [ -8.30184, 7.18735 ], [ -8.30364, 7.19447 ], [ -8.30755, 7.19426 ], [ -8.31419, 7.20096 ], [ -8.3150088, 7.2013001 ], [ -8.31809, 7.20258 ], [ -8.33049, 7.20564 ], [ -8.3313708, 7.213671 ], [ -8.33571, 7.21921 ], [ -8.34601, 7.2296 ], [ -8.3572295, 7.2342374 ], [ -8.35726, 7.23425 ], [ -8.3589913, 7.2383088 ], [ -8.35337, 7.27326 ], [ -8.3584117, 7.2741533 ], [ -8.3606478, 7.2816463 ], [ -8.37277, 7.30206 ], [ -8.39889, 7.40917 ], [ -8.40983, 7.42897 ], [ -8.40554, 7.45627 ], [ -8.40961, 7.46914 ], [ -8.4086389, 7.4732138 ], [ -8.4144193, 7.4941836 ], [ -8.4260063, 7.5078019 ], [ -8.46449, 7.53643 ], [ -8.4697423, 7.5488334 ], [ -8.4704493, 7.5505029 ], [ -8.4721772, 7.5545834 ], [ -8.47218, 7.55459 ], [ -8.40548, 7.61121 ], [ -8.39302, 7.61219 ], [ -8.3879031, 7.6089703 ], [ -8.3748361, 7.5760714 ], [ -8.36935, 7.57275 ], [ -8.34648, 7.57886 ], [ -8.3232024, 7.5988469 ], [ -8.3128637, 7.6004127 ], [ -8.3079407, 7.6009045 ], [ -8.30278, 7.60142 ], [ -8.2989593, 7.5970997 ], [ -8.2932516, 7.5806671 ], [ -8.29245, 7.57991 ], [ -8.2918891, 7.5793805 ], [ -8.21491, 7.53373 ], [ -8.1882966, 7.5534223 ], [ -8.1866968, 7.5559694 ], [ -8.177324, 7.57208 ], [ -8.1740293, 7.5788042 ], [ -8.17263, 7.58166 ], [ -8.17205, 7.6123306 ], [ -8.1720382, 7.612958 ], [ -8.17191, 7.61995 ], [ -8.1429258, 7.6631406 ], [ -8.1406357, 7.685654 ], [ -8.1404878, 7.6871085 ], [ -8.13986, 7.69328 ], [ -8.1291211, 7.7049083 ], [ -8.0927461, 7.7356708 ], [ -8.0003538, 7.7775288 ], [ -7.963356, 7.7377982 ] ] ] ] } },
{ "type": "Feature", "properties": { "POLYGON_ID": "CIV_GAUL1990_ADM2_74512", "ADM0_ISO3": "CIV", "ADM0_NAME": "Côte d'Ivoire", "ADM0_CODE": 66, "ADM1_NAME": "Man", "ADM1_CODE": 14894, "ADM2_NAME": "Sangouine", "ADM2_CODE": 74512, "GEOSET": "GAUL", "GEOSET_YEAR": 1990.0, "GEOSET_VERSION": "GAUL_v1", "GEOSET_UNIT": "ADM2", "CENTROID_LONG": -7.8072927032871862, "CENTROID_LAT": 7.3006491649448764 }, "geometry": { "type": "MultiPolygon", "coordinates": [ [ [ [ -7.745729, 7.5083551 ], [ -7.7634158, 7.4301949 ], [ -7.7490439, 7.3813901 ], [ -7.6814451, 7.2685952 ], [ -7.7303801, 7.2176189 ], [ -7.707623, 7.1383548 ], [ -7.7497811, 7.101944 ], [ -7.7775141, 7.0341037 ], [ -7.8864817, 7.0913946 ], [ -7.8599582, 7.133389 ], [ -7.8393621, 7.2398138 ], [ -7.9550948, 7.3664999 ], [ -7.9027729, 7.4110398 ], [ -7.8425179, 7.5494981 ], [ -7.788516, 7.5508809 ], [ -7.745729, 7.5083551 ] ] ] ] } },
{ "type": "Feature", "properties": { "POLYGON_ID": "CIV_GAUL1990_ADM2_74510", "ADM0_ISO3": "CIV", "ADM0_NAME": "Côte d'Ivoire", "ADM0_CODE": 66, "ADM1_NAME": "Man", "ADM1_CODE": 14894, "ADM2_NAME": "Logouale", "ADM2_CODE": 74510, "GEOSET": "GAUL", "GEOSET_YEAR": 1990.0, "GEOSET_VERSION": "GAUL_v1", "GEOSET_UNIT": "ADM2", "CENTROID_LONG": -7.614085658593746, "CENTROID_LAT": 7.1641008251788643 }, "geometry": { "type": "MultiPolygon", "coordinates": [ [ [ [ -7.5223803, 7.2725981 ], [ -7.4706291, 7.1757348 ], [ -7.5282783, 7.1099698 ], [ -7.513596, 7.057282 ], [ -7.5875525, 7.0436365 ], [ -7.6863451, 7.080428 ], [ -7.7205264, 7.0475716 ], [ -7.7775141, 7.0341037 ], [ -7.7497811, 7.101944 ], [ -7.707623, 7.1383548 ], [ -7.7303801, 7.2176189 ], [ -7.6814451, 7.2685952 ], [ -7.5632558, 7.2973542 ], [ -7.5223803, 7.2725981 ] ] ] ] } },
{ "type": "Feature", "properties": { "POLYGON_ID": "CIV_GAUL1990_ADM2_74511", "ADM0_ISO3": "CIV", "ADM0_NAME": "Côte d'Ivoire", "ADM0_CODE": 66, "ADM1_NAME": "Man", "ADM1_CODE": 14894, "ADM2_NAME": "Man", "ADM2_CODE": 74511, "GEOSET": "GAUL", "GEOSET_YEAR": 1990.0, "GEOSET_VERSION": "GAUL_v1", "GEOSET_UNIT": "ADM2", "CENTROID_LONG": -7.5906368004688574, "CENTROID_LAT": 7.4520452545351912 }, "geometry": { "type": "MultiPolygon", "coordinates": [ [ [ [ -7.467526, 7.6437469 ], [ -7.4635839, 7.5143261 ], [ -7.4024248, 7.4569712 ], [ -7.375688, 7.4645401 ], [ -7.4826031, 7.3828263 ], [ -7.4908705, 7.3317412 ], [ -7.5223803, 7.2725981 ], [ -7.5632558, 7.2973542 ], [ -7.6814451, 7.2685952 ], [ -7.7490439, 7.3813901 ], [ -7.7634158, 7.4301949 ], [ -7.745729, 7.5083551 ], [ -7.7232561, 7.5414629 ], [ -7.631814, 7.5929432 ], [ -7.595191, 7.5840812 ], [ -7.571383, 7.6441302 ], [ -7.467526, 7.6437469 ] ] ] ] } },
{ "type": "Feature", "properties": { "POLYGON_ID": "CIV_GAUL1990_ADM2_74425", "ADM0_ISO3": "CIV", "ADM0_NAME": "Côte d'Ivoire", "ADM0_CODE": 66, "ADM1_NAME": "Biankouma", "ADM1_CODE": 14890, "ADM2_NAME": "Sipilou", "ADM2_CODE": 74425, "GEOSET": "GAUL", "GEOSET_YEAR": 1990.0, "GEOSET_VERSION": "GAUL_v1", "GEOSET_UNIT": "ADM2", "CENTROID_LONG": -7.9019582388589544, "CENTROID_LAT": 7.8505725299935838 }, "geometry": { "type": "MultiPolygon", "coordinates": [ [ [ [ -7.946372, 8.0246495 ], [ -7.8454749, 7.9838414 ], [ -7.7646761, 7.8888266 ], [ -7.6653897, 7.8535705 ], [ -7.67766, 7.805582 ], [ -7.7372251, 7.7422771 ], [ -7.7325101, 7.6831641 ], [ -7.7551398, 7.652349 ], [ -7.8183241, 7.6908631 ], [ -7.963356, 7.7377982 ], [ -8.0003538, 7.7775288 ], [ -8.0927461, 7.7356708 ], [ -8.0717708, 7.8083408 ], [ -8.0746796, 7.8112715 ], [ -8.11466, 7.84477 ], [ -8.1165121, 7.855045 ], [ -8.11662, 7.8623464 ], [ -8.11557, 7.86909 ], [ -8.10718, 7.88457 ], [ -8.1058331, 7.8860057 ], [ -8.09413, 7.89848 ], [ -8.0847042, 7.9128233 ], [ -8.0655792, 7.9589904 ], [ -8.0622, 7.97033 ], [ -8.0631338, 8.0118806 ], [ -8.0585385, 8.0209388 ], [ -8.046343, 8.0304011 ], [ -8.04074, 8.0328 ], [ -8.0371836, 8.0317922 ], [ -8.03153, 8.03019 ], [ -8.0273209, 8.031157 ], [ -8.02432, 8.03306 ], [ -8.0205913, 8.0327746 ], [ -8.00982, 8.03195 ], [ -8.0080934, 8.0336899 ], [ -7.9976479, 8.0381759 ], [ -7.9947624, 8.0370753 ], [ -7.9887425, 8.0173366 ], [ -7.98605, 8.0181 ], [ -7.98223, 8.01048 ], [ -7.9803764, 8.0117501 ], [ -7.95963, 8.01294 ], [ -7.956171, 8.0095396 ], [ -7.950559, 8.0072157 ], [ -7.94819, 8.00728 ], [ -7.9463436, 8.0145568 ], [ -7.94693, 8.01576 ], [ -7.9467443, 8.018719 ], [ -7.946372, 8.0246495 ] ] ] ] } },
{ "type": "Feature", "properties": { "POLYGON_ID": "CIV_GAUL1990_ADM2_74424", "ADM0_ISO3": "CIV", "ADM0_NAME": "Côte d'Ivoire", "ADM0_CODE": 66, "ADM1_NAME": "Biankouma", "ADM1_CODE": 14890, "ADM2_NAME": "Gbonne", "ADM2_CODE": 74424, "GEOSET": "GAUL", "GEOSET_YEAR": 1990.0, "GEOSET_VERSION": "GAUL_v1", "GEOSET_UNIT": "ADM2", "CENTROID_LONG": -7.2875507280056953, "CENTROID_LAT": 7.7091971507875066 }, "geometry": { "type": "MultiPolygon", "coordinates": [ [ [ [ -7.0806537, 7.796154 ], [ -7.0785408, 7.7192772 ], [ -7.1512565, 7.7225076 ], [ -7.1887303, 7.663147 ], [ -7.2284221, 7.6644276 ], [ -7.2785187, 7.5869598 ], [ -7.2807541, 7.5086649 ], [ -7.375688, 7.4645401 ], [ -7.4024248, 7.4569712 ], [ -7.4635839, 7.5143261 ], [ -7.467526, 7.6437469 ], [ -7.4446549, 7.6991978 ], [ -7.523066, 7.714056 ], [ -7.5192838, 7.748229 ], [ -7.4701171, 7.7697859 ], [ -7.3176098, 7.787982 ], [ -7.19066, 7.8526688 ], [ -7.1701574, 7.9785439 ], [ -7.0686412, 7.9887151 ], [ -7.0725355, 7.9266197 ], [ -7.1177244, 7.8797238 ], [ -7.077465, 7.8505609 ], [ -7.0806537, 7.796154 ] ] ] ] } },
{ "type": "Feature", "properties": { "POLYGON_ID": "CIV_GAUL1990_ADM2_74508", "ADM0_ISO3": "CIV", "ADM0_NAME": "Côte d'Ivoire", "ADM0_CODE": 66, "ADM1_NAME": "Man", "ADM1_CODE": 14894, "ADM2_NAME": "Facobly", "ADM2_CODE": 74508, "GEOSET": "GAUL", "GEOSET_YEAR": 1990.0, "GEOSET_VERSION": "GAUL_v1", "GEOSET_UNIT": "ADM2", "CENTROID_LONG": -7.215846044532003, "CENTROID_LAT": 7.5079126712031625 }, "geometry": { "type": "MultiPolygon", "coordinates": [ [ [ [ -7.0785408, 7.7192772 ], [ -7.0672202, 7.642542 ], [ -6.9868307, 7.5830252 ], [ -7.0398579, 7.5420426 ], [ -7.0047917, 7.4411069 ], [ -7.0465881, 7.4091891 ], [ -7.0825968, 7.4684248 ], [ -7.1738329, 7.4910121 ], [ -7.2709341, 7.348752 ], [ -7.389348, 7.318326 ], [ -7.4908705, 7.3317412 ], [ -7.4826031, 7.3828263 ], [ -7.375688, 7.4645401 ], [ -7.2807541, 7.5086649 ], [ -7.2785187, 7.5869598 ], [ -7.2284221, 7.6644276 ], [ -7.1887303, 7.663147 ], [ -7.1512565, 7.7225076 ], [ -7.0785408, 7.7192772 ] ] ] ] } },
{ "type": "Feature", "properties": { "POLYGON_ID": "CIV_GAUL1990_ADM2_74509", "ADM0_ISO3": "CIV", "ADM0_NAME": "Côte d'Ivoire", "ADM0_CODE": 66, "ADM1_NAME": "Man", "ADM1_CODE": 14894, "ADM2_NAME": "Kouibly", "ADM2_CODE": 74509, "GEOSET": "GAUL", "GEOSET_YEAR": 1990.0, "GEOSET_VERSION": "GAUL_v1", "GEOSET_UNIT": "ADM2", "CENTROID_LONG": -7.2447288200752711, "CENTROID_LAT": 7.3024526451492449 }, "geometry": { "type": "MultiPolygon", "coordinates": [ [ [ [ -7.0465881, 7.4091891 ], [ -7.0818934, 7.3701613 ], [ -7.0587935, 7.3381119 ], [ -7.085706, 7.1831209 ], [ -7.1737289, 7.1718268 ], [ -7.2550268, 7.2163758 ], [ -7.3794661, 7.2210498 ], [ -7.413291, 7.170177 ], [ -7.4706291, 7.1757348 ], [ -7.5223803, 7.2725981 ], [ -7.4908705, 7.3317412 ], [ -7.389348, 7.318326 ], [ -7.2709341, 7.348752 ], [ -7.1738329, 7.4910121 ], [ -7.0825968, 7.4684248 ], [ -7.0465881, 7.4091891 ] ] ] ] } },
{ "type": "Feature", "properties": { "POLYGON_ID": "CIV_GAUL1990_ADM2_74420", "ADM0_ISO3": "CIV", "ADM0_NAME": "Côte d'Ivoire", "ADM0_CODE": 66, "ADM1_NAME": "Bangolo", "ADM1_CODE": 14889, "ADM2_NAME": "Bangolo", "ADM2_CODE": 74420, "GEOSET": "GAUL", "GEOSET_YEAR": 1990.0, "GEOSET_VERSION": "GAUL_v1", "GEOSET_UNIT": "ADM2", "CENTROID_LONG": -7.4661065937592408, "CENTROID_LAT": 7.0355558233711255 }, "geometry": { "type": "MultiPolygon", "coordinates": [ [ [ [ -7.085706, 7.1831209 ], [ -7.0526996, 7.1488241 ], [ -7.0529992, 7.0543969 ], [ -7.0593745, 6.9345851 ], [ -7.1562939, 6.9690619 ], [ -7.4002261, 6.9619889 ], [ -7.5800252, 6.9415741 ], [ -7.6255166, 6.8548975 ], [ -7.6310143, 6.8638237 ], [ -7.8404002, 6.8698898 ], [ -7.8847399, 6.946191 ], [ -7.99303, 6.9801739 ], [ -7.9798503, 7.0088399 ], [ -7.8864817, 7.0913946 ], [ -7.7775141, 7.0341037 ], [ -7.7205264, 7.0475716 ], [ -7.6863451, 7.080428 ], [ -7.5875525, 7.0436365 ], [ -7.513596, 7.057282 ], [ -7.5282783, 7.1099698 ], [ -7.4706291, 7.1757348 ], [ -7.413291, 7.170177 ], [ -7.3794661, 7.2210498 ], [ -7.2550268, 7.2163758 ], [ -7.1737289, 7.1718268 ], [ -7.085706, 7.1831209 ] ] ] ] } },
{ "type": "Feature", "properties": { "POLYGON_ID": "CIV_GAUL1990_ADM2_74485", "ADM0_ISO3": "CIV", "ADM0_NAME": "Côte d'Ivoire", "ADM0_CODE": 66, "ADM1_NAME": "Toulepleu", "ADM1_CODE": 74383, "ADM2_NAME": "Toulepleu", "ADM2_CODE": 74485, "GEOSET": "GAUL", "GEOSET_YEAR": 1990.0, "GEOSET_VERSION": "GAUL_v1", "GEOSET_UNIT": "ADM2", "CENTROID_LONG": -8.3799635020816687, "CENTROID_LAT": 6.5105471065742524 }, "geometry": { "type": "MultiPolygon", "coordinates": [ [ [ [ -8.4325283, 6.6543279 ], [ -8.3212566, 6.5824735 ], [ -8.2439366, 6.6250961 ], [ -8.2197838, 6.6165452 ], [ -8.258069, 6.3845439 ], [ -8.2786297, 6.3436492 ], [ -8.28043, 6.34678 ], [ -8.284403, 6.3471381 ], [ -8.3037758, 6.3466748 ], [ -8.3081827, 6.3579577 ], [ -8.3107231, 6.3557404 ], [ -8.31211, 6.35453 ], [ -8.31647, 6.35548 ], [ -8.32355, 6.36287 ], [ -8.3294374, 6.3659152 ], [ -8.3357065, 6.3698458 ], [ -8.3381118, 6.3718104 ], [ -8.33936, 6.37283 ], [ -8.3426, 6.36917 ], [ -8.3647954, 6.3608705 ], [ -8.36548, 6.36187 ], [ -8.36928, 6.36472 ], [ -8.37182, 6.36289 ], [ -8.3944263, 6.3504547 ], [ -8.39691, 6.35498 ], [ -8.3994676, 6.3569786 ], [ -8.4081511, 6.3637644 ], [ -8.4110524, 6.3672207 ], [ -8.4051, 6.36996 ], [ -8.3847665, 6.3833021 ], [ -8.39256, 6.39448 ], [ -8.3925798, 6.3947607 ], [ -8.3927421, 6.3970639 ], [ -8.4011308, 6.4229562 ], [ -8.4073501, 6.4221305 ], [ -8.40588, 6.43095 ], [ -8.4002366, 6.432729 ], [ -8.4383858, 6.4816091 ], [ -8.45166, 6.48873 ], [ -8.45774, 6.48684 ], [ -8.45654, 6.47116 ], [ -8.49027, 6.43244 ], [ -8.52796, 6.47858 ], [ -8.54053, 6.4922 ], [ -8.5457932, 6.4943727 ], [ -8.54787, 6.49523 ], [ -8.5961463, 6.502303 ], [ -8.5993, 6.50559 ], [ -8.55541, 6.5488 ], [ -8.5625857, 6.5507906 ], [ -8.5631472, 6.5545979 ], [ -8.562329, 6.5568285 ], [ -8.5536574, 6.5635167 ], [ -8.5466, 6.56231 ], [ -8.53974, 6.55607 ], [ -8.5295923, 6.5748515 ], [ -8.5308662, 6.5763829 ], [ -8.53113, 6.5767 ], [ -8.53036, 6.59209 ], [ -8.52867, 6.60816 ], [ -8.52112, 6.601 ], [ -8.52276, 6.59435 ], [ -8.49722, 6.6154 ], [ -8.49391, 6.61602 ], [ -8.4477303, 6.6546086 ], [ -8.44311, 6.65941 ], [ -8.4325283, 6.6543279 ] ] ] ] } },
{ "type": "Feature", "properties": { "POLYGON_ID": "CIV_GAUL1990_ADM2_74482", "ADM0_ISO3": "CIV", "ADM0_NAME": "Côte d'Ivoire", "ADM0_CODE": 66, "ADM1_NAME": "Toulepleu", "ADM1_CODE": 74383, "ADM2_NAME": "Blolequin", "ADM2_CODE": 74482, "GEOSET": "GAUL", "GEOSET_YEAR": 1990.0, "GEOSET_VERSION": "GAUL_v1", "GEOSET_UNIT": "ADM2", "CENTROID_LONG": -8.0146021072989857, "CENTROID_LAT": 6.5963585366559254 }, "geometry": { "type": "MultiPolygon", "coordinates": [ [ [ [ -7.8404002, 6.8698898 ], [ -7.8063769, 6.78901 ], [ -7.7945371, 6.5659218 ], [ -7.8135042, 6.425446 ], [ -7.897707, 6.3231888 ], [ -7.90647, 6.27919 ], [ -7.9123383, 6.2706586 ], [ -7.91341, 6.27073 ], [ -7.9138277, 6.2733237 ], [ -7.9161287, 6.284369 ], [ -7.91745, 6.28661 ], [ -7.92158, 6.28847 ], [ -7.922516, 6.2860434 ], [ -7.991547, 6.2954461 ], [ -7.99206, 6.3006 ], [ -7.9925464, 6.3013037 ], [ -7.9954047, 6.3054387 ], [ -8.04027, 6.30891 ], [ -8.1716708, 6.2756427 ], [ -8.1746, 6.286 ], [ -8.1770302, 6.2879111 ], [ -8.18284, 6.29248 ], [ -8.19518, 6.3045 ], [ -8.1963677, 6.3030898 ], [ -8.2034817, 6.3034344 ], [ -8.20619, 6.30892 ], [ -8.2077127, 6.3074709 ], [ -8.2106702, 6.3046564 ], [ -8.21678, 6.30369 ], [ -8.225362, 6.3089353 ], [ -8.24106, 6.31853 ], [ -8.249418, 6.3191175 ], [ -8.2519514, 6.3201477 ], [ -8.2520801, 6.3202 ], [ -8.2553018, 6.3193437 ], [ -8.2620224, 6.3184471 ], [ -8.2670728, 6.3190229 ], [ -8.2674978, 6.3190713 ], [ -8.27231, 6.31962 ], [ -8.2762137, 6.3198737 ], [ -8.277265, 6.3209342 ], [ -8.27965, 6.32334 ], [ -8.27571, 6.32746 ], [ -8.26927, 6.32972 ], [ -8.26694, 6.33568 ], [ -8.2685955, 6.3376587 ], [ -8.26945, 6.33868 ], [ -8.2752, 6.33848 ], [ -8.27725, 6.34125 ], [ -8.2786297, 6.3436492 ], [ -8.258069, 6.3845439 ], [ -8.2197838, 6.6165452 ], [ -8.2439366, 6.6250961 ], [ -8.2452144, 6.6732099 ], [ -8.2101507, 6.7187941 ], [ -8.1764488, 6.7098071 ], [ -8.1473613, 6.7663552 ], [ -8.11481, 6.7996289 ], [ -8.1029768, 6.8893068 ], [ -8.0116615, 6.9606115 ], [ -7.99303, 6.9801739 ], [ -7.8847399, 6.946191 ], [ -7.8404002, 6.8698898 ] ] ] ] } },
{ "type": "Feature", "properties": { "POLYGON_ID": "CIV_GAUL1990_ADM2_74483", "ADM0_ISO3": "CIV", "ADM0_NAME": "Côte d'Ivoire", "ADM0_CODE": 66, "ADM1_NAME": "Toulepleu", "ADM1_CODE": 74383, "ADM2_NAME": "Guiglo", "ADM2_CODE": 74483, "GEOSET": "GAUL", "GEOSET_YEAR": 1990.0, "GEOSET_VERSION": "GAUL_v1", "GEOSET_UNIT": "ADM2", "CENTROID_LONG": -7.6067627586398965, "CENTROID_LAT": 6.4792959925074287 }, "geometry": { "type": "MultiPolygon", "coordinates": [ [ [ [ -7.6255166, 6.8548975 ], [ -7.5464239, 6.6719083 ], [ -7.3963489, 6.5899228 ], [ -7.3153291, 6.5337775 ], [ -7.1999963, 6.3990253 ], [ -7.2979851, 6.3842621 ], [ -7.359344, 6.3371611 ], [ -7.3750339, 6.2741709 ], [ -7.4128022, 6.2199421 ], [ -7.4896941, 6.2207642 ], [ -7.693193, 6.2023978 ], [ -7.8060231, 6.1779861 ], [ -7.8193648, 6.1910157 ], [ -7.82058, 6.19366 ], [ -7.8238655, 6.1971667 ], [ -7.8284654, 6.2020764 ], [ -7.8410176, 6.2154739 ], [ -7.8439048, 6.2185555 ], [ -7.8496045, 6.2246391 ], [ -7.85414, 6.22948 ], [ -7.88985, 6.25244 ], [ -7.89439, 6.26142 ], [ -7.89959, 6.27708 ], [ -7.90164, 6.27985 ], [ -7.90647, 6.27919 ], [ -7.897707, 6.3231888 ], [ -7.8135042, 6.425446 ], [ -7.7945371, 6.5659218 ], [ -7.8063769, 6.78901 ], [ -7.8404002, 6.8698898 ], [ -7.6310143, 6.8638237 ], [ -7.6255166, 6.8548975 ] ] ] ] } },
{ "type": "Feature", "properties": { "POLYGON_ID": "CIV_GAUL1990_ADM2_74507", "ADM0_ISO3": "CIV", "ADM0_NAME": "Côte d'Ivoire", "ADM0_CODE": 66, "ADM1_NAME": "M'bahiakro", "ADM1_CODE": 14926, "ADM2_NAME": "Prikro", "ADM2_CODE": 74507, "GEOSET": "GAUL", "GEOSET_YEAR": 1990.0, "GEOSET_VERSION": "GAUL_v1", "GEOSET_UNIT": "ADM2", "CENTROID_LONG": -3.9344184910787083, "CENTROID_LAT": 7.6774585774414712 }, "geometry": { "type": "MultiPolygon", "coordinates": [ [ [ [ -3.8614196, 7.7951125 ], [ -3.8015035, 7.7424019 ], [ -3.7356506, 7.7351839 ], [ -3.7341955, 7.6664098 ], [ -3.6851959, 7.6410965 ], [ -3.661522, 7.5857134 ], [ -3.5838204, 7.5833743 ], [ -3.5895744, 7.5110339 ], [ -3.6863351, 7.4926348 ], [ -3.719727, 7.4290228 ], [ -3.8118041, 7.3911901 ], [ -3.8756981, 7.4522719 ], [ -3.935276, 7.4537778 ], [ -3.954293, 7.420558 ], [ -4.0300889, 7.4988642 ], [ -4.1163731, 7.5369282 ], [ -4.143187, 7.694283 ], [ -4.2569271, 7.9236211 ], [ -4.2081141, 7.8889982 ], [ -4.156962, 7.8901404 ], [ -4.08223, 7.9222624 ], [ -4.0644795, 7.9699588 ], [ -4.0908149, 8.0086376 ], [ -4.0181575, 8.0487653 ], [ -3.9884284, 7.9663403 ], [ -3.9250542, 7.9571406 ], [ -3.9649102, 7.8913843 ], [ -3.8848745, 7.8779061 ], [ -3.8614196, 7.7951125 ] ] ] ] } },
{ "type": "Feature", "properties": { "POLYGON_ID": "CIV_GAUL1990_ADM2_74462", "ADM0_ISO3": "CIV", "ADM0_NAME": "Côte d'Ivoire", "ADM0_CODE": 66, "ADM1_NAME": "Daoukro", "ADM1_CODE": 14924, "ADM2_NAME": "Ettrokro", "ADM2_CODE": 74462, "GEOSET": "GAUL", "GEOSET_YEAR": 1990.0, "GEOSET_VERSION": "GAUL_v1", "GEOSET_UNIT": "ADM2", "CENTROID_LONG": -3.7185629272243839, "CENTROID_LAT": 7.3121154182972781 }, "geometry": { "type": "MultiPolygon", "coordinates": [ [ [ [ -3.5310991, 7.4795639 ], [ -3.4981988, 7.4320434 ], [ -3.5152243, 7.3543374 ], [ -3.5371207, 7.3465789 ], [ -3.5956343, 7.2557622 ], [ -3.5933852, 7.18992 ], [ -3.6460042, 7.2025253 ], [ -3.6461029, 7.1295742 ], [ -3.5705902, 7.1020812 ], [ -3.6306422, 7.0576309 ], [ -3.731524, 7.1027188 ], [ -3.7793951, 7.155674 ], [ -3.879833, 7.2107272 ], [ -3.904844, 7.2943621 ], [ -3.9648931, 7.3647122 ], [ -3.954293, 7.420558 ], [ -3.935276, 7.4537778 ], [ -3.8756981, 7.4522719 ], [ -3.8118041, 7.3911901 ], [ -3.719727, 7.4290228 ], [ -3.6863351, 7.4926348 ], [ -3.5895744, 7.5110339 ], [ -3.5310991, 7.4795639 ] ] ] ] } },
{ "type": "Feature", "properties": { "POLYGON_ID": "CIV_GAUL1990_ADM2_74461", "ADM0_ISO3": "CIV", "ADM0_NAME": "Côte d'Ivoire", "ADM0_CODE": 66, "ADM1_NAME": "Daoukro", "ADM1_CODE": 14924, "ADM2_NAME": "Daoukro", "ADM2_CODE": 74461, "GEOSET": "GAUL", "GEOSET_YEAR": 1990.0, "GEOSET_VERSION": "GAUL_v1", "GEOSET_UNIT": "ADM2", "CENTROID_LONG": -3.9296842190736432, "CENTROID_LAT": 7.0861293270922276 }, "geometry": { "type": "MultiPolygon", "coordinates": [ [ [ [ -3.879833, 7.2107272 ], [ -3.7793951, 7.155674 ], [ -3.731524, 7.1027188 ], [ -3.6306422, 7.0576309 ], [ -3.679012, 7.0508003 ], [ -3.7824627, 6.9753005 ], [ -3.7863417, 6.9496634 ], [ -3.8407657, 6.9823956 ], [ -3.9193229, 6.9756689 ], [ -4.0338586, 6.9989643 ], [ -4.0927563, 7.0012685 ], [ -4.1302767, 7.1219871 ], [ -4.210408, 7.1548354 ], [ -4.1871819, 7.1922832 ], [ -4.1341572, 7.2181258 ], [ -4.0114031, 7.15063 ], [ -3.9602389, 7.1545782 ], [ -3.879833, 7.2107272 ] ] ] ] } },
{ "type": "Feature", "properties": { "POLYGON_ID": "CIV_GAUL1990_ADM2_74463", "ADM0_ISO3": "CIV", "ADM0_NAME": "Côte d'Ivoire", "ADM0_CODE": 66, "ADM1_NAME": "Daoukro", "ADM1_CODE": 14924, "ADM2_NAME": "Ouelle", "ADM2_CODE": 74463, "GEOSET": "GAUL", "GEOSET_YEAR": 1990.0, "GEOSET_VERSION": "GAUL_v1", "GEOSET_UNIT": "ADM2", "CENTROID_LONG": -4.2200932400231688, "CENTROID_LAT": 7.2968239475634107 }, "geometry": { "type": "MultiPolygon", "coordinates": [ [ [ [ -3.9648931, 7.3647122 ], [ -3.904844, 7.2943621 ], [ -3.879833, 7.2107272 ], [ -3.9602389, 7.1545782 ], [ -4.0114031, 7.15063 ], [ -4.1341572, 7.2181258 ], [ -4.1871819, 7.1922832 ], [ -4.210408, 7.1548354 ], [ -4.3201643, 7.2149294 ], [ -4.4129062, 7.2282857 ], [ -4.4561534, 7.257871 ], [ -4.5063627, 7.2543192 ], [ -4.5406909, 7.2814651 ], [ -4.5755725, 7.3509255 ], [ -4.5534087, 7.36856 ], [ -4.4993939, 7.3855038 ], [ -4.4611931, 7.438271 ], [ -4.4265981, 7.442277 ], [ -4.329432, 7.4013772 ], [ -4.2657518, 7.4241261 ], [ -4.176003, 7.4162788 ], [ -4.0786209, 7.3490171 ], [ -3.9648931, 7.3647122 ] ] ] ] } },
{ "type": "Feature", "properties": { "POLYGON_ID": "CIV_GAUL1990_ADM2_74574", "ADM0_ISO3": "CIV", "ADM0_NAME": "Côte d'Ivoire", "ADM0_CODE": 66, "ADM1_NAME": "Yamoussoukro", "ADM1_CODE": 74384, "ADM2_NAME": "Tiebissou", "ADM2_CODE": 74574, "GEOSET": "GAUL", "GEOSET_YEAR": 1990.0, "GEOSET_VERSION": "GAUL_v1", "GEOSET_UNIT": "ADM2", "CENTROID_LONG": -5.1883499865306115, "CENTROID_LAT": 7.1370724816148901 }, "geometry": { "type": "MultiPolygon", "coordinates": [ [ [ [ -5.0842892, 7.4103493 ], [ -5.0403328, 7.3178401 ], [ -4.9776211, 7.2525582 ], [ -4.925786, 7.114079 ], [ -4.9037309, 7.0837078 ], [ -4.8362026, 6.8703782 ], [ -4.8739834, 6.8464922 ], [ -4.9417563, 6.8513533 ], [ -4.9715682, 6.8341461 ], [ -4.990898, 6.8905459 ], [ -5.0260557, 6.9118988 ], [ -5.0568451, 6.9778064 ], [ -5.3144479, 7.0800933 ], [ -5.4517594, 7.0401347 ], [ -5.4885025, 7.0539868 ], [ -5.4810466, 7.1336079 ], [ -5.5532488, 7.1416732 ], [ -5.603456, 7.1867657 ], [ -5.6744223, 7.2206103 ], [ -5.6508102, 7.250052 ], [ -5.63761, 7.2669287 ], [ -5.4370689, 7.3064048 ], [ -5.3934488, 7.2424425 ], [ -5.2904305, 7.231904 ], [ -5.2470638, 7.2889668 ], [ -5.2022362, 7.3183109 ], [ -5.1214704, 7.3672218 ], [ -5.0842892, 7.4103493 ] ] ] ] } },
{ "type": "Feature", "properties": { "POLYGON_ID": "CIV_GAUL1990_ADM2_74572", "ADM0_ISO3": "CIV", "ADM0_NAME": "Côte d'Ivoire", "ADM0_CODE": 66, "ADM1_NAME": "Yamoussoukro", "ADM1_CODE": 74384, "ADM2_NAME": "Didievi", "ADM2_CODE": 74572, "GEOSET": "GAUL", "GEOSET_YEAR": 1990.0, "GEOSET_VERSION": "GAUL_v1", "GEOSET_UNIT": "ADM2", "CENTROID_LONG": -4.8842839460019158, "CENTROID_LAT": 7.2286218358369947 }, "geometry": { "type": "MultiPolygon", "coordinates": [ [ [ [ -4.9278596, 7.4835559 ], [ -4.8808041, 7.3882322 ], [ -4.8049831, 7.320775 ], [ -4.8074932, 7.2961059 ], [ -4.712582, 7.2701773 ], [ -4.7016722, 7.2370021 ], [ -4.7475954, 7.1930603 ], [ -4.7638893, 7.1094429 ], [ -4.7700619, 7.0647925 ], [ -4.8089799, 7.0400936 ], [ -4.7783213, 6.9822775 ], [ -4.8020778, 6.9049706 ], [ -4.8362026, 6.8703782 ], [ -4.9037309, 7.0837078 ], [ -4.925786, 7.114079 ], [ -4.9776211, 7.2525582 ], [ -5.0403328, 7.3178401 ], [ -5.0842892, 7.4103493 ], [ -4.9655948, 7.4924852 ], [ -4.9278596, 7.4835559 ] ] ] ] } },
{ "type": "Feature", "properties": { "POLYGON_ID": "CIV_GAUL1990_ADM2_74569", "ADM0_ISO3": "CIV", "ADM0_NAME": "Côte d'Ivoire", "ADM0_CODE": 66, "ADM1_NAME": "Toumodi", "ADM1_CODE": 14909, "ADM2_NAME": "Kokoumbo", "ADM2_CODE": 74569, "GEOSET": "GAUL", "GEOSET_YEAR": 1990.0, "GEOSET_VERSION": "GAUL_v1", "GEOSET_UNIT": "ADM2", "CENTROID_LONG": -5.1813122790416237, "CENTROID_LAT": 6.4669876022531838 }, "geometry": { "type": "MultiPolygon", "coordinates": [ [ [ [ -5.0495232, 6.2952389 ], [ -5.0908333, 6.2855623 ], [ -5.1811399, 6.3688351 ], [ -5.2034605, 6.3714049 ], [ -5.2963986, 6.3569702 ], [ -5.3181768, 6.408322 ], [ -5.2986302, 6.4984937 ], [ -5.3042631, 6.5517943 ], [ -5.272707, 6.6288852 ], [ -5.22684, 6.6144762 ], [ -5.1256061, 6.615664 ], [ -5.0991302, 6.5395689 ], [ -5.0598278, 6.5039659 ], [ -5.0620122, 6.3984051 ], [ -5.0495232, 6.2952389 ] ] ] ] } },
{ "type": "Feature", "properties": { "POLYGON_ID": "CIV_GAUL1990_ADM2_74466", "ADM0_ISO3": "CIV", "ADM0_NAME": "Côte d'Ivoire", "ADM0_CODE": 66, "ADM1_NAME": "Dimbokro", "ADM1_CODE": 74382, "ADM2_NAME": "Kouassikro", "ADM2_CODE": 74466, "GEOSET": "GAUL", "GEOSET_YEAR": 1990.0, "GEOSET_VERSION": "GAUL_v1", "GEOSET_UNIT": "ADM2", "CENTROID_LONG": -4.6361376050326379, "CENTROID_LAT": 7.2303134555862831 }, "geometry": { "type": "MultiPolygon", "coordinates": [ [ [ [ -4.5534087, 7.36856 ], [ -4.5755725, 7.3509255 ], [ -4.5406909, 7.2814651 ], [ -4.5063627, 7.2543192 ], [ -4.4811649, 7.1572289 ], [ -4.494257, 7.1151981 ], [ -4.6023459, 7.0300121 ], [ -4.6822591, 7.0282111 ], [ -4.7314048, 7.0316262 ], [ -4.7638893, 7.1094429 ], [ -4.7475954, 7.1930603 ], [ -4.7016722, 7.2370021 ], [ -4.712582, 7.2701773 ], [ -4.7313079, 7.3072676 ], [ -4.7578343, 7.4342577 ], [ -4.645964, 7.481971 ], [ -4.5534087, 7.36856 ] ] ] ] } },
{ "type": "Feature", "properties": { "POLYGON_ID": "CIV_GAUL1990_ADM2_74465", "ADM0_ISO3": "CIV", "ADM0_NAME": "Côte d'Ivoire", "ADM0_CODE": 66, "ADM1_NAME": "Dimbokro", "ADM1_CODE": 74382, "ADM2_NAME": "Dimbokro", "ADM2_CODE": 74465, "GEOSET": "GAUL", "GEOSET_YEAR": 1990.0, "GEOSET_VERSION": "GAUL_v1", "GEOSET_UNIT": "ADM2", "CENTROID_LONG": -4.7365529348287598, "CENTROID_LAT": 6.7661325892672082 }, "geometry": { "type": "MultiPolygon", "coordinates": [ [ [ [ -4.6822591, 7.0282111 ], [ -4.6743522, 6.968152 ], [ -4.6966858, 6.9162879 ], [ -4.6443219, 6.8797441 ], [ -4.5775809, 6.8693242 ], [ -4.5306368, 6.8265281 ], [ -4.5435958, 6.7063961 ], [ -4.560782, 6.677865 ], [ -4.5122809, 6.543088 ], [ -4.7726269, 6.6045629 ], [ -4.8560309, 6.6325306 ], [ -4.9024587, 6.6020887 ], [ -4.9428653, 6.6153079 ], [ -4.9366455, 6.7056664 ], [ -4.9755725, 6.751893 ], [ -4.9715682, 6.8341461 ], [ -4.9417563, 6.8513533 ], [ -4.8739834, 6.8464922 ], [ -4.8362026, 6.8703782 ], [ -4.8020778, 6.9049706 ], [ -4.7783213, 6.9822775 ], [ -4.8089799, 7.0400936 ], [ -4.7700619, 7.0647925 ], [ -4.7638893, 7.1094429 ], [ -4.7314048, 7.0316262 ], [ -4.6822591, 7.0282111 ] ] ] ] } },
{ "type": "Feature", "properties": { "POLYGON_ID": "CIV_GAUL1990_ADM2_74431", "ADM0_ISO3": "CIV", "ADM0_NAME": "Côte d'Ivoire", "ADM0_CODE": 66, "ADM1_NAME": "Bongouanou", "ADM1_CODE": 14923, "ADM2_NAME": "Tiemelekro", "ADM2_CODE": 74431, "GEOSET": "GAUL", "GEOSET_YEAR": 1990.0, "GEOSET_VERSION": "GAUL_v1", "GEOSET_UNIT": "ADM2", "CENTROID_LONG": -4.6292602187425196, "CENTROID_LAT": 6.4334624020052029 }, "geometry": { "type": "MultiPolygon", "coordinates": [ [ [ [ -4.5122809, 6.543088 ], [ -4.5139689, 6.5010929 ], [ -4.485364, 6.447618 ], [ -4.5478721, 6.291081 ], [ -4.5782863, 6.2550263 ], [ -4.6844803, 6.2723606 ], [ -4.7282252, 6.3133439 ], [ -4.7106662, 6.3760087 ], [ -4.7316604, 6.4746711 ], [ -4.7902784, 6.5129154 ], [ -4.7518135, 6.5572397 ], [ -4.7726269, 6.6045629 ], [ -4.5122809, 6.543088 ] ] ] ] } },
{ "type": "Feature", "properties": { "POLYGON_ID": "CIV_GAUL1990_ADM2_74464", "ADM0_ISO3": "CIV", "ADM0_NAME": "Côte d'Ivoire", "ADM0_CODE": 66, "ADM1_NAME": "Dimbokro", "ADM1_CODE": 74382, "ADM2_NAME": "Bocanda", "ADM2_CODE": 74464, "GEOSET": "GAUL", "GEOSET_YEAR": 1990.0, "GEOSET_VERSION": "GAUL_v1", "GEOSET_UNIT": "ADM2", "CENTROID_LONG": -4.3887225628563309, "CENTROID_LAT": 6.9921273909804453 }, "geometry": { "type": "MultiPolygon", "coordinates": [ [ [ [ -4.210408, 7.1548354 ], [ -4.1302767, 7.1219871 ], [ -4.0927563, 7.0012685 ], [ -4.0338586, 6.9989643 ], [ -4.0334592, 6.9984908 ], [ -4.3341422, 6.8297191 ], [ -4.3416529, 6.7946072 ], [ -4.421845, 6.8013959 ], [ -4.4310532, 6.714601 ], [ -4.4616179, 6.7361431 ], [ -4.49264, 6.6822472 ], [ -4.5435958, 6.7063961 ], [ -4.5306368, 6.8265281 ], [ -4.5775809, 6.8693242 ], [ -4.6443219, 6.8797441 ], [ -4.6966858, 6.9162879 ], [ -4.6743522, 6.968152 ], [ -4.6822591, 7.0282111 ], [ -4.6023459, 7.0300121 ], [ -4.494257, 7.1151981 ], [ -4.4811649, 7.1572289 ], [ -4.5063627, 7.2543192 ], [ -4.4561534, 7.257871 ], [ -4.4129062, 7.2282857 ], [ -4.3201643, 7.2149294 ], [ -4.210408, 7.1548354 ] ] ] ] } },
{ "type": "Feature", "properties": { "POLYGON_ID": "CIV_GAUL1990_ADM2_74430", "ADM0_ISO3": "CIV", "ADM0_NAME": "Côte d'Ivoire", "ADM0_CODE": 66, "ADM1_NAME": "Bongouanou", "ADM1_CODE": 14923, "ADM2_NAME": "M'batto", "ADM2_CODE": 74430, "GEOSET": "GAUL", "GEOSET_YEAR": 1990.0, "GEOSET_VERSION": "GAUL_v1", "GEOSET_UNIT": "ADM2", "CENTROID_LONG": -4.3628371845486962, "CENTROID_LAT": 6.4244566197151505 }, "geometry": { "type": "MultiPolygon", "coordinates": [ [ [ [ -4.4310532, 6.714601 ], [ -4.312201, 6.499176 ], [ -4.1395832, 6.4669908 ], [ -4.1623782, 6.3360102 ], [ -4.1154105, 6.26176 ], [ -4.1495836, 6.2380626 ], [ -4.2366394, 6.1869378 ], [ -4.2771301, 6.2651891 ], [ -4.4273294, 6.2582288 ], [ -4.4996299, 6.2426797 ], [ -4.5782863, 6.2550263 ], [ -4.5478721, 6.291081 ], [ -4.485364, 6.447618 ], [ -4.5139689, 6.5010929 ], [ -4.5122809, 6.543088 ], [ -4.560782, 6.677865 ], [ -4.5435958, 6.7063961 ], [ -4.49264, 6.6822472 ], [ -4.4616179, 6.7361431 ], [ -4.4310532, 6.714601 ] ] ] ] } },
{ "type": "Feature", "properties": { "POLYGON_ID": "CIV_GAUL1990_ADM2_74428", "ADM0_ISO3": "CIV", "ADM0_NAME": "Côte d'Ivoire", "ADM0_CODE": 66, "ADM1_NAME": "Bongouanou", "ADM1_CODE": 14923, "ADM2_NAME": "Arrah", "ADM2_CODE": 74428, "GEOSET": "GAUL", "GEOSET_YEAR": 1990.0, "GEOSET_VERSION": "GAUL_v1", "GEOSET_UNIT": "ADM2", "CENTROID_LONG": -3.9265654939867378, "CENTROID_LAT": 6.7609456559539414 }, "geometry": { "type": "MultiPolygon", "coordinates": [ [ [ [ -3.7863417, 6.9496634 ], [ -3.7364427, 6.9236338 ], [ -3.7821915, 6.8570235 ], [ -3.7495504, 6.817175 ], [ -3.7961303, 6.7671694 ], [ -3.7688738, 6.7019966 ], [ -3.8018826, 6.6749386 ], [ -3.7719546, 6.6165949 ], [ -3.846711, 6.5355892 ], [ -3.8988268, 6.5519306 ], [ -4.0068164, 6.5356839 ], [ -4.135592, 6.6899948 ], [ -4.0880208, 6.747364 ], [ -4.0842862, 6.8025332 ], [ -4.053556, 6.8423252 ], [ -4.048243, 6.8931332 ], [ -4.0079598, 6.9632769 ], [ -4.0334592, 6.9984908 ], [ -4.0338586, 6.9989643 ], [ -3.9193229, 6.9756689 ], [ -3.8407657, 6.9823956 ], [ -3.7863417, 6.9496634 ] ] ] ] } },
{ "type": "Feature", "properties": { "POLYGON_ID": "CIV_GAUL1990_ADM2_74571", "ADM0_ISO3": "CIV", "ADM0_NAME": "Côte d'Ivoire", "ADM0_CODE": 66, "ADM1_NAME": "Vavoua", "ADM1_CODE": 14907, "ADM2_NAME": "Vavoua", "ADM2_CODE": 74571, "GEOSET": "GAUL", "GEOSET_YEAR": 1990.0, "GEOSET_VERSION": "GAUL_v1", "GEOSET_UNIT": "ADM2", "CENTROID_LONG": -6.6934710703882239, "CENTROID_LAT": 7.4554154478150272 }, "geometry": { "type": "MultiPolygon", "coordinates": [ [ [ [ -6.872889, 7.8020634 ], [ -6.6179843, 7.8007419 ], [ -6.5366028, 7.7691304 ], [ -6.461925, 7.7359569 ], [ -6.3679915, 7.7717946 ], [ -6.2590119, 7.7801498 ], [ -6.2221343, 7.7404172 ], [ -6.2133165, 7.6848658 ], [ -6.1100379, 7.6368683 ], [ -6.3289971, 7.5144361 ], [ -6.3483315, 7.4408098 ], [ -6.4416642, 7.2477605 ], [ -6.3142353, 7.2367732 ], [ -6.4408121, 7.2238698 ], [ -6.440536, 7.1172199 ], [ -6.7381248, 7.0621662 ], [ -6.9002128, 7.0622859 ], [ -7.0529992, 7.0543969 ], [ -7.0526996, 7.1488241 ], [ -7.085706, 7.1831209 ], [ -7.0587935, 7.3381119 ], [ -7.0818934, 7.3701613 ], [ -7.0465881, 7.4091891 ], [ -7.0047917, 7.4411069 ], [ -7.0398579, 7.5420426 ], [ -6.9868307, 7.5830252 ], [ -7.0672202, 7.642542 ], [ -7.0785408, 7.7192772 ], [ -7.0806537, 7.796154 ], [ -6.872889, 7.8020634 ] ] ] ] } },
{ "type": "Feature", "properties": { "POLYGON_ID": "CIV_GAUL1990_ADM2_74457", "ADM0_ISO3": "CIV", "ADM0_NAME": "Côte d'Ivoire", "ADM0_CODE": 66, "ADM1_NAME": "Daloa", "ADM1_CODE": 14903, "ADM2_NAME": "Zoukougbeu", "ADM2_CODE": 74457, "GEOSET": "GAUL", "GEOSET_YEAR": 1990.0, "GEOSET_VERSION": "GAUL_v1", "GEOSET_UNIT": "ADM2", "CENTROID_LONG": -6.8738798429512942, "CENTROID_LAT": 6.8399534757207254 }, "geometry": { "type": "MultiPolygon", "coordinates": [ [ [ [ -6.9002128, 7.0622859 ], [ -6.8555012, 7.0061851 ], [ -6.7594738, 6.9487381 ], [ -6.665874, 6.9112682 ], [ -6.6992831, 6.8037419 ], [ -6.6967821, 6.7590861 ], [ -6.72474, 6.7094922 ], [ -6.7124948, 6.6270361 ], [ -6.8622661, 6.6401019 ], [ -6.9859081, 6.6259735 ], [ -6.9827857, 6.7507971 ], [ -7.0055146, 6.8312674 ], [ -7.0594835, 6.8448765 ], [ -7.0389118, 6.9146361 ], [ -7.0593745, 6.9345851 ], [ -7.0529992, 7.0543969 ], [ -6.9002128, 7.0622859 ] ] ] ] } },
{ "type": "Feature", "properties": { "POLYGON_ID": "CIV_GAUL1990_ADM2_74486", "ADM0_ISO3": "CIV", "ADM0_NAME": "Côte d'Ivoire", "ADM0_CODE": 66, "ADM1_NAME": "Issia", "ADM1_CODE": 14905, "ADM2_NAME": "Issia", "ADM2_CODE": 74486, "GEOSET": "GAUL", "GEOSET_YEAR": 1990.0, "GEOSET_VERSION": "GAUL_v1", "GEOSET_UNIT": "ADM2", "CENTROID_LONG": -6.6724529103039787, "CENTROID_LAT": 6.4715495605401951 }, "geometry": { "type": "MultiPolygon", "coordinates": [ [ [ [ -6.3726678, 6.6788421 ], [ -6.39746, 6.6519151 ], [ -6.4430461, 6.4976768 ], [ -6.444272, 6.4333029 ], [ -6.3132172, 6.3418653 ], [ -6.3340707, 6.3116892 ], [ -6.4044428, 6.2976915 ], [ -6.5073581, 6.2615667 ], [ -6.5898022, 6.3204657 ], [ -6.6140175, 6.3000624 ], [ -6.7546469, 6.2822189 ], [ -6.868124, 6.2813631 ], [ -6.9870539, 6.4479177 ], [ -6.951952, 6.4884603 ], [ -6.9999404, 6.5569099 ], [ -7.0209331, 6.5906751 ], [ -6.9859081, 6.6259735 ], [ -6.8622661, 6.6401019 ], [ -6.7124948, 6.6270361 ], [ -6.6479192, 6.6205769 ], [ -6.62115, 6.6659698 ], [ -6.505887, 6.6774778 ], [ -6.432745, 6.688303 ], [ -6.3726678, 6.6788421 ] ] ] ] } },
{ "type": "Feature", "properties": { "POLYGON_ID": "CIV_GAUL1990_ADM2_74487", "ADM0_ISO3": "CIV", "ADM0_NAME": "Côte d'Ivoire", "ADM0_CODE": 66, "ADM1_NAME": "Issia", "ADM1_CODE": 14905, "ADM2_NAME": "Saioua", "ADM2_CODE": 74487, "GEOSET": "GAUL", "GEOSET_YEAR": 1990.0, "GEOSET_VERSION": "GAUL_v1", "GEOSET_UNIT": "ADM2", "CENTROID_LONG": -6.2655689600216338, "CENTROID_LAT": 6.4961303865089661 }, "geometry": { "type": "MultiPolygon", "coordinates": [ [ [ [ -6.1272218, 6.6782658 ], [ -6.1034054, 6.6231025 ], [ -6.1055452, 6.570806 ], [ -6.0377964, 6.5285215 ], [ -6.2143231, 6.3363612 ], [ -6.3132172, 6.3418653 ], [ -6.444272, 6.4333029 ], [ -6.4430461, 6.4976768 ], [ -6.39746, 6.6519151 ], [ -6.3726678, 6.6788421 ], [ -6.2455468, 6.5671721 ], [ -6.1380792, 6.6198621 ], [ -6.1280734, 6.6798071 ], [ -6.1272218, 6.6782658 ] ] ] ] } },
{ "type": "Feature", "properties": { "POLYGON_ID": "CIV_GAUL1990_ADM2_74456", "ADM0_ISO3": "CIV", "ADM0_NAME": "Côte d'Ivoire", "ADM0_CODE": 66, "ADM1_NAME": "Daloa", "ADM1_CODE": 14903, "ADM2_NAME": "Gboguhe", "ADM2_CODE": 74456, "GEOSET": "GAUL", "GEOSET_YEAR": 1990.0, "GEOSET_VERSION": "GAUL_v1", "GEOSET_UNIT": "ADM2", "CENTROID_LONG": -6.595346379766502, "CENTROID_LAT": 6.8065009274827721 }, "geometry": { "type": "MultiPolygon", "coordinates": [ [ [ [ -6.505887, 6.6774778 ], [ -6.62115, 6.6659698 ], [ -6.6479192, 6.6205769 ], [ -6.7124948, 6.6270361 ], [ -6.72474, 6.7094922 ], [ -6.6967821, 6.7590861 ], [ -6.6992831, 6.8037419 ], [ -6.665874, 6.9112682 ], [ -6.6255088, 6.9215641 ], [ -6.6193562, 7.0155301 ], [ -6.5553932, 7.0212579 ], [ -6.485692, 6.9035749 ], [ -6.507133, 6.8190932 ], [ -6.4645929, 6.777585 ], [ -6.505887, 6.6774778 ] ] ] ] } },
{ "type": "Feature", "properties": { "POLYGON_ID": "CIV_GAUL1990_ADM2_74454", "ADM0_ISO3": "CIV", "ADM0_NAME": "Côte d'Ivoire", "ADM0_CODE": 66, "ADM1_NAME": "Daloa", "ADM1_CODE": 14903, "ADM2_NAME": "Bediala", "ADM2_CODE": 74454, "GEOSET": "GAUL", "GEOSET_YEAR": 1990.0, "GEOSET_VERSION": "GAUL_v1", "GEOSET_UNIT": "ADM2", "CENTROID_LONG": -6.2360993868978669, "CENTROID_LAT": 7.1045867883064551 }, "geometry": { "type": "MultiPolygon", "coordinates": [ [ [ [ -5.9355569, 7.170305 ], [ -5.9997492, 7.1619888 ], [ -6.0020876, 7.1260073 ], [ -6.1836581, 7.0132461 ], [ -6.2019867, 6.9935927 ], [ -6.2137184, 6.895639 ], [ -6.1980299, 6.8572503 ], [ -6.2229061, 6.834846 ], [ -6.292284, 6.8770499 ], [ -6.298543, 6.9585762 ], [ -6.376524, 6.9656162 ], [ -6.369534, 7.0204849 ], [ -6.4126072, 7.0567012 ], [ -6.440536, 7.1172199 ], [ -6.4408121, 7.2238698 ], [ -6.3142353, 7.2367732 ], [ -6.2105494, 7.2319689 ], [ -6.1384377, 7.2938094 ], [ -6.1092143, 7.2420239 ], [ -5.9355569, 7.170305 ] ] ] ] } },
{ "type": "Feature", "properties": { "POLYGON_ID": "CIV_GAUL1990_ADM2_74546", "ADM0_ISO3": "CIV", "ADM0_NAME": "Côte d'Ivoire", "ADM0_CODE": 66, "ADM1_NAME": "Sinfra", "ADM1_CODE": 14918, "ADM2_NAME": "Sinfra", "ADM2_CODE": 74546, "GEOSET": "GAUL", "GEOSET_YEAR": 1990.0, "GEOSET_VERSION": "GAUL_v1", "GEOSET_UNIT": "ADM2", "CENTROID_LONG": -5.750252093781488, "CENTROID_LAT": 6.6516736411814739 }, "geometry": { "type": "MultiPolygon", "coordinates": [ [ [ [ -5.4603942, 6.7940325 ], [ -5.4057078, 6.7047779 ], [ -5.4122518, 6.6489506 ], [ -5.4880629, 6.6218768 ], [ -5.5085425, 6.5948149 ], [ -5.6715059, 6.5263642 ], [ -5.7090296, 6.5592285 ], [ -5.7506089, 6.5014552 ], [ -5.9240351, 6.5256598 ], [ -6.0377964, 6.5285215 ], [ -6.1055452, 6.570806 ], [ -6.1034054, 6.6231025 ], [ -6.1272218, 6.6782658 ], [ -6.026196, 6.6615849 ], [ -5.883224, 6.7452521 ], [ -5.7468448, 6.794693 ], [ -5.6969762, 6.8021531 ], [ -5.60323, 6.7748499 ], [ -5.4603942, 6.7940325 ] ] ] ] } },
{ "type": "Feature", "properties": { "POLYGON_ID": "CIV_GAUL1990_ADM2_74432", "ADM0_ISO3": "CIV", "ADM0_NAME": "Côte d'Ivoire", "ADM0_CODE": 66, "ADM1_NAME": "Bouafle", "ADM1_CODE": 14917, "ADM2_NAME": "Bonon", "ADM2_CODE": 74432, "GEOSET": "GAUL", "GEOSET_YEAR": 1990.0, "GEOSET_VERSION": "GAUL_v1", "GEOSET_UNIT": "ADM2", "CENTROID_LONG": -6.0389814995957627, "CENTROID_LAT": 6.8908528640449003 }, "geometry": { "type": "MultiPolygon", "coordinates": [ [ [ [ -5.883224, 6.7452521 ], [ -6.026196, 6.6615849 ], [ -6.1272218, 6.6782658 ], [ -6.1280734, 6.6798071 ], [ -6.1773963, 6.7436712 ], [ -6.1980299, 6.8572503 ], [ -6.2137184, 6.895639 ], [ -6.2019867, 6.9935927 ], [ -6.1836581, 7.0132461 ], [ -6.0020876, 7.1260073 ], [ -5.9997492, 7.1619888 ], [ -5.9355569, 7.170305 ], [ -5.9379721, 7.0901322 ], [ -5.9645329, 7.0451078 ], [ -5.8623471, 6.9753828 ], [ -5.8854742, 6.9405608 ], [ -5.8841519, 6.847002 ], [ -5.899312, 6.7835279 ], [ -5.883224, 6.7452521 ] ] ] ] } },
{ "type": "Feature", "properties": { "POLYGON_ID": "CIV_GAUL1990_ADM2_74433", "ADM0_ISO3": "CIV", "ADM0_NAME": "Côte d'Ivoire", "ADM0_CODE": 66, "ADM1_NAME": "Bouafle", "ADM1_CODE": 14917, "ADM2_NAME": "Bouafle", "ADM2_CODE": 74433, "GEOSET": "GAUL", "GEOSET_YEAR": 1990.0, "GEOSET_VERSION": "GAUL_v1", "GEOSET_UNIT": "ADM2", "CENTROID_LONG": -5.725569524468896, "CENTROID_LAT": 7.0582300808433427 }, "geometry": { "type": "MultiPolygon", "coordinates": [ [ [ [ -5.7353725, 7.4968796 ], [ -5.7162785, 7.4609815 ], [ -5.7344322, 7.4066952 ], [ -5.721076, 7.3291417 ], [ -5.653399, 7.2768277 ], [ -5.6508102, 7.250052 ], [ -5.6744223, 7.2206103 ], [ -5.603456, 7.1867657 ], [ -5.5532488, 7.1416732 ], [ -5.4810466, 7.1336079 ], [ -5.4885025, 7.0539868 ], [ -5.4517594, 7.0401347 ], [ -5.4840136, 7.0279693 ], [ -5.5053387, 6.9309568 ], [ -5.5298467, 6.9130826 ], [ -5.4878659, 6.8100154 ], [ -5.4603942, 6.7940325 ], [ -5.60323, 6.7748499 ], [ -5.6969762, 6.8021531 ], [ -5.7468448, 6.794693 ], [ -5.883224, 6.7452521 ], [ -5.899312, 6.7835279 ], [ -5.8841519, 6.847002 ], [ -5.8854742, 6.9405608 ], [ -5.8623471, 6.9753828 ], [ -5.9645329, 7.0451078 ], [ -5.9379721, 7.0901322 ], [ -5.9355569, 7.170305 ], [ -5.9287028, 7.2395229 ], [ -5.8841362, 7.2734299 ], [ -5.8968682, 7.3090029 ], [ -5.8563542, 7.3139811 ], [ -5.8099518, 7.4212761 ], [ -5.7999301, 7.4834189 ], [ -5.7353725, 7.4968796 ] ] ] ] } },
{ "type": "Feature", "properties": { "POLYGON_ID": "CIV_GAUL1990_ADM2_74576", "ADM0_ISO3": "CIV", "ADM0_NAME": "Côte d'Ivoire", "ADM0_CODE": 66, "ADM1_NAME": "Zuenoula", "ADM1_CODE": 14919, "ADM2_NAME": "Gohitafla", "ADM2_CODE": 74576, "GEOSET": "GAUL", "GEOSET_YEAR": 1990.0, "GEOSET_VERSION": "GAUL_v1", "GEOSET_UNIT": "ADM2", "CENTROID_LONG": -5.8637980445728859, "CENTROID_LAT": 7.5073637303632657 }, "geometry": { "type": "MultiPolygon", "coordinates": [ [ [ [ -5.7258298, 7.5443888 ], [ -5.7353725, 7.4968796 ], [ -5.7999301, 7.4834189 ], [ -5.8099518, 7.4212761 ], [ -5.8563542, 7.3139811 ], [ -5.8968682, 7.3090029 ], [ -5.9160538, 7.3352542 ], [ -6.00105, 7.3805461 ], [ -6.0186062, 7.4613161 ], [ -5.9768968, 7.4698529 ], [ -5.8671789, 7.6244292 ], [ -5.8721696, 7.73518 ], [ -5.7946081, 7.7424676 ], [ -5.7829881, 7.6718157 ], [ -5.7979331, 7.6332906 ], [ -5.7404089, 7.5849319 ], [ -5.7258298, 7.5443888 ] ] ] ] } },
{ "type": "Feature", "properties": { "POLYGON_ID": "CIV_GAUL1990_ADM2_74394", "ADM0_ISO3": "CIV", "ADM0_NAME": "Côte d'Ivoire", "ADM0_CODE": 66, "ADM1_NAME": "Abengourou", "ADM1_CODE": 14920, "ADM2_NAME": "Bettie", "ADM2_CODE": 74394, "GEOSET": "GAUL", "GEOSET_YEAR": 1990.0, "GEOSET_VERSION": "GAUL_v1", "GEOSET_UNIT": "ADM2", "CENTROID_LONG": -3.3236502370798133, "CENTROID_LAT": 6.0924697029729415 }, "geometry": { "type": "MultiPolygon", "coordinates": [ [ [ [ -3.1783823, 6.2449967 ], [ -3.22762, 6.0933386 ], [ -3.2317852, 6.0190045 ], [ -3.273147, 5.9824399 ], [ -3.2549152, 5.9368107 ], [ -3.3210091, 5.905144 ], [ -3.3660007, 5.8932963 ], [ -3.4556509, 5.9102909 ], [ -3.396762, 6.0169028 ], [ -3.4276057, 6.0641135 ], [ -3.4020415, 6.1465963 ], [ -3.4499408, 6.2469848 ], [ -3.242444, 6.25737 ], [ -3.1783823, 6.2449967 ] ] ] ] } },
{ "type": "Feature", "properties": { "POLYGON_ID": "CIV_GAUL1990_ADM2_74395", "ADM0_ISO3": "CIV", "ADM0_NAME": "Côte d'Ivoire", "ADM0_CODE": 66, "ADM1_NAME": "Abengourou", "ADM1_CODE": 14920, "ADM2_NAME": "Niable", "ADM2_CODE": 74395, "GEOSET": "GAUL", "GEOSET_YEAR": 1990.0, "GEOSET_VERSION": "GAUL_v1", "GEOSET_UNIT": "ADM2", "CENTROID_LONG": -3.3086832808618367, "CENTROID_LAT": 6.6720227271554613 }, "geometry": { "type": "MultiPolygon", "coordinates": [ [ [ [ -3.2311901, 6.7749644 ], [ -3.2311024, 6.7746499 ], [ -3.2299627, 6.7705602 ], [ -3.2270888, 6.7661895 ], [ -3.2238275, 6.7612296 ], [ -3.2141984, 6.755545 ], [ -3.1944297, 6.719817 ], [ -3.2523306, 6.6372474 ], [ -3.2328107, 6.6002065 ], [ -3.2235865, 6.4967222 ], [ -3.272676, 6.5376778 ], [ -3.322289, 6.5235138 ], [ -3.374387, 6.5638642 ], [ -3.402462, 6.6182561 ], [ -3.4020009, 6.6918459 ], [ -3.426645, 6.7090411 ], [ -3.3453331, 6.8185391 ], [ -3.2491441, 6.8023052 ], [ -3.2311901, 6.7749644 ] ] ] ] } },
{ "type": "Feature", "properties": { "POLYGON_ID": "CIV_GAUL1990_ADM2_74419", "ADM0_ISO3": "CIV", "ADM0_NAME": "Côte d'Ivoire", "ADM0_CODE": 66, "ADM1_NAME": "Agnibilekrou", "ADM1_CODE": 14921, "ADM2_NAME": "Agnibilekro", "ADM2_CODE": 74419, "GEOSET": "GAUL", "GEOSET_YEAR": 1990.0, "GEOSET_VERSION": "GAUL_v1", "GEOSET_UNIT": "ADM2", "CENTROID_LONG": -3.3527145090876882, "CENTROID_LAT": 7.1030186847318157 }, "geometry": { "type": "MultiPolygon", "coordinates": [ [ [ [ -3.0789646, 7.0562393 ], [ -3.115597, 7.0056157 ], [ -3.1191969, 6.9988954 ], [ -3.1338931, 6.975062 ], [ -3.18252, 6.8962016 ], [ -3.2289402, 6.82092 ], [ -3.2317317, 6.7809344 ], [ -3.2321356, 6.7783571 ], [ -3.2319371, 6.7776448 ], [ -3.2311901, 6.7749644 ], [ -3.2491441, 6.8023052 ], [ -3.3453331, 6.8185391 ], [ -3.3544199, 6.8386769 ], [ -3.334384, 6.9876399 ], [ -3.3825171, 7.0345521 ], [ -3.446063, 7.0154271 ], [ -3.51509, 7.0500822 ], [ -3.5705902, 7.1020812 ], [ -3.6461029, 7.1295742 ], [ -3.6460042, 7.2025253 ], [ -3.5933852, 7.18992 ], [ -3.5956343, 7.2557622 ], [ -3.5371207, 7.3465789 ], [ -3.5152243, 7.3543374 ], [ -3.4389235, 7.3382301 ], [ -3.3779629, 7.2516402 ], [ -3.2500636, 7.3220991 ], [ -3.2469536, 7.2431586 ], [ -3.2231135, 7.1841948 ], [ -3.1340835, 7.1249595 ], [ -3.0789646, 7.0562393 ] ] ] ] } },
{ "type": "Feature", "properties": { "POLYGON_ID": "CIV_GAUL1990_ADM2_74479", "ADM0_ISO3": "CIV", "ADM0_NAME": "Côte d'Ivoire", "ADM0_CODE": 66, "ADM1_NAME": "Gagnoa", "ADM1_CODE": 14904, "ADM2_NAME": "Guiberoua", "ADM2_CODE": 74479, "GEOSET": "GAUL", "GEOSET_YEAR": 1990.0, "GEOSET_VERSION": "GAUL_v1", "GEOSET_UNIT": "ADM2", "CENTROID_LONG": -6.2495547559641729, "CENTROID_LAT": 6.1548559855493794 }, "geometry": { "type": "MultiPolygon", "coordinates": [ [ [ [ -6.2143231, 6.3363612 ], [ -6.1676488, 6.3404541 ], [ -6.0877519, 6.3033729 ], [ -6.0695701, 6.2382088 ], [ -6.1246309, 6.1495428 ], [ -6.1445332, 6.0708852 ], [ -6.1410351, 6.0048451 ], [ -6.2144418, 5.9416838 ], [ -6.2686948, 5.8608253 ], [ -6.2900324, 5.9363973 ], [ -6.3555055, 6.0346226 ], [ -6.3920111, 6.1197776 ], [ -6.4120602, 6.1647772 ], [ -6.4044428, 6.2976915 ], [ -6.3340707, 6.3116892 ], [ -6.3132172, 6.3418653 ], [ -6.2143231, 6.3363612 ] ] ] ] } },
{ "type": "Feature", "properties": { "POLYGON_ID": "CIV_GAUL1990_ADM2_74478", "ADM0_ISO3": "CIV", "ADM0_NAME": "Côte d'Ivoire", "ADM0_CODE": 66, "ADM1_NAME": "Gagnoa", "ADM1_CODE": 14904, "ADM2_NAME": "Gagnoa", "ADM2_CODE": 74478, "GEOSET": "GAUL", "GEOSET_YEAR": 1990.0, "GEOSET_VERSION": "GAUL_v1", "GEOSET_UNIT": "ADM2", "CENTROID_LONG": -6.0020914303492541, "CENTROID_LAT": 5.9802812048234193 }, "geometry": { "type": "MultiPolygon", "coordinates": [ [ [ [ -5.7412079, 6.2045951 ], [ -5.7745828, 6.1610059 ], [ -5.7801774, 6.0402557 ], [ -5.792787, 5.9392986 ], [ -5.8360749, 5.9133785 ], [ -5.9495793, 5.7708726 ], [ -5.96836, 5.7747357 ], [ -6.0275327, 5.6557804 ], [ -6.1165076, 5.7725723 ], [ -6.1888718, 5.7704075 ], [ -6.2235344, 5.6967701 ], [ -6.2202115, 5.7557293 ], [ -6.2686948, 5.8608253 ], [ -6.2144418, 5.9416838 ], [ -6.1410351, 6.0048451 ], [ -6.1445332, 6.0708852 ], [ -6.1246309, 6.1495428 ], [ -6.0695701, 6.2382088 ], [ -5.9994078, 6.25034 ], [ -5.9104862, 6.1779928 ], [ -5.8059602, 6.209044 ], [ -5.7514291, 6.2552061 ], [ -5.7412079, 6.2045951 ] ] ] ] } },
{ "type": "Feature", "properties": { "POLYGON_ID": "CIV_GAUL1990_ADM2_74480", "ADM0_ISO3": "CIV", "ADM0_NAME": "Côte d'Ivoire", "ADM0_CODE": 66, "ADM1_NAME": "Gagnoa", "ADM1_CODE": 14904, "ADM2_NAME": "Ouragahio", "ADM2_CODE": 74480, "GEOSET": "GAUL", "GEOSET_YEAR": 1990.0, "GEOSET_VERSION": "GAUL_v1", "GEOSET_UNIT": "ADM2", "CENTROID_LONG": -5.9381543087158342, "CENTROID_LAT": 6.3682510439220312 }, "geometry": { "type": "MultiPolygon", "coordinates": [ [ [ [ -5.7506089, 6.5014552 ], [ -5.7576418, 6.4089851 ], [ -5.770812, 6.3447442 ], [ -5.7514291, 6.2552061 ], [ -5.8059602, 6.209044 ], [ -5.9104862, 6.1779928 ], [ -5.9994078, 6.25034 ], [ -6.0695701, 6.2382088 ], [ -6.0877519, 6.3033729 ], [ -6.1676488, 6.3404541 ], [ -6.2143231, 6.3363612 ], [ -6.0377964, 6.5285215 ], [ -5.9240351, 6.5256598 ], [ -5.7506089, 6.5014552 ] ] ] ] } },
{ "type": "Feature", "properties": { "POLYGON_ID": "CIV_GAUL1990_ADM2_74531", "ADM0_ISO3": "CIV", "ADM0_NAME": "Côte d'Ivoire", "ADM0_CODE": 66, "ADM1_NAME": "Oume", "ADM1_CODE": 14906, "ADM2_NAME": "Diegonefla", "ADM2_CODE": 74531, "GEOSET": "GAUL", "GEOSET_YEAR": 1990.0, "GEOSET_VERSION": "GAUL_v1", "GEOSET_UNIT": "ADM2", "CENTROID_LONG": -5.6197357814715945, "CENTROID_LAT": 6.2768726218362145 }, "geometry": { "type": "MultiPolygon", "coordinates": [ [ [ [ -5.4479924, 6.1803676 ], [ -5.4481684, 6.1798673 ], [ -5.517235, 6.1539914 ], [ -5.6272244, 6.1579185 ], [ -5.7412079, 6.2045951 ], [ -5.7514291, 6.2552061 ], [ -5.770812, 6.3447442 ], [ -5.7576418, 6.4089851 ], [ -5.6569071, 6.3988752 ], [ -5.5889521, 6.409718 ], [ -5.5608821, 6.3577738 ], [ -5.4958739, 6.3301258 ], [ -5.4845052, 6.2554998 ], [ -5.4488549, 6.2218852 ], [ -5.4479924, 6.1803676 ] ] ] ] } },
{ "type": "Feature", "properties": { "POLYGON_ID": "CIV_GAUL1990_ADM2_74504", "ADM0_ISO3": "CIV", "ADM0_NAME": "Côte d'Ivoire", "ADM0_CODE": 66, "ADM1_NAME": "Lakota", "ADM1_CODE": 14932, "ADM2_NAME": "Lakota", "ADM2_CODE": 74504, "GEOSET": "GAUL", "GEOSET_YEAR": 1990.0, "GEOSET_VERSION": "GAUL_v1", "GEOSET_UNIT": "ADM2", "CENTROID_LONG": -5.7411487434007737, "CENTROID_LAT": 5.7699607367191268 }, "geometry": { "type": "MultiPolygon", "coordinates": [ [ [ [ -5.5234718, 5.7125082 ], [ -5.6001357, 5.5665247 ], [ -5.6181602, 5.5458203 ], [ -5.7428098, 5.6233368 ], [ -5.7890248, 5.5388675 ], [ -5.8166939, 5.5332591 ], [ -5.9134078, 5.5423999 ], [ -5.9785005, 5.5230046 ], [ -6.022522, 5.5744535 ], [ -6.0275327, 5.6557804 ], [ -5.96836, 5.7747357 ], [ -5.9495793, 5.7708726 ], [ -5.8360749, 5.9133785 ], [ -5.792787, 5.9392986 ], [ -5.7801774, 6.0402557 ], [ -5.6478519, 6.01057 ], [ -5.4975271, 6.048377 ], [ -5.4800291, 5.9850478 ], [ -5.513031, 5.945909 ], [ -5.5358329, 5.833992 ], [ -5.5234718, 5.7125082 ] ] ] ] } },
{ "type": "Feature", "properties": { "POLYGON_ID": "CIV_GAUL1990_ADM2_74505", "ADM0_ISO3": "CIV", "ADM0_NAME": "Côte d'Ivoire", "ADM0_CODE": 66, "ADM1_NAME": "Lakota", "ADM1_CODE": 14932, "ADM2_NAME": "Zikisso", "ADM2_CODE": 74505, "GEOSET": "GAUL", "GEOSET_YEAR": 1990.0, "GEOSET_VERSION": "GAUL_v1", "GEOSET_UNIT": "ADM2", "CENTROID_LONG": -5.6507023287076166, "CENTROID_LAT": 6.098262003373768 }, "geometry": { "type": "MultiPolygon", "coordinates": [ [ [ [ -5.517235, 6.1539914 ], [ -5.4975271, 6.048377 ], [ -5.6478519, 6.01057 ], [ -5.7801774, 6.0402557 ], [ -5.7745828, 6.1610059 ], [ -5.7412079, 6.2045951 ], [ -5.6272244, 6.1579185 ], [ -5.517235, 6.1539914 ] ] ] ] } },
{ "type": "Feature", "properties": { "POLYGON_ID": "CIV_GAUL1990_ADM2_74470", "ADM0_ISO3": "CIV", "ADM0_NAME": "Côte d'Ivoire", "ADM0_CODE": 66, "ADM1_NAME": "Divo", "ADM1_CODE": 14931, "ADM2_NAME": "Hire", "ADM2_CODE": 74470, "GEOSET": "GAUL", "GEOSET_YEAR": 1990.0, "GEOSET_VERSION": "GAUL_v1", "GEOSET_UNIT": "ADM2", "CENTROID_LONG": -5.282382510624168, "CENTROID_LAT": 6.1500916866081869 }, "geometry": { "type": "MultiPolygon", "coordinates": [ [ [ [ -5.2407936, 6.2426297 ], [ -5.1425618, 6.1556025 ], [ -5.0715486, 6.1419379 ], [ -5.1577559, 6.05409 ], [ -5.305438, 6.0546961 ], [ -5.3989282, 6.0666528 ], [ -5.4045529, 6.1088681 ], [ -5.4481684, 6.1798673 ], [ -5.4479924, 6.1803676 ], [ -5.4372678, 6.2108481 ], [ -5.3701982, 6.2619789 ], [ -5.30625, 6.269588 ], [ -5.2407936, 6.2426297 ] ] ] ] } },
{ "type": "Feature", "properties": { "POLYGON_ID": "CIV_GAUL1990_ADM2_74467", "ADM0_ISO3": "CIV", "ADM0_NAME": "Côte d'Ivoire", "ADM0_CODE": 66, "ADM1_NAME": "Divo", "ADM1_CODE": 14931, "ADM2_NAME": "Divo", "ADM2_CODE": 74467, "GEOSET": "GAUL", "GEOSET_YEAR": 1990.0, "GEOSET_VERSION": "GAUL_v1", "GEOSET_UNIT": "ADM2", "CENTROID_LONG": -5.241328426918523, "CENTROID_LAT": 5.8884992088766293 }, "geometry": { "type": "MultiPolygon", "coordinates": [ [ [ [ -5.0715486, 6.1419379 ], [ -5.0182804, 6.1316879 ], [ -4.9912194, 6.0891235 ], [ -5.0372153, 6.0367191 ], [ -4.998638, 5.9908131 ], [ -4.9938828, 5.8907366 ], [ -4.9413085, 5.8485907 ], [ -4.9405751, 5.8171121 ], [ -4.975165, 5.7628209 ], [ -4.9395918, 5.6808893 ], [ -5.0044941, 5.6170099 ], [ -5.154542, 5.7209311 ], [ -5.2720842, 5.7188711 ], [ -5.357832, 5.7044311 ], [ -5.5234718, 5.7125082 ], [ -5.5358329, 5.833992 ], [ -5.513031, 5.945909 ], [ -5.4800291, 5.9850478 ], [ -5.4975271, 6.048377 ], [ -5.517235, 6.1539914 ], [ -5.4481684, 6.1798673 ], [ -5.4045529, 6.1088681 ], [ -5.3989282, 6.0666528 ], [ -5.305438, 6.0546961 ], [ -5.1577559, 6.05409 ], [ -5.0715486, 6.1419379 ] ] ] ] } },
{ "type": "Feature", "properties": { "POLYGON_ID": "CIV_GAUL1990_ADM2_74548", "ADM0_ISO3": "CIV", "ADM0_NAME": "Côte d'Ivoire", "ADM0_CODE": 66, "ADM1_NAME": "Soubre", "ADM1_CODE": 14900, "ADM2_NAME": "Grand-Zattry", "ADM2_CODE": 74548, "GEOSET": "GAUL", "GEOSET_YEAR": 1990.0, "GEOSET_VERSION": "GAUL_v1", "GEOSET_UNIT": "ADM2", "CENTROID_LONG": -6.5882875401538614, "CENTROID_LAT": 6.1479155826318479 }, "geometry": { "type": "MultiPolygon", "coordinates": [ [ [ [ -6.4044428, 6.2976915 ], [ -6.4120602, 6.1647772 ], [ -6.3920111, 6.1197776 ], [ -6.546123, 6.0009961 ], [ -6.593255, 5.9821029 ], [ -6.677937, 5.9776702 ], [ -6.6811948, 6.0143561 ], [ -6.7890558, 6.038414 ], [ -6.778059, 6.121459 ], [ -6.7315798, 6.1325269 ], [ -6.7032299, 6.2056069 ], [ -6.7546469, 6.2822189 ], [ -6.6140175, 6.3000624 ], [ -6.5898022, 6.3204657 ], [ -6.5073581, 6.2615667 ], [ -6.4044428, 6.2976915 ] ] ] ] } },
{ "type": "Feature", "properties": { "POLYGON_ID": "CIV_GAUL1990_ADM2_74547", "ADM0_ISO3": "CIV", "ADM0_NAME": "Côte d'Ivoire", "ADM0_CODE": 66, "ADM1_NAME": "Soubre", "ADM1_CODE": 14900, "ADM2_NAME": "Buyo", "ADM2_CODE": 74547, "GEOSET": "GAUL", "GEOSET_YEAR": 1990.0, "GEOSET_VERSION": "GAUL_v1", "GEOSET_UNIT": "ADM2", "CENTROID_LONG": -6.9504474791027144, "CENTROID_LAT": 6.1329146722786119 }, "geometry": { "type": "MultiPolygon", "coordinates": [ [ [ [ -6.7546469, 6.2822189 ], [ -6.7032299, 6.2056069 ], [ -6.7315798, 6.1325269 ], [ -6.778059, 6.121459 ], [ -6.7890558, 6.038414 ], [ -6.6811948, 6.0143561 ], [ -6.677937, 5.9776702 ], [ -6.7422671, 5.9415479 ], [ -6.7537851, 5.8976402 ], [ -6.7152529, 5.8671932 ], [ -6.7012939, 5.8227329 ], [ -7.089786, 5.8199745 ], [ -7.0841231, 6.0578011 ], [ -7.1078005, 6.1531057 ], [ -7.1811519, 6.1825794 ], [ -7.204124, 6.2301133 ], [ -7.1701016, 6.2653342 ], [ -7.1768115, 6.3322667 ], [ -7.1562614, 6.4324274 ], [ -6.9999404, 6.5569099 ], [ -6.951952, 6.4884603 ], [ -6.9870539, 6.4479177 ], [ -6.868124, 6.2813631 ], [ -6.7546469, 6.2822189 ] ] ] ] } },
{ "type": "Feature", "properties": { "POLYGON_ID": "CIV_GAUL1990_ADM2_74550", "ADM0_ISO3": "CIV", "ADM0_NAME": "Côte d'Ivoire", "ADM0_CODE": 66, "ADM1_NAME": "Soubre", "ADM1_CODE": 14900, "ADM2_NAME": "Soubre", "ADM2_CODE": 74550, "GEOSET": "GAUL", "GEOSET_YEAR": 1990.0, "GEOSET_VERSION": "GAUL_v1", "GEOSET_UNIT": "ADM2", "CENTROID_LONG": -6.447759023219124, "CENTROID_LAT": 5.8242237727032355 }, "geometry": { "type": "MultiPolygon", "coordinates": [ [ [ [ -6.2686948, 5.8608253 ], [ -6.2202115, 5.7557293 ], [ -6.2235344, 5.6967701 ], [ -6.1995878, 5.627179 ], [ -6.3050423, 5.6144669 ], [ -6.381609, 5.5538829 ], [ -6.4572882, 5.5576114 ], [ -6.469955, 5.615602 ], [ -6.544631, 5.6638818 ], [ -6.5740032, 5.740366 ], [ -6.6132441, 5.7800369 ], [ -6.7012939, 5.8227329 ], [ -6.7152529, 5.8671932 ], [ -6.7537851, 5.8976402 ], [ -6.7422671, 5.9415479 ], [ -6.677937, 5.9776702 ], [ -6.593255, 5.9821029 ], [ -6.546123, 6.0009961 ], [ -6.3920111, 6.1197776 ], [ -6.3555055, 6.0346226 ], [ -6.2900324, 5.9363973 ], [ -6.2686948, 5.8608253 ] ] ] ] } },
{ "type": "Feature", "properties": { "POLYGON_ID": "CIV_GAUL1990_ADM2_74536", "ADM0_ISO3": "CIV", "ADM0_NAME": "Côte d'Ivoire", "ADM0_CODE": 66, "ADM1_NAME": "Sassandra", "ADM1_CODE": 14899, "ADM2_NAME": "Gueyo", "ADM2_CODE": 74536, "GEOSET": "GAUL", "GEOSET_YEAR": 1990.0, "GEOSET_VERSION": "GAUL_v1", "GEOSET_UNIT": "ADM2", "CENTROID_LONG": -6.101164323401731, "CENTROID_LAT": 5.5555640752798521 }, "geometry": { "type": "MultiPolygon", "coordinates": [ [ [ [ -6.0275327, 5.6557804 ], [ -6.022522, 5.5744535 ], [ -5.9785005, 5.5230046 ], [ -5.9567885, 5.4583949 ], [ -6.0068531, 5.3554639 ], [ -6.0574955, 5.3813021 ], [ -6.1400327, 5.3774497 ], [ -6.1533705, 5.4078202 ], [ -6.2133782, 5.4406129 ], [ -6.1795914, 5.5093771 ], [ -6.198607, 5.5318219 ], [ -6.1995878, 5.627179 ], [ -6.2235344, 5.6967701 ], [ -6.1888718, 5.7704075 ], [ -6.1165076, 5.7725723 ], [ -6.0275327, 5.6557804 ] ] ] ] } },
{ "type": "Feature", "properties": { "POLYGON_ID": "CIV_GAUL1990_ADM2_74535", "ADM0_ISO3": "CIV", "ADM0_NAME": "Côte d'Ivoire", "ADM0_CODE": 66, "ADM1_NAME": "San-pedro", "ADM1_CODE": 14898, "ADM2_NAME": "San-Pedro", "ADM2_CODE": 74535, "GEOSET": "GAUL", "GEOSET_YEAR": 1990.0, "GEOSET_VERSION": "GAUL_v1", "GEOSET_UNIT": "ADM2", "CENTROID_LONG": -6.6805822403975599, "CENTROID_LAT": 5.0894365551209546 }, "geometry": { "type": "MultiPolygon", "coordinates": [ [ [ [ -6.4826142, 5.2815637 ], [ -6.399375, 5.2682789 ], [ -6.3966112, 5.1984822 ], [ -6.3442455, 5.1279103 ], [ -6.3701215, 5.0585971 ], [ -6.3393512, 4.9810667 ], [ -6.403676, 4.9256194 ], [ -6.3357978, 4.9109724 ], [ -6.3012081, 4.8501514 ], [ -6.434836, 4.811402 ], [ -6.447484, 4.793419 ], [ -6.584959, 4.76481 ], [ -6.6397117, 4.7218107 ], [ -6.706652, 4.69438 ], [ -6.7694724, 4.6868544 ], [ -6.7932401, 4.706975 ], [ -6.8015442, 4.7996502 ], [ -6.8653169, 4.9283352 ], [ -6.9009738, 5.2077379 ], [ -7.0020151, 5.211648 ], [ -7.0326409, 5.2624788 ], [ -7.079319, 5.2577028 ], [ -7.0734091, 5.3506141 ], [ -7.0166817, 5.4659506 ], [ -6.9661531, 5.4460553 ], [ -6.9186888, 5.4631387 ], [ -6.8208223, 5.4605645 ], [ -6.77979, 5.4253754 ], [ -6.7283338, 5.4129028 ], [ -6.7186741, 5.3624534 ], [ -6.6596193, 5.3347579 ], [ -6.6595726, 5.2674163 ], [ -6.5547657, 5.3079382 ], [ -6.4826142, 5.2815637 ] ] ] ] } },
{ "type": "Feature", "properties": { "POLYGON_ID": "CIV_GAUL1990_ADM2_74534", "ADM0_ISO3": "CIV", "ADM0_NAME": "Côte d'Ivoire", "ADM0_CODE": 66, "ADM1_NAME": "San-pedro", "ADM1_CODE": 14898, "ADM2_NAME": "Grand-Bereby", "ADM2_CODE": 74534, "GEOSET": "GAUL", "GEOSET_YEAR": 1990.0, "GEOSET_VERSION": "GAUL_v1", "GEOSET_UNIT": "ADM2", "CENTROID_LONG": -7.0174362328938322, "CENTROID_LAT": 4.8417087009858477 }, "geometry": { "type": "MultiPolygon", "coordinates": [ [ [ [ -6.7694724, 4.6868544 ], [ -6.896498, 4.668439 ], [ -6.918147, 4.641836 ], [ -7.055045, 4.538896 ], [ -7.18528, 4.520809 ], [ -7.2064204, 4.5068433 ], [ -7.2760549, 4.6537328 ], [ -7.2651381, 4.707294 ], [ -7.2106791, 4.74052 ], [ -7.121984, 4.7413001 ], [ -7.162272, 4.80761 ], [ -7.1316118, 4.9000111 ], [ -7.084424, 4.9331951 ], [ -7.0949531, 5.0503931 ], [ -7.079319, 5.2577028 ], [ -7.0326409, 5.2624788 ], [ -7.0020151, 5.211648 ], [ -6.9009738, 5.2077379 ], [ -6.8653169, 4.9283352 ], [ -6.8015442, 4.7996502 ], [ -6.7932401, 4.706975 ], [ -6.7694724, 4.6868544 ] ] ] ] } },
{ "type": "Feature", "properties": { "POLYGON_ID": "CIV_GAUL1990_ADM2_74552", "ADM0_ISO3": "CIV", "ADM0_NAME": "Côte d'Ivoire", "ADM0_CODE": 66, "ADM1_NAME": "Tabou", "ADM1_CODE": 14901, "ADM2_NAME": "Tabou", "ADM2_CODE": 74552, "GEOSET": "GAUL", "GEOSET_YEAR": 1990.0, "GEOSET_VERSION": "GAUL_v1", "GEOSET_UNIT": "ADM2", "CENTROID_LONG": -7.415663584227727, "CENTROID_LAT": 4.5919427075667461 }, "geometry": { "type": "MultiPolygon", "coordinates": [ [ [ [ -7.2651381, 4.707294 ], [ -7.2760549, 4.6537328 ], [ -7.2064204, 4.5068433 ], [ -7.25115, 4.46582 ], [ -7.405143, 4.383311 ], [ -7.5231345, 4.3617264 ], [ -7.5574, 4.39348 ], [ -7.54042, 4.43457 ], [ -7.5446041, 4.4376158 ], [ -7.5556, 4.44562 ], [ -7.5578289, 4.4496923 ], [ -7.56011, 4.45386 ], [ -7.5605662, 4.4608956 ], [ -7.5499814, 4.5102141 ], [ -7.56587, 4.57728 ], [ -7.561112, 4.648908 ], [ -7.5645, 4.64925 ], [ -7.56907, 4.65204 ], [ -7.5707536, 4.6565919 ], [ -7.56855, 4.66192 ], [ -7.5649857, 4.6862995 ], [ -7.56309, 4.6904 ], [ -7.5580931, 4.6906352 ], [ -7.55886, 4.77937 ], [ -7.558553, 4.7833241 ], [ -7.5628948, 4.7891745 ], [ -7.397151, 4.8341632 ], [ -7.3378501, 4.7609758 ], [ -7.2651381, 4.707294 ] ] ] ] } },
{ "type": "Feature", "properties": { "POLYGON_ID": "CIV_GAUL1990_ADM2_74468", "ADM0_ISO3": "CIV", "ADM0_NAME": "Côte d'Ivoire", "ADM0_CODE": 66, "ADM1_NAME": "Divo", "ADM1_CODE": 14931, "ADM2_NAME": "Fresco", "ADM2_CODE": 74468, "GEOSET": "GAUL", "GEOSET_YEAR": 1990.0, "GEOSET_VERSION": "GAUL_v1", "GEOSET_UNIT": "ADM2", "CENTROID_LONG": -5.6335281684942426, "CENTROID_LAT": 5.3080713903508654 }, "geometry": { "type": "MultiPolygon", "coordinates": [ [ [ [ -5.6001357, 5.5665247 ], [ -5.5600681, 5.5218423 ], [ -5.4895731, 5.4893694 ], [ -5.4610782, 5.4317103 ], [ -5.4230438, 5.4314377 ], [ -5.398015, 5.3703369 ], [ -5.455789, 5.2992647 ], [ -5.4326377, 5.2666046 ], [ -5.4617205, 5.1972059 ], [ -5.4981938, 5.1732558 ], [ -5.4865016, 5.0922072 ], [ -5.8569244, 5.0334996 ], [ -5.8626342, 5.152421 ], [ -5.759531, 5.1997738 ], [ -5.7020621, 5.2076612 ], [ -5.8166939, 5.5332591 ], [ -5.7890248, 5.5388675 ], [ -5.7428098, 5.6233368 ], [ -5.6181602, 5.5458203 ], [ -5.6001357, 5.5665247 ] ] ] ] } },
{ "type": "Feature", "properties": { "POLYGON_ID": "CIV_GAUL1990_ADM2_74397", "ADM0_ISO3": "CIV", "ADM0_NAME": "Côte d'Ivoire", "ADM0_CODE": 66, "ADM1_NAME": "Abidjan", "ADM1_CODE": 74380, "ADM2_NAME": "Alepe", "ADM2_CODE": 74397, "GEOSET": "GAUL", "GEOSET_YEAR": 1990.0, "GEOSET_VERSION": "GAUL_v1", "GEOSET_UNIT": "ADM2", "CENTROID_LONG": -3.6920388063318255, "CENTROID_LAT": 5.6273444340997809 }, "geometry": { "type": "MultiPolygon", "coordinates": [ [ [ [ -3.4320597, 5.7771265 ], [ -3.4344352, 5.6468842 ], [ -3.437301, 5.6021623 ], [ -3.5484054, 5.5662652 ], [ -3.5721409, 5.5428487 ], [ -3.5853196, 5.3717254 ], [ -3.6254078, 5.2970455 ], [ -3.61569, 5.268422 ], [ -3.7154131, 5.2312857 ], [ -3.7163341, 5.2979285 ], [ -3.7682427, 5.3391259 ], [ -3.7646807, 5.3688398 ], [ -3.8284311, 5.3803776 ], [ -3.8161877, 5.426482 ], [ -3.8471309, 5.5020571 ], [ -3.8736851, 5.500797 ], [ -3.9400555, 5.5895857 ], [ -3.9498436, 5.7428184 ], [ -3.892616, 5.8196192 ], [ -3.8455069, 5.8152852 ], [ -3.7300041, 5.917634 ], [ -3.677983, 5.8792801 ], [ -3.5803001, 5.8769689 ], [ -3.4520891, 5.851181 ], [ -3.459599, 5.79459 ], [ -3.4320597, 5.7771265 ] ] ] ] } },
{ "type": "Feature", "properties": { "POLYGON_ID": "CIV_GAUL1990_ADM2_74413", "ADM0_ISO3": "CIV", "ADM0_NAME": "Côte d'Ivoire", "ADM0_CODE": 66, "ADM1_NAME": "Adzope", "ADM1_CODE": 14896, "ADM2_NAME": "Agou", "ADM2_CODE": 74413, "GEOSET": "GAUL", "GEOSET_YEAR": 1990.0, "GEOSET_VERSION": "GAUL_v1", "GEOSET_UNIT": "ADM2", "CENTROID_LONG": -3.966034413944183, "CENTROID_LAT": 5.9035552253365493 }, "geometry": { "type": "MultiPolygon", "coordinates": [ [ [ [ -3.892616, 5.8196192 ], [ -3.9498436, 5.7428184 ], [ -3.9881693, 5.7456489 ], [ -4.0009984, 5.8008707 ], [ -4.0767448, 5.8508526 ], [ -4.0795564, 5.9507272 ], [ -4.00508, 6.0468673 ], [ -3.9106619, 6.0194802 ], [ -3.8470039, 5.9329491 ], [ -3.8494239, 5.8756289 ], [ -3.892616, 5.8196192 ] ] ] ] } },
{ "type": "Feature", "properties": { "POLYGON_ID": "CIV_GAUL1990_ADM2_74414", "ADM0_ISO3": "CIV", "ADM0_NAME": "Côte d'Ivoire", "ADM0_CODE": 66, "ADM1_NAME": "Adzope", "ADM1_CODE": 14896, "ADM2_NAME": "Akoupe", "ADM2_CODE": 74414, "GEOSET": "GAUL", "GEOSET_YEAR": 1990.0, "GEOSET_VERSION": "GAUL_v1", "GEOSET_UNIT": "ADM2", "CENTROID_LONG": -3.8346482182018287, "CENTROID_LAT": 6.4659196208468774 }, "geometry": { "type": "MultiPolygon", "coordinates": [ [ [ [ -3.6450543, 6.4427829 ], [ -3.648371, 6.4295669 ], [ -3.729661, 6.3832102 ], [ -3.8351231, 6.304285 ], [ -3.904496, 6.3285708 ], [ -4.0015512, 6.3990092 ], [ -4.0740198, 6.4897755 ], [ -4.0068164, 6.5356839 ], [ -3.8988268, 6.5519306 ], [ -3.846711, 6.5355892 ], [ -3.7719546, 6.6165949 ], [ -3.6868192, 6.6415648 ], [ -3.6937249, 6.58665 ], [ -3.6647914, 6.5699174 ], [ -3.6450543, 6.4427829 ] ] ] ] } },
{ "type": "Feature", "properties": { "POLYGON_ID": "CIV_GAUL1990_ADM2_74412", "ADM0_ISO3": "CIV", "ADM0_NAME": "Côte d'Ivoire", "ADM0_CODE": 66, "ADM1_NAME": "Adzope", "ADM1_CODE": 14896, "ADM2_NAME": "Affery", "ADM2_CODE": 74412, "GEOSET": "GAUL", "GEOSET_YEAR": 1990.0, "GEOSET_VERSION": "GAUL_v1", "GEOSET_UNIT": "ADM2", "CENTROID_LONG": -4.0279311838133278, "CENTROID_LAT": 6.3242296923346366 }, "geometry": { "type": "MultiPolygon", "coordinates": [ [ [ [ -4.0740198, 6.4897755 ], [ -4.0015512, 6.3990092 ], [ -3.904496, 6.3285708 ], [ -3.8351231, 6.304285 ], [ -3.8809161, 6.247426 ], [ -4.0247904, 6.1791525 ], [ -4.1154105, 6.26176 ], [ -4.1623782, 6.3360102 ], [ -4.1395832, 6.4669908 ], [ -4.0740198, 6.4897755 ] ] ] ] } },
{ "type": "Feature", "properties": { "POLYGON_ID": "CIV_GAUL1990_ADM2_74415", "ADM0_ISO3": "CIV", "ADM0_NAME": "Côte d'Ivoire", "ADM0_CODE": 66, "ADM1_NAME": "Adzope", "ADM1_CODE": 14896, "ADM2_NAME": "Yakasse-Attobrou", "ADM2_CODE": 74415, "GEOSET": "GAUL", "GEOSET_YEAR": 1990.0, "GEOSET_VERSION": "GAUL_v1", "GEOSET_UNIT": "ADM2", "CENTROID_LONG": -3.5721473291696659, "CENTROID_LAT": 6.1825369515329083 }, "geometry": { "type": "MultiPolygon", "coordinates": [ [ [ [ -3.4499408, 6.2469848 ], [ -3.4020415, 6.1465963 ], [ -3.4276057, 6.0641135 ], [ -3.5093589, 6.0795779 ], [ -3.569535, 6.0000682 ], [ -3.6078999, 5.9873242 ], [ -3.7004731, 6.0222621 ], [ -3.697803, 6.091207 ], [ -3.717011, 6.1526942 ], [ -3.6871121, 6.237164 ], [ -3.6214361, 6.3226891 ], [ -3.648371, 6.4295669 ], [ -3.6450543, 6.4427829 ], [ -3.5492957, 6.3786864 ], [ -3.4499408, 6.2469848 ] ] ] ] } },
{ "type": "Feature", "properties": { "POLYGON_ID": "CIV_GAUL1990_ADM2_74560", "ADM0_ISO3": "CIV", "ADM0_NAME": "Côte d'Ivoire", "ADM0_CODE": 66, "ADM1_NAME": "Tiassale", "ADM1_CODE": 14916, "ADM2_NAME": "Taabo", "ADM2_CODE": 74560, "GEOSET": "GAUL", "GEOSET_YEAR": 1990.0, "GEOSET_VERSION": "GAUL_v1", "GEOSET_UNIT": "ADM2", "CENTROID_LONG": -4.9867541551109804, "CENTROID_LAT": 6.1707201947824482 }, "geometry": { "type": "MultiPolygon", "coordinates": [ [ [ [ -5.0495232, 6.2952389 ], [ -5.036694, 6.236255 ], [ -4.9317164, 6.2614616 ], [ -4.8294598, 6.2378987 ], [ -4.7944808, 6.1655841 ], [ -4.7466378, 6.1418629 ], [ -4.7734489, 6.0755482 ], [ -4.8613768, 5.997684 ], [ -4.9025068, 6.0014148 ], [ -4.9315038, 6.0417452 ], [ -4.998638, 5.9908131 ], [ -5.0372153, 6.0367191 ], [ -4.9912194, 6.0891235 ], [ -5.0182804, 6.1316879 ], [ -5.0715486, 6.1419379 ], [ -5.1425618, 6.1556025 ], [ -5.2407936, 6.2426297 ], [ -5.2034605, 6.3714049 ], [ -5.1811399, 6.3688351 ], [ -5.0908333, 6.2855623 ], [ -5.0495232, 6.2952389 ] ] ] ] } },
{ "type": "Feature", "properties": { "POLYGON_ID": "CIV_GAUL1990_ADM2_74561", "ADM0_ISO3": "CIV", "ADM0_NAME": "Côte d'Ivoire", "ADM0_CODE": 66, "ADM1_NAME": "Tiassale", "ADM1_CODE": 14916, "ADM2_NAME": "Tiassale", "ADM2_CODE": 74561, "GEOSET": "GAUL", "GEOSET_YEAR": 1990.0, "GEOSET_VERSION": "GAUL_v1", "GEOSET_UNIT": "ADM2", "CENTROID_LONG": -4.7257256348072314, "CENTROID_LAT": 5.9604517484373654 }, "geometry": { "type": "MultiPolygon", "coordinates": [ [ [ [ -4.6844803, 6.2723606 ], [ -4.5782863, 6.2550263 ], [ -4.4996299, 6.2426797 ], [ -4.4273294, 6.2582288 ], [ -4.5272279, 6.0455961 ], [ -4.6304569, 5.891129 ], [ -4.6214561, 5.8331862 ], [ -4.6486678, 5.7616849 ], [ -4.6903172, 5.587039 ], [ -4.7062846, 5.5569843 ], [ -4.7019993, 5.5967426 ], [ -4.8357884, 5.5619269 ], [ -4.8314963, 5.6169323 ], [ -4.7902137, 5.6703676 ], [ -4.8434683, 5.7533139 ], [ -4.9275641, 5.7769304 ], [ -4.9405751, 5.8171121 ], [ -4.9413085, 5.8485907 ], [ -4.9938828, 5.8907366 ], [ -4.998638, 5.9908131 ], [ -4.9315038, 6.0417452 ], [ -4.9025068, 6.0014148 ], [ -4.8613768, 5.997684 ], [ -4.7734489, 6.0755482 ], [ -4.7466378, 6.1418629 ], [ -4.7944808, 6.1655841 ], [ -4.8294598, 6.2378987 ], [ -4.7321821, 6.2498462 ], [ -4.6844803, 6.2723606 ] ] ] ] } },
{ "type": "Feature", "properties": { "POLYGON_ID": "CIV_GAUL1990_ADM2_74404", "ADM0_ISO3": "CIV", "ADM0_NAME": "Côte d'Ivoire", "ADM0_CODE": 66, "ADM1_NAME": "Abidjan", "ADM1_CODE": 74380, "ADM2_NAME": "Sikensi", "ADM2_CODE": 74404, "GEOSET": "GAUL", "GEOSET_YEAR": 1990.0, "GEOSET_VERSION": "GAUL_v1", "GEOSET_UNIT": "ADM2", "CENTROID_LONG": -4.5535917134991006, "CENTROID_LAT": 5.6563475869691375 }, "geometry": { "type": "MultiPolygon", "coordinates": [ [ [ [ -4.3970061, 5.5983827 ], [ -4.46111, 5.5341345 ], [ -4.5497771, 5.5334735 ], [ -4.7062846, 5.5569843 ], [ -4.6903172, 5.587039 ], [ -4.6486678, 5.7616849 ], [ -4.6214561, 5.8331862 ], [ -4.616992, 5.8122258 ], [ -4.4688702, 5.7572951 ], [ -4.40343, 5.708457 ], [ -4.4568911, 5.6526818 ], [ -4.3970061, 5.5983827 ] ] ] ] } },
{ "type": "Feature", "properties": { "POLYGON_ID": "CIV_GAUL1990_ADM2_74417", "ADM0_ISO3": "CIV", "ADM0_NAME": "Côte d'Ivoire", "ADM0_CODE": 66, "ADM1_NAME": "Agboville", "ADM1_CODE": 14897, "ADM2_NAME": "Azaguie", "ADM2_CODE": 74417, "GEOSET": "GAUL", "GEOSET_YEAR": 1990.0, "GEOSET_VERSION": "GAUL_v1", "GEOSET_UNIT": "ADM2", "CENTROID_LONG": -4.1187421518901308, "CENTROID_LAT": 5.709152293480714 }, "geometry": { "type": "MultiPolygon", "coordinates": [ [ [ [ -4.0767448, 5.8508526 ], [ -4.0009984, 5.8008707 ], [ -3.9881693, 5.7456489 ], [ -3.9498436, 5.7428184 ], [ -3.9400555, 5.5895857 ], [ -4.1025163, 5.5765595 ], [ -4.1458849, 5.5990785 ], [ -4.2573023, 5.5970956 ], [ -4.2925768, 5.7514682 ], [ -4.267664, 5.8385811 ], [ -4.1749821, 5.8372178 ], [ -4.0767448, 5.8508526 ] ] ] ] } },
{ "type": "Feature", "properties": { "POLYGON_ID": "CIV_GAUL1990_ADM2_74418", "ADM0_ISO3": "CIV", "ADM0_NAME": "Côte d'Ivoire", "ADM0_CODE": 66, "ADM1_NAME": "Agboville", "ADM1_CODE": 14897, "ADM2_NAME": "Rubino", "ADM2_CODE": 74418, "GEOSET": "GAUL", "GEOSET_YEAR": 1990.0, "GEOSET_VERSION": "GAUL_v1", "GEOSET_UNIT": "ADM2", "CENTROID_LONG": -4.3421407701794976, "CENTROID_LAT": 6.1012388773259056 }, "geometry": { "type": "MultiPolygon", "coordinates": [ [ [ [ -4.1495836, 6.2380626 ], [ -4.156281, 6.1677518 ], [ -4.1876092, 6.1145191 ], [ -4.1856942, 6.0654821 ], [ -4.214602, 5.9879851 ], [ -4.283576, 5.9606748 ], [ -4.3977418, 5.942627 ], [ -4.453402, 5.9563761 ], [ -4.5199599, 6.009099 ], [ -4.5272279, 6.0455961 ], [ -4.4273294, 6.2582288 ], [ -4.2771301, 6.2651891 ], [ -4.2366394, 6.1869378 ], [ -4.1495836, 6.2380626 ] ] ] ] } },
{ "type": "Feature", "properties": { "POLYGON_ID": "CIV_GAUL1990_ADM2_74401", "ADM0_ISO3": "CIV", "ADM0_NAME": "Côte d'Ivoire", "ADM0_CODE": 66, "ADM1_NAME": "Abidjan", "ADM1_CODE": 74380, "ADM2_NAME": "Dabou", "ADM2_CODE": 74401, "GEOSET": "GAUL", "GEOSET_YEAR": 1990.0, "GEOSET_VERSION": "GAUL_v1", "GEOSET_UNIT": "ADM2", "CENTROID_LONG": -4.5389654350074196, "CENTROID_LAT": 5.3982069325485691 }, "geometry": { "type": "MultiPolygon", "coordinates": [ [ [ [ -4.46111, 5.5341345 ], [ -4.3872442, 5.5269643 ], [ -4.3015632, 5.4848477 ], [ -4.2889858, 5.4296475 ], [ -4.3062874, 5.3932873 ], [ -4.2946592, 5.3071464 ], [ -4.3454938, 5.2786279 ], [ -4.4571171, 5.27496 ], [ -4.5078158, 5.2589221 ], [ -4.6049638, 5.2675042 ], [ -4.6754689, 5.2318401 ], [ -4.7866468, 5.3284211 ], [ -4.7374768, 5.4982729 ], [ -4.7062846, 5.5569843 ], [ -4.5497771, 5.5334735 ], [ -4.46111, 5.5341345 ] ] ] ] } },
{ "type": "Feature", "properties": { "POLYGON_ID": "CIV_GAUL1990_ADM2_74403", "ADM0_ISO3": "CIV", "ADM0_NAME": "Côte d'Ivoire", "ADM0_CODE": 66, "ADM1_NAME": "Abidjan", "ADM1_CODE": 74380, "ADM2_NAME": "Jacqueville", "ADM2_CODE": 74403, "GEOSET": "GAUL", "GEOSET_YEAR": 1990.0, "GEOSET_VERSION": "GAUL_v1", "GEOSET_UNIT": "ADM2", "CENTROID_LONG": -4.5449469560765685, "CENTROID_LAT": 5.2308263470302849 }, "geometry": { "type": "MultiPolygon", "coordinates": [ [ [ [ -4.2946592, 5.3071464 ], [ -4.2735614, 5.2755071 ], [ -4.2258879, 5.2800346 ], [ -4.2142792, 5.2204683 ], [ -4.522357, 5.189286 ], [ -4.7907484, 5.1517307 ], [ -4.8106661, 5.2456288 ], [ -4.7866468, 5.3284211 ], [ -4.6754689, 5.2318401 ], [ -4.6049638, 5.2675042 ], [ -4.5078158, 5.2589221 ], [ -4.4571171, 5.27496 ], [ -4.3454938, 5.2786279 ], [ -4.2946592, 5.3071464 ] ] ] ] } },
{ "type": "Feature", "properties": { "POLYGON_ID": "CIV_GAUL1990_ADM2_74398", "ADM0_ISO3": "CIV", "ADM0_NAME": "Côte d'Ivoire", "ADM0_CODE": 66, "ADM1_NAME": "Abidjan", "ADM1_CODE": 74380, "ADM2_NAME": "Anyama", "ADM2_CODE": 74398, "GEOSET": "GAUL", "GEOSET_YEAR": 1990.0, "GEOSET_VERSION": "GAUL_v1", "GEOSET_UNIT": "ADM2", "CENTROID_LONG": -4.1172873434450725, "CENTROID_LAT": 5.5151515897446384 }, "geometry": { "type": "MultiPolygon", "coordinates": [ [ [ [ -3.9400555, 5.5895857 ], [ -3.8736851, 5.500797 ], [ -3.8471309, 5.5020571 ], [ -3.8161877, 5.426482 ], [ -3.8284311, 5.3803776 ], [ -3.9200301, 5.425395 ], [ -4.0025668, 5.4761949 ], [ -4.171319, 5.449616 ], [ -4.2889858, 5.4296475 ], [ -4.3015632, 5.4848477 ], [ -4.3872442, 5.5269643 ], [ -4.46111, 5.5341345 ], [ -4.3970061, 5.5983827 ], [ -4.361622, 5.5812041 ], [ -4.2573023, 5.5970956 ], [ -4.1458849, 5.5990785 ], [ -4.1025163, 5.5765595 ], [ -3.9400555, 5.5895857 ] ] ] ] } },
{ "type": "Feature", "properties": { "POLYGON_ID": "CIV_GAUL1990_ADM2_74399", "ADM0_ISO3": "CIV", "ADM0_NAME": "Côte d'Ivoire", "ADM0_CODE": 66, "ADM1_NAME": "Abidjan", "ADM1_CODE": 74380, "ADM2_NAME": "Bingerville", "ADM2_CODE": 74399, "GEOSET": "GAUL", "GEOSET_YEAR": 1990.0, "GEOSET_VERSION": "GAUL_v1", "GEOSET_UNIT": "ADM2", "CENTROID_LONG": -3.8423303986886386, "CENTROID_LAT": 5.3430364058989808 }, "geometry": { "type": "MultiPolygon", "coordinates": [ [ [ [ -3.8284311, 5.3803776 ], [ -3.7646807, 5.3688398 ], [ -3.7682427, 5.3391259 ], [ -3.7163341, 5.2979285 ], [ -3.8066239, 5.28394 ], [ -3.9311521, 5.320971 ], [ -3.9200301, 5.425395 ], [ -3.8284311, 5.3803776 ] ] ] ] } },
{ "type": "Feature", "properties": { "POLYGON_ID": "CIV_GAUL1990_ADM2_74405", "ADM0_ISO3": "CIV", "ADM0_NAME": "Côte d'Ivoire", "ADM0_CODE": 66, "ADM1_NAME": "Abidjan", "ADM1_CODE": 74380, "ADM2_NAME": "Songon", "ADM2_CODE": 74405, "GEOSET": "GAUL", "GEOSET_YEAR": 1990.0, "GEOSET_VERSION": "GAUL_v1", "GEOSET_UNIT": "ADM2", "CENTROID_LONG": -4.2054602155757435, "CENTROID_LAT": 5.3392262002982092 }, "geometry": { "type": "MultiPolygon", "coordinates": [ [ [ [ -4.1116659, 5.2340539 ], [ -4.2142792, 5.2204683 ], [ -4.2258879, 5.2800346 ], [ -4.2735614, 5.2755071 ], [ -4.2946592, 5.3071464 ], [ -4.3062874, 5.3932873 ], [ -4.2889858, 5.4296475 ], [ -4.171319, 5.449616 ], [ -4.133152, 5.3975401 ], [ -4.1116659, 5.2340539 ] ] ] ] } },
{ "type": "Feature", "properties": { "POLYGON_ID": "CIV_GAUL1990_ADM2_74402", "ADM0_ISO3": "CIV", "ADM0_NAME": "Côte d'Ivoire", "ADM0_CODE": 66, "ADM1_NAME": "Aboisso", "ADM1_CODE": 74381, "ADM2_NAME": "Grand-Bassam", "ADM2_CODE": 74402, "GEOSET": "GAUL", "GEOSET_YEAR": 1990.0, "GEOSET_VERSION": "GAUL_v1", "GEOSET_UNIT": "ADM2", "CENTROID_LONG": -3.7626223989826291, "CENTROID_LAT": 5.2402039761636567 }, "geometry": { "type": "MultiPolygon", "coordinates": [ [ [ [ -3.7154131, 5.2312857 ], [ -3.6634619, 5.1827798 ], [ -3.795769, 5.205314 ], [ -3.8516742, 5.2250463 ], [ -3.8066239, 5.28394 ], [ -3.7163341, 5.2979285 ], [ -3.7154131, 5.2312857 ] ] ] ] } },
{ "type": "Feature", "properties": { "POLYGON_ID": "CIV_GAUL1990_ADM2_74410", "ADM0_ISO3": "CIV", "ADM0_NAME": "Côte d'Ivoire", "ADM0_CODE": 66, "ADM1_NAME": "Aboisso", "ADM1_CODE": 74381, "ADM2_NAME": "Tiapoum", "ADM2_CODE": 74410, "GEOSET": "GAUL", "GEOSET_YEAR": 1990.0, "GEOSET_VERSION": "GAUL_v1", "GEOSET_UNIT": "ADM2", "CENTROID_LONG": -2.9302705770083519, "CENTROID_LAT": 5.2182554113833932 }, "geometry": { "type": "MultiPolygon", "coordinates": [ [ [ [ -3.1972246, 5.1094193 ], [ -3.167465, 5.2010751 ], [ -3.1276729, 5.2775049 ], [ -3.0407751, 5.2623138 ], [ -2.8833239, 5.2660532 ], [ -2.8834341, 5.4057999 ], [ -2.7343942, 5.4084526 ], [ -2.7244573, 5.3883596 ], [ -2.7248036, 5.3427344 ], [ -2.7686373, 5.357443 ], [ -2.769767, 5.3522089 ], [ -2.7766204, 5.3469747 ], [ -2.7759802, 5.3423807 ], [ -2.7744161, 5.3378112 ], [ -2.7740598, 5.33677 ], [ -2.7720084, 5.3304025 ], [ -2.7657864, 5.3178803 ], [ -2.7671053, 5.3097561 ], [ -2.7695352, 5.2947885 ], [ -2.7721126, 5.2933046 ], [ -2.7853281, 5.2860962 ], [ -2.7822917, 5.2786476 ], [ -2.7744032, 5.268305 ], [ -2.7751644, 5.2671231 ], [ -2.7757911, 5.26615 ], [ -2.773204, 5.2609493 ], [ -2.7714748, 5.2586311 ], [ -2.7638112, 5.2552658 ], [ -2.7528539, 5.2501524 ], [ -2.7546903, 5.2471139 ], [ -2.7602318, 5.2511386 ], [ -2.7541688, 5.2429936 ], [ -2.7575557, 5.2425703 ], [ -2.758574, 5.2425666 ], [ -2.7592456, 5.2462078 ], [ -2.7619119, 5.2463539 ], [ -2.7654182, 5.2359445 ], [ -2.7589304, 5.2360818 ], [ -2.7565428, 5.2310867 ], [ -2.757593, 5.22854 ], [ -2.7580038, 5.2275439 ], [ -2.7571423, 5.2188575 ], [ -2.7598817, 5.218887 ], [ -2.764286, 5.2176458 ], [ -2.7629711, 5.2141029 ], [ -2.7620055, 5.2120168 ], [ -2.7607294, 5.2092597 ], [ -2.7570542, 5.2013194 ], [ -2.7476674, 5.2023786 ], [ -2.749311, 5.1955851 ], [ -2.7451473, 5.18492 ], [ -2.7408009, 5.1765925 ], [ -2.7428639, 5.1720704 ], [ -2.7453664, 5.1665848 ], [ -2.7415241, 5.1631109 ], [ -2.7409813, 5.1593424 ], [ -2.7416775, 5.1575633 ], [ -2.7403399, 5.1545157 ], [ -2.7233423, 5.1411639 ], [ -2.7246206, 5.1378402 ], [ -2.7264597, 5.1336182 ], [ -2.7272138, 5.1318867 ], [ -2.7313871, 5.1293307 ], [ -2.7367147, 5.1299998 ], [ -2.7393603, 5.1263288 ], [ -2.7399112, 5.1215252 ], [ -2.7372846, 5.1195924 ], [ -2.7389696, 5.1167428 ], [ -2.755849, 5.1123226 ], [ -2.7545063, 5.1083921 ], [ -2.7569099, 5.1020981 ], [ -2.784482, 5.1106948 ], [ -2.7861496, 5.1105231 ], [ -2.7903995, 5.1073661 ], [ -2.8025465, 5.1079781 ], [ -2.8067909, 5.1075992 ], [ -2.8078368, 5.1074755 ], [ -2.8113999, 5.107054 ], [ -2.8147094, 5.1064283 ], [ -2.8172974, 5.105939 ], [ -2.8405579, 5.1155931 ], [ -2.8382017, 5.1105303 ], [ -2.8382808, 5.1100283 ], [ -2.8434846, 5.1082938 ], [ -2.890287, 5.127279 ], [ -2.8915018, 5.119808 ], [ -2.9426592, 5.1139207 ], [ -2.9347771, 5.1084097 ], [ -2.9311144, 5.0984168 ], [ -2.9308933, 5.0977312 ], [ -2.9789557, 5.0900723 ], [ -3.0231767, 5.1209647 ], [ -3.106303, 5.114508 ], [ -3.106204, 5.109557 ], [ -3.1058301, 5.0908636 ], [ -3.1972246, 5.1094193 ] ] ] ] } },
{ "type": "Feature", "properties": { "POLYGON_ID": "CIV_GAUL1990_ADM2_74409", "ADM0_ISO3": "CIV", "ADM0_NAME": "Côte d'Ivoire", "ADM0_CODE": 66, "ADM1_NAME": "Aboisso", "ADM1_CODE": 74381, "ADM2_NAME": "Mafere", "ADM2_CODE": 74409, "GEOSET": "GAUL", "GEOSET_YEAR": 1990.0, "GEOSET_VERSION": "GAUL_v1", "GEOSET_UNIT": "ADM2", "CENTROID_LONG": -2.9507920806428238, "CENTROID_LAT": 5.4615774467542728 }, "geometry": { "type": "MultiPolygon", "coordinates": [ [ [ [ -2.7343942, 5.4084526 ], [ -2.8834341, 5.4057999 ], [ -2.8833239, 5.2660532 ], [ -3.0407751, 5.2623138 ], [ -3.1276729, 5.2775049 ], [ -3.1880779, 5.2883048 ], [ -3.1224141, 5.3991508 ], [ -3.099334, 5.413218 ], [ -3.0472879, 5.5245862 ], [ -3.0420711, 5.616601 ], [ -3.0269212, 5.7100441 ], [ -3.0269578, 5.709356 ], [ -3.0255221, 5.7094851 ], [ -2.9535327, 5.715956 ], [ -2.9659078, 5.6408809 ], [ -2.9648065, 5.6387155 ], [ -2.9554545, 5.6331403 ], [ -2.9457428, 5.6331403 ], [ -2.9363909, 5.6214504 ], [ -2.9363909, 5.6167744 ], [ -2.887293, 5.6324209 ], [ -2.8801208, 5.6373384 ], [ -2.8797048, 5.6376235 ], [ -2.8739999, 5.6411342 ], [ -2.8699877, 5.6408208 ], [ -2.8635973, 5.6486894 ], [ -2.8590521, 5.6510338 ], [ -2.8578256, 5.6516664 ], [ -2.8484219, 5.6472153 ], [ -2.7940686, 5.6231419 ], [ -2.7909967, 5.6281572 ], [ -2.7595065, 5.5968861 ], [ -2.7632668, 5.5914807 ], [ -2.7650458, 5.5296527 ], [ -2.7477555, 5.4354699 ], [ -2.7343942, 5.4084526 ] ] ] ] } },
{ "type": "Feature", "properties": { "POLYGON_ID": "CIV_GAUL1990_ADM2_74407", "ADM0_ISO3": "CIV", "ADM0_NAME": "Côte d'Ivoire", "ADM0_CODE": 66, "ADM1_NAME": "Aboisso", "ADM1_CODE": 74381, "ADM2_NAME": "Adiake", "ADM2_CODE": 74407, "GEOSET": "GAUL", "GEOSET_YEAR": 1990.0, "GEOSET_VERSION": "GAUL_v1", "GEOSET_UNIT": "ADM2", "CENTROID_LONG": -3.3097694844420102, "CENTROID_LAT": 5.2255423583112979 }, "geometry": { "type": "MultiPolygon", "coordinates": [ [ [ [ -3.440006, 5.3397932 ], [ -3.334878, 5.3365479 ], [ -3.1880779, 5.2883048 ], [ -3.1276729, 5.2775049 ], [ -3.167465, 5.2010751 ], [ -3.1972246, 5.1094193 ], [ -3.416677, 5.150247 ], [ -3.5492873, 5.1680331 ], [ -3.4527421, 5.2159581 ], [ -3.3805079, 5.18611 ], [ -3.397814, 5.2775488 ], [ -3.4640009, 5.2796421 ], [ -3.440006, 5.3397932 ] ] ] ] } },
{ "type": "Feature", "properties": { "POLYGON_ID": "CIV_GAUL1990_ADM2_74408", "ADM0_ISO3": "CIV", "ADM0_NAME": "Côte d'Ivoire", "ADM0_CODE": 66, "ADM1_NAME": "Aboisso", "ADM1_CODE": 74381, "ADM2_NAME": "Ayame", "ADM2_CODE": 74408, "GEOSET": "GAUL", "GEOSET_YEAR": 1990.0, "GEOSET_VERSION": "GAUL_v1", "GEOSET_UNIT": "ADM2", "CENTROID_LONG": -3.1985372658873223, "CENTROID_LAT": 5.8350656963579812 }, "geometry": { "type": "MultiPolygon", "coordinates": [ [ [ [ -3.0269212, 5.7100441 ], [ -3.0420711, 5.616601 ], [ -3.07866, 5.5780149 ], [ -3.1875701, 5.5935922 ], [ -3.4344352, 5.6468842 ], [ -3.4320597, 5.7771265 ], [ -3.4019816, 5.7964802 ], [ -3.3960578, 5.8495845 ], [ -3.3210091, 5.905144 ], [ -3.2549152, 5.9368107 ], [ -3.273147, 5.9824399 ], [ -3.2317852, 6.0190045 ], [ -3.22762, 6.0933386 ], [ -3.1783823, 6.2449967 ], [ -3.1738484, 6.2497327 ], [ -3.173463, 6.2485867 ], [ -3.1688646, 6.2487471 ], [ -3.1530507, 6.2492988 ], [ -3.1014238, 6.1507145 ], [ -3.0723207, 5.9880232 ], [ -3.0689933, 5.9794799 ], [ -3.0193625, 5.8520495 ], [ -3.0252804, 5.7408699 ], [ -3.0266985, 5.7142281 ], [ -3.0269212, 5.7100441 ] ] ] ] } },
{ "type": "Feature", "properties": { "POLYGON_ID": "CIV_GAUL1990_ADM2_74400", "ADM0_ISO3": "CIV", "ADM0_NAME": "Côte d'Ivoire", "ADM0_CODE": 66, "ADM1_NAME": "Aboisso", "ADM1_CODE": 74381, "ADM2_NAME": "Bonoua", "ADM2_CODE": 74400, "GEOSET": "GAUL", "GEOSET_YEAR": 1990.0, "GEOSET_VERSION": "GAUL_v1", "GEOSET_UNIT": "ADM2", "CENTROID_LONG": -3.5240325735798423, "CENTROID_LAT": 5.351283116852751 }, "geometry": { "type": "MultiPolygon", "coordinates": [ [ [ [ -3.437301, 5.6021623 ], [ -3.440006, 5.3397932 ], [ -3.4640009, 5.2796421 ], [ -3.397814, 5.2775488 ], [ -3.3805079, 5.18611 ], [ -3.4527421, 5.2159581 ], [ -3.5492873, 5.1680331 ], [ -3.6634619, 5.1827798 ], [ -3.7154131, 5.2312857 ], [ -3.61569, 5.268422 ], [ -3.6254078, 5.2970455 ], [ -3.5853196, 5.3717254 ], [ -3.5721409, 5.5428487 ], [ -3.5484054, 5.5662652 ], [ -3.437301, 5.6021623 ] ] ] ] } }
]
}
