{
"type": "FeatureCollection",
"name": "COL_GAUL2010_ADM1",
"crs": { "type": "name", "properties": { "name": "urn:ogc:def:crs:OGC:1.3:CRS84" } },
"features": [
{ "type": "Feature", "properties": { "POLYGON_ID": "COL_GAUL2010_ADM1_934", "ADM0_ISO3": "COL", "ADM0_NAME": "Colombia", "ADM0_CODE": 57, "ADM1_NAME": "Amazonas", "ADM1_CODE": 934, "GEOSET": "GAUL", "GEOSET_YEAR": 2010.0, "GEOSET_VERSION": "GAUL_v1", "GEOSET_UNIT": "ADM1", "CENTROID_LONG": -71.506843677940537, "CENTROID_LAT": -1.5501981526416888 }, "geometry": { "type": "MultiPolygon", "coordinates": [ [ [ [ -69.4306542, -1.0729294 ], [ -69.3984141, -1.1134612 ], [ -69.4302037, -1.225867 ], [ -69.4078368, -1.285639 ], [ -69.3969757, -1.3562223 ], [ -69.4364747, -1.4063813 ], [ -69.4396156, -1.4495923 ], [ -69.4592224, -1.4869974 ], [ -69.4503889, -1.5371612 ], [ -69.5347162, -1.9980489 ], [ -69.613754, -2.4397993 ], [ -69.6858537, -2.8427728 ], [ -69.7605117, -3.2619759 ], [ -69.837334, -3.6861799 ], [ -69.9321428, -4.2197009 ], [ -69.95342, -4.23049 ], [ -69.9534221, -4.2304838 ], [ -69.95946, -4.21257 ], [ -70.04846, -4.10411 ], [ -70.05754, -4.08648 ], [ -70.0916133, -4.0304477 ], [ -70.13352, -4.00984 ], [ -70.15413, -3.98167 ], [ -70.18634, -3.8909 ], [ -70.24259, -3.87114 ], [ -70.29484, -3.81269 ], [ -70.32626, -3.80537 ], [ -70.3350851, -3.804605 ], [ -70.3460077, -3.8042918 ], [ -70.34915, -3.80441 ], [ -70.3615438, -3.8081644 ], [ -70.36262, -3.80866 ], [ -70.3652915, -3.8106259 ], [ -70.37148, -3.81518 ], [ -70.3756221, -3.8195386 ], [ -70.37875, -3.82283 ], [ -70.38577, -3.83186 ], [ -70.39505, -3.8416 ], [ -70.4000235, -3.8481321 ], [ -70.43356, -3.86292 ], [ -70.4364996, -3.8655254 ], [ -70.4545, -3.87661 ], [ -70.46636, -3.88154 ], [ -70.4942322, -3.8840335 ], [ -70.49655, -3.88386 ], [ -70.5011369, -3.8837128 ], [ -70.5197621, -3.880082 ], [ -70.52844, -3.87561 ], [ -70.55078, -3.85389 ], [ -70.5517386, -3.852735 ], [ -70.57641, -3.83276 ], [ -70.58603, -3.83192 ], [ -70.5891845, -3.832552 ], [ -70.5919713, -3.8331109 ], [ -70.59971, -3.83824 ], [ -70.60723, -3.84175 ], [ -70.61203, -3.8434 ], [ -70.6125734, -3.8431872 ], [ -70.61512, -3.84219 ], [ -70.62511, -3.83244 ], [ -70.6400839, -3.8299448 ], [ -70.64734, -3.83011 ], [ -70.65263, -3.8274 ], [ -70.66355, -3.80979 ], [ -70.68246, -3.79454 ], [ -70.69461, -3.79258 ], [ -70.7001432, -3.7942456 ], [ -70.7032871, -3.7946741 ], [ -70.7000199, -3.7879515 ], [ -70.6984061, -3.7860075 ], [ -70.69765, -3.78543 ], [ -70.69337, -3.77757 ], [ -70.6920016, -3.7757965 ], [ -70.69087, -3.77433 ], [ -70.67709, -3.75236 ], [ -70.61001, -3.64919 ], [ -70.54845, -3.55407 ], [ -70.51061, -3.49563 ], [ -70.504943, -3.487264 ], [ -70.48779, -3.46025 ], [ -70.4859451, -3.4579219 ], [ -70.475, -3.44164 ], [ -70.44005, -3.38615 ], [ -70.37502, -3.28669 ], [ -70.3312225, -3.2186605 ], [ -70.22195, -3.05242 ], [ -70.18263, -2.99227 ], [ -70.1598398, -2.9572244 ], [ -70.11018, -2.88086 ], [ -70.073608, -2.8242328 ], [ -70.05292, -2.7922 ], [ -70.0341, -2.76051 ], [ -70.0593127, -2.7397353 ], [ -70.06214, -2.73819 ], [ -70.07245, -2.71045 ], [ -70.0720838, -2.7047763 ], [ -70.07144, -2.6948 ], [ -70.07082, -2.6872 ], [ -70.07067, -2.67846 ], [ -70.0719223, -2.6709722 ], [ -70.07213, -2.66973 ], [ -70.07534, -2.66341 ], [ -70.07608, -2.66195 ], [ -70.0873926, -2.6492622 ], [ -70.09293, -2.64415 ], [ -70.09976, -2.64628 ], [ -70.10226, -2.64837 ], [ -70.1076749, -2.6674317 ], [ -70.10978, -2.67673 ], [ -70.11967, -2.69522 ], [ -70.12671, -2.70057 ], [ -70.13331, -2.70385 ], [ -70.14198, -2.70576 ], [ -70.146785, -2.7052696 ], [ -70.15021, -2.70492 ], [ -70.1631752, -2.6856423 ], [ -70.16345, -2.68111 ], [ -70.16222, -2.67597 ], [ -70.16382, -2.63971 ], [ -70.16567, -2.63651 ], [ -70.17281, -2.63036 ], [ -70.1736718, -2.630133 ], [ -70.1793432, -2.6291381 ], [ -70.18129, -2.62928 ], [ -70.1985153, -2.6531004 ], [ -70.201172, -2.6538397 ], [ -70.2081348, -2.652506 ], [ -70.21355, -2.65003 ], [ -70.22625, -2.6094296 ], [ -70.22565, -2.60023 ], [ -70.22901, -2.58186 ], [ -70.22999, -2.57382 ], [ -70.2326, -2.5628 ], [ -70.2573331, -2.5438316 ], [ -70.26362, -2.54374 ], [ -70.2791151, -2.5512151 ], [ -70.28679, -2.55935 ], [ -70.3006638, -2.5687287 ], [ -70.31636, -2.57548 ], [ -70.33281, -2.57585 ], [ -70.3377167, -2.5743258 ], [ -70.3451524, -2.5707516 ], [ -70.35049, -2.5668 ], [ -70.3554585, -2.5592552 ], [ -70.35748, -2.55121 ], [ -70.3567301, -2.548497 ], [ -70.35048, -2.54104 ], [ -70.34251, -2.53706 ], [ -70.33909, -2.53749 ], [ -70.3385206, -2.5371562 ], [ -70.3359, -2.53562 ], [ -70.3335192, -2.5354093 ], [ -70.33172, -2.53525 ], [ -70.33019, -2.53512 ], [ -70.3280405, -2.5360395 ], [ -70.3265209, -2.5366896 ], [ -70.30919, -2.53263 ], [ -70.305768, -2.5298311 ], [ -70.30238, -2.52706 ], [ -70.30011, -2.52589 ], [ -70.30119, -2.50612 ], [ -70.30122, -2.50336 ], [ -70.3021058, -2.5025207 ], [ -70.30675, -2.49812 ], [ -70.32088, -2.50168 ], [ -70.3321, -2.49994 ], [ -70.35387, -2.49346 ], [ -70.364865, -2.4935492 ], [ -70.40755, -2.52128 ], [ -70.41232, -2.52431 ], [ -70.4436815, -2.4820293 ], [ -70.4447, -2.47973 ], [ -70.46982, -2.4551 ], [ -70.4742299, -2.4600483 ], [ -70.4745706, -2.4604304 ], [ -70.48729, -2.46904 ], [ -70.492554, -2.4693764 ], [ -70.49574, -2.46958 ], [ -70.50812, -2.46485 ], [ -70.5101137, -2.4635115 ], [ -70.53745, -2.42737 ], [ -70.5422115, -2.4240404 ], [ -70.5538377, -2.4172657 ], [ -70.5556, -2.41648 ], [ -70.5598623, -2.4157541 ], [ -70.562, -2.41539 ], [ -70.57387, -2.41733 ], [ -70.5767858, -2.4181883 ], [ -70.57866, -2.41874 ], [ -70.58363, -2.42522 ], [ -70.5837675, -2.4271243 ], [ -70.58383, -2.42799 ], [ -70.58105, -2.4321 ], [ -70.5719567, -2.437001 ], [ -70.55183, -2.45624 ], [ -70.5500026, -2.4617612 ], [ -70.54902, -2.46473 ], [ -70.5499, -2.46957 ], [ -70.5557759, -2.4733438 ], [ -70.55991, -2.47448 ], [ -70.57029, -2.4785929 ], [ -70.57789, -2.48267 ], [ -70.58336, -2.48456 ], [ -70.5836097, -2.4845356 ], [ -70.58418, -2.48448 ], [ -70.5947873, -2.4835876 ], [ -70.6099145, -2.4790225 ], [ -70.6106, -2.47834 ], [ -70.61978, -2.47381 ], [ -70.62508, -2.46788 ], [ -70.62789, -2.46054 ], [ -70.62862, -2.45457 ], [ -70.6189153, -2.4039454 ], [ -70.61994, -2.39976 ], [ -70.6561555, -2.4095656 ], [ -70.65986, -2.40745 ], [ -70.66724, -2.399 ], [ -70.66889, -2.3928 ], [ -70.65856, -2.37133 ], [ -70.6563, -2.36809 ], [ -70.6552201, -2.3607206 ], [ -70.6553145, -2.3602323 ], [ -70.65642, -2.35453 ], [ -70.6582402, -2.3511454 ], [ -70.66747, -2.34495 ], [ -70.674354, -2.3404096 ], [ -70.68854, -2.33753 ], [ -70.6942603, -2.3364013 ], [ -70.72172, -2.33021 ], [ -70.72562, -2.32978 ], [ -70.7277464, -2.3286413 ], [ -70.73365, -2.32548 ], [ -70.7409906, -2.3216292 ], [ -70.7546613, -2.2980485 ], [ -70.7564236, -2.2960612 ], [ -70.7632014, -2.2885461 ], [ -70.7664, -2.28664 ], [ -70.7711609, -2.2862987 ], [ -70.77212, -2.28623 ], [ -70.78123, -2.28906 ], [ -70.78854, -2.29073 ], [ -70.8261, -2.27884 ], [ -70.84941, -2.22015 ], [ -70.88255, -2.21903 ], [ -70.88869, -2.22207 ], [ -70.9001258, -2.2375398 ], [ -70.91113, -2.2434 ], [ -70.9197925, -2.2457699 ], [ -70.9235838, -2.2455856 ], [ -70.92802, -2.24537 ], [ -70.93765, -2.24016 ], [ -70.94296, -2.2349 ], [ -70.97914, -2.20481 ], [ -70.9807088, -2.204689 ], [ -70.98705, -2.2042 ], [ -70.99298, -2.20517 ], [ -70.99908, -2.21464 ], [ -70.99727, -2.24131 ], [ -70.99311, -2.24726 ], [ -71.015898, -2.2761946 ], [ -71.02056, -2.27115 ], [ -71.05169, -2.26357 ], [ -71.05694, -2.2643 ], [ -71.06515, -2.26643 ], [ -71.0705895, -2.2690342 ], [ -71.07358, -2.26949 ], [ -71.07811, -2.27366 ], [ -71.08495, -2.27555 ], [ -71.10432, -2.28237 ], [ -71.11368, -2.2829 ], [ -71.11799, -2.31651 ], [ -71.113331, -2.3291558 ], [ -71.1135859, -2.3315429 ], [ -71.11487, -2.33603 ], [ -71.11895, -2.3402 ], [ -71.1463909, -2.3371908 ], [ -71.1485717, -2.3390509 ], [ -71.15183, -2.34183 ], [ -71.1530697, -2.3469819 ], [ -71.1598375, -2.3720046 ], [ -71.16483, -2.37573 ], [ -71.17443, -2.37442 ], [ -71.18591, -2.3683 ], [ -71.1887932, -2.3656966 ], [ -71.19096, -2.36374 ], [ -71.2029707, -2.3470395 ], [ -71.20756, -2.34339 ], [ -71.212613, -2.341203 ], [ -71.21329, -2.34091 ], [ -71.22015, -2.34165 ], [ -71.23312, -2.34796 ], [ -71.23653, -2.34982 ], [ -71.237429, -2.3497188 ], [ -71.2437779, -2.3490148 ], [ -71.24431, -2.34896 ], [ -71.24752, -2.3476 ], [ -71.24935, -2.34669 ], [ -71.26427, -2.33783 ], [ -71.27067, -2.33719 ], [ -71.28437, -2.33844 ], [ -71.2867057, -2.3413353 ], [ -71.29184, -2.3477 ], [ -71.30511, -2.37631 ], [ -71.34847, -2.38329 ], [ -71.3584335, -2.3915475 ], [ -71.37486, -2.39775 ], [ -71.3809909, -2.395056 ], [ -71.3814133, -2.3945065 ], [ -71.3835904, -2.3913684 ], [ -71.3837818, -2.3905305 ], [ -71.38595, -2.38104 ], [ -71.3845586, -2.3760988 ], [ -71.3843924, -2.3755085 ], [ -71.38439, -2.3755 ], [ -71.37856, -2.36121 ], [ -71.37655, -2.35498 ], [ -71.3761461, -2.3471804 ], [ -71.37615, -2.34647 ], [ -71.39135, -2.33071 ], [ -71.39596, -2.32384 ], [ -71.41648, -2.29915 ], [ -71.4187552, -2.2941042 ], [ -71.4211628, -2.2896606 ], [ -71.42873, -2.27992 ], [ -71.4492, -2.26053 ], [ -71.4553646, -2.2610116 ], [ -71.46403, -2.26362 ], [ -71.465706, -2.2643582 ], [ -71.47041, -2.26643 ], [ -71.4763, -2.27245 ], [ -71.47452, -2.29842 ], [ -71.4721555, -2.3024179 ], [ -71.46734, -2.31056 ], [ -71.4622, -2.3257 ], [ -71.46697, -2.33161 ], [ -71.4685434, -2.3335623 ], [ -71.4753635, -2.3382102 ], [ -71.4760668, -2.3382602 ], [ -71.49329, -2.32454 ], [ -71.4967418, -2.3164363 ], [ -71.497, -2.31583 ], [ -71.50056, -2.29768 ], [ -71.49998, -2.28388 ], [ -71.4998268, -2.2701671 ], [ -71.4997, -2.25881 ], [ -71.4986, -2.25283 ], [ -71.50761, -2.2384 ], [ -71.52223, -2.23896 ], [ -71.53712, -2.23263 ], [ -71.5386814, -2.232149 ], [ -71.57305, -2.22529 ], [ -71.59229, -2.21646 ], [ -71.60631, -2.2046 ], [ -71.6165427, -2.1968876 ], [ -71.63193, -2.19074 ], [ -71.63383, -2.19076 ], [ -71.6399647, -2.1916618 ], [ -71.64866, -2.19294 ], [ -71.66234, -2.19648 ], [ -71.6703953, -2.2021837 ], [ -71.68778, -2.21574 ], [ -71.6896909, -2.2161647 ], [ -71.69417, -2.21716 ], [ -71.6961267, -2.2174582 ], [ -71.71457, -2.20787 ], [ -71.715626, -2.2046169 ], [ -71.71643, -2.20214 ], [ -71.7156997, -2.1984883 ], [ -71.71445, -2.19224 ], [ -71.7099033, -2.1774085 ], [ -71.70484, -2.1609 ], [ -71.7056, -2.1501 ], [ -71.7129853, -2.1319858 ], [ -71.7171708, -2.1290199 ], [ -71.7180841, -2.1288792 ], [ -71.7378064, -2.1399331 ], [ -71.74014, -2.14343 ], [ -71.7418551, -2.1544853 ], [ -71.7419631, -2.154793 ], [ -71.74597, -2.15934 ], [ -71.7495251, -2.1626602 ], [ -71.75893, -2.16701 ], [ -71.76212, -2.16887 ], [ -71.76804, -2.17098 ], [ -71.77102, -2.17077 ], [ -71.7798208, -2.1780072 ], [ -71.78373, -2.18236 ], [ -71.79437, -2.19508 ], [ -71.7972771, -2.1950959 ], [ -71.79803, -2.1951 ], [ -71.81797, -2.18535 ], [ -71.8196174, -2.1859701 ], [ -71.82725, -2.19782 ], [ -71.8280466, -2.204027 ], [ -71.82855, -2.20795 ], [ -71.83034, -2.21233 ], [ -71.8405275, -2.2355123 ], [ -71.85707, -2.2910491 ], [ -71.86104, -2.30038 ], [ -71.86877, -2.3071 ], [ -71.8749242, -2.3091485 ], [ -71.8759763, -2.3094394 ], [ -71.8845133, -2.3088181 ], [ -71.91618, -2.30978 ], [ -71.91899, -2.31157 ], [ -71.9190819, -2.3118539 ], [ -71.92123, -2.31849 ], [ -71.91911, -2.32721 ], [ -71.9117, -2.34165 ], [ -71.90715, -2.37336 ], [ -71.9119412, -2.3749999 ], [ -71.9285397, -2.3538664 ], [ -71.9322, -2.35259 ], [ -71.9406842, -2.3539849 ], [ -71.95021, -2.35754 ], [ -71.97346, -2.36551 ], [ -71.9749805, -2.3654269 ], [ -71.97712, -2.36531 ], [ -71.978695, -2.3649334 ], [ -72.02029, -2.3327 ], [ -72.0397068, -2.3368893 ], [ -72.04217, -2.33997 ], [ -72.04986, -2.35198 ], [ -72.06548, -2.37324 ], [ -72.1103182, -2.4140092 ], [ -72.11475, -2.42161 ], [ -72.115801, -2.4257573 ], [ -72.11586, -2.42599 ], [ -72.11467, -2.43357 ], [ -72.11664, -2.44623 ], [ -72.1164226, -2.450653 ], [ -72.1197654, -2.4598481 ], [ -72.12088, -2.46259 ], [ -72.1425609, -2.465487 ], [ -72.14536, -2.45653 ], [ -72.1438982, -2.4451726 ], [ -72.14364, -2.44111 ], [ -72.1437928, -2.4407192 ], [ -72.14642, -2.434 ], [ -72.15308, -2.42967 ], [ -72.1549557, -2.4276231 ], [ -72.162, -2.42835 ], [ -72.17131, -2.43669 ], [ -72.17608, -2.44178 ], [ -72.1766948, -2.4419758 ], [ -72.17743, -2.44221 ], [ -72.18406, -2.44435 ], [ -72.19825, -2.44122 ], [ -72.2062511, -2.4398895 ], [ -72.2247804, -2.433567 ], [ -72.23211, -2.43453 ], [ -72.2358857, -2.4356466 ], [ -72.24009, -2.43689 ], [ -72.2408288, -2.4376396 ], [ -72.24145, -2.43827 ], [ -72.24093, -2.44816 ], [ -72.2402264, -2.4485945 ], [ -72.2391, -2.44929 ], [ -72.23884, -2.45412 ], [ -72.24268, -2.46013 ], [ -72.2477027, -2.4606189 ], [ -72.2577819, -2.4565404 ], [ -72.2793712, -2.4759904 ], [ -72.28461, -2.47763 ], [ -72.3170008, -2.4829605 ], [ -72.32639, -2.4841 ], [ -72.3279022, -2.4846391 ], [ -72.33688, -2.48784 ], [ -72.3401265, -2.4895025 ], [ -72.34143, -2.49017 ], [ -72.3420745, -2.4902053 ], [ -72.346, -2.49042 ], [ -72.3525712, -2.4853239 ], [ -72.35335, -2.48472 ], [ -72.3539793, -2.4812857 ], [ -72.35857, -2.45439 ], [ -72.39099, -2.42009 ], [ -72.39753, -2.43439 ], [ -72.3989306, -2.4354154 ], [ -72.40481, -2.43972 ], [ -72.4080644, -2.4408904 ], [ -72.42355, -2.43914 ], [ -72.4295779, -2.4360581 ], [ -72.4316324, -2.4350218 ], [ -72.4389, -2.43141 ], [ -72.45376, -2.4315 ], [ -72.4670017, -2.4331898 ], [ -72.48575, -2.43146 ], [ -72.4876425, -2.4318543 ], [ -72.49557, -2.43221 ], [ -72.4987717, -2.4308501 ], [ -72.51385, -2.43209 ], [ -72.5170147, -2.4325828 ], [ -72.51841, -2.4328 ], [ -72.5245371, -2.4317288 ], [ -72.52985, -2.4308 ], [ -72.53648, -2.43084 ], [ -72.54631, -2.42928 ], [ -72.5540907, -2.4261099 ], [ -72.5582106, -2.4256692 ], [ -72.5619, -2.42017 ], [ -72.58649, -2.39732 ], [ -72.59701, -2.39485 ], [ -72.62669, -2.39801 ], [ -72.62805, -2.39917 ], [ -72.62847, -2.40607 ], [ -72.6282, -2.4067007 ], [ -72.64789, -2.44551 ], [ -72.67966, -2.44453 ], [ -72.6795481, -2.4428916 ], [ -72.685432, -2.4328381 ], [ -72.68934, -2.42918 ], [ -72.75058, -2.42837 ], [ -72.8433, -2.47672 ], [ -72.90467, -2.49452 ], [ -72.9325617, -2.4500582 ], [ -72.93762, -2.44456 ], [ -72.94086, -2.43584 ], [ -72.95988, -2.38397 ], [ -72.9918, -2.39586 ], [ -73.02696, -2.35971 ], [ -73.0561576, -2.368456 ], [ -73.05598, -2.35779 ], [ -73.06585, -2.3514 ], [ -73.0729822, -2.3547653 ], [ -73.1117337, -2.3291777 ], [ -73.12016, -2.31902 ], [ -73.12637, -2.31147 ], [ -73.15522, -2.25596 ], [ -73.15598, -2.24125 ], [ -73.1218, -2.22475 ], [ -73.09586, -2.16253 ], [ -73.06354, -2.14213 ], [ -73.08812, -2.11696 ], [ -73.09407, -2.11354 ], [ -73.08588, -2.06544 ], [ -73.0861221, -2.0641709 ], [ -73.0879944, -2.0608905 ], [ -73.09208, -2.05835 ], [ -73.09392, -2.05652 ], [ -73.1000635, -2.056389 ], [ -73.11282, -2.02396 ], [ -73.1119293, -2.0191829 ], [ -73.09963, -1.92664 ], [ -73.11254, -1.90371 ], [ -73.12076, -1.90444 ], [ -73.14326, -1.88203 ], [ -73.13975, -1.85465 ], [ -73.1398, -1.84476 ], [ -73.14259, -1.83397 ], [ -73.14673, -1.82985 ], [ -73.1918007, -1.811689 ], [ -73.22964, -1.77877 ], [ -73.23416, -1.78753 ], [ -73.2293, -1.79992 ], [ -73.24548, -1.80713 ], [ -73.2489817, -1.8040424 ], [ -73.25303, -1.80418 ], [ -73.26009, -1.80559 ], [ -73.3036062, -1.8121847 ], [ -73.30526, -1.81432 ], [ -73.3057, -1.81869 ], [ -73.30406, -1.8265 ], [ -73.32777, -1.83397 ], [ -73.38429, -1.80711 ], [ -73.4139, -1.82127 ], [ -73.45845, -1.76907 ], [ -73.4886, -1.76645 ], [ -73.53312, -1.71883 ], [ -73.52631, -1.71076 ], [ -73.49785, -1.64833 ], [ -73.46148, -1.61644 ], [ -73.47139, -1.59671 ], [ -73.4753295, -1.5993885 ], [ -73.4763014, -1.6000766 ], [ -73.47981, -1.60319 ], [ -73.48277, -1.60252 ], [ -73.49267, -1.58417 ], [ -73.48635, -1.57104 ], [ -73.4817372, -1.5575613 ], [ -73.48234, -1.55217 ], [ -73.48624, -1.5469 ], [ -73.48888, -1.52025 ], [ -73.49051, -1.51428 ], [ -73.49395, -1.51085 ], [ -73.4952697, -1.5104788 ], [ -73.52689, -1.49376 ], [ -73.5784, -1.3646 ], [ -73.57776, -1.35609 ], [ -73.57441, -1.33999 ], [ -73.5805708, -1.3400189 ], [ -73.6157, -1.34316 ], [ -73.62373, -1.28299 ], [ -73.64835, -1.28816 ], [ -73.68135, -1.25774 ], [ -73.73151, -1.26738 ], [ -73.7507764, -1.220336 ], [ -73.75452, -1.22267 ], [ -73.75599, -1.23947 ], [ -73.75716, -1.24428 ], [ -73.79177, -1.25959 ], [ -73.86644, -1.24589 ], [ -73.89613, -1.18902 ], [ -73.90451, -1.14953 ], [ -73.94283, -1.15061 ], [ -73.962607, -1.1293111 ], [ -73.96005, -1.12311 ], [ -73.95828, -1.11115 ], [ -73.96173, -1.10519 ], [ -73.99722, -1.12969 ], [ -74.02844, -1.08064 ], [ -74.03664, -1.02783 ], [ -74.0376079, -1.0278864 ], [ -74.05073, -1.04282 ], [ -74.051651, -1.0529158 ], [ -74.07384, -1.08105 ], [ -74.15705, -1.03634 ], [ -74.22321, -1.03153 ], [ -74.26597, -1.00711 ], [ -74.27541, -0.9821 ], [ -74.2693901, -0.9789234 ], [ -74.2636, -0.97011 ], [ -74.26683, -0.96116 ], [ -74.27119, -0.95313 ], [ -74.28318, -0.92079 ], [ -74.31612, -0.89357 ], [ -74.3151132, -0.8915073 ], [ -74.26801, -0.89087 ], [ -74.26706, -0.84445 ], [ -74.2731425, -0.845296 ], [ -74.28995, -0.82295 ], [ -74.2838515, -0.8061541 ], [ -74.28663, -0.79629 ], [ -74.29119, -0.79608 ], [ -74.31696, -0.79525 ], [ -74.3159084, -0.788483 ], [ -74.31496, -0.78238 ], [ -74.31498, -0.7773245 ], [ -74.3164208, -0.7756123 ], [ -74.34326, -0.77559 ], [ -74.37626, -0.73275 ], [ -74.37262, -0.73044 ], [ -74.3541619, -0.7257805 ], [ -74.34508, -0.71541 ], [ -74.37263, -0.66452 ], [ -74.37038, -0.6567 ], [ -74.36451, -0.64405 ], [ -74.3638404, -0.6394585 ], [ -74.36462, -0.6362531 ], [ -74.36546, -0.6328 ], [ -74.3689, -0.62638 ], [ -74.3887114, -0.5810234 ], [ -73.8836517, -0.430559 ], [ -73.8280029, -0.4436 ], [ -73.7507019, -0.4104 ], [ -73.702301, -0.4441 ], [ -73.6791992, -0.476 ], [ -73.6285019, -0.4693 ], [ -73.5811996, -0.544 ], [ -73.5327988, -0.5557 ], [ -73.4543991, -0.5468 ], [ -73.4162979, -0.5574 ], [ -73.3874969, -0.5448 ], [ -73.2940979, -0.5822 ], [ -73.2755966, -0.614 ], [ -73.2230988, -0.6575 ], [ -73.1638031, -0.6358 ], [ -73.093399, -0.6425 ], [ -73.0923004, -0.6015 ], [ -73.0606003, -0.5537 ], [ -73.0157013, -0.5556 ], [ -72.9769974, -0.5864 ], [ -72.9511032, -0.646 ], [ -72.8824997, -0.648 ], [ -72.8340988, -0.6303 ], [ -72.7955017, -0.59 ], [ -72.7320023, -0.6169 ], [ -72.6432037, -0.6975 ], [ -72.5803986, -0.7301 ], [ -72.4806976, -0.6116 ], [ -72.4310989, -0.6141 ], [ -72.3993988, -0.6477 ], [ -72.3359985, -0.6722 ], [ -72.289299, -0.654 ], [ -72.2611008, -0.6165 ], [ -72.1920013, -0.4401 ], [ -72.1378021, -0.3918 ], [ -72.0762024, -0.3597 ], [ -72.0699005, -0.3083 ], [ -72.0467987, -0.2847 ], [ -72.0082016, -0.2803 ], [ -71.8899994, -0.3062 ], [ -71.832901, -0.2931 ], [ -71.8013, -0.2626 ], [ -71.7621002, -0.16 ], [ -71.6906967, -0.0921 ], [ -71.6278992, -0.0514 ], [ -71.6118011, -0.0127 ], [ -71.5327988, 0.0568 ], [ -71.4861145, 0.118058 ], [ -71.4013977, 0.1302 ], [ -71.3321991, 0.0745 ], [ -71.316597, 0.0444 ], [ -71.2498016, 0.0285 ], [ -71.2210007, 0.0642 ], [ -71.1949997, 0.0577 ], [ -71.1639023, -0.0083 ], [ -71.129303, -0.0228 ], [ -71.009903, -0.0493 ], [ -70.9615021, -0.0871 ], [ -70.9181976, -0.1537 ], [ -70.9590988, -0.1888 ], [ -70.9152985, -0.245 ], [ -70.8962021, -0.2901 ], [ -70.9001999, -0.3392 ], [ -70.851799, -0.3885 ], [ -70.796402, -0.372 ], [ -70.7636032, -0.3253 ], [ -70.6707993, -0.3794 ], [ -70.6339035, -0.368 ], [ -70.5842972, -0.4179 ], [ -70.5329971, -0.402 ], [ -70.4891968, -0.442 ], [ -70.4580002, -0.493 ], [ -70.4590988, -0.5213 ], [ -70.3536987, -0.4853 ], [ -70.3155975, -0.4808 ], [ -70.2994995, -0.4578 ], [ -70.2089996, -0.4894 ], [ -70.2919006, -0.5601 ], [ -70.3115005, -0.5866 ], [ -70.2670975, -0.6347 ], [ -70.2584, -0.7815 ], [ -70.2894974, -0.8102 ], [ -70.2768021, -0.8576 ], [ -70.2422028, -0.8936 ], [ -70.2393036, -0.9323 ], [ -70.2646027, -0.9767 ], [ -70.2910995, -0.9817 ], [ -70.2939987, -1.021 ], [ -70.2692032, -1.054 ], [ -70.2415009, -1.0542001 ], [ -70.2201996, -1.0167 ], [ -70.1953964, -1.0243 ], [ -70.2212982, -1.0739 ], [ -70.1664963, -1.1446 ], [ -70.1388016, -1.1366 ], [ -70.1261978, -1.0991 ], [ -70.0835037, -1.0825 ], [ -70.1003036, -1.0501 ], [ -70.1365967, -1.0211 ], [ -70.0766983, -0.9861 ], [ -70.0369034, -0.9753 ], [ -70.0, -1.0078 ], [ -69.9480972, -0.9855 ], [ -69.941803, -1.0265 ], [ -69.9625015, -1.1316 ], [ -69.8766022, -1.1106 ], [ -69.8246994, -1.0692 ], [ -69.7815018, -1.0815001 ], [ -69.7319031, -1.0725 ], [ -69.7024994, -1.0934 ], [ -69.6597977, -1.1548001 ], [ -69.683403, -1.1732 ], [ -69.6868973, -1.2309 ], [ -69.6713028, -1.2587 ], [ -69.6147995, -1.2058001 ], [ -69.5905991, -1.2019 ], [ -69.5110016, -1.2507 ], [ -69.4868011, -1.252 ], [ -69.4747009, -1.1816 ], [ -69.490303, -1.1411 ], [ -69.436203, -1.1153001 ], [ -69.4306542, -1.0729294 ] ] ] ] } },
{ "type": "Feature", "properties": { "POLYGON_ID": "COL_GAUL2010_ADM1_935", "ADM0_ISO3": "COL", "ADM0_NAME": "Colombia", "ADM0_CODE": 57, "ADM1_NAME": "Antioquia", "ADM1_CODE": 935, "GEOSET": "GAUL", "GEOSET_YEAR": 2010.0, "GEOSET_VERSION": "GAUL_v1", "GEOSET_UNIT": "ADM1", "CENTROID_LONG": -75.590819047261391, "CENTROID_LAT": 6.9098495818238881 }, "geometry": { "type": "MultiPolygon", "coordinates": [ [ [ [ -74.8339386, 8.1853304 ], [ -74.7949982, 8.1612997 ], [ -74.707901, 8.0731001 ], [ -74.6028976, 7.9762001 ], [ -74.5389023, 7.9049001 ], [ -74.5342026, 7.7968001 ], [ -74.5151978, 7.7419 ], [ -74.4770966, 7.6971998 ], [ -74.5150986, 7.6489 ], [ -74.5634995, 7.6156001 ], [ -74.5795975, 7.5405998 ], [ -74.6158981, 7.4541001 ], [ -74.6140976, 7.4287 ], [ -74.516098, 7.3190999 ], [ -74.4746017, 7.3270001 ], [ -74.4383011, 7.3771 ], [ -74.4222031, 7.4341998 ], [ -74.3893967, 7.4710002 ], [ -74.364502, 7.3709998 ], [ -74.4266968, 7.2990999 ], [ -74.418602, 7.2378001 ], [ -74.4272003, 7.1701999 ], [ -74.4001007, 7.0932999 ], [ -74.3723984, 7.0423999 ], [ -74.373497, 7.006 ], [ -74.3355026, 6.9826999 ], [ -74.2483978, 6.9851999 ], [ -73.9540024, 7.2635999 ], [ -73.9516983, 7.1781001 ], [ -73.9372025, 7.1248999 ], [ -73.9401016, 7.0839 ], [ -73.8962021, 6.9924002 ], [ -73.9532013, 6.9291 ], [ -74.0085983, 6.908 ], [ -74.1134033, 6.8241 ], [ -74.1456985, 6.7571998 ], [ -74.2004013, 6.7124 ], [ -74.2556992, 6.6889 ], [ -74.2885971, 6.6475 ], [ -74.3444977, 6.6125002 ], [ -74.3923035, 6.6034999 ], [ -74.4441986, 6.5309 ], [ -74.4313965, 6.4656 ], [ -74.3991013, 6.3771 ], [ -74.4475021, 6.3669 ], [ -74.4854965, 6.3120999 ], [ -74.5517883, 6.2473779 ], [ -74.566803, 6.2512999 ], [ -74.6018982, 6.1977 ], [ -74.6295013, 6.1100001 ], [ -74.6242981, 6.0794001 ], [ -74.5874023, 6.0486002 ], [ -74.6057968, 6.0145998 ], [ -74.5907974, 5.9728999 ], [ -74.6259995, 5.9569001 ], [ -74.6091995, 5.8887 ], [ -74.6604996, 5.8565998 ], [ -74.6743011, 5.7584 ], [ -74.6765976, 5.7584 ], [ -74.722702, 5.7598 ], [ -74.7652969, 5.6831002 ], [ -74.7982025, 5.6774998 ], [ -74.8587036, 5.7003002 ], [ -74.8771973, 5.7339001 ], [ -75.0167007, 5.7055998 ], [ -75.0351028, 5.6743999 ], [ -75.1157989, 5.6482 ], [ -75.1243973, 5.5806999 ], [ -75.1531982, 5.5634999 ], [ -75.1797028, 5.5226002 ], [ -75.2350006, 5.5124002 ], [ -75.2546005, 5.4731998 ], [ -75.3365021, 5.4568 ], [ -75.3665009, 5.5331998 ], [ -75.3740005, 5.5949998 ], [ -75.4092026, 5.6055002 ], [ -75.3930969, 5.6511002 ], [ -75.4259033, 5.6835999 ], [ -75.453598, 5.6872001 ], [ -75.5077972, 5.6602001 ], [ -75.5590973, 5.6917 ], [ -75.566597, 5.7136002 ], [ -75.6299973, 5.7307 ], [ -75.6173019, 5.6798 ], [ -75.626503, 5.5977998 ], [ -75.6143036, 5.5151 ], [ -75.6523972, 5.5198998 ], [ -75.7285004, 5.5064001 ], [ -75.7441025, 5.5237999 ], [ -75.8408966, 5.5142999 ], [ -75.8865051, 5.4751382 ], [ -76.0173035, 5.4717999 ], [ -76.064003, 5.5141001 ], [ -76.0698013, 5.5725002 ], [ -76.1211014, 5.6247001 ], [ -76.1229019, 5.7125001 ], [ -76.1315994, 5.7553 ], [ -76.1597977, 5.8056998 ], [ -76.1461029, 5.9152999 ], [ -76.1316986, 5.9748001 ], [ -76.2192993, 5.9935999 ], [ -76.2441025, 6.0202999 ], [ -76.2655029, 6.1313 ], [ -76.2556992, 6.1739998 ], [ -76.2770996, 6.1960001 ], [ -76.3618011, 6.1773 ], [ -76.581398, 6.158 ], [ -76.703598, 6.1648998 ], [ -76.7423019, 6.1904998 ], [ -76.7485962, 6.2431002 ], [ -76.8069, 6.2988 ], [ -76.7942963, 6.3778 ], [ -76.7955017, 6.4471998 ], [ -76.8352966, 6.5109 ], [ -76.9003983, 6.5822001 ], [ -76.8924026, 6.6392999 ], [ -76.9304962, 6.6464 ], [ -76.9004974, 6.7364001 ], [ -76.9051971, 6.7958999 ], [ -76.8787003, 6.8449001 ], [ -76.8447037, 6.8372998 ], [ -76.8124008, 6.8717999 ], [ -76.8171005, 6.9313002 ], [ -76.8402023, 6.9944 ], [ -76.8303986, 7.0110998 ], [ -76.7559967, 7.0124998 ], [ -76.7059021, 7.0261002 ], [ -76.6475983, 7.0005002 ], [ -76.6112976, 6.9986 ], [ -76.5737991, 6.9735999 ], [ -76.5466995, 6.9885001 ], [ -76.5432968, 7.0601001 ], [ -76.5065002, 7.1269999 ], [ -76.5261002, 7.2263999 ], [ -76.5422974, 7.2542 ], [ -76.6190033, 7.3162999 ], [ -76.6725464, 7.3291788 ], [ -76.7591019, 7.4249001 ], [ -76.8001022, 7.4966998 ], [ -76.843399, 7.5425 ], [ -77.1016998, 7.7406001 ], [ -77.1490021, 7.8221998 ], [ -77.1156006, 7.8341999 ], [ -77.0395966, 7.9102001 ], [ -77.021698, 8.0059996 ], [ -76.963623, 8.0704861 ], [ -76.973732, 8.17873 ], [ -76.9965812, 8.2518859 ], [ -76.9659332, 8.2575588 ], [ -76.9589861, 8.1873748 ], [ -76.9294953, 8.1788849 ], [ -76.9524073, 8.1259382 ], [ -76.9257446, 8.0909167 ], [ -76.8868166, 8.1167625 ], [ -76.8503298, 8.0893062 ], [ -76.8724634, 8.0547539 ], [ -76.9245136, 8.0242846 ], [ -76.9310757, 7.932807 ], [ -76.8823693, 7.9054281 ], [ -76.8025, 7.90369 ], [ -76.7527301, 7.9176001 ], [ -76.74091, 8.0077999 ], [ -76.71908, 8.0403599 ], [ -76.7237444, 8.0825739 ], [ -76.75447, 8.12344 ], [ -76.73954, 8.1704 ], [ -76.7608499, 8.2530301 ], [ -76.7573099, 8.3852299 ], [ -76.78826, 8.42039 ], [ -76.8258911, 8.4967083 ], [ -76.9081564, 8.5329554 ], [ -76.93733, 8.55418 ], [ -76.8966117, 8.5859436 ], [ -76.8859172, 8.6230905 ], [ -76.77682, 8.63431 ], [ -76.6850101, 8.65701 ], [ -76.63439, 8.6893199 ], [ -76.63172, 8.73082 ], [ -76.5574901, 8.75548 ], [ -76.5145901, 8.78039 ], [ -76.51144, 8.8019399 ], [ -76.4227166, 8.8579917 ], [ -76.3991013, 8.8333998 ], [ -76.3741989, 8.7103004 ], [ -76.3494034, 8.6529999 ], [ -76.2173004, 8.5716 ], [ -76.1953964, 8.4265003 ], [ -76.254097, 8.3695002 ], [ -76.3427963, 8.2329998 ], [ -76.3923035, 8.1309996 ], [ -76.413002, 8.0733004 ], [ -76.4176025, 7.9987998 ], [ -76.4319992, 7.9485998 ], [ -76.4901962, 7.8351002 ], [ -76.5183029, 7.6457 ], [ -76.5027008, 7.5977001 ], [ -76.4046021, 7.4113002 ], [ -76.3416977, 7.3516002 ], [ -76.0304031, 7.3530998 ], [ -75.9116974, 7.3688002 ], [ -75.8414001, 7.3887 ], [ -75.700798, 7.5833998 ], [ -75.6629028, 7.7005 ], [ -75.6266022, 7.7262998 ], [ -75.5850983, 7.7336998 ], [ -75.5361023, 7.7052002 ], [ -75.5031967, 7.7073002 ], [ -75.450798, 7.8111 ], [ -75.3464966, 7.8568001 ], [ -75.3338013, 7.9180002 ], [ -75.3010025, 7.9334998 ], [ -75.2814026, 7.9668999 ], [ -75.216301, 8.0319004 ], [ -75.1546021, 8.0321999 ], [ -74.9586029, 8.0504999 ], [ -74.9107971, 8.0883999 ], [ -74.8958969, 8.1246996 ], [ -74.8339386, 8.1853304 ] ] ] ] } },
{ "type": "Feature", "properties": { "POLYGON_ID": "COL_GAUL2010_ADM1_936", "ADM0_ISO3": "COL", "ADM0_NAME": "Colombia", "ADM0_CODE": 57, "ADM1_NAME": "Arauca", "ADM1_CODE": 936, "GEOSET": "GAUL", "GEOSET_YEAR": 2010.0, "GEOSET_VERSION": "GAUL_v1", "GEOSET_UNIT": "ADM1", "CENTROID_LONG": -70.954401683646338, "CENTROID_LAT": 6.5475105993831244 }, "geometry": { "type": "MultiPolygon", "coordinates": [ [ [ [ -69.4365692, 6.11512 ], [ -69.4424438, 6.065793 ], [ -69.4805984, 6.0219998 ], [ -69.5417023, 6.0176001 ], [ -69.6230011, 5.9885001 ], [ -69.7128983, 5.9912 ], [ -69.7837982, 6.0088 ], [ -69.8478699, 6.00488 ], [ -69.9112015, 6.0163002 ], [ -69.9231644, 6.0579252 ], [ -69.9580002, 6.0978999 ], [ -70.0, 6.1101999 ], [ -70.0548019, 6.1082001 ], [ -70.0582962, 6.1353002 ], [ -70.1585999, 6.2195001 ], [ -70.1725006, 6.2479 ], [ -70.2940979, 6.2391 ], [ -70.354599, 6.2456999 ], [ -70.4468994, 6.2420998 ], [ -70.5159988, 6.2059999 ], [ -70.5880966, 6.204 ], [ -70.6877975, 6.1865001 ], [ -70.7742996, 6.1915002 ], [ -70.7949982, 6.2048001 ], [ -70.8687973, 6.1993999 ], [ -70.8964996, 6.1845002 ], [ -70.9951019, 6.2016001 ], [ -71.0301971, 6.2203002 ], [ -71.1490021, 6.2259998 ], [ -71.2233963, 6.2505002 ], [ -71.2499008, 6.2304001 ], [ -71.3184967, 6.2290001 ], [ -71.3743973, 6.1992002 ], [ -71.4464035, 6.1971998 ], [ -71.5195999, 6.1680002 ], [ -71.558197, 6.1767998 ], [ -71.5951004, 6.1648998 ], [ -71.6649017, 6.2003999 ], [ -71.7312012, 6.1919999 ], [ -71.7979965, 6.1732001 ], [ -71.8384018, 6.1405001 ], [ -71.9150009, 6.1297998 ], [ -71.9524994, 6.1339998 ], [ -72.0123978, 6.1065001 ], [ -72.0891037, 6.0854998 ], [ -72.1455994, 6.0401001 ], [ -72.2792969, 6.0960999 ], [ -72.3087006, 6.1360998 ], [ -72.3122025, 6.1731 ], [ -72.3957977, 6.1861 ], [ -72.4195023, 6.2266998 ], [ -72.4223862, 6.2437491 ], [ -72.3722992, 6.3182998 ], [ -72.3166428, 6.353106 ], [ -72.3170013, 6.4157 ], [ -72.231102, 6.4130001 ], [ -72.1653976, 6.4734001 ], [ -72.1458969, 6.5756001 ], [ -72.0554962, 6.7663999 ], [ -72.0445023, 6.8176999 ], [ -72.0037003, 6.8983998 ], [ -71.9830857, 7.0102781 ], [ -71.9048, 7.01415 ], [ -71.84048, 7.0077 ], [ -71.82034, 7.04575 ], [ -71.73448, 7.06169 ], [ -71.71879, 7.03563 ], [ -71.66012, 7.0223606 ], [ -71.60391, 7.04772 ], [ -71.59009, 7.02074 ], [ -71.5068436, 7.0265198 ], [ -71.46627, 7.01104 ], [ -71.42106, 7.0332 ], [ -71.33019, 7.01248 ], [ -71.2716903, 7.02809 ], [ -71.25111, 7.01299 ], [ -71.15308, 7.02918 ], [ -71.10422, 6.98673 ], [ -71.01556, 6.9791 ], [ -70.95299, 6.98592 ], [ -70.89702, 7.05735 ], [ -70.85706, 7.05402 ], [ -70.76207, 7.08835 ], [ -70.69147, 7.09255 ], [ -70.63745, 7.06427 ], [ -70.5608, 7.07692 ], [ -70.50826, 7.01165 ], [ -70.4257405, 6.9842505 ], [ -70.38695, 6.98143 ], [ -70.33841, 6.94016 ], [ -70.26348, 6.9446 ], [ -70.22241, 6.97197 ], [ -70.12192, 6.98051 ], [ -70.08269, 6.99827 ], [ -69.95615, 6.82592 ], [ -69.71944, 6.49199 ], [ -69.45042, 6.11674 ], [ -69.4365692, 6.11512 ] ] ] ] } },
{ "type": "Feature", "properties": { "POLYGON_ID": "COL_GAUL2010_ADM1_937", "ADM0_ISO3": "COL", "ADM0_NAME": "Colombia", "ADM0_CODE": 57, "ADM1_NAME": "Atlantico", "ADM1_CODE": 937, "GEOSET": "GAUL", "GEOSET_YEAR": 2010.0, "GEOSET_VERSION": "GAUL_v1", "GEOSET_UNIT": "ADM1", "CENTROID_LONG": -74.903710943238622, "CENTROID_LAT": 10.716617960357516 }, "geometry": { "type": "MultiPolygon", "coordinates": [ [ [ [ -74.5002642, 10.9835809 ], [ -74.5227966, 10.9090004 ], [ -74.4893036, 10.8383999 ], [ -74.4655991, 10.7117996 ], [ -74.549202, 10.7306995 ], [ -74.6218033, 10.7118998 ], [ -74.7434006, 10.7107 ], [ -74.7537994, 10.6327 ], [ -74.7409973, 10.5853004 ], [ -74.7468033, 10.5489998 ], [ -74.7957993, 10.5005999 ], [ -74.8274002, 10.4533997 ], [ -74.8406982, 10.4055004 ], [ -74.895401, 10.3127003 ], [ -74.9218979, 10.2891998 ], [ -74.9246979, 10.2504997 ], [ -74.9656982, 10.2824001 ], [ -74.995697, 10.3247004 ], [ -75.1006012, 10.3927002 ], [ -75.1508026, 10.4033003 ], [ -75.1692963, 10.434 ], [ -75.2649994, 10.4996996 ], [ -75.2806015, 10.5697002 ], [ -75.2490005, 10.7133999 ], [ -75.2605027, 10.8009629 ], [ -75.2216351, 10.7972166 ], [ -75.2074789, 10.8182979 ], [ -75.1493745, 10.8366587 ], [ -75.0423554, 10.9058424 ], [ -75.0072256, 10.9789557 ], [ -74.8930708, 11.0430755 ], [ -74.84908, 11.0568207 ], [ -74.8546111, 11.1058792 ], [ -74.6008079, 11.0090035 ], [ -74.5002642, 10.9835809 ] ] ] ] } },
{ "type": "Feature", "properties": { "POLYGON_ID": "COL_GAUL2010_ADM1_938", "ADM0_ISO3": "COL", "ADM0_NAME": "Colombia", "ADM0_CODE": 57, "ADM1_NAME": "Bolivar", "ADM1_CODE": 938, "GEOSET": "GAUL", "GEOSET_YEAR": 2010.0, "GEOSET_VERSION": "GAUL_v1", "GEOSET_UNIT": "ADM1", "CENTROID_LONG": -74.511279133691417, "CENTROID_LAT": 8.7087742710532261 }, "geometry": { "type": "MultiPolygon", "coordinates": [ [ [ [ -74.9246979, 10.2504997 ], [ -74.927597, 10.2140999 ], [ -74.9569015, 10.1136999 ], [ -74.9263992, 10.0795002 ], [ -74.8807983, 10.0798998 ], [ -74.8468018, 10.0566998 ], [ -74.8023987, 9.9721003 ], [ -74.861702, 9.9428997 ], [ -74.8917007, 9.9067001 ], [ -74.8771973, 9.8591995 ], [ -74.822998, 9.7614002 ], [ -74.8466034, 9.691 ], [ -74.7773972, 9.6006002 ], [ -74.8067017, 9.5274 ], [ -74.8159027, 9.4505997 ], [ -74.8089981, 9.4286003 ], [ -74.7657013, 9.4099998 ], [ -74.6867981, 9.4027004 ], [ -74.6399994, 9.3620996 ], [ -74.6239014, 9.3175001 ], [ -74.5737, 9.2820997 ], [ -74.5338974, 9.2236004 ], [ -74.460701, 9.2434998 ], [ -74.4248962, 9.1919003 ], [ -74.3638, 9.2089996 ], [ -74.3118973, 9.1815996 ], [ -74.2126999, 9.0875998 ], [ -74.1959991, 9.0598001 ], [ -74.1475983, 9.0325003 ], [ -74.1503983, 9.0094004 ], [ -74.0830002, 9.0032997 ], [ -74.0697021, 9.0206003 ], [ -74.0201035, 8.9793997 ], [ -73.9088974, 8.9702997 ], [ -73.8771973, 8.9568005 ], [ -73.8863983, 8.9055004 ], [ -73.8574982, 8.8239002 ], [ -73.8177032, 8.7786999 ], [ -73.8153992, 8.7566996 ], [ -73.8434982, 8.6176004 ], [ -73.8071976, 8.5516005 ], [ -73.8007965, 8.4891996 ], [ -73.7718964, 8.4226999 ], [ -73.7770996, 8.3181 ], [ -73.7730026, 8.2320995 ], [ -73.7988968, 8.1854 ], [ -73.8076019, 8.1183147 ], [ -73.8881989, 8.0570002 ], [ -73.8927994, 7.9974999 ], [ -73.8482971, 7.8643999 ], [ -73.8464966, 7.8193998 ], [ -73.8246002, 7.7603998 ], [ -73.8367004, 7.7164998 ], [ -73.844101, 7.6184001 ], [ -73.895401, 7.5071001 ], [ -73.9339981, 7.4709001 ], [ -73.927002, 7.3807001 ], [ -73.9540024, 7.2635999 ], [ -74.2483978, 6.9851999 ], [ -74.3355026, 6.9826999 ], [ -74.373497, 7.006 ], [ -74.3723984, 7.0423999 ], [ -74.4001007, 7.0932999 ], [ -74.4272003, 7.1701999 ], [ -74.418602, 7.2378001 ], [ -74.4266968, 7.2990999 ], [ -74.364502, 7.3709998 ], [ -74.3893967, 7.4710002 ], [ -74.4222031, 7.4341998 ], [ -74.4383011, 7.3771 ], [ -74.4746017, 7.3270001 ], [ -74.516098, 7.3190999 ], [ -74.6140976, 7.4287 ], [ -74.6158981, 7.4541001 ], [ -74.5795975, 7.5405998 ], [ -74.5634995, 7.6156001 ], [ -74.5150986, 7.6489 ], [ -74.4770966, 7.6971998 ], [ -74.5151978, 7.7419 ], [ -74.5342026, 7.7968001 ], [ -74.5389023, 7.9049001 ], [ -74.6028976, 7.9762001 ], [ -74.707901, 8.0731001 ], [ -74.7949982, 8.1612997 ], [ -74.8339386, 8.1853304 ], [ -74.7881012, 8.2144003 ], [ -74.7731018, 8.2495003 ], [ -74.7126007, 8.2874002 ], [ -74.6756973, 8.2803001 ], [ -74.6307983, 8.3148003 ], [ -74.6228027, 8.3678999 ], [ -74.5876007, 8.3620005 ], [ -74.5587997, 8.4173002 ], [ -74.5669022, 8.4842997 ], [ -74.5958023, 8.5265999 ], [ -74.6258011, 8.7018003 ], [ -74.5751038, 8.7708998 ], [ -74.6016998, 8.8617001 ], [ -74.6737976, 8.9659996 ], [ -74.740097, 9.0123997 ], [ -74.7994995, 9.0289001 ], [ -74.843399, 9.0718002 ], [ -74.9137802, 9.2010612 ], [ -74.9253006, 9.2447996 ], [ -74.9335022, 9.3985004 ], [ -75.0020981, 9.5131998 ], [ -75.0333023, 9.5428 ], [ -75.1214981, 9.5738001 ], [ -75.1970978, 9.6573 ], [ -75.2518005, 9.6759996 ], [ -75.3199005, 9.6780005 ], [ -75.3641968, 9.6643 ], [ -75.3879013, 9.6880999 ], [ -75.3562012, 9.7255001 ], [ -75.3412018, 9.7693005 ], [ -75.3448029, 9.8641005 ], [ -75.4382019, 9.8870001 ], [ -75.4791031, 9.8785 ], [ -75.4704971, 9.9344997 ], [ -75.4849014, 10.0136995 ], [ -75.5259018, 10.0410004 ], [ -75.5056992, 10.1113997 ], [ -75.5310974, 10.1138 ], [ -75.5723237, 10.0848242 ], [ -75.5819526, 10.1181531 ], [ -75.5222717, 10.1761199 ], [ -75.5227027, 10.2354637 ], [ -75.6081775, 10.2239142 ], [ -75.5930973, 10.2728994 ], [ -75.5643045, 10.2674391 ], [ -75.5159693, 10.2983607 ], [ -75.5125507, 10.3829038 ], [ -75.5547384, 10.4240085 ], [ -75.5107037, 10.4564111 ], [ -75.4915683, 10.4888471 ], [ -75.4954698, 10.5369544 ], [ -75.5157535, 10.5607017 ], [ -75.4590243, 10.5959869 ], [ -75.4510762, 10.6285899 ], [ -75.4014791, 10.6613277 ], [ -75.3954125, 10.6814379 ], [ -75.2991193, 10.6998268 ], [ -75.2751682, 10.7144991 ], [ -75.2605027, 10.8009629 ], [ -75.2490005, 10.7133999 ], [ -75.2806015, 10.5697002 ], [ -75.2649994, 10.4996996 ], [ -75.1692963, 10.434 ], [ -75.1508026, 10.4033003 ], [ -75.1006012, 10.3927002 ], [ -74.995697, 10.3247004 ], [ -74.9656982, 10.2824001 ], [ -74.9246979, 10.2504997 ] ] ] ] } },
{ "type": "Feature", "properties": { "POLYGON_ID": "COL_GAUL2010_ADM1_939", "ADM0_ISO3": "COL", "ADM0_NAME": "Colombia", "ADM0_CODE": 57, "ADM1_NAME": "Boyaca", "ADM1_CODE": 939, "GEOSET": "GAUL", "GEOSET_YEAR": 2010.0, "GEOSET_VERSION": "GAUL_v1", "GEOSET_UNIT": "ADM1", "CENTROID_LONG": -73.122164238856854, "CENTROID_LAT": 5.7599219260647727 }, "geometry": { "type": "MultiPolygon", "coordinates": [ [ [ [ -72.0321612, 7.0220055 ], [ -71.9830857, 7.0102781 ], [ -72.0037003, 6.8983998 ], [ -72.0445023, 6.8176999 ], [ -72.0554962, 6.7663999 ], [ -72.1458969, 6.5756001 ], [ -72.1653976, 6.4734001 ], [ -72.231102, 6.4130001 ], [ -72.3170013, 6.4157 ], [ -72.3166428, 6.353106 ], [ -72.3722992, 6.3182998 ], [ -72.4223862, 6.2437491 ], [ -72.4195023, 6.2266998 ], [ -72.4338989, 6.1694999 ], [ -72.4027023, 6.0936999 ], [ -72.3600006, 6.0542998 ], [ -72.3848038, 6.0036001 ], [ -72.4095001, 5.8916001 ], [ -72.4464035, 5.8674998 ], [ -72.4751968, 5.8288999 ], [ -72.4312973, 5.8137002 ], [ -72.3367996, 5.7635999 ], [ -72.2998962, 5.7069001 ], [ -72.2527847, 5.6601372 ], [ -72.305603, 5.6237001 ], [ -72.3239975, 5.5320001 ], [ -72.3267975, 5.4713001 ], [ -72.3544998, 5.4650998 ], [ -72.4207993, 5.5428 ], [ -72.453598, 5.4990001 ], [ -72.501503, 5.4640002 ], [ -72.5261993, 5.4253998 ], [ -72.5924988, 5.3783002 ], [ -72.6080017, 5.3396001 ], [ -72.6679993, 5.3179002 ], [ -72.713501, 5.2350001 ], [ -72.7798004, 5.3154998 ], [ -72.8087006, 5.3399 ], [ -72.8604965, 5.3216 ], [ -72.8824005, 5.2894001 ], [ -72.9717026, 5.2101002 ], [ -72.9583969, 5.1810999 ], [ -72.9860992, 5.1142001 ], [ -72.9300995, 5.0556998 ], [ -72.9300995, 5.0215998 ], [ -72.9882965, 4.9738998 ], [ -73.0470963, 4.9521999 ], [ -73.0608978, 4.9204998 ], [ -73.0707016, 4.8372998 ], [ -73.0948029, 4.7802 ], [ -73.0781021, 4.7143002 ], [ -73.1039963, 4.7052002 ], [ -73.1287994, 4.6493001 ], [ -73.1864014, 4.6420002 ], [ -73.2613983, 4.6735001 ], [ -73.2630997, 4.7076001 ], [ -73.3346024, 4.7108002 ], [ -73.3547974, 4.7542 ], [ -73.4020996, 4.7786002 ], [ -73.4160004, 4.8502998 ], [ -73.4481964, 4.8712001 ], [ -73.5479965, 4.8716998 ], [ -73.5716019, 4.9099002 ], [ -73.5307007, 4.9893999 ], [ -73.5101013, 5.0927 ], [ -73.5590973, 5.1998 ], [ -73.5712967, 5.2651 ], [ -73.6011963, 5.2831998 ], [ -73.6363983, 5.3301001 ], [ -73.6434021, 5.381 ], [ -73.6923981, 5.4418001 ], [ -73.8264389, 5.4879022 ], [ -73.8100967, 5.5462999 ], [ -73.8447037, 5.5643001 ], [ -73.9253006, 5.5005002 ], [ -73.9409027, 5.4544001 ], [ -73.9737015, 5.4066 ], [ -74.0129013, 5.3906002 ], [ -74.0403519, 5.354671 ], [ -74.1039963, 5.3863001 ], [ -74.1386032, 5.4436998 ], [ -74.1690979, 5.4391999 ], [ -74.2089005, 5.4607 ], [ -74.2434998, 5.4614 ], [ -74.2919998, 5.4980001 ], [ -74.2954025, 5.5258002 ], [ -74.3380966, 5.5929999 ], [ -74.3451004, 5.6206999 ], [ -74.3052979, 5.6708002 ], [ -74.3354034, 5.7846999 ], [ -74.3687973, 5.8161001 ], [ -74.4160004, 5.7666001 ], [ -74.4684982, 5.7454 ], [ -74.4962006, 5.7639999 ], [ -74.5560989, 5.7723999 ], [ -74.5947037, 5.7424998 ], [ -74.6309967, 5.7368999 ], [ -74.6743011, 5.7584 ], [ -74.6604996, 5.8565998 ], [ -74.6091995, 5.8887 ], [ -74.6259995, 5.9569001 ], [ -74.5907974, 5.9728999 ], [ -74.6057968, 6.0145998 ], [ -74.5874023, 6.0486002 ], [ -74.6242981, 6.0794001 ], [ -74.6295013, 6.1100001 ], [ -74.6018982, 6.1977 ], [ -74.566803, 6.2512999 ], [ -74.5517883, 6.2473779 ], [ -74.5056, 6.1921 ], [ -74.4761963, 6.0695 ], [ -74.4144974, 6.0258999 ], [ -74.3516006, 6.0296998 ], [ -74.3360977, 6.0493002 ], [ -74.2922974, 6.0496998 ], [ -74.2875977, 5.9334998 ], [ -74.2611008, 5.9207001 ], [ -74.260498, 5.8594999 ], [ -74.233902, 5.8403001 ], [ -74.1941986, 5.8771 ], [ -74.1110992, 5.8323002 ], [ -74.0972977, 5.7958999 ], [ -74.0401993, 5.7898002 ], [ -73.9981003, 5.7220998 ], [ -73.9139023, 5.7206001 ], [ -73.8223038, 5.7357998 ], [ -73.7755966, 5.7610002 ], [ -73.7230988, 5.7556 ], [ -73.6959991, 5.7191 ], [ -73.6591034, 5.7126002 ], [ -73.6371994, 5.7437 ], [ -73.6407013, 5.7870002 ], [ -73.6251984, 5.8597002 ], [ -73.6379013, 5.895 ], [ -73.6304016, 5.9464002 ], [ -73.5792007, 6.0091 ], [ -73.5330963, 6.0943999 ], [ -73.4408035, 6.0454998 ], [ -73.4039001, 5.9604998 ], [ -73.4511032, 5.8757 ], [ -73.4961014, 5.8326001 ], [ -73.4297028, 5.7405 ], [ -73.375, 5.8344002 ], [ -73.3023987, 5.8509002 ], [ -73.2689972, 5.8964 ], [ -73.2418976, 5.9702001 ], [ -73.0892029, 5.9510999 ], [ -73.0516968, 5.9526 ], [ -73.0130997, 5.9749999 ], [ -72.9796982, 6.0325999 ], [ -72.9382019, 6.0676999 ], [ -72.8823013, 6.1385002 ], [ -72.8115005, 6.1988001 ], [ -72.7890015, 6.2311001 ], [ -72.7873001, 6.2923002 ], [ -72.7637024, 6.3638 ], [ -72.7567978, 6.4232998 ], [ -72.8277969, 6.5107999 ], [ -72.8386993, 6.5369 ], [ -72.8019028, 6.5668001 ], [ -72.7488022, 6.5221 ], [ -72.717598, 6.4514999 ], [ -72.6853027, 6.4126 ], [ -72.6433029, 6.4194002 ], [ -72.5636978, 6.4819999 ], [ -72.572403, 6.5386 ], [ -72.5546036, 6.5865002 ], [ -72.5274963, 6.6111999 ], [ -72.5280991, 6.6712999 ], [ -72.516098, 6.7810001 ], [ -72.5310974, 6.8943 ], [ -72.4601974, 6.8628001 ], [ -72.4233017, 6.8573999 ], [ -72.370903, 6.8873 ], [ -72.3443985, 6.9229999 ], [ -72.3179016, 6.9840999 ], [ -72.2862015, 6.9643002 ], [ -72.2470016, 6.9797001 ], [ -72.2192993, 7.0258002 ], [ -72.1732025, 7.0152001 ], [ -72.1306, 7.0249 ], [ -72.0709457, 7.0147042 ], [ -72.0321612, 7.0220055 ] ] ] ] } },
{ "type": "Feature", "properties": { "POLYGON_ID": "COL_GAUL2010_ADM1_940", "ADM0_ISO3": "COL", "ADM0_NAME": "Colombia", "ADM0_CODE": 57, "ADM1_NAME": "Buenaventura", "ADM1_CODE": 940, "GEOSET": "GAUL", "GEOSET_YEAR": 2010.0, "GEOSET_VERSION": "GAUL_v1", "GEOSET_UNIT": "ADM1", "CENTROID_LONG": -77.107353208064623, "CENTROID_LAT": 3.8036150983132808 }, "geometry": { "type": "MultiPolygon", "coordinates": [ [ [ [ -77.1043854, 3.8079741 ], [ -77.1058731, 3.7954171 ], [ -77.1102295, 3.8031728 ], [ -77.1106415, 3.8084068 ], [ -77.1043854, 3.8079741 ] ] ] ] } },
{ "type": "Feature", "properties": { "POLYGON_ID": "COL_GAUL2010_ADM1_941", "ADM0_ISO3": "COL", "ADM0_NAME": "Colombia", "ADM0_CODE": 57, "ADM1_NAME": "Caldas", "ADM1_CODE": 941, "GEOSET": "GAUL", "GEOSET_YEAR": 2010.0, "GEOSET_VERSION": "GAUL_v1", "GEOSET_UNIT": "ADM1", "CENTROID_LONG": -75.339572919696167, "CENTROID_LAT": 5.331668149613793 }, "geometry": { "type": "MultiPolygon", "coordinates": [ [ [ [ -74.6765976, 5.7584 ], [ -74.6852036, 5.7175002 ], [ -74.6597977, 5.6543999 ], [ -74.6632996, 5.6093001 ], [ -74.6850967, 5.5569 ], [ -74.6713028, 5.5349002 ], [ -74.6925964, 5.4807 ], [ -74.6850967, 5.4257998 ], [ -74.7162018, 5.3853998 ], [ -74.7179031, 5.3576999 ], [ -74.7472, 5.2873998 ], [ -74.7657013, 5.2729998 ], [ -74.8912964, 5.2915001 ], [ -74.9097977, 5.2817001 ], [ -75.0112, 5.2803998 ], [ -75.0631027, 5.2708001 ], [ -75.1057968, 5.2403998 ], [ -75.1507034, 5.1532998 ], [ -75.2077026, 5.1536002 ], [ -75.2423019, 5.1306 ], [ -75.3253021, 5.1269002 ], [ -75.3610001, 5.0837002 ], [ -75.3466034, 4.9837999 ], [ -75.3615036, 4.9445 ], [ -75.354599, 4.8515 ], [ -75.4132996, 4.8055 ], [ -75.518898, 4.9105001 ], [ -75.5483017, 4.9211001 ], [ -75.6388016, 4.9266 ], [ -75.6619034, 4.9549999 ], [ -75.6884003, 4.9285998 ], [ -75.7229996, 4.9218001 ], [ -75.7575989, 4.9531002 ], [ -75.7615967, 4.9942002 ], [ -75.7841034, 5.0324001 ], [ -75.831398, 4.9898 ], [ -75.8416977, 4.9528999 ], [ -75.8116989, 4.9175 ], [ -75.9067993, 4.9208002 ], [ -75.9538956, 5.033854 ], [ -75.9531021, 5.1128001 ], [ -75.9185028, 5.1248002 ], [ -75.8839035, 5.1160002 ], [ -75.8769989, 5.1511998 ], [ -75.8488007, 5.1961002 ], [ -75.8673019, 5.2736001 ], [ -75.7968979, 5.2744999 ], [ -75.7565994, 5.2494001 ], [ -75.7076035, 5.2751999 ], [ -75.683403, 5.3294001 ], [ -75.7145004, 5.3319001 ], [ -75.7335968, 5.381 ], [ -75.8107986, 5.3785 ], [ -75.8799973, 5.3527999 ], [ -75.9036026, 5.3702002 ], [ -75.8865051, 5.4751382 ], [ -75.8408966, 5.5142999 ], [ -75.7441025, 5.5237999 ], [ -75.7285004, 5.5064001 ], [ -75.6523972, 5.5198998 ], [ -75.6143036, 5.5151 ], [ -75.626503, 5.5977998 ], [ -75.6173019, 5.6798 ], [ -75.6299973, 5.7307 ], [ -75.566597, 5.7136002 ], [ -75.5590973, 5.6917 ], [ -75.5077972, 5.6602001 ], [ -75.453598, 5.6872001 ], [ -75.4259033, 5.6835999 ], [ -75.3930969, 5.6511002 ], [ -75.4092026, 5.6055002 ], [ -75.3740005, 5.5949998 ], [ -75.3665009, 5.5331998 ], [ -75.3365021, 5.4568 ], [ -75.2546005, 5.4731998 ], [ -75.2350006, 5.5124002 ], [ -75.1797028, 5.5226002 ], [ -75.1531982, 5.5634999 ], [ -75.1243973, 5.5806999 ], [ -75.1157989, 5.6482 ], [ -75.0351028, 5.6743999 ], [ -75.0167007, 5.7055998 ], [ -74.8771973, 5.7339001 ], [ -74.8587036, 5.7003002 ], [ -74.7982025, 5.6774998 ], [ -74.7652969, 5.6831002 ], [ -74.722702, 5.7598 ], [ -74.6765976, 5.7584 ] ] ] ] } },
{ "type": "Feature", "properties": { "POLYGON_ID": "COL_GAUL2010_ADM1_942", "ADM0_ISO3": "COL", "ADM0_NAME": "Colombia", "ADM0_CODE": 57, "ADM1_NAME": "Caqueta", "ADM1_CODE": 942, "GEOSET": "GAUL", "GEOSET_YEAR": 2010.0, "GEOSET_VERSION": "GAUL_v1", "GEOSET_UNIT": "ADM1", "CENTROID_LONG": -73.986168954604665, "CENTROID_LAT": 0.77577236617254031 }, "geometry": { "type": "MultiPolygon", "coordinates": [ [ [ [ -73.660202, 1.6109 ], [ -73.653801, 1.4901 ], [ -73.6175003, 1.4761 ], [ -73.5868988, 1.4407001 ], [ -73.5558014, 1.3794 ], [ -73.5113983, 1.3492 ], [ -73.4738998, 1.2866 ], [ -73.4553986, 1.2785 ], [ -73.4368973, 1.1646 ], [ -73.3365021, 1.0619 ], [ -73.263298, 1.0085 ], [ -73.211998, 0.9817 ], [ -73.2015991, 0.9557 ], [ -73.1508026, 0.9069 ], [ -73.0966034, 0.8882 ], [ -73.0187988, 0.9104 ], [ -72.9819031, 0.942 ], [ -72.9468002, 0.9968 ], [ -72.8880005, 1.0115 ], [ -72.9036026, 1.0779999 ], [ -72.8979034, 1.1102999 ], [ -72.867897, 1.1501 ], [ -72.7923965, 1.159 ], [ -72.7658997, 1.1271 ], [ -72.7174988, 1.1604 ], [ -72.6696014, 1.1568 ], [ -72.6119995, 1.0953 ], [ -72.5311966, 1.0534 ], [ -72.487999, 1.0578001 ], [ -72.4372025, 1.0091 ], [ -72.4238968, 0.9501 ], [ -72.3685989, 0.9031 ], [ -72.3541031, 0.8528 ], [ -72.3125992, 0.8497 ], [ -72.3074036, 0.7919 ], [ -72.3211975, 0.7741 ], [ -72.2814026, 0.741 ], [ -72.2427979, 0.7264 ], [ -72.2121963, 0.6927 ], [ -72.0945969, 0.6645 ], [ -72.0738983, 0.6338 ], [ -72.0421982, 0.6389 ], [ -72.0150986, 0.6284 ], [ -72.0022964, 0.529 ], [ -71.9458008, 0.5195 ], [ -71.9297028, 0.4807 ], [ -71.9458008, 0.4554 ], [ -71.9313965, 0.4247 ], [ -71.867897, 0.4048 ], [ -71.8391037, 0.3712 ], [ -71.8591995, 0.3152 ], [ -71.8177032, 0.3151 ], [ -71.7698975, 0.2935 ], [ -71.7554016, 0.2617 ], [ -71.651001, 0.1561 ], [ -71.6003036, 0.142 ], [ -71.5594025, 0.1459 ], [ -71.5559006, 0.0962 ], [ -71.4861145, 0.118058 ], [ -71.5327988, 0.0568 ], [ -71.6118011, -0.0127 ], [ -71.6278992, -0.0514 ], [ -71.6906967, -0.0921 ], [ -71.7621002, -0.16 ], [ -71.8013, -0.2626 ], [ -71.832901, -0.2931 ], [ -71.8899994, -0.3062 ], [ -72.0082016, -0.2803 ], [ -72.0467987, -0.2847 ], [ -72.0699005, -0.3083 ], [ -72.0762024, -0.3597 ], [ -72.1378021, -0.3918 ], [ -72.1920013, -0.4401 ], [ -72.2611008, -0.6165 ], [ -72.289299, -0.654 ], [ -72.3359985, -0.6722 ], [ -72.3993988, -0.6477 ], [ -72.4310989, -0.6141 ], [ -72.4806976, -0.6116 ], [ -72.5803986, -0.7301 ], [ -72.6432037, -0.6975 ], [ -72.7320023, -0.6169 ], [ -72.7955017, -0.59 ], [ -72.8340988, -0.6303 ], [ -72.8824997, -0.648 ], [ -72.9511032, -0.646 ], [ -72.9769974, -0.5864 ], [ -73.0157013, -0.5556 ], [ -73.0606003, -0.5537 ], [ -73.0923004, -0.6015 ], [ -73.093399, -0.6425 ], [ -73.1638031, -0.6358 ], [ -73.2230988, -0.6575 ], [ -73.2755966, -0.614 ], [ -73.2940979, -0.5822 ], [ -73.3874969, -0.5448 ], [ -73.4162979, -0.5574 ], [ -73.4543991, -0.5468 ], [ -73.5327988, -0.5557 ], [ -73.5811996, -0.544 ], [ -73.6285019, -0.4693 ], [ -73.6791992, -0.476 ], [ -73.702301, -0.4441 ], [ -73.7507019, -0.4104 ], [ -73.8280029, -0.4436 ], [ -73.8836517, -0.430559 ], [ -73.9414978, -0.401 ], [ -74.0233994, -0.381 ], [ -74.0569, -0.3647 ], [ -74.0817032, -0.3155 ], [ -74.1139984, -0.3142 ], [ -74.1635971, -0.2787 ], [ -74.1951981, -0.2994 ], [ -74.3152008, -0.2423 ], [ -74.2978973, -0.1782 ], [ -74.3412018, -0.1729 ], [ -74.3958969, -0.1484 ], [ -74.4477997, -0.1666 ], [ -74.4473038, -0.1337 ], [ -74.4859009, -0.1197 ], [ -74.5059967, -0.1687 ], [ -74.6420975, -0.1335 ], [ -74.6951981, -0.0489 ], [ -74.7356033, 0.0471 ], [ -74.7073975, 0.0817 ], [ -74.7080002, 0.1325 ], [ -74.737999, 0.1731 ], [ -74.7857971, 0.1866 ], [ -74.8682022, 0.1938 ], [ -74.9962006, 0.2336 ], [ -75.0279999, 0.2505 ], [ -75.0048981, 0.2938 ], [ -75.021698, 0.3233 ], [ -75.021698, 0.3701 ], [ -75.0033035, 0.3948 ], [ -75.0366974, 0.4562 ], [ -75.2321014, 0.4657 ], [ -75.2326965, 0.4934 ], [ -75.2661972, 0.5386 ], [ -75.237999, 0.5859 ], [ -75.2875977, 0.6542 ], [ -75.2904968, 0.7131 ], [ -75.3683014, 0.7435 ], [ -75.4392014, 0.7276 ], [ -75.543602, 0.7604 ], [ -75.5771027, 0.8293 ], [ -75.6376038, 0.8347 ], [ -75.6577988, 0.8597 ], [ -75.7200012, 0.8403 ], [ -75.8002014, 0.8273 ], [ -75.8024979, 0.8603 ], [ -75.8290024, 0.8771 ], [ -75.8744965, 0.8704 ], [ -75.9455032, 0.9672 ], [ -75.9392014, 1.0093 ], [ -76.0044022, 1.0546 ], [ -76.024498, 1.0397 ], [ -76.1035004, 1.0464 ], [ -76.172699, 1.1148 ], [ -76.2158966, 1.0987999 ], [ -76.2033005, 1.1513 ], [ -76.2176971, 1.1813999 ], [ -76.2713013, 1.1614 ], [ -76.2845993, 1.2395 ], [ -76.3128967, 1.2835 ], [ -76.2686005, 1.3769 ], [ -76.2373962, 1.4137 ], [ -76.2305984, 1.4553 ], [ -76.1724014, 1.5272 ], [ -76.1325073, 1.493471 ], [ -76.0218964, 1.5266 ], [ -75.9597015, 1.5991 ], [ -75.868103, 1.6605999 ], [ -75.8261032, 1.7574 ], [ -75.7869034, 1.7983 ], [ -75.756897, 1.8536 ], [ -75.6797028, 1.9226 ], [ -75.5858002, 1.9672 ], [ -75.5714035, 2.0169001 ], [ -75.4682999, 2.1909001 ], [ -75.3714981, 2.2916 ], [ -75.3023987, 2.3704 ], [ -75.2817001, 2.4730999 ], [ -75.2414017, 2.5371001 ], [ -75.1780014, 2.4870999 ], [ -75.0529022, 2.575 ], [ -75.0091019, 2.6199 ], [ -75.0189972, 2.6499 ], [ -75.0794983, 2.7356999 ], [ -75.0403976, 2.7921 ], [ -74.9447021, 2.9031999 ], [ -74.9206009, 2.9440999 ], [ -74.8738022, 2.9168 ], [ -74.8144989, 2.8975 ], [ -74.7232971, 2.8439 ], [ -74.6673965, 2.8194001 ], [ -74.6091995, 2.7788 ], [ -74.6051025, 2.6678 ], [ -74.661499, 2.5929999 ], [ -74.6955032, 2.5186 ], [ -74.6763992, 2.4405999 ], [ -74.6787033, 2.4042001 ], [ -74.6619034, 2.2499001 ], [ -74.6348038, 2.1868 ], [ -74.6289978, 2.1452 ], [ -74.6312027, 2.0378001 ], [ -74.5850983, 1.9306999 ], [ -74.5406036, 1.867 ], [ -74.4720001, 1.8066 ], [ -74.2748032, 1.785 ], [ -74.2235031, 1.7640001 ], [ -74.1883011, 1.7286 ], [ -74.1405029, 1.6585 ], [ -74.0932007, 1.6473 ], [ -74.0469971, 1.6015 ], [ -73.9852982, 1.5757999 ], [ -73.930603, 1.5704 ], [ -73.8434982, 1.5862 ], [ -73.7899017, 1.6062 ], [ -73.660202, 1.6109 ] ] ] ] } },
{ "type": "Feature", "properties": { "POLYGON_ID": "COL_GAUL2010_ADM1_943", "ADM0_ISO3": "COL", "ADM0_NAME": "Colombia", "ADM0_CODE": 57, "ADM1_NAME": "Casanare", "ADM1_CODE": 943, "GEOSET": "GAUL", "GEOSET_YEAR": 2010.0, "GEOSET_VERSION": "GAUL_v1", "GEOSET_UNIT": "ADM1", "CENTROID_LONG": -71.623385867242561, "CENTROID_LAT": 5.3681806314610698 }, "geometry": { "type": "MultiPolygon", "coordinates": [ [ [ [ -69.8478699, 6.00488 ], [ -69.8916016, 5.9267001 ], [ -69.9382019, 5.8759999 ], [ -70.0033035, 5.7412 ], [ -70.0373001, 5.7101002 ], [ -70.050499, 5.6540999 ], [ -70.1162033, 5.6336002 ], [ -70.1283035, 5.5984001 ], [ -70.239502, 5.5446 ], [ -70.2959976, 5.5327001 ], [ -70.3628998, 5.5335999 ], [ -70.4326019, 5.5102 ], [ -70.5011978, 5.4682999 ], [ -70.5478973, 5.4233999 ], [ -70.6924973, 5.3218002 ], [ -70.6970978, 5.2680998 ], [ -70.7397003, 5.2082 ], [ -70.8358994, 5.1490998 ], [ -70.8675995, 5.1053 ], [ -70.9541016, 5.0826001 ], [ -70.9719009, 5.0625 ], [ -71.0236969, 4.9338999 ], [ -71.0854034, 4.8601999 ], [ -71.1949005, 4.7965002 ], [ -71.3567963, 4.7347999 ], [ -71.4293976, 4.6975999 ], [ -71.5735016, 4.6485 ], [ -71.5942001, 4.6220002 ], [ -71.7238998, 4.5567002 ], [ -71.7890015, 4.5414 ], [ -71.842598, 4.5162001 ], [ -71.9838028, 4.3666 ], [ -72.0714035, 4.3467999 ], [ -72.1014023, 4.3989 ], [ -72.2621994, 4.3902998 ], [ -72.3319015, 4.3593998 ], [ -72.3867035, 4.3111 ], [ -72.4171982, 4.2990999 ], [ -72.4651031, 4.3091002 ], [ -72.4933014, 4.2873001 ], [ -72.5631027, 4.3153 ], [ -72.5952988, 4.2721 ], [ -72.6362991, 4.2827001 ], [ -72.7106018, 4.2702999 ], [ -72.7249985, 4.2473001 ], [ -72.7677002, 4.2659001 ], [ -72.7729034, 4.2937002 ], [ -72.8496017, 4.3730998 ], [ -72.8714981, 4.4095998 ], [ -72.933197, 4.4752002 ], [ -73.0025024, 4.5626998 ], [ -73.0723038, 4.6664 ], [ -73.0781021, 4.7143002 ], [ -73.0948029, 4.7802 ], [ -73.0707016, 4.8372998 ], [ -73.0608978, 4.9204998 ], [ -73.0470963, 4.9521999 ], [ -72.9882965, 4.9738998 ], [ -72.9300995, 5.0215998 ], [ -72.9300995, 5.0556998 ], [ -72.9860992, 5.1142001 ], [ -72.9583969, 5.1810999 ], [ -72.9717026, 5.2101002 ], [ -72.8824005, 5.2894001 ], [ -72.8604965, 5.3216 ], [ -72.8087006, 5.3399 ], [ -72.7798004, 5.3154998 ], [ -72.713501, 5.2350001 ], [ -72.6679993, 5.3179002 ], [ -72.6080017, 5.3396001 ], [ -72.5924988, 5.3783002 ], [ -72.5261993, 5.4253998 ], [ -72.501503, 5.4640002 ], [ -72.453598, 5.4990001 ], [ -72.4207993, 5.5428 ], [ -72.3544998, 5.4650998 ], [ -72.3267975, 5.4713001 ], [ -72.3239975, 5.5320001 ], [ -72.305603, 5.6237001 ], [ -72.2527847, 5.6601372 ], [ -72.2998962, 5.7069001 ], [ -72.3367996, 5.7635999 ], [ -72.4312973, 5.8137002 ], [ -72.4751968, 5.8288999 ], [ -72.4464035, 5.8674998 ], [ -72.4095001, 5.8916001 ], [ -72.3848038, 6.0036001 ], [ -72.3600006, 6.0542998 ], [ -72.4027023, 6.0936999 ], [ -72.4338989, 6.1694999 ], [ -72.4195023, 6.2266998 ], [ -72.3957977, 6.1861 ], [ -72.3122025, 6.1731 ], [ -72.3087006, 6.1360998 ], [ -72.2792969, 6.0960999 ], [ -72.1455994, 6.0401001 ], [ -72.0891037, 6.0854998 ], [ -72.0123978, 6.1065001 ], [ -71.9524994, 6.1339998 ], [ -71.9150009, 6.1297998 ], [ -71.8384018, 6.1405001 ], [ -71.7979965, 6.1732001 ], [ -71.7312012, 6.1919999 ], [ -71.6649017, 6.2003999 ], [ -71.5951004, 6.1648998 ], [ -71.558197, 6.1767998 ], [ -71.5195999, 6.1680002 ], [ -71.4464035, 6.1971998 ], [ -71.3743973, 6.1992002 ], [ -71.3184967, 6.2290001 ], [ -71.2499008, 6.2304001 ], [ -71.2233963, 6.2505002 ], [ -71.1490021, 6.2259998 ], [ -71.0301971, 6.2203002 ], [ -70.9951019, 6.2016001 ], [ -70.8964996, 6.1845002 ], [ -70.8687973, 6.1993999 ], [ -70.7949982, 6.2048001 ], [ -70.7742996, 6.1915002 ], [ -70.6877975, 6.1865001 ], [ -70.5880966, 6.204 ], [ -70.5159988, 6.2059999 ], [ -70.4468994, 6.2420998 ], [ -70.354599, 6.2456999 ], [ -70.2940979, 6.2391 ], [ -70.1725006, 6.2479 ], [ -70.1585999, 6.2195001 ], [ -70.0582962, 6.1353002 ], [ -70.0548019, 6.1082001 ], [ -70.0, 6.1101999 ], [ -69.9580002, 6.0978999 ], [ -69.9231644, 6.0579252 ], [ -69.9112015, 6.0163002 ], [ -69.8478699, 6.00488 ] ] ] ] } },
{ "type": "Feature", "properties": { "POLYGON_ID": "COL_GAUL2010_ADM1_944", "ADM0_ISO3": "COL", "ADM0_NAME": "Colombia", "ADM0_CODE": 57, "ADM1_NAME": "Cauca", "ADM1_CODE": 944, "GEOSET": "GAUL", "GEOSET_YEAR": 2010.0, "GEOSET_VERSION": "GAUL_v1", "GEOSET_UNIT": "ADM1", "CENTROID_LONG": -76.857512040353001, "CENTROID_LAT": 2.3862537280746072 }, "geometry": { "type": "MultiPolygon", "coordinates": [ [ [ [ -76.0971451, 3.2085929 ], [ -76.1006012, 3.0922999 ], [ -76.0798035, 3.0297999 ], [ -76.0574036, 3.0002999 ], [ -76.0048981, 2.9689 ], [ -76.0083008, 2.8701 ], [ -75.9770966, 2.7516 ], [ -75.9430008, 2.6694 ], [ -75.8905029, 2.5969999 ], [ -75.8478012, 2.4576001 ], [ -75.8909988, 2.4219999 ], [ -75.9284973, 2.4158001 ], [ -75.9572983, 2.4609001 ], [ -76.0270996, 2.4865999 ], [ -76.0755005, 2.4689 ], [ -76.096199, 2.4188001 ], [ -76.138298, 2.3831 ], [ -76.1855011, 2.3747001 ], [ -76.2749023, 2.4015999 ], [ -76.3100967, 2.3943 ], [ -76.3244019, 2.3106 ], [ -76.4063034, 2.2941999 ], [ -76.4178009, 2.2658999 ], [ -76.3860016, 2.1959 ], [ -76.3682022, 2.1789999 ], [ -76.365303, 2.1259 ], [ -76.4113007, 2.0764 ], [ -76.4366989, 2.0725 ], [ -76.5278015, 2.1243 ], [ -76.5606995, 2.1331 ], [ -76.6194992, 2.1199999 ], [ -76.6396027, 2.0755999 ], [ -76.6195984, 1.987041 ], [ -76.6296997, 1.9589 ], [ -76.6123962, 1.8647 ], [ -76.5466995, 1.865 ], [ -76.5046005, 1.8377 ], [ -76.4704971, 1.7815 ], [ -76.467598, 1.7047 ], [ -76.4750977, 1.651 ], [ -76.4468002, 1.6162 ], [ -76.347702, 1.5944 ], [ -76.3014984, 1.5283999 ], [ -76.270401, 1.5109 ], [ -76.1920013, 1.5371 ], [ -76.1724014, 1.5272 ], [ -76.2305984, 1.4553 ], [ -76.2373962, 1.4137 ], [ -76.2686005, 1.3769 ], [ -76.3128967, 1.2835 ], [ -76.2845993, 1.2395 ], [ -76.2713013, 1.1614 ], [ -76.2176971, 1.1813999 ], [ -76.2033005, 1.1513 ], [ -76.2158966, 1.0987999 ], [ -76.172699, 1.1148 ], [ -76.1035004, 1.0464 ], [ -76.0942993, 1.0186 ], [ -76.1501999, 0.9986 ], [ -76.194603, 1.015 ], [ -76.2233963, 0.9753 ], [ -76.3259964, 0.9537 ], [ -76.3852997, 0.9684 ], [ -76.4394989, 0.9692 ], [ -76.581398, 1.0472 ], [ -76.5877991, 1.1188999 ], [ -76.5642014, 1.1968 ], [ -76.5618973, 1.2349 ], [ -76.5878983, 1.3609 ], [ -76.6098022, 1.3835 ], [ -76.7014999, 1.4238 ], [ -76.7366028, 1.3939 ], [ -76.7670975, 1.3108 ], [ -76.7959976, 1.2925 ], [ -76.8622437, 1.30257 ], [ -76.8339996, 1.3388 ], [ -76.8386993, 1.3827 ], [ -76.8664017, 1.425 ], [ -76.8197021, 1.5184 ], [ -76.8169022, 1.5565 ], [ -76.8365021, 1.5965 ], [ -76.8803024, 1.6134 ], [ -76.9662018, 1.664 ], [ -77.0360031, 1.714 ], [ -77.1212997, 1.6751 ], [ -77.1875992, 1.6788 ], [ -77.2987976, 1.6654 ], [ -77.3529968, 1.6737 ], [ -77.3646011, 1.6921999 ], [ -77.3247986, 1.7493 ], [ -77.3272018, 1.8209 ], [ -77.3098984, 1.8549 ], [ -77.2425003, 1.9245 ], [ -77.2465973, 1.9673001 ], [ -77.2874985, 2.0090001 ], [ -77.2921982, 2.0859001 ], [ -77.3636017, 2.0896001 ], [ -77.382103, 2.1845 ], [ -77.3976974, 2.2093999 ], [ -77.4438019, 2.2130001 ], [ -77.5061035, 2.1925001 ], [ -77.6427002, 2.1902001 ], [ -77.7488022, 2.253 ], [ -77.7689972, 2.2744 ], [ -77.7748032, 2.3218 ], [ -77.9698029, 2.5502 ], [ -78.0224012, 2.6450739 ], [ -77.9709626, 2.6616449 ], [ -77.9468303, 2.6274062 ], [ -77.9068269, 2.6495194 ], [ -77.9073871, 2.6806031 ], [ -77.8459314, 2.7018747 ], [ -77.8100585, 2.6913196 ], [ -77.79419, 2.75836 ], [ -77.7519963, 2.7646237 ], [ -77.7204424, 2.82497 ], [ -77.6809608, 2.9345831 ], [ -77.6570999, 2.9514038 ], [ -77.6894891, 3.0031601 ], [ -77.6540121, 3.0610127 ], [ -77.6228526, 3.0817559 ], [ -77.5771218, 3.1397825 ], [ -77.5401657, 3.2102258 ], [ -77.5402337, 3.2426312 ], [ -77.4553986, 3.2620001 ], [ -77.4172974, 3.2434001 ], [ -77.3797989, 3.1784999 ], [ -77.3146973, 3.1823001 ], [ -77.254097, 3.1306 ], [ -77.2546997, 3.0954001 ], [ -77.2115021, 3.1078999 ], [ -77.1014023, 3.0848999 ], [ -77.0401993, 3.0783 ], [ -76.9946976, 3.0966001 ], [ -76.960701, 3.0722001 ], [ -76.8424988, 3.0827 ], [ -76.680603, 3.1057 ], [ -76.6292038, 3.0968001 ], [ -76.6016006, 3.1152 ], [ -76.552597, 3.1085999 ], [ -76.5243988, 3.1952 ], [ -76.4921036, 3.2372 ], [ -76.5226974, 3.2876 ], [ -76.4898987, 3.3162999 ], [ -76.4598999, 3.3155999 ], [ -76.3746033, 3.2753999 ], [ -76.2465973, 3.2697001 ], [ -76.2055969, 3.2348001 ], [ -76.1526031, 3.2132001 ], [ -76.0971451, 3.2085929 ] ] ] ] } },
{ "type": "Feature", "properties": { "POLYGON_ID": "COL_GAUL2010_ADM1_945", "ADM0_ISO3": "COL", "ADM0_NAME": "Colombia", "ADM0_CODE": 57, "ADM1_NAME": "Cesar", "ADM1_CODE": 945, "GEOSET": "GAUL", "GEOSET_YEAR": 2010.0, "GEOSET_VERSION": "GAUL_v1", "GEOSET_UNIT": "ADM1", "CENTROID_LONG": -73.536192269344269, "CENTROID_LAT": 9.518340846708119 }, "geometry": { "type": "MultiPolygon", "coordinates": [ [ [ [ -72.8866312, 10.3828992 ], [ -72.90002, 10.36123 ], [ -72.9140403, 10.1087195 ], [ -72.9476, 10.06344 ], [ -72.96081, 9.9981 ], [ -72.97757, 9.97604 ], [ -72.99045, 9.88288 ], [ -72.94772, 9.84019 ], [ -72.99506, 9.78408 ], [ -73.0062707, 9.7442393 ], [ -73.04992, 9.68462 ], [ -73.07368, 9.62243 ], [ -73.08024, 9.56597 ], [ -73.14577, 9.54527 ], [ -73.18809, 9.47712 ], [ -73.19292, 9.44317 ], [ -73.23803, 9.40746 ], [ -73.3167404, 9.2370598 ], [ -73.357, 9.2339 ], [ -73.3723335, 9.1763551 ], [ -73.3775024, 9.1419001 ], [ -73.427002, 9.1247997 ], [ -73.4378967, 9.0052996 ], [ -73.4516983, 8.9637003 ], [ -73.4360962, 8.7862997 ], [ -73.4718018, 8.7257996 ], [ -73.4705963, 8.6893997 ], [ -73.5402985, 8.6515999 ], [ -73.5593033, 8.5408001 ], [ -73.5505981, 8.5025997 ], [ -73.4963989, 8.4799004 ], [ -73.4946976, 8.4174995 ], [ -73.5212021, 8.3610001 ], [ -73.4732971, 8.3030005 ], [ -73.4265976, 8.3415003 ], [ -73.4197006, 8.3704004 ], [ -73.4330597, 8.4266682 ], [ -73.3695984, 8.4140997 ], [ -73.3610001, 8.371212 ], [ -73.3809967, 8.3021002 ], [ -73.4253998, 8.1988001 ], [ -73.4328003, 8.1225996 ], [ -73.4113998, 8.0353003 ], [ -73.327301, 7.9986 ], [ -73.3035965, 7.9366999 ], [ -73.3162003, 7.9008999 ], [ -73.375, 7.8751998 ], [ -73.368103, 7.7943001 ], [ -73.4291, 7.7217002 ], [ -73.4337006, 7.6946001 ], [ -73.5081024, 7.6845002 ], [ -73.6015015, 7.7196002 ], [ -73.6528015, 7.7087998 ], [ -73.7785034, 7.7220001 ], [ -73.7605972, 7.7705002 ], [ -73.7647018, 7.8081002 ], [ -73.7070999, 7.8979001 ], [ -73.7081985, 7.9245 ], [ -73.7584, 7.9646001 ], [ -73.7556, 7.9974999 ], [ -73.8005981, 8.0710001 ], [ -73.8076019, 8.1183147 ], [ -73.7988968, 8.1854 ], [ -73.7730026, 8.2320995 ], [ -73.7770996, 8.3181 ], [ -73.7718964, 8.4226999 ], [ -73.8007965, 8.4891996 ], [ -73.8071976, 8.5516005 ], [ -73.8434982, 8.6176004 ], [ -73.8153992, 8.7566996 ], [ -73.8177032, 8.7786999 ], [ -73.8574982, 8.8239002 ], [ -73.8863983, 8.9055004 ], [ -73.8771973, 8.9568005 ], [ -73.8287964, 9.0403996 ], [ -73.8864975, 9.1105003 ], [ -73.9084015, 9.1799002 ], [ -73.9857025, 9.1934996 ], [ -73.9644012, 9.2575998 ], [ -73.9996033, 9.3444004 ], [ -74.0410995, 9.3780003 ], [ -74.0860977, 9.4319 ], [ -74.1483994, 9.4668999 ], [ -74.1277008, 9.5003004 ], [ -74.0532989, 9.5819998 ], [ -73.9581985, 9.5752001 ], [ -73.8095016, 9.5820999 ], [ -73.8227997, 9.6514997 ], [ -73.8672028, 9.7320004 ], [ -73.8626022, 9.7735004 ], [ -73.925499, 9.8234997 ], [ -73.9596024, 9.8853998 ], [ -74.0230026, 9.9319 ], [ -74.031601, 9.9574003 ], [ -74.0840988, 10.0066996 ], [ -74.1107025, 10.0663004 ], [ -74.0940018, 10.1366997 ], [ -74.0087967, 10.2489996 ], [ -73.9580994, 10.3388996 ], [ -73.9067993, 10.3790998 ], [ -73.814003, 10.3838997 ], [ -73.7414017, 10.4125004 ], [ -73.7350998, 10.4435997 ], [ -73.6940994, 10.4491997 ], [ -73.6567001, 10.5038996 ], [ -73.6267014, 10.5148001 ], [ -73.6428986, 10.6297998 ], [ -73.6343002, 10.6851997 ], [ -73.6020966, 10.7313004 ], [ -73.6257019, 10.7631998 ], [ -73.6850967, 10.7600002 ], [ -73.6885986, 10.7796001 ], [ -73.6260452, 10.8069162 ], [ -73.5634995, 10.8165998 ], [ -73.4815979, 10.8474998 ], [ -73.3300018, 10.8463001 ], [ -73.2913971, 10.7531004 ], [ -73.239502, 10.7205 ], [ -73.1869965, 10.6429005 ], [ -73.1547012, 10.6381998 ], [ -73.1126022, 10.6079998 ], [ -73.1258011, 10.552 ], [ -73.1476974, 10.5202999 ], [ -73.1852036, 10.4979 ], [ -73.216301, 10.4477997 ], [ -73.1850967, 10.4257002 ], [ -73.1804962, 10.3811998 ], [ -73.1165009, 10.4208002 ], [ -73.0438995, 10.4198999 ], [ -72.9822006, 10.3908005 ], [ -72.8866312, 10.3828992 ] ] ] ] } },
{ "type": "Feature", "properties": { "POLYGON_ID": "COL_GAUL2010_ADM1_946", "ADM0_ISO3": "COL", "ADM0_NAME": "Colombia", "ADM0_CODE": 57, "ADM1_NAME": "Choco", "ADM1_CODE": 946, "GEOSET": "GAUL", "GEOSET_YEAR": 2010.0, "GEOSET_VERSION": "GAUL_v1", "GEOSET_UNIT": "ADM1", "CENTROID_LONG": -76.970235265282696, "CENTROID_LAT": 5.9850670275596674 }, "geometry": { "type": "MultiPolygon", "coordinates": [ [ [ [ -76.9965812, 8.2518859 ], [ -76.973732, 8.17873 ], [ -76.963623, 8.0704861 ], [ -77.021698, 8.0059996 ], [ -77.0395966, 7.9102001 ], [ -77.1156006, 7.8341999 ], [ -77.1490021, 7.8221998 ], [ -77.1016998, 7.7406001 ], [ -76.843399, 7.5425 ], [ -76.8001022, 7.4966998 ], [ -76.7591019, 7.4249001 ], [ -76.6725464, 7.3291788 ], [ -76.6190033, 7.3162999 ], [ -76.5422974, 7.2542 ], [ -76.5261002, 7.2263999 ], [ -76.5065002, 7.1269999 ], [ -76.5432968, 7.0601001 ], [ -76.5466995, 6.9885001 ], [ -76.5737991, 6.9735999 ], [ -76.6112976, 6.9986 ], [ -76.6475983, 7.0005002 ], [ -76.7059021, 7.0261002 ], [ -76.7559967, 7.0124998 ], [ -76.8303986, 7.0110998 ], [ -76.8402023, 6.9944 ], [ -76.8171005, 6.9313002 ], [ -76.8124008, 6.8717999 ], [ -76.8447037, 6.8372998 ], [ -76.8787003, 6.8449001 ], [ -76.9051971, 6.7958999 ], [ -76.9004974, 6.7364001 ], [ -76.9304962, 6.6464 ], [ -76.8924026, 6.6392999 ], [ -76.9003983, 6.5822001 ], [ -76.8352966, 6.5109 ], [ -76.7955017, 6.4471998 ], [ -76.7942963, 6.3778 ], [ -76.8069, 6.2988 ], [ -76.7485962, 6.2431002 ], [ -76.7423019, 6.1904998 ], [ -76.703598, 6.1648998 ], [ -76.581398, 6.158 ], [ -76.3618011, 6.1773 ], [ -76.2770996, 6.1960001 ], [ -76.2556992, 6.1739998 ], [ -76.2655029, 6.1313 ], [ -76.2441025, 6.0202999 ], [ -76.2192993, 5.9935999 ], [ -76.1316986, 5.9748001 ], [ -76.1461029, 5.9152999 ], [ -76.1597977, 5.8056998 ], [ -76.1315994, 5.7553 ], [ -76.1229019, 5.7125001 ], [ -76.1211014, 5.6247001 ], [ -76.0698013, 5.5725002 ], [ -76.064003, 5.5141001 ], [ -76.0173035, 5.4717999 ], [ -76.1151962, 5.4432998 ], [ -76.1635971, 5.3955998 ], [ -76.2766037, 5.3491998 ], [ -76.3152008, 5.2898998 ], [ -76.3550034, 5.2774 ], [ -76.3583984, 5.2335 ], [ -76.3290024, 5.2073998 ], [ -76.2689972, 5.1043 ], [ -76.2499008, 5.0257001 ], [ -76.2192993, 4.9879999 ], [ -76.1697006, 4.9650912 ], [ -76.2089005, 4.8817 ], [ -76.2416992, 4.8344002 ], [ -76.3431015, 4.7823 ], [ -76.3834991, 4.7270002 ], [ -76.4100037, 4.7075 ], [ -76.4664001, 4.6100998 ], [ -76.4756012, 4.5709 ], [ -76.5066986, 4.5149999 ], [ -76.5319977, 4.4267001 ], [ -76.5914001, 4.4032998 ], [ -76.5596008, 4.3003001 ], [ -76.5560989, 4.2420001 ], [ -76.4620972, 4.1698999 ], [ -76.5634995, 4.0924001 ], [ -76.5917969, 4.0577998 ], [ -76.6286011, 4.0384002 ], [ -76.6920013, 4.0369 ], [ -76.7277985, 4.0093002 ], [ -76.7929001, 3.9928 ], [ -76.8327026, 4.0103002 ], [ -76.9100037, 4.0753002 ], [ -76.9838028, 4.1155 ], [ -77.040802, 4.1071 ], [ -77.1001968, 4.1142998 ], [ -77.1884995, 4.1805 ], [ -77.2386017, 4.1627998 ], [ -77.2742996, 4.1796999 ], [ -77.2910995, 4.2329001 ], [ -77.3412018, 4.1788001 ], [ -77.3705978, 4.1985998 ], [ -77.4000015, 4.1911998 ], [ -77.4863867, 4.2061542 ], [ -77.5191713, 4.1958448 ], [ -77.52325, 4.2604601 ], [ -77.5003901, 4.29196 ], [ -77.43262, 4.2829 ], [ -77.41128, 4.3507201 ], [ -77.3684676, 4.3741171 ], [ -77.3505867, 4.4186416 ], [ -77.3365399, 4.53593 ], [ -77.3266399, 4.5709899 ], [ -77.3271801, 4.7358699 ], [ -77.31409, 4.7753299 ], [ -77.34924, 4.8038099 ], [ -77.35839, 4.8898201 ], [ -77.3746, 4.96962 ], [ -77.37972, 5.10614 ], [ -77.3957601, 5.16919 ], [ -77.3882299, 5.2498499 ], [ -77.3639701, 5.29193 ], [ -77.4026501, 5.3252279 ], [ -77.4123401, 5.40406 ], [ -77.3899901, 5.4432999 ], [ -77.4490399, 5.48505 ], [ -77.49269, 5.4738 ], [ -77.53861, 5.48159 ], [ -77.5068, 5.5283399 ], [ -77.50292, 5.58464 ], [ -77.42261, 5.62478 ], [ -77.3899801, 5.62878 ], [ -77.36238, 5.60801 ], [ -77.33326, 5.62308 ], [ -77.3118856, 5.6642734 ], [ -77.2561599, 5.73494 ], [ -77.25978, 5.80474 ], [ -77.30787, 5.89548 ], [ -77.3345001, 5.9880924 ], [ -77.35914, 6.0011583 ], [ -77.3732099, 6.0443418 ], [ -77.45441, 6.13287 ], [ -77.47833, 6.21158 ], [ -77.4663799, 6.2724201 ], [ -77.4362599, 6.27102 ], [ -77.409044, 6.228173 ], [ -77.3813201, 6.27616 ], [ -77.35856, 6.39399 ], [ -77.3674682, 6.421 ], [ -77.36002, 6.4880099 ], [ -77.3252801, 6.55 ], [ -77.39852, 6.62204 ], [ -77.4045, 6.68538 ], [ -77.4471222, 6.7060299 ], [ -77.5009301, 6.7012499 ], [ -77.52544, 6.6572101 ], [ -77.56814, 6.79169 ], [ -77.60495, 6.83347 ], [ -77.71111, 6.8784699 ], [ -77.6957399, 6.94011 ], [ -77.65657, 6.9650501 ], [ -77.6606001, 6.9928401 ], [ -77.7251999, 7.0872401 ], [ -77.7733, 7.11297 ], [ -77.7972301, 7.1472 ], [ -77.8930045, 7.2217507 ], [ -77.8917215, 7.2250548 ], [ -77.8497126, 7.3332561 ], [ -77.7991413, 7.4635117 ], [ -77.7923593, 7.4809799 ], [ -77.7579342, 7.4591332 ], [ -77.7446938, 7.4604573 ], [ -77.7387356, 7.4707186 ], [ -77.7288053, 7.4799869 ], [ -77.7143871, 7.4939747 ], [ -77.7027477, 7.5188246 ], [ -77.7489969, 7.6130531 ], [ -77.7407216, 7.6865375 ], [ -77.7258262, 7.6971298 ], [ -77.6683486, 7.6677077 ], [ -77.6479324, 7.6555802 ], [ -77.6440666, 7.6504573 ], [ -77.6453906, 7.6342378 ], [ -77.6387704, 7.6160322 ], [ -77.6097465, 7.5584346 ], [ -77.6111725, 7.5413228 ], [ -77.6009313, 7.5369152 ], [ -77.5897827, 7.5223961 ], [ -77.5751127, 7.5080614 ], [ -77.5389659, 7.5395079 ], [ -77.5284655, 7.5551937 ], [ -77.488538, 7.5736019 ], [ -77.4706484, 7.6517717 ], [ -77.4675371, 7.6572163 ], [ -77.4501454, 7.6572755 ], [ -77.4416688, 7.6629265 ], [ -77.4396656, 7.6804209 ], [ -77.3908093, 7.7595596 ], [ -77.3473763, 7.7649345 ], [ -77.3659446, 7.8245468 ], [ -77.3361748, 7.8662057 ], [ -77.3357176, 7.8956955 ], [ -77.3032559, 7.9114692 ], [ -77.1890665, 7.9234403 ], [ -77.1759488, 7.9396372 ], [ -77.1736379, 7.9471313 ], [ -77.1639431, 7.9684209 ], [ -77.1752381, 7.9798215 ], [ -77.2262166, 8.0287426 ], [ -77.2177583, 8.0879509 ], [ -77.2490769, 8.1716197 ], [ -77.2481625, 8.1757346 ], [ -77.2666794, 8.2171117 ], [ -77.2977694, 8.2318256 ], [ -77.2890825, 8.2468302 ], [ -77.3018843, 8.2742626 ], [ -77.3370892, 8.2747198 ], [ -77.3647502, 8.3567884 ], [ -77.3580332, 8.3930432 ], [ -77.3987208, 8.4636815 ], [ -77.4475039, 8.4819967 ], [ -77.4496066, 8.499239 ], [ -77.4565456, 8.5087013 ], [ -77.4475039, 8.5133272 ], [ -77.4367602, 8.5547588 ], [ -77.4010653, 8.6045328 ], [ -77.4027159, 8.6127859 ], [ -77.3906503, 8.6483687 ], [ -77.3873802, 8.645656 ], [ -77.3691022, 8.6494605 ], [ -77.3701542, 8.6602384 ], [ -77.3675129, 8.6728479 ], [ -77.3424001, 8.6230301 ], [ -77.2867001, 8.5705699 ], [ -77.2492401, 8.47109 ], [ -77.1291739, 8.4091233 ], [ -77.11776, 8.37058 ], [ -77.0369611, 8.2527858 ], [ -76.9965812, 8.2518859 ] ] ] ] } },
{ "type": "Feature", "properties": { "POLYGON_ID": "COL_GAUL2010_ADM1_947", "ADM0_ISO3": "COL", "ADM0_NAME": "Colombia", "ADM0_CODE": 57, "ADM1_NAME": "Cordoba", "ADM1_CODE": 947, "GEOSET": "GAUL", "GEOSET_YEAR": 2010.0, "GEOSET_VERSION": "GAUL_v1", "GEOSET_UNIT": "ADM1", "CENTROID_LONG": -75.799328037341581, "CENTROID_LAT": 8.3506178604592805 }, "geometry": { "type": "MultiPolygon", "coordinates": [ [ [ [ -75.7126473, 9.4131908 ], [ -75.6921005, 9.3866997 ], [ -75.6818161, 9.3166962 ], [ -75.6350021, 9.3066998 ], [ -75.5507965, 9.2579002 ], [ -75.5207977, 9.2271004 ], [ -75.4665985, 9.2396002 ], [ -75.4705963, 9.1772003 ], [ -75.4394989, 9.1731005 ], [ -75.4112015, 9.1215 ], [ -75.364502, 9.1341 ], [ -75.3339005, 9.1166 ], [ -75.3057022, 9.0576 ], [ -75.2537994, 9.0556002 ], [ -75.2151031, 8.9705 ], [ -75.2098999, 8.8648005 ], [ -75.2715988, 8.8690996 ], [ -75.3263016, 8.8600998 ], [ -75.4040985, 8.8234997 ], [ -75.3434982, 8.7516003 ], [ -75.3676987, 8.7205 ], [ -75.3480988, 8.6787996 ], [ -75.3227005, 8.5469999 ], [ -75.3330002, 8.5228004 ], [ -75.3145981, 8.4863005 ], [ -75.2194977, 8.4882002 ], [ -75.1975021, 8.4667997 ], [ -75.2171021, 8.4102001 ], [ -75.188797, 8.3852997 ], [ -75.1380997, 8.3832998 ], [ -75.043602, 8.4764996 ], [ -75.0112991, 8.4608002 ], [ -74.9623032, 8.46 ], [ -74.9005966, 8.4447002 ], [ -74.8764038, 8.4019003 ], [ -74.8170013, 8.3790998 ], [ -74.802597, 8.3564997 ], [ -74.8003006, 8.2907 ], [ -74.7731018, 8.2495003 ], [ -74.7881012, 8.2144003 ], [ -74.8339386, 8.1853304 ], [ -74.8958969, 8.1246996 ], [ -74.9107971, 8.0883999 ], [ -74.9586029, 8.0504999 ], [ -75.1546021, 8.0321999 ], [ -75.216301, 8.0319004 ], [ -75.2814026, 7.9668999 ], [ -75.3010025, 7.9334998 ], [ -75.3338013, 7.9180002 ], [ -75.3464966, 7.8568001 ], [ -75.450798, 7.8111 ], [ -75.5031967, 7.7073002 ], [ -75.5361023, 7.7052002 ], [ -75.5850983, 7.7336998 ], [ -75.6266022, 7.7262998 ], [ -75.6629028, 7.7005 ], [ -75.700798, 7.5833998 ], [ -75.8414001, 7.3887 ], [ -75.9116974, 7.3688002 ], [ -76.0304031, 7.3530998 ], [ -76.3416977, 7.3516002 ], [ -76.4046021, 7.4113002 ], [ -76.5027008, 7.5977001 ], [ -76.5183029, 7.6457 ], [ -76.4901962, 7.8351002 ], [ -76.4319992, 7.9485998 ], [ -76.4176025, 7.9987998 ], [ -76.413002, 8.0733004 ], [ -76.3923035, 8.1309996 ], [ -76.3427963, 8.2329998 ], [ -76.254097, 8.3695002 ], [ -76.1953964, 8.4265003 ], [ -76.2173004, 8.5716 ], [ -76.3494034, 8.6529999 ], [ -76.3741989, 8.7103004 ], [ -76.3991013, 8.8333998 ], [ -76.4227166, 8.8579917 ], [ -76.41139, 8.8917401 ], [ -76.34721, 8.9138799 ], [ -76.3225809, 8.9572074 ], [ -76.2640522, 8.9990326 ], [ -76.2630218, 9.0349084 ], [ -76.186973, 9.119497 ], [ -76.1707844, 9.2291911 ], [ -76.1204501, 9.2532999 ], [ -76.10738, 9.30747 ], [ -76.0794499, 9.33642 ], [ -76.0170899, 9.35439 ], [ -75.9668742, 9.3858933 ], [ -75.9483834, 9.4431677 ], [ -75.8271263, 9.4148277 ], [ -75.7847785, 9.3927081 ], [ -75.7462533, 9.4193862 ], [ -75.7126473, 9.4131908 ] ] ] ] } },
{ "type": "Feature", "properties": { "POLYGON_ID": "COL_GAUL2010_ADM1_948", "ADM0_ISO3": "COL", "ADM0_NAME": "Colombia", "ADM0_CODE": 57, "ADM1_NAME": "Cundinamarca", "ADM1_CODE": 948, "GEOSET": "GAUL", "GEOSET_YEAR": 2010.0, "GEOSET_VERSION": "GAUL_v1", "GEOSET_UNIT": "ADM1", "CENTROID_LONG": -74.126144644362384, "CENTROID_LAT": 4.7655750132188972 }, "geometry": { "type": "MultiPolygon", "coordinates": [ [ [ [ -73.0781021, 4.7143002 ], [ -73.0723038, 4.6664 ], [ -73.1095963, 4.4372001 ], [ -73.138298, 4.2213001 ], [ -73.1457977, 4.1907001 ], [ -73.2518997, 4.2488999 ], [ -73.3291016, 4.2614002 ], [ -73.4161987, 4.2848001 ], [ -73.4548035, 4.2652998 ], [ -73.5516968, 4.2639999 ], [ -73.5742035, 4.2849002 ], [ -73.5782013, 4.3311 ], [ -73.6082001, 4.3775001 ], [ -73.6035995, 4.4456 ], [ -73.6664963, 4.4700999 ], [ -73.7097015, 4.5032001 ], [ -73.7558975, 4.4867001 ], [ -73.8233032, 4.4159002 ], [ -73.8348007, 4.3813 ], [ -73.8105011, 4.3529 ], [ -73.7914963, 4.2488999 ], [ -73.7677994, 4.2210002 ], [ -73.7759018, 4.1880999 ], [ -73.9291, 4.1004 ], [ -74.0391998, 4.0886998 ], [ -74.1140976, 4.0208998 ], [ -74.2155991, 4.0033998 ], [ -74.2386017, 3.9856 ], [ -74.2761002, 3.9170001 ], [ -74.327301, 3.8680999 ], [ -74.3295975, 3.8202 ], [ -74.4171982, 3.727 ], [ -74.4499969, 3.6647 ], [ -74.5168991, 3.6656001 ], [ -74.5243988, 3.7135999 ], [ -74.5105972, 3.7609 ], [ -74.5631027, 3.8039 ], [ -74.5290985, 3.9105999 ], [ -74.5515976, 3.9598 ], [ -74.5344009, 3.9926 ], [ -74.5429993, 4.0261998 ], [ -74.5066986, 4.0924001 ], [ -74.5038986, 4.1224999 ], [ -74.5391006, 4.1883998 ], [ -74.5442963, 4.2248998 ], [ -74.589798, 4.2522001 ], [ -74.6296005, 4.2449002 ], [ -74.6809006, 4.1989002 ], [ -74.721199, 4.1973 ], [ -74.7489014, 4.2256999 ], [ -74.8071976, 4.2449999 ], [ -74.8251038, 4.2768998 ], [ -74.9079971, 4.2523999 ], [ -74.9184036, 4.2663002 ], [ -74.8626022, 4.4208999 ], [ -74.8367004, 4.4489999 ], [ -74.8246002, 4.4974999 ], [ -74.8407974, 4.5258999 ], [ -74.8453979, 4.5992999 ], [ -74.825798, 4.6343999 ], [ -74.8500977, 4.7160001 ], [ -74.7833023, 4.7681999 ], [ -74.7822037, 4.8663998 ], [ -74.740097, 4.9672999 ], [ -74.7657623, 4.9979668 ], [ -74.7425003, 5.1499 ], [ -74.7593002, 5.1880999 ], [ -74.7657013, 5.2729998 ], [ -74.7472, 5.2873998 ], [ -74.7179031, 5.3576999 ], [ -74.7162018, 5.3853998 ], [ -74.6850967, 5.4257998 ], [ -74.6925964, 5.4807 ], [ -74.6713028, 5.5349002 ], [ -74.6850967, 5.5569 ], [ -74.6632996, 5.6093001 ], [ -74.6597977, 5.6543999 ], [ -74.6852036, 5.7175002 ], [ -74.6765976, 5.7584 ], [ -74.6743011, 5.7584 ], [ -74.6309967, 5.7368999 ], [ -74.5947037, 5.7424998 ], [ -74.5560989, 5.7723999 ], [ -74.4962006, 5.7639999 ], [ -74.4684982, 5.7454 ], [ -74.4160004, 5.7666001 ], [ -74.3687973, 5.8161001 ], [ -74.3354034, 5.7846999 ], [ -74.3052979, 5.6708002 ], [ -74.3451004, 5.6206999 ], [ -74.3380966, 5.5929999 ], [ -74.2954025, 5.5258002 ], [ -74.2919998, 5.4980001 ], [ -74.2434998, 5.4614 ], [ -74.2089005, 5.4607 ], [ -74.1690979, 5.4391999 ], [ -74.1386032, 5.4436998 ], [ -74.1039963, 5.3863001 ], [ -74.0403519, 5.354671 ], [ -74.0129013, 5.3906002 ], [ -73.9737015, 5.4066 ], [ -73.9409027, 5.4544001 ], [ -73.9253006, 5.5005002 ], [ -73.8447037, 5.5643001 ], [ -73.8100967, 5.5462999 ], [ -73.8264389, 5.4879022 ], [ -73.6923981, 5.4418001 ], [ -73.6434021, 5.381 ], [ -73.6363983, 5.3301001 ], [ -73.6011963, 5.2831998 ], [ -73.5712967, 5.2651 ], [ -73.5590973, 5.1998 ], [ -73.5101013, 5.0927 ], [ -73.5307007, 4.9893999 ], [ -73.5716019, 4.9099002 ], [ -73.5479965, 4.8716998 ], [ -73.4481964, 4.8712001 ], [ -73.4160004, 4.8502998 ], [ -73.4020996, 4.7786002 ], [ -73.3547974, 4.7542 ], [ -73.3346024, 4.7108002 ], [ -73.2630997, 4.7076001 ], [ -73.2613983, 4.6735001 ], [ -73.1864014, 4.6420002 ], [ -73.1287994, 4.6493001 ], [ -73.1039963, 4.7052002 ], [ -73.0781021, 4.7143002 ] ] ] ] } },
{ "type": "Feature", "properties": { "POLYGON_ID": "COL_GAUL2010_ADM1_949", "ADM0_ISO3": "COL", "ADM0_NAME": "Colombia", "ADM0_CODE": 57, "ADM1_NAME": "Guainia", "ADM1_CODE": 949, "GEOSET": "GAUL", "GEOSET_YEAR": 2010.0, "GEOSET_VERSION": "GAUL_v1", "GEOSET_UNIT": "ADM1", "CENTROID_LONG": -68.811113719925729, "CENTROID_LAT": 2.701047977734846 }, "geometry": { "type": "MultiPolygon", "coordinates": [ [ [ [ -66.86983, 1.22565 ], [ -67.0865937, 1.1672912 ], [ -67.0983007, 1.2921653 ], [ -67.085642, 1.3340439 ], [ -67.0891636, 1.3949581 ], [ -67.0687002, 1.4444508 ], [ -67.0625136, 1.5345848 ], [ -67.0788843, 1.6123456 ], [ -67.1133389, 1.7316042 ], [ -67.1556933, 1.804035 ], [ -67.1942406, 1.8434389 ], [ -67.2189869, 1.8892197 ], [ -67.2967477, 1.9951533 ], [ -67.3544259, 2.1228828 ], [ -67.4357083, 2.1473436 ], [ -67.4973839, 2.120884 ], [ -67.5450683, 2.0791007 ], [ -67.5708616, 2.0713912 ], [ -67.6389142, 2.0119999 ], [ -67.6739399, 1.9701214 ], [ -67.6982104, 1.9183443 ], [ -67.7240037, 1.9018784 ], [ -67.7620751, 1.8405835 ], [ -67.8187355, 1.7802372 ], [ -67.8795545, 1.7553956 ], [ -67.9737811, 1.7474006 ], [ -68.0133754, 1.7730988 ], [ -68.048401, 1.8154532 ], [ -68.0935156, 1.9009234 ], [ -68.11988, 1.9669773 ], [ -68.1756546, 1.9714506 ], [ -68.1909783, 2.0233229 ], [ -68.2442465, 1.9231317 ], [ -68.2518608, 1.8814436 ], [ -68.2836253, 1.8369321 ], [ -68.2355602, 1.8211324 ], [ -68.2446021, 1.7861068 ], [ -68.178929, 1.7676422 ], [ -68.1860069, 1.7295581 ], [ -68.6394861, 1.7287095 ], [ -69.3905217, 1.7288093 ], [ -69.4554229, 1.7523066 ], [ -69.4747787, 1.7426285 ], [ -69.5344272, 1.776534 ], [ -69.5589145, 1.7715109 ], [ -69.6293764, 1.7226759 ], [ -69.6766069, 1.7324429 ], [ -69.7439294, 1.7289547 ], [ -69.8085312, 1.6947004 ], [ -69.8452209, 1.713513 ], [ -69.8452895, 1.6683712 ], [ -69.8660965, 1.6655 ], [ -69.9236984, 1.6923 ], [ -70.0033035, 1.7047 ], [ -70.0679016, 1.7460001 ], [ -70.1456985, 1.8191 ], [ -70.1773987, 1.8243999 ], [ -70.189003, 1.9220999 ], [ -70.1452026, 1.9299999 ], [ -70.1193008, 1.9628 ], [ -70.1165085, 2.032721 ], [ -70.1228027, 2.0697 ], [ -70.0686035, 2.0936999 ], [ -70.0053024, 2.1754999 ], [ -70.0457001, 2.2479 ], [ -70.1125031, 2.221 ], [ -70.1505966, 2.2269001 ], [ -70.1632004, 2.2033 ], [ -70.2046967, 2.1977 ], [ -70.2751007, 2.2054999 ], [ -70.3131027, 2.1756001 ], [ -70.4087982, 2.2176001 ], [ -70.4912033, 2.1989 ], [ -70.509697, 2.2261 ], [ -70.6272964, 2.2676001 ], [ -70.6902008, 2.3943999 ], [ -70.7612, 2.4998 ], [ -70.8142014, 2.4895999 ], [ -70.8598022, 2.5423999 ], [ -70.5018997, 2.7465 ], [ -70.4869995, 2.7702 ], [ -70.4213028, 2.7941 ], [ -70.3504028, 2.8066001 ], [ -70.3469009, 2.8539 ], [ -70.3013992, 2.8762 ], [ -70.2766037, 2.9351001 ], [ -70.2899017, 2.9946001 ], [ -70.2639999, 3.0216 ], [ -70.3113022, 3.0392001 ], [ -70.2301025, 3.1307001 ], [ -70.1638031, 3.1408 ], [ -70.1200027, 3.1649001 ], [ -70.1505966, 3.2349 ], [ -70.1315994, 3.2665999 ], [ -70.1718979, 3.3072 ], [ -70.0976028, 3.3410001 ], [ -70.0560989, 3.3724999 ], [ -70.0243988, 3.3724 ], [ -70.0087967, 3.3348 ], [ -69.9829025, 3.3318 ], [ -69.9420013, 3.3576 ], [ -69.9576035, 3.4189 ], [ -69.8878021, 3.3694999 ], [ -69.8623962, 3.4052 ], [ -69.8867035, 3.4670999 ], [ -69.8487015, 3.4774001 ], [ -69.8077011, 3.4656999 ], [ -69.7795029, 3.5193 ], [ -69.7373962, 3.5064001 ], [ -69.6641998, 3.5373001 ], [ -69.5973969, 3.5329001 ], [ -69.580101, 3.642 ], [ -69.5195999, 3.6412001 ], [ -69.4889984, 3.6294999 ], [ -69.4665985, 3.6738999 ], [ -69.4054031, 3.6199 ], [ -69.3057022, 3.6675 ], [ -69.2417984, 3.6614001 ], [ -69.2412033, 3.6308 ], [ -69.191597, 3.6364 ], [ -69.1610031, 3.6078999 ], [ -69.1115036, 3.6359999 ], [ -69.0988007, 3.6036 ], [ -69.0531998, 3.5929999 ], [ -69.0175018, 3.6275001 ], [ -68.9788971, 3.6417999 ], [ -68.9449005, 3.6324 ], [ -68.9178009, 3.6549001 ], [ -68.8295975, 3.6406 ], [ -68.856102, 3.6800001 ], [ -68.7944031, 3.6728001 ], [ -68.7742996, 3.7161 ], [ -68.634201, 3.7288001 ], [ -68.5789032, 3.7412 ], [ -68.4376984, 3.8036001 ], [ -68.4222031, 3.8677001 ], [ -68.3495026, 3.8656001 ], [ -68.3535995, 3.9142001 ], [ -68.3379974, 3.9412 ], [ -68.2573013, 3.9282 ], [ -68.2152023, 3.9117999 ], [ -68.1886978, 3.9463999 ], [ -68.1276016, 3.9398 ], [ -68.1276016, 3.8993001 ], [ -68.0739975, 3.9193001 ], [ -68.0354004, 3.9561 ], [ -68.0210037, 3.9284 ], [ -67.9350967, 3.9026001 ], [ -67.9113998, 3.8597 ], [ -67.8532028, 3.8878 ], [ -67.7736969, 3.9533 ], [ -67.7322006, 3.9653001 ], [ -67.6986793, 4.0048215 ], [ -67.6782, 3.9148 ], [ -67.64236, 3.85374 ], [ -67.61945, 3.76637 ], [ -67.58287, 3.73593 ], [ -67.50983, 3.74597 ], [ -67.49004, 3.73087 ], [ -67.44685, 3.65971 ], [ -67.42673, 3.57784 ], [ -67.38299, 3.48458 ], [ -67.32766, 3.45906 ], [ -67.30263, 3.39794 ], [ -67.35421, 3.31504 ], [ -67.38705, 3.28772 ], [ -67.39191, 3.24878 ], [ -67.43426, 3.24697 ], [ -67.8543901, 2.8698196 ], [ -67.85923, 2.78951 ], [ -67.81823, 2.8328 ], [ -67.73853, 2.84003 ], [ -67.71452, 2.81251 ], [ -67.65329, 2.801 ], [ -67.6156143, 2.8124808 ], [ -67.58778, 2.77825 ], [ -67.56719, 2.72809 ], [ -67.57174, 2.68389 ], [ -67.49249, 2.66933 ], [ -67.47897, 2.62106 ], [ -67.39254, 2.568 ], [ -67.37503, 2.53283 ], [ -67.33466, 2.51326 ], [ -67.27584, 2.43531 ], [ -67.23008, 2.4207 ], [ -67.19505, 2.39127 ], [ -67.17314, 2.34455 ], [ -67.202311, 2.3032179 ], [ -67.2113, 2.25056 ], [ -67.18354, 2.16928 ], [ -67.15679, 2.12108 ], [ -67.11813, 2.11803 ], [ -67.10463, 2.06585 ], [ -67.12634, 1.99283 ], [ -67.07123, 1.91484 ], [ -67.05115, 1.8675 ], [ -67.03118, 1.78413 ], [ -66.97491, 1.63547 ], [ -66.97447, 1.58601 ], [ -66.9299, 1.47878 ], [ -66.92615, 1.41831 ], [ -66.88603, 1.36269 ], [ -66.87714, 1.314 ], [ -66.894, 1.27509 ], [ -66.86983, 1.22565 ] ] ] ] } },
{ "type": "Feature", "properties": { "POLYGON_ID": "COL_GAUL2010_ADM1_950", "ADM0_ISO3": "COL", "ADM0_NAME": "Colombia", "ADM0_CODE": 57, "ADM1_NAME": "Guajira", "ADM1_CODE": 950, "GEOSET": "GAUL", "GEOSET_YEAR": 2010.0, "GEOSET_VERSION": "GAUL_v1", "GEOSET_UNIT": "ADM1", "CENTROID_LONG": -72.454460475520264, "CENTROID_LAT": 11.457076879157855 }, "geometry": { "type": "MultiPolygon", "coordinates": [ [ [ [ -71.3240742, 11.8456565 ], [ -71.3848282, 11.8303277 ], [ -71.3861465, 11.8141758 ], [ -71.49575, 11.77841 ], [ -71.61067, 11.74727 ], [ -71.77751, 11.69451 ], [ -71.96606, 11.65008 ], [ -72.2374419, 11.1523782 ], [ -72.25811, 11.14123 ], [ -72.34164, 11.15757 ], [ -72.46714, 11.11132 ], [ -72.48937, 11.08889 ], [ -72.47684, 11.05741 ], [ -72.50088, 11.03801 ], [ -72.56203, 10.93501 ], [ -72.61204, 10.88933 ], [ -72.64236, 10.88313 ], [ -72.68384, 10.76968 ], [ -72.70711, 10.75256 ], [ -72.71171, 10.7087 ], [ -72.75672, 10.63532 ], [ -72.77712, 10.62298 ], [ -72.83775, 10.54269 ], [ -72.84238, 10.49493 ], [ -72.88537, 10.46083 ], [ -72.8866312, 10.3828992 ], [ -72.9822006, 10.3908005 ], [ -73.0438995, 10.4198999 ], [ -73.1165009, 10.4208002 ], [ -73.1804962, 10.3811998 ], [ -73.1850967, 10.4257002 ], [ -73.216301, 10.4477997 ], [ -73.1852036, 10.4979 ], [ -73.1476974, 10.5202999 ], [ -73.1258011, 10.552 ], [ -73.1126022, 10.6079998 ], [ -73.1547012, 10.6381998 ], [ -73.1869965, 10.6429005 ], [ -73.239502, 10.7205 ], [ -73.2913971, 10.7531004 ], [ -73.3300018, 10.8463001 ], [ -73.4815979, 10.8474998 ], [ -73.5634995, 10.8165998 ], [ -73.6260452, 10.8069162 ], [ -73.6407013, 10.8268003 ], [ -73.674202, 10.9198999 ], [ -73.6840973, 10.9916 ], [ -73.6707993, 11.0429001 ], [ -73.6800995, 11.1267004 ], [ -73.6219025, 11.1830997 ], [ -73.6123371, 11.2591259 ], [ -73.5316856, 11.2513194 ], [ -73.4848682, 11.2634384 ], [ -73.4351504, 11.2574832 ], [ -73.3456249, 11.264427 ], [ -73.2763481, 11.2860253 ], [ -73.19658, 11.34337 ], [ -73.14344, 11.4066701 ], [ -73.0950666, 11.4254292 ], [ -73.0289905, 11.4917431 ], [ -72.8859038, 11.5627 ], [ -72.8352199, 11.6273599 ], [ -72.7754646, 11.6741791 ], [ -72.7220086, 11.7000706 ], [ -72.6230601, 11.7208501 ], [ -72.5954199, 11.7450901 ], [ -72.5583, 11.7449 ], [ -72.5330801, 11.7685827 ], [ -72.4438511, 11.779617 ], [ -72.3784103, 11.8190827 ], [ -72.29851, 11.8549499 ], [ -72.2406101, 11.8951999 ], [ -72.20767, 11.94637 ], [ -72.1386787, 12.1043291 ], [ -72.147484, 12.1964511 ], [ -72.1419113, 12.2388399 ], [ -72.0742161, 12.2331362 ], [ -71.9647827, 12.2564845 ], [ -71.98596, 12.17939 ], [ -71.9647594, 12.1457635 ], [ -71.92227, 12.18162 ], [ -71.8606357, 12.2081963 ], [ -71.8935167, 12.2767161 ], [ -71.9273875, 12.2978652 ], [ -71.8578028, 12.358043 ], [ -71.8201, 12.3104201 ], [ -71.756723, 12.3323918 ], [ -71.7372674, 12.3588685 ], [ -71.6917181, 12.3652517 ], [ -71.6240981, 12.4400602 ], [ -71.5425888, 12.4402919 ], [ -71.4770701, 12.41722 ], [ -71.4337172, 12.3801568 ], [ -71.4033823, 12.3841058 ], [ -71.27411, 12.3378801 ], [ -71.2237384, 12.2930149 ], [ -71.2250503, 12.273177 ], [ -71.1153299, 12.0859599 ], [ -71.1166645, 12.0339492 ], [ -71.1363075, 12.0022577 ], [ -71.23631, 11.95174 ], [ -71.3024471, 11.8880252 ], [ -71.3240742, 11.8456565 ] ] ] ] } },
{ "type": "Feature", "properties": { "POLYGON_ID": "COL_GAUL2010_ADM1_951", "ADM0_ISO3": "COL", "ADM0_NAME": "Colombia", "ADM0_CODE": 57, "ADM1_NAME": "Guaviare", "ADM1_CODE": 951, "GEOSET": "GAUL", "GEOSET_YEAR": 2010.0, "GEOSET_VERSION": "GAUL_v1", "GEOSET_UNIT": "ADM1", "CENTROID_LONG": -72.125690809397781, "CENTROID_LAT": 1.898670835947996 }, "geometry": { "type": "MultiPolygon", "coordinates": [ [ [ [ -71.0951996, 2.8455009 ], [ -71.0270996, 2.8013 ], [ -70.9654007, 2.7958 ], [ -70.9210968, 2.8124001 ], [ -70.9055023, 2.7736001 ], [ -70.8599014, 2.7879 ], [ -70.8507004, 2.7560999 ], [ -70.7348022, 2.7464001 ], [ -70.6985016, 2.7139001 ], [ -70.655899, 2.7564001 ], [ -70.6651001, 2.7825 ], [ -70.6402969, 2.8078001 ], [ -70.6010971, 2.7983999 ], [ -70.5018997, 2.7465 ], [ -70.8598022, 2.5423999 ], [ -70.8142014, 2.4895999 ], [ -70.7612, 2.4998 ], [ -70.6902008, 2.3943999 ], [ -70.6272964, 2.2676001 ], [ -70.509697, 2.2261 ], [ -70.4912033, 2.1989 ], [ -70.4087982, 2.2176001 ], [ -70.3131027, 2.1756001 ], [ -70.2751007, 2.2054999 ], [ -70.2046967, 2.1977 ], [ -70.1632004, 2.2033 ], [ -70.1505966, 2.2269001 ], [ -70.1125031, 2.221 ], [ -70.0457001, 2.2479 ], [ -70.0053024, 2.1754999 ], [ -70.0686035, 2.0936999 ], [ -70.1228027, 2.0697 ], [ -70.1165085, 2.032721 ], [ -70.1440964, 2.0271001 ], [ -70.2230988, 1.9835 ], [ -70.2576981, 1.9825 ], [ -70.3388977, 1.9516 ], [ -70.3718033, 1.9593 ], [ -70.4409027, 1.9451 ], [ -70.5061035, 1.9084001 ], [ -70.5544968, 1.8918999 ], [ -70.6202011, 1.891 ], [ -70.7020035, 1.8677 ], [ -70.7538986, 1.8864 ], [ -70.8414993, 1.8705 ], [ -70.8963013, 1.8794 ], [ -70.9188004, 1.8322001 ], [ -70.9539032, 1.8 ], [ -71.0356979, 1.7581 ], [ -71.0807037, 1.7526 ], [ -71.112999, 1.7192 ], [ -71.2052002, 1.6855 ], [ -71.2558975, 1.6308 ], [ -71.2910004, 1.6287 ], [ -71.3729019, 1.6787 ], [ -71.3976974, 1.6742001 ], [ -71.4184036, 1.5535001 ], [ -71.4512024, 1.5335 ], [ -71.4979019, 1.4089 ], [ -71.4996033, 1.3753999 ], [ -71.5582962, 1.2278 ], [ -71.5531006, 1.1786 ], [ -71.5334015, 1.1584001 ], [ -71.5074997, 1.0768 ], [ -71.5594025, 1.0926 ], [ -71.5951004, 1.0697 ], [ -71.6072006, 1.0148 ], [ -71.6445999, 0.9953 ], [ -71.6930008, 0.947 ], [ -71.7645035, 0.9496 ], [ -71.8110962, 0.847 ], [ -71.9598007, 0.7073 ], [ -72.0421982, 0.6389 ], [ -72.0738983, 0.6338 ], [ -72.0945969, 0.6645 ], [ -72.2121963, 0.6927 ], [ -72.2427979, 0.7264 ], [ -72.2814026, 0.741 ], [ -72.3211975, 0.7741 ], [ -72.3074036, 0.7919 ], [ -72.3125992, 0.8497 ], [ -72.3541031, 0.8528 ], [ -72.3685989, 0.9031 ], [ -72.4238968, 0.9501 ], [ -72.4372025, 1.0091 ], [ -72.487999, 1.0578001 ], [ -72.5311966, 1.0534 ], [ -72.6119995, 1.0953 ], [ -72.6696014, 1.1568 ], [ -72.7174988, 1.1604 ], [ -72.7658997, 1.1271 ], [ -72.7923965, 1.159 ], [ -72.867897, 1.1501 ], [ -72.8979034, 1.1102999 ], [ -72.9036026, 1.0779999 ], [ -72.8880005, 1.0115 ], [ -72.9468002, 0.9968 ], [ -72.9819031, 0.942 ], [ -73.0187988, 0.9104 ], [ -73.0966034, 0.8882 ], [ -73.1508026, 0.9069 ], [ -73.2015991, 0.9557 ], [ -73.211998, 0.9817 ], [ -73.263298, 1.0085 ], [ -73.3365021, 1.0619 ], [ -73.4368973, 1.1646 ], [ -73.4553986, 1.2785 ], [ -73.4738998, 1.2866 ], [ -73.5113983, 1.3492 ], [ -73.5558014, 1.3794 ], [ -73.5868988, 1.4407001 ], [ -73.6175003, 1.4761 ], [ -73.653801, 1.4901 ], [ -73.660202, 1.6109 ], [ -73.6465988, 1.9637001 ], [ -73.6330032, 2.3166001 ], [ -73.6053009, 2.3656001 ], [ -73.5771027, 2.3313999 ], [ -73.5487976, 2.3654001 ], [ -73.5262985, 2.3243001 ], [ -73.4785004, 2.3176999 ], [ -73.3840027, 2.3420999 ], [ -73.305603, 2.3245001 ], [ -73.2306976, 2.3848 ], [ -73.1821976, 2.3787999 ], [ -73.177597, 2.3494 ], [ -73.1211014, 2.3647001 ], [ -73.0762024, 2.4112999 ], [ -73.0363998, 2.4031 ], [ -72.9850998, 2.4491 ], [ -72.9377975, 2.4442 ], [ -72.9545975, 2.4923 ], [ -72.9453964, 2.5228 ], [ -72.8422012, 2.5818999 ], [ -72.8127975, 2.5834999 ], [ -72.7539978, 2.5502999 ], [ -72.7321014, 2.5999 ], [ -72.6606979, 2.5967 ], [ -72.6167984, 2.5833001 ], [ -72.589798, 2.6015999 ], [ -72.5304031, 2.6817 ], [ -72.4692993, 2.6774001 ], [ -72.4336014, 2.6894 ], [ -72.3644028, 2.7451 ], [ -72.2911987, 2.7511001 ], [ -72.2757034, 2.7771001 ], [ -72.2180023, 2.7283001 ], [ -72.2210007, 2.8288 ], [ -72.1822968, 2.8333001 ], [ -72.149498, 2.8563001 ], [ -72.1084976, 2.8087001 ], [ -72.032402, 2.7922001 ], [ -72.0058975, 2.7695999 ], [ -71.9604034, 2.7895999 ], [ -71.8543015, 2.8013 ], [ -71.7903976, 2.8350999 ], [ -71.7823029, 2.8582001 ], [ -71.7118988, 2.8185999 ], [ -71.5967026, 2.8111999 ], [ -71.5280991, 2.8352001 ], [ -71.4906006, 2.8281 ], [ -71.4761963, 2.8494 ], [ -71.430603, 2.8220999 ], [ -71.3955002, 2.8160999 ], [ -71.3309021, 2.8759 ], [ -71.2893982, 2.8382001 ], [ -71.235199, 2.8345001 ], [ -71.2041016, 2.8499999 ], [ -71.1666031, 2.836 ], [ -71.0951996, 2.8455009 ] ] ] ] } },
{ "type": "Feature", "properties": { "POLYGON_ID": "COL_GAUL2010_ADM1_952", "ADM0_ISO3": "COL", "ADM0_NAME": "Colombia", "ADM0_CODE": 57, "ADM1_NAME": "Huila", "ADM1_CODE": 952, "GEOSET": "GAUL", "GEOSET_YEAR": 2010.0, "GEOSET_VERSION": "GAUL_v1", "GEOSET_UNIT": "ADM1", "CENTROID_LONG": -75.640049527222459, "CENTROID_LAT": 2.5379293560370453 }, "geometry": { "type": "MultiPolygon", "coordinates": [ [ [ [ -74.9206009, 2.9440999 ], [ -74.9447021, 2.9031999 ], [ -75.0403976, 2.7921 ], [ -75.0794983, 2.7356999 ], [ -75.0189972, 2.6499 ], [ -75.0091019, 2.6199 ], [ -75.0529022, 2.575 ], [ -75.1780014, 2.4870999 ], [ -75.2414017, 2.5371001 ], [ -75.2817001, 2.4730999 ], [ -75.3023987, 2.3704 ], [ -75.3714981, 2.2916 ], [ -75.4682999, 2.1909001 ], [ -75.5714035, 2.0169001 ], [ -75.5858002, 1.9672 ], [ -75.6797028, 1.9226 ], [ -75.756897, 1.8536 ], [ -75.7869034, 1.7983 ], [ -75.8261032, 1.7574 ], [ -75.868103, 1.6605999 ], [ -75.9597015, 1.5991 ], [ -76.0218964, 1.5266 ], [ -76.1325073, 1.493471 ], [ -76.1724014, 1.5272 ], [ -76.1920013, 1.5371 ], [ -76.270401, 1.5109 ], [ -76.3014984, 1.5283999 ], [ -76.347702, 1.5944 ], [ -76.4468002, 1.6162 ], [ -76.4750977, 1.651 ], [ -76.467598, 1.7047 ], [ -76.4704971, 1.7815 ], [ -76.5046005, 1.8377 ], [ -76.5466995, 1.865 ], [ -76.6123962, 1.8647 ], [ -76.6296997, 1.9589 ], [ -76.6195984, 1.987041 ], [ -76.6396027, 2.0755999 ], [ -76.6194992, 2.1199999 ], [ -76.5606995, 2.1331 ], [ -76.5278015, 2.1243 ], [ -76.4366989, 2.0725 ], [ -76.4113007, 2.0764 ], [ -76.365303, 2.1259 ], [ -76.3682022, 2.1789999 ], [ -76.3860016, 2.1959 ], [ -76.4178009, 2.2658999 ], [ -76.4063034, 2.2941999 ], [ -76.3244019, 2.3106 ], [ -76.3100967, 2.3943 ], [ -76.2749023, 2.4015999 ], [ -76.1855011, 2.3747001 ], [ -76.138298, 2.3831 ], [ -76.096199, 2.4188001 ], [ -76.0755005, 2.4689 ], [ -76.0270996, 2.4865999 ], [ -75.9572983, 2.4609001 ], [ -75.9284973, 2.4158001 ], [ -75.8909988, 2.4219999 ], [ -75.8478012, 2.4576001 ], [ -75.8905029, 2.5969999 ], [ -75.9430008, 2.6694 ], [ -75.9770966, 2.7516 ], [ -76.0083008, 2.8701 ], [ -76.0048981, 2.9689 ], [ -75.898201, 2.9765 ], [ -75.8516006, 3.0393 ], [ -75.7858963, 3.0332 ], [ -75.7575989, 3.0759001 ], [ -75.6867981, 3.1229 ], [ -75.6048965, 3.1382 ], [ -75.5916977, 3.1589 ], [ -75.6054993, 3.2149999 ], [ -75.5467987, 3.2685001 ], [ -75.481102, 3.3 ], [ -75.4620972, 3.3311 ], [ -75.4107971, 3.3545001 ], [ -75.4061966, 3.3787999 ], [ -75.3526001, 3.3924 ], [ -75.2810974, 3.3615 ], [ -75.2759018, 3.3875 ], [ -75.236702, 3.3954 ], [ -75.2193985, 3.3659 ], [ -75.1854019, 3.3975 ], [ -75.0764999, 3.4300001 ], [ -75.0412979, 3.3645 ], [ -75.1035004, 3.3013 ], [ -75.088501, 3.2751999 ], [ -75.0302811, 3.259984 ], [ -74.9552994, 3.2665999 ], [ -74.8787003, 3.3292 ], [ -74.7900009, 3.4322 ], [ -74.8067017, 3.5044999 ], [ -74.7634964, 3.5448 ], [ -74.7640991, 3.5741999 ], [ -74.6747971, 3.6616001 ], [ -74.6022034, 3.7197001 ], [ -74.5631027, 3.8039 ], [ -74.5105972, 3.7609 ], [ -74.5243988, 3.7135999 ], [ -74.5168991, 3.6656001 ], [ -74.5208969, 3.6366999 ], [ -74.5709991, 3.5393 ], [ -74.6165009, 3.4770999 ], [ -74.6222, 3.4489 ], [ -74.6232986, 3.3137 ], [ -74.6468964, 3.2543001 ], [ -74.7102966, 3.187 ], [ -74.7293015, 3.1154001 ], [ -74.8065033, 3.0817001 ], [ -74.9016037, 2.9862001 ], [ -74.9206009, 2.9440999 ] ] ] ] } },
{ "type": "Feature", "properties": { "POLYGON_ID": "COL_GAUL2010_ADM1_953", "ADM0_ISO3": "COL", "ADM0_NAME": "Colombia", "ADM0_CODE": 57, "ADM1_NAME": "Magdalena", "ADM1_CODE": 953, "GEOSET": "GAUL", "GEOSET_YEAR": 2010.0, "GEOSET_VERSION": "GAUL_v1", "GEOSET_UNIT": "ADM1", "CENTROID_LONG": -74.26757461561202, "CENTROID_LAT": 10.20300991090285 }, "geometry": { "type": "MultiPolygon", "coordinates": [ [ [ [ -73.6123371, 11.2591259 ], [ -73.6219025, 11.1830997 ], [ -73.6800995, 11.1267004 ], [ -73.6707993, 11.0429001 ], [ -73.6840973, 10.9916 ], [ -73.674202, 10.9198999 ], [ -73.6407013, 10.8268003 ], [ -73.6260452, 10.8069162 ], [ -73.6885986, 10.7796001 ], [ -73.6850967, 10.7600002 ], [ -73.6257019, 10.7631998 ], [ -73.6020966, 10.7313004 ], [ -73.6343002, 10.6851997 ], [ -73.6428986, 10.6297998 ], [ -73.6267014, 10.5148001 ], [ -73.6567001, 10.5038996 ], [ -73.6940994, 10.4491997 ], [ -73.7350998, 10.4435997 ], [ -73.7414017, 10.4125004 ], [ -73.814003, 10.3838997 ], [ -73.9067993, 10.3790998 ], [ -73.9580994, 10.3388996 ], [ -74.0087967, 10.2489996 ], [ -74.0940018, 10.1366997 ], [ -74.1107025, 10.0663004 ], [ -74.0840988, 10.0066996 ], [ -74.031601, 9.9574003 ], [ -74.0230026, 9.9319 ], [ -73.9596024, 9.8853998 ], [ -73.925499, 9.8234997 ], [ -73.8626022, 9.7735004 ], [ -73.8672028, 9.7320004 ], [ -73.8227997, 9.6514997 ], [ -73.8095016, 9.5820999 ], [ -73.9581985, 9.5752001 ], [ -74.0532989, 9.5819998 ], [ -74.1277008, 9.5003004 ], [ -74.1483994, 9.4668999 ], [ -74.0860977, 9.4319 ], [ -74.0410995, 9.3780003 ], [ -73.9996033, 9.3444004 ], [ -73.9644012, 9.2575998 ], [ -73.9857025, 9.1934996 ], [ -73.9084015, 9.1799002 ], [ -73.8864975, 9.1105003 ], [ -73.8287964, 9.0403996 ], [ -73.8771973, 8.9568005 ], [ -73.9088974, 8.9702997 ], [ -74.0201035, 8.9793997 ], [ -74.0697021, 9.0206003 ], [ -74.0830002, 9.0032997 ], [ -74.1503983, 9.0094004 ], [ -74.1475983, 9.0325003 ], [ -74.1959991, 9.0598001 ], [ -74.2126999, 9.0875998 ], [ -74.3118973, 9.1815996 ], [ -74.3638, 9.2089996 ], [ -74.4248962, 9.1919003 ], [ -74.460701, 9.2434998 ], [ -74.5338974, 9.2236004 ], [ -74.5737, 9.2820997 ], [ -74.6239014, 9.3175001 ], [ -74.6399994, 9.3620996 ], [ -74.6867981, 9.4027004 ], [ -74.7657013, 9.4099998 ], [ -74.8089981, 9.4286003 ], [ -74.8159027, 9.4505997 ], [ -74.8067017, 9.5274 ], [ -74.7773972, 9.6006002 ], [ -74.8466034, 9.691 ], [ -74.822998, 9.7614002 ], [ -74.8771973, 9.8591995 ], [ -74.8917007, 9.9067001 ], [ -74.861702, 9.9428997 ], [ -74.8023987, 9.9721003 ], [ -74.8468018, 10.0566998 ], [ -74.8807983, 10.0798998 ], [ -74.9263992, 10.0795002 ], [ -74.9569015, 10.1136999 ], [ -74.927597, 10.2140999 ], [ -74.9246979, 10.2504997 ], [ -74.9218979, 10.2891998 ], [ -74.895401, 10.3127003 ], [ -74.8406982, 10.4055004 ], [ -74.8274002, 10.4533997 ], [ -74.7957993, 10.5005999 ], [ -74.7468033, 10.5489998 ], [ -74.7409973, 10.5853004 ], [ -74.7537994, 10.6327 ], [ -74.7434006, 10.7107 ], [ -74.6218033, 10.7118998 ], [ -74.549202, 10.7306995 ], [ -74.4655991, 10.7117996 ], [ -74.4893036, 10.8383999 ], [ -74.5227966, 10.9090004 ], [ -74.5002642, 10.9835809 ], [ -74.4462742, 10.975943 ], [ -74.3563365, 10.9759778 ], [ -74.3040115, 10.9851213 ], [ -74.2613261, 11.0099876 ], [ -74.21375, 11.0731 ], [ -74.2334761, 11.1175181 ], [ -74.2264254, 11.1481542 ], [ -74.2378616, 11.221857 ], [ -74.2179655, 11.2382135 ], [ -74.1942785, 11.3037209 ], [ -74.1468419, 11.3003727 ], [ -74.0763173, 11.3411309 ], [ -73.9794033, 11.3400295 ], [ -73.9476569, 11.3145431 ], [ -73.8565618, 11.2738234 ], [ -73.7904381, 11.2563459 ], [ -73.7576429, 11.264736 ], [ -73.7116199, 11.2533 ], [ -73.6123371, 11.2591259 ] ] ] ] } },
{ "type": "Feature", "properties": { "POLYGON_ID": "COL_GAUL2010_ADM1_954", "ADM0_ISO3": "COL", "ADM0_NAME": "Colombia", "ADM0_CODE": 57, "ADM1_NAME": "Meta", "ADM1_CODE": 954, "GEOSET": "GAUL", "GEOSET_YEAR": 2010.0, "GEOSET_VERSION": "GAUL_v1", "GEOSET_UNIT": "ADM1", "CENTROID_LONG": -72.966600371318776, "CENTROID_LAT": 3.3188413498712186 }, "geometry": { "type": "MultiPolygon", "coordinates": [ [ [ [ -71.0951996, 2.8455009 ], [ -71.1666031, 2.836 ], [ -71.2041016, 2.8499999 ], [ -71.235199, 2.8345001 ], [ -71.2893982, 2.8382001 ], [ -71.3309021, 2.8759 ], [ -71.3955002, 2.8160999 ], [ -71.430603, 2.8220999 ], [ -71.4761963, 2.8494 ], [ -71.4906006, 2.8281 ], [ -71.5280991, 2.8352001 ], [ -71.5967026, 2.8111999 ], [ -71.7118988, 2.8185999 ], [ -71.7823029, 2.8582001 ], [ -71.7903976, 2.8350999 ], [ -71.8543015, 2.8013 ], [ -71.9604034, 2.7895999 ], [ -72.0058975, 2.7695999 ], [ -72.032402, 2.7922001 ], [ -72.1084976, 2.8087001 ], [ -72.149498, 2.8563001 ], [ -72.1822968, 2.8333001 ], [ -72.2210007, 2.8288 ], [ -72.2180023, 2.7283001 ], [ -72.2757034, 2.7771001 ], [ -72.2911987, 2.7511001 ], [ -72.3644028, 2.7451 ], [ -72.4336014, 2.6894 ], [ -72.4692993, 2.6774001 ], [ -72.5304031, 2.6817 ], [ -72.589798, 2.6015999 ], [ -72.6167984, 2.5833001 ], [ -72.6606979, 2.5967 ], [ -72.7321014, 2.5999 ], [ -72.7539978, 2.5502999 ], [ -72.8127975, 2.5834999 ], [ -72.8422012, 2.5818999 ], [ -72.9453964, 2.5228 ], [ -72.9545975, 2.4923 ], [ -72.9377975, 2.4442 ], [ -72.9850998, 2.4491 ], [ -73.0363998, 2.4031 ], [ -73.0762024, 2.4112999 ], [ -73.1211014, 2.3647001 ], [ -73.177597, 2.3494 ], [ -73.1821976, 2.3787999 ], [ -73.2306976, 2.3848 ], [ -73.305603, 2.3245001 ], [ -73.3840027, 2.3420999 ], [ -73.4785004, 2.3176999 ], [ -73.5262985, 2.3243001 ], [ -73.5487976, 2.3654001 ], [ -73.5771027, 2.3313999 ], [ -73.6053009, 2.3656001 ], [ -73.6330032, 2.3166001 ], [ -73.6465988, 1.9637001 ], [ -73.660202, 1.6109 ], [ -73.7899017, 1.6062 ], [ -73.8434982, 1.5862 ], [ -73.930603, 1.5704 ], [ -73.9852982, 1.5757999 ], [ -74.0469971, 1.6015 ], [ -74.0932007, 1.6473 ], [ -74.1405029, 1.6585 ], [ -74.1883011, 1.7286 ], [ -74.2235031, 1.7640001 ], [ -74.2748032, 1.785 ], [ -74.4720001, 1.8066 ], [ -74.5406036, 1.867 ], [ -74.5850983, 1.9306999 ], [ -74.6312027, 2.0378001 ], [ -74.6289978, 2.1452 ], [ -74.6348038, 2.1868 ], [ -74.6619034, 2.2499001 ], [ -74.6787033, 2.4042001 ], [ -74.6763992, 2.4405999 ], [ -74.6955032, 2.5186 ], [ -74.661499, 2.5929999 ], [ -74.6051025, 2.6678 ], [ -74.6091995, 2.7788 ], [ -74.6673965, 2.8194001 ], [ -74.7232971, 2.8439 ], [ -74.8144989, 2.8975 ], [ -74.8738022, 2.9168 ], [ -74.9206009, 2.9440999 ], [ -74.9016037, 2.9862001 ], [ -74.8065033, 3.0817001 ], [ -74.7293015, 3.1154001 ], [ -74.7102966, 3.187 ], [ -74.6468964, 3.2543001 ], [ -74.6232986, 3.3137 ], [ -74.6222, 3.4489 ], [ -74.6165009, 3.4770999 ], [ -74.5709991, 3.5393 ], [ -74.5208969, 3.6366999 ], [ -74.5168991, 3.6656001 ], [ -74.4499969, 3.6647 ], [ -74.4171982, 3.727 ], [ -74.3295975, 3.8202 ], [ -74.327301, 3.8680999 ], [ -74.2761002, 3.9170001 ], [ -74.2386017, 3.9856 ], [ -74.2155991, 4.0033998 ], [ -74.1140976, 4.0208998 ], [ -74.0391998, 4.0886998 ], [ -73.9291, 4.1004 ], [ -73.7759018, 4.1880999 ], [ -73.7677994, 4.2210002 ], [ -73.7914963, 4.2488999 ], [ -73.8105011, 4.3529 ], [ -73.8348007, 4.3813 ], [ -73.8233032, 4.4159002 ], [ -73.7558975, 4.4867001 ], [ -73.7097015, 4.5032001 ], [ -73.6664963, 4.4700999 ], [ -73.6035995, 4.4456 ], [ -73.6082001, 4.3775001 ], [ -73.5782013, 4.3311 ], [ -73.5742035, 4.2849002 ], [ -73.5516968, 4.2639999 ], [ -73.4548035, 4.2652998 ], [ -73.4161987, 4.2848001 ], [ -73.3291016, 4.2614002 ], [ -73.2518997, 4.2488999 ], [ -73.1457977, 4.1907001 ], [ -73.138298, 4.2213001 ], [ -73.1095963, 4.4372001 ], [ -73.0723038, 4.6664 ], [ -73.0025024, 4.5626998 ], [ -72.933197, 4.4752002 ], [ -72.8714981, 4.4095998 ], [ -72.8496017, 4.3730998 ], [ -72.7729034, 4.2937002 ], [ -72.7677002, 4.2659001 ], [ -72.7249985, 4.2473001 ], [ -72.7106018, 4.2702999 ], [ -72.6362991, 4.2827001 ], [ -72.5952988, 4.2721 ], [ -72.5631027, 4.3153 ], [ -72.4933014, 4.2873001 ], [ -72.4651031, 4.3091002 ], [ -72.4171982, 4.2990999 ], [ -72.3867035, 4.3111 ], [ -72.3319015, 4.3593998 ], [ -72.2621994, 4.3902998 ], [ -72.1014023, 4.3989 ], [ -72.0714035, 4.3467999 ], [ -71.9838028, 4.3666 ], [ -71.842598, 4.5162001 ], [ -71.7890015, 4.5414 ], [ -71.7238998, 4.5567002 ], [ -71.5942001, 4.6220002 ], [ -71.5735016, 4.6485 ], [ -71.4293976, 4.6975999 ], [ -71.3567963, 4.7347999 ], [ -71.1949005, 4.7965002 ], [ -71.0854034, 4.8601999 ], [ -71.0748978, 4.6724 ], [ -71.0860977, 4.1873002 ], [ -71.0978012, 3.3434 ], [ -71.0951996, 2.8455009 ] ] ] ] } },
{ "type": "Feature", "properties": { "POLYGON_ID": "COL_GAUL2010_ADM1_955", "ADM0_ISO3": "COL", "ADM0_NAME": "Colombia", "ADM0_CODE": 57, "ADM1_NAME": "Narino", "ADM1_CODE": 955, "GEOSET": "GAUL", "GEOSET_YEAR": 2010.0, "GEOSET_VERSION": "GAUL_v1", "GEOSET_UNIT": "ADM1", "CENTROID_LONG": -77.867792468675972, "CENTROID_LAT": 1.5604537785597052 }, "geometry": { "type": "MultiPolygon", "coordinates": [ [ [ [ -78.0224012, 2.6450739 ], [ -77.9698029, 2.5502 ], [ -77.7748032, 2.3218 ], [ -77.7689972, 2.2744 ], [ -77.7488022, 2.253 ], [ -77.6427002, 2.1902001 ], [ -77.5061035, 2.1925001 ], [ -77.4438019, 2.2130001 ], [ -77.3976974, 2.2093999 ], [ -77.382103, 2.1845 ], [ -77.3636017, 2.0896001 ], [ -77.2921982, 2.0859001 ], [ -77.2874985, 2.0090001 ], [ -77.2465973, 1.9673001 ], [ -77.2425003, 1.9245 ], [ -77.3098984, 1.8549 ], [ -77.3272018, 1.8209 ], [ -77.3247986, 1.7493 ], [ -77.3646011, 1.6921999 ], [ -77.3529968, 1.6737 ], [ -77.2987976, 1.6654 ], [ -77.1875992, 1.6788 ], [ -77.1212997, 1.6751 ], [ -77.0360031, 1.714 ], [ -76.9662018, 1.664 ], [ -76.8803024, 1.6134 ], [ -76.8365021, 1.5965 ], [ -76.8169022, 1.5565 ], [ -76.8197021, 1.5184 ], [ -76.8664017, 1.425 ], [ -76.8386993, 1.3827 ], [ -76.8339996, 1.3388 ], [ -76.8622437, 1.30257 ], [ -76.9654007, 1.2429 ], [ -77.0957031, 1.2059 ], [ -77.1164017, 1.1725 ], [ -77.1128998, 1.0980001 ], [ -77.0943985, 0.9581 ], [ -77.0983963, 0.9246 ], [ -77.0615005, 0.8673 ], [ -77.0643005, 0.8055 ], [ -77.0307999, 0.6615 ], [ -77.1604996, 0.6245 ], [ -77.1344986, 0.5822 ], [ -77.1505966, 0.5297 ], [ -77.1072998, 0.4395 ], [ -77.1138375, 0.360556 ], [ -77.18518, 0.37433 ], [ -77.2155, 0.35914 ], [ -77.2176256, 0.3587635 ], [ -77.25369, 0.35161 ], [ -77.37321, 0.38702 ], [ -77.413216, 0.370486 ], [ -77.4186202, 0.3767972 ], [ -77.4645506, 0.3949119 ], [ -77.4721, 0.41899 ], [ -77.47933, 0.44658 ], [ -77.49291, 0.53207 ], [ -77.4924949, 0.5388172 ], [ -77.48037, 0.59975 ], [ -77.4821677, 0.6064188 ], [ -77.52639, 0.64832 ], [ -77.5319315, 0.6496108 ], [ -77.5378213, 0.6503944 ], [ -77.54258, 0.6496 ], [ -77.558286, 0.6478603 ], [ -77.56819, 0.65379 ], [ -77.6286833, 0.6940734 ], [ -77.64369, 0.71033 ], [ -77.65145, 0.71607 ], [ -77.65738, 0.71837 ], [ -77.6626872, 0.7183728 ], [ -77.67654, 0.71838 ], [ -77.7010542, 0.7392249 ], [ -77.70187, 0.74412 ], [ -77.69343, 0.75629 ], [ -77.6777, 0.7657 ], [ -77.6551206, 0.8015305 ], [ -77.66948, 0.81312 ], [ -77.6737016, 0.8171555 ], [ -77.7099, 0.83966 ], [ -77.76347, 0.83138 ], [ -77.76949, 0.83055 ], [ -77.84583, 0.79652 ], [ -77.93799, 0.8071 ], [ -77.95555, 0.81055 ], [ -78.01512, 0.85396 ], [ -78.05779, 0.8705 ], [ -78.1320433, 0.9229593 ], [ -78.1571, 0.94538 ], [ -78.19774, 0.99245 ], [ -78.20957, 0.99894 ], [ -78.32378, 1.03374 ], [ -78.33312, 1.03877 ], [ -78.40995, 1.10134 ], [ -78.42511, 1.13585 ], [ -78.43133, 1.14484 ], [ -78.43632, 1.14903 ], [ -78.4859501, 1.18188 ], [ -78.49717, 1.18586 ], [ -78.50053, 1.18493 ], [ -78.5087711, 1.1865872 ], [ -78.51515, 1.18787 ], [ -78.5231024, 1.1918655 ], [ -78.55122, 1.1952 ], [ -78.61771, 1.24731 ], [ -78.62594, 1.25673 ], [ -78.64261, 1.26522 ], [ -78.6850733, 1.3252827 ], [ -78.68974, 1.33734 ], [ -78.70299, 1.34768 ], [ -78.72103, 1.35272 ], [ -78.72537, 1.35593 ], [ -78.7307529, 1.3692032 ], [ -78.7508964, 1.3888211 ], [ -78.7780377, 1.3923677 ], [ -78.8189802, 1.4728027 ], [ -78.8581107, 1.4821472 ], [ -78.8657525, 1.5271982 ], [ -78.9036661, 1.5415252 ], [ -78.94996, 1.5854181 ], [ -78.9964613, 1.6109657 ], [ -79.0083328, 1.6511779 ], [ -78.9640262, 1.6782916 ], [ -78.9253757, 1.7402532 ], [ -78.8705227, 1.7953635 ], [ -78.8363942, 1.817364 ], [ -78.737877, 1.7965697 ], [ -78.7256388, 1.7625981 ], [ -78.6798025, 1.7892177 ], [ -78.6071594, 1.7841473 ], [ -78.5621126, 1.7516966 ], [ -78.53797, 1.8547 ], [ -78.5524472, 1.8968634 ], [ -78.5975801, 1.8944654 ], [ -78.6011058, 1.9935443 ], [ -78.6664199, 2.01481 ], [ -78.6893399, 2.0996099 ], [ -78.70404, 2.11668 ], [ -78.711192, 2.1732275 ], [ -78.667265, 2.2707534 ], [ -78.6153326, 2.3485598 ], [ -78.6071157, 2.3909434 ], [ -78.5490927, 2.4888196 ], [ -78.4684255, 2.5547492 ], [ -78.4493828, 2.5951645 ], [ -78.3956946, 2.6041439 ], [ -78.3748988, 2.6344386 ], [ -78.3364362, 2.6320425 ], [ -78.3254733, 2.5996426 ], [ -78.2860097, 2.6045901 ], [ -78.2969076, 2.657423 ], [ -78.2100484, 2.6644845 ], [ -78.1444499, 2.6822501 ], [ -78.1226706, 2.6416033 ], [ -78.0955464, 2.6474227 ], [ -78.0567147, 2.6183151 ], [ -78.0224012, 2.6450739 ] ] ] ] } },
{ "type": "Feature", "properties": { "POLYGON_ID": "COL_GAUL2010_ADM1_956", "ADM0_ISO3": "COL", "ADM0_NAME": "Colombia", "ADM0_CODE": 57, "ADM1_NAME": "Norte De Santander", "ADM1_CODE": 956, "GEOSET": "GAUL", "GEOSET_YEAR": 2010.0, "GEOSET_VERSION": "GAUL_v1", "GEOSET_UNIT": "ADM1", "CENTROID_LONG": -72.889261805974314, "CENTROID_LAT": 8.0781814705959487 }, "geometry": { "type": "MultiPolygon", "coordinates": [ [ [ [ -72.4263619, 8.3876623 ], [ -72.39177, 8.35272 ], [ -72.38087, 8.32157 ], [ -72.39103, 8.26338 ], [ -72.35512, 8.17062 ], [ -72.35955, 8.12866 ], [ -72.34582, 8.04909 ], [ -72.41382, 8.03821 ], [ -72.4162, 8.0 ], [ -72.46431, 7.91437 ], [ -72.44902, 7.83092 ], [ -72.47385, 7.78559 ], [ -72.47922, 7.62688 ], [ -72.45669, 7.56048 ], [ -72.47797, 7.51426 ], [ -72.4482088, 7.4335147 ], [ -72.43866, 7.40036 ], [ -72.30876, 7.38755 ], [ -72.25967, 7.37565 ], [ -72.20333, 7.38104 ], [ -72.16594, 7.32843 ], [ -72.1731, 7.25131 ], [ -72.0321612, 7.0220055 ], [ -72.0709457, 7.0147042 ], [ -72.1306, 7.0249 ], [ -72.1732025, 7.0152001 ], [ -72.2192993, 7.0258002 ], [ -72.2470016, 6.9797001 ], [ -72.2862015, 6.9643002 ], [ -72.3179016, 6.9840999 ], [ -72.3443985, 6.9229999 ], [ -72.370903, 6.8873 ], [ -72.4233017, 6.8573999 ], [ -72.4601974, 6.8628001 ], [ -72.5310974, 6.8943 ], [ -72.5887985, 6.9003 ], [ -72.5749969, 6.9407001 ], [ -72.6066971, 6.9823999 ], [ -72.6729965, 6.9791999 ], [ -72.7750015, 6.9906001 ], [ -72.8252029, 7.0283999 ], [ -72.8724976, 7.0331998 ], [ -72.9070969, 7.0563998 ], [ -72.8684998, 7.1447001 ], [ -72.8863983, 7.2076998 ], [ -72.9076996, 7.2367001 ], [ -72.8984985, 7.2672 ], [ -72.864502, 7.3028998 ], [ -72.933197, 7.4095001 ], [ -72.955101, 7.4678998 ], [ -72.9857025, 7.4858999 ], [ -73.0214996, 7.5450001 ], [ -73.0307922, 7.6033969 ], [ -73.049202, 7.6149998 ], [ -73.1044998, 7.5978999 ], [ -73.1956024, 7.6069999 ], [ -73.2630005, 7.5997 ], [ -73.2848969, 7.5489998 ], [ -73.3149033, 7.5173998 ], [ -73.3858032, 7.5384998 ], [ -73.4233627, 7.5624871 ], [ -73.4768982, 7.5579 ], [ -73.544899, 7.5882001 ], [ -73.5610962, 7.6258001 ], [ -73.6100998, 7.6844001 ], [ -73.6528015, 7.7087998 ], [ -73.6015015, 7.7196002 ], [ -73.5081024, 7.6845002 ], [ -73.4337006, 7.6946001 ], [ -73.4291, 7.7217002 ], [ -73.368103, 7.7943001 ], [ -73.375, 7.8751998 ], [ -73.3162003, 7.9008999 ], [ -73.3035965, 7.9366999 ], [ -73.327301, 7.9986 ], [ -73.4113998, 8.0353003 ], [ -73.4328003, 8.1225996 ], [ -73.4253998, 8.1988001 ], [ -73.3809967, 8.3021002 ], [ -73.3610001, 8.371212 ], [ -73.3695984, 8.4140997 ], [ -73.4330597, 8.4266682 ], [ -73.4197006, 8.3704004 ], [ -73.4265976, 8.3415003 ], [ -73.4732971, 8.3030005 ], [ -73.5212021, 8.3610001 ], [ -73.4946976, 8.4174995 ], [ -73.4963989, 8.4799004 ], [ -73.5505981, 8.5025997 ], [ -73.5593033, 8.5408001 ], [ -73.5402985, 8.6515999 ], [ -73.4705963, 8.6893997 ], [ -73.4718018, 8.7257996 ], [ -73.4360962, 8.7862997 ], [ -73.4516983, 8.9637003 ], [ -73.4378967, 9.0052996 ], [ -73.427002, 9.1247997 ], [ -73.3775024, 9.1419001 ], [ -73.3723335, 9.1763551 ], [ -73.29563, 9.17737 ], [ -73.24401, 9.16561 ], [ -73.21379, 9.18554 ], [ -73.17432, 9.18286 ], [ -73.12923, 9.2348 ], [ -73.08741, 9.23461 ], [ -73.0705, 9.26294 ], [ -73.01078, 9.2961 ], [ -72.96362, 9.20781 ], [ -72.96848, 9.13869 ], [ -72.92861, 9.08679 ], [ -72.89006, 9.1059 ], [ -72.8793608, 9.1354287 ], [ -72.8183, 9.14372 ], [ -72.77795, 9.11637 ], [ -72.74379, 9.01593 ], [ -72.65313, 8.62605 ], [ -72.58415, 8.56755 ], [ -72.4263619, 8.3876623 ] ] ] ] } },
{ "type": "Feature", "properties": { "POLYGON_ID": "COL_GAUL2010_ADM1_957", "ADM0_ISO3": "COL", "ADM0_NAME": "Colombia", "ADM0_CODE": 57, "ADM1_NAME": "Putumayo", "ADM1_CODE": 957, "GEOSET": "GAUL", "GEOSET_YEAR": 2010.0, "GEOSET_VERSION": "GAUL_v1", "GEOSET_UNIT": "ADM1", "CENTROID_LONG": -75.886616479061772, "CENTROID_LAT": 0.45670050659180034 }, "geometry": { "type": "MultiPolygon", "coordinates": [ [ [ [ -76.1035004, 1.0464 ], [ -76.024498, 1.0397 ], [ -76.0044022, 1.0546 ], [ -75.9392014, 1.0093 ], [ -75.9455032, 0.9672 ], [ -75.8744965, 0.8704 ], [ -75.8290024, 0.8771 ], [ -75.8024979, 0.8603 ], [ -75.8002014, 0.8273 ], [ -75.7200012, 0.8403 ], [ -75.6577988, 0.8597 ], [ -75.6376038, 0.8347 ], [ -75.5771027, 0.8293 ], [ -75.543602, 0.7604 ], [ -75.4392014, 0.7276 ], [ -75.3683014, 0.7435 ], [ -75.2904968, 0.7131 ], [ -75.2875977, 0.6542 ], [ -75.237999, 0.5859 ], [ -75.2661972, 0.5386 ], [ -75.2326965, 0.4934 ], [ -75.2321014, 0.4657 ], [ -75.0366974, 0.4562 ], [ -75.0033035, 0.3948 ], [ -75.021698, 0.3701 ], [ -75.021698, 0.3233 ], [ -75.0048981, 0.2938 ], [ -75.0279999, 0.2505 ], [ -74.9962006, 0.2336 ], [ -74.8682022, 0.1938 ], [ -74.7857971, 0.1866 ], [ -74.737999, 0.1731 ], [ -74.7080002, 0.1325 ], [ -74.7073975, 0.0817 ], [ -74.7356033, 0.0471 ], [ -74.6951981, -0.0489 ], [ -74.6420975, -0.1335 ], [ -74.5059967, -0.1687 ], [ -74.4859009, -0.1197 ], [ -74.4473038, -0.1337 ], [ -74.4477997, -0.1666 ], [ -74.3958969, -0.1484 ], [ -74.3412018, -0.1729 ], [ -74.2978973, -0.1782 ], [ -74.3152008, -0.2423 ], [ -74.1951981, -0.2994 ], [ -74.1635971, -0.2787 ], [ -74.1139984, -0.3142 ], [ -74.0817032, -0.3155 ], [ -74.0569, -0.3647 ], [ -74.0233994, -0.381 ], [ -73.9414978, -0.401 ], [ -73.8836517, -0.430559 ], [ -74.3887114, -0.5810234 ], [ -74.39035, -0.56146 ], [ -74.39311, -0.55504 ], [ -74.39586, -0.55321 ], [ -74.401321, -0.5541519 ], [ -74.40449, -0.56013 ], [ -74.42204, -0.5602 ], [ -74.4218659, -0.5568665 ], [ -74.42162, -0.55216 ], [ -74.4235, -0.53586 ], [ -74.4213, -0.51541 ], [ -74.42542, -0.51083 ], [ -74.43067, -0.50832 ], [ -74.4316047, -0.5083282 ], [ -74.43181, -0.50833 ], [ -74.45373, -0.50014 ], [ -74.4558546, -0.4992889 ], [ -74.47086, -0.48917 ], [ -74.48068, -0.48553 ], [ -74.4889891, -0.4925348 ], [ -74.4927209, -0.4956789 ], [ -74.4935043, -0.4947747 ], [ -74.4957, -0.49224 ], [ -74.4951446, -0.486055 ], [ -74.49413, -0.4826 ], [ -74.4942483, -0.4809679 ], [ -74.49737, -0.47227 ], [ -74.5031924, -0.4740111 ], [ -74.51991, -0.47947 ], [ -74.53341, -0.4639 ], [ -74.5410821, -0.4484272 ], [ -74.54535, -0.43982 ], [ -74.5479401, -0.4363032 ], [ -74.5595, -0.42685 ], [ -74.56295, -0.42611 ], [ -74.56753, -0.4213 ], [ -74.575525, -0.3995035 ], [ -74.5806, -0.39654 ], [ -74.5940906, -0.3959339 ], [ -74.599523, -0.3956882 ], [ -74.60546, -0.39203 ], [ -74.6064599, -0.3899288 ], [ -74.60753, -0.38768 ], [ -74.60505, -0.38009 ], [ -74.63269, -0.36135 ], [ -74.641601, -0.354489 ], [ -74.6584642, -0.3325887 ], [ -74.65946, -0.33159 ], [ -74.66562, -0.33 ], [ -74.66981, -0.33024 ], [ -74.6731983, -0.3304398 ], [ -74.67405, -0.33049 ], [ -74.67701, -0.3305 ], [ -74.67975, -0.33028 ], [ -74.6843, -0.33052 ], [ -74.69912, -0.32988 ], [ -74.70482, -0.32898 ], [ -74.7103, -0.32624 ], [ -74.7167412, -0.3191073 ], [ -74.72539, -0.30953 ], [ -74.73156, -0.30633 ], [ -74.7359792, -0.3057257 ], [ -74.74136, -0.30499 ], [ -74.74866, -0.3057 ], [ -74.75207, -0.30754 ], [ -74.7561844, -0.3070387 ], [ -74.7726, -0.30141 ], [ -74.78766, -0.29526 ], [ -74.79495, -0.29436 ], [ -74.7961137, -0.2934995 ], [ -74.8005244, -0.2863439 ], [ -74.8, -0.28336 ], [ -74.79478, -0.27737 ], [ -74.78681, -0.27551 ], [ -74.77637, -0.264 ], [ -74.7754472, -0.2550211 ], [ -74.77526, -0.2532 ], [ -74.7772175, -0.2378811 ], [ -74.78017, -0.21442 ], [ -74.78545, -0.20273 ], [ -74.80474, -0.16147 ], [ -74.8328245, -0.14135 ], [ -74.87279, -0.18577 ], [ -74.90352, -0.19504 ], [ -74.95898, -0.16628 ], [ -75.00608, -0.1127 ], [ -75.11498, -0.03862 ], [ -75.16875, -0.03234 ], [ -75.20739, -0.01298 ], [ -75.23417, -0.0208 ], [ -75.24842, -0.06031 ], [ -75.2882002, -0.093691 ], [ -75.36343, -0.07482 ], [ -75.41309, -0.07792 ], [ -75.44502, -0.06445 ], [ -75.46647, -0.05256 ], [ -75.4685147, -0.0511924 ], [ -75.47263, -0.04844 ], [ -75.5397, -0.01278 ], [ -75.57774, -0.01286 ], [ -75.5804256, -0.0084371 ], [ -75.580954, -0.007506 ], [ -75.58186, -0.00208 ], [ -75.5806079, 0.0011703 ], [ -75.57628, 0.01289 ], [ -75.57281, 0.04308 ], [ -75.61739, 0.07348 ], [ -75.73364, 0.0644 ], [ -75.80174, 0.09282 ], [ -75.8832, 0.15661 ], [ -75.92574, 0.20287 ], [ -76.0401421, 0.349401 ], [ -76.05268, 0.3554 ], [ -76.09738, 0.34701 ], [ -76.13219, 0.39393 ], [ -76.21744, 0.4017 ], [ -76.26915, 0.44107 ], [ -76.3059751, 0.4348946 ], [ -76.31591, 0.43061 ], [ -76.3287, 0.41708 ], [ -76.33692, 0.40516 ], [ -76.40261, 0.38415 ], [ -76.4034396, 0.3763913 ], [ -76.39796, 0.27531 ], [ -76.4081368, 0.2480034 ], [ -76.41533, 0.24801 ], [ -76.4226261, 0.2470728 ], [ -76.4276318, 0.2464329 ], [ -76.43606, 0.26 ], [ -76.50332, 0.24772 ], [ -76.52588, 0.25671 ], [ -76.5358743, 0.2577088 ], [ -76.54229, 0.25835 ], [ -76.57764, 0.2428 ], [ -76.5882341, 0.2359035 ], [ -76.60759, 0.23958 ], [ -76.61692, 0.24274 ], [ -76.62788, 0.25948 ], [ -76.64011, 0.26578 ], [ -76.65465, 0.2581 ], [ -76.6558064, 0.2582806 ], [ -76.6645721, 0.2719112 ], [ -76.67079, 0.27527 ], [ -76.72347, 0.28503 ], [ -76.72886, 0.28567 ], [ -76.73675, 0.2811 ], [ -76.7411626, 0.2803024 ], [ -76.76043, 0.2703 ], [ -76.759192, 0.2682033 ], [ -76.75278, 0.26046 ], [ -76.75486, 0.25629 ], [ -76.7729144, 0.2522471 ], [ -76.77977, 0.25196 ], [ -76.79489, 0.26224 ], [ -76.80319, 0.26498 ], [ -76.81896, 0.25917 ], [ -76.82561, 0.2548 ], [ -76.8279, 0.25543 ], [ -76.83225, 0.25419 ], [ -76.852019, 0.2435463 ], [ -76.85862, 0.2459 ], [ -76.88186, 0.24839 ], [ -76.88949, 0.24854 ], [ -76.89679, 0.24763 ], [ -76.90568, 0.24879 ], [ -76.92528, 0.25432 ], [ -76.9716037, 0.267348 ], [ -76.99024, 0.26795 ], [ -77.0523428, 0.2845814 ], [ -77.0542, 0.28524 ], [ -77.06997, 0.28381 ], [ -77.08675, 0.30161 ], [ -77.08362, 0.30724 ], [ -77.0832546, 0.3084874 ], [ -77.0825808, 0.3107928 ], [ -77.0853788, 0.317415 ], [ -77.09438, 0.3267 ], [ -77.0963479, 0.3298329 ], [ -77.10161, 0.33821 ], [ -77.1082013, 0.3525524 ], [ -77.1138375, 0.360556 ], [ -77.1072998, 0.4395 ], [ -77.1505966, 0.5297 ], [ -77.1344986, 0.5822 ], [ -77.1604996, 0.6245 ], [ -77.0307999, 0.6615 ], [ -77.0643005, 0.8055 ], [ -77.0615005, 0.8673 ], [ -77.0983963, 0.9246 ], [ -77.0943985, 0.9581 ], [ -77.1128998, 1.0980001 ], [ -77.1164017, 1.1725 ], [ -77.0957031, 1.2059 ], [ -76.9654007, 1.2429 ], [ -76.8622437, 1.30257 ], [ -76.7959976, 1.2925 ], [ -76.7670975, 1.3108 ], [ -76.7366028, 1.3939 ], [ -76.7014999, 1.4238 ], [ -76.6098022, 1.3835 ], [ -76.5878983, 1.3609 ], [ -76.5618973, 1.2349 ], [ -76.5642014, 1.1968 ], [ -76.5877991, 1.1188999 ], [ -76.581398, 1.0472 ], [ -76.4394989, 0.9692 ], [ -76.3852997, 0.9684 ], [ -76.3259964, 0.9537 ], [ -76.2233963, 0.9753 ], [ -76.194603, 1.015 ], [ -76.1501999, 0.9986 ], [ -76.0942993, 1.0186 ], [ -76.1035004, 1.0464 ] ] ] ] } },
{ "type": "Feature", "properties": { "POLYGON_ID": "COL_GAUL2010_ADM1_958", "ADM0_ISO3": "COL", "ADM0_NAME": "Colombia", "ADM0_CODE": 57, "ADM1_NAME": "Quindio", "ADM1_CODE": 958, "GEOSET": "GAUL", "GEOSET_YEAR": 2010.0, "GEOSET_VERSION": "GAUL_v1", "GEOSET_UNIT": "ADM1", "CENTROID_LONG": -75.689764274600606, "CENTROID_LAT": 4.4791754782236382 }, "geometry": { "type": "MultiPolygon", "coordinates": [ [ [ [ -75.4196091, 4.702723 ], [ -75.373497, 4.6454 ], [ -75.4772034, 4.5707002 ], [ -75.5314026, 4.5450001 ], [ -75.5602036, 4.5081 ], [ -75.6080017, 4.4204998 ], [ -75.6304016, 4.3038998 ], [ -75.6828003, 4.1978998 ], [ -75.7195969, 4.1430998 ], [ -75.7801971, 4.1497002 ], [ -75.8268967, 4.2775998 ], [ -75.8240967, 4.3653998 ], [ -75.865097, 4.4250999 ], [ -75.8759995, 4.4696002 ], [ -75.8720016, 4.5233002 ], [ -75.9020004, 4.5893002 ], [ -75.8796005, 4.6227002 ], [ -75.7441025, 4.6296 ], [ -75.745903, 4.7087002 ], [ -75.6876984, 4.6952 ], [ -75.5597, 4.6837001 ], [ -75.501503, 4.6701999 ], [ -75.4196091, 4.702723 ] ] ] ] } },
{ "type": "Feature", "properties": { "POLYGON_ID": "COL_GAUL2010_ADM1_959", "ADM0_ISO3": "COL", "ADM0_NAME": "Colombia", "ADM0_CODE": 57, "ADM1_NAME": "Risaralda", "ADM1_CODE": 959, "GEOSET": "GAUL", "GEOSET_YEAR": 2010.0, "GEOSET_VERSION": "GAUL_v1", "GEOSET_UNIT": "ADM1", "CENTROID_LONG": -75.921790112865295, "CENTROID_LAT": 5.0679328024382295 }, "geometry": { "type": "MultiPolygon", "coordinates": [ [ [ [ -75.8865051, 5.4751382 ], [ -75.9036026, 5.3702002 ], [ -75.8799973, 5.3527999 ], [ -75.8107986, 5.3785 ], [ -75.7335968, 5.381 ], [ -75.7145004, 5.3319001 ], [ -75.683403, 5.3294001 ], [ -75.7076035, 5.2751999 ], [ -75.7565994, 5.2494001 ], [ -75.7968979, 5.2744999 ], [ -75.8673019, 5.2736001 ], [ -75.8488007, 5.1961002 ], [ -75.8769989, 5.1511998 ], [ -75.8839035, 5.1160002 ], [ -75.9185028, 5.1248002 ], [ -75.9531021, 5.1128001 ], [ -75.9538956, 5.033854 ], [ -75.9067993, 4.9208002 ], [ -75.8116989, 4.9175 ], [ -75.8416977, 4.9528999 ], [ -75.831398, 4.9898 ], [ -75.7841034, 5.0324001 ], [ -75.7615967, 4.9942002 ], [ -75.7575989, 4.9531002 ], [ -75.7229996, 4.9218001 ], [ -75.6884003, 4.9285998 ], [ -75.6619034, 4.9549999 ], [ -75.6388016, 4.9266 ], [ -75.5483017, 4.9211001 ], [ -75.518898, 4.9105001 ], [ -75.4132996, 4.8055 ], [ -75.4196091, 4.702723 ], [ -75.501503, 4.6701999 ], [ -75.5597, 4.6837001 ], [ -75.6876984, 4.6952 ], [ -75.745903, 4.7087002 ], [ -75.879097, 4.7226 ], [ -75.8843002, 4.7521 ], [ -75.9487991, 4.7522998 ], [ -75.9666977, 4.7894001 ], [ -75.9488983, 4.8597999 ], [ -76.0054016, 4.8508 ], [ -76.0129013, 4.8878002 ], [ -76.0560989, 4.9238 ], [ -76.0902023, 4.9759002 ], [ -76.1697006, 4.9650912 ], [ -76.2192993, 4.9879999 ], [ -76.2499008, 5.0257001 ], [ -76.2689972, 5.1043 ], [ -76.3290024, 5.2073998 ], [ -76.3583984, 5.2335 ], [ -76.3550034, 5.2774 ], [ -76.3152008, 5.2898998 ], [ -76.2766037, 5.3491998 ], [ -76.1635971, 5.3955998 ], [ -76.1151962, 5.4432998 ], [ -76.0173035, 5.4717999 ], [ -75.8865051, 5.4751382 ] ] ] ] } },
{ "type": "Feature", "properties": { "POLYGON_ID": "COL_GAUL2010_ADM1_960", "ADM0_ISO3": "COL", "ADM0_NAME": "Colombia", "ADM0_CODE": 57, "ADM1_NAME": "San Andres Y Providencia", "ADM1_CODE": 960, "GEOSET": "GAUL", "GEOSET_YEAR": 2010.0, "GEOSET_VERSION": "GAUL_v1", "GEOSET_UNIT": "ADM1", "CENTROID_LONG": -81.706588696594082, "CENTROID_LAT": 12.558889839447748 }, "geometry": { "type": "MultiPolygon", "coordinates": [ [ [ [ -81.7043052, 12.594845 ], [ -81.6838608, 12.5895109 ], [ -81.6975555, 12.531024 ], [ -81.7356516, 12.5306222 ], [ -81.7043052, 12.594845 ] ] ] ] } },
{ "type": "Feature", "properties": { "POLYGON_ID": "COL_GAUL2010_ADM1_961", "ADM0_ISO3": "COL", "ADM0_NAME": "Colombia", "ADM0_CODE": 57, "ADM1_NAME": "Santander", "ADM1_CODE": 961, "GEOSET": "GAUL", "GEOSET_YEAR": 2010.0, "GEOSET_VERSION": "GAUL_v1", "GEOSET_UNIT": "ADM1", "CENTROID_LONG": -73.514487661570456, "CENTROID_LAT": 6.6752630399869473 }, "geometry": { "type": "MultiPolygon", "coordinates": [ [ [ [ -73.8076019, 8.1183147 ], [ -73.8005981, 8.0710001 ], [ -73.7556, 7.9974999 ], [ -73.7584, 7.9646001 ], [ -73.7081985, 7.9245 ], [ -73.7070999, 7.8979001 ], [ -73.7647018, 7.8081002 ], [ -73.7605972, 7.7705002 ], [ -73.7785034, 7.7220001 ], [ -73.6528015, 7.7087998 ], [ -73.6100998, 7.6844001 ], [ -73.5610962, 7.6258001 ], [ -73.544899, 7.5882001 ], [ -73.4768982, 7.5579 ], [ -73.4233627, 7.5624871 ], [ -73.3858032, 7.5384998 ], [ -73.3149033, 7.5173998 ], [ -73.2848969, 7.5489998 ], [ -73.2630005, 7.5997 ], [ -73.1956024, 7.6069999 ], [ -73.1044998, 7.5978999 ], [ -73.049202, 7.6149998 ], [ -73.0307922, 7.6033969 ], [ -73.0214996, 7.5450001 ], [ -72.9857025, 7.4858999 ], [ -72.955101, 7.4678998 ], [ -72.933197, 7.4095001 ], [ -72.864502, 7.3028998 ], [ -72.8984985, 7.2672 ], [ -72.9076996, 7.2367001 ], [ -72.8863983, 7.2076998 ], [ -72.8684998, 7.1447001 ], [ -72.9070969, 7.0563998 ], [ -72.8724976, 7.0331998 ], [ -72.8252029, 7.0283999 ], [ -72.7750015, 6.9906001 ], [ -72.6729965, 6.9791999 ], [ -72.6066971, 6.9823999 ], [ -72.5749969, 6.9407001 ], [ -72.5887985, 6.9003 ], [ -72.5310974, 6.8943 ], [ -72.516098, 6.7810001 ], [ -72.5280991, 6.6712999 ], [ -72.5274963, 6.6111999 ], [ -72.5546036, 6.5865002 ], [ -72.572403, 6.5386 ], [ -72.5636978, 6.4819999 ], [ -72.6433029, 6.4194002 ], [ -72.6853027, 6.4126 ], [ -72.717598, 6.4514999 ], [ -72.7488022, 6.5221 ], [ -72.8019028, 6.5668001 ], [ -72.8386993, 6.5369 ], [ -72.8277969, 6.5107999 ], [ -72.7567978, 6.4232998 ], [ -72.7637024, 6.3638 ], [ -72.7873001, 6.2923002 ], [ -72.7890015, 6.2311001 ], [ -72.8115005, 6.1988001 ], [ -72.8823013, 6.1385002 ], [ -72.9382019, 6.0676999 ], [ -72.9796982, 6.0325999 ], [ -73.0130997, 5.9749999 ], [ -73.0516968, 5.9526 ], [ -73.0892029, 5.9510999 ], [ -73.2418976, 5.9702001 ], [ -73.2689972, 5.8964 ], [ -73.3023987, 5.8509002 ], [ -73.375, 5.8344002 ], [ -73.4297028, 5.7405 ], [ -73.4961014, 5.8326001 ], [ -73.4511032, 5.8757 ], [ -73.4039001, 5.9604998 ], [ -73.4408035, 6.0454998 ], [ -73.5330963, 6.0943999 ], [ -73.5792007, 6.0091 ], [ -73.6304016, 5.9464002 ], [ -73.6379013, 5.895 ], [ -73.6251984, 5.8597002 ], [ -73.6407013, 5.7870002 ], [ -73.6371994, 5.7437 ], [ -73.6591034, 5.7126002 ], [ -73.6959991, 5.7191 ], [ -73.7230988, 5.7556 ], [ -73.7755966, 5.7610002 ], [ -73.8223038, 5.7357998 ], [ -73.9139023, 5.7206001 ], [ -73.9981003, 5.7220998 ], [ -74.0401993, 5.7898002 ], [ -74.0972977, 5.7958999 ], [ -74.1110992, 5.8323002 ], [ -74.1941986, 5.8771 ], [ -74.233902, 5.8403001 ], [ -74.260498, 5.8594999 ], [ -74.2611008, 5.9207001 ], [ -74.2875977, 5.9334998 ], [ -74.2922974, 6.0496998 ], [ -74.3360977, 6.0493002 ], [ -74.3516006, 6.0296998 ], [ -74.4144974, 6.0258999 ], [ -74.4761963, 6.0695 ], [ -74.5056, 6.1921 ], [ -74.5517883, 6.2473779 ], [ -74.4854965, 6.3120999 ], [ -74.4475021, 6.3669 ], [ -74.3991013, 6.3771 ], [ -74.4313965, 6.4656 ], [ -74.4441986, 6.5309 ], [ -74.3923035, 6.6034999 ], [ -74.3444977, 6.6125002 ], [ -74.2885971, 6.6475 ], [ -74.2556992, 6.6889 ], [ -74.2004013, 6.7124 ], [ -74.1456985, 6.7571998 ], [ -74.1134033, 6.8241 ], [ -74.0085983, 6.908 ], [ -73.9532013, 6.9291 ], [ -73.8962021, 6.9924002 ], [ -73.9401016, 7.0839 ], [ -73.9372025, 7.1248999 ], [ -73.9516983, 7.1781001 ], [ -73.9540024, 7.2635999 ], [ -73.927002, 7.3807001 ], [ -73.9339981, 7.4709001 ], [ -73.895401, 7.5071001 ], [ -73.844101, 7.6184001 ], [ -73.8367004, 7.7164998 ], [ -73.8246002, 7.7603998 ], [ -73.8464966, 7.8193998 ], [ -73.8482971, 7.8643999 ], [ -73.8927994, 7.9974999 ], [ -73.8881989, 8.0570002 ], [ -73.8076019, 8.1183147 ] ] ] ] } },
{ "type": "Feature", "properties": { "POLYGON_ID": "COL_GAUL2010_ADM1_962", "ADM0_ISO3": "COL", "ADM0_NAME": "Colombia", "ADM0_CODE": 57, "ADM1_NAME": "Sucre", "ADM1_CODE": 962, "GEOSET": "GAUL", "GEOSET_YEAR": 2010.0, "GEOSET_VERSION": "GAUL_v1", "GEOSET_UNIT": "ADM1", "CENTROID_LONG": -75.122831788145319, "CENTROID_LAT": 9.0644759904225776 }, "geometry": { "type": "MultiPolygon", "coordinates": [ [ [ [ -74.7731018, 8.2495003 ], [ -74.8003006, 8.2907 ], [ -74.802597, 8.3564997 ], [ -74.8170013, 8.3790998 ], [ -74.8764038, 8.4019003 ], [ -74.9005966, 8.4447002 ], [ -74.9623032, 8.46 ], [ -75.0112991, 8.4608002 ], [ -75.043602, 8.4764996 ], [ -75.1380997, 8.3832998 ], [ -75.188797, 8.3852997 ], [ -75.2171021, 8.4102001 ], [ -75.1975021, 8.4667997 ], [ -75.2194977, 8.4882002 ], [ -75.3145981, 8.4863005 ], [ -75.3330002, 8.5228004 ], [ -75.3227005, 8.5469999 ], [ -75.3480988, 8.6787996 ], [ -75.3676987, 8.7205 ], [ -75.3434982, 8.7516003 ], [ -75.4040985, 8.8234997 ], [ -75.3263016, 8.8600998 ], [ -75.2715988, 8.8690996 ], [ -75.2098999, 8.8648005 ], [ -75.2151031, 8.9705 ], [ -75.2537994, 9.0556002 ], [ -75.3057022, 9.0576 ], [ -75.3339005, 9.1166 ], [ -75.364502, 9.1341 ], [ -75.4112015, 9.1215 ], [ -75.4394989, 9.1731005 ], [ -75.4705963, 9.1772003 ], [ -75.4665985, 9.2396002 ], [ -75.5207977, 9.2271004 ], [ -75.5507965, 9.2579002 ], [ -75.6350021, 9.3066998 ], [ -75.6818161, 9.3166962 ], [ -75.6921005, 9.3866997 ], [ -75.7126473, 9.4131908 ], [ -75.6782734, 9.4032314 ], [ -75.6249052, 9.44141 ], [ -75.5974007, 9.4896584 ], [ -75.5753442, 9.5580239 ], [ -75.5828262, 9.6456612 ], [ -75.6167597, 9.6963207 ], [ -75.6542126, 9.7073727 ], [ -75.6783597, 9.733878 ], [ -75.6452934, 9.7562985 ], [ -75.6150601, 9.84506 ], [ -75.6162999, 9.87882 ], [ -75.5742942, 9.979159 ], [ -75.5723237, 10.0848242 ], [ -75.5310974, 10.1138 ], [ -75.5056992, 10.1113997 ], [ -75.5259018, 10.0410004 ], [ -75.4849014, 10.0136995 ], [ -75.4704971, 9.9344997 ], [ -75.4791031, 9.8785 ], [ -75.4382019, 9.8870001 ], [ -75.3448029, 9.8641005 ], [ -75.3412018, 9.7693005 ], [ -75.3562012, 9.7255001 ], [ -75.3879013, 9.6880999 ], [ -75.3641968, 9.6643 ], [ -75.3199005, 9.6780005 ], [ -75.2518005, 9.6759996 ], [ -75.1970978, 9.6573 ], [ -75.1214981, 9.5738001 ], [ -75.0333023, 9.5428 ], [ -75.0020981, 9.5131998 ], [ -74.9335022, 9.3985004 ], [ -74.9253006, 9.2447996 ], [ -74.9137802, 9.2010612 ], [ -74.843399, 9.0718002 ], [ -74.7994995, 9.0289001 ], [ -74.740097, 9.0123997 ], [ -74.6737976, 8.9659996 ], [ -74.6016998, 8.8617001 ], [ -74.5751038, 8.7708998 ], [ -74.6258011, 8.7018003 ], [ -74.5958023, 8.5265999 ], [ -74.5669022, 8.4842997 ], [ -74.5587997, 8.4173002 ], [ -74.5876007, 8.3620005 ], [ -74.6228027, 8.3678999 ], [ -74.6307983, 8.3148003 ], [ -74.6756973, 8.2803001 ], [ -74.7126007, 8.2874002 ], [ -74.7731018, 8.2495003 ] ] ] ] } },
{ "type": "Feature", "properties": { "POLYGON_ID": "COL_GAUL2010_ADM1_963", "ADM0_ISO3": "COL", "ADM0_NAME": "Colombia", "ADM0_CODE": 57, "ADM1_NAME": "Tolima", "ADM1_CODE": 963, "GEOSET": "GAUL", "GEOSET_YEAR": 2010.0, "GEOSET_VERSION": "GAUL_v1", "GEOSET_UNIT": "ADM1", "CENTROID_LONG": -75.266325031352309, "CENTROID_LAT": 4.0431292936195939 }, "geometry": { "type": "MultiPolygon", "coordinates": [ [ [ [ -74.7657013, 5.2729998 ], [ -74.7593002, 5.1880999 ], [ -74.7425003, 5.1499 ], [ -74.7657623, 4.9979668 ], [ -74.740097, 4.9672999 ], [ -74.7822037, 4.8663998 ], [ -74.7833023, 4.7681999 ], [ -74.8500977, 4.7160001 ], [ -74.825798, 4.6343999 ], [ -74.8453979, 4.5992999 ], [ -74.8407974, 4.5258999 ], [ -74.8246002, 4.4974999 ], [ -74.8367004, 4.4489999 ], [ -74.8626022, 4.4208999 ], [ -74.9184036, 4.2663002 ], [ -74.9079971, 4.2523999 ], [ -74.8251038, 4.2768998 ], [ -74.8071976, 4.2449999 ], [ -74.7489014, 4.2256999 ], [ -74.721199, 4.1973 ], [ -74.6809006, 4.1989002 ], [ -74.6296005, 4.2449002 ], [ -74.589798, 4.2522001 ], [ -74.5442963, 4.2248998 ], [ -74.5391006, 4.1883998 ], [ -74.5038986, 4.1224999 ], [ -74.5066986, 4.0924001 ], [ -74.5429993, 4.0261998 ], [ -74.5344009, 3.9926 ], [ -74.5515976, 3.9598 ], [ -74.5290985, 3.9105999 ], [ -74.5631027, 3.8039 ], [ -74.6022034, 3.7197001 ], [ -74.6747971, 3.6616001 ], [ -74.7640991, 3.5741999 ], [ -74.7634964, 3.5448 ], [ -74.8067017, 3.5044999 ], [ -74.7900009, 3.4322 ], [ -74.8787003, 3.3292 ], [ -74.9552994, 3.2665999 ], [ -75.0302811, 3.259984 ], [ -75.088501, 3.2751999 ], [ -75.1035004, 3.3013 ], [ -75.0412979, 3.3645 ], [ -75.0764999, 3.4300001 ], [ -75.1854019, 3.3975 ], [ -75.2193985, 3.3659 ], [ -75.236702, 3.3954 ], [ -75.2759018, 3.3875 ], [ -75.2810974, 3.3615 ], [ -75.3526001, 3.3924 ], [ -75.4061966, 3.3787999 ], [ -75.4107971, 3.3545001 ], [ -75.4620972, 3.3311 ], [ -75.481102, 3.3 ], [ -75.5467987, 3.2685001 ], [ -75.6054993, 3.2149999 ], [ -75.5916977, 3.1589 ], [ -75.6048965, 3.1382 ], [ -75.6867981, 3.1229 ], [ -75.7575989, 3.0759001 ], [ -75.7858963, 3.0332 ], [ -75.8516006, 3.0393 ], [ -75.898201, 2.9765 ], [ -76.0048981, 2.9689 ], [ -76.0574036, 3.0002999 ], [ -76.0798035, 3.0297999 ], [ -76.1006012, 3.0922999 ], [ -76.0971451, 3.2085929 ], [ -76.0926971, 3.2390001 ], [ -76.0246963, 3.4316001 ], [ -76.0098038, 3.5136001 ], [ -76.0121002, 3.5725 ], [ -75.9982986, 3.6377001 ], [ -75.9459991, 3.786 ], [ -75.8871994, 3.8959999 ], [ -75.8537979, 3.9310999 ], [ -75.7789001, 3.9256001 ], [ -75.7098007, 4.0153999 ], [ -75.7287979, 4.0889001 ], [ -75.7195969, 4.1430998 ], [ -75.6828003, 4.1978998 ], [ -75.6304016, 4.3038998 ], [ -75.6080017, 4.4204998 ], [ -75.5602036, 4.5081 ], [ -75.5314026, 4.5450001 ], [ -75.4772034, 4.5707002 ], [ -75.373497, 4.6454 ], [ -75.4196091, 4.702723 ], [ -75.4132996, 4.8055 ], [ -75.354599, 4.8515 ], [ -75.3615036, 4.9445 ], [ -75.3466034, 4.9837999 ], [ -75.3610001, 5.0837002 ], [ -75.3253021, 5.1269002 ], [ -75.2423019, 5.1306 ], [ -75.2077026, 5.1536002 ], [ -75.1507034, 5.1532998 ], [ -75.1057968, 5.2403998 ], [ -75.0631027, 5.2708001 ], [ -75.0112, 5.2803998 ], [ -74.9097977, 5.2817001 ], [ -74.8912964, 5.2915001 ], [ -74.7657013, 5.2729998 ] ] ] ] } },
{ "type": "Feature", "properties": { "POLYGON_ID": "COL_GAUL2010_ADM1_964", "ADM0_ISO3": "COL", "ADM0_NAME": "Colombia", "ADM0_CODE": 57, "ADM1_NAME": "Valle Del Cauca", "ADM1_CODE": 964, "GEOSET": "GAUL", "GEOSET_YEAR": 2010.0, "GEOSET_VERSION": "GAUL_v1", "GEOSET_UNIT": "ADM1", "CENTROID_LONG": -76.53170042703438, "CENTROID_LAT": 3.8693634862040129 }, "geometry": { "type": "MultiPolygon", "coordinates": [ [ [ [ -75.745903, 4.7087002 ], [ -75.7441025, 4.6296 ], [ -75.8796005, 4.6227002 ], [ -75.9020004, 4.5893002 ], [ -75.8720016, 4.5233002 ], [ -75.8759995, 4.4696002 ], [ -75.865097, 4.4250999 ], [ -75.8240967, 4.3653998 ], [ -75.8268967, 4.2775998 ], [ -75.7801971, 4.1497002 ], [ -75.7195969, 4.1430998 ], [ -75.7287979, 4.0889001 ], [ -75.7098007, 4.0153999 ], [ -75.7789001, 3.9256001 ], [ -75.8537979, 3.9310999 ], [ -75.8871994, 3.8959999 ], [ -75.9459991, 3.786 ], [ -75.9982986, 3.6377001 ], [ -76.0121002, 3.5725 ], [ -76.0098038, 3.5136001 ], [ -76.0246963, 3.4316001 ], [ -76.0926971, 3.2390001 ], [ -76.0971451, 3.2085929 ], [ -76.1526031, 3.2132001 ], [ -76.2055969, 3.2348001 ], [ -76.2465973, 3.2697001 ], [ -76.3746033, 3.2753999 ], [ -76.4598999, 3.3155999 ], [ -76.4898987, 3.3162999 ], [ -76.5226974, 3.2876 ], [ -76.4921036, 3.2372 ], [ -76.5243988, 3.1952 ], [ -76.552597, 3.1085999 ], [ -76.6016006, 3.1152 ], [ -76.6292038, 3.0968001 ], [ -76.680603, 3.1057 ], [ -76.8424988, 3.0827 ], [ -76.960701, 3.0722001 ], [ -76.9946976, 3.0966001 ], [ -77.0401993, 3.0783 ], [ -77.1014023, 3.0848999 ], [ -77.2115021, 3.1078999 ], [ -77.2546997, 3.0954001 ], [ -77.254097, 3.1306 ], [ -77.3146973, 3.1823001 ], [ -77.3797989, 3.1784999 ], [ -77.4172974, 3.2434001 ], [ -77.4553986, 3.2620001 ], [ -77.5402337, 3.2426312 ], [ -77.4958125, 3.3025478 ], [ -77.4344732, 3.360232 ], [ -77.4145151, 3.3601244 ], [ -77.3645419, 3.4504872 ], [ -77.3704499, 3.4759901 ], [ -77.3339685, 3.5131352 ], [ -77.29978, 3.56788 ], [ -77.233397, 3.5770601 ], [ -77.1948899, 3.61168 ], [ -77.18281, 3.6552499 ], [ -77.1969901, 3.73844 ], [ -77.13103, 3.77236 ], [ -77.1471602, 3.808399 ], [ -77.1114, 3.8221404 ], [ -77.10608, 3.8484301 ], [ -77.0548914, 3.8669524 ], [ -77.06106, 3.9031599 ], [ -77.0993859, 3.9077306 ], [ -77.1122664, 3.875315 ], [ -77.1720945, 3.8490312 ], [ -77.180212, 3.8318335 ], [ -77.2812501, 3.8394699 ], [ -77.30235, 3.86106 ], [ -77.3177201, 3.9499 ], [ -77.29175, 3.9772801 ], [ -77.2411301, 3.99159 ], [ -77.19826, 4.0303599 ], [ -77.1956401, 4.0579199 ], [ -77.28977, 4.04942 ], [ -77.3138301, 4.02926 ], [ -77.32166, 3.9854399 ], [ -77.3587, 3.92646 ], [ -77.38369, 3.96826 ], [ -77.4390001, 4.02271 ], [ -77.4236999, 4.0521201 ], [ -77.4797101, 4.08209 ], [ -77.5261713, 4.1278653 ], [ -77.5191713, 4.1958448 ], [ -77.4863867, 4.2061542 ], [ -77.4000015, 4.1911998 ], [ -77.3705978, 4.1985998 ], [ -77.3412018, 4.1788001 ], [ -77.2910995, 4.2329001 ], [ -77.2742996, 4.1796999 ], [ -77.2386017, 4.1627998 ], [ -77.1884995, 4.1805 ], [ -77.1001968, 4.1142998 ], [ -77.040802, 4.1071 ], [ -76.9838028, 4.1155 ], [ -76.9100037, 4.0753002 ], [ -76.8327026, 4.0103002 ], [ -76.7929001, 3.9928 ], [ -76.7277985, 4.0093002 ], [ -76.6920013, 4.0369 ], [ -76.6286011, 4.0384002 ], [ -76.5917969, 4.0577998 ], [ -76.5634995, 4.0924001 ], [ -76.4620972, 4.1698999 ], [ -76.5560989, 4.2420001 ], [ -76.5596008, 4.3003001 ], [ -76.5914001, 4.4032998 ], [ -76.5319977, 4.4267001 ], [ -76.5066986, 4.5149999 ], [ -76.4756012, 4.5709 ], [ -76.4664001, 4.6100998 ], [ -76.4100037, 4.7075 ], [ -76.3834991, 4.7270002 ], [ -76.3431015, 4.7823 ], [ -76.2416992, 4.8344002 ], [ -76.2089005, 4.8817 ], [ -76.1697006, 4.9650912 ], [ -76.0902023, 4.9759002 ], [ -76.0560989, 4.9238 ], [ -76.0129013, 4.8878002 ], [ -76.0054016, 4.8508 ], [ -75.9488983, 4.8597999 ], [ -75.9666977, 4.7894001 ], [ -75.9487991, 4.7522998 ], [ -75.8843002, 4.7521 ], [ -75.879097, 4.7226 ], [ -75.745903, 4.7087002 ] ], [ [ -77.1043854, 3.8079741 ], [ -77.1106415, 3.8084068 ], [ -77.1102295, 3.8031728 ], [ -77.1058731, 3.7954171 ], [ -77.1043854, 3.8079741 ] ] ] ] } },
{ "type": "Feature", "properties": { "POLYGON_ID": "COL_GAUL2010_ADM1_965", "ADM0_ISO3": "COL", "ADM0_NAME": "Colombia", "ADM0_CODE": 57, "ADM1_NAME": "Vaupes", "ADM1_CODE": 965, "GEOSET": "GAUL", "GEOSET_YEAR": 2010.0, "GEOSET_VERSION": "GAUL_v1", "GEOSET_UNIT": "ADM1", "CENTROID_LONG": -70.565637381486283, "CENTROID_LAT": 0.60480158137240292 }, "geometry": { "type": "MultiPolygon", "coordinates": [ [ [ [ -69.8452895, 1.6683712 ], [ -69.8461867, 1.0785234 ], [ -69.8084953, 1.0640539 ], [ -69.78965, 1.0899424 ], [ -69.7402524, 1.114784 ], [ -69.700563, 1.1162117 ], [ -69.7037039, 1.075856 ], [ -69.6222311, 1.0956531 ], [ -69.5765455, 1.0763319 ], [ -69.5252443, 1.0703357 ], [ -69.4861259, 1.0790921 ], [ -69.4326357, 1.067861 ], [ -69.4059857, 1.0458748 ], [ -69.3813345, 1.0745235 ], [ -69.3192781, 1.0876581 ], [ -69.2881548, 1.0532987 ], [ -69.24561, 1.0454941 ], [ -69.2053496, 1.0096118 ], [ -69.2180083, 0.9786788 ], [ -69.1730735, 0.9508233 ], [ -69.1851611, 0.8986655 ], [ -69.1378575, 0.856787 ], [ -69.1669821, 0.8440331 ], [ -69.1468042, 0.7795972 ], [ -69.1882069, 0.7444764 ], [ -69.1549896, 0.7085941 ], [ -69.1163471, 0.6401608 ], [ -69.1838445, 0.652772 ], [ -69.2115943, 0.6099734 ], [ -69.2381491, 0.6037868 ], [ -69.2841203, 0.6215852 ], [ -69.2938285, 0.6496628 ], [ -69.3517922, 0.6136854 ], [ -69.4032837, 0.6632733 ], [ -69.4332649, 0.7124806 ], [ -69.4634365, 0.7357993 ], [ -69.5312617, 0.7027901 ], [ -69.6057864, 0.6336906 ], [ -69.6489022, 0.6632911 ], [ -69.687164, 0.6633863 ], [ -69.7239519, 0.6142637 ], [ -69.7468899, 0.6186419 ], [ -69.7955261, 0.5782862 ], [ -69.8324554, 0.5905642 ], [ -69.8597716, 0.5772393 ], [ -69.9175449, 0.585615 ], [ -69.9359143, 0.5526832 ], [ -69.9776977, 0.5773344 ], [ -70.0042524, 0.5445931 ], [ -70.0438467, 0.563248 ], [ -70.0438944, 0.2447489 ], [ -70.0439473, -0.1085654 ], [ -70.054456, -0.1752351 ], [ -69.9201926, -0.3261844 ], [ -69.891306, -0.3398901 ], [ -69.8447637, -0.3378913 ], [ -69.8286786, -0.3624474 ], [ -69.7532972, -0.4086089 ], [ -69.7369266, -0.4368769 ], [ -69.6401777, -0.4936984 ], [ -69.6079122, -0.5014079 ], [ -69.6136229, -0.5348155 ], [ -69.5917318, -0.5594667 ], [ -69.6028929, -0.5957909 ], [ -69.5719599, -0.6215843 ], [ -69.5826199, -0.6807853 ], [ -69.6231659, -0.7282793 ], [ -69.575196, -0.8092762 ], [ -69.5723406, -0.8330708 ], [ -69.5255128, -0.8686675 ], [ -69.5183573, -0.925566 ], [ -69.4379315, -0.9916198 ], [ -69.4267763, -1.0433558 ], [ -69.4290414, -1.0606295 ], [ -69.4295043, -1.0641593 ], [ -69.4300195, -1.068089 ], [ -69.4306542, -1.0729294 ], [ -69.436203, -1.1153001 ], [ -69.490303, -1.1411 ], [ -69.4747009, -1.1816 ], [ -69.4868011, -1.252 ], [ -69.5110016, -1.2507 ], [ -69.5905991, -1.2019 ], [ -69.6147995, -1.2058001 ], [ -69.6713028, -1.2587 ], [ -69.6868973, -1.2309 ], [ -69.683403, -1.1732 ], [ -69.6597977, -1.1548001 ], [ -69.7024994, -1.0934 ], [ -69.7319031, -1.0725 ], [ -69.7815018, -1.0815001 ], [ -69.8246994, -1.0692 ], [ -69.8766022, -1.1106 ], [ -69.9625015, -1.1316 ], [ -69.941803, -1.0265 ], [ -69.9480972, -0.9855 ], [ -70.0, -1.0078 ], [ -70.0369034, -0.9753 ], [ -70.0766983, -0.9861 ], [ -70.1365967, -1.0211 ], [ -70.1003036, -1.0501 ], [ -70.0835037, -1.0825 ], [ -70.1261978, -1.0991 ], [ -70.1388016, -1.1366 ], [ -70.1664963, -1.1446 ], [ -70.2212982, -1.0739 ], [ -70.1953964, -1.0243 ], [ -70.2201996, -1.0167 ], [ -70.2415009, -1.0542001 ], [ -70.2692032, -1.054 ], [ -70.2939987, -1.021 ], [ -70.2910995, -0.9817 ], [ -70.2646027, -0.9767 ], [ -70.2393036, -0.9323 ], [ -70.2422028, -0.8936 ], [ -70.2768021, -0.8576 ], [ -70.2894974, -0.8102 ], [ -70.2584, -0.7815 ], [ -70.2670975, -0.6347 ], [ -70.3115005, -0.5866 ], [ -70.2919006, -0.5601 ], [ -70.2089996, -0.4894 ], [ -70.2994995, -0.4578 ], [ -70.3155975, -0.4808 ], [ -70.3536987, -0.4853 ], [ -70.4590988, -0.5213 ], [ -70.4580002, -0.493 ], [ -70.4891968, -0.442 ], [ -70.5329971, -0.402 ], [ -70.5842972, -0.4179 ], [ -70.6339035, -0.368 ], [ -70.6707993, -0.3794 ], [ -70.7636032, -0.3253 ], [ -70.796402, -0.372 ], [ -70.851799, -0.3885 ], [ -70.9001999, -0.3392 ], [ -70.8962021, -0.2901 ], [ -70.9152985, -0.245 ], [ -70.9590988, -0.1888 ], [ -70.9181976, -0.1537 ], [ -70.9615021, -0.0871 ], [ -71.009903, -0.0493 ], [ -71.129303, -0.0228 ], [ -71.1639023, -0.0083 ], [ -71.1949997, 0.0577 ], [ -71.2210007, 0.0642 ], [ -71.2498016, 0.0285 ], [ -71.316597, 0.0444 ], [ -71.3321991, 0.0745 ], [ -71.4013977, 0.1302 ], [ -71.4861145, 0.118058 ], [ -71.5559006, 0.0962 ], [ -71.5594025, 0.1459 ], [ -71.6003036, 0.142 ], [ -71.651001, 0.1561 ], [ -71.7554016, 0.2617 ], [ -71.7698975, 0.2935 ], [ -71.8177032, 0.3151 ], [ -71.8591995, 0.3152 ], [ -71.8391037, 0.3712 ], [ -71.867897, 0.4048 ], [ -71.9313965, 0.4247 ], [ -71.9458008, 0.4554 ], [ -71.9297028, 0.4807 ], [ -71.9458008, 0.5195 ], [ -72.0022964, 0.529 ], [ -72.0150986, 0.6284 ], [ -72.0421982, 0.6389 ], [ -71.9598007, 0.7073 ], [ -71.8110962, 0.847 ], [ -71.7645035, 0.9496 ], [ -71.6930008, 0.947 ], [ -71.6445999, 0.9953 ], [ -71.6072006, 1.0148 ], [ -71.5951004, 1.0697 ], [ -71.5594025, 1.0926 ], [ -71.5074997, 1.0768 ], [ -71.5334015, 1.1584001 ], [ -71.5531006, 1.1786 ], [ -71.5582962, 1.2278 ], [ -71.4996033, 1.3753999 ], [ -71.4979019, 1.4089 ], [ -71.4512024, 1.5335 ], [ -71.4184036, 1.5535001 ], [ -71.3976974, 1.6742001 ], [ -71.3729019, 1.6787 ], [ -71.2910004, 1.6287 ], [ -71.2558975, 1.6308 ], [ -71.2052002, 1.6855 ], [ -71.112999, 1.7192 ], [ -71.0807037, 1.7526 ], [ -71.0356979, 1.7581 ], [ -70.9539032, 1.8 ], [ -70.9188004, 1.8322001 ], [ -70.8963013, 1.8794 ], [ -70.8414993, 1.8705 ], [ -70.7538986, 1.8864 ], [ -70.7020035, 1.8677 ], [ -70.6202011, 1.891 ], [ -70.5544968, 1.8918999 ], [ -70.5061035, 1.9084001 ], [ -70.4409027, 1.9451 ], [ -70.3718033, 1.9593 ], [ -70.3388977, 1.9516 ], [ -70.2576981, 1.9825 ], [ -70.2230988, 1.9835 ], [ -70.1440964, 2.0271001 ], [ -70.1165085, 2.032721 ], [ -70.1193008, 1.9628 ], [ -70.1452026, 1.9299999 ], [ -70.189003, 1.9220999 ], [ -70.1773987, 1.8243999 ], [ -70.1456985, 1.8191 ], [ -70.0679016, 1.7460001 ], [ -70.0033035, 1.7047 ], [ -69.9236984, 1.6923 ], [ -69.8660965, 1.6655 ], [ -69.8452895, 1.6683712 ] ] ] ] } },
{ "type": "Feature", "properties": { "POLYGON_ID": "COL_GAUL2010_ADM1_966", "ADM0_ISO3": "COL", "ADM0_NAME": "Colombia", "ADM0_CODE": 57, "ADM1_NAME": "Vichada", "ADM1_CODE": 966, "GEOSET": "GAUL", "GEOSET_YEAR": 2010.0, "GEOSET_VERSION": "GAUL_v1", "GEOSET_UNIT": "ADM1", "CENTROID_LONG": -69.414761206189937, "CENTROID_LAT": 4.6814630499685599 }, "geometry": { "type": "MultiPolygon", "coordinates": [ [ [ [ -67.4908548, 6.1492499 ], [ -67.481, 6.08207 ], [ -67.43301, 6.04112 ], [ -67.42111, 6.00597 ], [ -67.46424, 5.94755 ], [ -67.57884, 5.84919 ], [ -67.60985, 5.80554 ], [ -67.64375, 5.70112 ], [ -67.63815, 5.59552 ], [ -67.6134706, 5.5314396 ], [ -67.63477, 5.52074 ], [ -67.65584, 5.46701 ], [ -67.70319, 5.43109 ], [ -67.7776, 5.39249 ], [ -67.81072, 5.36308 ], [ -67.85115, 5.283 ], [ -67.82224, 5.20236 ], [ -67.79621, 5.09961 ], [ -67.79428, 5.03931 ], [ -67.82958, 4.90652 ], [ -67.81745, 4.82832 ], [ -67.83196, 4.71106 ], [ -67.85316, 4.64672 ], [ -67.85228, 4.61034 ], [ -67.87193, 4.514 ], [ -67.83005, 4.48844 ], [ -67.80501, 4.39464 ], [ -67.78436, 4.35078 ], [ -67.80918, 4.23323 ], [ -67.78428, 4.16475 ], [ -67.7361219, 4.1182631 ], [ -67.6986793, 4.0048215 ], [ -67.7322006, 3.9653001 ], [ -67.7736969, 3.9533 ], [ -67.8532028, 3.8878 ], [ -67.9113998, 3.8597 ], [ -67.9350967, 3.9026001 ], [ -68.0210037, 3.9284 ], [ -68.0354004, 3.9561 ], [ -68.0739975, 3.9193001 ], [ -68.1276016, 3.8993001 ], [ -68.1276016, 3.9398 ], [ -68.1886978, 3.9463999 ], [ -68.2152023, 3.9117999 ], [ -68.2573013, 3.9282 ], [ -68.3379974, 3.9412 ], [ -68.3535995, 3.9142001 ], [ -68.3495026, 3.8656001 ], [ -68.4222031, 3.8677001 ], [ -68.4376984, 3.8036001 ], [ -68.5789032, 3.7412 ], [ -68.634201, 3.7288001 ], [ -68.7742996, 3.7161 ], [ -68.7944031, 3.6728001 ], [ -68.856102, 3.6800001 ], [ -68.8295975, 3.6406 ], [ -68.9178009, 3.6549001 ], [ -68.9449005, 3.6324 ], [ -68.9788971, 3.6417999 ], [ -69.0175018, 3.6275001 ], [ -69.0531998, 3.5929999 ], [ -69.0988007, 3.6036 ], [ -69.1115036, 3.6359999 ], [ -69.1610031, 3.6078999 ], [ -69.191597, 3.6364 ], [ -69.2412033, 3.6308 ], [ -69.2417984, 3.6614001 ], [ -69.3057022, 3.6675 ], [ -69.4054031, 3.6199 ], [ -69.4665985, 3.6738999 ], [ -69.4889984, 3.6294999 ], [ -69.5195999, 3.6412001 ], [ -69.580101, 3.642 ], [ -69.5973969, 3.5329001 ], [ -69.6641998, 3.5373001 ], [ -69.7373962, 3.5064001 ], [ -69.7795029, 3.5193 ], [ -69.8077011, 3.4656999 ], [ -69.8487015, 3.4774001 ], [ -69.8867035, 3.4670999 ], [ -69.8623962, 3.4052 ], [ -69.8878021, 3.3694999 ], [ -69.9576035, 3.4189 ], [ -69.9420013, 3.3576 ], [ -69.9829025, 3.3318 ], [ -70.0087967, 3.3348 ], [ -70.0243988, 3.3724 ], [ -70.0560989, 3.3724999 ], [ -70.0976028, 3.3410001 ], [ -70.1718979, 3.3072 ], [ -70.1315994, 3.2665999 ], [ -70.1505966, 3.2349 ], [ -70.1200027, 3.1649001 ], [ -70.1638031, 3.1408 ], [ -70.2301025, 3.1307001 ], [ -70.3113022, 3.0392001 ], [ -70.2639999, 3.0216 ], [ -70.2899017, 2.9946001 ], [ -70.2766037, 2.9351001 ], [ -70.3013992, 2.8762 ], [ -70.3469009, 2.8539 ], [ -70.3504028, 2.8066001 ], [ -70.4213028, 2.7941 ], [ -70.4869995, 2.7702 ], [ -70.5018997, 2.7465 ], [ -70.6010971, 2.7983999 ], [ -70.6402969, 2.8078001 ], [ -70.6651001, 2.7825 ], [ -70.655899, 2.7564001 ], [ -70.6985016, 2.7139001 ], [ -70.7348022, 2.7464001 ], [ -70.8507004, 2.7560999 ], [ -70.8599014, 2.7879 ], [ -70.9055023, 2.7736001 ], [ -70.9210968, 2.8124001 ], [ -70.9654007, 2.7958 ], [ -71.0270996, 2.8013 ], [ -71.0951996, 2.8455009 ], [ -71.0978012, 3.3434 ], [ -71.0860977, 4.1873002 ], [ -71.0748978, 4.6724 ], [ -71.0854034, 4.8601999 ], [ -71.0236969, 4.9338999 ], [ -70.9719009, 5.0625 ], [ -70.9541016, 5.0826001 ], [ -70.8675995, 5.1053 ], [ -70.8358994, 5.1490998 ], [ -70.7397003, 5.2082 ], [ -70.6970978, 5.2680998 ], [ -70.6924973, 5.3218002 ], [ -70.5478973, 5.4233999 ], [ -70.5011978, 5.4682999 ], [ -70.4326019, 5.5102 ], [ -70.3628998, 5.5335999 ], [ -70.2959976, 5.5327001 ], [ -70.239502, 5.5446 ], [ -70.1283035, 5.5984001 ], [ -70.1162033, 5.6336002 ], [ -70.050499, 5.6540999 ], [ -70.0373001, 5.7101002 ], [ -70.0033035, 5.7412 ], [ -69.9382019, 5.8759999 ], [ -69.8916016, 5.9267001 ], [ -69.8478699, 6.00488 ], [ -69.7837982, 6.0088 ], [ -69.7128983, 5.9912 ], [ -69.6230011, 5.9885001 ], [ -69.5417023, 6.0176001 ], [ -69.4805984, 6.0219998 ], [ -69.4424438, 6.065793 ], [ -69.4365692, 6.11512 ], [ -69.367, 6.14564 ], [ -69.32337, 6.15033 ], [ -69.27745, 6.09245 ], [ -69.21515, 6.08736 ], [ -69.11265, 6.18332 ], [ -69.0515, 6.21296 ], [ -68.93289, 6.17557 ], [ -68.86646, 6.1721 ], [ -68.84057, 6.18469 ], [ -68.73263, 6.15986 ], [ -68.66927, 6.13335 ], [ -68.61554, 6.14013 ], [ -68.5856, 6.16631 ], [ -68.5435, 6.15944 ], [ -68.47176, 6.18795 ], [ -68.42005, 6.18712 ], [ -68.34983, 6.16683 ], [ -68.29357, 6.17338 ], [ -68.1445, 6.22394 ], [ -68.04213, 6.20565 ], [ -67.96702, 6.21205 ], [ -67.92691, 6.23275 ], [ -67.84158, 6.30199 ], [ -67.72495, 6.28351 ], [ -67.63415, 6.28053 ], [ -67.55148, 6.2492 ], [ -67.4760513, 6.1945909 ], [ -67.4908548, 6.1492499 ] ] ] ] } }
]
}
