{
"type": "FeatureCollection",
"name": "ESP_GAUL2012_ADM2",
"crs": { "type": "name", "properties": { "name": "urn:ogc:def:crs:OGC:1.3:CRS84" } },
"features": [
{ "type": "Feature", "properties": { "POLYGON_ID": "ESP_GAUL2012_ADM2_25776", "ADM0_ISO3": "ESP", "ADM0_NAME": "Spain", "ADM0_CODE": 229, "ADM1_NAME": "Andalucía", "ADM1_CODE": 2716, "ADM2_NAME": "Almería", "ADM2_CODE": 25776, "GEOSET": "GAUL", "GEOSET_YEAR": 2012.0, "GEOSET_VERSION": "GAUL_v1", "GEOSET_UNIT": "ADM2", "CENTROID_LONG": -2.3431675221051531, "CENTROID_LAT": 37.197339340567488 }, "geometry": { "type": "MultiPolygon", "coordinates": [ [ [ [ -1.6265747, 37.3728686 ], [ -1.6801001, 37.348526 ], [ -1.707682, 37.3030434 ], [ -1.799605, 37.2229919 ], [ -1.853143, 37.0704994 ], [ -1.940919, 36.9304695 ], [ -1.998458, 36.8735352 ], [ -1.9997071, 36.8446426 ], [ -2.0604959, 36.8080978 ], [ -2.0657248, 36.7730217 ], [ -2.1241491, 36.737587 ], [ -2.192441, 36.7255249 ], [ -2.246444, 36.7895546 ], [ -2.3569429, 36.8469086 ], [ -2.4241278, 36.8179779 ], [ -2.4782791, 36.8367271 ], [ -2.5673611, 36.8152504 ], [ -2.6256399, 36.7240753 ], [ -2.7079539, 36.6910477 ], [ -2.8524609, 36.7012825 ], [ -2.9142981, 36.7539749 ], [ -2.975661, 36.7424202 ], [ -3.1314928, 36.7551002 ], [ -3.1310617, 36.7928412 ], [ -3.0290073, 36.8444414 ], [ -3.0705137, 36.901178 ], [ -2.9784182, 36.9738499 ], [ -3.0239294, 37.0844193 ], [ -2.9539379, 37.0968694 ], [ -2.9277373, 37.1575481 ], [ -2.8952999, 37.1670513 ], [ -2.8511444, 37.2761189 ], [ -2.8193636, 37.2783279 ], [ -2.7590328, 37.2267136 ], [ -2.6593981, 37.2135511 ], [ -2.6644252, 37.2869035 ], [ -2.6356225, 37.394209 ], [ -2.5030892, 37.4835105 ], [ -2.3811501, 37.5229184 ], [ -2.3557292, 37.5469926 ], [ -2.3759805, 37.6122597 ], [ -2.3158169, 37.6221921 ], [ -2.3230692, 37.6948635 ], [ -2.276785, 37.7762186 ], [ -2.3018019, 37.8102308 ], [ -2.2949504, 37.8763161 ], [ -2.2076727, 37.9165701 ], [ -2.1720119, 37.8886894 ], [ -2.1232036, 37.9005521 ], [ -2.0532947, 37.8802661 ], [ -1.9952772, 37.841385 ], [ -2.0088359, 37.7749512 ], [ -1.9958323, 37.7280473 ], [ -2.0119233, 37.6725375 ], [ -1.8452611, 37.4548269 ], [ -1.7370751, 37.4426335 ], [ -1.6265747, 37.3728686 ] ] ] ] } },
{ "type": "Feature", "properties": { "POLYGON_ID": "ESP_GAUL2012_ADM2_25777", "ADM0_ISO3": "ESP", "ADM0_NAME": "Spain", "ADM0_CODE": 229, "ADM1_NAME": "Andalucía", "ADM1_CODE": 2716, "ADM2_NAME": "Cádiz", "ADM2_CODE": 25777, "GEOSET": "GAUL", "GEOSET_YEAR": 2012.0, "GEOSET_VERSION": "GAUL_v1", "GEOSET_UNIT": "ADM2", "CENTROID_LONG": -5.7526215581423701, "CENTROID_LAT": 36.555465744863064 }, "geometry": { "type": "MultiPolygon", "coordinates": [ [ [ [ -5.1423826, 37.0038622 ], [ -5.1062485, 36.9559485 ], [ -5.1050795, 36.8979362 ], [ -5.1332917, 36.8391017 ], [ -5.1704046, 36.8235498 ], [ -5.2773746, 36.8786444 ], [ -5.3407139, 36.8194176 ], [ -5.2909349, 36.7751701 ], [ -5.3429997, 36.6602432 ], [ -5.4385027, 36.6141724 ], [ -5.523325, 36.5311228 ], [ -5.5951227, 36.5509143 ], [ -5.5983612, 36.5085039 ], [ -5.5242497, 36.4977123 ], [ -5.4929861, 36.5360868 ], [ -5.4296202, 36.5333394 ], [ -5.3606624, 36.4400199 ], [ -5.3155061, 36.3408516 ], [ -5.2530727, 36.3129042 ], [ -5.3288708, 36.2022781 ], [ -5.3400269, 36.1597481 ], [ -5.3532219, 36.1597977 ], [ -5.4265518, 36.177536 ], [ -5.445353, 36.1387215 ], [ -5.4250598, 36.0756798 ], [ -5.610219, 36.0149803 ], [ -5.6482992, 36.0550117 ], [ -5.7233801, 36.0618591 ], [ -5.812541, 36.0930405 ], [ -5.8500252, 36.1417542 ], [ -5.929904, 36.1891899 ], [ -6.030745, 36.1827087 ], [ -6.086256, 36.2718506 ], [ -6.1389341, 36.3016396 ], [ -6.1555839, 36.3467903 ], [ -6.2113342, 36.3968811 ], [ -6.2116637, 36.4719315 ], [ -6.1640921, 36.5143127 ], [ -6.2291842, 36.5328827 ], [ -6.2149181, 36.5657082 ], [ -6.2861009, 36.6191711 ], [ -6.3586512, 36.6202126 ], [ -6.4338479, 36.725338 ], [ -6.4010758, 36.768219 ], [ -6.3316293, 36.796936 ], [ -6.3238349, 36.8947411 ], [ -6.2729857, 36.9082355 ], [ -6.2381146, 36.8957537 ], [ -6.2277629, 36.8958011 ], [ -6.1575826, 36.8860343 ], [ -6.1052384, 36.857425 ], [ -5.9731228, 36.8441861 ], [ -5.893584, 36.851583 ], [ -5.8765201, 36.8947115 ], [ -5.806391, 36.925154 ], [ -5.7170142, 36.9195187 ], [ -5.6661212, 36.975743 ], [ -5.5836852, 36.9154556 ], [ -5.5247879, 36.9373329 ], [ -5.4702396, 36.9916427 ], [ -5.5001051, 37.0390872 ], [ -5.4336877, 37.0524453 ], [ -5.3923912, 36.9732844 ], [ -5.3020303, 37.0192316 ], [ -5.2345331, 36.9410498 ], [ -5.1423826, 37.0038622 ] ] ] ] } },
{ "type": "Feature", "properties": { "POLYGON_ID": "ESP_GAUL2012_ADM2_25778", "ADM0_ISO3": "ESP", "ADM0_NAME": "Spain", "ADM0_CODE": 229, "ADM1_NAME": "Andalucía", "ADM1_CODE": 2716, "ADM2_NAME": "Córdoba", "ADM2_CODE": 25778, "GEOSET": "GAUL", "GEOSET_YEAR": 2012.0, "GEOSET_VERSION": "GAUL_v1", "GEOSET_UNIT": "ADM2", "CENTROID_LONG": -4.807817214049253, "CENTROID_LAT": 37.992448079331595 }, "geometry": { "type": "MultiPolygon", "coordinates": [ [ [ [ -4.26887, 38.347171 ], [ -4.2100142, 38.3008593 ], [ -4.2165093, 38.2466304 ], [ -4.167861, 38.1807869 ], [ -4.2599581, 38.0222325 ], [ -4.2581898, 37.9380679 ], [ -4.2867365, 37.7965434 ], [ -4.2065784, 37.7787354 ], [ -4.23816, 37.7196272 ], [ -4.1643685, 37.6815061 ], [ -4.2278686, 37.6397813 ], [ -4.1872174, 37.6165198 ], [ -4.0990966, 37.5306656 ], [ -4.0008213, 37.4020905 ], [ -4.0859435, 37.4037463 ], [ -4.1578397, 37.3422515 ], [ -4.209335, 37.3524716 ], [ -4.2632527, 37.2603785 ], [ -4.2553099, 37.2295651 ], [ -4.3276169, 37.1843311 ], [ -4.3720127, 37.2153899 ], [ -4.3777237, 37.2703497 ], [ -4.4450009, 37.2775869 ], [ -4.5102204, 37.2212781 ], [ -4.5762076, 37.2091617 ], [ -4.6533503, 37.2558281 ], [ -4.7033256, 37.3500866 ], [ -4.7487269, 37.3309123 ], [ -4.8221257, 37.3581945 ], [ -4.8401884, 37.4348634 ], [ -4.9032307, 37.466554 ], [ -4.9311106, 37.505585 ], [ -4.9317067, 37.617326 ], [ -4.9998208, 37.7065901 ], [ -5.0466354, 37.7182325 ], [ -5.1083983, 37.6626417 ], [ -5.1767678, 37.6805767 ], [ -5.3437702, 37.5874051 ], [ -5.4115097, 37.6413793 ], [ -5.4036897, 37.6930208 ], [ -5.304288, 37.7210847 ], [ -5.3397653, 37.833532 ], [ -5.4126351, 37.8710534 ], [ -5.4206974, 37.947832 ], [ -5.4942476, 37.9988278 ], [ -5.4960828, 38.0428602 ], [ -5.5847885, 38.1317056 ], [ -5.5396729, 38.1606854 ], [ -5.5259576, 38.2641237 ], [ -5.573216, 38.3315024 ], [ -5.585066, 38.3858432 ], [ -5.5681354, 38.4333925 ], [ -5.4835838, 38.4657331 ], [ -5.4202362, 38.5124439 ], [ -5.3689914, 38.584916 ], [ -5.3076532, 38.577987 ], [ -5.292237, 38.610808 ], [ -5.2088443, 38.667438 ], [ -5.1694211, 38.7130654 ], [ -5.1007903, 38.7077231 ], [ -5.0469484, 38.7290874 ], [ -5.0014123, 38.6950055 ], [ -4.8688802, 38.6809344 ], [ -4.8601709, 38.6139787 ], [ -4.7900741, 38.597194 ], [ -4.6660363, 38.547724 ], [ -4.5844165, 38.4932118 ], [ -4.5126913, 38.4638545 ], [ -4.4351731, 38.4022349 ], [ -4.26887, 38.347171 ] ] ] ] } },
{ "type": "Feature", "properties": { "POLYGON_ID": "ESP_GAUL2012_ADM2_25779", "ADM0_ISO3": "ESP", "ADM0_NAME": "Spain", "ADM0_CODE": 229, "ADM1_NAME": "Andalucía", "ADM1_CODE": 2716, "ADM2_NAME": "Granada", "ADM2_CODE": 25779, "GEOSET": "GAUL", "GEOSET_YEAR": 2012.0, "GEOSET_VERSION": "GAUL_v1", "GEOSET_UNIT": "ADM2", "CENTROID_LONG": -3.2652825544636555, "CENTROID_LAT": 37.314632398245706 }, "geometry": { "type": "MultiPolygon", "coordinates": [ [ [ [ -2.3416322, 38.0260005 ], [ -2.2800851, 37.9631183 ], [ -2.2076727, 37.9165701 ], [ -2.2949504, 37.8763161 ], [ -2.3018019, 37.8102308 ], [ -2.276785, 37.7762186 ], [ -2.3230692, 37.6948635 ], [ -2.3158169, 37.6221921 ], [ -2.3759805, 37.6122597 ], [ -2.3557292, 37.5469926 ], [ -2.3811501, 37.5229184 ], [ -2.5030892, 37.4835105 ], [ -2.6356225, 37.394209 ], [ -2.6644252, 37.2869035 ], [ -2.6593981, 37.2135511 ], [ -2.7590328, 37.2267136 ], [ -2.8193636, 37.2783279 ], [ -2.8511444, 37.2761189 ], [ -2.8952999, 37.1670513 ], [ -2.9277373, 37.1575481 ], [ -2.9539379, 37.0968694 ], [ -3.0239294, 37.0844193 ], [ -2.9784182, 36.9738499 ], [ -3.0705137, 36.901178 ], [ -3.0290073, 36.8444414 ], [ -3.1310617, 36.7928412 ], [ -3.1314928, 36.7551002 ], [ -3.2521079, 36.7575912 ], [ -3.3435011, 36.7396545 ], [ -3.3662651, 36.7190475 ], [ -3.4706659, 36.700901 ], [ -3.6045849, 36.7507057 ], [ -3.7282262, 36.7273178 ], [ -3.7777026, 36.7441097 ], [ -3.7660638, 36.788987 ], [ -3.8271693, 36.8555289 ], [ -3.8757579, 36.8530086 ], [ -3.9295246, 36.8828799 ], [ -4.004452, 36.891537 ], [ -4.1113269, 36.9496551 ], [ -4.1666404, 36.9570749 ], [ -4.2233476, 37.0123363 ], [ -4.2700361, 37.0270342 ], [ -4.2870668, 37.1195203 ], [ -4.3276169, 37.1843311 ], [ -4.2553099, 37.2295651 ], [ -4.2632527, 37.2603785 ], [ -4.209335, 37.3524716 ], [ -4.1578397, 37.3422515 ], [ -4.0859435, 37.4037463 ], [ -4.0008213, 37.4020905 ], [ -3.9508876, 37.3783467 ], [ -3.841223, 37.3862358 ], [ -3.80221, 37.4533524 ], [ -3.6830056, 37.5179634 ], [ -3.6270308, 37.5295681 ], [ -3.5364349, 37.580815 ], [ -3.5065438, 37.6172261 ], [ -3.3993027, 37.5640504 ], [ -3.2975436, 37.5879381 ], [ -3.2611169, 37.6337131 ], [ -3.1720532, 37.6428698 ], [ -3.0909267, 37.5961241 ], [ -2.9022024, 37.6657062 ], [ -2.9043981, 37.7488803 ], [ -2.8219656, 37.847907 ], [ -2.7743115, 37.9255708 ], [ -2.6942583, 37.9744471 ], [ -2.6708387, 37.961414 ], [ -2.5981992, 38.0055771 ], [ -2.5989593, 38.0587665 ], [ -2.5512964, 38.0840922 ], [ -2.3730791, 38.0232789 ], [ -2.3416322, 38.0260005 ] ] ] ] } },
{ "type": "Feature", "properties": { "POLYGON_ID": "ESP_GAUL2012_ADM2_25780", "ADM0_ISO3": "ESP", "ADM0_NAME": "Spain", "ADM0_CODE": 229, "ADM1_NAME": "Andalucía", "ADM1_CODE": 2716, "ADM2_NAME": "Huelva", "ADM2_CODE": 25780, "GEOSET": "GAUL", "GEOSET_YEAR": 2012.0, "GEOSET_VERSION": "GAUL_v1", "GEOSET_UNIT": "ADM2", "CENTROID_LONG": -6.83155964417276, "CENTROID_LAT": 37.578541652404148 }, "geometry": { "type": "MultiPolygon", "coordinates": [ [ [ [ -6.1802399, 37.941026 ], [ -6.126213, 37.8240962 ], [ -6.1876631, 37.8098797 ], [ -6.2523178, 37.7631448 ], [ -6.3110217, 37.7648695 ], [ -6.4751232, 37.7251413 ], [ -6.5383642, 37.6256379 ], [ -6.3988524, 37.6125434 ], [ -6.3894512, 37.5516402 ], [ -6.3126318, 37.4187218 ], [ -6.3562587, 37.4121658 ], [ -6.384162, 37.3394375 ], [ -6.3374698, 37.2746876 ], [ -6.3589941, 37.1411298 ], [ -6.3815703, 37.0913115 ], [ -6.3571928, 37.001365 ], [ -6.3638127, 36.9458026 ], [ -6.3336466, 36.9025291 ], [ -6.3384886, 36.8960327 ], [ -6.3438363, 36.813449 ], [ -6.3820648, 36.8078804 ], [ -6.4331822, 36.9069214 ], [ -6.5272679, 36.989769 ], [ -6.6337862, 37.0507622 ], [ -6.8923349, 37.1636658 ], [ -7.0713482, 37.21558 ], [ -7.263742, 37.2035637 ], [ -7.3603168, 37.1727448 ], [ -7.4028659, 37.1925583 ], [ -7.4251947, 37.2487946 ], [ -7.4356832, 37.3902397 ], [ -7.457407, 37.4102173 ], [ -7.46437, 37.4889 ], [ -7.4781094, 37.4964175 ], [ -7.48696, 37.50126 ], [ -7.48969, 37.5062 ], [ -7.4903403, 37.5188401 ], [ -7.51195, 37.52445 ], [ -7.5122876, 37.525694 ], [ -7.5200525, 37.5543081 ], [ -7.515719, 37.557429 ], [ -7.50237, 37.558 ], [ -7.50067, 37.56266 ], [ -7.50917, 37.56483 ], [ -7.50697, 37.57066 ], [ -7.49865, 37.57974 ], [ -7.49533, 37.58608 ], [ -7.4944157, 37.5890811 ], [ -7.49295, 37.60375 ], [ -7.491394, 37.6081752 ], [ -7.48816, 37.60796 ], [ -7.4832408, 37.60771 ], [ -7.44943, 37.65366 ], [ -7.44461, 37.67222 ], [ -7.44327, 37.6911 ], [ -7.43644, 37.70717 ], [ -7.43154, 37.71868 ], [ -7.4267, 37.73701 ], [ -7.4223978, 37.7419438 ], [ -7.41839, 37.74654 ], [ -7.41592, 37.7572 ], [ -7.4017501, 37.7646406 ], [ -7.39796, 37.76506 ], [ -7.38264, 37.7735 ], [ -7.32529, 37.81486 ], [ -7.3138454, 37.8265537 ], [ -7.29956, 37.84115 ], [ -7.2957892, 37.851452 ], [ -7.28771, 37.85907 ], [ -7.27439, 37.87883 ], [ -7.28104, 37.88821 ], [ -7.27148, 37.90402 ], [ -7.26527, 37.91428 ], [ -7.2540005, 37.9430107 ], [ -7.24976, 37.94974 ], [ -7.2549536, 37.963482 ], [ -7.25736, 37.96986 ], [ -7.25756, 37.97788 ], [ -7.2508216, 37.9861681 ], [ -7.243822, 37.9884608 ], [ -7.23576, 37.9911 ], [ -7.20915, 37.9967 ], [ -7.20646, 37.99917 ], [ -7.2031855, 38.002178 ], [ -7.19872, 38.00628 ], [ -7.16979, 37.99751 ], [ -7.12594, 38.00076 ], [ -7.0946151, 38.0401054 ], [ -7.08826, 38.04024 ], [ -7.0785359, 38.0373208 ], [ -7.05776, 38.0244 ], [ -7.04183, 38.01948 ], [ -7.0336958, 38.0200789 ], [ -7.02336, 38.02084 ], [ -7.0087041, 38.0244288 ], [ -6.99363, 38.02812 ], [ -6.99876, 38.04674 ], [ -6.99294, 38.05635 ], [ -6.99355, 38.08224 ], [ -6.9801145, 38.0994991 ], [ -6.96031, 38.12494 ], [ -6.9437, 38.1802 ], [ -6.9352858, 38.206745 ], [ -6.8581185, 38.1798541 ], [ -6.7950924, 38.1785411 ], [ -6.8091062, 38.1117262 ], [ -6.7584315, 38.0928935 ], [ -6.6221042, 38.0970077 ], [ -6.587174, 38.0267783 ], [ -6.494669, 38.0189725 ], [ -6.4139024, 38.0585631 ], [ -6.3033708, 37.9782448 ], [ -6.2012378, 37.9619258 ], [ -6.1802399, 37.941026 ] ] ] ] } },
{ "type": "Feature", "properties": { "POLYGON_ID": "ESP_GAUL2012_ADM2_25781", "ADM0_ISO3": "ESP", "ADM0_NAME": "Spain", "ADM0_CODE": 229, "ADM1_NAME": "Andalucía", "ADM1_CODE": 2716, "ADM2_NAME": "Jaén", "ADM2_CODE": 25781, "GEOSET": "GAUL", "GEOSET_YEAR": 2012.0, "GEOSET_VERSION": "GAUL_v1", "GEOSET_UNIT": "ADM2", "CENTROID_LONG": -3.440319006036864, "CENTROID_LAT": 38.017475150813226 }, "geometry": { "type": "MultiPolygon", "coordinates": [ [ [ [ -2.7620766, 38.5327511 ], [ -2.6727212, 38.4966227 ], [ -2.5997412, 38.5129157 ], [ -2.5666241, 38.4904664 ], [ -2.5715408, 38.4139285 ], [ -2.4833984, 38.3978579 ], [ -2.4814814, 38.294949 ], [ -2.440778, 38.2851101 ], [ -2.4468542, 38.1843405 ], [ -2.5512964, 38.0840922 ], [ -2.5989593, 38.0587665 ], [ -2.5981992, 38.0055771 ], [ -2.6708387, 37.961414 ], [ -2.6942583, 37.9744471 ], [ -2.7743115, 37.9255708 ], [ -2.8219656, 37.847907 ], [ -2.9043981, 37.7488803 ], [ -2.9022024, 37.6657062 ], [ -3.0909267, 37.5961241 ], [ -3.1720532, 37.6428698 ], [ -3.2611169, 37.6337131 ], [ -3.2975436, 37.5879381 ], [ -3.3993027, 37.5640504 ], [ -3.5065438, 37.6172261 ], [ -3.5364349, 37.580815 ], [ -3.6270308, 37.5295681 ], [ -3.6830056, 37.5179634 ], [ -3.80221, 37.4533524 ], [ -3.841223, 37.3862358 ], [ -3.9508876, 37.3783467 ], [ -4.0008213, 37.4020905 ], [ -4.0990966, 37.5306656 ], [ -4.1872174, 37.6165198 ], [ -4.2278686, 37.6397813 ], [ -4.1643685, 37.6815061 ], [ -4.23816, 37.7196272 ], [ -4.2065784, 37.7787354 ], [ -4.2867365, 37.7965434 ], [ -4.2581898, 37.9380679 ], [ -4.2599581, 38.0222325 ], [ -4.167861, 38.1807869 ], [ -4.2165093, 38.2466304 ], [ -4.2100142, 38.3008593 ], [ -4.26887, 38.347171 ], [ -4.2768002, 38.3902061 ], [ -4.2219905, 38.3971616 ], [ -3.9619375, 38.3660958 ], [ -3.8542845, 38.3751407 ], [ -3.8078556, 38.4218189 ], [ -3.7300076, 38.4243669 ], [ -3.6204716, 38.3939878 ], [ -3.5418885, 38.4453849 ], [ -3.524254, 38.4091014 ], [ -3.4248236, 38.4067992 ], [ -3.3264924, 38.4821209 ], [ -3.2800087, 38.4604047 ], [ -3.1301991, 38.4387662 ], [ -3.0649664, 38.4782477 ], [ -2.9963054, 38.4447934 ], [ -2.9384433, 38.474742 ], [ -2.8897714, 38.4558794 ], [ -2.7620766, 38.5327511 ] ] ] ] } },
{ "type": "Feature", "properties": { "POLYGON_ID": "ESP_GAUL2012_ADM2_25782", "ADM0_ISO3": "ESP", "ADM0_NAME": "Spain", "ADM0_CODE": 229, "ADM1_NAME": "Andalucía", "ADM1_CODE": 2716, "ADM2_NAME": "Málaga", "ADM2_CODE": 25782, "GEOSET": "GAUL", "GEOSET_YEAR": 2012.0, "GEOSET_VERSION": "GAUL_v1", "GEOSET_UNIT": "ADM2", "CENTROID_LONG": -4.7256774550512413, "CENTROID_LAT": 36.814050799116856 }, "geometry": { "type": "MultiPolygon", "coordinates": [ [ [ [ -4.3276169, 37.1843311 ], [ -4.2870668, 37.1195203 ], [ -4.2700361, 37.0270342 ], [ -4.2233476, 37.0123363 ], [ -4.1666404, 36.9570749 ], [ -4.1113269, 36.9496551 ], [ -4.004452, 36.891537 ], [ -3.9295246, 36.8828799 ], [ -3.8757579, 36.8530086 ], [ -3.8271693, 36.8555289 ], [ -3.7660638, 36.788987 ], [ -3.7777026, 36.7441097 ], [ -3.8203821, 36.7558022 ], [ -3.9547999, 36.7331924 ], [ -4.0650902, 36.7539063 ], [ -4.1771808, 36.7166901 ], [ -4.427897, 36.7098389 ], [ -4.5117879, 36.5982361 ], [ -4.5964451, 36.5693741 ], [ -4.635963, 36.5137939 ], [ -4.6986232, 36.4935341 ], [ -4.8696179, 36.5086327 ], [ -4.9373331, 36.4970894 ], [ -5.010118, 36.4603882 ], [ -5.070857, 36.453743 ], [ -5.1718678, 36.416523 ], [ -5.2256021, 36.3675117 ], [ -5.2530727, 36.3129042 ], [ -5.3155061, 36.3408516 ], [ -5.3606624, 36.4400199 ], [ -5.4296202, 36.5333394 ], [ -5.4929861, 36.5360868 ], [ -5.5242497, 36.4977123 ], [ -5.5983612, 36.5085039 ], [ -5.5951227, 36.5509143 ], [ -5.523325, 36.5311228 ], [ -5.4385027, 36.6141724 ], [ -5.3429997, 36.6602432 ], [ -5.2909349, 36.7751701 ], [ -5.3407139, 36.8194176 ], [ -5.2773746, 36.8786444 ], [ -5.1704046, 36.8235498 ], [ -5.1332917, 36.8391017 ], [ -5.1050795, 36.8979362 ], [ -5.1062485, 36.9559485 ], [ -5.1423826, 37.0038622 ], [ -4.9882912, 37.0645774 ], [ -4.908368, 37.1146499 ], [ -4.897618, 37.1560288 ], [ -4.8259062, 37.2007051 ], [ -4.7959865, 37.1542962 ], [ -4.7086062, 37.1976963 ], [ -4.7357454, 37.2448348 ], [ -4.6533503, 37.2558281 ], [ -4.5762076, 37.2091617 ], [ -4.5102204, 37.2212781 ], [ -4.4450009, 37.2775869 ], [ -4.3777237, 37.2703497 ], [ -4.3720127, 37.2153899 ], [ -4.3276169, 37.1843311 ] ] ] ] } },
{ "type": "Feature", "properties": { "POLYGON_ID": "ESP_GAUL2012_ADM2_25783", "ADM0_ISO3": "ESP", "ADM0_NAME": "Spain", "ADM0_CODE": 229, "ADM1_NAME": "Andalucía", "ADM1_CODE": 2716, "ADM2_NAME": "Sevilla", "ADM2_CODE": 25783, "GEOSET": "GAUL", "GEOSET_YEAR": 2012.0, "GEOSET_VERSION": "GAUL_v1", "GEOSET_UNIT": "ADM2", "CENTROID_LONG": -5.6838194353624596, "CENTROID_LAT": 37.43733285843534 }, "geometry": { "type": "MultiPolygon", "coordinates": [ [ [ [ -5.5847885, 38.1317056 ], [ -5.4960828, 38.0428602 ], [ -5.4942476, 37.9988278 ], [ -5.4206974, 37.947832 ], [ -5.4126351, 37.8710534 ], [ -5.3397653, 37.833532 ], [ -5.304288, 37.7210847 ], [ -5.4036897, 37.6930208 ], [ -5.4115097, 37.6413793 ], [ -5.3437702, 37.5874051 ], [ -5.1767678, 37.6805767 ], [ -5.1083983, 37.6626417 ], [ -5.0466354, 37.7182325 ], [ -4.9998208, 37.7065901 ], [ -4.9317067, 37.617326 ], [ -4.9311106, 37.505585 ], [ -4.9032307, 37.466554 ], [ -4.8401884, 37.4348634 ], [ -4.8221257, 37.3581945 ], [ -4.7487269, 37.3309123 ], [ -4.7033256, 37.3500866 ], [ -4.6533503, 37.2558281 ], [ -4.7357454, 37.2448348 ], [ -4.7086062, 37.1976963 ], [ -4.7959865, 37.1542962 ], [ -4.8259062, 37.2007051 ], [ -4.897618, 37.1560288 ], [ -4.908368, 37.1146499 ], [ -4.9882912, 37.0645774 ], [ -5.1423826, 37.0038622 ], [ -5.2345331, 36.9410498 ], [ -5.3020303, 37.0192316 ], [ -5.3923912, 36.9732844 ], [ -5.4336877, 37.0524453 ], [ -5.5001051, 37.0390872 ], [ -5.4702396, 36.9916427 ], [ -5.5247879, 36.9373329 ], [ -5.5836852, 36.9154556 ], [ -5.6661212, 36.975743 ], [ -5.7170142, 36.9195187 ], [ -5.806391, 36.925154 ], [ -5.8765201, 36.8947115 ], [ -5.893584, 36.851583 ], [ -5.9731228, 36.8441861 ], [ -6.1052384, 36.857425 ], [ -6.1575826, 36.8860343 ], [ -6.2277629, 36.8958011 ], [ -6.271872, 36.9164085 ], [ -6.3336466, 36.9025291 ], [ -6.3638127, 36.9458026 ], [ -6.3571928, 37.001365 ], [ -6.3815703, 37.0913115 ], [ -6.3589941, 37.1411298 ], [ -6.3374698, 37.2746876 ], [ -6.384162, 37.3394375 ], [ -6.3562587, 37.4121658 ], [ -6.3126318, 37.4187218 ], [ -6.3894512, 37.5516402 ], [ -6.3988524, 37.6125434 ], [ -6.5383642, 37.6256379 ], [ -6.4751232, 37.7251413 ], [ -6.3110217, 37.7648695 ], [ -6.2523178, 37.7631448 ], [ -6.1876631, 37.8098797 ], [ -6.126213, 37.8240962 ], [ -6.1802399, 37.941026 ], [ -6.118724, 37.9804782 ], [ -6.0517089, 37.9968419 ], [ -5.9536882, 37.9953458 ], [ -5.9080448, 38.0682484 ], [ -5.9283441, 38.0877189 ], [ -5.8775702, 38.1551337 ], [ -5.7420145, 38.1938418 ], [ -5.688612, 38.1818773 ], [ -5.7407372, 38.1265391 ], [ -5.693631, 38.0837398 ], [ -5.6334321, 38.1381215 ], [ -5.5847885, 38.1317056 ] ] ] ] } },
{ "type": "Feature", "properties": { "POLYGON_ID": "ESP_GAUL2012_ADM2_25784", "ADM0_ISO3": "ESP", "ADM0_NAME": "Spain", "ADM0_CODE": 229, "ADM1_NAME": "Aragón", "ADM1_CODE": 2717, "ADM2_NAME": "Huesca", "ADM2_CODE": 25784, "GEOSET": "GAUL", "GEOSET_YEAR": 2012.0, "GEOSET_VERSION": "GAUL_v1", "GEOSET_UNIT": "ADM2", "CENTROID_LONG": -0.073723582712435246, "CENTROID_LAT": 42.204885414007364 }, "geometry": { "type": "MultiPolygon", "coordinates": [ [ [ [ -0.7324247, 42.9184606 ], [ -0.73222, 42.91751 ], [ -0.718789, 42.8990031 ], [ -0.6519347, 42.8662379 ], [ -0.62071, 42.83868 ], [ -0.61525, 42.83664 ], [ -0.609281, 42.8294477 ], [ -0.5993, 42.81585 ], [ -0.58039, 42.81466 ], [ -0.57402, 42.79928 ], [ -0.56911, 42.79405 ], [ -0.5639395, 42.7921954 ], [ -0.528429, 42.8044115 ], [ -0.52196, 42.81695 ], [ -0.4598933, 42.8132422 ], [ -0.456, 42.80792 ], [ -0.4512025, 42.8054313 ], [ -0.4366, 42.80508 ], [ -0.35033, 42.83461 ], [ -0.34346, 42.83479 ], [ -0.3195453, 42.8408581 ], [ -0.30535, 42.84446 ], [ -0.23421, 42.82981 ], [ -0.2168, 42.80936 ], [ -0.18312, 42.79418 ], [ -0.1782188, 42.7947374 ], [ -0.14197, 42.80275 ], [ -0.10714, 42.73568 ], [ -0.05788, 42.70423 ], [ -0.05359, 42.70068 ], [ -0.01379, 42.69401 ], [ -0.0036151, 42.6953898 ], [ 0.0079, 42.69695 ], [ 0.02602, 42.70578 ], [ 0.07258, 42.71242 ], [ 0.0837468, 42.7113335 ], [ 0.1533626, 42.7214646 ], [ 0.16742, 42.73108 ], [ 0.1706087, 42.7323995 ], [ 0.18192, 42.73708 ], [ 0.2366686, 42.718864 ], [ 0.24929, 42.71724 ], [ 0.2597, 42.71171 ], [ 0.27021, 42.70097 ], [ 0.2743815, 42.6902822 ], [ 0.2822, 42.67939 ], [ 0.28871, 42.67658 ], [ 0.2918999, 42.6772098 ], [ 0.3114186, 42.6830469 ], [ 0.31352, 42.68404 ], [ 0.33048, 42.69678 ], [ 0.35376, 42.72137 ], [ 0.36086, 42.72425 ], [ 0.38299, 42.71769 ], [ 0.4048, 42.70037 ], [ 0.4426049, 42.6965885 ], [ 0.4728522, 42.6986959 ], [ 0.47894, 42.69912 ], [ 0.4930293, 42.6980653 ], [ 0.52401, 42.70163 ], [ 0.5594055, 42.7001918 ], [ 0.58761, 42.69983 ], [ 0.5977395, 42.7005164 ], [ 0.60768, 42.70119 ], [ 0.64777, 42.69449 ], [ 0.6600639, 42.6908851 ], [ 0.6600682, 42.6908539 ], [ 0.660295, 42.6892054 ], [ 0.6601823, 42.6877734 ], [ 0.6735246, 42.6790324 ], [ 0.6812332, 42.6656683 ], [ 0.6951667, 42.6587055 ], [ 0.7084938, 42.6208259 ], [ 0.767858, 42.6096315 ], [ 0.6968413, 42.4741 ], [ 0.7591775, 42.3483672 ], [ 0.6958353, 42.1519984 ], [ 0.7019746, 42.1224094 ], [ 0.6523516, 42.0233306 ], [ 0.56244, 41.9326908 ], [ 0.5927832, 41.8844151 ], [ 0.5440906, 41.8210765 ], [ 0.4832318, 41.8014631 ], [ 0.4696583, 41.7656195 ], [ 0.4080119, 41.7592358 ], [ 0.3287651, 41.6820281 ], [ 0.3496128, 41.599464 ], [ 0.4020229, 41.5927176 ], [ 0.4461803, 41.5429155 ], [ 0.3978408, 41.4912689 ], [ 0.3473186, 41.4877454 ], [ 0.3358454, 41.4074572 ], [ 0.2405898, 41.4283529 ], [ 0.157367, 41.3977447 ], [ 0.106298, 41.3508191 ], [ -0.0700006, 41.3729637 ], [ -0.1049717, 41.4854795 ], [ -0.1566628, 41.5352945 ], [ -0.1564461, 41.5899737 ], [ -0.2057363, 41.6022608 ], [ -0.2429231, 41.5726107 ], [ -0.3555588, 41.6323404 ], [ -0.3680756, 41.6819365 ], [ -0.4490344, 41.7093142 ], [ -0.5039882, 41.7461504 ], [ -0.5167483, 41.8367758 ], [ -0.6033134, 41.8828271 ], [ -0.6578263, 41.9574955 ], [ -0.7782085, 41.9573967 ], [ -0.8807771, 42.0083837 ], [ -0.828173, 42.0825532 ], [ -0.7644507, 42.0660008 ], [ -0.7593788, 42.2636476 ], [ -0.7288647, 42.2963225 ], [ -0.7718105, 42.3467138 ], [ -0.8130955, 42.2644871 ], [ -0.8920943, 42.2969194 ], [ -0.8427646, 42.3663436 ], [ -0.8420869, 42.4073867 ], [ -0.916448, 42.5373239 ], [ -0.8877297, 42.6676151 ], [ -0.9010859, 42.7427185 ], [ -0.8475329, 42.7859197 ], [ -0.8565577, 42.8470603 ], [ -0.7832127, 42.9217253 ], [ -0.7534742, 42.9244952 ], [ -0.741948, 42.9190367 ], [ -0.7346749, 42.9195864 ], [ -0.7329906, 42.9184094 ], [ -0.7324247, 42.9184606 ] ] ] ] } },
{ "type": "Feature", "properties": { "POLYGON_ID": "ESP_GAUL2012_ADM2_25785", "ADM0_ISO3": "ESP", "ADM0_NAME": "Spain", "ADM0_CODE": 229, "ADM1_NAME": "Aragón", "ADM1_CODE": 2717, "ADM2_NAME": "Teruel", "ADM2_CODE": 25785, "GEOSET": "GAUL", "GEOSET_YEAR": 2012.0, "GEOSET_VERSION": "GAUL_v1", "GEOSET_UNIT": "ADM2", "CENTROID_LONG": -0.81518701726036247, "CENTROID_LAT": 40.66099496553035 }, "geometry": { "type": "MultiPolygon", "coordinates": [ [ [ [ 0.2203489, 41.0714298 ], [ 0.2624877, 41.0266709 ], [ 0.2842484, 40.964656 ], [ 0.2538422, 40.9196504 ], [ 0.2508792, 40.8565376 ], [ 0.2782246, 40.821035 ], [ 0.1707236, 40.7328372 ], [ 0.1125013, 40.7271372 ], [ 0.0421747, 40.6910059 ], [ 0.0152026, 40.7286237 ], [ -0.0646989, 40.727407 ], [ -0.1649569, 40.7886312 ], [ -0.2240343, 40.754158 ], [ -0.2359912, 40.6911075 ], [ -0.3073111, 40.6619991 ], [ -0.3561681, 40.6776939 ], [ -0.3796682, 40.6235289 ], [ -0.3220856, 40.6028412 ], [ -0.2714333, 40.4784981 ], [ -0.3444077, 40.4415487 ], [ -0.2803451, 40.3739876 ], [ -0.3582469, 40.3129484 ], [ -0.3839701, 40.2644592 ], [ -0.494515, 40.2287316 ], [ -0.5441869, 40.2516595 ], [ -0.614197, 40.0714037 ], [ -0.718896, 40.0387136 ], [ -0.7622707, 40.0412626 ], [ -0.7901528, 39.9897819 ], [ -0.8462969, 39.9476979 ], [ -0.7976948, 39.8810675 ], [ -0.8674198, 39.8467782 ], [ -0.9102257, 39.8681148 ], [ -0.9241535, 39.9597674 ], [ -0.9878849, 39.9813416 ], [ -1.1423952, 39.9718415 ], [ -1.1651878, 40.0100963 ], [ -1.0842284, 40.0362082 ], [ -1.072129, 40.0604842 ], [ -1.1480336, 40.1144965 ], [ -1.2371396, 40.1135635 ], [ -1.2843415, 40.1714969 ], [ -1.3545968, 40.1294727 ], [ -1.4488557, 40.1453419 ], [ -1.4744159, 40.1850418 ], [ -1.5404707, 40.1913624 ], [ -1.806359, 40.3982305 ], [ -1.7485999, 40.4628966 ], [ -1.692512, 40.4868239 ], [ -1.6858209, 40.5799059 ], [ -1.5987493, 40.5620539 ], [ -1.5356379, 40.6870188 ], [ -1.558871, 40.7192637 ], [ -1.5446798, 40.8161938 ], [ -1.6259744, 40.8986779 ], [ -1.6174492, 40.9437328 ], [ -1.5573939, 40.9394929 ], [ -1.4714499, 40.9580044 ], [ -1.4579356, 41.0183565 ], [ -1.3781454, 41.0730723 ], [ -1.2709281, 41.0547768 ], [ -1.2544044, 41.1229395 ], [ -1.1216037, 41.134928 ], [ -1.1065027, 41.1670079 ], [ -0.9449352, 41.0753163 ], [ -0.8836611, 41.1301143 ], [ -0.7946174, 41.1047544 ], [ -0.7530116, 41.1668375 ], [ -0.6939693, 41.1122943 ], [ -0.6099017, 41.1916778 ], [ -0.6297191, 41.3117606 ], [ -0.5817867, 41.3481219 ], [ -0.4799323, 41.3459338 ], [ -0.4242721, 41.313528 ], [ -0.4058595, 41.2723592 ], [ -0.3133082, 41.2556343 ], [ -0.2224743, 41.1888574 ], [ -0.1809545, 41.1881449 ], [ -0.0117664, 41.1194167 ], [ 0.0575358, 41.0750504 ], [ 0.1469279, 41.0635807 ], [ 0.2203489, 41.0714298 ] ] ] ] } },
{ "type": "Feature", "properties": { "POLYGON_ID": "ESP_GAUL2012_ADM2_25786", "ADM0_ISO3": "ESP", "ADM0_NAME": "Spain", "ADM0_CODE": 229, "ADM1_NAME": "Aragón", "ADM1_CODE": 2717, "ADM2_NAME": "Zaragoza", "ADM2_CODE": 25786, "GEOSET": "GAUL", "GEOSET_YEAR": 2012.0, "GEOSET_VERSION": "GAUL_v1", "GEOSET_UNIT": "ADM2", "CENTROID_LONG": -1.0674926218874392, "CENTROID_LAT": 41.623274628556892 }, "geometry": { "type": "MultiPolygon", "coordinates": [ [ [ [ -0.9010859, 42.7427185 ], [ -0.8877297, 42.6676151 ], [ -0.916448, 42.5373239 ], [ -0.8420869, 42.4073867 ], [ -0.8427646, 42.3663436 ], [ -0.8920943, 42.2969194 ], [ -0.8130955, 42.2644871 ], [ -0.7718105, 42.3467138 ], [ -0.7288647, 42.2963225 ], [ -0.7593788, 42.2636476 ], [ -0.7644507, 42.0660008 ], [ -0.828173, 42.0825532 ], [ -0.8807771, 42.0083837 ], [ -0.7782085, 41.9573967 ], [ -0.6578263, 41.9574955 ], [ -0.6033134, 41.8828271 ], [ -0.5167483, 41.8367758 ], [ -0.5039882, 41.7461504 ], [ -0.4490344, 41.7093142 ], [ -0.3680756, 41.6819365 ], [ -0.3555588, 41.6323404 ], [ -0.2429231, 41.5726107 ], [ -0.2057363, 41.6022608 ], [ -0.1564461, 41.5899737 ], [ -0.1566628, 41.5352945 ], [ -0.1049717, 41.4854795 ], [ -0.0700006, 41.3729637 ], [ 0.106298, 41.3508191 ], [ 0.157367, 41.3977447 ], [ 0.2405898, 41.4283529 ], [ 0.3358454, 41.4074572 ], [ 0.3726963, 41.3537646 ], [ 0.3494033, 41.3311932 ], [ 0.3856642, 41.2788442 ], [ 0.3224038, 41.2252408 ], [ 0.3033178, 41.1643795 ], [ 0.2010236, 41.1030493 ], [ 0.2203489, 41.0714298 ], [ 0.1469279, 41.0635807 ], [ 0.0575358, 41.0750504 ], [ -0.0117664, 41.1194167 ], [ -0.1809545, 41.1881449 ], [ -0.2224743, 41.1888574 ], [ -0.3133082, 41.2556343 ], [ -0.4058595, 41.2723592 ], [ -0.4242721, 41.313528 ], [ -0.4799323, 41.3459338 ], [ -0.5817867, 41.3481219 ], [ -0.6297191, 41.3117606 ], [ -0.6099017, 41.1916778 ], [ -0.6939693, 41.1122943 ], [ -0.7530116, 41.1668375 ], [ -0.7946174, 41.1047544 ], [ -0.8836611, 41.1301143 ], [ -0.9449352, 41.0753163 ], [ -1.1065027, 41.1670079 ], [ -1.1216037, 41.134928 ], [ -1.2544044, 41.1229395 ], [ -1.2709281, 41.0547768 ], [ -1.3781454, 41.0730723 ], [ -1.4579356, 41.0183565 ], [ -1.4714499, 40.9580044 ], [ -1.5573939, 40.9394929 ], [ -1.6174492, 40.9437328 ], [ -1.7165518, 41.0135644 ], [ -1.8025657, 41.0892114 ], [ -1.9324467, 41.1385901 ], [ -1.9590169, 41.1724862 ], [ -2.0516933, 41.146849 ], [ -2.1462416, 41.1843949 ], [ -2.1704868, 41.3188322 ], [ -2.1197917, 41.3799952 ], [ -2.1015204, 41.4457888 ], [ -2.0356232, 41.4268888 ], [ -2.0292704, 41.3841578 ], [ -1.9536855, 41.4086349 ], [ -1.9811115, 41.4864352 ], [ -1.9673345, 41.5460667 ], [ -1.9930298, 41.6007966 ], [ -1.9231004, 41.5983345 ], [ -1.8589908, 41.66153 ], [ -1.8131145, 41.6605609 ], [ -1.7877718, 41.7341344 ], [ -1.8524078, 41.7885054 ], [ -1.8185624, 41.8299544 ], [ -1.8572812, 41.9095155 ], [ -1.8565412, 41.9664022 ], [ -1.8471849, 42.0079991 ], [ -1.7668965, 41.9957893 ], [ -1.734304, 41.9639032 ], [ -1.6736612, 41.9664341 ], [ -1.5962518, 41.9270926 ], [ -1.4217781, 41.913073 ], [ -1.3822347, 41.9433423 ], [ -1.3395203, 42.0180139 ], [ -1.3048225, 42.0429494 ], [ -1.3988815, 42.1262194 ], [ -1.3919061, 42.1814183 ], [ -1.4163566, 42.2219965 ], [ -1.399082, 42.2912998 ], [ -1.3290828, 42.3553855 ], [ -1.341508, 42.4239376 ], [ -1.2727803, 42.4818992 ], [ -1.2881374, 42.5227899 ], [ -1.2261663, 42.5422441 ], [ -1.1706821, 42.5968265 ], [ -1.1524093, 42.6475655 ], [ -1.0385961, 42.6483282 ], [ -1.027981, 42.7000601 ], [ -0.9462449, 42.7140832 ], [ -0.9010859, 42.7427185 ] ] ] ] } },
{ "type": "Feature", "properties": { "POLYGON_ID": "ESP_GAUL2012_ADM2_25789", "ADM0_ISO3": "ESP", "ADM0_NAME": "Spain", "ADM0_CODE": 229, "ADM1_NAME": "Canarias", "ADM1_CODE": 2720, "ADM2_NAME": "Las Palmas", "ADM2_CODE": 25789, "GEOSET": "GAUL", "GEOSET_YEAR": 2012.0, "GEOSET_VERSION": "GAUL_v1", "GEOSET_UNIT": "ADM2", "CENTROID_LONG": -14.5531194408236, "CENTROID_LAT": 28.354476693886934 }, "geometry": { "type": "MultiPolygon", "coordinates": [ [ [ [ -13.4604816, 29.1152916 ], [ -13.4475679, 29.0928421 ], [ -13.4626312, 29.0159073 ], [ -13.5164671, 28.970274 ], [ -13.6560554, 28.9141426 ], [ -13.7162943, 28.9076481 ], [ -13.7870798, 28.8485069 ], [ -13.8693056, 28.856739 ], [ -13.8763237, 28.8844681 ], [ -13.829401, 28.9217091 ], [ -13.8248682, 29.0071182 ], [ -13.7477942, 29.075489 ], [ -13.5868673, 29.1327171 ], [ -13.5577335, 29.1137886 ], [ -13.4727898, 29.2290802 ], [ -13.4176817, 29.1952896 ], [ -13.4604816, 29.1152916 ] ] ], [ [ [ -13.8738996, 28.7476703 ], [ -13.8377037, 28.7238007 ], [ -13.8207045, 28.5524292 ], [ -13.8611822, 28.4784946 ], [ -13.8434572, 28.4088173 ], [ -13.9214592, 28.2423382 ], [ -13.9474802, 28.2233372 ], [ -14.2125788, 28.1636372 ], [ -14.2436504, 28.1174431 ], [ -14.3243217, 28.0434513 ], [ -14.4746656, 28.0756741 ], [ -14.3664284, 28.1162796 ], [ -14.2637768, 28.1753445 ], [ -14.218111, 28.2159328 ], [ -14.1988592, 28.3235455 ], [ -14.1603708, 28.3635902 ], [ -14.148138, 28.4316463 ], [ -14.1001978, 28.4680767 ], [ -14.0296926, 28.5918942 ], [ -14.0059977, 28.6705761 ], [ -14.0151653, 28.7026463 ], [ -13.9408064, 28.7458649 ], [ -13.8738996, 28.7476703 ] ] ], [ [ [ -15.4284149, 28.1289909 ], [ -15.4209032, 28.0498886 ], [ -15.3759441, 28.0077324 ], [ -15.3759804, 27.9397621 ], [ -15.4329262, 27.8053532 ], [ -15.5681686, 27.7567329 ], [ -15.5869341, 27.7318096 ], [ -15.681385, 27.7506619 ], [ -15.7841997, 27.8315163 ], [ -15.8283091, 27.9066277 ], [ -15.8214645, 28.0098782 ], [ -15.7927961, 28.0123005 ], [ -15.7188978, 28.0684338 ], [ -15.703558, 28.1580639 ], [ -15.6438808, 28.166111 ], [ -15.606741, 28.1420193 ], [ -15.5297041, 28.1501141 ], [ -15.4284149, 28.1289909 ] ] ] ] } },
{ "type": "Feature", "properties": { "POLYGON_ID": "ESP_GAUL2012_ADM2_25790", "ADM0_ISO3": "ESP", "ADM0_NAME": "Spain", "ADM0_CODE": 229, "ADM1_NAME": "Canarias", "ADM1_CODE": 2720, "ADM2_NAME": "Santa Cruz de Tenerife", "ADM2_CODE": 25790, "GEOSET": "GAUL", "GEOSET_YEAR": 2012.0, "GEOSET_VERSION": "GAUL_v1", "GEOSET_UNIT": "ADM2", "CENTROID_LONG": -17.017455963792845, "CENTROID_LAT": 28.302911415907502 }, "geometry": { "type": "MultiPolygon", "coordinates": [ [ [ [ -16.1215272, 28.5588727 ], [ -16.1233959, 28.5271702 ], [ -16.2185631, 28.4829636 ], [ -16.3622894, 28.3490982 ], [ -16.3544598, 28.3065739 ], [ -16.4160366, 28.1945972 ], [ -16.425375, 28.1461353 ], [ -16.5409927, 28.0210228 ], [ -16.6316204, 27.9982185 ], [ -16.6957855, 27.9971981 ], [ -16.707468, 28.0430508 ], [ -16.7856255, 28.1293507 ], [ -16.8282642, 28.198225 ], [ -16.8348827, 28.2453575 ], [ -16.9144516, 28.3421135 ], [ -16.8496513, 28.374485 ], [ -16.7643452, 28.3644371 ], [ -16.6601143, 28.3927345 ], [ -16.6076794, 28.3865356 ], [ -16.4667416, 28.4386044 ], [ -16.3834953, 28.5345936 ], [ -16.3202744, 28.5678177 ], [ -16.2242279, 28.5583801 ], [ -16.159296, 28.5798569 ], [ -16.1215272, 28.5588727 ] ] ], [ [ [ -17.200901, 28.1958618 ], [ -17.0945244, 28.1205082 ], [ -17.0940113, 28.0867558 ], [ -17.1802711, 28.0196133 ], [ -17.2631321, 28.0193653 ], [ -17.3371735, 28.102047 ], [ -17.3081379, 28.192091 ], [ -17.2563801, 28.2081718 ], [ -17.200901, 28.1958618 ] ] ], [ [ [ -17.9136448, 28.8495407 ], [ -17.8343925, 28.8286686 ], [ -17.7796307, 28.8353939 ], [ -17.7218609, 28.7390614 ], [ -17.7631569, 28.6712589 ], [ -17.7458878, 28.6169491 ], [ -17.7586842, 28.559309 ], [ -17.8332729, 28.4473667 ], [ -17.8736095, 28.4822464 ], [ -17.882309, 28.5474148 ], [ -18.002552, 28.7583752 ], [ -17.9792633, 28.8069973 ], [ -17.9136448, 28.8495407 ] ] ], [ [ [ -17.9201508, 27.7582283 ], [ -17.9815712, 27.6392822 ], [ -18.0467987, 27.6927319 ], [ -18.1209126, 27.6980248 ], [ -18.1696377, 27.7230816 ], [ -18.1539516, 27.7677917 ], [ -18.0419312, 27.7652931 ], [ -17.9991684, 27.823843 ], [ -17.9176674, 27.850914 ], [ -17.8851852, 27.8019848 ], [ -17.9201508, 27.7582283 ] ] ] ] } },
{ "type": "Feature", "properties": { "POLYGON_ID": "ESP_GAUL2012_ADM2_25791", "ADM0_ISO3": "ESP", "ADM0_NAME": "Spain", "ADM0_CODE": 229, "ADM1_NAME": "Cantabria", "ADM1_CODE": 2721, "ADM2_NAME": "Cantabria", "ADM2_CODE": 25791, "GEOSET": "GAUL", "GEOSET_YEAR": 2012.0, "GEOSET_VERSION": "GAUL_v1", "GEOSET_UNIT": "ADM2", "CENTROID_LONG": -4.0332560968323286, "CENTROID_LAT": 43.193542602210968 }, "geometry": { "type": "MultiPolygon", "coordinates": [ [ [ [ -3.1526174, 43.3546613 ], [ -3.1573265, 43.3013196 ], [ -3.209506, 43.2835377 ], [ -3.3431284, 43.29428 ], [ -3.4417896, 43.2355514 ], [ -3.417608, 43.1333161 ], [ -3.5996055, 43.1519275 ], [ -3.6517532, 43.1807926 ], [ -3.7029273, 43.1180866 ], [ -3.9454648, 43.005773 ], [ -3.9908884, 42.9308366 ], [ -3.9434158, 42.9092825 ], [ -3.8912774, 42.9254855 ], [ -3.8253535, 42.8686333 ], [ -3.8216692, 42.8002908 ], [ -3.9996518, 42.7689788 ], [ -4.0459117, 42.7666111 ], [ -4.0813396, 42.7614641 ], [ -4.1854295, 42.8172971 ], [ -4.2257, 42.8588843 ], [ -4.2402491, 42.9565335 ], [ -4.3484849, 42.9725812 ], [ -4.3981139, 43.0348677 ], [ -4.4424789, 43.0559022 ], [ -4.5209319, 43.0473675 ], [ -4.5601252, 43.0207796 ], [ -4.7370038, 43.020987 ], [ -4.7664974, 43.0745466 ], [ -4.8514255, 43.1259449 ], [ -4.8410232, 43.18078 ], [ -4.7384259, 43.1863831 ], [ -4.7062701, 43.2662519 ], [ -4.6591666, 43.2645498 ], [ -4.5991598, 43.2988654 ], [ -4.5224255, 43.27904 ], [ -4.5309984, 43.3608754 ], [ -4.5129742, 43.3913365 ], [ -4.4002728, 43.4001312 ], [ -4.2740822, 43.3926125 ], [ -4.1321979, 43.4150772 ], [ -3.926625, 43.4730148 ], [ -3.835547, 43.4788246 ], [ -3.813436, 43.4165421 ], [ -3.7233689, 43.471283 ], [ -3.55652, 43.511776 ], [ -3.428916, 43.4139709 ], [ -3.3395119, 43.4168854 ], [ -3.2215719, 43.3970833 ], [ -3.1526174, 43.3546613 ] ] ] ] } },
{ "type": "Feature", "properties": { "POLYGON_ID": "ESP_GAUL2012_ADM2_25801", "ADM0_ISO3": "ESP", "ADM0_NAME": "Spain", "ADM0_CODE": 229, "ADM1_NAME": "Castilla-La Mancha", "ADM1_CODE": 2723, "ADM2_NAME": "Albacete", "ADM2_CODE": 25801, "GEOSET": "GAUL", "GEOSET_YEAR": 2012.0, "GEOSET_VERSION": "GAUL_v1", "GEOSET_UNIT": "ADM2", "CENTROID_LONG": -1.9789679061836423, "CENTROID_LAT": 38.825416090403884 }, "geometry": { "type": "MultiPolygon", "coordinates": [ [ [ [ -0.9289381, 38.7838337 ], [ -0.9614287, 38.7747916 ], [ -0.9157932, 38.6959646 ], [ -0.9624663, 38.6569253 ], [ -1.0269335, 38.6555173 ], [ -1.1836351, 38.7550852 ], [ -1.2627774, 38.7302118 ], [ -1.3440691, 38.6771019 ], [ -1.402218, 38.6907967 ], [ -1.4476981, 38.6495175 ], [ -1.4520011, 38.5814598 ], [ -1.4987327, 38.5320561 ], [ -1.4815735, 38.4893373 ], [ -1.4785473, 38.3763832 ], [ -1.5828157, 38.3134727 ], [ -1.6702464, 38.3116494 ], [ -1.6875574, 38.3658255 ], [ -1.7428747, 38.3811754 ], [ -1.9075365, 38.2979618 ], [ -2.0001563, 38.283964 ], [ -2.0637716, 38.2975925 ], [ -2.1146364, 38.2377319 ], [ -2.212939, 38.2030223 ], [ -2.2616497, 38.1129593 ], [ -2.330066, 38.0648619 ], [ -2.3416322, 38.0260005 ], [ -2.3730791, 38.0232789 ], [ -2.5512964, 38.0840922 ], [ -2.4468542, 38.1843405 ], [ -2.440778, 38.2851101 ], [ -2.4814814, 38.294949 ], [ -2.4833984, 38.3978579 ], [ -2.5715408, 38.4139285 ], [ -2.5666241, 38.4904664 ], [ -2.5997412, 38.5129157 ], [ -2.6727212, 38.4966227 ], [ -2.7620766, 38.5327511 ], [ -2.7500966, 38.6155655 ], [ -2.6688549, 38.6492211 ], [ -2.6378903, 38.7346245 ], [ -2.7502755, 38.8071116 ], [ -2.7623073, 38.8807693 ], [ -2.8358052, 38.9059749 ], [ -2.8784747, 38.9554006 ], [ -2.8099323, 39.0238305 ], [ -2.8050699, 39.0780878 ], [ -2.8426573, 39.1344911 ], [ -2.7220991, 39.2687186 ], [ -2.7422518, 39.3181534 ], [ -2.5679783, 39.3270425 ], [ -2.5110458, 39.3421528 ], [ -2.3740766, 39.2327836 ], [ -2.3211908, 39.283739 ], [ -2.2886773, 39.2266612 ], [ -2.1684497, 39.281027 ], [ -2.0741337, 39.2658903 ], [ -2.0597618, 39.2856702 ], [ -2.0956249, 39.3594248 ], [ -2.0443597, 39.3591686 ], [ -1.9897989, 39.2936802 ], [ -1.8868805, 39.3047523 ], [ -1.7698535, 39.2805081 ], [ -1.7392815, 39.3211599 ], [ -1.6157307, 39.366168 ], [ -1.5051753, 39.4179959 ], [ -1.3522881, 39.3397868 ], [ -1.3184298, 39.3431857 ], [ -1.1622636, 39.3057388 ], [ -1.1944978, 39.1804094 ], [ -1.2657015, 39.0754676 ], [ -1.146654, 38.9293527 ], [ -0.9594103, 38.944582 ], [ -0.9408545, 38.8996193 ], [ -0.9289381, 38.7838337 ] ] ] ] } },
{ "type": "Feature", "properties": { "POLYGON_ID": "ESP_GAUL2012_ADM2_25802", "ADM0_ISO3": "ESP", "ADM0_NAME": "Spain", "ADM0_CODE": 229, "ADM1_NAME": "Castilla-La Mancha", "ADM1_CODE": 2723, "ADM2_NAME": "Ciudad Real", "ADM2_CODE": 25802, "GEOSET": "GAUL", "GEOSET_YEAR": 2012.0, "GEOSET_VERSION": "GAUL_v1", "GEOSET_UNIT": "ADM2", "CENTROID_LONG": -3.8304634169774259, "CENTROID_LAT": 38.926831125330544 }, "geometry": { "type": "MultiPolygon", "coordinates": [ [ [ [ -2.9313751, 39.4714855 ], [ -2.8896704, 39.4219221 ], [ -2.8823771, 39.3508829 ], [ -2.8305702, 39.3551167 ], [ -2.7890774, 39.3975251 ], [ -2.7422518, 39.3181534 ], [ -2.7220991, 39.2687186 ], [ -2.8426573, 39.1344911 ], [ -2.8050699, 39.0780878 ], [ -2.8099323, 39.0238305 ], [ -2.8784747, 38.9554006 ], [ -2.8358052, 38.9059749 ], [ -2.7623073, 38.8807693 ], [ -2.7502755, 38.8071116 ], [ -2.6378903, 38.7346245 ], [ -2.6688549, 38.6492211 ], [ -2.7500966, 38.6155655 ], [ -2.7620766, 38.5327511 ], [ -2.8897714, 38.4558794 ], [ -2.9384433, 38.474742 ], [ -2.9963054, 38.4447934 ], [ -3.0649664, 38.4782477 ], [ -3.1301991, 38.4387662 ], [ -3.2800087, 38.4604047 ], [ -3.3264924, 38.4821209 ], [ -3.4248236, 38.4067992 ], [ -3.524254, 38.4091014 ], [ -3.5418885, 38.4453849 ], [ -3.6204716, 38.3939878 ], [ -3.7300076, 38.4243669 ], [ -3.8078556, 38.4218189 ], [ -3.8542845, 38.3751407 ], [ -3.9619375, 38.3660958 ], [ -4.2219905, 38.3971616 ], [ -4.2768002, 38.3902061 ], [ -4.26887, 38.347171 ], [ -4.4351731, 38.4022349 ], [ -4.5126913, 38.4638545 ], [ -4.5844165, 38.4932118 ], [ -4.6660363, 38.547724 ], [ -4.7900741, 38.597194 ], [ -4.8601709, 38.6139787 ], [ -4.8688802, 38.6809344 ], [ -5.0014123, 38.6950055 ], [ -5.0469484, 38.7290874 ], [ -4.972845, 38.7608446 ], [ -4.943484, 38.8543784 ], [ -4.9149399, 38.8874404 ], [ -4.8501453, 38.881574 ], [ -4.8366758, 38.9305597 ], [ -4.9336696, 38.9755761 ], [ -4.9625045, 39.0587267 ], [ -4.8855993, 39.0336318 ], [ -4.8269351, 39.0641188 ], [ -4.8737055, 39.0963362 ], [ -4.853171, 39.1524376 ], [ -4.8102735, 39.1994155 ], [ -4.7082293, 39.2098682 ], [ -4.7610118, 39.3207892 ], [ -4.7100461, 39.3457503 ], [ -4.6694976, 39.4245367 ], [ -4.687696, 39.4502946 ], [ -4.6181318, 39.4544006 ], [ -4.6118384, 39.4884103 ], [ -4.5546273, 39.5107767 ], [ -4.5214151, 39.5559049 ], [ -4.4530801, 39.5172883 ], [ -4.3206518, 39.4834117 ], [ -4.2420922, 39.4778977 ], [ -4.1925963, 39.4982381 ], [ -4.1664596, 39.5668902 ], [ -4.0417781, 39.5753541 ], [ -4.03008, 39.5219737 ], [ -4.058829, 39.4721861 ], [ -4.1180727, 39.4568822 ], [ -4.1480743, 39.3627654 ], [ -3.9722018, 39.3521755 ], [ -3.9668559, 39.2985534 ], [ -3.8414906, 39.2596812 ], [ -3.7656939, 39.2933181 ], [ -3.7225217, 39.2696071 ], [ -3.6746154, 39.2966468 ], [ -3.5561748, 39.2990461 ], [ -3.4768805, 39.3431439 ], [ -3.4102783, 39.4045889 ], [ -3.3394647, 39.407547 ], [ -3.2790105, 39.4700973 ], [ -3.1875862, 39.4751371 ], [ -3.1434233, 39.4955279 ], [ -3.0695974, 39.4502728 ], [ -2.9777357, 39.4446789 ], [ -2.9313751, 39.4714855 ] ] ], [ [ [ -4.7553714, 39.415713 ], [ -4.8875701, 39.3705309 ], [ -4.9407419, 39.3951177 ], [ -4.908212, 39.4936904 ], [ -4.8631229, 39.5561467 ], [ -4.7624738, 39.5140378 ], [ -4.740511, 39.4561654 ], [ -4.7553714, 39.415713 ] ] ] ] } },
{ "type": "Feature", "properties": { "POLYGON_ID": "ESP_GAUL2012_ADM2_25803", "ADM0_ISO3": "ESP", "ADM0_NAME": "Spain", "ADM0_CODE": 229, "ADM1_NAME": "Castilla-La Mancha", "ADM1_CODE": 2723, "ADM2_NAME": "Cuenca", "ADM2_CODE": 25803, "GEOSET": "GAUL", "GEOSET_YEAR": 2012.0, "GEOSET_VERSION": "GAUL_v1", "GEOSET_UNIT": "ADM2", "CENTROID_LONG": -2.1950073827933454, "CENTROID_LAT": 39.893332152532949 }, "geometry": { "type": "MultiPolygon", "coordinates": [ [ [ [ -1.806359, 40.3982305 ], [ -1.5404707, 40.1913624 ], [ -1.4744159, 40.1850418 ], [ -1.4488557, 40.1453419 ], [ -1.3831365, 40.0389655 ], [ -1.2468302, 39.9951806 ], [ -1.1651878, 40.0100963 ], [ -1.1423952, 39.9718415 ], [ -1.2039776, 39.949344 ], [ -1.1999779, 39.8594346 ], [ -1.2150036, 39.8087743 ], [ -1.2754093, 39.7386406 ], [ -1.2619953, 39.6989071 ], [ -1.3128269, 39.6704841 ], [ -1.3685346, 39.6896149 ], [ -1.4179317, 39.6549358 ], [ -1.462082, 39.5766211 ], [ -1.5043625, 39.5639017 ], [ -1.5051753, 39.4179959 ], [ -1.6157307, 39.366168 ], [ -1.7392815, 39.3211599 ], [ -1.7698535, 39.2805081 ], [ -1.8868805, 39.3047523 ], [ -1.9897989, 39.2936802 ], [ -2.0443597, 39.3591686 ], [ -2.0956249, 39.3594248 ], [ -2.0597618, 39.2856702 ], [ -2.0741337, 39.2658903 ], [ -2.1684497, 39.281027 ], [ -2.2886773, 39.2266612 ], [ -2.3211908, 39.283739 ], [ -2.3740766, 39.2327836 ], [ -2.5110458, 39.3421528 ], [ -2.5679783, 39.3270425 ], [ -2.7422518, 39.3181534 ], [ -2.7890774, 39.3975251 ], [ -2.8305702, 39.3551167 ], [ -2.8823771, 39.3508829 ], [ -2.8896704, 39.4219221 ], [ -2.9313751, 39.4714855 ], [ -2.9232655, 39.6024184 ], [ -2.9082333, 39.6423321 ], [ -2.999545, 39.7218304 ], [ -3.0596752, 39.8374713 ], [ -3.1252338, 39.8779743 ], [ -3.0970593, 39.9334667 ], [ -3.1425657, 39.9849646 ], [ -3.1615789, 40.0649279 ], [ -3.0888022, 40.0705938 ], [ -3.0529833, 40.0993879 ], [ -3.0678451, 40.1579142 ], [ -3.0144397, 40.1552399 ], [ -2.9981851, 40.2090818 ], [ -2.911484, 40.1570835 ], [ -2.8259804, 40.2022431 ], [ -2.8026314, 40.2640256 ], [ -2.8161707, 40.3361928 ], [ -2.8076797, 40.4067936 ], [ -2.7037949, 40.4219438 ], [ -2.6407507, 40.4487291 ], [ -2.5444851, 40.4263807 ], [ -2.546266, 40.5189555 ], [ -2.4959703, 40.5088101 ], [ -2.3800037, 40.5435873 ], [ -2.2256708, 40.6193737 ], [ -2.0912023, 40.6463652 ], [ -1.9855266, 40.5854337 ], [ -1.9267073, 40.5941179 ], [ -1.8814586, 40.5174661 ], [ -1.8564638, 40.4287911 ], [ -1.806359, 40.3982305 ] ] ] ] } },
{ "type": "Feature", "properties": { "POLYGON_ID": "ESP_GAUL2012_ADM2_25804", "ADM0_ISO3": "ESP", "ADM0_NAME": "Spain", "ADM0_CODE": 229, "ADM1_NAME": "Castilla-La Mancha", "ADM1_CODE": 2723, "ADM2_NAME": "Guadalajara", "ADM2_CODE": 25804, "GEOSET": "GAUL", "GEOSET_YEAR": 2012.0, "GEOSET_VERSION": "GAUL_v1", "GEOSET_UNIT": "ADM2", "CENTROID_LONG": -2.6235282513597076, "CENTROID_LAT": 40.812044635303735 }, "geometry": { "type": "MultiPolygon", "coordinates": [ [ [ [ -2.0516933, 41.146849 ], [ -1.9590169, 41.1724862 ], [ -1.9324467, 41.1385901 ], [ -1.8025657, 41.0892114 ], [ -1.7165518, 41.0135644 ], [ -1.6174492, 40.9437328 ], [ -1.6259744, 40.8986779 ], [ -1.5446798, 40.8161938 ], [ -1.558871, 40.7192637 ], [ -1.5356379, 40.6870188 ], [ -1.5987493, 40.5620539 ], [ -1.6858209, 40.5799059 ], [ -1.692512, 40.4868239 ], [ -1.7485999, 40.4628966 ], [ -1.806359, 40.3982305 ], [ -1.8564638, 40.4287911 ], [ -1.8814586, 40.5174661 ], [ -1.9267073, 40.5941179 ], [ -1.9855266, 40.5854337 ], [ -2.0912023, 40.6463652 ], [ -2.2256708, 40.6193737 ], [ -2.3800037, 40.5435873 ], [ -2.4959703, 40.5088101 ], [ -2.546266, 40.5189555 ], [ -2.5444851, 40.4263807 ], [ -2.6407507, 40.4487291 ], [ -2.7037949, 40.4219438 ], [ -2.8076797, 40.4067936 ], [ -2.8161707, 40.3361928 ], [ -2.8026314, 40.2640256 ], [ -2.8259804, 40.2022431 ], [ -2.911484, 40.1570835 ], [ -2.9981851, 40.2090818 ], [ -3.0144397, 40.1552399 ], [ -3.0678451, 40.1579142 ], [ -3.0960238, 40.2690859 ], [ -3.194449, 40.2480371 ], [ -3.1806425, 40.3133197 ], [ -3.1513979, 40.3352473 ], [ -3.1305579, 40.405185 ], [ -3.1985967, 40.4422523 ], [ -3.1999549, 40.5144486 ], [ -3.3303405, 40.597369 ], [ -3.3236558, 40.6383808 ], [ -3.4477884, 40.6774735 ], [ -3.4443431, 40.7615796 ], [ -3.5027442, 40.790965 ], [ -3.4461338, 40.8767039 ], [ -3.4488546, 40.9225271 ], [ -3.3972805, 41.0062909 ], [ -3.4882146, 41.0940341 ], [ -3.5397222, 41.1650411 ], [ -3.4079276, 41.2119695 ], [ -3.3942272, 41.2569841 ], [ -3.2542643, 41.2583832 ], [ -3.2073512, 41.3042357 ], [ -3.0619009, 41.273427 ], [ -2.8754555, 41.3213779 ], [ -2.8664935, 41.2747798 ], [ -2.7779752, 41.2520159 ], [ -2.7095461, 41.2519809 ], [ -2.6169695, 41.2194356 ], [ -2.5175454, 41.1481157 ], [ -2.4694663, 41.07811 ], [ -2.3234072, 41.0565078 ], [ -2.2321466, 41.0970115 ], [ -2.1752981, 41.0837549 ], [ -2.0656222, 41.0957893 ], [ -2.0516933, 41.146849 ] ] ] ] } },
{ "type": "Feature", "properties": { "POLYGON_ID": "ESP_GAUL2012_ADM2_25805", "ADM0_ISO3": "ESP", "ADM0_NAME": "Spain", "ADM0_CODE": 229, "ADM1_NAME": "Castilla-La Mancha", "ADM1_CODE": 2723, "ADM2_NAME": "Toledo", "ADM2_CODE": 25805, "GEOSET": "GAUL", "GEOSET_YEAR": 2012.0, "GEOSET_VERSION": "GAUL_v1", "GEOSET_UNIT": "ADM2", "CENTROID_LONG": -4.1468944378437635, "CENTROID_LAT": 39.792420551312802 }, "geometry": { "type": "MultiPolygon", "coordinates": [ [ [ [ -3.1615789, 40.0649279 ], [ -3.1425657, 39.9849646 ], [ -3.0970593, 39.9334667 ], [ -3.1252338, 39.8779743 ], [ -3.0596752, 39.8374713 ], [ -2.999545, 39.7218304 ], [ -2.9082333, 39.6423321 ], [ -2.9232655, 39.6024184 ], [ -2.9313751, 39.4714855 ], [ -2.9777357, 39.4446789 ], [ -3.0695974, 39.4502728 ], [ -3.1434233, 39.4955279 ], [ -3.1875862, 39.4751371 ], [ -3.2790105, 39.4700973 ], [ -3.3394647, 39.407547 ], [ -3.4102783, 39.4045889 ], [ -3.4768805, 39.3431439 ], [ -3.5561748, 39.2990461 ], [ -3.6746154, 39.2966468 ], [ -3.7225217, 39.2696071 ], [ -3.7656939, 39.2933181 ], [ -3.8414906, 39.2596812 ], [ -3.9668559, 39.2985534 ], [ -3.9722018, 39.3521755 ], [ -4.1480743, 39.3627654 ], [ -4.1180727, 39.4568822 ], [ -4.058829, 39.4721861 ], [ -4.03008, 39.5219737 ], [ -4.0417781, 39.5753541 ], [ -4.1664596, 39.5668902 ], [ -4.1925963, 39.4982381 ], [ -4.2420922, 39.4778977 ], [ -4.3206518, 39.4834117 ], [ -4.4530801, 39.5172883 ], [ -4.5214151, 39.5559049 ], [ -4.5546273, 39.5107767 ], [ -4.6118384, 39.4884103 ], [ -4.6181318, 39.4544006 ], [ -4.687696, 39.4502946 ], [ -4.7553714, 39.415713 ], [ -4.740511, 39.4561654 ], [ -4.7624738, 39.5140378 ], [ -4.8631229, 39.5561467 ], [ -4.908212, 39.4936904 ], [ -4.9407419, 39.3951177 ], [ -4.9525129, 39.3949928 ], [ -5.0588927, 39.4894173 ], [ -5.0828882, 39.4900801 ], [ -5.2020696, 39.5920216 ], [ -5.1514185, 39.661287 ], [ -5.1377938, 39.7149989 ], [ -5.2078682, 39.7965057 ], [ -5.2572068, 39.7520705 ], [ -5.3162235, 39.7721233 ], [ -5.2835238, 39.8572097 ], [ -5.3264509, 39.891967 ], [ -5.4010779, 39.8856618 ], [ -5.365144, 39.9829186 ], [ -5.3690106, 40.1000853 ], [ -5.3359765, 40.1158181 ], [ -5.2153108, 40.1078468 ], [ -5.1736837, 40.0849341 ], [ -5.0185421, 40.1590529 ], [ -5.0066718, 40.1299364 ], [ -4.9254541, 40.1360358 ], [ -4.9137148, 40.1735983 ], [ -4.7611912, 40.2609353 ], [ -4.6981414, 40.2821925 ], [ -4.6864518, 40.2107618 ], [ -4.6399397, 40.1970382 ], [ -4.5790762, 40.2171962 ], [ -4.5353643, 40.1993429 ], [ -4.3569254, 40.2703403 ], [ -4.295189, 40.2188812 ], [ -4.2461645, 40.2742129 ], [ -4.1042721, 40.2418333 ], [ -4.0728943, 40.2654513 ], [ -3.9910023, 40.2094782 ], [ -3.8000379, 40.1753994 ], [ -3.7714327, 40.1397783 ], [ -3.7198093, 40.1471153 ], [ -3.6079672, 40.1090956 ], [ -3.623094, 40.0541109 ], [ -3.8012247, 39.9473071 ], [ -3.8754772, 39.9269043 ], [ -3.8064212, 39.8873886 ], [ -3.7111052, 39.954709 ], [ -3.6344989, 39.9658918 ], [ -3.5910054, 40.0121184 ], [ -3.5151969, 40.0432827 ], [ -3.3940256, 40.0456862 ], [ -3.3277469, 40.0791352 ], [ -3.3024942, 40.0533137 ], [ -3.1615789, 40.0649279 ] ] ] ] } },
{ "type": "Feature", "properties": { "POLYGON_ID": "ESP_GAUL2012_ADM2_25792", "ADM0_ISO3": "ESP", "ADM0_NAME": "Spain", "ADM0_CODE": 229, "ADM1_NAME": "Castilla y León", "ADM1_CODE": 2722, "ADM2_NAME": "Ávila", "ADM2_CODE": 25792, "GEOSET": "GAUL", "GEOSET_YEAR": 2012.0, "GEOSET_VERSION": "GAUL_v1", "GEOSET_UNIT": "ADM2", "CENTROID_LONG": -4.9419940491691525, "CENTROID_LAT": 40.571160287032932 }, "geometry": { "type": "MultiPolygon", "coordinates": [ [ [ [ -4.7221018, 41.1493181 ], [ -4.7165128, 41.071585 ], [ -4.6381518, 41.0286419 ], [ -4.606748, 40.9708034 ], [ -4.566352, 40.956199 ], [ -4.5353133, 40.872374 ], [ -4.493218, 40.8304717 ], [ -4.4746333, 40.7768603 ], [ -4.4314801, 40.7428304 ], [ -4.4196226, 40.6334277 ], [ -4.3195099, 40.6476437 ], [ -4.2741579, 40.6770905 ], [ -4.1602343, 40.6898228 ], [ -4.1767508, 40.6161556 ], [ -4.262141, 40.60518 ], [ -4.3237039, 40.5495822 ], [ -4.3240029, 40.4183023 ], [ -4.4155373, 40.4096021 ], [ -4.456214, 40.3207215 ], [ -4.5048958, 40.3154383 ], [ -4.5687884, 40.2587122 ], [ -4.5790762, 40.2171962 ], [ -4.6399397, 40.1970382 ], [ -4.6864518, 40.2107618 ], [ -4.6981414, 40.2821925 ], [ -4.7611912, 40.2609353 ], [ -4.9137148, 40.1735983 ], [ -4.9254541, 40.1360358 ], [ -5.0066718, 40.1299364 ], [ -5.0185421, 40.1590529 ], [ -5.1736837, 40.0849341 ], [ -5.2153108, 40.1078468 ], [ -5.3359765, 40.1158181 ], [ -5.36732, 40.1608981 ], [ -5.36967, 40.218312 ], [ -5.429825, 40.2522582 ], [ -5.4709105, 40.2078531 ], [ -5.5309641, 40.1947186 ], [ -5.5943519, 40.2163564 ], [ -5.6926619, 40.2921061 ], [ -5.7375619, 40.2941233 ], [ -5.6883289, 40.33856 ], [ -5.6911893, 40.4219936 ], [ -5.5897985, 40.4672498 ], [ -5.5447531, 40.4230954 ], [ -5.4604539, 40.4740401 ], [ -5.4310764, 40.5672337 ], [ -5.3829542, 40.6207604 ], [ -5.3791654, 40.6764967 ], [ -5.2928437, 40.7102663 ], [ -5.1574715, 40.8241133 ], [ -5.1626215, 40.8680011 ], [ -5.1112159, 40.9149286 ], [ -5.1281712, 40.9485753 ], [ -5.0915752, 40.9943187 ], [ -5.1465432, 41.0436421 ], [ -5.1249292, 41.1320451 ], [ -4.9897355, 41.1608048 ], [ -4.8721096, 41.0978869 ], [ -4.8279578, 41.0991544 ], [ -4.7861877, 41.143559 ], [ -4.7221018, 41.1493181 ] ] ] ] } },
{ "type": "Feature", "properties": { "POLYGON_ID": "ESP_GAUL2012_ADM2_25793", "ADM0_ISO3": "ESP", "ADM0_NAME": "Spain", "ADM0_CODE": 229, "ADM1_NAME": "Castilla y León", "ADM1_CODE": 2722, "ADM2_NAME": "Burgos", "ADM2_CODE": 25793, "GEOSET": "GAUL", "GEOSET_YEAR": 2012.0, "GEOSET_VERSION": "GAUL_v1", "GEOSET_UNIT": "ADM2", "CENTROID_LONG": -3.5902641770913761, "CENTROID_LAT": 42.363476460839799 }, "geometry": { "type": "MultiPolygon", "coordinates": [ [ [ [ -2.8277072, 42.787973 ], [ -2.7315527, 42.7945131 ], [ -2.5625725, 42.7412806 ], [ -2.66096, 42.671912 ], [ -2.7678998, 42.6660109 ], [ -2.784503, 42.698942 ], [ -2.856948, 42.7375831 ], [ -2.8277072, 42.787973 ] ] ], [ [ [ -3.1413618, 43.1615382 ], [ -3.1817864, 43.1208787 ], [ -3.1339407, 43.0972342 ], [ -3.1447893, 43.006839 ], [ -3.0889899, 43.0016366 ], [ -3.0369574, 42.9822321 ], [ -2.9814709, 42.938805 ], [ -3.018906, 42.908512 ], [ -3.1265311, 42.9040593 ], [ -3.1447316, 42.9346824 ], [ -3.2247293, 42.9496917 ], [ -3.2826087, 42.8755144 ], [ -3.2367591, 42.8379312 ], [ -3.1498863, 42.8613198 ], [ -3.1592288, 42.8045914 ], [ -3.1366404, 42.7654822 ], [ -3.0496535, 42.7656061 ], [ -2.9870036, 42.7088538 ], [ -2.9025017, 42.6936027 ], [ -2.8580931, 42.6382054 ], [ -2.8835267, 42.6244276 ], [ -3.0047559, 42.6442647 ], [ -3.0693539, 42.638778 ], [ -3.0635377, 42.5913117 ], [ -3.1342714, 42.5420529 ], [ -3.0460039, 42.4451541 ], [ -3.0531427, 42.373418 ], [ -3.1092564, 42.3518812 ], [ -3.0885894, 42.2457251 ], [ -3.1288638, 42.2009351 ], [ -3.0343734, 42.0859632 ], [ -2.9353327, 42.0894077 ], [ -2.9136238, 42.0228521 ], [ -3.0167711, 41.8869064 ], [ -3.0918061, 41.8759017 ], [ -3.1340875, 41.815953 ], [ -3.2890075, 41.8424624 ], [ -3.2754539, 41.7686707 ], [ -3.3543847, 41.7372536 ], [ -3.4596815, 41.5892697 ], [ -3.5415674, 41.5776072 ], [ -3.645573, 41.5718128 ], [ -3.7283047, 41.5176382 ], [ -3.7324061, 41.4698897 ], [ -3.8238777, 41.4811343 ], [ -3.8637047, 41.5289693 ], [ -3.9806666, 41.5833726 ], [ -4.035283, 41.6206231 ], [ -4.0263721, 41.6929818 ], [ -4.076701, 41.733565 ], [ -4.0408766, 41.768354 ], [ -4.0900674, 41.8308642 ], [ -4.0888251, 41.8706497 ], [ -3.9806999, 41.9006165 ], [ -4.0147755, 41.9985852 ], [ -3.9801766, 42.0430453 ], [ -4.1041064, 42.0616267 ], [ -4.0562067, 42.1009138 ], [ -4.1202156, 42.1281278 ], [ -4.2054189, 42.1346134 ], [ -4.1909585, 42.1810121 ], [ -4.2268198, 42.2282679 ], [ -4.2934542, 42.3881261 ], [ -4.3353271, 42.430603 ], [ -4.2425941, 42.4562379 ], [ -4.2938984, 42.6052558 ], [ -4.255961, 42.6889882 ], [ -4.1435324, 42.7528091 ], [ -4.0813396, 42.7614641 ], [ -4.0459117, 42.7666111 ], [ -3.9996518, 42.7689788 ], [ -3.8216692, 42.8002908 ], [ -3.8253535, 42.8686333 ], [ -3.8912774, 42.9254855 ], [ -3.9434158, 42.9092825 ], [ -3.9908884, 42.9308366 ], [ -3.9454648, 43.005773 ], [ -3.7029273, 43.1180866 ], [ -3.6517532, 43.1807926 ], [ -3.5996055, 43.1519275 ], [ -3.417608, 43.1333161 ], [ -3.278113, 43.1944265 ], [ -3.1413618, 43.1615382 ] ] ] ] } },
{ "type": "Feature", "properties": { "POLYGON_ID": "ESP_GAUL2012_ADM2_25794", "ADM0_ISO3": "ESP", "ADM0_NAME": "Spain", "ADM0_CODE": 229, "ADM1_NAME": "Castilla y León", "ADM1_CODE": 2722, "ADM2_NAME": "León", "ADM2_CODE": 25794, "GEOSET": "GAUL", "GEOSET_YEAR": 2012.0, "GEOSET_VERSION": "GAUL_v1", "GEOSET_UNIT": "ADM2", "CENTROID_LONG": -5.8380225531617675, "CENTROID_LAT": 42.617735516257291 }, "geometry": { "type": "MultiPolygon", "coordinates": [ [ [ [ -4.8410232, 43.18078 ], [ -4.8514255, 43.1259449 ], [ -4.7664974, 43.0745466 ], [ -4.7370038, 43.020987 ], [ -4.7953198, 42.9858687 ], [ -4.8137562, 42.9240833 ], [ -4.855501, 42.8917074 ], [ -4.9363601, 42.7444669 ], [ -4.8744066, 42.7097016 ], [ -4.9145125, 42.5447192 ], [ -4.8879867, 42.5370277 ], [ -4.903396, 42.3856505 ], [ -5.0021412, 42.2891291 ], [ -5.0937539, 42.309295 ], [ -5.1979054, 42.2605425 ], [ -5.2446872, 42.2638683 ], [ -5.265644, 42.2108986 ], [ -5.3115668, 42.1995707 ], [ -5.3881025, 42.2214432 ], [ -5.3715239, 42.1300641 ], [ -5.3762938, 42.0414661 ], [ -5.4215879, 42.0306754 ], [ -5.4809234, 42.0524251 ], [ -5.5208908, 42.0971396 ], [ -5.5801694, 42.0584494 ], [ -5.6429128, 42.1305594 ], [ -5.7432295, 42.1134257 ], [ -5.8380747, 42.1187722 ], [ -5.9116012, 42.1405855 ], [ -5.9743013, 42.1302046 ], [ -6.0287781, 42.1575953 ], [ -6.1055211, 42.1619899 ], [ -6.2123951, 42.1480766 ], [ -6.3278604, 42.2003973 ], [ -6.4278951, 42.2019418 ], [ -6.4782484, 42.1822254 ], [ -6.638648, 42.217296 ], [ -6.7037921, 42.209373 ], [ -6.7843185, 42.253618 ], [ -6.7411458, 42.2986635 ], [ -6.7339533, 42.3591114 ], [ -6.8208043, 42.3856442 ], [ -6.8085973, 42.4694488 ], [ -6.9250543, 42.5194385 ], [ -6.9735527, 42.4940118 ], [ -7.0770536, 42.5081899 ], [ -7.0100246, 42.6498318 ], [ -7.0451918, 42.6947654 ], [ -6.935603, 42.740863 ], [ -6.8417719, 42.8226948 ], [ -6.8712792, 42.8738409 ], [ -6.8241894, 42.915061 ], [ -6.7706706, 42.8986238 ], [ -6.7231924, 42.9173776 ], [ -6.6129263, 42.9245539 ], [ -6.5465669, 42.9121534 ], [ -6.4511965, 42.9354843 ], [ -6.3970707, 43.0380779 ], [ -6.2384572, 43.0143819 ], [ -6.1860914, 43.0495472 ], [ -6.1366674, 43.0209929 ], [ -5.9737856, 43.0644784 ], [ -5.9567445, 43.0185933 ], [ -5.8503259, 42.9674041 ], [ -5.7655711, 42.969224 ], [ -5.7283758, 43.0425132 ], [ -5.6933491, 43.0564809 ], [ -5.5404098, 43.0183527 ], [ -5.3831036, 43.0872368 ], [ -5.2821211, 43.0774279 ], [ -5.1673779, 43.1027919 ], [ -5.1017354, 43.1018464 ], [ -5.0645702, 43.1795573 ], [ -4.9960649, 43.186149 ], [ -4.8929277, 43.2382015 ], [ -4.8410232, 43.18078 ] ] ] ] } },
{ "type": "Feature", "properties": { "POLYGON_ID": "ESP_GAUL2012_ADM2_25795", "ADM0_ISO3": "ESP", "ADM0_NAME": "Spain", "ADM0_CODE": 229, "ADM1_NAME": "Castilla y León", "ADM1_CODE": 2722, "ADM2_NAME": "Palencia", "ADM2_CODE": 25795, "GEOSET": "GAUL", "GEOSET_YEAR": 2012.0, "GEOSET_VERSION": "GAUL_v1", "GEOSET_UNIT": "ADM2", "CENTROID_LONG": -4.5400260959779626, "CENTROID_LAT": 42.370489525800139 }, "geometry": { "type": "MultiPolygon", "coordinates": [ [ [ [ -4.0813396, 42.7614641 ], [ -4.1435324, 42.7528091 ], [ -4.255961, 42.6889882 ], [ -4.2938984, 42.6052558 ], [ -4.2425941, 42.4562379 ], [ -4.3353271, 42.430603 ], [ -4.2934542, 42.3881261 ], [ -4.2268198, 42.2282679 ], [ -4.1909585, 42.1810121 ], [ -4.2054189, 42.1346134 ], [ -4.1202156, 42.1281278 ], [ -4.0562067, 42.1009138 ], [ -4.1041064, 42.0616267 ], [ -3.9801766, 42.0430453 ], [ -4.0147755, 41.9985852 ], [ -3.9806999, 41.9006165 ], [ -4.0888251, 41.8706497 ], [ -4.0900674, 41.8308642 ], [ -4.0408766, 41.768354 ], [ -4.1514838, 41.7984723 ], [ -4.2602342, 41.8052574 ], [ -4.3184186, 41.7667855 ], [ -4.4039628, 41.783173 ], [ -4.4433086, 41.7583135 ], [ -4.493655, 41.780358 ], [ -4.4873414, 41.8200964 ], [ -4.5720988, 41.8158609 ], [ -4.6696781, 41.9005062 ], [ -4.7892481, 41.8180244 ], [ -4.8382679, 41.898533 ], [ -4.8897774, 41.9327849 ], [ -5.0048498, 41.9379469 ], [ -4.9496998, 42.0510161 ], [ -4.9167593, 42.0783108 ], [ -4.9274981, 42.1502153 ], [ -5.0085361, 42.148653 ], [ -5.0246672, 42.2198937 ], [ -5.0021412, 42.2891291 ], [ -4.903396, 42.3856505 ], [ -4.8879867, 42.5370277 ], [ -4.9145125, 42.5447192 ], [ -4.8744066, 42.7097016 ], [ -4.9363601, 42.7444669 ], [ -4.855501, 42.8917074 ], [ -4.8137562, 42.9240833 ], [ -4.7953198, 42.9858687 ], [ -4.7370038, 43.020987 ], [ -4.5601252, 43.0207796 ], [ -4.5209319, 43.0473675 ], [ -4.4424789, 43.0559022 ], [ -4.3981139, 43.0348677 ], [ -4.3484849, 42.9725812 ], [ -4.2402491, 42.9565335 ], [ -4.2257, 42.8588843 ], [ -4.1854295, 42.8172971 ], [ -4.0813396, 42.7614641 ] ] ] ] } },
{ "type": "Feature", "properties": { "POLYGON_ID": "ESP_GAUL2012_ADM2_25796", "ADM0_ISO3": "ESP", "ADM0_NAME": "Spain", "ADM0_CODE": 229, "ADM1_NAME": "Castilla y León", "ADM1_CODE": 2722, "ADM2_NAME": "Salamanca", "ADM2_CODE": 25796, "GEOSET": "GAUL", "GEOSET_YEAR": 2012.0, "GEOSET_VERSION": "GAUL_v1", "GEOSET_UNIT": "ADM2", "CENTROID_LONG": -6.0601505651915817, "CENTROID_LAT": 40.80626633661408 }, "geometry": { "type": "MultiPolygon", "coordinates": [ [ [ [ -5.2887437, 41.1819918 ], [ -5.2529678, 41.1997747 ], [ -5.1249292, 41.1320451 ], [ -5.1465432, 41.0436421 ], [ -5.0915752, 40.9943187 ], [ -5.1281712, 40.9485753 ], [ -5.1112159, 40.9149286 ], [ -5.1626215, 40.8680011 ], [ -5.1574715, 40.8241133 ], [ -5.2928437, 40.7102663 ], [ -5.3791654, 40.6764967 ], [ -5.3829542, 40.6207604 ], [ -5.4310764, 40.5672337 ], [ -5.4604539, 40.4740401 ], [ -5.5447531, 40.4230954 ], [ -5.5897985, 40.4672498 ], [ -5.6911893, 40.4219936 ], [ -5.6883289, 40.33856 ], [ -5.7375619, 40.2941233 ], [ -5.794959, 40.3512263 ], [ -5.8842447, 40.3266045 ], [ -5.9208398, 40.2809014 ], [ -6.0053199, 40.3053708 ], [ -6.0160166, 40.3402923 ], [ -6.0823783, 40.3632118 ], [ -6.0731553, 40.4004223 ], [ -6.1577303, 40.4569736 ], [ -6.2399356, 40.4858591 ], [ -6.3333726, 40.447767 ], [ -6.3751824, 40.4003129 ], [ -6.536284, 40.3472443 ], [ -6.587022, 40.2707212 ], [ -6.7182247, 40.2692394 ], [ -6.7555505, 40.246265 ], [ -6.8601108, 40.266174 ], [ -6.85794, 40.26695 ], [ -6.8184094, 40.3212327 ], [ -6.80388, 40.32661 ], [ -6.79497, 40.32816 ], [ -6.7897, 40.33124 ], [ -6.7888091, 40.3379461 ], [ -6.7984411, 40.3797618 ], [ -6.80131, 40.38177 ], [ -6.83365, 40.43416 ], [ -6.84039, 40.44706 ], [ -6.8304814, 40.4719575 ], [ -6.8304849, 40.471962 ], [ -6.81653, 40.48391 ], [ -6.8137181, 40.4892479 ], [ -6.8020142, 40.5081101 ], [ -6.79978, 40.51056 ], [ -6.7950408, 40.5122597 ], [ -6.79063, 40.52332 ], [ -6.7896, 40.53254 ], [ -6.79649, 40.54562 ], [ -6.8029111, 40.5524798 ], [ -6.80436, 40.61682 ], [ -6.8017944, 40.6219885 ], [ -6.79289, 40.64953 ], [ -6.79952, 40.66747 ], [ -6.82718, 40.75316 ], [ -6.82344, 40.76809 ], [ -6.822504, 40.7861862 ], [ -6.8204062, 40.7928003 ], [ -6.81594, 40.8069 ], [ -6.8182902, 40.8424883 ], [ -6.81737, 40.84371 ], [ -6.8036029, 40.845492 ], [ -6.8027233, 40.8457221 ], [ -6.7982714, 40.8481693 ], [ -6.7984777, 40.8502729 ], [ -6.79915, 40.85708 ], [ -6.803877, 40.8752594 ], [ -6.8046, 40.87804 ], [ -6.80833, 40.88186 ], [ -6.810084, 40.882288 ], [ -6.81083, 40.88247 ], [ -6.8136669, 40.8831566 ], [ -6.8498263, 40.939647 ], [ -6.8566336, 40.9542434 ], [ -6.92857, 41.0274 ], [ -6.93036, 41.034 ], [ -6.92031, 41.03762 ], [ -6.9169805, 41.0384461 ], [ -6.91503, 41.03893 ], [ -6.90188, 41.03756 ], [ -6.85964, 41.03166 ], [ -6.849093, 41.0327823 ], [ -6.8203064, 41.0383727 ], [ -6.81206, 41.04177 ], [ -6.80675, 41.04417 ], [ -6.8015488, 41.0501403 ], [ -6.7933163, 41.0577059 ], [ -6.78244, 41.06571 ], [ -6.774459, 41.0806514 ], [ -6.755998, 41.1039751 ], [ -6.75411, 41.10602 ], [ -6.76531, 41.13299 ], [ -6.74887, 41.142 ], [ -6.70114, 41.17915 ], [ -6.69287, 41.19531 ], [ -6.6879, 41.20067 ], [ -6.6821813, 41.2081909 ], [ -6.6373118, 41.2427135 ], [ -6.63427, 41.24371 ], [ -6.6321697, 41.2440087 ], [ -6.6233, 41.24527 ], [ -6.58883, 41.23744 ], [ -6.581017, 41.2376976 ], [ -6.57518, 41.23789 ], [ -6.57048, 41.23767 ], [ -6.5622954, 41.2428631 ], [ -6.5584, 41.2464 ], [ -6.5438535, 41.2562346 ], [ -6.5174707, 41.2629079 ], [ -6.5067, 41.26593 ], [ -6.478653, 41.2881636 ], [ -6.477556, 41.2875759 ], [ -6.4702515, 41.2874004 ], [ -6.4647801, 41.2864397 ], [ -6.455513, 41.291825 ], [ -6.4465094, 41.2843413 ], [ -6.424479, 41.2797312 ], [ -6.3913675, 41.2789206 ], [ -6.3722764, 41.2862997 ], [ -6.1344988, 41.1903869 ], [ -6.1093102, 41.2126132 ], [ -6.0088347, 41.2004981 ], [ -6.0025672, 41.153136 ], [ -5.9338676, 41.1514577 ], [ -5.8976737, 41.2385924 ], [ -5.7643778, 41.2160869 ], [ -5.6789402, 41.2318702 ], [ -5.4965816, 41.1773297 ], [ -5.4075945, 41.1855932 ], [ -5.4015521, 41.1478004 ], [ -5.2978581, 41.1258769 ], [ -5.2887437, 41.1819918 ] ] ] ] } },
{ "type": "Feature", "properties": { "POLYGON_ID": "ESP_GAUL2012_ADM2_25797", "ADM0_ISO3": "ESP", "ADM0_NAME": "Spain", "ADM0_CODE": 229, "ADM1_NAME": "Castilla y León", "ADM1_CODE": 2722, "ADM2_NAME": "Segovia", "ADM2_CODE": 25797, "GEOSET": "GAUL", "GEOSET_YEAR": 2012.0, "GEOSET_VERSION": "GAUL_v1", "GEOSET_UNIT": "ADM2", "CENTROID_LONG": -4.0528476575645946, "CENTROID_LAT": 41.170620076415801 }, "geometry": { "type": "MultiPolygon", "coordinates": [ [ [ [ -3.5415674, 41.5776072 ], [ -3.5349092, 41.5486632 ], [ -3.424032, 41.4827291 ], [ -3.3389546, 41.4529406 ], [ -3.3292183, 41.3762683 ], [ -3.2073512, 41.3042357 ], [ -3.2542643, 41.2583832 ], [ -3.3942272, 41.2569841 ], [ -3.4079276, 41.2119695 ], [ -3.5397222, 41.1650411 ], [ -3.6137027, 41.1490526 ], [ -3.6795374, 41.0842304 ], [ -3.7139892, 41.073208 ], [ -3.7813661, 41.0003119 ], [ -3.8790395, 40.9752017 ], [ -3.9522762, 40.8936319 ], [ -3.9799588, 40.7993865 ], [ -4.0700915, 40.7939154 ], [ -4.1602343, 40.6898228 ], [ -4.2741579, 40.6770905 ], [ -4.3195099, 40.6476437 ], [ -4.4196226, 40.6334277 ], [ -4.4314801, 40.7428304 ], [ -4.4746333, 40.7768603 ], [ -4.493218, 40.8304717 ], [ -4.5353133, 40.872374 ], [ -4.566352, 40.956199 ], [ -4.606748, 40.9708034 ], [ -4.6381518, 41.0286419 ], [ -4.7165128, 41.071585 ], [ -4.7221018, 41.1493181 ], [ -4.6363516, 41.1906069 ], [ -4.623935, 41.2343423 ], [ -4.5574969, 41.3026526 ], [ -4.4939101, 41.3264102 ], [ -4.5152781, 41.39409 ], [ -4.4106155, 41.4416474 ], [ -4.2334945, 41.4557368 ], [ -3.9999043, 41.5161028 ], [ -3.9806666, 41.5833726 ], [ -3.8637047, 41.5289693 ], [ -3.8238777, 41.4811343 ], [ -3.7324061, 41.4698897 ], [ -3.7283047, 41.5176382 ], [ -3.645573, 41.5718128 ], [ -3.5415674, 41.5776072 ] ] ] ] } },
{ "type": "Feature", "properties": { "POLYGON_ID": "ESP_GAUL2012_ADM2_25798", "ADM0_ISO3": "ESP", "ADM0_NAME": "Spain", "ADM0_CODE": 229, "ADM1_NAME": "Castilla y León", "ADM1_CODE": 2722, "ADM2_NAME": "Soria", "ADM2_CODE": 25798, "GEOSET": "GAUL", "GEOSET_YEAR": 2012.0, "GEOSET_VERSION": "GAUL_v1", "GEOSET_UNIT": "ADM2", "CENTROID_LONG": -2.5886251344654916, "CENTROID_LAT": 41.618800946083297 }, "geometry": { "type": "MultiPolygon", "coordinates": [ [ [ [ -1.8565412, 41.9664022 ], [ -1.8572812, 41.9095155 ], [ -1.8185624, 41.8299544 ], [ -1.8524078, 41.7885054 ], [ -1.7877718, 41.7341344 ], [ -1.8131145, 41.6605609 ], [ -1.8589908, 41.66153 ], [ -1.9231004, 41.5983345 ], [ -1.9930298, 41.6007966 ], [ -1.9673345, 41.5460667 ], [ -1.9811115, 41.4864352 ], [ -1.9536855, 41.4086349 ], [ -2.0292704, 41.3841578 ], [ -2.0356232, 41.4268888 ], [ -2.1015204, 41.4457888 ], [ -2.1197917, 41.3799952 ], [ -2.1704868, 41.3188322 ], [ -2.1462416, 41.1843949 ], [ -2.0516933, 41.146849 ], [ -2.0656222, 41.0957893 ], [ -2.1752981, 41.0837549 ], [ -2.2321466, 41.0970115 ], [ -2.3234072, 41.0565078 ], [ -2.4694663, 41.07811 ], [ -2.5175454, 41.1481157 ], [ -2.6169695, 41.2194356 ], [ -2.7095461, 41.2519809 ], [ -2.7779752, 41.2520159 ], [ -2.8664935, 41.2747798 ], [ -2.8754555, 41.3213779 ], [ -3.0619009, 41.273427 ], [ -3.2073512, 41.3042357 ], [ -3.3292183, 41.3762683 ], [ -3.3389546, 41.4529406 ], [ -3.424032, 41.4827291 ], [ -3.5349092, 41.5486632 ], [ -3.5415674, 41.5776072 ], [ -3.4596815, 41.5892697 ], [ -3.3543847, 41.7372536 ], [ -3.2754539, 41.7686707 ], [ -3.2890075, 41.8424624 ], [ -3.1340875, 41.815953 ], [ -3.0918061, 41.8759017 ], [ -3.0167711, 41.8869064 ], [ -2.9136238, 42.0228521 ], [ -2.8838258, 42.0094871 ], [ -2.7983353, 42.0473309 ], [ -2.774851, 42.1235359 ], [ -2.708421, 42.0862879 ], [ -2.7557449, 42.0239295 ], [ -2.6846519, 42.0006624 ], [ -2.579909, 41.9962638 ], [ -2.5520328, 42.0456046 ], [ -2.4384616, 42.1372681 ], [ -2.3182049, 42.1451806 ], [ -2.1619128, 42.0667337 ], [ -2.1170083, 42.0215083 ], [ -2.1160963, 41.9635711 ], [ -2.0283144, 41.9533864 ], [ -1.9814424, 41.919034 ], [ -1.8565412, 41.9664022 ] ] ] ] } },
{ "type": "Feature", "properties": { "POLYGON_ID": "ESP_GAUL2012_ADM2_25799", "ADM0_ISO3": "ESP", "ADM0_NAME": "Spain", "ADM0_CODE": 229, "ADM1_NAME": "Castilla y León", "ADM1_CODE": 2722, "ADM2_NAME": "Valladolid", "ADM2_CODE": 25799, "GEOSET": "GAUL", "GEOSET_YEAR": 2012.0, "GEOSET_VERSION": "GAUL_v1", "GEOSET_UNIT": "ADM2", "CENTROID_LONG": -4.8447094111874405, "CENTROID_LAT": 41.631968173794107 }, "geometry": { "type": "MultiPolygon", "coordinates": [ [ [ [ -5.0021412, 42.2891291 ], [ -5.0246672, 42.2198937 ], [ -5.0085361, 42.148653 ], [ -4.9274981, 42.1502153 ], [ -4.9167593, 42.0783108 ], [ -4.9496998, 42.0510161 ], [ -5.0048498, 41.9379469 ], [ -4.8897774, 41.9327849 ], [ -4.8382679, 41.898533 ], [ -4.7892481, 41.8180244 ], [ -4.6696781, 41.9005062 ], [ -4.5720988, 41.8158609 ], [ -4.4873414, 41.8200964 ], [ -4.493655, 41.780358 ], [ -4.4433086, 41.7583135 ], [ -4.4039628, 41.783173 ], [ -4.3184186, 41.7667855 ], [ -4.2602342, 41.8052574 ], [ -4.1514838, 41.7984723 ], [ -4.0408766, 41.768354 ], [ -4.076701, 41.733565 ], [ -4.0263721, 41.6929818 ], [ -4.035283, 41.6206231 ], [ -3.9806666, 41.5833726 ], [ -3.9999043, 41.5161028 ], [ -4.2334945, 41.4557368 ], [ -4.4106155, 41.4416474 ], [ -4.5152781, 41.39409 ], [ -4.4939101, 41.3264102 ], [ -4.5574969, 41.3026526 ], [ -4.623935, 41.2343423 ], [ -4.6363516, 41.1906069 ], [ -4.7221018, 41.1493181 ], [ -4.7861877, 41.143559 ], [ -4.8279578, 41.0991544 ], [ -4.8721096, 41.0978869 ], [ -4.9897355, 41.1608048 ], [ -5.1249292, 41.1320451 ], [ -5.2529678, 41.1997747 ], [ -5.2887437, 41.1819918 ], [ -5.2972683, 41.2923441 ], [ -5.3221201, 41.3263319 ], [ -5.3418701, 41.4741626 ], [ -5.2301124, 41.5271735 ], [ -5.3288938, 41.6159192 ], [ -5.3273537, 41.6805266 ], [ -5.3913837, 41.7605111 ], [ -5.279623, 41.8134524 ], [ -5.3064735, 41.8578383 ], [ -5.2806494, 41.9788 ], [ -5.3762938, 42.0414661 ], [ -5.3715239, 42.1300641 ], [ -5.3881025, 42.2214432 ], [ -5.3115668, 42.1995707 ], [ -5.265644, 42.2108986 ], [ -5.2446872, 42.2638683 ], [ -5.1979054, 42.2605425 ], [ -5.0937539, 42.309295 ], [ -5.0021412, 42.2891291 ] ] ], [ [ [ -5.4215879, 42.0306754 ], [ -5.4382791, 41.96739 ], [ -5.5208908, 42.0971396 ], [ -5.4809234, 42.0524251 ], [ -5.4215879, 42.0306754 ] ] ] ] } },
{ "type": "Feature", "properties": { "POLYGON_ID": "ESP_GAUL2012_ADM2_25800", "ADM0_ISO3": "ESP", "ADM0_NAME": "Spain", "ADM0_CODE": 229, "ADM1_NAME": "Castilla y León", "ADM1_CODE": 2722, "ADM2_NAME": "Zamora", "ADM2_CODE": 25800, "GEOSET": "GAUL", "GEOSET_YEAR": 2012.0, "GEOSET_VERSION": "GAUL_v1", "GEOSET_UNIT": "ADM2", "CENTROID_LONG": -5.9783340258737407, "CENTROID_LAT": 41.725607663813278 }, "geometry": { "type": "MultiPolygon", "coordinates": [ [ [ [ -5.5208908, 42.0971396 ], [ -5.4382791, 41.96739 ], [ -5.4215879, 42.0306754 ], [ -5.3762938, 42.0414661 ], [ -5.2806494, 41.9788 ], [ -5.3064735, 41.8578383 ], [ -5.279623, 41.8134524 ], [ -5.3913837, 41.7605111 ], [ -5.3273537, 41.6805266 ], [ -5.3288938, 41.6159192 ], [ -5.2301124, 41.5271735 ], [ -5.3418701, 41.4741626 ], [ -5.3221201, 41.3263319 ], [ -5.2972683, 41.2923441 ], [ -5.2887437, 41.1819918 ], [ -5.2978581, 41.1258769 ], [ -5.4015521, 41.1478004 ], [ -5.4075945, 41.1855932 ], [ -5.4965816, 41.1773297 ], [ -5.6789402, 41.2318702 ], [ -5.7643778, 41.2160869 ], [ -5.8976737, 41.2385924 ], [ -5.9338676, 41.1514577 ], [ -6.0025672, 41.153136 ], [ -6.0088347, 41.2004981 ], [ -6.1093102, 41.2126132 ], [ -6.1344988, 41.1903869 ], [ -6.3722764, 41.2862997 ], [ -6.3913675, 41.2789206 ], [ -6.424479, 41.2797312 ], [ -6.4465094, 41.2843413 ], [ -6.455513, 41.291825 ], [ -6.4647801, 41.2864397 ], [ -6.4702515, 41.2874004 ], [ -6.477556, 41.2875759 ], [ -6.478653, 41.2881636 ], [ -6.4728842, 41.2927366 ], [ -6.4571, 41.30136 ], [ -6.44058, 41.30713 ], [ -6.4340478, 41.311649 ], [ -6.42838, 41.31557 ], [ -6.4250209, 41.3236341 ], [ -6.42214, 41.33055 ], [ -6.41067, 41.34332 ], [ -6.410665, 41.3433224 ], [ -6.39599, 41.3502 ], [ -6.3888819, 41.3553728 ], [ -6.38144, 41.36211 ], [ -6.3821458, 41.364458 ], [ -6.3921781, 41.3806586 ], [ -6.39016, 41.38933 ], [ -6.32922, 41.39567 ], [ -6.3253, 41.40786 ], [ -6.3207406, 41.4138433 ], [ -6.31491, 41.41717 ], [ -6.30562, 41.44432 ], [ -6.30267, 41.44957 ], [ -6.3006988, 41.4529503 ], [ -6.29699, 41.45923 ], [ -6.27125, 41.49571 ], [ -6.2624009, 41.5008451 ], [ -6.25569, 41.5062 ], [ -6.25413, 41.51789 ], [ -6.2541253, 41.517893 ], [ -6.23106, 41.53282 ], [ -6.2160401, 41.5554398 ], [ -6.21229, 41.55644 ], [ -6.20793, 41.56451 ], [ -6.1954459, 41.5737983 ], [ -6.1826909, 41.5783797 ], [ -6.2848315, 41.6596903 ], [ -6.30785, 41.66437 ], [ -6.3595051, 41.677582 ], [ -6.368, 41.67646 ], [ -6.3680061, 41.6764605 ], [ -6.3983079, 41.6810929 ], [ -6.40934, 41.68105 ], [ -6.4376, 41.68722 ], [ -6.4478026, 41.6752549 ], [ -6.45265, 41.66957 ], [ -6.45807, 41.66719 ], [ -6.4813647, 41.6616339 ], [ -6.5451722, 41.6908602 ], [ -6.5545001, 41.6915932 ], [ -6.5531229, 41.6939504 ], [ -6.54971, 41.6998 ], [ -6.5448743, 41.7080685 ], [ -6.549392, 41.7242557 ], [ -6.55189, 41.73181 ], [ -6.5543278, 41.733774 ], [ -6.5571908, 41.7360823 ], [ -6.55919, 41.74224 ], [ -6.5634182, 41.7445184 ], [ -6.5691, 41.74758 ], [ -6.55634, 41.76082 ], [ -6.55047, 41.76938 ], [ -6.5484364, 41.7787239 ], [ -6.54667, 41.78684 ], [ -6.54417, 41.79604 ], [ -6.53945, 41.80206 ], [ -6.5394116, 41.8022241 ], [ -6.53671, 41.81377 ], [ -6.53107, 41.81981 ], [ -6.5300395, 41.8249277 ], [ -6.52811, 41.83451 ], [ -6.5286984, 41.8376797 ], [ -6.52917, 41.84022 ], [ -6.52235, 41.85932 ], [ -6.52321, 41.86137 ], [ -6.51733, 41.86926 ], [ -6.5234, 41.8744949 ], [ -6.53509, 41.87902 ], [ -6.54445, 41.92372 ], [ -6.54193, 41.93131 ], [ -6.55123, 41.9442 ], [ -6.5525259, 41.9457546 ], [ -6.56175, 41.95682 ], [ -6.57148, 41.96747 ], [ -6.5749004, 41.9678478 ], [ -6.5799, 41.9684 ], [ -6.5811714, 41.9589734 ], [ -6.61283, 41.94355 ], [ -6.6359081, 41.9414251 ], [ -6.67451, 41.93645 ], [ -6.68987, 41.9373 ], [ -6.7597869, 41.9778862 ], [ -6.76787, 41.98524 ], [ -6.7776091, 41.9883117 ], [ -6.78579, 41.98878 ], [ -6.81364, 41.94926 ], [ -6.8248321, 41.9454547 ], [ -6.8256412, 41.9451799 ], [ -6.84462, 41.94434 ], [ -6.8535671, 41.9452272 ], [ -6.85515, 41.94416 ], [ -6.8773396, 41.9394155 ], [ -6.88273, 41.93852 ], [ -6.89449, 41.94148 ], [ -6.9091586, 41.9413344 ], [ -6.930481, 41.945351 ], [ -6.93579, 41.94725 ], [ -6.96616, 41.97179 ], [ -6.97647, 41.96859 ], [ -6.9839023, 41.9621409 ], [ -6.9858151, 41.9714379 ], [ -6.9860398, 41.9725299 ], [ -6.986647, 41.9758953 ], [ -6.9864156, 41.9787192 ], [ -6.9916563, 41.9860537 ], [ -6.9664494, 42.0238493 ], [ -7.0335847, 42.0742351 ], [ -6.9445523, 42.1416805 ], [ -6.9383153, 42.1774353 ], [ -6.8868917, 42.214354 ], [ -6.7843185, 42.253618 ], [ -6.7037921, 42.209373 ], [ -6.638648, 42.217296 ], [ -6.4782484, 42.1822254 ], [ -6.4278951, 42.2019418 ], [ -6.3278604, 42.2003973 ], [ -6.2123951, 42.1480766 ], [ -6.1055211, 42.1619899 ], [ -6.0287781, 42.1575953 ], [ -5.9743013, 42.1302046 ], [ -5.9116012, 42.1405855 ], [ -5.8380747, 42.1187722 ], [ -5.7432295, 42.1134257 ], [ -5.6429128, 42.1305594 ], [ -5.5801694, 42.0584494 ], [ -5.5208908, 42.0971396 ] ] ] ] } },
{ "type": "Feature", "properties": { "POLYGON_ID": "ESP_GAUL2012_ADM2_25806", "ADM0_ISO3": "ESP", "ADM0_NAME": "Spain", "ADM0_CODE": 229, "ADM1_NAME": "Cataluña\/Catalunya", "ADM1_CODE": 2724, "ADM2_NAME": "Barcelona", "ADM2_CODE": 25806, "GEOSET": "GAUL", "GEOSET_YEAR": 2012.0, "GEOSET_VERSION": "GAUL_v1", "GEOSET_UNIT": "ADM2", "CENTROID_LONG": 1.9808542007786101, "CENTROID_LAT": 41.732738637961035 }, "geometry": { "type": "MultiPolygon", "coordinates": [ [ [ [ 2.7587488, 41.6765401 ], [ 2.7769321, 41.6521121 ], [ 2.7772232, 41.6515468 ], [ 2.4756529, 41.5515251 ], [ 2.361901, 41.4922791 ], [ 2.256634, 41.4544334 ], [ 2.162035, 41.3592949 ], [ 2.118542, 41.2973289 ], [ 2.023891, 41.2712402 ], [ 1.913936, 41.2598114 ], [ 1.848051, 41.2372856 ], [ 1.6434564, 41.197872 ], [ 1.6219874, 41.2549322 ], [ 1.5368151, 41.3853589 ], [ 1.4901651, 41.4014827 ], [ 1.4845615, 41.474922 ], [ 1.4046056, 41.506606 ], [ 1.4467226, 41.5523883 ], [ 1.3928478, 41.575092 ], [ 1.3596215, 41.6135376 ], [ 1.4483186, 41.6361003 ], [ 1.3819233, 41.705755 ], [ 1.4263128, 41.8018773 ], [ 1.5483179, 41.7704469 ], [ 1.5998273, 41.7890315 ], [ 1.6303068, 41.8587801 ], [ 1.6159228, 41.9059989 ], [ 1.7147889, 41.9812479 ], [ 1.6486791, 42.0033347 ], [ 1.6983115, 42.1342271 ], [ 1.7379539, 42.1894594 ], [ 1.6916577, 42.2844704 ], [ 1.842481, 42.3063083 ], [ 1.9031201, 42.3233011 ], [ 1.9838285, 42.2980705 ], [ 2.0285845, 42.2533669 ], [ 2.0575593, 42.1746064 ], [ 2.1435704, 42.1309188 ], [ 2.2144429, 42.1419206 ], [ 2.3660249, 42.1213498 ], [ 2.4090328, 42.0704899 ], [ 2.4962914, 42.0589093 ], [ 2.4999122, 42.0080522 ], [ 2.4071177, 41.8957208 ], [ 2.325989, 41.8556631 ], [ 2.3542976, 41.8071151 ], [ 2.4365292, 41.8028809 ], [ 2.5473084, 41.7190686 ], [ 2.724803, 41.7443153 ], [ 2.765797, 41.7241986 ], [ 2.7587488, 41.6765401 ] ] ] ] } },
{ "type": "Feature", "properties": { "POLYGON_ID": "ESP_GAUL2012_ADM2_25807", "ADM0_ISO3": "ESP", "ADM0_NAME": "Spain", "ADM0_CODE": 229, "ADM1_NAME": "Cataluña\/Catalunya", "ADM1_CODE": 2724, "ADM2_NAME": "Girona", "ADM2_CODE": 25807, "GEOSET": "GAUL", "GEOSET_YEAR": 2012.0, "GEOSET_VERSION": "GAUL_v1", "GEOSET_UNIT": "ADM2", "CENTROID_LONG": 2.6694874804211803, "CENTROID_LAT": 42.130763388916044 }, "geometry": { "type": "MultiPolygon", "coordinates": [ [ [ [ 1.76419, 42.48986 ], [ 1.8237899, 42.49012 ], [ 1.85578, 42.46991 ], [ 1.89381, 42.4522 ], [ 1.90244, 42.45166 ], [ 1.91208, 42.45593 ], [ 1.92389, 42.45494 ], [ 1.9339551, 42.4489511 ], [ 1.9368362, 42.4468016 ], [ 1.94562, 42.43867 ], [ 1.9503489, 42.4280399 ], [ 1.95273, 42.42468 ], [ 1.96106, 42.40443 ], [ 1.96002, 42.39249 ], [ 1.9655, 42.38287 ], [ 2.00644, 42.36222 ], [ 2.0132665, 42.3606271 ], [ 2.0329, 42.35859 ], [ 2.04726, 42.35953 ], [ 2.07002, 42.36361 ], [ 2.09281, 42.3732 ], [ 2.0949356, 42.3746514 ], [ 2.11097, 42.3856 ], [ 2.13257, 42.41157 ], [ 2.15068, 42.42604 ], [ 2.20527, 42.41885 ], [ 2.21911, 42.42258 ], [ 2.22835, 42.42879 ], [ 2.2360863, 42.4313481 ], [ 2.2396885, 42.4325216 ], [ 2.25966, 42.43513 ], [ 2.2928836, 42.4319753 ], [ 2.33391, 42.41806 ], [ 2.3413357, 42.4151267 ], [ 2.34596, 42.4133 ], [ 2.34861, 42.41225 ], [ 2.41726, 42.39427 ], [ 2.44049, 42.37366 ], [ 2.4467, 42.37002 ], [ 2.44912, 42.36649 ], [ 2.4697479, 42.3574942 ], [ 2.53576, 42.34432 ], [ 2.56244, 42.35723 ], [ 2.5704641, 42.3572608 ], [ 2.57546, 42.35728 ], [ 2.5863389, 42.3559301 ], [ 2.60415, 42.35372 ], [ 2.63838, 42.34496 ], [ 2.64737, 42.34395 ], [ 2.65916, 42.34262 ], [ 2.67142, 42.34408 ], [ 2.67799, 42.34708 ], [ 2.67459, 42.3595 ], [ 2.65935, 42.37158 ], [ 2.65418, 42.3848 ], [ 2.65818, 42.38958 ], [ 2.66647, 42.39385 ], [ 2.6785119, 42.4028484 ], [ 2.68562, 42.40816 ], [ 2.70346, 42.41682 ], [ 2.71525, 42.41906 ], [ 2.74425, 42.42299 ], [ 2.768325, 42.4185891 ], [ 2.77669, 42.41706 ], [ 2.7820574, 42.4171097 ], [ 2.79719, 42.41725 ], [ 2.81341, 42.43497 ], [ 2.8488326, 42.4603851 ], [ 2.86641, 42.46598 ], [ 2.8861206, 42.4637918 ], [ 2.91933, 42.46456 ], [ 2.9396783, 42.4735331 ], [ 2.95654, 42.4745 ], [ 2.9649694, 42.4716802 ], [ 2.9688082, 42.4725204 ], [ 3.0, 42.47935 ], [ 3.0378621, 42.4752104 ], [ 3.04039, 42.47017 ], [ 3.04513, 42.46174 ], [ 3.04749, 42.45988 ], [ 3.09288, 42.4352 ], [ 3.1648159, 42.4407921 ], [ 3.1594582, 42.3710632 ], [ 3.260216, 42.3505211 ], [ 3.3010421, 42.3213882 ], [ 3.2707062, 42.263176 ], [ 3.168164, 42.2723236 ], [ 3.1208909, 42.2482834 ], [ 3.1146209, 42.1464157 ], [ 3.203084, 42.0770149 ], [ 3.1920152, 41.9925346 ], [ 3.225697, 41.9551277 ], [ 3.165622, 41.8671875 ], [ 3.095448, 41.8470078 ], [ 3.053781, 41.7966423 ], [ 3.0, 41.7760963 ], [ 2.909734, 41.7089653 ], [ 2.7587488, 41.6765401 ], [ 2.765797, 41.7241986 ], [ 2.724803, 41.7443153 ], [ 2.5473084, 41.7190686 ], [ 2.4365292, 41.8028809 ], [ 2.3542976, 41.8071151 ], [ 2.325989, 41.8556631 ], [ 2.4071177, 41.8957208 ], [ 2.4999122, 42.0080522 ], [ 2.4962914, 42.0589093 ], [ 2.4090328, 42.0704899 ], [ 2.3660249, 42.1213498 ], [ 2.2144429, 42.1419206 ], [ 2.1435704, 42.1309188 ], [ 2.0575593, 42.1746064 ], [ 2.0285845, 42.2533669 ], [ 1.9838285, 42.2980705 ], [ 1.9031201, 42.3233011 ], [ 1.842481, 42.3063083 ], [ 1.7946223, 42.4308661 ], [ 1.7319205, 42.4403834 ], [ 1.7266031, 42.5015103 ], [ 1.73168, 42.49767 ], [ 1.755751, 42.4918874 ], [ 1.76419, 42.48986 ] ] ], [ [ [ 2.00221, 42.44934 ], [ 1.96779, 42.45217 ], [ 1.96083, 42.4537039 ], [ 1.96053, 42.45377 ], [ 1.9510813, 42.4586112 ], [ 1.9854692, 42.4958651 ], [ 1.984877, 42.4923242 ], [ 1.98655, 42.46709 ], [ 1.9976863, 42.4611051 ], [ 2.00058, 42.45955 ], [ 2.00221, 42.44934 ] ] ] ] } },
{ "type": "Feature", "properties": { "POLYGON_ID": "ESP_GAUL2012_ADM2_25808", "ADM0_ISO3": "ESP", "ADM0_NAME": "Spain", "ADM0_CODE": 229, "ADM1_NAME": "Cataluña\/Catalunya", "ADM1_CODE": 2724, "ADM2_NAME": "Lleida", "ADM2_CODE": 25808, "GEOSET": "GAUL", "GEOSET_YEAR": 2012.0, "GEOSET_VERSION": "GAUL_v1", "GEOSET_UNIT": "ADM2", "CENTROID_LONG": 1.0463104735827555, "CENTROID_LAT": 42.044065926771317 }, "geometry": { "type": "MultiPolygon", "coordinates": [ [ [ [ 0.93558, 42.79358 ], [ 0.94117, 42.7952 ], [ 0.9421066, 42.7958108 ], [ 0.95704, 42.80555 ], [ 0.9621091, 42.8061143 ], [ 0.97283, 42.79791 ], [ 0.9749518, 42.7935111 ], [ 0.97529, 42.79281 ], [ 0.9816809, 42.7909615 ], [ 0.99479, 42.78717 ], [ 1.0023156, 42.7867759 ], [ 1.01045, 42.78635 ], [ 1.0290951, 42.7874736 ], [ 1.03866, 42.78805 ], [ 1.04869, 42.7852 ], [ 1.08605, 42.78387 ], [ 1.09676, 42.77748 ], [ 1.12059, 42.75696 ], [ 1.1289882, 42.7469195 ], [ 1.13247, 42.7375 ], [ 1.14097, 42.72511 ], [ 1.16033, 42.7127 ], [ 1.17187, 42.71082 ], [ 1.17821, 42.71132 ], [ 1.19573, 42.7171 ], [ 1.1993811, 42.718306 ], [ 1.20569, 42.72039 ], [ 1.2218253, 42.7236217 ], [ 1.22641, 42.72454 ], [ 1.2369078, 42.7235412 ], [ 1.25415, 42.71882 ], [ 1.28614, 42.72131 ], [ 1.33522, 42.72123 ], [ 1.3362106, 42.7211918 ], [ 1.34793, 42.72074 ], [ 1.3557418, 42.7174115 ], [ 1.35598, 42.71731 ], [ 1.3579934, 42.7150304 ], [ 1.38649, 42.69034 ], [ 1.4133008, 42.6556667 ], [ 1.4152698, 42.6531203 ], [ 1.43992, 42.60649 ], [ 1.43554, 42.59733 ], [ 1.42682, 42.58818 ], [ 1.4293813, 42.5830617 ], [ 1.43273, 42.57637 ], [ 1.4310093, 42.5705053 ], [ 1.4221, 42.55493 ], [ 1.4236577, 42.5437984 ], [ 1.4289596, 42.5403101 ], [ 1.44156, 42.54211 ], [ 1.44795, 42.54083 ], [ 1.46359, 42.52134 ], [ 1.46437, 42.51693 ], [ 1.4636107, 42.5141077 ], [ 1.4635366, 42.513832 ], [ 1.4591, 42.5075118 ], [ 1.4321596, 42.4907688 ], [ 1.4310189, 42.4827941 ], [ 1.4377103, 42.4770098 ], [ 1.44837, 42.4678 ], [ 1.54841, 42.44017 ], [ 1.553561, 42.4433498 ], [ 1.5717229, 42.4545648 ], [ 1.57185, 42.45464 ], [ 1.58946, 42.45343 ], [ 1.60348, 42.46021 ], [ 1.62854, 42.46825 ], [ 1.64644, 42.47006 ], [ 1.66452, 42.48515 ], [ 1.6693549, 42.5019796 ], [ 1.67082, 42.50329 ], [ 1.67469, 42.50311 ], [ 1.6824757, 42.4990277 ], [ 1.69277, 42.49363 ], [ 1.6989924, 42.4928416 ], [ 1.7235097, 42.5038498 ], [ 1.7246217, 42.5030091 ], [ 1.7266031, 42.5015103 ], [ 1.7319205, 42.4403834 ], [ 1.7946223, 42.4308661 ], [ 1.842481, 42.3063083 ], [ 1.6916577, 42.2844704 ], [ 1.7379539, 42.1894594 ], [ 1.6983115, 42.1342271 ], [ 1.6486791, 42.0033347 ], [ 1.7147889, 41.9812479 ], [ 1.6159228, 41.9059989 ], [ 1.6303068, 41.8587801 ], [ 1.5998273, 41.7890315 ], [ 1.5483179, 41.7704469 ], [ 1.4263128, 41.8018773 ], [ 1.3819233, 41.705755 ], [ 1.4483186, 41.6361003 ], [ 1.3596215, 41.6135376 ], [ 1.3928478, 41.575092 ], [ 1.3716998, 41.5653919 ], [ 1.2157379, 41.5671564 ], [ 1.1305312, 41.4768537 ], [ 1.0636658, 41.4535565 ], [ 0.9643495, 41.3552645 ], [ 0.8194958, 41.3288278 ], [ 0.7632313, 41.334276 ], [ 0.6136075, 41.2907392 ], [ 0.554427, 41.3266662 ], [ 0.5032745, 41.2897296 ], [ 0.3856642, 41.2788442 ], [ 0.3494033, 41.3311932 ], [ 0.3726963, 41.3537646 ], [ 0.3358454, 41.4074572 ], [ 0.3473186, 41.4877454 ], [ 0.3978408, 41.4912689 ], [ 0.4461803, 41.5429155 ], [ 0.4020229, 41.5927176 ], [ 0.3496128, 41.599464 ], [ 0.3287651, 41.6820281 ], [ 0.4080119, 41.7592358 ], [ 0.4696583, 41.7656195 ], [ 0.4832318, 41.8014631 ], [ 0.5440906, 41.8210765 ], [ 0.5927832, 41.8844151 ], [ 0.56244, 41.9326908 ], [ 0.6523516, 42.0233306 ], [ 0.7019746, 42.1224094 ], [ 0.6958353, 42.1519984 ], [ 0.7591775, 42.3483672 ], [ 0.6968413, 42.4741 ], [ 0.767858, 42.6096315 ], [ 0.7084938, 42.6208259 ], [ 0.6951667, 42.6587055 ], [ 0.6812332, 42.6656683 ], [ 0.6735246, 42.6790324 ], [ 0.6601823, 42.6877734 ], [ 0.660295, 42.6892054 ], [ 0.6600682, 42.6908539 ], [ 0.6600639, 42.6908851 ], [ 0.67229, 42.6873 ], [ 0.6783691, 42.68731 ], [ 0.6791, 42.69476 ], [ 0.6753513, 42.7008003 ], [ 0.67236, 42.70562 ], [ 0.67264, 42.72457 ], [ 0.6656392, 42.7356641 ], [ 0.6656141, 42.7357968 ], [ 0.66449, 42.74174 ], [ 0.6635679, 42.7466734 ], [ 0.66332, 42.748 ], [ 0.65495, 42.75979 ], [ 0.65869, 42.76866 ], [ 0.6623784, 42.7788857 ], [ 0.6505732, 42.7845384 ], [ 0.64687, 42.78631 ], [ 0.64733, 42.79133 ], [ 0.663976, 42.8067583 ], [ 0.66592, 42.80856 ], [ 0.66782, 42.81761 ], [ 0.6672818, 42.8304216 ], [ 0.66675, 42.84308 ], [ 0.6769, 42.84837 ], [ 0.67793, 42.84976 ], [ 0.68872, 42.86434 ], [ 0.703, 42.86749 ], [ 0.7530148, 42.849503 ], [ 0.79315, 42.84105 ], [ 0.82712, 42.83326 ], [ 0.84684, 42.82873 ], [ 0.8570677, 42.8247005 ], [ 0.88438, 42.81394 ], [ 0.93558, 42.79358 ] ] ] ] } },
{ "type": "Feature", "properties": { "POLYGON_ID": "ESP_GAUL2012_ADM2_25809", "ADM0_ISO3": "ESP", "ADM0_NAME": "Spain", "ADM0_CODE": 229, "ADM1_NAME": "Cataluña\/Catalunya", "ADM1_CODE": 2724, "ADM2_NAME": "Tarragona", "ADM2_CODE": 25809, "GEOSET": "GAUL", "GEOSET_YEAR": 2012.0, "GEOSET_VERSION": "GAUL_v1", "GEOSET_UNIT": "ADM2", "CENTROID_LONG": 0.81968100354586249, "CENTROID_LAT": 41.08902044813378 }, "geometry": { "type": "MultiPolygon", "coordinates": [ [ [ [ 1.6434564, 41.197872 ], [ 1.4678489, 41.1683998 ], [ 1.3898159, 41.1337013 ], [ 1.2190859, 41.1062851 ], [ 1.141784, 41.0704651 ], [ 1.032804, 41.0597343 ], [ 0.9810469, 41.0398407 ], [ 0.865812, 40.9503822 ], [ 0.7908651, 40.8694916 ], [ 0.7093561, 40.8072472 ], [ 0.731429, 40.7781258 ], [ 0.8026321, 40.7636108 ], [ 0.887669, 40.7134476 ], [ 0.8532889, 40.682724 ], [ 0.7512631, 40.6440926 ], [ 0.610893, 40.6286659 ], [ 0.5419689, 40.5744019 ], [ 0.5137259, 40.5233634 ], [ 0.4358271, 40.5498259 ], [ 0.3891552, 40.6066217 ], [ 0.3157827, 40.614033 ], [ 0.2179186, 40.732601 ], [ 0.1707236, 40.7328372 ], [ 0.2782246, 40.821035 ], [ 0.2508792, 40.8565376 ], [ 0.2538422, 40.9196504 ], [ 0.2842484, 40.964656 ], [ 0.2624877, 41.0266709 ], [ 0.2203489, 41.0714298 ], [ 0.2010236, 41.1030493 ], [ 0.3033178, 41.1643795 ], [ 0.3224038, 41.2252408 ], [ 0.3856642, 41.2788442 ], [ 0.5032745, 41.2897296 ], [ 0.554427, 41.3266662 ], [ 0.6136075, 41.2907392 ], [ 0.7632313, 41.334276 ], [ 0.8194958, 41.3288278 ], [ 0.9643495, 41.3552645 ], [ 1.0636658, 41.4535565 ], [ 1.1305312, 41.4768537 ], [ 1.2157379, 41.5671564 ], [ 1.3716998, 41.5653919 ], [ 1.3928478, 41.575092 ], [ 1.4467226, 41.5523883 ], [ 1.4046056, 41.506606 ], [ 1.4845615, 41.474922 ], [ 1.4901651, 41.4014827 ], [ 1.5368151, 41.3853589 ], [ 1.6219874, 41.2549322 ], [ 1.6434564, 41.197872 ] ] ] ] } },
{ "type": "Feature", "properties": { "POLYGON_ID": "ESP_GAUL2012_ADM2_25810", "ADM0_ISO3": "ESP", "ADM0_NAME": "Spain", "ADM0_CODE": 229, "ADM1_NAME": "Ciudad Autónoma de Ceuta", "ADM1_CODE": 2725, "ADM2_NAME": "Ceuta", "ADM2_CODE": 25810, "GEOSET": "GAUL", "GEOSET_YEAR": 2012.0, "GEOSET_VERSION": "GAUL_v1", "GEOSET_UNIT": "ADM2", "CENTROID_LONG": -5.3463988, "CENTROID_LAT": 35.904473966666671 }, "geometry": { "type": "MultiPolygon", "coordinates": [ [ [ [ -5.3606304, 35.8909198 ], [ -5.3562551, 35.9241333 ], [ -5.3223109, 35.8983688 ], [ -5.3606304, 35.8909198 ] ] ] ] } },
{ "type": "Feature", "properties": { "POLYGON_ID": "ESP_GAUL2012_ADM2_25821", "ADM0_ISO3": "ESP", "ADM0_NAME": "Spain", "ADM0_CODE": 229, "ADM1_NAME": "Ciudad Autónoma de Melilla", "ADM1_CODE": 2730, "ADM2_NAME": "Melilla", "ADM2_CODE": 25821, "GEOSET": "GAUL", "GEOSET_YEAR": 2012.0, "GEOSET_VERSION": "GAUL_v1", "GEOSET_UNIT": "ADM2", "CENTROID_LONG": -2.9664404, "CENTROID_LAT": 35.299693133333335 }, "geometry": { "type": "MultiPolygon", "coordinates": [ [ [ [ -2.9608404, 35.2814398 ], [ -2.9712404, 35.2903498 ], [ -2.9672404, 35.3272898 ], [ -2.9608404, 35.2814398 ] ] ] ] } },
{ "type": "Feature", "properties": { "POLYGON_ID": "ESP_GAUL2012_ADM2_25820", "ADM0_ISO3": "ESP", "ADM0_NAME": "Spain", "ADM0_CODE": 229, "ADM1_NAME": "Comunidad de Madrid", "ADM1_CODE": 2729, "ADM2_NAME": "Madrid", "ADM2_CODE": 25820, "GEOSET": "GAUL", "GEOSET_YEAR": 2012.0, "GEOSET_VERSION": "GAUL_v1", "GEOSET_UNIT": "ADM2", "CENTROID_LONG": -3.7176766923724185, "CENTROID_LAT": 40.493439931857282 }, "geometry": { "type": "MultiPolygon", "coordinates": [ [ [ [ -3.0678451, 40.1579142 ], [ -3.0529833, 40.0993879 ], [ -3.0888022, 40.0705938 ], [ -3.1615789, 40.0649279 ], [ -3.3024942, 40.0533137 ], [ -3.3277469, 40.0791352 ], [ -3.3940256, 40.0456862 ], [ -3.5151969, 40.0432827 ], [ -3.5910054, 40.0121184 ], [ -3.6344989, 39.9658918 ], [ -3.7111052, 39.954709 ], [ -3.8064212, 39.8873886 ], [ -3.8754772, 39.9269043 ], [ -3.8012247, 39.9473071 ], [ -3.623094, 40.0541109 ], [ -3.6079672, 40.1090956 ], [ -3.7198093, 40.1471153 ], [ -3.7714327, 40.1397783 ], [ -3.8000379, 40.1753994 ], [ -3.9910023, 40.2094782 ], [ -4.0728943, 40.2654513 ], [ -4.1042721, 40.2418333 ], [ -4.2461645, 40.2742129 ], [ -4.295189, 40.2188812 ], [ -4.3569254, 40.2703403 ], [ -4.5353643, 40.1993429 ], [ -4.5790762, 40.2171962 ], [ -4.5687884, 40.2587122 ], [ -4.5048958, 40.3154383 ], [ -4.456214, 40.3207215 ], [ -4.4155373, 40.4096021 ], [ -4.3240029, 40.4183023 ], [ -4.3237039, 40.5495822 ], [ -4.262141, 40.60518 ], [ -4.1767508, 40.6161556 ], [ -4.1602343, 40.6898228 ], [ -4.0700915, 40.7939154 ], [ -3.9799588, 40.7993865 ], [ -3.9522762, 40.8936319 ], [ -3.8790395, 40.9752017 ], [ -3.7813661, 41.0003119 ], [ -3.7139892, 41.073208 ], [ -3.6795374, 41.0842304 ], [ -3.6137027, 41.1490526 ], [ -3.5397222, 41.1650411 ], [ -3.4882146, 41.0940341 ], [ -3.3972805, 41.0062909 ], [ -3.4488546, 40.9225271 ], [ -3.4461338, 40.8767039 ], [ -3.5027442, 40.790965 ], [ -3.4443431, 40.7615796 ], [ -3.4477884, 40.6774735 ], [ -3.3236558, 40.6383808 ], [ -3.3303405, 40.597369 ], [ -3.1999549, 40.5144486 ], [ -3.1985967, 40.4422523 ], [ -3.1305579, 40.405185 ], [ -3.1513979, 40.3352473 ], [ -3.1806425, 40.3133197 ], [ -3.194449, 40.2480371 ], [ -3.0960238, 40.2690859 ], [ -3.0678451, 40.1579142 ] ] ] ] } },
{ "type": "Feature", "properties": { "POLYGON_ID": "ESP_GAUL2012_ADM2_25823", "ADM0_ISO3": "ESP", "ADM0_NAME": "Spain", "ADM0_CODE": 229, "ADM1_NAME": "Comunidad Foral de Navarra", "ADM1_CODE": 2732, "ADM2_NAME": "Navarra", "ADM2_CODE": 25823, "GEOSET": "GAUL", "GEOSET_YEAR": 2012.0, "GEOSET_VERSION": "GAUL_v1", "GEOSET_UNIT": "ADM2", "CENTROID_LONG": -1.6437515589005927, "CENTROID_LAT": 42.668526497852653 }, "geometry": { "type": "MultiPolygon", "coordinates": [ [ [ [ -1.62942, 43.30611 ], [ -1.6292461, 43.2906727 ], [ -1.62881, 43.27723 ], [ -1.6243, 43.2622 ], [ -1.6200847, 43.2600641 ], [ -1.61759, 43.2588 ], [ -1.60305, 43.25539 ], [ -1.58327, 43.25595 ], [ -1.56691, 43.2628 ], [ -1.55881, 43.2731 ], [ -1.5560523, 43.2792813 ], [ -1.552352, 43.2875754 ], [ -1.54628, 43.28968 ], [ -1.51136, 43.29161 ], [ -1.5058998, 43.2910738 ], [ -1.50138, 43.29063 ], [ -1.47343, 43.27113 ], [ -1.45759, 43.26683 ], [ -1.44044, 43.27066 ], [ -1.41781, 43.27179 ], [ -1.40941, 43.27062 ], [ -1.4043717, 43.2673831 ], [ -1.3862703, 43.237589 ], [ -1.41045, 43.15608 ], [ -1.416624, 43.1394023 ], [ -1.4733383, 43.0939199 ], [ -1.47075, 43.08501 ], [ -1.4397274, 43.0568195 ], [ -1.43641, 43.05479 ], [ -1.34834, 43.04375 ], [ -1.3451609, 43.0476883 ], [ -1.3319172, 43.101757 ], [ -1.32908, 43.10906 ], [ -1.2888198, 43.1165483 ], [ -1.29316, 43.11364 ], [ -1.30039, 43.09153 ], [ -1.3041515, 43.0819672 ], [ -1.30583, 43.0777 ], [ -1.3026954, 43.0756127 ], [ -1.27067, 43.06338 ], [ -1.25399, 43.05505 ], [ -1.20393, 43.04608 ], [ -1.20006, 43.04297 ], [ -1.1964611, 43.0419397 ], [ -1.19496, 43.04151 ], [ -1.17274, 43.03518 ], [ -1.1655086, 43.0345226 ], [ -1.1569, 43.03374 ], [ -1.14876, 43.02911 ], [ -1.13971, 43.0134 ], [ -1.138103, 43.0126374 ], [ -1.13303, 43.01023 ], [ -1.12419, 43.01751 ], [ -1.1081, 43.02522 ], [ -1.07546, 43.00325 ], [ -1.06664, 43.00011 ], [ -1.0546447, 42.9958394 ], [ -1.0519519, 42.9948807 ], [ -1.035404, 42.9946678 ], [ -1.00985, 42.99434 ], [ -0.96926, 42.9692 ], [ -0.93189, 42.95739 ], [ -0.91607, 42.95872 ], [ -0.91316, 42.95933 ], [ -0.89835, 42.96244 ], [ -0.8745, 42.95975 ], [ -0.7672616, 42.9721101 ], [ -0.757, 42.96715 ], [ -0.7461539, 42.9556886 ], [ -0.73615, 42.93576 ], [ -0.7324247, 42.9184606 ], [ -0.7329906, 42.9184094 ], [ -0.7346749, 42.9195864 ], [ -0.741948, 42.9190367 ], [ -0.7534742, 42.9244952 ], [ -0.7832127, 42.9217253 ], [ -0.8565577, 42.8470603 ], [ -0.8475329, 42.7859197 ], [ -0.9010859, 42.7427185 ], [ -0.9462449, 42.7140832 ], [ -1.027981, 42.7000601 ], [ -1.0385961, 42.6483282 ], [ -1.1524093, 42.6475655 ], [ -1.1706821, 42.5968265 ], [ -1.2261663, 42.5422441 ], [ -1.2881374, 42.5227899 ], [ -1.2727803, 42.4818992 ], [ -1.341508, 42.4239376 ], [ -1.3290828, 42.3553855 ], [ -1.399082, 42.2912998 ], [ -1.4163566, 42.2219965 ], [ -1.3919061, 42.1814183 ], [ -1.3988815, 42.1262194 ], [ -1.3048225, 42.0429494 ], [ -1.3395203, 42.0180139 ], [ -1.3822347, 41.9433423 ], [ -1.4217781, 41.913073 ], [ -1.5962518, 41.9270926 ], [ -1.6736612, 41.9664341 ], [ -1.734304, 41.9639032 ], [ -1.7668965, 41.9957893 ], [ -1.8471849, 42.0079991 ], [ -1.9015767, 42.02968 ], [ -1.8920318, 42.0859859 ], [ -1.8216189, 42.1535695 ], [ -1.781981, 42.1377365 ], [ -1.6902688, 42.1483977 ], [ -1.7092392, 42.20999 ], [ -1.8023258, 42.2234288 ], [ -1.9732909, 42.3535499 ], [ -2.0875484, 42.3836241 ], [ -2.1396801, 42.4205645 ], [ -2.2087221, 42.4146594 ], [ -2.2876662, 42.4603784 ], [ -2.3462506, 42.4514705 ], [ -2.4205822, 42.4892347 ], [ -2.3922024, 42.5169523 ], [ -2.3993261, 42.5978799 ], [ -2.4906973, 42.5876881 ], [ -2.4500752, 42.6472526 ], [ -2.3760527, 42.6372632 ], [ -2.2884808, 42.6550691 ], [ -2.3236708, 42.7244095 ], [ -2.2662074, 42.7529446 ], [ -2.2810114, 42.785134 ], [ -2.2358131, 42.8344871 ], [ -2.2507806, 42.8957312 ], [ -2.2102576, 42.9499119 ], [ -2.1295007, 42.9393748 ], [ -2.0383383, 42.9809944 ], [ -2.0228242, 43.0651932 ], [ -1.9236674, 43.1154491 ], [ -1.9228832, 43.1789881 ], [ -1.7949753, 43.2469295 ], [ -1.783243, 43.2868198 ], [ -1.7404082, 43.2953243 ], [ -1.7293689, 43.2938231 ], [ -1.7338662, 43.3034461 ], [ -1.7344564, 43.3073241 ], [ -1.7333062, 43.3074441 ], [ -1.73326, 43.30732 ], [ -1.7269114, 43.3011214 ], [ -1.7172019, 43.3047459 ], [ -1.71612, 43.30515 ], [ -1.70067, 43.31092 ], [ -1.6866372, 43.3120676 ], [ -1.67169, 43.31329 ], [ -1.6597484, 43.3131913 ], [ -1.63783, 43.31301 ], [ -1.6305298, 43.309349 ], [ -1.62942, 43.30611 ] ] ] ] } },
{ "type": "Feature", "properties": { "POLYGON_ID": "ESP_GAUL2012_ADM2_25811", "ADM0_ISO3": "ESP", "ADM0_NAME": "Spain", "ADM0_CODE": 229, "ADM1_NAME": "Comunitat Valenciana", "ADM1_CODE": 2726, "ADM2_NAME": "Alicante\/Alacant", "ADM2_CODE": 25811, "GEOSET": "GAUL", "GEOSET_YEAR": 2012.0, "GEOSET_VERSION": "GAUL_v1", "GEOSET_UNIT": "ADM2", "CENTROID_LONG": -0.56600048823435745, "CENTROID_LAT": 38.478779597700417 }, "geometry": { "type": "MultiPolygon", "coordinates": [ [ [ [ -0.0369611, 38.8885363 ], [ 0.068039, 38.859745 ], [ 0.194071, 38.8050346 ], [ 0.2315069, 38.7440224 ], [ 0.0286479, 38.6231689 ], [ -0.022562, 38.6170235 ], [ -0.0501581, 38.5609436 ], [ -0.0972441, 38.5242195 ], [ -0.274829, 38.4926872 ], [ -0.388737, 38.4301338 ], [ -0.442988, 38.3633766 ], [ -0.503325, 38.3303642 ], [ -0.520788, 38.1906052 ], [ -0.5857729, 38.1885605 ], [ -0.6401291, 38.1278954 ], [ -0.6578179, 37.9773254 ], [ -0.699161, 37.9632111 ], [ -0.746652, 37.9012566 ], [ -0.7603959, 37.8476446 ], [ -0.8302526, 37.8642579 ], [ -0.9211884, 37.944238 ], [ -1.0225994, 38.0756905 ], [ -1.0367615, 38.1377197 ], [ -0.9885456, 38.1995315 ], [ -0.9685965, 38.2557597 ], [ -0.9891526, 38.3208771 ], [ -1.0843838, 38.3462163 ], [ -1.0820939, 38.4411293 ], [ -1.0136454, 38.4967301 ], [ -1.0015689, 38.5726745 ], [ -1.0269335, 38.6555173 ], [ -0.9624663, 38.6569253 ], [ -0.9157932, 38.6959646 ], [ -0.9614287, 38.7747916 ], [ -0.9289381, 38.7838337 ], [ -0.8616929, 38.7708902 ], [ -0.8302264, 38.7324846 ], [ -0.7520788, 38.7553795 ], [ -0.6434403, 38.7277661 ], [ -0.6180513, 38.6866526 ], [ -0.5071154, 38.7429747 ], [ -0.5656422, 38.7554266 ], [ -0.5952167, 38.7950972 ], [ -0.4744926, 38.8038556 ], [ -0.3829143, 38.8344818 ], [ -0.3108088, 38.8815114 ], [ -0.2305402, 38.8534895 ], [ -0.1480767, 38.8584312 ], [ -0.0369611, 38.8885363 ] ] ] ] } },
{ "type": "Feature", "properties": { "POLYGON_ID": "ESP_GAUL2012_ADM2_25812", "ADM0_ISO3": "ESP", "ADM0_NAME": "Spain", "ADM0_CODE": 229, "ADM1_NAME": "Comunitat Valenciana", "ADM1_CODE": 2726, "ADM2_NAME": "Castellón\/Castelló", "ADM2_CODE": 25812, "GEOSET": "GAUL", "GEOSET_YEAR": 2012.0, "GEOSET_VERSION": "GAUL_v1", "GEOSET_UNIT": "ADM2", "CENTROID_LONG": -0.14695178843527909, "CENTROID_LAT": 40.238343652414628 }, "geometry": { "type": "MultiPolygon", "coordinates": [ [ [ [ 0.1707236, 40.7328372 ], [ 0.2179186, 40.732601 ], [ 0.3157827, 40.614033 ], [ 0.3891552, 40.6066217 ], [ 0.4358271, 40.5498259 ], [ 0.5137259, 40.5233634 ], [ 0.4196679, 40.4044914 ], [ 0.4092501, 40.362381 ], [ 0.266065, 40.219265 ], [ 0.1943721, 40.1766777 ], [ 0.146203, 40.0880165 ], [ 0.049106, 40.0368996 ], [ 0.004991, 39.9187355 ], [ -0.090937, 39.8337669 ], [ -0.1595884, 39.747724 ], [ -0.1671243, 39.7376322 ], [ -0.180222, 39.7191397 ], [ -0.2719525, 39.7510127 ], [ -0.3085683, 39.7969911 ], [ -0.3779194, 39.7998773 ], [ -0.4096002, 39.7451967 ], [ -0.4610046, 39.7153531 ], [ -0.5484048, 39.795734 ], [ -0.588224, 39.7416883 ], [ -0.6523467, 39.7540844 ], [ -0.6561513, 39.8359606 ], [ -0.7357166, 39.8193361 ], [ -0.7976948, 39.8810675 ], [ -0.8462969, 39.9476979 ], [ -0.7901528, 39.9897819 ], [ -0.7622707, 40.0412626 ], [ -0.718896, 40.0387136 ], [ -0.614197, 40.0714037 ], [ -0.5441869, 40.2516595 ], [ -0.494515, 40.2287316 ], [ -0.3839701, 40.2644592 ], [ -0.3582469, 40.3129484 ], [ -0.2803451, 40.3739876 ], [ -0.3444077, 40.4415487 ], [ -0.2714333, 40.4784981 ], [ -0.3220856, 40.6028412 ], [ -0.3796682, 40.6235289 ], [ -0.3561681, 40.6776939 ], [ -0.3073111, 40.6619991 ], [ -0.2359912, 40.6911075 ], [ -0.2240343, 40.754158 ], [ -0.1649569, 40.7886312 ], [ -0.0646989, 40.727407 ], [ 0.0152026, 40.7286237 ], [ 0.0421747, 40.6910059 ], [ 0.1125013, 40.7271372 ], [ 0.1707236, 40.7328372 ] ] ] ] } },
{ "type": "Feature", "properties": { "POLYGON_ID": "ESP_GAUL2012_ADM2_25813", "ADM0_ISO3": "ESP", "ADM0_NAME": "Spain", "ADM0_CODE": 229, "ADM1_NAME": "Comunitat Valenciana", "ADM1_CODE": 2726, "ADM2_NAME": "Valencia\/València", "ADM2_CODE": 25813, "GEOSET": "GAUL", "GEOSET_YEAR": 2012.0, "GEOSET_VERSION": "GAUL_v1", "GEOSET_UNIT": "ADM2", "CENTROID_LONG": -0.79583206731618261, "CENTROID_LAT": 39.366586122166225 }, "geometry": { "type": "MultiPolygon", "coordinates": [ [ [ [ -0.7976948, 39.8810675 ], [ -0.7357166, 39.8193361 ], [ -0.6561513, 39.8359606 ], [ -0.6523467, 39.7540844 ], [ -0.588224, 39.7416883 ], [ -0.5484048, 39.795734 ], [ -0.4610046, 39.7153531 ], [ -0.4096002, 39.7451967 ], [ -0.3779194, 39.7998773 ], [ -0.3085683, 39.7969911 ], [ -0.2719525, 39.7510127 ], [ -0.180222, 39.7191397 ], [ -0.2007861, 39.6661186 ], [ -0.254296, 39.6114044 ], [ -0.3170189, 39.5062332 ], [ -0.328813, 39.4272308 ], [ -0.311681, 39.3614922 ], [ -0.214041, 39.1865883 ], [ -0.23374, 39.1534882 ], [ -0.1869259, 39.0526314 ], [ -0.1369321, 38.9752808 ], [ -0.0369611, 38.8885363 ], [ -0.1480767, 38.8584312 ], [ -0.2305402, 38.8534895 ], [ -0.3108088, 38.8815114 ], [ -0.3829143, 38.8344818 ], [ -0.4744926, 38.8038556 ], [ -0.5952167, 38.7950972 ], [ -0.5656422, 38.7554266 ], [ -0.5071154, 38.7429747 ], [ -0.6180513, 38.6866526 ], [ -0.6434403, 38.7277661 ], [ -0.7520788, 38.7553795 ], [ -0.8302264, 38.7324846 ], [ -0.8616929, 38.7708902 ], [ -0.9289381, 38.7838337 ], [ -0.9408545, 38.8996193 ], [ -0.9594103, 38.944582 ], [ -1.146654, 38.9293527 ], [ -1.2657015, 39.0754676 ], [ -1.1944978, 39.1804094 ], [ -1.1622636, 39.3057388 ], [ -1.3184298, 39.3431857 ], [ -1.3522881, 39.3397868 ], [ -1.5051753, 39.4179959 ], [ -1.5043625, 39.5639017 ], [ -1.462082, 39.5766211 ], [ -1.4179317, 39.6549358 ], [ -1.3685346, 39.6896149 ], [ -1.3128269, 39.6704841 ], [ -1.2619953, 39.6989071 ], [ -1.2754093, 39.7386406 ], [ -1.2150036, 39.8087743 ], [ -1.1999779, 39.8594346 ], [ -1.2039776, 39.949344 ], [ -1.1423952, 39.9718415 ], [ -0.9878849, 39.9813416 ], [ -0.9241535, 39.9597674 ], [ -0.9102257, 39.8681148 ], [ -0.8674198, 39.8467782 ], [ -0.7976948, 39.8810675 ] ] ], [ [ [ -1.1651878, 40.0100963 ], [ -1.2468302, 39.9951806 ], [ -1.3831365, 40.0389655 ], [ -1.4488557, 40.1453419 ], [ -1.3545968, 40.1294727 ], [ -1.2843415, 40.1714969 ], [ -1.2371396, 40.1135635 ], [ -1.1480336, 40.1144965 ], [ -1.072129, 40.0604842 ], [ -1.0842284, 40.0362082 ], [ -1.1651878, 40.0100963 ] ] ] ] } },
{ "type": "Feature", "properties": { "POLYGON_ID": "ESP_GAUL2012_ADM2_25814", "ADM0_ISO3": "ESP", "ADM0_NAME": "Spain", "ADM0_CODE": 229, "ADM1_NAME": "Extremadura", "ADM1_CODE": 2727, "ADM2_NAME": "Badajoz", "ADM2_CODE": 25814, "GEOSET": "GAUL", "GEOSET_YEAR": 2012.0, "GEOSET_VERSION": "GAUL_v1", "GEOSET_UNIT": "ADM2", "CENTROID_LONG": -6.144257343436041, "CENTROID_LAT": 38.708643636962471 }, "geometry": { "type": "MultiPolygon", "coordinates": [ [ [ [ -5.0469484, 38.7290874 ], [ -5.1007903, 38.7077231 ], [ -5.1694211, 38.7130654 ], [ -5.2088443, 38.667438 ], [ -5.292237, 38.610808 ], [ -5.3076532, 38.577987 ], [ -5.3689914, 38.584916 ], [ -5.4202362, 38.5124439 ], [ -5.4835838, 38.4657331 ], [ -5.5681354, 38.4333925 ], [ -5.585066, 38.3858432 ], [ -5.573216, 38.3315024 ], [ -5.5259576, 38.2641237 ], [ -5.5396729, 38.1606854 ], [ -5.5847885, 38.1317056 ], [ -5.6334321, 38.1381215 ], [ -5.693631, 38.0837398 ], [ -5.7407372, 38.1265391 ], [ -5.688612, 38.1818773 ], [ -5.7420145, 38.1938418 ], [ -5.8775702, 38.1551337 ], [ -5.9283441, 38.0877189 ], [ -5.9080448, 38.0682484 ], [ -5.9536882, 37.9953458 ], [ -6.0517089, 37.9968419 ], [ -6.118724, 37.9804782 ], [ -6.1802399, 37.941026 ], [ -6.2012378, 37.9619258 ], [ -6.3033708, 37.9782448 ], [ -6.4139024, 38.0585631 ], [ -6.494669, 38.0189725 ], [ -6.587174, 38.0267783 ], [ -6.6221042, 38.0970077 ], [ -6.7584315, 38.0928935 ], [ -6.8091062, 38.1117262 ], [ -6.7950924, 38.1785411 ], [ -6.8581185, 38.1798541 ], [ -6.9352858, 38.206745 ], [ -6.93388, 38.21118 ], [ -6.93503, 38.21387 ], [ -6.93689, 38.21818 ], [ -6.9438916, 38.2193054 ], [ -6.95052, 38.2177 ], [ -6.96628, 38.20888 ], [ -6.9786841, 38.2083759 ], [ -6.9899, 38.20527 ], [ -7.00101, 38.20647 ], [ -7.00559, 38.20516 ], [ -7.0058894, 38.1990652 ], [ -7.0239206, 38.1846865 ], [ -7.02671, 38.18376 ], [ -7.0308096, 38.1833985 ], [ -7.03567, 38.18297 ], [ -7.0531, 38.17797 ], [ -7.0623876, 38.1826873 ], [ -7.06448, 38.18375 ], [ -7.0657576, 38.1833558 ], [ -7.06704, 38.18296 ], [ -7.07212, 38.17544 ], [ -7.08262, 38.1762 ], [ -7.1020632, 38.1917915 ], [ -7.11434, 38.21148 ], [ -7.13331, 38.23233 ], [ -7.15155, 38.27979 ], [ -7.17133, 38.29441 ], [ -7.26901, 38.39755 ], [ -7.28422, 38.42218 ], [ -7.31184, 38.43533 ], [ -7.31929, 38.4351412 ], [ -7.3299854, 38.4358175 ], [ -7.33062, 38.43736 ], [ -7.330187, 38.4380111 ], [ -7.32796, 38.44136 ], [ -7.31435, 38.44996 ], [ -7.31008, 38.46382 ], [ -7.2958801, 38.4788299 ], [ -7.2959481, 38.4791262 ], [ -7.29708, 38.48405 ], [ -7.2972563, 38.4839837 ], [ -7.31133, 38.47869 ], [ -7.31053, 38.50806 ], [ -7.30601, 38.516 ], [ -7.26019, 38.59092 ], [ -7.25527, 38.60601 ], [ -7.24088, 38.62375 ], [ -7.26457, 38.66686 ], [ -7.25482, 38.71883 ], [ -7.25085, 38.72518 ], [ -7.2341, 38.73385 ], [ -7.20371, 38.74653 ], [ -7.1961058, 38.7526988 ], [ -7.157, 38.77977 ], [ -7.14584, 38.79739 ], [ -7.08475, 38.8213 ], [ -7.05776, 38.85764 ], [ -7.0537597, 38.8587276 ], [ -7.05342, 38.85882 ], [ -7.03732, 38.86322 ], [ -7.03265, 38.8822 ], [ -7.04303, 38.89649 ], [ -7.0461011, 38.9007187 ], [ -7.04865, 38.90735 ], [ -7.04618, 38.91219 ], [ -7.02705, 38.92076 ], [ -7.01617, 38.94333 ], [ -6.99943, 38.96319 ], [ -6.99022, 38.97131 ], [ -6.96985, 38.99981 ], [ -6.95356, 39.02258 ], [ -6.9534834, 39.0248167 ], [ -6.95334, 39.029 ], [ -6.96578, 39.04093 ], [ -6.9669, 39.04502 ], [ -6.96213, 39.05917 ], [ -6.9632627, 39.0634831 ], [ -6.9658685, 39.0663975 ], [ -6.97677, 39.07859 ], [ -7.05249, 39.11689 ], [ -7.0758241, 39.1084457 ], [ -7.1017589, 39.1001087 ], [ -7.11553, 39.09924 ], [ -7.1368036, 39.106691 ], [ -7.1402626, 39.109787 ], [ -7.1402835, 39.1098238 ], [ -7.14535, 39.12105 ], [ -7.14179, 39.13516 ], [ -7.1315701, 39.1559405 ], [ -7.13342, 39.1671 ], [ -7.14416, 39.17449 ], [ -7.19493, 39.18201 ], [ -7.2181, 39.19031 ], [ -7.2208611, 39.1928363 ], [ -7.22445, 39.19612 ], [ -7.22964, 39.20087 ], [ -7.2357304, 39.2104172 ], [ -7.237782, 39.2136307 ], [ -7.23018, 39.27671 ], [ -7.2310142, 39.2783107 ], [ -7.1520207, 39.3214812 ], [ -7.1542974, 39.3675112 ], [ -7.0092669, 39.3884848 ], [ -7.0493847, 39.4366728 ], [ -6.8722021, 39.3823983 ], [ -6.8020698, 39.389497 ], [ -6.7971714, 39.3447761 ], [ -6.7475095, 39.3152147 ], [ -6.800859, 39.239419 ], [ -6.7675022, 39.1883715 ], [ -6.6810014, 39.1771517 ], [ -6.6597353, 39.1990704 ], [ -6.4911244, 39.1679235 ], [ -6.4386868, 39.1758436 ], [ -6.3094387, 39.1558528 ], [ -6.2953612, 39.0981408 ], [ -6.2308548, 39.0897962 ], [ -6.1420985, 39.0315802 ], [ -6.0786519, 39.0937297 ], [ -6.0156955, 39.1265462 ], [ -6.0114735, 39.0627032 ], [ -5.9504048, 39.1026605 ], [ -5.9246953, 39.0831832 ], [ -5.7679062, 39.1368592 ], [ -5.6900866, 39.0830054 ], [ -5.6097638, 39.0993908 ], [ -5.5765613, 39.1509061 ], [ -5.6130897, 39.1877959 ], [ -5.5518476, 39.2130194 ], [ -5.4651424, 39.1607227 ], [ -5.3843137, 39.1739008 ], [ -5.3471548, 39.2391632 ], [ -5.3400109, 39.333311 ], [ -5.2476198, 39.3018237 ], [ -5.1502766, 39.3209697 ], [ -5.0566504, 39.3634575 ], [ -4.9525129, 39.3949928 ], [ -4.9407419, 39.3951177 ], [ -4.8875701, 39.3705309 ], [ -4.7553714, 39.415713 ], [ -4.687696, 39.4502946 ], [ -4.6694976, 39.4245367 ], [ -4.7100461, 39.3457503 ], [ -4.7610118, 39.3207892 ], [ -4.7082293, 39.2098682 ], [ -4.8102735, 39.1994155 ], [ -4.853171, 39.1524376 ], [ -4.8737055, 39.0963362 ], [ -4.8269351, 39.0641188 ], [ -4.8855993, 39.0336318 ], [ -4.9625045, 39.0587267 ], [ -4.9336696, 38.9755761 ], [ -4.8366758, 38.9305597 ], [ -4.8501453, 38.881574 ], [ -4.9149399, 38.8874404 ], [ -4.943484, 38.8543784 ], [ -4.972845, 38.7608446 ], [ -5.0469484, 38.7290874 ] ] ] ] } },
{ "type": "Feature", "properties": { "POLYGON_ID": "ESP_GAUL2012_ADM2_25815", "ADM0_ISO3": "ESP", "ADM0_NAME": "Spain", "ADM0_CODE": 229, "ADM1_NAME": "Extremadura", "ADM1_CODE": 2727, "ADM2_NAME": "Cáceres", "ADM2_CODE": 25815, "GEOSET": "GAUL", "GEOSET_YEAR": 2012.0, "GEOSET_VERSION": "GAUL_v1", "GEOSET_UNIT": "ADM2", "CENTROID_LONG": -6.1565741635857938, "CENTROID_LAT": 39.712330175964972 }, "geometry": { "type": "MultiPolygon", "coordinates": [ [ [ [ -5.7375619, 40.2941233 ], [ -5.6926619, 40.2921061 ], [ -5.5943519, 40.2163564 ], [ -5.5309641, 40.1947186 ], [ -5.4709105, 40.2078531 ], [ -5.429825, 40.2522582 ], [ -5.36967, 40.218312 ], [ -5.36732, 40.1608981 ], [ -5.3359765, 40.1158181 ], [ -5.3690106, 40.1000853 ], [ -5.365144, 39.9829186 ], [ -5.4010779, 39.8856618 ], [ -5.3264509, 39.891967 ], [ -5.2835238, 39.8572097 ], [ -5.3162235, 39.7721233 ], [ -5.2572068, 39.7520705 ], [ -5.2078682, 39.7965057 ], [ -5.1377938, 39.7149989 ], [ -5.1514185, 39.661287 ], [ -5.2020696, 39.5920216 ], [ -5.0828882, 39.4900801 ], [ -5.0588927, 39.4894173 ], [ -4.9525129, 39.3949928 ], [ -5.0566504, 39.3634575 ], [ -5.1502766, 39.3209697 ], [ -5.2476198, 39.3018237 ], [ -5.3400109, 39.333311 ], [ -5.3471548, 39.2391632 ], [ -5.3843137, 39.1739008 ], [ -5.4651424, 39.1607227 ], [ -5.5518476, 39.2130194 ], [ -5.6130897, 39.1877959 ], [ -5.5765613, 39.1509061 ], [ -5.6097638, 39.0993908 ], [ -5.6900866, 39.0830054 ], [ -5.7679062, 39.1368592 ], [ -5.9246953, 39.0831832 ], [ -5.9504048, 39.1026605 ], [ -6.0114735, 39.0627032 ], [ -6.0156955, 39.1265462 ], [ -6.0786519, 39.0937297 ], [ -6.1420985, 39.0315802 ], [ -6.2308548, 39.0897962 ], [ -6.2953612, 39.0981408 ], [ -6.3094387, 39.1558528 ], [ -6.4386868, 39.1758436 ], [ -6.4911244, 39.1679235 ], [ -6.6597353, 39.1990704 ], [ -6.6810014, 39.1771517 ], [ -6.7675022, 39.1883715 ], [ -6.800859, 39.239419 ], [ -6.7475095, 39.3152147 ], [ -6.7971714, 39.3447761 ], [ -6.8020698, 39.389497 ], [ -6.8722021, 39.3823983 ], [ -7.0493847, 39.4366728 ], [ -7.0092669, 39.3884848 ], [ -7.1542974, 39.3675112 ], [ -7.1520207, 39.3214812 ], [ -7.2310142, 39.2783107 ], [ -7.23252, 39.2812 ], [ -7.26611, 39.30563 ], [ -7.2784962, 39.313717 ], [ -7.2942274, 39.3251466 ], [ -7.31049, 39.34539 ], [ -7.31283, 39.34766 ], [ -7.32745, 39.38989 ], [ -7.30874, 39.40118 ], [ -7.30319, 39.40614 ], [ -7.2944173, 39.45608 ], [ -7.30062, 39.46107 ], [ -7.3781512, 39.4905122 ], [ -7.380337, 39.4943409 ], [ -7.3825, 39.49813 ], [ -7.3874694, 39.5156831 ], [ -7.39026, 39.52554 ], [ -7.399, 39.53535 ], [ -7.46052, 39.57671 ], [ -7.4726186, 39.5812103 ], [ -7.52493, 39.65641 ], [ -7.5158019, 39.6615753 ], [ -7.51579, 39.66158 ], [ -7.4836959, 39.6644536 ], [ -7.46602, 39.66607 ], [ -7.4399045, 39.6614969 ], [ -7.42319, 39.65857 ], [ -7.38671, 39.65311 ], [ -7.31352, 39.64767 ], [ -7.2519, 39.66626 ], [ -7.17583, 39.66222 ], [ -7.14738, 39.65685 ], [ -7.10959, 39.66373 ], [ -7.0652539, 39.656172 ], [ -7.0594, 39.65639 ], [ -7.01206, 39.67205 ], [ -6.997302, 39.715589 ], [ -6.99503, 39.71887 ], [ -6.9914231, 39.7240756 ], [ -6.99047, 39.728 ], [ -6.9908924, 39.7306099 ], [ -6.99204, 39.7377 ], [ -6.99088, 39.74278 ], [ -6.9772, 39.77031 ], [ -6.9771417, 39.7773707 ], [ -6.98571, 39.79747 ], [ -6.91696, 39.85083 ], [ -6.90256, 39.86737 ], [ -6.89972, 39.89358 ], [ -6.9026528, 39.906037 ], [ -6.90453, 39.91401 ], [ -6.9026105, 39.9214082 ], [ -6.8879714, 39.935704 ], [ -6.88558, 39.94377 ], [ -6.89001, 39.95803 ], [ -6.8868246, 39.9684792 ], [ -6.8838828, 39.9750598 ], [ -6.87551, 39.99289 ], [ -6.87469, 40.0 ], [ -6.87038, 40.00629 ], [ -6.86836, 40.01055 ], [ -6.8669695, 40.0113152 ], [ -6.8638914, 40.0130092 ], [ -6.8659599, 40.0147755 ], [ -6.87307, 40.02084 ], [ -6.87508, 40.0233 ], [ -6.8751141, 40.0236131 ], [ -6.8753, 40.02532 ], [ -6.87933, 40.03651 ], [ -6.8814945, 40.0398245 ], [ -6.88605, 40.0468 ], [ -6.89478, 40.05285 ], [ -6.8950995, 40.0562555 ], [ -6.89522, 40.05754 ], [ -6.8934337, 40.0626902 ], [ -6.9187247, 40.0816394 ], [ -6.92007, 40.08597 ], [ -6.9294672, 40.1020836 ], [ -6.94133, 40.1126 ], [ -6.942768, 40.1130829 ], [ -6.94893, 40.11327 ], [ -6.9532173, 40.113871 ], [ -6.95856, 40.11462 ], [ -6.98273, 40.12043 ], [ -6.9884355, 40.1176113 ], [ -6.99026, 40.11671 ], [ -7.01405, 40.16433 ], [ -7.01646, 40.18073 ], [ -6.98162, 40.23776 ], [ -6.96138, 40.23912 ], [ -6.9440793, 40.255277 ], [ -6.9198516, 40.2563756 ], [ -6.8961, 40.25745 ], [ -6.87562, 40.26063 ], [ -6.8665298, 40.2638794 ], [ -6.8601108, 40.266174 ], [ -6.7555505, 40.246265 ], [ -6.7182247, 40.2692394 ], [ -6.587022, 40.2707212 ], [ -6.536284, 40.3472443 ], [ -6.3751824, 40.4003129 ], [ -6.3333726, 40.447767 ], [ -6.2399356, 40.4858591 ], [ -6.1577303, 40.4569736 ], [ -6.0731553, 40.4004223 ], [ -6.0823783, 40.3632118 ], [ -6.0160166, 40.3402923 ], [ -6.0053199, 40.3053708 ], [ -5.9208398, 40.2809014 ], [ -5.8842447, 40.3266045 ], [ -5.794959, 40.3512263 ], [ -5.7375619, 40.2941233 ] ] ] ] } },
{ "type": "Feature", "properties": { "POLYGON_ID": "ESP_GAUL2012_ADM2_25816", "ADM0_ISO3": "ESP", "ADM0_NAME": "Spain", "ADM0_CODE": 229, "ADM1_NAME": "Galicia", "ADM1_CODE": 2728, "ADM2_NAME": "A Coruña", "ADM2_CODE": 25816, "GEOSET": "GAUL", "GEOSET_YEAR": 2012.0, "GEOSET_VERSION": "GAUL_v1", "GEOSET_UNIT": "ADM2", "CENTROID_LONG": -8.460377905725581, "CENTROID_LAT": 43.126439834203396 }, "geometry": { "type": "MultiPolygon", "coordinates": [ [ [ [ -7.6929766, 43.7376748 ], [ -7.6944957, 43.7170692 ], [ -7.6960447, 43.7138429 ], [ -7.6910037, 43.6540533 ], [ -7.7344115, 43.6220561 ], [ -7.7179252, 43.5834063 ], [ -7.7800804, 43.4489094 ], [ -7.823904, 43.4007273 ], [ -7.8819391, 43.4075315 ], [ -7.8869526, 43.3371764 ], [ -7.9613885, 43.1898351 ], [ -7.9370706, 43.1117989 ], [ -7.9429854, 43.0676236 ], [ -7.9053134, 42.9853961 ], [ -7.93551, 42.9034557 ], [ -7.9997322, 42.8488951 ], [ -8.0447677, 42.8319155 ], [ -8.1837157, 42.8600191 ], [ -8.2103899, 42.8236943 ], [ -8.3296405, 42.8242398 ], [ -8.4311471, 42.7461764 ], [ -8.5595837, 42.7556044 ], [ -8.7163182, 42.7066066 ], [ -8.7470122, 42.6528611 ], [ -9.026309, 42.5474167 ], [ -9.0701084, 42.5950851 ], [ -9.0346785, 42.6429405 ], [ -9.0262899, 42.6971321 ], [ -8.9489861, 42.7513046 ], [ -9.0087967, 42.7956734 ], [ -9.0843964, 42.7392311 ], [ -9.1423531, 42.8001099 ], [ -9.1015806, 42.8346596 ], [ -9.1440287, 42.8681488 ], [ -9.1245537, 42.9053383 ], [ -9.2862482, 42.9379044 ], [ -9.255537, 42.9739532 ], [ -9.2736511, 43.0431976 ], [ -9.1864367, 43.1192398 ], [ -9.2060242, 43.1572495 ], [ -9.1195936, 43.1990356 ], [ -9.0389643, 43.1905518 ], [ -8.9558163, 43.2646408 ], [ -8.8435354, 43.337162 ], [ -8.7754068, 43.3012238 ], [ -8.7044697, 43.2887268 ], [ -8.587553, 43.3219376 ], [ -8.5064821, 43.3279839 ], [ -8.4340925, 43.3804626 ], [ -8.3428764, 43.3479691 ], [ -8.3240471, 43.4021721 ], [ -8.258935, 43.3818855 ], [ -8.207943, 43.4177628 ], [ -8.2902145, 43.4359627 ], [ -8.3200321, 43.5237732 ], [ -8.0993319, 43.65028 ], [ -8.0537558, 43.7111359 ], [ -7.9915771, 43.7094002 ], [ -7.9134021, 43.7463188 ], [ -7.85847, 43.7324028 ], [ -7.6929766, 43.7376748 ] ] ] ] } },
{ "type": "Feature", "properties": { "POLYGON_ID": "ESP_GAUL2012_ADM2_25817", "ADM0_ISO3": "ESP", "ADM0_NAME": "Spain", "ADM0_CODE": 229, "ADM1_NAME": "Galicia", "ADM1_CODE": 2728, "ADM2_NAME": "Lugo", "ADM2_CODE": 25817, "GEOSET": "GAUL", "GEOSET_YEAR": 2012.0, "GEOSET_VERSION": "GAUL_v1", "GEOSET_UNIT": "ADM2", "CENTROID_LONG": -7.4453319880063464, "CENTROID_LAT": 43.012460150382999 }, "geometry": { "type": "MultiPolygon", "coordinates": [ [ [ [ -7.0433614, 43.5182128 ], [ -7.0475837, 43.4995637 ], [ -7.0482845, 43.4821195 ], [ -7.1033107, 43.4269074 ], [ -7.1729879, 43.4304133 ], [ -7.1769623, 43.3840903 ], [ -7.1316502, 43.3340513 ], [ -7.0641671, 43.3017305 ], [ -7.0615906, 43.2440479 ], [ -6.9644703, 43.1903868 ], [ -6.9194442, 43.1409979 ], [ -6.8706099, 43.1828557 ], [ -6.8276044, 43.1231873 ], [ -6.9393894, 43.0826881 ], [ -6.9406382, 43.0113897 ], [ -6.870742, 42.9881719 ], [ -6.8241894, 42.915061 ], [ -6.8712792, 42.8738409 ], [ -6.8417719, 42.8226948 ], [ -6.935603, 42.740863 ], [ -7.0451918, 42.6947654 ], [ -7.0100246, 42.6498318 ], [ -7.0770536, 42.5081899 ], [ -7.1010364, 42.4583063 ], [ -7.1480825, 42.4371531 ], [ -7.1718534, 42.3792309 ], [ -7.2296543, 42.3766141 ], [ -7.3069359, 42.4294472 ], [ -7.38867, 42.4334537 ], [ -7.4995755, 42.3894748 ], [ -7.6320955, 42.4074142 ], [ -7.776458, 42.4610336 ], [ -7.9119889, 42.5273253 ], [ -7.9307491, 42.5785999 ], [ -7.861428, 42.7061994 ], [ -7.924674, 42.7356222 ], [ -7.9819793, 42.787974 ], [ -7.9997322, 42.8488951 ], [ -7.93551, 42.9034557 ], [ -7.9053134, 42.9853961 ], [ -7.9429854, 43.0676236 ], [ -7.9370706, 43.1117989 ], [ -7.9613885, 43.1898351 ], [ -7.8869526, 43.3371764 ], [ -7.8819391, 43.4075315 ], [ -7.823904, 43.4007273 ], [ -7.7800804, 43.4489094 ], [ -7.7179252, 43.5834063 ], [ -7.7344115, 43.6220561 ], [ -7.6910037, 43.6540533 ], [ -7.6960447, 43.7138429 ], [ -7.6306138, 43.7543411 ], [ -7.5993481, 43.7186508 ], [ -7.4566321, 43.7269707 ], [ -7.4501872, 43.701683 ], [ -7.349792, 43.6736374 ], [ -7.2858973, 43.5959473 ], [ -7.2038393, 43.5639534 ], [ -7.0346613, 43.5525818 ], [ -7.0433614, 43.5182128 ] ] ] ] } },
{ "type": "Feature", "properties": { "POLYGON_ID": "ESP_GAUL2012_ADM2_25818", "ADM0_ISO3": "ESP", "ADM0_NAME": "Spain", "ADM0_CODE": 229, "ADM1_NAME": "Galicia", "ADM1_CODE": 2728, "ADM2_NAME": "Ourense", "ADM2_CODE": 25818, "GEOSET": "GAUL", "GEOSET_YEAR": 2012.0, "GEOSET_VERSION": "GAUL_v1", "GEOSET_UNIT": "ADM2", "CENTROID_LONG": -7.5933614515303116, "CENTROID_LAT": 42.195814284582603 }, "geometry": { "type": "MultiPolygon", "coordinates": [ [ [ [ -7.0770536, 42.5081899 ], [ -6.9735527, 42.4940118 ], [ -6.9250543, 42.5194385 ], [ -6.8085973, 42.4694488 ], [ -6.8208043, 42.3856442 ], [ -6.7339533, 42.3591114 ], [ -6.7411458, 42.2986635 ], [ -6.7843185, 42.253618 ], [ -6.8868917, 42.214354 ], [ -6.9383153, 42.1774353 ], [ -6.9445523, 42.1416805 ], [ -7.0335847, 42.0742351 ], [ -6.9664494, 42.0238493 ], [ -6.9916563, 41.9860537 ], [ -6.9864156, 41.9787192 ], [ -6.986647, 41.9758953 ], [ -6.9860398, 41.9725299 ], [ -6.9858151, 41.9714379 ], [ -6.9839023, 41.9621409 ], [ -6.98864, 41.95803 ], [ -7.01342, 41.94879 ], [ -7.0230507, 41.95201 ], [ -7.04202, 41.9509 ], [ -7.0528271, 41.9490202 ], [ -7.05945, 41.94961 ], [ -7.06478, 41.95269 ], [ -7.09719, 41.98058 ], [ -7.11456, 41.98522 ], [ -7.117776, 41.984691 ], [ -7.12301, 41.98383 ], [ -7.14481, 41.98979 ], [ -7.17518, 41.9801 ], [ -7.1759, 41.97957 ], [ -7.1833, 41.96942 ], [ -7.1844607, 41.9648616 ], [ -7.18511, 41.96222 ], [ -7.18585, 41.9599 ], [ -7.1806628, 41.9533335 ], [ -7.18281, 41.94892 ], [ -7.18394, 41.94286 ], [ -7.1826086, 41.9374978 ], [ -7.1814, 41.93263 ], [ -7.17789, 41.92654 ], [ -7.17431, 41.91848 ], [ -7.17536, 41.91195 ], [ -7.1901039, 41.8888969 ], [ -7.191722, 41.8863691 ], [ -7.20194, 41.88155 ], [ -7.2125732, 41.8755439 ], [ -7.21929, 41.87175 ], [ -7.24655, 41.86469 ], [ -7.30423, 41.84612 ], [ -7.3182596, 41.8427231 ], [ -7.33865, 41.84207 ], [ -7.35782, 41.8464 ], [ -7.3657808, 41.8463764 ], [ -7.4133534, 41.812933 ], [ -7.4235741, 41.8113109 ], [ -7.42865, 41.83544 ], [ -7.44007, 41.84408 ], [ -7.44436, 41.85083 ], [ -7.4496, 41.85629 ], [ -7.4504337, 41.8581894 ], [ -7.47244, 41.86201 ], [ -7.4837658, 41.8672401 ], [ -7.4940326, 41.8719786 ], [ -7.4966205, 41.8706203 ], [ -7.503997, 41.8600318 ], [ -7.5018715, 41.8562082 ], [ -7.50651, 41.85059 ], [ -7.5462414, 41.8358902 ], [ -7.5507, 41.83338 ], [ -7.5665, 41.8309 ], [ -7.57816, 41.8315 ], [ -7.5835857, 41.8326624 ], [ -7.59012, 41.8701 ], [ -7.5747029, 41.8805903 ], [ -7.58055, 41.88112 ], [ -7.59084, 41.87855 ], [ -7.6027894, 41.8806804 ], [ -7.610923, 41.8821293 ], [ -7.63031, 41.87747 ], [ -7.64043, 41.87788 ], [ -7.64985, 41.88243 ], [ -7.68933, 41.90535 ], [ -7.69719, 41.90404 ], [ -7.7107166, 41.8973886 ], [ -7.71813, 41.8938 ], [ -7.73469, 41.89402 ], [ -7.74827, 41.89592 ], [ -7.75862, 41.89448 ], [ -7.79679, 41.87987 ], [ -7.81995, 41.87759 ], [ -7.85528, 41.85618 ], [ -7.87406, 41.85219 ], [ -7.88272, 41.92315 ], [ -7.89266, 41.9256 ], [ -7.9273, 41.87417 ], [ -7.97406, 41.86635 ], [ -7.9835534, 41.8529447 ], [ -8.0383014, 41.8191859 ], [ -8.11416, 41.80883 ], [ -8.12957, 41.81063 ], [ -8.1491833, 41.8164139 ], [ -8.19457, 41.88205 ], [ -8.204262, 41.8951157 ], [ -8.20748, 41.8996 ], [ -8.2013957, 41.9265107 ], [ -8.18254, 41.95138 ], [ -8.17689, 41.95453 ], [ -8.174403, 41.957396 ], [ -8.1721, 41.96005 ], [ -8.16801, 41.96765 ], [ -8.1628913, 41.9727955 ], [ -8.11058, 42.00476 ], [ -8.092211, 42.0121076 ], [ -8.08091, 42.05563 ], [ -8.0918334, 42.0675708 ], [ -8.09476, 42.07077 ], [ -8.1113224, 42.0771103 ], [ -8.1237, 42.07855 ], [ -8.14321, 42.07564 ], [ -8.17548, 42.0664 ], [ -8.1756405, 42.0687845 ], [ -8.18733, 42.14261 ], [ -8.19114, 42.14515 ], [ -8.1935081, 42.1452927 ], [ -8.1902995, 42.2129289 ], [ -8.264581, 42.252863 ], [ -8.2856852, 42.3187518 ], [ -8.3245015, 42.3692104 ], [ -8.3382621, 42.4334323 ], [ -8.3027283, 42.4902097 ], [ -8.1738597, 42.5719742 ], [ -8.1468354, 42.5486712 ], [ -8.048435, 42.5549062 ], [ -7.9307491, 42.5785999 ], [ -7.9119889, 42.5273253 ], [ -7.776458, 42.4610336 ], [ -7.6320955, 42.4074142 ], [ -7.4995755, 42.3894748 ], [ -7.38867, 42.4334537 ], [ -7.3069359, 42.4294472 ], [ -7.2296543, 42.3766141 ], [ -7.1718534, 42.3792309 ], [ -7.1480825, 42.4371531 ], [ -7.1010364, 42.4583063 ], [ -7.0770536, 42.5081899 ] ] ] ] } },
{ "type": "Feature", "properties": { "POLYGON_ID": "ESP_GAUL2012_ADM2_25819", "ADM0_ISO3": "ESP", "ADM0_NAME": "Spain", "ADM0_CODE": 229, "ADM1_NAME": "Galicia", "ADM1_CODE": 2728, "ADM2_NAME": "Pontevedra", "ADM2_CODE": 25819, "GEOSET": "GAUL", "GEOSET_YEAR": 2012.0, "GEOSET_VERSION": "GAUL_v1", "GEOSET_UNIT": "ADM2", "CENTROID_LONG": -8.4637133879456741, "CENTROID_LAT": 42.434467941974319 }, "geometry": { "type": "MultiPolygon", "coordinates": [ [ [ [ -7.9997322, 42.8488951 ], [ -7.9819793, 42.787974 ], [ -7.924674, 42.7356222 ], [ -7.861428, 42.7061994 ], [ -7.9307491, 42.5785999 ], [ -8.048435, 42.5549062 ], [ -8.1468354, 42.5486712 ], [ -8.1738597, 42.5719742 ], [ -8.3027283, 42.4902097 ], [ -8.3382621, 42.4334323 ], [ -8.3245015, 42.3692104 ], [ -8.2856852, 42.3187518 ], [ -8.264581, 42.252863 ], [ -8.1902995, 42.2129289 ], [ -8.1935081, 42.1452927 ], [ -8.19944, 42.14565 ], [ -8.21103, 42.13669 ], [ -8.2246381, 42.1330703 ], [ -8.22588, 42.13274 ], [ -8.2445422, 42.1302449 ], [ -8.25312, 42.12326 ], [ -8.26503, 42.12053 ], [ -8.31732, 42.09487 ], [ -8.32571, 42.09118 ], [ -8.3316563, 42.0903253 ], [ -8.36218, 42.09028 ], [ -8.37588, 42.08298 ], [ -8.42918, 42.0813 ], [ -8.45563, 42.08229 ], [ -8.4893036, 42.078576 ], [ -8.50287, 42.07979 ], [ -8.505291, 42.0792612 ], [ -8.51166, 42.07787 ], [ -8.5399271, 42.0551018 ], [ -8.55829, 42.05216 ], [ -8.58963, 42.05455 ], [ -8.5958893, 42.0552973 ], [ -8.6041196, 42.0543315 ], [ -8.61468, 42.05218 ], [ -8.6487193, 42.0233289 ], [ -8.65356, 42.00999 ], [ -8.6810935, 41.9885434 ], [ -8.73761, 41.96481 ], [ -8.76117, 41.92488 ], [ -8.7703598, 41.9207518 ], [ -8.7871421, 41.9147618 ], [ -8.7998056, 41.909584 ], [ -8.8696842, 41.8702316 ], [ -8.8867941, 41.9216423 ], [ -8.8937702, 42.1084251 ], [ -8.8250723, 42.1480064 ], [ -8.8071241, 42.189209 ], [ -8.6359386, 42.2906647 ], [ -8.7254839, 42.2846451 ], [ -8.7894421, 42.249424 ], [ -8.8189077, 42.2864418 ], [ -8.7067242, 42.3982887 ], [ -8.8315077, 42.3861694 ], [ -8.8989496, 42.4782219 ], [ -8.7631111, 42.6058693 ], [ -8.7470122, 42.6528611 ], [ -8.7163182, 42.7066066 ], [ -8.5595837, 42.7556044 ], [ -8.4311471, 42.7461764 ], [ -8.3296405, 42.8242398 ], [ -8.2103899, 42.8236943 ], [ -8.1837157, 42.8600191 ], [ -8.0447677, 42.8319155 ], [ -7.9997322, 42.8488951 ] ] ] ] } },
{ "type": "Feature", "properties": { "POLYGON_ID": "ESP_GAUL2012_ADM2_25788", "ADM0_ISO3": "ESP", "ADM0_NAME": "Spain", "ADM0_CODE": 229, "ADM1_NAME": "Illes Balears", "ADM1_CODE": 2719, "ADM2_NAME": "Illes Balears", "ADM2_CODE": 25788, "GEOSET": "GAUL", "GEOSET_YEAR": 2012.0, "GEOSET_VERSION": "GAUL_v1", "GEOSET_UNIT": "ADM2", "CENTROID_LONG": 2.9240740513864134, "CENTROID_LAT": 39.583541313722762 }, "geometry": { "type": "MultiPolygon", "coordinates": [ [ [ [ 4.0957001, 40.0774127 ], [ 4.1205192, 40.0457268 ], [ 4.211585, 40.0159683 ], [ 4.3113399, 39.8766251 ], [ 4.2696629, 39.8142281 ], [ 4.229991, 39.8199463 ], [ 4.0134158, 39.9259682 ], [ 3.924943, 39.9403267 ], [ 3.812669, 39.9302444 ], [ 3.822742, 39.9771881 ], [ 3.7947009, 40.0154305 ], [ 3.8221679, 40.056736 ], [ 3.931695, 40.0688133 ], [ 3.984323, 40.0566559 ], [ 4.0957001, 40.0774127 ] ] ], [ [ [ 3.2028821, 39.9526482 ], [ 3.0815532, 39.9015465 ], [ 3.1346991, 39.7785416 ], [ 3.2358623, 39.7312775 ], [ 3.328819, 39.7619705 ], [ 3.3407481, 39.7866402 ], [ 3.4490831, 39.7260437 ], [ 3.453913, 39.6536369 ], [ 3.40294, 39.6332779 ], [ 3.3717852, 39.5535622 ], [ 3.2908843, 39.490963 ], [ 3.274286, 39.4341736 ], [ 3.2230129, 39.3585167 ], [ 3.141644, 39.3297691 ], [ 3.065511, 39.2659035 ], [ 2.9828789, 39.322155 ], [ 2.973016, 39.3539734 ], [ 2.7893181, 39.362896 ], [ 2.742425, 39.4008522 ], [ 2.7219152, 39.4738617 ], [ 2.7333572, 39.5215149 ], [ 2.672291, 39.5583191 ], [ 2.6286612, 39.560051 ], [ 2.5441091, 39.5225754 ], [ 2.5226841, 39.4553566 ], [ 2.4795291, 39.4728241 ], [ 2.45349, 39.5326958 ], [ 2.389343, 39.5222855 ], [ 2.3443701, 39.5832939 ], [ 2.5309801, 39.7003822 ], [ 2.5594311, 39.7008858 ], [ 2.672055, 39.7924423 ], [ 2.7742872, 39.8533974 ], [ 2.845015, 39.8638077 ], [ 2.9498601, 39.9203949 ], [ 3.0617771, 39.9197998 ], [ 3.167968, 39.9587479 ], [ 3.2028821, 39.9526482 ] ] ], [ [ [ 1.549031, 39.1047935 ], [ 1.6185942, 39.0361748 ], [ 1.5333492, 38.9801788 ], [ 1.473815, 38.9144096 ], [ 1.416208, 38.8980484 ], [ 1.402719, 38.8494148 ], [ 1.2167891, 38.9031868 ], [ 1.2300371, 38.9742966 ], [ 1.2983191, 38.9805794 ], [ 1.291211, 39.0286713 ], [ 1.3578922, 39.0736885 ], [ 1.45541, 39.0994148 ], [ 1.549031, 39.1047935 ] ] ], [ [ [ 1.4572182, 38.7261635 ], [ 1.461392, 38.6865311 ], [ 1.3837461, 38.6444092 ], [ 1.3812411, 38.7196579 ], [ 1.4572182, 38.7261635 ] ] ] ] } },
{ "type": "Feature", "properties": { "POLYGON_ID": "ESP_GAUL2012_ADM2_25827", "ADM0_ISO3": "ESP", "ADM0_NAME": "Spain", "ADM0_CODE": 229, "ADM1_NAME": "La Rioja", "ADM1_CODE": 2734, "ADM2_NAME": "La Rioja", "ADM2_CODE": 25827, "GEOSET": "GAUL", "GEOSET_YEAR": 2012.0, "GEOSET_VERSION": "GAUL_v1", "GEOSET_UNIT": "ADM2", "CENTROID_LONG": -2.5183605905101629, "CENTROID_LAT": 42.274958615427337 }, "geometry": { "type": "MultiPolygon", "coordinates": [ [ [ [ -2.8580931, 42.6382054 ], [ -2.7797495, 42.5799374 ], [ -2.7637203, 42.6228365 ], [ -2.6849788, 42.5872985 ], [ -2.7054945, 42.516765 ], [ -2.5543487, 42.4840355 ], [ -2.4205822, 42.4892347 ], [ -2.3462506, 42.4514705 ], [ -2.2876662, 42.4603784 ], [ -2.2087221, 42.4146594 ], [ -2.1396801, 42.4205645 ], [ -2.0875484, 42.3836241 ], [ -1.9732909, 42.3535499 ], [ -1.8023258, 42.2234288 ], [ -1.7092392, 42.20999 ], [ -1.6902688, 42.1483977 ], [ -1.781981, 42.1377365 ], [ -1.8216189, 42.1535695 ], [ -1.8920318, 42.0859859 ], [ -1.9015767, 42.02968 ], [ -1.8471849, 42.0079991 ], [ -1.8565412, 41.9664022 ], [ -1.9814424, 41.919034 ], [ -2.0283144, 41.9533864 ], [ -2.1160963, 41.9635711 ], [ -2.1170083, 42.0215083 ], [ -2.1619128, 42.0667337 ], [ -2.3182049, 42.1451806 ], [ -2.4384616, 42.1372681 ], [ -2.5520328, 42.0456046 ], [ -2.579909, 41.9962638 ], [ -2.6846519, 42.0006624 ], [ -2.7557449, 42.0239295 ], [ -2.708421, 42.0862879 ], [ -2.774851, 42.1235359 ], [ -2.7983353, 42.0473309 ], [ -2.8838258, 42.0094871 ], [ -2.9136238, 42.0228521 ], [ -2.9353327, 42.0894077 ], [ -3.0343734, 42.0859632 ], [ -3.1288638, 42.2009351 ], [ -3.0885894, 42.2457251 ], [ -3.1092564, 42.3518812 ], [ -3.0531427, 42.373418 ], [ -3.0460039, 42.4451541 ], [ -3.1342714, 42.5420529 ], [ -3.0635377, 42.5913117 ], [ -3.0693539, 42.638778 ], [ -3.0047559, 42.6442647 ], [ -2.8835267, 42.6244276 ], [ -2.8580931, 42.6382054 ] ] ] ] } },
{ "type": "Feature", "properties": { "POLYGON_ID": "ESP_GAUL2012_ADM2_25824", "ADM0_ISO3": "ESP", "ADM0_NAME": "Spain", "ADM0_CODE": 229, "ADM1_NAME": "País Vasco\/Euskadi", "ADM1_CODE": 2733, "ADM2_NAME": "Araba\/Álava", "ADM2_CODE": 25824, "GEOSET": "GAUL", "GEOSET_YEAR": 2012.0, "GEOSET_VERSION": "GAUL_v1", "GEOSET_UNIT": "ADM2", "CENTROID_LONG": -2.7188091057132198, "CENTROID_LAT": 42.831242989617152 }, "geometry": { "type": "MultiPolygon", "coordinates": [ [ [ [ -2.5463872, 43.0880091 ], [ -2.5408179, 43.0249317 ], [ -2.6009403, 43.0013666 ], [ -2.5810235, 42.964257 ], [ -2.4054397, 42.9589201 ], [ -2.2507806, 42.8957312 ], [ -2.2358131, 42.8344871 ], [ -2.2810114, 42.785134 ], [ -2.2662074, 42.7529446 ], [ -2.3236708, 42.7244095 ], [ -2.2884808, 42.6550691 ], [ -2.3760527, 42.6372632 ], [ -2.4500752, 42.6472526 ], [ -2.4906973, 42.5876881 ], [ -2.3993261, 42.5978799 ], [ -2.3922024, 42.5169523 ], [ -2.4205822, 42.4892347 ], [ -2.5543487, 42.4840355 ], [ -2.7054945, 42.516765 ], [ -2.6849788, 42.5872985 ], [ -2.7637203, 42.6228365 ], [ -2.7797495, 42.5799374 ], [ -2.8580931, 42.6382054 ], [ -2.9025017, 42.6936027 ], [ -2.9870036, 42.7088538 ], [ -3.0496535, 42.7656061 ], [ -3.1366404, 42.7654822 ], [ -3.1592288, 42.8045914 ], [ -3.1498863, 42.8613198 ], [ -3.2367591, 42.8379312 ], [ -3.2826087, 42.8755144 ], [ -3.2247293, 42.9496917 ], [ -3.1447316, 42.9346824 ], [ -3.1265311, 42.9040593 ], [ -3.018906, 42.908512 ], [ -2.9814709, 42.938805 ], [ -3.0369574, 42.9822321 ], [ -3.0889899, 43.0016366 ], [ -3.1447893, 43.006839 ], [ -3.1339407, 43.0972342 ], [ -3.1817864, 43.1208787 ], [ -3.1413618, 43.1615382 ], [ -3.1113396, 43.1434984 ], [ -3.0269004, 43.1613693 ], [ -2.9786792, 43.1978214 ], [ -2.936601, 43.1355196 ], [ -2.9729289, 43.0954535 ], [ -2.8941641, 43.0464208 ], [ -2.7697518, 43.0268583 ], [ -2.6668823, 43.0314304 ], [ -2.6330506, 43.087041 ], [ -2.5463872, 43.0880091 ] ], [ [ -2.8277072, 42.787973 ], [ -2.856948, 42.7375831 ], [ -2.784503, 42.698942 ], [ -2.7678998, 42.6660109 ], [ -2.66096, 42.671912 ], [ -2.5625725, 42.7412806 ], [ -2.7315527, 42.7945131 ], [ -2.8277072, 42.787973 ] ] ] ] } },
{ "type": "Feature", "properties": { "POLYGON_ID": "ESP_GAUL2012_ADM2_25826", "ADM0_ISO3": "ESP", "ADM0_NAME": "Spain", "ADM0_CODE": 229, "ADM1_NAME": "País Vasco\/Euskadi", "ADM1_CODE": 2733, "ADM2_NAME": "Bizkaia", "ADM2_CODE": 25826, "GEOSET": "GAUL", "GEOSET_YEAR": 2012.0, "GEOSET_VERSION": "GAUL_v1", "GEOSET_UNIT": "ADM2", "CENTROID_LONG": -2.8527065696414997, "CENTROID_LAT": 43.242168450338944 }, "geometry": { "type": "MultiPolygon", "coordinates": [ [ [ [ -2.4113959, 43.3231243 ], [ -2.4180612, 43.2676021 ], [ -2.5075407, 43.1643695 ], [ -2.5052017, 43.0946527 ], [ -2.5463872, 43.0880091 ], [ -2.6330506, 43.087041 ], [ -2.6668823, 43.0314304 ], [ -2.7697518, 43.0268583 ], [ -2.8941641, 43.0464208 ], [ -2.9729289, 43.0954535 ], [ -2.936601, 43.1355196 ], [ -2.9786792, 43.1978214 ], [ -3.0269004, 43.1613693 ], [ -3.1113396, 43.1434984 ], [ -3.1413618, 43.1615382 ], [ -3.278113, 43.1944265 ], [ -3.417608, 43.1333161 ], [ -3.4417896, 43.2355514 ], [ -3.3431284, 43.29428 ], [ -3.209506, 43.2835377 ], [ -3.1573265, 43.3013196 ], [ -3.1526174, 43.3546613 ], [ -3.0265861, 43.3791008 ], [ -2.9443829, 43.43153 ], [ -2.7340569, 43.4292717 ], [ -2.5423601, 43.3754654 ], [ -2.506305, 43.3760757 ], [ -2.4113959, 43.3231243 ] ] ] ] } },
{ "type": "Feature", "properties": { "POLYGON_ID": "ESP_GAUL2012_ADM2_25825", "ADM0_ISO3": "ESP", "ADM0_NAME": "Spain", "ADM0_CODE": 229, "ADM1_NAME": "País Vasco\/Euskadi", "ADM1_CODE": 2733, "ADM2_NAME": "Gipuzkoa", "ADM2_CODE": 25825, "GEOSET": "GAUL", "GEOSET_YEAR": 2012.0, "GEOSET_VERSION": "GAUL_v1", "GEOSET_UNIT": "ADM2", "CENTROID_LONG": -2.1962730161373325, "CENTROID_LAT": 43.141397482369435 }, "geometry": { "type": "MultiPolygon", "coordinates": [ [ [ [ -1.788518, 43.3555069 ], [ -1.7798, 43.34894 ], [ -1.73551, 43.31336 ], [ -1.7333062, 43.3074441 ], [ -1.7344564, 43.3073241 ], [ -1.7338662, 43.3034461 ], [ -1.7293689, 43.2938231 ], [ -1.7404082, 43.2953243 ], [ -1.783243, 43.2868198 ], [ -1.7949753, 43.2469295 ], [ -1.9228832, 43.1789881 ], [ -1.9236674, 43.1154491 ], [ -2.0228242, 43.0651932 ], [ -2.0383383, 42.9809944 ], [ -2.1295007, 42.9393748 ], [ -2.2102576, 42.9499119 ], [ -2.2507806, 42.8957312 ], [ -2.4054397, 42.9589201 ], [ -2.5810235, 42.964257 ], [ -2.6009403, 43.0013666 ], [ -2.5408179, 43.0249317 ], [ -2.5463872, 43.0880091 ], [ -2.5052017, 43.0946527 ], [ -2.5075407, 43.1643695 ], [ -2.4180612, 43.2676021 ], [ -2.4113959, 43.3231243 ], [ -2.284462, 43.2964325 ], [ -2.2274461, 43.3120422 ], [ -2.1718202, 43.2891655 ], [ -1.882732, 43.3509712 ], [ -1.788518, 43.3555069 ] ] ] ] } },
{ "type": "Feature", "properties": { "POLYGON_ID": "ESP_GAUL2012_ADM2_25787", "ADM0_ISO3": "ESP", "ADM0_NAME": "Spain", "ADM0_CODE": 229, "ADM1_NAME": "Principado de Asturias", "ADM1_CODE": 2718, "ADM2_NAME": "Asturias", "ADM2_CODE": 25787, "GEOSET": "GAUL", "GEOSET_YEAR": 2012.0, "GEOSET_VERSION": "GAUL_v1", "GEOSET_UNIT": "ADM2", "CENTROID_LONG": -5.9895503449031295, "CENTROID_LAT": 43.293815031854599 }, "geometry": { "type": "MultiPolygon", "coordinates": [ [ [ [ -4.5129742, 43.3913365 ], [ -4.5309984, 43.3608754 ], [ -4.5224255, 43.27904 ], [ -4.5991598, 43.2988654 ], [ -4.6591666, 43.2645498 ], [ -4.7062701, 43.2662519 ], [ -4.7384259, 43.1863831 ], [ -4.8410232, 43.18078 ], [ -4.8929277, 43.2382015 ], [ -4.9960649, 43.186149 ], [ -5.0645702, 43.1795573 ], [ -5.1017354, 43.1018464 ], [ -5.1673779, 43.1027919 ], [ -5.2821211, 43.0774279 ], [ -5.3831036, 43.0872368 ], [ -5.5404098, 43.0183527 ], [ -5.6933491, 43.0564809 ], [ -5.7283758, 43.0425132 ], [ -5.7655711, 42.969224 ], [ -5.8503259, 42.9674041 ], [ -5.9567445, 43.0185933 ], [ -5.9737856, 43.0644784 ], [ -6.1366674, 43.0209929 ], [ -6.1860914, 43.0495472 ], [ -6.2384572, 43.0143819 ], [ -6.3970707, 43.0380779 ], [ -6.4511965, 42.9354843 ], [ -6.5465669, 42.9121534 ], [ -6.6129263, 42.9245539 ], [ -6.7231924, 42.9173776 ], [ -6.7706706, 42.8986238 ], [ -6.8241894, 42.915061 ], [ -6.870742, 42.9881719 ], [ -6.9406382, 43.0113897 ], [ -6.9393894, 43.0826881 ], [ -6.8276044, 43.1231873 ], [ -6.8706099, 43.1828557 ], [ -6.9194442, 43.1409979 ], [ -6.9644703, 43.1903868 ], [ -7.0615906, 43.2440479 ], [ -7.0641671, 43.3017305 ], [ -7.1316502, 43.3340513 ], [ -7.1769623, 43.3840903 ], [ -7.1729879, 43.4304133 ], [ -7.1033107, 43.4269074 ], [ -7.0482845, 43.4821195 ], [ -7.0265489, 43.5454025 ], [ -6.9355187, 43.5752373 ], [ -6.4926739, 43.5522537 ], [ -6.355824, 43.5572815 ], [ -6.2307391, 43.5972786 ], [ -6.1858582, 43.5719109 ], [ -6.068377, 43.5659752 ], [ -6.031323, 43.5920868 ], [ -5.9589009, 43.5852165 ], [ -5.9086938, 43.6266632 ], [ -5.82407, 43.6454659 ], [ -5.7750511, 43.6284409 ], [ -5.6877851, 43.5477638 ], [ -5.407701, 43.5575714 ], [ -5.3833208, 43.534771 ], [ -5.2950959, 43.5369339 ], [ -5.210289, 43.4762688 ], [ -5.1221809, 43.4874573 ], [ -5.064229, 43.4670677 ], [ -4.949894, 43.4617615 ], [ -4.7667861, 43.4334984 ], [ -4.7314072, 43.4155846 ], [ -4.5129742, 43.3913365 ] ] ] ] } },
{ "type": "Feature", "properties": { "POLYGON_ID": "ESP_GAUL2012_ADM2_25822", "ADM0_ISO3": "ESP", "ADM0_NAME": "Spain", "ADM0_CODE": 229, "ADM1_NAME": "Región de Murcia", "ADM1_CODE": 2731, "ADM2_NAME": "Murcia", "ADM2_CODE": 25822, "GEOSET": "GAUL", "GEOSET_YEAR": 2012.0, "GEOSET_VERSION": "GAUL_v1", "GEOSET_UNIT": "ADM2", "CENTROID_LONG": -1.4862559014917147, "CENTROID_LAT": 38.001030190774841 }, "geometry": { "type": "MultiPolygon", "coordinates": [ [ [ [ -1.0269335, 38.6555173 ], [ -1.0015689, 38.5726745 ], [ -1.0136454, 38.4967301 ], [ -1.0820939, 38.4411293 ], [ -1.0843838, 38.3462163 ], [ -0.9891526, 38.3208771 ], [ -0.9685965, 38.2557597 ], [ -0.9885456, 38.1995315 ], [ -1.0367615, 38.1377197 ], [ -1.0225994, 38.0756905 ], [ -0.9211884, 37.944238 ], [ -0.8302526, 37.8642579 ], [ -0.7603959, 37.8476446 ], [ -0.8040141, 37.7724648 ], [ -0.8589191, 37.719265 ], [ -0.814007, 37.662693 ], [ -0.7327729, 37.6310349 ], [ -0.732511, 37.6012268 ], [ -0.817601, 37.5745621 ], [ -0.8759471, 37.5764122 ], [ -0.924965, 37.5529099 ], [ -0.985715, 37.5817871 ], [ -1.0705221, 37.5840607 ], [ -1.121049, 37.5522423 ], [ -1.220541, 37.5715218 ], [ -1.320768, 37.5590897 ], [ -1.3952751, 37.506031 ], [ -1.4512421, 37.4851227 ], [ -1.480119, 37.4431419 ], [ -1.6265747, 37.3728686 ], [ -1.7370751, 37.4426335 ], [ -1.8452611, 37.4548269 ], [ -2.0119233, 37.6725375 ], [ -1.9958323, 37.7280473 ], [ -2.0088359, 37.7749512 ], [ -1.9952772, 37.841385 ], [ -2.0532947, 37.8802661 ], [ -2.1232036, 37.9005521 ], [ -2.1720119, 37.8886894 ], [ -2.2076727, 37.9165701 ], [ -2.2800851, 37.9631183 ], [ -2.3416322, 38.0260005 ], [ -2.330066, 38.0648619 ], [ -2.2616497, 38.1129593 ], [ -2.212939, 38.2030223 ], [ -2.1146364, 38.2377319 ], [ -2.0637716, 38.2975925 ], [ -2.0001563, 38.283964 ], [ -1.9075365, 38.2979618 ], [ -1.7428747, 38.3811754 ], [ -1.6875574, 38.3658255 ], [ -1.6702464, 38.3116494 ], [ -1.5828157, 38.3134727 ], [ -1.4785473, 38.3763832 ], [ -1.4815735, 38.4893373 ], [ -1.4987327, 38.5320561 ], [ -1.4520011, 38.5814598 ], [ -1.4476981, 38.6495175 ], [ -1.402218, 38.6907967 ], [ -1.3440691, 38.6771019 ], [ -1.2627774, 38.7302118 ], [ -1.1836351, 38.7550852 ], [ -1.0269335, 38.6555173 ] ] ] ] } }
]
}
