{
"type": "FeatureCollection",
"name": "GHA_GAUL1990_ADM2",
"crs": { "type": "name", "properties": { "name": "urn:ogc:def:crs:OGC:1.3:CRS84" } },
"features": [
{ "type": "Feature", "properties": { "POLYGON_ID": "GHA_GAUL1990_ADM2_16621", "ADM0_ISO3": "GHA", "ADM0_NAME": "Ghana", "ADM0_CODE": 94, "ADM1_NAME": "Greater Accra", "ADM1_CODE": 1328, "ADM2_NAME": "Accra", "ADM2_CODE": 16621, "GEOSET": "GAUL", "GEOSET_YEAR": 1990.0, "GEOSET_VERSION": "GAUL_v1", "GEOSET_UNIT": "ADM2", "CENTROID_LONG": -0.18471368594145662, "CENTROID_LAT": 5.592782347966299 }, "geometry": { "type": "MultiPolygon", "coordinates": [ [ [ [ -0.155613, 5.6570113 ], [ -0.0560918, 5.6067889 ], [ -0.073103, 5.589764 ], [ -0.2086931, 5.532913 ], [ -0.2733955, 5.5185547 ], [ -0.2827711, 5.5828423 ], [ -0.1935421, 5.6644959 ], [ -0.155613, 5.6570113 ] ] ] ] } },
{ "type": "Feature", "properties": { "POLYGON_ID": "GHA_GAUL1990_ADM2_16586", "ADM0_ISO3": "GHA", "ADM0_NAME": "Ghana", "ADM0_CODE": 94, "ADM1_NAME": "Brong Ahafo", "ADM1_CODE": 1325, "ADM2_NAME": "Dormaa", "ADM2_CODE": 16586, "GEOSET": "GAUL", "GEOSET_YEAR": 1990.0, "GEOSET_VERSION": "GAUL_v1", "GEOSET_UNIT": "ADM2", "CENTROID_LONG": -2.832538280488452, "CENTROID_LAT": 7.1866387926687985 }, "geometry": { "type": "MultiPolygon", "coordinates": [ [ [ [ -2.7968739, 7.4594796 ], [ -2.7812586, 7.4686057 ], [ -2.6964642, 7.3776593 ], [ -2.6094775, 7.3253753 ], [ -2.5136213, 7.2871516 ], [ -2.4924738, 7.2167897 ], [ -2.5561101, 7.227879 ], [ -2.6515923, 7.1389131 ], [ -2.7533814, 7.0759104 ], [ -2.770868, 7.0191408 ], [ -2.8474753, 6.9509364 ], [ -2.8650181, 6.8490183 ], [ -2.9403119, 6.939114 ], [ -3.0340796, 6.9248468 ], [ -3.0729835, 6.9410718 ], [ -3.0759614, 6.96949 ], [ -3.0924365, 6.9770457 ], [ -3.096689, 6.9879531 ], [ -3.1093476, 6.9996576 ], [ -3.1120829, 7.0009906 ], [ -3.1146031, 7.0022189 ], [ -3.1167611, 7.0032706 ], [ -3.1168342, 7.0033062 ], [ -3.115597, 7.0056157 ], [ -3.0789646, 7.0562393 ], [ -3.069816, 7.0600432 ], [ -3.0645125, 7.0622484 ], [ -3.0381058, 7.0700588 ], [ -3.0315208, 7.070911 ], [ -3.0240835, 7.1419784 ], [ -2.9542701, 7.2357955 ], [ -2.972967, 7.2624559 ], [ -2.9766977, 7.2677757 ], [ -2.9765566, 7.2693615 ], [ -2.9713329, 7.3280403 ], [ -2.9476249, 7.4519729 ], [ -2.9413965, 7.4693177 ], [ -2.9380977, 7.4785044 ], [ -2.9372783, 7.4777637 ], [ -2.93613, 7.4767256 ], [ -2.9357722, 7.4761858 ], [ -2.934914, 7.4756081 ], [ -2.9340204, 7.4744906 ], [ -2.9317157, 7.4725526 ], [ -2.9275401, 7.4666135 ], [ -2.9260781, 7.4598387 ], [ -2.91448, 7.4526146 ], [ -2.9037051, 7.4229016 ], [ -2.8890909, 7.4235702 ], [ -2.7968739, 7.4594796 ] ] ] ] } },
{ "type": "Feature", "properties": { "POLYGON_ID": "GHA_GAUL1990_ADM2_16580", "ADM0_ISO3": "GHA", "ADM0_NAME": "Ghana", "ADM0_CODE": 94, "ADM1_NAME": "Ashanti", "ADM1_CODE": 1324, "ADM2_NAME": "Sekyere East", "ADM2_CODE": 16580, "GEOSET": "GAUL", "GEOSET_YEAR": 1990.0, "GEOSET_VERSION": "GAUL_v1", "GEOSET_UNIT": "ADM2", "CENTROID_LONG": -0.83627662934122915, "CENTROID_LAT": 7.1491479779268081 }, "geometry": { "type": "MultiPolygon", "coordinates": [ [ [ [ -0.2389752, 7.1997237 ], [ -0.2833569, 7.191365 ], [ -0.3170329, 7.1465849 ], [ -0.3880655, 7.1152893 ], [ -0.4925947, 7.1221646 ], [ -0.6127377, 7.152828 ], [ -0.6206152, 7.1320911 ], [ -0.5911535, 7.0416458 ], [ -0.5649667, 7.0160431 ], [ -0.5749698, 6.9596998 ], [ -0.6525391, 6.9268748 ], [ -0.7230289, 6.9497024 ], [ -0.7559659, 6.9129886 ], [ -0.7936787, 6.8810137 ], [ -0.8609688, 6.9809064 ], [ -0.9265872, 7.0287586 ], [ -1.0021418, 7.0307333 ], [ -1.070513, 6.9734669 ], [ -1.0655777, 6.9010131 ], [ -1.0973686, 6.8796088 ], [ -1.1047602, 6.7984185 ], [ -1.1515081, 6.7747801 ], [ -1.2473605, 6.8348963 ], [ -1.2472032, 6.682524 ], [ -1.2678741, 6.6582378 ], [ -1.3535633, 6.7245795 ], [ -1.3497806, 6.791472 ], [ -1.4403566, 6.8696219 ], [ -1.4043834, 6.9164148 ], [ -1.382931, 6.9501946 ], [ -1.2868157, 6.9808053 ], [ -1.2547817, 6.9646055 ], [ -1.1908044, 7.0061574 ], [ -1.1600833, 7.049997 ], [ -1.0812347, 7.122666 ], [ -0.9637475, 7.1587543 ], [ -0.9437182, 7.2443549 ], [ -0.9083146, 7.2940139 ], [ -0.9148512, 7.4021213 ], [ -1.0378881, 7.4041054 ], [ -1.0726241, 7.4245585 ], [ -1.0703946, 7.4884575 ], [ -1.0410547, 7.5249535 ], [ -0.9834793, 7.5319873 ], [ -0.9254664, 7.5011638 ], [ -0.8655801, 7.5177879 ], [ -0.777027, 7.5034978 ], [ -0.6893929, 7.5313454 ], [ -0.6502918, 7.4994292 ], [ -0.6544315, 7.4281794 ], [ -0.5989318, 7.3460119 ], [ -0.4918926, 7.3405553 ], [ -0.2622181, 7.2642625 ], [ -0.2389752, 7.1997237 ] ] ] ] } },
{ "type": "Feature", "properties": { "POLYGON_ID": "GHA_GAUL1990_ADM2_16600", "ADM0_ISO3": "GHA", "ADM0_NAME": "Ghana", "ADM0_CODE": 94, "ADM1_NAME": "Central", "ADM1_CODE": 1326, "ADM2_NAME": "Awutu\/Efutu\/Senya", "ADM2_CODE": 16600, "GEOSET": "GAUL", "GEOSET_YEAR": 1990.0, "GEOSET_VERSION": "GAUL_v1", "GEOSET_UNIT": "ADM2", "CENTROID_LONG": -0.53446550309582519, "CENTROID_LAT": 5.5650722087010847 }, "geometry": { "type": "MultiPolygon", "coordinates": [ [ [ [ -0.5105957, 5.7334675 ], [ -0.4939335, 5.6515677 ], [ -0.4279604, 5.6147908 ], [ -0.4001773, 5.562925 ], [ -0.4145521, 5.5279717 ], [ -0.4741419, 5.5578495 ], [ -0.5395853, 5.5113654 ], [ -0.5676911, 5.5807722 ], [ -0.6232269, 5.7184106 ], [ -0.5677284, 5.7367416 ], [ -0.5105957, 5.7334675 ] ] ], [ [ [ -0.4747242, 5.4064527 ], [ -0.503268, 5.376284 ], [ -0.592528, 5.356807 ], [ -0.6400767, 5.3276003 ], [ -0.6722317, 5.3673735 ], [ -0.6133283, 5.4045275 ], [ -0.5330037, 5.4179809 ], [ -0.4747242, 5.4064527 ] ] ] ] } },
{ "type": "Feature", "properties": { "POLYGON_ID": "GHA_GAUL1990_ADM2_16622", "ADM0_ISO3": "GHA", "ADM0_NAME": "Ghana", "ADM0_CODE": 94, "ADM1_NAME": "Greater Accra", "ADM1_CODE": 1328, "ADM2_NAME": "Dangbe East", "ADM2_CODE": 16622, "GEOSET": "GAUL", "GEOSET_YEAR": 1990.0, "GEOSET_VERSION": "GAUL_v1", "GEOSET_UNIT": "ADM2", "CENTROID_LONG": 0.48109919636088322, "CENTROID_LAT": 5.8680624737793963 }, "geometry": { "type": "MultiPolygon", "coordinates": [ [ [ [ 0.498714, 5.9883478 ], [ 0.5237494, 5.9521952 ], [ 0.5813717, 5.9250424 ], [ 0.6200044, 5.8315521 ], [ 0.6876828, 5.775062 ], [ 0.6864977, 5.7737357 ], [ 0.6841477, 5.7718611 ], [ 0.6823459, 5.7720597 ], [ 0.446043, 5.788933 ], [ 0.3504266, 5.7848886 ], [ 0.3435981, 5.9512192 ], [ 0.498714, 5.9883478 ] ] ] ] } },
{ "type": "Feature", "properties": { "POLYGON_ID": "GHA_GAUL1990_ADM2_16623", "ADM0_ISO3": "GHA", "ADM0_NAME": "Ghana", "ADM0_CODE": 94, "ADM1_NAME": "Greater Accra", "ADM1_CODE": 1328, "ADM2_NAME": "Dangbe West", "ADM2_CODE": 16623, "GEOSET": "GAUL", "GEOSET_YEAR": 1990.0, "GEOSET_VERSION": "GAUL_v1", "GEOSET_UNIT": "ADM2", "CENTROID_LONG": 0.14566731273839095, "CENTROID_LAT": 5.9019946331746942 }, "geometry": { "type": "MultiPolygon", "coordinates": [ [ [ [ 0.3435981, 5.9512192 ], [ 0.3504266, 5.7848886 ], [ 0.1858019, 5.7443473 ], [ 0.126141, 5.7074702 ], [ 0.066797, 5.6926983 ], [ 0.0656649, 5.7174044 ], [ -0.001515, 5.7385983 ], [ -0.0616723, 5.7965138 ], [ -0.0833607, 5.8559492 ], [ -0.1224299, 5.8774688 ], [ -0.0065667, 5.9684255 ], [ -0.0098686, 6.0076393 ], [ 0.0179025, 6.0364484 ], [ 0.0881033, 6.0597773 ], [ 0.143371, 6.0981454 ], [ 0.1465496, 6.1064377 ], [ 0.2353663, 6.1062397 ], [ 0.3375657, 6.0445026 ], [ 0.3435981, 5.9512192 ] ] ] ] } },
{ "type": "Feature", "properties": { "POLYGON_ID": "GHA_GAUL1990_ADM2_16663", "ADM0_ISO3": "GHA", "ADM0_NAME": "Ghana", "ADM0_CODE": 94, "ADM1_NAME": "Western", "ADM1_CODE": 1333, "ADM2_NAME": "Aowin Suaman", "ADM2_CODE": 16663, "GEOSET": "GAUL", "GEOSET_YEAR": 1990.0, "GEOSET_VERSION": "GAUL_v1", "GEOSET_UNIT": "ADM2", "CENTROID_LONG": -2.7991856820262191, "CENTROID_LAT": 5.8046103851274626 }, "geometry": { "type": "MultiPolygon", "coordinates": [ [ [ [ -2.9484448, 6.162751 ], [ -2.9253352, 6.1245752 ], [ -2.9274029, 6.0592382 ], [ -2.8769614, 5.9719927 ], [ -2.7500087, 5.9609142 ], [ -2.7246415, 5.986554 ], [ -2.6778234, 5.9629726 ], [ -2.6074552, 5.9594976 ], [ -2.5586161, 5.975974 ], [ -2.497391, 5.9144625 ], [ -2.5197882, 5.8310865 ], [ -2.5780446, 5.7576471 ], [ -2.5512625, 5.6869665 ], [ -2.5755858, 5.6672498 ], [ -2.5651851, 5.5799378 ], [ -2.5789953, 5.5109733 ], [ -2.6180312, 5.4097332 ], [ -2.6997253, 5.3397595 ], [ -2.7248036, 5.3427344 ], [ -2.7244573, 5.3883596 ], [ -2.7343942, 5.4084526 ], [ -2.7477555, 5.4354699 ], [ -2.7650458, 5.5296527 ], [ -2.7632668, 5.5914807 ], [ -2.7595065, 5.5968861 ], [ -2.7909967, 5.6281572 ], [ -2.7940686, 5.6231419 ], [ -2.8484219, 5.6472153 ], [ -2.8578256, 5.6516664 ], [ -2.8590521, 5.6510338 ], [ -2.8635973, 5.6486894 ], [ -2.8699877, 5.6408208 ], [ -2.8739999, 5.6411342 ], [ -2.8797048, 5.6376235 ], [ -2.8801208, 5.6373384 ], [ -2.887293, 5.6324209 ], [ -2.9363909, 5.6167744 ], [ -2.9363909, 5.6214504 ], [ -2.9457428, 5.6331403 ], [ -2.9554545, 5.6331403 ], [ -2.9648065, 5.6387155 ], [ -2.9659078, 5.6408809 ], [ -2.9535327, 5.715956 ], [ -3.0255221, 5.7094851 ], [ -3.0269578, 5.709356 ], [ -3.0269212, 5.7100441 ], [ -3.0266985, 5.7142281 ], [ -3.0252804, 5.7408699 ], [ -3.0193625, 5.8520495 ], [ -3.0689933, 5.9794799 ], [ -3.0723207, 5.9880232 ], [ -3.1014238, 6.1507145 ], [ -3.1300351, 6.2053493 ], [ -3.0891015, 6.2282022 ], [ -3.0312372, 6.2228798 ], [ -2.9667804, 6.1953928 ], [ -2.9484448, 6.162751 ] ] ] ] } },
{ "type": "Feature", "properties": { "POLYGON_ID": "GHA_GAUL1990_ADM2_16667", "ADM0_ISO3": "GHA", "ADM0_NAME": "Ghana", "ADM0_CODE": 94, "ADM1_NAME": "Western", "ADM1_CODE": 1333, "ADM2_NAME": "Mpohor Wassa", "ADM2_CODE": 16667, "GEOSET": "GAUL", "GEOSET_YEAR": 1990.0, "GEOSET_VERSION": "GAUL_v1", "GEOSET_UNIT": "ADM2", "CENTROID_LONG": -1.7085224508129688, "CENTROID_LAT": 5.2761294502086198 }, "geometry": { "type": "MultiPolygon", "coordinates": [ [ [ [ -1.4476524, 5.2195026 ], [ -1.5101438, 5.205512 ], [ -1.5281295, 5.1671468 ], [ -1.5816913, 5.1521653 ], [ -1.6542228, 5.0920472 ], [ -1.7015998, 5.0788736 ], [ -1.7147024, 5.0401962 ], [ -1.7617373, 5.0279663 ], [ -1.843595, 4.9606154 ], [ -1.8986495, 4.9246023 ], [ -1.9792311, 4.9468636 ], [ -1.9521858, 5.0231314 ], [ -1.9504488, 5.1136143 ], [ -1.9243188, 5.158684 ], [ -1.8842762, 5.1416463 ], [ -1.8543237, 5.22035 ], [ -1.7586395, 5.3074259 ], [ -1.822383, 5.4440669 ], [ -1.82469, 5.5904721 ], [ -1.6859379, 5.6395457 ], [ -1.6426815, 5.6139482 ], [ -1.5905937, 5.5516993 ], [ -1.615844, 5.5180955 ], [ -1.6216277, 5.4227701 ], [ -1.4623289, 5.3791364 ], [ -1.4568652, 5.3452708 ], [ -1.4000363, 5.2952494 ], [ -1.4443343, 5.2650555 ], [ -1.4476524, 5.2195026 ] ] ] ] } },
{ "type": "Feature", "properties": { "POLYGON_ID": "GHA_GAUL1990_ADM2_16603", "ADM0_ISO3": "GHA", "ADM0_NAME": "Ghana", "ADM0_CODE": 94, "ADM1_NAME": "Central", "ADM1_CODE": 1326, "ADM2_NAME": "Mfantsiman", "ADM2_CODE": 16603, "GEOSET": "GAUL", "GEOSET_YEAR": 1990.0, "GEOSET_VERSION": "GAUL_v1", "GEOSET_UNIT": "ADM2", "CENTROID_LONG": -1.0120557367241647, "CENTROID_LAT": 5.2570843706418531 }, "geometry": { "type": "MultiPolygon", "coordinates": [ [ [ [ -0.9191633, 5.3732393 ], [ -0.882819, 5.3261733 ], [ -0.8220202, 5.2947748 ], [ -0.799187, 5.2230828 ], [ -0.837221, 5.210091 ], [ -1.0894, 5.19506 ], [ -1.1984024, 5.1294476 ], [ -1.2049341, 5.1913873 ], [ -1.1856236, 5.2553266 ], [ -1.0887, 5.2423644 ], [ -1.0877516, 5.2942257 ], [ -1.1178018, 5.3179416 ], [ -1.1372925, 5.3776297 ], [ -1.1235656, 5.4131359 ], [ -1.1027186, 5.4100337 ], [ -1.0622975, 5.330433 ], [ -1.0047739, 5.2873088 ], [ -0.9535284, 5.293052 ], [ -0.9141796, 5.3299531 ], [ -0.9191633, 5.3732393 ] ] ] ] } },
{ "type": "Feature", "properties": { "POLYGON_ID": "GHA_GAUL1990_ADM2_16650", "ADM0_ISO3": "GHA", "ADM0_NAME": "Ghana", "ADM0_CODE": 94, "ADM1_NAME": "Volta", "ADM1_CODE": 1332, "ADM2_NAME": "Akatsi", "ADM2_CODE": 16650, "GEOSET": "GAUL", "GEOSET_YEAR": 1990.0, "GEOSET_VERSION": "GAUL_v1", "GEOSET_UNIT": "ADM2", "CENTROID_LONG": 0.80628569325305788, "CENTROID_LAT": 6.1993842725531678 }, "geometry": { "type": "MultiPolygon", "coordinates": [ [ [ [ 0.7881424, 6.4089859 ], [ 0.8282601, 6.4001105 ], [ 0.8568111, 6.3835983 ], [ 0.8952807, 6.3332387 ], [ 0.9575471, 6.3329372 ], [ 0.9638436, 6.3329067 ], [ 0.9590382, 6.2858694 ], [ 0.8971674, 6.2757061 ], [ 0.8998731, 6.2150557 ], [ 0.8737791, 6.160906 ], [ 0.8839866, 6.1152388 ], [ 0.8627565, 6.0670443 ], [ 0.7986303, 5.955584 ], [ 0.7661015, 5.952226 ], [ 0.7045257, 5.9915561 ], [ 0.7505893, 6.0518075 ], [ 0.718478, 6.1520262 ], [ 0.7213703, 6.1834368 ], [ 0.6941856, 6.3101019 ], [ 0.6974002, 6.3305515 ], [ 0.7874594, 6.351686 ], [ 0.7876884, 6.3948829 ], [ 0.7481958, 6.4429168 ], [ 0.7485747, 6.4428605 ], [ 0.7541161, 6.4420366 ], [ 0.7813371, 6.4323284 ], [ 0.7881424, 6.4089859 ] ] ] ] } },
{ "type": "Feature", "properties": { "POLYGON_ID": "GHA_GAUL1990_ADM2_16652", "ADM0_ISO3": "GHA", "ADM0_NAME": "Ghana", "ADM0_CODE": 94, "ADM1_NAME": "Volta", "ADM1_CODE": 1332, "ADM2_NAME": "Hohoe", "ADM2_CODE": 16652, "GEOSET": "GAUL", "GEOSET_YEAR": 1990.0, "GEOSET_VERSION": "GAUL_v1", "GEOSET_UNIT": "ADM2", "CENTROID_LONG": 0.45951875071013421, "CENTROID_LAT": 7.0470355342330873 }, "geometry": { "type": "MultiPolygon", "coordinates": [ [ [ [ 0.641536, 7.2606732 ], [ 0.6412152, 7.2558455 ], [ 0.6146645, 7.1760229 ], [ 0.6177578, 7.1680993 ], [ 0.6175595, 7.1656819 ], [ 0.6060985, 7.1592239 ], [ 0.605337, 7.1536321 ], [ 0.6060509, 7.1421869 ], [ 0.6036238, 7.1376422 ], [ 0.597342, 7.1342871 ], [ 0.5964854, 7.1258027 ], [ 0.596395, 7.1202971 ], [ 0.5929162, 7.1152514 ], [ 0.5923452, 7.111135 ], [ 0.5954298, 7.1120667 ], [ 0.5981749, 7.1128958 ], [ 0.6035762, 7.1061619 ], [ 0.6136889, 7.1013554 ], [ 0.6120993, 7.0974629 ], [ 0.611833, 7.0968106 ], [ 0.6136889, 7.0925514 ], [ 0.596046, 7.0604291 ], [ 0.6017198, 7.0364908 ], [ 0.5993884, 7.0326841 ], [ 0.6012682, 7.0278063 ], [ 0.601054, 7.0241657 ], [ 0.591203, 7.0113642 ], [ 0.5951767, 7.0079853 ], [ 0.5937571, 7.0054793 ], [ 0.5928449, 7.0038689 ], [ 0.5783064, 6.9944224 ], [ 0.5696451, 6.9972778 ], [ 0.5572243, 6.9928044 ], [ 0.5537979, 6.9927806 ], [ 0.5393546, 6.9859515 ], [ 0.5362193, 6.9807508 ], [ 0.5218417, 6.9712465 ], [ 0.5253396, 6.9658451 ], [ 0.5218417, 6.9625376 ], [ 0.5240784, 6.95578 ], [ 0.5243143, 6.9415397 ], [ 0.528086, 6.9406706 ], [ 0.4737744, 6.8697359 ], [ 0.4110066, 6.8558979 ], [ 0.3903139, 6.7774231 ], [ 0.3474343, 6.6830439 ], [ 0.2897754, 6.6971315 ], [ 0.3076486, 6.822799 ], [ 0.3711391, 6.9782591 ], [ 0.4076077, 6.9919743 ], [ 0.3282175, 7.0866143 ], [ 0.3709216, 7.1516454 ], [ 0.3913146, 7.2240069 ], [ 0.4268201, 7.2783098 ], [ 0.5047773, 7.2983339 ], [ 0.641536, 7.2606732 ] ] ] ] } },
{ "type": "Feature", "properties": { "POLYGON_ID": "GHA_GAUL1990_ADM2_16659", "ADM0_ISO3": "GHA", "ADM0_NAME": "Ghana", "ADM0_CODE": 94, "ADM1_NAME": "Volta", "ADM1_CODE": 1332, "ADM2_NAME": "North Tongu", "ADM2_CODE": 16659, "GEOSET": "GAUL", "GEOSET_YEAR": 1990.0, "GEOSET_VERSION": "GAUL_v1", "GEOSET_UNIT": "ADM2", "CENTROID_LONG": 0.41229903265232881, "CENTROID_LAT": 6.1708565370318178 }, "geometry": { "type": "MultiPolygon", "coordinates": [ [ [ [ 0.6941856, 6.3101019 ], [ 0.7213703, 6.1834368 ], [ 0.718478, 6.1520262 ], [ 0.6718521, 6.1029741 ], [ 0.5515842, 6.0780576 ], [ 0.5486732, 6.0040714 ], [ 0.498714, 5.9883478 ], [ 0.3435981, 5.9512192 ], [ 0.3375657, 6.0445026 ], [ 0.2353663, 6.1062397 ], [ 0.1465496, 6.1064377 ], [ 0.0976718, 6.1451065 ], [ 0.1274837, 6.2524998 ], [ 0.1740655, 6.3274754 ], [ 0.3041339, 6.330991 ], [ 0.4045855, 6.2791998 ], [ 0.4897052, 6.3022158 ], [ 0.5877106, 6.2819547 ], [ 0.6941856, 6.3101019 ] ] ] ] } },
{ "type": "Feature", "properties": { "POLYGON_ID": "GHA_GAUL1990_ADM2_16608", "ADM0_ISO3": "GHA", "ADM0_NAME": "Ghana", "ADM0_CODE": 94, "ADM1_NAME": "Eastern", "ADM1_CODE": 1327, "ADM2_NAME": "Akwapem South", "ADM2_CODE": 16608, "GEOSET": "GAUL", "GEOSET_YEAR": 1990.0, "GEOSET_VERSION": "GAUL_v1", "GEOSET_UNIT": "ADM2", "CENTROID_LONG": -0.28132936388137075, "CENTROID_LAT": 5.8423585281692265 }, "geometry": { "type": "MultiPolygon", "coordinates": [ [ [ [ -0.1441865, 5.852164 ], [ -0.1552974, 5.8119718 ], [ -0.2439438, 5.7549325 ], [ -0.2749106, 5.8052412 ], [ -0.328107, 5.7711814 ], [ -0.3934884, 5.7558693 ], [ -0.4245739, 5.7907698 ], [ -0.415607, 5.830029 ], [ -0.3184813, 5.9109024 ], [ -0.3024981, 5.9400261 ], [ -0.2253924, 5.932719 ], [ -0.1441865, 5.852164 ] ] ] ] } },
{ "type": "Feature", "properties": { "POLYGON_ID": "GHA_GAUL1990_ADM2_16614", "ADM0_ISO3": "GHA", "ADM0_NAME": "Ghana", "ADM0_CODE": 94, "ADM1_NAME": "Eastern", "ADM1_CODE": 1327, "ADM2_NAME": "Kwaebibirem", "ADM2_CODE": 16614, "GEOSET": "GAUL", "GEOSET_YEAR": 1990.0, "GEOSET_VERSION": "GAUL_v1", "GEOSET_UNIT": "ADM2", "CENTROID_LONG": -0.85091695610247564, "CENTROID_LAT": 6.1519346880266683 }, "geometry": { "type": "MultiPolygon", "coordinates": [ [ [ [ -0.8812671, 6.3703164 ], [ -0.7709048, 6.2676322 ], [ -0.7420679, 6.2225127 ], [ -0.6440636, 6.1837587 ], [ -0.6176717, 6.1592755 ], [ -0.6806943, 6.0951978 ], [ -0.6551604, 6.0365399 ], [ -0.7141509, 6.0467245 ], [ -0.7788448, 6.007278 ], [ -0.816197, 5.94653 ], [ -0.8760667, 5.9973527 ], [ -0.9188527, 5.9631913 ], [ -0.9658885, 5.9549357 ], [ -0.9798122, 6.0446625 ], [ -0.9788491, 6.102501 ], [ -1.0328543, 6.0765033 ], [ -0.9907519, 6.2163155 ], [ -1.0209941, 6.2487383 ], [ -0.9631373, 6.2829003 ], [ -0.9475852, 6.3857919 ], [ -0.8812671, 6.3703164 ] ] ] ] } },
{ "type": "Feature", "properties": { "POLYGON_ID": "GHA_GAUL1990_ADM2_16606", "ADM0_ISO3": "GHA", "ADM0_NAME": "Ghana", "ADM0_CODE": 94, "ADM1_NAME": "Eastern", "ADM1_CODE": 1327, "ADM2_NAME": "Afram Plains", "ADM2_CODE": 16606, "GEOSET": "GAUL", "GEOSET_YEAR": 1990.0, "GEOSET_VERSION": "GAUL_v1", "GEOSET_UNIT": "ADM2", "CENTROID_LONG": -0.19534475348434105, "CENTROID_LAT": 6.8961713603493067 }, "geometry": { "type": "MultiPolygon", "coordinates": [ [ [ [ 0.1820649, 7.1770644 ], [ 0.2349751, 7.1644255 ], [ 0.2242069, 7.0967635 ], [ 0.1994447, 7.0489441 ], [ 0.22715, 6.9713736 ], [ 0.1954949, 6.9337627 ], [ 0.1475448, 6.9188808 ], [ 0.1238853, 6.8406662 ], [ 0.1922427, 6.7866554 ], [ 0.20338, 6.7006663 ], [ 0.1228994, 6.6633558 ], [ 0.1041538, 6.5642264 ], [ 0.0019094, 6.5334547 ], [ -0.0613853, 6.5307014 ], [ -0.1779155, 6.5549813 ], [ -0.2554559, 6.6641105 ], [ -0.3347267, 6.6647567 ], [ -0.410061, 6.6986085 ], [ -0.517564, 6.7286377 ], [ -0.5591175, 6.7605437 ], [ -0.6369711, 6.7385483 ], [ -0.6811191, 6.8020819 ], [ -0.7472204, 6.8255999 ], [ -0.7556743, 6.8642668 ], [ -0.7559659, 6.9129886 ], [ -0.7230289, 6.9497024 ], [ -0.6525391, 6.9268748 ], [ -0.5749698, 6.9596998 ], [ -0.5649667, 7.0160431 ], [ -0.5911535, 7.0416458 ], [ -0.6206152, 7.1320911 ], [ -0.6127377, 7.152828 ], [ -0.4925947, 7.1221646 ], [ -0.3880655, 7.1152893 ], [ -0.3170329, 7.1465849 ], [ -0.2833569, 7.191365 ], [ -0.2389752, 7.1997237 ], [ 0.0041335, 7.1914093 ], [ 0.1820649, 7.1770644 ] ] ] ] } },
{ "type": "Feature", "properties": { "POLYGON_ID": "GHA_GAUL1990_ADM2_16618", "ADM0_ISO3": "GHA", "ADM0_NAME": "Ghana", "ADM0_CODE": 94, "ADM1_NAME": "Eastern", "ADM1_CODE": 1327, "ADM2_NAME": "Suhum\/Kraboa\/Coaltar", "ADM2_CODE": 16618, "GEOSET": "GAUL", "GEOSET_YEAR": 1990.0, "GEOSET_VERSION": "GAUL_v1", "GEOSET_UNIT": "ADM2", "CENTROID_LONG": -0.44182681768152182, "CENTROID_LAT": 5.982942688274604 }, "geometry": { "type": "MultiPolygon", "coordinates": [ [ [ [ -0.3672783, 6.1258138 ], [ -0.3211649, 6.0968968 ], [ -0.2827672, 6.0294538 ], [ -0.267753, 5.9934806 ], [ -0.3024981, 5.9400261 ], [ -0.3184813, 5.9109024 ], [ -0.415607, 5.830029 ], [ -0.4987476, 5.8454495 ], [ -0.5585809, 5.8866782 ], [ -0.6240527, 6.0040966 ], [ -0.6514474, 6.0251183 ], [ -0.5174409, 6.0736982 ], [ -0.4164076, 6.1292157 ], [ -0.3672783, 6.1258138 ] ] ] ] } },
{ "type": "Feature", "properties": { "POLYGON_ID": "GHA_GAUL1990_ADM2_16619", "ADM0_ISO3": "GHA", "ADM0_NAME": "Ghana", "ADM0_CODE": 94, "ADM1_NAME": "Eastern", "ADM1_CODE": 1327, "ADM2_NAME": "West Akim", "ADM2_CODE": 16619, "GEOSET": "GAUL", "GEOSET_YEAR": 1990.0, "GEOSET_VERSION": "GAUL_v1", "GEOSET_UNIT": "ADM2", "CENTROID_LONG": -0.63745528477770963, "CENTROID_LAT": 5.8679171598875186 }, "geometry": { "type": "MultiPolygon", "coordinates": [ [ [ [ -0.6551604, 6.0365399 ], [ -0.6514474, 6.0251183 ], [ -0.6240527, 6.0040966 ], [ -0.5585809, 5.8866782 ], [ -0.4987476, 5.8454495 ], [ -0.415607, 5.830029 ], [ -0.4245739, 5.7907698 ], [ -0.5105957, 5.7334675 ], [ -0.5677284, 5.7367416 ], [ -0.6232269, 5.7184106 ], [ -0.6944184, 5.729549 ], [ -0.7627973, 5.8825908 ], [ -0.816197, 5.94653 ], [ -0.7788448, 6.007278 ], [ -0.7141509, 6.0467245 ], [ -0.6551604, 6.0365399 ] ] ] ] } },
{ "type": "Feature", "properties": { "POLYGON_ID": "GHA_GAUL1990_ADM2_16647", "ADM0_ISO3": "GHA", "ADM0_NAME": "Ghana", "ADM0_CODE": 94, "ADM1_NAME": "Upper West", "ADM1_CODE": 1331, "ADM2_NAME": "Nadowli", "ADM2_CODE": 16647, "GEOSET": "GAUL", "GEOSET_YEAR": 1990.0, "GEOSET_VERSION": "GAUL_v1", "GEOSET_UNIT": "ADM2", "CENTROID_LONG": -2.4672777478383621, "CENTROID_LAT": 10.341802098656757 }, "geometry": { "type": "MultiPolygon", "coordinates": [ [ [ [ -2.0598773, 10.3212474 ], [ -2.0966639, 10.3320436 ], [ -2.1970579, 10.2860501 ], [ -2.2187331, 10.2423972 ], [ -2.3525854, 10.2380209 ], [ -2.4132467, 10.1627726 ], [ -2.4779828, 10.1444535 ], [ -2.5513157, 10.0899337 ], [ -2.6169775, 10.1465537 ], [ -2.6940364, 10.1629457 ], [ -2.7495844, 10.2013667 ], [ -2.7943022, 10.1734169 ], [ -2.7941614, 10.1753605 ], [ -2.7942536, 10.1757412 ], [ -2.7969849, 10.1870114 ], [ -2.7979546, 10.1910123 ], [ -2.7605014, 10.227201 ], [ -2.7569573, 10.2358794 ], [ -2.7560952, 10.2430252 ], [ -2.8409366, 10.3031904 ], [ -2.8501429, 10.3185191 ], [ -2.8488398, 10.3288386 ], [ -2.8450712, 10.3344386 ], [ -2.8419014, 10.3446172 ], [ -2.8418379, 10.3638647 ], [ -2.841831, 10.3659606 ], [ -2.8361253, 10.3752939 ], [ -2.8350687, 10.3809292 ], [ -2.7759693, 10.412416 ], [ -2.7744425, 10.418503 ], [ -2.7732926, 10.4230877 ], [ -2.7736382, 10.4233622 ], [ -2.6679061, 10.4590354 ], [ -2.6252872, 10.4587213 ], [ -2.5276286, 10.5076062 ], [ -2.4401495, 10.5160817 ], [ -2.3746005, 10.5396915 ], [ -2.3220486, 10.5775408 ], [ -2.2239255, 10.5022921 ], [ -2.1803526, 10.4895185 ], [ -2.1401444, 10.4395305 ], [ -2.0764712, 10.4264782 ], [ -2.0598773, 10.3212474 ] ] ] ] } },
{ "type": "Feature", "properties": { "POLYGON_ID": "GHA_GAUL1990_ADM2_16646", "ADM0_ISO3": "GHA", "ADM0_NAME": "Ghana", "ADM0_CODE": 94, "ADM1_NAME": "Upper West", "ADM1_CODE": 1331, "ADM2_NAME": "Lawra", "ADM2_CODE": 16646, "GEOSET": "GAUL", "GEOSET_YEAR": 1990.0, "GEOSET_VERSION": "GAUL_v1", "GEOSET_UNIT": "ADM2", "CENTROID_LONG": -2.8125664749934725, "CENTROID_LAT": 10.733521838010029 }, "geometry": { "type": "MultiPolygon", "coordinates": [ [ [ [ -2.8538283, 10.4489143 ], [ -2.8560316, 10.4499324 ], [ -2.8659966, 10.4545373 ], [ -2.8724577, 10.4672256 ], [ -2.8725445, 10.467396 ], [ -2.8710038, 10.4811436 ], [ -2.8987952, 10.5217344 ], [ -2.9003358, 10.5300303 ], [ -2.8982915, 10.5404891 ], [ -2.9409267, 10.6160414 ], [ -2.9394452, 10.6241003 ], [ -2.9408378, 10.6354776 ], [ -2.9118316, 10.6690465 ], [ -2.9104687, 10.6721871 ], [ -2.9109724, 10.6774609 ], [ -2.9058467, 10.6843051 ], [ -2.9053134, 10.6870605 ], [ -2.9392783, 10.7093137 ], [ -2.93986, 10.7119187 ], [ -2.937312, 10.7225849 ], [ -2.9054615, 10.7505244 ], [ -2.8950027, 10.7650127 ], [ -2.8943509, 10.772953 ], [ -2.8915066, 10.7762418 ], [ -2.8916206, 10.781029 ], [ -2.8914422, 10.7815968 ], [ -2.8804256, 10.8043295 ], [ -2.8790923, 10.8315875 ], [ -2.8644396, 10.8557054 ], [ -2.8635375, 10.8576012 ], [ -2.866441, 10.8736894 ], [ -2.8657657, 10.8822686 ], [ -2.8173765, 10.9242057 ], [ -2.8174358, 10.9373014 ], [ -2.8403579, 10.9687557 ], [ -2.8403253, 10.9721166 ], [ -2.8368562, 10.983145 ], [ -2.8343709, 10.9992476 ], [ -2.8300569, 10.9992536 ], [ -2.7683132, 10.9993392 ], [ -2.7681559, 10.9993395 ], [ -2.7681521, 10.9993051 ], [ -2.7677019, 10.9984728 ], [ -2.7670548, 10.9977239 ], [ -2.7651515, 10.9945561 ], [ -2.7614802, 10.993872 ], [ -2.7550431, 10.9882851 ], [ -2.7362497, 10.9424387 ], [ -2.7365571, 10.8548854 ], [ -2.6609993, 10.7474677 ], [ -2.7270008, 10.6994821 ], [ -2.6983044, 10.6337893 ], [ -2.8042494, 10.5954445 ], [ -2.8036265, 10.550754 ], [ -2.8538283, 10.4489143 ] ] ] ] } },
{ "type": "Feature", "properties": { "POLYGON_ID": "GHA_GAUL1990_ADM2_16643", "ADM0_ISO3": "GHA", "ADM0_NAME": "Ghana", "ADM0_CODE": 94, "ADM1_NAME": "Upper East", "ADM1_CODE": 1330, "ADM2_NAME": "Builsa", "ADM2_CODE": 16643, "GEOSET": "GAUL", "GEOSET_YEAR": 1990.0, "GEOSET_VERSION": "GAUL_v1", "GEOSET_UNIT": "ADM2", "CENTROID_LONG": -1.3006152130526771, "CENTROID_LAT": 10.60017544837608 }, "geometry": { "type": "MultiPolygon", "coordinates": [ [ [ [ -1.0662781, 10.4949796 ], [ -1.1335716, 10.455882 ], [ -1.1658468, 10.410274 ], [ -1.2272647, 10.3893624 ], [ -1.2106801, 10.3273904 ], [ -1.223157, 10.2928823 ], [ -1.3123834, 10.3252374 ], [ -1.3553575, 10.3750349 ], [ -1.3742256, 10.4605859 ], [ -1.4342581, 10.4654407 ], [ -1.4673405, 10.4859824 ], [ -1.5268365, 10.5860489 ], [ -1.5674161, 10.6000167 ], [ -1.5736122, 10.6644164 ], [ -1.5575354, 10.7440742 ], [ -1.52647, 10.7580197 ], [ -1.4717106, 10.7559956 ], [ -1.4056438, 10.7248989 ], [ -1.3941914, 10.7973358 ], [ -1.2946196, 10.8231072 ], [ -1.2413282, 10.7934298 ], [ -1.1969117, 10.8188903 ], [ -1.1885857, 10.8680524 ], [ -1.1182521, 10.8494951 ], [ -1.1344622, 10.7927036 ], [ -1.1208323, 10.6920233 ], [ -1.0839168, 10.6541447 ], [ -1.1079606, 10.6249901 ], [ -1.0737277, 10.5525451 ], [ -1.0662781, 10.4949796 ] ] ] ] } },
{ "type": "Feature", "properties": { "POLYGON_ID": "GHA_GAUL1990_ADM2_16637", "ADM0_ISO3": "GHA", "ADM0_NAME": "Ghana", "ADM0_CODE": 94, "ADM1_NAME": "Northern", "ADM1_CODE": 1329, "ADM2_NAME": "Yendi", "ADM2_CODE": 16637, "GEOSET": "GAUL", "GEOSET_YEAR": 1990.0, "GEOSET_VERSION": "GAUL_v1", "GEOSET_UNIT": "ADM2", "CENTROID_LONG": -0.14841546390588731, "CENTROID_LAT": 9.4127703227542394 }, "geometry": { "type": "MultiPolygon", "coordinates": [ [ [ [ -0.0263812, 9.7985443 ], [ -0.0214033, 9.7457682 ], [ 0.0643864, 9.6818325 ], [ 0.0335012, 9.6425447 ], [ 0.0799205, 9.6179365 ], [ 0.0776018, 9.5793016 ], [ 0.1586795, 9.5445938 ], [ 0.1538533, 9.4372517 ], [ 0.2313465, 9.4331632 ], [ 0.2117959, 9.3668301 ], [ 0.259729, 9.3123746 ], [ 0.1875672, 9.3036918 ], [ 0.1931168, 9.1966518 ], [ 0.1749832, 9.1460614 ], [ 0.0653715, 9.1090902 ], [ 0.0328966, 9.2469649 ], [ -0.0285426, 9.2208784 ], [ -0.0579739, 9.13367 ], [ -0.1393726, 9.1299937 ], [ -0.2029019, 9.1064658 ], [ -0.2823958, 9.1354619 ], [ -0.3238379, 9.2064702 ], [ -0.3924139, 9.2331632 ], [ -0.4198976, 9.2200792 ], [ -0.5625265, 9.2838852 ], [ -0.5253596, 9.3605467 ], [ -0.5759639, 9.412794 ], [ -0.6126776, 9.5252844 ], [ -0.5048183, 9.5024866 ], [ -0.4126005, 9.5050122 ], [ -0.2800344, 9.6232514 ], [ -0.246095, 9.7190172 ], [ -0.1751087, 9.724306 ], [ -0.1182042, 9.7611155 ], [ -0.1154619, 9.7899107 ], [ -0.0263812, 9.7985443 ] ] ] ] } },
{ "type": "Feature", "properties": { "POLYGON_ID": "GHA_GAUL1990_ADM2_16634", "ADM0_ISO3": "GHA", "ADM0_NAME": "Ghana", "ADM0_CODE": 94, "ADM1_NAME": "Northern", "ADM1_CODE": 1329, "ADM2_NAME": "Tolon\/Kumbungu", "ADM2_CODE": 16634, "GEOSET": "GAUL", "GEOSET_YEAR": 1990.0, "GEOSET_VERSION": "GAUL_v1", "GEOSET_UNIT": "ADM2", "CENTROID_LONG": -1.1171297975476144, "CENTROID_LAT": 9.6689808951346787 }, "geometry": { "type": "MultiPolygon", "coordinates": [ [ [ [ -0.9812043, 9.9421105 ], [ -1.0238029, 9.87465 ], [ -0.9786247, 9.8504965 ], [ -0.9449104, 9.7565821 ], [ -0.9891944, 9.6910909 ], [ -0.9316029, 9.6588891 ], [ -0.8844136, 9.5650985 ], [ -0.9094815, 9.4754159 ], [ -0.9659773, 9.4175103 ], [ -0.9466631, 9.3983026 ], [ -0.962858, 9.3318711 ], [ -1.0409835, 9.3423809 ], [ -1.0901324, 9.316704 ], [ -1.1662987, 9.3152927 ], [ -1.2405745, 9.2833339 ], [ -1.2683709, 9.3247715 ], [ -1.2427167, 9.4151984 ], [ -1.281539, 9.5075178 ], [ -1.3729333, 9.6046917 ], [ -1.32993, 9.631301 ], [ -1.3197925, 9.6815446 ], [ -1.3500609, 9.7285609 ], [ -1.348022, 9.8031553 ], [ -1.2843281, 9.7991156 ], [ -1.2380025, 9.8256534 ], [ -1.1746215, 9.7876132 ], [ -1.162474, 9.8679985 ], [ -1.1787147, 9.9473202 ], [ -1.1548886, 9.974628 ], [ -1.2406647, 10.0237906 ], [ -1.2104811, 10.0861182 ], [ -1.1401114, 10.1169835 ], [ -1.11096, 10.1847848 ], [ -1.0685383, 10.1029052 ], [ -0.9898015, 10.0020315 ], [ -0.9812043, 9.9421105 ] ] ] ] } },
{ "type": "Feature", "properties": { "POLYGON_ID": "GHA_GAUL1990_ADM2_16636", "ADM0_ISO3": "GHA", "ADM0_NAME": "Ghana", "ADM0_CODE": 94, "ADM1_NAME": "Northern", "ADM1_CODE": 1329, "ADM2_NAME": "West Mamprusi", "ADM2_CODE": 16636, "GEOSET": "GAUL", "GEOSET_YEAR": 1990.0, "GEOSET_VERSION": "GAUL_v1", "GEOSET_UNIT": "ADM2", "CENTROID_LONG": -1.0570998408687953, "CENTROID_LAT": 10.288786157815473 }, "geometry": { "type": "MultiPolygon", "coordinates": [ [ [ [ -0.6678424, 10.5246981 ], [ -0.6707456, 10.4787153 ], [ -0.6179726, 10.4194935 ], [ -0.5905708, 10.3458665 ], [ -0.5059839, 10.3055538 ], [ -0.5015324, 10.2568296 ], [ -0.5472129, 10.2443293 ], [ -0.5559715, 10.1969827 ], [ -0.5993768, 10.1578987 ], [ -0.6669946, 10.1773114 ], [ -0.78881, 10.1497423 ], [ -0.8495084, 10.1121856 ], [ -0.9217982, 9.9979041 ], [ -0.9640569, 9.9866065 ], [ -0.9812043, 9.9421105 ], [ -0.9898015, 10.0020315 ], [ -1.0685383, 10.1029052 ], [ -1.11096, 10.1847848 ], [ -1.1401114, 10.1169835 ], [ -1.2104811, 10.0861182 ], [ -1.2406647, 10.0237906 ], [ -1.2879212, 10.0331584 ], [ -1.3685688, 10.0867228 ], [ -1.4676467, 10.1013291 ], [ -1.538497, 10.0690804 ], [ -1.5879187, 10.0755414 ], [ -1.600953, 10.1306925 ], [ -1.6637965, 10.1713776 ], [ -1.5771317, 10.3444408 ], [ -1.5180697, 10.4035359 ], [ -1.4342581, 10.4654407 ], [ -1.3742256, 10.4605859 ], [ -1.3553575, 10.3750349 ], [ -1.3123834, 10.3252374 ], [ -1.223157, 10.2928823 ], [ -1.2106801, 10.3273904 ], [ -1.2272647, 10.3893624 ], [ -1.1658468, 10.410274 ], [ -1.1335716, 10.455882 ], [ -1.0662781, 10.4949796 ], [ -1.0105938, 10.5352233 ], [ -0.9362601, 10.5242003 ], [ -0.9094772, 10.5735979 ], [ -0.7246721, 10.6493373 ], [ -0.6678424, 10.5246981 ] ] ] ] } },
{ "type": "Feature", "properties": { "POLYGON_ID": "GHA_GAUL1990_ADM2_16638", "ADM0_ISO3": "GHA", "ADM0_NAME": "Ghana", "ADM0_CODE": 94, "ADM1_NAME": "Northern", "ADM1_CODE": 1329, "ADM2_NAME": "Zabzugu\/Tatale", "ADM2_CODE": 16638, "GEOSET": "GAUL", "GEOSET_YEAR": 1990.0, "GEOSET_VERSION": "GAUL_v1", "GEOSET_UNIT": "ADM2", "CENTROID_LONG": 0.37282783653360757, "CENTROID_LAT": 9.1717891101083726 }, "geometry": { "type": "MultiPolygon", "coordinates": [ [ [ [ 0.4175052, 9.4976293 ], [ 0.4277369, 9.4987238 ], [ 0.4306636, 9.4964396 ], [ 0.4365884, 9.4949881 ], [ 0.4483192, 9.4979386 ], [ 0.4560286, 9.4972486 ], [ 0.4590506, 9.492799 ], [ 0.4636667, 9.4893488 ], [ 0.4753499, 9.488397 ], [ 0.4792284, 9.4844233 ], [ 0.4821075, 9.4842329 ], [ 0.487961, 9.4861365 ], [ 0.5004294, 9.4737157 ], [ 0.50407, 9.4650069 ], [ 0.4933148, 9.4492548 ], [ 0.4987638, 9.436953 ], [ 0.5058546, 9.4365961 ], [ 0.5204407, 9.4368341 ], [ 0.5205596, 9.4334076 ], [ 0.5241526, 9.4301478 ], [ 0.5325045, 9.4294339 ], [ 0.5427362, 9.4225097 ], [ 0.5510405, 9.4227239 ], [ 0.5526586, 9.4204158 ], [ 0.5528965, 9.4126349 ], [ 0.5605254, 9.4067559 ], [ 0.5546335, 9.3074628 ], [ 0.5521589, 9.3017521 ], [ 0.5433311, 9.3014427 ], [ 0.5400474, 9.3042029 ], [ 0.5032609, 9.2521879 ], [ 0.5309341, 9.2065736 ], [ 0.4745646, 9.1444935 ], [ 0.4770631, 9.141995 ], [ 0.4783004, 9.131692 ], [ 0.4821551, 9.1239349 ], [ 0.4846298, 9.1133225 ], [ 0.4841777, 9.1083257 ], [ 0.4658244, 9.0912424 ], [ 0.4591457, 9.06728 ], [ 0.4633574, 9.0667803 ], [ 0.463167, 9.0553827 ], [ 0.4558145, 9.0557634 ], [ 0.4550293, 9.0355618 ], [ 0.4604239, 9.0339564 ], [ 0.4607876, 9.0274716 ], [ 0.4681163, 9.0187628 ], [ 0.4945473, 8.9542006 ], [ 0.4979309, 8.9542318 ], [ 0.5062115, 8.9481404 ], [ 0.5076392, 8.9420489 ], [ 0.5114463, 8.9367903 ], [ 0.5104804, 8.9303847 ], [ 0.5092096, 8.9025499 ], [ 0.5186323, 8.8927465 ], [ 0.5199648, 8.8871786 ], [ 0.524224, 8.8802305 ], [ 0.5182828, 8.8642873 ], [ 0.5203217, 8.8596244 ], [ 0.5199886, 8.8562456 ], [ 0.5153091, 8.8518199 ], [ 0.5098045, 8.8531761 ], [ 0.5069015, 8.8472512 ], [ 0.5016344, 8.845565 ], [ 0.4954563, 8.8361867 ], [ 0.4995817, 8.8299429 ], [ 0.4993517, 8.8290743 ], [ 0.4966698, 8.8266927 ], [ 0.4945521, 8.8211485 ], [ 0.4976134, 8.8155787 ], [ 0.4979785, 8.8149143 ], [ 0.4663317, 8.792714 ], [ 0.4625008, 8.7991623 ], [ 0.4577894, 8.8018273 ], [ 0.457837, 8.8070145 ], [ 0.4557907, 8.8115593 ], [ 0.4312109, 8.7979488 ], [ 0.4307826, 8.7935944 ], [ 0.4422516, 8.7890496 ], [ 0.4390869, 8.7867177 ], [ 0.4238107, 8.7818398 ], [ 0.4224782, 8.7895731 ], [ 0.3974939, 8.7912149 ], [ 0.3951105, 8.7925754 ], [ 0.3917832, 8.7944748 ], [ 0.3832171, 8.7919525 ], [ 0.3814361, 8.7910755 ], [ 0.381257, 8.7917334 ], [ 0.382047, 8.792545 ], [ 0.3827651, 8.7964284 ], [ 0.3884558, 8.8041215 ], [ 0.3780467, 8.8090049 ], [ 0.3724896, 8.8257774 ], [ 0.3294898, 8.8563006 ], [ 0.2868828, 8.8436403 ], [ 0.2675084, 8.9198629 ], [ 0.3138034, 8.9877994 ], [ 0.2844548, 9.0480017 ], [ 0.2038787, 9.036097 ], [ 0.1749832, 9.1460614 ], [ 0.1931168, 9.1966518 ], [ 0.1875672, 9.3036918 ], [ 0.259729, 9.3123746 ], [ 0.2117959, 9.3668301 ], [ 0.2313465, 9.4331632 ], [ 0.2386356, 9.434232 ], [ 0.2406063, 9.4352037 ], [ 0.242039, 9.4349009 ], [ 0.2466569, 9.4358921 ], [ 0.2493032, 9.4364601 ], [ 0.2602942, 9.4335028 ], [ 0.2651483, 9.4280538 ], [ 0.2753562, 9.4296719 ], [ 0.2853737, 9.4289818 ], [ 0.2966761, 9.4353112 ], [ 0.3050043, 9.4398322 ], [ 0.3101915, 9.4423306 ], [ 0.322874, 9.4473037 ], [ 0.3295127, 9.4468516 ], [ 0.3337838, 9.4487942 ], [ 0.3374125, 9.4504446 ], [ 0.3445509, 9.4677908 ], [ 0.3489053, 9.4702893 ], [ 0.3503568, 9.4731208 ], [ 0.344884, 9.4835905 ], [ 0.3456749, 9.4861684 ], [ 0.35207, 9.4917996 ], [ 0.372462, 9.4950833 ], [ 0.3862391, 9.4906813 ], [ 0.4078684, 9.4930607 ], [ 0.4137218, 9.4994853 ], [ 0.4175052, 9.4976293 ] ] ] ] } },
{ "type": "Feature", "properties": { "POLYGON_ID": "GHA_GAUL1990_ADM2_16590", "ADM0_ISO3": "GHA", "ADM0_NAME": "Ghana", "ADM0_CODE": 94, "ADM1_NAME": "Brong Ahafo", "ADM1_CODE": 1325, "ADM2_NAME": "Sene", "ADM2_CODE": 16590, "GEOSET": "GAUL", "GEOSET_YEAR": 1990.0, "GEOSET_VERSION": "GAUL_v1", "GEOSET_UNIT": "ADM2", "CENTROID_LONG": -0.3524204690081334, "CENTROID_LAT": 7.6504426692104772 }, "geometry": { "type": "MultiPolygon", "coordinates": [ [ [ [ 0.123789, 7.4038752 ], [ 0.1982892, 7.3654068 ], [ 0.214709, 7.3074345 ], [ 0.1820649, 7.1770644 ], [ 0.0041335, 7.1914093 ], [ -0.2389752, 7.1997237 ], [ -0.2622181, 7.2642625 ], [ -0.4918926, 7.3405553 ], [ -0.5989318, 7.3460119 ], [ -0.6544315, 7.4281794 ], [ -0.6502918, 7.4994292 ], [ -0.6893929, 7.5313454 ], [ -0.777027, 7.5034978 ], [ -0.8023327, 7.6321501 ], [ -0.8086714, 7.7667386 ], [ -0.8392089, 7.8629571 ], [ -0.8187785, 7.9272042 ], [ -0.776703, 7.9456303 ], [ -0.7196063, 8.0487197 ], [ -0.6669895, 8.0574886 ], [ -0.6186418, 8.0950499 ], [ -0.5629401, 8.1128335 ], [ -0.5427219, 8.1851492 ], [ -0.4446484, 8.1550237 ], [ -0.3849612, 8.150282 ], [ -0.2951487, 8.1148318 ], [ -0.2149436, 8.0284317 ], [ -0.1444271, 8.0029456 ], [ -0.1456768, 7.9005311 ], [ -0.1267234, 7.7856606 ], [ -0.1003561, 7.7478457 ], [ -0.0147837, 7.7543806 ], [ -0.0145671, 7.6235169 ], [ 0.076827, 7.4795079 ], [ 0.0906873, 7.4267158 ], [ 0.123789, 7.4038752 ] ] ] ] } },
{ "type": "Feature", "properties": { "POLYGON_ID": "GHA_GAUL1990_ADM2_16583", "ADM0_ISO3": "GHA", "ADM0_NAME": "Ghana", "ADM0_CODE": 94, "ADM1_NAME": "Brong Ahafo", "ADM1_CODE": 1325, "ADM2_NAME": "Asutifi", "ADM2_CODE": 16583, "GEOSET": "GAUL", "GEOSET_YEAR": 1990.0, "GEOSET_VERSION": "GAUL_v1", "GEOSET_UNIT": "ADM2", "CENTROID_LONG": -2.4715225923268775, "CENTROID_LAT": 6.9748475868640467 }, "geometry": { "type": "MultiPolygon", "coordinates": [ [ [ [ -2.2986138, 7.0957106 ], [ -2.3215034, 7.0219876 ], [ -2.2824775, 6.9916629 ], [ -2.2271608, 7.0048798 ], [ -2.297016, 6.938276 ], [ -2.3765826, 6.8833531 ], [ -2.3348517, 6.8013389 ], [ -2.2646782, 6.7754878 ], [ -2.293321, 6.7015971 ], [ -2.3391667, 6.695561 ], [ -2.4152317, 6.6562159 ], [ -2.40851, 6.7063601 ], [ -2.4365647, 6.7519126 ], [ -2.4861509, 6.7656316 ], [ -2.5133268, 6.8118292 ], [ -2.5344399, 6.8978034 ], [ -2.5129815, 6.9318361 ], [ -2.5555907, 6.9732053 ], [ -2.6514564, 7.0104816 ], [ -2.770868, 7.0191408 ], [ -2.7533814, 7.0759104 ], [ -2.6515923, 7.1389131 ], [ -2.5561101, 7.227879 ], [ -2.4924738, 7.2167897 ], [ -2.4939339, 7.1308327 ], [ -2.4478183, 7.1380166 ], [ -2.3781773, 7.0971815 ], [ -2.3503472, 7.1264912 ], [ -2.2986138, 7.0957106 ] ] ] ] } },
{ "type": "Feature", "properties": { "POLYGON_ID": "GHA_GAUL1990_ADM2_16593", "ADM0_ISO3": "GHA", "ADM0_NAME": "Ghana", "ADM0_CODE": 94, "ADM1_NAME": "Brong Ahafo", "ADM1_CODE": 1325, "ADM2_NAME": "Techiman", "ADM2_CODE": 16593, "GEOSET": "GAUL", "GEOSET_YEAR": 1990.0, "GEOSET_VERSION": "GAUL_v1", "GEOSET_UNIT": "ADM2", "CENTROID_LONG": -1.9656963997902199, "CENTROID_LAT": 7.5950379804294244 }, "geometry": { "type": "MultiPolygon", "coordinates": [ [ [ [ -1.9103489, 7.7263314 ], [ -1.8330937, 7.6860135 ], [ -1.8329508, 7.6236742 ], [ -1.7867054, 7.5699937 ], [ -1.8152782, 7.504435 ], [ -1.863703, 7.4743622 ], [ -1.9757935, 7.4075175 ], [ -2.035623, 7.4528081 ], [ -2.1098906, 7.4610408 ], [ -2.1140929, 7.4924513 ], [ -2.1368068, 7.5261644 ], [ -2.0497899, 7.6798922 ], [ -2.0821238, 7.7637916 ], [ -1.9834361, 7.8003723 ], [ -1.9225242, 7.8037919 ], [ -1.9492934, 7.7810743 ], [ -1.9103489, 7.7263314 ] ] ] ] } },
{ "type": "Feature", "properties": { "POLYGON_ID": "GHA_GAUL1990_ADM2_16571", "ADM0_ISO3": "GHA", "ADM0_NAME": "Ghana", "ADM0_CODE": 94, "ADM1_NAME": "Ashanti", "ADM1_CODE": 1324, "ADM2_NAME": "Asante Akim North", "ADM2_CODE": 16571, "GEOSET": "GAUL", "GEOSET_YEAR": 1990.0, "GEOSET_VERSION": "GAUL_v1", "GEOSET_UNIT": "ADM2", "CENTROID_LONG": -1.0399329810771023, "CENTROID_LAT": 6.7876916137483434 }, "geometry": { "type": "MultiPolygon", "coordinates": [ [ [ [ -0.7559659, 6.9129886 ], [ -0.7556743, 6.8642668 ], [ -0.7871782, 6.7912277 ], [ -0.8829727, 6.7758141 ], [ -0.9567301, 6.7512978 ], [ -0.950643, 6.7048046 ], [ -0.9727735, 6.6429678 ], [ -1.0254698, 6.7206819 ], [ -1.1059433, 6.7126523 ], [ -1.1347485, 6.6528912 ], [ -1.1748283, 6.62814 ], [ -1.165165, 6.5863096 ], [ -1.2196246, 6.5679369 ], [ -1.2272246, 6.5212262 ], [ -1.2020686, 6.4873276 ], [ -1.2353377, 6.4387522 ], [ -1.293441, 6.4047211 ], [ -1.2985422, 6.4300447 ], [ -1.2678741, 6.6582378 ], [ -1.2472032, 6.682524 ], [ -1.2473605, 6.8348963 ], [ -1.1515081, 6.7747801 ], [ -1.1047602, 6.7984185 ], [ -1.0973686, 6.8796088 ], [ -1.0655777, 6.9010131 ], [ -1.070513, 6.9734669 ], [ -1.0021418, 7.0307333 ], [ -0.9265872, 7.0287586 ], [ -0.8609688, 6.9809064 ], [ -0.7936787, 6.8810137 ], [ -0.7559659, 6.9129886 ] ] ] ] } },
{ "type": "Feature", "properties": { "POLYGON_ID": "GHA_GAUL1990_ADM2_16577", "ADM0_ISO3": "GHA", "ADM0_NAME": "Ghana", "ADM0_CODE": 94, "ADM1_NAME": "Ashanti", "ADM1_CODE": 1324, "ADM2_NAME": "Kumasi", "ADM2_CODE": 16577, "GEOSET": "GAUL", "GEOSET_YEAR": 1990.0, "GEOSET_VERSION": "GAUL_v1", "GEOSET_UNIT": "ADM2", "CENTROID_LONG": -1.603940680837318, "CENTROID_LAT": 6.6868009051203741 }, "geometry": { "type": "MultiPolygon", "coordinates": [ [ [ [ -1.605127, 6.7610205 ], [ -1.555838, 6.7254039 ], [ -1.5049465, 6.6614724 ], [ -1.5163231, 6.6412162 ], [ -1.6114144, 6.6087553 ], [ -1.669774, 6.6656598 ], [ -1.7082005, 6.665121 ], [ -1.6632685, 6.7145071 ], [ -1.6767733, 6.7642818 ], [ -1.605127, 6.7610205 ] ] ] ] } },
{ "type": "Feature", "properties": { "POLYGON_ID": "GHA_GAUL1990_ADM2_16625", "ADM0_ISO3": "GHA", "ADM0_NAME": "Ghana", "ADM0_CODE": 94, "ADM1_NAME": "Greater Accra", "ADM1_CODE": 1328, "ADM2_NAME": "Tema", "ADM2_CODE": 16625, "GEOSET": "GAUL", "GEOSET_YEAR": 1990.0, "GEOSET_VERSION": "GAUL_v1", "GEOSET_UNIT": "ADM2", "CENTROID_LONG": -0.068507297628623967, "CENTROID_LAT": 5.719421296332448 }, "geometry": { "type": "MultiPolygon", "coordinates": [ [ [ [ 0.066797, 5.6926983 ], [ 0.0048387, 5.6251366 ], [ -0.0560918, 5.6067889 ], [ -0.155613, 5.6570113 ], [ -0.1712303, 5.7051797 ], [ -0.1228651, 5.8090598 ], [ -0.1552974, 5.8119718 ], [ -0.1441865, 5.852164 ], [ -0.1224299, 5.8774688 ], [ -0.0833607, 5.8559492 ], [ -0.0616723, 5.7965138 ], [ -0.001515, 5.7385983 ], [ 0.0656649, 5.7174044 ], [ 0.066797, 5.6926983 ] ] ] ] } },
{ "type": "Feature", "properties": { "POLYGON_ID": "GHA_GAUL1990_ADM2_16633", "ADM0_ISO3": "GHA", "ADM0_NAME": "Ghana", "ADM0_CODE": 94, "ADM1_NAME": "Northern", "ADM1_CODE": 1329, "ADM2_NAME": "Tamale", "ADM2_CODE": 16633, "GEOSET": "GAUL", "GEOSET_YEAR": 1990.0, "GEOSET_VERSION": "GAUL_v1", "GEOSET_UNIT": "ADM2", "CENTROID_LONG": -0.76735688895833165, "CENTROID_LAT": 9.394712964015957 }, "geometry": { "type": "MultiPolygon", "coordinates": [ [ [ [ -0.5759639, 9.412794 ], [ -0.5253596, 9.3605467 ], [ -0.5625265, 9.2838852 ], [ -0.6863371, 9.3231106 ], [ -0.7204974, 9.2855978 ], [ -0.8061604, 9.3165178 ], [ -0.9364441, 9.2938758 ], [ -0.962858, 9.3318711 ], [ -0.9466631, 9.3983026 ], [ -0.9659773, 9.4175103 ], [ -0.9094815, 9.4754159 ], [ -0.8844136, 9.5650985 ], [ -0.8150078, 9.5417817 ], [ -0.8210723, 9.4759222 ], [ -0.7511035, 9.4847359 ], [ -0.7110941, 9.46207 ], [ -0.672584, 9.4763332 ], [ -0.5759639, 9.412794 ] ] ] ] } },
{ "type": "Feature", "properties": { "POLYGON_ID": "GHA_GAUL1990_ADM2_16631", "ADM0_ISO3": "GHA", "ADM0_NAME": "Ghana", "ADM0_CODE": 94, "ADM1_NAME": "Northern", "ADM1_CODE": 1329, "ADM2_NAME": "Saboba\/Chereponi", "ADM2_CODE": 16631, "GEOSET": "GAUL", "GEOSET_YEAR": 1990.0, "GEOSET_VERSION": "GAUL_v1", "GEOSET_UNIT": "ADM2", "CENTROID_LONG": 0.20463192950238107, "CENTROID_LAT": 9.933327691535716 }, "geometry": { "type": "MultiPolygon", "coordinates": [ [ [ [ 0.2380423, 10.4093102 ], [ 0.2393034, 10.4124986 ], [ 0.2441337, 10.4127842 ], [ 0.2516528, 10.409096 ], [ 0.2556503, 10.405503 ], [ 0.2607888, 10.4058335 ], [ 0.2665006, 10.4077635 ], [ 0.2682138, 10.4129032 ], [ 0.2725162, 10.4164016 ], [ 0.2750905, 10.4184949 ], [ 0.2811343, 10.4194229 ], [ 0.2867498, 10.4190184 ], [ 0.2914136, 10.4079063 ], [ 0.2935313, 10.4067403 ], [ 0.2981713, 10.408168 ], [ 0.3210362, 10.3348428 ], [ 0.3230604, 10.3342858 ], [ 0.3240264, 10.3352184 ], [ 0.3272007, 10.3382833 ], [ 0.3214424, 10.3075168 ], [ 0.3314123, 10.3092062 ], [ 0.3460128, 10.3057443 ], [ 0.3475689, 10.3053753 ], [ 0.3499959, 10.3065888 ], [ 0.3502466, 10.3069972 ], [ 0.3533985, 10.312133 ], [ 0.3631781, 10.3087779 ], [ 0.3897567, 10.3146314 ], [ 0.3978231, 10.3064223 ], [ 0.3968475, 10.3038762 ], [ 0.3832846, 10.2989984 ], [ 0.3758369, 10.2877197 ], [ 0.3695313, 10.2844361 ], [ 0.3710179, 10.2818785 ], [ 0.3824994, 10.2726101 ], [ 0.3756105, 10.2672869 ], [ 0.3647724, 10.2632113 ], [ 0.3624167, 10.260118 ], [ 0.3607987, 10.2224749 ], [ 0.3597279, 10.2176446 ], [ 0.3564909, 10.2125274 ], [ 0.355897, 10.1985137 ], [ 0.3518519, 10.1912802 ], [ 0.3612508, 10.0852276 ], [ 0.4171205, 10.056674 ], [ 0.4128905, 10.0463073 ], [ 0.4125661, 10.0449773 ], [ 0.4135751, 10.0332364 ], [ 0.4113622, 10.0218863 ], [ 0.4076087, 10.0198695 ], [ 0.401773, 10.0188168 ], [ 0.39216, 10.0245275 ], [ 0.3739095, 10.0257411 ], [ 0.3647962, 10.0319515 ], [ 0.3608463, 10.0307855 ], [ 0.3596565, 10.0281443 ], [ 0.3631067, 10.0107505 ], [ 0.3614649, 10.0042545 ], [ 0.3570153, 9.9959978 ], [ 0.3593472, 9.9835532 ], [ 0.3673422, 9.9653741 ], [ 0.3855451, 9.9478375 ], [ 0.3868538, 9.9369634 ], [ 0.3854975, 9.9350836 ], [ 0.3806001, 9.9330575 ], [ 0.3747423, 9.930634 ], [ 0.3619646, 9.9284925 ], [ 0.3595138, 9.9269934 ], [ 0.3558732, 9.8677686 ], [ 0.3577292, 9.8454731 ], [ 0.3516139, 9.8250573 ], [ 0.3479972, 9.8232489 ], [ 0.3425482, 9.8144925 ], [ 0.330175, 9.7551726 ], [ 0.3204906, 9.7245965 ], [ 0.3248926, 9.7202421 ], [ 0.339217, 9.7190047 ], [ 0.3518995, 9.6741757 ], [ 0.3625357, 9.672058 ], [ 0.3672946, 9.6585426 ], [ 0.3699596, 9.6503573 ], [ 0.3774073, 9.6456222 ], [ 0.3811431, 9.6409584 ], [ 0.3827968, 9.6403097 ], [ 0.3840658, 9.5860897 ], [ 0.3492089, 9.5691737 ], [ 0.3377456, 9.5745414 ], [ 0.2655652, 9.5649646 ], [ 0.2517043, 9.5720985 ], [ 0.2455177, 9.5224788 ], [ 0.287999, 9.4861206 ], [ 0.2788936, 9.4868821 ], [ 0.2764745, 9.4852561 ], [ 0.2752956, 9.482522 ], [ 0.2694485, 9.4770215 ], [ 0.2596041, 9.4759048 ], [ 0.2387918, 9.4852957 ], [ 0.2325417, 9.485962 ], [ 0.2297181, 9.4810127 ], [ 0.2490631, 9.4365247 ], [ 0.2493032, 9.4364601 ], [ 0.2466569, 9.4358921 ], [ 0.242039, 9.4349009 ], [ 0.2406063, 9.4352037 ], [ 0.2386356, 9.434232 ], [ 0.2313465, 9.4331632 ], [ 0.1538533, 9.4372517 ], [ 0.1586795, 9.5445938 ], [ 0.0776018, 9.5793016 ], [ 0.0799205, 9.6179365 ], [ 0.0335012, 9.6425447 ], [ 0.0643864, 9.6818325 ], [ -0.0214033, 9.7457682 ], [ -0.0263812, 9.7985443 ], [ -0.0195859, 9.8582743 ], [ 0.0239486, 9.9480637 ], [ 0.124148, 10.0363289 ], [ 0.1056079, 10.1163544 ], [ 0.0658929, 10.1694556 ], [ 0.0817395, 10.2541101 ], [ 0.0559568, 10.3049241 ], [ 0.0852713, 10.307393 ], [ 0.1560383, 10.3682433 ], [ 0.1939904, 10.3819176 ], [ 0.1985327, 10.3869717 ], [ 0.1962667, 10.3971469 ], [ 0.193731, 10.3993667 ], [ 0.1937576, 10.3997938 ], [ 0.1937699, 10.4000914 ], [ 0.1937824, 10.4003884 ], [ 0.1938234, 10.4013674 ], [ 0.1967348, 10.4001254 ], [ 0.204825, 10.4035519 ], [ 0.2101074, 10.4035757 ], [ 0.2073472, 10.4152112 ], [ 0.2195301, 10.4236345 ], [ 0.2274537, 10.418947 ], [ 0.2380423, 10.4093102 ] ] ] ] } },
{ "type": "Feature", "properties": { "POLYGON_ID": "GHA_GAUL1990_ADM2_16645", "ADM0_ISO3": "GHA", "ADM0_NAME": "Ghana", "ADM0_CODE": 94, "ADM1_NAME": "Upper West", "ADM1_CODE": 1331, "ADM2_NAME": "Jirapa Lambussie", "ADM2_CODE": 16645, "GEOSET": "GAUL", "GEOSET_YEAR": 1990.0, "GEOSET_VERSION": "GAUL_v1", "GEOSET_UNIT": "ADM2", "CENTROID_LONG": -2.5925896181660697, "CENTROID_LAT": 10.68554221036557 }, "geometry": { "type": "MultiPolygon", "coordinates": [ [ [ [ -2.7021851, 10.9871675 ], [ -2.6328606, 10.9876409 ], [ -2.5970209, 10.9390628 ], [ -2.5139214, 10.9332673 ], [ -2.4742759, 10.8966692 ], [ -2.4401408, 10.7971058 ], [ -2.4341058, 10.7388898 ], [ -2.3877816, 10.6987178 ], [ -2.3220486, 10.5775408 ], [ -2.3746005, 10.5396915 ], [ -2.4401495, 10.5160817 ], [ -2.5276286, 10.5076062 ], [ -2.6252872, 10.4587213 ], [ -2.6679061, 10.4590354 ], [ -2.7736382, 10.4233622 ], [ -2.776885, 10.4259405 ], [ -2.8398586, 10.4424588 ], [ -2.8538283, 10.4489143 ], [ -2.8036265, 10.550754 ], [ -2.8042494, 10.5954445 ], [ -2.6983044, 10.6337893 ], [ -2.7270008, 10.6994821 ], [ -2.6609993, 10.7474677 ], [ -2.7365571, 10.8548854 ], [ -2.7362497, 10.9424387 ], [ -2.7550431, 10.9882851 ], [ -2.7614802, 10.993872 ], [ -2.7651515, 10.9945561 ], [ -2.7670548, 10.9977239 ], [ -2.7677019, 10.9984728 ], [ -2.7681521, 10.9993051 ], [ -2.7681559, 10.9993395 ], [ -2.7640829, 10.9993451 ], [ -2.7199782, 10.9979301 ], [ -2.7021851, 10.9871675 ] ] ] ] } },
{ "type": "Feature", "properties": { "POLYGON_ID": "GHA_GAUL1990_ADM2_16644", "ADM0_ISO3": "GHA", "ADM0_NAME": "Ghana", "ADM0_CODE": 94, "ADM1_NAME": "Upper East", "ADM1_CODE": 1330, "ADM2_NAME": "Kasena Nankana", "ADM2_CODE": 16644, "GEOSET": "GAUL", "GEOSET_YEAR": 1990.0, "GEOSET_VERSION": "GAUL_v1", "GEOSET_UNIT": "ADM2", "CENTROID_LONG": -1.165480976094871, "CENTROID_LAT": 10.830822010113543 }, "geometry": { "type": "MultiPolygon", "coordinates": [ [ [ [ -1.3946892, 10.9902831 ], [ -1.2233827, 10.9892252 ], [ -1.1215076, 10.9855774 ], [ -1.0666328, 11.0037235 ], [ -1.0052324, 11.0035101 ], [ -1.0047043, 10.995061 ], [ -1.0045894, 10.9932226 ], [ -0.9739842, 10.9932226 ], [ -0.9588102, 11.0000381 ], [ -0.9339826, 11.0001133 ], [ -0.9163744, 11.0001666 ], [ -0.9167602, 10.9804919 ], [ -0.8918131, 10.9806205 ], [ -0.8902699, 10.9713617 ], [ -0.890242, 10.9713158 ], [ -0.8904323, 10.9674673 ], [ -0.8905896, 10.9642865 ], [ -0.8889796, 10.9644822 ], [ -0.8890496, 10.9632658 ], [ -0.8900485, 10.9621608 ], [ -0.893137, 10.9598796 ], [ -0.8986269, 10.9580595 ], [ -0.8977506, 10.951248 ], [ -0.9108126, 10.9498353 ], [ -0.9340232, 10.9151871 ], [ -0.9306927, 10.8763434 ], [ -0.9943861, 10.8226791 ], [ -1.0125527, 10.7380039 ], [ -0.9677094, 10.7121664 ], [ -0.9805371, 10.6671577 ], [ -0.9451514, 10.6177653 ], [ -0.9362601, 10.5242003 ], [ -1.0105938, 10.5352233 ], [ -1.0662781, 10.4949796 ], [ -1.0737277, 10.5525451 ], [ -1.1079606, 10.6249901 ], [ -1.0839168, 10.6541447 ], [ -1.1208323, 10.6920233 ], [ -1.1344622, 10.7927036 ], [ -1.1182521, 10.8494951 ], [ -1.1885857, 10.8680524 ], [ -1.1969117, 10.8188903 ], [ -1.2413282, 10.7934298 ], [ -1.2946196, 10.8231072 ], [ -1.3941914, 10.7973358 ], [ -1.4056438, 10.7248989 ], [ -1.4717106, 10.7559956 ], [ -1.52647, 10.7580197 ], [ -1.4914317, 10.8307885 ], [ -1.4586753, 10.8467929 ], [ -1.4481377, 10.9613386 ], [ -1.4229623, 11.0147441 ], [ -1.3946892, 10.9902831 ] ] ] ] } },
{ "type": "Feature", "properties": { "POLYGON_ID": "GHA_GAUL1990_ADM2_16591", "ADM0_ISO3": "GHA", "ADM0_NAME": "Ghana", "ADM0_CODE": 94, "ADM1_NAME": "Brong Ahafo", "ADM1_CODE": 1325, "ADM2_NAME": "Sunyani", "ADM2_CODE": 16591, "GEOSET": "GAUL", "GEOSET_YEAR": 1990.0, "GEOSET_VERSION": "GAUL_v1", "GEOSET_UNIT": "ADM2", "CENTROID_LONG": -2.3583988164940779, "CENTROID_LAT": 7.3739175124467717 }, "geometry": { "type": "MultiPolygon", "coordinates": [ [ [ [ -2.1140929, 7.4924513 ], [ -2.1098906, 7.4610408 ], [ -2.1357859, 7.3929215 ], [ -2.1601618, 7.3270454 ], [ -2.2157216, 7.3111891 ], [ -2.3251731, 7.2345484 ], [ -2.3502783, 7.184405 ], [ -2.2890404, 7.1368043 ], [ -2.2986138, 7.0957106 ], [ -2.3503472, 7.1264912 ], [ -2.3781773, 7.0971815 ], [ -2.4478183, 7.1380166 ], [ -2.4939339, 7.1308327 ], [ -2.4924738, 7.2167897 ], [ -2.5136213, 7.2871516 ], [ -2.5056443, 7.3938773 ], [ -2.5415822, 7.443265 ], [ -2.5104527, 7.5488711 ], [ -2.4809036, 7.5911265 ], [ -2.369224, 7.5642807 ], [ -2.2491658, 7.6018848 ], [ -2.2448982, 7.5465607 ], [ -2.2674566, 7.4959477 ], [ -2.2298163, 7.4669087 ], [ -2.1140929, 7.4924513 ] ] ] ] } },
{ "type": "Feature", "properties": { "POLYGON_ID": "GHA_GAUL1990_ADM2_16589", "ADM0_ISO3": "GHA", "ADM0_NAME": "Ghana", "ADM0_CODE": 94, "ADM1_NAME": "Brong Ahafo", "ADM1_CODE": 1325, "ADM2_NAME": "Nkoranza", "ADM2_CODE": 16589, "GEOSET": "GAUL", "GEOSET_YEAR": 1990.0, "GEOSET_VERSION": "GAUL_v1", "GEOSET_UNIT": "ADM2", "CENTROID_LONG": -1.6238637377919944, "CENTROID_LAT": 7.6036316514359301 }, "geometry": { "type": "MultiPolygon", "coordinates": [ [ [ [ -1.5077133, 7.8526654 ], [ -1.4748522, 7.8027056 ], [ -1.3944968, 7.8071027 ], [ -1.3685115, 7.7000208 ], [ -1.3099535, 7.6158155 ], [ -1.3863052, 7.6025541 ], [ -1.4338274, 7.5709152 ], [ -1.4726812, 7.4940073 ], [ -1.5204746, 7.4474724 ], [ -1.5169952, 7.3946119 ], [ -1.5768405, 7.4002683 ], [ -1.6411496, 7.3225441 ], [ -1.7616897, 7.319409 ], [ -1.8074604, 7.345916 ], [ -1.863703, 7.4743622 ], [ -1.8152782, 7.504435 ], [ -1.7867054, 7.5699937 ], [ -1.8329508, 7.6236742 ], [ -1.8330937, 7.6860135 ], [ -1.9103489, 7.7263314 ], [ -1.8834885, 7.7496296 ], [ -1.8095005, 7.7493537 ], [ -1.7914752, 7.7799109 ], [ -1.63152, 7.820202 ], [ -1.5786184, 7.8796125 ], [ -1.5077133, 7.8526654 ] ] ] ] } },
{ "type": "Feature", "properties": { "POLYGON_ID": "GHA_GAUL1990_ADM2_16656", "ADM0_ISO3": "GHA", "ADM0_NAME": "Ghana", "ADM0_CODE": 94, "ADM1_NAME": "Volta", "ADM1_CODE": 1332, "ADM2_NAME": "Ketu", "ADM2_CODE": 16656, "GEOSET": "GAUL", "GEOSET_YEAR": 1990.0, "GEOSET_VERSION": "GAUL_v1", "GEOSET_UNIT": "ADM2", "CENTROID_LONG": 1.010665152743099, "CENTROID_LAT": 6.1479460546909479 }, "geometry": { "type": "MultiPolygon", "coordinates": [ [ [ [ 1.1057402, 6.1681598 ], [ 1.2003196, 6.1685516 ], [ 1.1996093, 6.1124242 ], [ 1.0777, 6.042277 ], [ 1.030311, 5.9800212 ], [ 0.9571676, 6.0549472 ], [ 0.8627565, 6.0670443 ], [ 0.8839866, 6.1152388 ], [ 0.8737791, 6.160906 ], [ 0.8998731, 6.2150557 ], [ 0.8971674, 6.2757061 ], [ 0.9590382, 6.2858694 ], [ 0.9638436, 6.3329067 ], [ 1.0053057, 6.3327059 ], [ 1.0243079, 6.2541689 ], [ 1.1057402, 6.1681598 ] ] ] ] } },
{ "type": "Feature", "properties": { "POLYGON_ID": "GHA_GAUL1990_ADM2_16653", "ADM0_ISO3": "GHA", "ADM0_NAME": "Ghana", "ADM0_CODE": 94, "ADM1_NAME": "Volta", "ADM1_CODE": 1332, "ADM2_NAME": "Jasikan", "ADM2_CODE": 16653, "GEOSET": "GAUL", "GEOSET_YEAR": 1990.0, "GEOSET_VERSION": "GAUL_v1", "GEOSET_UNIT": "ADM2", "CENTROID_LONG": 0.37478790086918323, "CENTROID_LAT": 7.3623246185112086 }, "geometry": { "type": "MultiPolygon", "coordinates": [ [ [ [ 0.4215441, 7.6858824 ], [ 0.4195317, 7.5280004 ], [ 0.4851457, 7.5124398 ], [ 0.5208636, 7.5175638 ], [ 0.5203706, 7.515533 ], [ 0.5271044, 7.4953314 ], [ 0.5280324, 7.4837672 ], [ 0.5230831, 7.4758912 ], [ 0.5205847, 7.4722744 ], [ 0.5240587, 7.4695142 ], [ 0.5232259, 7.4668254 ], [ 0.5217031, 7.4648267 ], [ 0.5199423, 7.4628993 ], [ 0.5212272, 7.4564986 ], [ 0.5244632, 7.4569031 ], [ 0.5335528, 7.454357 ], [ 0.5328151, 7.4497885 ], [ 0.5331007, 7.4440064 ], [ 0.5333862, 7.4393664 ], [ 0.5368364, 7.4377246 ], [ 0.5392397, 7.4318949 ], [ 0.5369078, 7.4280164 ], [ 0.5381213, 7.4246138 ], [ 0.5448314, 7.4173564 ], [ 0.5580612, 7.4029131 ], [ 0.5667938, 7.3957985 ], [ 0.5735776, 7.393428 ], [ 0.6187137, 7.4126451 ], [ 0.6481238, 7.3783333 ], [ 0.6456688, 7.3754037 ], [ 0.6468363, 7.3674754 ], [ 0.6588314, 7.3181805 ], [ 0.6578988, 7.312918 ], [ 0.650793, 7.2929207 ], [ 0.6504557, 7.2902218 ], [ 0.6493257, 7.2902541 ], [ 0.6420635, 7.2686095 ], [ 0.641536, 7.2606732 ], [ 0.5047773, 7.2983339 ], [ 0.4268201, 7.2783098 ], [ 0.3913146, 7.2240069 ], [ 0.3709216, 7.1516454 ], [ 0.3282175, 7.0866143 ], [ 0.2242069, 7.0967635 ], [ 0.2349751, 7.1644255 ], [ 0.1820649, 7.1770644 ], [ 0.214709, 7.3074345 ], [ 0.1982892, 7.3654068 ], [ 0.123789, 7.4038752 ], [ 0.2998856, 7.5000812 ], [ 0.3268595, 7.5454982 ], [ 0.3206023, 7.5875474 ], [ 0.3540332, 7.6630256 ], [ 0.4215441, 7.6858824 ] ] ] ] } },
{ "type": "Feature", "properties": { "POLYGON_ID": "GHA_GAUL1990_ADM2_16658", "ADM0_ISO3": "GHA", "ADM0_NAME": "Ghana", "ADM0_CODE": 94, "ADM1_NAME": "Volta", "ADM1_CODE": 1332, "ADM2_NAME": "Nkwanta", "ADM2_CODE": 16658, "GEOSET": "GAUL", "GEOSET_YEAR": 1990.0, "GEOSET_VERSION": "GAUL_v1", "GEOSET_UNIT": "ADM2", "CENTROID_LONG": 0.39866693111877566, "CENTROID_LAT": 8.3510961781187287 }, "geometry": { "type": "MultiPolygon", "coordinates": [ [ [ [ 0.382664, 8.7372378 ], [ 0.469631, 8.5985401 ], [ 0.4712334, 8.5953853 ], [ 0.4780862, 8.5928868 ], [ 0.4798233, 8.5932676 ], [ 0.4787049, 8.5957422 ], [ 0.4948614, 8.5919351 ], [ 0.4934576, 8.5898887 ], [ 0.4990017, 8.5740891 ], [ 0.5021902, 8.5704485 ], [ 0.5105659, 8.5634767 ], [ 0.5183229, 8.5620728 ], [ 0.5229391, 8.5638098 ], [ 0.5320048, 8.5677597 ], [ 0.5342653, 8.5630246 ], [ 0.533956, 8.5589795 ], [ 0.5385959, 8.5556245 ], [ 0.5468289, 8.5523408 ], [ 0.5496128, 8.551627 ], [ 0.558241, 8.5502383 ], [ 0.5615101, 8.5462494 ], [ 0.5628189, 8.5414191 ], [ 0.5658646, 8.5361605 ], [ 0.5691482, 8.533781 ], [ 0.568244, 8.5253339 ], [ 0.5740737, 8.5262381 ], [ 0.5792221, 8.5262571 ], [ 0.5841864, 8.5250246 ], [ 0.5857435, 8.5221051 ], [ 0.5885646, 8.5168155 ], [ 0.592229, 8.5163396 ], [ 0.6276116, 8.5084636 ], [ 0.6259044, 8.5061071 ], [ 0.623733, 8.5031098 ], [ 0.6272784, 8.4982081 ], [ 0.6451482, 8.4912839 ], [ 0.6448777, 8.4899938 ], [ 0.6426736, 8.4794817 ], [ 0.6491695, 8.4698211 ], [ 0.6538094, 8.4572814 ], [ 0.650383, 8.4560678 ], [ 0.6519535, 8.4419814 ], [ 0.65212, 8.4357948 ], [ 0.6512872, 8.4323684 ], [ 0.6495978, 8.4293941 ], [ 0.6516203, 8.4264911 ], [ 0.6575452, 8.427086 ], [ 0.6923805, 8.4026251 ], [ 0.6929754, 8.4009833 ], [ 0.695035, 8.4009872 ], [ 0.7057293, 8.4010071 ], [ 0.6980912, 8.3957247 ], [ 0.7033022, 8.3923221 ], [ 0.7077756, 8.391751 ], [ 0.7104644, 8.3854216 ], [ 0.7096078, 8.3637923 ], [ 0.7104406, 8.3571774 ], [ 0.7309278, 8.3161555 ], [ 0.7303545, 8.3077693 ], [ 0.7311419, 8.2902432 ], [ 0.7263519, 8.2846532 ], [ 0.6363918, 8.2534567 ], [ 0.6373198, 8.2472701 ], [ 0.6240186, 8.238252 ], [ 0.6254962, 8.2300229 ], [ 0.6253746, 8.2292617 ], [ 0.620187, 8.2190125 ], [ 0.6187124, 8.2160992 ], [ 0.6165709, 8.2144574 ], [ 0.6090722, 8.2134963 ], [ 0.5870656, 8.1970397 ], [ 0.5903968, 8.191567 ], [ 0.5935155, 8.1899434 ], [ 0.59675, 8.1882595 ], [ 0.6012947, 8.1812639 ], [ 0.6049591, 8.1811211 ], [ 0.6114464, 8.1836908 ], [ 0.6105746, 8.1772902 ], [ 0.6060299, 8.1725789 ], [ 0.6078858, 8.1649646 ], [ 0.583926, 8.0894352 ], [ 0.5953474, 8.0452962 ], [ 0.5938483, 8.0360877 ], [ 0.5989879, 8.0244283 ], [ 0.5961564, 8.0143394 ], [ 0.6144204, 7.9073919 ], [ 0.6169922, 7.8978325 ], [ 0.5558587, 7.9168565 ], [ 0.4915419, 7.8975431 ], [ 0.4470012, 7.9617396 ], [ 0.4155465, 7.9639924 ], [ 0.3125889, 8.0377347 ], [ 0.2591382, 8.1055516 ], [ 0.3027424, 8.1264169 ], [ 0.3078211, 8.1782365 ], [ 0.2454941, 8.2040722 ], [ 0.1936177, 8.1882326 ], [ 0.129616, 8.2120932 ], [ 0.1888833, 8.2468136 ], [ 0.2031818, 8.3388237 ], [ 0.2440472, 8.3839848 ], [ 0.2071961, 8.4076351 ], [ 0.1245409, 8.3803527 ], [ 0.086209, 8.4007705 ], [ 0.0813045, 8.4583193 ], [ 0.1205215, 8.4829242 ], [ 0.0825586, 8.5233775 ], [ 0.1117018, 8.5943701 ], [ 0.1695838, 8.6133934 ], [ 0.1381713, 8.6655185 ], [ 0.1853084, 8.7383194 ], [ 0.2389293, 8.748671 ], [ 0.3589969, 8.723504 ], [ 0.3699411, 8.7335849 ], [ 0.3747344, 8.7332285 ], [ 0.3805285, 8.7361372 ], [ 0.3811463, 8.7369231 ], [ 0.3822117, 8.736663 ], [ 0.3823951, 8.7368139 ], [ 0.3825429, 8.7370889 ], [ 0.382664, 8.7372378 ] ] ] ] } },
{ "type": "Feature", "properties": { "POLYGON_ID": "GHA_GAUL1990_ADM2_16574", "ADM0_ISO3": "GHA", "ADM0_NAME": "Ghana", "ADM0_CODE": 94, "ADM1_NAME": "Ashanti", "ADM1_CODE": 1324, "ADM2_NAME": "Bosomtwe Kwanwoma", "ADM2_CODE": 16574, "GEOSET": "GAUL", "GEOSET_YEAR": 1990.0, "GEOSET_VERSION": "GAUL_v1", "GEOSET_UNIT": "ADM2", "CENTROID_LONG": -1.5565333698616539, "CENTROID_LAT": 6.5702164751059584 }, "geometry": { "type": "MultiPolygon", "coordinates": [ [ [ [ -1.5163231, 6.6412162 ], [ -1.4852103, 6.6120886 ], [ -1.4233276, 6.6065158 ], [ -1.3649245, 6.6257262 ], [ -1.3130337, 6.5241832 ], [ -1.3705022, 6.4719907 ], [ -1.4355443, 6.4697208 ], [ -1.461652, 6.5066028 ], [ -1.578485, 6.5180384 ], [ -1.6515387, 6.5432193 ], [ -1.714362, 6.5550051 ], [ -1.7803453, 6.51139 ], [ -1.8018112, 6.571334 ], [ -1.8191795, 6.608341 ], [ -1.7082005, 6.665121 ], [ -1.669774, 6.6656598 ], [ -1.6114144, 6.6087553 ], [ -1.5163231, 6.6412162 ] ] ] ] } },
{ "type": "Feature", "properties": { "POLYGON_ID": "GHA_GAUL1990_ADM2_16566", "ADM0_ISO3": "GHA", "ADM0_NAME": "Ghana", "ADM0_CODE": 94, "ADM1_NAME": "Ashanti", "ADM1_CODE": 1324, "ADM2_NAME": "Afigya Sekyere", "ADM2_CODE": 16566, "GEOSET": "GAUL", "GEOSET_YEAR": 1990.0, "GEOSET_VERSION": "GAUL_v1", "GEOSET_UNIT": "ADM2", "CENTROID_LONG": -1.5680344860881725, "CENTROID_LAT": 6.9555103979304604 }, "geometry": { "type": "MultiPolygon", "coordinates": [ [ [ [ -1.5884964, 7.1430052 ], [ -1.496135, 7.1057507 ], [ -1.5026721, 7.0516058 ], [ -1.4442262, 6.9955272 ], [ -1.4606752, 6.9617882 ], [ -1.4043834, 6.9164148 ], [ -1.4403566, 6.8696219 ], [ -1.4663452, 6.8450114 ], [ -1.5129915, 6.8372899 ], [ -1.5981112, 6.7868536 ], [ -1.605127, 6.7610205 ], [ -1.6767733, 6.7642818 ], [ -1.6885389, 6.8653058 ], [ -1.6462138, 6.8979098 ], [ -1.6406614, 6.9738348 ], [ -1.655579, 7.0754878 ], [ -1.6805543, 7.1087668 ], [ -1.6588733, 7.1590786 ], [ -1.5884964, 7.1430052 ] ] ] ] } },
{ "type": "Feature", "properties": { "POLYGON_ID": "GHA_GAUL1990_ADM2_16581", "ADM0_ISO3": "GHA", "ADM0_NAME": "Ghana", "ADM0_CODE": 94, "ADM1_NAME": "Ashanti", "ADM1_CODE": 1324, "ADM2_NAME": "Sekyere West", "ADM2_CODE": 16581, "GEOSET": "GAUL", "GEOSET_YEAR": 1990.0, "GEOSET_VERSION": "GAUL_v1", "GEOSET_UNIT": "ADM2", "CENTROID_LONG": -1.2314803228998239, "CENTROID_LAT": 7.1965482185949119 }, "geometry": { "type": "MultiPolygon", "coordinates": [ [ [ [ -1.4043834, 6.9164148 ], [ -1.4606752, 6.9617882 ], [ -1.4442262, 6.9955272 ], [ -1.5026721, 7.0516058 ], [ -1.496135, 7.1057507 ], [ -1.5884964, 7.1430052 ], [ -1.5639333, 7.2045256 ], [ -1.4826129, 7.256958 ], [ -1.3779824, 7.3062806 ], [ -1.2974502, 7.2610639 ], [ -1.2762942, 7.3248765 ], [ -1.2378996, 7.3588222 ], [ -1.1794263, 7.3652208 ], [ -1.1452411, 7.4674543 ], [ -1.0703946, 7.4884575 ], [ -1.0726241, 7.4245585 ], [ -1.0378881, 7.4041054 ], [ -0.9148512, 7.4021213 ], [ -0.9083146, 7.2940139 ], [ -0.9437182, 7.2443549 ], [ -0.9637475, 7.1587543 ], [ -1.0812347, 7.122666 ], [ -1.1600833, 7.049997 ], [ -1.1908044, 7.0061574 ], [ -1.2547817, 6.9646055 ], [ -1.2868157, 6.9808053 ], [ -1.382931, 6.9501946 ], [ -1.4043834, 6.9164148 ] ] ] ] } },
{ "type": "Feature", "properties": { "POLYGON_ID": "GHA_GAUL1990_ADM2_16579", "ADM0_ISO3": "GHA", "ADM0_NAME": "Ghana", "ADM0_CODE": 94, "ADM1_NAME": "Ashanti", "ADM1_CODE": 1324, "ADM2_NAME": "Offinso", "ADM2_CODE": 16579, "GEOSET": "GAUL", "GEOSET_YEAR": 1990.0, "GEOSET_VERSION": "GAUL_v1", "GEOSET_UNIT": "ADM2", "CENTROID_LONG": -1.8289191973445935, "CENTROID_LAT": 7.2104052175022684 }, "geometry": { "type": "MultiPolygon", "coordinates": [ [ [ [ -1.6411496, 7.3225441 ], [ -1.6575497, 7.2514332 ], [ -1.6588733, 7.1590786 ], [ -1.6805543, 7.1087668 ], [ -1.655579, 7.0754878 ], [ -1.6406614, 6.9738348 ], [ -1.6462138, 6.8979098 ], [ -1.6885389, 6.8653058 ], [ -1.774434, 6.9690855 ], [ -1.8232231, 6.9904347 ], [ -1.8478088, 7.0216678 ], [ -1.8070227, 7.0621504 ], [ -1.8709519, 7.1002669 ], [ -1.9538402, 7.0826427 ], [ -1.933177, 7.1739945 ], [ -1.8691731, 7.2006191 ], [ -1.8269303, 7.250783 ], [ -1.8652547, 7.2755503 ], [ -1.9150562, 7.250718 ], [ -2.0153471, 7.3141023 ], [ -2.0765197, 7.3205834 ], [ -2.1357859, 7.3929215 ], [ -2.1098906, 7.4610408 ], [ -2.035623, 7.4528081 ], [ -1.9757935, 7.4075175 ], [ -1.863703, 7.4743622 ], [ -1.8074604, 7.345916 ], [ -1.7616897, 7.319409 ], [ -1.6411496, 7.3225441 ] ] ] ] } },
{ "type": "Feature", "properties": { "POLYGON_ID": "GHA_GAUL1990_ADM2_33109", "ADM0_ISO3": "GHA", "ADM0_NAME": "Ghana", "ADM0_CODE": 94, "ADM1_NAME": "Central", "ADM1_CODE": 1326, "ADM2_NAME": "Gomoa", "ADM2_CODE": 33109, "GEOSET": "GAUL", "GEOSET_YEAR": 1990.0, "GEOSET_VERSION": "GAUL_v1", "GEOSET_UNIT": "ADM2", "CENTROID_LONG": -0.68961887502434061, "CENTROID_LAT": 5.4315261806255588 }, "geometry": { "type": "MultiPolygon", "coordinates": [ [ [ [ -0.4145521, 5.5279717 ], [ -0.4062356, 5.4692578 ], [ -0.4747242, 5.4064527 ], [ -0.5330037, 5.4179809 ], [ -0.6133283, 5.4045275 ], [ -0.6722317, 5.3673735 ], [ -0.6400767, 5.3276003 ], [ -0.727424, 5.298456 ], [ -0.799187, 5.2230828 ], [ -0.8220202, 5.2947748 ], [ -0.882819, 5.3261733 ], [ -0.9191633, 5.3732393 ], [ -0.8712086, 5.4206247 ], [ -0.8860085, 5.5230402 ], [ -0.8574708, 5.5470005 ], [ -0.8224384, 5.5233042 ], [ -0.7093876, 5.5272656 ], [ -0.685434, 5.4962298 ], [ -0.6379651, 5.549675 ], [ -0.5994746, 5.5406001 ], [ -0.5676911, 5.5807722 ], [ -0.5395853, 5.5113654 ], [ -0.4741419, 5.5578495 ], [ -0.4145521, 5.5279717 ] ] ] ] } },
{ "type": "Feature", "properties": { "POLYGON_ID": "GHA_GAUL1990_ADM2_16596", "ADM0_ISO3": "GHA", "ADM0_NAME": "Ghana", "ADM0_CODE": 94, "ADM1_NAME": "Central", "ADM1_CODE": 1326, "ADM2_NAME": "Agona", "ADM2_CODE": 16596, "GEOSET": "GAUL", "GEOSET_YEAR": 1990.0, "GEOSET_VERSION": "GAUL_v1", "GEOSET_UNIT": "ADM2", "CENTROID_LONG": -0.73602648837860896, "CENTROID_LAT": 5.6253055626112172 }, "geometry": { "type": "MultiPolygon", "coordinates": [ [ [ [ -0.6944184, 5.729549 ], [ -0.6232269, 5.7184106 ], [ -0.5676911, 5.5807722 ], [ -0.5994746, 5.5406001 ], [ -0.6379651, 5.549675 ], [ -0.685434, 5.4962298 ], [ -0.7093876, 5.5272656 ], [ -0.8224384, 5.5233042 ], [ -0.8574708, 5.5470005 ], [ -0.8902407, 5.5785828 ], [ -0.862657, 5.6503613 ], [ -0.8790204, 5.7465876 ], [ -0.8483204, 5.7545008 ], [ -0.7651329, 5.7060739 ], [ -0.6944184, 5.729549 ] ] ] ] } },
{ "type": "Feature", "properties": { "POLYGON_ID": "GHA_GAUL1990_ADM2_16672", "ADM0_ISO3": "GHA", "ADM0_NAME": "Ghana", "ADM0_CODE": 94, "ADM1_NAME": "Western", "ADM1_CODE": 1333, "ADM2_NAME": "Wassa West", "ADM2_CODE": 16672, "GEOSET": "GAUL", "GEOSET_YEAR": 1990.0, "GEOSET_VERSION": "GAUL_v1", "GEOSET_UNIT": "ADM2", "CENTROID_LONG": -2.0100181449910326, "CENTROID_LAT": 5.3522941261171511 }, "geometry": { "type": "MultiPolygon", "coordinates": [ [ [ [ -1.8182733, 5.6719385 ], [ -1.82469, 5.5904721 ], [ -1.822383, 5.4440669 ], [ -1.7586395, 5.3074259 ], [ -1.8543237, 5.22035 ], [ -1.8842762, 5.1416463 ], [ -1.9243188, 5.158684 ], [ -1.9504488, 5.1136143 ], [ -1.9521858, 5.0231314 ], [ -1.9792311, 4.9468636 ], [ -2.0597012, 4.9056886 ], [ -2.0885592, 4.9571874 ], [ -2.0884914, 5.0388646 ], [ -2.1446133, 5.1119297 ], [ -2.1241837, 5.2431873 ], [ -2.1715189, 5.2699526 ], [ -2.2055878, 5.3302573 ], [ -2.2609669, 5.4006559 ], [ -2.2465795, 5.5442478 ], [ -2.1747877, 5.5660454 ], [ -2.1540518, 5.6233431 ], [ -2.1149789, 5.6127769 ], [ -1.9870995, 5.6320077 ], [ -1.893365, 5.6619303 ], [ -1.8491896, 5.6906793 ], [ -1.8182733, 5.6719385 ] ] ] ] } },
{ "type": "Feature", "properties": { "POLYGON_ID": "GHA_GAUL1990_ADM2_16668", "ADM0_ISO3": "GHA", "ADM0_NAME": "Ghana", "ADM0_CODE": 94, "ADM1_NAME": "Western", "ADM1_CODE": 1333, "ADM2_NAME": "Nzema East", "ADM2_CODE": 16668, "GEOSET": "GAUL", "GEOSET_YEAR": 1990.0, "GEOSET_VERSION": "GAUL_v1", "GEOSET_UNIT": "ADM2", "CENTROID_LONG": -2.2987509913220046, "CENTROID_LAT": 5.110969176637866 }, "geometry": { "type": "MultiPolygon", "coordinates": [ [ [ [ -2.2055878, 5.3302573 ], [ -2.1715189, 5.2699526 ], [ -2.1241837, 5.2431873 ], [ -2.1446133, 5.1119297 ], [ -2.0884914, 5.0388646 ], [ -2.0885592, 4.9571874 ], [ -2.0597012, 4.9056886 ], [ -2.0883138, 4.8984163 ], [ -2.1778595, 4.8146877 ], [ -2.1791807, 4.8149046 ], [ -2.1801999, 4.8151037 ], [ -2.247348, 4.881176 ], [ -2.317605, 4.920051 ], [ -2.44507, 4.957553 ], [ -2.5624367, 4.9806098 ], [ -2.4872814, 5.0415965 ], [ -2.4771651, 5.1812586 ], [ -2.4950313, 5.3730498 ], [ -2.3570646, 5.3728068 ], [ -2.3374638, 5.346934 ], [ -2.2731215, 5.3498498 ], [ -2.2055878, 5.3302573 ] ] ] ] } },
{ "type": "Feature", "properties": { "POLYGON_ID": "GHA_GAUL1990_ADM2_16670", "ADM0_ISO3": "GHA", "ADM0_NAME": "Ghana", "ADM0_CODE": 94, "ADM1_NAME": "Western", "ADM1_CODE": 1333, "ADM2_NAME": "Shama Ahanta East", "ADM2_CODE": 16670, "GEOSET": "GAUL", "GEOSET_YEAR": 1990.0, "GEOSET_VERSION": "GAUL_v1", "GEOSET_UNIT": "ADM2", "CENTROID_LONG": -1.7009071353024015, "CENTROID_LAT": 5.0079883216321299 }, "geometry": { "type": "MultiPolygon", "coordinates": [ [ [ [ -1.5816913, 5.1521653 ], [ -1.5801385, 5.0338438 ], [ -1.62859, 5.01655 ], [ -1.6446013, 4.9711664 ], [ -1.704022, 4.95484 ], [ -1.7726409, 4.8759824 ], [ -1.843595, 4.9606154 ], [ -1.7617373, 5.0279663 ], [ -1.7147024, 5.0401962 ], [ -1.7015998, 5.0788736 ], [ -1.6542228, 5.0920472 ], [ -1.5816913, 5.1521653 ] ] ] ] } },
{ "type": "Feature", "properties": { "POLYGON_ID": "GHA_GAUL1990_ADM2_16616", "ADM0_ISO3": "GHA", "ADM0_NAME": "Ghana", "ADM0_CODE": 94, "ADM1_NAME": "Eastern", "ADM1_CODE": 1327, "ADM2_NAME": "Manya Krobo", "ADM2_CODE": 16616, "GEOSET": "GAUL", "GEOSET_YEAR": 1990.0, "GEOSET_VERSION": "GAUL_v1", "GEOSET_UNIT": "ADM2", "CENTROID_LONG": -0.10020782841130954, "CENTROID_LAT": 6.3325848331269237 }, "geometry": { "type": "MultiPolygon", "coordinates": [ [ [ [ 0.0019094, 6.5334547 ], [ -0.0045881, 6.3990255 ], [ -0.0173477, 6.3293479 ], [ 0.0108618, 6.2924446 ], [ 0.0294604, 6.2106063 ], [ 0.0976718, 6.1451065 ], [ 0.1465496, 6.1064377 ], [ 0.143371, 6.0981454 ], [ 0.0420614, 6.0911259 ], [ -0.0768995, 6.1566221 ], [ -0.0806103, 6.2046751 ], [ -0.134676, 6.2218199 ], [ -0.1878342, 6.2102097 ], [ -0.2548466, 6.2895389 ], [ -0.2971102, 6.2947529 ], [ -0.3097231, 6.3391176 ], [ -0.2057617, 6.4687173 ], [ -0.2080962, 6.5126678 ], [ -0.1779155, 6.5549813 ], [ -0.0613853, 6.5307014 ], [ 0.0019094, 6.5334547 ] ] ] ] } },
{ "type": "Feature", "properties": { "POLYGON_ID": "GHA_GAUL1990_ADM2_16611", "ADM0_ISO3": "GHA", "ADM0_NAME": "Ghana", "ADM0_CODE": 94, "ADM1_NAME": "Eastern", "ADM1_CODE": 1327, "ADM2_NAME": "Birim South", "ADM2_CODE": 16611, "GEOSET": "GAUL", "GEOSET_YEAR": 1990.0, "GEOSET_VERSION": "GAUL_v1", "GEOSET_UNIT": "ADM2", "CENTROID_LONG": -0.96082575401196701, "CENTROID_LAT": 5.8503083641652545 }, "geometry": { "type": "MultiPolygon", "coordinates": [ [ [ [ -0.816197, 5.94653 ], [ -0.7627973, 5.8825908 ], [ -0.6944184, 5.729549 ], [ -0.7651329, 5.7060739 ], [ -0.8483204, 5.7545008 ], [ -0.8790204, 5.7465876 ], [ -0.9529187, 5.7356047 ], [ -1.091376, 5.739868 ], [ -1.161619, 5.718327 ], [ -1.1632688, 5.8944979 ], [ -1.2249287, 5.9327369 ], [ -1.2220677, 5.9711589 ], [ -1.1084261, 5.9586042 ], [ -1.0789928, 5.938124 ], [ -0.9966608, 6.0140171 ], [ -0.9798122, 6.0446625 ], [ -0.9658885, 5.9549357 ], [ -0.9188527, 5.9631913 ], [ -0.8760667, 5.9973527 ], [ -0.816197, 5.94653 ] ] ] ] } },
{ "type": "Feature", "properties": { "POLYGON_ID": "GHA_GAUL1990_ADM2_16610", "ADM0_ISO3": "GHA", "ADM0_NAME": "Ghana", "ADM0_CODE": 94, "ADM1_NAME": "Eastern", "ADM1_CODE": 1327, "ADM2_NAME": "Birim North", "ADM2_CODE": 16610, "GEOSET": "GAUL", "GEOSET_YEAR": 1990.0, "GEOSET_VERSION": "GAUL_v1", "GEOSET_UNIT": "ADM2", "CENTROID_LONG": -1.0533036134085083, "CENTROID_LAT": 6.2157578121108523 }, "geometry": { "type": "MultiPolygon", "coordinates": [ [ [ [ -0.8234009, 6.4751831 ], [ -0.8845808, 6.4528537 ], [ -0.8812671, 6.3703164 ], [ -0.9475852, 6.3857919 ], [ -0.9631373, 6.2829003 ], [ -1.0209941, 6.2487383 ], [ -0.9907519, 6.2163155 ], [ -1.0328543, 6.0765033 ], [ -0.9788491, 6.102501 ], [ -0.9798122, 6.0446625 ], [ -0.9966608, 6.0140171 ], [ -1.0789928, 5.938124 ], [ -1.1084261, 5.9586042 ], [ -1.2220677, 5.9711589 ], [ -1.2471052, 5.9882345 ], [ -1.190493, 6.0894083 ], [ -1.2060761, 6.1130657 ], [ -1.1786679, 6.1547814 ], [ -1.1924452, 6.1965487 ], [ -1.1228636, 6.2082736 ], [ -1.1324014, 6.3122588 ], [ -1.1140102, 6.3509128 ], [ -1.0130879, 6.4110934 ], [ -1.0007519, 6.4973765 ], [ -0.9664551, 6.5372826 ], [ -0.9006526, 6.4950814 ], [ -0.8532667, 6.5290545 ], [ -0.8234009, 6.4751831 ] ] ] ] } },
{ "type": "Feature", "properties": { "POLYGON_ID": "GHA_GAUL1990_ADM2_16605", "ADM0_ISO3": "GHA", "ADM0_NAME": "Ghana", "ADM0_CODE": 94, "ADM1_NAME": "Central", "ADM1_CODE": 1326, "ADM2_NAME": "Upper Denkyira", "ADM2_CODE": 16605, "GEOSET": "GAUL", "GEOSET_YEAR": 1990.0, "GEOSET_VERSION": "GAUL_v1", "GEOSET_UNIT": "ADM2", "CENTROID_LONG": -1.888546781283805, "CENTROID_LAT": 5.9908548733379403 }, "geometry": { "type": "MultiPolygon", "coordinates": [ [ [ [ -1.9756825, 6.0891104 ], [ -1.9726317, 6.0592166 ], [ -1.9197107, 6.0139045 ], [ -1.868106, 6.0069645 ], [ -1.8042993, 6.026556 ], [ -1.7778523, 5.9689241 ], [ -1.7368879, 5.9675706 ], [ -1.6726962, 5.9126268 ], [ -1.6449205, 5.9290888 ], [ -1.5587957, 5.9210926 ], [ -1.5973539, 5.8426497 ], [ -1.6408078, 5.817498 ], [ -1.7014607, 5.8115314 ], [ -1.8084663, 5.678227 ], [ -1.7867687, 5.7299017 ], [ -1.850959, 5.7648733 ], [ -1.8155008, 5.8639292 ], [ -1.8707591, 5.8814957 ], [ -1.9855314, 6.0137831 ], [ -2.0589067, 6.068851 ], [ -2.1794555, 6.1170363 ], [ -2.1892269, 6.1445027 ], [ -2.2061515, 6.1952984 ], [ -2.0744839, 6.2918104 ], [ -2.010583, 6.2793646 ], [ -2.0392944, 6.1922919 ], [ -2.024226, 6.1310767 ], [ -1.9756825, 6.0891104 ] ] ] ] } },
{ "type": "Feature", "properties": { "POLYGON_ID": "GHA_GAUL1990_ADM2_16669", "ADM0_ISO3": "GHA", "ADM0_NAME": "Ghana", "ADM0_CODE": 94, "ADM1_NAME": "Western", "ADM1_CODE": 1333, "ADM2_NAME": "Sefwi-Wiawso", "ADM2_CODE": 16669, "GEOSET": "GAUL", "GEOSET_YEAR": 1990.0, "GEOSET_VERSION": "GAUL_v1", "GEOSET_UNIT": "ADM2", "CENTROID_LONG": -2.6162211109641453, "CENTROID_LAT": 6.1921266885390036 }, "geometry": { "type": "MultiPolygon", "coordinates": [ [ [ [ -2.4307635, 6.3525137 ], [ -2.3997781, 6.3390299 ], [ -2.4026951, 6.306835 ], [ -2.348057, 6.2526253 ], [ -2.3836083, 6.2098767 ], [ -2.3370317, 6.1635128 ], [ -2.3623471, 6.0978583 ], [ -2.4129407, 6.0856107 ], [ -2.4442656, 6.1141648 ], [ -2.5586161, 5.975974 ], [ -2.6074552, 5.9594976 ], [ -2.6778234, 5.9629726 ], [ -2.7246415, 5.986554 ], [ -2.7500087, 5.9609142 ], [ -2.8769614, 5.9719927 ], [ -2.9274029, 6.0592382 ], [ -2.9253352, 6.1245752 ], [ -2.9484448, 6.162751 ], [ -2.8989097, 6.187928 ], [ -2.8542422, 6.1424996 ], [ -2.8370183, 6.0808486 ], [ -2.7733323, 6.1157128 ], [ -2.7804001, 6.1472277 ], [ -2.7459747, 6.2210899 ], [ -2.6862247, 6.2323978 ], [ -2.6437509, 6.2675423 ], [ -2.6283584, 6.3194694 ], [ -2.6788366, 6.3852742 ], [ -2.704502, 6.3786099 ], [ -2.7414139, 6.4833678 ], [ -2.6729214, 6.5071165 ], [ -2.6063535, 6.5169849 ], [ -2.5040845, 6.4125194 ], [ -2.4307635, 6.3525137 ] ] ] ] } },
{ "type": "Feature", "properties": { "POLYGON_ID": "GHA_GAUL1990_ADM2_16627", "ADM0_ISO3": "GHA", "ADM0_NAME": "Ghana", "ADM0_CODE": 94, "ADM1_NAME": "Northern", "ADM1_CODE": 1329, "ADM2_NAME": "East Gonja", "ADM2_CODE": 16627, "GEOSET": "GAUL", "GEOSET_YEAR": 1990.0, "GEOSET_VERSION": "GAUL_v1", "GEOSET_UNIT": "ADM2", "CENTROID_LONG": -0.5869367588199309, "CENTROID_LAT": 8.6078145936113319 }, "geometry": { "type": "MultiPolygon", "coordinates": [ [ [ [ -0.5625265, 9.2838852 ], [ -0.4198976, 9.2200792 ], [ -0.3924139, 9.2331632 ], [ -0.3238379, 9.2064702 ], [ -0.2823958, 9.1354619 ], [ -0.2029019, 9.1064658 ], [ -0.2186794, 9.0303888 ], [ -0.1957443, 8.9727507 ], [ -0.244217, 8.9060974 ], [ -0.3035132, 8.8818121 ], [ -0.3148121, 8.748292 ], [ -0.3457623, 8.7559357 ], [ -0.3826067, 8.7082682 ], [ -0.4134257, 8.7315617 ], [ -0.4906672, 8.710598 ], [ -0.4702081, 8.6693239 ], [ -0.4180468, 8.6435175 ], [ -0.4070549, 8.598126 ], [ -0.3639628, 8.5800381 ], [ -0.3361047, 8.5323493 ], [ -0.2376766, 8.5591363 ], [ -0.1962227, 8.5409581 ], [ -0.0092807, 8.5451783 ], [ 0.0825586, 8.5233775 ], [ 0.1205215, 8.4829242 ], [ 0.0813045, 8.4583193 ], [ 0.086209, 8.4007705 ], [ 0.1245409, 8.3803527 ], [ 0.2071961, 8.4076351 ], [ 0.2440472, 8.3839848 ], [ 0.2031818, 8.3388237 ], [ 0.1888833, 8.2468136 ], [ 0.129616, 8.2120932 ], [ 0.0803684, 8.2775365 ], [ 0.0103013, 8.2951565 ], [ -0.0656873, 8.348093 ], [ -0.11054, 8.3334381 ], [ -0.1244777, 8.2705088 ], [ -0.1988741, 8.2168128 ], [ -0.2597154, 8.2137883 ], [ -0.2809584, 8.2430583 ], [ -0.348902, 8.1991677 ], [ -0.3849612, 8.150282 ], [ -0.4446484, 8.1550237 ], [ -0.5427219, 8.1851492 ], [ -0.6397262, 8.2669803 ], [ -0.7410181, 8.3330711 ], [ -0.8580939, 8.326069 ], [ -0.8628834, 8.2747383 ], [ -0.9489152, 8.2439898 ], [ -1.0399522, 8.240575 ], [ -1.0408076, 8.1634234 ], [ -1.0689842, 8.1267032 ], [ -1.0196841, 8.029558 ], [ -1.0955311, 7.9956594 ], [ -1.1581941, 7.9973931 ], [ -1.1571303, 8.0868554 ], [ -1.2667099, 8.2548103 ], [ -1.2746983, 8.2871504 ], [ -1.2574465, 8.3551626 ], [ -1.2588274, 8.4508533 ], [ -1.1462352, 8.5560815 ], [ -1.1447209, 8.6749074 ], [ -1.0757139, 8.6997114 ], [ -1.0297546, 8.6923413 ], [ -0.9267327, 8.6277914 ], [ -0.8890306, 8.5580522 ], [ -0.8293116, 8.5406901 ], [ -0.7739793, 8.6215187 ], [ -0.7403373, 8.6166853 ], [ -0.6994306, 8.7222588 ], [ -0.639302, 8.8149603 ], [ -0.6456137, 8.882694 ], [ -0.6709562, 8.9196842 ], [ -0.6011969, 8.9575769 ], [ -0.61911, 9.008744 ], [ -0.7189208, 8.999775 ], [ -0.7410574, 9.1271221 ], [ -0.7805253, 9.1547098 ], [ -0.8406723, 9.142948 ], [ -0.8520791, 9.1888332 ], [ -0.9057465, 9.2734003 ], [ -0.9364441, 9.2938758 ], [ -0.8061604, 9.3165178 ], [ -0.7204974, 9.2855978 ], [ -0.6863371, 9.3231106 ], [ -0.5625265, 9.2838852 ] ] ] ] } },
{ "type": "Feature", "properties": { "POLYGON_ID": "GHA_GAUL1990_ADM2_16604", "ADM0_ISO3": "GHA", "ADM0_NAME": "Ghana", "ADM0_CODE": 94, "ADM1_NAME": "Central", "ADM1_CODE": 1326, "ADM2_NAME": "Twifo Heman\/Lower Denkyira", "ADM2_CODE": 16604, "GEOSET": "GAUL", "GEOSET_YEAR": 1990.0, "GEOSET_VERSION": "GAUL_v1", "GEOSET_UNIT": "ADM2", "CENTROID_LONG": -1.5384211761077951, "CENTROID_LAT": 5.5587632792899102 }, "geometry": { "type": "MultiPolygon", "coordinates": [ [ [ [ -1.5973539, 5.8426497 ], [ -1.5739391, 5.7556841 ], [ -1.5278303, 5.7736978 ], [ -1.4757311, 5.7642012 ], [ -1.4234585, 5.7030843 ], [ -1.435492, 5.6420936 ], [ -1.4334772, 5.4831169 ], [ -1.3522276, 5.3934881 ], [ -1.2953722, 5.3521903 ], [ -1.2948165, 5.2519001 ], [ -1.3621846, 5.2129788 ], [ -1.4476524, 5.2195026 ], [ -1.4443343, 5.2650555 ], [ -1.4000363, 5.2952494 ], [ -1.4568652, 5.3452708 ], [ -1.4623289, 5.3791364 ], [ -1.6216277, 5.4227701 ], [ -1.615844, 5.5180955 ], [ -1.5905937, 5.5516993 ], [ -1.6426815, 5.6139482 ], [ -1.6859379, 5.6395457 ], [ -1.82469, 5.5904721 ], [ -1.8182733, 5.6719385 ], [ -1.8084663, 5.678227 ], [ -1.7014607, 5.8115314 ], [ -1.6408078, 5.817498 ], [ -1.5973539, 5.8426497 ] ] ] ] } },
{ "type": "Feature", "properties": { "POLYGON_ID": "GHA_GAUL1990_ADM2_16628", "ADM0_ISO3": "GHA", "ADM0_NAME": "Ghana", "ADM0_CODE": 94, "ADM1_NAME": "Northern", "ADM1_CODE": 1329, "ADM2_NAME": "Mamprusi East", "ADM2_CODE": 16628, "GEOSET": "GAUL", "GEOSET_YEAR": 1990.0, "GEOSET_VERSION": "GAUL_v1", "GEOSET_UNIT": "ADM2", "CENTROID_LONG": -0.23224893833108634, "CENTROID_LAT": 10.458312778714944 }, "geometry": { "type": "MultiPolygon", "coordinates": [ [ [ [ -0.0898934, 10.71016 ], [ -0.0906803, 10.7072663 ], [ -0.0700713, 10.6663388 ], [ -0.0705024, 10.6594867 ], [ -0.059557, 10.6310524 ], [ 0.0406489, 10.6000223 ], [ 0.0436879, 10.5921717 ], [ 0.0614137, 10.5605098 ], [ 0.1436721, 10.5249268 ], [ 0.1596866, 10.4590409 ], [ 0.1670154, 10.4504035 ], [ 0.1751531, 10.4461918 ], [ 0.1733447, 10.4255857 ], [ 0.1782226, 10.4218023 ], [ 0.1812683, 10.422183 ], [ 0.1851707, 10.419875 ], [ 0.1911431, 10.4111186 ], [ 0.1933322, 10.4015769 ], [ 0.1938234, 10.4013674 ], [ 0.1937824, 10.4003884 ], [ 0.1937699, 10.4000914 ], [ 0.1937576, 10.3997938 ], [ 0.193731, 10.3993667 ], [ 0.1962667, 10.3971469 ], [ 0.1985327, 10.3869717 ], [ 0.1939904, 10.3819176 ], [ 0.1560383, 10.3682433 ], [ 0.0852713, 10.307393 ], [ 0.0559568, 10.3049241 ], [ 0.0475741, 10.3362132 ], [ -0.0132392, 10.3282835 ], [ -0.0303735, 10.2868769 ], [ -0.0926879, 10.2680394 ], [ -0.1489833, 10.2927393 ], [ -0.2035377, 10.2635509 ], [ -0.2958115, 10.2890939 ], [ -0.3711044, 10.2717271 ], [ -0.3861673, 10.2956303 ], [ -0.5059839, 10.3055538 ], [ -0.5905708, 10.3458665 ], [ -0.6179726, 10.4194935 ], [ -0.6707456, 10.4787153 ], [ -0.6678424, 10.5246981 ], [ -0.6543144, 10.5462045 ], [ -0.5204943, 10.5564781 ], [ -0.4934975, 10.6219222 ], [ -0.4444172, 10.5975408 ], [ -0.3431631, 10.6180754 ], [ -0.2685949, 10.6312821 ], [ -0.1538116, 10.6692665 ], [ -0.0898934, 10.71016 ] ] ] ] } },
{ "type": "Feature", "properties": { "POLYGON_ID": "GHA_GAUL1990_ADM2_16626", "ADM0_ISO3": "GHA", "ADM0_NAME": "Ghana", "ADM0_CODE": 94, "ADM1_NAME": "Northern", "ADM1_CODE": 1329, "ADM2_NAME": "Bole", "ADM2_CODE": 16626, "GEOSET": "GAUL", "GEOSET_YEAR": 1990.0, "GEOSET_VERSION": "GAUL_v1", "GEOSET_UNIT": "ADM2", "CENTROID_LONG": -2.2955335659985674, "CENTROID_LAT": 9.0345504140991437 }, "geometry": { "type": "MultiPolygon", "coordinates": [ [ [ [ -1.8572195, 8.6491167 ], [ -1.8898042, 8.5831709 ], [ -1.8833483, 8.4777003 ], [ -1.9100691, 8.4360059 ], [ -1.8836516, 8.3450892 ], [ -1.7701396, 8.3202352 ], [ -1.7478892, 8.2589781 ], [ -1.7999212, 8.2237043 ], [ -1.8953509, 8.2591661 ], [ -1.9619266, 8.1664094 ], [ -2.0630589, 8.1437259 ], [ -2.1218581, 8.1472212 ], [ -2.2358219, 8.2744556 ], [ -2.2877623, 8.293501 ], [ -2.2979932, 8.3782633 ], [ -2.3649286, 8.4714805 ], [ -2.367894, 8.5381482 ], [ -2.4103849, 8.5645916 ], [ -2.4193931, 8.6114964 ], [ -2.4637404, 8.6486018 ], [ -2.4991514, 8.7152708 ], [ -2.5397762, 8.7542773 ], [ -2.5708652, 8.7705411 ], [ -2.5769652, 8.7754348 ], [ -2.5842676, 8.7830929 ], [ -2.5852322, 8.7838356 ], [ -2.5858907, 8.7841002 ], [ -2.586131, 8.7841543 ], [ -2.5861595, 8.7841589 ], [ -2.586517, 8.7862776 ], [ -2.6040705, 8.7873432 ], [ -2.6093321, 8.783077 ], [ -2.6159765, 8.7841097 ], [ -2.622641, 8.7890479 ], [ -2.6284487, 8.7933513 ], [ -2.63013, 8.7945971 ], [ -2.5973521, 8.8305444 ], [ -2.5971023, 8.8321383 ], [ -2.6001598, 8.8385376 ], [ -2.6039566, 8.8427563 ], [ -2.6231262, 8.87736 ], [ -2.6216573, 8.894954 ], [ -2.6167865, 8.9110864 ], [ -2.6179863, 8.9184887 ], [ -2.6456814, 8.9364044 ], [ -2.6520983, 8.9449459 ], [ -2.6533464, 8.9525517 ], [ -2.6560865, 8.9701296 ], [ -2.6578129, 8.9812048 ], [ -2.6582287, 8.9838723 ], [ -2.6544979, 9.004461 ], [ -2.6547282, 9.007593 ], [ -2.7516378, 9.0331101 ], [ -2.7736543, 9.1365141 ], [ -2.7729635, 9.1429164 ], [ -2.7617249, 9.1512072 ], [ -2.74565, 9.1527272 ], [ -2.7365758, 9.1578202 ], [ -2.7177902, 9.2003708 ], [ -2.7140604, 9.2063636 ], [ -2.7137307, 9.2068934 ], [ -2.7126088, 9.2078232 ], [ -2.7077435, 9.2118557 ], [ -2.6576108, 9.2524883 ], [ -2.6581652, 9.2599722 ], [ -2.7210857, 9.3136072 ], [ -2.7213039, 9.3225173 ], [ -2.7213629, 9.3249255 ], [ -2.719979, 9.3329917 ], [ -2.6772446, 9.3681199 ], [ -2.673595, 9.3841041 ], [ -2.6895336, 9.4485859 ], [ -2.6899026, 9.4539542 ], [ -2.6846824, 9.473819 ], [ -2.683666, 9.4849525 ], [ -2.6869194, 9.4907363 ], [ -2.7685597, 9.5695469 ], [ -2.7712254, 9.5783306 ], [ -2.7703514, 9.5869395 ], [ -2.7716187, 9.6002242 ], [ -2.7629224, 9.6094449 ], [ -2.7624417, 9.6170487 ], [ -2.7474526, 9.6339168 ], [ -2.746298, 9.6392571 ], [ -2.7454512, 9.6391732 ], [ -2.7438518, 9.6398786 ], [ -2.743391, 9.639391 ], [ -2.73999, 9.6396809 ], [ -2.7372742, 9.6413286 ], [ -2.7320523, 9.6411076 ], [ -2.7267271, 9.6325062 ], [ -2.6940463, 9.6281024 ], [ -2.5386312, 9.6755909 ], [ -2.5097656, 9.7419428 ], [ -2.4213039, 9.7700794 ], [ -2.0971066, 9.8113808 ], [ -2.0424619, 9.7773816 ], [ -1.9870786, 9.8227752 ], [ -1.9210913, 9.7444957 ], [ -1.8938642, 9.6530254 ], [ -1.9587423, 9.5427048 ], [ -2.0123715, 9.5865652 ], [ -2.0871373, 9.5620648 ], [ -2.1464745, 9.4961836 ], [ -2.1196782, 9.3970058 ], [ -2.1673743, 9.3801655 ], [ -2.2197717, 9.3337025 ], [ -2.2708739, 9.2218856 ], [ -2.2594806, 9.1501835 ], [ -2.1880189, 9.1088953 ], [ -2.0867534, 8.9881967 ], [ -2.1664395, 8.9837128 ], [ -2.2529492, 8.9494252 ], [ -2.1084205, 8.8178291 ], [ -2.0459563, 8.824425 ], [ -2.0089413, 8.7687386 ], [ -1.96123, 8.740481 ], [ -1.9011968, 8.7382993 ], [ -1.8572195, 8.6491167 ] ] ] ] } },
{ "type": "Feature", "properties": { "POLYGON_ID": "GHA_GAUL1990_ADM2_16629", "ADM0_ISO3": "GHA", "ADM0_NAME": "Ghana", "ADM0_CODE": 94, "ADM1_NAME": "Northern", "ADM1_CODE": 1329, "ADM2_NAME": "Gushiegu\/Karaga", "ADM2_CODE": 16629, "GEOSET": "GAUL", "GEOSET_YEAR": 1990.0, "GEOSET_VERSION": "GAUL_v1", "GEOSET_UNIT": "ADM2", "CENTROID_LONG": -0.34237838801430159, "CENTROID_LAT": 9.9516951984953277 }, "geometry": { "type": "MultiPolygon", "coordinates": [ [ [ [ 0.0559568, 10.3049241 ], [ 0.0817395, 10.2541101 ], [ 0.0658929, 10.1694556 ], [ 0.1056079, 10.1163544 ], [ 0.124148, 10.0363289 ], [ 0.0239486, 9.9480637 ], [ -0.0195859, 9.8582743 ], [ -0.0263812, 9.7985443 ], [ -0.1154619, 9.7899107 ], [ -0.1182042, 9.7611155 ], [ -0.1751087, 9.724306 ], [ -0.246095, 9.7190172 ], [ -0.2800344, 9.6232514 ], [ -0.4126005, 9.5050122 ], [ -0.5048183, 9.5024866 ], [ -0.6126776, 9.5252844 ], [ -0.5925888, 9.5812354 ], [ -0.6612908, 9.6865803 ], [ -0.6891266, 9.7003889 ], [ -0.7035397, 9.7600412 ], [ -0.6937425, 9.8174996 ], [ -0.738986, 9.8514562 ], [ -0.7981911, 9.8652758 ], [ -0.7491906, 9.9683288 ], [ -0.7093242, 10.0003662 ], [ -0.7064439, 10.0385743 ], [ -0.6498121, 10.1105144 ], [ -0.6669946, 10.1773114 ], [ -0.5993768, 10.1578987 ], [ -0.5559715, 10.1969827 ], [ -0.5472129, 10.2443293 ], [ -0.5015324, 10.2568296 ], [ -0.5059839, 10.3055538 ], [ -0.3861673, 10.2956303 ], [ -0.3711044, 10.2717271 ], [ -0.2958115, 10.2890939 ], [ -0.2035377, 10.2635509 ], [ -0.1489833, 10.2927393 ], [ -0.0926879, 10.2680394 ], [ -0.0303735, 10.2868769 ], [ -0.0132392, 10.3282835 ], [ 0.0475741, 10.3362132 ], [ 0.0559568, 10.3049241 ] ] ] ] } },
{ "type": "Feature", "properties": { "POLYGON_ID": "GHA_GAUL1990_ADM2_16630", "ADM0_ISO3": "GHA", "ADM0_NAME": "Ghana", "ADM0_CODE": 94, "ADM1_NAME": "Northern", "ADM1_CODE": 1329, "ADM2_NAME": "Nanumba", "ADM2_CODE": 16630, "GEOSET": "GAUL", "GEOSET_YEAR": 1990.0, "GEOSET_VERSION": "GAUL_v1", "GEOSET_UNIT": "ADM2", "CENTROID_LONG": -0.030757667708767551, "CENTROID_LAT": 8.8311832370677781 }, "geometry": { "type": "MultiPolygon", "coordinates": [ [ [ [ 0.1749832, 9.1460614 ], [ 0.2038787, 9.036097 ], [ 0.2844548, 9.0480017 ], [ 0.3138034, 8.9877994 ], [ 0.2675084, 8.9198629 ], [ 0.2868828, 8.8436403 ], [ 0.3294898, 8.8563006 ], [ 0.3724896, 8.8257774 ], [ 0.3780467, 8.8090049 ], [ 0.3884558, 8.8041215 ], [ 0.3827651, 8.7964284 ], [ 0.382047, 8.792545 ], [ 0.381257, 8.7917334 ], [ 0.3814361, 8.7910755 ], [ 0.3800762, 8.7904059 ], [ 0.3815991, 8.7832675 ], [ 0.379291, 8.7750584 ], [ 0.3811708, 8.7708467 ], [ 0.4010393, 8.7575455 ], [ 0.3956855, 8.7544522 ], [ 0.3787913, 8.7524773 ], [ 0.3817901, 8.7491906 ], [ 0.3838101, 8.7443876 ], [ 0.3810756, 8.739771 ], [ 0.3813179, 8.7393845 ], [ 0.382664, 8.7372378 ], [ 0.3825429, 8.7370889 ], [ 0.3823951, 8.7368139 ], [ 0.3822117, 8.736663 ], [ 0.3811463, 8.7369231 ], [ 0.3805285, 8.7361372 ], [ 0.3747344, 8.7332285 ], [ 0.3699411, 8.7335849 ], [ 0.3589969, 8.723504 ], [ 0.2389293, 8.748671 ], [ 0.1853084, 8.7383194 ], [ 0.1381713, 8.6655185 ], [ 0.1695838, 8.6133934 ], [ 0.1117018, 8.5943701 ], [ 0.0825586, 8.5233775 ], [ -0.0092807, 8.5451783 ], [ -0.1962227, 8.5409581 ], [ -0.2376766, 8.5591363 ], [ -0.3361047, 8.5323493 ], [ -0.3639628, 8.5800381 ], [ -0.4070549, 8.598126 ], [ -0.4180468, 8.6435175 ], [ -0.4702081, 8.6693239 ], [ -0.4906672, 8.710598 ], [ -0.4134257, 8.7315617 ], [ -0.3826067, 8.7082682 ], [ -0.3457623, 8.7559357 ], [ -0.3148121, 8.748292 ], [ -0.3035132, 8.8818121 ], [ -0.244217, 8.9060974 ], [ -0.1957443, 8.9727507 ], [ -0.2186794, 9.0303888 ], [ -0.2029019, 9.1064658 ], [ -0.1393726, 9.1299937 ], [ -0.0579739, 9.13367 ], [ -0.0285426, 9.2208784 ], [ 0.0328966, 9.2469649 ], [ 0.0653715, 9.1090902 ], [ 0.1749832, 9.1460614 ] ] ] ] } },
{ "type": "Feature", "properties": { "POLYGON_ID": "GHA_GAUL1990_ADM2_16649", "ADM0_ISO3": "GHA", "ADM0_NAME": "Ghana", "ADM0_CODE": 94, "ADM1_NAME": "Upper West", "ADM1_CODE": 1331, "ADM2_NAME": "Wa", "ADM2_CODE": 16649, "GEOSET": "GAUL", "GEOSET_YEAR": 1990.0, "GEOSET_VERSION": "GAUL_v1", "GEOSET_UNIT": "ADM2", "CENTROID_LONG": -2.2159685598749022, "CENTROID_LAT": 10.010876748100781 }, "geometry": { "type": "MultiPolygon", "coordinates": [ [ [ [ -1.6637965, 10.1713776 ], [ -1.600953, 10.1306925 ], [ -1.5879187, 10.0755414 ], [ -1.686255, 10.0363416 ], [ -1.7149907, 10.0099159 ], [ -1.6965661, 9.8849068 ], [ -1.7200595, 9.8179301 ], [ -1.9870786, 9.8227752 ], [ -2.0424619, 9.7773816 ], [ -2.0971066, 9.8113808 ], [ -2.4213039, 9.7700794 ], [ -2.5097656, 9.7419428 ], [ -2.5386312, 9.6755909 ], [ -2.6940463, 9.6281024 ], [ -2.7267271, 9.6325062 ], [ -2.7320523, 9.6411076 ], [ -2.7372742, 9.6413286 ], [ -2.73999, 9.6396809 ], [ -2.743391, 9.639391 ], [ -2.7438518, 9.6398786 ], [ -2.7454512, 9.6391732 ], [ -2.746298, 9.6392571 ], [ -2.745729, 9.6418887 ], [ -2.7864766, 9.7103916 ], [ -2.7827374, 9.725907 ], [ -2.7887927, 9.7387091 ], [ -2.7898852, 9.7466624 ], [ -2.7779114, 9.7571067 ], [ -2.7741096, 9.7689057 ], [ -2.7689967, 9.7746303 ], [ -2.7655007, 9.7861671 ], [ -2.7603441, 9.7922414 ], [ -2.758465, 9.8002384 ], [ -2.7313711, 9.8157956 ], [ -2.7262582, 9.8272013 ], [ -2.7628787, 9.9033264 ], [ -2.7632283, 9.9148195 ], [ -2.7462728, 9.9452783 ], [ -2.7445685, 9.947638 ], [ -2.7906271, 10.0789845 ], [ -2.7878006, 10.0936999 ], [ -2.7929681, 10.1267538 ], [ -2.7899129, 10.1325587 ], [ -2.7875314, 10.1370834 ], [ -2.7944487, 10.1713949 ], [ -2.7943022, 10.1734169 ], [ -2.7495844, 10.2013667 ], [ -2.6940364, 10.1629457 ], [ -2.6169775, 10.1465537 ], [ -2.5513157, 10.0899337 ], [ -2.4779828, 10.1444535 ], [ -2.4132467, 10.1627726 ], [ -2.3525854, 10.2380209 ], [ -2.2187331, 10.2423972 ], [ -2.1970579, 10.2860501 ], [ -2.0966639, 10.3320436 ], [ -2.0598773, 10.3212474 ], [ -2.0100695, 10.3134849 ], [ -1.9820064, 10.3586628 ], [ -1.9209155, 10.37207 ], [ -1.8906408, 10.4010776 ], [ -1.8036635, 10.2913113 ], [ -1.6818494, 10.2169037 ], [ -1.6637965, 10.1713776 ] ] ] ] } },
{ "type": "Feature", "properties": { "POLYGON_ID": "GHA_GAUL1990_ADM2_16641", "ADM0_ISO3": "GHA", "ADM0_NAME": "Ghana", "ADM0_CODE": 94, "ADM1_NAME": "Upper East", "ADM1_CODE": 1330, "ADM2_NAME": "Bolgatanga", "ADM2_CODE": 16641, "GEOSET": "GAUL", "GEOSET_YEAR": 1990.0, "GEOSET_VERSION": "GAUL_v1", "GEOSET_UNIT": "ADM2", "CENTROID_LONG": -0.75561963279020405, "CENTROID_LAT": 10.722847101308021 }, "geometry": { "type": "MultiPolygon", "coordinates": [ [ [ [ -0.6459439, 10.9482329 ], [ -0.635713, 10.9420229 ], [ -0.6235513, 10.9344623 ], [ -0.6242406, 10.9319731 ], [ -0.6224024, 10.921633 ], [ -0.6189557, 10.9101058 ], [ -0.6181543, 10.9084839 ], [ -0.603653, 10.8568769 ], [ -0.557013, 10.8029093 ], [ -0.5777204, 10.7622429 ], [ -0.5470605, 10.7130554 ], [ -0.5204943, 10.5564781 ], [ -0.6543144, 10.5462045 ], [ -0.6678424, 10.5246981 ], [ -0.7246721, 10.6493373 ], [ -0.9094772, 10.5735979 ], [ -0.9362601, 10.5242003 ], [ -0.9451514, 10.6177653 ], [ -0.9805371, 10.6671577 ], [ -0.9677094, 10.7121664 ], [ -1.0125527, 10.7380039 ], [ -0.9943861, 10.8226791 ], [ -0.9306927, 10.8763434 ], [ -0.8750404, 10.8465165 ], [ -0.789274, 10.8333259 ], [ -0.7655489, 10.8555738 ], [ -0.6823673, 10.8783945 ], [ -0.6459439, 10.9482329 ] ] ] ] } },
{ "type": "Feature", "properties": { "POLYGON_ID": "GHA_GAUL1990_ADM2_16648", "ADM0_ISO3": "GHA", "ADM0_NAME": "Ghana", "ADM0_CODE": 94, "ADM1_NAME": "Upper West", "ADM1_CODE": 1331, "ADM2_NAME": "Sissala", "ADM2_CODE": 16648, "GEOSET": "GAUL", "GEOSET_YEAR": 1990.0, "GEOSET_VERSION": "GAUL_v1", "GEOSET_UNIT": "ADM2", "CENTROID_LONG": -1.9282804868785712, "CENTROID_LAT": 10.698142138866885 }, "geometry": { "type": "MultiPolygon", "coordinates": [ [ [ [ -1.52647, 10.7580197 ], [ -1.5575354, 10.7440742 ], [ -1.5736122, 10.6644164 ], [ -1.5674161, 10.6000167 ], [ -1.5268365, 10.5860489 ], [ -1.4673405, 10.4859824 ], [ -1.4342581, 10.4654407 ], [ -1.5180697, 10.4035359 ], [ -1.5771317, 10.3444408 ], [ -1.6637965, 10.1713776 ], [ -1.6818494, 10.2169037 ], [ -1.8036635, 10.2913113 ], [ -1.8906408, 10.4010776 ], [ -1.9209155, 10.37207 ], [ -1.9820064, 10.3586628 ], [ -2.0100695, 10.3134849 ], [ -2.0598773, 10.3212474 ], [ -2.0764712, 10.4264782 ], [ -2.1401444, 10.4395305 ], [ -2.1803526, 10.4895185 ], [ -2.2239255, 10.5022921 ], [ -2.3220486, 10.5775408 ], [ -2.3877816, 10.6987178 ], [ -2.4341058, 10.7388898 ], [ -2.4401408, 10.7971058 ], [ -2.4742759, 10.8966692 ], [ -2.5139214, 10.9332673 ], [ -2.5970209, 10.9390628 ], [ -2.6328606, 10.9876409 ], [ -2.6127449, 10.9877783 ], [ -2.5926302, 10.9993461 ], [ -2.3597031, 10.999549 ], [ -1.8824543, 10.9999649 ], [ -1.5864047, 11.0004584 ], [ -1.5868136, 11.0201508 ], [ -1.4698402, 11.021256 ], [ -1.433847, 11.0298538 ], [ -1.4322419, 11.0270476 ], [ -1.4279527, 11.0216824 ], [ -1.427253, 11.0204667 ], [ -1.4249485, 11.0164625 ], [ -1.4229623, 11.0147441 ], [ -1.4481377, 10.9613386 ], [ -1.4586753, 10.8467929 ], [ -1.4914317, 10.8307885 ], [ -1.52647, 10.7580197 ] ] ] ] } },
{ "type": "Feature", "properties": { "POLYGON_ID": "GHA_GAUL1990_ADM2_16639", "ADM0_ISO3": "GHA", "ADM0_NAME": "Ghana", "ADM0_CODE": 94, "ADM1_NAME": "Upper East", "ADM1_CODE": 1330, "ADM2_NAME": "Bawku East", "ADM2_CODE": 16639, "GEOSET": "GAUL", "GEOSET_YEAR": 1990.0, "GEOSET_VERSION": "GAUL_v1", "GEOSET_UNIT": "ADM2", "CENTROID_LONG": -0.20115982219921791, "CENTROID_LAT": 10.901304325944233 }, "geometry": { "type": "MultiPolygon", "coordinates": [ [ [ [ -0.1472769, 11.1126949 ], [ -0.1117011, 11.0900708 ], [ -0.09375, 11.08863 ], [ -0.04895, 11.10285 ], [ -0.035, 11.10528 ], [ -0.00219, 11.10512 ], [ 0.0260638, 11.0452917 ], [ 0.0272, 11.0063 ], [ 0.0272104, 11.0062738 ], [ 0.0301003, 10.9989893 ], [ 0.0286064, 10.9762852 ], [ 0.0237242, 10.9748367 ], [ 0.0143254, 10.9696494 ], [ 0.0102451, 10.9648726 ], [ 0.0092854, 10.9639502 ], [ 0.0030467, 10.9643908 ], [ -0.0031875, 10.9622493 ], [ -0.0058763, 10.9596081 ], [ -0.006947, 10.9543971 ], [ -0.006019, 10.9449982 ], [ -0.0108018, 10.9408342 ], [ -0.0072564, 10.9138987 ], [ -0.0133954, 10.905523 ], [ -0.0131336, 10.9007402 ], [ -0.0195582, 10.8860828 ], [ -0.0251023, 10.8799913 ], [ -0.0263396, 10.8705687 ], [ -0.0288143, 10.8596945 ], [ -0.0293378, 10.8492963 ], [ -0.0219376, 10.8198386 ], [ -0.0287667, 10.8148655 ], [ -0.0306465, 10.8068705 ], [ -0.0374993, 10.8040865 ], [ -0.0429007, 10.7999225 ], [ -0.0454467, 10.7926651 ], [ -0.066367, 10.7719276 ], [ -0.0693869, 10.7690423 ], [ -0.069741, 10.7687039 ], [ -0.073454, 10.7606833 ], [ -0.0751328, 10.756234 ], [ -0.0731436, 10.7449093 ], [ -0.0727153, 10.7199964 ], [ -0.0754517, 10.7167127 ], [ -0.0833277, 10.7161417 ], [ -0.0879615, 10.7134214 ], [ -0.089205, 10.7126914 ], [ -0.0898934, 10.71016 ], [ -0.1538116, 10.6692665 ], [ -0.2685949, 10.6312821 ], [ -0.3431631, 10.6180754 ], [ -0.3667664, 10.6850672 ], [ -0.3654594, 10.8029591 ], [ -0.3965391, 10.8518675 ], [ -0.3649053, 10.9551346 ], [ -0.3890676, 11.0238725 ], [ -0.3692855, 11.0365171 ], [ -0.375752, 11.0459527 ], [ -0.3720607, 11.0564822 ], [ -0.3655029, 11.0614253 ], [ -0.362047, 11.0663978 ], [ -0.3613535, 11.0683698 ], [ -0.3612989, 11.0686672 ], [ -0.3611494, 11.0694818 ], [ -0.360909, 11.0697771 ], [ -0.3566491, 11.0711513 ], [ -0.3540932, 11.0754111 ], [ -0.3545629, 11.0796737 ], [ -0.3548352, 11.0821445 ], [ -0.3400827, 11.0871014 ], [ -0.335284, 11.0991329 ], [ -0.3363463, 11.1043697 ], [ -0.3366054, 11.1056471 ], [ -0.2744648, 11.1244795 ], [ -0.2697251, 11.1272064 ], [ -0.2889774, 11.1469297 ], [ -0.2883494, 11.1505837 ], [ -0.2882017, 11.1514429 ], [ -0.2842174, 11.1547572 ], [ -0.2838399, 11.1651622 ], [ -0.2805007, 11.1645457 ], [ -0.1420292, 11.1389835 ], [ -0.1420103, 11.1389785 ], [ -0.1472769, 11.1126949 ] ] ] ] } },
{ "type": "Feature", "properties": { "POLYGON_ID": "GHA_GAUL1990_ADM2_16587", "ADM0_ISO3": "GHA", "ADM0_NAME": "Ghana", "ADM0_CODE": 94, "ADM1_NAME": "Brong Ahafo", "ADM1_CODE": 1325, "ADM2_NAME": "Jaman", "ADM2_CODE": 16587, "GEOSET": "GAUL", "GEOSET_YEAR": 1990.0, "GEOSET_VERSION": "GAUL_v1", "GEOSET_UNIT": "ADM2", "CENTROID_LONG": -2.7269657053121183, "CENTROID_LAT": 7.7581530006311388 }, "geometry": { "type": "MultiPolygon", "coordinates": [ [ [ [ -2.548327, 8.167681 ], [ -2.5466304, 8.1688251 ], [ -2.5161525, 8.0508518 ], [ -2.5280875, 8.0078346 ], [ -2.6086522, 7.9103811 ], [ -2.5710899, 7.7929754 ], [ -2.5882828, 7.6776778 ], [ -2.6552568, 7.6719256 ], [ -2.6947512, 7.5598498 ], [ -2.7796592, 7.5436 ], [ -2.7673524, 7.49833 ], [ -2.7968739, 7.4594796 ], [ -2.8890909, 7.4235702 ], [ -2.9037051, 7.4229016 ], [ -2.91448, 7.4526146 ], [ -2.9260781, 7.4598387 ], [ -2.9275401, 7.4666135 ], [ -2.9317157, 7.4725526 ], [ -2.9340204, 7.4744906 ], [ -2.934914, 7.4756081 ], [ -2.9357722, 7.4761858 ], [ -2.93613, 7.4767256 ], [ -2.9372783, 7.4777637 ], [ -2.9380977, 7.4785044 ], [ -2.9345246, 7.4884547 ], [ -2.9312195, 7.4976588 ], [ -2.9177284, 7.6178781 ], [ -2.899447, 7.6531985 ], [ -2.8617378, 7.7429867 ], [ -2.8475473, 7.7657332 ], [ -2.8471956, 7.7685149 ], [ -2.8470084, 7.7699957 ], [ -2.8452814, 7.7836548 ], [ -2.834056, 7.79598 ], [ -2.8243835, 7.8064264 ], [ -2.8294921, 7.8211391 ], [ -2.827092, 7.8240093 ], [ -2.8128097, 7.8385717 ], [ -2.6738439, 8.0269426 ], [ -2.5968621, 8.0408916 ], [ -2.5795902, 8.0751459 ], [ -2.613748, 8.1363213 ], [ -2.6146164, 8.1378652 ], [ -2.5899147, 8.1723125 ], [ -2.548327, 8.167681 ] ] ] ] } },
{ "type": "Feature", "properties": { "POLYGON_ID": "GHA_GAUL1990_ADM2_16582", "ADM0_ISO3": "GHA", "ADM0_NAME": "Ghana", "ADM0_CODE": 94, "ADM1_NAME": "Brong Ahafo", "ADM1_CODE": 1325, "ADM2_NAME": "Asunafo", "ADM2_CODE": 16582, "GEOSET": "GAUL", "GEOSET_YEAR": 1990.0, "GEOSET_VERSION": "GAUL_v1", "GEOSET_UNIT": "ADM2", "CENTROID_LONG": -2.6311005224960864, "CENTROID_LAT": 6.7265525134927868 }, "geometry": { "type": "MultiPolygon", "coordinates": [ [ [ [ -2.4152317, 6.6562159 ], [ -2.3837073, 6.6080759 ], [ -2.3823077, 6.5237597 ], [ -2.4437368, 6.4525123 ], [ -2.4307635, 6.3525137 ], [ -2.5040845, 6.4125194 ], [ -2.6063535, 6.5169849 ], [ -2.6729214, 6.5071165 ], [ -2.6813432, 6.5693761 ], [ -2.785018, 6.592484 ], [ -2.8702148, 6.6561918 ], [ -2.8662598, 6.7129752 ], [ -2.8389909, 6.7893318 ], [ -2.8650181, 6.8490183 ], [ -2.8474753, 6.9509364 ], [ -2.770868, 7.0191408 ], [ -2.6514564, 7.0104816 ], [ -2.5555907, 6.9732053 ], [ -2.5129815, 6.9318361 ], [ -2.5344399, 6.8978034 ], [ -2.5133268, 6.8118292 ], [ -2.4861509, 6.7656316 ], [ -2.4365647, 6.7519126 ], [ -2.40851, 6.7063601 ], [ -2.4152317, 6.6562159 ] ] ] ] } },
{ "type": "Feature", "properties": { "POLYGON_ID": "GHA_GAUL1990_ADM2_16588", "ADM0_ISO3": "GHA", "ADM0_NAME": "Ghana", "ADM0_CODE": 94, "ADM1_NAME": "Brong Ahafo", "ADM1_CODE": 1325, "ADM2_NAME": "Kintampo", "ADM2_CODE": 16588, "GEOSET": "GAUL", "GEOSET_YEAR": 1990.0, "GEOSET_VERSION": "GAUL_v1", "GEOSET_UNIT": "ADM2", "CENTROID_LONG": -1.6205783680050385, "CENTROID_LAT": 8.284922768233498 }, "geometry": { "type": "MultiPolygon", "coordinates": [ [ [ [ -1.1447209, 8.6749074 ], [ -1.1462352, 8.5560815 ], [ -1.2588274, 8.4508533 ], [ -1.2574465, 8.3551626 ], [ -1.2746983, 8.2871504 ], [ -1.3303285, 8.2307184 ], [ -1.4043805, 8.2048626 ], [ -1.439056, 8.0484125 ], [ -1.4910029, 8.0236223 ], [ -1.5083259, 7.9556679 ], [ -1.5077133, 7.8526654 ], [ -1.5786184, 7.8796125 ], [ -1.63152, 7.820202 ], [ -1.7914752, 7.7799109 ], [ -1.8095005, 7.7493537 ], [ -1.8834885, 7.7496296 ], [ -1.9103489, 7.7263314 ], [ -1.9492934, 7.7810743 ], [ -1.9225242, 7.8037919 ], [ -1.9143323, 7.8748135 ], [ -1.9845072, 7.9603243 ], [ -2.0443665, 7.970372 ], [ -2.027234, 8.0217985 ], [ -2.0650952, 8.0864982 ], [ -2.1218581, 8.1472212 ], [ -2.0630589, 8.1437259 ], [ -1.9619266, 8.1664094 ], [ -1.8953509, 8.2591661 ], [ -1.7999212, 8.2237043 ], [ -1.7478892, 8.2589781 ], [ -1.7701396, 8.3202352 ], [ -1.8836516, 8.3450892 ], [ -1.9100691, 8.4360059 ], [ -1.8833483, 8.4777003 ], [ -1.8898042, 8.5831709 ], [ -1.8572195, 8.6491167 ], [ -1.8166434, 8.659502 ], [ -1.7336295, 8.6239146 ], [ -1.6865475, 8.6481106 ], [ -1.6586018, 8.6929556 ], [ -1.553119, 8.6731042 ], [ -1.5092899, 8.692374 ], [ -1.4750013, 8.7628333 ], [ -1.4094119, 8.7718832 ], [ -1.3521481, 8.7539393 ], [ -1.2648505, 8.6891461 ], [ -1.2110306, 8.6656366 ], [ -1.1447209, 8.6749074 ] ] ] ] } },
{ "type": "Feature", "properties": { "POLYGON_ID": "GHA_GAUL1990_ADM2_16592", "ADM0_ISO3": "GHA", "ADM0_NAME": "Ghana", "ADM0_CODE": 94, "ADM1_NAME": "Brong Ahafo", "ADM1_CODE": 1325, "ADM2_NAME": "Tano", "ADM2_CODE": 16592, "GEOSET": "GAUL", "GEOSET_YEAR": 1990.0, "GEOSET_VERSION": "GAUL_v1", "GEOSET_UNIT": "ADM2", "CENTROID_LONG": -2.1207727366044611, "CENTROID_LAT": 7.17729873883248 }, "geometry": { "type": "MultiPolygon", "coordinates": [ [ [ [ -1.9538402, 7.0826427 ], [ -2.0119704, 7.0665469 ], [ -2.0815356, 7.0249996 ], [ -2.1425596, 7.0373587 ], [ -2.2271608, 7.0048798 ], [ -2.2824775, 6.9916629 ], [ -2.3215034, 7.0219876 ], [ -2.2986138, 7.0957106 ], [ -2.2890404, 7.1368043 ], [ -2.3502783, 7.184405 ], [ -2.3251731, 7.2345484 ], [ -2.2157216, 7.3111891 ], [ -2.1601618, 7.3270454 ], [ -2.1357859, 7.3929215 ], [ -2.0765197, 7.3205834 ], [ -2.0153471, 7.3141023 ], [ -1.9150562, 7.250718 ], [ -1.8652547, 7.2755503 ], [ -1.8269303, 7.250783 ], [ -1.8691731, 7.2006191 ], [ -1.933177, 7.1739945 ], [ -1.9538402, 7.0826427 ] ] ] ] } },
{ "type": "Feature", "properties": { "POLYGON_ID": "GHA_GAUL1990_ADM2_16655", "ADM0_ISO3": "GHA", "ADM0_NAME": "Ghana", "ADM0_CODE": 94, "ADM1_NAME": "Volta", "ADM1_CODE": 1332, "ADM2_NAME": "Kete-Krachi", "ADM2_CODE": 16655, "GEOSET": "GAUL", "GEOSET_YEAR": 1990.0, "GEOSET_VERSION": "GAUL_v1", "GEOSET_UNIT": "ADM2", "CENTROID_LONG": 0.10219343915936675, "CENTROID_LAT": 7.9069466046888444 }, "geometry": { "type": "MultiPolygon", "coordinates": [ [ [ [ 0.129616, 8.2120932 ], [ 0.1936177, 8.1882326 ], [ 0.2454941, 8.2040722 ], [ 0.3078211, 8.1782365 ], [ 0.3027424, 8.1264169 ], [ 0.2591382, 8.1055516 ], [ 0.3125889, 8.0377347 ], [ 0.4155465, 7.9639924 ], [ 0.4470012, 7.9617396 ], [ 0.4915419, 7.8975431 ], [ 0.4822352, 7.8382137 ], [ 0.4441548, 7.8250699 ], [ 0.4442517, 7.6882527 ], [ 0.4215441, 7.6858824 ], [ 0.3540332, 7.6630256 ], [ 0.3206023, 7.5875474 ], [ 0.3268595, 7.5454982 ], [ 0.2998856, 7.5000812 ], [ 0.123789, 7.4038752 ], [ 0.0906873, 7.4267158 ], [ 0.076827, 7.4795079 ], [ -0.0145671, 7.6235169 ], [ -0.0147837, 7.7543806 ], [ -0.1003561, 7.7478457 ], [ -0.1267234, 7.7856606 ], [ -0.1456768, 7.9005311 ], [ -0.1444271, 8.0029456 ], [ -0.2149436, 8.0284317 ], [ -0.2951487, 8.1148318 ], [ -0.3849612, 8.150282 ], [ -0.348902, 8.1991677 ], [ -0.2809584, 8.2430583 ], [ -0.2597154, 8.2137883 ], [ -0.1988741, 8.2168128 ], [ -0.1244777, 8.2705088 ], [ -0.11054, 8.3334381 ], [ -0.0656873, 8.348093 ], [ 0.0103013, 8.2951565 ], [ 0.0803684, 8.2775365 ], [ 0.129616, 8.2120932 ] ] ] ] } },
{ "type": "Feature", "properties": { "POLYGON_ID": "GHA_GAUL1990_ADM2_16564", "ADM0_ISO3": "GHA", "ADM0_NAME": "Ghana", "ADM0_CODE": 94, "ADM1_NAME": "Ashanti", "ADM1_CODE": 1324, "ADM2_NAME": "Adansi East", "ADM2_CODE": 16564, "GEOSET": "GAUL", "GEOSET_YEAR": 1990.0, "GEOSET_VERSION": "GAUL_v1", "GEOSET_UNIT": "ADM2", "CENTROID_LONG": -1.3970325220311444, "CENTROID_LAT": 6.0885858722725832 }, "geometry": { "type": "MultiPolygon", "coordinates": [ [ [ [ -1.5466193, 5.9359432 ], [ -1.5461673, 5.9737115 ], [ -1.4884784, 6.0346131 ], [ -1.4893823, 6.061439 ], [ -1.5969074, 6.1319413 ], [ -1.6229545, 6.1926689 ], [ -1.5839469, 6.2332654 ], [ -1.5274976, 6.2343078 ], [ -1.490383, 6.270927 ], [ -1.4651253, 6.2768235 ], [ -1.4543324, 6.2940009 ], [ -1.4520308, 6.2962605 ], [ -1.3769016, 6.2693765 ], [ -1.3211247, 6.2215003 ], [ -1.2343196, 6.2790578 ], [ -1.1980546, 6.196939 ], [ -1.2919256, 6.2033219 ], [ -1.2759562, 6.1151346 ], [ -1.2060761, 6.1130657 ], [ -1.190493, 6.0894083 ], [ -1.2471052, 5.9882345 ], [ -1.2220677, 5.9711589 ], [ -1.2249287, 5.9327369 ], [ -1.2965752, 5.8832435 ], [ -1.3180592, 5.9153411 ], [ -1.3733729, 5.930206 ], [ -1.4380388, 5.8985487 ], [ -1.4619669, 5.8595332 ], [ -1.5466193, 5.9359432 ] ] ] ] } },
{ "type": "Feature", "properties": { "POLYGON_ID": "GHA_GAUL1990_ADM2_16573", "ADM0_ISO3": "GHA", "ADM0_NAME": "Ghana", "ADM0_CODE": 94, "ADM1_NAME": "Ashanti", "ADM1_CODE": 1324, "ADM2_NAME": "Atwima", "ADM2_CODE": 16573, "GEOSET": "GAUL", "GEOSET_YEAR": 1990.0, "GEOSET_VERSION": "GAUL_v1", "GEOSET_UNIT": "ADM2", "CENTROID_LONG": -2.0615393171026941, "CENTROID_LAT": 6.6247541214877508 }, "geometry": { "type": "MultiPolygon", "coordinates": [ [ [ [ -1.6885389, 6.8653058 ], [ -1.6767733, 6.7642818 ], [ -1.6632685, 6.7145071 ], [ -1.7082005, 6.665121 ], [ -1.8191795, 6.608341 ], [ -1.8018112, 6.571334 ], [ -1.8953239, 6.5847526 ], [ -1.9599576, 6.5652632 ], [ -2.0489708, 6.3947878 ], [ -2.1405872, 6.4116367 ], [ -2.1729118, 6.362224 ], [ -2.2168862, 6.3419863 ], [ -2.2297516, 6.4447344 ], [ -2.2598167, 6.4875914 ], [ -2.3355272, 6.4883239 ], [ -2.3513541, 6.3924822 ], [ -2.3997781, 6.3390299 ], [ -2.4307635, 6.3525137 ], [ -2.4437368, 6.4525123 ], [ -2.3823077, 6.5237597 ], [ -2.3837073, 6.6080759 ], [ -2.4152317, 6.6562159 ], [ -2.3391667, 6.695561 ], [ -2.293321, 6.7015971 ], [ -2.212352, 6.7111107 ], [ -2.140865, 6.7845507 ], [ -2.02159, 6.7796573 ], [ -1.9990855, 6.7505595 ], [ -1.9067857, 6.7323005 ], [ -1.859716, 6.8082462 ], [ -1.7889726, 6.795211 ], [ -1.8040023, 6.879495 ], [ -1.7869887, 6.9138662 ], [ -1.8232231, 6.9904347 ], [ -1.774434, 6.9690855 ], [ -1.6885389, 6.8653058 ] ] ] ] } },
{ "type": "Feature", "properties": { "POLYGON_ID": "GHA_GAUL1990_ADM2_16599", "ADM0_ISO3": "GHA", "ADM0_NAME": "Ghana", "ADM0_CODE": 94, "ADM1_NAME": "Central", "ADM1_CODE": 1326, "ADM2_NAME": "Assin", "ADM2_CODE": 16599, "GEOSET": "GAUL", "GEOSET_YEAR": 1990.0, "GEOSET_VERSION": "GAUL_v1", "GEOSET_UNIT": "ADM2", "CENTROID_LONG": -1.3122629487887472, "CENTROID_LAT": 5.6608827906211499 }, "geometry": { "type": "MultiPolygon", "coordinates": [ [ [ [ -1.2249287, 5.9327369 ], [ -1.1632688, 5.8944979 ], [ -1.161619, 5.718327 ], [ -1.1767313, 5.644215 ], [ -1.1152768, 5.5348902 ], [ -1.0935439, 5.4888894 ], [ -1.128576, 5.4136359 ], [ -1.1520589, 5.3799561 ], [ -1.282936, 5.3371577 ], [ -1.2953722, 5.3521903 ], [ -1.3522276, 5.3934881 ], [ -1.4334772, 5.4831169 ], [ -1.435492, 5.6420936 ], [ -1.4234585, 5.7030843 ], [ -1.4757311, 5.7642012 ], [ -1.5278303, 5.7736978 ], [ -1.5739391, 5.7556841 ], [ -1.5973539, 5.8426497 ], [ -1.5587957, 5.9210926 ], [ -1.5466193, 5.9359432 ], [ -1.4619669, 5.8595332 ], [ -1.4380388, 5.8985487 ], [ -1.3733729, 5.930206 ], [ -1.3180592, 5.9153411 ], [ -1.2965752, 5.8832435 ], [ -1.2249287, 5.9327369 ] ] ] ] } },
{ "type": "Feature", "properties": { "POLYGON_ID": "GHA_GAUL1990_ADM2_16615", "ADM0_ISO3": "GHA", "ADM0_NAME": "Ghana", "ADM0_CODE": 94, "ADM1_NAME": "Eastern", "ADM1_CODE": 1327, "ADM2_NAME": "Kwahu South", "ADM2_CODE": 16615, "GEOSET": "GAUL", "GEOSET_YEAR": 1990.0, "GEOSET_VERSION": "GAUL_v1", "GEOSET_UNIT": "ADM2", "CENTROID_LONG": -0.69570742644633932, "CENTROID_LAT": 6.633964727220091 }, "geometry": { "type": "MultiPolygon", "coordinates": [ [ [ [ -0.3347267, 6.6647567 ], [ -0.3344355, 6.5957956 ], [ -0.4145628, 6.6220612 ], [ -0.5007451, 6.5941526 ], [ -0.4601657, 6.5256602 ], [ -0.5442623, 6.5092996 ], [ -0.6179423, 6.4996926 ], [ -0.7326473, 6.4248082 ], [ -0.7815498, 6.4724546 ], [ -0.8234009, 6.4751831 ], [ -0.8532667, 6.5290545 ], [ -0.9006526, 6.4950814 ], [ -0.9664551, 6.5372826 ], [ -0.9139492, 6.5900388 ], [ -0.9238538, 6.6382177 ], [ -0.9727735, 6.6429678 ], [ -0.950643, 6.7048046 ], [ -0.9567301, 6.7512978 ], [ -0.8829727, 6.7758141 ], [ -0.7871782, 6.7912277 ], [ -0.7556743, 6.8642668 ], [ -0.7472204, 6.8255999 ], [ -0.6811191, 6.8020819 ], [ -0.6369711, 6.7385483 ], [ -0.5591175, 6.7605437 ], [ -0.517564, 6.7286377 ], [ -0.410061, 6.6986085 ], [ -0.3347267, 6.6647567 ] ] ] ] } },
{ "type": "Feature", "properties": { "POLYGON_ID": "GHA_GAUL1990_ADM2_16569", "ADM0_ISO3": "GHA", "ADM0_NAME": "Ghana", "ADM0_CODE": 94, "ADM1_NAME": "Ashanti", "ADM1_CODE": 1324, "ADM2_NAME": "Amansie East", "ADM2_CODE": 16569, "GEOSET": "GAUL", "GEOSET_YEAR": 1990.0, "GEOSET_VERSION": "GAUL_v1", "GEOSET_UNIT": "ADM2", "CENTROID_LONG": -1.6170045166949958, "CENTROID_LAT": 6.3031185564377292 }, "geometry": { "type": "MultiPolygon", "coordinates": [ [ [ [ -1.1980546, 6.196939 ], [ -1.1924452, 6.1965487 ], [ -1.1786679, 6.1547814 ], [ -1.2060761, 6.1130657 ], [ -1.2759562, 6.1151346 ], [ -1.2919256, 6.2033219 ], [ -1.1980546, 6.196939 ] ] ], [ [ [ -1.6515387, 6.5432193 ], [ -1.578485, 6.5180384 ], [ -1.461652, 6.5066028 ], [ -1.4355443, 6.4697208 ], [ -1.3705022, 6.4719907 ], [ -1.2985422, 6.4300447 ], [ -1.293441, 6.4047211 ], [ -1.2970867, 6.3674408 ], [ -1.2343196, 6.2790578 ], [ -1.3211247, 6.2215003 ], [ -1.3769016, 6.2693765 ], [ -1.4520308, 6.2962605 ], [ -1.4570741, 6.2913093 ], [ -1.4619883, 6.3215 ], [ -1.5191276, 6.3458265 ], [ -1.584535, 6.3467217 ], [ -1.614984, 6.3070275 ], [ -1.6786447, 6.2827344 ], [ -1.7471934, 6.2210684 ], [ -1.7507923, 6.1830925 ], [ -1.7111242, 6.1354058 ], [ -1.7850648, 6.1077856 ], [ -1.8042993, 6.026556 ], [ -1.868106, 6.0069645 ], [ -1.9197107, 6.0139045 ], [ -1.9726317, 6.0592166 ], [ -1.9756825, 6.0891104 ], [ -1.9420883, 6.1550823 ], [ -1.9001022, 6.1864004 ], [ -1.9084267, 6.2528276 ], [ -1.8949753, 6.3122155 ], [ -1.8322473, 6.3356272 ], [ -1.7937999, 6.3261253 ], [ -1.7307321, 6.486724 ], [ -1.6515387, 6.5432193 ] ] ] ] } },
{ "type": "Feature", "properties": { "POLYGON_ID": "GHA_GAUL1990_ADM2_16584", "ADM0_ISO3": "GHA", "ADM0_NAME": "Ghana", "ADM0_CODE": 94, "ADM1_NAME": "Brong Ahafo", "ADM1_CODE": 1325, "ADM2_NAME": "Atebubu", "ADM2_CODE": 16584, "GEOSET": "GAUL", "GEOSET_YEAR": 1990.0, "GEOSET_VERSION": "GAUL_v1", "GEOSET_UNIT": "ADM2", "CENTROID_LONG": -1.0594668637853071, "CENTROID_LAT": 7.9081333611623901 }, "geometry": { "type": "MultiPolygon", "coordinates": [ [ [ [ -0.5427219, 8.1851492 ], [ -0.5629401, 8.1128335 ], [ -0.6186418, 8.0950499 ], [ -0.6669895, 8.0574886 ], [ -0.7196063, 8.0487197 ], [ -0.776703, 7.9456303 ], [ -0.8187785, 7.9272042 ], [ -0.8392089, 7.8629571 ], [ -0.8086714, 7.7667386 ], [ -0.8023327, 7.6321501 ], [ -0.777027, 7.5034978 ], [ -0.8655801, 7.5177879 ], [ -0.9254664, 7.5011638 ], [ -0.9834793, 7.5319873 ], [ -1.0410547, 7.5249535 ], [ -1.0703946, 7.4884575 ], [ -1.1452411, 7.4674543 ], [ -1.2021474, 7.4925908 ], [ -1.2415915, 7.4872141 ], [ -1.2906671, 7.5325969 ], [ -1.3099535, 7.6158155 ], [ -1.3685115, 7.7000208 ], [ -1.3944968, 7.8071027 ], [ -1.4748522, 7.8027056 ], [ -1.5077133, 7.8526654 ], [ -1.5083259, 7.9556679 ], [ -1.4910029, 8.0236223 ], [ -1.439056, 8.0484125 ], [ -1.4043805, 8.2048626 ], [ -1.3303285, 8.2307184 ], [ -1.2746983, 8.2871504 ], [ -1.2667099, 8.2548103 ], [ -1.1571303, 8.0868554 ], [ -1.1581941, 7.9973931 ], [ -1.0955311, 7.9956594 ], [ -1.0196841, 8.029558 ], [ -1.0689842, 8.1267032 ], [ -1.0408076, 8.1634234 ], [ -1.0399522, 8.240575 ], [ -0.9489152, 8.2439898 ], [ -0.8628834, 8.2747383 ], [ -0.8580939, 8.326069 ], [ -0.7410181, 8.3330711 ], [ -0.6397262, 8.2669803 ], [ -0.5427219, 8.1851492 ] ] ] ] } },
{ "type": "Feature", "properties": { "POLYGON_ID": "GHA_GAUL1990_ADM2_16594", "ADM0_ISO3": "GHA", "ADM0_NAME": "Ghana", "ADM0_CODE": 94, "ADM1_NAME": "Brong Ahafo", "ADM1_CODE": 1325, "ADM2_NAME": "Wenchi", "ADM2_CODE": 16594, "GEOSET": "GAUL", "GEOSET_YEAR": 1990.0, "GEOSET_VERSION": "GAUL_v1", "GEOSET_UNIT": "ADM2", "CENTROID_LONG": -2.3196479317000143, "CENTROID_LAT": 7.9942610949731163 }, "geometry": { "type": "MultiPolygon", "coordinates": [ [ [ [ -2.1218581, 8.1472212 ], [ -2.0650952, 8.0864982 ], [ -2.027234, 8.0217985 ], [ -2.0443665, 7.970372 ], [ -1.9845072, 7.9603243 ], [ -1.9143323, 7.8748135 ], [ -1.9225242, 7.8037919 ], [ -1.9834361, 7.8003723 ], [ -2.0821238, 7.7637916 ], [ -2.0497899, 7.6798922 ], [ -2.1368068, 7.5261644 ], [ -2.1140929, 7.4924513 ], [ -2.2298163, 7.4669087 ], [ -2.2674566, 7.4959477 ], [ -2.2448982, 7.5465607 ], [ -2.2491658, 7.6018848 ], [ -2.369224, 7.5642807 ], [ -2.4809036, 7.5911265 ], [ -2.5882828, 7.6776778 ], [ -2.5710899, 7.7929754 ], [ -2.6086522, 7.9103811 ], [ -2.5280875, 8.0078346 ], [ -2.5161525, 8.0508518 ], [ -2.5466304, 8.1688251 ], [ -2.5277772, 8.1815393 ], [ -2.5109335, 8.1928984 ], [ -2.5010125, 8.1995888 ], [ -2.4937576, 8.2044813 ], [ -2.4970376, 8.2325753 ], [ -2.5280645, 8.4292312 ], [ -2.5390224, 8.498685 ], [ -2.5539557, 8.5933356 ], [ -2.5861595, 8.7841589 ], [ -2.586131, 8.7841543 ], [ -2.5858907, 8.7841002 ], [ -2.5852322, 8.7838356 ], [ -2.5842676, 8.7830929 ], [ -2.5769652, 8.7754348 ], [ -2.5708652, 8.7705411 ], [ -2.5397762, 8.7542773 ], [ -2.4991514, 8.7152708 ], [ -2.4637404, 8.6486018 ], [ -2.4193931, 8.6114964 ], [ -2.4103849, 8.5645916 ], [ -2.367894, 8.5381482 ], [ -2.3649286, 8.4714805 ], [ -2.2979932, 8.3782633 ], [ -2.2877623, 8.293501 ], [ -2.2358219, 8.2744556 ], [ -2.1218581, 8.1472212 ] ] ] ] } },
{ "type": "Feature", "properties": { "POLYGON_ID": "GHA_GAUL1990_ADM2_16624", "ADM0_ISO3": "GHA", "ADM0_NAME": "Ghana", "ADM0_CODE": 94, "ADM1_NAME": "Greater Accra", "ADM1_CODE": 1328, "ADM2_NAME": "Ga", "ADM2_CODE": 16624, "GEOSET": "GAUL", "GEOSET_YEAR": 1990.0, "GEOSET_VERSION": "GAUL_v1", "GEOSET_UNIT": "ADM2", "CENTROID_LONG": -0.32972677502409004, "CENTROID_LAT": 5.6689412202722504 }, "geometry": { "type": "MultiPolygon", "coordinates": [ [ [ [ -0.155613, 5.6570113 ], [ -0.1935421, 5.6644959 ], [ -0.2827711, 5.5828423 ], [ -0.2733955, 5.5185547 ], [ -0.367321, 5.494188 ], [ -0.4062356, 5.4692578 ], [ -0.4145521, 5.5279717 ], [ -0.4001773, 5.562925 ], [ -0.4279604, 5.6147908 ], [ -0.4939335, 5.6515677 ], [ -0.5105957, 5.7334675 ], [ -0.4245739, 5.7907698 ], [ -0.3934884, 5.7558693 ], [ -0.328107, 5.7711814 ], [ -0.2749106, 5.8052412 ], [ -0.2439438, 5.7549325 ], [ -0.1552974, 5.8119718 ], [ -0.1228651, 5.8090598 ], [ -0.1712303, 5.7051797 ], [ -0.155613, 5.6570113 ] ] ] ] } },
{ "type": "Feature", "properties": { "POLYGON_ID": "GHA_GAUL1990_ADM2_16612", "ADM0_ISO3": "GHA", "ADM0_NAME": "Ghana", "ADM0_CODE": 94, "ADM1_NAME": "Eastern", "ADM1_CODE": 1327, "ADM2_NAME": "East Akim", "ADM2_CODE": 16612, "GEOSET": "GAUL", "GEOSET_YEAR": 1990.0, "GEOSET_VERSION": "GAUL_v1", "GEOSET_UNIT": "ADM2", "CENTROID_LONG": -0.60110707802360419, "CENTROID_LAT": 6.2850894533737494 }, "geometry": { "type": "MultiPolygon", "coordinates": [ [ [ [ -0.3605769, 6.2833617 ], [ -0.3110614, 6.2518902 ], [ -0.3122882, 6.2067332 ], [ -0.3672783, 6.1258138 ], [ -0.4164076, 6.1292157 ], [ -0.5174409, 6.0736982 ], [ -0.6514474, 6.0251183 ], [ -0.6551604, 6.0365399 ], [ -0.6806943, 6.0951978 ], [ -0.6176717, 6.1592755 ], [ -0.6440636, 6.1837587 ], [ -0.7420679, 6.2225127 ], [ -0.7709048, 6.2676322 ], [ -0.8812671, 6.3703164 ], [ -0.8845808, 6.4528537 ], [ -0.8234009, 6.4751831 ], [ -0.7815498, 6.4724546 ], [ -0.7326473, 6.4248082 ], [ -0.6179423, 6.4996926 ], [ -0.5442623, 6.5092996 ], [ -0.4611254, 6.4211026 ], [ -0.5309679, 6.3267212 ], [ -0.5245087, 6.2610097 ], [ -0.458043, 6.2879393 ], [ -0.3972916, 6.2716671 ], [ -0.3605769, 6.2833617 ] ] ] ] } },
{ "type": "Feature", "properties": { "POLYGON_ID": "GHA_GAUL1990_ADM2_16666", "ADM0_ISO3": "GHA", "ADM0_NAME": "Ghana", "ADM0_CODE": 94, "ADM1_NAME": "Western", "ADM1_CODE": 1333, "ADM2_NAME": "Juabeso-Bia", "ADM2_CODE": 16666, "GEOSET": "GAUL", "GEOSET_YEAR": 1990.0, "GEOSET_VERSION": "GAUL_v1", "GEOSET_UNIT": "ADM2", "CENTROID_LONG": -2.9736303329508091, "CENTROID_LAT": 6.5274715134942483 }, "geometry": { "type": "MultiPolygon", "coordinates": [ [ [ [ -2.8650181, 6.8490183 ], [ -2.8389909, 6.7893318 ], [ -2.8662598, 6.7129752 ], [ -2.8702148, 6.6561918 ], [ -2.785018, 6.592484 ], [ -2.6813432, 6.5693761 ], [ -2.6729214, 6.5071165 ], [ -2.7414139, 6.4833678 ], [ -2.704502, 6.3786099 ], [ -2.6788366, 6.3852742 ], [ -2.6283584, 6.3194694 ], [ -2.6437509, 6.2675423 ], [ -2.6862247, 6.2323978 ], [ -2.7459747, 6.2210899 ], [ -2.7804001, 6.1472277 ], [ -2.7733323, 6.1157128 ], [ -2.8370183, 6.0808486 ], [ -2.8542422, 6.1424996 ], [ -2.8989097, 6.187928 ], [ -2.9484448, 6.162751 ], [ -2.9667804, 6.1953928 ], [ -3.0312372, 6.2228798 ], [ -3.0891015, 6.2282022 ], [ -3.1300351, 6.2053493 ], [ -3.1530507, 6.2492988 ], [ -3.1688646, 6.2487471 ], [ -3.173463, 6.2485867 ], [ -3.1738484, 6.2497327 ], [ -3.1690417, 6.2641577 ], [ -3.1716013, 6.272069 ], [ -3.1711359, 6.3004569 ], [ -3.1737057, 6.3045642 ], [ -3.1766048, 6.3204126 ], [ -3.2235865, 6.4967222 ], [ -3.2328107, 6.6002065 ], [ -3.2523306, 6.6372474 ], [ -3.1944297, 6.719817 ], [ -3.2141984, 6.755545 ], [ -3.2238275, 6.7612296 ], [ -3.2270888, 6.7661895 ], [ -3.2299627, 6.7705602 ], [ -3.2311024, 6.7746499 ], [ -3.2311901, 6.7749644 ], [ -3.2319371, 6.7776448 ], [ -3.2321356, 6.7783571 ], [ -3.2317317, 6.7809344 ], [ -3.2289402, 6.82092 ], [ -3.18252, 6.8962016 ], [ -3.1338931, 6.975062 ], [ -3.1191969, 6.9988954 ], [ -3.1168342, 7.0033062 ], [ -3.1167611, 7.0032706 ], [ -3.1146031, 7.0022189 ], [ -3.1120829, 7.0009906 ], [ -3.1093476, 6.9996576 ], [ -3.096689, 6.9879531 ], [ -3.0924365, 6.9770457 ], [ -3.0759614, 6.96949 ], [ -3.0729835, 6.9410718 ], [ -3.0340796, 6.9248468 ], [ -2.9403119, 6.939114 ], [ -2.8650181, 6.8490183 ] ] ] ] } },
{ "type": "Feature", "properties": { "POLYGON_ID": "GHA_GAUL1990_ADM2_16651", "ADM0_ISO3": "GHA", "ADM0_NAME": "Ghana", "ADM0_CODE": 94, "ADM1_NAME": "Volta", "ADM1_CODE": 1332, "ADM2_NAME": "Ho", "ADM2_CODE": 16651, "GEOSET": "GAUL", "GEOSET_YEAR": 1990.0, "GEOSET_VERSION": "GAUL_v1", "GEOSET_UNIT": "ADM2", "CENTROID_LONG": 0.49066434124367442, "CENTROID_LAT": 6.5289536616480266 }, "geometry": { "type": "MultiPolygon", "coordinates": [ [ [ [ 0.5426189, 6.9373221 ], [ 0.563292, 6.9252277 ], [ 0.5655418, 6.9189146 ], [ 0.5629112, 6.9145439 ], [ 0.562816, 6.9032658 ], [ 0.5593659, 6.8953417 ], [ 0.5586122, 6.8877553 ], [ 0.5546783, 6.8829209 ], [ 0.5348098, 6.8774243 ], [ 0.5344313, 6.8747986 ], [ 0.5429952, 6.8614581 ], [ 0.5324779, 6.8560092 ], [ 0.5321686, 6.8324049 ], [ 0.5352533, 6.8329122 ], [ 0.5328349, 6.8289785 ], [ 0.5375498, 6.8263777 ], [ 0.5395211, 6.8252903 ], [ 0.5422684, 6.8265225 ], [ 0.5459933, 6.8281933 ], [ 0.5454936, 6.8325953 ], [ 0.5686894, 6.8194718 ], [ 0.5668573, 6.8180679 ], [ 0.5666121, 6.815037 ], [ 0.579516, 6.80184 ], [ 0.577349, 6.7998793 ], [ 0.5679189, 6.8019194 ], [ 0.5705692, 6.7970334 ], [ 0.5699154, 6.7925797 ], [ 0.5681303, 6.7882294 ], [ 0.5672958, 6.7865814 ], [ 0.5670948, 6.7861843 ], [ 0.5662267, 6.7844699 ], [ 0.5697483, 6.783066 ], [ 0.5735316, 6.7756897 ], [ 0.5726275, 6.7747855 ], [ 0.5800514, 6.7637448 ], [ 0.6081052, 6.747612 ], [ 0.6152674, 6.7502057 ], [ 0.6509593, 6.7371662 ], [ 0.6458197, 6.7311462 ], [ 0.6433246, 6.7187644 ], [ 0.6484591, 6.7109874 ], [ 0.6460814, 6.7044486 ], [ 0.6432023, 6.6957398 ], [ 0.6448679, 6.685984 ], [ 0.6444158, 6.6781318 ], [ 0.6411559, 6.6697561 ], [ 0.6422743, 6.6626415 ], [ 0.6437495, 6.6595958 ], [ 0.6383244, 6.6530047 ], [ 0.6382054, 6.6449383 ], [ 0.6381102, 6.6353015 ], [ 0.6438447, 6.6319464 ], [ 0.6908629, 6.5988006 ], [ 0.6893638, 6.5964687 ], [ 0.6885894, 6.5921719 ], [ 0.6972874, 6.5890686 ], [ 0.7270783, 6.5917336 ], [ 0.7389518, 6.5841431 ], [ 0.7181711, 6.5376222 ], [ 0.7271496, 6.4883222 ], [ 0.7443047, 6.4813507 ], [ 0.7480179, 6.444341 ], [ 0.7481603, 6.4429221 ], [ 0.7481958, 6.4429168 ], [ 0.7876884, 6.3948829 ], [ 0.7874594, 6.351686 ], [ 0.6974002, 6.3305515 ], [ 0.6941856, 6.3101019 ], [ 0.5877106, 6.2819547 ], [ 0.4897052, 6.3022158 ], [ 0.4045855, 6.2791998 ], [ 0.3041339, 6.330991 ], [ 0.1740655, 6.3274754 ], [ 0.2092599, 6.398561 ], [ 0.1981013, 6.4531151 ], [ 0.220442, 6.4942358 ], [ 0.2837222, 6.5387085 ], [ 0.2872968, 6.5715986 ], [ 0.339458, 6.6347633 ], [ 0.3474343, 6.6830439 ], [ 0.3903139, 6.7774231 ], [ 0.4110066, 6.8558979 ], [ 0.4737744, 6.8697359 ], [ 0.528086, 6.9406706 ], [ 0.5426189, 6.9373221 ] ] ] ] } },
{ "type": "Feature", "properties": { "POLYGON_ID": "GHA_GAUL1990_ADM2_16657", "ADM0_ISO3": "GHA", "ADM0_NAME": "Ghana", "ADM0_CODE": 94, "ADM1_NAME": "Volta", "ADM1_CODE": 1332, "ADM2_NAME": "Kpando", "ADM2_CODE": 16657, "GEOSET": "GAUL", "GEOSET_YEAR": 1990.0, "GEOSET_VERSION": "GAUL_v1", "GEOSET_UNIT": "ADM2", "CENTROID_LONG": 0.24682705606523991, "CENTROID_LAT": 6.8001457028677006 }, "geometry": { "type": "MultiPolygon", "coordinates": [ [ [ [ 0.3474343, 6.6830439 ], [ 0.339458, 6.6347633 ], [ 0.2872968, 6.5715986 ], [ 0.2837222, 6.5387085 ], [ 0.220442, 6.4942358 ], [ 0.1981013, 6.4531151 ], [ 0.2092599, 6.398561 ], [ 0.1775723, 6.5086037 ], [ 0.1942869, 6.5612566 ], [ 0.1041538, 6.5642264 ], [ 0.1228994, 6.6633558 ], [ 0.20338, 6.7006663 ], [ 0.1922427, 6.7866554 ], [ 0.1238853, 6.8406662 ], [ 0.1475448, 6.9188808 ], [ 0.1954949, 6.9337627 ], [ 0.22715, 6.9713736 ], [ 0.1994447, 7.0489441 ], [ 0.2242069, 7.0967635 ], [ 0.3282175, 7.0866143 ], [ 0.4076077, 6.9919743 ], [ 0.3711391, 6.9782591 ], [ 0.3076486, 6.822799 ], [ 0.2897754, 6.6971315 ], [ 0.3474343, 6.6830439 ] ] ] ] } },
{ "type": "Feature", "properties": { "POLYGON_ID": "GHA_GAUL1990_ADM2_16635", "ADM0_ISO3": "GHA", "ADM0_NAME": "Ghana", "ADM0_CODE": 94, "ADM1_NAME": "Northern", "ADM1_CODE": 1329, "ADM2_NAME": "West Gonja", "ADM2_CODE": 16635, "GEOSET": "GAUL", "GEOSET_YEAR": 1990.0, "GEOSET_VERSION": "GAUL_v1", "GEOSET_UNIT": "ADM2", "CENTROID_LONG": -1.4962500064342659, "CENTROID_LAT": 9.2243155202661491 }, "geometry": { "type": "MultiPolygon", "coordinates": [ [ [ [ -1.2406647, 10.0237906 ], [ -1.1548886, 9.974628 ], [ -1.1787147, 9.9473202 ], [ -1.162474, 9.8679985 ], [ -1.1746215, 9.7876132 ], [ -1.2380025, 9.8256534 ], [ -1.2843281, 9.7991156 ], [ -1.348022, 9.8031553 ], [ -1.3500609, 9.7285609 ], [ -1.3197925, 9.6815446 ], [ -1.32993, 9.631301 ], [ -1.3729333, 9.6046917 ], [ -1.281539, 9.5075178 ], [ -1.2427167, 9.4151984 ], [ -1.2683709, 9.3247715 ], [ -1.2405745, 9.2833339 ], [ -1.1662987, 9.3152927 ], [ -1.0901324, 9.316704 ], [ -1.0409835, 9.3423809 ], [ -0.962858, 9.3318711 ], [ -0.9364441, 9.2938758 ], [ -0.9057465, 9.2734003 ], [ -0.8520791, 9.1888332 ], [ -0.8406723, 9.142948 ], [ -0.7805253, 9.1547098 ], [ -0.7410574, 9.1271221 ], [ -0.7189208, 8.999775 ], [ -0.61911, 9.008744 ], [ -0.6011969, 8.9575769 ], [ -0.6709562, 8.9196842 ], [ -0.6456137, 8.882694 ], [ -0.639302, 8.8149603 ], [ -0.6994306, 8.7222588 ], [ -0.7403373, 8.6166853 ], [ -0.7739793, 8.6215187 ], [ -0.8293116, 8.5406901 ], [ -0.8890306, 8.5580522 ], [ -0.9267327, 8.6277914 ], [ -1.0297546, 8.6923413 ], [ -1.0757139, 8.6997114 ], [ -1.1447209, 8.6749074 ], [ -1.2110306, 8.6656366 ], [ -1.2648505, 8.6891461 ], [ -1.3521481, 8.7539393 ], [ -1.4094119, 8.7718832 ], [ -1.4750013, 8.7628333 ], [ -1.5092899, 8.692374 ], [ -1.553119, 8.6731042 ], [ -1.6586018, 8.6929556 ], [ -1.6865475, 8.6481106 ], [ -1.7336295, 8.6239146 ], [ -1.8166434, 8.659502 ], [ -1.8572195, 8.6491167 ], [ -1.9011968, 8.7382993 ], [ -1.96123, 8.740481 ], [ -2.0089413, 8.7687386 ], [ -2.0459563, 8.824425 ], [ -2.1084205, 8.8178291 ], [ -2.2529492, 8.9494252 ], [ -2.1664395, 8.9837128 ], [ -2.0867534, 8.9881967 ], [ -2.1880189, 9.1088953 ], [ -2.2594806, 9.1501835 ], [ -2.2708739, 9.2218856 ], [ -2.2197717, 9.3337025 ], [ -2.1673743, 9.3801655 ], [ -2.1196782, 9.3970058 ], [ -2.1464745, 9.4961836 ], [ -2.0871373, 9.5620648 ], [ -2.0123715, 9.5865652 ], [ -1.9587423, 9.5427048 ], [ -1.8938642, 9.6530254 ], [ -1.9210913, 9.7444957 ], [ -1.9870786, 9.8227752 ], [ -1.7200595, 9.8179301 ], [ -1.6965661, 9.8849068 ], [ -1.7149907, 10.0099159 ], [ -1.686255, 10.0363416 ], [ -1.5879187, 10.0755414 ], [ -1.538497, 10.0690804 ], [ -1.4676467, 10.1013291 ], [ -1.3685688, 10.0867228 ], [ -1.2879212, 10.0331584 ], [ -1.2406647, 10.0237906 ] ] ] ] } },
{ "type": "Feature", "properties": { "POLYGON_ID": "GHA_GAUL1990_ADM2_16671", "ADM0_ISO3": "GHA", "ADM0_NAME": "Ghana", "ADM0_CODE": 94, "ADM1_NAME": "Western", "ADM1_CODE": 1333, "ADM2_NAME": "Wassa Amenfi", "ADM2_CODE": 16671, "GEOSET": "GAUL", "GEOSET_YEAR": 1990.0, "GEOSET_VERSION": "GAUL_v1", "GEOSET_UNIT": "ADM2", "CENTROID_LONG": -2.257799070231556, "CENTROID_LAT": 5.7636313095963931 }, "geometry": { "type": "MultiPolygon", "coordinates": [ [ [ [ -2.1892269, 6.1445027 ], [ -2.1794555, 6.1170363 ], [ -2.0589067, 6.068851 ], [ -1.9855314, 6.0137831 ], [ -1.8707591, 5.8814957 ], [ -1.8155008, 5.8639292 ], [ -1.850959, 5.7648733 ], [ -1.7867687, 5.7299017 ], [ -1.8084663, 5.678227 ], [ -1.8182733, 5.6719385 ], [ -1.8491896, 5.6906793 ], [ -1.893365, 5.6619303 ], [ -1.9870995, 5.6320077 ], [ -2.1149789, 5.6127769 ], [ -2.1540518, 5.6233431 ], [ -2.1747877, 5.5660454 ], [ -2.2465795, 5.5442478 ], [ -2.2609669, 5.4006559 ], [ -2.2055878, 5.3302573 ], [ -2.2731215, 5.3498498 ], [ -2.3374638, 5.346934 ], [ -2.3570646, 5.3728068 ], [ -2.4950313, 5.3730498 ], [ -2.5856223, 5.3751829 ], [ -2.6180312, 5.4097332 ], [ -2.5789953, 5.5109733 ], [ -2.5651851, 5.5799378 ], [ -2.5755858, 5.6672498 ], [ -2.5512625, 5.6869665 ], [ -2.5780446, 5.7576471 ], [ -2.5197882, 5.8310865 ], [ -2.497391, 5.9144625 ], [ -2.5586161, 5.975974 ], [ -2.4442656, 6.1141648 ], [ -2.4129407, 6.0856107 ], [ -2.3623471, 6.0978583 ], [ -2.2836892, 6.0995547 ], [ -2.2308186, 6.1471748 ], [ -2.1892269, 6.1445027 ] ] ] ] } },
{ "type": "Feature", "properties": { "POLYGON_ID": "GHA_GAUL1990_ADM2_16565", "ADM0_ISO3": "GHA", "ADM0_NAME": "Ghana", "ADM0_CODE": 94, "ADM1_NAME": "Ashanti", "ADM1_CODE": 1324, "ADM2_NAME": "Adansi West", "ADM2_CODE": 16565, "GEOSET": "GAUL", "GEOSET_YEAR": 1990.0, "GEOSET_VERSION": "GAUL_v1", "GEOSET_UNIT": "ADM2", "CENTROID_LONG": -1.6370962530482962, "CENTROID_LAT": 6.1150788236594336 }, "geometry": { "type": "MultiPolygon", "coordinates": [ [ [ [ -1.4543324, 6.2940009 ], [ -1.4651253, 6.2768235 ], [ -1.490383, 6.270927 ], [ -1.5274976, 6.2343078 ], [ -1.5839469, 6.2332654 ], [ -1.6229545, 6.1926689 ], [ -1.5969074, 6.1319413 ], [ -1.4893823, 6.061439 ], [ -1.4884784, 6.0346131 ], [ -1.5461673, 5.9737115 ], [ -1.5466193, 5.9359432 ], [ -1.5587957, 5.9210926 ], [ -1.6449205, 5.9290888 ], [ -1.6726962, 5.9126268 ], [ -1.7368879, 5.9675706 ], [ -1.7778523, 5.9689241 ], [ -1.8042993, 6.026556 ], [ -1.7850648, 6.1077856 ], [ -1.7111242, 6.1354058 ], [ -1.7507923, 6.1830925 ], [ -1.7471934, 6.2210684 ], [ -1.6786447, 6.2827344 ], [ -1.614984, 6.3070275 ], [ -1.584535, 6.3467217 ], [ -1.5191276, 6.3458265 ], [ -1.4619883, 6.3215 ], [ -1.4570741, 6.2913093 ], [ -1.4543324, 6.2940009 ] ] ] ] } },
{ "type": "Feature", "properties": { "POLYGON_ID": "GHA_GAUL1990_ADM2_16642", "ADM0_ISO3": "GHA", "ADM0_NAME": "Ghana", "ADM0_CODE": 94, "ADM1_NAME": "Upper East", "ADM1_CODE": 1330, "ADM2_NAME": "Bongo", "ADM2_CODE": 16642, "GEOSET": "GAUL", "GEOSET_YEAR": 1990.0, "GEOSET_VERSION": "GAUL_v1", "GEOSET_UNIT": "ADM2", "CENTROID_LONG": -0.79241219780946093, "CENTROID_LAT": 10.92235872174304 }, "geometry": { "type": "MultiPolygon", "coordinates": [ [ [ [ -0.6522627, 10.9818714 ], [ -0.6549165, 10.9763867 ], [ -0.6566268, 10.9745585 ], [ -0.6712821, 10.961643 ], [ -0.6709872, 10.9583109 ], [ -0.6448351, 10.9532316 ], [ -0.647965, 10.9494597 ], [ -0.6459439, 10.9482329 ], [ -0.6823673, 10.8783945 ], [ -0.7655489, 10.8555738 ], [ -0.789274, 10.8333259 ], [ -0.8750404, 10.8465165 ], [ -0.9306927, 10.8763434 ], [ -0.9340232, 10.9151871 ], [ -0.9108126, 10.9498353 ], [ -0.8977506, 10.951248 ], [ -0.8986269, 10.9580595 ], [ -0.893137, 10.9598796 ], [ -0.8900485, 10.9621608 ], [ -0.8890496, 10.9632658 ], [ -0.8889796, 10.9644822 ], [ -0.8749778, 10.966184 ], [ -0.8607951, 10.9897876 ], [ -0.810793, 11.0060386 ], [ -0.8110683, 10.9986065 ], [ -0.6838732, 10.9982959 ], [ -0.6852426, 10.9963319 ], [ -0.6861142, 10.9950818 ], [ -0.686763, 10.9900099 ], [ -0.6858783, 10.9857932 ], [ -0.6522627, 10.9818714 ] ] ] ] } },
{ "type": "Feature", "properties": { "POLYGON_ID": "GHA_GAUL1990_ADM2_16640", "ADM0_ISO3": "GHA", "ADM0_NAME": "Ghana", "ADM0_CODE": 94, "ADM1_NAME": "Upper East", "ADM1_CODE": 1330, "ADM2_NAME": "Bawku West", "ADM2_CODE": 16640, "GEOSET": "GAUL", "GEOSET_YEAR": 1990.0, "GEOSET_VERSION": "GAUL_v1", "GEOSET_UNIT": "ADM2", "CENTROID_LONG": -0.46644897535878732, "CENTROID_LAT": 10.826117737103893 }, "geometry": { "type": "MultiPolygon", "coordinates": [ [ [ [ -0.3611494, 11.0694818 ], [ -0.3612989, 11.0686672 ], [ -0.3613535, 11.0683698 ], [ -0.362047, 11.0663978 ], [ -0.3655029, 11.0614253 ], [ -0.3720607, 11.0564822 ], [ -0.375752, 11.0459527 ], [ -0.3692855, 11.0365171 ], [ -0.3890676, 11.0238725 ], [ -0.3649053, 10.9551346 ], [ -0.3965391, 10.8518675 ], [ -0.3654594, 10.8029591 ], [ -0.3667664, 10.6850672 ], [ -0.3431631, 10.6180754 ], [ -0.4444172, 10.5975408 ], [ -0.4934975, 10.6219222 ], [ -0.5204943, 10.5564781 ], [ -0.5470605, 10.7130554 ], [ -0.5777204, 10.7622429 ], [ -0.557013, 10.8029093 ], [ -0.603653, 10.8568769 ], [ -0.6181543, 10.9084839 ], [ -0.615724, 10.9035654 ], [ -0.59871, 10.9159505 ], [ -0.5962012, 10.9284211 ], [ -0.5939191, 10.9397645 ], [ -0.584478, 10.9628739 ], [ -0.560805, 10.988097 ], [ -0.5539003, 10.9840106 ], [ -0.548123, 10.9735832 ], [ -0.5446002, 10.9734422 ], [ -0.5422047, 10.9810514 ], [ -0.5288181, 10.9962698 ], [ -0.5213499, 10.9889425 ], [ -0.5114108, 10.9894084 ], [ -0.4867088, 11.0094499 ], [ -0.4565308, 11.0274112 ], [ -0.4391987, 11.0313567 ], [ -0.4378052, 11.031239 ], [ -0.421923, 11.0298972 ], [ -0.4174339, 11.1107005 ], [ -0.3762934, 11.1161273 ], [ -0.3721792, 11.0835234 ], [ -0.363929, 11.0757585 ], [ -0.3613915, 11.0691842 ], [ -0.3611494, 11.0694818 ] ] ] ] } },
{ "type": "Feature", "properties": { "POLYGON_ID": "GHA_GAUL1990_ADM2_16585", "ADM0_ISO3": "GHA", "ADM0_NAME": "Ghana", "ADM0_CODE": 94, "ADM1_NAME": "Brong Ahafo", "ADM1_CODE": 1325, "ADM2_NAME": "Berekum", "ADM2_CODE": 16585, "GEOSET": "GAUL", "GEOSET_YEAR": 1990.0, "GEOSET_VERSION": "GAUL_v1", "GEOSET_UNIT": "ADM2", "CENTROID_LONG": -2.6195031842301302, "CENTROID_LAT": 7.4898334838338947 }, "geometry": { "type": "MultiPolygon", "coordinates": [ [ [ [ -2.4809036, 7.5911265 ], [ -2.5104527, 7.5488711 ], [ -2.5415822, 7.443265 ], [ -2.5056443, 7.3938773 ], [ -2.5136213, 7.2871516 ], [ -2.6094775, 7.3253753 ], [ -2.6964642, 7.3776593 ], [ -2.7812586, 7.4686057 ], [ -2.7968739, 7.4594796 ], [ -2.7673524, 7.49833 ], [ -2.7796592, 7.5436 ], [ -2.6947512, 7.5598498 ], [ -2.6552568, 7.6719256 ], [ -2.5882828, 7.6776778 ], [ -2.4809036, 7.5911265 ] ] ] ] } },
{ "type": "Feature", "properties": { "POLYGON_ID": "GHA_GAUL1990_ADM2_33108", "ADM0_ISO3": "GHA", "ADM0_NAME": "Ghana", "ADM0_CODE": 94, "ADM1_NAME": "Volta", "ADM1_CODE": 1332, "ADM2_NAME": "Keta Municipal", "ADM2_CODE": 33108, "GEOSET": "GAUL", "GEOSET_YEAR": 1990.0, "GEOSET_VERSION": "GAUL_v1", "GEOSET_UNIT": "ADM2", "CENTROID_LONG": 0.87126705692857753, "CENTROID_LAT": 5.9040363720107099 }, "geometry": { "type": "MultiPolygon", "coordinates": [ [ [ [ 1.030311, 5.9800212 ], [ 0.995233, 5.928607 ], [ 0.979606, 5.837853 ], [ 0.917795, 5.784936 ], [ 0.803888, 5.77111 ], [ 0.6864977, 5.7737357 ], [ 0.6876828, 5.775062 ], [ 0.7216654, 5.8691803 ], [ 0.7834949, 5.8813245 ], [ 0.7661015, 5.952226 ], [ 0.7986303, 5.955584 ], [ 0.8627565, 6.0670443 ], [ 0.9571676, 6.0549472 ], [ 1.030311, 5.9800212 ] ] ] ] } },
{ "type": "Feature", "properties": { "POLYGON_ID": "GHA_GAUL1990_ADM2_16654", "ADM0_ISO3": "GHA", "ADM0_NAME": "Ghana", "ADM0_CODE": 94, "ADM1_NAME": "Volta", "ADM1_CODE": 1332, "ADM2_NAME": "Kadjebi", "ADM2_CODE": 16654, "GEOSET": "GAUL", "GEOSET_YEAR": 1990.0, "GEOSET_VERSION": "GAUL_v1", "GEOSET_UNIT": "ADM2", "CENTROID_LONG": 0.52031695590980576, "CENTROID_LAT": 7.7222033603291758 }, "geometry": { "type": "MultiPolygon", "coordinates": [ [ [ [ 0.6169922, 7.8978325 ], [ 0.6172997, 7.8966897 ], [ 0.6214263, 7.8813513 ], [ 0.624234, 7.8648141 ], [ 0.6180712, 7.7967377 ], [ 0.6281363, 7.7962856 ], [ 0.6328001, 7.7770833 ], [ 0.6302303, 7.768089 ], [ 0.619726, 7.7617987 ], [ 0.6114801, 7.7528842 ], [ 0.6320624, 7.7064932 ], [ 0.6234488, 7.7049381 ], [ 0.6024842, 7.7075965 ], [ 0.5984169, 7.7038911 ], [ 0.5884231, 7.6273439 ], [ 0.5778422, 7.6225561 ], [ 0.5214889, 7.5930558 ], [ 0.5259044, 7.5920994 ], [ 0.5213699, 7.5196495 ], [ 0.5208636, 7.5175638 ], [ 0.4851457, 7.5124398 ], [ 0.4195317, 7.5280004 ], [ 0.4215441, 7.6858824 ], [ 0.4442517, 7.6882527 ], [ 0.4441548, 7.8250699 ], [ 0.4822352, 7.8382137 ], [ 0.4915419, 7.8975431 ], [ 0.5558587, 7.9168565 ], [ 0.6169922, 7.8978325 ] ] ] ] } },
{ "type": "Feature", "properties": { "POLYGON_ID": "GHA_GAUL1990_ADM2_16661", "ADM0_ISO3": "GHA", "ADM0_NAME": "Ghana", "ADM0_CODE": 94, "ADM1_NAME": "Volta", "ADM1_CODE": 1332, "ADM2_NAME": "South Tongu", "ADM2_CODE": 16661, "GEOSET": "GAUL", "GEOSET_YEAR": 1990.0, "GEOSET_VERSION": "GAUL_v1", "GEOSET_UNIT": "ADM2", "CENTROID_LONG": 0.65512700564321502, "CENTROID_LAT": 5.9685085516167602 }, "geometry": { "type": "MultiPolygon", "coordinates": [ [ [ [ 0.718478, 6.1520262 ], [ 0.7505893, 6.0518075 ], [ 0.7045257, 5.9915561 ], [ 0.7661015, 5.952226 ], [ 0.7834949, 5.8813245 ], [ 0.7216654, 5.8691803 ], [ 0.6876828, 5.775062 ], [ 0.6200044, 5.8315521 ], [ 0.5813717, 5.9250424 ], [ 0.5237494, 5.9521952 ], [ 0.498714, 5.9883478 ], [ 0.5486732, 6.0040714 ], [ 0.5515842, 6.0780576 ], [ 0.6718521, 6.1029741 ], [ 0.718478, 6.1520262 ] ] ] ] } },
{ "type": "Feature", "properties": { "POLYGON_ID": "GHA_GAUL1990_ADM2_16578", "ADM0_ISO3": "GHA", "ADM0_NAME": "Ghana", "ADM0_CODE": 94, "ADM1_NAME": "Ashanti", "ADM1_CODE": 1324, "ADM2_NAME": "Kwabre", "ADM2_CODE": 16578, "GEOSET": "GAUL", "GEOSET_YEAR": 1990.0, "GEOSET_VERSION": "GAUL_v1", "GEOSET_UNIT": "ADM2", "CENTROID_LONG": -1.5362008453713116, "CENTROID_LAT": 6.7859923004109586 }, "geometry": { "type": "MultiPolygon", "coordinates": [ [ [ [ -1.4663452, 6.8450114 ], [ -1.494145, 6.7715534 ], [ -1.555838, 6.7254039 ], [ -1.605127, 6.7610205 ], [ -1.5981112, 6.7868536 ], [ -1.5129915, 6.8372899 ], [ -1.4663452, 6.8450114 ] ] ] ] } },
{ "type": "Feature", "properties": { "POLYGON_ID": "GHA_GAUL1990_ADM2_16575", "ADM0_ISO3": "GHA", "ADM0_NAME": "Ghana", "ADM0_CODE": 94, "ADM1_NAME": "Ashanti", "ADM1_CODE": 1324, "ADM2_NAME": "Ejura Sekye Dumase", "ADM2_CODE": 16575, "GEOSET": "GAUL", "GEOSET_YEAR": 1990.0, "GEOSET_VERSION": "GAUL_v1", "GEOSET_UNIT": "ADM2", "CENTROID_LONG": -1.4145921983079068, "CENTROID_LAT": 7.3870893214564095 }, "geometry": { "type": "MultiPolygon", "coordinates": [ [ [ [ -1.3099535, 7.6158155 ], [ -1.2906671, 7.5325969 ], [ -1.2415915, 7.4872141 ], [ -1.2021474, 7.4925908 ], [ -1.1452411, 7.4674543 ], [ -1.1794263, 7.3652208 ], [ -1.2378996, 7.3588222 ], [ -1.2762942, 7.3248765 ], [ -1.2974502, 7.2610639 ], [ -1.3779824, 7.3062806 ], [ -1.4826129, 7.256958 ], [ -1.5639333, 7.2045256 ], [ -1.5884964, 7.1430052 ], [ -1.6588733, 7.1590786 ], [ -1.6575497, 7.2514332 ], [ -1.6411496, 7.3225441 ], [ -1.5768405, 7.4002683 ], [ -1.5169952, 7.3946119 ], [ -1.5204746, 7.4474724 ], [ -1.4726812, 7.4940073 ], [ -1.4338274, 7.5709152 ], [ -1.3863052, 7.6025541 ], [ -1.3099535, 7.6158155 ] ] ] ] } },
{ "type": "Feature", "properties": { "POLYGON_ID": "GHA_GAUL1990_ADM2_16568", "ADM0_ISO3": "GHA", "ADM0_NAME": "Ghana", "ADM0_CODE": 94, "ADM1_NAME": "Ashanti", "ADM1_CODE": 1324, "ADM2_NAME": "Ahafo Ano South", "ADM2_CODE": 16568, "GEOSET": "GAUL", "GEOSET_YEAR": 1990.0, "GEOSET_VERSION": "GAUL_v1", "GEOSET_UNIT": "ADM2", "CENTROID_LONG": -1.9781573981661962, "CENTROID_LAT": 6.8972137280291124 }, "geometry": { "type": "MultiPolygon", "coordinates": [ [ [ [ -1.8232231, 6.9904347 ], [ -1.7869887, 6.9138662 ], [ -1.8040023, 6.879495 ], [ -1.7889726, 6.795211 ], [ -1.859716, 6.8082462 ], [ -1.9067857, 6.7323005 ], [ -1.9990855, 6.7505595 ], [ -2.02159, 6.7796573 ], [ -2.140865, 6.7845507 ], [ -2.212352, 6.7111107 ], [ -2.293321, 6.7015971 ], [ -2.2646782, 6.7754878 ], [ -2.1811159, 6.7875916 ], [ -2.1786758, 6.8248758 ], [ -2.1241605, 6.8359262 ], [ -2.1399642, 6.8843364 ], [ -2.1032928, 6.9304159 ], [ -2.0487436, 6.9570334 ], [ -2.0815356, 7.0249996 ], [ -2.0119704, 7.0665469 ], [ -1.9538402, 7.0826427 ], [ -1.8709519, 7.1002669 ], [ -1.8070227, 7.0621504 ], [ -1.8478088, 7.0216678 ], [ -1.8232231, 6.9904347 ] ] ] ] } },
{ "type": "Feature", "properties": { "POLYGON_ID": "GHA_GAUL1990_ADM2_16597", "ADM0_ISO3": "GHA", "ADM0_NAME": "Ghana", "ADM0_CODE": 94, "ADM1_NAME": "Central", "ADM1_CODE": 1326, "ADM2_NAME": "Ajumako-Enyan-Esiam", "ADM2_CODE": 16597, "GEOSET": "GAUL", "GEOSET_YEAR": 1990.0, "GEOSET_VERSION": "GAUL_v1", "GEOSET_UNIT": "ADM2", "CENTROID_LONG": -0.99322855483103911, "CENTROID_LAT": 5.4156348201134703 }, "geometry": { "type": "MultiPolygon", "coordinates": [ [ [ [ -0.8860085, 5.5230402 ], [ -0.8712086, 5.4206247 ], [ -0.9191633, 5.3732393 ], [ -0.9141796, 5.3299531 ], [ -0.9535284, 5.293052 ], [ -1.0047739, 5.2873088 ], [ -1.0622975, 5.330433 ], [ -1.1027186, 5.4100337 ], [ -1.1235656, 5.4131359 ], [ -1.128576, 5.4136359 ], [ -1.0935439, 5.4888894 ], [ -1.1152768, 5.5348902 ], [ -1.0866375, 5.5092101 ], [ -1.015334, 5.5022322 ], [ -0.9619578, 5.5198166 ], [ -0.9192029, 5.5023663 ], [ -0.8860085, 5.5230402 ] ] ] ] } },
{ "type": "Feature", "properties": { "POLYGON_ID": "GHA_GAUL1990_ADM2_16598", "ADM0_ISO3": "GHA", "ADM0_NAME": "Ghana", "ADM0_CODE": 94, "ADM1_NAME": "Central", "ADM1_CODE": 1326, "ADM2_NAME": "Asikuma \/ Odoben \/ Brakwa", "ADM2_CODE": 16598, "GEOSET": "GAUL", "GEOSET_YEAR": 1990.0, "GEOSET_VERSION": "GAUL_v1", "GEOSET_UNIT": "ADM2", "CENTROID_LONG": -1.0115668764934305, "CENTROID_LAT": 5.6284287856788264 }, "geometry": { "type": "MultiPolygon", "coordinates": [ [ [ [ -0.8790204, 5.7465876 ], [ -0.862657, 5.6503613 ], [ -0.8902407, 5.5785828 ], [ -0.8574708, 5.5470005 ], [ -0.8860085, 5.5230402 ], [ -0.9192029, 5.5023663 ], [ -0.9619578, 5.5198166 ], [ -1.015334, 5.5022322 ], [ -1.0866375, 5.5092101 ], [ -1.1152768, 5.5348902 ], [ -1.1767313, 5.644215 ], [ -1.161619, 5.718327 ], [ -1.091376, 5.739868 ], [ -0.9529187, 5.7356047 ], [ -0.8790204, 5.7465876 ] ] ] ] } },
{ "type": "Feature", "properties": { "POLYGON_ID": "GHA_GAUL1990_ADM2_16595", "ADM0_ISO3": "GHA", "ADM0_NAME": "Ghana", "ADM0_CODE": 94, "ADM1_NAME": "Central", "ADM1_CODE": 1326, "ADM2_NAME": "Abura \/ Asebu \/ Kwamankese", "ADM2_CODE": 16595, "GEOSET": "GAUL", "GEOSET_YEAR": 1990.0, "GEOSET_VERSION": "GAUL_v1", "GEOSET_UNIT": "ADM2", "CENTROID_LONG": -1.2069714688756905, "CENTROID_LAT": 5.2710300331190352 }, "geometry": { "type": "MultiPolygon", "coordinates": [ [ [ [ -1.1235656, 5.4131359 ], [ -1.1372925, 5.3776297 ], [ -1.1178018, 5.3179416 ], [ -1.0877516, 5.2942257 ], [ -1.0887, 5.2423644 ], [ -1.1856236, 5.2553266 ], [ -1.2049341, 5.1913873 ], [ -1.1984024, 5.1294476 ], [ -1.2126068, 5.1191378 ], [ -1.2735408, 5.1579293 ], [ -1.2948165, 5.2519001 ], [ -1.2953722, 5.3521903 ], [ -1.282936, 5.3371577 ], [ -1.1520589, 5.3799561 ], [ -1.128576, 5.4136359 ], [ -1.1235656, 5.4131359 ] ] ] ] } },
{ "type": "Feature", "properties": { "POLYGON_ID": "GHA_GAUL1990_ADM2_16665", "ADM0_ISO3": "GHA", "ADM0_NAME": "Ghana", "ADM0_CODE": 94, "ADM1_NAME": "Western", "ADM1_CODE": 1333, "ADM2_NAME": "Jomoro", "ADM2_CODE": 16665, "GEOSET": "GAUL", "GEOSET_YEAR": 1990.0, "GEOSET_VERSION": "GAUL_v1", "GEOSET_UNIT": "ADM2", "CENTROID_LONG": -2.663916015017008, "CENTROID_LAT": 5.1712495940796046 }, "geometry": { "type": "MultiPolygon", "coordinates": [ [ [ [ -2.7248036, 5.3427344 ], [ -2.6997253, 5.3397595 ], [ -2.6180312, 5.4097332 ], [ -2.5856223, 5.3751829 ], [ -2.4950313, 5.3730498 ], [ -2.4771651, 5.1812586 ], [ -2.4872814, 5.0415965 ], [ -2.5624367, 4.9806098 ], [ -3.1058301, 5.0908636 ], [ -3.106204, 5.109557 ], [ -3.106303, 5.114508 ], [ -3.0231767, 5.1209647 ], [ -2.9789557, 5.0900723 ], [ -2.9308933, 5.0977312 ], [ -2.9311144, 5.0984168 ], [ -2.9347771, 5.1084097 ], [ -2.9426592, 5.1139207 ], [ -2.8915018, 5.119808 ], [ -2.890287, 5.127279 ], [ -2.8434846, 5.1082938 ], [ -2.8382808, 5.1100283 ], [ -2.8382017, 5.1105303 ], [ -2.8405579, 5.1155931 ], [ -2.8172974, 5.105939 ], [ -2.8147094, 5.1064283 ], [ -2.8113999, 5.107054 ], [ -2.8078368, 5.1074755 ], [ -2.8067909, 5.1075992 ], [ -2.8025465, 5.1079781 ], [ -2.7903995, 5.1073661 ], [ -2.7861496, 5.1105231 ], [ -2.784482, 5.1106948 ], [ -2.7569099, 5.1020981 ], [ -2.7545063, 5.1083921 ], [ -2.755849, 5.1123226 ], [ -2.7389696, 5.1167428 ], [ -2.7372846, 5.1195924 ], [ -2.7399112, 5.1215252 ], [ -2.7393603, 5.1263288 ], [ -2.7367147, 5.1299998 ], [ -2.7313871, 5.1293307 ], [ -2.7272138, 5.1318867 ], [ -2.7264597, 5.1336182 ], [ -2.7246206, 5.1378402 ], [ -2.7233423, 5.1411639 ], [ -2.7403399, 5.1545157 ], [ -2.7416775, 5.1575633 ], [ -2.7409813, 5.1593424 ], [ -2.7415241, 5.1631109 ], [ -2.7453664, 5.1665848 ], [ -2.7428639, 5.1720704 ], [ -2.7408009, 5.1765925 ], [ -2.7451473, 5.18492 ], [ -2.749311, 5.1955851 ], [ -2.7476674, 5.2023786 ], [ -2.7570542, 5.2013194 ], [ -2.7607294, 5.2092597 ], [ -2.7620055, 5.2120168 ], [ -2.7629711, 5.2141029 ], [ -2.764286, 5.2176458 ], [ -2.7598817, 5.218887 ], [ -2.7571423, 5.2188575 ], [ -2.7580038, 5.2275439 ], [ -2.757593, 5.22854 ], [ -2.7565428, 5.2310867 ], [ -2.7589304, 5.2360818 ], [ -2.7654182, 5.2359445 ], [ -2.7619119, 5.2463539 ], [ -2.7592456, 5.2462078 ], [ -2.758574, 5.2425666 ], [ -2.7575557, 5.2425703 ], [ -2.7541688, 5.2429936 ], [ -2.7602318, 5.2511386 ], [ -2.7546903, 5.2471139 ], [ -2.7528539, 5.2501524 ], [ -2.7638112, 5.2552658 ], [ -2.7714748, 5.2586311 ], [ -2.773204, 5.2609493 ], [ -2.7757911, 5.26615 ], [ -2.7751644, 5.2671231 ], [ -2.7744032, 5.268305 ], [ -2.7822917, 5.2786476 ], [ -2.7853281, 5.2860962 ], [ -2.7721126, 5.2933046 ], [ -2.7695352, 5.2947885 ], [ -2.7671053, 5.3097561 ], [ -2.7657864, 5.3178803 ], [ -2.7720084, 5.3304025 ], [ -2.7740598, 5.33677 ], [ -2.7744161, 5.3378112 ], [ -2.7759802, 5.3423807 ], [ -2.7766204, 5.3469747 ], [ -2.769767, 5.3522089 ], [ -2.7686373, 5.357443 ], [ -2.7248036, 5.3427344 ] ] ] ] } },
{ "type": "Feature", "properties": { "POLYGON_ID": "GHA_GAUL1990_ADM2_16662", "ADM0_ISO3": "GHA", "ADM0_NAME": "Ghana", "ADM0_CODE": 94, "ADM1_NAME": "Western", "ADM1_CODE": 1333, "ADM2_NAME": "Ahanta West", "ADM2_CODE": 16662, "GEOSET": "GAUL", "GEOSET_YEAR": 1990.0, "GEOSET_VERSION": "GAUL_v1", "GEOSET_UNIT": "ADM2", "CENTROID_LONG": -1.983692412087164, "CENTROID_LAT": 4.853453185371162 }, "geometry": { "type": "MultiPolygon", "coordinates": [ [ [ [ -1.843595, 4.9606154 ], [ -1.7726409, 4.8759824 ], [ -1.8079751, 4.8733705 ], [ -1.9166759, 4.8140342 ], [ -1.974191, 4.760168 ], [ -2.0908929, 4.7442432 ], [ -2.1134529, 4.7855203 ], [ -2.1778595, 4.8146877 ], [ -2.0883138, 4.8984163 ], [ -2.0597012, 4.9056886 ], [ -1.9792311, 4.9468636 ], [ -1.8986495, 4.9246023 ], [ -1.843595, 4.9606154 ] ] ] ] } },
{ "type": "Feature", "properties": { "POLYGON_ID": "GHA_GAUL1990_ADM2_16607", "ADM0_ISO3": "GHA", "ADM0_NAME": "Ghana", "ADM0_CODE": 94, "ADM1_NAME": "Eastern", "ADM1_CODE": 1327, "ADM2_NAME": "Akwapem North", "ADM2_CODE": 16607, "GEOSET": "GAUL", "GEOSET_YEAR": 1990.0, "GEOSET_VERSION": "GAUL_v1", "GEOSET_UNIT": "ADM2", "CENTROID_LONG": -0.14482464997530739, "CENTROID_LAT": 6.0025598720712319 }, "geometry": { "type": "MultiPolygon", "coordinates": [ [ [ [ -0.0098686, 6.0076393 ], [ -0.0065667, 5.9684255 ], [ -0.1224299, 5.8774688 ], [ -0.1441865, 5.852164 ], [ -0.2253924, 5.932719 ], [ -0.3024981, 5.9400261 ], [ -0.267753, 5.9934806 ], [ -0.2827672, 6.0294538 ], [ -0.2170489, 6.0882632 ], [ -0.2008764, 6.1220593 ], [ -0.1254023, 6.1290404 ], [ -0.0283005, 6.0733363 ], [ -0.0098686, 6.0076393 ] ] ] ] } },
{ "type": "Feature", "properties": { "POLYGON_ID": "GHA_GAUL1990_ADM2_16620", "ADM0_ISO3": "GHA", "ADM0_NAME": "Ghana", "ADM0_CODE": 94, "ADM1_NAME": "Eastern", "ADM1_CODE": 1327, "ADM2_NAME": "Yilo Krobo", "ADM2_CODE": 16620, "GEOSET": "GAUL", "GEOSET_YEAR": 1990.0, "GEOSET_VERSION": "GAUL_v1", "GEOSET_UNIT": "ADM2", "CENTROID_LONG": -0.14556161644294974, "CENTROID_LAT": 6.1610011517709777 }, "geometry": { "type": "MultiPolygon", "coordinates": [ [ [ [ 0.143371, 6.0981454 ], [ 0.0881033, 6.0597773 ], [ 0.0179025, 6.0364484 ], [ -0.0098686, 6.0076393 ], [ -0.0283005, 6.0733363 ], [ -0.1254023, 6.1290404 ], [ -0.2008764, 6.1220593 ], [ -0.2170489, 6.0882632 ], [ -0.3122882, 6.2067332 ], [ -0.3110614, 6.2518902 ], [ -0.3605769, 6.2833617 ], [ -0.2971102, 6.2947529 ], [ -0.2548466, 6.2895389 ], [ -0.1878342, 6.2102097 ], [ -0.134676, 6.2218199 ], [ -0.0806103, 6.2046751 ], [ -0.0768995, 6.1566221 ], [ 0.0420614, 6.0911259 ], [ 0.143371, 6.0981454 ] ] ] ] } },
{ "type": "Feature", "properties": { "POLYGON_ID": "GHA_GAUL1990_ADM2_16617", "ADM0_ISO3": "GHA", "ADM0_NAME": "Ghana", "ADM0_CODE": 94, "ADM1_NAME": "Eastern", "ADM1_CODE": 1327, "ADM2_NAME": "New Juaben Municipal", "ADM2_CODE": 16617, "GEOSET": "GAUL", "GEOSET_YEAR": 1990.0, "GEOSET_VERSION": "GAUL_v1", "GEOSET_UNIT": "ADM2", "CENTROID_LONG": -0.29203021297979836, "CENTROID_LAT": 6.1166563722768972 }, "geometry": { "type": "MultiPolygon", "coordinates": [ [ [ [ -0.2170489, 6.0882632 ], [ -0.2827672, 6.0294538 ], [ -0.3211649, 6.0968968 ], [ -0.3672783, 6.1258138 ], [ -0.3122882, 6.2067332 ], [ -0.2170489, 6.0882632 ] ] ] ] } },
{ "type": "Feature", "properties": { "POLYGON_ID": "GHA_GAUL1990_ADM2_16613", "ADM0_ISO3": "GHA", "ADM0_NAME": "Ghana", "ADM0_CODE": 94, "ADM1_NAME": "Eastern", "ADM1_CODE": 1327, "ADM2_NAME": "Fanteakwa", "ADM2_CODE": 16613, "GEOSET": "GAUL", "GEOSET_YEAR": 1990.0, "GEOSET_VERSION": "GAUL_v1", "GEOSET_UNIT": "ADM2", "CENTROID_LONG": -0.36326609529579112, "CENTROID_LAT": 6.466968954730957 }, "geometry": { "type": "MultiPolygon", "coordinates": [ [ [ [ -0.1779155, 6.5549813 ], [ -0.2080962, 6.5126678 ], [ -0.2057617, 6.4687173 ], [ -0.3097231, 6.3391176 ], [ -0.2971102, 6.2947529 ], [ -0.3605769, 6.2833617 ], [ -0.3972916, 6.2716671 ], [ -0.458043, 6.2879393 ], [ -0.5245087, 6.2610097 ], [ -0.5309679, 6.3267212 ], [ -0.4611254, 6.4211026 ], [ -0.5442623, 6.5092996 ], [ -0.4601657, 6.5256602 ], [ -0.5007451, 6.5941526 ], [ -0.4145628, 6.6220612 ], [ -0.3344355, 6.5957956 ], [ -0.3347267, 6.6647567 ], [ -0.2554559, 6.6641105 ], [ -0.1779155, 6.5549813 ] ] ] ] } },
{ "type": "Feature", "properties": { "POLYGON_ID": "GHA_GAUL1990_ADM2_16609", "ADM0_ISO3": "GHA", "ADM0_NAME": "Ghana", "ADM0_CODE": 94, "ADM1_NAME": "Eastern", "ADM1_CODE": 1327, "ADM2_NAME": "Asuogyaman", "ADM2_CODE": 16609, "GEOSET": "GAUL", "GEOSET_YEAR": 1990.0, "GEOSET_VERSION": "GAUL_v1", "GEOSET_UNIT": "ADM2", "CENTROID_LONG": 0.090654702279370433, "CENTROID_LAT": 6.3888420254662988 }, "geometry": { "type": "MultiPolygon", "coordinates": [ [ [ [ 0.2092599, 6.398561 ], [ 0.1740655, 6.3274754 ], [ 0.1274837, 6.2524998 ], [ 0.0976718, 6.1451065 ], [ 0.0294604, 6.2106063 ], [ 0.0108618, 6.2924446 ], [ -0.0173477, 6.3293479 ], [ -0.0045881, 6.3990255 ], [ 0.0019094, 6.5334547 ], [ 0.1041538, 6.5642264 ], [ 0.1942869, 6.5612566 ], [ 0.1775723, 6.5086037 ], [ 0.2092599, 6.398561 ] ] ] ] } },
{ "type": "Feature", "properties": { "POLYGON_ID": "GHA_GAUL1990_ADM2_16664", "ADM0_ISO3": "GHA", "ADM0_NAME": "Ghana", "ADM0_CODE": 94, "ADM1_NAME": "Western", "ADM1_CODE": 1333, "ADM2_NAME": "Sefwi Bibiani-Anhwiaso Bekwai", "ADM2_CODE": 16664, "GEOSET": "GAUL", "GEOSET_YEAR": 1990.0, "GEOSET_VERSION": "GAUL_v1", "GEOSET_UNIT": "ADM2", "CENTROID_LONG": -2.2681583033658361, "CENTROID_LAT": 6.2896939860856103 }, "geometry": { "type": "MultiPolygon", "coordinates": [ [ [ [ -2.1729118, 6.362224 ], [ -2.0744839, 6.2918104 ], [ -2.2061515, 6.1952984 ], [ -2.1892269, 6.1445027 ], [ -2.2308186, 6.1471748 ], [ -2.2836892, 6.0995547 ], [ -2.3623471, 6.0978583 ], [ -2.3370317, 6.1635128 ], [ -2.3836083, 6.2098767 ], [ -2.348057, 6.2526253 ], [ -2.4026951, 6.306835 ], [ -2.3997781, 6.3390299 ], [ -2.3513541, 6.3924822 ], [ -2.3355272, 6.4883239 ], [ -2.2598167, 6.4875914 ], [ -2.2297516, 6.4447344 ], [ -2.2168862, 6.3419863 ], [ -2.1729118, 6.362224 ] ] ] ] } },
{ "type": "Feature", "properties": { "POLYGON_ID": "GHA_GAUL1990_ADM2_16570", "ADM0_ISO3": "GHA", "ADM0_NAME": "Ghana", "ADM0_CODE": 94, "ADM1_NAME": "Ashanti", "ADM1_CODE": 1324, "ADM2_NAME": "Amansie West", "ADM2_CODE": 16570, "GEOSET": "GAUL", "GEOSET_YEAR": 1990.0, "GEOSET_VERSION": "GAUL_v1", "GEOSET_UNIT": "ADM2", "CENTROID_LONG": -1.9258458228055797, "CENTROID_LAT": 6.3836698765408357 }, "geometry": { "type": "MultiPolygon", "coordinates": [ [ [ [ -1.8018112, 6.571334 ], [ -1.7803453, 6.51139 ], [ -1.714362, 6.5550051 ], [ -1.6515387, 6.5432193 ], [ -1.7307321, 6.486724 ], [ -1.7937999, 6.3261253 ], [ -1.8322473, 6.3356272 ], [ -1.8949753, 6.3122155 ], [ -1.9084267, 6.2528276 ], [ -1.9001022, 6.1864004 ], [ -1.9420883, 6.1550823 ], [ -1.9756825, 6.0891104 ], [ -2.024226, 6.1310767 ], [ -2.0392944, 6.1922919 ], [ -2.010583, 6.2793646 ], [ -2.0744839, 6.2918104 ], [ -2.1729118, 6.362224 ], [ -2.1405872, 6.4116367 ], [ -2.0489708, 6.3947878 ], [ -1.9599576, 6.5652632 ], [ -1.8953239, 6.5847526 ], [ -1.8018112, 6.571334 ] ] ] ] } },
{ "type": "Feature", "properties": { "POLYGON_ID": "GHA_GAUL1990_ADM2_16601", "ADM0_ISO3": "GHA", "ADM0_NAME": "Ghana", "ADM0_CODE": 94, "ADM1_NAME": "Central", "ADM1_CODE": 1326, "ADM2_NAME": "Cape Coast Metro", "ADM2_CODE": 16601, "GEOSET": "GAUL", "GEOSET_YEAR": 1990.0, "GEOSET_VERSION": "GAUL_v1", "GEOSET_UNIT": "ADM2", "CENTROID_LONG": -1.2961525809245311, "CENTROID_LAT": 5.1705384712041109 }, "geometry": { "type": "MultiPolygon", "coordinates": [ [ [ [ -1.2126068, 5.1191378 ], [ -1.3169452, 5.0979589 ], [ -1.2969982, 5.1330653 ], [ -1.3621846, 5.2129788 ], [ -1.2948165, 5.2519001 ], [ -1.2735408, 5.1579293 ], [ -1.2126068, 5.1191378 ] ] ] ] } },
{ "type": "Feature", "properties": { "POLYGON_ID": "GHA_GAUL1990_ADM2_16602", "ADM0_ISO3": "GHA", "ADM0_NAME": "Ghana", "ADM0_CODE": 94, "ADM1_NAME": "Central", "ADM1_CODE": 1326, "ADM2_NAME": "Komenda Edna Eguafo \/ Abirem", "ADM2_CODE": 16602, "GEOSET": "GAUL", "GEOSET_YEAR": 1990.0, "GEOSET_VERSION": "GAUL_v1", "GEOSET_UNIT": "ADM2", "CENTROID_LONG": -1.4508775555954014, "CENTROID_LAT": 5.1287675237410788 }, "geometry": { "type": "MultiPolygon", "coordinates": [ [ [ [ -1.3621846, 5.2129788 ], [ -1.2969982, 5.1330653 ], [ -1.3169452, 5.0979589 ], [ -1.3484251, 5.0819436 ], [ -1.504644, 5.043598 ], [ -1.5801385, 5.0338438 ], [ -1.5816913, 5.1521653 ], [ -1.5281295, 5.1671468 ], [ -1.5101438, 5.205512 ], [ -1.4476524, 5.2195026 ], [ -1.3621846, 5.2129788 ] ] ] ] } },
{ "type": "Feature", "properties": { "POLYGON_ID": "GHA_GAUL1990_ADM2_16632", "ADM0_ISO3": "GHA", "ADM0_NAME": "Ghana", "ADM0_CODE": 94, "ADM1_NAME": "Northern", "ADM1_CODE": 1329, "ADM2_NAME": "Savelugu Nanton", "ADM2_CODE": 16632, "GEOSET": "GAUL", "GEOSET_YEAR": 1990.0, "GEOSET_VERSION": "GAUL_v1", "GEOSET_UNIT": "ADM2", "CENTROID_LONG": -0.79948915188630443, "CENTROID_LAT": 9.7907483679229461 }, "geometry": { "type": "MultiPolygon", "coordinates": [ [ [ [ -0.6669946, 10.1773114 ], [ -0.6498121, 10.1105144 ], [ -0.7064439, 10.0385743 ], [ -0.7093242, 10.0003662 ], [ -0.7491906, 9.9683288 ], [ -0.7981911, 9.8652758 ], [ -0.738986, 9.8514562 ], [ -0.6937425, 9.8174996 ], [ -0.7035397, 9.7600412 ], [ -0.6891266, 9.7003889 ], [ -0.6612908, 9.6865803 ], [ -0.5925888, 9.5812354 ], [ -0.6126776, 9.5252844 ], [ -0.5759639, 9.412794 ], [ -0.672584, 9.4763332 ], [ -0.7110941, 9.46207 ], [ -0.7511035, 9.4847359 ], [ -0.8210723, 9.4759222 ], [ -0.8150078, 9.5417817 ], [ -0.8844136, 9.5650985 ], [ -0.9316029, 9.6588891 ], [ -0.9891944, 9.6910909 ], [ -0.9449104, 9.7565821 ], [ -0.9786247, 9.8504965 ], [ -1.0238029, 9.87465 ], [ -0.9812043, 9.9421105 ], [ -0.9640569, 9.9866065 ], [ -0.9217982, 9.9979041 ], [ -0.8495084, 10.1121856 ], [ -0.78881, 10.1497423 ], [ -0.6669946, 10.1773114 ] ] ] ] } },
{ "type": "Feature", "properties": { "POLYGON_ID": "GHA_GAUL1990_ADM2_16572", "ADM0_ISO3": "GHA", "ADM0_NAME": "Ghana", "ADM0_CODE": 94, "ADM1_NAME": "Ashanti", "ADM1_CODE": 1324, "ADM2_NAME": "Asante Akim South", "ADM2_CODE": 16572, "GEOSET": "GAUL", "GEOSET_YEAR": 1990.0, "GEOSET_VERSION": "GAUL_v1", "GEOSET_UNIT": "ADM2", "CENTROID_LONG": -1.1148241810824808, "CENTROID_LAT": 6.4801551198021219 }, "geometry": { "type": "MultiPolygon", "coordinates": [ [ [ [ -0.9727735, 6.6429678 ], [ -0.9238538, 6.6382177 ], [ -0.9139492, 6.5900388 ], [ -0.9664551, 6.5372826 ], [ -1.0007519, 6.4973765 ], [ -1.0130879, 6.4110934 ], [ -1.1140102, 6.3509128 ], [ -1.1324014, 6.3122588 ], [ -1.1228636, 6.2082736 ], [ -1.1924452, 6.1965487 ], [ -1.1980546, 6.196939 ], [ -1.2343196, 6.2790578 ], [ -1.2970867, 6.3674408 ], [ -1.293441, 6.4047211 ], [ -1.2353377, 6.4387522 ], [ -1.2020686, 6.4873276 ], [ -1.2272246, 6.5212262 ], [ -1.2196246, 6.5679369 ], [ -1.165165, 6.5863096 ], [ -1.1748283, 6.62814 ], [ -1.1347485, 6.6528912 ], [ -1.1059433, 6.7126523 ], [ -1.0254698, 6.7206819 ], [ -0.9727735, 6.6429678 ] ] ] ] } },
{ "type": "Feature", "properties": { "POLYGON_ID": "GHA_GAUL1990_ADM2_16567", "ADM0_ISO3": "GHA", "ADM0_NAME": "Ghana", "ADM0_CODE": 94, "ADM1_NAME": "Ashanti", "ADM1_CODE": 1324, "ADM2_NAME": "Ahafo Ano North", "ADM2_CODE": 16567, "GEOSET": "GAUL", "GEOSET_YEAR": 1990.0, "GEOSET_VERSION": "GAUL_v1", "GEOSET_UNIT": "ADM2", "CENTROID_LONG": -2.2136399066851764, "CENTROID_LAT": 6.9042644577621211 }, "geometry": { "type": "MultiPolygon", "coordinates": [ [ [ [ -2.0815356, 7.0249996 ], [ -2.0487436, 6.9570334 ], [ -2.1032928, 6.9304159 ], [ -2.1399642, 6.8843364 ], [ -2.1241605, 6.8359262 ], [ -2.1786758, 6.8248758 ], [ -2.1811159, 6.7875916 ], [ -2.2646782, 6.7754878 ], [ -2.3348517, 6.8013389 ], [ -2.3765826, 6.8833531 ], [ -2.297016, 6.938276 ], [ -2.2271608, 7.0048798 ], [ -2.1425596, 7.0373587 ], [ -2.0815356, 7.0249996 ] ] ] ] } },
{ "type": "Feature", "properties": { "POLYGON_ID": "GHA_GAUL1990_ADM2_16576", "ADM0_ISO3": "GHA", "ADM0_NAME": "Ghana", "ADM0_CODE": 94, "ADM1_NAME": "Ashanti", "ADM1_CODE": 1324, "ADM2_NAME": "Ejisu Juaben", "ADM2_CODE": 16576, "GEOSET": "GAUL", "GEOSET_YEAR": 1990.0, "GEOSET_VERSION": "GAUL_v1", "GEOSET_UNIT": "ADM2", "CENTROID_LONG": -1.3982637579465638, "CENTROID_LAT": 6.6786648543175859 }, "geometry": { "type": "MultiPolygon", "coordinates": [ [ [ [ -1.2678741, 6.6582378 ], [ -1.2985422, 6.4300447 ], [ -1.3705022, 6.4719907 ], [ -1.3130337, 6.5241832 ], [ -1.3649245, 6.6257262 ], [ -1.4233276, 6.6065158 ], [ -1.4852103, 6.6120886 ], [ -1.5163231, 6.6412162 ], [ -1.5049465, 6.6614724 ], [ -1.555838, 6.7254039 ], [ -1.494145, 6.7715534 ], [ -1.4663452, 6.8450114 ], [ -1.4403566, 6.8696219 ], [ -1.3497806, 6.791472 ], [ -1.3535633, 6.7245795 ], [ -1.2678741, 6.6582378 ] ] ] ] } }
]
}
