{
"type": "FeatureCollection",
"name": "HND_GAUL2000_ADM2",
"crs": { "type": "name", "properties": { "name": "urn:ogc:def:crs:OGC:1.3:CRS84" } },
"features": [
{ "type": "Feature", "properties": { "POLYGON_ID": "HND_GAUL2000_ADM2_17210", "ADM0_ISO3": "HND", "ADM0_NAME": "Honduras", "ADM0_CODE": 111, "ADM1_NAME": "Atlantida", "ADM1_CODE": 1420, "ADM2_NAME": "El Porvenir", "ADM2_CODE": 17210, "GEOSET": "GAUL", "GEOSET_YEAR": 2000.0, "GEOSET_VERSION": "GAUL_v1", "GEOSET_UNIT": "ADM2", "CENTROID_LONG": -86.959905493177899, "CENTROID_LAT": 15.667462123072879 }, "geometry": { "type": "MultiPolygon", "coordinates": [ [ [ [ -86.923177, 15.755999 ], [ -86.8834381, 15.6836014 ], [ -86.8871155, 15.6293917 ], [ -86.9136429, 15.5956326 ], [ -86.8998108, 15.5595007 ], [ -87.0152893, 15.544693 ], [ -86.9898605, 15.5859156 ], [ -87.0022888, 15.6276617 ], [ -86.9945831, 15.6964273 ], [ -87.0344849, 15.6899061 ], [ -87.0533361, 15.7768211 ], [ -86.923177, 15.755999 ] ] ] ] } },
{ "type": "Feature", "properties": { "POLYGON_ID": "HND_GAUL2000_ADM2_17211", "ADM0_ISO3": "HND", "ADM0_NAME": "Honduras", "ADM0_CODE": 111, "ADM1_NAME": "Atlantida", "ADM1_CODE": 1420, "ADM2_NAME": "Esparta", "ADM2_CODE": 17211, "GEOSET": "GAUL", "GEOSET_YEAR": 2000.0, "GEOSET_VERSION": "GAUL_v1", "GEOSET_UNIT": "ADM2", "CENTROID_LONG": -87.261790112436088, "CENTROID_LAT": 15.659063835681 }, "geometry": { "type": "MultiPolygon", "coordinates": [ [ [ [ -87.1605497, 15.7924708 ], [ -87.1617661, 15.714201 ], [ -87.1895294, 15.6642895 ], [ -87.2496643, 15.6354866 ], [ -87.2378006, 15.6061745 ], [ -87.2542419, 15.4164219 ], [ -87.3198318, 15.43925 ], [ -87.3062592, 15.591608 ], [ -87.3492126, 15.6364403 ], [ -87.3005295, 15.7466431 ], [ -87.3371124, 15.817956 ], [ -87.3208641, 15.8313084 ], [ -87.1605497, 15.7924708 ] ] ] ] } },
{ "type": "Feature", "properties": { "POLYGON_ID": "HND_GAUL2000_ADM2_17212", "ADM0_ISO3": "HND", "ADM0_NAME": "Honduras", "ADM0_CODE": 111, "ADM1_NAME": "Atlantida", "ADM1_CODE": 1420, "ADM2_NAME": "La Ceiba", "ADM2_CODE": 17212, "GEOSET": "GAUL", "GEOSET_YEAR": 2000.0, "GEOSET_VERSION": "GAUL_v1", "GEOSET_UNIT": "ADM2", "CENTROID_LONG": -86.774186695042715, "CENTROID_LAT": 15.67430495531419 }, "geometry": { "type": "MultiPolygon", "coordinates": [ [ [ [ -86.6267995, 15.7962853 ], [ -86.6551819, 15.7210932 ], [ -86.6380844, 15.6398106 ], [ -86.6696243, 15.5985394 ], [ -86.795929, 15.5406971 ], [ -86.8998108, 15.5595007 ], [ -86.9136429, 15.5956326 ], [ -86.8871155, 15.6293917 ], [ -86.8834381, 15.6836014 ], [ -86.923177, 15.755999 ], [ -86.8339297, 15.7667725 ], [ -86.7775454, 15.7996094 ], [ -86.7048925, 15.7869299 ], [ -86.6267995, 15.7962853 ] ] ] ] } },
{ "type": "Feature", "properties": { "POLYGON_ID": "HND_GAUL2000_ADM2_17213", "ADM0_ISO3": "HND", "ADM0_NAME": "Honduras", "ADM0_CODE": 111, "ADM1_NAME": "Atlantida", "ADM1_CODE": 1420, "ADM2_NAME": "La Masica", "ADM2_CODE": 17213, "GEOSET": "GAUL", "GEOSET_YEAR": 2000.0, "GEOSET_VERSION": "GAUL_v1", "GEOSET_UNIT": "ADM2", "CENTROID_LONG": -87.167330534951347, "CENTROID_LAT": 15.575152434051052 }, "geometry": { "type": "MultiPolygon", "coordinates": [ [ [ [ -87.0999275, 15.7871162 ], [ -87.1379471, 15.6860714 ], [ -87.1100235, 15.6636925 ], [ -87.1018448, 15.5902042 ], [ -87.0755615, 15.5042572 ], [ -87.084404, 15.4796476 ], [ -87.1978683, 15.4335899 ], [ -87.2542419, 15.4164219 ], [ -87.2378006, 15.6061745 ], [ -87.2496643, 15.6354866 ], [ -87.1895294, 15.6642895 ], [ -87.1617661, 15.714201 ], [ -87.1605497, 15.7924708 ], [ -87.0999275, 15.7871162 ] ] ] ] } },
{ "type": "Feature", "properties": { "POLYGON_ID": "HND_GAUL2000_ADM2_17214", "ADM0_ISO3": "HND", "ADM0_NAME": "Honduras", "ADM0_CODE": 111, "ADM1_NAME": "Atlantida", "ADM1_CODE": 1420, "ADM2_NAME": "San Francisco", "ADM2_CODE": 17214, "GEOSET": "GAUL", "GEOSET_YEAR": 2000.0, "GEOSET_VERSION": "GAUL_v1", "GEOSET_UNIT": "ADM2", "CENTROID_LONG": -87.061684722001118, "CENTROID_LAT": 15.647987908328915 }, "geometry": { "type": "MultiPolygon", "coordinates": [ [ [ [ -87.0533361, 15.7768211 ], [ -87.0344849, 15.6899061 ], [ -86.9945831, 15.6964273 ], [ -87.0022888, 15.6276617 ], [ -86.9898605, 15.5859156 ], [ -87.0152893, 15.544693 ], [ -87.0755615, 15.5042572 ], [ -87.1018448, 15.5902042 ], [ -87.1100235, 15.6636925 ], [ -87.1379471, 15.6860714 ], [ -87.0999275, 15.7871162 ], [ -87.0533361, 15.7768211 ] ] ] ] } },
{ "type": "Feature", "properties": { "POLYGON_ID": "HND_GAUL2000_ADM2_17215", "ADM0_ISO3": "HND", "ADM0_NAME": "Honduras", "ADM0_CODE": 111, "ADM1_NAME": "Atlantida", "ADM1_CODE": 1420, "ADM2_NAME": "Tela", "ADM2_CODE": 17215, "GEOSET": "GAUL", "GEOSET_YEAR": 2000.0, "GEOSET_VERSION": "GAUL_v1", "GEOSET_UNIT": "ADM2", "CENTROID_LONG": -87.599375726599717, "CENTROID_LAT": 15.699039002714672 }, "geometry": { "type": "MultiPolygon", "coordinates": [ [ [ [ -87.3863821, 15.828568 ], [ -87.3844147, 15.7879705 ], [ -87.4398727, 15.7281895 ], [ -87.4024124, 15.6632156 ], [ -87.4392548, 15.5660162 ], [ -87.4756775, 15.5405216 ], [ -87.5266647, 15.5125942 ], [ -87.6283417, 15.5039768 ], [ -87.6875763, 15.5717659 ], [ -87.6921234, 15.6439724 ], [ -87.7346191, 15.6751699 ], [ -87.783226, 15.7187166 ], [ -87.7734604, 15.7568321 ], [ -87.804245, 15.80513 ], [ -87.7810135, 15.8568859 ], [ -87.7388309, 15.8972271 ], [ -87.7388774, 15.8984174 ], [ -87.7388787, 15.8984503 ], [ -87.7388981, 15.898946 ], [ -87.7393126, 15.9095562 ], [ -87.71501, 15.9192199 ], [ -87.59927, 15.8552999 ], [ -87.63627, 15.7725 ], [ -87.5452801, 15.7707999 ], [ -87.4458099, 15.78829 ], [ -87.3863821, 15.828568 ] ] ] ] } },
{ "type": "Feature", "properties": { "POLYGON_ID": "HND_GAUL2000_ADM2_17216", "ADM0_ISO3": "HND", "ADM0_NAME": "Honduras", "ADM0_CODE": 111, "ADM1_NAME": "Choluteca", "ADM1_CODE": 1421, "ADM2_NAME": "Apacilagua", "ADM2_CODE": 17216, "GEOSET": "GAUL", "GEOSET_YEAR": 2000.0, "GEOSET_VERSION": "GAUL_v1", "GEOSET_UNIT": "ADM2", "CENTROID_LONG": -87.02146740272471, "CENTROID_LAT": 13.451701749757865 }, "geometry": { "type": "MultiPolygon", "coordinates": [ [ [ [ -86.9377441, 13.4766045 ], [ -86.9263153, 13.4621601 ], [ -86.9694138, 13.3866062 ], [ -87.0332642, 13.3891783 ], [ -87.1105881, 13.4023829 ], [ -87.0833206, 13.4976215 ], [ -87.0147171, 13.5398664 ], [ -86.967659, 13.4855118 ], [ -86.9377441, 13.4766045 ] ] ] ] } },
{ "type": "Feature", "properties": { "POLYGON_ID": "HND_GAUL2000_ADM2_17217", "ADM0_ISO3": "HND", "ADM0_NAME": "Honduras", "ADM0_CODE": 111, "ADM1_NAME": "Choluteca", "ADM1_CODE": 1421, "ADM2_NAME": "Choluteca", "ADM2_CODE": 17217, "GEOSET": "GAUL", "GEOSET_YEAR": 2000.0, "GEOSET_VERSION": "GAUL_v1", "GEOSET_UNIT": "ADM2", "CENTROID_LONG": -87.230264343795824, "CENTROID_LAT": 13.254200410761632 }, "geometry": { "type": "MultiPolygon", "coordinates": [ [ [ [ -87.2186432, 13.5027113 ], [ -87.1312408, 13.4612207 ], [ -87.1105881, 13.4023829 ], [ -87.0332642, 13.3891783 ], [ -87.0594254, 13.3626337 ], [ -87.1211929, 13.3327103 ], [ -87.133728, 13.2975731 ], [ -87.1098404, 13.256031 ], [ -87.1457367, 13.245718 ], [ -87.2122192, 13.1475267 ], [ -87.1533585, 13.1039162 ], [ -87.131485, 13.0331211 ], [ -87.1066741, 12.998268 ], [ -87.3108146, 12.9827227 ], [ -87.368346, 13.0815392 ], [ -87.3415074, 13.0949918 ], [ -87.3091278, 13.1165876 ], [ -87.339241, 13.1954765 ], [ -87.3069992, 13.2160997 ], [ -87.2581177, 13.330637 ], [ -87.3733664, 13.3910429 ], [ -87.3735123, 13.391105 ], [ -87.3745592, 13.3915507 ], [ -87.3747597, 13.3930442 ], [ -87.3718004, 13.3943594 ], [ -87.3694711, 13.3953946 ], [ -87.3416443, 13.4414358 ], [ -87.3671951, 13.4777899 ], [ -87.3614349, 13.5187874 ], [ -87.2948761, 13.4818916 ], [ -87.2186432, 13.5027113 ] ] ] ] } },
{ "type": "Feature", "properties": { "POLYGON_ID": "HND_GAUL2000_ADM2_17218", "ADM0_ISO3": "HND", "ADM0_NAME": "Honduras", "ADM0_CODE": 111, "ADM1_NAME": "Choluteca", "ADM1_CODE": 1421, "ADM2_NAME": "Concepcion De Maria", "ADM2_CODE": 17218, "GEOSET": "GAUL", "GEOSET_YEAR": 2000.0, "GEOSET_VERSION": "GAUL_v1", "GEOSET_UNIT": "ADM2", "CENTROID_LONG": -86.962728398830905, "CENTROID_LAT": 13.209271710768874 }, "geometry": { "type": "MultiPolygon", "coordinates": [ [ [ [ -86.9159241, 13.287055 ], [ -86.8935017, 13.2658971 ], [ -86.9109902, 13.2223325 ], [ -86.912068, 13.2206754 ], [ -86.9183328, 13.1455294 ], [ -86.9294278, 13.1264453 ], [ -87.0418091, 13.1830082 ], [ -87.0268173, 13.240468 ], [ -86.9159241, 13.287055 ] ] ] ] } },
{ "type": "Feature", "properties": { "POLYGON_ID": "HND_GAUL2000_ADM2_17219", "ADM0_ISO3": "HND", "ADM0_NAME": "Honduras", "ADM0_CODE": 111, "ADM1_NAME": "Choluteca", "ADM1_CODE": 1421, "ADM2_NAME": "Duyure", "ADM2_CODE": 17219, "GEOSET": "GAUL", "GEOSET_YEAR": 2000.0, "GEOSET_VERSION": "GAUL_v1", "GEOSET_UNIT": "ADM2", "CENTROID_LONG": -86.800762002550286, "CENTROID_LAT": 13.628782452382561 }, "geometry": { "type": "MultiPolygon", "coordinates": [ [ [ [ -86.7707801, 13.693353 ], [ -86.7622304, 13.6452376 ], [ -86.7507054, 13.5617981 ], [ -86.7886734, 13.5555229 ], [ -86.8301468, 13.6180239 ], [ -86.8848648, 13.6420984 ], [ -86.8414001, 13.6721487 ], [ -86.7707801, 13.693353 ] ] ] ] } },
{ "type": "Feature", "properties": { "POLYGON_ID": "HND_GAUL2000_ADM2_17220", "ADM0_ISO3": "HND", "ADM0_NAME": "Honduras", "ADM0_CODE": 111, "ADM1_NAME": "Choluteca", "ADM1_CODE": 1421, "ADM2_NAME": "El Corpus", "ADM2_CODE": 17220, "GEOSET": "GAUL", "GEOSET_YEAR": 2000.0, "GEOSET_VERSION": "GAUL_v1", "GEOSET_UNIT": "ADM2", "CENTROID_LONG": -87.013774644766372, "CENTROID_LAT": 13.298534949398432 }, "geometry": { "type": "MultiPolygon", "coordinates": [ [ [ [ -86.9694138, 13.3866062 ], [ -86.9159241, 13.287055 ], [ -87.0268173, 13.240468 ], [ -87.0418091, 13.1830082 ], [ -87.0728073, 13.169364 ], [ -87.0816727, 13.2362595 ], [ -87.0594254, 13.3626337 ], [ -87.0332642, 13.3891783 ], [ -86.9694138, 13.3866062 ] ] ] ] } },
{ "type": "Feature", "properties": { "POLYGON_ID": "HND_GAUL2000_ADM2_17221", "ADM0_ISO3": "HND", "ADM0_NAME": "Honduras", "ADM0_CODE": 111, "ADM1_NAME": "Choluteca", "ADM1_CODE": 1421, "ADM2_NAME": "El Triunfo", "ADM2_CODE": 17221, "GEOSET": "GAUL", "GEOSET_YEAR": 2000.0, "GEOSET_VERSION": "GAUL_v1", "GEOSET_UNIT": "ADM2", "CENTROID_LONG": -87.023373397157272, "CENTROID_LAT": 13.08389098848993 }, "geometry": { "type": "MultiPolygon", "coordinates": [ [ [ [ -86.9294278, 13.1264453 ], [ -86.91795, 13.09229 ], [ -86.98226, 13.01507 ], [ -87.1066741, 12.998268 ], [ -87.131485, 13.0331211 ], [ -87.0900345, 13.0673161 ], [ -87.0728073, 13.169364 ], [ -87.0418091, 13.1830082 ], [ -86.9294278, 13.1264453 ] ] ] ] } },
{ "type": "Feature", "properties": { "POLYGON_ID": "HND_GAUL2000_ADM2_17222", "ADM0_ISO3": "HND", "ADM0_NAME": "Honduras", "ADM0_CODE": 111, "ADM1_NAME": "Choluteca", "ADM1_CODE": 1421, "ADM2_NAME": "Marcovia", "ADM2_CODE": 17222, "GEOSET": "GAUL", "GEOSET_YEAR": 2000.0, "GEOSET_VERSION": "GAUL_v1", "GEOSET_UNIT": "ADM2", "CENTROID_LONG": -87.374930485857149, "CENTROID_LAT": 13.252242698892763 }, "geometry": { "type": "MultiPolygon", "coordinates": [ [ [ [ -87.3733664, 13.3910429 ], [ -87.2581177, 13.330637 ], [ -87.3069992, 13.2160997 ], [ -87.339241, 13.1954765 ], [ -87.3091278, 13.1165876 ], [ -87.3415074, 13.0949918 ], [ -87.4283721, 13.1145037 ], [ -87.4319323, 13.1629219 ], [ -87.473569, 13.2530593 ], [ -87.4554697, 13.3559299 ], [ -87.4072998, 13.3689124 ], [ -87.4061426, 13.3687372 ], [ -87.3733664, 13.3910429 ] ] ] ] } },
{ "type": "Feature", "properties": { "POLYGON_ID": "HND_GAUL2000_ADM2_17223", "ADM0_ISO3": "HND", "ADM0_NAME": "Honduras", "ADM0_CODE": 111, "ADM1_NAME": "Choluteca", "ADM1_CODE": 1421, "ADM2_NAME": "Morolica", "ADM2_CODE": 17223, "GEOSET": "GAUL", "GEOSET_YEAR": 2000.0, "GEOSET_VERSION": "GAUL_v1", "GEOSET_UNIT": "ADM2", "CENTROID_LONG": -86.904397533905268, "CENTROID_LAT": 13.557465011024016 }, "geometry": { "type": "MultiPolygon", "coordinates": [ [ [ [ -86.8901443, 13.6497984 ], [ -86.8848648, 13.6420984 ], [ -86.8301468, 13.6180239 ], [ -86.7886734, 13.5555229 ], [ -86.8878174, 13.4845352 ], [ -86.9377441, 13.4766045 ], [ -86.967659, 13.4855118 ], [ -87.0147171, 13.5398664 ], [ -87.0033493, 13.5706854 ], [ -86.8901443, 13.6497984 ] ] ] ] } },
{ "type": "Feature", "properties": { "POLYGON_ID": "HND_GAUL2000_ADM2_17224", "ADM0_ISO3": "HND", "ADM0_NAME": "Honduras", "ADM0_CODE": 111, "ADM1_NAME": "Choluteca", "ADM1_CODE": 1421, "ADM2_NAME": "Namasigue", "ADM2_CODE": 17224, "GEOSET": "GAUL", "GEOSET_YEAR": 2000.0, "GEOSET_VERSION": "GAUL_v1", "GEOSET_UNIT": "ADM2", "CENTROID_LONG": -87.128557853819188, "CENTROID_LAT": 13.155776025697737 }, "geometry": { "type": "MultiPolygon", "coordinates": [ [ [ [ -87.0816727, 13.2362595 ], [ -87.0728073, 13.169364 ], [ -87.0900345, 13.0673161 ], [ -87.131485, 13.0331211 ], [ -87.1533585, 13.1039162 ], [ -87.2122192, 13.1475267 ], [ -87.1457367, 13.245718 ], [ -87.1098404, 13.256031 ], [ -87.0816727, 13.2362595 ] ] ] ] } },
{ "type": "Feature", "properties": { "POLYGON_ID": "HND_GAUL2000_ADM2_17225", "ADM0_ISO3": "HND", "ADM0_NAME": "Honduras", "ADM0_CODE": 111, "ADM1_NAME": "Choluteca", "ADM1_CODE": 1421, "ADM2_NAME": "Orocuina", "ADM2_CODE": 17225, "GEOSET": "GAUL", "GEOSET_YEAR": 2000.0, "GEOSET_VERSION": "GAUL_v1", "GEOSET_UNIT": "ADM2", "CENTROID_LONG": -87.141702215905553, "CENTROID_LAT": 13.502591065930014 }, "geometry": { "type": "MultiPolygon", "coordinates": [ [ [ [ -87.1852188, 13.5591164 ], [ -87.1101227, 13.5495625 ], [ -87.0833206, 13.4976215 ], [ -87.1105881, 13.4023829 ], [ -87.1312408, 13.4612207 ], [ -87.2186432, 13.5027113 ], [ -87.1852188, 13.5591164 ] ] ] ] } },
{ "type": "Feature", "properties": { "POLYGON_ID": "HND_GAUL2000_ADM2_17226", "ADM0_ISO3": "HND", "ADM0_NAME": "Honduras", "ADM0_CODE": 111, "ADM1_NAME": "Choluteca", "ADM1_CODE": 1421, "ADM2_NAME": "Pespire", "ADM2_CODE": 17226, "GEOSET": "GAUL", "GEOSET_YEAR": 2000.0, "GEOSET_VERSION": "GAUL_v1", "GEOSET_UNIT": "ADM2", "CENTROID_LONG": -87.317826694697445, "CENTROID_LAT": 13.574521858801413 }, "geometry": { "type": "MultiPolygon", "coordinates": [ [ [ [ -87.3629837, 13.6790743 ], [ -87.3781586, 13.6388187 ], [ -87.350975, 13.607379 ], [ -87.3103409, 13.6242275 ], [ -87.2251739, 13.6123047 ], [ -87.1852188, 13.5591164 ], [ -87.2186432, 13.5027113 ], [ -87.2948761, 13.4818916 ], [ -87.3614349, 13.5187874 ], [ -87.3656082, 13.5224056 ], [ -87.3963699, 13.5369911 ], [ -87.4299393, 13.5926456 ], [ -87.4141922, 13.6361513 ], [ -87.4615479, 13.672061 ], [ -87.3641281, 13.6901636 ], [ -87.3629837, 13.6790743 ] ] ] ] } },
{ "type": "Feature", "properties": { "POLYGON_ID": "HND_GAUL2000_ADM2_17227", "ADM0_ISO3": "HND", "ADM0_NAME": "Honduras", "ADM0_CODE": 111, "ADM1_NAME": "Choluteca", "ADM1_CODE": 1421, "ADM2_NAME": "San Antonio De Flores", "ADM2_CODE": 17227, "GEOSET": "GAUL", "GEOSET_YEAR": 2000.0, "GEOSET_VERSION": "GAUL_v1", "GEOSET_UNIT": "ADM2", "CENTROID_LONG": -87.339303710250746, "CENTROID_LAT": 13.64695359795736 }, "geometry": { "type": "MultiPolygon", "coordinates": [ [ [ [ -87.3014297, 13.6750298 ], [ -87.3103409, 13.6242275 ], [ -87.350975, 13.607379 ], [ -87.3781586, 13.6388187 ], [ -87.3629837, 13.6790743 ], [ -87.3014297, 13.6750298 ] ] ] ] } },
{ "type": "Feature", "properties": { "POLYGON_ID": "HND_GAUL2000_ADM2_17228", "ADM0_ISO3": "HND", "ADM0_NAME": "Honduras", "ADM0_CODE": 111, "ADM1_NAME": "Choluteca", "ADM1_CODE": 1421, "ADM2_NAME": "San Isidro", "ADM2_CODE": 17228, "GEOSET": "GAUL", "GEOSET_YEAR": 2000.0, "GEOSET_VERSION": "GAUL_v1", "GEOSET_UNIT": "ADM2", "CENTROID_LONG": -87.261911542583675, "CENTROID_LAT": 13.646671358536711 }, "geometry": { "type": "MultiPolygon", "coordinates": [ [ [ [ -87.2502823, 13.6791801 ], [ -87.2135925, 13.6626787 ], [ -87.2251739, 13.6123047 ], [ -87.3103409, 13.6242275 ], [ -87.3014297, 13.6750298 ], [ -87.2665482, 13.6786737 ], [ -87.2502823, 13.6791801 ] ] ] ] } },
{ "type": "Feature", "properties": { "POLYGON_ID": "HND_GAUL2000_ADM2_17229", "ADM0_ISO3": "HND", "ADM0_NAME": "Honduras", "ADM0_CODE": 111, "ADM1_NAME": "Choluteca", "ADM1_CODE": 1421, "ADM2_NAME": "San Jose", "ADM2_CODE": 17229, "GEOSET": "GAUL", "GEOSET_YEAR": 2000.0, "GEOSET_VERSION": "GAUL_v1", "GEOSET_UNIT": "ADM2", "CENTROID_LONG": -87.423885130278521, "CENTROID_LAT": 13.715960236906918 }, "geometry": { "type": "MultiPolygon", "coordinates": [ [ [ [ -87.4174576, 13.757309 ], [ -87.3831863, 13.7548819 ], [ -87.3975296, 13.7169685 ], [ -87.3641281, 13.6901636 ], [ -87.4615479, 13.672061 ], [ -87.4616699, 13.7075644 ], [ -87.4593811, 13.7534866 ], [ -87.4174576, 13.757309 ] ] ] ] } },
{ "type": "Feature", "properties": { "POLYGON_ID": "HND_GAUL2000_ADM2_17230", "ADM0_ISO3": "HND", "ADM0_NAME": "Honduras", "ADM0_CODE": 111, "ADM1_NAME": "Choluteca", "ADM1_CODE": 1421, "ADM2_NAME": "San Marcos De Colon", "ADM2_CODE": 17230, "GEOSET": "GAUL", "GEOSET_YEAR": 2000.0, "GEOSET_VERSION": "GAUL_v1", "GEOSET_UNIT": "ADM2", "CENTROID_LONG": -86.826422758308723, "CENTROID_LAT": 13.399799185453862 }, "geometry": { "type": "MultiPolygon", "coordinates": [ [ [ [ -86.8935017, 13.2658971 ], [ -86.9159241, 13.287055 ], [ -86.9694138, 13.3866062 ], [ -86.9263153, 13.4621601 ], [ -86.9377441, 13.4766045 ], [ -86.8878174, 13.4845352 ], [ -86.7886734, 13.5555229 ], [ -86.7507054, 13.5617981 ], [ -86.7232419, 13.4402928 ], [ -86.73997, 13.40271 ], [ -86.7095744, 13.3648585 ], [ -86.702985, 13.3065992 ], [ -86.7492126, 13.2677316 ], [ -86.7706108, 13.2751243 ], [ -86.81923, 13.3063 ], [ -86.8935017, 13.2658971 ] ] ] ] } },
{ "type": "Feature", "properties": { "POLYGON_ID": "HND_GAUL2000_ADM2_17231", "ADM0_ISO3": "HND", "ADM0_NAME": "Honduras", "ADM0_CODE": 111, "ADM1_NAME": "Choluteca", "ADM1_CODE": 1421, "ADM2_NAME": "Santa Ana De Yusguare", "ADM2_CODE": 17231, "GEOSET": "GAUL", "GEOSET_YEAR": 2000.0, "GEOSET_VERSION": "GAUL_v1", "GEOSET_UNIT": "ADM2", "CENTROID_LONG": -87.094998716059521, "CENTROID_LAT": 13.301976680282646 }, "geometry": { "type": "MultiPolygon", "coordinates": [ [ [ [ -87.0594254, 13.3626337 ], [ -87.0816727, 13.2362595 ], [ -87.1098404, 13.256031 ], [ -87.133728, 13.2975731 ], [ -87.1211929, 13.3327103 ], [ -87.0594254, 13.3626337 ] ] ] ] } },
{ "type": "Feature", "properties": { "POLYGON_ID": "HND_GAUL2000_ADM2_17232", "ADM0_ISO3": "HND", "ADM0_NAME": "Honduras", "ADM0_CODE": 111, "ADM1_NAME": "Colon", "ADM1_CODE": 1422, "ADM2_NAME": "Balfate", "ADM2_CODE": 17232, "GEOSET": "GAUL", "GEOSET_YEAR": 2000.0, "GEOSET_VERSION": "GAUL_v1", "GEOSET_UNIT": "ADM2", "CENTROID_LONG": -86.445686016513932, "CENTROID_LAT": 15.711689885903343 }, "geometry": { "type": "MultiPolygon", "coordinates": [ [ [ [ -86.1571808, 15.756073 ], [ -86.2043381, 15.7511559 ], [ -86.3453751, 15.6802568 ], [ -86.3747406, 15.6046066 ], [ -86.454689, 15.5732832 ], [ -86.5092239, 15.5893965 ], [ -86.5546494, 15.5781174 ], [ -86.6696243, 15.5985394 ], [ -86.6380844, 15.6398106 ], [ -86.6551819, 15.7210932 ], [ -86.6267995, 15.7962853 ], [ -86.48195, 15.8109399 ], [ -86.4136599, 15.77765 ], [ -86.3641601, 15.77983 ], [ -86.29115, 15.81001 ], [ -86.2019257, 15.8796291 ], [ -86.1571808, 15.756073 ] ] ] ] } },
{ "type": "Feature", "properties": { "POLYGON_ID": "HND_GAUL2000_ADM2_17233", "ADM0_ISO3": "HND", "ADM0_NAME": "Honduras", "ADM0_CODE": 111, "ADM1_NAME": "Colon", "ADM1_CODE": 1422, "ADM2_NAME": "Bonito Oriental", "ADM2_CODE": 17233, "GEOSET": "GAUL", "GEOSET_YEAR": 2000.0, "GEOSET_VERSION": "GAUL_v1", "GEOSET_UNIT": "ADM2", "CENTROID_LONG": -85.737177012901867, "CENTROID_LAT": 15.705431178550345 }, "geometry": { "type": "MultiPolygon", "coordinates": [ [ [ [ -85.6307755, 15.8534374 ], [ -85.6697922, 15.8036747 ], [ -85.6730957, 15.7594519 ], [ -85.6327209, 15.6658192 ], [ -85.6271973, 15.6386566 ], [ -85.705925, 15.5757542 ], [ -85.7837753, 15.5701447 ], [ -85.849411, 15.7223673 ], [ -85.8439407, 15.7697945 ], [ -85.7711411, 15.8211327 ], [ -85.7124863, 15.8202705 ], [ -85.7026825, 15.8483248 ], [ -85.6307755, 15.8534374 ] ] ] ] } },
{ "type": "Feature", "properties": { "POLYGON_ID": "HND_GAUL2000_ADM2_17234", "ADM0_ISO3": "HND", "ADM0_NAME": "Honduras", "ADM0_CODE": 111, "ADM1_NAME": "Colon", "ADM1_CODE": 1422, "ADM2_NAME": "Iriona", "ADM2_CODE": 17234, "GEOSET": "GAUL", "GEOSET_YEAR": 2000.0, "GEOSET_VERSION": "GAUL_v1", "GEOSET_UNIT": "ADM2", "CENTROID_LONG": -85.229665358646159, "CENTROID_LAT": 15.561490053659211 }, "geometry": { "type": "MultiPolygon", "coordinates": [ [ [ [ -84.9968593, 15.9802843 ], [ -84.9965591, 15.6328611 ], [ -84.9940186, 15.0612078 ], [ -85.0943604, 15.1731396 ], [ -85.2307892, 15.2058592 ], [ -85.3729324, 15.395896 ], [ -85.4703522, 15.4310408 ], [ -85.537529, 15.4626007 ], [ -85.5967941, 15.5231533 ], [ -85.705925, 15.5757542 ], [ -85.6271973, 15.6386566 ], [ -85.6327209, 15.6658192 ], [ -85.5517807, 15.6639833 ], [ -85.4064255, 15.7654057 ], [ -85.2804718, 15.8379297 ], [ -85.2904709, 15.8791523 ], [ -85.17731, 15.90872 ], [ -85.0998825, 15.9678414 ], [ -84.9968593, 15.9802843 ] ] ] ] } },
{ "type": "Feature", "properties": { "POLYGON_ID": "HND_GAUL2000_ADM2_17235", "ADM0_ISO3": "HND", "ADM0_NAME": "Honduras", "ADM0_CODE": 111, "ADM1_NAME": "Colon", "ADM1_CODE": 1422, "ADM2_NAME": "Limon", "ADM2_CODE": 17235, "GEOSET": "GAUL", "GEOSET_YEAR": 2000.0, "GEOSET_VERSION": "GAUL_v1", "GEOSET_UNIT": "ADM2", "CENTROID_LONG": -85.511613152135283, "CENTROID_LAT": 15.792167311317709 }, "geometry": { "type": "MultiPolygon", "coordinates": [ [ [ [ -85.2904709, 15.8791523 ], [ -85.2804718, 15.8379297 ], [ -85.4064255, 15.7654057 ], [ -85.5517807, 15.6639833 ], [ -85.6327209, 15.6658192 ], [ -85.6730957, 15.7594519 ], [ -85.6697922, 15.8036747 ], [ -85.6307755, 15.8534374 ], [ -85.6049895, 15.9037445 ], [ -85.50048, 15.8648401 ], [ -85.391, 15.8788699 ], [ -85.2904709, 15.8791523 ] ] ] ] } },
{ "type": "Feature", "properties": { "POLYGON_ID": "HND_GAUL2000_ADM2_17236", "ADM0_ISO3": "HND", "ADM0_NAME": "Honduras", "ADM0_CODE": 111, "ADM1_NAME": "Colon", "ADM1_CODE": 1422, "ADM2_NAME": "Saba", "ADM2_CODE": 17236, "GEOSET": "GAUL", "GEOSET_YEAR": 2000.0, "GEOSET_VERSION": "GAUL_v1", "GEOSET_UNIT": "ADM2", "CENTROID_LONG": -86.165199888458673, "CENTROID_LAT": 15.483243883818922 }, "geometry": { "type": "MultiPolygon", "coordinates": [ [ [ [ -86.1379318, 15.5863009 ], [ -86.1162872, 15.5050859 ], [ -86.057724, 15.4534826 ], [ -86.0315094, 15.3861818 ], [ -86.0848923, 15.3985853 ], [ -86.1647263, 15.3732061 ], [ -86.2308655, 15.4125843 ], [ -86.2241821, 15.5007181 ], [ -86.284584, 15.5396175 ], [ -86.2850494, 15.5736294 ], [ -86.188591, 15.5972176 ], [ -86.1379318, 15.5863009 ] ] ] ] } },
{ "type": "Feature", "properties": { "POLYGON_ID": "HND_GAUL2000_ADM2_17237", "ADM0_ISO3": "HND", "ADM0_NAME": "Honduras", "ADM0_CODE": 111, "ADM1_NAME": "Colon", "ADM1_CODE": 1422, "ADM2_NAME": "Santa Fe", "ADM2_CODE": 17237, "GEOSET": "GAUL", "GEOSET_YEAR": 2000.0, "GEOSET_VERSION": "GAUL_v1", "GEOSET_UNIT": "ADM2", "CENTROID_LONG": -86.107674929730806, "CENTROID_LAT": 15.851555493498203 }, "geometry": { "type": "MultiPolygon", "coordinates": [ [ [ [ -85.9946176, 15.9045611 ], [ -85.9949799, 15.8709745 ], [ -86.0965729, 15.8121891 ], [ -86.1571808, 15.756073 ], [ -86.2019257, 15.8796291 ], [ -86.1133593, 15.9000646 ], [ -85.9946176, 15.9045611 ] ] ] ] } },
{ "type": "Feature", "properties": { "POLYGON_ID": "HND_GAUL2000_ADM2_17238", "ADM0_ISO3": "HND", "ADM0_NAME": "Honduras", "ADM0_CODE": 111, "ADM1_NAME": "Colon", "ADM1_CODE": 1422, "ADM2_NAME": "Santa Rosa De Aguan", "ADM2_CODE": 17238, "GEOSET": "GAUL", "GEOSET_YEAR": 2000.0, "GEOSET_VERSION": "GAUL_v1", "GEOSET_UNIT": "ADM2", "CENTROID_LONG": -85.682812250769587, "CENTROID_LAT": 15.900485055235846 }, "geometry": { "type": "MultiPolygon", "coordinates": [ [ [ [ -85.6049895, 15.9037445 ], [ -85.6307755, 15.8534374 ], [ -85.7026825, 15.8483248 ], [ -85.7438278, 15.8912096 ], [ -85.7327435, 15.9712645 ], [ -85.6049895, 15.9037445 ] ] ] ] } },
{ "type": "Feature", "properties": { "POLYGON_ID": "HND_GAUL2000_ADM2_17239", "ADM0_ISO3": "HND", "ADM0_NAME": "Honduras", "ADM0_CODE": 111, "ADM1_NAME": "Colon", "ADM1_CODE": 1422, "ADM2_NAME": "Sonaguera", "ADM2_CODE": 17239, "GEOSET": "GAUL", "GEOSET_YEAR": 2000.0, "GEOSET_VERSION": "GAUL_v1", "GEOSET_UNIT": "ADM2", "CENTROID_LONG": -86.262423648249637, "CENTROID_LAT": 15.632990312684205 }, "geometry": { "type": "MultiPolygon", "coordinates": [ [ [ [ -86.0945663, 15.6302319 ], [ -86.1379318, 15.5863009 ], [ -86.188591, 15.5972176 ], [ -86.2850494, 15.5736294 ], [ -86.284584, 15.5396175 ], [ -86.3946457, 15.5367222 ], [ -86.454689, 15.5732832 ], [ -86.3747406, 15.6046066 ], [ -86.3453751, 15.6802568 ], [ -86.2043381, 15.7511559 ], [ -86.0945663, 15.6302319 ] ] ] ] } },
{ "type": "Feature", "properties": { "POLYGON_ID": "HND_GAUL2000_ADM2_17240", "ADM0_ISO3": "HND", "ADM0_NAME": "Honduras", "ADM0_CODE": 111, "ADM1_NAME": "Colon", "ADM1_CODE": 1422, "ADM2_NAME": "Tocoa", "ADM2_CODE": 17240, "GEOSET": "GAUL", "GEOSET_YEAR": 2000.0, "GEOSET_VERSION": "GAUL_v1", "GEOSET_UNIT": "ADM2", "CENTROID_LONG": -85.958816771307738, "CENTROID_LAT": 15.579735449441712 }, "geometry": { "type": "MultiPolygon", "coordinates": [ [ [ [ -85.7837753, 15.5701447 ], [ -85.8301163, 15.5144167 ], [ -85.8859024, 15.497529 ], [ -85.9654846, 15.4193602 ], [ -86.0315094, 15.3861818 ], [ -86.057724, 15.4534826 ], [ -86.1162872, 15.5050859 ], [ -86.1379318, 15.5863009 ], [ -86.0945663, 15.6302319 ], [ -86.0406036, 15.6504955 ], [ -85.978508, 15.7223063 ], [ -85.8439407, 15.7697945 ], [ -85.849411, 15.7223673 ], [ -85.7837753, 15.5701447 ] ] ] ] } },
{ "type": "Feature", "properties": { "POLYGON_ID": "HND_GAUL2000_ADM2_17241", "ADM0_ISO3": "HND", "ADM0_NAME": "Honduras", "ADM0_CODE": 111, "ADM1_NAME": "Colon", "ADM1_CODE": 1422, "ADM2_NAME": "Trujillo", "ADM2_CODE": 17241, "GEOSET": "GAUL", "GEOSET_YEAR": 2000.0, "GEOSET_VERSION": "GAUL_v1", "GEOSET_UNIT": "ADM2", "CENTROID_LONG": -85.940199007327237, "CENTROID_LAT": 15.817197825092403 }, "geometry": { "type": "MultiPolygon", "coordinates": [ [ [ [ -85.7327435, 15.9712645 ], [ -85.7438278, 15.8912096 ], [ -85.7026825, 15.8483248 ], [ -85.7124863, 15.8202705 ], [ -85.7711411, 15.8211327 ], [ -85.8439407, 15.7697945 ], [ -85.978508, 15.7223063 ], [ -86.0406036, 15.6504955 ], [ -86.0945663, 15.6302319 ], [ -86.2043381, 15.7511559 ], [ -86.1571808, 15.756073 ], [ -86.0965729, 15.8121891 ], [ -85.9949799, 15.8709745 ], [ -85.9946176, 15.9045611 ], [ -85.8974371, 15.9584119 ], [ -85.84814, 15.94426 ], [ -85.82366, 15.9862401 ], [ -85.7327435, 15.9712645 ] ] ] ] } },
{ "type": "Feature", "properties": { "POLYGON_ID": "HND_GAUL2000_ADM2_17242", "ADM0_ISO3": "HND", "ADM0_NAME": "Honduras", "ADM0_CODE": 111, "ADM1_NAME": "Comayagua", "ADM1_CODE": 1423, "ADM2_NAME": "Ajuterique", "ADM2_CODE": 17242, "GEOSET": "GAUL", "GEOSET_YEAR": 2000.0, "GEOSET_VERSION": "GAUL_v1", "GEOSET_UNIT": "ADM2", "CENTROID_LONG": -87.72740696139239, "CENTROID_LAT": 14.382832555660546 }, "geometry": { "type": "MultiPolygon", "coordinates": [ [ [ [ -87.6544418, 14.3817043 ], [ -87.7477188, 14.3566532 ], [ -87.7876053, 14.3803358 ], [ -87.7683029, 14.4019337 ], [ -87.6875916, 14.4003448 ], [ -87.6544418, 14.3817043 ] ] ] ] } },
{ "type": "Feature", "properties": { "POLYGON_ID": "HND_GAUL2000_ADM2_17243", "ADM0_ISO3": "HND", "ADM0_NAME": "Honduras", "ADM0_CODE": 111, "ADM1_NAME": "Comayagua", "ADM1_CODE": 1423, "ADM2_NAME": "Comayagua", "ADM2_CODE": 17243, "GEOSET": "GAUL", "GEOSET_YEAR": 2000.0, "GEOSET_VERSION": "GAUL_v1", "GEOSET_UNIT": "ADM2", "CENTROID_LONG": -87.629414071436003, "CENTROID_LAT": 14.457710550719879 }, "geometry": { "type": "MultiPolygon", "coordinates": [ [ [ [ -87.5182343, 14.5526066 ], [ -87.4840164, 14.5077009 ], [ -87.4680862, 14.462038 ], [ -87.420372, 14.4396496 ], [ -87.4054489, 14.3705502 ], [ -87.4811935, 14.3470821 ], [ -87.5376053, 14.3736124 ], [ -87.6542816, 14.3552675 ], [ -87.6597824, 14.3605862 ], [ -87.6544418, 14.3817043 ], [ -87.6875916, 14.4003448 ], [ -87.7683029, 14.4019337 ], [ -87.7876053, 14.3803358 ], [ -87.7881546, 14.3806658 ], [ -87.8483505, 14.4149656 ], [ -87.8791428, 14.479867 ], [ -87.8937454, 14.4896603 ], [ -87.8696136, 14.4982319 ], [ -87.784462, 14.4818268 ], [ -87.761673, 14.5462723 ], [ -87.7140045, 14.54566 ], [ -87.6349411, 14.588336 ], [ -87.6330566, 14.5710716 ], [ -87.5182343, 14.5526066 ] ] ] ] } },
{ "type": "Feature", "properties": { "POLYGON_ID": "HND_GAUL2000_ADM2_17244", "ADM0_ISO3": "HND", "ADM0_NAME": "Honduras", "ADM0_CODE": 111, "ADM1_NAME": "Comayagua", "ADM1_CODE": 1423, "ADM2_NAME": "El Rosario", "ADM2_CODE": 17244, "GEOSET": "GAUL", "GEOSET_YEAR": 2000.0, "GEOSET_VERSION": "GAUL_v1", "GEOSET_UNIT": "ADM2", "CENTROID_LONG": -87.735739592699844, "CENTROID_LAT": 14.600380327467008 }, "geometry": { "type": "MultiPolygon", "coordinates": [ [ [ [ -87.7512665, 14.692194 ], [ -87.6338882, 14.6658773 ], [ -87.6349411, 14.588336 ], [ -87.7140045, 14.54566 ], [ -87.761673, 14.5462723 ], [ -87.784462, 14.4818268 ], [ -87.8696136, 14.4982319 ], [ -87.7964478, 14.5562363 ], [ -87.7913437, 14.6578875 ], [ -87.7744217, 14.6973581 ], [ -87.7512665, 14.692194 ] ] ] ] } },
{ "type": "Feature", "properties": { "POLYGON_ID": "HND_GAUL2000_ADM2_17245", "ADM0_ISO3": "HND", "ADM0_NAME": "Honduras", "ADM0_CODE": 111, "ADM1_NAME": "Comayagua", "ADM1_CODE": 1423, "ADM2_NAME": "Esquias", "ADM2_CODE": 17245, "GEOSET": "GAUL", "GEOSET_YEAR": 2000.0, "GEOSET_VERSION": "GAUL_v1", "GEOSET_UNIT": "ADM2", "CENTROID_LONG": -87.42538065952138, "CENTROID_LAT": 14.655435957842904 }, "geometry": { "type": "MultiPolygon", "coordinates": [ [ [ [ -87.2769165, 14.7264481 ], [ -87.2865448, 14.6908894 ], [ -87.3353271, 14.6662941 ], [ -87.3530731, 14.5963573 ], [ -87.4132385, 14.6097116 ], [ -87.4352798, 14.5495672 ], [ -87.4840164, 14.5077009 ], [ -87.5182343, 14.5526066 ], [ -87.4906235, 14.5817308 ], [ -87.4971542, 14.6419077 ], [ -87.5311203, 14.6615887 ], [ -87.5547867, 14.7199125 ], [ -87.5277939, 14.7412548 ], [ -87.5238419, 14.7189636 ], [ -87.4361877, 14.7080708 ], [ -87.3863449, 14.7657681 ], [ -87.342247, 14.7297373 ], [ -87.2769165, 14.7264481 ] ] ] ] } },
{ "type": "Feature", "properties": { "POLYGON_ID": "HND_GAUL2000_ADM2_17246", "ADM0_ISO3": "HND", "ADM0_NAME": "Honduras", "ADM0_CODE": 111, "ADM1_NAME": "Comayagua", "ADM1_CODE": 1423, "ADM2_NAME": "Humuya", "ADM2_CODE": 17246, "GEOSET": "GAUL", "GEOSET_YEAR": 2000.0, "GEOSET_VERSION": "GAUL_v1", "GEOSET_UNIT": "ADM2", "CENTROID_LONG": -87.709001413519744, "CENTROID_LAT": 14.218246586036008 }, "geometry": { "type": "MultiPolygon", "coordinates": [ [ [ [ -87.6569138, 14.2523222 ], [ -87.6837616, 14.1959066 ], [ -87.7343369, 14.1745415 ], [ -87.7596054, 14.2265968 ], [ -87.6864624, 14.2548456 ], [ -87.6569138, 14.2523222 ] ] ] ] } },
{ "type": "Feature", "properties": { "POLYGON_ID": "HND_GAUL2000_ADM2_17247", "ADM0_ISO3": "HND", "ADM0_NAME": "Honduras", "ADM0_CODE": 111, "ADM1_NAME": "Comayagua", "ADM1_CODE": 1423, "ADM2_NAME": "La Libertad", "ADM2_CODE": 17247, "GEOSET": "GAUL", "GEOSET_YEAR": 2000.0, "GEOSET_VERSION": "GAUL_v1", "GEOSET_UNIT": "ADM2", "CENTROID_LONG": -87.608094347198076, "CENTROID_LAT": 14.878066462136132 }, "geometry": { "type": "MultiPolygon", "coordinates": [ [ [ [ -87.6080627, 15.0160551 ], [ -87.566391, 14.9095573 ], [ -87.52211, 14.8671513 ], [ -87.5090256, 14.820076 ], [ -87.5277939, 14.7412548 ], [ -87.5547867, 14.7199125 ], [ -87.6083832, 14.7176495 ], [ -87.6401215, 14.7257605 ], [ -87.6086731, 14.7926826 ], [ -87.573082, 14.8123465 ], [ -87.5677643, 14.879735 ], [ -87.6205139, 14.9303093 ], [ -87.6921387, 14.9196777 ], [ -87.7366104, 14.9680176 ], [ -87.7432632, 15.0044556 ], [ -87.6080627, 15.0160551 ] ] ] ] } },
{ "type": "Feature", "properties": { "POLYGON_ID": "HND_GAUL2000_ADM2_17248", "ADM0_ISO3": "HND", "ADM0_NAME": "Honduras", "ADM0_CODE": 111, "ADM1_NAME": "Comayagua", "ADM1_CODE": 1423, "ADM2_NAME": "La Trinidad", "ADM2_CODE": 17248, "GEOSET": "GAUL", "GEOSET_YEAR": 2000.0, "GEOSET_VERSION": "GAUL_v1", "GEOSET_UNIT": "ADM2", "CENTROID_LONG": -87.678396953193456, "CENTROID_LAT": 14.7034220114005 }, "geometry": { "type": "MultiPolygon", "coordinates": [ [ [ [ -87.6401215, 14.7257605 ], [ -87.6083832, 14.7176495 ], [ -87.6338882, 14.6658773 ], [ -87.7512665, 14.692194 ], [ -87.7283096, 14.7364702 ], [ -87.6401215, 14.7257605 ] ] ] ] } },
{ "type": "Feature", "properties": { "POLYGON_ID": "HND_GAUL2000_ADM2_17249", "ADM0_ISO3": "HND", "ADM0_NAME": "Honduras", "ADM0_CODE": 111, "ADM1_NAME": "Comayagua", "ADM1_CODE": 1423, "ADM2_NAME": "Lamani", "ADM2_CODE": 17249, "GEOSET": "GAUL", "GEOSET_YEAR": 2000.0, "GEOSET_VERSION": "GAUL_v1", "GEOSET_UNIT": "ADM2", "CENTROID_LONG": -87.63599747940377, "CENTROID_LAT": 14.147055925482482 }, "geometry": { "type": "MultiPolygon", "coordinates": [ [ [ [ -87.4745865, 14.2019157 ], [ -87.4768066, 14.1992102 ], [ -87.4875946, 14.1704721 ], [ -87.5519638, 14.1281109 ], [ -87.5892639, 14.1344414 ], [ -87.6256104, 14.0747499 ], [ -87.6933289, 14.0359049 ], [ -87.7686768, 14.1516457 ], [ -87.7343369, 14.1745415 ], [ -87.6837616, 14.1959066 ], [ -87.6022339, 14.2357826 ], [ -87.5533371, 14.2043028 ], [ -87.4745865, 14.2019157 ] ] ] ] } },
{ "type": "Feature", "properties": { "POLYGON_ID": "HND_GAUL2000_ADM2_17250", "ADM0_ISO3": "HND", "ADM0_NAME": "Honduras", "ADM0_CODE": 111, "ADM1_NAME": "Comayagua", "ADM1_CODE": 1423, "ADM2_NAME": "Las Lajas", "ADM2_CODE": 17250, "GEOSET": "GAUL", "GEOSET_YEAR": 2000.0, "GEOSET_VERSION": "GAUL_v1", "GEOSET_UNIT": "ADM2", "CENTROID_LONG": -87.638708900202417, "CENTROID_LAT": 14.865620393005642 }, "geometry": { "type": "MultiPolygon", "coordinates": [ [ [ [ -87.6086731, 14.7926826 ], [ -87.632309, 14.8231869 ], [ -87.6877594, 14.8200912 ], [ -87.7208481, 14.8496265 ], [ -87.6921387, 14.9196777 ], [ -87.6205139, 14.9303093 ], [ -87.5677643, 14.879735 ], [ -87.573082, 14.8123465 ], [ -87.6086731, 14.7926826 ] ] ] ] } },
{ "type": "Feature", "properties": { "POLYGON_ID": "HND_GAUL2000_ADM2_17251", "ADM0_ISO3": "HND", "ADM0_NAME": "Honduras", "ADM0_CODE": 111, "ADM1_NAME": "Comayagua", "ADM1_CODE": 1423, "ADM2_NAME": "Lejamani", "ADM2_CODE": 17251, "GEOSET": "GAUL", "GEOSET_YEAR": 2000.0, "GEOSET_VERSION": "GAUL_v1", "GEOSET_UNIT": "ADM2", "CENTROID_LONG": -87.695627778865386, "CENTROID_LAT": 14.359129003549789 }, "geometry": { "type": "MultiPolygon", "coordinates": [ [ [ [ -87.6544418, 14.3817043 ], [ -87.6597824, 14.3605862 ], [ -87.7048569, 14.338129 ], [ -87.7477188, 14.3566532 ], [ -87.6544418, 14.3817043 ] ] ] ] } },
{ "type": "Feature", "properties": { "POLYGON_ID": "HND_GAUL2000_ADM2_17252", "ADM0_ISO3": "HND", "ADM0_NAME": "Honduras", "ADM0_CODE": 111, "ADM1_NAME": "Comayagua", "ADM1_CODE": 1423, "ADM2_NAME": "Meambar", "ADM2_CODE": 17252, "GEOSET": "GAUL", "GEOSET_YEAR": 2000.0, "GEOSET_VERSION": "GAUL_v1", "GEOSET_UNIT": "ADM2", "CENTROID_LONG": -87.781816069817779, "CENTROID_LAT": 14.823983002441997 }, "geometry": { "type": "MultiPolygon", "coordinates": [ [ [ [ -87.6921387, 14.9196777 ], [ -87.7208481, 14.8496265 ], [ -87.6877594, 14.8200912 ], [ -87.7283096, 14.7364702 ], [ -87.7512665, 14.692194 ], [ -87.7744217, 14.6973581 ], [ -87.8224869, 14.7082691 ], [ -87.8755569, 14.804513 ], [ -87.8968582, 14.8410606 ], [ -87.8449707, 14.8929605 ], [ -87.7840424, 14.9210958 ], [ -87.7366104, 14.9680176 ], [ -87.6921387, 14.9196777 ] ] ] ] } },
{ "type": "Feature", "properties": { "POLYGON_ID": "HND_GAUL2000_ADM2_17253", "ADM0_ISO3": "HND", "ADM0_NAME": "Honduras", "ADM0_CODE": 111, "ADM1_NAME": "Comayagua", "ADM1_CODE": 1423, "ADM2_NAME": "Minas De Oro", "ADM2_CODE": 17253, "GEOSET": "GAUL", "GEOSET_YEAR": 2000.0, "GEOSET_VERSION": "GAUL_v1", "GEOSET_UNIT": "ADM2", "CENTROID_LONG": -87.466167564282443, "CENTROID_LAT": 14.875090816087241 }, "geometry": { "type": "MultiPolygon", "coordinates": [ [ [ [ -87.424614, 14.8943787 ], [ -87.333519, 14.7924862 ], [ -87.3102417, 14.7521648 ], [ -87.2713013, 14.7481947 ], [ -87.2769165, 14.7264481 ], [ -87.342247, 14.7297373 ], [ -87.3863449, 14.7657681 ], [ -87.458786, 14.7852879 ], [ -87.5090256, 14.820076 ], [ -87.52211, 14.8671513 ], [ -87.566391, 14.9095573 ], [ -87.6080627, 15.0160551 ], [ -87.5485001, 15.0475016 ], [ -87.482193, 14.9516954 ], [ -87.475029, 14.8997746 ], [ -87.424614, 14.8943787 ] ] ] ] } },
{ "type": "Feature", "properties": { "POLYGON_ID": "HND_GAUL2000_ADM2_17254", "ADM0_ISO3": "HND", "ADM0_NAME": "Honduras", "ADM0_CODE": 111, "ADM1_NAME": "Comayagua", "ADM1_CODE": 1423, "ADM2_NAME": "Ojo De Agua", "ADM2_CODE": 17254, "GEOSET": "GAUL", "GEOSET_YEAR": 2000.0, "GEOSET_VERSION": "GAUL_v1", "GEOSET_UNIT": "ADM2", "CENTROID_LONG": -87.665025060642975, "CENTROID_LAT": 14.773852261372165 }, "geometry": { "type": "MultiPolygon", "coordinates": [ [ [ [ -87.6086731, 14.7926826 ], [ -87.6401215, 14.7257605 ], [ -87.7283096, 14.7364702 ], [ -87.6877594, 14.8200912 ], [ -87.632309, 14.8231869 ], [ -87.6086731, 14.7926826 ] ] ] ] } },
{ "type": "Feature", "properties": { "POLYGON_ID": "HND_GAUL2000_ADM2_17255", "ADM0_ISO3": "HND", "ADM0_NAME": "Honduras", "ADM0_CODE": 111, "ADM1_NAME": "Comayagua", "ADM1_CODE": 1423, "ADM2_NAME": "San Jeronimo", "ADM2_CODE": 17255, "GEOSET": "GAUL", "GEOSET_YEAR": 2000.0, "GEOSET_VERSION": "GAUL_v1", "GEOSET_UNIT": "ADM2", "CENTROID_LONG": -87.569107363845134, "CENTROID_LAT": 14.629691385112835 }, "geometry": { "type": "MultiPolygon", "coordinates": [ [ [ [ -87.5547867, 14.7199125 ], [ -87.5311203, 14.6615887 ], [ -87.4971542, 14.6419077 ], [ -87.4906235, 14.5817308 ], [ -87.5182343, 14.5526066 ], [ -87.6330566, 14.5710716 ], [ -87.6349411, 14.588336 ], [ -87.6338882, 14.6658773 ], [ -87.6083832, 14.7176495 ], [ -87.5547867, 14.7199125 ] ] ] ] } },
{ "type": "Feature", "properties": { "POLYGON_ID": "HND_GAUL2000_ADM2_17256", "ADM0_ISO3": "HND", "ADM0_NAME": "Honduras", "ADM0_CODE": 111, "ADM1_NAME": "Comayagua", "ADM1_CODE": 1423, "ADM2_NAME": "San Jose De Comayagua", "ADM2_CODE": 17256, "GEOSET": "GAUL", "GEOSET_YEAR": 2000.0, "GEOSET_VERSION": "GAUL_v1", "GEOSET_UNIT": "ADM2", "CENTROID_LONG": -88.03502063880785, "CENTROID_LAT": 14.683333741643347 }, "geometry": { "type": "MultiPolygon", "coordinates": [ [ [ [ -88.0110626, 14.6359806 ], [ -88.0126495, 14.6169329 ], [ -88.0733566, 14.6472254 ], [ -88.0799255, 14.702879 ], [ -88.0218124, 14.751914 ], [ -87.9904404, 14.6954927 ], [ -88.0110626, 14.6359806 ] ] ] ] } },
{ "type": "Feature", "properties": { "POLYGON_ID": "HND_GAUL2000_ADM2_17257", "ADM0_ISO3": "HND", "ADM0_NAME": "Honduras", "ADM0_CODE": 111, "ADM1_NAME": "Comayagua", "ADM1_CODE": 1423, "ADM2_NAME": "San Jose Del Potrero", "ADM2_CODE": 17257, "GEOSET": "GAUL", "GEOSET_YEAR": 2000.0, "GEOSET_VERSION": "GAUL_v1", "GEOSET_UNIT": "ADM2", "CENTROID_LONG": -87.32458152580638, "CENTROID_LAT": 14.849953867677522 }, "geometry": { "type": "MultiPolygon", "coordinates": [ [ [ [ -87.2406082, 14.867754 ], [ -87.2338333, 14.8486528 ], [ -87.2881546, 14.8004828 ], [ -87.2713013, 14.7481947 ], [ -87.3102417, 14.7521648 ], [ -87.333519, 14.7924862 ], [ -87.424614, 14.8943787 ], [ -87.3870087, 14.9223824 ], [ -87.3371429, 14.9160023 ], [ -87.2406082, 14.867754 ] ] ] ] } },
{ "type": "Feature", "properties": { "POLYGON_ID": "HND_GAUL2000_ADM2_17258", "ADM0_ISO3": "HND", "ADM0_NAME": "Honduras", "ADM0_CODE": 111, "ADM1_NAME": "Comayagua", "ADM1_CODE": 1423, "ADM2_NAME": "San Luis", "ADM2_CODE": 17258, "GEOSET": "GAUL", "GEOSET_YEAR": 2000.0, "GEOSET_VERSION": "GAUL_v1", "GEOSET_UNIT": "ADM2", "CENTROID_LONG": -87.469283216308611, "CENTROID_LAT": 14.754431069137269 }, "geometry": { "type": "MultiPolygon", "coordinates": [ [ [ [ -87.5090256, 14.820076 ], [ -87.458786, 14.7852879 ], [ -87.3863449, 14.7657681 ], [ -87.4361877, 14.7080708 ], [ -87.5238419, 14.7189636 ], [ -87.5277939, 14.7412548 ], [ -87.5090256, 14.820076 ] ] ] ] } },
{ "type": "Feature", "properties": { "POLYGON_ID": "HND_GAUL2000_ADM2_17259", "ADM0_ISO3": "HND", "ADM0_NAME": "Honduras", "ADM0_CODE": 111, "ADM1_NAME": "Comayagua", "ADM1_CODE": 1423, "ADM2_NAME": "San Sebastian", "ADM2_CODE": 17259, "GEOSET": "GAUL", "GEOSET_YEAR": 2000.0, "GEOSET_VERSION": "GAUL_v1", "GEOSET_UNIT": "ADM2", "CENTROID_LONG": -87.731708846908901, "CENTROID_LAT": 14.206702261571706 }, "geometry": { "type": "MultiPolygon", "coordinates": [ [ [ [ -87.6022339, 14.2357826 ], [ -87.6837616, 14.1959066 ], [ -87.6569138, 14.2523222 ], [ -87.645668, 14.2606812 ], [ -87.6022339, 14.2357826 ] ] ], [ [ [ -87.7596054, 14.2265968 ], [ -87.7343369, 14.1745415 ], [ -87.7686768, 14.1516457 ], [ -87.8216171, 14.2007761 ], [ -87.8176575, 14.2209387 ], [ -87.7596054, 14.2265968 ] ] ] ] } },
{ "type": "Feature", "properties": { "POLYGON_ID": "HND_GAUL2000_ADM2_17260", "ADM0_ISO3": "HND", "ADM0_NAME": "Honduras", "ADM0_CODE": 111, "ADM1_NAME": "Comayagua", "ADM1_CODE": 1423, "ADM2_NAME": "Siguatepeque", "ADM2_CODE": 17260, "GEOSET": "GAUL", "GEOSET_YEAR": 2000.0, "GEOSET_VERSION": "GAUL_v1", "GEOSET_UNIT": "ADM2", "CENTROID_LONG": -87.87325896461823, "CENTROID_LAT": 14.627942456621438 }, "geometry": { "type": "MultiPolygon", "coordinates": [ [ [ [ -87.7744217, 14.6973581 ], [ -87.7913437, 14.6578875 ], [ -87.7964478, 14.5562363 ], [ -87.8696136, 14.4982319 ], [ -87.8937454, 14.4896603 ], [ -87.9350739, 14.5331926 ], [ -87.966095, 14.6046638 ], [ -88.0126495, 14.6169329 ], [ -88.0110626, 14.6359806 ], [ -87.910965, 14.6399746 ], [ -87.8928452, 14.7181587 ], [ -87.9205704, 14.7488565 ], [ -87.8755569, 14.804513 ], [ -87.8224869, 14.7082691 ], [ -87.7744217, 14.6973581 ] ] ] ] } },
{ "type": "Feature", "properties": { "POLYGON_ID": "HND_GAUL2000_ADM2_17261", "ADM0_ISO3": "HND", "ADM0_NAME": "Honduras", "ADM0_CODE": 111, "ADM1_NAME": "Comayagua", "ADM1_CODE": 1423, "ADM2_NAME": "Taulabe", "ADM2_CODE": 17261, "GEOSET": "GAUL", "GEOSET_YEAR": 2000.0, "GEOSET_VERSION": "GAUL_v1", "GEOSET_UNIT": "ADM2", "CENTROID_LONG": -87.948036140804106, "CENTROID_LAT": 14.729150923469549 }, "geometry": { "type": "MultiPolygon", "coordinates": [ [ [ [ -87.8755569, 14.804513 ], [ -87.9205704, 14.7488565 ], [ -87.8928452, 14.7181587 ], [ -87.910965, 14.6399746 ], [ -88.0110626, 14.6359806 ], [ -87.9904404, 14.6954927 ], [ -88.0218124, 14.751914 ], [ -87.9892273, 14.7851458 ], [ -87.8968582, 14.8410606 ], [ -87.8755569, 14.804513 ] ] ] ] } },
{ "type": "Feature", "properties": { "POLYGON_ID": "HND_GAUL2000_ADM2_17262", "ADM0_ISO3": "HND", "ADM0_NAME": "Honduras", "ADM0_CODE": 111, "ADM1_NAME": "Comayagua", "ADM1_CODE": 1423, "ADM2_NAME": "Villa De San Antonio", "ADM2_CODE": 17262, "GEOSET": "GAUL", "GEOSET_YEAR": 2000.0, "GEOSET_VERSION": "GAUL_v1", "GEOSET_UNIT": "ADM2", "CENTROID_LONG": -87.540746378458834, "CENTROID_LAT": 14.29052650565121 }, "geometry": { "type": "MultiPolygon", "coordinates": [ [ [ [ -87.4054489, 14.3705502 ], [ -87.4094467, 14.3609686 ], [ -87.482338, 14.2827578 ], [ -87.4251633, 14.2313805 ], [ -87.4745865, 14.2019157 ], [ -87.5533371, 14.2043028 ], [ -87.6022339, 14.2357826 ], [ -87.645668, 14.2606812 ], [ -87.6416168, 14.2975874 ], [ -87.6542816, 14.3552675 ], [ -87.5376053, 14.3736124 ], [ -87.4811935, 14.3470821 ], [ -87.4054489, 14.3705502 ] ] ] ] } },
{ "type": "Feature", "properties": { "POLYGON_ID": "HND_GAUL2000_ADM2_17263", "ADM0_ISO3": "HND", "ADM0_NAME": "Honduras", "ADM0_CODE": 111, "ADM1_NAME": "Copan", "ADM1_CODE": 1424, "ADM2_NAME": "Cabanas", "ADM2_CODE": 17263, "GEOSET": "GAUL", "GEOSET_YEAR": 2000.0, "GEOSET_VERSION": "GAUL_v1", "GEOSET_UNIT": "ADM2", "CENTROID_LONG": -89.066802862397608, "CENTROID_LAT": 14.763103726158532 }, "geometry": { "type": "MultiPolygon", "coordinates": [ [ [ [ -89.0064392, 14.7626457 ], [ -89.0070343, 14.701045 ], [ -89.0725098, 14.7097254 ], [ -89.0925903, 14.7104454 ], [ -89.1273727, 14.7628222 ], [ -89.1081161, 14.824542 ], [ -89.0681381, 14.8425245 ], [ -89.0462799, 14.7946959 ], [ -89.0064392, 14.7626457 ] ] ] ] } },
{ "type": "Feature", "properties": { "POLYGON_ID": "HND_GAUL2000_ADM2_17264", "ADM0_ISO3": "HND", "ADM0_NAME": "Honduras", "ADM0_CODE": 111, "ADM1_NAME": "Copan", "ADM1_CODE": 1424, "ADM2_NAME": "Concepcion", "ADM2_CODE": 17264, "GEOSET": "GAUL", "GEOSET_YEAR": 2000.0, "GEOSET_VERSION": "GAUL_v1", "GEOSET_UNIT": "ADM2", "CENTROID_LONG": -88.881328314715574, "CENTROID_LAT": 14.857954883534124 }, "geometry": { "type": "MultiPolygon", "coordinates": [ [ [ [ -88.8929672, 14.8972092 ], [ -88.8685532, 14.8960934 ], [ -88.8542786, 14.842845 ], [ -88.8028336, 14.8077011 ], [ -88.8572617, 14.7968063 ], [ -88.8924713, 14.8572512 ], [ -88.9344864, 14.8623133 ], [ -88.9388809, 14.919241 ], [ -88.8929672, 14.8972092 ] ] ] ] } },
{ "type": "Feature", "properties": { "POLYGON_ID": "HND_GAUL2000_ADM2_17265", "ADM0_ISO3": "HND", "ADM0_NAME": "Honduras", "ADM0_CODE": 111, "ADM1_NAME": "Copan", "ADM1_CODE": 1424, "ADM2_NAME": "Copan Ruinas", "ADM2_CODE": 17265, "GEOSET": "GAUL", "GEOSET_YEAR": 2000.0, "GEOSET_VERSION": "GAUL_v1", "GEOSET_UNIT": "ADM2", "CENTROID_LONG": -89.129412064454797, "CENTROID_LAT": 14.922812815723246 }, "geometry": { "type": "MultiPolygon", "coordinates": [ [ [ [ -89.0415955, 14.9611683 ], [ -89.0884323, 14.9551058 ], [ -89.1297073, 14.9139605 ], [ -89.1081161, 14.824542 ], [ -89.1273727, 14.7628222 ], [ -89.0925903, 14.7104454 ], [ -89.1355931, 14.6968622 ], [ -89.13319, 14.70553 ], [ -89.13479, 14.70939 ], [ -89.1680524, 14.7446322 ], [ -89.16679, 14.76817 ], [ -89.1970636, 14.8011754 ], [ -89.2034003, 14.8081472 ], [ -89.21771, 14.88806 ], [ -89.1918923, 14.9013855 ], [ -89.18312, 14.90907 ], [ -89.1813715, 14.9126899 ], [ -89.17956, 14.91644 ], [ -89.1786874, 14.9195619 ], [ -89.1772369, 14.9247516 ], [ -89.17378, 14.93712 ], [ -89.16587, 14.94764 ], [ -89.15833, 14.97854 ], [ -89.1817643, 14.9990258 ], [ -89.18155, 15.0 ], [ -89.1798685, 15.0075886 ], [ -89.1784505, 15.0139876 ], [ -89.17025, 15.03408 ], [ -89.15855, 15.05294 ], [ -89.1538421, 15.0657283 ], [ -89.14873, 15.06933 ], [ -89.13186, 15.07631 ], [ -89.119752, 15.0813238 ], [ -89.0734297, 15.0971982 ], [ -89.0288925, 15.0153065 ], [ -89.0415955, 14.9611683 ] ] ] ] } },
{ "type": "Feature", "properties": { "POLYGON_ID": "HND_GAUL2000_ADM2_17266", "ADM0_ISO3": "HND", "ADM0_NAME": "Honduras", "ADM0_CODE": 111, "ADM1_NAME": "Copan", "ADM1_CODE": 1424, "ADM2_NAME": "Corquin", "ADM2_CODE": 17266, "GEOSET": "GAUL", "GEOSET_YEAR": 2000.0, "GEOSET_VERSION": "GAUL_v1", "GEOSET_UNIT": "ADM2", "CENTROID_LONG": -88.84060619871461, "CENTROID_LAT": 14.549233723281302 }, "geometry": { "type": "MultiPolygon", "coordinates": [ [ [ [ -88.8731003, 14.5934935 ], [ -88.8281403, 14.5727205 ], [ -88.7329712, 14.5916986 ], [ -88.7723083, 14.5354462 ], [ -88.829628, 14.5186024 ], [ -88.8464203, 14.4864378 ], [ -88.9034653, 14.5166082 ], [ -88.9169235, 14.5820856 ], [ -88.8731003, 14.5934935 ] ] ] ] } },
{ "type": "Feature", "properties": { "POLYGON_ID": "HND_GAUL2000_ADM2_17267", "ADM0_ISO3": "HND", "ADM0_NAME": "Honduras", "ADM0_CODE": 111, "ADM1_NAME": "Copan", "ADM1_CODE": 1424, "ADM2_NAME": "Cucuyagua", "ADM2_CODE": 17267, "GEOSET": "GAUL", "GEOSET_YEAR": 2000.0, "GEOSET_VERSION": "GAUL_v1", "GEOSET_UNIT": "ADM2", "CENTROID_LONG": -88.831215176043798, "CENTROID_LAT": 14.67445467026039 }, "geometry": { "type": "MultiPolygon", "coordinates": [ [ [ [ -88.7786865, 14.7027302 ], [ -88.7664871, 14.6361485 ], [ -88.7954636, 14.6139746 ], [ -88.875473, 14.6212645 ], [ -88.88974, 14.7416067 ], [ -88.8325424, 14.7349215 ], [ -88.7786865, 14.7027302 ] ] ] ] } },
{ "type": "Feature", "properties": { "POLYGON_ID": "HND_GAUL2000_ADM2_17268", "ADM0_ISO3": "HND", "ADM0_NAME": "Honduras", "ADM0_CODE": 111, "ADM1_NAME": "Copan", "ADM1_CODE": 1424, "ADM2_NAME": "Dolores", "ADM2_CODE": 17268, "GEOSET": "GAUL", "GEOSET_YEAR": 2000.0, "GEOSET_VERSION": "GAUL_v1", "GEOSET_UNIT": "ADM2", "CENTROID_LONG": -88.84047109146762, "CENTROID_LAT": 14.894077139863061 }, "geometry": { "type": "MultiPolygon", "coordinates": [ [ [ [ -88.8307495, 14.9159546 ], [ -88.7891998, 14.8306093 ], [ -88.8685532, 14.8960934 ], [ -88.8929672, 14.8972092 ], [ -88.8462906, 14.9430227 ], [ -88.8307495, 14.9159546 ] ] ] ] } },
{ "type": "Feature", "properties": { "POLYGON_ID": "HND_GAUL2000_ADM2_17269", "ADM0_ISO3": "HND", "ADM0_NAME": "Honduras", "ADM0_CODE": 111, "ADM1_NAME": "Copan", "ADM1_CODE": 1424, "ADM2_NAME": "Dulce Nombre", "ADM2_CODE": 17269, "GEOSET": "GAUL", "GEOSET_YEAR": 2000.0, "GEOSET_VERSION": "GAUL_v1", "GEOSET_UNIT": "ADM2", "CENTROID_LONG": -88.830005339502492, "CENTROID_LAT": 14.846645643719473 }, "geometry": { "type": "MultiPolygon", "coordinates": [ [ [ [ -88.7891998, 14.8306093 ], [ -88.8028336, 14.8077011 ], [ -88.8542786, 14.842845 ], [ -88.8685532, 14.8960934 ], [ -88.7891998, 14.8306093 ] ] ] ] } },
{ "type": "Feature", "properties": { "POLYGON_ID": "HND_GAUL2000_ADM2_17270", "ADM0_ISO3": "HND", "ADM0_NAME": "Honduras", "ADM0_CODE": 111, "ADM1_NAME": "Copan", "ADM1_CODE": 1424, "ADM2_NAME": "El Paraiso", "ADM2_CODE": 17270, "GEOSET": "GAUL", "GEOSET_YEAR": 2000.0, "GEOSET_VERSION": "GAUL_v1", "GEOSET_UNIT": "ADM2", "CENTROID_LONG": -88.981963288680674, "CENTROID_LAT": 15.047487143247601 }, "geometry": { "type": "MultiPolygon", "coordinates": [ [ [ [ -88.9145432, 15.1029291 ], [ -88.9224701, 14.9902592 ], [ -88.9605179, 14.9449921 ], [ -89.0415955, 14.9611683 ], [ -89.0288925, 15.0153065 ], [ -89.0734297, 15.0971982 ], [ -88.96711, 15.13706 ], [ -88.9444872, 15.1563908 ], [ -88.9145432, 15.1029291 ] ] ] ] } },
{ "type": "Feature", "properties": { "POLYGON_ID": "HND_GAUL2000_ADM2_17271", "ADM0_ISO3": "HND", "ADM0_NAME": "Honduras", "ADM0_CODE": 111, "ADM1_NAME": "Copan", "ADM1_CODE": 1424, "ADM2_NAME": "Florida", "ADM2_CODE": 17271, "GEOSET": "GAUL", "GEOSET_YEAR": 2000.0, "GEOSET_VERSION": "GAUL_v1", "GEOSET_UNIT": "ADM2", "CENTROID_LONG": -88.813882440290655, "CENTROID_LAT": 15.166178931237424 }, "geometry": { "type": "MultiPolygon", "coordinates": [ [ [ [ -88.6981812, 15.1913233 ], [ -88.7054443, 15.1605244 ], [ -88.7691116, 15.1675291 ], [ -88.8098526, 15.0072031 ], [ -88.8242416, 14.9736052 ], [ -88.8632584, 15.1332521 ], [ -88.9145432, 15.1029291 ], [ -88.9444872, 15.1563908 ], [ -88.8696251, 15.2198396 ], [ -88.82617, 15.25523 ], [ -88.8210325, 15.2564384 ], [ -88.81822, 15.2571 ], [ -88.760923, 15.2890852 ], [ -88.7059631, 15.2327719 ], [ -88.6981812, 15.1913233 ] ] ] ] } },
{ "type": "Feature", "properties": { "POLYGON_ID": "HND_GAUL2000_ADM2_17272", "ADM0_ISO3": "HND", "ADM0_NAME": "Honduras", "ADM0_CODE": 111, "ADM1_NAME": "Copan", "ADM1_CODE": 1424, "ADM2_NAME": "La Jigua", "ADM2_CODE": 17272, "GEOSET": "GAUL", "GEOSET_YEAR": 2000.0, "GEOSET_VERSION": "GAUL_v1", "GEOSET_UNIT": "ADM2", "CENTROID_LONG": -88.756752225317854, "CENTROID_LAT": 15.101106412951381 }, "geometry": { "type": "MultiPolygon", "coordinates": [ [ [ [ -88.7054443, 15.1605244 ], [ -88.7028885, 15.1171198 ], [ -88.7672958, 15.055974 ], [ -88.7753906, 15.0143814 ], [ -88.8098526, 15.0072031 ], [ -88.7691116, 15.1675291 ], [ -88.7054443, 15.1605244 ] ] ] ] } },
{ "type": "Feature", "properties": { "POLYGON_ID": "HND_GAUL2000_ADM2_17273", "ADM0_ISO3": "HND", "ADM0_NAME": "Honduras", "ADM0_CODE": 111, "ADM1_NAME": "Copan", "ADM1_CODE": 1424, "ADM2_NAME": "La Union", "ADM2_CODE": 17273, "GEOSET": "GAUL", "GEOSET_YEAR": 2000.0, "GEOSET_VERSION": "GAUL_v1", "GEOSET_UNIT": "ADM2", "CENTROID_LONG": -88.939445912365272, "CENTROID_LAT": 14.688313078708504 }, "geometry": { "type": "MultiPolygon", "coordinates": [ [ [ [ -88.8945694, 14.765542 ], [ -88.88974, 14.7416067 ], [ -88.875473, 14.6212645 ], [ -88.8731003, 14.5934935 ], [ -88.9169235, 14.5820856 ], [ -88.9869003, 14.637701 ], [ -89.0027237, 14.6768246 ], [ -89.0070343, 14.701045 ], [ -89.0064392, 14.7626457 ], [ -88.9747314, 14.786149 ], [ -88.8945694, 14.765542 ] ] ] ] } },
{ "type": "Feature", "properties": { "POLYGON_ID": "HND_GAUL2000_ADM2_17274", "ADM0_ISO3": "HND", "ADM0_NAME": "Honduras", "ADM0_CODE": 111, "ADM1_NAME": "Copan", "ADM1_CODE": 1424, "ADM2_NAME": "Nueva Arcadia", "ADM2_CODE": 17274, "GEOSET": "GAUL", "GEOSET_YEAR": 2000.0, "GEOSET_VERSION": "GAUL_v1", "GEOSET_UNIT": "ADM2", "CENTROID_LONG": -88.698312649558602, "CENTROID_LAT": 15.076265843206558 }, "geometry": { "type": "MultiPolygon", "coordinates": [ [ [ [ -88.6421661, 15.1413298 ], [ -88.6568298, 15.1000118 ], [ -88.6306458, 15.0648146 ], [ -88.6704407, 15.0184813 ], [ -88.7347031, 14.9996576 ], [ -88.7753906, 15.0143814 ], [ -88.7672958, 15.055974 ], [ -88.7028885, 15.1171198 ], [ -88.7054443, 15.1605244 ], [ -88.6981812, 15.1913233 ], [ -88.6421661, 15.1413298 ] ] ] ] } },
{ "type": "Feature", "properties": { "POLYGON_ID": "HND_GAUL2000_ADM2_17275", "ADM0_ISO3": "HND", "ADM0_NAME": "Honduras", "ADM0_CODE": 111, "ADM1_NAME": "Copan", "ADM1_CODE": 1424, "ADM2_NAME": "San Agustin", "ADM2_CODE": 17275, "GEOSET": "GAUL", "GEOSET_YEAR": 2000.0, "GEOSET_VERSION": "GAUL_v1", "GEOSET_UNIT": "ADM2", "CENTROID_LONG": -88.924784714056486, "CENTROID_LAT": 14.813148335920292 }, "geometry": { "type": "MultiPolygon", "coordinates": [ [ [ [ -88.8924713, 14.8572512 ], [ -88.8945694, 14.765542 ], [ -88.9747314, 14.786149 ], [ -88.9344864, 14.8623133 ], [ -88.8924713, 14.8572512 ] ] ] ] } },
{ "type": "Feature", "properties": { "POLYGON_ID": "HND_GAUL2000_ADM2_17276", "ADM0_ISO3": "HND", "ADM0_NAME": "Honduras", "ADM0_CODE": 111, "ADM1_NAME": "Copan", "ADM1_CODE": 1424, "ADM2_NAME": "San Antonio", "ADM2_CODE": 17276, "GEOSET": "GAUL", "GEOSET_YEAR": 2000.0, "GEOSET_VERSION": "GAUL_v1", "GEOSET_UNIT": "ADM2", "CENTROID_LONG": -88.878073034463625, "CENTROID_LAT": 15.043914089339054 }, "geometry": { "type": "MultiPolygon", "coordinates": [ [ [ [ -88.8242416, 14.9736052 ], [ -88.824234, 14.9733982 ], [ -88.9224701, 14.9902592 ], [ -88.9145432, 15.1029291 ], [ -88.8632584, 15.1332521 ], [ -88.8242416, 14.9736052 ] ] ] ] } },
{ "type": "Feature", "properties": { "POLYGON_ID": "HND_GAUL2000_ADM2_17277", "ADM0_ISO3": "HND", "ADM0_NAME": "Honduras", "ADM0_CODE": 111, "ADM1_NAME": "Copan", "ADM1_CODE": 1424, "ADM2_NAME": "San Jeronimo", "ADM2_CODE": 17277, "GEOSET": "GAUL", "GEOSET_YEAR": 2000.0, "GEOSET_VERSION": "GAUL_v1", "GEOSET_UNIT": "ADM2", "CENTROID_LONG": -88.894322119009956, "CENTROID_LAT": 14.948854272056222 }, "geometry": { "type": "MultiPolygon", "coordinates": [ [ [ [ -88.824234, 14.9733982 ], [ -88.8128433, 14.9646187 ], [ -88.8462906, 14.9430227 ], [ -88.8929672, 14.8972092 ], [ -88.9388809, 14.919241 ], [ -88.9605179, 14.9449921 ], [ -88.9224701, 14.9902592 ], [ -88.824234, 14.9733982 ] ] ] ] } },
{ "type": "Feature", "properties": { "POLYGON_ID": "HND_GAUL2000_ADM2_17278", "ADM0_ISO3": "HND", "ADM0_NAME": "Honduras", "ADM0_CODE": 111, "ADM1_NAME": "Copan", "ADM1_CODE": 1424, "ADM2_NAME": "San Jose", "ADM2_CODE": 17278, "GEOSET": "GAUL", "GEOSET_YEAR": 2000.0, "GEOSET_VERSION": "GAUL_v1", "GEOSET_UNIT": "ADM2", "CENTROID_LONG": -88.708552432324197, "CENTROID_LAT": 14.896809365452683 }, "geometry": { "type": "MultiPolygon", "coordinates": [ [ [ [ -88.6383362, 14.9027233 ], [ -88.6327057, 14.8807173 ], [ -88.7500076, 14.872221 ], [ -88.7820282, 14.8939877 ], [ -88.7596817, 14.9187002 ], [ -88.6884613, 14.9219112 ], [ -88.6383362, 14.9027233 ] ] ] ] } },
{ "type": "Feature", "properties": { "POLYGON_ID": "HND_GAUL2000_ADM2_17279", "ADM0_ISO3": "HND", "ADM0_NAME": "Honduras", "ADM0_CODE": 111, "ADM1_NAME": "Copan", "ADM1_CODE": 1424, "ADM2_NAME": "San Juan De Opoa", "ADM2_CODE": 17279, "GEOSET": "GAUL", "GEOSET_YEAR": 2000.0, "GEOSET_VERSION": "GAUL_v1", "GEOSET_UNIT": "ADM2", "CENTROID_LONG": -88.695923914771257, "CENTROID_LAT": 14.792569254023599 }, "geometry": { "type": "MultiPolygon", "coordinates": [ [ [ [ -88.6481628, 14.8389168 ], [ -88.6719971, 14.7969294 ], [ -88.6585846, 14.7480297 ], [ -88.7237167, 14.7567883 ], [ -88.7416458, 14.8174744 ], [ -88.6481628, 14.8389168 ] ] ] ] } },
{ "type": "Feature", "properties": { "POLYGON_ID": "HND_GAUL2000_ADM2_17280", "ADM0_ISO3": "HND", "ADM0_NAME": "Honduras", "ADM0_CODE": 111, "ADM1_NAME": "Copan", "ADM1_CODE": 1424, "ADM2_NAME": "San Nicolas", "ADM2_CODE": 17280, "GEOSET": "GAUL", "GEOSET_YEAR": 2000.0, "GEOSET_VERSION": "GAUL_v1", "GEOSET_UNIT": "ADM2", "CENTROID_LONG": -88.745263884341114, "CENTROID_LAT": 14.98459815251007 }, "geometry": { "type": "MultiPolygon", "coordinates": [ [ [ [ -88.6704407, 15.0184813 ], [ -88.6731186, 14.9987297 ], [ -88.6892776, 14.9543476 ], [ -88.8128433, 14.9646187 ], [ -88.824234, 14.9733982 ], [ -88.8242416, 14.9736052 ], [ -88.8098526, 15.0072031 ], [ -88.7753906, 15.0143814 ], [ -88.7347031, 14.9996576 ], [ -88.6704407, 15.0184813 ] ] ] ] } },
{ "type": "Feature", "properties": { "POLYGON_ID": "HND_GAUL2000_ADM2_17281", "ADM0_ISO3": "HND", "ADM0_NAME": "Honduras", "ADM0_CODE": 111, "ADM1_NAME": "Copan", "ADM1_CODE": 1424, "ADM2_NAME": "San Pedro", "ADM2_CODE": 17281, "GEOSET": "GAUL", "GEOSET_YEAR": 2000.0, "GEOSET_VERSION": "GAUL_v1", "GEOSET_UNIT": "ADM2", "CENTROID_LONG": -88.802096850860153, "CENTROID_LAT": 14.601945846351752 }, "geometry": { "type": "MultiPolygon", "coordinates": [ [ [ [ -88.7478027, 14.6286001 ], [ -88.7281799, 14.5969772 ], [ -88.7329712, 14.5916986 ], [ -88.8281403, 14.5727205 ], [ -88.8731003, 14.5934935 ], [ -88.875473, 14.6212645 ], [ -88.7954636, 14.6139746 ], [ -88.7664871, 14.6361485 ], [ -88.7478027, 14.6286001 ] ] ] ] } },
{ "type": "Feature", "properties": { "POLYGON_ID": "HND_GAUL2000_ADM2_17282", "ADM0_ISO3": "HND", "ADM0_NAME": "Honduras", "ADM0_CODE": 111, "ADM1_NAME": "Copan", "ADM1_CODE": 1424, "ADM2_NAME": "Santa Rita", "ADM2_CODE": 17282, "GEOSET": "GAUL", "GEOSET_YEAR": 2000.0, "GEOSET_VERSION": "GAUL_v1", "GEOSET_UNIT": "ADM2", "CENTROID_LONG": -89.026046650937616, "CENTROID_LAT": 14.876320331466786 }, "geometry": { "type": "MultiPolygon", "coordinates": [ [ [ [ -88.9605179, 14.9449921 ], [ -88.9388809, 14.919241 ], [ -88.9344864, 14.8623133 ], [ -88.9747314, 14.786149 ], [ -89.0064392, 14.7626457 ], [ -89.0462799, 14.7946959 ], [ -89.0681381, 14.8425245 ], [ -89.1081161, 14.824542 ], [ -89.1297073, 14.9139605 ], [ -89.0884323, 14.9551058 ], [ -89.0415955, 14.9611683 ], [ -88.9605179, 14.9449921 ] ] ] ] } },
{ "type": "Feature", "properties": { "POLYGON_ID": "HND_GAUL2000_ADM2_17283", "ADM0_ISO3": "HND", "ADM0_NAME": "Honduras", "ADM0_CODE": 111, "ADM1_NAME": "Copan", "ADM1_CODE": 1424, "ADM2_NAME": "Santa Rosa De Copan", "ADM2_CODE": 17283, "GEOSET": "GAUL", "GEOSET_YEAR": 2000.0, "GEOSET_VERSION": "GAUL_v1", "GEOSET_UNIT": "ADM2", "CENTROID_LONG": -88.762875273154975, "CENTROID_LAT": 14.779738587922434 }, "geometry": { "type": "MultiPolygon", "coordinates": [ [ [ [ -88.6481628, 14.8389168 ], [ -88.7416458, 14.8174744 ], [ -88.7237167, 14.7567883 ], [ -88.6585846, 14.7480297 ], [ -88.6508636, 14.7204943 ], [ -88.6505127, 14.7005548 ], [ -88.7262421, 14.6914005 ], [ -88.7786865, 14.7027302 ], [ -88.8325424, 14.7349215 ], [ -88.88974, 14.7416067 ], [ -88.8945694, 14.765542 ], [ -88.8924713, 14.8572512 ], [ -88.8572617, 14.7968063 ], [ -88.8028336, 14.8077011 ], [ -88.7891998, 14.8306093 ], [ -88.7500076, 14.872221 ], [ -88.6327057, 14.8807173 ], [ -88.6481628, 14.8389168 ] ] ] ] } },
{ "type": "Feature", "properties": { "POLYGON_ID": "HND_GAUL2000_ADM2_17284", "ADM0_ISO3": "HND", "ADM0_NAME": "Honduras", "ADM0_CODE": 111, "ADM1_NAME": "Copan", "ADM1_CODE": 1424, "ADM2_NAME": "Trinidad", "ADM2_CODE": 17284, "GEOSET": "GAUL", "GEOSET_YEAR": 2000.0, "GEOSET_VERSION": "GAUL_v1", "GEOSET_UNIT": "ADM2", "CENTROID_LONG": -88.77001953565015, "CENTROID_LAT": 14.935445479854248 }, "geometry": { "type": "MultiPolygon", "coordinates": [ [ [ [ -88.6892776, 14.9543476 ], [ -88.6884613, 14.9219112 ], [ -88.7596817, 14.9187002 ], [ -88.7820282, 14.8939877 ], [ -88.8307495, 14.9159546 ], [ -88.8462906, 14.9430227 ], [ -88.8128433, 14.9646187 ], [ -88.6892776, 14.9543476 ] ] ] ] } },
{ "type": "Feature", "properties": { "POLYGON_ID": "HND_GAUL2000_ADM2_17285", "ADM0_ISO3": "HND", "ADM0_NAME": "Honduras", "ADM0_CODE": 111, "ADM1_NAME": "Copan", "ADM1_CODE": 1424, "ADM2_NAME": "Veracruz", "ADM2_CODE": 17285, "GEOSET": "GAUL", "GEOSET_YEAR": 2000.0, "GEOSET_VERSION": "GAUL_v1", "GEOSET_UNIT": "ADM2", "CENTROID_LONG": -88.789828444849377, "CENTROID_LAT": 14.87431743974744 }, "geometry": { "type": "MultiPolygon", "coordinates": [ [ [ [ -88.7820282, 14.8939877 ], [ -88.7500076, 14.872221 ], [ -88.7891998, 14.8306093 ], [ -88.8307495, 14.9159546 ], [ -88.7820282, 14.8939877 ] ] ] ] } },
{ "type": "Feature", "properties": { "POLYGON_ID": "HND_GAUL2000_ADM2_17286", "ADM0_ISO3": "HND", "ADM0_NAME": "Honduras", "ADM0_CODE": 111, "ADM1_NAME": "Cortes", "ADM1_CODE": 1425, "ADM2_NAME": "Choloma", "ADM2_CODE": 17286, "GEOSET": "GAUL", "GEOSET_YEAR": 2000.0, "GEOSET_VERSION": "GAUL_v1", "GEOSET_UNIT": "ADM2", "CENTROID_LONG": -87.932537260425434, "CENTROID_LAT": 15.641516458539703 }, "geometry": { "type": "MultiPolygon", "coordinates": [ [ [ [ -87.7887344, 15.5909214 ], [ -87.7924194, 15.5880623 ], [ -87.8583145, 15.5650673 ], [ -87.8590469, 15.537529 ], [ -87.969162, 15.5481997 ], [ -88.0500793, 15.6315384 ], [ -88.0658569, 15.674531 ], [ -87.9695587, 15.749032 ], [ -87.8672638, 15.7479 ], [ -87.8830261, 15.6994839 ], [ -87.8620377, 15.6638899 ], [ -87.7953644, 15.6194677 ], [ -87.7887344, 15.5909214 ] ] ] ] } },
{ "type": "Feature", "properties": { "POLYGON_ID": "HND_GAUL2000_ADM2_17287", "ADM0_ISO3": "HND", "ADM0_NAME": "Honduras", "ADM0_CODE": 111, "ADM1_NAME": "Cortes", "ADM1_CODE": 1425, "ADM2_NAME": "La Lima", "ADM2_CODE": 17287, "GEOSET": "GAUL", "GEOSET_YEAR": 2000.0, "GEOSET_VERSION": "GAUL_v1", "GEOSET_UNIT": "ADM2", "CENTROID_LONG": -87.865405362326712, "CENTROID_LAT": 15.486676739212768 }, "geometry": { "type": "MultiPolygon", "coordinates": [ [ [ [ -87.7924194, 15.5880623 ], [ -87.8233185, 15.5399332 ], [ -87.8315582, 15.4637928 ], [ -87.8608856, 15.4336824 ], [ -87.8731842, 15.4152632 ], [ -87.9612579, 15.4179983 ], [ -87.9324951, 15.4306269 ], [ -87.8590469, 15.537529 ], [ -87.8583145, 15.5650673 ], [ -87.7924194, 15.5880623 ] ] ] ] } },
{ "type": "Feature", "properties": { "POLYGON_ID": "HND_GAUL2000_ADM2_17288", "ADM0_ISO3": "HND", "ADM0_NAME": "Honduras", "ADM0_CODE": 111, "ADM1_NAME": "Cortes", "ADM1_CODE": 1425, "ADM2_NAME": "Omoa", "ADM2_CODE": 17288, "GEOSET": "GAUL", "GEOSET_YEAR": 2000.0, "GEOSET_VERSION": "GAUL_v1", "GEOSET_UNIT": "ADM2", "CENTROID_LONG": -88.177912648424424, "CENTROID_LAT": 15.663823715648832 }, "geometry": { "type": "MultiPolygon", "coordinates": [ [ [ [ -87.9711196, 15.802194 ], [ -87.9695587, 15.749032 ], [ -88.0658569, 15.674531 ], [ -88.1059036, 15.5999622 ], [ -88.1890869, 15.6271658 ], [ -88.325325, 15.5680141 ], [ -88.4303211, 15.5452184 ], [ -88.28411, 15.67123 ], [ -88.27678, 15.6811 ], [ -88.26881, 15.68387 ], [ -88.25957, 15.68294 ], [ -88.2570309, 15.6836147 ], [ -88.25607, 15.68387 ], [ -88.25193, 15.68726 ], [ -88.24655, 15.69372 ], [ -88.2462814, 15.694444 ], [ -88.24445, 15.69938 ], [ -88.25197, 15.71559 ], [ -88.24988, 15.71741 ], [ -88.2213203, 15.7204874 ], [ -88.1511473, 15.6814282 ], [ -88.0480781, 15.763418 ], [ -87.9711196, 15.802194 ] ] ] ] } },
{ "type": "Feature", "properties": { "POLYGON_ID": "HND_GAUL2000_ADM2_17289", "ADM0_ISO3": "HND", "ADM0_NAME": "Honduras", "ADM0_CODE": 111, "ADM1_NAME": "Cortes", "ADM1_CODE": 1425, "ADM2_NAME": "Pimienta", "ADM2_CODE": 17289, "GEOSET": "GAUL", "GEOSET_YEAR": 2000.0, "GEOSET_VERSION": "GAUL_v1", "GEOSET_UNIT": "ADM2", "CENTROID_LONG": -87.971258977381851, "CENTROID_LAT": 15.259585728145252 }, "geometry": { "type": "MultiPolygon", "coordinates": [ [ [ [ -87.9240952, 15.2883072 ], [ -87.9362564, 15.2358456 ], [ -88.0053635, 15.2245665 ], [ -88.0214844, 15.2736368 ], [ -87.9463043, 15.2937555 ], [ -87.9240952, 15.2883072 ] ] ] ] } },
{ "type": "Feature", "properties": { "POLYGON_ID": "HND_GAUL2000_ADM2_17290", "ADM0_ISO3": "HND", "ADM0_NAME": "Honduras", "ADM0_CODE": 111, "ADM1_NAME": "Cortes", "ADM1_CODE": 1425, "ADM2_NAME": "Potrerillos", "ADM2_CODE": 17290, "GEOSET": "GAUL", "GEOSET_YEAR": 2000.0, "GEOSET_VERSION": "GAUL_v1", "GEOSET_UNIT": "ADM2", "CENTROID_LONG": -87.95087359180512, "CENTROID_LAT": 15.180387160641347 }, "geometry": { "type": "MultiPolygon", "coordinates": [ [ [ [ -87.9362564, 15.2358456 ], [ -87.9182663, 15.2114162 ], [ -87.9023209, 15.1796312 ], [ -87.9334488, 15.0941124 ], [ -88.0169601, 15.2224436 ], [ -88.0053635, 15.2245665 ], [ -87.9362564, 15.2358456 ] ] ] ] } },
{ "type": "Feature", "properties": { "POLYGON_ID": "HND_GAUL2000_ADM2_17291", "ADM0_ISO3": "HND", "ADM0_NAME": "Honduras", "ADM0_CODE": 111, "ADM1_NAME": "Cortes", "ADM1_CODE": 1425, "ADM2_NAME": "Puerto Cortes", "ADM2_CODE": 17291, "GEOSET": "GAUL", "GEOSET_YEAR": 2000.0, "GEOSET_VERSION": "GAUL_v1", "GEOSET_UNIT": "ADM2", "CENTROID_LONG": -87.855404583956954, "CENTROID_LAT": 15.793089377495519 }, "geometry": { "type": "MultiPolygon", "coordinates": [ [ [ [ -87.7388309, 15.8972271 ], [ -87.7810135, 15.8568859 ], [ -87.804245, 15.80513 ], [ -87.7734604, 15.7568321 ], [ -87.783226, 15.7187166 ], [ -87.84552, 15.6838169 ], [ -87.8350372, 15.6517296 ], [ -87.7746124, 15.6060162 ], [ -87.7887344, 15.5909214 ], [ -87.7953644, 15.6194677 ], [ -87.8620377, 15.6638899 ], [ -87.8830261, 15.6994839 ], [ -87.8672638, 15.7479 ], [ -87.9695587, 15.749032 ], [ -87.9711196, 15.802194 ], [ -87.8682501, 15.8900701 ], [ -87.8134599, 15.90213 ], [ -87.7388309, 15.8972271 ] ] ], [ [ [ -87.7393126, 15.9095562 ], [ -87.7388981, 15.898946 ], [ -87.7393377, 15.9101973 ], [ -87.7393223, 15.9098041 ], [ -87.7393126, 15.9095562 ] ] ] ] } },
{ "type": "Feature", "properties": { "POLYGON_ID": "HND_GAUL2000_ADM2_17292", "ADM0_ISO3": "HND", "ADM0_NAME": "Honduras", "ADM0_CODE": 111, "ADM1_NAME": "Cortes", "ADM1_CODE": 1425, "ADM2_NAME": "San Antonio De Cortes", "ADM2_CODE": 17292, "GEOSET": "GAUL", "GEOSET_YEAR": 2000.0, "GEOSET_VERSION": "GAUL_v1", "GEOSET_UNIT": "ADM2", "CENTROID_LONG": -88.018584676832674, "CENTROID_LAT": 15.12126315297998 }, "geometry": { "type": "MultiPolygon", "coordinates": [ [ [ [ -87.9334488, 15.0941124 ], [ -87.9401703, 15.0498867 ], [ -88.0223618, 15.0450907 ], [ -88.0915527, 15.0897818 ], [ -88.0994644, 15.1399536 ], [ -88.05896, 15.1999846 ], [ -88.0169601, 15.2224436 ], [ -87.9334488, 15.0941124 ] ] ] ] } },
{ "type": "Feature", "properties": { "POLYGON_ID": "HND_GAUL2000_ADM2_17293", "ADM0_ISO3": "HND", "ADM0_NAME": "Honduras", "ADM0_CODE": 111, "ADM1_NAME": "Cortes", "ADM1_CODE": 1425, "ADM2_NAME": "San Francisco  De Yojoa", "ADM2_CODE": 17293, "GEOSET": "GAUL", "GEOSET_YEAR": 2000.0, "GEOSET_VERSION": "GAUL_v1", "GEOSET_UNIT": "ADM2", "CENTROID_LONG": -87.984592672609963, "CENTROID_LAT": 15.010303358661796 }, "geometry": { "type": "MultiPolygon", "coordinates": [ [ [ [ -87.9401703, 15.0498867 ], [ -87.9344635, 14.9931993 ], [ -87.9698944, 14.9685059 ], [ -88.0404816, 14.9811192 ], [ -88.0223618, 15.0450907 ], [ -87.9401703, 15.0498867 ] ] ] ] } },
{ "type": "Feature", "properties": { "POLYGON_ID": "HND_GAUL2000_ADM2_17294", "ADM0_ISO3": "HND", "ADM0_NAME": "Honduras", "ADM0_CODE": 111, "ADM1_NAME": "Cortes", "ADM1_CODE": 1425, "ADM2_NAME": "San Manuel", "ADM2_CODE": 17294, "GEOSET": "GAUL", "GEOSET_YEAR": 2000.0, "GEOSET_VERSION": "GAUL_v1", "GEOSET_UNIT": "ADM2", "CENTROID_LONG": -87.908130112149621, "CENTROID_LAT": 15.369448108589069 }, "geometry": { "type": "MultiPolygon", "coordinates": [ [ [ [ -87.9240952, 15.2883072 ], [ -87.9463043, 15.2937555 ], [ -87.9739075, 15.4112864 ], [ -87.9612579, 15.4179983 ], [ -87.8731842, 15.4152632 ], [ -87.8608856, 15.4336824 ], [ -87.8289108, 15.4182911 ], [ -87.8501587, 15.3655281 ], [ -87.9240952, 15.2883072 ] ] ] ] } },
{ "type": "Feature", "properties": { "POLYGON_ID": "HND_GAUL2000_ADM2_17295", "ADM0_ISO3": "HND", "ADM0_NAME": "Honduras", "ADM0_CODE": 111, "ADM1_NAME": "Cortes", "ADM1_CODE": 1425, "ADM2_NAME": "San Pedro Sula", "ADM2_CODE": 17295, "GEOSET": "GAUL", "GEOSET_YEAR": 2000.0, "GEOSET_VERSION": "GAUL_v1", "GEOSET_UNIT": "ADM2", "CENTROID_LONG": -88.11659981423351, "CENTROID_LAT": 15.510138766775961 }, "geometry": { "type": "MultiPolygon", "coordinates": [ [ [ [ -87.8590469, 15.537529 ], [ -87.9324951, 15.4306269 ], [ -87.9612579, 15.4179983 ], [ -87.9739075, 15.4112864 ], [ -88.1019669, 15.4063816 ], [ -88.146225, 15.367157 ], [ -88.2297821, 15.3993301 ], [ -88.2366028, 15.4864292 ], [ -88.4344041, 15.54182 ], [ -88.4303211, 15.5452184 ], [ -88.325325, 15.5680141 ], [ -88.1890869, 15.6271658 ], [ -88.1059036, 15.5999622 ], [ -88.0658569, 15.674531 ], [ -88.0500793, 15.6315384 ], [ -87.969162, 15.5481997 ], [ -87.8590469, 15.537529 ] ] ] ] } },
{ "type": "Feature", "properties": { "POLYGON_ID": "HND_GAUL2000_ADM2_17296", "ADM0_ISO3": "HND", "ADM0_NAME": "Honduras", "ADM0_CODE": 111, "ADM1_NAME": "Cortes", "ADM1_CODE": 1425, "ADM2_NAME": "Santa Cruz De Yojoa", "ADM2_CODE": 17296, "GEOSET": "GAUL", "GEOSET_YEAR": 2000.0, "GEOSET_VERSION": "GAUL_v1", "GEOSET_UNIT": "ADM2", "CENTROID_LONG": -87.880459853484368, "CENTROID_LAT": 14.987140278720558 }, "geometry": { "type": "MultiPolygon", "coordinates": [ [ [ [ -87.7736435, 15.1333485 ], [ -87.7425537, 15.105092 ], [ -87.7432632, 15.0044556 ], [ -87.7366104, 14.9680176 ], [ -87.7840424, 14.9210958 ], [ -87.8449707, 14.8929605 ], [ -87.8968582, 14.8410606 ], [ -87.9892273, 14.7851458 ], [ -87.9985962, 14.8061085 ], [ -87.9916306, 14.8659077 ], [ -88.0514908, 14.9159479 ], [ -88.0404816, 14.9811192 ], [ -87.9698944, 14.9685059 ], [ -87.9344635, 14.9931993 ], [ -87.9401703, 15.0498867 ], [ -87.9334488, 15.0941124 ], [ -87.9023209, 15.1796312 ], [ -87.8419876, 15.1473475 ], [ -87.7736435, 15.1333485 ] ] ] ] } },
{ "type": "Feature", "properties": { "POLYGON_ID": "HND_GAUL2000_ADM2_17297", "ADM0_ISO3": "HND", "ADM0_NAME": "Honduras", "ADM0_CODE": 111, "ADM1_NAME": "Cortes", "ADM1_CODE": 1425, "ADM2_NAME": "Villanueva", "ADM2_CODE": 17297, "GEOSET": "GAUL", "GEOSET_YEAR": 2000.0, "GEOSET_VERSION": "GAUL_v1", "GEOSET_UNIT": "ADM2", "CENTROID_LONG": -88.048946579379901, "CENTROID_LAT": 15.317651935191044 }, "geometry": { "type": "MultiPolygon", "coordinates": [ [ [ [ -87.9739075, 15.4112864 ], [ -87.9463043, 15.2937555 ], [ -88.0214844, 15.2736368 ], [ -88.0053635, 15.2245665 ], [ -88.0169601, 15.2224436 ], [ -88.05896, 15.1999846 ], [ -88.0990295, 15.2050114 ], [ -88.1206589, 15.2502518 ], [ -88.1295319, 15.3608456 ], [ -88.1458511, 15.3672066 ], [ -88.146225, 15.367157 ], [ -88.1019669, 15.4063816 ], [ -87.9739075, 15.4112864 ] ] ] ] } },
{ "type": "Feature", "properties": { "POLYGON_ID": "HND_GAUL2000_ADM2_17298", "ADM0_ISO3": "HND", "ADM0_NAME": "Honduras", "ADM0_CODE": 111, "ADM1_NAME": "Francisco Morazan", "ADM1_CODE": 1426, "ADM2_NAME": "Alubaren", "ADM2_CODE": 17298, "GEOSET": "GAUL", "GEOSET_YEAR": 2000.0, "GEOSET_VERSION": "GAUL_v1", "GEOSET_UNIT": "ADM2", "CENTROID_LONG": -87.477544248884229, "CENTROID_LAT": 13.783647094460834 }, "geometry": { "type": "MultiPolygon", "coordinates": [ [ [ [ -87.4174576, 13.757309 ], [ -87.4593811, 13.7534866 ], [ -87.530365, 13.7932405 ], [ -87.4960556, 13.8211346 ], [ -87.4174576, 13.757309 ] ] ] ] } },
{ "type": "Feature", "properties": { "POLYGON_ID": "HND_GAUL2000_ADM2_17299", "ADM0_ISO3": "HND", "ADM0_NAME": "Honduras", "ADM0_CODE": 111, "ADM1_NAME": "Francisco Morazan", "ADM1_CODE": 1426, "ADM2_NAME": "Cedros", "ADM2_CODE": 17299, "GEOSET": "GAUL", "GEOSET_YEAR": 2000.0, "GEOSET_VERSION": "GAUL_v1", "GEOSET_UNIT": "ADM2", "CENTROID_LONG": -87.213516561922461, "CENTROID_LAT": 14.511691578703331 }, "geometry": { "type": "MultiPolygon", "coordinates": [ [ [ [ -87.1217804, 14.6572886 ], [ -87.0725555, 14.6418447 ], [ -87.0481415, 14.6008873 ], [ -87.0346527, 14.4700203 ], [ -87.1168518, 14.4577522 ], [ -87.1851196, 14.4633713 ], [ -87.2301331, 14.4235163 ], [ -87.2488327, 14.3642807 ], [ -87.3388977, 14.3453522 ], [ -87.4094467, 14.3609686 ], [ -87.4054489, 14.3705502 ], [ -87.420372, 14.4396496 ], [ -87.3398743, 14.4672213 ], [ -87.3191071, 14.5075989 ], [ -87.3448181, 14.5557795 ], [ -87.2542343, 14.5527239 ], [ -87.2302551, 14.6645308 ], [ -87.1834946, 14.6938133 ], [ -87.1217804, 14.6572886 ] ] ] ] } },
{ "type": "Feature", "properties": { "POLYGON_ID": "HND_GAUL2000_ADM2_17300", "ADM0_ISO3": "HND", "ADM0_NAME": "Honduras", "ADM0_CODE": 111, "ADM1_NAME": "Francisco Morazan", "ADM1_CODE": 1426, "ADM2_NAME": "Curaren", "ADM2_CODE": 17300, "GEOSET": "GAUL", "GEOSET_YEAR": 2000.0, "GEOSET_VERSION": "GAUL_v1", "GEOSET_UNIT": "ADM2", "CENTROID_LONG": -87.573627156185239, "CENTROID_LAT": 13.82670862849533 }, "geometry": { "type": "MultiPolygon", "coordinates": [ [ [ [ -87.4936447, 13.9279575 ], [ -87.4960556, 13.8211346 ], [ -87.530365, 13.7932405 ], [ -87.5249405, 13.7417059 ], [ -87.5510254, 13.7204599 ], [ -87.6029968, 13.7220192 ], [ -87.6554413, 13.7395391 ], [ -87.6499252, 13.7842798 ], [ -87.6504745, 13.8228693 ], [ -87.6248398, 13.868391 ], [ -87.6059113, 13.9451084 ], [ -87.5605164, 13.9193258 ], [ -87.4936447, 13.9279575 ] ] ] ] } },
{ "type": "Feature", "properties": { "POLYGON_ID": "HND_GAUL2000_ADM2_17301", "ADM0_ISO3": "HND", "ADM0_NAME": "Honduras", "ADM0_CODE": 111, "ADM1_NAME": "Francisco Morazan", "ADM1_CODE": 1426, "ADM2_NAME": "Distrito Central", "ADM2_CODE": 17301, "GEOSET": "GAUL", "GEOSET_YEAR": 2000.0, "GEOSET_VERSION": "GAUL_v1", "GEOSET_UNIT": "ADM2", "CENTROID_LONG": -87.258956952560069, "CENTROID_LAT": 14.169484804392411 }, "geometry": { "type": "MultiPolygon", "coordinates": [ [ [ [ -87.1147385, 14.2858496 ], [ -87.1361465, 14.2472305 ], [ -87.0367508, 14.2114868 ], [ -87.017334, 14.2274742 ], [ -87.0157242, 14.2160921 ], [ -87.0769348, 14.1707344 ], [ -87.1395264, 14.1379967 ], [ -87.1363602, 14.0933237 ], [ -87.1030655, 14.0744019 ], [ -87.0595779, 14.0962687 ], [ -87.0583344, 14.0959721 ], [ -87.0610199, 14.0475435 ], [ -87.111702, 14.0280161 ], [ -87.1319275, 13.9599295 ], [ -87.0931778, 13.945878 ], [ -87.1271591, 13.8872185 ], [ -87.1871719, 13.9558048 ], [ -87.1988373, 13.9580441 ], [ -87.2499313, 13.9835043 ], [ -87.3809052, 14.0107098 ], [ -87.3615036, 14.0743513 ], [ -87.4266586, 14.1136303 ], [ -87.4768066, 14.1992102 ], [ -87.4745865, 14.2019157 ], [ -87.4251633, 14.2313805 ], [ -87.482338, 14.2827578 ], [ -87.4094467, 14.3609686 ], [ -87.3388977, 14.3453522 ], [ -87.2488327, 14.3642807 ], [ -87.148735, 14.3615608 ], [ -87.1147385, 14.2858496 ] ] ] ] } },
{ "type": "Feature", "properties": { "POLYGON_ID": "HND_GAUL2000_ADM2_17302", "ADM0_ISO3": "HND", "ADM0_NAME": "Honduras", "ADM0_CODE": 111, "ADM1_NAME": "Francisco Morazan", "ADM1_CODE": 1426, "ADM2_NAME": "El Porvenir", "ADM2_CODE": 17302, "GEOSET": "GAUL", "GEOSET_YEAR": 2000.0, "GEOSET_VERSION": "GAUL_v1", "GEOSET_UNIT": "ADM2", "CENTROID_LONG": -87.243396835037132, "CENTROID_LAT": 14.699343514720946 }, "geometry": { "type": "MultiPolygon", "coordinates": [ [ [ [ -87.1853943, 14.8364496 ], [ -87.1533432, 14.8149519 ], [ -87.1704254, 14.7697783 ], [ -87.1215439, 14.6961088 ], [ -87.1217804, 14.6572886 ], [ -87.1834946, 14.6938133 ], [ -87.2302551, 14.6645308 ], [ -87.2542343, 14.5527239 ], [ -87.3448181, 14.5557795 ], [ -87.3530731, 14.5963573 ], [ -87.3353271, 14.6662941 ], [ -87.2865448, 14.6908894 ], [ -87.2769165, 14.7264481 ], [ -87.2713013, 14.7481947 ], [ -87.2881546, 14.8004828 ], [ -87.2338333, 14.8486528 ], [ -87.1853943, 14.8364496 ] ] ] ] } },
{ "type": "Feature", "properties": { "POLYGON_ID": "HND_GAUL2000_ADM2_17303", "ADM0_ISO3": "HND", "ADM0_NAME": "Honduras", "ADM0_CODE": 111, "ADM1_NAME": "Francisco Morazan", "ADM1_CODE": 1426, "ADM2_NAME": "Guaimaca", "ADM2_CODE": 17303, "GEOSET": "GAUL", "GEOSET_YEAR": 2000.0, "GEOSET_VERSION": "GAUL_v1", "GEOSET_UNIT": "ADM2", "CENTROID_LONG": -86.883111359342848, "CENTROID_LAT": 14.504894672046813 }, "geometry": { "type": "MultiPolygon", "coordinates": [ [ [ [ -86.8407898, 14.6317749 ], [ -86.8162384, 14.6303806 ], [ -86.7555618, 14.564024 ], [ -86.7633896, 14.5322371 ], [ -86.7271118, 14.4118509 ], [ -86.8422928, 14.3213997 ], [ -86.8407211, 14.3068752 ], [ -86.8979492, 14.3664236 ], [ -86.9208984, 14.3678398 ], [ -86.8953934, 14.4261131 ], [ -86.9456711, 14.4531212 ], [ -87.0346527, 14.4700203 ], [ -87.0481415, 14.6008873 ], [ -86.9994125, 14.6499109 ], [ -86.9313965, 14.6306515 ], [ -86.8407898, 14.6317749 ] ] ] ] } },
{ "type": "Feature", "properties": { "POLYGON_ID": "HND_GAUL2000_ADM2_17304", "ADM0_ISO3": "HND", "ADM0_NAME": "Honduras", "ADM0_CODE": 111, "ADM1_NAME": "Francisco Morazan", "ADM1_CODE": 1426, "ADM2_NAME": "La Libertad", "ADM2_CODE": 17304, "GEOSET": "GAUL", "GEOSET_YEAR": 2000.0, "GEOSET_VERSION": "GAUL_v1", "GEOSET_UNIT": "ADM2", "CENTROID_LONG": -87.500027377844418, "CENTROID_LAT": 13.709293097654255 }, "geometry": { "type": "MultiPolygon", "coordinates": [ [ [ [ -87.5249405, 13.7417059 ], [ -87.4616699, 13.7075644 ], [ -87.4615479, 13.672061 ], [ -87.464325, 13.6726017 ], [ -87.5510254, 13.7204599 ], [ -87.5249405, 13.7417059 ] ] ] ] } },
{ "type": "Feature", "properties": { "POLYGON_ID": "HND_GAUL2000_ADM2_17305", "ADM0_ISO3": "HND", "ADM0_NAME": "Honduras", "ADM0_CODE": 111, "ADM1_NAME": "Francisco Morazan", "ADM1_CODE": 1426, "ADM2_NAME": "La Venta", "ADM2_CODE": 17305, "GEOSET": "GAUL", "GEOSET_YEAR": 2000.0, "GEOSET_VERSION": "GAUL_v1", "GEOSET_UNIT": "ADM2", "CENTROID_LONG": -87.332819676969294, "CENTROID_LAT": 13.72305095594813 }, "geometry": { "type": "MultiPolygon", "coordinates": [ [ [ [ -87.2665482, 13.6786737 ], [ -87.3014297, 13.6750298 ], [ -87.3629837, 13.6790743 ], [ -87.3641281, 13.6901636 ], [ -87.3975296, 13.7169685 ], [ -87.3831863, 13.7548819 ], [ -87.3829041, 13.7888212 ], [ -87.3305664, 13.7600632 ], [ -87.2892532, 13.7628927 ], [ -87.2665482, 13.6786737 ] ] ] ] } },
{ "type": "Feature", "properties": { "POLYGON_ID": "HND_GAUL2000_ADM2_17306", "ADM0_ISO3": "HND", "ADM0_NAME": "Honduras", "ADM0_CODE": 111, "ADM1_NAME": "Francisco Morazan", "ADM1_CODE": 1426, "ADM2_NAME": "Lepaterique", "ADM2_CODE": 17306, "GEOSET": "GAUL", "GEOSET_YEAR": 2000.0, "GEOSET_VERSION": "GAUL_v1", "GEOSET_UNIT": "ADM2", "CENTROID_LONG": -87.502990305962925, "CENTROID_LAT": 14.039914015479258 }, "geometry": { "type": "MultiPolygon", "coordinates": [ [ [ [ -87.3809052, 14.0107098 ], [ -87.4491119, 13.9308548 ], [ -87.4936447, 13.9279575 ], [ -87.5605164, 13.9193258 ], [ -87.6059113, 13.9451084 ], [ -87.6256104, 14.0747499 ], [ -87.5892639, 14.1344414 ], [ -87.5519638, 14.1281109 ], [ -87.4875946, 14.1704721 ], [ -87.4768066, 14.1992102 ], [ -87.4266586, 14.1136303 ], [ -87.3615036, 14.0743513 ], [ -87.3809052, 14.0107098 ] ] ] ] } },
{ "type": "Feature", "properties": { "POLYGON_ID": "HND_GAUL2000_ADM2_17307", "ADM0_ISO3": "HND", "ADM0_NAME": "Honduras", "ADM0_CODE": 111, "ADM1_NAME": "Francisco Morazan", "ADM1_CODE": 1426, "ADM2_NAME": "Maraita", "ADM2_CODE": 17307, "GEOSET": "GAUL", "GEOSET_YEAR": 2000.0, "GEOSET_VERSION": "GAUL_v1", "GEOSET_UNIT": "ADM2", "CENTROID_LONG": -87.06264020069554, "CENTROID_LAT": 13.861098616653445 }, "geometry": { "type": "MultiPolygon", "coordinates": [ [ [ [ -86.9942245, 13.9483652 ], [ -86.9988861, 13.812746 ], [ -87.0162811, 13.7835512 ], [ -87.0397949, 13.7657614 ], [ -87.0829926, 13.7704763 ], [ -87.1186066, 13.8024559 ], [ -87.1598206, 13.8398132 ], [ -87.1518707, 13.8631477 ], [ -87.1271591, 13.8872185 ], [ -87.0931778, 13.945878 ], [ -87.0548935, 13.9285898 ], [ -87.017746, 13.9758253 ], [ -86.9942245, 13.9483652 ] ] ] ] } },
{ "type": "Feature", "properties": { "POLYGON_ID": "HND_GAUL2000_ADM2_17308", "ADM0_ISO3": "HND", "ADM0_NAME": "Honduras", "ADM0_CODE": 111, "ADM1_NAME": "Francisco Morazan", "ADM1_CODE": 1426, "ADM2_NAME": "Marale", "ADM2_CODE": 17308, "GEOSET": "GAUL", "GEOSET_YEAR": 2000.0, "GEOSET_VERSION": "GAUL_v1", "GEOSET_UNIT": "ADM2", "CENTROID_LONG": -87.109851871198842, "CENTROID_LAT": 14.924844291599566 }, "geometry": { "type": "MultiPolygon", "coordinates": [ [ [ [ -87.0136108, 15.0041561 ], [ -86.9924088, 14.9750881 ], [ -86.9245148, 14.9300613 ], [ -86.9440994, 14.9089375 ], [ -86.9932709, 14.914196 ], [ -87.0592346, 14.8415823 ], [ -87.1853943, 14.8364496 ], [ -87.2338333, 14.8486528 ], [ -87.2406082, 14.867754 ], [ -87.246666, 14.9260426 ], [ -87.2124786, 14.9556494 ], [ -87.2134399, 14.9978809 ], [ -87.1850739, 15.0145082 ], [ -87.1094742, 15.0030785 ], [ -87.0136108, 15.0041561 ] ] ] ] } },
{ "type": "Feature", "properties": { "POLYGON_ID": "HND_GAUL2000_ADM2_17309", "ADM0_ISO3": "HND", "ADM0_NAME": "Honduras", "ADM0_CODE": 111, "ADM1_NAME": "Francisco Morazan", "ADM1_CODE": 1426, "ADM2_NAME": "Nueva Armenia", "ADM2_CODE": 17309, "GEOSET": "GAUL", "GEOSET_YEAR": 2000.0, "GEOSET_VERSION": "GAUL_v1", "GEOSET_UNIT": "ADM2", "CENTROID_LONG": -87.164219208422026, "CENTROID_LAT": 13.739342914891115 }, "geometry": { "type": "MultiPolygon", "coordinates": [ [ [ [ -87.1598206, 13.8398132 ], [ -87.1186066, 13.8024559 ], [ -87.1303711, 13.7446547 ], [ -87.1015549, 13.704339 ], [ -87.1251373, 13.6489859 ], [ -87.1863785, 13.6804791 ], [ -87.2135925, 13.6626787 ], [ -87.2502823, 13.6791801 ], [ -87.1966171, 13.7218943 ], [ -87.2012711, 13.8332853 ], [ -87.1598206, 13.8398132 ] ] ] ] } },
{ "type": "Feature", "properties": { "POLYGON_ID": "HND_GAUL2000_ADM2_17310", "ADM0_ISO3": "HND", "ADM0_NAME": "Honduras", "ADM0_CODE": 111, "ADM1_NAME": "Francisco Morazan", "ADM1_CODE": 1426, "ADM2_NAME": "Ojojona", "ADM2_CODE": 17310, "GEOSET": "GAUL", "GEOSET_YEAR": 2000.0, "GEOSET_VERSION": "GAUL_v1", "GEOSET_UNIT": "ADM2", "CENTROID_LONG": -87.341163961066329, "CENTROID_LAT": 13.922865583145585 }, "geometry": { "type": "MultiPolygon", "coordinates": [ [ [ [ -87.2499313, 13.9835043 ], [ -87.2857056, 13.9367571 ], [ -87.2695694, 13.8847961 ], [ -87.2876053, 13.8426142 ], [ -87.3472061, 13.8202963 ], [ -87.3711548, 13.8349953 ], [ -87.4073715, 13.9297991 ], [ -87.4491119, 13.9308548 ], [ -87.3809052, 14.0107098 ], [ -87.2499313, 13.9835043 ] ] ] ] } },
{ "type": "Feature", "properties": { "POLYGON_ID": "HND_GAUL2000_ADM2_17311", "ADM0_ISO3": "HND", "ADM0_NAME": "Honduras", "ADM0_CODE": 111, "ADM1_NAME": "Francisco Morazan", "ADM1_CODE": 1426, "ADM2_NAME": "Orica", "ADM2_CODE": 17311, "GEOSET": "GAUL", "GEOSET_YEAR": 2000.0, "GEOSET_VERSION": "GAUL_v1", "GEOSET_UNIT": "ADM2", "CENTROID_LONG": -86.958557107810961, "CENTROID_LAT": 14.761261936994426 }, "geometry": { "type": "MultiPolygon", "coordinates": [ [ [ [ -86.9440994, 14.9089375 ], [ -86.9556274, 14.8907928 ], [ -86.9093628, 14.7884054 ], [ -86.8708954, 14.6587458 ], [ -86.8407898, 14.6317749 ], [ -86.9313965, 14.6306515 ], [ -86.9994125, 14.6499109 ], [ -87.0007172, 14.7570448 ], [ -87.0592346, 14.8415823 ], [ -86.9932709, 14.914196 ], [ -86.9440994, 14.9089375 ] ] ] ] } },
{ "type": "Feature", "properties": { "POLYGON_ID": "HND_GAUL2000_ADM2_17312", "ADM0_ISO3": "HND", "ADM0_NAME": "Honduras", "ADM0_CODE": 111, "ADM1_NAME": "Francisco Morazan", "ADM1_CODE": 1426, "ADM2_NAME": "Reitoca", "ADM2_CODE": 17312, "GEOSET": "GAUL", "GEOSET_YEAR": 2000.0, "GEOSET_VERSION": "GAUL_v1", "GEOSET_UNIT": "ADM2", "CENTROID_LONG": -87.434910728264214, "CENTROID_LAT": 13.849364155018076 }, "geometry": { "type": "MultiPolygon", "coordinates": [ [ [ [ -87.3711548, 13.8349953 ], [ -87.3829041, 13.7888212 ], [ -87.3831863, 13.7548819 ], [ -87.4174576, 13.757309 ], [ -87.4960556, 13.8211346 ], [ -87.4936447, 13.9279575 ], [ -87.4491119, 13.9308548 ], [ -87.4073715, 13.9297991 ], [ -87.3711548, 13.8349953 ] ] ] ] } },
{ "type": "Feature", "properties": { "POLYGON_ID": "HND_GAUL2000_ADM2_17313", "ADM0_ISO3": "HND", "ADM0_NAME": "Honduras", "ADM0_CODE": 111, "ADM1_NAME": "Francisco Morazan", "ADM1_CODE": 1426, "ADM2_NAME": "Sabanagrande", "ADM2_CODE": 17313, "GEOSET": "GAUL", "GEOSET_YEAR": 2000.0, "GEOSET_VERSION": "GAUL_v1", "GEOSET_UNIT": "ADM2", "CENTROID_LONG": -87.26691835330989, "CENTROID_LAT": 13.789142683333159 }, "geometry": { "type": "MultiPolygon", "coordinates": [ [ [ [ -87.2012711, 13.8332853 ], [ -87.1966171, 13.7218943 ], [ -87.2502823, 13.6791801 ], [ -87.2665482, 13.6786737 ], [ -87.2892532, 13.7628927 ], [ -87.3305664, 13.7600632 ], [ -87.3829041, 13.7888212 ], [ -87.3711548, 13.8349953 ], [ -87.3472061, 13.8202963 ], [ -87.2876053, 13.8426142 ], [ -87.2695694, 13.8847961 ], [ -87.2317734, 13.8896809 ], [ -87.2012711, 13.8332853 ] ] ] ] } },
{ "type": "Feature", "properties": { "POLYGON_ID": "HND_GAUL2000_ADM2_17314", "ADM0_ISO3": "HND", "ADM0_NAME": "Honduras", "ADM0_CODE": 111, "ADM1_NAME": "Francisco Morazan", "ADM1_CODE": 1426, "ADM2_NAME": "San Antonio De Oriente", "ADM2_CODE": 17314, "GEOSET": "GAUL", "GEOSET_YEAR": 2000.0, "GEOSET_VERSION": "GAUL_v1", "GEOSET_UNIT": "ADM2", "CENTROID_LONG": -86.996820633690888, "CENTROID_LAT": 14.028997496208195 }, "geometry": { "type": "MultiPolygon", "coordinates": [ [ [ [ -86.9176712, 14.0415964 ], [ -86.9167709, 13.9908037 ], [ -86.9449463, 13.9510717 ], [ -86.9942245, 13.9483652 ], [ -87.017746, 13.9758253 ], [ -87.111702, 14.0280161 ], [ -87.0610199, 14.0475435 ], [ -87.0583344, 14.0959721 ], [ -86.9943619, 14.1147013 ], [ -86.9176712, 14.0415964 ] ] ] ] } },
{ "type": "Feature", "properties": { "POLYGON_ID": "HND_GAUL2000_ADM2_17315", "ADM0_ISO3": "HND", "ADM0_NAME": "Honduras", "ADM0_CODE": 111, "ADM1_NAME": "Francisco Morazan", "ADM1_CODE": 1426, "ADM2_NAME": "San Buenaventura", "ADM2_CODE": 17315, "GEOSET": "GAUL", "GEOSET_YEAR": 2000.0, "GEOSET_VERSION": "GAUL_v1", "GEOSET_UNIT": "ADM2", "CENTROID_LONG": -87.19139014056492, "CENTROID_LAT": 13.888148786865417 }, "geometry": { "type": "MultiPolygon", "coordinates": [ [ [ [ -87.1871719, 13.9558048 ], [ -87.1518707, 13.8631477 ], [ -87.1598206, 13.8398132 ], [ -87.2012711, 13.8332853 ], [ -87.2317734, 13.8896809 ], [ -87.1988373, 13.9580441 ], [ -87.1871719, 13.9558048 ] ] ] ] } },
{ "type": "Feature", "properties": { "POLYGON_ID": "HND_GAUL2000_ADM2_17316", "ADM0_ISO3": "HND", "ADM0_NAME": "Honduras", "ADM0_CODE": 111, "ADM1_NAME": "Francisco Morazan", "ADM1_CODE": 1426, "ADM2_NAME": "San Ignacio", "ADM2_CODE": 17316, "GEOSET": "GAUL", "GEOSET_YEAR": 2000.0, "GEOSET_VERSION": "GAUL_v1", "GEOSET_UNIT": "ADM2", "CENTROID_LONG": -87.077016557033318, "CENTROID_LAT": 14.737623404192725 }, "geometry": { "type": "MultiPolygon", "coordinates": [ [ [ [ -87.0592346, 14.8415823 ], [ -87.0007172, 14.7570448 ], [ -86.9994125, 14.6499109 ], [ -87.0481415, 14.6008873 ], [ -87.0725555, 14.6418447 ], [ -87.1217804, 14.6572886 ], [ -87.1215439, 14.6961088 ], [ -87.1704254, 14.7697783 ], [ -87.1533432, 14.8149519 ], [ -87.1853943, 14.8364496 ], [ -87.0592346, 14.8415823 ] ] ] ] } },
{ "type": "Feature", "properties": { "POLYGON_ID": "HND_GAUL2000_ADM2_17317", "ADM0_ISO3": "HND", "ADM0_NAME": "Honduras", "ADM0_CODE": 111, "ADM1_NAME": "Francisco Morazan", "ADM1_CODE": 1426, "ADM2_NAME": "San Juan De Flores", "ADM2_CODE": 17317, "GEOSET": "GAUL", "GEOSET_YEAR": 2000.0, "GEOSET_VERSION": "GAUL_v1", "GEOSET_UNIT": "ADM2", "CENTROID_LONG": -86.979901625282864, "CENTROID_LAT": 14.291957445444613 }, "geometry": { "type": "MultiPolygon", "coordinates": [ [ [ [ -86.9208984, 14.3678398 ], [ -86.8979492, 14.3664236 ], [ -86.8407211, 14.3068752 ], [ -86.8401642, 14.281806 ], [ -86.9067612, 14.2225876 ], [ -87.017334, 14.2274742 ], [ -87.0367508, 14.2114868 ], [ -87.1361465, 14.2472305 ], [ -87.1147385, 14.2858496 ], [ -87.0676498, 14.3366632 ], [ -87.0052109, 14.3605433 ], [ -86.9820938, 14.3882589 ], [ -86.9208984, 14.3678398 ] ] ] ] } },
{ "type": "Feature", "properties": { "POLYGON_ID": "HND_GAUL2000_ADM2_17318", "ADM0_ISO3": "HND", "ADM0_NAME": "Honduras", "ADM0_CODE": 111, "ADM1_NAME": "Francisco Morazan", "ADM1_CODE": 1426, "ADM2_NAME": "San Miguelito", "ADM2_CODE": 17318, "GEOSET": "GAUL", "GEOSET_YEAR": 2000.0, "GEOSET_VERSION": "GAUL_v1", "GEOSET_UNIT": "ADM2", "CENTROID_LONG": -87.494263797699162, "CENTROID_LAT": 13.749551165668775 }, "geometry": { "type": "MultiPolygon", "coordinates": [ [ [ [ -87.4593811, 13.7534866 ], [ -87.4616699, 13.7075644 ], [ -87.5249405, 13.7417059 ], [ -87.530365, 13.7932405 ], [ -87.4593811, 13.7534866 ] ] ] ] } },
{ "type": "Feature", "properties": { "POLYGON_ID": "HND_GAUL2000_ADM2_17319", "ADM0_ISO3": "HND", "ADM0_NAME": "Honduras", "ADM0_CODE": 111, "ADM1_NAME": "Francisco Morazan", "ADM1_CODE": 1426, "ADM2_NAME": "Santa  Ana", "ADM2_CODE": 17319, "GEOSET": "GAUL", "GEOSET_YEAR": 2000.0, "GEOSET_VERSION": "GAUL_v1", "GEOSET_UNIT": "ADM2", "CENTROID_LONG": -87.155400566666671, "CENTROID_LAT": 13.902057 }, "geometry": { "type": "MultiPolygon", "coordinates": [ [ [ [ -87.1271591, 13.8872185 ], [ -87.1518707, 13.8631477 ], [ -87.1871719, 13.9558048 ], [ -87.1271591, 13.8872185 ] ] ] ] } },
{ "type": "Feature", "properties": { "POLYGON_ID": "HND_GAUL2000_ADM2_17320", "ADM0_ISO3": "HND", "ADM0_NAME": "Honduras", "ADM0_CODE": 111, "ADM1_NAME": "Francisco Morazan", "ADM1_CODE": 1426, "ADM2_NAME": "Santa Ana", "ADM2_CODE": 17320, "GEOSET": "GAUL", "GEOSET_YEAR": 2000.0, "GEOSET_VERSION": "GAUL_v1", "GEOSET_UNIT": "ADM2", "CENTROID_LONG": -87.245212075401213, "CENTROID_LAT": 13.933199574085148 }, "geometry": { "type": "MultiPolygon", "coordinates": [ [ [ [ -87.1988373, 13.9580441 ], [ -87.2317734, 13.8896809 ], [ -87.2695694, 13.8847961 ], [ -87.2857056, 13.9367571 ], [ -87.2499313, 13.9835043 ], [ -87.1988373, 13.9580441 ] ] ] ] } },
{ "type": "Feature", "properties": { "POLYGON_ID": "HND_GAUL2000_ADM2_17321", "ADM0_ISO3": "HND", "ADM0_NAME": "Honduras", "ADM0_CODE": 111, "ADM1_NAME": "Francisco Morazan", "ADM1_CODE": 1426, "ADM2_NAME": "Santa Lucia", "ADM2_CODE": 17321, "GEOSET": "GAUL", "GEOSET_YEAR": 2000.0, "GEOSET_VERSION": "GAUL_v1", "GEOSET_UNIT": "ADM2", "CENTROID_LONG": -87.099841374639425, "CENTROID_LAT": 14.119182597139398 }, "geometry": { "type": "MultiPolygon", "coordinates": [ [ [ [ -87.0595779, 14.0962687 ], [ -87.1030655, 14.0744019 ], [ -87.1363602, 14.0933237 ], [ -87.1395264, 14.1379967 ], [ -87.0769348, 14.1707344 ], [ -87.0595779, 14.0962687 ] ] ] ] } },
{ "type": "Feature", "properties": { "POLYGON_ID": "HND_GAUL2000_ADM2_17322", "ADM0_ISO3": "HND", "ADM0_NAME": "Honduras", "ADM0_CODE": 111, "ADM1_NAME": "Francisco Morazan", "ADM1_CODE": 1426, "ADM2_NAME": "Talanga", "ADM2_CODE": 17322, "GEOSET": "GAUL", "GEOSET_YEAR": 2000.0, "GEOSET_VERSION": "GAUL_v1", "GEOSET_UNIT": "ADM2", "CENTROID_LONG": -87.078460896773933, "CENTROID_LAT": 14.402168301520655 }, "geometry": { "type": "MultiPolygon", "coordinates": [ [ [ [ -87.0346527, 14.4700203 ], [ -86.9456711, 14.4531212 ], [ -86.8953934, 14.4261131 ], [ -86.9208984, 14.3678398 ], [ -86.9820938, 14.3882589 ], [ -87.0052109, 14.3605433 ], [ -87.0676498, 14.3366632 ], [ -87.1147385, 14.2858496 ], [ -87.148735, 14.3615608 ], [ -87.2488327, 14.3642807 ], [ -87.2301331, 14.4235163 ], [ -87.1851196, 14.4633713 ], [ -87.1168518, 14.4577522 ], [ -87.0346527, 14.4700203 ] ] ] ] } },
{ "type": "Feature", "properties": { "POLYGON_ID": "HND_GAUL2000_ADM2_17323", "ADM0_ISO3": "HND", "ADM0_NAME": "Honduras", "ADM0_CODE": 111, "ADM1_NAME": "Francisco Morazan", "ADM1_CODE": 1426, "ADM2_NAME": "Tatumbla", "ADM2_CODE": 17323, "GEOSET": "GAUL", "GEOSET_YEAR": 2000.0, "GEOSET_VERSION": "GAUL_v1", "GEOSET_UNIT": "ADM2", "CENTROID_LONG": -87.079555836822493, "CENTROID_LAT": 13.975263432523882 }, "geometry": { "type": "MultiPolygon", "coordinates": [ [ [ [ -87.017746, 13.9758253 ], [ -87.0548935, 13.9285898 ], [ -87.0931778, 13.945878 ], [ -87.1319275, 13.9599295 ], [ -87.111702, 14.0280161 ], [ -87.017746, 13.9758253 ] ] ] ] } },
{ "type": "Feature", "properties": { "POLYGON_ID": "HND_GAUL2000_ADM2_17324", "ADM0_ISO3": "HND", "ADM0_NAME": "Honduras", "ADM0_CODE": 111, "ADM1_NAME": "Francisco Morazan", "ADM1_CODE": 1426, "ADM2_NAME": "Valle De Angeles", "ADM2_CODE": 17324, "GEOSET": "GAUL", "GEOSET_YEAR": 2000.0, "GEOSET_VERSION": "GAUL_v1", "GEOSET_UNIT": "ADM2", "CENTROID_LONG": -87.022238645957017, "CENTROID_LAT": 14.147092321046546 }, "geometry": { "type": "MultiPolygon", "coordinates": [ [ [ [ -86.9157562, 14.1334219 ], [ -86.9943619, 14.1147013 ], [ -87.0583344, 14.0959721 ], [ -87.0595779, 14.0962687 ], [ -87.0769348, 14.1707344 ], [ -87.0157242, 14.2160921 ], [ -87.0004501, 14.151557 ], [ -86.9157562, 14.1334219 ] ] ] ] } },
{ "type": "Feature", "properties": { "POLYGON_ID": "HND_GAUL2000_ADM2_17325", "ADM0_ISO3": "HND", "ADM0_NAME": "Honduras", "ADM0_CODE": 111, "ADM1_NAME": "Francisco Morazan", "ADM1_CODE": 1426, "ADM2_NAME": "Vallecillo", "ADM2_CODE": 17325, "GEOSET": "GAUL", "GEOSET_YEAR": 2000.0, "GEOSET_VERSION": "GAUL_v1", "GEOSET_UNIT": "ADM2", "CENTROID_LONG": -87.398295270203477, "CENTROID_LAT": 14.517349283360053 }, "geometry": { "type": "MultiPolygon", "coordinates": [ [ [ [ -87.3530731, 14.5963573 ], [ -87.3448181, 14.5557795 ], [ -87.3191071, 14.5075989 ], [ -87.3398743, 14.4672213 ], [ -87.420372, 14.4396496 ], [ -87.4680862, 14.462038 ], [ -87.4840164, 14.5077009 ], [ -87.4352798, 14.5495672 ], [ -87.4132385, 14.6097116 ], [ -87.3530731, 14.5963573 ] ] ] ] } },
{ "type": "Feature", "properties": { "POLYGON_ID": "HND_GAUL2000_ADM2_17326", "ADM0_ISO3": "HND", "ADM0_NAME": "Honduras", "ADM0_CODE": 111, "ADM1_NAME": "Francisco Morazan", "ADM1_CODE": 1426, "ADM2_NAME": "Villa De San Francisco", "ADM2_CODE": 17326, "GEOSET": "GAUL", "GEOSET_YEAR": 2000.0, "GEOSET_VERSION": "GAUL_v1", "GEOSET_UNIT": "ADM2", "CENTROID_LONG": -86.95877809218787, "CENTROID_LAT": 14.185504267063411 }, "geometry": { "type": "MultiPolygon", "coordinates": [ [ [ [ -86.9067612, 14.2225876 ], [ -86.9157562, 14.1334219 ], [ -87.0004501, 14.151557 ], [ -87.0157242, 14.2160921 ], [ -87.017334, 14.2274742 ], [ -86.9067612, 14.2225876 ] ] ] ] } },
{ "type": "Feature", "properties": { "POLYGON_ID": "HND_GAUL2000_ADM2_17327", "ADM0_ISO3": "HND", "ADM0_NAME": "Honduras", "ADM0_CODE": 111, "ADM1_NAME": "Gracias A Dios", "ADM1_CODE": 1427, "ADM2_NAME": "Brus Laguna", "ADM2_CODE": 17327, "GEOSET": "GAUL", "GEOSET_YEAR": 2000.0, "GEOSET_VERSION": "GAUL_v1", "GEOSET_UNIT": "ADM2", "CENTROID_LONG": -84.733177725739253, "CENTROID_LAT": 15.521380343345108 }, "geometry": { "type": "MultiPolygon", "coordinates": [ [ [ [ -84.2912967, 15.8035134 ], [ -84.2817841, 15.7527237 ], [ -84.3060608, 15.7133684 ], [ -84.3747025, 15.6750994 ], [ -84.3771133, 15.5855923 ], [ -84.3515854, 15.5185614 ], [ -84.4033813, 15.469799 ], [ -84.4440842, 15.4672928 ], [ -84.5116577, 15.4128485 ], [ -84.5062408, 15.3679447 ], [ -84.5564957, 15.3683147 ], [ -84.6136246, 15.2720242 ], [ -84.6357498, 15.1703882 ], [ -84.6228485, 15.136447 ], [ -84.6873322, 15.1262465 ], [ -84.76371, 15.0710659 ], [ -84.8109207, 15.0722008 ], [ -84.8694839, 15.0341549 ], [ -84.92659, 14.9616108 ], [ -84.9959793, 14.9605761 ], [ -84.9940186, 15.0612078 ], [ -84.9965591, 15.6328611 ], [ -84.9968593, 15.9802843 ], [ -84.80266, 15.90472 ], [ -84.68543, 15.8722099 ], [ -84.48723, 15.8315099 ], [ -84.30633, 15.8165999 ], [ -84.2912967, 15.8035134 ] ] ] ] } },
{ "type": "Feature", "properties": { "POLYGON_ID": "HND_GAUL2000_ADM2_17328", "ADM0_ISO3": "HND", "ADM0_NAME": "Honduras", "ADM0_CODE": 111, "ADM1_NAME": "Gracias A Dios", "ADM1_CODE": 1427, "ADM2_NAME": "Puerto Lempira", "ADM2_CODE": 17328, "GEOSET": "GAUL", "GEOSET_YEAR": 2000.0, "GEOSET_VERSION": "GAUL_v1", "GEOSET_UNIT": "ADM2", "CENTROID_LONG": -84.17738972767178, "CENTROID_LAT": 15.089781005140559 }, "geometry": { "type": "MultiPolygon", "coordinates": [ [ [ [ -83.14499, 14.9981309 ], [ -83.1559847, 14.9953072 ], [ -83.1578064, 14.9920826 ], [ -83.29101, 14.98288 ], [ -83.33072, 15.00756 ], [ -83.40726, 15.02128 ], [ -83.42773, 14.98726 ], [ -83.4837112, 15.0 ], [ -83.54533, 14.96744 ], [ -83.56364, 14.90999 ], [ -83.6714929, 14.8712187 ], [ -83.75701, 14.82345 ], [ -83.7634, 14.80209 ], [ -83.98029, 14.73998 ], [ -84.07757, 14.7524 ], [ -84.18016, 14.70788 ], [ -84.22873, 14.73124 ], [ -84.26904, 14.71894 ], [ -84.2544809, 14.6746286 ], [ -84.38317, 14.67725 ], [ -84.43308, 14.63188 ], [ -84.49804, 14.62101 ], [ -84.5245124, 14.65383 ], [ -84.58181, 14.65012 ], [ -84.74679, 14.71154 ], [ -84.79287, 14.80947 ], [ -84.81968, 14.82326 ], [ -84.90341, 14.80771 ], [ -84.92894, 14.75791 ], [ -84.9959335, 14.7246648 ], [ -84.9959793, 14.9605761 ], [ -84.92659, 14.9616108 ], [ -84.8694839, 15.0341549 ], [ -84.8109207, 15.0722008 ], [ -84.76371, 15.0710659 ], [ -84.6873322, 15.1262465 ], [ -84.6228485, 15.136447 ], [ -84.6357498, 15.1703882 ], [ -84.6136246, 15.2720242 ], [ -84.5564957, 15.3683147 ], [ -84.5062408, 15.3679447 ], [ -84.5116577, 15.4128485 ], [ -84.4440842, 15.4672928 ], [ -84.4033813, 15.469799 ], [ -84.3515854, 15.5185614 ], [ -84.3771133, 15.5855923 ], [ -84.3747025, 15.6750994 ], [ -84.3060608, 15.7133684 ], [ -84.2817841, 15.7527237 ], [ -84.2912967, 15.8035134 ], [ -84.1330701, 15.67835 ], [ -83.9494067, 15.514121 ], [ -83.8360299, 15.426 ], [ -83.92423, 15.4426099 ], [ -83.96867, 15.49826 ], [ -84.0420001, 15.5262001 ], [ -84.1154801, 15.47325 ], [ -84.10258, 15.43679 ], [ -84.13844, 15.3953 ], [ -84.1021699, 15.3420801 ], [ -84.05131, 15.37537 ], [ -83.97704, 15.39661 ], [ -83.8640399, 15.3196 ], [ -83.7683534, 15.2644789 ], [ -83.771, 15.2121399 ], [ -83.7208399, 15.19795 ], [ -83.7014701, 15.2384799 ], [ -83.64798, 15.26486 ], [ -83.6162001, 15.3324201 ], [ -83.4163787, 15.2674245 ], [ -83.3825557, 15.2475269 ], [ -83.3092094, 15.0934098 ], [ -83.2543227, 15.0449281 ], [ -83.14499, 14.9981309 ] ] ] ] } },
{ "type": "Feature", "properties": { "POLYGON_ID": "HND_GAUL2000_ADM2_17329", "ADM0_ISO3": "HND", "ADM0_NAME": "Honduras", "ADM0_CODE": 111, "ADM1_NAME": "Intibuca", "ADM1_CODE": 1428, "ADM2_NAME": "Camasca", "ADM2_CODE": 17329, "GEOSET": "GAUL", "GEOSET_YEAR": 2000.0, "GEOSET_VERSION": "GAUL_v1", "GEOSET_UNIT": "ADM2", "CENTROID_LONG": -88.380003382486066, "CENTROID_LAT": 13.986607813493402 }, "geometry": { "type": "MultiPolygon", "coordinates": [ [ [ [ -88.3321609, 13.9819431 ], [ -88.3532181, 13.9421005 ], [ -88.4017944, 13.9644384 ], [ -88.4187317, 13.9670887 ], [ -88.4284515, 14.0044842 ], [ -88.3801727, 14.0290918 ], [ -88.3751297, 14.0299587 ], [ -88.3321609, 13.9819431 ] ] ] ] } },
{ "type": "Feature", "properties": { "POLYGON_ID": "HND_GAUL2000_ADM2_17330", "ADM0_ISO3": "HND", "ADM0_NAME": "Honduras", "ADM0_CODE": 111, "ADM1_NAME": "Intibuca", "ADM1_CODE": 1428, "ADM2_NAME": "Colomoncagua", "ADM2_CODE": 17330, "GEOSET": "GAUL", "GEOSET_YEAR": 2000.0, "GEOSET_VERSION": "GAUL_v1", "GEOSET_UNIT": "ADM2", "CENTROID_LONG": -88.279199910536178, "CENTROID_LAT": 13.977370012960801 }, "geometry": { "type": "MultiPolygon", "coordinates": [ [ [ [ -88.2325363, 14.0708561 ], [ -88.2012558, 14.0372171 ], [ -88.2103189, 13.9919754 ], [ -88.2307666, 13.9977493 ], [ -88.237367, 13.993699 ], [ -88.2377969, 13.9934352 ], [ -88.2368711, 13.9881888 ], [ -88.2365249, 13.9878753 ], [ -88.2342818, 13.986964 ], [ -88.2359444, 13.9700204 ], [ -88.2316024, 13.964058 ], [ -88.2294883, 13.9612392 ], [ -88.2249139, 13.9577346 ], [ -88.2195818, 13.9536496 ], [ -88.2650397, 13.9359937 ], [ -88.2658674, 13.93402 ], [ -88.2660783, 13.9335171 ], [ -88.2639212, 13.9296823 ], [ -88.2631223, 13.926247 ], [ -88.2627229, 13.9185775 ], [ -88.2749462, 13.9119466 ], [ -88.2763842, 13.9106683 ], [ -88.2894863, 13.9137042 ], [ -88.2973955, 13.9097895 ], [ -88.3024286, 13.9048363 ], [ -88.3071422, 13.9018803 ], [ -88.3151913, 13.899374 ], [ -88.3168889, 13.8974064 ], [ -88.3159302, 13.891894 ], [ -88.3178475, 13.8890179 ], [ -88.3443114, 13.8953843 ], [ -88.3501252, 13.8902904 ], [ -88.350355, 13.8877849 ], [ -88.3511516, 13.8791022 ], [ -88.3532181, 13.9421005 ], [ -88.3321609, 13.9819431 ], [ -88.2660675, 14.0536003 ], [ -88.2325363, 14.0708561 ] ] ] ] } },
{ "type": "Feature", "properties": { "POLYGON_ID": "HND_GAUL2000_ADM2_17331", "ADM0_ISO3": "HND", "ADM0_NAME": "Honduras", "ADM0_CODE": 111, "ADM1_NAME": "Intibuca", "ADM1_CODE": 1428, "ADM2_NAME": "Concepcion", "ADM2_CODE": 17331, "GEOSET": "GAUL", "GEOSET_YEAR": 2000.0, "GEOSET_VERSION": "GAUL_v1", "GEOSET_UNIT": "ADM2", "CENTROID_LONG": -88.321632771751538, "CENTROID_LAT": 14.038730827825587 }, "geometry": { "type": "MultiPolygon", "coordinates": [ [ [ [ -88.2660675, 14.0536003 ], [ -88.3321609, 13.9819431 ], [ -88.3751297, 14.0299587 ], [ -88.3137741, 14.0921154 ], [ -88.2660675, 14.0536003 ] ] ] ] } },
{ "type": "Feature", "properties": { "POLYGON_ID": "HND_GAUL2000_ADM2_17332", "ADM0_ISO3": "HND", "ADM0_NAME": "Honduras", "ADM0_CODE": 111, "ADM1_NAME": "Intibuca", "ADM1_CODE": 1428, "ADM2_NAME": "Dolores", "ADM2_CODE": 17332, "GEOSET": "GAUL", "GEOSET_YEAR": 2000.0, "GEOSET_VERSION": "GAUL_v1", "GEOSET_UNIT": "ADM2", "CENTROID_LONG": -88.364269502748996, "CENTROID_LAT": 14.246137953365231 }, "geometry": { "type": "MultiPolygon", "coordinates": [ [ [ [ -88.3248749, 14.2775049 ], [ -88.3282089, 14.2117491 ], [ -88.4164505, 14.2336607 ], [ -88.4075317, 14.2645731 ], [ -88.3248749, 14.2775049 ] ] ] ] } },
{ "type": "Feature", "properties": { "POLYGON_ID": "HND_GAUL2000_ADM2_17333", "ADM0_ISO3": "HND", "ADM0_NAME": "Honduras", "ADM0_CODE": 111, "ADM1_NAME": "Intibuca", "ADM1_CODE": 1428, "ADM2_NAME": "Intibuca", "ADM2_CODE": 17333, "GEOSET": "GAUL", "GEOSET_YEAR": 2000.0, "GEOSET_VERSION": "GAUL_v1", "GEOSET_UNIT": "ADM2", "CENTROID_LONG": -88.146571660962834, "CENTROID_LAT": 14.41711317153012 }, "geometry": { "type": "MultiPolygon", "coordinates": [ [ [ [ -88.1216049, 14.6355028 ], [ -88.1258392, 14.6132717 ], [ -88.1614075, 14.5801134 ], [ -88.1501541, 14.4976501 ], [ -88.1231003, 14.4951277 ], [ -88.111351, 14.4297466 ], [ -88.0475998, 14.4075222 ], [ -88.0613098, 14.3270931 ], [ -88.0014572, 14.2582846 ], [ -88.0037155, 14.2369843 ], [ -88.0513077, 14.2341414 ], [ -88.1323013, 14.3010149 ], [ -88.2086945, 14.3049803 ], [ -88.2476349, 14.4528904 ], [ -88.218483, 14.537097 ], [ -88.2114334, 14.5994024 ], [ -88.1850662, 14.6418924 ], [ -88.1531982, 14.6441164 ], [ -88.1216049, 14.6355028 ] ] ] ] } },
{ "type": "Feature", "properties": { "POLYGON_ID": "HND_GAUL2000_ADM2_17334", "ADM0_ISO3": "HND", "ADM0_NAME": "Honduras", "ADM0_CODE": 111, "ADM1_NAME": "Intibuca", "ADM1_CODE": 1428, "ADM2_NAME": "Jesus De Otoro", "ADM2_CODE": 17334, "GEOSET": "GAUL", "GEOSET_YEAR": 2000.0, "GEOSET_VERSION": "GAUL_v1", "GEOSET_UNIT": "ADM2", "CENTROID_LONG": -88.018013238521732, "CENTROID_LAT": 14.514603457161842 }, "geometry": { "type": "MultiPolygon", "coordinates": [ [ [ [ -88.0126495, 14.6169329 ], [ -87.966095, 14.6046638 ], [ -87.9350739, 14.5331926 ], [ -87.8937454, 14.4896603 ], [ -87.8791428, 14.479867 ], [ -87.9435959, 14.416872 ], [ -87.9750824, 14.4270334 ], [ -88.0475998, 14.4075222 ], [ -88.111351, 14.4297466 ], [ -88.1231003, 14.4951277 ], [ -88.0565643, 14.5580549 ], [ -88.1258392, 14.6132717 ], [ -88.1216049, 14.6355028 ], [ -88.0733566, 14.6472254 ], [ -88.0126495, 14.6169329 ] ] ] ] } },
{ "type": "Feature", "properties": { "POLYGON_ID": "HND_GAUL2000_ADM2_17335", "ADM0_ISO3": "HND", "ADM0_NAME": "Honduras", "ADM0_CODE": 111, "ADM1_NAME": "Intibuca", "ADM1_CODE": 1428, "ADM2_NAME": "La Esperanza", "ADM2_CODE": 17335, "GEOSET": "GAUL", "GEOSET_YEAR": 2000.0, "GEOSET_VERSION": "GAUL_v1", "GEOSET_UNIT": "ADM2", "CENTROID_LONG": -88.130969667511138, "CENTROID_LAT": 14.236517717011697 }, "geometry": { "type": "MultiPolygon", "coordinates": [ [ [ [ -88.0513077, 14.2341414 ], [ -88.103714, 14.1944923 ], [ -88.1145325, 14.1632748 ], [ -88.1507263, 14.1452665 ], [ -88.1609497, 14.1675034 ], [ -88.1571198, 14.2277765 ], [ -88.2086945, 14.3049803 ], [ -88.1323013, 14.3010149 ], [ -88.0513077, 14.2341414 ] ] ] ] } },
{ "type": "Feature", "properties": { "POLYGON_ID": "HND_GAUL2000_ADM2_17336", "ADM0_ISO3": "HND", "ADM0_NAME": "Honduras", "ADM0_CODE": 111, "ADM1_NAME": "Intibuca", "ADM1_CODE": 1428, "ADM2_NAME": "Magdalena", "ADM2_CODE": 17336, "GEOSET": "GAUL", "GEOSET_YEAR": 2000.0, "GEOSET_VERSION": "GAUL_v1", "GEOSET_UNIT": "ADM2", "CENTROID_LONG": -88.375607007210334, "CENTROID_LAT": 13.917097191320055 }, "geometry": { "type": "MultiPolygon", "coordinates": [ [ [ [ -88.3532181, 13.9421005 ], [ -88.3511516, 13.8791022 ], [ -88.352946, 13.8750839 ], [ -88.3559772, 13.871226 ], [ -88.3579349, 13.8709463 ], [ -88.3614673, 13.8704417 ], [ -88.3757655, 13.8861276 ], [ -88.3853581, 13.8858863 ], [ -88.3938646, 13.8821458 ], [ -88.3949734, 13.8823851 ], [ -88.4017944, 13.9644384 ], [ -88.3532181, 13.9421005 ] ] ] ] } },
{ "type": "Feature", "properties": { "POLYGON_ID": "HND_GAUL2000_ADM2_17337", "ADM0_ISO3": "HND", "ADM0_NAME": "Honduras", "ADM0_CODE": 111, "ADM1_NAME": "Intibuca", "ADM1_CODE": 1428, "ADM2_NAME": "Masaguara", "ADM2_CODE": 17337, "GEOSET": "GAUL", "GEOSET_YEAR": 2000.0, "GEOSET_VERSION": "GAUL_v1", "GEOSET_UNIT": "ADM2", "CENTROID_LONG": -87.969172411976047, "CENTROID_LAT": 14.370230386404772 }, "geometry": { "type": "MultiPolygon", "coordinates": [ [ [ [ -87.8483505, 14.4149656 ], [ -87.9087219, 14.3690462 ], [ -87.9492645, 14.3762512 ], [ -87.946846, 14.3124218 ], [ -87.9701462, 14.2815704 ], [ -88.0014572, 14.2582846 ], [ -88.0613098, 14.3270931 ], [ -88.0475998, 14.4075222 ], [ -87.9750824, 14.4270334 ], [ -87.9435959, 14.416872 ], [ -87.8791428, 14.479867 ], [ -87.8483505, 14.4149656 ] ] ] ] } },
{ "type": "Feature", "properties": { "POLYGON_ID": "HND_GAUL2000_ADM2_17338", "ADM0_ISO3": "HND", "ADM0_NAME": "Honduras", "ADM0_CODE": 111, "ADM1_NAME": "Intibuca", "ADM1_CODE": 1428, "ADM2_NAME": "San Antonio", "ADM2_CODE": 17338, "GEOSET": "GAUL", "GEOSET_YEAR": 2000.0, "GEOSET_VERSION": "GAUL_v1", "GEOSET_UNIT": "ADM2", "CENTROID_LONG": -88.462093025208063, "CENTROID_LAT": 13.929704032816881 }, "geometry": { "type": "MultiPolygon", "coordinates": [ [ [ [ -88.4284515, 14.0044842 ], [ -88.4187317, 13.9670887 ], [ -88.421814, 13.9198666 ], [ -88.4769359, 13.856859 ], [ -88.4914934, 13.8609846 ], [ -88.4952411, 13.8668143 ], [ -88.4957764, 13.8703835 ], [ -88.4951221, 13.8740717 ], [ -88.4950028, 13.8741494 ], [ -88.4910175, 13.8767485 ], [ -88.5009568, 13.8980672 ], [ -88.5030933, 13.9063133 ], [ -88.5093854, 13.9188975 ], [ -88.5093394, 13.9191624 ], [ -88.5077927, 13.9280854 ], [ -88.506483, 13.9394922 ], [ -88.4980713, 13.9509154 ], [ -88.4977332, 13.9516477 ], [ -88.4284515, 14.0044842 ] ] ] ] } },
{ "type": "Feature", "properties": { "POLYGON_ID": "HND_GAUL2000_ADM2_17339", "ADM0_ISO3": "HND", "ADM0_NAME": "Honduras", "ADM0_CODE": 111, "ADM1_NAME": "Intibuca", "ADM1_CODE": 1428, "ADM2_NAME": "San Isidro", "ADM2_CODE": 17339, "GEOSET": "GAUL", "GEOSET_YEAR": 2000.0, "GEOSET_VERSION": "GAUL_v1", "GEOSET_UNIT": "ADM2", "CENTROID_LONG": -88.118687867387692, "CENTROID_LAT": 14.55292934327824 }, "geometry": { "type": "MultiPolygon", "coordinates": [ [ [ [ -88.1231003, 14.4951277 ], [ -88.1501541, 14.4976501 ], [ -88.1614075, 14.5801134 ], [ -88.1258392, 14.6132717 ], [ -88.0565643, 14.5580549 ], [ -88.1231003, 14.4951277 ] ] ] ] } },
{ "type": "Feature", "properties": { "POLYGON_ID": "HND_GAUL2000_ADM2_17340", "ADM0_ISO3": "HND", "ADM0_NAME": "Honduras", "ADM0_CODE": 111, "ADM1_NAME": "Intibuca", "ADM1_CODE": 1428, "ADM2_NAME": "San Juan", "ADM2_CODE": 17340, "GEOSET": "GAUL", "GEOSET_YEAR": 2000.0, "GEOSET_VERSION": "GAUL_v1", "GEOSET_UNIT": "ADM2", "CENTROID_LONG": -88.414918116096629, "CENTROID_LAT": 14.404781696175654 }, "geometry": { "type": "MultiPolygon", "coordinates": [ [ [ [ -88.3759003, 14.4618149 ], [ -88.3578339, 14.4491777 ], [ -88.3312149, 14.4055004 ], [ -88.3737793, 14.3510656 ], [ -88.4179535, 14.3332644 ], [ -88.4441299, 14.3489761 ], [ -88.4871368, 14.3803892 ], [ -88.4918671, 14.4314489 ], [ -88.4476929, 14.4644222 ], [ -88.3759003, 14.4618149 ] ] ] ] } },
{ "type": "Feature", "properties": { "POLYGON_ID": "HND_GAUL2000_ADM2_17341", "ADM0_ISO3": "HND", "ADM0_NAME": "Honduras", "ADM0_CODE": 111, "ADM1_NAME": "Intibuca", "ADM1_CODE": 1428, "ADM2_NAME": "San Marcos De Sierra", "ADM2_CODE": 17341, "GEOSET": "GAUL", "GEOSET_YEAR": 2000.0, "GEOSET_VERSION": "GAUL_v1", "GEOSET_UNIT": "ADM2", "CENTROID_LONG": -88.245346470773953, "CENTROID_LAT": 14.11978197940725 }, "geometry": { "type": "MultiPolygon", "coordinates": [ [ [ [ -88.1507263, 14.1452665 ], [ -88.1666031, 14.1287165 ], [ -88.2325363, 14.0708561 ], [ -88.2660675, 14.0536003 ], [ -88.3137741, 14.0921154 ], [ -88.3253326, 14.1513557 ], [ -88.1609497, 14.1675034 ], [ -88.1507263, 14.1452665 ] ] ] ] } },
{ "type": "Feature", "properties": { "POLYGON_ID": "HND_GAUL2000_ADM2_17342", "ADM0_ISO3": "HND", "ADM0_NAME": "Honduras", "ADM0_CODE": 111, "ADM1_NAME": "Intibuca", "ADM1_CODE": 1428, "ADM2_NAME": "San Miguelito", "ADM2_CODE": 17342, "GEOSET": "GAUL", "GEOSET_YEAR": 2000.0, "GEOSET_VERSION": "GAUL_v1", "GEOSET_UNIT": "ADM2", "CENTROID_LONG": -88.337843471659752, "CENTROID_LAT": 14.338232143372998 }, "geometry": { "type": "MultiPolygon", "coordinates": [ [ [ [ -88.3248749, 14.2775049 ], [ -88.4075317, 14.2645731 ], [ -88.4179535, 14.3332644 ], [ -88.3737793, 14.3510656 ], [ -88.3312149, 14.4055004 ], [ -88.3578339, 14.4491777 ], [ -88.2589798, 14.379755 ], [ -88.2801666, 14.3206282 ], [ -88.3248749, 14.2775049 ] ] ] ] } },
{ "type": "Feature", "properties": { "POLYGON_ID": "HND_GAUL2000_ADM2_17343", "ADM0_ISO3": "HND", "ADM0_NAME": "Honduras", "ADM0_CODE": 111, "ADM1_NAME": "Intibuca", "ADM1_CODE": 1428, "ADM2_NAME": "Santa Lucia", "ADM2_CODE": 17343, "GEOSET": "GAUL", "GEOSET_YEAR": 2000.0, "GEOSET_VERSION": "GAUL_v1", "GEOSET_UNIT": "ADM2", "CENTROID_LONG": -88.422675338884247, "CENTROID_LAT": 13.905692054743058 }, "geometry": { "type": "MultiPolygon", "coordinates": [ [ [ [ -88.4017944, 13.9644384 ], [ -88.3949734, 13.8823851 ], [ -88.4022505, 13.8839557 ], [ -88.4086456, 13.8805772 ], [ -88.4137133, 13.8799739 ], [ -88.4185397, 13.8867912 ], [ -88.422846, 13.8807341 ], [ -88.4309361, 13.8795444 ], [ -88.4358735, 13.872406 ], [ -88.4385654, 13.8619076 ], [ -88.4386039, 13.8617574 ], [ -88.4388478, 13.8608062 ], [ -88.4390616, 13.8609549 ], [ -88.4449155, 13.8650297 ], [ -88.4657952, 13.8638995 ], [ -88.464784, 13.8564636 ], [ -88.4660332, 13.8505745 ], [ -88.4664694, 13.850417 ], [ -88.4769359, 13.856859 ], [ -88.421814, 13.9198666 ], [ -88.4187317, 13.9670887 ], [ -88.4017944, 13.9644384 ] ] ] ] } },
{ "type": "Feature", "properties": { "POLYGON_ID": "HND_GAUL2000_ADM2_17344", "ADM0_ISO3": "HND", "ADM0_NAME": "Honduras", "ADM0_CODE": 111, "ADM1_NAME": "Intibuca", "ADM1_CODE": 1428, "ADM2_NAME": "Yamaranguila", "ADM2_CODE": 17344, "GEOSET": "GAUL", "GEOSET_YEAR": 2000.0, "GEOSET_VERSION": "GAUL_v1", "GEOSET_UNIT": "ADM2", "CENTROID_LONG": -88.263659412749647, "CENTROID_LAT": 14.38397525180174 }, "geometry": { "type": "MultiPolygon", "coordinates": [ [ [ [ -88.2086945, 14.3049803 ], [ -88.1571198, 14.2277765 ], [ -88.1609497, 14.1675034 ], [ -88.3253326, 14.1513557 ], [ -88.3267899, 14.2077684 ], [ -88.3282089, 14.2117491 ], [ -88.3248749, 14.2775049 ], [ -88.2801666, 14.3206282 ], [ -88.2589798, 14.379755 ], [ -88.3578339, 14.4491777 ], [ -88.3759003, 14.4618149 ], [ -88.3409882, 14.4897242 ], [ -88.3189392, 14.5559244 ], [ -88.3419952, 14.6373644 ], [ -88.3386612, 14.6395044 ], [ -88.2461853, 14.6307783 ], [ -88.1850662, 14.6418924 ], [ -88.2114334, 14.5994024 ], [ -88.218483, 14.537097 ], [ -88.2476349, 14.4528904 ], [ -88.2086945, 14.3049803 ] ] ] ] } },
{ "type": "Feature", "properties": { "POLYGON_ID": "HND_GAUL2000_ADM2_17345", "ADM0_ISO3": "HND", "ADM0_NAME": "Honduras", "ADM0_CODE": 111, "ADM1_NAME": "Islas De Bahia", "ADM1_CODE": 1429, "ADM2_NAME": "Guanaja", "ADM2_CODE": 17345, "GEOSET": "GAUL", "GEOSET_YEAR": 2000.0, "GEOSET_VERSION": "GAUL_v1", "GEOSET_UNIT": "ADM2", "CENTROID_LONG": -85.863258162278072, "CENTROID_LAT": 16.482720819365628 }, "geometry": { "type": "MultiPolygon", "coordinates": [ [ [ [ -85.8584399, 16.5157999 ], [ -85.8160799, 16.49741 ], [ -85.8590636, 16.4537596 ], [ -85.9149595, 16.4643152 ], [ -85.8584399, 16.5157999 ] ] ] ] } },
{ "type": "Feature", "properties": { "POLYGON_ID": "HND_GAUL2000_ADM2_17347", "ADM0_ISO3": "HND", "ADM0_NAME": "Honduras", "ADM0_CODE": 111, "ADM1_NAME": "Islas De Bahia", "ADM1_CODE": 1429, "ADM2_NAME": "Roatan", "ADM2_CODE": 17347, "GEOSET": "GAUL", "GEOSET_YEAR": 2000.0, "GEOSET_VERSION": "GAUL_v1", "GEOSET_UNIT": "ADM2", "CENTROID_LONG": -86.482085638314899, "CENTROID_LAT": 16.352134955292243 }, "geometry": { "type": "MultiPolygon", "coordinates": [ [ [ [ -86.4368948, 16.3827273 ], [ -86.4386046, 16.3605012 ], [ -86.4856396, 16.3242549 ], [ -86.5425882, 16.3469672 ], [ -86.4368948, 16.3827273 ] ] ] ] } },
{ "type": "Feature", "properties": { "POLYGON_ID": "HND_GAUL2000_ADM2_17348", "ADM0_ISO3": "HND", "ADM0_NAME": "Honduras", "ADM0_CODE": 111, "ADM1_NAME": "Islas De Bahia", "ADM1_CODE": 1429, "ADM2_NAME": "Utila", "ADM2_CODE": 17348, "GEOSET": "GAUL", "GEOSET_YEAR": 2000.0, "GEOSET_VERSION": "GAUL_v1", "GEOSET_UNIT": "ADM2", "CENTROID_LONG": -86.930044393946162, "CENTROID_LAT": 16.097827194039791 }, "geometry": { "type": "MultiPolygon", "coordinates": [ [ [ [ -86.8881974, 16.1234422 ], [ -86.8829365, 16.1010893 ], [ -86.9555679, 16.0688667 ], [ -86.979169, 16.1012158 ], [ -86.8881974, 16.1234422 ] ] ] ] } },
{ "type": "Feature", "properties": { "POLYGON_ID": "HND_GAUL2000_ADM2_17349", "ADM0_ISO3": "HND", "ADM0_NAME": "Honduras", "ADM0_CODE": 111, "ADM1_NAME": "La Paz", "ADM1_CODE": 1430, "ADM2_NAME": "Aguanqueterique", "ADM2_CODE": 17349, "GEOSET": "GAUL", "GEOSET_YEAR": 2000.0, "GEOSET_VERSION": "GAUL_v1", "GEOSET_UNIT": "ADM2", "CENTROID_LONG": -87.651549175734672, "CENTROID_LAT": 13.968490756345174 }, "geometry": { "type": "MultiPolygon", "coordinates": [ [ [ [ -87.6256104, 14.0747499 ], [ -87.6059113, 13.9451084 ], [ -87.6248398, 13.868391 ], [ -87.6741638, 13.8785362 ], [ -87.6872482, 13.9269476 ], [ -87.7004395, 13.9765568 ], [ -87.6933289, 14.0359049 ], [ -87.6256104, 14.0747499 ] ] ] ] } },
{ "type": "Feature", "properties": { "POLYGON_ID": "HND_GAUL2000_ADM2_17350", "ADM0_ISO3": "HND", "ADM0_NAME": "Honduras", "ADM0_CODE": 111, "ADM1_NAME": "La Paz", "ADM1_CODE": 1430, "ADM2_NAME": "Cabanas", "ADM2_CODE": 17350, "GEOSET": "GAUL", "GEOSET_YEAR": 2000.0, "GEOSET_VERSION": "GAUL_v1", "GEOSET_UNIT": "ADM2", "CENTROID_LONG": -88.016333578113674, "CENTROID_LAT": 13.984383994163158 }, "geometry": { "type": "MultiPolygon", "coordinates": [ [ [ [ -88.0216844, 13.8959557 ], [ -88.0248966, 13.8995248 ], [ -88.0276989, 13.9028074 ], [ -88.0349848, 13.9138564 ], [ -88.0425109, 13.9219429 ], [ -88.0465942, 13.9295491 ], [ -88.0470746, 13.9324314 ], [ -88.0660499, 13.9507663 ], [ -88.0649694, 13.9519213 ], [ -88.0637281, 13.9532483 ], [ -88.0654094, 13.9613348 ], [ -88.0666104, 13.965178 ], [ -88.0725226, 13.9734869 ], [ -88.0725296, 13.9736999 ], [ -88.0720235, 13.9911983 ], [ -88.0731138, 13.9914726 ], [ -88.0742871, 13.9917679 ], [ -88.0518494, 14.0397024 ], [ -87.9908142, 14.0753574 ], [ -87.9692841, 14.0346813 ], [ -87.9803543, 13.9076366 ], [ -88.0216844, 13.8959557 ] ] ] ] } },
{ "type": "Feature", "properties": { "POLYGON_ID": "HND_GAUL2000_ADM2_17351", "ADM0_ISO3": "HND", "ADM0_NAME": "Honduras", "ADM0_CODE": 111, "ADM1_NAME": "La Paz", "ADM1_CODE": 1430, "ADM2_NAME": "Cane", "ADM2_CODE": 17351, "GEOSET": "GAUL", "GEOSET_YEAR": 2000.0, "GEOSET_VERSION": "GAUL_v1", "GEOSET_UNIT": "ADM2", "CENTROID_LONG": -87.665673882543004, "CENTROID_LAT": 14.276149545426248 }, "geometry": { "type": "MultiPolygon", "coordinates": [ [ [ [ -87.6416168, 14.2975874 ], [ -87.645668, 14.2606812 ], [ -87.6569138, 14.2523222 ], [ -87.6864624, 14.2548456 ], [ -87.6879578, 14.296443 ], [ -87.6416168, 14.2975874 ] ] ] ] } },
{ "type": "Feature", "properties": { "POLYGON_ID": "HND_GAUL2000_ADM2_17352", "ADM0_ISO3": "HND", "ADM0_NAME": "Honduras", "ADM0_CODE": 111, "ADM1_NAME": "La Paz", "ADM1_CODE": 1430, "ADM2_NAME": "Chinacla", "ADM2_CODE": 17352, "GEOSET": "GAUL", "GEOSET_YEAR": 2000.0, "GEOSET_VERSION": "GAUL_v1", "GEOSET_UNIT": "ADM2", "CENTROID_LONG": -87.948004579873839, "CENTROID_LAT": 14.164803648952356 }, "geometry": { "type": "MultiPolygon", "coordinates": [ [ [ [ -87.8873672, 14.1918259 ], [ -87.8760147, 14.1733255 ], [ -87.8760986, 14.1652689 ], [ -87.902153, 14.169672 ], [ -87.9396286, 14.1202364 ], [ -87.9904327, 14.1420612 ], [ -88.0087662, 14.2161751 ], [ -87.9771347, 14.1839724 ], [ -87.8873672, 14.1918259 ] ] ] ] } },
{ "type": "Feature", "properties": { "POLYGON_ID": "HND_GAUL2000_ADM2_17353", "ADM0_ISO3": "HND", "ADM0_NAME": "Honduras", "ADM0_CODE": 111, "ADM1_NAME": "La Paz", "ADM1_CODE": 1430, "ADM2_NAME": "Guajiquiro", "ADM2_CODE": 17353, "GEOSET": "GAUL", "GEOSET_YEAR": 2000.0, "GEOSET_VERSION": "GAUL_v1", "GEOSET_UNIT": "ADM2", "CENTROID_LONG": -87.788316152531806, "CENTROID_LAT": 14.068422021594182 }, "geometry": { "type": "MultiPolygon", "coordinates": [ [ [ [ -87.8216171, 14.2007761 ], [ -87.7686768, 14.1516457 ], [ -87.6933289, 14.0359049 ], [ -87.7004395, 13.9765568 ], [ -87.7829361, 13.9601841 ], [ -87.8047104, 13.9666271 ], [ -87.8618011, 14.0323277 ], [ -87.8508606, 14.1030025 ], [ -87.8760986, 14.1652689 ], [ -87.8760147, 14.1733255 ], [ -87.843605, 14.1856155 ], [ -87.8216171, 14.2007761 ] ] ] ] } },
{ "type": "Feature", "properties": { "POLYGON_ID": "HND_GAUL2000_ADM2_17354", "ADM0_ISO3": "HND", "ADM0_NAME": "Honduras", "ADM0_CODE": 111, "ADM1_NAME": "La Paz", "ADM1_CODE": 1430, "ADM2_NAME": "La Paz", "ADM2_CODE": 17354, "GEOSET": "GAUL", "GEOSET_YEAR": 2000.0, "GEOSET_VERSION": "GAUL_v1", "GEOSET_UNIT": "ADM2", "CENTROID_LONG": -87.753788788744259, "CENTROID_LAT": 14.298060702524243 }, "geometry": { "type": "MultiPolygon", "coordinates": [ [ [ [ -87.7876053, 14.3803358 ], [ -87.7477188, 14.3566532 ], [ -87.7048569, 14.338129 ], [ -87.6597824, 14.3605862 ], [ -87.6542816, 14.3552675 ], [ -87.6416168, 14.2975874 ], [ -87.6879578, 14.296443 ], [ -87.6864624, 14.2548456 ], [ -87.7596054, 14.2265968 ], [ -87.8176575, 14.2209387 ], [ -87.8274841, 14.2740355 ], [ -87.8585129, 14.2859497 ], [ -87.7881546, 14.3806658 ], [ -87.7876053, 14.3803358 ] ] ] ] } },
{ "type": "Feature", "properties": { "POLYGON_ID": "HND_GAUL2000_ADM2_17355", "ADM0_ISO3": "HND", "ADM0_NAME": "Honduras", "ADM0_CODE": 111, "ADM1_NAME": "La Paz", "ADM1_CODE": 1430, "ADM2_NAME": "Lauterique", "ADM2_CODE": 17355, "GEOSET": "GAUL", "GEOSET_YEAR": 2000.0, "GEOSET_VERSION": "GAUL_v1", "GEOSET_UNIT": "ADM2", "CENTROID_LONG": -87.660310734633541, "CENTROID_LAT": 13.852070637998123 }, "geometry": { "type": "MultiPolygon", "coordinates": [ [ [ [ -87.6248398, 13.868391 ], [ -87.6504745, 13.8228693 ], [ -87.694313, 13.8383865 ], [ -87.6741638, 13.8785362 ], [ -87.6248398, 13.868391 ] ] ] ] } },
{ "type": "Feature", "properties": { "POLYGON_ID": "HND_GAUL2000_ADM2_17356", "ADM0_ISO3": "HND", "ADM0_NAME": "Honduras", "ADM0_CODE": 111, "ADM1_NAME": "La Paz", "ADM1_CODE": 1430, "ADM2_NAME": "Marcala", "ADM2_CODE": 17356, "GEOSET": "GAUL", "GEOSET_YEAR": 2000.0, "GEOSET_VERSION": "GAUL_v1", "GEOSET_UNIT": "ADM2", "CENTROID_LONG": -88.035358638146775, "CENTROID_LAT": 14.137434698114969 }, "geometry": { "type": "MultiPolygon", "coordinates": [ [ [ [ -88.0037155, 14.2369843 ], [ -88.0087662, 14.2161751 ], [ -87.9904327, 14.1420612 ], [ -87.9396286, 14.1202364 ], [ -87.9468765, 14.1076622 ], [ -87.9908142, 14.0753574 ], [ -88.0518494, 14.0397024 ], [ -88.0742871, 13.9917679 ], [ -88.1007274, 13.9984222 ], [ -88.0462189, 14.0710735 ], [ -88.0518951, 14.110136 ], [ -88.1145325, 14.1632748 ], [ -88.103714, 14.1944923 ], [ -88.0513077, 14.2341414 ], [ -88.0037155, 14.2369843 ] ] ] ] } },
{ "type": "Feature", "properties": { "POLYGON_ID": "HND_GAUL2000_ADM2_17357", "ADM0_ISO3": "HND", "ADM0_NAME": "Honduras", "ADM0_CODE": 111, "ADM1_NAME": "La Paz", "ADM1_CODE": 1430, "ADM2_NAME": "Mercedes De Oriente", "ADM2_CODE": 17357, "GEOSET": "GAUL", "GEOSET_YEAR": 2000.0, "GEOSET_VERSION": "GAUL_v1", "GEOSET_UNIT": "ADM2", "CENTROID_LONG": -87.782871989979, "CENTROID_LAT": 13.915721436963844 }, "geometry": { "type": "MultiPolygon", "coordinates": [ [ [ [ -87.7829361, 13.9601841 ], [ -87.7692719, 13.9179382 ], [ -87.7534229, 13.8618536 ], [ -87.7540788, 13.8619132 ], [ -87.758733, 13.864473 ], [ -87.7590256, 13.8646836 ], [ -87.7646057, 13.8686998 ], [ -87.7998343, 13.8945607 ], [ -87.7962852, 13.8987715 ], [ -87.7951104, 13.9001653 ], [ -87.7948702, 13.9037682 ], [ -87.801114, 13.9196604 ], [ -87.8047104, 13.9666271 ], [ -87.7829361, 13.9601841 ] ] ] ] } },
{ "type": "Feature", "properties": { "POLYGON_ID": "HND_GAUL2000_ADM2_17358", "ADM0_ISO3": "HND", "ADM0_NAME": "Honduras", "ADM0_CODE": 111, "ADM1_NAME": "La Paz", "ADM1_CODE": 1430, "ADM2_NAME": "Opatoro", "ADM2_CODE": 17358, "GEOSET": "GAUL", "GEOSET_YEAR": 2000.0, "GEOSET_VERSION": "GAUL_v1", "GEOSET_UNIT": "ADM2", "CENTROID_LONG": -87.876011022269822, "CENTROID_LAT": 14.025609305192749 }, "geometry": { "type": "MultiPolygon", "coordinates": [ [ [ [ -87.8760986, 14.1652689 ], [ -87.8508606, 14.1030025 ], [ -87.8618011, 14.0323277 ], [ -87.8047104, 13.9666271 ], [ -87.801114, 13.9196604 ], [ -87.8300988, 13.9175394 ], [ -87.842749, 13.9055296 ], [ -87.8432678, 13.9034148 ], [ -87.8448307, 13.8970428 ], [ -87.8738753, 13.8956065 ], [ -87.9231338, 13.998168 ], [ -87.9065323, 14.0524654 ], [ -87.9468765, 14.1076622 ], [ -87.9396286, 14.1202364 ], [ -87.902153, 14.169672 ], [ -87.8760986, 14.1652689 ] ] ] ] } },
{ "type": "Feature", "properties": { "POLYGON_ID": "HND_GAUL2000_ADM2_17359", "ADM0_ISO3": "HND", "ADM0_NAME": "Honduras", "ADM0_CODE": 111, "ADM1_NAME": "La Paz", "ADM1_CODE": 1430, "ADM2_NAME": "San  Antonio Del Norte", "ADM2_CODE": 17359, "GEOSET": "GAUL", "GEOSET_YEAR": 2000.0, "GEOSET_VERSION": "GAUL_v1", "GEOSET_UNIT": "ADM2", "CENTROID_LONG": -87.719589006531905, "CENTROID_LAT": 13.882281063427993 }, "geometry": { "type": "MultiPolygon", "coordinates": [ [ [ [ -87.6872482, 13.9269476 ], [ -87.6741638, 13.8785362 ], [ -87.694313, 13.8383865 ], [ -87.7423057, 13.8310339 ], [ -87.7461386, 13.8346596 ], [ -87.7461639, 13.8347503 ], [ -87.7457013, 13.8453908 ], [ -87.7458176, 13.8546992 ], [ -87.751519, 13.8616805 ], [ -87.7534229, 13.8618536 ], [ -87.7692719, 13.9179382 ], [ -87.6872482, 13.9269476 ] ] ] ] } },
{ "type": "Feature", "properties": { "POLYGON_ID": "HND_GAUL2000_ADM2_17360", "ADM0_ISO3": "HND", "ADM0_NAME": "Honduras", "ADM0_CODE": 111, "ADM1_NAME": "La Paz", "ADM1_CODE": 1430, "ADM2_NAME": "San Jose", "ADM2_CODE": 17360, "GEOSET": "GAUL", "GEOSET_YEAR": 2000.0, "GEOSET_VERSION": "GAUL_v1", "GEOSET_UNIT": "ADM2", "CENTROID_LONG": -87.962226841931383, "CENTROID_LAT": 14.223291175012772 }, "geometry": { "type": "MultiPolygon", "coordinates": [ [ [ [ -87.8873672, 14.1918259 ], [ -87.9771347, 14.1839724 ], [ -88.0087662, 14.2161751 ], [ -88.0037155, 14.2369843 ], [ -88.0014572, 14.2582846 ], [ -87.9701462, 14.2815704 ], [ -87.9256592, 14.2189407 ], [ -87.8873672, 14.1918259 ] ] ] ] } },
{ "type": "Feature", "properties": { "POLYGON_ID": "HND_GAUL2000_ADM2_17361", "ADM0_ISO3": "HND", "ADM0_NAME": "Honduras", "ADM0_CODE": 111, "ADM1_NAME": "La Paz", "ADM1_CODE": 1430, "ADM2_NAME": "San Juan", "ADM2_CODE": 17361, "GEOSET": "GAUL", "GEOSET_YEAR": 2000.0, "GEOSET_VERSION": "GAUL_v1", "GEOSET_UNIT": "ADM2", "CENTROID_LONG": -87.733966928959617, "CENTROID_LAT": 13.945684198741393 }, "geometry": { "type": "MultiPolygon", "coordinates": [ [ [ [ -87.6872482, 13.9269476 ], [ -87.7692719, 13.9179382 ], [ -87.7829361, 13.9601841 ], [ -87.7004395, 13.9765568 ], [ -87.6872482, 13.9269476 ] ] ] ] } },
{ "type": "Feature", "properties": { "POLYGON_ID": "HND_GAUL2000_ADM2_17362", "ADM0_ISO3": "HND", "ADM0_NAME": "Honduras", "ADM0_CODE": 111, "ADM1_NAME": "La Paz", "ADM1_CODE": 1430, "ADM2_NAME": "San Pedro De Tutule", "ADM2_CODE": 17362, "GEOSET": "GAUL", "GEOSET_YEAR": 2000.0, "GEOSET_VERSION": "GAUL_v1", "GEOSET_UNIT": "ADM2", "CENTROID_LONG": -87.844810808420078, "CENTROID_LAT": 14.234878018501581 }, "geometry": { "type": "MultiPolygon", "coordinates": [ [ [ [ -87.8176575, 14.2209387 ], [ -87.8216171, 14.2007761 ], [ -87.843605, 14.1856155 ], [ -87.8740234, 14.2157574 ], [ -87.8657837, 14.2572718 ], [ -87.8585129, 14.2859497 ], [ -87.8274841, 14.2740355 ], [ -87.8176575, 14.2209387 ] ] ] ] } },
{ "type": "Feature", "properties": { "POLYGON_ID": "HND_GAUL2000_ADM2_17363", "ADM0_ISO3": "HND", "ADM0_NAME": "Honduras", "ADM0_CODE": 111, "ADM1_NAME": "La Paz", "ADM1_CODE": 1430, "ADM2_NAME": "Santa Ana", "ADM2_CODE": 17363, "GEOSET": "GAUL", "GEOSET_YEAR": 2000.0, "GEOSET_VERSION": "GAUL_v1", "GEOSET_UNIT": "ADM2", "CENTROID_LONG": -87.944726727557793, "CENTROID_LAT": 13.980338299934427 }, "geometry": { "type": "MultiPolygon", "coordinates": [ [ [ [ -87.8738753, 13.8956065 ], [ -87.8759759, 13.8967225 ], [ -87.8775772, 13.8996849 ], [ -87.8823811, 13.9019267 ], [ -87.8880657, 13.9004055 ], [ -87.8899072, 13.897363 ], [ -87.8978337, 13.9020868 ], [ -87.9062405, 13.9005656 ], [ -87.908162, 13.899765 ], [ -87.908969, 13.8986711 ], [ -87.9117649, 13.894881 ], [ -87.9138466, 13.8928794 ], [ -87.9171379, 13.8947229 ], [ -87.9176897, 13.8965624 ], [ -87.9220132, 13.8938402 ], [ -87.9213633, 13.8919175 ], [ -87.9200917, 13.8881556 ], [ -87.9242551, 13.8857536 ], [ -87.9275435, 13.8878144 ], [ -87.9302599, 13.8895167 ], [ -87.9333825, 13.8938402 ], [ -87.9425899, 13.8965624 ], [ -87.951023, 13.8922298 ], [ -87.951317, 13.8920787 ], [ -87.9574019, 13.8977633 ], [ -87.9594836, 13.8986441 ], [ -87.9679705, 13.8951212 ], [ -87.9853446, 13.8883958 ], [ -87.9959932, 13.8790282 ], [ -88.0049604, 13.8760658 ], [ -88.0055072, 13.8746633 ], [ -88.0068019, 13.8713419 ], [ -88.0133673, 13.8725429 ], [ -88.0148885, 13.8798288 ], [ -88.0162496, 13.8870346 ], [ -88.0198525, 13.8939202 ], [ -88.0216844, 13.8959557 ], [ -87.9803543, 13.9076366 ], [ -87.9692841, 14.0346813 ], [ -87.9908142, 14.0753574 ], [ -87.9468765, 14.1076622 ], [ -87.9065323, 14.0524654 ], [ -87.9231338, 13.998168 ], [ -87.8738753, 13.8956065 ] ] ] ] } },
{ "type": "Feature", "properties": { "POLYGON_ID": "HND_GAUL2000_ADM2_17364", "ADM0_ISO3": "HND", "ADM0_NAME": "Honduras", "ADM0_CODE": 111, "ADM1_NAME": "La Paz", "ADM1_CODE": 1430, "ADM2_NAME": "Santa Elena", "ADM2_CODE": 17364, "GEOSET": "GAUL", "GEOSET_YEAR": 2000.0, "GEOSET_VERSION": "GAUL_v1", "GEOSET_UNIT": "ADM2", "CENTROID_LONG": -88.156790294842779, "CENTROID_LAT": 14.052795954600041 }, "geometry": { "type": "MultiPolygon", "coordinates": [ [ [ [ -88.1147651, 13.9969012 ], [ -88.1316334, 13.9892528 ], [ -88.1320215, 13.9891211 ], [ -88.177, 13.9891211 ], [ -88.1802786, 13.9898662 ], [ -88.1805152, 13.98992 ], [ -88.2103189, 13.9919754 ], [ -88.2012558, 14.0372171 ], [ -88.2325363, 14.0708561 ], [ -88.1666031, 14.1287165 ], [ -88.1007996, 14.0898542 ], [ -88.0878754, 14.0533037 ], [ -88.1147651, 13.9969012 ] ] ] ] } },
{ "type": "Feature", "properties": { "POLYGON_ID": "HND_GAUL2000_ADM2_17365", "ADM0_ISO3": "HND", "ADM0_NAME": "Honduras", "ADM0_CODE": 111, "ADM1_NAME": "La Paz", "ADM1_CODE": 1430, "ADM2_NAME": "Santa Maria", "ADM2_CODE": 17365, "GEOSET": "GAUL", "GEOSET_YEAR": 2000.0, "GEOSET_VERSION": "GAUL_v1", "GEOSET_UNIT": "ADM2", "CENTROID_LONG": -87.906438789624104, "CENTROID_LAT": 14.252143660370074 }, "geometry": { "type": "MultiPolygon", "coordinates": [ [ [ [ -87.8657837, 14.2572718 ], [ -87.8740234, 14.2157574 ], [ -87.843605, 14.1856155 ], [ -87.8760147, 14.1733255 ], [ -87.8873672, 14.1918259 ], [ -87.9256592, 14.2189407 ], [ -87.9701462, 14.2815704 ], [ -87.946846, 14.3124218 ], [ -87.8684921, 14.2915878 ], [ -87.8657837, 14.2572718 ] ] ] ] } },
{ "type": "Feature", "properties": { "POLYGON_ID": "HND_GAUL2000_ADM2_17366", "ADM0_ISO3": "HND", "ADM0_NAME": "Honduras", "ADM0_CODE": 111, "ADM1_NAME": "La Paz", "ADM1_CODE": 1430, "ADM2_NAME": "Santiago De Puringla", "ADM2_CODE": 17366, "GEOSET": "GAUL", "GEOSET_YEAR": 2000.0, "GEOSET_VERSION": "GAUL_v1", "GEOSET_UNIT": "ADM2", "CENTROID_LONG": -87.872954372969758, "CENTROID_LAT": 14.34851932433528 }, "geometry": { "type": "MultiPolygon", "coordinates": [ [ [ [ -87.8483505, 14.4149656 ], [ -87.7881546, 14.3806658 ], [ -87.8585129, 14.2859497 ], [ -87.8657837, 14.2572718 ], [ -87.8684921, 14.2915878 ], [ -87.946846, 14.3124218 ], [ -87.9492645, 14.3762512 ], [ -87.9087219, 14.3690462 ], [ -87.8483505, 14.4149656 ] ] ] ] } },
{ "type": "Feature", "properties": { "POLYGON_ID": "HND_GAUL2000_ADM2_17367", "ADM0_ISO3": "HND", "ADM0_NAME": "Honduras", "ADM0_CODE": 111, "ADM1_NAME": "La Paz", "ADM1_CODE": 1430, "ADM2_NAME": "Yarula", "ADM2_CODE": 17367, "GEOSET": "GAUL", "GEOSET_YEAR": 2000.0, "GEOSET_VERSION": "GAUL_v1", "GEOSET_UNIT": "ADM2", "CENTROID_LONG": -88.095933273720959, "CENTROID_LAT": 14.09728339709549 }, "geometry": { "type": "MultiPolygon", "coordinates": [ [ [ [ -88.1007274, 13.9984222 ], [ -88.1147651, 13.9969012 ], [ -88.0878754, 14.0533037 ], [ -88.1007996, 14.0898542 ], [ -88.1666031, 14.1287165 ], [ -88.1507263, 14.1452665 ], [ -88.1145325, 14.1632748 ], [ -88.0518951, 14.110136 ], [ -88.0462189, 14.0710735 ], [ -88.1007274, 13.9984222 ] ] ] ] } },
{ "type": "Feature", "properties": { "POLYGON_ID": "HND_GAUL2000_ADM2_17368", "ADM0_ISO3": "HND", "ADM0_NAME": "Honduras", "ADM0_CODE": 111, "ADM1_NAME": "Lempira", "ADM1_CODE": 1431, "ADM2_NAME": "Belen", "ADM2_CODE": 17368, "GEOSET": "GAUL", "GEOSET_YEAR": 2000.0, "GEOSET_VERSION": "GAUL_v1", "GEOSET_UNIT": "ADM2", "CENTROID_LONG": -88.428133950914088, "CENTROID_LAT": 14.505941468414457 }, "geometry": { "type": "MultiPolygon", "coordinates": [ [ [ [ -88.3189392, 14.5559244 ], [ -88.3409882, 14.4897242 ], [ -88.3759003, 14.4618149 ], [ -88.4476929, 14.4644222 ], [ -88.4918671, 14.4314489 ], [ -88.4942169, 14.4314442 ], [ -88.5326614, 14.5185785 ], [ -88.5061951, 14.5497332 ], [ -88.3977966, 14.5296555 ], [ -88.4007874, 14.5689764 ], [ -88.3189392, 14.5559244 ] ] ] ] } },
{ "type": "Feature", "properties": { "POLYGON_ID": "HND_GAUL2000_ADM2_17369", "ADM0_ISO3": "HND", "ADM0_NAME": "Honduras", "ADM0_CODE": 111, "ADM1_NAME": "Lempira", "ADM1_CODE": 1431, "ADM2_NAME": "Candelaria", "ADM2_CODE": 17369, "GEOSET": "GAUL", "GEOSET_YEAR": 2000.0, "GEOSET_VERSION": "GAUL_v1", "GEOSET_UNIT": "ADM2", "CENTROID_LONG": -88.554650517007062, "CENTROID_LAT": 14.038988560668269 }, "geometry": { "type": "MultiPolygon", "coordinates": [ [ [ [ -88.5277786, 14.0628033 ], [ -88.5192337, 14.0019388 ], [ -88.5927429, 14.0258513 ], [ -88.5830536, 14.0714979 ], [ -88.5277786, 14.0628033 ] ] ] ] } },
{ "type": "Feature", "properties": { "POLYGON_ID": "HND_GAUL2000_ADM2_17370", "ADM0_ISO3": "HND", "ADM0_NAME": "Honduras", "ADM0_CODE": 111, "ADM1_NAME": "Lempira", "ADM1_CODE": 1431, "ADM2_NAME": "Cololaca", "ADM2_CODE": 17370, "GEOSET": "GAUL", "GEOSET_YEAR": 2000.0, "GEOSET_VERSION": "GAUL_v1", "GEOSET_UNIT": "ADM2", "CENTROID_LONG": -88.881889786154858, "CENTROID_LAT": 14.297911195443456 }, "geometry": { "type": "MultiPolygon", "coordinates": [ [ [ [ -88.8010025, 14.372714 ], [ -88.7780228, 14.3253679 ], [ -88.8058395, 14.2865343 ], [ -88.9225867, 14.2093887 ], [ -88.9287669, 14.2062986 ], [ -88.9301232, 14.2040143 ], [ -88.9372616, 14.2050137 ], [ -88.9547507, 14.2069411 ], [ -88.9605327, 14.2092253 ], [ -88.9614695, 14.209608 ], [ -88.9662695, 14.211569 ], [ -88.9758377, 14.2843513 ], [ -88.9445953, 14.3262453 ], [ -88.8821487, 14.3436623 ], [ -88.8715057, 14.3959494 ], [ -88.8010025, 14.372714 ] ] ] ] } },
{ "type": "Feature", "properties": { "POLYGON_ID": "HND_GAUL2000_ADM2_17371", "ADM0_ISO3": "HND", "ADM0_NAME": "Honduras", "ADM0_CODE": 111, "ADM1_NAME": "Lempira", "ADM1_CODE": 1431, "ADM2_NAME": "Erandique", "ADM2_CODE": 17371, "GEOSET": "GAUL", "GEOSET_YEAR": 2000.0, "GEOSET_VERSION": "GAUL_v1", "GEOSET_UNIT": "ADM2", "CENTROID_LONG": -88.452727513789441, "CENTROID_LAT": 14.221049005926579 }, "geometry": { "type": "MultiPolygon", "coordinates": [ [ [ [ -88.4179535, 14.3332644 ], [ -88.4075317, 14.2645731 ], [ -88.4164505, 14.2336607 ], [ -88.3282089, 14.2117491 ], [ -88.3267899, 14.2077684 ], [ -88.3895493, 14.1705694 ], [ -88.4302063, 14.1218967 ], [ -88.477417, 14.1107321 ], [ -88.5264359, 14.1945381 ], [ -88.532814, 14.2512178 ], [ -88.5587769, 14.2699785 ], [ -88.4969788, 14.2828035 ], [ -88.4441299, 14.3489761 ], [ -88.4179535, 14.3332644 ] ] ] ] } },
{ "type": "Feature", "properties": { "POLYGON_ID": "HND_GAUL2000_ADM2_17372", "ADM0_ISO3": "HND", "ADM0_NAME": "Honduras", "ADM0_CODE": 111, "ADM1_NAME": "Lempira", "ADM1_CODE": 1431, "ADM2_NAME": "Gracias", "ADM2_CODE": 17372, "GEOSET": "GAUL", "GEOSET_YEAR": 2000.0, "GEOSET_VERSION": "GAUL_v1", "GEOSET_UNIT": "ADM2", "CENTROID_LONG": -88.615310769471833, "CENTROID_LAT": 14.591141239981853 }, "geometry": { "type": "MultiPolygon", "coordinates": [ [ [ [ -88.5061951, 14.5497332 ], [ -88.5326614, 14.5185785 ], [ -88.5993958, 14.5039768 ], [ -88.7123947, 14.5049648 ], [ -88.7723083, 14.5354462 ], [ -88.7329712, 14.5916986 ], [ -88.7281799, 14.5969772 ], [ -88.665596, 14.6415625 ], [ -88.614563, 14.6542797 ], [ -88.5884399, 14.7066813 ], [ -88.5403671, 14.7288961 ], [ -88.4895554, 14.6987495 ], [ -88.534874, 14.6697464 ], [ -88.5061951, 14.5497332 ] ] ] ] } },
{ "type": "Feature", "properties": { "POLYGON_ID": "HND_GAUL2000_ADM2_17373", "ADM0_ISO3": "HND", "ADM0_NAME": "Honduras", "ADM0_CODE": 111, "ADM1_NAME": "Lempira", "ADM1_CODE": 1431, "ADM2_NAME": "Gualcince", "ADM2_CODE": 17373, "GEOSET": "GAUL", "GEOSET_YEAR": 2000.0, "GEOSET_VERSION": "GAUL_v1", "GEOSET_UNIT": "ADM2", "CENTROID_LONG": -88.561787895209946, "CENTROID_LAT": 14.115012202411975 }, "geometry": { "type": "MultiPolygon", "coordinates": [ [ [ [ -88.477417, 14.1107321 ], [ -88.5277786, 14.0628033 ], [ -88.5830536, 14.0714979 ], [ -88.6336899, 14.0617571 ], [ -88.6566696, 14.125494 ], [ -88.6001587, 14.13451 ], [ -88.5264359, 14.1945381 ], [ -88.477417, 14.1107321 ] ] ] ] } },
{ "type": "Feature", "properties": { "POLYGON_ID": "HND_GAUL2000_ADM2_17374", "ADM0_ISO3": "HND", "ADM0_NAME": "Honduras", "ADM0_CODE": 111, "ADM1_NAME": "Lempira", "ADM1_CODE": 1431, "ADM2_NAME": "Guarita", "ADM2_CODE": 17374, "GEOSET": "GAUL", "GEOSET_YEAR": 2000.0, "GEOSET_VERSION": "GAUL_v1", "GEOSET_UNIT": "ADM2", "CENTROID_LONG": -88.823642456836524, "CENTROID_LAT": 14.190107155961677 }, "geometry": { "type": "MultiPolygon", "coordinates": [ [ [ [ -88.8058395, 14.2865343 ], [ -88.7800369, 14.2641878 ], [ -88.8210754, 14.2093945 ], [ -88.7396698, 14.1724873 ], [ -88.7524948, 14.1387968 ], [ -88.790893, 14.1122062 ], [ -88.8075459, 14.109716 ], [ -88.8147751, 14.1081753 ], [ -88.8222198, 14.1073098 ], [ -88.8307272, 14.1066705 ], [ -88.832079, 14.1113771 ], [ -88.8333826, 14.1159155 ], [ -88.8463975, 14.1326451 ], [ -88.8496098, 14.146089 ], [ -88.8488959, 14.1500151 ], [ -88.8580569, 14.1536438 ], [ -88.8592466, 14.1639945 ], [ -88.8782942, 14.1855881 ], [ -88.8841834, 14.1889788 ], [ -88.900142, 14.1918791 ], [ -88.9032829, 14.1991602 ], [ -88.9020694, 14.2062272 ], [ -88.9219141, 14.209725 ], [ -88.9225867, 14.2093887 ], [ -88.8058395, 14.2865343 ] ] ] ] } },
{ "type": "Feature", "properties": { "POLYGON_ID": "HND_GAUL2000_ADM2_17375", "ADM0_ISO3": "HND", "ADM0_NAME": "Honduras", "ADM0_CODE": 111, "ADM1_NAME": "Lempira", "ADM1_CODE": 1431, "ADM2_NAME": "La Campa", "ADM2_CODE": 17375, "GEOSET": "GAUL", "GEOSET_YEAR": 2000.0, "GEOSET_VERSION": "GAUL_v1", "GEOSET_UNIT": "ADM2", "CENTROID_LONG": -88.573906072218989, "CENTROID_LAT": 14.420584528942159 }, "geometry": { "type": "MultiPolygon", "coordinates": [ [ [ [ -88.4942169, 14.4314442 ], [ -88.5576401, 14.3517723 ], [ -88.6381226, 14.3213606 ], [ -88.6386185, 14.3210497 ], [ -88.6854324, 14.3532257 ], [ -88.6177444, 14.3615646 ], [ -88.6270828, 14.4011059 ], [ -88.5993958, 14.5039768 ], [ -88.5326614, 14.5185785 ], [ -88.4942169, 14.4314442 ] ] ] ] } },
{ "type": "Feature", "properties": { "POLYGON_ID": "HND_GAUL2000_ADM2_17376", "ADM0_ISO3": "HND", "ADM0_NAME": "Honduras", "ADM0_CODE": 111, "ADM1_NAME": "Lempira", "ADM1_CODE": 1431, "ADM2_NAME": "La Iguala", "ADM2_CODE": 17376, "GEOSET": "GAUL", "GEOSET_YEAR": 2000.0, "GEOSET_VERSION": "GAUL_v1", "GEOSET_UNIT": "ADM2", "CENTROID_LONG": -88.447403760301299, "CENTROID_LAT": 14.648142813548434 }, "geometry": { "type": "MultiPolygon", "coordinates": [ [ [ [ -88.4842987, 14.7968378 ], [ -88.4807281, 14.7945824 ], [ -88.4205399, 14.7495651 ], [ -88.4059143, 14.6568975 ], [ -88.3419952, 14.6373644 ], [ -88.3189392, 14.5559244 ], [ -88.4007874, 14.5689764 ], [ -88.3977966, 14.5296555 ], [ -88.5061951, 14.5497332 ], [ -88.534874, 14.6697464 ], [ -88.4895554, 14.6987495 ], [ -88.5403671, 14.7288961 ], [ -88.5083618, 14.7941732 ], [ -88.4842987, 14.7968378 ] ] ] ] } },
{ "type": "Feature", "properties": { "POLYGON_ID": "HND_GAUL2000_ADM2_17377", "ADM0_ISO3": "HND", "ADM0_NAME": "Honduras", "ADM0_CODE": 111, "ADM1_NAME": "Lempira", "ADM1_CODE": 1431, "ADM2_NAME": "La Union", "ADM2_CODE": 17377, "GEOSET": "GAUL", "GEOSET_YEAR": 2000.0, "GEOSET_VERSION": "GAUL_v1", "GEOSET_UNIT": "ADM2", "CENTROID_LONG": -88.418084519868088, "CENTROID_LAT": 14.791981663937419 }, "geometry": { "type": "MultiPolygon", "coordinates": [ [ [ [ -88.4074249, 14.8248301 ], [ -88.3588333, 14.7980051 ], [ -88.3815689, 14.7532291 ], [ -88.4205399, 14.7495651 ], [ -88.4807281, 14.7945824 ], [ -88.4369431, 14.8409052 ], [ -88.4074249, 14.8248301 ] ] ] ] } },
{ "type": "Feature", "properties": { "POLYGON_ID": "HND_GAUL2000_ADM2_17378", "ADM0_ISO3": "HND", "ADM0_NAME": "Honduras", "ADM0_CODE": 111, "ADM1_NAME": "Lempira", "ADM1_CODE": 1431, "ADM2_NAME": "La Virtud", "ADM2_CODE": 17378, "GEOSET": "GAUL", "GEOSET_YEAR": 2000.0, "GEOSET_VERSION": "GAUL_v1", "GEOSET_UNIT": "ADM2", "CENTROID_LONG": -88.67986417392332, "CENTROID_LAT": 14.068098812477851 }, "geometry": { "type": "MultiPolygon", "coordinates": [ [ [ [ -88.6566696, 14.125494 ], [ -88.6336899, 14.0617571 ], [ -88.6406049, 14.0184054 ], [ -88.6627551, 14.0254649 ], [ -88.6641828, 14.0188024 ], [ -88.6693581, 14.0119614 ], [ -88.672154, 14.0102958 ], [ -88.6820975, 14.0108935 ], [ -88.68304, 14.0109501 ], [ -88.683159, 14.0176126 ], [ -88.680958, 14.0210629 ], [ -88.6855174, 14.0239085 ], [ -88.6858976, 14.0241458 ], [ -88.6834777, 14.0258083 ], [ -88.6830204, 14.0261224 ], [ -88.6825373, 14.0314374 ], [ -88.6876107, 14.0380482 ], [ -88.6923985, 14.0426384 ], [ -88.6970547, 14.0418038 ], [ -88.7108253, 14.0440001 ], [ -88.7311628, 14.0491614 ], [ -88.7369674, 14.0545485 ], [ -88.7386082, 14.0685325 ], [ -88.7368731, 14.0727055 ], [ -88.7300741, 14.0882073 ], [ -88.6566772, 14.1270475 ], [ -88.6566696, 14.125494 ] ] ] ] } },
{ "type": "Feature", "properties": { "POLYGON_ID": "HND_GAUL2000_ADM2_17379", "ADM0_ISO3": "HND", "ADM0_NAME": "Honduras", "ADM0_CODE": 111, "ADM1_NAME": "Lempira", "ADM1_CODE": 1431, "ADM2_NAME": "Las Flores", "ADM2_CODE": 17379, "GEOSET": "GAUL", "GEOSET_YEAR": 2000.0, "GEOSET_VERSION": "GAUL_v1", "GEOSET_UNIT": "ADM2", "CENTROID_LONG": -88.655962853222377, "CENTROID_LAT": 14.66459111874947 }, "geometry": { "type": "MultiPolygon", "coordinates": [ [ [ [ -88.5884399, 14.7066813 ], [ -88.614563, 14.6542797 ], [ -88.665596, 14.6415625 ], [ -88.7281799, 14.5969772 ], [ -88.7478027, 14.6286001 ], [ -88.6914139, 14.6376419 ], [ -88.6505127, 14.7005548 ], [ -88.6508636, 14.7204943 ], [ -88.5884399, 14.7066813 ] ] ] ] } },
{ "type": "Feature", "properties": { "POLYGON_ID": "HND_GAUL2000_ADM2_17380", "ADM0_ISO3": "HND", "ADM0_NAME": "Honduras", "ADM0_CODE": 111, "ADM1_NAME": "Lempira", "ADM1_CODE": 1431, "ADM2_NAME": "Lepaera", "ADM2_CODE": 17380, "GEOSET": "GAUL", "GEOSET_YEAR": 2000.0, "GEOSET_VERSION": "GAUL_v1", "GEOSET_UNIT": "ADM2", "CENTROID_LONG": -88.58591121941889, "CENTROID_LAT": 14.810544298741148 }, "geometry": { "type": "MultiPolygon", "coordinates": [ [ [ [ -88.5843353, 14.9226561 ], [ -88.5452805, 14.907073 ], [ -88.4842987, 14.7968378 ], [ -88.5083618, 14.7941732 ], [ -88.5403671, 14.7288961 ], [ -88.5884399, 14.7066813 ], [ -88.6508636, 14.7204943 ], [ -88.6585846, 14.7480297 ], [ -88.6719971, 14.7969294 ], [ -88.6481628, 14.8389168 ], [ -88.6327057, 14.8807173 ], [ -88.6383362, 14.9027233 ], [ -88.5843353, 14.9226561 ] ] ] ] } },
{ "type": "Feature", "properties": { "POLYGON_ID": "HND_GAUL2000_ADM2_17381", "ADM0_ISO3": "HND", "ADM0_NAME": "Honduras", "ADM0_CODE": 111, "ADM1_NAME": "Lempira", "ADM1_CODE": 1431, "ADM2_NAME": "Mapulaca", "ADM2_CODE": 17381, "GEOSET": "GAUL", "GEOSET_YEAR": 2000.0, "GEOSET_VERSION": "GAUL_v1", "GEOSET_UNIT": "ADM2", "CENTROID_LONG": -88.612639766669872, "CENTROID_LAT": 14.041219038647865 }, "geometry": { "type": "MultiPolygon", "coordinates": [ [ [ [ -88.5830536, 14.0714979 ], [ -88.5927429, 14.0258513 ], [ -88.6112281, 14.0100531 ], [ -88.6406049, 14.0184054 ], [ -88.6336899, 14.0617571 ], [ -88.5830536, 14.0714979 ] ] ] ] } },
{ "type": "Feature", "properties": { "POLYGON_ID": "HND_GAUL2000_ADM2_17382", "ADM0_ISO3": "HND", "ADM0_NAME": "Honduras", "ADM0_CODE": 111, "ADM1_NAME": "Lempira", "ADM1_CODE": 1431, "ADM2_NAME": "Piraera", "ADM2_CODE": 17382, "GEOSET": "GAUL", "GEOSET_YEAR": 2000.0, "GEOSET_VERSION": "GAUL_v1", "GEOSET_UNIT": "ADM2", "CENTROID_LONG": -88.462852997865426, "CENTROID_LAT": 14.042496693683916 }, "geometry": { "type": "MultiPolygon", "coordinates": [ [ [ [ -88.4302063, 14.1218967 ], [ -88.3801727, 14.0290918 ], [ -88.4284515, 14.0044842 ], [ -88.4977332, 13.9516477 ], [ -88.4996431, 13.9619332 ], [ -88.499881, 13.9687742 ], [ -88.5243725, 13.982894 ], [ -88.5192337, 14.0019388 ], [ -88.5277786, 14.0628033 ], [ -88.477417, 14.1107321 ], [ -88.4302063, 14.1218967 ] ] ], [ [ [ -88.506483, 13.9394922 ], [ -88.5059486, 13.9441468 ], [ -88.5022852, 13.9472946 ], [ -88.4980713, 13.9509154 ], [ -88.506483, 13.9394922 ] ] ] ] } },
{ "type": "Feature", "properties": { "POLYGON_ID": "HND_GAUL2000_ADM2_17383", "ADM0_ISO3": "HND", "ADM0_NAME": "Honduras", "ADM0_CODE": 111, "ADM1_NAME": "Lempira", "ADM1_CODE": 1431, "ADM2_NAME": "San Andres", "ADM2_CODE": 17383, "GEOSET": "GAUL", "GEOSET_YEAR": 2000.0, "GEOSET_VERSION": "GAUL_v1", "GEOSET_UNIT": "ADM2", "CENTROID_LONG": -88.613213237851795, "CENTROID_LAT": 14.217275914145294 }, "geometry": { "type": "MultiPolygon", "coordinates": [ [ [ [ -88.5587769, 14.2699785 ], [ -88.532814, 14.2512178 ], [ -88.5264359, 14.1945381 ], [ -88.6001587, 14.13451 ], [ -88.6566696, 14.125494 ], [ -88.6566772, 14.1270475 ], [ -88.6847153, 14.1801825 ], [ -88.6861877, 14.2067499 ], [ -88.6815872, 14.2491884 ], [ -88.6386185, 14.3210497 ], [ -88.6381226, 14.3213606 ], [ -88.5587769, 14.2699785 ] ] ] ] } },
{ "type": "Feature", "properties": { "POLYGON_ID": "HND_GAUL2000_ADM2_17384", "ADM0_ISO3": "HND", "ADM0_NAME": "Honduras", "ADM0_CODE": 111, "ADM1_NAME": "Lempira", "ADM1_CODE": 1431, "ADM2_NAME": "San Francisco", "ADM2_CODE": 17384, "GEOSET": "GAUL", "GEOSET_YEAR": 2000.0, "GEOSET_VERSION": "GAUL_v1", "GEOSET_UNIT": "ADM2", "CENTROID_LONG": -88.366417392295062, "CENTROID_LAT": 14.117592751016677 }, "geometry": { "type": "MultiPolygon", "coordinates": [ [ [ [ -88.3253326, 14.1513557 ], [ -88.3137741, 14.0921154 ], [ -88.3751297, 14.0299587 ], [ -88.3801727, 14.0290918 ], [ -88.4302063, 14.1218967 ], [ -88.3895493, 14.1705694 ], [ -88.3267899, 14.2077684 ], [ -88.3253326, 14.1513557 ] ] ] ] } },
{ "type": "Feature", "properties": { "POLYGON_ID": "HND_GAUL2000_ADM2_17385", "ADM0_ISO3": "HND", "ADM0_NAME": "Honduras", "ADM0_CODE": 111, "ADM1_NAME": "Lempira", "ADM1_CODE": 1431, "ADM2_NAME": "San Juan Guarita", "ADM2_CODE": 17385, "GEOSET": "GAUL", "GEOSET_YEAR": 2000.0, "GEOSET_VERSION": "GAUL_v1", "GEOSET_UNIT": "ADM2", "CENTROID_LONG": -88.766080712243038, "CENTROID_LAT": 14.118641883876109 }, "geometry": { "type": "MultiPolygon", "coordinates": [ [ [ [ -88.7524948, 14.1387968 ], [ -88.7515849, 14.1127731 ], [ -88.752435, 14.1113502 ], [ -88.7539382, 14.1088342 ], [ -88.7633163, 14.1093613 ], [ -88.765293, 14.1085267 ], [ -88.765732, 14.107443 ], [ -88.767028, 14.104244 ], [ -88.790893, 14.1122062 ], [ -88.7524948, 14.1387968 ] ] ] ] } },
{ "type": "Feature", "properties": { "POLYGON_ID": "HND_GAUL2000_ADM2_17386", "ADM0_ISO3": "HND", "ADM0_NAME": "Honduras", "ADM0_CODE": 111, "ADM1_NAME": "Lempira", "ADM1_CODE": 1431, "ADM2_NAME": "San Manuel Del Colohete", "ADM2_CODE": 17386, "GEOSET": "GAUL", "GEOSET_YEAR": 2000.0, "GEOSET_VERSION": "GAUL_v1", "GEOSET_UNIT": "ADM2", "CENTROID_LONG": -88.666595278801395, "CENTROID_LAT": 14.436551312606262 }, "geometry": { "type": "MultiPolygon", "coordinates": [ [ [ [ -88.5993958, 14.5039768 ], [ -88.6270828, 14.4011059 ], [ -88.6177444, 14.3615646 ], [ -88.6854324, 14.3532257 ], [ -88.7313538, 14.4263983 ], [ -88.7123947, 14.5049648 ], [ -88.5993958, 14.5039768 ] ] ] ] } },
{ "type": "Feature", "properties": { "POLYGON_ID": "HND_GAUL2000_ADM2_17387", "ADM0_ISO3": "HND", "ADM0_NAME": "Honduras", "ADM0_CODE": 111, "ADM1_NAME": "Lempira", "ADM1_CODE": 1431, "ADM2_NAME": "San Rafael", "ADM2_CODE": 17387, "GEOSET": "GAUL", "GEOSET_YEAR": 2000.0, "GEOSET_VERSION": "GAUL_v1", "GEOSET_UNIT": "ADM2", "CENTROID_LONG": -88.37051579028666, "CENTROID_LAT": 14.693973872754702 }, "geometry": { "type": "MultiPolygon", "coordinates": [ [ [ [ -88.3099213, 14.7188082 ], [ -88.3107834, 14.6991396 ], [ -88.3386612, 14.6395044 ], [ -88.3419952, 14.6373644 ], [ -88.4059143, 14.6568975 ], [ -88.4205399, 14.7495651 ], [ -88.3815689, 14.7532291 ], [ -88.3466415, 14.7042551 ], [ -88.3099213, 14.7188082 ] ] ] ] } },
{ "type": "Feature", "properties": { "POLYGON_ID": "HND_GAUL2000_ADM2_17388", "ADM0_ISO3": "HND", "ADM0_NAME": "Honduras", "ADM0_CODE": 111, "ADM1_NAME": "Lempira", "ADM1_CODE": 1431, "ADM2_NAME": "San Sebastian", "ADM2_CODE": 17388, "GEOSET": "GAUL", "GEOSET_YEAR": 2000.0, "GEOSET_VERSION": "GAUL_v1", "GEOSET_UNIT": "ADM2", "CENTROID_LONG": -88.733360165258389, "CENTROID_LAT": 14.332287733215308 }, "geometry": { "type": "MultiPolygon", "coordinates": [ [ [ [ -88.7313538, 14.4263983 ], [ -88.6854324, 14.3532257 ], [ -88.6386185, 14.3210497 ], [ -88.6815872, 14.2491884 ], [ -88.7800369, 14.2641878 ], [ -88.8058395, 14.2865343 ], [ -88.7780228, 14.3253679 ], [ -88.8010025, 14.372714 ], [ -88.8139343, 14.4114733 ], [ -88.7313538, 14.4263983 ] ] ] ] } },
{ "type": "Feature", "properties": { "POLYGON_ID": "HND_GAUL2000_ADM2_17389", "ADM0_ISO3": "HND", "ADM0_NAME": "Honduras", "ADM0_CODE": 111, "ADM1_NAME": "Lempira", "ADM1_CODE": 1431, "ADM2_NAME": "Santa Cruz", "ADM2_CODE": 17389, "GEOSET": "GAUL", "GEOSET_YEAR": 2000.0, "GEOSET_VERSION": "GAUL_v1", "GEOSET_UNIT": "ADM2", "CENTROID_LONG": -88.529251462744227, "CENTROID_LAT": 14.33272266356504 }, "geometry": { "type": "MultiPolygon", "coordinates": [ [ [ [ -88.4918671, 14.4314489 ], [ -88.4871368, 14.3803892 ], [ -88.4441299, 14.3489761 ], [ -88.4969788, 14.2828035 ], [ -88.5587769, 14.2699785 ], [ -88.6381226, 14.3213606 ], [ -88.5576401, 14.3517723 ], [ -88.4942169, 14.4314442 ], [ -88.4918671, 14.4314489 ] ] ] ] } },
{ "type": "Feature", "properties": { "POLYGON_ID": "HND_GAUL2000_ADM2_17390", "ADM0_ISO3": "HND", "ADM0_NAME": "Honduras", "ADM0_CODE": 111, "ADM1_NAME": "Lempira", "ADM1_CODE": 1431, "ADM2_NAME": "Talgua", "ADM2_CODE": 17390, "GEOSET": "GAUL", "GEOSET_YEAR": 2000.0, "GEOSET_VERSION": "GAUL_v1", "GEOSET_UNIT": "ADM2", "CENTROID_LONG": -88.722585461291004, "CENTROID_LAT": 14.667502104222935 }, "geometry": { "type": "MultiPolygon", "coordinates": [ [ [ [ -88.6505127, 14.7005548 ], [ -88.6914139, 14.6376419 ], [ -88.7478027, 14.6286001 ], [ -88.7664871, 14.6361485 ], [ -88.7786865, 14.7027302 ], [ -88.7262421, 14.6914005 ], [ -88.6505127, 14.7005548 ] ] ] ] } },
{ "type": "Feature", "properties": { "POLYGON_ID": "HND_GAUL2000_ADM2_17391", "ADM0_ISO3": "HND", "ADM0_NAME": "Honduras", "ADM0_CODE": 111, "ADM1_NAME": "Lempira", "ADM1_CODE": 1431, "ADM2_NAME": "Tambla", "ADM2_CODE": 17391, "GEOSET": "GAUL", "GEOSET_YEAR": 2000.0, "GEOSET_VERSION": "GAUL_v1", "GEOSET_UNIT": "ADM2", "CENTROID_LONG": -88.752978886004158, "CENTROID_LAT": 14.208338919673265 }, "geometry": { "type": "MultiPolygon", "coordinates": [ [ [ [ -88.6861877, 14.2067499 ], [ -88.6847153, 14.1801825 ], [ -88.7396698, 14.1724873 ], [ -88.8210754, 14.2093945 ], [ -88.7800369, 14.2641878 ], [ -88.7592163, 14.2314816 ], [ -88.6861877, 14.2067499 ] ] ] ] } },
{ "type": "Feature", "properties": { "POLYGON_ID": "HND_GAUL2000_ADM2_17392", "ADM0_ISO3": "HND", "ADM0_NAME": "Honduras", "ADM0_CODE": 111, "ADM1_NAME": "Lempira", "ADM1_CODE": 1431, "ADM2_NAME": "Tomala", "ADM2_CODE": 17392, "GEOSET": "GAUL", "GEOSET_YEAR": 2000.0, "GEOSET_VERSION": "GAUL_v1", "GEOSET_UNIT": "ADM2", "CENTROID_LONG": -88.723858178607927, "CENTROID_LAT": 14.238235313900008 }, "geometry": { "type": "MultiPolygon", "coordinates": [ [ [ [ -88.6815872, 14.2491884 ], [ -88.6861877, 14.2067499 ], [ -88.7592163, 14.2314816 ], [ -88.7800369, 14.2641878 ], [ -88.6815872, 14.2491884 ] ] ] ] } },
{ "type": "Feature", "properties": { "POLYGON_ID": "HND_GAUL2000_ADM2_17393", "ADM0_ISO3": "HND", "ADM0_NAME": "Honduras", "ADM0_CODE": 111, "ADM1_NAME": "Lempira", "ADM1_CODE": 1431, "ADM2_NAME": "Valladolid", "ADM2_CODE": 17393, "GEOSET": "GAUL", "GEOSET_YEAR": 2000.0, "GEOSET_VERSION": "GAUL_v1", "GEOSET_UNIT": "ADM2", "CENTROID_LONG": -88.708491687507305, "CENTROID_LAT": 14.139185168058745 }, "geometry": { "type": "MultiPolygon", "coordinates": [ [ [ [ -88.6847153, 14.1801825 ], [ -88.6566772, 14.1270475 ], [ -88.7300741, 14.0882073 ], [ -88.7291862, 14.0902317 ], [ -88.7307675, 14.1008617 ], [ -88.7287689, 14.1132048 ], [ -88.7388278, 14.1211553 ], [ -88.740497, 14.1177291 ], [ -88.7438134, 14.1154011 ], [ -88.7508415, 14.1140174 ], [ -88.7515849, 14.1127731 ], [ -88.7524948, 14.1387968 ], [ -88.7396698, 14.1724873 ], [ -88.6847153, 14.1801825 ] ] ] ] } },
{ "type": "Feature", "properties": { "POLYGON_ID": "HND_GAUL2000_ADM2_17394", "ADM0_ISO3": "HND", "ADM0_NAME": "Honduras", "ADM0_CODE": 111, "ADM1_NAME": "Lempira", "ADM1_CODE": 1431, "ADM2_NAME": "Virginia", "ADM2_CODE": 17394, "GEOSET": "GAUL", "GEOSET_YEAR": 2000.0, "GEOSET_VERSION": "GAUL_v1", "GEOSET_UNIT": "ADM2", "CENTROID_LONG": -88.564432482657182, "CENTROID_LAT": 14.001357473199205 }, "geometry": { "type": "MultiPolygon", "coordinates": [ [ [ [ -88.5192337, 14.0019388 ], [ -88.5243725, 13.982894 ], [ -88.54634, 13.9842407 ], [ -88.5486005, 13.9813259 ], [ -88.5572855, 13.9843597 ], [ -88.5675172, 13.9789464 ], [ -88.5726925, 13.9833484 ], [ -88.6112281, 14.0100531 ], [ -88.5927429, 14.0258513 ], [ -88.5192337, 14.0019388 ] ] ] ] } },
{ "type": "Feature", "properties": { "POLYGON_ID": "HND_GAUL2000_ADM2_17395", "ADM0_ISO3": "HND", "ADM0_NAME": "Honduras", "ADM0_CODE": 111, "ADM1_NAME": "Name Unknown", "ADM1_CODE": 1432, "ADM2_NAME": "Name Unknown", "ADM2_CODE": 17395, "GEOSET": "GAUL", "GEOSET_YEAR": 2000.0, "GEOSET_VERSION": "GAUL_v1", "GEOSET_UNIT": "ADM2", "CENTROID_LONG": -83.934990033333335, "CENTROID_LAT": 17.4082767 }, "geometry": { "type": "MultiPolygon", "coordinates": [ [ [ [ -83.9210401, 17.41325 ], [ -83.94122, 17.4009701 ], [ -83.94271, 17.41061 ], [ -83.9210401, 17.41325 ] ] ] ] } },
{ "type": "Feature", "properties": { "POLYGON_ID": "HND_GAUL2000_ADM2_17396", "ADM0_ISO3": "HND", "ADM0_NAME": "Honduras", "ADM0_CODE": 111, "ADM1_NAME": "Ocotepeque", "ADM1_CODE": 1433, "ADM2_NAME": "Belen Gualcho", "ADM2_CODE": 17396, "GEOSET": "GAUL", "GEOSET_YEAR": 2000.0, "GEOSET_VERSION": "GAUL_v1", "GEOSET_UNIT": "ADM2", "CENTROID_LONG": -88.781597111520767, "CENTROID_LAT": 14.473577718449667 }, "geometry": { "type": "MultiPolygon", "coordinates": [ [ [ [ -88.7123947, 14.5049648 ], [ -88.7313538, 14.4263983 ], [ -88.8139343, 14.4114733 ], [ -88.845192, 14.4544678 ], [ -88.8464203, 14.4864378 ], [ -88.829628, 14.5186024 ], [ -88.7723083, 14.5354462 ], [ -88.7123947, 14.5049648 ] ] ] ] } },
{ "type": "Feature", "properties": { "POLYGON_ID": "HND_GAUL2000_ADM2_17397", "ADM0_ISO3": "HND", "ADM0_NAME": "Honduras", "ADM0_CODE": 111, "ADM1_NAME": "Ocotepeque", "ADM1_CODE": 1433, "ADM2_NAME": "Concepcion", "ADM2_CODE": 17397, "GEOSET": "GAUL", "GEOSET_YEAR": 2000.0, "GEOSET_VERSION": "GAUL_v1", "GEOSET_UNIT": "ADM2", "CENTROID_LONG": -89.195876344233938, "CENTROID_LAT": 14.518555568322649 }, "geometry": { "type": "MultiPolygon", "coordinates": [ [ [ [ -89.157692, 14.571748 ], [ -89.157692, 14.5675793 ], [ -89.1210175, 14.5067101 ], [ -89.2001572, 14.4455061 ], [ -89.2460709, 14.4507847 ], [ -89.2191238, 14.497118 ], [ -89.271662, 14.538357 ], [ -89.22734, 14.58281 ], [ -89.2203782, 14.5834513 ], [ -89.21757, 14.58371 ], [ -89.1962645, 14.5768328 ], [ -89.17773, 14.57085 ], [ -89.1772051, 14.57078 ], [ -89.157692, 14.571748 ] ] ] ] } },
{ "type": "Feature", "properties": { "POLYGON_ID": "HND_GAUL2000_ADM2_17398", "ADM0_ISO3": "HND", "ADM0_NAME": "Honduras", "ADM0_CODE": 111, "ADM1_NAME": "Ocotepeque", "ADM1_CODE": 1433, "ADM2_NAME": "Dolores Merendon", "ADM2_CODE": 17398, "GEOSET": "GAUL", "GEOSET_YEAR": 2000.0, "GEOSET_VERSION": "GAUL_v1", "GEOSET_UNIT": "ADM2", "CENTROID_LONG": -89.125238444074768, "CENTROID_LAT": 14.551031812207324 }, "geometry": { "type": "MultiPolygon", "coordinates": [ [ [ [ -89.0971375, 14.5165834 ], [ -89.1210175, 14.5067101 ], [ -89.157692, 14.5675793 ], [ -89.103714, 14.5983496 ], [ -89.11689, 14.5548973 ], [ -89.0971375, 14.5165834 ] ] ] ] } },
{ "type": "Feature", "properties": { "POLYGON_ID": "HND_GAUL2000_ADM2_17399", "ADM0_ISO3": "HND", "ADM0_NAME": "Honduras", "ADM0_CODE": 111, "ADM1_NAME": "Ocotepeque", "ADM1_CODE": 1433, "ADM2_NAME": "Fraternidad", "ADM2_CODE": 17399, "GEOSET": "GAUL", "GEOSET_YEAR": 2000.0, "GEOSET_VERSION": "GAUL_v1", "GEOSET_UNIT": "ADM2", "CENTROID_LONG": -89.068325146202199, "CENTROID_LAT": 14.571765710950823 }, "geometry": { "type": "MultiPolygon", "coordinates": [ [ [ [ -89.037117, 14.5421352 ], [ -89.0782623, 14.5118732 ], [ -89.0971375, 14.5165834 ], [ -89.11689, 14.5548973 ], [ -89.103714, 14.5983496 ], [ -89.0758286, 14.6185265 ], [ -89.0529861, 14.6344929 ], [ -89.0165176, 14.5944014 ], [ -89.037117, 14.5421352 ] ] ] ] } },
{ "type": "Feature", "properties": { "POLYGON_ID": "HND_GAUL2000_ADM2_17400", "ADM0_ISO3": "HND", "ADM0_NAME": "Honduras", "ADM0_CODE": 111, "ADM1_NAME": "Ocotepeque", "ADM1_CODE": 1433, "ADM2_NAME": "La Encarnacion", "ADM2_CODE": 17400, "GEOSET": "GAUL", "GEOSET_YEAR": 2000.0, "GEOSET_VERSION": "GAUL_v1", "GEOSET_UNIT": "ADM2", "CENTROID_LONG": -89.04002896559507, "CENTROID_LAT": 14.649219919945516 }, "geometry": { "type": "MultiPolygon", "coordinates": [ [ [ [ -89.0027237, 14.6768246 ], [ -88.9869003, 14.637701 ], [ -89.0529861, 14.6344929 ], [ -89.0758286, 14.6185265 ], [ -89.0981064, 14.6485052 ], [ -89.0375366, 14.6693058 ], [ -89.0027237, 14.6768246 ] ] ] ] } },
{ "type": "Feature", "properties": { "POLYGON_ID": "HND_GAUL2000_ADM2_17401", "ADM0_ISO3": "HND", "ADM0_NAME": "Honduras", "ADM0_CODE": 111, "ADM1_NAME": "Ocotepeque", "ADM1_CODE": 1433, "ADM2_NAME": "La Labor", "ADM2_CODE": 17401, "GEOSET": "GAUL", "GEOSET_YEAR": 2000.0, "GEOSET_VERSION": "GAUL_v1", "GEOSET_UNIT": "ADM2", "CENTROID_LONG": -89.026908861759495, "CENTROID_LAT": 14.485060329507657 }, "geometry": { "type": "MultiPolygon", "coordinates": [ [ [ [ -88.9893951, 14.5254459 ], [ -88.9652557, 14.4616804 ], [ -89.062912, 14.4240246 ], [ -89.0782623, 14.5118732 ], [ -89.037117, 14.5421352 ], [ -88.9893951, 14.5254459 ] ] ] ] } },
{ "type": "Feature", "properties": { "POLYGON_ID": "HND_GAUL2000_ADM2_17402", "ADM0_ISO3": "HND", "ADM0_NAME": "Honduras", "ADM0_CODE": 111, "ADM1_NAME": "Ocotepeque", "ADM1_CODE": 1433, "ADM2_NAME": "Lucerna", "ADM2_CODE": 17402, "GEOSET": "GAUL", "GEOSET_YEAR": 2000.0, "GEOSET_VERSION": "GAUL_v1", "GEOSET_UNIT": "ADM2", "CENTROID_LONG": -88.975418356357096, "CENTROID_LAT": 14.573862436759317 }, "geometry": { "type": "MultiPolygon", "coordinates": [ [ [ [ -88.9869003, 14.637701 ], [ -88.9169235, 14.5820856 ], [ -88.9034653, 14.5166082 ], [ -88.9893951, 14.5254459 ], [ -89.037117, 14.5421352 ], [ -89.0165176, 14.5944014 ], [ -89.0529861, 14.6344929 ], [ -88.9869003, 14.637701 ] ] ] ] } },
{ "type": "Feature", "properties": { "POLYGON_ID": "HND_GAUL2000_ADM2_17403", "ADM0_ISO3": "HND", "ADM0_NAME": "Honduras", "ADM0_CODE": 111, "ADM1_NAME": "Ocotepeque", "ADM1_CODE": 1433, "ADM2_NAME": "Mercedes", "ADM2_CODE": 17403, "GEOSET": "GAUL", "GEOSET_YEAR": 2000.0, "GEOSET_VERSION": "GAUL_v1", "GEOSET_UNIT": "ADM2", "CENTROID_LONG": -89.009001075476888, "CENTROID_LAT": 14.308513295424149 }, "geometry": { "type": "MultiPolygon", "coordinates": [ [ [ [ -88.9445953, 14.3262453 ], [ -88.9758377, 14.2843513 ], [ -88.9662695, 14.211569 ], [ -88.9722397, 14.2140081 ], [ -88.9747381, 14.2200043 ], [ -88.9703123, 14.2230024 ], [ -88.9697413, 14.2265002 ], [ -88.9763086, 14.2332103 ], [ -88.9793781, 14.237993 ], [ -88.9777362, 14.2411339 ], [ -89.0157838, 14.270901 ], [ -89.0189247, 14.270544 ], [ -89.0223446, 14.270544 ], [ -89.0258433, 14.2728078 ], [ -89.0257944, 14.2769414 ], [ -89.0257062, 14.2843925 ], [ -89.0239216, 14.2868196 ], [ -89.021209, 14.2898177 ], [ -89.0264202, 14.3145343 ], [ -89.0358493, 14.3229564 ], [ -89.0332861, 14.3259774 ], [ -89.0694457, 14.3364318 ], [ -89.0762677, 14.3416591 ], [ -89.0770221, 14.34147 ], [ -89.0759659, 14.3726006 ], [ -89.0612259, 14.3791294 ], [ -89.0182724, 14.3306074 ], [ -88.9445953, 14.3262453 ] ] ] ] } },
{ "type": "Feature", "properties": { "POLYGON_ID": "HND_GAUL2000_ADM2_17404", "ADM0_ISO3": "HND", "ADM0_NAME": "Honduras", "ADM0_CODE": 111, "ADM1_NAME": "Ocotepeque", "ADM1_CODE": 1433, "ADM2_NAME": "Nueva Ocotepeque", "ADM2_CODE": 17404, "GEOSET": "GAUL", "GEOSET_YEAR": 2000.0, "GEOSET_VERSION": "GAUL_v1", "GEOSET_UNIT": "ADM2", "CENTROID_LONG": -89.220487632756686, "CENTROID_LAT": 14.412664940192588 }, "geometry": { "type": "MultiPolygon", "coordinates": [ [ [ [ -89.2460709, 14.4507847 ], [ -89.2001572, 14.4455061 ], [ -89.1115044, 14.4017255 ], [ -89.1124994, 14.4012926 ], [ -89.1142625, 14.3967717 ], [ -89.148672, 14.3519829 ], [ -89.1682476, 14.3652272 ], [ -89.1691635, 14.3653845 ], [ -89.177909, 14.3668871 ], [ -89.1847613, 14.3662912 ], [ -89.19255, 14.3652698 ], [ -89.2053098, 14.366121 ], [ -89.2120793, 14.375777 ], [ -89.3028299, 14.4145304 ], [ -89.3124964, 14.409852 ], [ -89.3371568, 14.4151933 ], [ -89.3388267, 14.4157862 ], [ -89.3404469, 14.4174353 ], [ -89.2905426, 14.4702606 ], [ -89.2460709, 14.4507847 ] ] ] ] } },
{ "type": "Feature", "properties": { "POLYGON_ID": "HND_GAUL2000_ADM2_17405", "ADM0_ISO3": "HND", "ADM0_NAME": "Honduras", "ADM0_CODE": 111, "ADM1_NAME": "Ocotepeque", "ADM1_CODE": 1433, "ADM2_NAME": "San Fernando", "ADM2_CODE": 17405, "GEOSET": "GAUL", "GEOSET_YEAR": 2000.0, "GEOSET_VERSION": "GAUL_v1", "GEOSET_UNIT": "ADM2", "CENTROID_LONG": -89.093668408227018, "CENTROID_LAT": 14.680460442176354 }, "geometry": { "type": "MultiPolygon", "coordinates": [ [ [ [ -89.0725098, 14.7097254 ], [ -89.0375366, 14.6693058 ], [ -89.0981064, 14.6485052 ], [ -89.1474562, 14.6758506 ], [ -89.1355931, 14.6968622 ], [ -89.0925903, 14.7104454 ], [ -89.0725098, 14.7097254 ] ] ] ] } },
{ "type": "Feature", "properties": { "POLYGON_ID": "HND_GAUL2000_ADM2_17406", "ADM0_ISO3": "HND", "ADM0_NAME": "Honduras", "ADM0_CODE": 111, "ADM1_NAME": "Ocotepeque", "ADM1_CODE": 1433, "ADM2_NAME": "San Francisco Del Valle", "ADM2_CODE": 17406, "GEOSET": "GAUL", "GEOSET_YEAR": 2000.0, "GEOSET_VERSION": "GAUL_v1", "GEOSET_UNIT": "ADM2", "CENTROID_LONG": -88.994226372760494, "CENTROID_LAT": 14.415950941770925 }, "geometry": { "type": "MultiPolygon", "coordinates": [ [ [ [ -88.8977432, 14.4304504 ], [ -88.9918747, 14.3778543 ], [ -89.0612259, 14.3791294 ], [ -89.0759659, 14.3726006 ], [ -89.062912, 14.4240246 ], [ -88.9652557, 14.4616804 ], [ -88.8977432, 14.4304504 ] ] ] ] } },
{ "type": "Feature", "properties": { "POLYGON_ID": "HND_GAUL2000_ADM2_17407", "ADM0_ISO3": "HND", "ADM0_NAME": "Honduras", "ADM0_CODE": 111, "ADM1_NAME": "Ocotepeque", "ADM1_CODE": 1433, "ADM2_NAME": "San Jorge", "ADM2_CODE": 17407, "GEOSET": "GAUL", "GEOSET_YEAR": 2000.0, "GEOSET_VERSION": "GAUL_v1", "GEOSET_UNIT": "ADM2", "CENTROID_LONG": -89.098897587024837, "CENTROID_LAT": 14.641712940908743 }, "geometry": { "type": "MultiPolygon", "coordinates": [ [ [ [ -89.0070343, 14.701045 ], [ -89.0027237, 14.6768246 ], [ -89.0375366, 14.6693058 ], [ -89.0725098, 14.7097254 ], [ -89.0070343, 14.701045 ] ] ], [ [ [ -89.0981064, 14.6485052 ], [ -89.0758286, 14.6185265 ], [ -89.103714, 14.5983496 ], [ -89.157692, 14.5675793 ], [ -89.157692, 14.571748 ], [ -89.1538634, 14.5772636 ], [ -89.14629, 14.6025 ], [ -89.14769, 14.62743 ], [ -89.15189, 14.64788 ], [ -89.1474562, 14.6758506 ], [ -89.0981064, 14.6485052 ] ] ] ] } },
{ "type": "Feature", "properties": { "POLYGON_ID": "HND_GAUL2000_ADM2_17408", "ADM0_ISO3": "HND", "ADM0_NAME": "Honduras", "ADM0_CODE": 111, "ADM1_NAME": "Ocotepeque", "ADM1_CODE": 1433, "ADM2_NAME": "San Marcos", "ADM2_CODE": 17408, "GEOSET": "GAUL", "GEOSET_YEAR": 2000.0, "GEOSET_VERSION": "GAUL_v1", "GEOSET_UNIT": "ADM2", "CENTROID_LONG": -88.922090747919938, "CENTROID_LAT": 14.38041949634813 }, "geometry": { "type": "MultiPolygon", "coordinates": [ [ [ [ -88.8139343, 14.4114733 ], [ -88.8010025, 14.372714 ], [ -88.8715057, 14.3959494 ], [ -88.8821487, 14.3436623 ], [ -88.9445953, 14.3262453 ], [ -89.0182724, 14.3306074 ], [ -89.0612259, 14.3791294 ], [ -88.9918747, 14.3778543 ], [ -88.8977432, 14.4304504 ], [ -88.845192, 14.4544678 ], [ -88.8139343, 14.4114733 ] ] ] ] } },
{ "type": "Feature", "properties": { "POLYGON_ID": "HND_GAUL2000_ADM2_17409", "ADM0_ISO3": "HND", "ADM0_NAME": "Honduras", "ADM0_CODE": 111, "ADM1_NAME": "Ocotepeque", "ADM1_CODE": 1433, "ADM2_NAME": "Santa Fe", "ADM2_CODE": 17409, "GEOSET": "GAUL", "GEOSET_YEAR": 2000.0, "GEOSET_VERSION": "GAUL_v1", "GEOSET_UNIT": "ADM2", "CENTROID_LONG": -89.285908554306374, "CENTROID_LAT": 14.479901732805709 }, "geometry": { "type": "MultiPolygon", "coordinates": [ [ [ [ -89.2460709, 14.4507847 ], [ -89.2905426, 14.4702606 ], [ -89.3404469, 14.4174353 ], [ -89.3531854, 14.4184879 ], [ -89.34921, 14.42546 ], [ -89.34997, 14.4408 ], [ -89.3503866, 14.4492647 ], [ -89.3506555, 14.4588788 ], [ -89.35008, 14.46495 ], [ -89.34831, 14.46813 ], [ -89.3442419, 14.4728327 ], [ -89.33946, 14.4758 ], [ -89.30946, 14.48527 ], [ -89.30167, 14.50259 ], [ -89.271662, 14.538357 ], [ -89.2191238, 14.497118 ], [ -89.2460709, 14.4507847 ] ] ] ] } },
{ "type": "Feature", "properties": { "POLYGON_ID": "HND_GAUL2000_ADM2_17410", "ADM0_ISO3": "HND", "ADM0_NAME": "Honduras", "ADM0_CODE": 111, "ADM1_NAME": "Ocotepeque", "ADM1_CODE": 1433, "ADM2_NAME": "Sensenti", "ADM2_CODE": 17410, "GEOSET": "GAUL", "GEOSET_YEAR": 2000.0, "GEOSET_VERSION": "GAUL_v1", "GEOSET_UNIT": "ADM2", "CENTROID_LONG": -88.914785785979717, "CENTROID_LAT": 14.480214797566109 }, "geometry": { "type": "MultiPolygon", "coordinates": [ [ [ [ -88.9034653, 14.5166082 ], [ -88.8464203, 14.4864378 ], [ -88.845192, 14.4544678 ], [ -88.8977432, 14.4304504 ], [ -88.9652557, 14.4616804 ], [ -88.9893951, 14.5254459 ], [ -88.9034653, 14.5166082 ] ] ] ] } },
{ "type": "Feature", "properties": { "POLYGON_ID": "HND_GAUL2000_ADM2_17411", "ADM0_ISO3": "HND", "ADM0_NAME": "Honduras", "ADM0_CODE": 111, "ADM1_NAME": "Ocotepeque", "ADM1_CODE": 1433, "ADM2_NAME": "Sinuapa", "ADM2_CODE": 17411, "GEOSET": "GAUL", "GEOSET_YEAR": 2000.0, "GEOSET_VERSION": "GAUL_v1", "GEOSET_UNIT": "ADM2", "CENTROID_LONG": -89.114225744391391, "CENTROID_LAT": 14.449486170496906 }, "geometry": { "type": "MultiPolygon", "coordinates": [ [ [ [ -89.0782623, 14.5118732 ], [ -89.062912, 14.4240246 ], [ -89.0759659, 14.3726006 ], [ -89.0770221, 14.34147 ], [ -89.0817189, 14.3402926 ], [ -89.0834231, 14.3433262 ], [ -89.0834231, 14.3490578 ], [ -89.0834231, 14.3511058 ], [ -89.0818, 14.3610651 ], [ -89.0817754, 14.3612158 ], [ -89.0816342, 14.3731971 ], [ -89.083635, 14.3805178 ], [ -89.0903012, 14.3900393 ], [ -89.0904425, 14.3944411 ], [ -89.0945147, 14.3991253 ], [ -89.1012901, 14.4035604 ], [ -89.1115044, 14.4017255 ], [ -89.2001572, 14.4455061 ], [ -89.1210175, 14.5067101 ], [ -89.0971375, 14.5165834 ], [ -89.0782623, 14.5118732 ] ] ] ] } },
{ "type": "Feature", "properties": { "POLYGON_ID": "HND_GAUL2000_ADM2_17412", "ADM0_ISO3": "HND", "ADM0_NAME": "Honduras", "ADM0_CODE": 111, "ADM1_NAME": "Olancho", "ADM1_CODE": 1434, "ADM2_NAME": "Campamento", "ADM2_CODE": 17412, "GEOSET": "GAUL", "GEOSET_YEAR": 2000.0, "GEOSET_VERSION": "GAUL_v1", "GEOSET_UNIT": "ADM2", "CENTROID_LONG": -86.656448837239466, "CENTROID_LAT": 14.483780116491584 }, "geometry": { "type": "MultiPolygon", "coordinates": [ [ [ [ -86.5650711, 14.3613367 ], [ -86.6453476, 14.3980627 ], [ -86.7271118, 14.4118509 ], [ -86.7633896, 14.5322371 ], [ -86.7555618, 14.564024 ], [ -86.6329269, 14.5698605 ], [ -86.6171265, 14.5887136 ], [ -86.5614395, 14.5308428 ], [ -86.5813828, 14.4769402 ], [ -86.5650711, 14.3613367 ] ] ] ] } },
{ "type": "Feature", "properties": { "POLYGON_ID": "HND_GAUL2000_ADM2_17413", "ADM0_ISO3": "HND", "ADM0_NAME": "Honduras", "ADM0_CODE": 111, "ADM1_NAME": "Olancho", "ADM1_CODE": 1434, "ADM2_NAME": "Catacamas", "ADM2_CODE": 17413, "GEOSET": "GAUL", "GEOSET_YEAR": 2000.0, "GEOSET_VERSION": "GAUL_v1", "GEOSET_UNIT": "ADM2", "CENTROID_LONG": -85.603917107335164, "CENTROID_LAT": 14.499138908028604 }, "geometry": { "type": "MultiPolygon", "coordinates": [ [ [ [ -85.0513145, 14.6615966 ], [ -85.0277922, 14.6060267 ], [ -85.04508, 14.57233 ], [ -85.13764, 14.51722 ], [ -85.17828, 14.46098 ], [ -85.20673, 14.38958 ], [ -85.1640526, 14.3008048 ], [ -85.1835705, 14.2505596 ], [ -85.27844, 14.25745 ], [ -85.3387104, 14.244609 ], [ -85.40003, 14.15597 ], [ -85.40527, 14.12477 ], [ -85.5090401, 14.0816192 ], [ -85.52302, 14.04636 ], [ -85.57648, 14.06243 ], [ -85.60788, 14.02536 ], [ -85.6637, 14.01067 ], [ -85.75914, 13.95832 ], [ -85.76426, 13.87931 ], [ -85.8247847, 13.8527206 ], [ -85.84383, 13.90317 ], [ -85.9100569, 13.9037244 ], [ -86.01545, 13.9898 ], [ -86.0065, 14.07083 ], [ -86.0924049, 14.0639278 ], [ -86.14312, 14.0363961 ], [ -86.1472015, 14.1241932 ], [ -86.0530396, 14.1780252 ], [ -86.0687714, 14.2469206 ], [ -85.9940109, 14.2813673 ], [ -85.8788834, 14.18577 ], [ -85.8221893, 14.2262917 ], [ -85.8255157, 14.2848263 ], [ -85.8062973, 14.3391685 ], [ -85.8747711, 14.3952093 ], [ -85.9320908, 14.4087362 ], [ -85.9878311, 14.5244064 ], [ -85.9883728, 14.5246496 ], [ -85.9626694, 14.5660295 ], [ -85.9544907, 14.6359119 ], [ -85.9171677, 14.6928492 ], [ -85.92836, 14.7423086 ], [ -85.9015579, 14.7683001 ], [ -85.9223785, 14.8860846 ], [ -85.9411011, 14.9113407 ], [ -85.9326553, 15.0409985 ], [ -85.8360672, 15.0569525 ], [ -85.8028793, 15.0262146 ], [ -85.6911316, 15.0717049 ], [ -85.6085358, 15.017499 ], [ -85.5239792, 14.9821568 ], [ -85.4893494, 14.9233904 ], [ -85.38517, 14.8571854 ], [ -85.3547516, 14.8823957 ], [ -85.2829971, 14.8933678 ], [ -85.195282, 14.8433743 ], [ -85.1275024, 14.8348217 ], [ -85.1455383, 14.7414923 ], [ -85.0513145, 14.6615966 ] ] ] ] } },
{ "type": "Feature", "properties": { "POLYGON_ID": "HND_GAUL2000_ADM2_17414", "ADM0_ISO3": "HND", "ADM0_NAME": "Honduras", "ADM0_CODE": 111, "ADM1_NAME": "Olancho", "ADM1_CODE": 1434, "ADM2_NAME": "Concordia", "ADM2_CODE": 17414, "GEOSET": "GAUL", "GEOSET_YEAR": 2000.0, "GEOSET_VERSION": "GAUL_v1", "GEOSET_UNIT": "ADM2", "CENTROID_LONG": -86.729013993650625, "CENTROID_LAT": 14.636132392922915 }, "geometry": { "type": "MultiPolygon", "coordinates": [ [ [ [ -86.6913071, 14.6951303 ], [ -86.6713867, 14.6387215 ], [ -86.6171265, 14.5887136 ], [ -86.6329269, 14.5698605 ], [ -86.7555618, 14.564024 ], [ -86.8162384, 14.6303806 ], [ -86.7973709, 14.6936684 ], [ -86.76651, 14.7349854 ], [ -86.6913071, 14.6951303 ] ] ] ] } },
{ "type": "Feature", "properties": { "POLYGON_ID": "HND_GAUL2000_ADM2_17415", "ADM0_ISO3": "HND", "ADM0_NAME": "Honduras", "ADM0_CODE": 111, "ADM1_NAME": "Olancho", "ADM1_CODE": 1434, "ADM2_NAME": "Dulce Nombre De Culmi", "ADM2_CODE": 17415, "GEOSET": "GAUL", "GEOSET_YEAR": 2000.0, "GEOSET_VERSION": "GAUL_v1", "GEOSET_UNIT": "ADM2", "CENTROID_LONG": -85.294125588381206, "CENTROID_LAT": 15.053240402155678 }, "geometry": { "type": "MultiPolygon", "coordinates": [ [ [ [ -84.9940186, 15.0612078 ], [ -84.9959793, 14.9605761 ], [ -84.9959335, 14.7246648 ], [ -85.0513145, 14.6615966 ], [ -85.1455383, 14.7414923 ], [ -85.1275024, 14.8348217 ], [ -85.195282, 14.8433743 ], [ -85.2829971, 14.8933678 ], [ -85.3547516, 14.8823957 ], [ -85.38517, 14.8571854 ], [ -85.4893494, 14.9233904 ], [ -85.5239792, 14.9821568 ], [ -85.6085358, 15.017499 ], [ -85.6911316, 15.0717049 ], [ -85.6164856, 15.1194582 ], [ -85.6119385, 15.1860495 ], [ -85.5008316, 15.2663155 ], [ -85.4730301, 15.3012581 ], [ -85.4703522, 15.4310408 ], [ -85.3729324, 15.395896 ], [ -85.2307892, 15.2058592 ], [ -85.0943604, 15.1731396 ], [ -84.9940186, 15.0612078 ] ] ] ] } },
{ "type": "Feature", "properties": { "POLYGON_ID": "HND_GAUL2000_ADM2_17416", "ADM0_ISO3": "HND", "ADM0_NAME": "Honduras", "ADM0_CODE": 111, "ADM1_NAME": "Olancho", "ADM1_CODE": 1434, "ADM2_NAME": "El Rosario", "ADM2_CODE": 17416, "GEOSET": "GAUL", "GEOSET_YEAR": 2000.0, "GEOSET_VERSION": "GAUL_v1", "GEOSET_UNIT": "ADM2", "CENTROID_LONG": -86.711515909376544, "CENTROID_LAT": 14.884953585600648 }, "geometry": { "type": "MultiPolygon", "coordinates": [ [ [ [ -86.7191238, 14.9596586 ], [ -86.6861114, 14.9192905 ], [ -86.6440201, 14.9209156 ], [ -86.6541824, 14.8546104 ], [ -86.6923141, 14.828248 ], [ -86.7417526, 14.8399668 ], [ -86.80513, 14.8860111 ], [ -86.7635193, 14.8931904 ], [ -86.7191238, 14.9596586 ] ] ] ] } },
{ "type": "Feature", "properties": { "POLYGON_ID": "HND_GAUL2000_ADM2_17417", "ADM0_ISO3": "HND", "ADM0_NAME": "Honduras", "ADM0_CODE": 111, "ADM1_NAME": "Olancho", "ADM1_CODE": 1434, "ADM2_NAME": "Esquipulas Del Norte", "ADM2_CODE": 17417, "GEOSET": "GAUL", "GEOSET_YEAR": 2000.0, "GEOSET_VERSION": "GAUL_v1", "GEOSET_UNIT": "ADM2", "CENTROID_LONG": -86.574397948407338, "CENTROID_LAT": 15.271266371876232 }, "geometry": { "type": "MultiPolygon", "coordinates": [ [ [ [ -86.4188614, 15.3176546 ], [ -86.4745178, 15.3120966 ], [ -86.5328903, 15.1913605 ], [ -86.5522842, 15.1682386 ], [ -86.6452103, 15.1317444 ], [ -86.6855469, 15.2011433 ], [ -86.69133, 15.2812014 ], [ -86.6439896, 15.3286247 ], [ -86.5053406, 15.3987951 ], [ -86.4328232, 15.3576059 ], [ -86.4188614, 15.3176546 ] ] ] ] } },
{ "type": "Feature", "properties": { "POLYGON_ID": "HND_GAUL2000_ADM2_17418", "ADM0_ISO3": "HND", "ADM0_NAME": "Honduras", "ADM0_CODE": 111, "ADM1_NAME": "Olancho", "ADM1_CODE": 1434, "ADM2_NAME": "Gualaco", "ADM2_CODE": 17418, "GEOSET": "GAUL", "GEOSET_YEAR": 2000.0, "GEOSET_VERSION": "GAUL_v1", "GEOSET_UNIT": "ADM2", "CENTROID_LONG": -86.078821515091576, "CENTROID_LAT": 15.19024001588806 }, "geometry": { "type": "MultiPolygon", "coordinates": [ [ [ [ -85.8301163, 15.5144167 ], [ -85.7752151, 15.4515514 ], [ -85.7751312, 15.377141 ], [ -85.8345337, 15.4058294 ], [ -85.9564285, 15.3361778 ], [ -85.9351349, 15.234849 ], [ -85.9405746, 15.1508503 ], [ -85.8454361, 15.1107168 ], [ -85.8360672, 15.0569525 ], [ -85.9326553, 15.0409985 ], [ -85.9411011, 14.9113407 ], [ -85.9943237, 14.9368324 ], [ -86.0469513, 14.9225283 ], [ -86.218544, 14.9445047 ], [ -86.3282089, 14.9805994 ], [ -86.3482132, 14.9826775 ], [ -86.289772, 15.0106783 ], [ -86.2481918, 15.0629644 ], [ -86.2680893, 15.1271563 ], [ -86.2534027, 15.166028 ], [ -86.3106537, 15.2184248 ], [ -86.2908783, 15.2792645 ], [ -86.3390961, 15.3515501 ], [ -86.2308655, 15.4125843 ], [ -86.1647263, 15.3732061 ], [ -86.0848923, 15.3985853 ], [ -86.0315094, 15.3861818 ], [ -85.9654846, 15.4193602 ], [ -85.8859024, 15.497529 ], [ -85.8301163, 15.5144167 ] ] ] ] } },
{ "type": "Feature", "properties": { "POLYGON_ID": "HND_GAUL2000_ADM2_17419", "ADM0_ISO3": "HND", "ADM0_NAME": "Honduras", "ADM0_CODE": 111, "ADM1_NAME": "Olancho", "ADM1_CODE": 1434, "ADM2_NAME": "Guarizama", "ADM2_CODE": 17419, "GEOSET": "GAUL", "GEOSET_YEAR": 2000.0, "GEOSET_VERSION": "GAUL_v1", "GEOSET_UNIT": "ADM2", "CENTROID_LONG": -86.296616890081566, "CENTROID_LAT": 14.89512186903235 }, "geometry": { "type": "MultiPolygon", "coordinates": [ [ [ [ -86.218544, 14.9445047 ], [ -86.2536621, 14.8421898 ], [ -86.236969, 14.8217287 ], [ -86.2931442, 14.8189106 ], [ -86.3892212, 14.8683214 ], [ -86.3282928, 14.9472561 ], [ -86.3282089, 14.9805994 ], [ -86.218544, 14.9445047 ] ] ] ] } },
{ "type": "Feature", "properties": { "POLYGON_ID": "HND_GAUL2000_ADM2_17420", "ADM0_ISO3": "HND", "ADM0_NAME": "Honduras", "ADM0_CODE": 111, "ADM1_NAME": "Olancho", "ADM1_CODE": 1434, "ADM2_NAME": "Guata", "ADM2_CODE": 17420, "GEOSET": "GAUL", "GEOSET_YEAR": 2000.0, "GEOSET_VERSION": "GAUL_v1", "GEOSET_UNIT": "ADM2", "CENTROID_LONG": -86.38650026269768, "CENTROID_LAT": 15.156499860659707 }, "geometry": { "type": "MultiPolygon", "coordinates": [ [ [ [ -86.3482132, 14.9826775 ], [ -86.4158401, 14.9785624 ], [ -86.4517517, 14.9963131 ], [ -86.473793, 15.023654 ], [ -86.4744492, 15.101861 ], [ -86.5157318, 15.1410179 ], [ -86.5328903, 15.1913605 ], [ -86.4745178, 15.3120966 ], [ -86.4188614, 15.3176546 ], [ -86.3390961, 15.3515501 ], [ -86.2908783, 15.2792645 ], [ -86.3106537, 15.2184248 ], [ -86.2534027, 15.166028 ], [ -86.2680893, 15.1271563 ], [ -86.2481918, 15.0629644 ], [ -86.289772, 15.0106783 ], [ -86.3482132, 14.9826775 ] ] ] ] } },
{ "type": "Feature", "properties": { "POLYGON_ID": "HND_GAUL2000_ADM2_17421", "ADM0_ISO3": "HND", "ADM0_NAME": "Honduras", "ADM0_CODE": 111, "ADM1_NAME": "Olancho", "ADM1_CODE": 1434, "ADM2_NAME": "Guayape", "ADM2_CODE": 17421, "GEOSET": "GAUL", "GEOSET_YEAR": 2000.0, "GEOSET_VERSION": "GAUL_v1", "GEOSET_UNIT": "ADM2", "CENTROID_LONG": -86.844370770112846, "CENTROID_LAT": 14.791782105272091 }, "geometry": { "type": "MultiPolygon", "coordinates": [ [ [ [ -86.80513, 14.8860111 ], [ -86.7417526, 14.8399668 ], [ -86.76651, 14.7349854 ], [ -86.7973709, 14.6936684 ], [ -86.8162384, 14.6303806 ], [ -86.8407898, 14.6317749 ], [ -86.8708954, 14.6587458 ], [ -86.9093628, 14.7884054 ], [ -86.9556274, 14.8907928 ], [ -86.9440994, 14.9089375 ], [ -86.9245148, 14.9300613 ], [ -86.874321, 14.8948774 ], [ -86.80513, 14.8860111 ] ] ] ] } },
{ "type": "Feature", "properties": { "POLYGON_ID": "HND_GAUL2000_ADM2_17422", "ADM0_ISO3": "HND", "ADM0_NAME": "Honduras", "ADM0_CODE": 111, "ADM1_NAME": "Olancho", "ADM1_CODE": 1434, "ADM2_NAME": "Jano", "ADM2_CODE": 17422, "GEOSET": "GAUL", "GEOSET_YEAR": 2000.0, "GEOSET_VERSION": "GAUL_v1", "GEOSET_UNIT": "ADM2", "CENTROID_LONG": -86.545257075922493, "CENTROID_LAT": 15.056288881896464 }, "geometry": { "type": "MultiPolygon", "coordinates": [ [ [ [ -86.4517517, 14.9963131 ], [ -86.5349884, 14.9435244 ], [ -86.5386124, 14.907774 ], [ -86.5846939, 14.959569 ], [ -86.6135178, 15.0793009 ], [ -86.6452103, 15.1317444 ], [ -86.5522842, 15.1682386 ], [ -86.5328903, 15.1913605 ], [ -86.5157318, 15.1410179 ], [ -86.4744492, 15.101861 ], [ -86.473793, 15.023654 ], [ -86.4517517, 14.9963131 ] ] ] ] } },
{ "type": "Feature", "properties": { "POLYGON_ID": "HND_GAUL2000_ADM2_17423", "ADM0_ISO3": "HND", "ADM0_NAME": "Honduras", "ADM0_CODE": 111, "ADM1_NAME": "Olancho", "ADM1_CODE": 1434, "ADM2_NAME": "Juticalpa", "ADM2_CODE": 17423, "GEOSET": "GAUL", "GEOSET_YEAR": 2000.0, "GEOSET_VERSION": "GAUL_v1", "GEOSET_UNIT": "ADM2", "CENTROID_LONG": -86.326593450464046, "CENTROID_LAT": 14.540549288738946 }, "geometry": { "type": "MultiPolygon", "coordinates": [ [ [ [ -85.9719696, 14.7119141 ], [ -86.1400146, 14.634654 ], [ -86.1346588, 14.5913715 ], [ -86.0896606, 14.5227118 ], [ -85.9883728, 14.5246496 ], [ -85.9878311, 14.5244064 ], [ -86.0415497, 14.4742928 ], [ -86.1531525, 14.286665 ], [ -86.1788788, 14.3455849 ], [ -86.275383, 14.3303957 ], [ -86.3703842, 14.2747231 ], [ -86.4584427, 14.2937222 ], [ -86.5650711, 14.3613367 ], [ -86.5813828, 14.4769402 ], [ -86.5614395, 14.5308428 ], [ -86.6171265, 14.5887136 ], [ -86.6713867, 14.6387215 ], [ -86.6913071, 14.6951303 ], [ -86.6553421, 14.7211437 ], [ -86.6350174, 14.6884155 ], [ -86.5624466, 14.66957 ], [ -86.4852524, 14.7159405 ], [ -86.446785, 14.7832584 ], [ -86.4053345, 14.7604561 ], [ -86.2490082, 14.7444735 ], [ -86.1457214, 14.7286778 ], [ -86.016655, 14.7857523 ], [ -85.9384613, 14.7386341 ], [ -85.9719696, 14.7119141 ] ] ] ] } },
{ "type": "Feature", "properties": { "POLYGON_ID": "HND_GAUL2000_ADM2_17424", "ADM0_ISO3": "HND", "ADM0_NAME": "Honduras", "ADM0_CODE": 111, "ADM1_NAME": "Olancho", "ADM1_CODE": 1434, "ADM2_NAME": "La Union", "ADM2_CODE": 17424, "GEOSET": "GAUL", "GEOSET_YEAR": 2000.0, "GEOSET_VERSION": "GAUL_v1", "GEOSET_UNIT": "ADM2", "CENTROID_LONG": -86.70085136078113, "CENTROID_LAT": 15.075513770860232 }, "geometry": { "type": "MultiPolygon", "coordinates": [ [ [ [ -86.6452103, 15.1317444 ], [ -86.6135178, 15.0793009 ], [ -86.5846939, 14.959569 ], [ -86.597023, 14.9251194 ], [ -86.6440201, 14.9209156 ], [ -86.6861114, 14.9192905 ], [ -86.7191238, 14.9596586 ], [ -86.7155151, 14.9847641 ], [ -86.7840042, 15.0123901 ], [ -86.8174591, 15.0947742 ], [ -86.8086166, 15.1396103 ], [ -86.7268448, 15.257122 ], [ -86.69133, 15.2812014 ], [ -86.6855469, 15.2011433 ], [ -86.6452103, 15.1317444 ] ] ] ] } },
{ "type": "Feature", "properties": { "POLYGON_ID": "HND_GAUL2000_ADM2_17425", "ADM0_ISO3": "HND", "ADM0_NAME": "Honduras", "ADM0_CODE": 111, "ADM1_NAME": "Olancho", "ADM1_CODE": 1434, "ADM2_NAME": "Mangulile", "ADM2_CODE": 17425, "GEOSET": "GAUL", "GEOSET_YEAR": 2000.0, "GEOSET_VERSION": "GAUL_v1", "GEOSET_UNIT": "ADM2", "CENTROID_LONG": -86.854231442191789, "CENTROID_LAT": 15.120981366540937 }, "geometry": { "type": "MultiPolygon", "coordinates": [ [ [ [ -86.7268448, 15.257122 ], [ -86.8086166, 15.1396103 ], [ -86.8174591, 15.0947742 ], [ -86.7840042, 15.0123901 ], [ -86.8601227, 14.9815016 ], [ -86.9093552, 14.9903517 ], [ -86.9924088, 14.9750881 ], [ -87.0136108, 15.0041561 ], [ -86.9043198, 15.0709314 ], [ -86.8839874, 15.1747713 ], [ -86.8912048, 15.2392931 ], [ -86.8438568, 15.2747545 ], [ -86.8025742, 15.2876091 ], [ -86.7268448, 15.257122 ] ] ] ] } },
{ "type": "Feature", "properties": { "POLYGON_ID": "HND_GAUL2000_ADM2_17426", "ADM0_ISO3": "HND", "ADM0_NAME": "Honduras", "ADM0_CODE": 111, "ADM1_NAME": "Olancho", "ADM1_CODE": 1434, "ADM2_NAME": "Manto", "ADM2_CODE": 17426, "GEOSET": "GAUL", "GEOSET_YEAR": 2000.0, "GEOSET_VERSION": "GAUL_v1", "GEOSET_UNIT": "ADM2", "CENTROID_LONG": -86.409581535066749, "CENTROID_LAT": 14.864956637724479 }, "geometry": { "type": "MultiPolygon", "coordinates": [ [ [ [ -86.3482132, 14.9826775 ], [ -86.3282089, 14.9805994 ], [ -86.3282928, 14.9472561 ], [ -86.3892212, 14.8683214 ], [ -86.2931442, 14.8189106 ], [ -86.236969, 14.8217287 ], [ -86.2490082, 14.7444735 ], [ -86.4053345, 14.7604561 ], [ -86.446785, 14.7832584 ], [ -86.5569763, 14.8552008 ], [ -86.5386124, 14.907774 ], [ -86.5349884, 14.9435244 ], [ -86.4517517, 14.9963131 ], [ -86.4158401, 14.9785624 ], [ -86.3482132, 14.9826775 ] ] ] ] } },
{ "type": "Feature", "properties": { "POLYGON_ID": "HND_GAUL2000_ADM2_17427", "ADM0_ISO3": "HND", "ADM0_NAME": "Honduras", "ADM0_CODE": 111, "ADM1_NAME": "Olancho", "ADM1_CODE": 1434, "ADM2_NAME": "Patuca", "ADM2_CODE": 17427, "GEOSET": "GAUL", "GEOSET_YEAR": 2000.0, "GEOSET_VERSION": "GAUL_v1", "GEOSET_UNIT": "ADM2", "CENTROID_LONG": -85.972143354450864, "CENTROID_LAT": 14.337525390341648 }, "geometry": { "type": "MultiPolygon", "coordinates": [ [ [ [ -86.0687714, 14.2469206 ], [ -86.1438446, 14.265357 ], [ -86.1531525, 14.286665 ], [ -86.0415497, 14.4742928 ], [ -85.9878311, 14.5244064 ], [ -85.9320908, 14.4087362 ], [ -85.8747711, 14.3952093 ], [ -85.8062973, 14.3391685 ], [ -85.8255157, 14.2848263 ], [ -85.8221893, 14.2262917 ], [ -85.8788834, 14.18577 ], [ -85.9940109, 14.2813673 ], [ -86.0687714, 14.2469206 ] ] ] ] } },
{ "type": "Feature", "properties": { "POLYGON_ID": "HND_GAUL2000_ADM2_17428", "ADM0_ISO3": "HND", "ADM0_NAME": "Honduras", "ADM0_CODE": 111, "ADM1_NAME": "Olancho", "ADM1_CODE": 1434, "ADM2_NAME": "Salama", "ADM2_CODE": 17428, "GEOSET": "GAUL", "GEOSET_YEAR": 2000.0, "GEOSET_VERSION": "GAUL_v1", "GEOSET_UNIT": "ADM2", "CENTROID_LONG": -86.648225137120463, "CENTROID_LAT": 14.812438224274228 }, "geometry": { "type": "MultiPolygon", "coordinates": [ [ [ [ -86.5386124, 14.907774 ], [ -86.5569763, 14.8552008 ], [ -86.5739975, 14.7961359 ], [ -86.6275787, 14.7208967 ], [ -86.6553421, 14.7211437 ], [ -86.6913071, 14.6951303 ], [ -86.76651, 14.7349854 ], [ -86.7417526, 14.8399668 ], [ -86.6923141, 14.828248 ], [ -86.6541824, 14.8546104 ], [ -86.6440201, 14.9209156 ], [ -86.597023, 14.9251194 ], [ -86.5846939, 14.959569 ], [ -86.5386124, 14.907774 ] ] ] ] } },
{ "type": "Feature", "properties": { "POLYGON_ID": "HND_GAUL2000_ADM2_17429", "ADM0_ISO3": "HND", "ADM0_NAME": "Honduras", "ADM0_CODE": 111, "ADM1_NAME": "Olancho", "ADM1_CODE": 1434, "ADM2_NAME": "San Esteban", "ADM2_CODE": 17429, "GEOSET": "GAUL", "GEOSET_YEAR": 2000.0, "GEOSET_VERSION": "GAUL_v1", "GEOSET_UNIT": "ADM2", "CENTROID_LONG": -85.714497475838797, "CENTROID_LAT": 15.30608103452032 }, "geometry": { "type": "MultiPolygon", "coordinates": [ [ [ [ -85.705925, 15.5757542 ], [ -85.5967941, 15.5231533 ], [ -85.537529, 15.4626007 ], [ -85.4703522, 15.4310408 ], [ -85.4730301, 15.3012581 ], [ -85.5008316, 15.2663155 ], [ -85.6119385, 15.1860495 ], [ -85.6164856, 15.1194582 ], [ -85.6911316, 15.0717049 ], [ -85.8028793, 15.0262146 ], [ -85.8360672, 15.0569525 ], [ -85.8454361, 15.1107168 ], [ -85.9405746, 15.1508503 ], [ -85.9351349, 15.234849 ], [ -85.9564285, 15.3361778 ], [ -85.8345337, 15.4058294 ], [ -85.7751312, 15.377141 ], [ -85.7752151, 15.4515514 ], [ -85.8301163, 15.5144167 ], [ -85.7837753, 15.5701447 ], [ -85.705925, 15.5757542 ] ] ] ] } },
{ "type": "Feature", "properties": { "POLYGON_ID": "HND_GAUL2000_ADM2_17430", "ADM0_ISO3": "HND", "ADM0_NAME": "Honduras", "ADM0_CODE": 111, "ADM1_NAME": "Olancho", "ADM1_CODE": 1434, "ADM2_NAME": "San Francisco De Becerra", "ADM2_CODE": 17430, "GEOSET": "GAUL", "GEOSET_YEAR": 2000.0, "GEOSET_VERSION": "GAUL_v1", "GEOSET_UNIT": "ADM2", "CENTROID_LONG": -86.037791629490556, "CENTROID_LAT": 14.606377288502182 }, "geometry": { "type": "MultiPolygon", "coordinates": [ [ [ [ -85.9719696, 14.7119141 ], [ -85.9544907, 14.6359119 ], [ -85.9626694, 14.5660295 ], [ -85.9883728, 14.5246496 ], [ -86.0896606, 14.5227118 ], [ -86.1346588, 14.5913715 ], [ -86.1400146, 14.634654 ], [ -85.9719696, 14.7119141 ] ] ] ] } },
{ "type": "Feature", "properties": { "POLYGON_ID": "HND_GAUL2000_ADM2_17431", "ADM0_ISO3": "HND", "ADM0_NAME": "Honduras", "ADM0_CODE": 111, "ADM1_NAME": "Olancho", "ADM1_CODE": 1434, "ADM2_NAME": "San Francisco De La Paz", "ADM2_CODE": 17431, "GEOSET": "GAUL", "GEOSET_YEAR": 2000.0, "GEOSET_VERSION": "GAUL_v1", "GEOSET_UNIT": "ADM2", "CENTROID_LONG": -86.133134579657423, "CENTROID_LAT": 14.836391318814142 }, "geometry": { "type": "MultiPolygon", "coordinates": [ [ [ [ -86.0469513, 14.9225283 ], [ -85.9801636, 14.8058004 ], [ -86.016655, 14.7857523 ], [ -86.1457214, 14.7286778 ], [ -86.2490082, 14.7444735 ], [ -86.236969, 14.8217287 ], [ -86.2536621, 14.8421898 ], [ -86.218544, 14.9445047 ], [ -86.0469513, 14.9225283 ] ] ] ] } },
{ "type": "Feature", "properties": { "POLYGON_ID": "HND_GAUL2000_ADM2_17432", "ADM0_ISO3": "HND", "ADM0_NAME": "Honduras", "ADM0_CODE": 111, "ADM1_NAME": "Olancho", "ADM1_CODE": 1434, "ADM2_NAME": "Santa Maria Del Real", "ADM2_CODE": 17432, "GEOSET": "GAUL", "GEOSET_YEAR": 2000.0, "GEOSET_VERSION": "GAUL_v1", "GEOSET_UNIT": "ADM2", "CENTROID_LONG": -85.961098074171034, "CENTROID_LAT": 14.817671855888305 }, "geometry": { "type": "MultiPolygon", "coordinates": [ [ [ [ -85.9411011, 14.9113407 ], [ -85.9223785, 14.8860846 ], [ -85.9015579, 14.7683001 ], [ -85.92836, 14.7423086 ], [ -85.9171677, 14.6928492 ], [ -85.9544907, 14.6359119 ], [ -85.9719696, 14.7119141 ], [ -85.9384613, 14.7386341 ], [ -86.016655, 14.7857523 ], [ -85.9801636, 14.8058004 ], [ -86.0469513, 14.9225283 ], [ -85.9943237, 14.9368324 ], [ -85.9411011, 14.9113407 ] ] ] ] } },
{ "type": "Feature", "properties": { "POLYGON_ID": "HND_GAUL2000_ADM2_17433", "ADM0_ISO3": "HND", "ADM0_NAME": "Honduras", "ADM0_CODE": 111, "ADM1_NAME": "Olancho", "ADM1_CODE": 1434, "ADM2_NAME": "Silca", "ADM2_CODE": 17433, "GEOSET": "GAUL", "GEOSET_YEAR": 2000.0, "GEOSET_VERSION": "GAUL_v1", "GEOSET_UNIT": "ADM2", "CENTROID_LONG": -86.544732065992335, "CENTROID_LAT": 14.750990191545933 }, "geometry": { "type": "MultiPolygon", "coordinates": [ [ [ [ -86.446785, 14.7832584 ], [ -86.4852524, 14.7159405 ], [ -86.5624466, 14.66957 ], [ -86.6350174, 14.6884155 ], [ -86.6553421, 14.7211437 ], [ -86.6275787, 14.7208967 ], [ -86.5739975, 14.7961359 ], [ -86.5569763, 14.8552008 ], [ -86.446785, 14.7832584 ] ] ] ] } },
{ "type": "Feature", "properties": { "POLYGON_ID": "HND_GAUL2000_ADM2_17434", "ADM0_ISO3": "HND", "ADM0_NAME": "Honduras", "ADM0_CODE": 111, "ADM1_NAME": "Olancho", "ADM1_CODE": 1434, "ADM2_NAME": "Yocon", "ADM2_CODE": 17434, "GEOSET": "GAUL", "GEOSET_YEAR": 2000.0, "GEOSET_VERSION": "GAUL_v1", "GEOSET_UNIT": "ADM2", "CENTROID_LONG": -86.832535168859309, "CENTROID_LAT": 14.949167617873417 }, "geometry": { "type": "MultiPolygon", "coordinates": [ [ [ [ -86.7191238, 14.9596586 ], [ -86.7635193, 14.8931904 ], [ -86.80513, 14.8860111 ], [ -86.874321, 14.8948774 ], [ -86.9245148, 14.9300613 ], [ -86.9924088, 14.9750881 ], [ -86.9093552, 14.9903517 ], [ -86.8601227, 14.9815016 ], [ -86.7840042, 15.0123901 ], [ -86.7155151, 14.9847641 ], [ -86.7191238, 14.9596586 ] ] ] ] } },
{ "type": "Feature", "properties": { "POLYGON_ID": "HND_GAUL2000_ADM2_17435", "ADM0_ISO3": "HND", "ADM0_NAME": "Honduras", "ADM0_CODE": 111, "ADM1_NAME": "Paraiso", "ADM1_CODE": 1435, "ADM2_NAME": "Alauca", "ADM2_CODE": 17435, "GEOSET": "GAUL", "GEOSET_YEAR": 2000.0, "GEOSET_VERSION": "GAUL_v1", "GEOSET_UNIT": "ADM2", "CENTROID_LONG": -86.698898668776437, "CENTROID_LAT": 13.828329239778917 }, "geometry": { "type": "MultiPolygon", "coordinates": [ [ [ [ -86.6910782, 13.9082518 ], [ -86.6450272, 13.8312883 ], [ -86.5800857, 13.7879428 ], [ -86.6471791, 13.7782347 ], [ -86.71534, 13.78705 ], [ -86.7657675, 13.7606543 ], [ -86.7690201, 13.759737 ], [ -86.7699585, 13.859973 ], [ -86.7286453, 13.8640261 ], [ -86.720726, 13.9246216 ], [ -86.6910782, 13.9082518 ] ] ] ] } },
{ "type": "Feature", "properties": { "POLYGON_ID": "HND_GAUL2000_ADM2_17436", "ADM0_ISO3": "HND", "ADM0_NAME": "Honduras", "ADM0_CODE": 111, "ADM1_NAME": "Paraiso", "ADM1_CODE": 1435, "ADM2_NAME": "Danli", "ADM2_CODE": 17436, "GEOSET": "GAUL", "GEOSET_YEAR": 2000.0, "GEOSET_VERSION": "GAUL_v1", "GEOSET_UNIT": "ADM2", "CENTROID_LONG": -86.379591956275505, "CENTROID_LAT": 14.096799431552556 }, "geometry": { "type": "MultiPolygon", "coordinates": [ [ [ [ -86.1531525, 14.286665 ], [ -86.1438446, 14.265357 ], [ -86.0687714, 14.2469206 ], [ -86.0530396, 14.1780252 ], [ -86.1472015, 14.1241932 ], [ -86.14312, 14.0363961 ], [ -86.13591, 14.00848 ], [ -86.2314449, 13.909731 ], [ -86.30276, 13.84156 ], [ -86.32136, 13.78116 ], [ -86.357872, 13.7602578 ], [ -86.3665466, 13.8502483 ], [ -86.4616318, 13.875309 ], [ -86.5834961, 13.9306259 ], [ -86.6209793, 13.9857416 ], [ -86.6493149, 14.0375509 ], [ -86.6930847, 14.0684509 ], [ -86.6955643, 14.1538363 ], [ -86.6378403, 14.2285223 ], [ -86.5221405, 14.2954931 ], [ -86.4584427, 14.2937222 ], [ -86.3703842, 14.2747231 ], [ -86.275383, 14.3303957 ], [ -86.1788788, 14.3455849 ], [ -86.1531525, 14.286665 ] ] ] ] } },
{ "type": "Feature", "properties": { "POLYGON_ID": "HND_GAUL2000_ADM2_17437", "ADM0_ISO3": "HND", "ADM0_NAME": "Honduras", "ADM0_CODE": 111, "ADM1_NAME": "Paraiso", "ADM1_CODE": 1435, "ADM2_NAME": "El Paraiso", "ADM2_CODE": 17437, "GEOSET": "GAUL", "GEOSET_YEAR": 2000.0, "GEOSET_VERSION": "GAUL_v1", "GEOSET_UNIT": "ADM2", "CENTROID_LONG": -86.520214081620111, "CENTROID_LAT": 13.844312090166909 }, "geometry": { "type": "MultiPolygon", "coordinates": [ [ [ [ -86.5834961, 13.9306259 ], [ -86.4616318, 13.875309 ], [ -86.3665466, 13.8502483 ], [ -86.357872, 13.7602578 ], [ -86.3800432, 13.7665753 ], [ -86.4680863, 13.7736705 ], [ -86.5475921, 13.8004362 ], [ -86.5800857, 13.7879428 ], [ -86.6450272, 13.8312883 ], [ -86.6910782, 13.9082518 ], [ -86.5834961, 13.9306259 ] ] ] ] } },
{ "type": "Feature", "properties": { "POLYGON_ID": "HND_GAUL2000_ADM2_17438", "ADM0_ISO3": "HND", "ADM0_NAME": "Honduras", "ADM0_CODE": 111, "ADM1_NAME": "Paraiso", "ADM1_CODE": 1435, "ADM2_NAME": "Guinope", "ADM2_CODE": 17438, "GEOSET": "GAUL", "GEOSET_YEAR": 2000.0, "GEOSET_VERSION": "GAUL_v1", "GEOSET_UNIT": "ADM2", "CENTROID_LONG": -86.946713574650815, "CENTROID_LAT": 13.863114597254938 }, "geometry": { "type": "MultiPolygon", "coordinates": [ [ [ [ -86.9449463, 13.9510717 ], [ -86.8845596, 13.9086857 ], [ -86.8651199, 13.8553953 ], [ -86.9410477, 13.8321695 ], [ -86.8884201, 13.7733374 ], [ -87.0162811, 13.7835512 ], [ -86.9988861, 13.812746 ], [ -86.9942245, 13.9483652 ], [ -86.9449463, 13.9510717 ] ] ] ] } },
{ "type": "Feature", "properties": { "POLYGON_ID": "HND_GAUL2000_ADM2_17439", "ADM0_ISO3": "HND", "ADM0_NAME": "Honduras", "ADM0_CODE": 111, "ADM1_NAME": "Paraiso", "ADM1_CODE": 1435, "ADM2_NAME": "Jacaleapa", "ADM2_CODE": 17439, "GEOSET": "GAUL", "GEOSET_YEAR": 2000.0, "GEOSET_VERSION": "GAUL_v1", "GEOSET_UNIT": "ADM2", "CENTROID_LONG": -86.69493865699252, "CENTROID_LAT": 14.038548340434284 }, "geometry": { "type": "MultiPolygon", "coordinates": [ [ [ [ -86.6209793, 13.9857416 ], [ -86.6937103, 13.9861593 ], [ -86.7388992, 13.9510345 ], [ -86.7475204, 13.967926 ], [ -86.7137222, 14.0339298 ], [ -86.733429, 14.11483 ], [ -86.7336349, 14.12889 ], [ -86.6955643, 14.1538363 ], [ -86.6930847, 14.0684509 ], [ -86.6493149, 14.0375509 ], [ -86.6209793, 13.9857416 ] ] ] ] } },
{ "type": "Feature", "properties": { "POLYGON_ID": "HND_GAUL2000_ADM2_17440", "ADM0_ISO3": "HND", "ADM0_NAME": "Honduras", "ADM0_CODE": 111, "ADM1_NAME": "Paraiso", "ADM1_CODE": 1435, "ADM2_NAME": "Liure", "ADM2_CODE": 17440, "GEOSET": "GAUL", "GEOSET_YEAR": 2000.0, "GEOSET_VERSION": "GAUL_v1", "GEOSET_UNIT": "ADM2", "CENTROID_LONG": -87.05569338376732, "CENTROID_LAT": 13.550392034099652 }, "geometry": { "type": "MultiPolygon", "coordinates": [ [ [ [ -87.0022049, 13.5836725 ], [ -87.0033493, 13.5706854 ], [ -87.0147171, 13.5398664 ], [ -87.0833206, 13.4976215 ], [ -87.1101227, 13.5495625 ], [ -87.0531921, 13.5926189 ], [ -87.0022049, 13.5836725 ] ] ] ] } },
{ "type": "Feature", "properties": { "POLYGON_ID": "HND_GAUL2000_ADM2_17441", "ADM0_ISO3": "HND", "ADM0_NAME": "Honduras", "ADM0_CODE": 111, "ADM1_NAME": "Paraiso", "ADM1_CODE": 1435, "ADM2_NAME": "Moroceli", "ADM2_CODE": 17441, "GEOSET": "GAUL", "GEOSET_YEAR": 2000.0, "GEOSET_VERSION": "GAUL_v1", "GEOSET_UNIT": "ADM2", "CENTROID_LONG": -86.857056407361483, "CENTROID_LAT": 14.136451542528146 }, "geometry": { "type": "MultiPolygon", "coordinates": [ [ [ [ -86.8401642, 14.281806 ], [ -86.8337479, 14.22188 ], [ -86.7833176, 14.1943092 ], [ -86.776619, 14.1435204 ], [ -86.7336349, 14.12889 ], [ -86.733429, 14.11483 ], [ -86.8423004, 14.0371761 ], [ -86.8673935, 14.0609999 ], [ -86.9176712, 14.0415964 ], [ -86.9943619, 14.1147013 ], [ -86.9157562, 14.1334219 ], [ -86.9067612, 14.2225876 ], [ -86.8401642, 14.281806 ] ] ] ] } },
{ "type": "Feature", "properties": { "POLYGON_ID": "HND_GAUL2000_ADM2_17442", "ADM0_ISO3": "HND", "ADM0_NAME": "Honduras", "ADM0_CODE": 111, "ADM1_NAME": "Paraiso", "ADM1_CODE": 1435, "ADM2_NAME": "Oropoli", "ADM2_CODE": 17442, "GEOSET": "GAUL", "GEOSET_YEAR": 2000.0, "GEOSET_VERSION": "GAUL_v1", "GEOSET_UNIT": "ADM2", "CENTROID_LONG": -86.838995028931436, "CENTROID_LAT": 13.808542151084078 }, "geometry": { "type": "MultiPolygon", "coordinates": [ [ [ [ -86.7699585, 13.859973 ], [ -86.7690201, 13.759737 ], [ -86.8644562, 13.7528057 ], [ -86.8884201, 13.7733374 ], [ -86.9410477, 13.8321695 ], [ -86.8651199, 13.8553953 ], [ -86.7699585, 13.859973 ] ] ] ] } },
{ "type": "Feature", "properties": { "POLYGON_ID": "HND_GAUL2000_ADM2_17443", "ADM0_ISO3": "HND", "ADM0_NAME": "Honduras", "ADM0_CODE": 111, "ADM1_NAME": "Paraiso", "ADM1_CODE": 1435, "ADM2_NAME": "Potrerillos", "ADM2_CODE": 17443, "GEOSET": "GAUL", "GEOSET_YEAR": 2000.0, "GEOSET_VERSION": "GAUL_v1", "GEOSET_UNIT": "ADM2", "CENTROID_LONG": -86.766653249874182, "CENTROID_LAT": 14.037036188418917 }, "geometry": { "type": "MultiPolygon", "coordinates": [ [ [ [ -86.733429, 14.11483 ], [ -86.7137222, 14.0339298 ], [ -86.7475204, 13.967926 ], [ -86.7758102, 13.9760914 ], [ -86.8423004, 14.0371761 ], [ -86.733429, 14.11483 ] ] ] ] } },
{ "type": "Feature", "properties": { "POLYGON_ID": "HND_GAUL2000_ADM2_17444", "ADM0_ISO3": "HND", "ADM0_NAME": "Honduras", "ADM0_CODE": 111, "ADM1_NAME": "Paraiso", "ADM1_CODE": 1435, "ADM2_NAME": "San Antonio De Flores", "ADM2_CODE": 17444, "GEOSET": "GAUL", "GEOSET_YEAR": 2000.0, "GEOSET_VERSION": "GAUL_v1", "GEOSET_UNIT": "ADM2", "CENTROID_LONG": -86.844078591475238, "CENTROID_LAT": 13.707875896269233 }, "geometry": { "type": "MultiPolygon", "coordinates": [ [ [ [ -86.7690201, 13.759737 ], [ -86.7657675, 13.7606543 ], [ -86.7707801, 13.693353 ], [ -86.8414001, 13.6721487 ], [ -86.8848648, 13.6420984 ], [ -86.8901443, 13.6497984 ], [ -86.9356918, 13.6830626 ], [ -86.8644562, 13.7528057 ], [ -86.7690201, 13.759737 ] ] ] ] } },
{ "type": "Feature", "properties": { "POLYGON_ID": "HND_GAUL2000_ADM2_17445", "ADM0_ISO3": "HND", "ADM0_NAME": "Honduras", "ADM0_CODE": 111, "ADM1_NAME": "Paraiso", "ADM1_CODE": 1435, "ADM2_NAME": "San Lucas", "ADM2_CODE": 17445, "GEOSET": "GAUL", "GEOSET_YEAR": 2000.0, "GEOSET_VERSION": "GAUL_v1", "GEOSET_UNIT": "ADM2", "CENTROID_LONG": -86.956778781134872, "CENTROID_LAT": 13.739387105194441 }, "geometry": { "type": "MultiPolygon", "coordinates": [ [ [ [ -86.8884201, 13.7733374 ], [ -86.8644562, 13.7528057 ], [ -86.9356918, 13.6830626 ], [ -86.9742737, 13.6851139 ], [ -87.0340958, 13.7388134 ], [ -87.0397949, 13.7657614 ], [ -87.0162811, 13.7835512 ], [ -86.8884201, 13.7733374 ] ] ] ] } },
{ "type": "Feature", "properties": { "POLYGON_ID": "HND_GAUL2000_ADM2_17446", "ADM0_ISO3": "HND", "ADM0_NAME": "Honduras", "ADM0_CODE": 111, "ADM1_NAME": "Paraiso", "ADM1_CODE": 1435, "ADM2_NAME": "San Matias", "ADM2_CODE": 17446, "GEOSET": "GAUL", "GEOSET_YEAR": 2000.0, "GEOSET_VERSION": "GAUL_v1", "GEOSET_UNIT": "ADM2", "CENTROID_LONG": -86.663558238569962, "CENTROID_LAT": 13.949001776146588 }, "geometry": { "type": "MultiPolygon", "coordinates": [ [ [ [ -86.6209793, 13.9857416 ], [ -86.5834961, 13.9306259 ], [ -86.6910782, 13.9082518 ], [ -86.720726, 13.9246216 ], [ -86.7388992, 13.9510345 ], [ -86.6937103, 13.9861593 ], [ -86.6209793, 13.9857416 ] ] ] ] } },
{ "type": "Feature", "properties": { "POLYGON_ID": "HND_GAUL2000_ADM2_17447", "ADM0_ISO3": "HND", "ADM0_NAME": "Honduras", "ADM0_CODE": 111, "ADM1_NAME": "Paraiso", "ADM1_CODE": 1435, "ADM2_NAME": "Soledad", "ADM2_CODE": 17447, "GEOSET": "GAUL", "GEOSET_YEAR": 2000.0, "GEOSET_VERSION": "GAUL_v1", "GEOSET_UNIT": "ADM2", "CENTROID_LONG": -87.150213419518309, "CENTROID_LAT": 13.608883358570772 }, "geometry": { "type": "MultiPolygon", "coordinates": [ [ [ [ -87.1251373, 13.6489859 ], [ -87.0531921, 13.5926189 ], [ -87.1101227, 13.5495625 ], [ -87.1852188, 13.5591164 ], [ -87.2251739, 13.6123047 ], [ -87.2135925, 13.6626787 ], [ -87.1863785, 13.6804791 ], [ -87.1251373, 13.6489859 ] ] ] ] } },
{ "type": "Feature", "properties": { "POLYGON_ID": "HND_GAUL2000_ADM2_17448", "ADM0_ISO3": "HND", "ADM0_NAME": "Honduras", "ADM0_CODE": 111, "ADM1_NAME": "Paraiso", "ADM1_CODE": 1435, "ADM2_NAME": "Teupasenti", "ADM2_CODE": 17448, "GEOSET": "GAUL", "GEOSET_YEAR": 2000.0, "GEOSET_VERSION": "GAUL_v1", "GEOSET_UNIT": "ADM2", "CENTROID_LONG": -86.695207721917967, "CENTROID_LAT": 14.286779907358023 }, "geometry": { "type": "MultiPolygon", "coordinates": [ [ [ [ -86.5650711, 14.3613367 ], [ -86.4584427, 14.2937222 ], [ -86.5221405, 14.2954931 ], [ -86.6378403, 14.2285223 ], [ -86.6955643, 14.1538363 ], [ -86.7336349, 14.12889 ], [ -86.776619, 14.1435204 ], [ -86.7833176, 14.1943092 ], [ -86.8337479, 14.22188 ], [ -86.8401642, 14.281806 ], [ -86.8407211, 14.3068752 ], [ -86.8422928, 14.3213997 ], [ -86.7271118, 14.4118509 ], [ -86.6453476, 14.3980627 ], [ -86.5650711, 14.3613367 ] ] ] ] } },
{ "type": "Feature", "properties": { "POLYGON_ID": "HND_GAUL2000_ADM2_17449", "ADM0_ISO3": "HND", "ADM0_NAME": "Honduras", "ADM0_CODE": 111, "ADM1_NAME": "Paraiso", "ADM1_CODE": 1435, "ADM2_NAME": "Texiguat", "ADM2_CODE": 17449, "GEOSET": "GAUL", "GEOSET_YEAR": 2000.0, "GEOSET_VERSION": "GAUL_v1", "GEOSET_UNIT": "ADM2", "CENTROID_LONG": -87.040308681428812, "CENTROID_LAT": 13.661317580246726 }, "geometry": { "type": "MultiPolygon", "coordinates": [ [ [ [ -86.9356918, 13.6830626 ], [ -86.993782, 13.6307707 ], [ -87.0022049, 13.5836725 ], [ -87.0531921, 13.5926189 ], [ -87.1251373, 13.6489859 ], [ -87.1015549, 13.704339 ], [ -87.0340958, 13.7388134 ], [ -86.9742737, 13.6851139 ], [ -86.9356918, 13.6830626 ] ] ] ] } },
{ "type": "Feature", "properties": { "POLYGON_ID": "HND_GAUL2000_ADM2_17450", "ADM0_ISO3": "HND", "ADM0_NAME": "Honduras", "ADM0_CODE": 111, "ADM1_NAME": "Paraiso", "ADM1_CODE": 1435, "ADM2_NAME": "Vado Ancho", "ADM2_CODE": 17450, "GEOSET": "GAUL", "GEOSET_YEAR": 2000.0, "GEOSET_VERSION": "GAUL_v1", "GEOSET_UNIT": "ADM2", "CENTROID_LONG": -86.953282226487715, "CENTROID_LAT": 13.632484183543804 }, "geometry": { "type": "MultiPolygon", "coordinates": [ [ [ [ -86.8901443, 13.6497984 ], [ -87.0033493, 13.5706854 ], [ -87.0022049, 13.5836725 ], [ -86.993782, 13.6307707 ], [ -86.9356918, 13.6830626 ], [ -86.8901443, 13.6497984 ] ] ] ] } },
{ "type": "Feature", "properties": { "POLYGON_ID": "HND_GAUL2000_ADM2_17451", "ADM0_ISO3": "HND", "ADM0_NAME": "Honduras", "ADM0_CODE": 111, "ADM1_NAME": "Paraiso", "ADM1_CODE": 1435, "ADM2_NAME": "Yauyupe", "ADM2_CODE": 17451, "GEOSET": "GAUL", "GEOSET_YEAR": 2000.0, "GEOSET_VERSION": "GAUL_v1", "GEOSET_UNIT": "ADM2", "CENTROID_LONG": -87.088181991553498, "CENTROID_LAT": 13.74910481938011 }, "geometry": { "type": "MultiPolygon", "coordinates": [ [ [ [ -87.0397949, 13.7657614 ], [ -87.0340958, 13.7388134 ], [ -87.1015549, 13.704339 ], [ -87.1303711, 13.7446547 ], [ -87.1186066, 13.8024559 ], [ -87.0829926, 13.7704763 ], [ -87.0397949, 13.7657614 ] ] ] ] } },
{ "type": "Feature", "properties": { "POLYGON_ID": "HND_GAUL2000_ADM2_17452", "ADM0_ISO3": "HND", "ADM0_NAME": "Honduras", "ADM0_CODE": 111, "ADM1_NAME": "Paraiso", "ADM1_CODE": 1435, "ADM2_NAME": "Yuscaran", "ADM2_CODE": 17452, "GEOSET": "GAUL", "GEOSET_YEAR": 2000.0, "GEOSET_VERSION": "GAUL_v1", "GEOSET_UNIT": "ADM2", "CENTROID_LONG": -86.831777832245493, "CENTROID_LAT": 13.945379609964373 }, "geometry": { "type": "MultiPolygon", "coordinates": [ [ [ [ -86.8423004, 14.0371761 ], [ -86.7758102, 13.9760914 ], [ -86.7475204, 13.967926 ], [ -86.7388992, 13.9510345 ], [ -86.720726, 13.9246216 ], [ -86.7286453, 13.8640261 ], [ -86.7699585, 13.859973 ], [ -86.8651199, 13.8553953 ], [ -86.8845596, 13.9086857 ], [ -86.9449463, 13.9510717 ], [ -86.9167709, 13.9908037 ], [ -86.9176712, 14.0415964 ], [ -86.8673935, 14.0609999 ], [ -86.8423004, 14.0371761 ] ] ] ] } },
{ "type": "Feature", "properties": { "POLYGON_ID": "HND_GAUL2000_ADM2_17453", "ADM0_ISO3": "HND", "ADM0_NAME": "Honduras", "ADM0_CODE": 111, "ADM1_NAME": "Santa Barbara", "ADM1_CODE": 1436, "ADM2_NAME": "Arada", "ADM2_CODE": 17453, "GEOSET": "GAUL", "GEOSET_YEAR": 2000.0, "GEOSET_VERSION": "GAUL_v1", "GEOSET_UNIT": "ADM2", "CENTROID_LONG": -88.333495026697179, "CENTROID_LAT": 14.837935045246796 }, "geometry": { "type": "MultiPolygon", "coordinates": [ [ [ [ -88.3233948, 14.8889236 ], [ -88.3243103, 14.8519325 ], [ -88.2573242, 14.8549623 ], [ -88.2653198, 14.8075066 ], [ -88.3588333, 14.7980051 ], [ -88.4074249, 14.8248301 ], [ -88.3611679, 14.8917789 ], [ -88.3233948, 14.8889236 ] ] ] ] } },
{ "type": "Feature", "properties": { "POLYGON_ID": "HND_GAUL2000_ADM2_17454", "ADM0_ISO3": "HND", "ADM0_NAME": "Honduras", "ADM0_CODE": 111, "ADM1_NAME": "Santa Barbara", "ADM1_CODE": 1436, "ADM2_NAME": "Atima", "ADM2_CODE": 17454, "GEOSET": "GAUL", "GEOSET_YEAR": 2000.0, "GEOSET_VERSION": "GAUL_v1", "GEOSET_UNIT": "ADM2", "CENTROID_LONG": -88.488911056726465, "CENTROID_LAT": 14.900597798729324 }, "geometry": { "type": "MultiPolygon", "coordinates": [ [ [ [ -88.4598618, 14.9851313 ], [ -88.470047, 14.9523449 ], [ -88.4242859, 14.909626 ], [ -88.4369431, 14.8409052 ], [ -88.4807281, 14.7945824 ], [ -88.4842987, 14.7968378 ], [ -88.5452805, 14.907073 ], [ -88.5843353, 14.9226561 ], [ -88.5323791, 14.9405565 ], [ -88.5396271, 14.982295 ], [ -88.4598618, 14.9851313 ] ] ] ] } },
{ "type": "Feature", "properties": { "POLYGON_ID": "HND_GAUL2000_ADM2_17455", "ADM0_ISO3": "HND", "ADM0_NAME": "Honduras", "ADM0_CODE": 111, "ADM1_NAME": "Santa Barbara", "ADM1_CODE": 1436, "ADM2_NAME": "Azacualpa", "ADM2_CODE": 17455, "GEOSET": "GAUL", "GEOSET_YEAR": 2000.0, "GEOSET_VERSION": "GAUL_v1", "GEOSET_UNIT": "ADM2", "CENTROID_LONG": -88.579605609623826, "CENTROID_LAT": 15.354492223911844 }, "geometry": { "type": "MultiPolygon", "coordinates": [ [ [ [ -88.4933243, 15.296504 ], [ -88.5302734, 15.3161354 ], [ -88.5994034, 15.2828283 ], [ -88.6531143, 15.3026257 ], [ -88.6848536, 15.336327 ], [ -88.68252, 15.33783 ], [ -88.6671614, 15.3505427 ], [ -88.545466, 15.4490521 ], [ -88.5246277, 15.4300575 ], [ -88.4933243, 15.296504 ] ] ] ] } },
{ "type": "Feature", "properties": { "POLYGON_ID": "HND_GAUL2000_ADM2_17456", "ADM0_ISO3": "HND", "ADM0_NAME": "Honduras", "ADM0_CODE": 111, "ADM1_NAME": "Santa Barbara", "ADM1_CODE": 1436, "ADM2_NAME": "Ceguaca", "ADM2_CODE": 17456, "GEOSET": "GAUL", "GEOSET_YEAR": 2000.0, "GEOSET_VERSION": "GAUL_v1", "GEOSET_UNIT": "ADM2", "CENTROID_LONG": -88.194886674533564, "CENTROID_LAT": 14.799310771399462 }, "geometry": { "type": "MultiPolygon", "coordinates": [ [ [ [ -88.1635818, 14.8428221 ], [ -88.1517639, 14.8122873 ], [ -88.1916809, 14.7534761 ], [ -88.2160873, 14.7720985 ], [ -88.2521057, 14.798193 ], [ -88.1635818, 14.8428221 ] ] ] ] } },
{ "type": "Feature", "properties": { "POLYGON_ID": "HND_GAUL2000_ADM2_17457", "ADM0_ISO3": "HND", "ADM0_NAME": "Honduras", "ADM0_CODE": 111, "ADM1_NAME": "Santa Barbara", "ADM1_CODE": 1436, "ADM2_NAME": "Chinda", "ADM2_CODE": 17457, "GEOSET": "GAUL", "GEOSET_YEAR": 2000.0, "GEOSET_VERSION": "GAUL_v1", "GEOSET_UNIT": "ADM2", "CENTROID_LONG": -88.144864975018393, "CENTROID_LAT": 15.104954097853597 }, "geometry": { "type": "MultiPolygon", "coordinates": [ [ [ [ -88.0994644, 15.1399536 ], [ -88.0915527, 15.0897818 ], [ -88.1665726, 15.0710793 ], [ -88.1980133, 15.0901175 ], [ -88.1826782, 15.1344328 ], [ -88.2021408, 15.198904 ], [ -88.1664429, 15.1096277 ], [ -88.0994644, 15.1399536 ] ] ] ] } },
{ "type": "Feature", "properties": { "POLYGON_ID": "HND_GAUL2000_ADM2_17458", "ADM0_ISO3": "HND", "ADM0_NAME": "Honduras", "ADM0_CODE": 111, "ADM1_NAME": "Santa Barbara", "ADM1_CODE": 1436, "ADM2_NAME": "Concepcion Del Norte", "ADM2_CODE": 17458, "GEOSET": "GAUL", "GEOSET_YEAR": 2000.0, "GEOSET_VERSION": "GAUL_v1", "GEOSET_UNIT": "ADM2", "CENTROID_LONG": -88.137538777180424, "CENTROID_LAT": 15.180746189468243 }, "geometry": { "type": "MultiPolygon", "coordinates": [ [ [ [ -88.05896, 15.1999846 ], [ -88.0994644, 15.1399536 ], [ -88.1664429, 15.1096277 ], [ -88.2021408, 15.198904 ], [ -88.1562653, 15.2369566 ], [ -88.1206589, 15.2502518 ], [ -88.0990295, 15.2050114 ], [ -88.05896, 15.1999846 ] ] ] ] } },
{ "type": "Feature", "properties": { "POLYGON_ID": "HND_GAUL2000_ADM2_17459", "ADM0_ISO3": "HND", "ADM0_NAME": "Honduras", "ADM0_CODE": 111, "ADM1_NAME": "Santa Barbara", "ADM1_CODE": 1436, "ADM2_NAME": "Concepcion Del Sur", "ADM2_CODE": 17459, "GEOSET": "GAUL", "GEOSET_YEAR": 2000.0, "GEOSET_VERSION": "GAUL_v1", "GEOSET_UNIT": "ADM2", "CENTROID_LONG": -88.143214654338436, "CENTROID_LAT": 14.805673493040125 }, "geometry": { "type": "MultiPolygon", "coordinates": [ [ [ [ -88.1226578, 14.8062735 ], [ -88.1585083, 14.7490692 ], [ -88.1916809, 14.7534761 ], [ -88.1517639, 14.8122873 ], [ -88.1635818, 14.8428221 ], [ -88.0905533, 14.854723 ], [ -88.1226578, 14.8062735 ] ] ] ] } },
{ "type": "Feature", "properties": { "POLYGON_ID": "HND_GAUL2000_ADM2_17460", "ADM0_ISO3": "HND", "ADM0_NAME": "Honduras", "ADM0_CODE": 111, "ADM1_NAME": "Santa Barbara", "ADM1_CODE": 1436, "ADM2_NAME": "El Nispero", "ADM2_CODE": 17460, "GEOSET": "GAUL", "GEOSET_YEAR": 2000.0, "GEOSET_VERSION": "GAUL_v1", "GEOSET_UNIT": "ADM2", "CENTROID_LONG": -88.327232571150489, "CENTROID_LAT": 14.761840814454574 }, "geometry": { "type": "MultiPolygon", "coordinates": [ [ [ [ -88.2653198, 14.8075066 ], [ -88.2671814, 14.7991028 ], [ -88.3099213, 14.7188082 ], [ -88.3466415, 14.7042551 ], [ -88.3815689, 14.7532291 ], [ -88.3588333, 14.7980051 ], [ -88.2653198, 14.8075066 ] ] ] ] } },
{ "type": "Feature", "properties": { "POLYGON_ID": "HND_GAUL2000_ADM2_17461", "ADM0_ISO3": "HND", "ADM0_NAME": "Honduras", "ADM0_CODE": 111, "ADM1_NAME": "Santa Barbara", "ADM1_CODE": 1436, "ADM2_NAME": "Gualala", "ADM2_CODE": 17461, "GEOSET": "GAUL", "GEOSET_YEAR": 2000.0, "GEOSET_VERSION": "GAUL_v1", "GEOSET_UNIT": "ADM2", "CENTROID_LONG": -88.176258513190831, "CENTROID_LAT": 14.982995809938643 }, "geometry": { "type": "MultiPolygon", "coordinates": [ [ [ [ -88.1009216, 14.9820995 ], [ -88.1592941, 14.9552011 ], [ -88.2208405, 14.9677467 ], [ -88.2261505, 15.0167627 ], [ -88.1009216, 14.9820995 ] ] ] ] } },
{ "type": "Feature", "properties": { "POLYGON_ID": "HND_GAUL2000_ADM2_17462", "ADM0_ISO3": "HND", "ADM0_NAME": "Honduras", "ADM0_CODE": 111, "ADM1_NAME": "Santa Barbara", "ADM1_CODE": 1436, "ADM2_NAME": "Ilama", "ADM2_CODE": 17462, "GEOSET": "GAUL", "GEOSET_YEAR": 2000.0, "GEOSET_VERSION": "GAUL_v1", "GEOSET_UNIT": "ADM2", "CENTROID_LONG": -88.1220852511088, "CENTROID_LAT": 15.034532226594091 }, "geometry": { "type": "MultiPolygon", "coordinates": [ [ [ [ -88.0915527, 15.0897818 ], [ -88.0223618, 15.0450907 ], [ -88.0404816, 14.9811192 ], [ -88.1009216, 14.9820995 ], [ -88.2261505, 15.0167627 ], [ -88.2296753, 15.0406322 ], [ -88.1980133, 15.0901175 ], [ -88.1665726, 15.0710793 ], [ -88.0915527, 15.0897818 ] ] ] ] } },
{ "type": "Feature", "properties": { "POLYGON_ID": "HND_GAUL2000_ADM2_17463", "ADM0_ISO3": "HND", "ADM0_NAME": "Honduras", "ADM0_CODE": 111, "ADM1_NAME": "Santa Barbara", "ADM1_CODE": 1436, "ADM2_NAME": "Las Vegas", "ADM2_CODE": 17463, "GEOSET": "GAUL", "GEOSET_YEAR": 2000.0, "GEOSET_VERSION": "GAUL_v1", "GEOSET_UNIT": "ADM2", "CENTROID_LONG": -88.051481999538424, "CENTROID_LAT": 14.852104147463031 }, "geometry": { "type": "MultiPolygon", "coordinates": [ [ [ [ -87.9985962, 14.8061085 ], [ -88.1226578, 14.8062735 ], [ -88.0905533, 14.854723 ], [ -88.100296, 14.8981915 ], [ -88.0514908, 14.9159479 ], [ -87.9916306, 14.8659077 ], [ -87.9985962, 14.8061085 ] ] ] ] } },
{ "type": "Feature", "properties": { "POLYGON_ID": "HND_GAUL2000_ADM2_17464", "ADM0_ISO3": "HND", "ADM0_NAME": "Honduras", "ADM0_CODE": 111, "ADM1_NAME": "Santa Barbara", "ADM1_CODE": 1436, "ADM2_NAME": "Macuelizo", "ADM2_CODE": 17464, "GEOSET": "GAUL", "GEOSET_YEAR": 2000.0, "GEOSET_VERSION": "GAUL_v1", "GEOSET_UNIT": "ADM2", "CENTROID_LONG": -88.60978776115833, "CENTROID_LAT": 15.232817178719332 }, "geometry": { "type": "MultiPolygon", "coordinates": [ [ [ [ -88.4933243, 15.296504 ], [ -88.4792709, 15.2691393 ], [ -88.5105362, 15.2199059 ], [ -88.5107117, 15.1594553 ], [ -88.5744476, 15.1288815 ], [ -88.6421661, 15.1413298 ], [ -88.6981812, 15.1913233 ], [ -88.7059631, 15.2327719 ], [ -88.760923, 15.2890852 ], [ -88.6848536, 15.336327 ], [ -88.6531143, 15.3026257 ], [ -88.5994034, 15.2828283 ], [ -88.5302734, 15.3161354 ], [ -88.4933243, 15.296504 ] ] ] ] } },
{ "type": "Feature", "properties": { "POLYGON_ID": "HND_GAUL2000_ADM2_17465", "ADM0_ISO3": "HND", "ADM0_NAME": "Honduras", "ADM0_CODE": 111, "ADM1_NAME": "Santa Barbara", "ADM1_CODE": 1436, "ADM2_NAME": "Naranjito", "ADM2_CODE": 17465, "GEOSET": "GAUL", "GEOSET_YEAR": 2000.0, "GEOSET_VERSION": "GAUL_v1", "GEOSET_UNIT": "ADM2", "CENTROID_LONG": -88.613679042859332, "CENTROID_LAT": 14.955474836820571 }, "geometry": { "type": "MultiPolygon", "coordinates": [ [ [ [ -88.5396271, 14.982295 ], [ -88.5323791, 14.9405565 ], [ -88.5843353, 14.9226561 ], [ -88.6383362, 14.9027233 ], [ -88.6884613, 14.9219112 ], [ -88.6892776, 14.9543476 ], [ -88.6731186, 14.9987297 ], [ -88.607338, 14.9815245 ], [ -88.5573502, 15.0163012 ], [ -88.5396271, 14.982295 ] ] ] ] } },
{ "type": "Feature", "properties": { "POLYGON_ID": "HND_GAUL2000_ADM2_17466", "ADM0_ISO3": "HND", "ADM0_NAME": "Honduras", "ADM0_CODE": 111, "ADM1_NAME": "Santa Barbara", "ADM1_CODE": 1436, "ADM2_NAME": "Nuevo Celilac", "ADM2_CODE": 17466, "GEOSET": "GAUL", "GEOSET_YEAR": 2000.0, "GEOSET_VERSION": "GAUL_v1", "GEOSET_UNIT": "ADM2", "CENTROID_LONG": -88.37104201192173, "CENTROID_LAT": 14.958220793681592 }, "geometry": { "type": "MultiPolygon", "coordinates": [ [ [ [ -88.2526627, 14.9567976 ], [ -88.2512283, 14.9356327 ], [ -88.2924194, 14.9499645 ], [ -88.4242859, 14.909626 ], [ -88.470047, 14.9523449 ], [ -88.4598618, 14.9851313 ], [ -88.3993607, 14.9926615 ], [ -88.3496552, 14.9818611 ], [ -88.2924042, 14.9962597 ], [ -88.2526627, 14.9567976 ] ] ] ] } },
{ "type": "Feature", "properties": { "POLYGON_ID": "HND_GAUL2000_ADM2_17467", "ADM0_ISO3": "HND", "ADM0_NAME": "Honduras", "ADM0_CODE": 111, "ADM1_NAME": "Santa Barbara", "ADM1_CODE": 1436, "ADM2_NAME": "Petoa", "ADM2_CODE": 17467, "GEOSET": "GAUL", "GEOSET_YEAR": 2000.0, "GEOSET_VERSION": "GAUL_v1", "GEOSET_UNIT": "ADM2", "CENTROID_LONG": -88.220961896226939, "CENTROID_LAT": 15.260631506503568 }, "geometry": { "type": "MultiPolygon", "coordinates": [ [ [ [ -88.1206589, 15.2502518 ], [ -88.1562653, 15.2369566 ], [ -88.1999893, 15.2349243 ], [ -88.2438965, 15.2011156 ], [ -88.34095, 15.1899071 ], [ -88.3005142, 15.2809858 ], [ -88.1613159, 15.3102694 ], [ -88.1458511, 15.3672066 ], [ -88.1295319, 15.3608456 ], [ -88.1206589, 15.2502518 ] ] ] ] } },
{ "type": "Feature", "properties": { "POLYGON_ID": "HND_GAUL2000_ADM2_17468", "ADM0_ISO3": "HND", "ADM0_NAME": "Honduras", "ADM0_CODE": 111, "ADM1_NAME": "Santa Barbara", "ADM1_CODE": 1436, "ADM2_NAME": "Proteccion", "ADM2_CODE": 17468, "GEOSET": "GAUL", "GEOSET_YEAR": 2000.0, "GEOSET_VERSION": "GAUL_v1", "GEOSET_UNIT": "ADM2", "CENTROID_LONG": -88.613096067938002, "CENTROID_LAT": 15.05746024092695 }, "geometry": { "type": "MultiPolygon", "coordinates": [ [ [ [ -88.5744476, 15.1288815 ], [ -88.5771866, 15.0793753 ], [ -88.5573502, 15.0163012 ], [ -88.607338, 14.9815245 ], [ -88.6731186, 14.9987297 ], [ -88.6704407, 15.0184813 ], [ -88.6306458, 15.0648146 ], [ -88.6568298, 15.1000118 ], [ -88.6421661, 15.1413298 ], [ -88.5744476, 15.1288815 ] ] ] ] } },
{ "type": "Feature", "properties": { "POLYGON_ID": "HND_GAUL2000_ADM2_17469", "ADM0_ISO3": "HND", "ADM0_NAME": "Honduras", "ADM0_CODE": 111, "ADM1_NAME": "Santa Barbara", "ADM1_CODE": 1436, "ADM2_NAME": "Quimistan", "ADM2_CODE": 17469, "GEOSET": "GAUL", "GEOSET_YEAR": 2000.0, "GEOSET_VERSION": "GAUL_v1", "GEOSET_UNIT": "ADM2", "CENTROID_LONG": -88.358974708587454, "CENTROID_LAT": 15.400005602698402 }, "geometry": { "type": "MultiPolygon", "coordinates": [ [ [ [ -88.146225, 15.367157 ], [ -88.1458511, 15.3672066 ], [ -88.1613159, 15.3102694 ], [ -88.3005142, 15.2809858 ], [ -88.3278656, 15.3068857 ], [ -88.415451, 15.3078346 ], [ -88.4792709, 15.2691393 ], [ -88.4933243, 15.296504 ], [ -88.5246277, 15.4300575 ], [ -88.545466, 15.4490521 ], [ -88.4851514, 15.4995825 ], [ -88.4807558, 15.503241 ], [ -88.4344041, 15.54182 ], [ -88.2366028, 15.4864292 ], [ -88.2297821, 15.3993301 ], [ -88.146225, 15.367157 ] ] ] ] } },
{ "type": "Feature", "properties": { "POLYGON_ID": "HND_GAUL2000_ADM2_17470", "ADM0_ISO3": "HND", "ADM0_NAME": "Honduras", "ADM0_CODE": 111, "ADM1_NAME": "Santa Barbara", "ADM1_CODE": 1436, "ADM2_NAME": "San Francisco De Ojuera", "ADM2_CODE": 17470, "GEOSET": "GAUL", "GEOSET_YEAR": 2000.0, "GEOSET_VERSION": "GAUL_v1", "GEOSET_UNIT": "ADM2", "CENTROID_LONG": -88.221058642085666, "CENTROID_LAT": 14.685715972394108 }, "geometry": { "type": "MultiPolygon", "coordinates": [ [ [ [ -88.1916809, 14.7534761 ], [ -88.1585083, 14.7490692 ], [ -88.1318893, 14.7137384 ], [ -88.1531982, 14.6441164 ], [ -88.1850662, 14.6418924 ], [ -88.2461853, 14.6307783 ], [ -88.3386612, 14.6395044 ], [ -88.3107834, 14.6991396 ], [ -88.252182, 14.6848049 ], [ -88.2160873, 14.7720985 ], [ -88.1916809, 14.7534761 ] ] ] ] } },
{ "type": "Feature", "properties": { "POLYGON_ID": "HND_GAUL2000_ADM2_17471", "ADM0_ISO3": "HND", "ADM0_NAME": "Honduras", "ADM0_CODE": 111, "ADM1_NAME": "Santa Barbara", "ADM1_CODE": 1436, "ADM2_NAME": "San Jose De Colimas", "ADM2_CODE": 17471, "GEOSET": "GAUL", "GEOSET_YEAR": 2000.0, "GEOSET_VERSION": "GAUL_v1", "GEOSET_UNIT": "ADM2", "CENTROID_LONG": -88.318867797356162, "CENTROID_LAT": 15.046756804466838 }, "geometry": { "type": "MultiPolygon", "coordinates": [ [ [ [ -88.3679504, 15.1456041 ], [ -88.317421, 15.1337757 ], [ -88.310463, 15.0978422 ], [ -88.2296753, 15.0406322 ], [ -88.2261505, 15.0167627 ], [ -88.2208405, 14.9677467 ], [ -88.2526627, 14.9567976 ], [ -88.2924042, 14.9962597 ], [ -88.3496552, 14.9818611 ], [ -88.3993607, 14.9926615 ], [ -88.3774796, 15.0647841 ], [ -88.405838, 15.1275063 ], [ -88.3679504, 15.1456041 ] ] ] ] } },
{ "type": "Feature", "properties": { "POLYGON_ID": "HND_GAUL2000_ADM2_17472", "ADM0_ISO3": "HND", "ADM0_NAME": "Honduras", "ADM0_CODE": 111, "ADM1_NAME": "Santa Barbara", "ADM1_CODE": 1436, "ADM2_NAME": "San Luis", "ADM2_CODE": 17472, "GEOSET": "GAUL", "GEOSET_YEAR": 2000.0, "GEOSET_VERSION": "GAUL_v1", "GEOSET_UNIT": "ADM2", "CENTROID_LONG": -88.472093828492049, "CENTROID_LAT": 15.087878333440937 }, "geometry": { "type": "MultiPolygon", "coordinates": [ [ [ [ -88.3571777, 15.1669693 ], [ -88.3679504, 15.1456041 ], [ -88.405838, 15.1275063 ], [ -88.3774796, 15.0647841 ], [ -88.3993607, 14.9926615 ], [ -88.4598618, 14.9851313 ], [ -88.5396271, 14.982295 ], [ -88.5573502, 15.0163012 ], [ -88.5771866, 15.0793753 ], [ -88.5744476, 15.1288815 ], [ -88.5107117, 15.1594553 ], [ -88.5105362, 15.2199059 ], [ -88.481636, 15.1897926 ], [ -88.4231873, 15.197464 ], [ -88.3571777, 15.1669693 ] ] ] ] } },
{ "type": "Feature", "properties": { "POLYGON_ID": "HND_GAUL2000_ADM2_17473", "ADM0_ISO3": "HND", "ADM0_NAME": "Honduras", "ADM0_CODE": 111, "ADM1_NAME": "Santa Barbara", "ADM1_CODE": 1436, "ADM2_NAME": "San Marcos", "ADM2_CODE": 17473, "GEOSET": "GAUL", "GEOSET_YEAR": 2000.0, "GEOSET_VERSION": "GAUL_v1", "GEOSET_UNIT": "ADM2", "CENTROID_LONG": -88.399478641835103, "CENTROID_LAT": 15.244217538454292 }, "geometry": { "type": "MultiPolygon", "coordinates": [ [ [ [ -88.3005142, 15.2809858 ], [ -88.34095, 15.1899071 ], [ -88.3571777, 15.1669693 ], [ -88.4231873, 15.197464 ], [ -88.481636, 15.1897926 ], [ -88.5105362, 15.2199059 ], [ -88.4792709, 15.2691393 ], [ -88.415451, 15.3078346 ], [ -88.3278656, 15.3068857 ], [ -88.3005142, 15.2809858 ] ] ] ] } },
{ "type": "Feature", "properties": { "POLYGON_ID": "HND_GAUL2000_ADM2_17474", "ADM0_ISO3": "HND", "ADM0_NAME": "Honduras", "ADM0_CODE": 111, "ADM1_NAME": "Santa Barbara", "ADM1_CODE": 1436, "ADM2_NAME": "San Nicolas", "ADM2_CODE": 17474, "GEOSET": "GAUL", "GEOSET_YEAR": 2000.0, "GEOSET_VERSION": "GAUL_v1", "GEOSET_UNIT": "ADM2", "CENTROID_LONG": -88.363370726219955, "CENTROID_LAT": 14.897771931052372 }, "geometry": { "type": "MultiPolygon", "coordinates": [ [ [ [ -88.2512283, 14.9356327 ], [ -88.3102493, 14.9023685 ], [ -88.3233948, 14.8889236 ], [ -88.3611679, 14.8917789 ], [ -88.4074249, 14.8248301 ], [ -88.4369431, 14.8409052 ], [ -88.4242859, 14.909626 ], [ -88.2924194, 14.9499645 ], [ -88.2512283, 14.9356327 ] ] ] ] } },
{ "type": "Feature", "properties": { "POLYGON_ID": "HND_GAUL2000_ADM2_17475", "ADM0_ISO3": "HND", "ADM0_NAME": "Honduras", "ADM0_CODE": 111, "ADM1_NAME": "Santa Barbara", "ADM1_CODE": 1436, "ADM2_NAME": "San Pedro Zacapa", "ADM2_CODE": 17475, "GEOSET": "GAUL", "GEOSET_YEAR": 2000.0, "GEOSET_VERSION": "GAUL_v1", "GEOSET_UNIT": "ADM2", "CENTROID_LONG": -88.088192523857728, "CENTROID_LAT": 14.737198138363626 }, "geometry": { "type": "MultiPolygon", "coordinates": [ [ [ [ -87.9985962, 14.8061085 ], [ -87.9892273, 14.7851458 ], [ -88.0218124, 14.751914 ], [ -88.0799255, 14.702879 ], [ -88.0733566, 14.6472254 ], [ -88.1216049, 14.6355028 ], [ -88.1531982, 14.6441164 ], [ -88.1318893, 14.7137384 ], [ -88.1585083, 14.7490692 ], [ -88.1226578, 14.8062735 ], [ -87.9985962, 14.8061085 ] ] ] ] } },
{ "type": "Feature", "properties": { "POLYGON_ID": "HND_GAUL2000_ADM2_17476", "ADM0_ISO3": "HND", "ADM0_NAME": "Honduras", "ADM0_CODE": 111, "ADM1_NAME": "Santa Barbara", "ADM1_CODE": 1436, "ADM2_NAME": "San Vicente Centenario", "ADM2_CODE": 17476, "GEOSET": "GAUL", "GEOSET_YEAR": 2000.0, "GEOSET_VERSION": "GAUL_v1", "GEOSET_UNIT": "ADM2", "CENTROID_LONG": -88.300034387038053, "CENTROID_LAT": 14.87116272581949 }, "geometry": { "type": "MultiPolygon", "coordinates": [ [ [ [ -88.3102493, 14.9023685 ], [ -88.2573242, 14.8549623 ], [ -88.3243103, 14.8519325 ], [ -88.3233948, 14.8889236 ], [ -88.3102493, 14.9023685 ] ] ] ] } },
{ "type": "Feature", "properties": { "POLYGON_ID": "HND_GAUL2000_ADM2_17477", "ADM0_ISO3": "HND", "ADM0_NAME": "Honduras", "ADM0_CODE": 111, "ADM1_NAME": "Santa Barbara", "ADM1_CODE": 1436, "ADM2_NAME": "Santa Barbara", "ADM2_CODE": 17477, "GEOSET": "GAUL", "GEOSET_YEAR": 2000.0, "GEOSET_VERSION": "GAUL_v1", "GEOSET_UNIT": "ADM2", "CENTROID_LONG": -88.174036164000412, "CENTROID_LAT": 14.902496026444805 }, "geometry": { "type": "MultiPolygon", "coordinates": [ [ [ [ -88.0404816, 14.9811192 ], [ -88.0514908, 14.9159479 ], [ -88.100296, 14.8981915 ], [ -88.0905533, 14.854723 ], [ -88.1635818, 14.8428221 ], [ -88.2521057, 14.798193 ], [ -88.2671814, 14.7991028 ], [ -88.2653198, 14.8075066 ], [ -88.2573242, 14.8549623 ], [ -88.3102493, 14.9023685 ], [ -88.2512283, 14.9356327 ], [ -88.2526627, 14.9567976 ], [ -88.2208405, 14.9677467 ], [ -88.1592941, 14.9552011 ], [ -88.1009216, 14.9820995 ], [ -88.0404816, 14.9811192 ] ] ] ] } },
{ "type": "Feature", "properties": { "POLYGON_ID": "HND_GAUL2000_ADM2_17478", "ADM0_ISO3": "HND", "ADM0_NAME": "Honduras", "ADM0_CODE": 111, "ADM1_NAME": "Santa Barbara", "ADM1_CODE": 1436, "ADM2_NAME": "Santa Rita", "ADM2_CODE": 17478, "GEOSET": "GAUL", "GEOSET_YEAR": 2000.0, "GEOSET_VERSION": "GAUL_v1", "GEOSET_UNIT": "ADM2", "CENTROID_LONG": -88.263834310447521, "CENTROID_LAT": 14.740197329674125 }, "geometry": { "type": "MultiPolygon", "coordinates": [ [ [ [ -88.2521057, 14.798193 ], [ -88.2160873, 14.7720985 ], [ -88.252182, 14.6848049 ], [ -88.3107834, 14.6991396 ], [ -88.3099213, 14.7188082 ], [ -88.2671814, 14.7991028 ], [ -88.2521057, 14.798193 ] ] ] ] } },
{ "type": "Feature", "properties": { "POLYGON_ID": "HND_GAUL2000_ADM2_17479", "ADM0_ISO3": "HND", "ADM0_NAME": "Honduras", "ADM0_CODE": 111, "ADM1_NAME": "Santa Barbara", "ADM1_CODE": 1436, "ADM2_NAME": "Trinidad", "ADM2_CODE": 17479, "GEOSET": "GAUL", "GEOSET_YEAR": 2000.0, "GEOSET_VERSION": "GAUL_v1", "GEOSET_UNIT": "ADM2", "CENTROID_LONG": -88.255994210450297, "CENTROID_LAT": 15.142812336081315 }, "geometry": { "type": "MultiPolygon", "coordinates": [ [ [ [ -88.2021408, 15.198904 ], [ -88.1826782, 15.1344328 ], [ -88.1980133, 15.0901175 ], [ -88.2296753, 15.0406322 ], [ -88.310463, 15.0978422 ], [ -88.317421, 15.1337757 ], [ -88.3679504, 15.1456041 ], [ -88.3571777, 15.1669693 ], [ -88.34095, 15.1899071 ], [ -88.2438965, 15.2011156 ], [ -88.1999893, 15.2349243 ], [ -88.1562653, 15.2369566 ], [ -88.2021408, 15.198904 ] ] ] ] } },
{ "type": "Feature", "properties": { "POLYGON_ID": "HND_GAUL2000_ADM2_17480", "ADM0_ISO3": "HND", "ADM0_NAME": "Honduras", "ADM0_CODE": 111, "ADM1_NAME": "Valle", "ADM1_CODE": 1437, "ADM2_NAME": "Alianza", "ADM2_CODE": 17480, "GEOSET": "GAUL", "GEOSET_YEAR": 2000.0, "GEOSET_VERSION": "GAUL_v1", "GEOSET_UNIT": "ADM2", "CENTROID_LONG": -87.713331567349101, "CENTROID_LAT": 13.445750362108306 }, "geometry": { "type": "MultiPolygon", "coordinates": [ [ [ [ -87.6471252, 13.489502 ], [ -87.6370258, 13.4633673 ], [ -87.6785664, 13.4324904 ], [ -87.6783642, 13.3720489 ], [ -87.7515414, 13.3597501 ], [ -87.8166647, 13.4071647 ], [ -87.8105107, 13.4074323 ], [ -87.8001552, 13.4109229 ], [ -87.7764189, 13.4237219 ], [ -87.7730446, 13.4301214 ], [ -87.723943, 13.4414078 ], [ -87.7234826, 13.4420983 ], [ -87.7211505, 13.4455966 ], [ -87.720336, 13.451298 ], [ -87.7208647, 13.4536617 ], [ -87.722314, 13.4601409 ], [ -87.7192692, 13.4634575 ], [ -87.7163799, 13.4693329 ], [ -87.720336, 13.4725909 ], [ -87.7213832, 13.4857389 ], [ -87.7223745, 13.4973607 ], [ -87.7196378, 13.5045884 ], [ -87.7213832, 13.5069154 ], [ -87.7291789, 13.5084281 ], [ -87.7363929, 13.5123841 ], [ -87.7401162, 13.5113369 ], [ -87.7457013, 13.5063337 ], [ -87.7477956, 13.5122678 ], [ -87.7491919, 13.5173874 ], [ -87.7580348, 13.5176201 ], [ -87.7630381, 13.5083117 ], [ -87.7653652, 13.5083117 ], [ -87.7743403, 13.5098756 ], [ -87.745079, 13.5328732 ], [ -87.6798248, 13.5442657 ], [ -87.6471252, 13.489502 ] ] ] ] } },
{ "type": "Feature", "properties": { "POLYGON_ID": "HND_GAUL2000_ADM2_17482", "ADM0_ISO3": "HND", "ADM0_NAME": "Honduras", "ADM0_CODE": 111, "ADM1_NAME": "Valle", "ADM1_CODE": 1437, "ADM2_NAME": "Aramecina", "ADM2_CODE": 17482, "GEOSET": "GAUL", "GEOSET_YEAR": 2000.0, "GEOSET_VERSION": "GAUL_v1", "GEOSET_UNIT": "ADM2", "CENTROID_LONG": -87.695713782779876, "CENTROID_LAT": 13.725938746437867 }, "geometry": { "type": "MultiPolygon", "coordinates": [ [ [ [ -87.6554413, 13.7395391 ], [ -87.6612854, 13.684761 ], [ -87.6977005, 13.6689291 ], [ -87.7537297, 13.6863897 ], [ -87.7537297, 13.6869159 ], [ -87.7493083, 13.6940136 ], [ -87.7439559, 13.7047182 ], [ -87.7335179, 13.7145236 ], [ -87.7324368, 13.7155392 ], [ -87.7329985, 13.7179729 ], [ -87.7338331, 13.7215896 ], [ -87.7276663, 13.7306653 ], [ -87.7261537, 13.7349704 ], [ -87.7365093, 13.744046 ], [ -87.7368583, 13.7491656 ], [ -87.7263864, 13.7637099 ], [ -87.7204523, 13.7651062 ], [ -87.7158164, 13.7757114 ], [ -87.6499252, 13.7842798 ], [ -87.6554413, 13.7395391 ] ] ] ] } },
{ "type": "Feature", "properties": { "POLYGON_ID": "HND_GAUL2000_ADM2_17483", "ADM0_ISO3": "HND", "ADM0_NAME": "Honduras", "ADM0_CODE": 111, "ADM1_NAME": "Valle", "ADM1_CODE": 1437, "ADM2_NAME": "Caridad", "ADM2_CODE": 17483, "GEOSET": "GAUL", "GEOSET_YEAR": 2000.0, "GEOSET_VERSION": "GAUL_v1", "GEOSET_UNIT": "ADM2", "CENTROID_LONG": -87.686351533044345, "CENTROID_LAT": 13.808120350927956 }, "geometry": { "type": "MultiPolygon", "coordinates": [ [ [ [ -87.694313, 13.8383865 ], [ -87.6504745, 13.8228693 ], [ -87.6499252, 13.7842798 ], [ -87.7158164, 13.7757114 ], [ -87.7134711, 13.7839556 ], [ -87.7102131, 13.7925659 ], [ -87.7092127, 13.7975679 ], [ -87.7080024, 13.8036196 ], [ -87.7125402, 13.8161858 ], [ -87.7252229, 13.8232835 ], [ -87.7277827, 13.8210727 ], [ -87.7313897, 13.8246797 ], [ -87.7326696, 13.8291012 ], [ -87.7423057, 13.8310339 ], [ -87.694313, 13.8383865 ] ] ] ] } },
{ "type": "Feature", "properties": { "POLYGON_ID": "HND_GAUL2000_ADM2_17484", "ADM0_ISO3": "HND", "ADM0_NAME": "Honduras", "ADM0_CODE": 111, "ADM1_NAME": "Valle", "ADM1_CODE": 1437, "ADM2_NAME": "Goascoran", "ADM2_CODE": 17484, "GEOSET": "GAUL", "GEOSET_YEAR": 2000.0, "GEOSET_VERSION": "GAUL_v1", "GEOSET_UNIT": "ADM2", "CENTROID_LONG": -87.717259370112359, "CENTROID_LAT": 13.589931324373516 }, "geometry": { "type": "MultiPolygon", "coordinates": [ [ [ [ -87.6977005, 13.6689291 ], [ -87.6530762, 13.5842915 ], [ -87.6471252, 13.489502 ], [ -87.6798248, 13.5442657 ], [ -87.745079, 13.5328732 ], [ -87.7743403, 13.5098756 ], [ -87.780724, 13.5109879 ], [ -87.7823529, 13.5145948 ], [ -87.7776988, 13.5186673 ], [ -87.7767679, 13.5204126 ], [ -87.7902651, 13.5221579 ], [ -87.7937557, 13.5237869 ], [ -87.7925921, 13.5270448 ], [ -87.7862805, 13.5293701 ], [ -87.7837492, 13.5303027 ], [ -87.7803749, 13.5361204 ], [ -87.7867744, 13.5417055 ], [ -87.7821202, 13.5620675 ], [ -87.7786296, 13.5677689 ], [ -87.7798145, 13.568391 ], [ -87.7832838, 13.5702123 ], [ -87.781073, 13.5725394 ], [ -87.775743, 13.5743161 ], [ -87.7719974, 13.5755646 ], [ -87.7734495, 13.5808379 ], [ -87.7742081, 13.5835931 ], [ -87.7737427, 13.5851057 ], [ -87.7709502, 13.5856875 ], [ -87.7688558, 13.5902253 ], [ -87.7689722, 13.5953449 ], [ -87.756876, 13.6031269 ], [ -87.7538461, 13.6045369 ], [ -87.7562895, 13.6087257 ], [ -87.7564059, 13.6194303 ], [ -87.7557424, 13.6215535 ], [ -87.7555914, 13.6364181 ], [ -87.7546393, 13.6384582 ], [ -87.751519, 13.6451447 ], [ -87.7532643, 13.6492171 ], [ -87.7552951, 13.6566293 ], [ -87.7555914, 13.6577109 ], [ -87.7558211, 13.6638197 ], [ -87.7537297, 13.6863897 ], [ -87.6977005, 13.6689291 ] ] ] ] } },
{ "type": "Feature", "properties": { "POLYGON_ID": "HND_GAUL2000_ADM2_17485", "ADM0_ISO3": "HND", "ADM0_NAME": "Honduras", "ADM0_CODE": 111, "ADM1_NAME": "Valle", "ADM1_CODE": 1437, "ADM2_NAME": "Langue", "ADM2_CODE": 17485, "GEOSET": "GAUL", "GEOSET_YEAR": 2000.0, "GEOSET_VERSION": "GAUL_v1", "GEOSET_UNIT": "ADM2", "CENTROID_LONG": -87.635405413815889, "CENTROID_LAT": 13.657941443023157 }, "geometry": { "type": "MultiPolygon", "coordinates": [ [ [ [ -87.6029968, 13.7220192 ], [ -87.6035156, 13.6697998 ], [ -87.5719681, 13.6225729 ], [ -87.6530762, 13.5842915 ], [ -87.6977005, 13.6689291 ], [ -87.6612854, 13.684761 ], [ -87.6554413, 13.7395391 ], [ -87.6029968, 13.7220192 ] ] ] ] } },
{ "type": "Feature", "properties": { "POLYGON_ID": "HND_GAUL2000_ADM2_17487", "ADM0_ISO3": "HND", "ADM0_NAME": "Honduras", "ADM0_CODE": 111, "ADM1_NAME": "Valle", "ADM1_CODE": 1437, "ADM2_NAME": "San Francisco De Coray", "ADM2_CODE": 17487, "GEOSET": "GAUL", "GEOSET_YEAR": 2000.0, "GEOSET_VERSION": "GAUL_v1", "GEOSET_UNIT": "ADM2", "CENTROID_LONG": -87.547258306272113, "CENTROID_LAT": 13.67403437821368 }, "geometry": { "type": "MultiPolygon", "coordinates": [ [ [ [ -87.5510254, 13.7204599 ], [ -87.464325, 13.6726017 ], [ -87.5147476, 13.6345263 ], [ -87.5719681, 13.6225729 ], [ -87.6035156, 13.6697998 ], [ -87.6029968, 13.7220192 ], [ -87.5510254, 13.7204599 ] ] ] ] } },
{ "type": "Feature", "properties": { "POLYGON_ID": "HND_GAUL2000_ADM2_17489", "ADM0_ISO3": "HND", "ADM0_NAME": "Honduras", "ADM0_CODE": 111, "ADM1_NAME": "Yoro", "ADM1_CODE": 1438, "ADM2_NAME": "Arenal", "ADM2_CODE": 17489, "GEOSET": "GAUL", "GEOSET_YEAR": 2000.0, "GEOSET_VERSION": "GAUL_v1", "GEOSET_UNIT": "ADM2", "CENTROID_LONG": -86.861486287590154, "CENTROID_LAT": 15.347028905306475 }, "geometry": { "type": "MultiPolygon", "coordinates": [ [ [ [ -86.8025742, 15.2876091 ], [ -86.8438568, 15.2747545 ], [ -86.9779129, 15.3758211 ], [ -86.8650131, 15.3990355 ], [ -86.7858734, 15.3912535 ], [ -86.8025742, 15.2876091 ] ] ] ] } },
{ "type": "Feature", "properties": { "POLYGON_ID": "HND_GAUL2000_ADM2_17490", "ADM0_ISO3": "HND", "ADM0_NAME": "Honduras", "ADM0_CODE": 111, "ADM1_NAME": "Yoro", "ADM1_CODE": 1438, "ADM2_NAME": "El Negrito", "ADM2_CODE": 17490, "GEOSET": "GAUL", "GEOSET_YEAR": 2000.0, "GEOSET_VERSION": "GAUL_v1", "GEOSET_UNIT": "ADM2", "CENTROID_LONG": -87.707308272033885, "CENTROID_LAT": 15.412246570532785 }, "geometry": { "type": "MultiPolygon", "coordinates": [ [ [ [ -87.6283417, 15.5039768 ], [ -87.620697, 15.4405861 ], [ -87.6408081, 15.3872061 ], [ -87.6496353, 15.2936182 ], [ -87.6867294, 15.269228 ], [ -87.7332001, 15.1927729 ], [ -87.8099442, 15.2285242 ], [ -87.7868805, 15.2585287 ], [ -87.7773819, 15.3244181 ], [ -87.730896, 15.4317389 ], [ -87.6932373, 15.4560785 ], [ -87.7131042, 15.5248337 ], [ -87.7679672, 15.5536127 ], [ -87.748085, 15.6062622 ], [ -87.7653503, 15.6496172 ], [ -87.7346191, 15.6751699 ], [ -87.6921234, 15.6439724 ], [ -87.6875763, 15.5717659 ], [ -87.6283417, 15.5039768 ] ] ] ] } },
{ "type": "Feature", "properties": { "POLYGON_ID": "HND_GAUL2000_ADM2_17491", "ADM0_ISO3": "HND", "ADM0_NAME": "Honduras", "ADM0_CODE": 111, "ADM1_NAME": "Yoro", "ADM1_CODE": 1438, "ADM2_NAME": "El Progreso", "ADM2_CODE": 17491, "GEOSET": "GAUL", "GEOSET_YEAR": 2000.0, "GEOSET_VERSION": "GAUL_v1", "GEOSET_UNIT": "ADM2", "CENTROID_LONG": -87.806493339846412, "CENTROID_LAT": 15.429721734934548 }, "geometry": { "type": "MultiPolygon", "coordinates": [ [ [ [ -87.783226, 15.7187166 ], [ -87.7346191, 15.6751699 ], [ -87.7653503, 15.6496172 ], [ -87.748085, 15.6062622 ], [ -87.7679672, 15.5536127 ], [ -87.7131042, 15.5248337 ], [ -87.6932373, 15.4560785 ], [ -87.730896, 15.4317389 ], [ -87.7773819, 15.3244181 ], [ -87.7868805, 15.2585287 ], [ -87.8099442, 15.2285242 ], [ -87.9182663, 15.2114162 ], [ -87.9362564, 15.2358456 ], [ -87.9240952, 15.2883072 ], [ -87.8501587, 15.3655281 ], [ -87.8289108, 15.4182911 ], [ -87.8608856, 15.4336824 ], [ -87.8315582, 15.4637928 ], [ -87.8233185, 15.5399332 ], [ -87.7924194, 15.5880623 ], [ -87.7887344, 15.5909214 ], [ -87.7746124, 15.6060162 ], [ -87.8350372, 15.6517296 ], [ -87.84552, 15.6838169 ], [ -87.783226, 15.7187166 ] ] ] ] } },
{ "type": "Feature", "properties": { "POLYGON_ID": "HND_GAUL2000_ADM2_17492", "ADM0_ISO3": "HND", "ADM0_NAME": "Honduras", "ADM0_CODE": 111, "ADM1_NAME": "Yoro", "ADM1_CODE": 1438, "ADM2_NAME": "Jocon", "ADM2_CODE": 17492, "GEOSET": "GAUL", "GEOSET_YEAR": 2000.0, "GEOSET_VERSION": "GAUL_v1", "GEOSET_UNIT": "ADM2", "CENTROID_LONG": -86.984130362964081, "CENTROID_LAT": 15.287664718819961 }, "geometry": { "type": "MultiPolygon", "coordinates": [ [ [ [ -86.9779129, 15.3758211 ], [ -86.8438568, 15.2747545 ], [ -86.8912048, 15.2392931 ], [ -86.8839874, 15.1747713 ], [ -86.9291992, 15.2014694 ], [ -86.9734344, 15.1966848 ], [ -87.0998764, 15.2880487 ], [ -87.1199417, 15.3253603 ], [ -87.1032257, 15.3678379 ], [ -87.0387573, 15.3623018 ], [ -86.9779129, 15.3758211 ] ] ] ] } },
{ "type": "Feature", "properties": { "POLYGON_ID": "HND_GAUL2000_ADM2_17493", "ADM0_ISO3": "HND", "ADM0_NAME": "Honduras", "ADM0_CODE": 111, "ADM1_NAME": "Yoro", "ADM1_CODE": 1438, "ADM2_NAME": "Morazan", "ADM2_CODE": 17493, "GEOSET": "GAUL", "GEOSET_YEAR": 2000.0, "GEOSET_VERSION": "GAUL_v1", "GEOSET_UNIT": "ADM2", "CENTROID_LONG": -87.578355831775966, "CENTROID_LAT": 15.330227919629786 }, "geometry": { "type": "MultiPolygon", "coordinates": [ [ [ [ -87.5266647, 15.5125942 ], [ -87.5205765, 15.4560575 ], [ -87.5549622, 15.3971834 ], [ -87.4748688, 15.3207626 ], [ -87.4546127, 15.2539616 ], [ -87.5123978, 15.2556467 ], [ -87.5790405, 15.1696215 ], [ -87.6091232, 15.1721315 ], [ -87.6718369, 15.2233648 ], [ -87.6867294, 15.269228 ], [ -87.6496353, 15.2936182 ], [ -87.6408081, 15.3872061 ], [ -87.620697, 15.4405861 ], [ -87.6283417, 15.5039768 ], [ -87.5266647, 15.5125942 ] ] ] ] } },
{ "type": "Feature", "properties": { "POLYGON_ID": "HND_GAUL2000_ADM2_17494", "ADM0_ISO3": "HND", "ADM0_NAME": "Honduras", "ADM0_CODE": 111, "ADM1_NAME": "Yoro", "ADM1_CODE": 1438, "ADM2_NAME": "Olanchito", "ADM2_CODE": 17494, "GEOSET": "GAUL", "GEOSET_YEAR": 2000.0, "GEOSET_VERSION": "GAUL_v1", "GEOSET_UNIT": "ADM2", "CENTROID_LONG": -86.678173885962778, "CENTROID_LAT": 15.451531527985166 }, "geometry": { "type": "MultiPolygon", "coordinates": [ [ [ [ -86.454689, 15.5732832 ], [ -86.3946457, 15.5367222 ], [ -86.284584, 15.5396175 ], [ -86.2241821, 15.5007181 ], [ -86.2308655, 15.4125843 ], [ -86.3390961, 15.3515501 ], [ -86.4188614, 15.3176546 ], [ -86.4328232, 15.3576059 ], [ -86.5053406, 15.3987951 ], [ -86.6439896, 15.3286247 ], [ -86.69133, 15.2812014 ], [ -86.7268448, 15.257122 ], [ -86.8025742, 15.2876091 ], [ -86.7858734, 15.3912535 ], [ -86.8650131, 15.3990355 ], [ -86.9779129, 15.3758211 ], [ -87.0387573, 15.3623018 ], [ -87.1032257, 15.3678379 ], [ -87.1199417, 15.3253603 ], [ -87.1471634, 15.3793116 ], [ -87.1978683, 15.4335899 ], [ -87.084404, 15.4796476 ], [ -87.0755615, 15.5042572 ], [ -87.0152893, 15.544693 ], [ -86.8998108, 15.5595007 ], [ -86.795929, 15.5406971 ], [ -86.6696243, 15.5985394 ], [ -86.5546494, 15.5781174 ], [ -86.5092239, 15.5893965 ], [ -86.454689, 15.5732832 ] ] ] ] } },
{ "type": "Feature", "properties": { "POLYGON_ID": "HND_GAUL2000_ADM2_17495", "ADM0_ISO3": "HND", "ADM0_NAME": "Honduras", "ADM0_CODE": 111, "ADM1_NAME": "Yoro", "ADM1_CODE": 1438, "ADM2_NAME": "Santa Rita", "ADM2_CODE": 17495, "GEOSET": "GAUL", "GEOSET_YEAR": 2000.0, "GEOSET_VERSION": "GAUL_v1", "GEOSET_UNIT": "ADM2", "CENTROID_LONG": -87.821942459520741, "CENTROID_LAT": 15.184480711019258 }, "geometry": { "type": "MultiPolygon", "coordinates": [ [ [ [ -87.7332001, 15.1927729 ], [ -87.7736435, 15.1333485 ], [ -87.8419876, 15.1473475 ], [ -87.9023209, 15.1796312 ], [ -87.9182663, 15.2114162 ], [ -87.8099442, 15.2285242 ], [ -87.7332001, 15.1927729 ] ] ] ] } },
{ "type": "Feature", "properties": { "POLYGON_ID": "HND_GAUL2000_ADM2_17496", "ADM0_ISO3": "HND", "ADM0_NAME": "Honduras", "ADM0_CODE": 111, "ADM1_NAME": "Yoro", "ADM1_CODE": 1438, "ADM2_NAME": "Sulaco", "ADM2_CODE": 17496, "GEOSET": "GAUL", "GEOSET_YEAR": 2000.0, "GEOSET_VERSION": "GAUL_v1", "GEOSET_UNIT": "ADM2", "CENTROID_LONG": -87.303164249214078, "CENTROID_LAT": 14.957906559067858 }, "geometry": { "type": "MultiPolygon", "coordinates": [ [ [ [ -87.2134399, 14.9978809 ], [ -87.2124786, 14.9556494 ], [ -87.246666, 14.9260426 ], [ -87.2406082, 14.867754 ], [ -87.3371429, 14.9160023 ], [ -87.3870087, 14.9223824 ], [ -87.3787003, 14.9590588 ], [ -87.4124374, 15.0131092 ], [ -87.273819, 15.0105877 ], [ -87.2134399, 14.9978809 ] ] ] ] } },
{ "type": "Feature", "properties": { "POLYGON_ID": "HND_GAUL2000_ADM2_17497", "ADM0_ISO3": "HND", "ADM0_NAME": "Honduras", "ADM0_CODE": 111, "ADM1_NAME": "Yoro", "ADM1_CODE": 1438, "ADM2_NAME": "Victoria", "ADM2_CODE": 17497, "GEOSET": "GAUL", "GEOSET_YEAR": 2000.0, "GEOSET_VERSION": "GAUL_v1", "GEOSET_UNIT": "ADM2", "CENTROID_LONG": -87.580305867326032, "CENTROID_LAT": 15.074759584727733 }, "geometry": { "type": "MultiPolygon", "coordinates": [ [ [ [ -87.5790405, 15.1696215 ], [ -87.4999237, 15.1412411 ], [ -87.4258118, 15.0901203 ], [ -87.4124374, 15.0131092 ], [ -87.3787003, 14.9590588 ], [ -87.3870087, 14.9223824 ], [ -87.424614, 14.8943787 ], [ -87.475029, 14.8997746 ], [ -87.482193, 14.9516954 ], [ -87.5485001, 15.0475016 ], [ -87.6080627, 15.0160551 ], [ -87.7432632, 15.0044556 ], [ -87.7425537, 15.105092 ], [ -87.7736435, 15.1333485 ], [ -87.7332001, 15.1927729 ], [ -87.6867294, 15.269228 ], [ -87.6718369, 15.2233648 ], [ -87.6091232, 15.1721315 ], [ -87.5790405, 15.1696215 ] ] ] ] } },
{ "type": "Feature", "properties": { "POLYGON_ID": "HND_GAUL2000_ADM2_17498", "ADM0_ISO3": "HND", "ADM0_NAME": "Honduras", "ADM0_CODE": 111, "ADM1_NAME": "Yoro", "ADM1_CODE": 1438, "ADM2_NAME": "Yorito", "ADM2_CODE": 17498, "GEOSET": "GAUL", "GEOSET_YEAR": 2000.0, "GEOSET_VERSION": "GAUL_v1", "GEOSET_UNIT": "ADM2", "CENTROID_LONG": -87.333720611330605, "CENTROID_LAT": 15.055020924390018 }, "geometry": { "type": "MultiPolygon", "coordinates": [ [ [ [ -87.1850739, 15.0145082 ], [ -87.2134399, 14.9978809 ], [ -87.273819, 15.0105877 ], [ -87.4124374, 15.0131092 ], [ -87.4258118, 15.0901203 ], [ -87.3922272, 15.1260233 ], [ -87.3338318, 15.1022606 ], [ -87.2892838, 15.1057768 ], [ -87.2648087, 15.0427189 ], [ -87.1850739, 15.0145082 ] ] ] ] } },
{ "type": "Feature", "properties": { "POLYGON_ID": "HND_GAUL2000_ADM2_17499", "ADM0_ISO3": "HND", "ADM0_NAME": "Honduras", "ADM0_CODE": 111, "ADM1_NAME": "Yoro", "ADM1_CODE": 1438, "ADM2_NAME": "Yoro", "ADM2_CODE": 17499, "GEOSET": "GAUL", "GEOSET_YEAR": 2000.0, "GEOSET_VERSION": "GAUL_v1", "GEOSET_UNIT": "ADM2", "CENTROID_LONG": -87.247890388662583, "CENTROID_LAT": 15.226878569309021 }, "geometry": { "type": "MultiPolygon", "coordinates": [ [ [ [ -87.3198318, 15.43925 ], [ -87.2542419, 15.4164219 ], [ -87.1978683, 15.4335899 ], [ -87.1471634, 15.3793116 ], [ -87.1199417, 15.3253603 ], [ -87.0998764, 15.2880487 ], [ -86.9734344, 15.1966848 ], [ -86.9291992, 15.2014694 ], [ -86.8839874, 15.1747713 ], [ -86.9043198, 15.0709314 ], [ -87.0136108, 15.0041561 ], [ -87.1094742, 15.0030785 ], [ -87.1850739, 15.0145082 ], [ -87.2648087, 15.0427189 ], [ -87.2892838, 15.1057768 ], [ -87.3338318, 15.1022606 ], [ -87.3922272, 15.1260233 ], [ -87.4258118, 15.0901203 ], [ -87.4999237, 15.1412411 ], [ -87.5790405, 15.1696215 ], [ -87.5123978, 15.2556467 ], [ -87.4546127, 15.2539616 ], [ -87.4748688, 15.3207626 ], [ -87.5549622, 15.3971834 ], [ -87.5205765, 15.4560575 ], [ -87.5266647, 15.5125942 ], [ -87.4756775, 15.5405216 ], [ -87.4380951, 15.4593611 ], [ -87.4029922, 15.4301424 ], [ -87.3198318, 15.43925 ] ] ] ] } },
{ "type": "Feature", "properties": { "POLYGON_ID": "HND_GAUL2000_ADM2_17486", "ADM0_ISO3": "HND", "ADM0_NAME": "Honduras", "ADM0_CODE": 111, "ADM1_NAME": "Valle", "ADM1_CODE": 1437, "ADM2_NAME": "Nacaome", "ADM2_CODE": 17486, "GEOSET": "GAUL", "GEOSET_YEAR": 2000.0, "GEOSET_VERSION": "GAUL_v1", "GEOSET_UNIT": "ADM2", "CENTROID_LONG": -87.535217459596225, "CENTROID_LAT": 13.514645860508322 }, "geometry": { "type": "MultiPolygon", "coordinates": [ [ [ [ -87.3656082, 13.5224056 ], [ -87.4294434, 13.5165224 ], [ -87.4843521, 13.4549503 ], [ -87.4849902, 13.4228294 ], [ -87.4850048, 13.4222151 ], [ -87.4850212, 13.4215264 ], [ -87.4850276, 13.4212542 ], [ -87.4859101, 13.4181553 ], [ -87.4859631, 13.4180179 ], [ -87.4912506, 13.4073157 ], [ -87.4930774, 13.4018937 ], [ -87.4919478, 13.3926407 ], [ -87.573173, 13.3762841 ], [ -87.5763092, 13.3228361 ], [ -87.6135099, 13.3085874 ], [ -87.6542848, 13.3633402 ], [ -87.5909382, 13.3771064 ], [ -87.604312, 13.4612929 ], [ -87.6370258, 13.4633673 ], [ -87.6471252, 13.489502 ], [ -87.6530762, 13.5842915 ], [ -87.5719681, 13.6225729 ], [ -87.5147476, 13.6345263 ], [ -87.464325, 13.6726017 ], [ -87.4615479, 13.672061 ], [ -87.4141922, 13.6361513 ], [ -87.4299393, 13.5926456 ], [ -87.3963699, 13.5369911 ], [ -87.3656082, 13.5224056 ] ] ] ] } },
{ "type": "Feature", "properties": { "POLYGON_ID": "HND_GAUL2000_ADM2_17481", "ADM0_ISO3": "HND", "ADM0_NAME": "Honduras", "ADM0_CODE": 111, "ADM1_NAME": "Valle", "ADM1_CODE": 1437, "ADM2_NAME": "Amapala", "ADM2_CODE": 17481, "GEOSET": "GAUL", "GEOSET_YEAR": 2000.0, "GEOSET_VERSION": "GAUL_v1", "GEOSET_UNIT": "ADM2", "CENTROID_LONG": -87.6385861, "CENTROID_LAT": 13.269843933333334 }, "geometry": { "type": "MultiPolygon", "coordinates": [ [ [ [ -87.6348971, 13.2931581 ], [ -87.6171132, 13.2560721 ], [ -87.663748, 13.2603016 ], [ -87.6348971, 13.2931581 ] ] ] ] } },
{ "type": "Feature", "properties": { "POLYGON_ID": "HND_GAUL2000_ADM2_17488", "ADM0_ISO3": "HND", "ADM0_NAME": "Honduras", "ADM0_CODE": 111, "ADM1_NAME": "Valle", "ADM1_CODE": 1437, "ADM2_NAME": "San Lorenzo", "ADM2_CODE": 17488, "GEOSET": "GAUL", "GEOSET_YEAR": 2000.0, "GEOSET_VERSION": "GAUL_v1", "GEOSET_UNIT": "ADM2", "CENTROID_LONG": -87.410087897833236, "CENTROID_LAT": 13.460803776558473 }, "geometry": { "type": "MultiPolygon", "coordinates": [ [ [ [ -87.3614349, 13.5187874 ], [ -87.3671951, 13.4777899 ], [ -87.3416443, 13.4414358 ], [ -87.3694711, 13.3953946 ], [ -87.4108296, 13.4216662 ], [ -87.4849902, 13.4228294 ], [ -87.4843521, 13.4549503 ], [ -87.4294434, 13.5165224 ], [ -87.3656082, 13.5224056 ], [ -87.3614349, 13.5187874 ] ] ] ] } },
{ "type": "Feature", "properties": { "POLYGON_ID": "HND_GAUL2000_ADM2_17209", "ADM0_ISO3": "HND", "ADM0_NAME": "Honduras", "ADM0_CODE": 111, "ADM1_NAME": "Atlantida", "ADM1_CODE": 1420, "ADM2_NAME": "Arizona", "ADM2_CODE": 17209, "GEOSET": "GAUL", "GEOSET_YEAR": 2000.0, "GEOSET_VERSION": "GAUL_v1", "GEOSET_UNIT": "ADM2", "CENTROID_LONG": -87.374972877464614, "CENTROID_LAT": 15.610380470003156 }, "geometry": { "type": "MultiPolygon", "coordinates": [ [ [ [ -87.3208641, 15.8313084 ], [ -87.3371124, 15.817956 ], [ -87.3005295, 15.7466431 ], [ -87.3492126, 15.6364403 ], [ -87.3062592, 15.591608 ], [ -87.3198318, 15.43925 ], [ -87.4029922, 15.4301424 ], [ -87.4380951, 15.4593611 ], [ -87.4756775, 15.5405216 ], [ -87.4392548, 15.5660162 ], [ -87.4024124, 15.6632156 ], [ -87.4398727, 15.7281895 ], [ -87.3844147, 15.7879705 ], [ -87.3863821, 15.828568 ], [ -87.3208641, 15.8313084 ] ] ] ] } },
{ "type": "Feature", "properties": { "POLYGON_ID": "HND_GAUL2000_ADM2_17346", "ADM0_ISO3": "HND", "ADM0_NAME": "Honduras", "ADM0_CODE": 111, "ADM1_NAME": "Islas De Bahia", "ADM1_CODE": 1429, "ADM2_NAME": "Jose Santos Guardiola", "ADM2_CODE": 17346, "GEOSET": "GAUL", "GEOSET_YEAR": 2000.0, "GEOSET_VERSION": "GAUL_v1", "GEOSET_UNIT": "ADM2", "CENTROID_LONG": -86.401849320480153, "CENTROID_LAT": 16.38686751200683 }, "geometry": { "type": "MultiPolygon", "coordinates": [ [ [ [ -86.4386046, 16.3605012 ], [ -86.4368948, 16.3827273 ], [ -86.3710364, 16.414146 ], [ -86.3667274, 16.3882534 ], [ -86.4386046, 16.3605012 ] ] ] ] } }
]
}
