{
"type": "FeatureCollection",
"name": "IND_GAUL2012_ADM1",
"crs": { "type": "name", "properties": { "name": "urn:ogc:def:crs:OGC:1.3:CRS84" } },
"features": [
{ "type": "Feature", "properties": { "POLYGON_ID": "IND_GAUL2012_ADM1_592", "ADM0_ISO3": "IND", "ADM0_NAME": "Bassas da India", "ADM0_CODE": 25, "ADM1_NAME": "Administrative unit not available", "ADM1_CODE": 592, "GEOSET": "GAUL", "GEOSET_YEAR": 2012.0, "GEOSET_VERSION": "GAUL_v1", "GEOSET_UNIT": "ADM1", "CENTROID_LONG": 39.748939746327494, "CENTROID_LAT": -21.462959404120646 }, "geometry": { "type": "MultiPolygon", "coordinates": [ [ [ [ 39.7485888, -21.4658223 ], [ 39.74453, -21.4625 ], [ 39.75084, -21.45961 ], [ 39.75209, -21.465 ], [ 39.7485888, -21.4658223 ] ] ] ] } },
{ "type": "Feature", "properties": { "POLYGON_ID": "IND_GAUL2012_ADM1_1484", "ADM0_ISO3": "IND", "ADM0_NAME": "India", "ADM0_CODE": 115, "ADM1_NAME": "Andaman and Nicobar", "ADM1_CODE": 1484, "GEOSET": "GAUL", "GEOSET_YEAR": 2012.0, "GEOSET_VERSION": "GAUL_v1", "GEOSET_UNIT": "ADM1", "CENTROID_LONG": 92.952167512488316, "CENTROID_LAT": 11.221101466319146 }, "geometry": { "type": "MultiPolygon", "coordinates": [ [ [ [ 93.8427, 7.2369 ], [ 93.8821, 7.197 ], [ 93.8923, 7.1475 ], [ 93.8862089, 7.1064396 ], [ 93.916838, 7.0483775 ], [ 93.9284808, 6.9558121 ], [ 93.8949727, 6.9086942 ], [ 93.9012727, 6.8113961 ], [ 93.8520881, 6.8150626 ], [ 93.8387727, 6.760797 ], [ 93.8079727, 6.763197 ], [ 93.8085727, 6.8057962 ], [ 93.7754727, 6.8599952 ], [ 93.7789727, 6.8856947 ], [ 93.7410078, 6.928138 ], [ 93.7446078, 6.9526377 ], [ 93.7215351, 6.9959446 ], [ 93.6787985, 7.0182959 ], [ 93.6594, 7.0676 ], [ 93.6568949, 7.1276063 ], [ 93.678, 7.1442 ], [ 93.6911697, 7.1905716 ], [ 93.7335131, 7.1865578 ], [ 93.7575691, 7.2119849 ], [ 93.8427, 7.2369 ] ] ], [ [ [ 93.71206, 7.44459 ], [ 93.72153, 7.40061 ], [ 93.76116, 7.36852 ], [ 93.7246, 7.30995 ], [ 93.6782, 7.28429 ], [ 93.64625, 7.24444 ], [ 93.62307, 7.30736 ], [ 93.6341, 7.37245 ], [ 93.70772, 7.39747 ], [ 93.71206, 7.44459 ] ] ], [ [ [ 93.54136, 8.01079 ], [ 93.58247, 7.99854 ], [ 93.56552, 7.93532 ], [ 93.51659, 7.97484 ], [ 93.54136, 8.01079 ] ] ], [ [ [ 93.5257334, 8.1765033 ], [ 93.50581, 8.14565 ], [ 93.5466, 8.08851 ], [ 93.54801, 8.05363 ], [ 93.4927555, 8.0622994 ], [ 93.46074, 8.12279 ], [ 93.45733, 8.16558 ], [ 93.52236, 8.23122 ], [ 93.54395, 8.20558 ], [ 93.5257334, 8.1765033 ] ] ], [ [ [ 93.46569, 7.94244 ], [ 93.44753, 7.91558 ], [ 93.36923, 7.88406 ], [ 93.34173, 7.93281 ], [ 93.31159, 7.95505 ], [ 93.33995, 8.01437 ], [ 93.40875, 8.01705 ], [ 93.43922, 7.96107 ], [ 93.46569, 7.94244 ] ] ], [ [ [ 93.1265261, 8.3552958 ], [ 93.14214, 8.34746 ], [ 93.12812, 8.2842 ], [ 93.1501404, 8.2457463 ], [ 93.19341, 8.22479 ], [ 93.1642, 8.20055 ], [ 93.11348, 8.22843 ], [ 93.0851, 8.27625 ], [ 93.08373, 8.3043 ], [ 93.1265261, 8.3552958 ] ] ], [ [ [ 93.07346, 12.21011 ], [ 93.09021, 12.17678 ], [ 93.09005, 12.09856 ], [ 93.07454, 12.08421 ], [ 93.03703, 12.13307 ], [ 93.07346, 12.21011 ] ] ], [ [ [ 93.02838, 13.57665 ], [ 93.04478, 13.52617 ], [ 93.0266, 13.43427 ], [ 93.0524, 13.39128 ], [ 93.03098, 13.34534 ], [ 92.97954, 13.33369 ], [ 93.00884, 13.28234 ], [ 93.05916, 13.25126 ], [ 93.0318484, 13.1782408 ], [ 93.03442, 13.08178 ], [ 93.00429, 13.02985 ], [ 92.95042, 13.0298 ], [ 92.91444, 13.04808 ], [ 92.87909, 12.97212 ], [ 92.85907, 12.90273 ], [ 92.92882, 12.88182 ], [ 92.95392, 12.80607 ], [ 92.93432, 12.78185 ], [ 92.96817, 12.74041 ], [ 92.9561253, 12.6017647 ], [ 92.9755997, 12.5418961 ], [ 92.94025, 12.44991 ], [ 92.90562, 12.42392 ], [ 92.84636, 12.42281 ], [ 92.83867, 12.39564 ], [ 92.881, 12.3448 ], [ 92.86617, 12.31344 ], [ 92.88129, 12.28165 ], [ 92.84988, 12.16019 ], [ 92.82371, 12.1658 ], [ 92.80672, 12.10382 ], [ 92.75847, 12.06359 ], [ 92.77415, 12.02448 ], [ 92.73134, 11.99759 ], [ 92.71602, 11.95156 ], [ 92.78775, 11.91862 ], [ 92.78584, 11.85452 ], [ 92.7448, 11.69195 ], [ 92.75651, 11.66468 ], [ 92.75219, 11.60897 ], [ 92.72728, 11.51713 ], [ 92.6643, 11.50654 ], [ 92.6431, 11.55806 ], [ 92.60883, 11.59431 ], [ 92.59238, 11.71449 ], [ 92.55203, 11.72207 ], [ 92.55916, 11.76955 ], [ 92.54541, 11.83328 ], [ 92.5147, 11.84739 ], [ 92.52702, 11.8955 ], [ 92.5607, 11.93652 ], [ 92.6115, 11.91351 ], [ 92.61395, 12.00933 ], [ 92.62754, 12.04365 ], [ 92.62501, 12.10359 ], [ 92.65393, 12.19204 ], [ 92.698, 12.23894 ], [ 92.74335, 12.25003 ], [ 92.78197, 12.28675 ], [ 92.71964, 12.3038 ], [ 92.69971, 12.33 ], [ 92.6986, 12.42566 ], [ 92.71587, 12.63961 ], [ 92.74616, 12.66799 ], [ 92.72874, 12.69494 ], [ 92.74154, 12.72607 ], [ 92.72099, 12.78872 ], [ 92.72489, 12.82849 ], [ 92.75949, 12.85835 ], [ 92.79324, 12.86206 ], [ 92.8015, 12.93502 ], [ 92.78867, 13.01686 ], [ 92.80875, 13.1099 ], [ 92.82391, 13.13433 ], [ 92.81613, 13.20538 ], [ 92.81861, 13.27437 ], [ 92.84375, 13.41062 ], [ 92.87237, 13.46938 ], [ 92.89857, 13.47626 ], [ 92.91193, 13.52787 ], [ 92.94893, 13.53833 ], [ 92.98343, 13.57025 ], [ 93.02838, 13.57665 ] ] ], [ [ [ 92.96929, 12.0339 ], [ 93.00699, 12.00213 ], [ 93.05392, 11.90216 ], [ 93.02584, 11.88959 ], [ 92.99624, 11.94789 ], [ 92.92609, 11.99652 ], [ 92.96929, 12.0339 ] ] ], [ [ [ 93.05354, 12.07629 ], [ 93.00974, 12.07393 ], [ 93.00205, 12.1342 ], [ 93.026, 12.13835 ], [ 93.05354, 12.07629 ] ] ], [ [ [ 92.79293, 9.23956 ], [ 92.8182, 9.21385 ], [ 92.82898, 9.13942 ], [ 92.80291, 9.11996 ], [ 92.73149, 9.12327 ], [ 92.71843, 9.15322 ], [ 92.72009, 9.20831 ], [ 92.76499, 9.21461 ], [ 92.79293, 9.23956 ] ] ], [ [ [ 92.69525, 12.99246 ], [ 92.72044, 12.97588 ], [ 92.71954, 12.87465 ], [ 92.68455, 12.8296 ], [ 92.64904, 12.86171 ], [ 92.66382, 12.88017 ], [ 92.69525, 12.99246 ] ] ], [ [ [ 92.64034, 11.50964 ], [ 92.67713, 11.47103 ], [ 92.68524, 11.43389 ], [ 92.6638, 11.39446 ], [ 92.69026, 11.37016 ], [ 92.6377, 11.34661 ], [ 92.59838, 11.34718 ], [ 92.58686, 11.40015 ], [ 92.62475, 11.40831 ], [ 92.61135, 11.45824 ], [ 92.64034, 11.50964 ] ] ], [ [ [ 92.5173203, 10.8976687 ], [ 92.5599272, 10.8594878 ], [ 92.5663284, 10.8029623 ], [ 92.5855926, 10.789643 ], [ 92.5833177, 10.7403024 ], [ 92.597138, 10.6808212 ], [ 92.5437215, 10.6243399 ], [ 92.5676163, 10.5754541 ], [ 92.5287799, 10.5171916 ], [ 92.498962, 10.5111368 ], [ 92.45433, 10.54061 ], [ 92.38175, 10.5365 ], [ 92.42042, 10.61215 ], [ 92.38403, 10.66716 ], [ 92.37816, 10.78402 ], [ 92.39603, 10.77961 ], [ 92.4972064, 10.8957571 ], [ 92.5173203, 10.8976687 ] ] ], [ [ [ 92.2178219, 11.5925241 ], [ 92.2634222, 11.5902185 ], [ 92.2704719, 11.5227346 ], [ 92.2264911, 11.5239286 ], [ 92.2074023, 11.547286 ], [ 92.2178219, 11.5925241 ] ] ] ] } },
{ "type": "Feature", "properties": { "POLYGON_ID": "IND_GAUL2012_ADM1_1485", "ADM0_ISO3": "IND", "ADM0_NAME": "India", "ADM0_CODE": 115, "ADM1_NAME": "Andhra Pradesh", "ADM1_CODE": 1485, "GEOSET": "GAUL", "GEOSET_YEAR": 2012.0, "GEOSET_VERSION": "GAUL_v1", "GEOSET_UNIT": "ADM1", "CENTROID_LONG": 79.558555878928473, "CENTROID_LAT": 16.58346943083647 }, "geometry": { "type": "MultiPolygon", "coordinates": [ [ [ [ 80.26754, 18.7179699 ], [ 80.2963104, 18.6856403 ], [ 80.3418427, 18.586441 ], [ 80.3815613, 18.5935993 ], [ 80.4502029, 18.6263523 ], [ 80.4883881, 18.6267204 ], [ 80.5319977, 18.5860577 ], [ 80.6326828, 18.5188408 ], [ 80.6507797, 18.4722805 ], [ 80.6805191, 18.4535503 ], [ 80.713028, 18.4057312 ], [ 80.7227631, 18.361311 ], [ 80.7842865, 18.243269 ], [ 80.7332687, 18.2187901 ], [ 80.7345581, 18.171711 ], [ 80.7979279, 18.1662979 ], [ 80.8491592, 18.2002106 ], [ 80.8620224, 18.1326694 ], [ 80.9493561, 18.1231804 ], [ 80.9846497, 17.9229012 ], [ 81.0043488, 17.8383503 ], [ 81.0324478, 17.7897301 ], [ 81.0736008, 17.7862911 ], [ 81.097702, 17.8171005 ], [ 81.1595688, 17.8526306 ], [ 81.1919632, 17.8471012 ], [ 81.254036, 17.81213 ], [ 81.3849716, 17.806591 ], [ 81.4701233, 17.8231812 ], [ 81.4811783, 17.8028603 ], [ 81.5748672, 17.8273411 ], [ 81.6111526, 17.8153629 ], [ 81.663063, 17.8769302 ], [ 81.7031708, 17.8611298 ], [ 81.7757492, 17.9047699 ], [ 81.8010406, 17.9360809 ], [ 81.9360962, 17.9840908 ], [ 82.0016861, 18.0236607 ], [ 82.0246582, 18.0578804 ], [ 82.1637497, 18.0416203 ], [ 82.2417068, 17.9797611 ], [ 82.2672501, 17.9864407 ], [ 82.2581558, 18.0348701 ], [ 82.3363495, 18.0472603 ], [ 82.3333664, 18.1423798 ], [ 82.3060989, 18.1956577 ], [ 82.3328171, 18.2157898 ], [ 82.3368988, 18.2662411 ], [ 82.3670578, 18.2709408 ], [ 82.393013, 18.3064404 ], [ 82.3454208, 18.3218193 ], [ 82.3844376, 18.3724098 ], [ 82.36129, 18.4099102 ], [ 82.4268723, 18.4769897 ], [ 82.4814529, 18.5150604 ], [ 82.5231323, 18.5039291 ], [ 82.5359116, 18.4083195 ], [ 82.6008759, 18.3660507 ], [ 82.5892029, 18.256731 ], [ 82.6316528, 18.2285309 ], [ 82.6649399, 18.2906208 ], [ 82.6980972, 18.2962704 ], [ 82.7670517, 18.3310795 ], [ 82.7842178, 18.3541489 ], [ 82.7762222, 18.4196911 ], [ 82.7991714, 18.4394016 ], [ 82.8909531, 18.3922195 ], [ 82.9027481, 18.3559113 ], [ 82.9764481, 18.3549118 ], [ 82.9919662, 18.375 ], [ 83.0395203, 18.3700809 ], [ 83.0664978, 18.3922596 ], [ 83.016449, 18.4476795 ], [ 83.051796, 18.4774895 ], [ 83.0885086, 18.5327606 ], [ 83.051178, 18.5349102 ], [ 83.0080414, 18.588419 ], [ 83.0115433, 18.6390305 ], [ 83.050972, 18.6541595 ], [ 83.0778809, 18.7053394 ], [ 83.1329575, 18.7724495 ], [ 83.1853714, 18.7441425 ], [ 83.266098, 18.7570095 ], [ 83.2795029, 18.7896023 ], [ 83.359993, 18.8073521 ], [ 83.3987122, 18.8335285 ], [ 83.3878098, 18.8710308 ], [ 83.3476868, 18.9209881 ], [ 83.3610687, 18.9533997 ], [ 83.3133469, 18.9666309 ], [ 83.3349762, 19.0067196 ], [ 83.4088516, 18.996191 ], [ 83.4426727, 18.9477406 ], [ 83.4746017, 19.0003128 ], [ 83.4593964, 19.0696697 ], [ 83.5053864, 19.0647697 ], [ 83.5136719, 19.0247803 ], [ 83.6044006, 19.0928707 ], [ 83.619133, 19.14188 ], [ 83.6843872, 19.0439301 ], [ 83.7057419, 18.9852409 ], [ 83.7263031, 18.9755611 ], [ 83.7883072, 19.0078106 ], [ 83.834877, 18.9092999 ], [ 83.8436661, 18.8514004 ], [ 83.8701782, 18.8184299 ], [ 84.0479431, 18.7834797 ], [ 84.0916367, 18.7452412 ], [ 84.1593475, 18.7750397 ], [ 84.216713, 18.787281 ], [ 84.2460327, 18.7734108 ], [ 84.2839203, 18.7908211 ], [ 84.332222, 18.7920227 ], [ 84.3860931, 18.8830299 ], [ 84.42939, 18.9136829 ], [ 84.415596, 18.9380398 ], [ 84.4716568, 18.9812202 ], [ 84.5099182, 19.0374603 ], [ 84.5535965, 19.047411 ], [ 84.5969772, 19.0197411 ], [ 84.6198273, 19.0765095 ], [ 84.6093979, 19.1174507 ], [ 84.661171, 19.1218605 ], [ 84.7188562, 19.095947 ], [ 84.7194854, 19.0955794 ], [ 84.7201693, 19.0951796 ], [ 84.7201976, 19.0951631 ], [ 84.7208422, 19.0947863 ], [ 84.7311382, 19.0887677 ], [ 84.7606992, 19.0714975 ], [ 84.6858622, 18.9715653 ], [ 84.5846109, 18.8630678 ], [ 84.5521281, 18.7910882 ], [ 84.4912705, 18.7398331 ], [ 84.4384701, 18.6760604 ], [ 84.4405763, 18.661676 ], [ 84.3718858, 18.5983149 ], [ 84.3392827, 18.5425239 ], [ 84.2489828, 18.4695582 ], [ 84.1510508, 18.3736689 ], [ 84.124467, 18.3094496 ], [ 84.0652663, 18.2733795 ], [ 83.8611184, 18.1744378 ], [ 83.7760584, 18.1412013 ], [ 83.6913871, 18.0963361 ], [ 83.5712088, 18.0123954 ], [ 83.5307715, 17.9498663 ], [ 83.4505928, 17.8983832 ], [ 83.4118533, 17.8468686 ], [ 83.4162294, 17.8226173 ], [ 83.3866263, 17.7792191 ], [ 83.3544982, 17.7572119 ], [ 83.3452145, 17.7251443 ], [ 83.3102155, 17.7052887 ], [ 83.2826133, 17.6605889 ], [ 83.231778, 17.6229283 ], [ 83.2128822, 17.5907462 ], [ 83.1619161, 17.5600284 ], [ 83.0964646, 17.540135 ], [ 83.0125798, 17.5023827 ], [ 82.9913209, 17.4722137 ], [ 82.7679424, 17.3736378 ], [ 82.6663743, 17.3224902 ], [ 82.5677573, 17.26534 ], [ 82.490135, 17.2124899 ], [ 82.4224451, 17.1565745 ], [ 82.3207672, 17.0606772 ], [ 82.2969907, 17.029922 ], [ 82.2685633, 16.9560741 ], [ 82.2484577, 16.934024 ], [ 82.2362735, 16.8340252 ], [ 82.2529028, 16.8004389 ], [ 82.2988538, 16.7743964 ], [ 82.2974662, 16.7405597 ], [ 82.2472914, 16.7190094 ], [ 82.2393758, 16.7184046 ], [ 82.2339383, 16.7178648 ], [ 82.2155741, 16.7242334 ], [ 82.1906036, 16.7293481 ], [ 82.1216338, 16.7149032 ], [ 82.0997767, 16.7257104 ], [ 82.0351994, 16.6974506 ], [ 82.0500208, 16.6705855 ], [ 82.0847198, 16.6629365 ], [ 82.115868, 16.6886598 ], [ 82.1613153, 16.6685753 ], [ 82.1605691, 16.6111365 ], [ 82.1882892, 16.6006763 ], [ 82.1932497, 16.6037391 ], [ 82.1966356, 16.6111896 ], [ 82.2068193, 16.6162826 ], [ 82.2267439, 16.6406366 ], [ 82.2603634, 16.6131312 ], [ 82.2170062, 16.5793881 ], [ 82.2652035, 16.5565617 ], [ 82.0643683, 16.4608256 ], [ 81.9457892, 16.3957034 ], [ 81.8659142, 16.3780143 ], [ 81.7190209, 16.3091376 ], [ 81.6848168, 16.3308921 ], [ 81.5709279, 16.3437257 ], [ 81.5516865, 16.3807476 ], [ 81.5222037, 16.38327 ], [ 81.4922844, 16.3718778 ], [ 81.4724914, 16.3532441 ], [ 81.4031152, 16.3548057 ], [ 81.4003503, 16.3731031 ], [ 81.2946108, 16.3346316 ], [ 81.3400867, 16.3243861 ], [ 81.2679856, 16.2781144 ], [ 81.2010749, 16.1891727 ], [ 81.1519538, 16.1083121 ], [ 81.0952812, 16.0292464 ], [ 81.1024417, 15.9650879 ], [ 81.0667347, 15.9080314 ], [ 80.9903214, 15.868105 ], [ 80.9386949, 15.8128298 ], [ 80.9024899, 15.8366493 ], [ 80.8839717, 15.8707799 ], [ 80.8567201, 15.8225822 ], [ 80.8293596, 15.7458191 ], [ 80.804196, 15.7838945 ], [ 80.8124142, 15.8300094 ], [ 80.7765597, 15.8675792 ], [ 80.6998777, 15.8805221 ], [ 80.6910629, 15.8999628 ], [ 80.6291698, 15.8954854 ], [ 80.5259694, 15.8538026 ], [ 80.3812774, 15.7752425 ], [ 80.3271349, 15.7342461 ], [ 80.2800955, 15.6835982 ], [ 80.2399619, 15.6051396 ], [ 80.2010239, 15.4653601 ], [ 80.1194975, 15.3635411 ], [ 80.0847122, 15.2724543 ], [ 80.08465, 15.1946464 ], [ 80.0526512, 15.1118113 ], [ 80.0471496, 15.0669585 ], [ 80.0690942, 14.9281787 ], [ 80.0849193, 14.8828965 ], [ 80.0931924, 14.8048613 ], [ 80.1154546, 14.7353815 ], [ 80.1425681, 14.7073991 ], [ 80.1722122, 14.6028972 ], [ 80.1924422, 14.5697296 ], [ 80.1795813, 14.5060423 ], [ 80.1694411, 14.3562366 ], [ 80.1437766, 14.2857616 ], [ 80.1281486, 14.1900595 ], [ 80.1333922, 14.10698 ], [ 80.1467818, 14.0423749 ], [ 80.2192229, 13.8787827 ], [ 80.2532119, 13.7751034 ], [ 80.2336425, 13.6837209 ], [ 80.2437492, 13.6140782 ], [ 80.3011613, 13.4740932 ], [ 80.3265548, 13.4440331 ], [ 80.3116379, 13.4180794 ], [ 80.3153687, 13.3714514 ], [ 80.2759705, 13.389142 ], [ 80.2598877, 13.4473619 ], [ 80.2162476, 13.4818316 ], [ 80.1520996, 13.4788799 ], [ 80.1003571, 13.5051994 ], [ 80.0694427, 13.537591 ], [ 80.0454178, 13.5219812 ], [ 79.9896774, 13.5267601 ], [ 80.0058975, 13.487771 ], [ 79.9953766, 13.4594507 ], [ 79.9618607, 13.4512796 ], [ 79.9535828, 13.3741102 ], [ 79.9255066, 13.3359394 ], [ 79.8511658, 13.3034306 ], [ 79.800293, 13.3043213 ], [ 79.7798004, 13.2820702 ], [ 79.7217789, 13.2657309 ], [ 79.7832565, 13.2281618 ], [ 79.7443771, 13.194911 ], [ 79.6711121, 13.2358427 ], [ 79.6685333, 13.2819309 ], [ 79.6011429, 13.2677298 ], [ 79.5653763, 13.2494011 ], [ 79.5357819, 13.3110695 ], [ 79.4546433, 13.3243208 ], [ 79.4173203, 13.3219595 ], [ 79.4217758, 13.2866602 ], [ 79.407341, 13.2376614 ], [ 79.4205933, 13.1844616 ], [ 79.3843765, 13.184721 ], [ 79.3477707, 13.1630192 ], [ 79.3500977, 13.1254501 ], [ 79.2987671, 13.1148319 ], [ 79.271286, 13.1380606 ], [ 79.2263565, 13.1346102 ], [ 79.1933212, 13.0896902 ], [ 79.1527023, 13.0072927 ], [ 79.1043777, 13.0242205 ], [ 79.0690689, 13.0141506 ], [ 79.0532684, 13.0379906 ], [ 78.9817429, 13.0762005 ], [ 78.9458466, 13.0635099 ], [ 78.8008728, 13.0755301 ], [ 78.7395172, 13.0454912 ], [ 78.702446, 13.0561504 ], [ 78.6937561, 13.0043917 ], [ 78.6511078, 13.0179319 ], [ 78.6202469, 12.9739103 ], [ 78.6247711, 12.9141808 ], [ 78.591568, 12.8385506 ], [ 78.5800705, 12.7672405 ], [ 78.5456467, 12.7286119 ], [ 78.5522461, 12.6970911 ], [ 78.4576569, 12.6622496 ], [ 78.4596176, 12.6174107 ], [ 78.3683395, 12.6118402 ], [ 78.2904587, 12.6529217 ], [ 78.2644272, 12.6918402 ], [ 78.2274475, 12.6892805 ], [ 78.2206497, 12.7525902 ], [ 78.2418671, 12.8123312 ], [ 78.2410965, 12.8474207 ], [ 78.3031006, 12.8471994 ], [ 78.3164597, 12.8926115 ], [ 78.3454285, 12.9280615 ], [ 78.3783417, 12.8951912 ], [ 78.4173431, 12.8890305 ], [ 78.4226532, 12.9686003 ], [ 78.457901, 12.9632416 ], [ 78.4515762, 13.0315313 ], [ 78.5045776, 13.052762 ], [ 78.5087509, 13.1195908 ], [ 78.5532608, 13.1892405 ], [ 78.5671692, 13.2717705 ], [ 78.5011597, 13.2772112 ], [ 78.4359818, 13.2983503 ], [ 78.4290695, 13.317112 ], [ 78.3551559, 13.3550711 ], [ 78.3712769, 13.3910017 ], [ 78.3672867, 13.4951715 ], [ 78.3977585, 13.5661917 ], [ 78.3803177, 13.5813093 ], [ 78.3124771, 13.5835018 ], [ 78.2496796, 13.5743008 ], [ 78.1937408, 13.594902 ], [ 78.1461716, 13.6496601 ], [ 78.0799866, 13.6503897 ], [ 78.1093826, 13.7102308 ], [ 78.0849228, 13.7334919 ], [ 78.1182327, 13.7769003 ], [ 78.106041, 13.8535404 ], [ 78.041153, 13.8867292 ], [ 78.0378265, 13.85285 ], [ 77.9418411, 13.8710508 ], [ 77.9780273, 13.8933506 ], [ 77.9507599, 13.9279203 ], [ 77.9116058, 13.8972406 ], [ 77.8624268, 13.9268007 ], [ 77.8063507, 13.9175501 ], [ 77.8277206, 13.8606195 ], [ 77.7284164, 13.8017406 ], [ 77.6955261, 13.7614317 ], [ 77.6702271, 13.7774992 ], [ 77.6143494, 13.7603102 ], [ 77.581543, 13.7305717 ], [ 77.5278397, 13.7070313 ], [ 77.4448166, 13.6957607 ], [ 77.462616, 13.7435789 ], [ 77.4507904, 13.785531 ], [ 77.4086609, 13.7992516 ], [ 77.4247208, 13.8266897 ], [ 77.3069305, 13.8572397 ], [ 77.2504425, 13.8394718 ], [ 77.240097, 13.8940792 ], [ 77.1927109, 13.8562212 ], [ 77.139389, 13.8590403 ], [ 77.1619415, 13.8154612 ], [ 77.1665802, 13.7546692 ], [ 77.0952683, 13.7608795 ], [ 77.0600433, 13.7388611 ], [ 77.0351868, 13.7692804 ], [ 76.9925919, 13.7425509 ], [ 76.9688263, 13.8102417 ], [ 77.0059891, 13.85009 ], [ 77.0358429, 13.9255905 ], [ 76.9889984, 13.9566917 ], [ 76.9943771, 13.9814911 ], [ 76.9310989, 14.0227318 ], [ 76.9715271, 14.0523901 ], [ 76.9429169, 14.1119013 ], [ 76.8836823, 14.131032 ], [ 76.8914261, 14.1589994 ], [ 76.9584961, 14.1755095 ], [ 77.0198288, 14.1727018 ], [ 77.010437, 14.0920496 ], [ 77.0236969, 14.0532589 ], [ 77.0907593, 14.0382595 ], [ 77.1211014, 14.0421801 ], [ 77.134346, 13.9981308 ], [ 77.278511, 14.0069017 ], [ 77.3134918, 14.0248194 ], [ 77.3437424, 13.9508915 ], [ 77.3483429, 13.8965406 ], [ 77.4189682, 13.8949089 ], [ 77.3865128, 13.9740019 ], [ 77.3833618, 14.0073595 ], [ 77.3261871, 14.0229397 ], [ 77.3379669, 14.0538311 ], [ 77.3954468, 14.1034412 ], [ 77.3766861, 14.1296005 ], [ 77.3897171, 14.1652603 ], [ 77.5103531, 14.17202 ], [ 77.4900818, 14.2276306 ], [ 77.4993668, 14.2605095 ], [ 77.442337, 14.3097506 ], [ 77.3948898, 14.3291597 ], [ 77.3750076, 14.2951889 ], [ 77.4010162, 14.2604094 ], [ 77.4148788, 14.2032213 ], [ 77.3837891, 14.1918211 ], [ 77.3554077, 14.2300396 ], [ 77.3592606, 14.26933 ], [ 77.2795868, 14.2760897 ], [ 77.2811432, 14.331111 ], [ 77.2450867, 14.3145304 ], [ 77.1963577, 14.3142996 ], [ 77.152153, 14.3377409 ], [ 77.1119232, 14.2875309 ], [ 77.1099472, 14.2214794 ], [ 77.0753403, 14.2093496 ], [ 77.0496292, 14.239542 ], [ 77.0041199, 14.2315693 ], [ 76.9378433, 14.2401209 ], [ 76.9248581, 14.2721815 ], [ 76.9429398, 14.3053789 ], [ 76.8989716, 14.3192406 ], [ 76.8786163, 14.3513927 ], [ 76.8831406, 14.3902903 ], [ 76.9733963, 14.478281 ], [ 76.906517, 14.4841614 ], [ 76.8638077, 14.4746714 ], [ 76.8439331, 14.5091496 ], [ 76.7997284, 14.5277319 ], [ 76.76091, 14.5962811 ], [ 76.7712784, 14.6738405 ], [ 76.7980728, 14.7345905 ], [ 76.7803497, 14.7792616 ], [ 76.8337708, 14.7849092 ], [ 76.8603058, 14.8911896 ], [ 76.8644562, 14.9640198 ], [ 76.7637711, 14.9698706 ], [ 76.7845764, 15.0166702 ], [ 76.7725601, 15.0651197 ], [ 76.796936, 15.0907602 ], [ 76.8605728, 15.0567102 ], [ 76.8767014, 15.0286789 ], [ 76.9135208, 15.0309515 ], [ 76.9667969, 15.0131693 ], [ 77.000679, 15.0295906 ], [ 77.0468826, 15.029212 ], [ 77.0788193, 15.0000095 ], [ 77.1095734, 15.0285692 ], [ 77.1276093, 15.0936413 ], [ 77.1477127, 15.1073294 ], [ 77.1644821, 15.1684694 ], [ 77.1413803, 15.218132 ], [ 77.1479111, 15.2856693 ], [ 77.1154175, 15.2898493 ], [ 77.1096878, 15.327282 ], [ 77.0690918, 15.3194714 ], [ 77.0380325, 15.3587818 ], [ 77.0273972, 15.4351807 ], [ 76.9703903, 15.490922 ], [ 77.0265961, 15.4999905 ], [ 77.0271072, 15.6293497 ], [ 77.0814362, 15.6528406 ], [ 77.0759277, 15.6908798 ], [ 77.0470886, 15.7250118 ], [ 77.0638886, 15.8231697 ], [ 77.0331879, 15.8530808 ], [ 77.0767975, 15.9097404 ], [ 77.1434326, 15.9405994 ], [ 77.2489166, 15.9577408 ], [ 77.3536072, 15.9437017 ], [ 77.4264221, 15.9422798 ], [ 77.5094528, 15.9208603 ], [ 77.5101089, 16.0022507 ], [ 77.4907227, 16.0306301 ], [ 77.5029373, 16.0732327 ], [ 77.4866714, 16.1157608 ], [ 77.4949188, 16.1871204 ], [ 77.4875565, 16.2498207 ], [ 77.5908432, 16.3119812 ], [ 77.5843887, 16.3280411 ], [ 77.5188599, 16.3701096 ], [ 77.4813766, 16.3777695 ], [ 77.4117432, 16.3626804 ], [ 77.2846603, 16.4029999 ], [ 77.2515106, 16.4679012 ], [ 77.3662872, 16.4841099 ], [ 77.3811569, 16.5115395 ], [ 77.4153214, 16.5178299 ], [ 77.4209595, 16.5651703 ], [ 77.4563904, 16.5810013 ], [ 77.4538803, 16.60742 ], [ 77.4165726, 16.6628132 ], [ 77.4650421, 16.6782799 ], [ 77.4687729, 16.7087097 ], [ 77.4234161, 16.7145309 ], [ 77.4372101, 16.7631302 ], [ 77.471756, 16.7962894 ], [ 77.4533997, 16.9090309 ], [ 77.4783707, 16.9902496 ], [ 77.4993896, 17.0073204 ], [ 77.4626389, 17.1040707 ], [ 77.3763275, 17.1378899 ], [ 77.359993, 17.1616211 ], [ 77.3803558, 17.2197723 ], [ 77.4545059, 17.2758904 ], [ 77.434021, 17.2882595 ], [ 77.4563522, 17.3449898 ], [ 77.520813, 17.362051 ], [ 77.5101471, 17.4272594 ], [ 77.5334702, 17.4409504 ], [ 77.5725632, 17.4295197 ], [ 77.610611, 17.4442329 ], [ 77.6109467, 17.4699402 ], [ 77.6879959, 17.4985409 ], [ 77.6566162, 17.5213394 ], [ 77.5483933, 17.5494595 ], [ 77.52742, 17.5732212 ], [ 77.4899979, 17.5662708 ], [ 77.4399261, 17.5814705 ], [ 77.4578629, 17.6989613 ], [ 77.53936, 17.72542 ], [ 77.554451, 17.7612591 ], [ 77.5044861, 17.7825909 ], [ 77.526001, 17.8268185 ], [ 77.5543213, 17.8304901 ], [ 77.5674362, 17.8661404 ], [ 77.6165771, 17.9028702 ], [ 77.6200104, 17.9444599 ], [ 77.6533966, 17.9693527 ], [ 77.6066666, 18.0180111 ], [ 77.5531158, 18.0346699 ], [ 77.567337, 18.076292 ], [ 77.5974579, 18.0842896 ], [ 77.5977707, 18.1518402 ], [ 77.5700226, 18.1891594 ], [ 77.5725327, 18.2405605 ], [ 77.6030197, 18.2779999 ], [ 77.5499573, 18.2913513 ], [ 77.5273285, 18.3394012 ], [ 77.5826416, 18.4430695 ], [ 77.5706329, 18.4668598 ], [ 77.5972672, 18.5475407 ], [ 77.64048, 18.5539303 ], [ 77.6575699, 18.5272007 ], [ 77.7123566, 18.5544395 ], [ 77.7471619, 18.5890808 ], [ 77.7297211, 18.6427307 ], [ 77.7328568, 18.6760006 ], [ 77.7865067, 18.6943207 ], [ 77.8374634, 18.8074608 ], [ 77.9441376, 18.8422909 ], [ 77.8992004, 18.8679276 ], [ 77.8815765, 18.9085312 ], [ 77.8404999, 18.9113007 ], [ 77.8537292, 18.95228 ], [ 77.8171387, 18.9823704 ], [ 77.7673569, 18.9814205 ], [ 77.7616882, 19.0620403 ], [ 77.7971802, 19.0513096 ], [ 77.8002472, 19.0988712 ], [ 77.845192, 19.1142101 ], [ 77.8445358, 19.1881905 ], [ 77.8680801, 19.246109 ], [ 77.9006729, 19.2771282 ], [ 77.860878, 19.3021297 ], [ 77.9489212, 19.34128 ], [ 78.0457459, 19.2708607 ], [ 78.126709, 19.2464008 ], [ 78.1833191, 19.2415409 ], [ 78.1971512, 19.3317299 ], [ 78.1795959, 19.3530102 ], [ 78.1875687, 19.3956203 ], [ 78.2242661, 19.4340324 ], [ 78.3119583, 19.4659004 ], [ 78.2965088, 19.558382 ], [ 78.3109894, 19.6041813 ], [ 78.2875595, 19.6544609 ], [ 78.2858124, 19.6896706 ], [ 78.3452759, 19.7135696 ], [ 78.3677368, 19.7810802 ], [ 78.3389969, 19.83918 ], [ 78.2941284, 19.8495502 ], [ 78.3101959, 19.9127407 ], [ 78.3362503, 19.8831902 ], [ 78.3841476, 19.8792229 ], [ 78.3976593, 19.836401 ], [ 78.4761887, 19.8163605 ], [ 78.526268, 19.821661 ], [ 78.619339, 19.8087101 ], [ 78.7017899, 19.7855797 ], [ 78.7848663, 19.7787495 ], [ 78.8076096, 19.7579899 ], [ 78.8456268, 19.7583504 ], [ 78.8634796, 19.6967697 ], [ 78.8588028, 19.656311 ], [ 78.9159088, 19.6677303 ], [ 78.968956, 19.6492329 ], [ 78.9778519, 19.5799427 ], [ 79.0183563, 19.5399704 ], [ 79.1028671, 19.5279503 ], [ 79.1890411, 19.4587002 ], [ 79.2366333, 19.5267982 ], [ 79.2552261, 19.6112099 ], [ 79.340889, 19.5737705 ], [ 79.4136124, 19.5334797 ], [ 79.4412613, 19.5335121 ], [ 79.4704208, 19.4974499 ], [ 79.5426559, 19.548521 ], [ 79.5655975, 19.5109005 ], [ 79.600853, 19.5079498 ], [ 79.6213913, 19.5650997 ], [ 79.7129288, 19.5833302 ], [ 79.7403259, 19.603138 ], [ 79.7775497, 19.597681 ], [ 79.816597, 19.5690079 ], [ 79.8282166, 19.5370102 ], [ 79.8782272, 19.5007 ], [ 79.911026, 19.4923401 ], [ 79.9449997, 19.4588203 ], [ 79.973053, 19.4010201 ], [ 79.9451828, 19.2841206 ], [ 79.920166, 19.2264099 ], [ 79.9424362, 19.1758804 ], [ 79.8580475, 19.1041107 ], [ 79.8610992, 19.0599499 ], [ 79.9259796, 19.04249 ], [ 79.9409409, 18.9376602 ], [ 79.939003, 18.8588924 ], [ 79.8940125, 18.8308392 ], [ 79.9319916, 18.7844296 ], [ 80.012352, 18.7667599 ], [ 80.0463562, 18.7209206 ], [ 80.1065598, 18.6775303 ], [ 80.1580811, 18.69594 ], [ 80.246666, 18.7013206 ], [ 80.26754, 18.7179699 ] ] ], [ [ [ 82.2607672, 16.6902541 ], [ 82.2669506, 16.6910346 ], [ 82.2674221, 16.6911389 ], [ 82.2842372, 16.6969897 ], [ 82.28427, 16.6845653 ], [ 82.2666399, 16.6738826 ], [ 82.2607672, 16.6902541 ] ] ], [ [ [ 82.2573926, 16.6900901 ], [ 82.2609826, 16.6669624 ], [ 82.2251489, 16.6419341 ], [ 82.2132003, 16.6327311 ], [ 82.2072357, 16.6188561 ], [ 82.1966532, 16.6140231 ], [ 82.1925823, 16.6037429 ], [ 82.1848347, 16.603658 ], [ 82.1776462, 16.6076918 ], [ 82.1629743, 16.6112514 ], [ 82.1646011, 16.7035893 ], [ 82.1944956, 16.7083727 ], [ 82.2573926, 16.6900901 ] ] ], [ [ [ 81.4920162, 16.3713632 ], [ 81.5464787, 16.3792154 ], [ 81.5407909, 16.3489578 ], [ 81.4911636, 16.350625 ], [ 81.4920162, 16.3713632 ] ] ], [ [ [ 80.8870454, 15.8496538 ], [ 80.9051576, 15.8236393 ], [ 80.9550227, 15.7995545 ], [ 81.0051363, 15.7548282 ], [ 80.9420682, 15.7192808 ], [ 80.8984319, 15.7578905 ], [ 80.8701718, 15.8037818 ], [ 80.8870454, 15.8496538 ] ] ], [ [ [ 80.9222648, 15.7265736 ], [ 80.8421513, 15.7078752 ], [ 80.8347725, 15.7391686 ], [ 80.8550743, 15.7949408 ], [ 80.9222648, 15.7265736 ] ] ] ] } },
{ "type": "Feature", "properties": { "POLYGON_ID": "IND_GAUL2012_ADM1_1487", "ADM0_ISO3": "IND", "ADM0_NAME": "India", "ADM0_CODE": 115, "ADM1_NAME": "Assam", "ADM1_CODE": 1487, "GEOSET": "GAUL", "GEOSET_YEAR": 2012.0, "GEOSET_VERSION": "GAUL_v1", "GEOSET_UNIT": "ADM1", "CENTROID_LONG": 92.824606399274828, "CENTROID_LAT": 26.349684158080638 }, "geometry": { "type": "MultiPolygon", "coordinates": [ [ [ [ 95.1955185, 27.0429497 ], [ 95.0868607, 26.9527397 ], [ 94.985672, 26.918251 ], [ 94.957283, 26.9435501 ], [ 94.8862228, 26.9324608 ], [ 94.8210831, 26.8544598 ], [ 94.8022079, 26.8060608 ], [ 94.7730865, 26.79496 ], [ 94.6866074, 26.7325897 ], [ 94.6210861, 26.7211704 ], [ 94.5924072, 26.7027302 ], [ 94.5450592, 26.7109013 ], [ 94.4545212, 26.639019 ], [ 94.4098816, 26.6164398 ], [ 94.4148483, 26.5832806 ], [ 94.3965607, 26.5297298 ], [ 94.3238831, 26.4793797 ], [ 94.2939224, 26.4807415 ], [ 94.2822876, 26.5635395 ], [ 94.1865463, 26.4605103 ], [ 94.1790924, 26.3887215 ], [ 94.1644669, 26.3601189 ], [ 94.1080475, 26.3264008 ], [ 94.0357361, 26.2031899 ], [ 94.0130005, 26.1862812 ], [ 93.9860229, 26.0835686 ], [ 93.9548874, 26.0073299 ], [ 93.9560089, 25.9741898 ], [ 93.9826813, 25.9262695 ], [ 93.9159012, 25.887661 ], [ 93.8827362, 25.845911 ], [ 93.8517075, 25.8629704 ], [ 93.7957611, 25.8143501 ], [ 93.7798233, 25.8463097 ], [ 93.7983322, 25.9096928 ], [ 93.7851868, 25.9582996 ], [ 93.6876831, 25.909441 ], [ 93.7064362, 25.8532906 ], [ 93.6484909, 25.8239708 ], [ 93.6223297, 25.7798309 ], [ 93.544838, 25.7269707 ], [ 93.5435562, 25.7017002 ], [ 93.4833527, 25.645771 ], [ 93.4182968, 25.6210594 ], [ 93.3734207, 25.56917 ], [ 93.3333817, 25.5490208 ], [ 93.3905029, 25.4856281 ], [ 93.390419, 25.4691696 ], [ 93.456871, 25.4419498 ], [ 93.4782181, 25.3798809 ], [ 93.451889, 25.3441906 ], [ 93.4740219, 25.3092804 ], [ 93.4035721, 25.2630711 ], [ 93.3530731, 25.1817989 ], [ 93.3357773, 25.0958405 ], [ 93.2969818, 25.0476704 ], [ 93.2681808, 25.0496807 ], [ 93.2466965, 25.0041676 ], [ 93.263237, 24.9663811 ], [ 93.2532578, 24.9188309 ], [ 93.1958008, 24.8464413 ], [ 93.1930771, 24.8062305 ], [ 93.1572418, 24.7923107 ], [ 93.1127014, 24.8022099 ], [ 93.0887833, 24.7091904 ], [ 93.0848465, 24.6476707 ], [ 93.0972672, 24.5825405 ], [ 93.052681, 24.5447197 ], [ 93.0357666, 24.4969482 ], [ 93.0485229, 24.475481 ], [ 93.0321503, 24.4288597 ], [ 93.0004959, 24.4032688 ], [ 92.9357071, 24.3955421 ], [ 92.9115372, 24.4129009 ], [ 92.8469086, 24.3822994 ], [ 92.8038177, 24.4217224 ], [ 92.7651978, 24.5208511 ], [ 92.6916733, 24.3564205 ], [ 92.6261673, 24.3344727 ], [ 92.6115875, 24.2533512 ], [ 92.5506363, 24.2458992 ], [ 92.5296631, 24.1748009 ], [ 92.4365692, 24.1524296 ], [ 92.4189758, 24.1943588 ], [ 92.4223785, 24.2531109 ], [ 92.296608, 24.25173 ], [ 92.2128525, 24.2493095 ], [ 92.2730865, 24.3884506 ], [ 92.2565002, 24.4363022 ], [ 92.2310867, 24.4603806 ], [ 92.2342682, 24.5004406 ], [ 92.1822026, 24.5550542 ], [ 92.20783, 24.63384 ], [ 92.2288, 24.67453 ], [ 92.2747266, 24.7909857 ], [ 92.27622, 24.80238 ], [ 92.27688, 24.8074 ], [ 92.2756406, 24.809111 ], [ 92.26826, 24.8193 ], [ 92.26034, 24.83023 ], [ 92.2656176, 24.8366986 ], [ 92.26969, 24.84169 ], [ 92.2965794, 24.8504203 ], [ 92.33264, 24.85683 ], [ 92.38315, 24.85845 ], [ 92.38562, 24.85727 ], [ 92.4014, 24.85213 ], [ 92.40732, 24.85367 ], [ 92.43381, 24.8534 ], [ 92.44696, 24.86476 ], [ 92.46915, 24.87054 ], [ 92.47257, 24.86937 ], [ 92.47531, 24.86843 ], [ 92.4787625, 24.8672522 ], [ 92.4909341, 24.8746895 ], [ 92.49139, 24.87689 ], [ 92.49113, 24.887 ], [ 92.4936664, 24.8954765 ], [ 92.49423, 24.89736 ], [ 92.49097, 24.92048 ], [ 92.4862934, 24.9365017 ], [ 92.48465, 24.93753 ], [ 92.45712, 24.93847 ], [ 92.454311, 24.9391367 ], [ 92.44915, 24.94636 ], [ 92.45861, 24.95548 ], [ 92.452, 24.96638 ], [ 92.4470368, 24.9660166 ], [ 92.44599, 24.96594 ], [ 92.4416603, 24.9656282 ], [ 92.43516, 24.96516 ], [ 92.4326334, 24.9660466 ], [ 92.42733, 24.96909 ], [ 92.42085, 24.97477 ], [ 92.4196972, 24.9851128 ], [ 92.41804, 25.0 ], [ 92.4042649, 25.028795 ], [ 92.4632568, 25.0371284 ], [ 92.4842987, 25.1080608 ], [ 92.5816879, 25.1318703 ], [ 92.6216431, 25.1177006 ], [ 92.6770401, 25.1821899 ], [ 92.747139, 25.2077713 ], [ 92.7795715, 25.2031097 ], [ 92.7697601, 25.2689304 ], [ 92.7922211, 25.2868004 ], [ 92.7843704, 25.3325386 ], [ 92.7605667, 25.3352795 ], [ 92.6505432, 25.4316711 ], [ 92.6070099, 25.418541 ], [ 92.5810471, 25.4951611 ], [ 92.6446991, 25.5374413 ], [ 92.6604767, 25.5850601 ], [ 92.5874786, 25.5529881 ], [ 92.5609589, 25.5742512 ], [ 92.5576172, 25.6119881 ], [ 92.4979019, 25.6269608 ], [ 92.4654465, 25.6824589 ], [ 92.4343414, 25.6875305 ], [ 92.4163971, 25.7404995 ], [ 92.3714676, 25.7464695 ], [ 92.3390121, 25.7268505 ], [ 92.2368469, 25.7083912 ], [ 92.1697617, 25.6664009 ], [ 92.1558533, 25.7091408 ], [ 92.1648407, 25.744751 ], [ 92.1531067, 25.812748 ], [ 92.1810379, 25.8716221 ], [ 92.2250366, 25.9016209 ], [ 92.1599274, 25.9151897 ], [ 92.1655502, 25.9644394 ], [ 92.255722, 26.0289326 ], [ 92.2411728, 26.0625401 ], [ 92.1783066, 26.0795097 ], [ 92.1331177, 26.0458908 ], [ 92.0528564, 26.0328312 ], [ 91.991066, 26.0410309 ], [ 91.9339676, 26.0146694 ], [ 91.8832321, 26.0300007 ], [ 91.8757858, 26.0977287 ], [ 91.819313, 26.1187401 ], [ 91.7903671, 26.0870209 ], [ 91.7312622, 26.0592098 ], [ 91.7201767, 25.954071 ], [ 91.6693115, 25.9053879 ], [ 91.6301193, 25.9446392 ], [ 91.6321564, 26.0224094 ], [ 91.5700302, 26.027483 ], [ 91.5512619, 25.9748993 ], [ 91.5185013, 25.9581509 ], [ 91.4687271, 25.8590298 ], [ 91.4127274, 25.85392 ], [ 91.332428, 25.8320904 ], [ 91.2756271, 25.7469406 ], [ 91.223877, 25.7234211 ], [ 91.1887131, 25.7389297 ], [ 91.1799316, 25.7763195 ], [ 91.2026291, 25.8405399 ], [ 91.1528625, 25.8500729 ], [ 91.1207809, 25.8313389 ], [ 91.066536, 25.8257599 ], [ 91.0491028, 25.8488102 ], [ 91.0015869, 25.8257999 ], [ 91.0137329, 25.8843212 ], [ 90.967453, 25.8871803 ], [ 90.9579163, 25.9339409 ], [ 90.8829803, 25.9517479 ], [ 90.7970963, 25.941473 ], [ 90.7780609, 25.9082909 ], [ 90.7405396, 25.9152088 ], [ 90.7130966, 25.9521809 ], [ 90.6290131, 25.9374294 ], [ 90.5787964, 25.9580307 ], [ 90.534462, 25.9580212 ], [ 90.4772873, 26.0152607 ], [ 90.428627, 25.9890404 ], [ 90.3964996, 26.0141506 ], [ 90.3649902, 26.0103207 ], [ 90.3243408, 25.9743805 ], [ 90.2127609, 25.9538879 ], [ 90.1137772, 25.9574394 ], [ 90.0633087, 25.9155483 ], [ 90.008316, 25.8468304 ], [ 89.9519959, 25.8109112 ], [ 89.955246, 25.7744598 ], [ 89.8942413, 25.7272396 ], [ 89.9369965, 25.6866302 ], [ 89.9469528, 25.6588287 ], [ 90.0184402, 25.6083908 ], [ 90.002121, 25.5841904 ], [ 89.8863602, 25.5578709 ], [ 89.8701019, 25.5442219 ], [ 89.8799591, 25.4886398 ], [ 89.8452677, 25.4830059 ], [ 89.85099, 25.5358 ], [ 89.85252, 25.5373803 ], [ 89.85584, 25.54081 ], [ 89.8578785, 25.5474828 ], [ 89.87276, 25.65421 ], [ 89.86899, 25.66486 ], [ 89.8627543, 25.669082 ], [ 89.85644, 25.67336 ], [ 89.84146, 25.70829 ], [ 89.8413301, 25.7153843 ], [ 89.83666, 25.71811 ], [ 89.82537, 25.72114 ], [ 89.82255, 25.73275 ], [ 89.83338, 25.7513 ], [ 89.83709, 25.773 ], [ 89.83467, 25.78443 ], [ 89.8344916, 25.7847299 ], [ 89.83075, 25.79102 ], [ 89.82034, 25.81491 ], [ 89.82633, 25.82823 ], [ 89.8276413, 25.8337435 ], [ 89.8286549, 25.8380208 ], [ 89.82974, 25.8426 ], [ 89.83122, 25.85937 ], [ 89.83193, 25.86726 ], [ 89.8360461, 25.8771157 ], [ 89.8489186, 25.8923367 ], [ 89.85552, 25.89821 ], [ 89.8563154, 25.8989155 ], [ 89.86139, 25.90412 ], [ 89.87833, 25.92479 ], [ 89.88033, 25.9313 ], [ 89.87728, 25.93693 ], [ 89.86182, 25.94165 ], [ 89.85011, 25.94214 ], [ 89.840273, 25.9416495 ], [ 89.83186, 25.94123 ], [ 89.831742, 25.9413035 ], [ 89.82454, 25.94579 ], [ 89.8238305, 25.9490834 ], [ 89.8408876, 25.9627658 ], [ 89.84101, 25.96365 ], [ 89.8416, 25.96792 ], [ 89.8423494, 25.9733259 ], [ 89.84095, 25.98525 ], [ 89.8345485, 25.9837408 ], [ 89.82056, 25.99389 ], [ 89.81512, 26.00703 ], [ 89.80914, 26.02149 ], [ 89.80067, 26.03428 ], [ 89.79342, 26.03856 ], [ 89.7906648, 26.0388486 ], [ 89.7873, 26.03916 ], [ 89.7829827, 26.0395662 ], [ 89.7792992, 26.039911 ], [ 89.77604, 26.04439 ], [ 89.79069, 26.07434 ], [ 89.7902308, 26.0761803 ], [ 89.78944, 26.07935 ], [ 89.78523, 26.09344 ], [ 89.76731, 26.1123 ], [ 89.7649866, 26.1189023 ], [ 89.75853, 26.13725 ], [ 89.7566075, 26.1398436 ], [ 89.75429, 26.14297 ], [ 89.7429649, 26.1573792 ], [ 89.73967, 26.1593 ], [ 89.7206984, 26.1625923 ], [ 89.71864, 26.16286 ], [ 89.7114952, 26.1617932 ], [ 89.7173462, 26.259161 ], [ 89.7808609, 26.3308811 ], [ 89.7820129, 26.3532791 ], [ 89.8572922, 26.3844604 ], [ 89.8448486, 26.4102211 ], [ 89.8694992, 26.4484196 ], [ 89.8526917, 26.4877777 ], [ 89.8649979, 26.5702705 ], [ 89.8775482, 26.58424 ], [ 89.8714294, 26.6835308 ], [ 89.8525312, 26.708029 ], [ 89.85689, 26.70777 ], [ 89.85919, 26.70763 ], [ 89.86289, 26.71075 ], [ 89.86374, 26.71469 ], [ 89.86267, 26.72132 ], [ 89.85461, 26.73527 ], [ 89.8538, 26.74191 ], [ 89.85587, 26.74681 ], [ 89.86478, 26.74805 ], [ 89.87364, 26.74447 ], [ 89.88821, 26.73351 ], [ 89.94011, 26.73 ], [ 89.94391, 26.73023 ], [ 89.99429, 26.7364 ], [ 90.0, 26.7368 ], [ 90.06497, 26.74142 ], [ 90.17016, 26.76528 ], [ 90.17998, 26.76906 ], [ 90.18915, 26.77626 ], [ 90.1914, 26.78347 ], [ 90.18768, 26.79738 ], [ 90.18562, 26.8051 ], [ 90.18495, 26.81473 ], [ 90.1904, 26.82502 ], [ 90.20599, 26.84394 ], [ 90.22236, 26.85667 ], [ 90.23243, 26.86091 ], [ 90.23679, 26.86083 ], [ 90.25247, 26.85952 ], [ 90.2812, 26.85458 ], [ 90.3122, 26.85852 ], [ 90.32342, 26.86602 ], [ 90.34039, 26.88956 ], [ 90.34832, 26.89602 ], [ 90.35814, 26.90025 ], [ 90.36781, 26.90195 ], [ 90.3717, 26.90093 ], [ 90.38136, 26.90262 ], [ 90.3996, 26.90336 ], [ 90.41105, 26.90381 ], [ 90.41669, 26.90354 ], [ 90.44199, 26.8862 ], [ 90.44897, 26.87862 ], [ 90.48611, 26.85935 ], [ 90.51526, 26.83753 ], [ 90.53732, 26.821 ], [ 90.55373, 26.81393 ], [ 90.57628, 26.80705 ], [ 90.60508, 26.80381 ], [ 90.62198, 26.79698 ], [ 90.6378274, 26.784602 ], [ 90.63905, 26.78404 ], [ 90.64955, 26.77922 ], [ 90.65702, 26.77807 ], [ 90.67011, 26.78376 ], [ 90.67713, 26.78098 ], [ 90.68764, 26.77395 ], [ 90.69694, 26.77171 ], [ 90.74441, 26.7821 ], [ 90.77767, 26.7824 ], [ 90.90853, 26.78806 ], [ 90.98295, 26.78995 ], [ 90.99377, 26.78796 ], [ 91.04526, 26.78687 ], [ 91.04882, 26.78781 ], [ 91.05312, 26.78893 ], [ 91.08172, 26.81338 ], [ 91.08804, 26.81585 ], [ 91.12831, 26.81351 ], [ 91.1425, 26.81021 ], [ 91.1773, 26.8117 ], [ 91.2146, 26.81329 ], [ 91.26267, 26.80721 ], [ 91.28436, 26.79353 ], [ 91.29096, 26.78773 ], [ 91.30212, 26.78251 ], [ 91.35731, 26.78553 ], [ 91.38108, 26.80267 ], [ 91.40635, 26.83776 ], [ 91.41145, 26.84792 ], [ 91.41792, 26.8608 ], [ 91.42837, 26.8707 ], [ 91.4352, 26.8734 ], [ 91.43568, 26.87343 ], [ 91.4451688, 26.8738799 ], [ 91.45993, 26.86873 ], [ 91.47286, 26.87295 ], [ 91.50026, 26.8734 ], [ 91.51966, 26.85848 ], [ 91.5219, 26.85047 ], [ 91.528, 26.82859 ], [ 91.53344, 26.81792 ], [ 91.54088, 26.80914 ], [ 91.54976, 26.80316 ], [ 91.57394, 26.79937 ], [ 91.58314, 26.79982 ], [ 91.61534, 26.81 ], [ 91.62636, 26.81179 ], [ 91.63522, 26.81322 ], [ 91.64629, 26.81095 ], [ 91.66778, 26.80227 ], [ 91.67624, 26.802 ], [ 91.70064, 26.80808 ], [ 91.70817, 26.79539 ], [ 91.71533, 26.79555 ], [ 91.73624, 26.80751 ], [ 91.7579, 26.81994 ], [ 91.77448, 26.82373 ], [ 91.77435, 26.82697 ], [ 91.79235, 26.83312 ], [ 91.80724, 26.8408 ], [ 91.83892, 26.86194 ], [ 91.85143, 26.86359 ], [ 91.86732, 26.86302 ], [ 91.87162, 26.86163 ], [ 91.8833399, 26.85785 ], [ 91.88886, 26.85223 ], [ 91.89198, 26.81256 ], [ 91.9005, 26.80999 ], [ 91.90678, 26.80507 ], [ 91.91294, 26.80428 ], [ 91.91512, 26.80915 ], [ 91.90814, 26.84573 ], [ 91.90403, 26.85025 ], [ 91.90928, 26.85496 ], [ 91.91746, 26.8556 ], [ 91.93397, 26.86054 ], [ 91.9360795, 26.8677083 ], [ 91.92889, 26.87789 ], [ 91.92609, 26.88679 ], [ 91.92845, 26.89465 ], [ 91.93321, 26.89888 ], [ 91.93958, 26.89994 ], [ 91.94818, 26.89438 ], [ 91.96211, 26.88089 ], [ 91.96964, 26.87099 ], [ 91.9714, 26.86868 ], [ 91.98368, 26.85929 ], [ 91.99995, 26.85319 ], [ 92.00926, 26.8504 ], [ 92.03567, 26.84911 ], [ 92.04328, 26.85179 ], [ 92.0696, 26.85416 ], [ 92.0961079, 26.8636093 ], [ 92.10167, 26.86277 ], [ 92.10793, 26.85827 ], [ 92.28508, 26.896 ], [ 92.40397, 26.90611 ], [ 92.49578, 26.9255 ], [ 92.54843, 26.94536 ], [ 92.66476, 26.95608 ], [ 92.80199, 26.8989 ], [ 92.9084, 26.91816 ], [ 93.04943, 26.88746 ], [ 93.11, 26.88368 ], [ 93.23141, 26.91039 ], [ 93.56673, 26.94184 ], [ 93.6358096, 26.9646227 ], [ 93.6757813, 26.9710712 ], [ 93.7009888, 26.9971561 ], [ 93.74575, 27.01941 ], [ 93.816, 27.02907 ], [ 93.84107, 27.04953 ], [ 93.84847, 27.17229 ], [ 93.9602712, 27.2979122 ], [ 94.0000076, 27.3347092 ], [ 94.0609283, 27.3635597 ], [ 94.0863495, 27.4045601 ], [ 94.1578973, 27.474443 ], [ 94.1681532, 27.4841863 ], [ 94.2590561, 27.5226002 ], [ 94.2533875, 27.5599594 ], [ 94.27643, 27.58469 ], [ 94.3213882, 27.5888481 ], [ 94.3270721, 27.5879364 ], [ 94.3315643, 27.5863627 ], [ 94.3414385, 27.5836621 ], [ 94.3463573, 27.5828446 ], [ 94.3864749, 27.5882962 ], [ 94.3890475, 27.5891793 ], [ 94.4077043, 27.5907932 ], [ 94.4342804, 27.5883293 ], [ 94.4597397, 27.5577106 ], [ 94.5914688, 27.6228104 ], [ 94.6397934, 27.6309605 ], [ 94.698082, 27.6671009 ], [ 94.7426682, 27.6634197 ], [ 94.7953491, 27.6980801 ], [ 94.848793, 27.71068 ], [ 94.861351, 27.739172 ], [ 94.8644824, 27.739884 ], [ 94.9870377, 27.770853 ], [ 95.3165588, 27.87113 ], [ 95.3843384, 27.84202 ], [ 95.5159531, 27.8817883 ], [ 95.5438004, 27.9134598 ], [ 95.6067429, 27.9577694 ], [ 95.825882, 27.9773712 ], [ 95.9774628, 27.968502 ], [ 95.9552994, 27.9268208 ], [ 95.8765717, 27.8417702 ], [ 95.8231277, 27.809248 ], [ 95.7805328, 27.7582207 ], [ 95.7703934, 27.7200298 ], [ 95.798027, 27.60783 ], [ 95.8623581, 27.5526009 ], [ 95.8813324, 27.5532322 ], [ 95.8825912, 27.4440804 ], [ 95.9732971, 27.4367523 ], [ 96.014946, 27.3754578 ], [ 95.9632187, 27.31707 ], [ 95.8723831, 27.2669106 ], [ 95.860466, 27.2942104 ], [ 95.6844177, 27.25741 ], [ 95.5900879, 27.2295208 ], [ 95.5348129, 27.2706203 ], [ 95.4872284, 27.2460308 ], [ 95.4589005, 27.2095699 ], [ 95.4577866, 27.1356411 ], [ 95.3664703, 27.1128502 ], [ 95.3096771, 27.081131 ], [ 95.24823, 27.0302525 ], [ 95.1955185, 27.0429497 ] ] ] ] } },
{ "type": "Feature", "properties": { "POLYGON_ID": "IND_GAUL2012_ADM1_1489", "ADM0_ISO3": "IND", "ADM0_NAME": "India", "ADM0_CODE": 115, "ADM1_NAME": "Delhi", "ADM1_CODE": 1489, "GEOSET": "GAUL", "GEOSET_YEAR": 2012.0, "GEOSET_VERSION": "GAUL_v1", "GEOSET_UNIT": "ADM1", "CENTROID_LONG": 77.106209348792405, "CENTROID_LAT": 28.647960602157912 }, "geometry": { "type": "MultiPolygon", "coordinates": [ [ [ [ 77.1868668, 28.8668194 ], [ 77.2173233, 28.8352795 ], [ 77.1944427, 28.8022919 ], [ 77.2599182, 28.738121 ], [ 77.3275833, 28.6918411 ], [ 77.2951889, 28.5612011 ], [ 77.337738, 28.5089703 ], [ 77.2780533, 28.4981499 ], [ 77.2276306, 28.4697495 ], [ 77.2406158, 28.4288597 ], [ 77.1657715, 28.4084606 ], [ 77.1183014, 28.4424324 ], [ 77.107666, 28.4938698 ], [ 77.0724792, 28.5202808 ], [ 77.0156631, 28.5333195 ], [ 76.9446259, 28.5136299 ], [ 76.8794632, 28.5240002 ], [ 76.837616, 28.5569897 ], [ 76.8329163, 28.58251 ], [ 76.8779373, 28.6376305 ], [ 76.910347, 28.6378307 ], [ 76.9459534, 28.6834812 ], [ 76.9503174, 28.7466507 ], [ 76.9423065, 28.8206806 ], [ 76.9795532, 28.8367023 ], [ 77.0315399, 28.8367901 ], [ 77.0497589, 28.8731899 ], [ 77.1868668, 28.8668194 ] ] ] ] } },
{ "type": "Feature", "properties": { "POLYGON_ID": "IND_GAUL2012_ADM1_1490", "ADM0_ISO3": "IND", "ADM0_NAME": "India", "ADM0_CODE": 115, "ADM1_NAME": "Goa", "ADM1_CODE": 1490, "GEOSET": "GAUL", "GEOSET_YEAR": 2012.0, "GEOSET_VERSION": "GAUL_v1", "GEOSET_UNIT": "ADM1", "CENTROID_LONG": 74.057843054861294, "CENTROID_LAT": 15.358865225082399 }, "geometry": { "type": "MultiPolygon", "coordinates": [ [ [ [ 74.12603, 15.6502905 ], [ 74.2552567, 15.6542101 ], [ 74.2674713, 15.6170492 ], [ 74.2543106, 15.5658302 ], [ 74.2872772, 15.526 ], [ 74.2563324, 15.4895201 ], [ 74.2825165, 15.443121 ], [ 74.2899628, 15.3812199 ], [ 74.3283691, 15.3672514 ], [ 74.3233414, 15.3295908 ], [ 74.3416519, 15.2929306 ], [ 74.276619, 15.2744493 ], [ 74.2635193, 15.2418804 ], [ 74.3021317, 15.2281418 ], [ 74.321907, 15.1840706 ], [ 74.289566, 15.1431303 ], [ 74.2810669, 15.1018295 ], [ 74.3023376, 15.0398607 ], [ 74.2617111, 14.9907608 ], [ 74.2416763, 14.9464502 ], [ 74.1865616, 14.9533806 ], [ 74.1492233, 14.9185209 ], [ 74.0968059, 14.8951194 ], [ 74.0435748, 14.916737 ], [ 74.0492289, 14.9565665 ], [ 74.0249899, 15.0079072 ], [ 73.992232, 15.0173827 ], [ 73.9668196, 15.065061 ], [ 73.9296261, 15.0798313 ], [ 73.92047, 15.1077406 ], [ 73.9469278, 15.1468974 ], [ 73.8968656, 15.3237956 ], [ 73.8774158, 15.3647932 ], [ 73.8366573, 15.3632772 ], [ 73.8059523, 15.3924049 ], [ 73.8403339, 15.4103645 ], [ 73.9008162, 15.4036214 ], [ 73.8485766, 15.4525803 ], [ 73.7977719, 15.4599394 ], [ 73.8183175, 15.5001249 ], [ 73.9177334, 15.5089779 ], [ 73.89777, 15.5440457 ], [ 73.8676782, 15.5114951 ], [ 73.8146257, 15.5102041 ], [ 73.7689139, 15.4906296 ], [ 73.7334466, 15.6159171 ], [ 73.6913514, 15.7139029 ], [ 73.7063806, 15.7218988 ], [ 73.7215963, 15.7225843 ], [ 73.7325631, 15.7203708 ], [ 73.7864914, 15.7232504 ], [ 73.8203964, 15.7399101 ], [ 73.8654861, 15.7975292 ], [ 73.9086075, 15.7423306 ], [ 73.9453659, 15.7415218 ], [ 73.9713058, 15.6872511 ], [ 73.9759827, 15.6289415 ], [ 74.002388, 15.6090517 ], [ 74.0805511, 15.6261702 ], [ 74.12603, 15.6502905 ] ] ] ] } },
{ "type": "Feature", "properties": { "POLYGON_ID": "IND_GAUL2012_ADM1_1491", "ADM0_ISO3": "IND", "ADM0_NAME": "India", "ADM0_CODE": 115, "ADM1_NAME": "Gujarat", "ADM1_CODE": 1491, "GEOSET": "GAUL", "GEOSET_YEAR": 2012.0, "GEOSET_VERSION": "GAUL_v1", "GEOSET_UNIT": "ADM1", "CENTROID_LONG": 71.72537422420973, "CENTROID_LAT": 22.600073038508327 }, "geometry": { "type": "MultiPolygon", "coordinates": [ [ [ [ 74.3227768, 23.0626907 ], [ 74.3707962, 22.9800529 ], [ 74.3416367, 22.9646912 ], [ 74.3816071, 22.9099102 ], [ 74.462822, 22.9134598 ], [ 74.47892, 22.8586407 ], [ 74.4649429, 22.8150806 ], [ 74.4030762, 22.730711 ], [ 74.3841858, 22.6435699 ], [ 74.3639526, 22.6365204 ], [ 74.2782211, 22.6476612 ], [ 74.2366562, 22.6138706 ], [ 74.2138367, 22.56744 ], [ 74.0852661, 22.5085201 ], [ 74.105072, 22.4334106 ], [ 74.2372589, 22.4393406 ], [ 74.2739487, 22.3930397 ], [ 74.198349, 22.3430195 ], [ 74.1910629, 22.321928 ], [ 74.1342926, 22.3323307 ], [ 74.1119614, 22.3716125 ], [ 74.0719833, 22.3602409 ], [ 74.0591507, 22.2857494 ], [ 74.07827, 22.2682476 ], [ 74.0757828, 22.22188 ], [ 74.1227798, 22.2129002 ], [ 74.1378326, 22.0535011 ], [ 74.1003418, 22.0015926 ], [ 74.1538467, 21.9864197 ], [ 74.146019, 21.9540596 ], [ 74.046669, 21.9228096 ], [ 74.0230408, 21.9059715 ], [ 73.8796005, 21.8386402 ], [ 73.8415222, 21.838501 ], [ 73.8275986, 21.8119411 ], [ 73.8463593, 21.7420006 ], [ 73.8902359, 21.7106495 ], [ 73.8856277, 21.6450596 ], [ 73.7876129, 21.6250496 ], [ 73.824501, 21.5982895 ], [ 73.8607864, 21.4958229 ], [ 73.9835205, 21.5420399 ], [ 74.068222, 21.5593719 ], [ 74.1863403, 21.5596008 ], [ 74.2069397, 21.5297508 ], [ 74.2381058, 21.5501194 ], [ 74.271553, 21.5364208 ], [ 74.2917099, 21.5587807 ], [ 74.3355179, 21.5402279 ], [ 74.3077621, 21.4801178 ], [ 74.2226334, 21.458992 ], [ 74.1855392, 21.46702 ], [ 74.1208191, 21.4496994 ], [ 74.0571671, 21.4557095 ], [ 74.0516281, 21.426281 ], [ 73.961937, 21.3931103 ], [ 73.9484863, 21.2975502 ], [ 73.8919907, 21.2624111 ], [ 73.8321381, 21.2674503 ], [ 73.8225479, 21.1719208 ], [ 73.7416229, 21.1671104 ], [ 73.6363983, 21.1326599 ], [ 73.6933899, 21.1009922 ], [ 73.7358017, 21.1032295 ], [ 73.747612, 21.039978 ], [ 73.8164063, 20.9960499 ], [ 73.9064484, 20.9831505 ], [ 73.8963394, 20.9330006 ], [ 73.9310379, 20.8859177 ], [ 73.9450989, 20.8401299 ], [ 73.940567, 20.7688599 ], [ 73.9209061, 20.7235298 ], [ 73.8888626, 20.731081 ], [ 73.8427582, 20.7021198 ], [ 73.8464127, 20.6235199 ], [ 73.787056, 20.6022587 ], [ 73.7482071, 20.5673599 ], [ 73.7010193, 20.5783806 ], [ 73.6658401, 20.562809 ], [ 73.6367722, 20.5792904 ], [ 73.6221924, 20.6252995 ], [ 73.5629425, 20.6473904 ], [ 73.4586868, 20.7143192 ], [ 73.4399185, 20.6648407 ], [ 73.4036484, 20.6523705 ], [ 73.440361, 20.5951195 ], [ 73.4808197, 20.583601 ], [ 73.4759369, 20.4950199 ], [ 73.4490128, 20.4666996 ], [ 73.4147873, 20.3815708 ], [ 73.4369431, 20.2821198 ], [ 73.4204102, 20.257 ], [ 73.4268265, 20.2015724 ], [ 73.375946, 20.1949711 ], [ 73.3111496, 20.2072105 ], [ 73.2936325, 20.1538811 ], [ 73.2628098, 20.1279507 ], [ 73.2163162, 20.1219997 ], [ 73.1811371, 20.2024002 ], [ 73.1197433, 20.159071 ], [ 73.0724487, 20.1634502 ], [ 73.0703659, 20.2214508 ], [ 73.1019287, 20.228941 ], [ 73.1771011, 20.3123207 ], [ 73.0551224, 20.3252411 ], [ 73.0458603, 20.2924309 ], [ 72.9459763, 20.2934303 ], [ 72.9237518, 20.2681999 ], [ 72.9696274, 20.2339401 ], [ 72.9704285, 20.2123299 ], [ 72.8843231, 20.2265797 ], [ 72.8502884, 20.2079411 ], [ 72.8018494, 20.1250191 ], [ 72.7435804, 20.1354218 ], [ 72.7408873, 20.1359899 ], [ 72.7378339, 20.1365067 ], [ 72.7460947, 20.1984431 ], [ 72.7921412, 20.2102238 ], [ 72.7425086, 20.2485873 ], [ 72.7759227, 20.3342101 ], [ 72.821236, 20.3711514 ], [ 72.8450775, 20.4071198 ], [ 72.8381805, 20.4372597 ], [ 72.8602188, 20.4709081 ], [ 72.8883866, 20.5116671 ], [ 72.8973862, 20.5727797 ], [ 72.8900284, 20.6208231 ], [ 72.8576286, 20.7113918 ], [ 72.9081773, 20.7349687 ], [ 72.8762662, 20.8333875 ], [ 72.8288117, 20.8110443 ], [ 72.7902449, 20.9026923 ], [ 72.8479976, 20.9343154 ], [ 72.8458274, 20.9710934 ], [ 72.788879, 20.9770556 ], [ 72.7537466, 20.9441674 ], [ 72.7022569, 21.1040744 ], [ 72.7185752, 21.1403596 ], [ 72.6642312, 21.1528102 ], [ 72.6575881, 21.0723183 ], [ 72.6215032, 21.101817 ], [ 72.6192895, 21.1989191 ], [ 72.6559351, 21.2156449 ], [ 72.6164014, 21.2590969 ], [ 72.6239484, 21.3446413 ], [ 72.6395794, 21.3462766 ], [ 72.6811547, 21.4506078 ], [ 72.6955087, 21.5455986 ], [ 72.6256735, 21.543589 ], [ 72.6109614, 21.5853243 ], [ 72.7016145, 21.6466906 ], [ 72.7121114, 21.6792611 ], [ 72.5970022, 21.6807211 ], [ 72.5464434, 21.6586231 ], [ 72.5278451, 21.7161157 ], [ 72.550314, 21.7389649 ], [ 72.5644117, 21.8092939 ], [ 72.6175222, 21.8635932 ], [ 72.6386803, 21.9597526 ], [ 72.5484272, 21.8821356 ], [ 72.5086897, 21.9160188 ], [ 72.5072647, 21.958196 ], [ 72.5309796, 22.0859235 ], [ 72.5530511, 22.1588176 ], [ 72.6014977, 22.212406 ], [ 72.6498111, 22.2161162 ], [ 72.7007067, 22.1841274 ], [ 72.7572389, 22.1737212 ], [ 72.8111268, 22.2443233 ], [ 72.7603133, 22.2318794 ], [ 72.7173924, 22.2576433 ], [ 72.6784881, 22.2519869 ], [ 72.6609108, 22.2805925 ], [ 72.5767549, 22.3385183 ], [ 72.5486623, 22.3474867 ], [ 72.5038268, 22.3334221 ], [ 72.4060106, 22.2722772 ], [ 72.2932302, 22.2187909 ], [ 72.2935306, 22.1813419 ], [ 72.190138, 22.0323105 ], [ 72.1793143, 22.0563067 ], [ 72.1079748, 22.0157019 ], [ 72.0938192, 21.9793079 ], [ 72.0946238, 21.9262012 ], [ 72.1482624, 21.9186514 ], [ 72.2196965, 21.9446824 ], [ 72.2560982, 21.883211 ], [ 72.2549812, 21.7336158 ], [ 72.3064439, 21.6280153 ], [ 72.2718393, 21.5780946 ], [ 72.2544469, 21.5034117 ], [ 72.2126687, 21.4234778 ], [ 72.1305502, 21.3371927 ], [ 72.0829289, 21.2458167 ], [ 72.1107374, 21.1988297 ], [ 71.9714117, 21.1257591 ], [ 71.8983173, 21.1104324 ], [ 71.8784534, 21.089804 ], [ 71.8128004, 21.068136 ], [ 71.7805731, 21.0302032 ], [ 71.7173535, 21.0197757 ], [ 71.6013399, 20.9669111 ], [ 71.5738198, 21.0075995 ], [ 71.5438449, 20.9690658 ], [ 71.4838871, 20.9218289 ], [ 71.477065, 20.8900181 ], [ 71.4375664, 20.8689692 ], [ 71.3178022, 20.8439968 ], [ 71.2588106, 20.8169893 ], [ 71.2225409, 20.8199966 ], [ 71.1487605, 20.7585627 ], [ 71.0932001, 20.7578324 ], [ 71.0428152, 20.7350156 ], [ 71.0031739, 20.7479666 ], [ 70.9132532, 20.7457729 ], [ 70.8728384, 20.7305155 ], [ 70.8482255, 20.76545 ], [ 70.8938522, 20.7947006 ], [ 70.8905563, 20.8329277 ], [ 70.8502808, 20.831501 ], [ 70.8405304, 20.8577805 ], [ 70.884346, 20.8732395 ], [ 70.9016113, 20.9033279 ], [ 70.8802032, 20.9553795 ], [ 70.8327713, 20.9685307 ], [ 70.7730331, 20.9611702 ], [ 70.7464905, 20.9889698 ], [ 70.7175827, 20.9121304 ], [ 70.6790314, 20.8440399 ], [ 70.6847763, 20.7917995 ], [ 70.6739583, 20.7597533 ], [ 70.5857765, 20.7820596 ], [ 70.4746555, 20.8408498 ], [ 70.4125903, 20.8812795 ], [ 70.3198588, 20.9283645 ], [ 70.1585966, 21.0546689 ], [ 70.0708375, 21.1330037 ], [ 70.0035231, 21.202936 ], [ 69.7069307, 21.5360849 ], [ 69.60165, 21.6373685 ], [ 69.5870683, 21.6365566 ], [ 69.4739349, 21.7377519 ], [ 69.4337816, 21.7656706 ], [ 69.36587, 21.8343264 ], [ 69.3229097, 21.8619672 ], [ 69.217133, 21.9579256 ], [ 69.0543437, 22.1295442 ], [ 68.9791616, 22.2150351 ], [ 68.9363943, 22.3115778 ], [ 68.9578231, 22.3684867 ], [ 69.0140268, 22.4448317 ], [ 69.0428592, 22.4374133 ], [ 69.0696716, 22.3886885 ], [ 69.12962, 22.3962474 ], [ 69.1746469, 22.4227246 ], [ 69.1761085, 22.3743183 ], [ 69.1577696, 22.3143459 ], [ 69.1913156, 22.2584376 ], [ 69.2682029, 22.2531795 ], [ 69.3385721, 22.300294 ], [ 69.4245669, 22.2819405 ], [ 69.4647619, 22.30629 ], [ 69.4990019, 22.3642468 ], [ 69.550766, 22.3643364 ], [ 69.5746314, 22.3113448 ], [ 69.6117609, 22.3230524 ], [ 69.6213131, 22.3554566 ], [ 69.7056589, 22.395532 ], [ 69.7041157, 22.4189676 ], [ 69.7710019, 22.4212368 ], [ 69.7964768, 22.396655 ], [ 69.8335247, 22.4509091 ], [ 69.8762308, 22.4436134 ], [ 69.9181221, 22.4544509 ], [ 69.9836221, 22.5127619 ], [ 70.0262528, 22.5261401 ], [ 70.0410006, 22.5526898 ], [ 70.1182287, 22.5232106 ], [ 70.1654014, 22.5475893 ], [ 70.201898, 22.6175981 ], [ 70.2976615, 22.7316602 ], [ 70.328258, 22.7103009 ], [ 70.3796384, 22.7153998 ], [ 70.3839253, 22.7553903 ], [ 70.4115574, 22.8110054 ], [ 70.4668651, 22.8290387 ], [ 70.4904702, 22.8929112 ], [ 70.5213494, 22.9090919 ], [ 70.5235562, 22.9573311 ], [ 70.5472252, 23.0099958 ], [ 70.5803354, 23.0357926 ], [ 70.593277, 23.0720828 ], [ 70.6457489, 23.1093791 ], [ 70.6935494, 23.1270176 ], [ 70.6965475, 23.1773016 ], [ 70.726243, 23.191906 ], [ 70.782544, 23.1651555 ], [ 70.8323896, 23.1258516 ], [ 70.8802311, 23.1345532 ], [ 70.8948006, 23.1614004 ], [ 70.9375291, 23.1617809 ], [ 71.0628325, 23.1839929 ], [ 71.1085314, 23.2226291 ], [ 71.2081735, 23.1867805 ], [ 71.2592107, 23.1596822 ], [ 71.3125248, 23.1854104 ], [ 71.3680269, 23.1762222 ], [ 71.449705, 23.1838487 ], [ 71.5147837, 23.2039185 ], [ 71.5088317, 23.2354011 ], [ 71.402595, 23.2262562 ], [ 71.4130807, 23.1900751 ], [ 71.2956399, 23.207142 ], [ 71.2170462, 23.2015798 ], [ 71.2178073, 23.2392658 ], [ 71.3521246, 23.3168155 ], [ 71.384905, 23.3583861 ], [ 71.3243806, 23.3554377 ], [ 71.2915294, 23.3411279 ], [ 71.2437163, 23.347996 ], [ 71.2751053, 23.3992603 ], [ 71.2369299, 23.4499859 ], [ 71.2844653, 23.5138785 ], [ 71.2974672, 23.5556259 ], [ 71.225179, 23.5556484 ], [ 71.1864958, 23.5793549 ], [ 71.1770713, 23.6088203 ], [ 71.0517936, 23.6241652 ], [ 71.0539046, 23.6699401 ], [ 71.0745761, 23.6786706 ], [ 71.0400862, 23.8052146 ], [ 71.0681219, 23.8272274 ], [ 71.062268, 23.8638443 ], [ 71.0929127, 23.9078157 ], [ 71.1933896, 23.9576166 ], [ 71.2416239, 23.9621944 ], [ 71.265192, 24.0130481 ], [ 71.2485799, 24.0804443 ], [ 71.180104, 24.1160415 ], [ 71.1172084, 24.1268329 ], [ 71.1457546, 24.1574378 ], [ 71.1393866, 24.1902442 ], [ 71.0824322, 24.2641948 ], [ 71.042773, 24.258815 ], [ 71.0008254, 24.2146012 ], [ 70.9293078, 24.2628701 ], [ 70.8991782, 24.2611911 ], [ 70.90408, 24.26514 ], [ 70.89281, 24.2736 ], [ 70.87255, 24.27814 ], [ 70.8699059, 24.2805458 ], [ 70.869948, 24.3021869 ], [ 70.87272, 24.30495 ], [ 70.89551, 24.31381 ], [ 70.98086, 24.36337 ], [ 71.05015, 24.36209 ], [ 71.06774, 24.37897 ], [ 71.08066, 24.39137 ], [ 71.1116, 24.39872 ], [ 71.1244, 24.40937 ], [ 71.10737, 24.43319 ], [ 71.02026, 24.43334 ], [ 71.004567, 24.4429929 ], [ 71.0039794, 24.4431711 ], [ 71.0032727, 24.4444041 ], [ 71.00253, 24.4457 ], [ 71.0002364, 24.4517655 ], [ 70.99893, 24.45967 ], [ 70.98849, 24.5502 ], [ 70.98939, 24.60315 ], [ 71.0209, 24.64515 ], [ 71.06502, 24.66262 ], [ 71.0860362, 24.6930297 ], [ 71.119278, 24.6686497 ], [ 71.2977371, 24.6076412 ], [ 71.3567123, 24.6540508 ], [ 71.3807373, 24.6213799 ], [ 71.4883194, 24.673851 ], [ 71.536972, 24.6789207 ], [ 71.6165924, 24.670681 ], [ 71.6615601, 24.6332588 ], [ 71.7845078, 24.6688595 ], [ 71.8129272, 24.660881 ], [ 71.8117676, 24.6218205 ], [ 71.8686829, 24.6234798 ], [ 71.8711014, 24.6722183 ], [ 71.9259262, 24.6620808 ], [ 71.9345093, 24.6268501 ], [ 71.9933929, 24.6567097 ], [ 71.9940796, 24.6775532 ], [ 72.0524902, 24.7057877 ], [ 72.0852509, 24.69701 ], [ 72.0848999, 24.65275 ], [ 72.1459503, 24.6348705 ], [ 72.1858978, 24.6094303 ], [ 72.2299881, 24.6328812 ], [ 72.2747498, 24.6222305 ], [ 72.2509995, 24.5801601 ], [ 72.2951202, 24.5384407 ], [ 72.357933, 24.5525112 ], [ 72.386322, 24.5005112 ], [ 72.4481506, 24.4933205 ], [ 72.436676, 24.4605103 ], [ 72.4646759, 24.4071198 ], [ 72.5100021, 24.4183426 ], [ 72.5005569, 24.4502907 ], [ 72.5421371, 24.5048695 ], [ 72.588501, 24.4724998 ], [ 72.658638, 24.4564304 ], [ 72.6930161, 24.4601612 ], [ 72.6934662, 24.419281 ], [ 72.7325363, 24.361269 ], [ 72.8153458, 24.3581905 ], [ 72.8681183, 24.3658104 ], [ 72.923912, 24.3263206 ], [ 72.9774933, 24.3588409 ], [ 72.9641876, 24.3922215 ], [ 72.9906158, 24.4208889 ], [ 72.9810028, 24.4510498 ], [ 73.0510406, 24.4652596 ], [ 73.0943832, 24.49473 ], [ 73.1062469, 24.4203205 ], [ 73.0849609, 24.3944702 ], [ 73.1801758, 24.3506699 ], [ 73.1733017, 24.3010502 ], [ 73.116066, 24.2625904 ], [ 73.0826874, 24.1849804 ], [ 73.1233978, 24.1403008 ], [ 73.17173, 24.1113224 ], [ 73.2238159, 24.0982208 ], [ 73.2006378, 24.0452404 ], [ 73.2525406, 24.0111198 ], [ 73.2910309, 24.027401 ], [ 73.326561, 24.0625 ], [ 73.3351822, 24.1151104 ], [ 73.4137573, 24.0510712 ], [ 73.4106064, 23.9983311 ], [ 73.4201202, 23.9234009 ], [ 73.3864975, 23.9057713 ], [ 73.359848, 23.8546295 ], [ 73.4000092, 23.7839775 ], [ 73.4508209, 23.7525902 ], [ 73.4792709, 23.7089729 ], [ 73.5103531, 23.6969795 ], [ 73.5013733, 23.6354408 ], [ 73.5267258, 23.6106205 ], [ 73.5707474, 23.653511 ], [ 73.6190186, 23.6514225 ], [ 73.6607361, 23.6229 ], [ 73.637001, 23.5311279 ], [ 73.6327515, 23.4523907 ], [ 73.704216, 23.45578 ], [ 73.7172165, 23.4188404 ], [ 73.7647171, 23.45858 ], [ 73.7830658, 23.4346104 ], [ 73.826889, 23.4468403 ], [ 73.8667603, 23.395771 ], [ 73.8942719, 23.337141 ], [ 73.9388962, 23.3414211 ], [ 73.962471, 23.3813896 ], [ 73.9907761, 23.3376293 ], [ 74.0326614, 23.3323498 ], [ 74.0487366, 23.2950611 ], [ 74.1065826, 23.2941208 ], [ 74.1361084, 23.2647209 ], [ 74.1270218, 23.1788502 ], [ 74.182991, 23.1522198 ], [ 74.2075424, 23.1920509 ], [ 74.2497787, 23.1784306 ], [ 74.288147, 23.1187305 ], [ 74.2825394, 23.0950108 ], [ 74.3227768, 23.0626907 ] ] ], [ [ [ 69.7857601, 23.9836349 ], [ 69.8913147, 23.9338945 ], [ 69.937055, 23.9275739 ], [ 69.976844, 23.8750743 ], [ 69.9347683, 23.8235977 ], [ 69.9638153, 23.7406633 ], [ 69.9153744, 23.7311765 ], [ 69.8952537, 23.6917825 ], [ 69.9130563, 23.5987536 ], [ 69.9616569, 23.5985884 ], [ 70.0322416, 23.5523171 ], [ 70.0646614, 23.4867175 ], [ 70.1181646, 23.4773336 ], [ 70.152203, 23.5087462 ], [ 70.2054208, 23.4678037 ], [ 70.2811021, 23.5323205 ], [ 70.2866112, 23.5677951 ], [ 70.3590538, 23.5931743 ], [ 70.4403435, 23.6333648 ], [ 70.4585207, 23.6728307 ], [ 70.5434893, 23.6982587 ], [ 70.5359639, 23.747748 ], [ 70.5557442, 23.7653082 ], [ 70.5994862, 23.7522507 ], [ 70.6294406, 23.8113871 ], [ 70.5708786, 23.8495693 ], [ 70.5480608, 23.8954815 ], [ 70.5490669, 23.9329175 ], [ 70.6260785, 23.956441 ], [ 70.6535716, 23.9383902 ], [ 70.8489972, 23.8988488 ], [ 70.9172619, 23.8685492 ], [ 70.9191152, 23.8328859 ], [ 70.8938599, 23.7985879 ], [ 70.8230284, 23.7731927 ], [ 70.8584517, 23.747294 ], [ 70.9248537, 23.7382464 ], [ 70.9678408, 23.7155751 ], [ 71.0725634, 23.5508106 ], [ 71.0855337, 23.4971147 ], [ 71.1487253, 23.4711673 ], [ 71.1272957, 23.4394259 ], [ 71.0892122, 23.4295185 ], [ 71.032595, 23.4472495 ], [ 70.9445339, 23.3760602 ], [ 70.8801482, 23.3669402 ], [ 70.8553088, 23.3346819 ], [ 70.8094444, 23.3127004 ], [ 70.8223093, 23.2752351 ], [ 70.7546367, 23.2448659 ], [ 70.7419363, 23.2105206 ], [ 70.6657141, 23.2051696 ], [ 70.6309989, 23.1781226 ], [ 70.4975901, 23.1728854 ], [ 70.348972, 23.2051167 ], [ 70.2748464, 23.1702133 ], [ 70.2382097, 23.1218558 ], [ 70.1644807, 23.0485011 ], [ 70.091527, 22.9475073 ], [ 70.1015984, 22.9211807 ], [ 70.0300687, 22.9068592 ], [ 69.9327498, 22.8979352 ], [ 69.8839575, 22.8723414 ], [ 69.8046501, 22.850365 ], [ 69.7606025, 22.8217482 ], [ 69.7529163, 22.7943719 ], [ 69.706402, 22.7347352 ], [ 69.6401861, 22.7663486 ], [ 69.6141329, 22.7550174 ], [ 69.5338181, 22.7859566 ], [ 69.4369317, 22.7835738 ], [ 69.3981376, 22.8101933 ], [ 69.3120123, 22.8321241 ], [ 69.2665885, 22.8242526 ], [ 69.1907303, 22.840184 ], [ 69.0452069, 22.9288569 ], [ 68.9715419, 22.9641323 ], [ 68.7903831, 23.0705812 ], [ 68.7583661, 23.0813484 ], [ 68.7273669, 23.1367783 ], [ 68.6756601, 23.164742 ], [ 68.6417117, 23.2094635 ], [ 68.6790213, 23.2968173 ], [ 68.6428163, 23.3175914 ], [ 68.6226125, 23.3649126 ], [ 68.5896729, 23.3764144 ], [ 68.5437961, 23.4177343 ], [ 68.5004785, 23.4757813 ], [ 68.4900302, 23.5800063 ], [ 68.5110303, 23.641084 ], [ 68.5875366, 23.7041183 ], [ 68.6525734, 23.7951492 ], [ 68.686699, 23.7972817 ], [ 68.735166, 23.8332828 ], [ 68.8378747, 23.8287912 ], [ 68.9198765, 23.8126379 ], [ 68.9428299, 23.7905094 ], [ 69.0008785, 23.7744312 ], [ 69.0344543, 23.8107245 ], [ 69.1160246, 23.8204671 ], [ 69.1907203, 23.809709 ], [ 69.215635, 23.8176565 ], [ 69.223398, 23.8576753 ], [ 69.3243446, 23.8751287 ], [ 69.3451775, 23.8139462 ], [ 69.3898684, 23.7880974 ], [ 69.4025524, 23.8190838 ], [ 69.4602386, 23.8319226 ], [ 69.5215075, 23.8281237 ], [ 69.5850465, 23.8011242 ], [ 69.5991209, 23.7588536 ], [ 69.6517194, 23.7345717 ], [ 69.6956961, 23.7489245 ], [ 69.7007742, 23.7833953 ], [ 69.7301591, 23.8108022 ], [ 69.6695253, 23.8262648 ], [ 69.6576765, 23.862611 ], [ 69.6867287, 23.878444 ], [ 69.7051514, 23.9460595 ], [ 69.7447121, 23.9750473 ], [ 69.7857601, 23.9836349 ] ] ], [ [ [ 70.9335039, 20.7354606 ], [ 70.8920465, 20.7079944 ], [ 70.8885409, 20.7087975 ], [ 70.87356, 20.7098516 ], [ 70.8925577, 20.7319733 ], [ 70.9335039, 20.7354606 ] ] ], [ [ [ 70.1932451, 23.940067 ], [ 70.2306083, 23.9230423 ], [ 70.3610481, 23.9196416 ], [ 70.4801183, 23.9267767 ], [ 70.4537224, 23.8823759 ], [ 70.4162654, 23.861106 ], [ 70.4055376, 23.8134457 ], [ 70.3565373, 23.7822271 ], [ 70.2631819, 23.8173805 ], [ 70.1883847, 23.8679083 ], [ 70.17057, 23.9254422 ], [ 70.1932451, 23.940067 ] ] ], [ [ [ 70.3833517, 22.9046906 ], [ 70.3687745, 22.8224471 ], [ 70.3420782, 22.832713 ], [ 70.3833517, 22.9046906 ] ] ], [ [ [ 70.3165232, 23.0542583 ], [ 70.3003868, 23.0397721 ], [ 70.3403342, 22.9872463 ], [ 70.2824794, 22.9531841 ], [ 70.2509938, 22.9946736 ], [ 70.2868087, 23.0625872 ], [ 70.3165232, 23.0542583 ] ] ], [ [ [ 70.181576, 23.058452 ], [ 70.2175458, 23.048532 ], [ 70.2285788, 22.965899 ], [ 70.1450482, 22.9657934 ], [ 70.1332389, 22.9946159 ], [ 70.181576, 23.058452 ] ] ], [ [ [ 69.6128779, 24.2675518 ], [ 69.61748, 24.26028 ], [ 69.6470988, 24.2354656 ], [ 69.6668, 24.21896 ], [ 69.67016, 24.21619 ], [ 69.67512, 24.21236 ], [ 69.68121, 24.20509 ], [ 69.69305, 24.19789 ], [ 69.7024, 24.19043 ], [ 69.7033686, 24.1901966 ], [ 69.72458, 24.1751 ], [ 69.9201617, 24.1643008 ], [ 69.95224, 24.16471 ], [ 70.02409, 24.16935 ], [ 70.0561788, 24.1900217 ], [ 70.0593, 24.1928 ], [ 70.07203, 24.20895 ], [ 70.0739496, 24.2113822 ], [ 70.07731, 24.21564 ], [ 70.0830737, 24.2258622 ], [ 70.0621233, 24.170765 ], [ 69.9985567, 24.131814 ], [ 70.0438449, 24.0963772 ], [ 69.9905255, 24.0538766 ], [ 69.912574, 24.089367 ], [ 69.85654, 24.053398 ], [ 69.7929089, 24.0529686 ], [ 69.7626227, 24.074487 ], [ 69.7402395, 24.0334124 ], [ 69.7708847, 24.0026302 ], [ 69.7187581, 23.975469 ], [ 69.6545469, 24.0191303 ], [ 69.6230273, 23.9914614 ], [ 69.5746902, 24.0215098 ], [ 69.5264251, 24.0059812 ], [ 69.4957816, 23.9796979 ], [ 69.4619373, 23.994991 ], [ 69.3770811, 24.0091237 ], [ 69.3158296, 24.0570132 ], [ 69.233003, 24.1400496 ], [ 69.1356485, 24.1231776 ], [ 69.0823628, 24.129651 ], [ 68.9993385, 24.1726616 ], [ 68.9956893, 24.2189961 ], [ 68.9499333, 24.2313436 ], [ 68.9592241, 24.2558905 ], [ 68.96, 24.25363 ], [ 68.97057, 24.23753 ], [ 68.9815, 24.22855 ], [ 68.985039, 24.2269064 ], [ 68.98628, 24.22633 ], [ 68.9990799, 24.2259258 ], [ 69.065438, 24.2574841 ], [ 69.0698764, 24.2601135 ], [ 69.09293, 24.26908 ], [ 69.19002, 24.23574 ], [ 69.19877, 24.23525 ], [ 69.19977, 24.2352 ], [ 69.2032105, 24.2370715 ], [ 69.26775, 24.2637 ], [ 69.27073, 24.2642 ], [ 69.31027, 24.27669 ], [ 69.36194, 24.26618 ], [ 69.43158, 24.27365 ], [ 69.50421, 24.26301 ], [ 69.5901, 24.28676 ], [ 69.6128779, 24.2675518 ] ] ], [ [ [ 70.0119, 22.60106 ], [ 70.03607, 22.5738 ], [ 69.98325, 22.54677 ], [ 69.96002, 22.57368 ], [ 70.0119, 22.60106 ] ] ], [ [ [ 69.63703, 22.40745 ], [ 69.59079, 22.44203 ], [ 69.62832, 22.45942 ], [ 69.63703, 22.40745 ] ] ], [ [ [ 69.2609442, 24.0169596 ], [ 69.2974384, 23.9831713 ], [ 69.2964455, 23.9165016 ], [ 69.2469264, 23.9401426 ], [ 69.2224881, 23.9802093 ], [ 69.2609442, 24.0169596 ] ] ], [ [ [ 68.9479053, 24.2755071 ], [ 68.95308, 24.26775 ], [ 68.95734, 24.26138 ], [ 68.8879197, 24.261891 ], [ 68.939, 24.29087 ], [ 68.94445, 24.28146 ], [ 68.9479053, 24.2755071 ] ] ], [ [ [ 68.49411, 23.83004 ], [ 68.51491, 23.81832 ], [ 68.52225, 23.77247 ], [ 68.5034, 23.73879 ], [ 68.4729, 23.75251 ], [ 68.4538, 23.81312 ], [ 68.49411, 23.83004 ] ] ] ] } },
{ "type": "Feature", "properties": { "POLYGON_ID": "IND_GAUL2012_ADM1_1492", "ADM0_ISO3": "IND", "ADM0_NAME": "India", "ADM0_CODE": 115, "ADM1_NAME": "Haryana", "ADM1_CODE": 1492, "GEOSET": "GAUL", "GEOSET_YEAR": 2012.0, "GEOSET_VERSION": "GAUL_v1", "GEOSET_UNIT": "ADM1", "CENTROID_LONG": 76.332303218109899, "CENTROID_LAT": 29.198768322877825 }, "geometry": { "type": "MultiPolygon", "coordinates": [ [ [ [ 77.5748901, 30.3845196 ], [ 77.5920181, 30.3708611 ], [ 77.5703506, 30.3112297 ], [ 77.5321808, 30.2868576 ], [ 77.4732666, 30.188591 ], [ 77.4108276, 30.1458797 ], [ 77.4141922, 30.1111107 ], [ 77.3317413, 30.0644512 ], [ 77.2704086, 30.0483398 ], [ 77.250473, 29.988451 ], [ 77.1795578, 29.9022694 ], [ 77.182457, 29.8732796 ], [ 77.1523819, 29.7932796 ], [ 77.1129532, 29.7486 ], [ 77.140213, 29.7172699 ], [ 77.0856171, 29.6007996 ], [ 77.1097183, 29.55299 ], [ 77.0849075, 29.5335903 ], [ 77.1233215, 29.4860611 ], [ 77.117836, 29.456459 ], [ 77.154213, 29.3169212 ], [ 77.1294861, 29.2727909 ], [ 77.1399918, 29.1820812 ], [ 77.124382, 29.10149 ], [ 77.1626358, 29.0485706 ], [ 77.2141876, 29.0059624 ], [ 77.1909561, 28.9616508 ], [ 77.2168732, 28.900341 ], [ 77.1868668, 28.8668194 ], [ 77.0497589, 28.8731899 ], [ 77.0315399, 28.8367901 ], [ 76.9795532, 28.8367023 ], [ 76.9423065, 28.8206806 ], [ 76.9503174, 28.7466507 ], [ 76.9459534, 28.6834812 ], [ 76.910347, 28.6378307 ], [ 76.8779373, 28.6376305 ], [ 76.8329163, 28.58251 ], [ 76.837616, 28.5569897 ], [ 76.8794632, 28.5240002 ], [ 76.9446259, 28.5136299 ], [ 77.0156631, 28.5333195 ], [ 77.0724792, 28.5202808 ], [ 77.107666, 28.4938698 ], [ 77.1183014, 28.4424324 ], [ 77.1657715, 28.4084606 ], [ 77.2406158, 28.4288597 ], [ 77.2276306, 28.4697495 ], [ 77.2780533, 28.4981499 ], [ 77.337738, 28.5089703 ], [ 77.435997, 28.4316101 ], [ 77.4942398, 28.3582611 ], [ 77.4664078, 28.3412113 ], [ 77.4957886, 28.3070412 ], [ 77.4927368, 28.2806301 ], [ 77.5379486, 28.1908932 ], [ 77.498909, 28.1630096 ], [ 77.4993973, 28.122591 ], [ 77.4730682, 28.1037197 ], [ 77.4776382, 28.0491009 ], [ 77.5352173, 27.99333 ], [ 77.5192108, 27.931881 ], [ 77.4687271, 27.9329109 ], [ 77.4698181, 27.8947296 ], [ 77.4123917, 27.8590698 ], [ 77.3393326, 27.8595905 ], [ 77.2757797, 27.806551 ], [ 77.2345581, 27.7858105 ], [ 77.1497269, 27.8124313 ], [ 77.1472778, 27.7866611 ], [ 77.1011658, 27.7854919 ], [ 77.0382767, 27.8200397 ], [ 77.0230484, 27.7871895 ], [ 77.0319672, 27.7484112 ], [ 76.9943771, 27.7420425 ], [ 76.9704971, 27.6571407 ], [ 76.9341965, 27.6751003 ], [ 76.8885422, 27.7195511 ], [ 76.9078827, 27.8359184 ], [ 76.9266434, 27.8342209 ], [ 76.9186478, 27.9976101 ], [ 76.9465561, 28.0713406 ], [ 76.9617615, 28.1440105 ], [ 76.8840485, 28.1916599 ], [ 76.8636322, 28.2246399 ], [ 76.8334274, 28.2248497 ], [ 76.7902527, 28.1937599 ], [ 76.7914886, 28.1572418 ], [ 76.7391281, 28.1290398 ], [ 76.7099609, 28.1323605 ], [ 76.6821823, 28.0977707 ], [ 76.64785, 28.0922108 ], [ 76.6600723, 28.0190506 ], [ 76.5989685, 28.00984 ], [ 76.5310364, 27.9793301 ], [ 76.5385208, 28.0391197 ], [ 76.4557419, 28.0464802 ], [ 76.4698868, 28.0863209 ], [ 76.4978027, 28.1066208 ], [ 76.4723358, 28.149601 ], [ 76.3598328, 28.1433811 ], [ 76.3532486, 28.1661911 ], [ 76.3087158, 28.183363 ], [ 76.278183, 28.1685715 ], [ 76.3556061, 28.1284504 ], [ 76.3318863, 28.10672 ], [ 76.3532867, 28.0655727 ], [ 76.3367996, 28.0296612 ], [ 76.2510986, 28.0709209 ], [ 76.2333679, 28.0564213 ], [ 76.1773376, 28.0592594 ], [ 76.1538696, 27.9925308 ], [ 76.1794662, 27.9728413 ], [ 76.1697464, 27.90975 ], [ 76.2059479, 27.84799 ], [ 76.1729202, 27.8074589 ], [ 76.0880661, 27.8684502 ], [ 76.0496292, 27.8478603 ], [ 75.9754486, 27.8646297 ], [ 75.9773865, 27.9092598 ], [ 75.9554672, 27.9886398 ], [ 75.9743576, 28.0369396 ], [ 75.977066, 28.0841808 ], [ 75.9360886, 28.0935307 ], [ 76.0277481, 28.17272 ], [ 76.0748062, 28.17243 ], [ 76.053009, 28.2242298 ], [ 76.0111923, 28.2417507 ], [ 76.0187225, 28.2809601 ], [ 75.9865723, 28.2958908 ], [ 75.9223785, 28.3689079 ], [ 75.8025894, 28.4142303 ], [ 75.7782288, 28.4576111 ], [ 75.7365494, 28.4871998 ], [ 75.6900787, 28.4990997 ], [ 75.6654892, 28.5332794 ], [ 75.629097, 28.5459709 ], [ 75.6093369, 28.6058788 ], [ 75.5557098, 28.6145897 ], [ 75.539566, 28.6488705 ], [ 75.5309372, 28.7328205 ], [ 75.4985428, 28.7876606 ], [ 75.5133667, 28.8365898 ], [ 75.4879913, 28.8596497 ], [ 75.4975662, 28.9414902 ], [ 75.5165176, 28.9753895 ], [ 75.5111008, 29.0108299 ], [ 75.4347382, 29.0165405 ], [ 75.4302597, 29.0647202 ], [ 75.3806534, 29.0703201 ], [ 75.3611526, 29.1426201 ], [ 75.40065, 29.1889095 ], [ 75.3795471, 29.2639332 ], [ 75.3149261, 29.23596 ], [ 75.2717285, 29.2543697 ], [ 75.1474762, 29.2458496 ], [ 75.0780792, 29.2324505 ], [ 75.0238571, 29.2915306 ], [ 74.9910431, 29.2717495 ], [ 74.9531097, 29.2819405 ], [ 74.9271469, 29.3646412 ], [ 74.8495178, 29.4027901 ], [ 74.8095474, 29.3984795 ], [ 74.7759171, 29.3601513 ], [ 74.650177, 29.3723698 ], [ 74.6418228, 29.3311977 ], [ 74.6000366, 29.3543301 ], [ 74.5700302, 29.4061604 ], [ 74.5312958, 29.4249802 ], [ 74.5346298, 29.4650326 ], [ 74.5789108, 29.4586201 ], [ 74.6114273, 29.5314999 ], [ 74.5717468, 29.5555801 ], [ 74.5785217, 29.6547508 ], [ 74.6054001, 29.7528801 ], [ 74.4720001, 29.74403 ], [ 74.4652634, 29.78755 ], [ 74.4916687, 29.8265095 ], [ 74.553566, 29.8656406 ], [ 74.5190659, 29.9433498 ], [ 74.5858002, 29.9147606 ], [ 74.6398621, 29.9224911 ], [ 74.6809616, 29.9491901 ], [ 74.7759933, 29.9743996 ], [ 74.801178, 29.9925728 ], [ 74.8496323, 29.9591293 ], [ 74.9240875, 29.9415302 ], [ 74.9431763, 29.9025383 ], [ 74.9899292, 29.8564606 ], [ 75.0374985, 29.8817806 ], [ 75.0654831, 29.8790398 ], [ 75.1022873, 29.8025513 ], [ 75.1823425, 29.8387012 ], [ 75.2309799, 29.7520676 ], [ 75.1980972, 29.7307987 ], [ 75.1888886, 29.68083 ], [ 75.1589203, 29.6693611 ], [ 75.1733398, 29.6300831 ], [ 75.2212372, 29.6065502 ], [ 75.2111893, 29.5824013 ], [ 75.2380676, 29.5515404 ], [ 75.2906494, 29.5617599 ], [ 75.2803497, 29.6032505 ], [ 75.3177261, 29.6707001 ], [ 75.3972321, 29.7610207 ], [ 75.4437866, 29.7861805 ], [ 75.5563965, 29.7658329 ], [ 75.5630875, 29.7442398 ], [ 75.6661682, 29.7727013 ], [ 75.7059326, 29.8086205 ], [ 75.7716217, 29.8253899 ], [ 75.8199768, 29.8153801 ], [ 75.8637772, 29.7523308 ], [ 75.8972321, 29.7555313 ], [ 75.9340134, 29.7325325 ], [ 76.00383, 29.7509308 ], [ 76.041481, 29.7487812 ], [ 76.0743408, 29.7812405 ], [ 76.1666565, 29.8183212 ], [ 76.2285233, 29.8545284 ], [ 76.225296, 29.8850613 ], [ 76.1827087, 29.8938808 ], [ 76.2038727, 29.9441204 ], [ 76.1893768, 30.0041904 ], [ 76.1989059, 30.0348301 ], [ 76.2511597, 30.1189995 ], [ 76.3283768, 30.1095104 ], [ 76.4260406, 30.1475601 ], [ 76.4520874, 30.1007099 ], [ 76.5011215, 30.0766296 ], [ 76.5548706, 30.0987606 ], [ 76.5895309, 30.0792999 ], [ 76.6194763, 30.0953617 ], [ 76.6227417, 30.1702995 ], [ 76.638916, 30.2059402 ], [ 76.5903168, 30.2541218 ], [ 76.6708832, 30.31917 ], [ 76.738533, 30.3596497 ], [ 76.7001495, 30.39361 ], [ 76.7488709, 30.4266319 ], [ 76.8647308, 30.4087906 ], [ 76.8977661, 30.3626003 ], [ 76.9272995, 30.3886395 ], [ 76.8899307, 30.4366913 ], [ 76.8938599, 30.4896431 ], [ 76.9200668, 30.5246906 ], [ 76.8850403, 30.5404205 ], [ 76.9134293, 30.5997009 ], [ 76.8585815, 30.6406307 ], [ 76.8631058, 30.6715107 ], [ 76.819809, 30.6858311 ], [ 76.8362961, 30.7142696 ], [ 76.828186, 30.7637901 ], [ 76.8467865, 30.7925205 ], [ 76.8277512, 30.832571 ], [ 76.769043, 30.8765297 ], [ 76.7698593, 30.9063911 ], [ 76.8101883, 30.9303799 ], [ 76.8226624, 30.8880997 ], [ 76.8524323, 30.8706894 ], [ 76.9021606, 30.8972301 ], [ 76.9275131, 30.8373508 ], [ 76.9537506, 30.8112106 ], [ 76.997963, 30.814291 ], [ 77.0130997, 30.7422085 ], [ 77.0470581, 30.7486706 ], [ 77.1023483, 30.7307796 ], [ 77.1535263, 30.6887207 ], [ 77.157486, 30.5995522 ], [ 77.111496, 30.5672894 ], [ 77.1375809, 30.5385799 ], [ 77.1853485, 30.5258808 ], [ 77.2026062, 30.480341 ], [ 77.2517776, 30.4844112 ], [ 77.3106995, 30.4536209 ], [ 77.346077, 30.4619007 ], [ 77.4349518, 30.4036713 ], [ 77.4913483, 30.4173508 ], [ 77.5748901, 30.3845196 ] ] ] ] } },
{ "type": "Feature", "properties": { "POLYGON_ID": "IND_GAUL2012_ADM1_1493", "ADM0_ISO3": "IND", "ADM0_NAME": "India", "ADM0_CODE": 115, "ADM1_NAME": "Himachal Pradesh", "ADM1_CODE": 1493, "GEOSET": "GAUL", "GEOSET_YEAR": 2012.0, "GEOSET_VERSION": "GAUL_v1", "GEOSET_UNIT": "ADM1", "CENTROID_LONG": 77.234154662760332, "CENTROID_LAT": 31.912781704160469 }, "geometry": { "type": "MultiPolygon", "coordinates": [ [ [ [ 78.973126, 31.1157969 ], [ 78.880043, 31.1038399 ], [ 78.8187332, 31.1472111 ], [ 78.7950363, 31.20504 ], [ 78.7494507, 31.1943512 ], [ 78.6506729, 31.1978512 ], [ 78.6006012, 31.2358513 ], [ 78.537117, 31.2067108 ], [ 78.470108, 31.2037506 ], [ 78.4194565, 31.2598801 ], [ 78.3692627, 31.2879009 ], [ 78.2983627, 31.2882099 ], [ 78.2325897, 31.2350197 ], [ 78.1849213, 31.2233295 ], [ 78.1478271, 31.2315712 ], [ 78.0923767, 31.192831 ], [ 78.029953, 31.1853104 ], [ 78.0077209, 31.1570797 ], [ 77.9547577, 31.1787796 ], [ 77.9021759, 31.1588211 ], [ 77.851532, 31.1109695 ], [ 77.8428268, 31.0812931 ], [ 77.8050232, 31.0540695 ], [ 77.824707, 31.0051899 ], [ 77.7964172, 30.96982 ], [ 77.7539215, 30.976841 ], [ 77.7455978, 30.922308 ], [ 77.7933731, 30.9259796 ], [ 77.7835007, 30.8720608 ], [ 77.7445221, 30.8811913 ], [ 77.744072, 30.8362427 ], [ 77.6882858, 30.7686691 ], [ 77.7410965, 30.7106609 ], [ 77.7334061, 30.6858311 ], [ 77.7749786, 30.6411209 ], [ 77.7321091, 30.6071301 ], [ 77.7535324, 30.5702305 ], [ 77.8058624, 30.5607395 ], [ 77.7991791, 30.5113907 ], [ 77.7676163, 30.5043602 ], [ 77.6616058, 30.4487801 ], [ 77.6037521, 30.4374409 ], [ 77.5630569, 30.4044895 ], [ 77.5748901, 30.3845196 ], [ 77.4913483, 30.4173508 ], [ 77.4349518, 30.4036713 ], [ 77.346077, 30.4619007 ], [ 77.3106995, 30.4536209 ], [ 77.2517776, 30.4844112 ], [ 77.2026062, 30.480341 ], [ 77.1853485, 30.5258808 ], [ 77.1375809, 30.5385799 ], [ 77.111496, 30.5672894 ], [ 77.157486, 30.5995522 ], [ 77.1535263, 30.6887207 ], [ 77.1023483, 30.7307796 ], [ 77.0470581, 30.7486706 ], [ 77.0130997, 30.7422085 ], [ 76.997963, 30.814291 ], [ 76.9537506, 30.8112106 ], [ 76.9275131, 30.8373508 ], [ 76.9021606, 30.8972301 ], [ 76.8524323, 30.8706894 ], [ 76.8226624, 30.8880997 ], [ 76.8101883, 30.9303799 ], [ 76.7698593, 30.9063911 ], [ 76.7126007, 30.963419 ], [ 76.66819, 30.9698811 ], [ 76.6100693, 31.0042305 ], [ 76.5989685, 31.0535507 ], [ 76.6257324, 31.1102409 ], [ 76.5893173, 31.1277008 ], [ 76.5903931, 31.1828594 ], [ 76.6354218, 31.2129803 ], [ 76.5705032, 31.2801495 ], [ 76.5459213, 31.2558804 ], [ 76.466713, 31.3102112 ], [ 76.4280167, 31.3251801 ], [ 76.3591461, 31.4156303 ], [ 76.3158417, 31.40238 ], [ 76.3300781, 31.3452797 ], [ 76.302269, 31.3263607 ], [ 76.206398, 31.3052597 ], [ 76.1728287, 31.3067398 ], [ 76.1663208, 31.3414593 ], [ 76.1340866, 31.3826427 ], [ 76.1567459, 31.4045105 ], [ 76.1282425, 31.4437599 ], [ 76.0839996, 31.5371799 ], [ 76.0027466, 31.6465702 ], [ 75.9450607, 31.7812805 ], [ 75.9218292, 31.8171787 ], [ 75.9497299, 31.8481007 ], [ 75.8945465, 31.9498005 ], [ 75.8363724, 31.9816494 ], [ 75.7951202, 31.9885788 ], [ 75.7339783, 32.0373306 ], [ 75.6105576, 32.0996094 ], [ 75.6554794, 32.1460609 ], [ 75.6202164, 32.1851692 ], [ 75.6225433, 32.2346802 ], [ 75.6758423, 32.264019 ], [ 75.7363968, 32.2737617 ], [ 75.8438797, 32.3793106 ], [ 75.9259262, 32.4117813 ], [ 75.9154968, 32.4487 ], [ 75.855278, 32.4995804 ], [ 75.8529811, 32.5265582 ], [ 75.89001, 32.59442 ], [ 75.92804, 32.61166 ], [ 75.9188697, 32.6877681 ], [ 75.94664, 32.73527 ], [ 75.90387, 32.80083 ], [ 75.84305, 32.85 ], [ 75.845641, 32.8830626 ], [ 75.9086, 32.90526 ], [ 75.97527, 32.87943 ], [ 76.015, 32.88972 ], [ 76.0611, 32.92749 ], [ 76.16165, 32.99194 ], [ 76.2322, 33.0011 ], [ 76.31192, 33.04888 ], [ 76.37747, 33.11277 ], [ 76.48415, 33.17083 ], [ 76.6272, 33.1661 ], [ 76.68471, 33.13583 ], [ 76.75555, 33.15804 ], [ 76.7916513, 33.1564988 ], [ 76.8236087, 33.1469404 ], [ 76.85193, 33.0936 ], [ 76.94832, 33.05499 ], [ 76.96832, 33.0011 ], [ 77.0125, 32.96138 ], [ 77.11443, 32.90249 ], [ 77.2320356, 32.8566384 ], [ 77.34387, 32.82861 ], [ 77.41081, 32.83388 ], [ 77.45776, 32.82305 ], [ 77.52388, 32.88027 ], [ 77.64665, 32.89111 ], [ 77.72971, 32.9711 ], [ 77.77153, 32.97987 ], [ 77.80081, 32.88361 ], [ 77.89027, 32.78388 ], [ 77.92804, 32.71749 ], [ 77.91776, 32.69832 ], [ 78.015, 32.61721 ], [ 78.0469391, 32.6383295 ], [ 78.12248, 32.63583 ], [ 78.15972, 32.68166 ], [ 78.19971, 32.66082 ], [ 78.25638, 32.69527 ], [ 78.29305, 32.70249 ], [ 78.31694, 32.73527 ], [ 78.39137, 32.73777 ], [ 78.40194, 32.69638 ], [ 78.38388, 32.64333 ], [ 78.4060974, 32.6119385 ], [ 78.32222, 32.57305 ], [ 78.30026, 32.54805 ], [ 78.28137, 32.47193 ], [ 78.31749, 32.43693 ], [ 78.39912, 32.52108 ], [ 78.42721, 32.50096 ], [ 78.47104, 32.4378 ], [ 78.45682, 32.38255 ], [ 78.50647, 32.3005 ], [ 78.47358, 32.23952 ], [ 78.42843, 32.21463 ], [ 78.46122, 32.13672 ], [ 78.5085996, 32.1480801 ], [ 78.52981, 32.11281 ], [ 78.58918, 32.06489 ], [ 78.59311, 32.03386 ], [ 78.70767, 31.98198 ], [ 78.768989, 31.9377264 ], [ 78.74239, 31.90525 ], [ 78.72305, 31.82253 ], [ 78.6975, 31.77258 ], [ 78.75619, 31.67649 ], [ 78.79668, 31.67809 ], [ 78.80462, 31.64357 ], [ 78.84384, 31.61257 ], [ 78.83217, 31.5873 ], [ 78.72382, 31.50995 ], [ 78.79038, 31.44281 ], [ 78.75192, 31.36654 ], [ 78.79314, 31.30373 ], [ 78.88817, 31.27233 ], [ 78.99571, 31.16155 ], [ 78.973126, 31.1157969 ] ] ] ] } },
{ "type": "Feature", "properties": { "POLYGON_ID": "IND_GAUL2012_ADM1_1494", "ADM0_ISO3": "IND", "ADM0_NAME": "India", "ADM0_CODE": 115, "ADM1_NAME": "Karnataka", "ADM1_CODE": 1494, "GEOSET": "GAUL", "GEOSET_YEAR": 2012.0, "GEOSET_VERSION": "GAUL_v1", "GEOSET_UNIT": "ADM1", "CENTROID_LONG": 76.166527472263738, "CENTROID_LAT": 14.704863004066045 }, "geometry": { "type": "MultiPolygon", "coordinates": [ [ [ [ 77.5499573, 18.2913513 ], [ 77.6030197, 18.2779999 ], [ 77.5725327, 18.2405605 ], [ 77.5700226, 18.1891594 ], [ 77.5977707, 18.1518402 ], [ 77.5974579, 18.0842896 ], [ 77.567337, 18.076292 ], [ 77.5531158, 18.0346699 ], [ 77.6066666, 18.0180111 ], [ 77.6533966, 17.9693527 ], [ 77.6200104, 17.9444599 ], [ 77.6165771, 17.9028702 ], [ 77.5674362, 17.8661404 ], [ 77.5543213, 17.8304901 ], [ 77.526001, 17.8268185 ], [ 77.5044861, 17.7825909 ], [ 77.554451, 17.7612591 ], [ 77.53936, 17.72542 ], [ 77.4578629, 17.6989613 ], [ 77.4399261, 17.5814705 ], [ 77.4899979, 17.5662708 ], [ 77.52742, 17.5732212 ], [ 77.5483933, 17.5494595 ], [ 77.6566162, 17.5213394 ], [ 77.6879959, 17.4985409 ], [ 77.6109467, 17.4699402 ], [ 77.610611, 17.4442329 ], [ 77.5725632, 17.4295197 ], [ 77.5334702, 17.4409504 ], [ 77.5101471, 17.4272594 ], [ 77.520813, 17.362051 ], [ 77.4563522, 17.3449898 ], [ 77.434021, 17.2882595 ], [ 77.4545059, 17.2758904 ], [ 77.3803558, 17.2197723 ], [ 77.359993, 17.1616211 ], [ 77.3763275, 17.1378899 ], [ 77.4626389, 17.1040707 ], [ 77.4993896, 17.0073204 ], [ 77.4783707, 16.9902496 ], [ 77.4533997, 16.9090309 ], [ 77.471756, 16.7962894 ], [ 77.4372101, 16.7631302 ], [ 77.4234161, 16.7145309 ], [ 77.4687729, 16.7087097 ], [ 77.4650421, 16.6782799 ], [ 77.4165726, 16.6628132 ], [ 77.4538803, 16.60742 ], [ 77.4563904, 16.5810013 ], [ 77.4209595, 16.5651703 ], [ 77.4153214, 16.5178299 ], [ 77.3811569, 16.5115395 ], [ 77.3662872, 16.4841099 ], [ 77.2515106, 16.4679012 ], [ 77.2846603, 16.4029999 ], [ 77.4117432, 16.3626804 ], [ 77.4813766, 16.3777695 ], [ 77.5188599, 16.3701096 ], [ 77.5843887, 16.3280411 ], [ 77.5908432, 16.3119812 ], [ 77.4875565, 16.2498207 ], [ 77.4949188, 16.1871204 ], [ 77.4866714, 16.1157608 ], [ 77.5029373, 16.0732327 ], [ 77.4907227, 16.0306301 ], [ 77.5101089, 16.0022507 ], [ 77.5094528, 15.9208603 ], [ 77.4264221, 15.9422798 ], [ 77.3536072, 15.9437017 ], [ 77.2489166, 15.9577408 ], [ 77.1434326, 15.9405994 ], [ 77.0767975, 15.9097404 ], [ 77.0331879, 15.8530808 ], [ 77.0638886, 15.8231697 ], [ 77.0470886, 15.7250118 ], [ 77.0759277, 15.6908798 ], [ 77.0814362, 15.6528406 ], [ 77.0271072, 15.6293497 ], [ 77.0265961, 15.4999905 ], [ 76.9703903, 15.490922 ], [ 77.0273972, 15.4351807 ], [ 77.0380325, 15.3587818 ], [ 77.0690918, 15.3194714 ], [ 77.1096878, 15.327282 ], [ 77.1154175, 15.2898493 ], [ 77.1479111, 15.2856693 ], [ 77.1413803, 15.218132 ], [ 77.1644821, 15.1684694 ], [ 77.1477127, 15.1073294 ], [ 77.1276093, 15.0936413 ], [ 77.1095734, 15.0285692 ], [ 77.0788193, 15.0000095 ], [ 77.0468826, 15.029212 ], [ 77.000679, 15.0295906 ], [ 76.9667969, 15.0131693 ], [ 76.9135208, 15.0309515 ], [ 76.8767014, 15.0286789 ], [ 76.8605728, 15.0567102 ], [ 76.796936, 15.0907602 ], [ 76.7725601, 15.0651197 ], [ 76.7845764, 15.0166702 ], [ 76.7637711, 14.9698706 ], [ 76.8644562, 14.9640198 ], [ 76.8603058, 14.8911896 ], [ 76.8337708, 14.7849092 ], [ 76.7803497, 14.7792616 ], [ 76.7980728, 14.7345905 ], [ 76.7712784, 14.6738405 ], [ 76.76091, 14.5962811 ], [ 76.7997284, 14.5277319 ], [ 76.8439331, 14.5091496 ], [ 76.8638077, 14.4746714 ], [ 76.906517, 14.4841614 ], [ 76.9733963, 14.478281 ], [ 76.8831406, 14.3902903 ], [ 76.8786163, 14.3513927 ], [ 76.8989716, 14.3192406 ], [ 76.9429398, 14.3053789 ], [ 76.9248581, 14.2721815 ], [ 76.9378433, 14.2401209 ], [ 77.0041199, 14.2315693 ], [ 77.0496292, 14.239542 ], [ 77.0753403, 14.2093496 ], [ 77.1099472, 14.2214794 ], [ 77.1119232, 14.2875309 ], [ 77.152153, 14.3377409 ], [ 77.1963577, 14.3142996 ], [ 77.2450867, 14.3145304 ], [ 77.2811432, 14.331111 ], [ 77.2795868, 14.2760897 ], [ 77.3592606, 14.26933 ], [ 77.3554077, 14.2300396 ], [ 77.3837891, 14.1918211 ], [ 77.4148788, 14.2032213 ], [ 77.4010162, 14.2604094 ], [ 77.3750076, 14.2951889 ], [ 77.3948898, 14.3291597 ], [ 77.442337, 14.3097506 ], [ 77.4993668, 14.2605095 ], [ 77.4900818, 14.2276306 ], [ 77.5103531, 14.17202 ], [ 77.3897171, 14.1652603 ], [ 77.3766861, 14.1296005 ], [ 77.3954468, 14.1034412 ], [ 77.3379669, 14.0538311 ], [ 77.3261871, 14.0229397 ], [ 77.3833618, 14.0073595 ], [ 77.3865128, 13.9740019 ], [ 77.4189682, 13.8949089 ], [ 77.3483429, 13.8965406 ], [ 77.3437424, 13.9508915 ], [ 77.3134918, 14.0248194 ], [ 77.278511, 14.0069017 ], [ 77.134346, 13.9981308 ], [ 77.1211014, 14.0421801 ], [ 77.0907593, 14.0382595 ], [ 77.0236969, 14.0532589 ], [ 77.010437, 14.0920496 ], [ 77.0198288, 14.1727018 ], [ 76.9584961, 14.1755095 ], [ 76.8914261, 14.1589994 ], [ 76.8836823, 14.131032 ], [ 76.9429169, 14.1119013 ], [ 76.9715271, 14.0523901 ], [ 76.9310989, 14.0227318 ], [ 76.9943771, 13.9814911 ], [ 76.9889984, 13.9566917 ], [ 77.0358429, 13.9255905 ], [ 77.0059891, 13.85009 ], [ 76.9688263, 13.8102417 ], [ 76.9925919, 13.7425509 ], [ 77.0351868, 13.7692804 ], [ 77.0600433, 13.7388611 ], [ 77.0952683, 13.7608795 ], [ 77.1665802, 13.7546692 ], [ 77.1619415, 13.8154612 ], [ 77.139389, 13.8590403 ], [ 77.1927109, 13.8562212 ], [ 77.240097, 13.8940792 ], [ 77.2504425, 13.8394718 ], [ 77.3069305, 13.8572397 ], [ 77.4247208, 13.8266897 ], [ 77.4086609, 13.7992516 ], [ 77.4507904, 13.785531 ], [ 77.462616, 13.7435789 ], [ 77.4448166, 13.6957607 ], [ 77.5278397, 13.7070313 ], [ 77.581543, 13.7305717 ], [ 77.6143494, 13.7603102 ], [ 77.6702271, 13.7774992 ], [ 77.6955261, 13.7614317 ], [ 77.7284164, 13.8017406 ], [ 77.8277206, 13.8606195 ], [ 77.8063507, 13.9175501 ], [ 77.8624268, 13.9268007 ], [ 77.9116058, 13.8972406 ], [ 77.9507599, 13.9279203 ], [ 77.9780273, 13.8933506 ], [ 77.9418411, 13.8710508 ], [ 78.0378265, 13.85285 ], [ 78.041153, 13.8867292 ], [ 78.106041, 13.8535404 ], [ 78.1182327, 13.7769003 ], [ 78.0849228, 13.7334919 ], [ 78.1093826, 13.7102308 ], [ 78.0799866, 13.6503897 ], [ 78.1461716, 13.6496601 ], [ 78.1937408, 13.594902 ], [ 78.2496796, 13.5743008 ], [ 78.3124771, 13.5835018 ], [ 78.3803177, 13.5813093 ], [ 78.3977585, 13.5661917 ], [ 78.3672867, 13.4951715 ], [ 78.3712769, 13.3910017 ], [ 78.3551559, 13.3550711 ], [ 78.4290695, 13.317112 ], [ 78.4359818, 13.2983503 ], [ 78.5011597, 13.2772112 ], [ 78.5671692, 13.2717705 ], [ 78.5532608, 13.1892405 ], [ 78.5087509, 13.1195908 ], [ 78.5045776, 13.052762 ], [ 78.4515762, 13.0315313 ], [ 78.457901, 12.9632416 ], [ 78.4226532, 12.9686003 ], [ 78.4173431, 12.8890305 ], [ 78.3783417, 12.8951912 ], [ 78.3454285, 12.9280615 ], [ 78.3164597, 12.8926115 ], [ 78.3031006, 12.8471994 ], [ 78.2410965, 12.8474207 ], [ 78.2418671, 12.8123312 ], [ 78.2206497, 12.7525902 ], [ 78.1206665, 12.7700119 ], [ 78.0645676, 12.8301697 ], [ 78.0221558, 12.8412218 ], [ 77.9813461, 12.810421 ], [ 77.927803, 12.8504705 ], [ 77.8255997, 12.8589897 ], [ 77.7583694, 12.7293205 ], [ 77.7502365, 12.6871605 ], [ 77.6678085, 12.6506405 ], [ 77.6542892, 12.6741695 ], [ 77.5903397, 12.6575413 ], [ 77.5978165, 12.6210203 ], [ 77.5700531, 12.5579319 ], [ 77.5785065, 12.5070114 ], [ 77.625206, 12.4772615 ], [ 77.6038284, 12.3537512 ], [ 77.5560989, 12.2971601 ], [ 77.5183411, 12.2695303 ], [ 77.4701767, 12.2618694 ], [ 77.4656677, 12.202261 ], [ 77.5113068, 12.1839714 ], [ 77.6041183, 12.1951618 ], [ 77.7263565, 12.1673193 ], [ 77.7402496, 12.1292896 ], [ 77.7670059, 12.1091404 ], [ 77.7461014, 12.0693216 ], [ 77.6894531, 12.0099497 ], [ 77.6637115, 11.95296 ], [ 77.573288, 11.9240103 ], [ 77.4904327, 11.92974 ], [ 77.4310532, 11.7716827 ], [ 77.412468, 11.7622805 ], [ 77.3551559, 11.7783718 ], [ 77.3261185, 11.7589397 ], [ 77.2848129, 11.7983618 ], [ 77.2417374, 11.8024597 ], [ 77.1138916, 11.7618294 ], [ 77.0758896, 11.7238913 ], [ 77.0412598, 11.7775898 ], [ 77.0044327, 11.8030205 ], [ 76.9444427, 11.7813416 ], [ 76.8996887, 11.7832718 ], [ 76.880867, 11.7245913 ], [ 76.8535614, 11.698782 ], [ 76.8300323, 11.6490393 ], [ 76.8509064, 11.6018295 ], [ 76.7513962, 11.6067095 ], [ 76.607872, 11.6004419 ], [ 76.553627, 11.6129198 ], [ 76.5404205, 11.6705093 ], [ 76.5042114, 11.698041 ], [ 76.4513626, 11.6551209 ], [ 76.4234619, 11.6593208 ], [ 76.4021988, 11.6831198 ], [ 76.4189911, 11.7215004 ], [ 76.4044189, 11.7498503 ], [ 76.3349762, 11.7306309 ], [ 76.3105011, 11.7438612 ], [ 76.2750931, 11.8007593 ], [ 76.2185287, 11.8000393 ], [ 76.2034225, 11.849061 ], [ 76.1840363, 11.8637619 ], [ 76.1080627, 11.851181 ], [ 76.1079102, 11.9706392 ], [ 76.0295868, 11.9327803 ], [ 75.9762726, 11.9249697 ], [ 75.8767471, 11.940712 ], [ 75.8243866, 11.9842796 ], [ 75.7999573, 12.0302916 ], [ 75.7953491, 12.0742311 ], [ 75.7629623, 12.0785818 ], [ 75.7170563, 12.0620899 ], [ 75.6841965, 12.1022415 ], [ 75.6480789, 12.1055803 ], [ 75.6350861, 12.1423903 ], [ 75.5768433, 12.1507502 ], [ 75.4827271, 12.2861815 ], [ 75.4307327, 12.2920017 ], [ 75.4100571, 12.341341 ], [ 75.4213867, 12.3667307 ], [ 75.3785858, 12.3866701 ], [ 75.3666229, 12.4516602 ], [ 75.4034958, 12.4475689 ], [ 75.4144897, 12.4967117 ], [ 75.3348465, 12.4902411 ], [ 75.2811432, 12.5181398 ], [ 75.2709198, 12.5535402 ], [ 75.3014908, 12.599061 ], [ 75.2767258, 12.61166 ], [ 75.2381897, 12.5641127 ], [ 75.2140427, 12.5734119 ], [ 75.2014313, 12.6251116 ], [ 75.1548767, 12.6195803 ], [ 75.161293, 12.6640711 ], [ 75.1126709, 12.675911 ], [ 75.0478058, 12.6600895 ], [ 75.0496674, 12.7146997 ], [ 75.003067, 12.7136927 ], [ 74.9917526, 12.7381706 ], [ 75.0052795, 12.7854919 ], [ 74.9542007, 12.7792816 ], [ 74.8661064, 12.7544406 ], [ 74.8239968, 12.8442161 ], [ 74.7791671, 13.0577256 ], [ 74.7123533, 13.3257765 ], [ 74.6950799, 13.3444007 ], [ 74.6972124, 13.396686 ], [ 74.6794592, 13.5597213 ], [ 74.6674331, 13.6291024 ], [ 74.7012215, 13.6629968 ], [ 74.6455655, 13.6784755 ], [ 74.6290107, 13.7795892 ], [ 74.6061478, 13.8690578 ], [ 74.5687782, 13.9460982 ], [ 74.5146093, 13.9849074 ], [ 74.4660081, 14.1971193 ], [ 74.4429322, 14.2273908 ], [ 74.44342, 14.2755706 ], [ 74.4130181, 14.3253718 ], [ 74.3924285, 14.4180296 ], [ 74.3559855, 14.5217266 ], [ 74.313038, 14.5444589 ], [ 74.2732107, 14.6261657 ], [ 74.2796513, 14.6797801 ], [ 74.2496774, 14.7371439 ], [ 74.2101144, 14.732245 ], [ 74.1185692, 14.7838322 ], [ 74.1238451, 14.840707 ], [ 74.0968059, 14.8951194 ], [ 74.1492233, 14.9185209 ], [ 74.1865616, 14.9533806 ], [ 74.2416763, 14.9464502 ], [ 74.2617111, 14.9907608 ], [ 74.3023376, 15.0398607 ], [ 74.2810669, 15.1018295 ], [ 74.289566, 15.1431303 ], [ 74.321907, 15.1840706 ], [ 74.3021317, 15.2281418 ], [ 74.2635193, 15.2418804 ], [ 74.276619, 15.2744493 ], [ 74.3416519, 15.2929306 ], [ 74.3233414, 15.3295908 ], [ 74.3283691, 15.3672514 ], [ 74.2899628, 15.3812199 ], [ 74.2825165, 15.443121 ], [ 74.2563324, 15.4895201 ], [ 74.2872772, 15.526 ], [ 74.2543106, 15.5658302 ], [ 74.2674713, 15.6170492 ], [ 74.2552567, 15.6542101 ], [ 74.12603, 15.6502905 ], [ 74.1348572, 15.7221813 ], [ 74.1676712, 15.7492504 ], [ 74.2921677, 15.7393112 ], [ 74.3509369, 15.76336 ], [ 74.3755112, 15.7967205 ], [ 74.387413, 15.8471117 ], [ 74.3699799, 15.8756809 ], [ 74.4352264, 15.95117 ], [ 74.4679565, 16.0466995 ], [ 74.4404831, 16.0570202 ], [ 74.3900528, 16.0351295 ], [ 74.3709869, 16.0595703 ], [ 74.4345932, 16.1106205 ], [ 74.48909, 16.0873222 ], [ 74.5083313, 16.2229404 ], [ 74.4841232, 16.2467308 ], [ 74.4225311, 16.2574501 ], [ 74.3800659, 16.2935009 ], [ 74.3487167, 16.2914696 ], [ 74.3237076, 16.353611 ], [ 74.3426514, 16.4004898 ], [ 74.3388672, 16.4521618 ], [ 74.294838, 16.47435 ], [ 74.2766266, 16.5206108 ], [ 74.3321533, 16.5536995 ], [ 74.385437, 16.5274029 ], [ 74.4034805, 16.5786705 ], [ 74.4724579, 16.6048107 ], [ 74.4955063, 16.6276703 ], [ 74.5514374, 16.6332111 ], [ 74.5498505, 16.5921803 ], [ 74.5740509, 16.5519695 ], [ 74.694313, 16.6151905 ], [ 74.6605072, 16.6375809 ], [ 74.696106, 16.6749802 ], [ 74.6981964, 16.7152004 ], [ 74.736618, 16.7158394 ], [ 74.779007, 16.7485905 ], [ 74.8503418, 16.7603207 ], [ 74.915863, 16.7856808 ], [ 74.9119568, 16.8559399 ], [ 74.948616, 16.8800907 ], [ 74.9528427, 16.9064808 ], [ 75.0037003, 16.9458294 ], [ 75.0947113, 16.9211502 ], [ 75.1717529, 16.8647976 ], [ 75.183197, 16.842041 ], [ 75.230011, 16.8409195 ], [ 75.2827759, 16.8742409 ], [ 75.2846222, 16.9535503 ], [ 75.3453293, 16.9525204 ], [ 75.3947601, 16.9763908 ], [ 75.4310226, 16.963459 ], [ 75.4679108, 16.9853306 ], [ 75.4930115, 16.9451809 ], [ 75.5300064, 16.9658298 ], [ 75.570343, 16.9636211 ], [ 75.5699158, 17.0061703 ], [ 75.60952, 17.0031109 ], [ 75.6106567, 16.9696198 ], [ 75.6450272, 16.9510326 ], [ 75.6686783, 16.9832191 ], [ 75.6810761, 17.0711403 ], [ 75.6741028, 17.1135502 ], [ 75.6313858, 17.1600704 ], [ 75.6306992, 17.186161 ], [ 75.6638794, 17.2137508 ], [ 75.6574783, 17.2705708 ], [ 75.605957, 17.3032608 ], [ 75.6131058, 17.3422909 ], [ 75.578537, 17.3829308 ], [ 75.6158066, 17.3918591 ], [ 75.6355896, 17.4775105 ], [ 75.6808167, 17.45397 ], [ 75.6911926, 17.412611 ], [ 75.7370377, 17.4218998 ], [ 75.8113327, 17.3699398 ], [ 75.821991, 17.4196796 ], [ 75.8943558, 17.405901 ], [ 75.8936615, 17.3536205 ], [ 75.9311523, 17.32411 ], [ 76.1212082, 17.3663406 ], [ 76.163147, 17.34091 ], [ 76.2289963, 17.3632298 ], [ 76.2701797, 17.3565311 ], [ 76.2758789, 17.3305302 ], [ 76.3817062, 17.3118095 ], [ 76.4080658, 17.3692894 ], [ 76.3619995, 17.3750801 ], [ 76.3731766, 17.4344196 ], [ 76.3500061, 17.4721279 ], [ 76.3316727, 17.5948696 ], [ 76.4156723, 17.6042004 ], [ 76.4287262, 17.6444111 ], [ 76.4846497, 17.6696301 ], [ 76.4863663, 17.713522 ], [ 76.5236359, 17.7152309 ], [ 76.5236969, 17.7588902 ], [ 76.6040573, 17.7558308 ], [ 76.6552124, 17.7164001 ], [ 76.6923599, 17.7052612 ], [ 76.7394333, 17.7791309 ], [ 76.7762833, 17.7993813 ], [ 76.7881699, 17.8264713 ], [ 76.7374573, 17.8570595 ], [ 76.7745667, 17.8769608 ], [ 76.8538361, 17.8978386 ], [ 76.8811798, 17.8930511 ], [ 76.9132233, 17.9372101 ], [ 76.917717, 18.0332298 ], [ 76.9520569, 18.0377102 ], [ 76.953392, 18.1101112 ], [ 76.9225616, 18.1161098 ], [ 76.9541092, 18.1848888 ], [ 77.0576706, 18.1523628 ], [ 77.1088867, 18.1526909 ], [ 77.0955429, 18.1951008 ], [ 77.1394959, 18.2072411 ], [ 77.1778412, 18.2818508 ], [ 77.2061768, 18.2779598 ], [ 77.2402267, 18.4086475 ], [ 77.3132706, 18.4393806 ], [ 77.3644104, 18.4298496 ], [ 77.4004974, 18.3978004 ], [ 77.3928299, 18.3405495 ], [ 77.4078064, 18.2995605 ], [ 77.4653931, 18.2599602 ], [ 77.5499573, 18.2913513 ] ] ] ] } },
{ "type": "Feature", "properties": { "POLYGON_ID": "IND_GAUL2012_ADM1_1495", "ADM0_ISO3": "IND", "ADM0_NAME": "India", "ADM0_CODE": 115, "ADM1_NAME": "Kerala", "ADM1_CODE": 1495, "GEOSET": "GAUL", "GEOSET_YEAR": 2012.0, "GEOSET_VERSION": "GAUL_v1", "GEOSET_UNIT": "ADM1", "CENTROID_LONG": 76.40328965394049, "CENTROID_LAT": 10.451661987696271 }, "geometry": { "type": "MultiPolygon", "coordinates": [ [ [ [ 76.4234619, 11.6593208 ], [ 76.4212875, 11.6251001 ], [ 76.3800659, 11.6224194 ], [ 76.370697, 11.5934696 ], [ 76.2978973, 11.5643311 ], [ 76.2709732, 11.5929089 ], [ 76.2257462, 11.5644407 ], [ 76.2332001, 11.5186796 ], [ 76.2579269, 11.4732227 ], [ 76.3209076, 11.4446993 ], [ 76.3614807, 11.4479609 ], [ 76.4483871, 11.3814192 ], [ 76.5382004, 11.3515902 ], [ 76.5397873, 11.3209515 ], [ 76.5135269, 11.26196 ], [ 76.4463882, 11.2304602 ], [ 76.4428787, 11.2000914 ], [ 76.506012, 11.2019806 ], [ 76.5212326, 11.1902704 ], [ 76.5777817, 11.1968412 ], [ 76.6230392, 11.1856709 ], [ 76.6969681, 11.2313309 ], [ 76.7265472, 11.2064705 ], [ 76.6860123, 11.1577015 ], [ 76.6966782, 11.1326809 ], [ 76.7406082, 11.10991 ], [ 76.7344971, 11.0638895 ], [ 76.6904068, 11.0174999 ], [ 76.6604462, 10.9604607 ], [ 76.6527863, 10.91996 ], [ 76.7326889, 10.8809805 ], [ 76.7729874, 10.8816414 ], [ 76.8175583, 10.8618011 ], [ 76.859993, 10.7998018 ], [ 76.8975067, 10.7707996 ], [ 76.8750458, 10.7067194 ], [ 76.8726196, 10.6294317 ], [ 76.8049927, 10.6263418 ], [ 76.8297272, 10.585062 ], [ 76.8174515, 10.4384909 ], [ 76.8073273, 10.4149199 ], [ 76.8393478, 10.3597097 ], [ 76.8196716, 10.2952404 ], [ 76.8620682, 10.2825499 ], [ 76.8923187, 10.2326708 ], [ 76.9814529, 10.2199097 ], [ 77.0385513, 10.2481594 ], [ 77.0460968, 10.2742901 ], [ 77.1629562, 10.3462811 ], [ 77.2221603, 10.3403006 ], [ 77.2144928, 10.3058014 ], [ 77.2505493, 10.2537508 ], [ 77.2644119, 10.17974 ], [ 77.2610168, 10.1286917 ], [ 77.1881409, 10.0956516 ], [ 77.2489319, 10.015811 ], [ 77.2614212, 9.9637213 ], [ 77.2219162, 9.9228201 ], [ 77.1991119, 9.8659811 ], [ 77.2237396, 9.8429613 ], [ 77.209816, 9.7799406 ], [ 77.2082291, 9.7216702 ], [ 77.165657, 9.6482296 ], [ 77.1859665, 9.6059227 ], [ 77.2228088, 9.5727901 ], [ 77.2611389, 9.56668 ], [ 77.304306, 9.5930405 ], [ 77.3962326, 9.496542 ], [ 77.3722382, 9.4452705 ], [ 77.3516083, 9.4497013 ], [ 77.3216782, 9.4056501 ], [ 77.32061, 9.3510895 ], [ 77.2668228, 9.2908793 ], [ 77.250267, 9.1902399 ], [ 77.2517776, 9.1430416 ], [ 77.1958618, 9.0884218 ], [ 77.180191, 9.0448017 ], [ 77.1321793, 9.0118494 ], [ 77.1801682, 8.9470196 ], [ 77.2062531, 8.8931818 ], [ 77.2398682, 8.8680611 ], [ 77.2470474, 8.8318796 ], [ 77.2146759, 8.7757607 ], [ 77.1765213, 8.7350216 ], [ 77.1984787, 8.6410999 ], [ 77.2282791, 8.6129007 ], [ 77.2651596, 8.5374498 ], [ 77.2475433, 8.50138 ], [ 77.190918, 8.4881907 ], [ 77.1886826, 8.4347401 ], [ 77.1536865, 8.3774405 ], [ 77.1497726, 8.3219414 ], [ 77.1219482, 8.3229418 ], [ 77.0906982, 8.2973792 ], [ 76.9865579, 8.3757258 ], [ 76.9558003, 8.4277123 ], [ 76.8903506, 8.5029915 ], [ 76.7042413, 8.7346701 ], [ 76.6141576, 8.8554822 ], [ 76.5466837, 8.902447 ], [ 76.5606689, 8.9313206 ], [ 76.5998472, 8.9586007 ], [ 76.5816278, 8.9839295 ], [ 76.5371998, 8.9373856 ], [ 76.5178818, 9.0182707 ], [ 76.352409, 9.3769442 ], [ 76.3246088, 9.4595927 ], [ 76.3010778, 9.5790692 ], [ 76.2836128, 9.7505047 ], [ 76.2600089, 9.882198 ], [ 76.2379403, 9.9554402 ], [ 76.2584938, 9.9631382 ], [ 76.2807472, 9.9013093 ], [ 76.3190022, 9.8760137 ], [ 76.316808, 9.8571493 ], [ 76.3251961, 9.7932491 ], [ 76.3422559, 9.7273527 ], [ 76.3723368, 9.6847387 ], [ 76.3907892, 9.7423523 ], [ 76.3735072, 9.7725424 ], [ 76.3836135, 9.8195031 ], [ 76.3571558, 9.9061841 ], [ 76.2978005, 9.9319154 ], [ 76.27408, 9.9816567 ], [ 76.2241168, 9.976482 ], [ 76.1813315, 10.1315633 ], [ 76.1241959, 10.3077669 ], [ 76.0702021, 10.4474648 ], [ 76.0005339, 10.5825351 ], [ 75.9104041, 10.7907753 ], [ 75.8795169, 10.9305791 ], [ 75.8314989, 11.11086 ], [ 75.8038447, 11.1607419 ], [ 75.746146, 11.319983 ], [ 75.715206, 11.392847 ], [ 75.681115, 11.450165 ], [ 75.618456, 11.482319 ], [ 75.565085, 11.631598 ], [ 75.531086, 11.703174 ], [ 75.452341, 11.779832 ], [ 75.382987, 11.85748 ], [ 75.355058, 11.863933 ], [ 75.2945146, 11.9457507 ], [ 75.2848587, 11.9868097 ], [ 75.3083217, 12.0479402 ], [ 75.2991714, 12.0667915 ], [ 75.3281784, 12.1072807 ], [ 75.2211304, 12.1009512 ], [ 75.2284137, 12.0214861 ], [ 75.203317, 12.004961 ], [ 75.17373, 12.065657 ], [ 75.100949, 12.250316 ], [ 75.039344, 12.388884 ], [ 74.980902, 12.484442 ], [ 74.8661064, 12.7544406 ], [ 74.9542007, 12.7792816 ], [ 75.0052795, 12.7854919 ], [ 74.9917526, 12.7381706 ], [ 75.003067, 12.7136927 ], [ 75.0496674, 12.7146997 ], [ 75.0478058, 12.6600895 ], [ 75.1126709, 12.675911 ], [ 75.161293, 12.6640711 ], [ 75.1548767, 12.6195803 ], [ 75.2014313, 12.6251116 ], [ 75.2140427, 12.5734119 ], [ 75.2381897, 12.5641127 ], [ 75.2767258, 12.61166 ], [ 75.3014908, 12.599061 ], [ 75.2709198, 12.5535402 ], [ 75.2811432, 12.5181398 ], [ 75.3348465, 12.4902411 ], [ 75.4144897, 12.4967117 ], [ 75.4034958, 12.4475689 ], [ 75.3666229, 12.4516602 ], [ 75.3785858, 12.3866701 ], [ 75.4213867, 12.3667307 ], [ 75.4100571, 12.341341 ], [ 75.4307327, 12.2920017 ], [ 75.4827271, 12.2861815 ], [ 75.5768433, 12.1507502 ], [ 75.6350861, 12.1423903 ], [ 75.6480789, 12.1055803 ], [ 75.6841965, 12.1022415 ], [ 75.7170563, 12.0620899 ], [ 75.7629623, 12.0785818 ], [ 75.7953491, 12.0742311 ], [ 75.7999573, 12.0302916 ], [ 75.8243866, 11.9842796 ], [ 75.8767471, 11.940712 ], [ 75.9762726, 11.9249697 ], [ 76.0295868, 11.9327803 ], [ 76.1079102, 11.9706392 ], [ 76.1080627, 11.851181 ], [ 76.1840363, 11.8637619 ], [ 76.2034225, 11.849061 ], [ 76.2185287, 11.8000393 ], [ 76.2750931, 11.8007593 ], [ 76.3105011, 11.7438612 ], [ 76.3349762, 11.7306309 ], [ 76.4044189, 11.7498503 ], [ 76.4189911, 11.7215004 ], [ 76.4021988, 11.6831198 ], [ 76.4234619, 11.6593208 ] ] ], [ [ [ 76.3280394, 9.8725073 ], [ 76.3671268, 9.8128311 ], [ 76.3454002, 9.7547156 ], [ 76.3221659, 9.8284481 ], [ 76.3280394, 9.8725073 ] ] ] ] } },
{ "type": "Feature", "properties": { "POLYGON_ID": "IND_GAUL2012_ADM1_1496", "ADM0_ISO3": "IND", "ADM0_NAME": "India", "ADM0_CODE": 115, "ADM1_NAME": "Lakshadweep", "ADM1_CODE": 1496, "GEOSET": "GAUL", "GEOSET_YEAR": 2012.0, "GEOSET_VERSION": "GAUL_v1", "GEOSET_UNIT": "ADM1", "CENTROID_LONG": 73.064011734908902, "CENTROID_LAT": 8.2924793256290918 }, "geometry": { "type": "MultiPolygon", "coordinates": [ [ [ [ 73.07771, 8.32403 ], [ 73.06905, 8.30888 ], [ 73.06648, 8.28668 ], [ 73.05565, 8.28255 ], [ 73.06505, 8.29769 ], [ 73.06652, 8.30447 ], [ 73.07771, 8.32403 ] ] ] ] } },
{ "type": "Feature", "properties": { "POLYGON_ID": "IND_GAUL2012_ADM1_1498", "ADM0_ISO3": "IND", "ADM0_NAME": "India", "ADM0_CODE": 115, "ADM1_NAME": "Maharashtra", "ADM1_CODE": 1498, "GEOSET": "GAUL", "GEOSET_YEAR": 2012.0, "GEOSET_VERSION": "GAUL_v1", "GEOSET_UNIT": "ADM1", "CENTROID_LONG": 76.109493435164751, "CENTROID_LAT": 19.449222911826737 }, "geometry": { "type": "MultiPolygon", "coordinates": [ [ [ [ 80.6565323, 21.3307724 ], [ 80.6727371, 21.3112698 ], [ 80.6387329, 21.2547798 ], [ 80.5612412, 21.2058105 ], [ 80.4572983, 21.172842 ], [ 80.4351807, 21.0990105 ], [ 80.4485016, 21.0496101 ], [ 80.4237595, 21.0095921 ], [ 80.4590912, 20.9281502 ], [ 80.5352478, 20.9313202 ], [ 80.5497589, 20.8889103 ], [ 80.5558929, 20.8196831 ], [ 80.5433426, 20.7917995 ], [ 80.5601883, 20.711771 ], [ 80.5783386, 20.6787701 ], [ 80.5189133, 20.6617603 ], [ 80.4815979, 20.6170998 ], [ 80.5195084, 20.5846806 ], [ 80.5786667, 20.6141205 ], [ 80.6128616, 20.5905781 ], [ 80.6034393, 20.4332504 ], [ 80.5859833, 20.3920498 ], [ 80.6166916, 20.3257408 ], [ 80.5420227, 20.3068485 ], [ 80.5108261, 20.2696114 ], [ 80.4564667, 20.2689095 ], [ 80.3829575, 20.2417202 ], [ 80.4134064, 20.1875305 ], [ 80.393837, 20.144022 ], [ 80.4513397, 20.1448708 ], [ 80.5235901, 20.1244698 ], [ 80.5461578, 20.0657101 ], [ 80.5325394, 20.003931 ], [ 80.5441513, 19.9815102 ], [ 80.5203781, 19.9308777 ], [ 80.469841, 19.9336605 ], [ 80.4437027, 19.9526711 ], [ 80.4026566, 19.9096012 ], [ 80.4444427, 19.8935509 ], [ 80.4898376, 19.893671 ], [ 80.4602966, 19.8280296 ], [ 80.517807, 19.8288612 ], [ 80.5442429, 19.8112011 ], [ 80.5396729, 19.774601 ], [ 80.582077, 19.7380714 ], [ 80.6335068, 19.7184906 ], [ 80.6658401, 19.6922112 ], [ 80.6620331, 19.6087303 ], [ 80.720993, 19.6083908 ], [ 80.7851563, 19.5604095 ], [ 80.8196106, 19.5654011 ], [ 80.8522568, 19.5241699 ], [ 80.8790512, 19.5190296 ], [ 80.892067, 19.4656811 ], [ 80.8674927, 19.4434605 ], [ 80.7879334, 19.4266987 ], [ 80.8390808, 19.3551502 ], [ 80.7661972, 19.3081303 ], [ 80.7492371, 19.2867432 ], [ 80.6835632, 19.286911 ], [ 80.6643906, 19.32658 ], [ 80.6039429, 19.3117695 ], [ 80.5839386, 19.377161 ], [ 80.5593414, 19.3975525 ], [ 80.5138397, 19.3481998 ], [ 80.4704971, 19.3289204 ], [ 80.4454269, 19.2698898 ], [ 80.3884506, 19.2433109 ], [ 80.3811111, 19.1807308 ], [ 80.3454666, 19.1629105 ], [ 80.3208618, 19.1244907 ], [ 80.331543, 19.1010799 ], [ 80.2677231, 18.9873295 ], [ 80.2641296, 18.9405212 ], [ 80.3357315, 18.8561211 ], [ 80.3462219, 18.811079 ], [ 80.2994385, 18.7935314 ], [ 80.240799, 18.7486877 ], [ 80.26754, 18.7179699 ], [ 80.246666, 18.7013206 ], [ 80.1580811, 18.69594 ], [ 80.1065598, 18.6775303 ], [ 80.0463562, 18.7209206 ], [ 80.012352, 18.7667599 ], [ 79.9319916, 18.7844296 ], [ 79.8940125, 18.8308392 ], [ 79.939003, 18.8588924 ], [ 79.9409409, 18.9376602 ], [ 79.9259796, 19.04249 ], [ 79.8610992, 19.0599499 ], [ 79.8580475, 19.1041107 ], [ 79.9424362, 19.1758804 ], [ 79.920166, 19.2264099 ], [ 79.9451828, 19.2841206 ], [ 79.973053, 19.4010201 ], [ 79.9449997, 19.4588203 ], [ 79.911026, 19.4923401 ], [ 79.8782272, 19.5007 ], [ 79.8282166, 19.5370102 ], [ 79.816597, 19.5690079 ], [ 79.7775497, 19.597681 ], [ 79.7403259, 19.603138 ], [ 79.7129288, 19.5833302 ], [ 79.6213913, 19.5650997 ], [ 79.600853, 19.5079498 ], [ 79.5655975, 19.5109005 ], [ 79.5426559, 19.548521 ], [ 79.4704208, 19.4974499 ], [ 79.4412613, 19.5335121 ], [ 79.4136124, 19.5334797 ], [ 79.340889, 19.5737705 ], [ 79.2552261, 19.6112099 ], [ 79.2366333, 19.5267982 ], [ 79.1890411, 19.4587002 ], [ 79.1028671, 19.5279503 ], [ 79.0183563, 19.5399704 ], [ 78.9778519, 19.5799427 ], [ 78.968956, 19.6492329 ], [ 78.9159088, 19.6677303 ], [ 78.8588028, 19.656311 ], [ 78.8634796, 19.6967697 ], [ 78.8456268, 19.7583504 ], [ 78.8076096, 19.7579899 ], [ 78.7848663, 19.7787495 ], [ 78.7017899, 19.7855797 ], [ 78.619339, 19.8087101 ], [ 78.526268, 19.821661 ], [ 78.4761887, 19.8163605 ], [ 78.3976593, 19.836401 ], [ 78.3841476, 19.8792229 ], [ 78.3362503, 19.8831902 ], [ 78.3101959, 19.9127407 ], [ 78.2941284, 19.8495502 ], [ 78.3389969, 19.83918 ], [ 78.3677368, 19.7810802 ], [ 78.3452759, 19.7135696 ], [ 78.2858124, 19.6896706 ], [ 78.2875595, 19.6544609 ], [ 78.3109894, 19.6041813 ], [ 78.2965088, 19.558382 ], [ 78.3119583, 19.4659004 ], [ 78.2242661, 19.4340324 ], [ 78.1875687, 19.3956203 ], [ 78.1795959, 19.3530102 ], [ 78.1971512, 19.3317299 ], [ 78.1833191, 19.2415409 ], [ 78.126709, 19.2464008 ], [ 78.0457459, 19.2708607 ], [ 77.9489212, 19.34128 ], [ 77.860878, 19.3021297 ], [ 77.9006729, 19.2771282 ], [ 77.8680801, 19.246109 ], [ 77.8445358, 19.1881905 ], [ 77.845192, 19.1142101 ], [ 77.8002472, 19.0988712 ], [ 77.7971802, 19.0513096 ], [ 77.7616882, 19.0620403 ], [ 77.7673569, 18.9814205 ], [ 77.8171387, 18.9823704 ], [ 77.8537292, 18.95228 ], [ 77.8404999, 18.9113007 ], [ 77.8815765, 18.9085312 ], [ 77.8992004, 18.8679276 ], [ 77.9441376, 18.8422909 ], [ 77.8374634, 18.8074608 ], [ 77.7865067, 18.6943207 ], [ 77.7328568, 18.6760006 ], [ 77.7297211, 18.6427307 ], [ 77.7471619, 18.5890808 ], [ 77.7123566, 18.5544395 ], [ 77.6575699, 18.5272007 ], [ 77.64048, 18.5539303 ], [ 77.5972672, 18.5475407 ], [ 77.5706329, 18.4668598 ], [ 77.5826416, 18.4430695 ], [ 77.5273285, 18.3394012 ], [ 77.5499573, 18.2913513 ], [ 77.4653931, 18.2599602 ], [ 77.4078064, 18.2995605 ], [ 77.3928299, 18.3405495 ], [ 77.4004974, 18.3978004 ], [ 77.3644104, 18.4298496 ], [ 77.3132706, 18.4393806 ], [ 77.2402267, 18.4086475 ], [ 77.2061768, 18.2779598 ], [ 77.1778412, 18.2818508 ], [ 77.1394959, 18.2072411 ], [ 77.0955429, 18.1951008 ], [ 77.1088867, 18.1526909 ], [ 77.0576706, 18.1523628 ], [ 76.9541092, 18.1848888 ], [ 76.9225616, 18.1161098 ], [ 76.953392, 18.1101112 ], [ 76.9520569, 18.0377102 ], [ 76.917717, 18.0332298 ], [ 76.9132233, 17.9372101 ], [ 76.8811798, 17.8930511 ], [ 76.8538361, 17.8978386 ], [ 76.7745667, 17.8769608 ], [ 76.7374573, 17.8570595 ], [ 76.7881699, 17.8264713 ], [ 76.7762833, 17.7993813 ], [ 76.7394333, 17.7791309 ], [ 76.6923599, 17.7052612 ], [ 76.6552124, 17.7164001 ], [ 76.6040573, 17.7558308 ], [ 76.5236969, 17.7588902 ], [ 76.5236359, 17.7152309 ], [ 76.4863663, 17.713522 ], [ 76.4846497, 17.6696301 ], [ 76.4287262, 17.6444111 ], [ 76.4156723, 17.6042004 ], [ 76.3316727, 17.5948696 ], [ 76.3500061, 17.4721279 ], [ 76.3731766, 17.4344196 ], [ 76.3619995, 17.3750801 ], [ 76.4080658, 17.3692894 ], [ 76.3817062, 17.3118095 ], [ 76.2758789, 17.3305302 ], [ 76.2701797, 17.3565311 ], [ 76.2289963, 17.3632298 ], [ 76.163147, 17.34091 ], [ 76.1212082, 17.3663406 ], [ 75.9311523, 17.32411 ], [ 75.8936615, 17.3536205 ], [ 75.8943558, 17.405901 ], [ 75.821991, 17.4196796 ], [ 75.8113327, 17.3699398 ], [ 75.7370377, 17.4218998 ], [ 75.6911926, 17.412611 ], [ 75.6808167, 17.45397 ], [ 75.6355896, 17.4775105 ], [ 75.6158066, 17.3918591 ], [ 75.578537, 17.3829308 ], [ 75.6131058, 17.3422909 ], [ 75.605957, 17.3032608 ], [ 75.6574783, 17.2705708 ], [ 75.6638794, 17.2137508 ], [ 75.6306992, 17.186161 ], [ 75.6313858, 17.1600704 ], [ 75.6741028, 17.1135502 ], [ 75.6810761, 17.0711403 ], [ 75.6686783, 16.9832191 ], [ 75.6450272, 16.9510326 ], [ 75.6106567, 16.9696198 ], [ 75.60952, 17.0031109 ], [ 75.5699158, 17.0061703 ], [ 75.570343, 16.9636211 ], [ 75.5300064, 16.9658298 ], [ 75.4930115, 16.9451809 ], [ 75.4679108, 16.9853306 ], [ 75.4310226, 16.963459 ], [ 75.3947601, 16.9763908 ], [ 75.3453293, 16.9525204 ], [ 75.2846222, 16.9535503 ], [ 75.2827759, 16.8742409 ], [ 75.230011, 16.8409195 ], [ 75.183197, 16.842041 ], [ 75.1717529, 16.8647976 ], [ 75.0947113, 16.9211502 ], [ 75.0037003, 16.9458294 ], [ 74.9528427, 16.9064808 ], [ 74.948616, 16.8800907 ], [ 74.9119568, 16.8559399 ], [ 74.915863, 16.7856808 ], [ 74.8503418, 16.7603207 ], [ 74.779007, 16.7485905 ], [ 74.736618, 16.7158394 ], [ 74.6981964, 16.7152004 ], [ 74.696106, 16.6749802 ], [ 74.6605072, 16.6375809 ], [ 74.694313, 16.6151905 ], [ 74.5740509, 16.5519695 ], [ 74.5498505, 16.5921803 ], [ 74.5514374, 16.6332111 ], [ 74.4955063, 16.6276703 ], [ 74.4724579, 16.6048107 ], [ 74.4034805, 16.5786705 ], [ 74.385437, 16.5274029 ], [ 74.3321533, 16.5536995 ], [ 74.2766266, 16.5206108 ], [ 74.294838, 16.47435 ], [ 74.3388672, 16.4521618 ], [ 74.3426514, 16.4004898 ], [ 74.3237076, 16.353611 ], [ 74.3487167, 16.2914696 ], [ 74.3800659, 16.2935009 ], [ 74.4225311, 16.2574501 ], [ 74.4841232, 16.2467308 ], [ 74.5083313, 16.2229404 ], [ 74.48909, 16.0873222 ], [ 74.4345932, 16.1106205 ], [ 74.3709869, 16.0595703 ], [ 74.3900528, 16.0351295 ], [ 74.4404831, 16.0570202 ], [ 74.4679565, 16.0466995 ], [ 74.4352264, 15.95117 ], [ 74.3699799, 15.8756809 ], [ 74.387413, 15.8471117 ], [ 74.3755112, 15.7967205 ], [ 74.3509369, 15.76336 ], [ 74.2921677, 15.7393112 ], [ 74.1676712, 15.7492504 ], [ 74.1348572, 15.7221813 ], [ 74.12603, 15.6502905 ], [ 74.0805511, 15.6261702 ], [ 74.002388, 15.6090517 ], [ 73.9759827, 15.6289415 ], [ 73.9713058, 15.6872511 ], [ 73.9453659, 15.7415218 ], [ 73.9086075, 15.7423306 ], [ 73.8654861, 15.7975292 ], [ 73.8203964, 15.7399101 ], [ 73.7864914, 15.7232504 ], [ 73.7325631, 15.7203708 ], [ 73.7057704, 15.7351792 ], [ 73.6958273, 15.7264184 ], [ 73.680329, 15.7244436 ], [ 73.6249211, 15.8527912 ], [ 73.5870054, 15.9092166 ], [ 73.5226454, 15.9378925 ], [ 73.5063546, 15.9627652 ], [ 73.4667666, 16.0740159 ], [ 73.4382618, 16.1930634 ], [ 73.3872267, 16.3389756 ], [ 73.3556766, 16.4432983 ], [ 73.3184678, 16.5182067 ], [ 73.3316256, 16.5560425 ], [ 73.3202389, 16.6065588 ], [ 73.3470899, 16.621325 ], [ 73.3067141, 16.732129 ], [ 73.3172932, 16.8056143 ], [ 73.2955451, 16.8157366 ], [ 73.2801159, 16.8957012 ], [ 73.2930307, 16.976417 ], [ 73.2773739, 16.9923989 ], [ 73.288128, 17.0599978 ], [ 73.2413121, 17.2262903 ], [ 73.1940948, 17.29657 ], [ 73.2283999, 17.3195431 ], [ 73.206555, 17.3840978 ], [ 73.1775611, 17.3870535 ], [ 73.1910795, 17.471254 ], [ 73.1747979, 17.5164263 ], [ 73.1421654, 17.5452212 ], [ 73.1692613, 17.5830067 ], [ 73.1447921, 17.6010651 ], [ 73.113856, 17.68894 ], [ 73.1348855, 17.7151255 ], [ 73.0714551, 17.8859797 ], [ 73.0312781, 17.9414467 ], [ 73.004024, 18.0208565 ], [ 73.001081, 18.0907302 ], [ 72.9715271, 18.1322596 ], [ 72.9877777, 18.1593361 ], [ 72.974659, 18.2467154 ], [ 73.0201245, 18.2403887 ], [ 73.0817891, 18.1703389 ], [ 73.0726924, 18.2626822 ], [ 73.0354849, 18.2642345 ], [ 72.9548454, 18.3155255 ], [ 72.9116328, 18.3673206 ], [ 72.8953922, 18.4721814 ], [ 72.9099347, 18.5300112 ], [ 72.9300354, 18.5528881 ], [ 72.8699801, 18.6394929 ], [ 72.8556512, 18.6944219 ], [ 72.8688702, 18.8034693 ], [ 72.9279061, 18.8059363 ], [ 72.9631217, 18.7549624 ], [ 72.9994989, 18.7730363 ], [ 72.9856826, 18.8672428 ], [ 72.9256336, 18.8521444 ], [ 72.9062837, 18.9026797 ], [ 72.9568172, 18.9080236 ], [ 72.9554987, 18.9650079 ], [ 73.0175348, 18.977216 ], [ 72.9785369, 19.1056264 ], [ 72.9874048, 19.1848741 ], [ 73.0072421, 19.219043 ], [ 72.9894152, 19.2884211 ], [ 72.9539599, 19.3052756 ], [ 72.9042406, 19.2918398 ], [ 72.8561534, 19.3410934 ], [ 72.7969072, 19.3303472 ], [ 72.7576498, 19.3754299 ], [ 72.7439995, 19.4604624 ], [ 72.7936129, 19.4941501 ], [ 72.818728, 19.4835149 ], [ 72.8706051, 19.5223591 ], [ 72.7978189, 19.5243185 ], [ 72.7226623, 19.5405046 ], [ 72.7324697, 19.5963547 ], [ 72.7064877, 19.6759475 ], [ 72.7104943, 19.6999363 ], [ 72.6863853, 19.751105 ], [ 72.6731936, 19.8544036 ], [ 72.6819207, 19.8902939 ], [ 72.6653477, 19.9349901 ], [ 72.7215893, 19.9891292 ], [ 72.7076007, 20.0713124 ], [ 72.7255701, 20.0814536 ], [ 72.7435804, 20.1354218 ], [ 72.8018494, 20.1250191 ], [ 72.8502884, 20.2079411 ], [ 72.8843231, 20.2265797 ], [ 72.9704285, 20.2123299 ], [ 73.0043106, 20.1179199 ], [ 73.0317764, 20.0844212 ], [ 73.057991, 20.0967312 ], [ 73.1632996, 20.0731106 ], [ 73.1814423, 20.0516205 ], [ 73.2191162, 20.0974998 ], [ 73.2163162, 20.1219997 ], [ 73.2628098, 20.1279507 ], [ 73.2936325, 20.1538811 ], [ 73.3111496, 20.2072105 ], [ 73.375946, 20.1949711 ], [ 73.4268265, 20.2015724 ], [ 73.4204102, 20.257 ], [ 73.4369431, 20.2821198 ], [ 73.4147873, 20.3815708 ], [ 73.4490128, 20.4666996 ], [ 73.4759369, 20.4950199 ], [ 73.4808197, 20.583601 ], [ 73.440361, 20.5951195 ], [ 73.4036484, 20.6523705 ], [ 73.4399185, 20.6648407 ], [ 73.4586868, 20.7143192 ], [ 73.5629425, 20.6473904 ], [ 73.6221924, 20.6252995 ], [ 73.6367722, 20.5792904 ], [ 73.6658401, 20.562809 ], [ 73.7010193, 20.5783806 ], [ 73.7482071, 20.5673599 ], [ 73.787056, 20.6022587 ], [ 73.8464127, 20.6235199 ], [ 73.8427582, 20.7021198 ], [ 73.8888626, 20.731081 ], [ 73.9209061, 20.7235298 ], [ 73.940567, 20.7688599 ], [ 73.9450989, 20.8401299 ], [ 73.9310379, 20.8859177 ], [ 73.8963394, 20.9330006 ], [ 73.9064484, 20.9831505 ], [ 73.8164063, 20.9960499 ], [ 73.747612, 21.039978 ], [ 73.7358017, 21.1032295 ], [ 73.6933899, 21.1009922 ], [ 73.6363983, 21.1326599 ], [ 73.7416229, 21.1671104 ], [ 73.8225479, 21.1719208 ], [ 73.8321381, 21.2674503 ], [ 73.8919907, 21.2624111 ], [ 73.9484863, 21.2975502 ], [ 73.961937, 21.3931103 ], [ 74.0516281, 21.426281 ], [ 74.0571671, 21.4557095 ], [ 74.1208191, 21.4496994 ], [ 74.1855392, 21.46702 ], [ 74.2226334, 21.458992 ], [ 74.3077621, 21.4801178 ], [ 74.3355179, 21.5402279 ], [ 74.2917099, 21.5587807 ], [ 74.271553, 21.5364208 ], [ 74.2381058, 21.5501194 ], [ 74.2069397, 21.5297508 ], [ 74.1863403, 21.5596008 ], [ 74.068222, 21.5593719 ], [ 73.9835205, 21.5420399 ], [ 73.8607864, 21.4958229 ], [ 73.824501, 21.5982895 ], [ 73.7876129, 21.6250496 ], [ 73.8856277, 21.6450596 ], [ 73.8902359, 21.7106495 ], [ 73.8463593, 21.7420006 ], [ 73.8275986, 21.8119411 ], [ 73.8415222, 21.838501 ], [ 73.8796005, 21.8386402 ], [ 74.0230408, 21.9059715 ], [ 74.046669, 21.9228096 ], [ 74.146019, 21.9540596 ], [ 74.1888275, 21.9282227 ], [ 74.2858429, 21.9351883 ], [ 74.3003006, 21.9652195 ], [ 74.3455582, 21.9752197 ], [ 74.3883133, 22.0201797 ], [ 74.4355469, 22.0310001 ], [ 74.4517059, 21.9675007 ], [ 74.4934006, 21.9544907 ], [ 74.5274963, 21.9087811 ], [ 74.5036469, 21.8071823 ], [ 74.5170059, 21.767231 ], [ 74.5113525, 21.72855 ], [ 74.5509872, 21.7193909 ], [ 74.5889969, 21.6652679 ], [ 74.6564331, 21.6542702 ], [ 74.699173, 21.6310997 ], [ 74.8252411, 21.6102104 ], [ 74.8663025, 21.6311207 ], [ 74.9787598, 21.5965195 ], [ 75.0577469, 21.5649395 ], [ 75.1066666, 21.4696293 ], [ 75.129776, 21.4492798 ], [ 75.2198563, 21.4108696 ], [ 75.3844833, 21.3855896 ], [ 75.4684067, 21.3942013 ], [ 75.5481491, 21.372488 ], [ 75.6194458, 21.3934612 ], [ 75.6734161, 21.3803501 ], [ 75.7067566, 21.3913212 ], [ 75.8326263, 21.3833008 ], [ 75.8881073, 21.3996296 ], [ 75.9687424, 21.3939705 ], [ 76.0523758, 21.3527012 ], [ 76.098671, 21.37393 ], [ 76.1292572, 21.2975101 ], [ 76.1592178, 21.25914 ], [ 76.1668472, 21.1707211 ], [ 76.1139603, 21.1646404 ], [ 76.1356659, 21.1262131 ], [ 76.1838608, 21.0899506 ], [ 76.269249, 21.0929508 ], [ 76.2817688, 21.0753098 ], [ 76.3763733, 21.0773106 ], [ 76.4118271, 21.1072712 ], [ 76.4526901, 21.1148682 ], [ 76.4911728, 21.1978207 ], [ 76.5291977, 21.189291 ], [ 76.5593872, 21.2058105 ], [ 76.6233673, 21.1926613 ], [ 76.6610718, 21.2824211 ], [ 76.6258392, 21.3297405 ], [ 76.6684113, 21.3694706 ], [ 76.7320862, 21.4088097 ], [ 76.7433929, 21.44314 ], [ 76.7918015, 21.4898911 ], [ 76.7629318, 21.5226498 ], [ 76.7953491, 21.5975399 ], [ 76.8335495, 21.593071 ], [ 76.85215, 21.6150303 ], [ 76.8917465, 21.6007004 ], [ 76.9972763, 21.6816101 ], [ 77.0690384, 21.7218094 ], [ 77.1211014, 21.7253494 ], [ 77.2074203, 21.6940079 ], [ 77.2580261, 21.7158298 ], [ 77.2770767, 21.7598095 ], [ 77.4011307, 21.7561798 ], [ 77.4498825, 21.7634106 ], [ 77.4968719, 21.7492008 ], [ 77.5585632, 21.6686726 ], [ 77.572197, 21.5876713 ], [ 77.6071167, 21.5427704 ], [ 77.5669861, 21.5297508 ], [ 77.5043564, 21.5546684 ], [ 77.4235077, 21.5425606 ], [ 77.4383087, 21.4729195 ], [ 77.4693069, 21.4568996 ], [ 77.4870224, 21.3777523 ], [ 77.6458969, 21.393362 ], [ 77.6700058, 21.372921 ], [ 77.7934494, 21.3907394 ], [ 77.7993698, 21.4123001 ], [ 77.8990402, 21.3784199 ], [ 77.980278, 21.4027996 ], [ 78.0637131, 21.4388599 ], [ 78.169342, 21.4985008 ], [ 78.1809464, 21.5586815 ], [ 78.215477, 21.55373 ], [ 78.2692566, 21.570713 ], [ 78.3609619, 21.5782986 ], [ 78.4225616, 21.6019497 ], [ 78.4385834, 21.5037594 ], [ 78.4804001, 21.5061207 ], [ 78.5085602, 21.5284309 ], [ 78.5600433, 21.5146103 ], [ 78.5848694, 21.4868813 ], [ 78.6209717, 21.477541 ], [ 78.6840668, 21.4819603 ], [ 78.7241898, 21.4643822 ], [ 78.7610397, 21.4897594 ], [ 78.9318314, 21.4874001 ], [ 78.9127197, 21.5631294 ], [ 78.974762, 21.6175594 ], [ 79.009552, 21.6014996 ], [ 79.1041107, 21.6093597 ], [ 79.1478271, 21.6605206 ], [ 79.2166061, 21.6501904 ], [ 79.2347717, 21.71521 ], [ 79.2848129, 21.6939106 ], [ 79.3947372, 21.6745911 ], [ 79.4113998, 21.6909676 ], [ 79.4885788, 21.6741219 ], [ 79.5124588, 21.6264801 ], [ 79.5058212, 21.5902805 ], [ 79.576149, 21.5433598 ], [ 79.6506195, 21.5588112 ], [ 79.7326202, 21.6025295 ], [ 79.7918167, 21.5814095 ], [ 79.8570786, 21.53092 ], [ 79.9158173, 21.5244789 ], [ 79.9271927, 21.55373 ], [ 79.9717789, 21.5551205 ], [ 79.9935532, 21.5347099 ], [ 80.0261765, 21.5566502 ], [ 80.0635681, 21.5545807 ], [ 80.1185761, 21.6088982 ], [ 80.1439209, 21.6049728 ], [ 80.1882172, 21.6342011 ], [ 80.2602234, 21.6201496 ], [ 80.295372, 21.5754795 ], [ 80.3706131, 21.5209694 ], [ 80.3753281, 21.4911404 ], [ 80.4113083, 21.4382 ], [ 80.3890762, 21.4073811 ], [ 80.399353, 21.3804913 ], [ 80.4429474, 21.3738003 ], [ 80.4483185, 21.4023304 ], [ 80.5194321, 21.3895702 ], [ 80.5931625, 21.324791 ], [ 80.6565323, 21.3307724 ] ] ], [ [ [ 72.8487209, 19.3185749 ], [ 72.8955909, 19.2898099 ], [ 72.963305, 19.2950826 ], [ 72.9864027, 19.2797642 ], [ 73.0033589, 19.2227977 ], [ 72.9835411, 19.1957917 ], [ 72.9556747, 19.0868523 ], [ 72.9503703, 19.0233395 ], [ 72.9043652, 18.9932696 ], [ 72.8570519, 18.9915442 ], [ 72.8436929, 18.9355172 ], [ 72.8025529, 18.9720335 ], [ 72.8330457, 19.0244464 ], [ 72.8262484, 19.0898417 ], [ 72.7886261, 19.1490259 ], [ 72.7956479, 19.1913269 ], [ 72.77538, 19.2052321 ], [ 72.7879835, 19.3083589 ], [ 72.8487209, 19.3185749 ] ] ] ] } },
{ "type": "Feature", "properties": { "POLYGON_ID": "IND_GAUL2012_ADM1_1500", "ADM0_ISO3": "IND", "ADM0_NAME": "India", "ADM0_CODE": 115, "ADM1_NAME": "Manipur", "ADM1_CODE": 1500, "GEOSET": "GAUL", "GEOSET_YEAR": 2012.0, "GEOSET_VERSION": "GAUL_v1", "GEOSET_UNIT": "ADM1", "CENTROID_LONG": 93.880428656236674, "CENTROID_LAT": 24.73592045869276 }, "geometry": { "type": "MultiPolygon", "coordinates": [ [ [ [ 94.6888623, 25.461383 ], [ 94.63118, 25.3873 ], [ 94.617928, 25.3227974 ], [ 94.582, 25.24724 ], [ 94.57906, 25.21053 ], [ 94.60866, 25.17066 ], [ 94.66742, 25.15995 ], [ 94.7335, 25.12926 ], [ 94.73965, 25.02212 ], [ 94.69491, 24.96886 ], [ 94.7020095, 24.9227517 ], [ 94.64481, 24.83713 ], [ 94.6028676, 24.7083886 ], [ 94.5459, 24.6975 ], [ 94.53703, 24.63739 ], [ 94.51355, 24.60111 ], [ 94.4505, 24.55692 ], [ 94.42017, 24.49032 ], [ 94.39522, 24.46273 ], [ 94.37481, 24.37048 ], [ 94.31828, 24.30792 ], [ 94.31177, 24.2563 ], [ 94.2804, 24.18075 ], [ 94.25582, 24.15245 ], [ 94.25543, 24.08185 ], [ 94.2293, 24.02145 ], [ 94.16578, 23.92862 ], [ 94.1563976, 23.8504561 ], [ 94.13352, 23.83604 ], [ 94.0989, 23.88639 ], [ 94.05477, 23.88961 ], [ 94.01797, 23.92474 ], [ 93.96359, 23.92897 ], [ 93.93317, 23.94988 ], [ 93.81232, 23.92896 ], [ 93.76103, 24.0 ], [ 93.61656, 24.0 ], [ 93.58518, 23.96359 ], [ 93.50025, 23.95269 ], [ 93.46939, 23.96954 ], [ 93.46661, 24.0 ], [ 93.38427, 24.08471 ], [ 93.3365597, 24.0862496 ], [ 93.3328552, 24.0535336 ], [ 93.2881927, 24.0515499 ], [ 93.2266769, 24.0865307 ], [ 93.2167358, 24.0500603 ], [ 93.1293716, 24.0640812 ], [ 93.0794907, 24.1029701 ], [ 93.053688, 24.0906906 ], [ 92.9860687, 24.1288795 ], [ 93.0236816, 24.2175713 ], [ 93.0082169, 24.2804794 ], [ 93.0352325, 24.3183994 ], [ 93.024353, 24.3904705 ], [ 93.0004959, 24.4032688 ], [ 93.0321503, 24.4288597 ], [ 93.0485229, 24.475481 ], [ 93.0357666, 24.4969482 ], [ 93.052681, 24.5447197 ], [ 93.0972672, 24.5825405 ], [ 93.0848465, 24.6476707 ], [ 93.0887833, 24.7091904 ], [ 93.1127014, 24.8022099 ], [ 93.1572418, 24.7923107 ], [ 93.1930771, 24.8062305 ], [ 93.1958008, 24.8464413 ], [ 93.2532578, 24.9188309 ], [ 93.263237, 24.9663811 ], [ 93.2466965, 25.0041676 ], [ 93.2681808, 25.0496807 ], [ 93.2969818, 25.0476704 ], [ 93.3357773, 25.0958405 ], [ 93.3530731, 25.1817989 ], [ 93.4035721, 25.2630711 ], [ 93.4740219, 25.3092804 ], [ 93.5041733, 25.2533798 ], [ 93.5631332, 25.2465878 ], [ 93.608017, 25.2020512 ], [ 93.6871262, 25.3312111 ], [ 93.7810669, 25.4247131 ], [ 93.8138886, 25.4847279 ], [ 93.7642899, 25.5154819 ], [ 93.7794876, 25.5380497 ], [ 93.8364868, 25.5630608 ], [ 93.8919601, 25.5684204 ], [ 93.9652176, 25.5565777 ], [ 94.0122833, 25.5753002 ], [ 94.0694199, 25.5589809 ], [ 94.0921097, 25.5327301 ], [ 94.1387329, 25.5236988 ], [ 94.1907272, 25.5307808 ], [ 94.2229767, 25.4967709 ], [ 94.3026428, 25.4946308 ], [ 94.4255905, 25.5529213 ], [ 94.4223785, 25.5759907 ], [ 94.4740372, 25.6216412 ], [ 94.5395432, 25.6510811 ], [ 94.5730133, 25.6976509 ], [ 94.5969467, 25.6869106 ], [ 94.5837708, 25.634491 ], [ 94.5557404, 25.5858116 ], [ 94.5574188, 25.5127697 ], [ 94.6253433, 25.4690895 ], [ 94.6888623, 25.461383 ] ] ] ] } },
{ "type": "Feature", "properties": { "POLYGON_ID": "IND_GAUL2012_ADM1_1501", "ADM0_ISO3": "IND", "ADM0_NAME": "India", "ADM0_CODE": 115, "ADM1_NAME": "Meghalaya", "ADM1_CODE": 1501, "GEOSET": "GAUL", "GEOSET_YEAR": 2012.0, "GEOSET_VERSION": "GAUL_v1", "GEOSET_UNIT": "ADM1", "CENTROID_LONG": 91.275286722436107, "CENTROID_LAT": 25.535176987623029 }, "geometry": { "type": "MultiPolygon", "coordinates": [ [ [ [ 92.4042649, 25.028795 ], [ 92.39942, 25.03336 ], [ 92.37273, 25.04458 ], [ 92.3589588, 25.0448853 ], [ 92.33588, 25.07708 ], [ 92.33443, 25.07829 ], [ 92.3305, 25.07901 ], [ 92.32761, 25.07954 ], [ 92.3124, 25.07214 ], [ 92.30791, 25.07138 ], [ 92.30337, 25.0706 ], [ 92.26078, 25.08195 ], [ 92.23929, 25.09554 ], [ 92.2354591, 25.0964958 ], [ 92.22939, 25.09801 ], [ 92.2221966, 25.0997965 ], [ 92.2146838, 25.1065075 ], [ 92.21545, 25.11252 ], [ 92.21131, 25.12076 ], [ 92.21106, 25.12126 ], [ 92.2108401, 25.1216998 ], [ 92.2026943, 25.1261983 ], [ 92.1900273, 25.1322203 ], [ 92.1871243, 25.1325282 ], [ 92.1832636, 25.1214035 ], [ 92.18403, 25.11971 ], [ 92.1826235, 25.1197658 ], [ 92.17621, 25.12002 ], [ 92.16728, 25.1242 ], [ 92.16317, 25.1288 ], [ 92.1620201, 25.130089 ], [ 92.16003, 25.13232 ], [ 92.1566777, 25.1457882 ], [ 92.1428174, 25.1351911 ], [ 92.13874, 25.13694 ], [ 92.13612, 25.14079 ], [ 92.13398, 25.15635 ], [ 92.12595, 25.16319 ], [ 92.1139, 25.16861 ], [ 92.0786136, 25.1785162 ], [ 92.05534, 25.18505 ], [ 92.0251698, 25.1850079 ], [ 92.01953, 25.185 ], [ 92.0178633, 25.1839888 ], [ 91.96513, 25.17215 ], [ 91.9602, 25.17732 ], [ 91.93793, 25.17967 ], [ 91.9301075, 25.1794028 ], [ 91.85459, 25.17181 ], [ 91.84762, 25.17166 ], [ 91.81733, 25.16858 ], [ 91.79829, 25.1678 ], [ 91.7944267, 25.1668996 ], [ 91.78526, 25.16476 ], [ 91.7714735, 25.1669425 ], [ 91.75993, 25.16877 ], [ 91.75533, 25.16661 ], [ 91.75272, 25.16539 ], [ 91.74744, 25.15285 ], [ 91.7443449, 25.1466014 ], [ 91.74373, 25.14632 ], [ 91.7387075, 25.1454424 ], [ 91.73537, 25.14549 ], [ 91.72403, 25.14963 ], [ 91.70938, 25.15498 ], [ 91.70079, 25.15548 ], [ 91.7005079, 25.1552543 ], [ 91.69808, 25.15334 ], [ 91.6944515, 25.1427427 ], [ 91.6944498, 25.1427377 ], [ 91.6904, 25.13091 ], [ 91.6885271, 25.1298571 ], [ 91.64996, 25.12559 ], [ 91.63668, 25.12337 ], [ 91.63239, 25.12265 ], [ 91.6294806, 25.126848 ], [ 91.62347, 25.13462 ], [ 91.6221776, 25.135727 ], [ 91.59804, 25.14249 ], [ 91.6033781, 25.1582236 ], [ 91.5991, 25.16638 ], [ 91.53595, 25.14443 ], [ 91.52726, 25.14491 ], [ 91.5253942, 25.1450122 ], [ 91.5187797, 25.1453798 ], [ 91.50545, 25.13587 ], [ 91.48371, 25.13448 ], [ 91.47647, 25.13515 ], [ 91.45727, 25.14454 ], [ 91.3962, 25.16228 ], [ 91.38919, 25.16308 ], [ 91.31958, 25.1766 ], [ 91.28239, 25.19605 ], [ 91.26149, 25.20239 ], [ 91.2473019, 25.2011668 ], [ 91.24212, 25.20072 ], [ 91.23593, 25.19711 ], [ 91.1262, 25.18909 ], [ 91.0739003, 25.1951601 ], [ 91.06975, 25.19464 ], [ 91.0639444, 25.1925296 ], [ 91.05605, 25.18966 ], [ 91.02602, 25.18485 ], [ 91.0024365, 25.1810755 ], [ 90.9797577, 25.1769268 ], [ 90.97556, 25.17521 ], [ 90.96956, 25.16894 ], [ 90.9668718, 25.1661363 ], [ 90.96607, 25.1653 ], [ 90.83887, 25.15332 ], [ 90.77079, 25.18044 ], [ 90.76224, 25.17972 ], [ 90.7609692, 25.1787836 ], [ 90.74111, 25.16415 ], [ 90.7338426, 25.1608274 ], [ 90.72499, 25.15678 ], [ 90.7037954, 25.1588313 ], [ 90.6984, 25.15999 ], [ 90.69449, 25.16049 ], [ 90.67617, 25.16056 ], [ 90.67476, 25.16145 ], [ 90.66583, 25.16712 ], [ 90.66042, 25.17683 ], [ 90.64923, 25.18568 ], [ 90.64353, 25.18342 ], [ 90.6298639, 25.1705705 ], [ 90.61489, 25.16668 ], [ 90.5987616, 25.1711137 ], [ 90.58939, 25.17369 ], [ 90.57907, 25.17321 ], [ 90.57662, 25.17309 ], [ 90.57429, 25.17298 ], [ 90.5612412, 25.1699871 ], [ 90.54997, 25.169 ], [ 90.53312, 25.1742 ], [ 90.51485, 25.17302 ], [ 90.51173, 25.17282 ], [ 90.50288, 25.17034 ], [ 90.49227, 25.16737 ], [ 90.4818881, 25.1617586 ], [ 90.4703755, 25.1531203 ], [ 90.4626989, 25.1536805 ], [ 90.4595, 25.15391 ], [ 90.45938, 25.15386 ], [ 90.4519033, 25.1500351 ], [ 90.44945, 25.14878 ], [ 90.44318, 25.14558 ], [ 90.4140406, 25.152327 ], [ 90.3604, 25.15915 ], [ 90.31838, 25.18736 ], [ 90.29272, 25.19155 ], [ 90.2687446, 25.1936176 ], [ 90.21022, 25.20344 ], [ 90.13193, 25.22253 ], [ 90.10777, 25.22651 ], [ 90.0852731, 25.2384615 ], [ 90.05913, 25.25235 ], [ 90.04939, 25.25752 ], [ 90.03093, 25.26375 ], [ 90.0250531, 25.2666045 ], [ 90.01588, 25.27106 ], [ 90.0124493, 25.2727312 ], [ 90.00849, 25.27466 ], [ 90.0, 25.277 ], [ 89.9980523, 25.277536 ], [ 89.99008, 25.27973 ], [ 89.9774494, 25.2878907 ], [ 89.9573138, 25.2995206 ], [ 89.9522192, 25.30202 ], [ 89.9342755, 25.2990152 ], [ 89.93377, 25.29885 ], [ 89.9094216, 25.3053372 ], [ 89.90678, 25.30557 ], [ 89.90254, 25.30595 ], [ 89.87746, 25.28482 ], [ 89.8745693, 25.2838703 ], [ 89.84232, 25.29104 ], [ 89.83448, 25.29678 ], [ 89.83219, 25.30267 ], [ 89.81568, 25.37164 ], [ 89.8221457, 25.4139886 ], [ 89.82325, 25.4275 ], [ 89.8286537, 25.4380773 ], [ 89.8347012, 25.4499013 ], [ 89.8452677, 25.4830059 ], [ 89.8799591, 25.4886398 ], [ 89.8701019, 25.5442219 ], [ 89.8863602, 25.5578709 ], [ 90.002121, 25.5841904 ], [ 90.0184402, 25.6083908 ], [ 89.9469528, 25.6588287 ], [ 89.9369965, 25.6866302 ], [ 89.8942413, 25.7272396 ], [ 89.955246, 25.7744598 ], [ 89.9519959, 25.8109112 ], [ 90.008316, 25.8468304 ], [ 90.0633087, 25.9155483 ], [ 90.1137772, 25.9574394 ], [ 90.2127609, 25.9538879 ], [ 90.3243408, 25.9743805 ], [ 90.3649902, 26.0103207 ], [ 90.3964996, 26.0141506 ], [ 90.428627, 25.9890404 ], [ 90.4772873, 26.0152607 ], [ 90.534462, 25.9580212 ], [ 90.5787964, 25.9580307 ], [ 90.6290131, 25.9374294 ], [ 90.7130966, 25.9521809 ], [ 90.7405396, 25.9152088 ], [ 90.7780609, 25.9082909 ], [ 90.7970963, 25.941473 ], [ 90.8829803, 25.9517479 ], [ 90.9579163, 25.9339409 ], [ 90.967453, 25.8871803 ], [ 91.0137329, 25.8843212 ], [ 91.0015869, 25.8257999 ], [ 91.0491028, 25.8488102 ], [ 91.066536, 25.8257599 ], [ 91.1207809, 25.8313389 ], [ 91.1528625, 25.8500729 ], [ 91.2026291, 25.8405399 ], [ 91.1799316, 25.7763195 ], [ 91.1887131, 25.7389297 ], [ 91.223877, 25.7234211 ], [ 91.2756271, 25.7469406 ], [ 91.332428, 25.8320904 ], [ 91.4127274, 25.85392 ], [ 91.4687271, 25.8590298 ], [ 91.5185013, 25.9581509 ], [ 91.5512619, 25.9748993 ], [ 91.5700302, 26.027483 ], [ 91.6321564, 26.0224094 ], [ 91.6301193, 25.9446392 ], [ 91.6693115, 25.9053879 ], [ 91.7201767, 25.954071 ], [ 91.7312622, 26.0592098 ], [ 91.7903671, 26.0870209 ], [ 91.819313, 26.1187401 ], [ 91.8757858, 26.0977287 ], [ 91.8832321, 26.0300007 ], [ 91.9339676, 26.0146694 ], [ 91.991066, 26.0410309 ], [ 92.0528564, 26.0328312 ], [ 92.1331177, 26.0458908 ], [ 92.1783066, 26.0795097 ], [ 92.2411728, 26.0625401 ], [ 92.255722, 26.0289326 ], [ 92.1655502, 25.9644394 ], [ 92.1599274, 25.9151897 ], [ 92.2250366, 25.9016209 ], [ 92.1810379, 25.8716221 ], [ 92.1531067, 25.812748 ], [ 92.1648407, 25.744751 ], [ 92.1558533, 25.7091408 ], [ 92.1697617, 25.6664009 ], [ 92.2368469, 25.7083912 ], [ 92.3390121, 25.7268505 ], [ 92.3714676, 25.7464695 ], [ 92.4163971, 25.7404995 ], [ 92.4343414, 25.6875305 ], [ 92.4654465, 25.6824589 ], [ 92.4979019, 25.6269608 ], [ 92.5576172, 25.6119881 ], [ 92.5609589, 25.5742512 ], [ 92.5874786, 25.5529881 ], [ 92.6604767, 25.5850601 ], [ 92.6446991, 25.5374413 ], [ 92.5810471, 25.4951611 ], [ 92.6070099, 25.418541 ], [ 92.6505432, 25.4316711 ], [ 92.7605667, 25.3352795 ], [ 92.7843704, 25.3325386 ], [ 92.7922211, 25.2868004 ], [ 92.7697601, 25.2689304 ], [ 92.7795715, 25.2031097 ], [ 92.747139, 25.2077713 ], [ 92.6770401, 25.1821899 ], [ 92.6216431, 25.1177006 ], [ 92.5816879, 25.1318703 ], [ 92.4842987, 25.1080608 ], [ 92.4632568, 25.0371284 ], [ 92.4042649, 25.028795 ] ] ] ] } },
{ "type": "Feature", "properties": { "POLYGON_ID": "IND_GAUL2012_ADM1_1502", "ADM0_ISO3": "IND", "ADM0_NAME": "India", "ADM0_CODE": 115, "ADM1_NAME": "Mizoram", "ADM1_CODE": 1502, "GEOSET": "GAUL", "GEOSET_YEAR": 2012.0, "GEOSET_VERSION": "GAUL_v1", "GEOSET_UNIT": "ADM1", "CENTROID_LONG": 92.832228251035971, "CENTROID_LAT": 23.309151101901371 }, "geometry": { "type": "MultiPolygon", "coordinates": [ [ [ [ 93.0004959, 24.4032688 ], [ 93.024353, 24.3904705 ], [ 93.0352325, 24.3183994 ], [ 93.0082169, 24.2804794 ], [ 93.0236816, 24.2175713 ], [ 92.9860687, 24.1288795 ], [ 93.053688, 24.0906906 ], [ 93.0794907, 24.1029701 ], [ 93.1293716, 24.0640812 ], [ 93.2167358, 24.0500603 ], [ 93.2266769, 24.0865307 ], [ 93.2881927, 24.0515499 ], [ 93.3328552, 24.0535336 ], [ 93.33125, 23.9831 ], [ 93.36524, 23.93271 ], [ 93.39079, 23.92436 ], [ 93.39212, 23.8279 ], [ 93.40494, 23.80516 ], [ 93.39987, 23.74985 ], [ 93.41456, 23.70307 ], [ 93.43674, 23.68527 ], [ 93.42139, 23.64998 ], [ 93.41827, 23.53485 ], [ 93.4016, 23.50459 ], [ 93.39151, 23.42305 ], [ 93.40253, 23.38651 ], [ 93.372, 23.32463 ], [ 93.36634, 23.27661 ], [ 93.38466, 23.21839 ], [ 93.35983, 23.11413 ], [ 93.31285, 23.01849 ], [ 93.29304, 23.00352 ], [ 93.24003, 23.00365 ], [ 93.20481, 23.04854 ], [ 93.1313, 23.04397 ], [ 93.1271, 23.00216 ], [ 93.16357, 22.91462 ], [ 93.13856, 22.90116 ], [ 93.09991, 22.7794 ], [ 93.10454, 22.64615 ], [ 93.13779, 22.58355 ], [ 93.11311, 22.5274 ], [ 93.13619, 22.49333 ], [ 93.1325, 22.46481 ], [ 93.17891, 22.42237 ], [ 93.20231, 22.29717 ], [ 93.19571, 22.25115 ], [ 93.14297, 22.2361 ], [ 93.1680272, 22.1850693 ], [ 93.1227598, 22.1811706 ], [ 93.10548, 22.20546 ], [ 93.04875, 22.19949 ], [ 93.04326, 22.14958 ], [ 93.05628, 22.10146 ], [ 93.01946, 22.10728 ], [ 92.99372, 22.05036 ], [ 93.00506, 21.99866 ], [ 92.9814, 21.98723 ], [ 92.95776, 22.0254 ], [ 92.93028, 22.00215 ], [ 92.88887, 22.01042 ], [ 92.86523, 22.05891 ], [ 92.84173, 22.06241 ], [ 92.78665, 22.10783 ], [ 92.69437, 22.1474 ], [ 92.67607, 22.0132 ], [ 92.6436, 22.01166 ], [ 92.6067561, 21.9712009 ], [ 92.6085366, 21.9824981 ], [ 92.60854, 21.98252 ], [ 92.60685, 21.99213 ], [ 92.60429, 22.00769 ], [ 92.60043, 22.01543 ], [ 92.5998038, 22.0192598 ], [ 92.5948183, 22.0325264 ], [ 92.59247, 22.04076 ], [ 92.5945897, 22.0457822 ], [ 92.59628, 22.05829 ], [ 92.58741, 22.08062 ], [ 92.57858, 22.10134 ], [ 92.56885, 22.11768 ], [ 92.56797, 22.12387 ], [ 92.59656, 22.1235 ], [ 92.6027721, 22.1255623 ], [ 92.60648, 22.13196 ], [ 92.6086353, 22.1598233 ], [ 92.60897, 22.16415 ], [ 92.60743, 22.16582 ], [ 92.59899, 22.17268 ], [ 92.59897, 22.17699 ], [ 92.5964778, 22.1844316 ], [ 92.59468, 22.1898 ], [ 92.5900589, 22.2126094 ], [ 92.58953, 22.21585 ], [ 92.5891, 22.22411 ], [ 92.59018, 22.24272 ], [ 92.58468, 22.25846 ], [ 92.5806, 22.26341 ], [ 92.57676, 22.27117 ], [ 92.57858, 22.27855 ], [ 92.57712, 22.28931 ], [ 92.5794962, 22.2920045 ], [ 92.58145, 22.29422 ], [ 92.58141, 22.29471 ], [ 92.58112, 22.29811 ], [ 92.57999, 22.30475 ], [ 92.5800226, 22.3087094 ], [ 92.58006, 22.31324 ], [ 92.57803, 22.32744 ], [ 92.57174, 22.34454 ], [ 92.5652954, 22.3657742 ], [ 92.56321, 22.37232 ], [ 92.5619276, 22.376367 ], [ 92.56167, 22.37718 ], [ 92.56122, 22.37966 ], [ 92.5606375, 22.3828723 ], [ 92.56017, 22.38545 ], [ 92.55695, 22.40321 ], [ 92.5558453, 22.4093293 ], [ 92.55467, 22.41584 ], [ 92.55295, 22.42683 ], [ 92.55393, 22.43879 ], [ 92.55235, 22.44455 ], [ 92.5504979, 22.4512956 ], [ 92.55017, 22.45249 ], [ 92.5496396, 22.4538558 ], [ 92.54605, 22.4631 ], [ 92.5454115, 22.4647343 ], [ 92.5448994, 22.4702275 ], [ 92.54408, 22.48336 ], [ 92.54464, 22.48706 ], [ 92.54516, 22.4905 ], [ 92.5486295, 22.5011226 ], [ 92.5483379, 22.5026269 ], [ 92.54674, 22.51087 ], [ 92.54557, 22.51691 ], [ 92.5422, 22.52465 ], [ 92.53296, 22.54077 ], [ 92.5251471, 22.5553782 ], [ 92.52492, 22.55829 ], [ 92.53625, 22.57085 ], [ 92.53666, 22.57504 ], [ 92.535435, 22.5800228 ], [ 92.53503, 22.58166 ], [ 92.53645, 22.58445 ], [ 92.5356769, 22.5871647 ], [ 92.53336, 22.5953 ], [ 92.53185, 22.60056 ], [ 92.5311, 22.60316 ], [ 92.5300598, 22.6078868 ], [ 92.52752, 22.63202 ], [ 92.5268562, 22.6334617 ], [ 92.52595, 22.63543 ], [ 92.5255206, 22.6450625 ], [ 92.5273985, 22.6593672 ], [ 92.52732, 22.65968 ], [ 92.5271283, 22.6604447 ], [ 92.5256117, 22.6664943 ], [ 92.52552, 22.66686 ], [ 92.5233082, 22.6749773 ], [ 92.51961, 22.68855 ], [ 92.51695, 22.70847 ], [ 92.51639, 22.71503 ], [ 92.48998, 22.73746 ], [ 92.48408, 22.74135 ], [ 92.45614, 22.8193 ], [ 92.4561082, 22.8206636 ], [ 92.45598, 22.82617 ], [ 92.4520121, 22.830103 ], [ 92.4551972, 22.839239 ], [ 92.45913, 22.84069 ], [ 92.4597401, 22.8420433 ], [ 92.4609955, 22.8450637 ], [ 92.46098, 22.84528 ], [ 92.46033, 22.85334 ], [ 92.4594, 22.85486 ], [ 92.44052, 22.88691 ], [ 92.4362524, 22.8876937 ], [ 92.43257, 22.88837 ], [ 92.3747245, 22.9296005 ], [ 92.37222, 22.94042 ], [ 92.37434, 22.96662 ], [ 92.3775482, 22.9743016 ], [ 92.37811, 22.97564 ], [ 92.38234, 23.02895 ], [ 92.38533, 23.03527 ], [ 92.38683, 23.03844 ], [ 92.3877, 23.04198 ], [ 92.3885822, 23.0464234 ], [ 92.38835, 23.04849 ], [ 92.38502, 23.06545 ], [ 92.38331, 23.07348 ], [ 92.37435, 23.08615 ], [ 92.3628508, 23.0971957 ], [ 92.35873, 23.10481 ], [ 92.3591835, 23.1060155 ], [ 92.36066, 23.10997 ], [ 92.36366, 23.11989 ], [ 92.36305, 23.12492 ], [ 92.3568643, 23.1707065 ], [ 92.3556, 23.17937 ], [ 92.3526176, 23.1823776 ], [ 92.3523139, 23.1995726 ], [ 92.3531, 23.20226 ], [ 92.3535733, 23.2107569 ], [ 92.34839, 23.23428 ], [ 92.38562, 23.26526 ], [ 92.3711773, 23.3190103 ], [ 92.36976, 23.31957 ], [ 92.36695, 23.32319 ], [ 92.36711, 23.32587 ], [ 92.36694, 23.36676 ], [ 92.3614681, 23.3673417 ], [ 92.35944, 23.36914 ], [ 92.3593655, 23.3725514 ], [ 92.3592759, 23.3764711 ], [ 92.3271306, 23.4479284 ], [ 92.32851, 23.44994 ], [ 92.32118, 23.46607 ], [ 92.3180303, 23.489126 ], [ 92.31576, 23.51779 ], [ 92.3133839, 23.5224679 ], [ 92.30977, 23.52959 ], [ 92.30681, 23.56072 ], [ 92.2823, 23.60906 ], [ 92.28927, 23.61952 ], [ 92.2876456, 23.622078 ], [ 92.27283, 23.6412 ], [ 92.27773, 23.65505 ], [ 92.2777614, 23.6550934 ], [ 92.27951, 23.65751 ], [ 92.2828, 23.66203 ], [ 92.28722, 23.67496 ], [ 92.2691273, 23.7161753 ], [ 92.2593994, 23.814991 ], [ 92.287796, 23.8669586 ], [ 92.3098602, 23.8626404 ], [ 92.3311462, 23.9118023 ], [ 92.3134003, 23.9345322 ], [ 92.3290558, 23.9896507 ], [ 92.3171616, 24.0176277 ], [ 92.3270187, 24.0764408 ], [ 92.3246078, 24.2057896 ], [ 92.296608, 24.25173 ], [ 92.4223785, 24.2531109 ], [ 92.4189758, 24.1943588 ], [ 92.4365692, 24.1524296 ], [ 92.5296631, 24.1748009 ], [ 92.5506363, 24.2458992 ], [ 92.6115875, 24.2533512 ], [ 92.6261673, 24.3344727 ], [ 92.6916733, 24.3564205 ], [ 92.7651978, 24.5208511 ], [ 92.8038177, 24.4217224 ], [ 92.8469086, 24.3822994 ], [ 92.9115372, 24.4129009 ], [ 92.9357071, 24.3955421 ], [ 93.0004959, 24.4032688 ] ] ] ] } },
{ "type": "Feature", "properties": { "POLYGON_ID": "IND_GAUL2012_ADM1_1503", "ADM0_ISO3": "IND", "ADM0_NAME": "India", "ADM0_CODE": 115, "ADM1_NAME": "Nagaland", "ADM1_CODE": 1503, "GEOSET": "GAUL", "GEOSET_YEAR": 2012.0, "GEOSET_VERSION": "GAUL_v1", "GEOSET_UNIT": "ADM1", "CENTROID_LONG": 94.465156226154349, "CENTROID_LAT": 26.064754730926431 }, "geometry": { "type": "MultiPolygon", "coordinates": [ [ [ [ 95.2408184, 26.6803109 ], [ 95.20002, 26.63912 ], [ 95.15475, 26.62133 ], [ 95.15131, 26.58046 ], [ 95.12315, 26.5516 ], [ 95.10387, 26.49952 ], [ 95.0724, 26.45757 ], [ 95.0983, 26.40471 ], [ 95.07216, 26.3377198 ], [ 95.089, 26.23368 ], [ 95.12099, 26.20285 ], [ 95.10745, 26.17969 ], [ 95.11568, 26.11218 ], [ 95.18343, 26.06357 ], [ 95.1556, 26.01865 ], [ 95.09169, 25.95613 ], [ 95.02384, 25.92457 ], [ 95.04285, 25.76822 ], [ 95.03798, 25.73449 ], [ 94.99058, 25.72079 ], [ 94.92642, 25.64718 ], [ 94.9030993, 25.5973897 ], [ 94.83907, 25.55105 ], [ 94.807717, 25.5044678 ], [ 94.76854, 25.47967 ], [ 94.74905, 25.49504 ], [ 94.6888623, 25.461383 ], [ 94.6253433, 25.4690895 ], [ 94.5574188, 25.5127697 ], [ 94.5557404, 25.5858116 ], [ 94.5837708, 25.634491 ], [ 94.5969467, 25.6869106 ], [ 94.5730133, 25.6976509 ], [ 94.5395432, 25.6510811 ], [ 94.4740372, 25.6216412 ], [ 94.4223785, 25.5759907 ], [ 94.4255905, 25.5529213 ], [ 94.3026428, 25.4946308 ], [ 94.2229767, 25.4967709 ], [ 94.1907272, 25.5307808 ], [ 94.1387329, 25.5236988 ], [ 94.0921097, 25.5327301 ], [ 94.0694199, 25.5589809 ], [ 94.0122833, 25.5753002 ], [ 93.9652176, 25.5565777 ], [ 93.8919601, 25.5684204 ], [ 93.8364868, 25.5630608 ], [ 93.7794876, 25.5380497 ], [ 93.7642899, 25.5154819 ], [ 93.8138886, 25.4847279 ], [ 93.7810669, 25.4247131 ], [ 93.6871262, 25.3312111 ], [ 93.608017, 25.2020512 ], [ 93.5631332, 25.2465878 ], [ 93.5041733, 25.2533798 ], [ 93.4740219, 25.3092804 ], [ 93.451889, 25.3441906 ], [ 93.4782181, 25.3798809 ], [ 93.456871, 25.4419498 ], [ 93.390419, 25.4691696 ], [ 93.3905029, 25.4856281 ], [ 93.3333817, 25.5490208 ], [ 93.3734207, 25.56917 ], [ 93.4182968, 25.6210594 ], [ 93.4833527, 25.645771 ], [ 93.5435562, 25.7017002 ], [ 93.544838, 25.7269707 ], [ 93.6223297, 25.7798309 ], [ 93.6484909, 25.8239708 ], [ 93.7064362, 25.8532906 ], [ 93.6876831, 25.909441 ], [ 93.7851868, 25.9582996 ], [ 93.7983322, 25.9096928 ], [ 93.7798233, 25.8463097 ], [ 93.7957611, 25.8143501 ], [ 93.8517075, 25.8629704 ], [ 93.8827362, 25.845911 ], [ 93.9159012, 25.887661 ], [ 93.9826813, 25.9262695 ], [ 93.9560089, 25.9741898 ], [ 93.9548874, 26.0073299 ], [ 93.9860229, 26.0835686 ], [ 94.0130005, 26.1862812 ], [ 94.0357361, 26.2031899 ], [ 94.1080475, 26.3264008 ], [ 94.1644669, 26.3601189 ], [ 94.1790924, 26.3887215 ], [ 94.1865463, 26.4605103 ], [ 94.2822876, 26.5635395 ], [ 94.2939224, 26.4807415 ], [ 94.3238831, 26.4793797 ], [ 94.3965607, 26.5297298 ], [ 94.4148483, 26.5832806 ], [ 94.4098816, 26.6164398 ], [ 94.4545212, 26.639019 ], [ 94.5450592, 26.7109013 ], [ 94.5924072, 26.7027302 ], [ 94.6210861, 26.7211704 ], [ 94.6866074, 26.7325897 ], [ 94.7730865, 26.79496 ], [ 94.8022079, 26.8060608 ], [ 94.8210831, 26.8544598 ], [ 94.8862228, 26.9324608 ], [ 94.957283, 26.9435501 ], [ 94.985672, 26.918251 ], [ 95.0868607, 26.9527397 ], [ 95.1955185, 27.0429497 ], [ 95.1951981, 26.9899902 ], [ 95.2299271, 26.8856697 ], [ 95.1845016, 26.86483 ], [ 95.2151184, 26.7983799 ], [ 95.2425385, 26.7845116 ], [ 95.2161407, 26.735321 ], [ 95.2408184, 26.6803109 ] ] ] ] } },
{ "type": "Feature", "properties": { "POLYGON_ID": "IND_GAUL2012_ADM1_1504", "ADM0_ISO3": "IND", "ADM0_NAME": "India", "ADM0_CODE": 115, "ADM1_NAME": "Orissa", "ADM1_CODE": 1504, "GEOSET": "GAUL", "GEOSET_YEAR": 2012.0, "GEOSET_VERSION": "GAUL_v1", "GEOSET_UNIT": "ADM1", "CENTROID_LONG": 84.418275863574394, "CENTROID_LAT": 20.505803694615928 }, "geometry": { "type": "MultiPolygon", "coordinates": [ [ [ [ 86.722786, 22.21525 ], [ 86.7154465, 22.1434917 ], [ 86.7903214, 22.1539402 ], [ 86.8062134, 22.1141605 ], [ 86.8479004, 22.0983505 ], [ 86.9572372, 22.0833702 ], [ 87.0176163, 22.0412807 ], [ 87.034317, 21.9891911 ], [ 86.9979324, 21.9075031 ], [ 87.0302429, 21.8653107 ], [ 87.0946426, 21.8603401 ], [ 87.0935364, 21.9078979 ], [ 87.1598969, 21.9339294 ], [ 87.1605606, 21.9624405 ], [ 87.234848, 21.95438 ], [ 87.2520828, 21.9209728 ], [ 87.2348099, 21.8956013 ], [ 87.244751, 21.856369 ], [ 87.2806091, 21.7991581 ], [ 87.3520813, 21.7857304 ], [ 87.3734894, 21.7664108 ], [ 87.4436722, 21.760891 ], [ 87.4708328, 21.70718 ], [ 87.4677658, 21.6456509 ], [ 87.4817668, 21.6086333 ], [ 87.4299653, 21.5943206 ], [ 87.3559737, 21.5494743 ], [ 87.3002038, 21.5541783 ], [ 87.1752167, 21.5359458 ], [ 87.1095513, 21.502527 ], [ 86.9952266, 21.4187454 ], [ 86.9495908, 21.3767649 ], [ 86.8565077, 21.2581302 ], [ 86.8233469, 21.1926916 ], [ 86.8179204, 21.1395094 ], [ 86.8554899, 21.0641599 ], [ 86.9014407, 20.9910628 ], [ 86.9158126, 20.9443204 ], [ 86.9592392, 20.8633081 ], [ 86.9644967, 20.7944777 ], [ 86.8845819, 20.7957416 ], [ 86.818487, 20.7614729 ], [ 86.8154827, 20.7224196 ], [ 86.7739958, 20.6451712 ], [ 86.8231159, 20.6445922 ], [ 86.8517599, 20.6532572 ], [ 86.9038036, 20.6982009 ], [ 86.9398554, 20.7112687 ], [ 87.0277761, 20.6963308 ], [ 86.9050783, 20.6185884 ], [ 86.7861119, 20.5357183 ], [ 86.7394466, 20.4859514 ], [ 86.7334179, 20.4028218 ], [ 86.7701662, 20.3968447 ], [ 86.7873845, 20.3417689 ], [ 86.716853, 20.2869722 ], [ 86.5851948, 20.221039 ], [ 86.5345667, 20.181252 ], [ 86.4935744, 20.1210051 ], [ 86.3684462, 19.9799888 ], [ 86.3281374, 19.9782955 ], [ 86.241373, 19.9223192 ], [ 86.2209319, 19.8984088 ], [ 86.0279671, 19.8433801 ], [ 85.9477819, 19.8282467 ], [ 85.8008739, 19.7871489 ], [ 85.6541559, 19.7330601 ], [ 85.3589233, 19.5918213 ], [ 85.2731011, 19.5384963 ], [ 85.145548, 19.447767 ], [ 85.0679302, 19.3671478 ], [ 84.9720798, 19.3090821 ], [ 84.8715893, 19.2245571 ], [ 84.7781749, 19.1102871 ], [ 84.7461158, 19.1180053 ], [ 84.7188562, 19.095947 ], [ 84.661171, 19.1218605 ], [ 84.6093979, 19.1174507 ], [ 84.6198273, 19.0765095 ], [ 84.5969772, 19.0197411 ], [ 84.5535965, 19.047411 ], [ 84.5099182, 19.0374603 ], [ 84.4716568, 18.9812202 ], [ 84.415596, 18.9380398 ], [ 84.42939, 18.9136829 ], [ 84.3860931, 18.8830299 ], [ 84.332222, 18.7920227 ], [ 84.2839203, 18.7908211 ], [ 84.2460327, 18.7734108 ], [ 84.216713, 18.787281 ], [ 84.1593475, 18.7750397 ], [ 84.0916367, 18.7452412 ], [ 84.0479431, 18.7834797 ], [ 83.8701782, 18.8184299 ], [ 83.8436661, 18.8514004 ], [ 83.834877, 18.9092999 ], [ 83.7883072, 19.0078106 ], [ 83.7263031, 18.9755611 ], [ 83.7057419, 18.9852409 ], [ 83.6843872, 19.0439301 ], [ 83.619133, 19.14188 ], [ 83.6044006, 19.0928707 ], [ 83.5136719, 19.0247803 ], [ 83.5053864, 19.0647697 ], [ 83.4593964, 19.0696697 ], [ 83.4746017, 19.0003128 ], [ 83.4426727, 18.9477406 ], [ 83.4088516, 18.996191 ], [ 83.3349762, 19.0067196 ], [ 83.3133469, 18.9666309 ], [ 83.3610687, 18.9533997 ], [ 83.3476868, 18.9209881 ], [ 83.3878098, 18.8710308 ], [ 83.3987122, 18.8335285 ], [ 83.359993, 18.8073521 ], [ 83.2795029, 18.7896023 ], [ 83.266098, 18.7570095 ], [ 83.1853714, 18.7441425 ], [ 83.1329575, 18.7724495 ], [ 83.0778809, 18.7053394 ], [ 83.050972, 18.6541595 ], [ 83.0115433, 18.6390305 ], [ 83.0080414, 18.588419 ], [ 83.051178, 18.5349102 ], [ 83.0885086, 18.5327606 ], [ 83.051796, 18.4774895 ], [ 83.016449, 18.4476795 ], [ 83.0664978, 18.3922596 ], [ 83.0395203, 18.3700809 ], [ 82.9919662, 18.375 ], [ 82.9764481, 18.3549118 ], [ 82.9027481, 18.3559113 ], [ 82.8909531, 18.3922195 ], [ 82.7991714, 18.4394016 ], [ 82.7762222, 18.4196911 ], [ 82.7842178, 18.3541489 ], [ 82.7670517, 18.3310795 ], [ 82.6980972, 18.2962704 ], [ 82.6649399, 18.2906208 ], [ 82.6316528, 18.2285309 ], [ 82.5892029, 18.256731 ], [ 82.6008759, 18.3660507 ], [ 82.5359116, 18.4083195 ], [ 82.5231323, 18.5039291 ], [ 82.4814529, 18.5150604 ], [ 82.4268723, 18.4769897 ], [ 82.36129, 18.4099102 ], [ 82.3844376, 18.3724098 ], [ 82.3454208, 18.3218193 ], [ 82.393013, 18.3064404 ], [ 82.3670578, 18.2709408 ], [ 82.3368988, 18.2662411 ], [ 82.3328171, 18.2157898 ], [ 82.3060989, 18.1956577 ], [ 82.3333664, 18.1423798 ], [ 82.3363495, 18.0472603 ], [ 82.2581558, 18.0348701 ], [ 82.2672501, 17.9864407 ], [ 82.2417068, 17.9797611 ], [ 82.1637497, 18.0416203 ], [ 82.0246582, 18.0578804 ], [ 82.0016861, 18.0236607 ], [ 81.9360962, 17.9840908 ], [ 81.8010406, 17.9360809 ], [ 81.7757492, 17.9047699 ], [ 81.7031708, 17.8611298 ], [ 81.663063, 17.8769302 ], [ 81.6111526, 17.8153629 ], [ 81.5748672, 17.8273411 ], [ 81.4811783, 17.8028603 ], [ 81.4701233, 17.8231812 ], [ 81.3849716, 17.806591 ], [ 81.3958511, 17.8875599 ], [ 81.4372559, 17.8759384 ], [ 81.444458, 17.9221001 ], [ 81.4766693, 17.9738979 ], [ 81.4738922, 18.028511 ], [ 81.5086594, 18.092411 ], [ 81.5226059, 18.1572704 ], [ 81.504776, 18.1838112 ], [ 81.5279617, 18.2590809 ], [ 81.5675964, 18.2732105 ], [ 81.5934067, 18.301281 ], [ 81.6603775, 18.3157597 ], [ 81.6580963, 18.3392906 ], [ 81.7449112, 18.3453503 ], [ 81.7621002, 18.4113102 ], [ 81.8495865, 18.4890499 ], [ 81.8629608, 18.5172729 ], [ 81.8968277, 18.5283928 ], [ 81.9008026, 18.5571709 ], [ 81.946907, 18.5591507 ], [ 81.9550781, 18.6802311 ], [ 82.0337372, 18.7187996 ], [ 82.0785828, 18.7120819 ], [ 82.0912933, 18.7561798 ], [ 82.1454773, 18.7732811 ], [ 82.1649399, 18.8302078 ], [ 82.1707687, 18.8915901 ], [ 82.239563, 18.9104595 ], [ 82.2224808, 19.0211105 ], [ 82.1940918, 19.0602207 ], [ 82.2085571, 19.0785198 ], [ 82.1681366, 19.1338406 ], [ 82.1787872, 19.1588593 ], [ 82.1557083, 19.1965294 ], [ 82.1517258, 19.2654629 ], [ 82.1802521, 19.3322029 ], [ 82.1663666, 19.3659306 ], [ 82.1834869, 19.4124603 ], [ 82.1704559, 19.429491 ], [ 82.1193085, 19.4239006 ], [ 82.0968933, 19.4610806 ], [ 82.0920792, 19.50984 ], [ 82.0223923, 19.5018024 ], [ 82.0461273, 19.5386219 ], [ 82.0348969, 19.583271 ], [ 82.0513458, 19.6244411 ], [ 82.0375671, 19.7039108 ], [ 82.0571976, 19.7534122 ], [ 82.0521927, 19.7913399 ], [ 81.9801483, 19.7957802 ], [ 81.9603729, 19.8547401 ], [ 81.8584061, 19.8995495 ], [ 81.8373032, 19.9500809 ], [ 81.8601685, 20.0233612 ], [ 81.8894577, 20.0432701 ], [ 81.9339294, 20.099308 ], [ 81.9735718, 20.0756111 ], [ 82.0147858, 20.0195103 ], [ 82.0578995, 20.0498695 ], [ 82.1160965, 20.0104008 ], [ 82.1841812, 19.9811611 ], [ 82.230629, 19.9980812 ], [ 82.2616959, 19.9715595 ], [ 82.298233, 19.883461 ], [ 82.339447, 19.8299599 ], [ 82.3888168, 19.8817577 ], [ 82.4423904, 19.9029827 ], [ 82.4756927, 19.9005299 ], [ 82.5973816, 19.8604698 ], [ 82.5718231, 19.8278084 ], [ 82.578476, 19.7758198 ], [ 82.618866, 19.7861004 ], [ 82.6457367, 19.8253708 ], [ 82.6984406, 19.8268604 ], [ 82.7110062, 19.8485603 ], [ 82.7004089, 19.9066105 ], [ 82.7109299, 19.983263 ], [ 82.6504822, 19.9994011 ], [ 82.5823593, 19.9899406 ], [ 82.5436172, 20.0121288 ], [ 82.3957672, 20.0489998 ], [ 82.3789291, 20.1446304 ], [ 82.4135971, 20.2022705 ], [ 82.4050827, 20.2635307 ], [ 82.4224396, 20.30966 ], [ 82.3937759, 20.3355217 ], [ 82.4098969, 20.4026794 ], [ 82.4291687, 20.4257526 ], [ 82.388092, 20.4525108 ], [ 82.3804932, 20.5098495 ], [ 82.3240128, 20.5538807 ], [ 82.3675461, 20.62957 ], [ 82.3432999, 20.6988506 ], [ 82.3340378, 20.8405895 ], [ 82.3680115, 20.8640995 ], [ 82.401413, 20.8624306 ], [ 82.4155273, 20.8264694 ], [ 82.477623, 20.8467197 ], [ 82.483139, 20.8996601 ], [ 82.5529404, 20.9414806 ], [ 82.6223068, 21.0365696 ], [ 82.6091232, 21.063921 ], [ 82.6450272, 21.101881 ], [ 82.6359406, 21.1494503 ], [ 82.7575226, 21.1585598 ], [ 82.7820892, 21.1410198 ], [ 82.8399963, 21.1633606 ], [ 82.8792267, 21.1490898 ], [ 82.9023132, 21.1629696 ], [ 82.9799271, 21.1574612 ], [ 83.0405808, 21.1189308 ], [ 83.1198425, 21.101059 ], [ 83.192749, 21.1394405 ], [ 83.2190628, 21.223711 ], [ 83.2141418, 21.2508698 ], [ 83.2424469, 21.2764397 ], [ 83.2700195, 21.3750401 ], [ 83.3748169, 21.3399601 ], [ 83.3937607, 21.3994427 ], [ 83.3502884, 21.4439812 ], [ 83.3420563, 21.4853306 ], [ 83.3623276, 21.5725212 ], [ 83.380722, 21.612751 ], [ 83.4412308, 21.649271 ], [ 83.4197464, 21.6750221 ], [ 83.456337, 21.6943207 ], [ 83.4841309, 21.7415524 ], [ 83.4759216, 21.7737904 ], [ 83.491333, 21.8086605 ], [ 83.5312424, 21.8318996 ], [ 83.5735321, 21.8296604 ], [ 83.5715179, 21.87187 ], [ 83.6004791, 21.910841 ], [ 83.5351715, 21.963501 ], [ 83.5485611, 22.0067024 ], [ 83.5383682, 22.0553799 ], [ 83.6003189, 22.0655098 ], [ 83.5572662, 22.0999794 ], [ 83.6059418, 22.1576099 ], [ 83.645752, 22.2245884 ], [ 83.6930008, 22.2455006 ], [ 83.7456512, 22.2412205 ], [ 83.8610077, 22.3437805 ], [ 83.9155426, 22.3596706 ], [ 84.0011902, 22.3696709 ], [ 84.0400085, 22.4328995 ], [ 84.0415573, 22.4641113 ], [ 83.9760971, 22.5022106 ], [ 84.0025024, 22.5208607 ], [ 84.0575867, 22.5101509 ], [ 84.1061172, 22.4738483 ], [ 84.1374359, 22.4671001 ], [ 84.1358795, 22.420681 ], [ 84.1941071, 22.3718109 ], [ 84.2465591, 22.3737011 ], [ 84.2892227, 22.3373203 ], [ 84.4258423, 22.3520298 ], [ 84.5017929, 22.4153194 ], [ 84.632103, 22.4286499 ], [ 84.6616058, 22.4139194 ], [ 84.7438507, 22.4147511 ], [ 84.7526932, 22.4420128 ], [ 84.8012466, 22.4437103 ], [ 84.880249, 22.4175911 ], [ 85.0513992, 22.4794197 ], [ 85.0830765, 22.3784409 ], [ 85.0740585, 22.3485909 ], [ 85.1052933, 22.2911396 ], [ 85.0705109, 22.2721596 ], [ 85.0694809, 22.2306499 ], [ 85.0253983, 22.1540012 ], [ 85.0237427, 22.11199 ], [ 85.0990067, 22.0961208 ], [ 85.2107468, 22.0431824 ], [ 85.2410584, 22.0125198 ], [ 85.2741623, 22.0800896 ], [ 85.3631973, 22.1545696 ], [ 85.410286, 22.1560802 ], [ 85.4858017, 22.1164894 ], [ 85.5910873, 22.07444 ], [ 85.6446075, 22.0902805 ], [ 85.6815033, 22.0487804 ], [ 85.7223511, 22.0581303 ], [ 85.8020477, 22.1108303 ], [ 85.7789383, 22.0362606 ], [ 85.7561264, 22.0083904 ], [ 85.7842789, 21.9785995 ], [ 85.8941727, 21.9782906 ], [ 85.9425812, 22.0191307 ], [ 86.0025864, 22.1130219 ], [ 85.9946289, 22.1317806 ], [ 86.0267181, 22.1852226 ], [ 85.9697876, 22.2434006 ], [ 86.0177765, 22.3045502 ], [ 85.9928818, 22.3381596 ], [ 86.0214996, 22.3817616 ], [ 85.9535065, 22.4559708 ], [ 85.9692459, 22.4997807 ], [ 86.0282669, 22.5343304 ], [ 86.0692062, 22.5430679 ], [ 86.1013794, 22.4901505 ], [ 86.2023926, 22.4702797 ], [ 86.2203827, 22.449091 ], [ 86.2879562, 22.4253597 ], [ 86.3527374, 22.3454208 ], [ 86.4243774, 22.3062706 ], [ 86.4999466, 22.34095 ], [ 86.5245514, 22.3028507 ], [ 86.5784607, 22.297821 ], [ 86.6455765, 22.2613697 ], [ 86.6481781, 22.2356911 ], [ 86.722786, 22.21525 ] ] ], [ [ [ 86.8869079, 20.7676926 ], [ 86.9943969, 20.769146 ], [ 87.002424, 20.718473 ], [ 86.9341697, 20.7161021 ], [ 86.8852557, 20.6884379 ], [ 86.8603312, 20.6625186 ], [ 86.7813603, 20.6455557 ], [ 86.8188086, 20.7194076 ], [ 86.8304597, 20.7599015 ], [ 86.8869079, 20.7676926 ] ] ] ] } },
{ "type": "Feature", "properties": { "POLYGON_ID": "IND_GAUL2012_ADM1_1505", "ADM0_ISO3": "IND", "ADM0_NAME": "India", "ADM0_CODE": 115, "ADM1_NAME": "Punjab", "ADM1_CODE": 1505, "GEOSET": "GAUL", "GEOSET_YEAR": 2012.0, "GEOSET_VERSION": "GAUL_v1", "GEOSET_UNIT": "ADM1", "CENTROID_LONG": 75.412510973867256, "CENTROID_LAT": 30.837613274218654 }, "geometry": { "type": "MultiPolygon", "coordinates": [ [ [ [ 76.7698593, 30.9063911 ], [ 76.769043, 30.8765297 ], [ 76.8277512, 30.832571 ], [ 76.8467865, 30.7925205 ], [ 76.828186, 30.7637901 ], [ 76.7593384, 30.7990398 ], [ 76.6906281, 30.7600803 ], [ 76.7152023, 30.7133007 ], [ 76.7943726, 30.6693211 ], [ 76.819809, 30.6858311 ], [ 76.8631058, 30.6715107 ], [ 76.8585815, 30.6406307 ], [ 76.9134293, 30.5997009 ], [ 76.8850403, 30.5404205 ], [ 76.9200668, 30.5246906 ], [ 76.8938599, 30.4896431 ], [ 76.8899307, 30.4366913 ], [ 76.9272995, 30.3886395 ], [ 76.8977661, 30.3626003 ], [ 76.8647308, 30.4087906 ], [ 76.7488709, 30.4266319 ], [ 76.7001495, 30.39361 ], [ 76.738533, 30.3596497 ], [ 76.6708832, 30.31917 ], [ 76.5903168, 30.2541218 ], [ 76.638916, 30.2059402 ], [ 76.6227417, 30.1702995 ], [ 76.6194763, 30.0953617 ], [ 76.5895309, 30.0792999 ], [ 76.5548706, 30.0987606 ], [ 76.5011215, 30.0766296 ], [ 76.4520874, 30.1007099 ], [ 76.4260406, 30.1475601 ], [ 76.3283768, 30.1095104 ], [ 76.2511597, 30.1189995 ], [ 76.1989059, 30.0348301 ], [ 76.1893768, 30.0041904 ], [ 76.2038727, 29.9441204 ], [ 76.1827087, 29.8938808 ], [ 76.225296, 29.8850613 ], [ 76.2285233, 29.8545284 ], [ 76.1666565, 29.8183212 ], [ 76.0743408, 29.7812405 ], [ 76.041481, 29.7487812 ], [ 76.00383, 29.7509308 ], [ 75.9340134, 29.7325325 ], [ 75.8972321, 29.7555313 ], [ 75.8637772, 29.7523308 ], [ 75.8199768, 29.8153801 ], [ 75.7716217, 29.8253899 ], [ 75.7059326, 29.8086205 ], [ 75.6661682, 29.7727013 ], [ 75.5630875, 29.7442398 ], [ 75.5563965, 29.7658329 ], [ 75.4437866, 29.7861805 ], [ 75.3972321, 29.7610207 ], [ 75.3177261, 29.6707001 ], [ 75.2803497, 29.6032505 ], [ 75.2906494, 29.5617599 ], [ 75.2380676, 29.5515404 ], [ 75.2111893, 29.5824013 ], [ 75.2212372, 29.6065502 ], [ 75.1733398, 29.6300831 ], [ 75.1589203, 29.6693611 ], [ 75.1888886, 29.68083 ], [ 75.1980972, 29.7307987 ], [ 75.2309799, 29.7520676 ], [ 75.1823425, 29.8387012 ], [ 75.1022873, 29.8025513 ], [ 75.0654831, 29.8790398 ], [ 75.0374985, 29.8817806 ], [ 74.9899292, 29.8564606 ], [ 74.9431763, 29.9025383 ], [ 74.9240875, 29.9415302 ], [ 74.8496323, 29.9591293 ], [ 74.801178, 29.9925728 ], [ 74.7759933, 29.9743996 ], [ 74.6809616, 29.9491901 ], [ 74.6398621, 29.9224911 ], [ 74.5858002, 29.9147606 ], [ 74.5190659, 29.9433498 ], [ 74.2519073, 29.9552593 ], [ 74.0691986, 29.9688721 ], [ 73.8911819, 29.9700699 ], [ 73.8811264, 29.9962807 ], [ 73.898407, 30.0536499 ], [ 73.962471, 30.1275005 ], [ 73.9664094, 30.1944843 ], [ 73.96453, 30.24453 ], [ 73.95667, 30.27748 ], [ 73.9247816, 30.3289771 ], [ 73.92189, 30.33251 ], [ 73.92113, 30.33413 ], [ 73.9030578, 30.34565 ], [ 73.8834726, 30.3577127 ], [ 73.87976, 30.35992 ], [ 73.87531, 30.36138 ], [ 73.8753074, 30.3613846 ], [ 73.87441, 30.36298 ], [ 73.87126, 30.36857 ], [ 73.87089, 30.375 ], [ 73.8715, 30.37722 ], [ 73.8719293, 30.3787817 ], [ 73.87321, 30.38344 ], [ 73.87975, 30.39111 ], [ 73.9060175, 30.4173183 ], [ 73.92016, 30.42014 ], [ 73.9294869, 30.4235824 ], [ 73.93034, 30.42499 ], [ 73.93161, 30.43322 ], [ 73.9366294, 30.442982 ], [ 73.9354451, 30.4471787 ], [ 73.93233, 30.45852 ], [ 73.934714, 30.462096 ], [ 73.95049, 30.46044 ], [ 73.95528, 30.45798 ], [ 73.96268, 30.45761 ], [ 73.9665299, 30.4634898 ], [ 73.9688195, 30.4801862 ], [ 74.00303, 30.5127 ], [ 74.02561, 30.52537 ], [ 74.03197, 30.53579 ], [ 74.04024, 30.53769 ], [ 74.04767, 30.52859 ], [ 74.0557, 30.52201 ], [ 74.06022, 30.52125 ], [ 74.06651, 30.52019 ], [ 74.0762151, 30.5282076 ], [ 74.07581, 30.55072 ], [ 74.07565, 30.55462 ], [ 74.09711, 30.56379 ], [ 74.09614, 30.57698 ], [ 74.09725, 30.58471 ], [ 74.10092, 30.59998 ], [ 74.100436, 30.6065856 ], [ 74.10118, 30.60887 ], [ 74.1036521, 30.6121416 ], [ 74.10421, 30.61288 ], [ 74.11629, 30.61638 ], [ 74.1214, 30.62059 ], [ 74.12877, 30.6266678 ], [ 74.13594, 30.62884 ], [ 74.142443, 30.6290511 ], [ 74.14395, 30.6291 ], [ 74.15093, 30.63262 ], [ 74.1525144, 30.6339358 ], [ 74.1695877, 30.6481147 ], [ 74.18615, 30.65939 ], [ 74.19071, 30.66467 ], [ 74.2220087, 30.7081481 ], [ 74.22837, 30.71535 ], [ 74.25401, 30.72304 ], [ 74.2618764, 30.7276663 ], [ 74.26831, 30.73145 ], [ 74.27244, 30.73069 ], [ 74.28181, 30.73023 ], [ 74.28232, 30.73364 ], [ 74.26221, 30.76803 ], [ 74.2644676, 30.7718735 ], [ 74.2911939, 30.7751684 ], [ 74.29623, 30.77852 ], [ 74.29457, 30.7946 ], [ 74.2958891, 30.7973239 ], [ 74.299265, 30.8042881 ], [ 74.30051, 30.80685 ], [ 74.30651, 30.81398 ], [ 74.31812, 30.82779 ], [ 74.31964, 30.84357 ], [ 74.3218034, 30.8449991 ], [ 74.33649, 30.84732 ], [ 74.340961, 30.8503242 ], [ 74.3630068, 30.8458101 ], [ 74.37056, 30.85181 ], [ 74.37198, 30.85294 ], [ 74.37128, 30.85909 ], [ 74.36221, 30.87242 ], [ 74.36188, 30.8793 ], [ 74.36553, 30.88541 ], [ 74.3672002, 30.8860497 ], [ 74.41611, 30.90604 ], [ 74.41921, 30.9117 ], [ 74.41989, 30.91816 ], [ 74.4206459, 30.9253639 ], [ 74.4207, 30.92588 ], [ 74.42867, 30.93441 ], [ 74.44639, 30.9489 ], [ 74.46434, 30.96155 ], [ 74.49144, 30.9694 ], [ 74.5022, 30.96479 ], [ 74.5121557, 30.9693095 ], [ 74.54422, 31.01515 ], [ 74.55344, 31.0626 ], [ 74.60154, 31.04227 ], [ 74.60512, 31.0389 ], [ 74.65442, 31.04955 ], [ 74.6552831, 31.051055 ], [ 74.66904, 31.05664 ], [ 74.67995, 31.05679 ], [ 74.6869792, 31.065598 ], [ 74.68596, 31.06863 ], [ 74.67178, 31.10005 ], [ 74.60426, 31.11937 ], [ 74.5916528, 31.109957 ], [ 74.56419, 31.11552 ], [ 74.53585, 31.15423 ], [ 74.53364, 31.19393 ], [ 74.55206, 31.25307 ], [ 74.55025, 31.2947 ], [ 74.5725275, 31.3474573 ], [ 74.5770693, 31.3576803 ], [ 74.62534, 31.42362 ], [ 74.64111, 31.4647 ], [ 74.63948, 31.47184 ], [ 74.63425, 31.48366 ], [ 74.6339127, 31.4839982 ], [ 74.63057, 31.48735 ], [ 74.60734, 31.51889 ], [ 74.6061876, 31.532873 ], [ 74.60085, 31.56799 ], [ 74.5976951, 31.5773015 ], [ 74.5785, 31.6234 ], [ 74.51978, 31.71768 ], [ 74.51728, 31.72291 ], [ 74.51816, 31.74165 ], [ 74.5181281, 31.7425636 ], [ 74.54547, 31.75761 ], [ 74.54382, 31.8223 ], [ 74.56936, 31.82165 ], [ 74.57302, 31.82302 ], [ 74.68614, 31.91388 ], [ 74.693775, 31.9187946 ], [ 74.6977201, 31.921334 ], [ 74.70326, 31.9249 ], [ 74.7194385, 31.9548476 ], [ 74.72665, 31.94218 ], [ 74.7618886, 31.93627 ], [ 74.81087, 31.95541 ], [ 74.82245, 31.97962 ], [ 74.8258522, 31.9890529 ], [ 74.83096, 31.99866 ], [ 74.9325, 32.06031 ], [ 74.98742, 32.03465 ], [ 74.99841, 32.02867 ], [ 75.0959171, 32.0595284 ], [ 75.11094, 32.06025 ], [ 75.1719, 32.06612 ], [ 75.1872149, 32.0762194 ], [ 75.19435, 32.08093 ], [ 75.1970734, 32.0852603 ], [ 75.20126, 32.09777 ], [ 75.20137, 32.10534 ], [ 75.2029536, 32.1098038 ], [ 75.20501, 32.1156 ], [ 75.21204, 32.11914 ], [ 75.221277, 32.1134177 ], [ 75.22496, 32.1069 ], [ 75.22357, 32.09101 ], [ 75.23917, 32.08715 ], [ 75.2643012, 32.1067646 ], [ 75.27197, 32.11275 ], [ 75.27481, 32.11885 ], [ 75.27771, 32.13577 ], [ 75.278474, 32.1366495 ], [ 75.31779, 32.17082 ], [ 75.31719, 32.19281 ], [ 75.37479, 32.22566 ], [ 75.3748664, 32.2289829 ], [ 75.37939, 32.2671 ], [ 75.3774935, 32.2699206 ], [ 75.35595, 32.27416 ], [ 75.34939, 32.28395 ], [ 75.3492, 32.2840426 ], [ 75.34623, 32.28549 ], [ 75.33813, 32.29205 ], [ 75.33623, 32.29574 ], [ 75.33579, 32.31574 ], [ 75.3365215, 32.3214341 ], [ 75.3366695, 32.3225907 ], [ 75.3339398, 32.3265803 ], [ 75.40582, 32.32361 ], [ 75.46443, 32.33999 ], [ 75.5, 32.32138 ], [ 75.47609, 32.27749 ], [ 75.52943, 32.27694 ], [ 75.53397, 32.3376 ], [ 75.5955, 32.38361 ], [ 75.68526, 32.39607 ], [ 75.7326997, 32.4530276 ], [ 75.8260992, 32.4938696 ], [ 75.8529811, 32.5265582 ], [ 75.855278, 32.4995804 ], [ 75.9154968, 32.4487 ], [ 75.9259262, 32.4117813 ], [ 75.8438797, 32.3793106 ], [ 75.7363968, 32.2737617 ], [ 75.6758423, 32.264019 ], [ 75.6225433, 32.2346802 ], [ 75.6202164, 32.1851692 ], [ 75.6554794, 32.1460609 ], [ 75.6105576, 32.0996094 ], [ 75.7339783, 32.0373306 ], [ 75.7951202, 31.9885788 ], [ 75.8363724, 31.9816494 ], [ 75.8945465, 31.9498005 ], [ 75.9497299, 31.8481007 ], [ 75.9218292, 31.8171787 ], [ 75.9450607, 31.7812805 ], [ 76.0027466, 31.6465702 ], [ 76.0839996, 31.5371799 ], [ 76.1282425, 31.4437599 ], [ 76.1567459, 31.4045105 ], [ 76.1340866, 31.3826427 ], [ 76.1663208, 31.3414593 ], [ 76.1728287, 31.3067398 ], [ 76.206398, 31.3052597 ], [ 76.302269, 31.3263607 ], [ 76.3300781, 31.3452797 ], [ 76.3158417, 31.40238 ], [ 76.3591461, 31.4156303 ], [ 76.4280167, 31.3251801 ], [ 76.466713, 31.3102112 ], [ 76.5459213, 31.2558804 ], [ 76.5705032, 31.2801495 ], [ 76.6354218, 31.2129803 ], [ 76.5903931, 31.1828594 ], [ 76.5893173, 31.1277008 ], [ 76.6257324, 31.1102409 ], [ 76.5989685, 31.0535507 ], [ 76.6100693, 31.0042305 ], [ 76.66819, 30.9698811 ], [ 76.7126007, 30.963419 ], [ 76.7698593, 30.9063911 ] ] ] ] } },
{ "type": "Feature", "properties": { "POLYGON_ID": "IND_GAUL2012_ADM1_1506", "ADM0_ISO3": "IND", "ADM0_NAME": "India", "ADM0_CODE": 115, "ADM1_NAME": "Rajasthan", "ADM1_CODE": 1506, "GEOSET": "GAUL", "GEOSET_YEAR": 2012.0, "GEOSET_VERSION": "GAUL_v1", "GEOSET_UNIT": "ADM1", "CENTROID_LONG": 73.847661177144403, "CENTROID_LAT": 26.582445569922267 }, "geometry": { "type": "MultiPolygon", "coordinates": [ [ [ [ 74.5190659, 29.9433498 ], [ 74.553566, 29.8656406 ], [ 74.4916687, 29.8265095 ], [ 74.4652634, 29.78755 ], [ 74.4720001, 29.74403 ], [ 74.6054001, 29.7528801 ], [ 74.5785217, 29.6547508 ], [ 74.5717468, 29.5555801 ], [ 74.6114273, 29.5314999 ], [ 74.5789108, 29.4586201 ], [ 74.5346298, 29.4650326 ], [ 74.5312958, 29.4249802 ], [ 74.5700302, 29.4061604 ], [ 74.6000366, 29.3543301 ], [ 74.6418228, 29.3311977 ], [ 74.650177, 29.3723698 ], [ 74.7759171, 29.3601513 ], [ 74.8095474, 29.3984795 ], [ 74.8495178, 29.4027901 ], [ 74.9271469, 29.3646412 ], [ 74.9531097, 29.2819405 ], [ 74.9910431, 29.2717495 ], [ 75.0238571, 29.2915306 ], [ 75.0780792, 29.2324505 ], [ 75.1474762, 29.2458496 ], [ 75.2717285, 29.2543697 ], [ 75.3149261, 29.23596 ], [ 75.3795471, 29.2639332 ], [ 75.40065, 29.1889095 ], [ 75.3611526, 29.1426201 ], [ 75.3806534, 29.0703201 ], [ 75.4302597, 29.0647202 ], [ 75.4347382, 29.0165405 ], [ 75.5111008, 29.0108299 ], [ 75.5165176, 28.9753895 ], [ 75.4975662, 28.9414902 ], [ 75.4879913, 28.8596497 ], [ 75.5133667, 28.8365898 ], [ 75.4985428, 28.7876606 ], [ 75.5309372, 28.7328205 ], [ 75.539566, 28.6488705 ], [ 75.5557098, 28.6145897 ], [ 75.6093369, 28.6058788 ], [ 75.629097, 28.5459709 ], [ 75.6654892, 28.5332794 ], [ 75.6900787, 28.4990997 ], [ 75.7365494, 28.4871998 ], [ 75.7782288, 28.4576111 ], [ 75.8025894, 28.4142303 ], [ 75.9223785, 28.3689079 ], [ 75.9865723, 28.2958908 ], [ 76.0187225, 28.2809601 ], [ 76.0111923, 28.2417507 ], [ 76.053009, 28.2242298 ], [ 76.0748062, 28.17243 ], [ 76.0277481, 28.17272 ], [ 75.9360886, 28.0935307 ], [ 75.977066, 28.0841808 ], [ 75.9743576, 28.0369396 ], [ 75.9554672, 27.9886398 ], [ 75.9773865, 27.9092598 ], [ 75.9754486, 27.8646297 ], [ 76.0496292, 27.8478603 ], [ 76.0880661, 27.8684502 ], [ 76.1729202, 27.8074589 ], [ 76.2059479, 27.84799 ], [ 76.1697464, 27.90975 ], [ 76.1794662, 27.9728413 ], [ 76.1538696, 27.9925308 ], [ 76.1773376, 28.0592594 ], [ 76.2333679, 28.0564213 ], [ 76.2510986, 28.0709209 ], [ 76.3367996, 28.0296612 ], [ 76.3532867, 28.0655727 ], [ 76.3318863, 28.10672 ], [ 76.3556061, 28.1284504 ], [ 76.278183, 28.1685715 ], [ 76.3087158, 28.183363 ], [ 76.3532486, 28.1661911 ], [ 76.3598328, 28.1433811 ], [ 76.4723358, 28.149601 ], [ 76.4978027, 28.1066208 ], [ 76.4698868, 28.0863209 ], [ 76.4557419, 28.0464802 ], [ 76.5385208, 28.0391197 ], [ 76.5310364, 27.9793301 ], [ 76.5989685, 28.00984 ], [ 76.6600723, 28.0190506 ], [ 76.64785, 28.0922108 ], [ 76.6821823, 28.0977707 ], [ 76.7099609, 28.1323605 ], [ 76.7391281, 28.1290398 ], [ 76.7914886, 28.1572418 ], [ 76.7902527, 28.1937599 ], [ 76.8334274, 28.2248497 ], [ 76.8636322, 28.2246399 ], [ 76.8840485, 28.1916599 ], [ 76.9617615, 28.1440105 ], [ 76.9465561, 28.0713406 ], [ 76.9186478, 27.9976101 ], [ 76.9266434, 27.8342209 ], [ 76.9078827, 27.8359184 ], [ 76.8885422, 27.7195511 ], [ 76.9341965, 27.6751003 ], [ 76.9704971, 27.6571407 ], [ 76.9943771, 27.7420425 ], [ 77.0319672, 27.7484112 ], [ 77.0230484, 27.7871895 ], [ 77.0382767, 27.8200397 ], [ 77.1011658, 27.7854919 ], [ 77.1472778, 27.7866611 ], [ 77.1497269, 27.8124313 ], [ 77.2345581, 27.7858105 ], [ 77.2757797, 27.806551 ], [ 77.3041458, 27.7880096 ], [ 77.3106766, 27.7368698 ], [ 77.3339386, 27.7079201 ], [ 77.3423233, 27.6530304 ], [ 77.3257828, 27.5968781 ], [ 77.3402634, 27.5247707 ], [ 77.3761902, 27.5186005 ], [ 77.3935928, 27.4819412 ], [ 77.4295959, 27.4620495 ], [ 77.4151764, 27.4253712 ], [ 77.4318924, 27.3991585 ], [ 77.4972458, 27.381361 ], [ 77.5745468, 27.3267307 ], [ 77.6163406, 27.3383102 ], [ 77.6090927, 27.2879906 ], [ 77.6442032, 27.2388783 ], [ 77.6546173, 27.175581 ], [ 77.6148071, 27.1747894 ], [ 77.5972672, 27.1290531 ], [ 77.5444489, 27.1156006 ], [ 77.5656815, 27.0780106 ], [ 77.5589371, 27.04879 ], [ 77.5988159, 27.0288296 ], [ 77.6570282, 27.0227299 ], [ 77.7035828, 27.0003109 ], [ 77.6919174, 26.9789925 ], [ 77.6422729, 26.9673004 ], [ 77.5797501, 26.9308701 ], [ 77.4824677, 26.90378 ], [ 77.4174881, 26.8427906 ], [ 77.4392166, 26.8191509 ], [ 77.4285889, 26.7857895 ], [ 77.4643173, 26.7695503 ], [ 77.5206909, 26.82201 ], [ 77.6085358, 26.8345108 ], [ 77.671669, 26.8740711 ], [ 77.7158432, 26.8813305 ], [ 77.7239227, 26.9229507 ], [ 77.7650986, 26.9379902 ], [ 77.8714676, 26.9055004 ], [ 77.9095688, 26.9142704 ], [ 78.0422363, 26.9154205 ], [ 78.0868225, 26.90201 ], [ 78.139473, 26.9571304 ], [ 78.2327423, 26.933691 ], [ 78.2481766, 26.900631 ], [ 78.2048569, 26.8773899 ], [ 78.2097931, 26.8360901 ], [ 78.1793671, 26.8011589 ], [ 78.0953827, 26.7894306 ], [ 78.0880585, 26.6866608 ], [ 77.992218, 26.7026405 ], [ 77.9399033, 26.6627083 ], [ 77.9036026, 26.6661797 ], [ 77.8793869, 26.6202908 ], [ 77.8204117, 26.5998383 ], [ 77.8129959, 26.5548096 ], [ 77.739357, 26.5426903 ], [ 77.7269821, 26.5153599 ], [ 77.6710281, 26.5097294 ], [ 77.5990829, 26.4542198 ], [ 77.5514832, 26.4405594 ], [ 77.5228806, 26.4149132 ], [ 77.4277191, 26.4069099 ], [ 77.4324265, 26.3649998 ], [ 77.3662491, 26.3715191 ], [ 77.3180466, 26.3463802 ], [ 77.3081665, 26.3150005 ], [ 77.2670364, 26.2761707 ], [ 77.1944733, 26.2359715 ], [ 77.1649399, 26.2445011 ], [ 77.1136475, 26.2313595 ], [ 77.0964432, 26.1954403 ], [ 77.02388, 26.1761703 ], [ 76.9944763, 26.1377811 ], [ 76.9387131, 26.106081 ], [ 76.8877792, 26.0933208 ], [ 76.8704224, 26.0564499 ], [ 76.7947998, 25.9442215 ], [ 76.7333298, 25.9025497 ], [ 76.6414185, 25.90625 ], [ 76.6316834, 25.8752403 ], [ 76.5974731, 25.8764801 ], [ 76.5293121, 25.7979717 ], [ 76.5265503, 25.731041 ], [ 76.4823914, 25.7181301 ], [ 76.5108032, 25.6728401 ], [ 76.5097809, 25.5798206 ], [ 76.5203094, 25.5299301 ], [ 76.5889664, 25.4314899 ], [ 76.6025467, 25.3889809 ], [ 76.6362915, 25.380331 ], [ 76.6810761, 25.34548 ], [ 76.7404022, 25.3477898 ], [ 76.7728271, 25.3159103 ], [ 76.8429794, 25.3305416 ], [ 76.9587402, 25.2971802 ], [ 77.0241928, 25.3010902 ], [ 77.07547, 25.3396912 ], [ 77.1535568, 25.3132496 ], [ 77.2180328, 25.3313103 ], [ 77.2202606, 25.3734303 ], [ 77.3052979, 25.4364109 ], [ 77.3613434, 25.412962 ], [ 77.3442612, 25.3879299 ], [ 77.3748016, 25.305851 ], [ 77.3496628, 25.2717705 ], [ 77.4064026, 25.2262917 ], [ 77.3907089, 25.1881905 ], [ 77.386673, 25.1219578 ], [ 77.3028564, 25.0838699 ], [ 77.2622604, 25.1192608 ], [ 77.1695786, 25.1137199 ], [ 77.1577072, 25.0882797 ], [ 77.0772324, 25.057991 ], [ 76.9836731, 25.0775604 ], [ 76.9686661, 25.0559406 ], [ 76.901062, 25.0340405 ], [ 76.8693161, 25.0111008 ], [ 76.8720627, 24.9546013 ], [ 76.9246368, 24.9103699 ], [ 76.9489212, 24.8728695 ], [ 76.8950424, 24.83951 ], [ 76.8375015, 24.8410606 ], [ 76.8022919, 24.8265705 ], [ 76.8467407, 24.7699909 ], [ 76.8450165, 24.75214 ], [ 76.9216919, 24.7488308 ], [ 76.9633026, 24.759552 ], [ 76.9719772, 24.7316704 ], [ 77.019249, 24.7149506 ], [ 77.0594559, 24.6424198 ], [ 77.0643387, 24.5641212 ], [ 77.0503082, 24.5265331 ], [ 76.9925232, 24.4734497 ], [ 76.9601669, 24.4602299 ], [ 76.91465, 24.4876595 ], [ 76.9183807, 24.5356007 ], [ 76.8460464, 24.5510197 ], [ 76.8145905, 24.5343704 ], [ 76.851326, 24.4691086 ], [ 76.8369675, 24.3607082 ], [ 76.8741989, 24.2710896 ], [ 76.9438629, 24.1988487 ], [ 76.9161377, 24.1887207 ], [ 76.8999405, 24.1311111 ], [ 76.8560028, 24.1389408 ], [ 76.7909317, 24.1257591 ], [ 76.7688599, 24.1646805 ], [ 76.7207108, 24.1617203 ], [ 76.6742096, 24.1934299 ], [ 76.7024994, 24.2488022 ], [ 76.6787491, 24.2706394 ], [ 76.6163483, 24.2628403 ], [ 76.5714874, 24.21348 ], [ 76.5797272, 24.1806793 ], [ 76.5231934, 24.1631794 ], [ 76.5083694, 24.2002316 ], [ 76.4634323, 24.22892 ], [ 76.4117966, 24.2095509 ], [ 76.3529968, 24.2489109 ], [ 76.3178787, 24.2511311 ], [ 76.2763977, 24.2165108 ], [ 76.2062225, 24.2327499 ], [ 76.1946564, 24.2847996 ], [ 76.1422272, 24.2811508 ], [ 76.1544571, 24.243763 ], [ 76.1233597, 24.2054005 ], [ 76.134697, 24.0952892 ], [ 76.0433502, 24.0739613 ], [ 76.0267258, 24.0504627 ], [ 75.9601822, 24.0253677 ], [ 75.9801865, 23.9743805 ], [ 75.9758224, 23.9329414 ], [ 75.8786163, 23.8845596 ], [ 75.8534164, 23.8942013 ], [ 75.7799225, 23.8547001 ], [ 75.7282181, 23.9020996 ], [ 75.722168, 23.82691 ], [ 75.6493073, 23.7993507 ], [ 75.5825272, 23.8003578 ], [ 75.5624619, 23.8581409 ], [ 75.4564972, 23.9207401 ], [ 75.4647675, 23.9807301 ], [ 75.5143814, 24.0487328 ], [ 75.5717163, 24.0174007 ], [ 75.6347427, 23.9998302 ], [ 75.6691971, 24.0335407 ], [ 75.7004089, 23.9690609 ], [ 75.7620392, 23.9979496 ], [ 75.7796173, 24.0620804 ], [ 75.8295059, 24.0719509 ], [ 75.8306427, 24.1079311 ], [ 75.7896118, 24.1098022 ], [ 75.7434921, 24.1396008 ], [ 75.7735062, 24.220892 ], [ 75.805336, 24.2297211 ], [ 75.8129959, 24.3006783 ], [ 75.7650909, 24.3106594 ], [ 75.7379227, 24.347971 ], [ 75.735817, 24.4034309 ], [ 75.786087, 24.4584198 ], [ 75.8290024, 24.4225197 ], [ 75.903389, 24.4461308 ], [ 75.9054718, 24.5053082 ], [ 75.9250183, 24.5382996 ], [ 75.9110718, 24.5770512 ], [ 75.8525467, 24.6143208 ], [ 75.8387527, 24.7298698 ], [ 75.7861862, 24.7655296 ], [ 75.741806, 24.7603607 ], [ 75.6800461, 24.7278309 ], [ 75.6591873, 24.7017002 ], [ 75.613327, 24.6884212 ], [ 75.5819016, 24.7227001 ], [ 75.53508, 24.7200203 ], [ 75.4518967, 24.6932182 ], [ 75.2284088, 24.7350998 ], [ 75.1956177, 24.7600098 ], [ 75.1922989, 24.7887497 ], [ 75.2416916, 24.8609409 ], [ 75.2838211, 24.8500195 ], [ 75.3004913, 24.8152409 ], [ 75.417099, 24.8639011 ], [ 75.3259659, 24.8870087 ], [ 75.3113022, 24.8694611 ], [ 75.2614517, 24.8896599 ], [ 75.2879028, 24.92626 ], [ 75.317543, 24.9072208 ], [ 75.3374863, 24.9631004 ], [ 75.3104858, 25.0460796 ], [ 75.1547089, 25.0288696 ], [ 75.1643982, 24.9916611 ], [ 75.1157074, 24.9653912 ], [ 75.118866, 24.88904 ], [ 75.0735321, 24.88731 ], [ 75.0433884, 24.8592281 ], [ 75.0126114, 24.8740807 ], [ 74.944809, 24.8779106 ], [ 74.9125214, 24.8990994 ], [ 74.9005432, 24.9397411 ], [ 74.8672028, 24.9369411 ], [ 74.8327103, 24.9674511 ], [ 74.8271332, 24.8991299 ], [ 74.8558884, 24.8532009 ], [ 74.8585663, 24.8130608 ], [ 74.9051819, 24.7974606 ], [ 75.0129318, 24.793808 ], [ 74.9934311, 24.7527294 ], [ 74.9998932, 24.7084885 ], [ 74.9641113, 24.70047 ], [ 74.9438782, 24.6622829 ], [ 74.873436, 24.6694813 ], [ 74.8185425, 24.7653408 ], [ 74.776062, 24.68606 ], [ 74.8171082, 24.671669 ], [ 74.7834473, 24.6367607 ], [ 74.790123, 24.6107597 ], [ 74.7479706, 24.5968094 ], [ 74.7573166, 24.488821 ], [ 74.8145065, 24.4922104 ], [ 74.8574982, 24.4514999 ], [ 74.7846222, 24.3673611 ], [ 74.7725372, 24.2719803 ], [ 74.8754272, 24.278019 ], [ 74.9058533, 24.2337208 ], [ 74.8801727, 24.2164803 ], [ 74.9003372, 24.1743011 ], [ 74.9595184, 24.1100903 ], [ 74.9929886, 24.0297012 ], [ 74.9633484, 23.973671 ], [ 74.9146194, 23.9124699 ], [ 74.9051895, 23.8681107 ], [ 74.940567, 23.734869 ], [ 74.9242401, 23.7191505 ], [ 74.9242172, 23.6685009 ], [ 74.9397202, 23.6303711 ], [ 74.8860931, 23.6064301 ], [ 74.8514786, 23.5573998 ], [ 74.802887, 23.53405 ], [ 74.7740631, 23.5433025 ], [ 74.7423706, 23.5194798 ], [ 74.6133804, 23.461359 ], [ 74.573143, 23.419241 ], [ 74.5724106, 23.3833294 ], [ 74.5458298, 23.3638 ], [ 74.5336609, 23.3230305 ], [ 74.5485687, 23.2867603 ], [ 74.615303, 23.2846012 ], [ 74.6321411, 23.263401 ], [ 74.701149, 23.2721424 ], [ 74.745697, 23.2121105 ], [ 74.7155228, 23.1946697 ], [ 74.6691589, 23.2014904 ], [ 74.6080627, 23.1448231 ], [ 74.5457001, 23.1320705 ], [ 74.5354385, 23.101511 ], [ 74.467247, 23.0852585 ], [ 74.3911896, 23.1119995 ], [ 74.3227768, 23.0626907 ], [ 74.2825394, 23.0950108 ], [ 74.288147, 23.1187305 ], [ 74.2497787, 23.1784306 ], [ 74.2075424, 23.1920509 ], [ 74.182991, 23.1522198 ], [ 74.1270218, 23.1788502 ], [ 74.1361084, 23.2647209 ], [ 74.1065826, 23.2941208 ], [ 74.0487366, 23.2950611 ], [ 74.0326614, 23.3323498 ], [ 73.9907761, 23.3376293 ], [ 73.962471, 23.3813896 ], [ 73.9388962, 23.3414211 ], [ 73.8942719, 23.337141 ], [ 73.8667603, 23.395771 ], [ 73.826889, 23.4468403 ], [ 73.7830658, 23.4346104 ], [ 73.7647171, 23.45858 ], [ 73.7172165, 23.4188404 ], [ 73.704216, 23.45578 ], [ 73.6327515, 23.4523907 ], [ 73.637001, 23.5311279 ], [ 73.6607361, 23.6229 ], [ 73.6190186, 23.6514225 ], [ 73.5707474, 23.653511 ], [ 73.5267258, 23.6106205 ], [ 73.5013733, 23.6354408 ], [ 73.5103531, 23.6969795 ], [ 73.4792709, 23.7089729 ], [ 73.4508209, 23.7525902 ], [ 73.4000092, 23.7839775 ], [ 73.359848, 23.8546295 ], [ 73.3864975, 23.9057713 ], [ 73.4201202, 23.9234009 ], [ 73.4106064, 23.9983311 ], [ 73.4137573, 24.0510712 ], [ 73.3351822, 24.1151104 ], [ 73.326561, 24.0625 ], [ 73.2910309, 24.027401 ], [ 73.2525406, 24.0111198 ], [ 73.2006378, 24.0452404 ], [ 73.2238159, 24.0982208 ], [ 73.17173, 24.1113224 ], [ 73.1233978, 24.1403008 ], [ 73.0826874, 24.1849804 ], [ 73.116066, 24.2625904 ], [ 73.1733017, 24.3010502 ], [ 73.1801758, 24.3506699 ], [ 73.0849609, 24.3944702 ], [ 73.1062469, 24.4203205 ], [ 73.0943832, 24.49473 ], [ 73.0510406, 24.4652596 ], [ 72.9810028, 24.4510498 ], [ 72.9906158, 24.4208889 ], [ 72.9641876, 24.3922215 ], [ 72.9774933, 24.3588409 ], [ 72.923912, 24.3263206 ], [ 72.8681183, 24.3658104 ], [ 72.8153458, 24.3581905 ], [ 72.7325363, 24.361269 ], [ 72.6934662, 24.419281 ], [ 72.6930161, 24.4601612 ], [ 72.658638, 24.4564304 ], [ 72.588501, 24.4724998 ], [ 72.5421371, 24.5048695 ], [ 72.5005569, 24.4502907 ], [ 72.5100021, 24.4183426 ], [ 72.4646759, 24.4071198 ], [ 72.436676, 24.4605103 ], [ 72.4481506, 24.4933205 ], [ 72.386322, 24.5005112 ], [ 72.357933, 24.5525112 ], [ 72.2951202, 24.5384407 ], [ 72.2509995, 24.5801601 ], [ 72.2747498, 24.6222305 ], [ 72.2299881, 24.6328812 ], [ 72.1858978, 24.6094303 ], [ 72.1459503, 24.6348705 ], [ 72.0848999, 24.65275 ], [ 72.0852509, 24.69701 ], [ 72.0524902, 24.7057877 ], [ 71.9940796, 24.6775532 ], [ 71.9933929, 24.6567097 ], [ 71.9345093, 24.6268501 ], [ 71.9259262, 24.6620808 ], [ 71.8711014, 24.6722183 ], [ 71.8686829, 24.6234798 ], [ 71.8117676, 24.6218205 ], [ 71.8129272, 24.660881 ], [ 71.7845078, 24.6688595 ], [ 71.6615601, 24.6332588 ], [ 71.6165924, 24.670681 ], [ 71.536972, 24.6789207 ], [ 71.4883194, 24.673851 ], [ 71.3807373, 24.6213799 ], [ 71.3567123, 24.6540508 ], [ 71.2977371, 24.6076412 ], [ 71.119278, 24.6686497 ], [ 71.0860362, 24.6930297 ], [ 71.0764177, 24.7089064 ], [ 71.07423, 24.7133 ], [ 71.06745, 24.71765 ], [ 71.03297, 24.7864 ], [ 70.95564, 24.90167 ], [ 70.9179392, 24.9863927 ], [ 70.90166, 25.04943 ], [ 70.899524, 25.0592205 ], [ 70.88125, 25.14593 ], [ 70.7525, 25.27172 ], [ 70.73718, 25.32573 ], [ 70.66589, 25.39596 ], [ 70.67043, 25.50105 ], [ 70.66437, 25.55035 ], [ 70.67243, 25.66142 ], [ 70.64941, 25.71111 ], [ 70.64002, 25.71543 ], [ 70.6048, 25.71849 ], [ 70.52649, 25.68853 ], [ 70.37465, 25.68128 ], [ 70.2928358, 25.7067759 ], [ 70.27539, 25.71132 ], [ 70.2690953, 25.7170122 ], [ 70.2674496, 25.718501 ], [ 70.261654, 25.7326126 ], [ 70.25432, 25.75047 ], [ 70.2469656, 25.7625531 ], [ 70.2425, 25.76989 ], [ 70.236246, 25.7779954 ], [ 70.22507, 25.79248 ], [ 70.1770091, 25.838889 ], [ 70.14502, 25.86852 ], [ 70.0913, 25.96516 ], [ 70.08257, 26.07386 ], [ 70.08604, 26.08214 ], [ 70.08715, 26.08418 ], [ 70.09428, 26.09736 ], [ 70.1270416, 26.1403091 ], [ 70.12902, 26.14313 ], [ 70.14955, 26.17482 ], [ 70.15942, 26.19449 ], [ 70.16164, 26.20185 ], [ 70.17267, 26.24508 ], [ 70.1648, 26.29242 ], [ 70.16674, 26.307 ], [ 70.17831, 26.34977 ], [ 70.17599, 26.4333 ], [ 70.1839, 26.48683 ], [ 70.15821, 26.56104 ], [ 70.15022, 26.56829 ], [ 70.13893, 26.57439 ], [ 70.1104234, 26.5878474 ], [ 70.10688, 26.58952 ], [ 70.08844, 26.59557 ], [ 70.06619, 26.59929 ], [ 70.0452832, 26.5992735 ], [ 70.04041, 26.59953 ], [ 69.91094, 26.58231 ], [ 69.87931, 26.58109 ], [ 69.81536, 26.59216 ], [ 69.79484, 26.59998 ], [ 69.77326, 26.61295 ], [ 69.72187, 26.65384 ], [ 69.69898, 26.66507 ], [ 69.68975, 26.66795 ], [ 69.5137047, 26.7419373 ], [ 69.50765, 26.74845 ], [ 69.48373, 26.80623 ], [ 69.50094, 26.90033 ], [ 69.51321, 27.01687 ], [ 69.5355931, 27.0656382 ], [ 69.536491, 27.0675946 ], [ 69.57813, 27.16549 ], [ 69.58666, 27.17798 ], [ 69.60363, 27.19311 ], [ 69.66595, 27.25144 ], [ 69.6880508, 27.2691833 ], [ 69.69871, 27.27774 ], [ 69.72468, 27.29478 ], [ 69.7573955, 27.3192126 ], [ 69.7573996, 27.3192156 ], [ 69.7703853, 27.3289137 ], [ 69.86197, 27.40278 ], [ 69.92114, 27.4794 ], [ 69.9248847, 27.4850281 ], [ 69.95254, 27.51308 ], [ 70.0, 27.54505 ], [ 70.02457, 27.56969 ], [ 70.11352, 27.77468 ], [ 70.15695, 27.83405 ], [ 70.19092, 27.8665 ], [ 70.2076, 27.88538 ], [ 70.28134, 27.93042 ], [ 70.36617, 28.00825 ], [ 70.3821694, 28.0116588 ], [ 70.4086, 28.01729 ], [ 70.48974, 28.03437 ], [ 70.5022, 28.0350956 ], [ 70.50983, 28.03554 ], [ 70.5380812, 28.0294461 ], [ 70.55251, 28.02378 ], [ 70.67211, 27.91432 ], [ 70.67841, 27.83905 ], [ 70.68714, 27.82334 ], [ 70.68935, 27.81935 ], [ 70.75767, 27.71721 ], [ 70.81829, 27.71119 ], [ 70.84413, 27.70913 ], [ 70.8570085, 27.7068019 ], [ 70.86549, 27.70511 ], [ 70.88535, 27.70584 ], [ 71.093994, 27.7879045 ], [ 71.0994548, 27.7903212 ], [ 71.22108, 27.84276 ], [ 71.35252, 27.86608 ], [ 71.41967, 27.86943 ], [ 71.51136, 27.87361 ], [ 71.5494072, 27.8752729 ], [ 71.67488, 27.88552 ], [ 71.86823, 27.95196 ], [ 71.8858, 27.957 ], [ 71.89957, 27.9642 ], [ 71.92227, 28.11397 ], [ 71.9929356, 28.2043599 ], [ 72.01773, 28.22626 ], [ 72.1507132, 28.3301311 ], [ 72.15143, 28.33337 ], [ 72.1535172, 28.3349324 ], [ 72.1999817, 28.3847432 ], [ 72.20885, 28.39998 ], [ 72.2160315, 28.419953 ], [ 72.2285, 28.45463 ], [ 72.24325, 28.49636 ], [ 72.2443799, 28.5057592 ], [ 72.24936, 28.51077 ], [ 72.25342, 28.52703 ], [ 72.27962, 28.60142 ], [ 72.3135108, 28.6809977 ], [ 72.32982, 28.70384 ], [ 72.3535272, 28.7291331 ], [ 72.3535311, 28.7291373 ], [ 72.39619, 28.77465 ], [ 72.39683, 28.77514 ], [ 72.41142, 28.78622 ], [ 72.4256966, 28.7904865 ], [ 72.44088, 28.79536 ], [ 72.4898702, 28.814317 ], [ 72.4969393, 28.8179272 ], [ 72.6429253, 28.899871 ], [ 72.67655, 28.91881 ], [ 72.73019, 28.95012 ], [ 72.94442, 29.0341 ], [ 73.00574, 29.15677 ], [ 73.04434, 29.19803 ], [ 73.0966, 29.25538 ], [ 73.09702, 29.25681 ], [ 73.09827, 29.26109 ], [ 73.1175149, 29.2925098 ], [ 73.1255474, 29.3056238 ], [ 73.13088, 29.31433 ], [ 73.13201, 29.31868 ], [ 73.1558362, 29.3570122 ], [ 73.23255, 29.48589 ], [ 73.2338085, 29.4872446 ], [ 73.27791, 29.56422 ], [ 73.28586, 29.5849 ], [ 73.29928, 29.62648 ], [ 73.31018, 29.66025 ], [ 73.31699, 29.68274 ], [ 73.33292, 29.73377 ], [ 73.33452, 29.73601 ], [ 73.33613, 29.74003 ], [ 73.33603, 29.74496 ], [ 73.3427, 29.76276 ], [ 73.37782, 29.88097 ], [ 73.37802, 29.88379 ], [ 73.3787345, 29.8842374 ], [ 73.38479, 29.90214 ], [ 73.3878232, 29.9102877 ], [ 73.40829, 29.94754 ], [ 73.57822, 30.01012 ], [ 73.77041, 30.05809 ], [ 73.77681, 30.06118 ], [ 73.93191, 30.16719 ], [ 73.9456, 30.17632 ], [ 73.96526, 30.1913 ], [ 73.9664094, 30.1944843 ], [ 73.962471, 30.1275005 ], [ 73.898407, 30.0536499 ], [ 73.8811264, 29.9962807 ], [ 73.8911819, 29.9700699 ], [ 74.0691986, 29.9688721 ], [ 74.2519073, 29.9552593 ], [ 74.5190659, 29.9433498 ] ] ] ] } },
{ "type": "Feature", "properties": { "POLYGON_ID": "IND_GAUL2012_ADM1_1507", "ADM0_ISO3": "IND", "ADM0_NAME": "India", "ADM0_CODE": 115, "ADM1_NAME": "Sikkim", "ADM1_CODE": 1507, "GEOSET": "GAUL", "GEOSET_YEAR": 2012.0, "GEOSET_VERSION": "GAUL_v1", "GEOSET_UNIT": "ADM1", "CENTROID_LONG": 88.476828529050664, "CENTROID_LAT": 27.566088713930757 }, "geometry": { "type": "MultiPolygon", "coordinates": [ [ [ [ 88.8038066, 27.1728957 ], [ 88.7325363, 27.1373501 ], [ 88.6844101, 27.1802311 ], [ 88.6595993, 27.1622105 ], [ 88.5914764, 27.194458 ], [ 88.5204773, 27.1750298 ], [ 88.5217133, 27.150341 ], [ 88.4319458, 27.0816097 ], [ 88.3638763, 27.0984211 ], [ 88.3044968, 27.1286011 ], [ 88.2325058, 27.1197701 ], [ 88.1789932, 27.1347122 ], [ 88.1584396, 27.1143513 ], [ 88.0858459, 27.14151 ], [ 88.058197, 27.2138901 ], [ 88.0169284, 27.2188688 ], [ 88.0350202, 27.2894669 ], [ 88.0668045, 27.3384924 ], [ 88.0443424, 27.367266 ], [ 88.0719173, 27.4467757 ], [ 88.044506, 27.487988 ], [ 88.0791509, 27.5825002 ], [ 88.1216481, 27.6162885 ], [ 88.1205535, 27.643224 ], [ 88.1532473, 27.692003 ], [ 88.1592436, 27.7402109 ], [ 88.1948879, 27.7931777 ], [ 88.1743769, 27.8194469 ], [ 88.2019311, 27.8419566 ], [ 88.1350784, 27.8819296 ], [ 88.11811, 27.91854 ], [ 88.15403, 27.96133 ], [ 88.19184, 27.947 ], [ 88.23982, 27.97073 ], [ 88.25592, 27.94427 ], [ 88.3549, 27.98982 ], [ 88.39866, 27.98019 ], [ 88.47662, 28.0373 ], [ 88.552, 28.03161 ], [ 88.55875, 28.07584 ], [ 88.5935386, 28.0829001 ], [ 88.64313, 28.11513 ], [ 88.67399, 28.07185 ], [ 88.76187, 28.072 ], [ 88.84313, 28.0 ], [ 88.84459, 27.92522 ], [ 88.8802185, 27.8929822 ], [ 88.88283, 27.8333 ], [ 88.86099, 27.81569 ], [ 88.86891, 27.74705 ], [ 88.8483, 27.71469 ], [ 88.84985, 27.67494 ], [ 88.81432, 27.64479 ], [ 88.81149, 27.6106 ], [ 88.76847, 27.56749 ], [ 88.79561, 27.52516 ], [ 88.78117, 27.46684 ], [ 88.83623, 27.38194 ], [ 88.91847, 27.32924 ], [ 88.9233194, 27.2728382 ], [ 88.91918, 27.26089 ], [ 88.91587, 27.23989 ], [ 88.9093, 27.23307 ], [ 88.88229, 27.22422 ], [ 88.86754, 27.22699 ], [ 88.85955, 27.22668 ], [ 88.8409, 27.21996 ], [ 88.80688, 27.18338 ], [ 88.8038066, 27.1728957 ] ] ] ] } },
{ "type": "Feature", "properties": { "POLYGON_ID": "IND_GAUL2012_ADM1_1508", "ADM0_ISO3": "IND", "ADM0_NAME": "India", "ADM0_CODE": 115, "ADM1_NAME": "Tamil Nadu", "ADM1_CODE": 1508, "GEOSET": "GAUL", "GEOSET_YEAR": 2012.0, "GEOSET_VERSION": "GAUL_v1", "GEOSET_UNIT": "ADM1", "CENTROID_LONG": 78.401293054041858, "CENTROID_LAT": 11.007135551717031 }, "geometry": { "type": "MultiPolygon", "coordinates": [ [ [ [ 80.3265548, 13.4440331 ], [ 80.3471303, 13.3141585 ], [ 80.3464637, 13.2778992 ], [ 80.3094175, 13.1636922 ], [ 80.2597108, 12.9370794 ], [ 80.2476601, 12.8298146 ], [ 80.2549048, 12.7808856 ], [ 80.1705723, 12.5378342 ], [ 80.155364, 12.4650981 ], [ 80.1167263, 12.40602 ], [ 80.0304623, 12.2966694 ], [ 79.9926299, 12.2286654 ], [ 79.8855242, 12.0635214 ], [ 79.857015, 12.0048729 ], [ 79.8374742, 11.9405427 ], [ 79.8045883, 11.9631414 ], [ 79.7478409, 11.9289017 ], [ 79.7058487, 11.9773693 ], [ 79.6841431, 11.9272194 ], [ 79.7248993, 11.89151 ], [ 79.6934509, 11.8538904 ], [ 79.7549515, 11.8578405 ], [ 79.8009141, 11.807963 ], [ 79.7609744, 11.6237424 ], [ 79.7659409, 11.526593 ], [ 79.8050688, 11.4468283 ], [ 79.8355574, 11.3631579 ], [ 79.8371252, 11.3028212 ], [ 79.8582263, 11.1363388 ], [ 79.8547959, 10.9760355 ], [ 79.8014526, 10.9862127 ], [ 79.7526016, 10.9798927 ], [ 79.7092285, 10.9132004 ], [ 79.8027878, 10.8711319 ], [ 79.8197632, 10.8111019 ], [ 79.851153, 10.8137518 ], [ 79.8554975, 10.6114542 ], [ 79.869377, 10.3909464 ], [ 79.8841192, 10.3111792 ], [ 79.8400465, 10.2755394 ], [ 79.7439179, 10.2742677 ], [ 79.7671323, 10.2986981 ], [ 79.6961574, 10.32509 ], [ 79.6374774, 10.3202791 ], [ 79.6057051, 10.2940138 ], [ 79.5355396, 10.3044226 ], [ 79.496412, 10.321778 ], [ 79.3799053, 10.3134211 ], [ 79.367241, 10.2926641 ], [ 79.3194293, 10.2772338 ], [ 79.2738594, 10.2408005 ], [ 79.2802352, 10.2122564 ], [ 79.2381077, 10.1703175 ], [ 79.2295419, 10.0877893 ], [ 79.2639431, 10.0372964 ], [ 79.2428202, 10.0253243 ], [ 79.1255233, 9.8903299 ], [ 79.1213701, 9.8546747 ], [ 79.0884673, 9.8254532 ], [ 78.9807855, 9.688953 ], [ 78.9558137, 9.6250324 ], [ 78.934833, 9.6084464 ], [ 78.9219153, 9.526319 ], [ 78.9008607, 9.4684301 ], [ 78.9199219, 9.4336532 ], [ 78.9819228, 9.3611547 ], [ 79.0546107, 9.3054266 ], [ 79.1300886, 9.2866931 ], [ 79.0938059, 9.2600079 ], [ 78.9984311, 9.2721195 ], [ 78.9469124, 9.2709716 ], [ 78.9054584, 9.2498338 ], [ 78.8752438, 9.2567454 ], [ 78.7275076, 9.2091716 ], [ 78.7185034, 9.1904015 ], [ 78.6642305, 9.1941126 ], [ 78.6527421, 9.1580198 ], [ 78.5790575, 9.1311329 ], [ 78.5166892, 9.1352716 ], [ 78.4116953, 9.111237 ], [ 78.3363456, 9.0512157 ], [ 78.209813, 8.9598271 ], [ 78.170201, 8.8836985 ], [ 78.1577873, 8.7708758 ], [ 78.1795764, 8.7664941 ], [ 78.137969, 8.6929193 ], [ 78.1269917, 8.622853 ], [ 78.1386528, 8.5886776 ], [ 78.1269294, 8.4913688 ], [ 78.0665707, 8.4197231 ], [ 78.0663853, 8.3720378 ], [ 77.9736189, 8.3336992 ], [ 77.8899101, 8.2742731 ], [ 77.8089568, 8.243136 ], [ 77.7762231, 8.1962952 ], [ 77.7153219, 8.1665071 ], [ 77.6170557, 8.1513517 ], [ 77.5590367, 8.1195732 ], [ 77.5499721, 8.078403 ], [ 77.4480209, 8.0937733 ], [ 77.3342228, 8.1257365 ], [ 77.1841681, 8.2190827 ], [ 77.0907393, 8.2973478 ], [ 77.0907215, 8.2973614 ], [ 77.0906982, 8.2973792 ], [ 77.1219482, 8.3229418 ], [ 77.1497726, 8.3219414 ], [ 77.1536865, 8.3774405 ], [ 77.1886826, 8.4347401 ], [ 77.190918, 8.4881907 ], [ 77.2475433, 8.50138 ], [ 77.2651596, 8.5374498 ], [ 77.2282791, 8.6129007 ], [ 77.1984787, 8.6410999 ], [ 77.1765213, 8.7350216 ], [ 77.2146759, 8.7757607 ], [ 77.2470474, 8.8318796 ], [ 77.2398682, 8.8680611 ], [ 77.2062531, 8.8931818 ], [ 77.1801682, 8.9470196 ], [ 77.1321793, 9.0118494 ], [ 77.180191, 9.0448017 ], [ 77.1958618, 9.0884218 ], [ 77.2517776, 9.1430416 ], [ 77.250267, 9.1902399 ], [ 77.2668228, 9.2908793 ], [ 77.32061, 9.3510895 ], [ 77.3216782, 9.4056501 ], [ 77.3516083, 9.4497013 ], [ 77.3722382, 9.4452705 ], [ 77.3962326, 9.496542 ], [ 77.304306, 9.5930405 ], [ 77.2611389, 9.56668 ], [ 77.2228088, 9.5727901 ], [ 77.1859665, 9.6059227 ], [ 77.165657, 9.6482296 ], [ 77.2082291, 9.7216702 ], [ 77.209816, 9.7799406 ], [ 77.2237396, 9.8429613 ], [ 77.1991119, 9.8659811 ], [ 77.2219162, 9.9228201 ], [ 77.2614212, 9.9637213 ], [ 77.2489319, 10.015811 ], [ 77.1881409, 10.0956516 ], [ 77.2610168, 10.1286917 ], [ 77.2644119, 10.17974 ], [ 77.2505493, 10.2537508 ], [ 77.2144928, 10.3058014 ], [ 77.2221603, 10.3403006 ], [ 77.1629562, 10.3462811 ], [ 77.0460968, 10.2742901 ], [ 77.0385513, 10.2481594 ], [ 76.9814529, 10.2199097 ], [ 76.8923187, 10.2326708 ], [ 76.8620682, 10.2825499 ], [ 76.8196716, 10.2952404 ], [ 76.8393478, 10.3597097 ], [ 76.8073273, 10.4149199 ], [ 76.8174515, 10.4384909 ], [ 76.8297272, 10.585062 ], [ 76.8049927, 10.6263418 ], [ 76.8726196, 10.6294317 ], [ 76.8750458, 10.7067194 ], [ 76.8975067, 10.7707996 ], [ 76.859993, 10.7998018 ], [ 76.8175583, 10.8618011 ], [ 76.7729874, 10.8816414 ], [ 76.7326889, 10.8809805 ], [ 76.6527863, 10.91996 ], [ 76.6604462, 10.9604607 ], [ 76.6904068, 11.0174999 ], [ 76.7344971, 11.0638895 ], [ 76.7406082, 11.10991 ], [ 76.6966782, 11.1326809 ], [ 76.6860123, 11.1577015 ], [ 76.7265472, 11.2064705 ], [ 76.6969681, 11.2313309 ], [ 76.6230392, 11.1856709 ], [ 76.5777817, 11.1968412 ], [ 76.5212326, 11.1902704 ], [ 76.506012, 11.2019806 ], [ 76.4428787, 11.2000914 ], [ 76.4463882, 11.2304602 ], [ 76.5135269, 11.26196 ], [ 76.5397873, 11.3209515 ], [ 76.5382004, 11.3515902 ], [ 76.4483871, 11.3814192 ], [ 76.3614807, 11.4479609 ], [ 76.3209076, 11.4446993 ], [ 76.2579269, 11.4732227 ], [ 76.2332001, 11.5186796 ], [ 76.2257462, 11.5644407 ], [ 76.2709732, 11.5929089 ], [ 76.2978973, 11.5643311 ], [ 76.370697, 11.5934696 ], [ 76.3800659, 11.6224194 ], [ 76.4212875, 11.6251001 ], [ 76.4234619, 11.6593208 ], [ 76.4513626, 11.6551209 ], [ 76.5042114, 11.698041 ], [ 76.5404205, 11.6705093 ], [ 76.553627, 11.6129198 ], [ 76.607872, 11.6004419 ], [ 76.7513962, 11.6067095 ], [ 76.8509064, 11.6018295 ], [ 76.8300323, 11.6490393 ], [ 76.8535614, 11.698782 ], [ 76.880867, 11.7245913 ], [ 76.8996887, 11.7832718 ], [ 76.9444427, 11.7813416 ], [ 77.0044327, 11.8030205 ], [ 77.0412598, 11.7775898 ], [ 77.0758896, 11.7238913 ], [ 77.1138916, 11.7618294 ], [ 77.2417374, 11.8024597 ], [ 77.2848129, 11.7983618 ], [ 77.3261185, 11.7589397 ], [ 77.3551559, 11.7783718 ], [ 77.412468, 11.7622805 ], [ 77.4310532, 11.7716827 ], [ 77.4904327, 11.92974 ], [ 77.573288, 11.9240103 ], [ 77.6637115, 11.95296 ], [ 77.6894531, 12.0099497 ], [ 77.7461014, 12.0693216 ], [ 77.7670059, 12.1091404 ], [ 77.7402496, 12.1292896 ], [ 77.7263565, 12.1673193 ], [ 77.6041183, 12.1951618 ], [ 77.5113068, 12.1839714 ], [ 77.4656677, 12.202261 ], [ 77.4701767, 12.2618694 ], [ 77.5183411, 12.2695303 ], [ 77.5560989, 12.2971601 ], [ 77.6038284, 12.3537512 ], [ 77.625206, 12.4772615 ], [ 77.5785065, 12.5070114 ], [ 77.5700531, 12.5579319 ], [ 77.5978165, 12.6210203 ], [ 77.5903397, 12.6575413 ], [ 77.6542892, 12.6741695 ], [ 77.6678085, 12.6506405 ], [ 77.7502365, 12.6871605 ], [ 77.7583694, 12.7293205 ], [ 77.8255997, 12.8589897 ], [ 77.927803, 12.8504705 ], [ 77.9813461, 12.810421 ], [ 78.0221558, 12.8412218 ], [ 78.0645676, 12.8301697 ], [ 78.1206665, 12.7700119 ], [ 78.2206497, 12.7525902 ], [ 78.2274475, 12.6892805 ], [ 78.2644272, 12.6918402 ], [ 78.2904587, 12.6529217 ], [ 78.3683395, 12.6118402 ], [ 78.4596176, 12.6174107 ], [ 78.4576569, 12.6622496 ], [ 78.5522461, 12.6970911 ], [ 78.5456467, 12.7286119 ], [ 78.5800705, 12.7672405 ], [ 78.591568, 12.8385506 ], [ 78.6247711, 12.9141808 ], [ 78.6202469, 12.9739103 ], [ 78.6511078, 13.0179319 ], [ 78.6937561, 13.0043917 ], [ 78.702446, 13.0561504 ], [ 78.7395172, 13.0454912 ], [ 78.8008728, 13.0755301 ], [ 78.9458466, 13.0635099 ], [ 78.9817429, 13.0762005 ], [ 79.0532684, 13.0379906 ], [ 79.0690689, 13.0141506 ], [ 79.1043777, 13.0242205 ], [ 79.1527023, 13.0072927 ], [ 79.1933212, 13.0896902 ], [ 79.2263565, 13.1346102 ], [ 79.271286, 13.1380606 ], [ 79.2987671, 13.1148319 ], [ 79.3500977, 13.1254501 ], [ 79.3477707, 13.1630192 ], [ 79.3843765, 13.184721 ], [ 79.4205933, 13.1844616 ], [ 79.407341, 13.2376614 ], [ 79.4217758, 13.2866602 ], [ 79.4173203, 13.3219595 ], [ 79.4546433, 13.3243208 ], [ 79.5357819, 13.3110695 ], [ 79.5653763, 13.2494011 ], [ 79.6011429, 13.2677298 ], [ 79.6685333, 13.2819309 ], [ 79.6711121, 13.2358427 ], [ 79.7443771, 13.194911 ], [ 79.7832565, 13.2281618 ], [ 79.7217789, 13.2657309 ], [ 79.7798004, 13.2820702 ], [ 79.800293, 13.3043213 ], [ 79.8511658, 13.3034306 ], [ 79.9255066, 13.3359394 ], [ 79.9535828, 13.3741102 ], [ 79.9618607, 13.4512796 ], [ 79.9953766, 13.4594507 ], [ 80.0058975, 13.487771 ], [ 79.9896774, 13.5267601 ], [ 80.0454178, 13.5219812 ], [ 80.0694427, 13.537591 ], [ 80.1003571, 13.5051994 ], [ 80.1520996, 13.4788799 ], [ 80.2162476, 13.4818316 ], [ 80.2598877, 13.4473619 ], [ 80.2759705, 13.389142 ], [ 80.3153687, 13.3714514 ], [ 80.3116379, 13.4180794 ], [ 80.3265548, 13.4440331 ] ] ], [ [ [ 79.3260018, 9.2939078 ], [ 79.3279078, 9.2596423 ], [ 79.2917007, 9.2493856 ], [ 79.225449, 9.2597243 ], [ 79.2201411, 9.2917066 ], [ 79.2682329, 9.2940565 ], [ 79.3119669, 9.328307 ], [ 79.3260018, 9.2939078 ] ] ] ] } },
{ "type": "Feature", "properties": { "POLYGON_ID": "IND_GAUL2012_ADM1_1509", "ADM0_ISO3": "IND", "ADM0_NAME": "India", "ADM0_CODE": 115, "ADM1_NAME": "Tripura", "ADM1_CODE": 1509, "GEOSET": "GAUL", "GEOSET_YEAR": 2012.0, "GEOSET_VERSION": "GAUL_v1", "GEOSET_UNIT": "ADM1", "CENTROID_LONG": 91.742391951591358, "CENTROID_LAT": 23.747310576630149 }, "geometry": { "type": "MultiPolygon", "coordinates": [ [ [ [ 92.296608, 24.25173 ], [ 92.3246078, 24.2057896 ], [ 92.3270187, 24.0764408 ], [ 92.3171616, 24.0176277 ], [ 92.3290558, 23.9896507 ], [ 92.3134003, 23.9345322 ], [ 92.3311462, 23.9118023 ], [ 92.3098602, 23.8626404 ], [ 92.287796, 23.8669586 ], [ 92.2593994, 23.814991 ], [ 92.2691273, 23.7161753 ], [ 92.2395, 23.7077 ], [ 92.23718, 23.69298 ], [ 92.23324, 23.68462 ], [ 92.2308546, 23.6795539 ], [ 92.2220794, 23.6535469 ], [ 92.22077, 23.65182 ], [ 92.20889, 23.65944 ], [ 92.20859, 23.67128 ], [ 92.21014, 23.68009 ], [ 92.2102705, 23.6908086 ], [ 92.21146, 23.69633 ], [ 92.19984, 23.70319 ], [ 92.1982643, 23.7061759 ], [ 92.19565, 23.71113 ], [ 92.1777, 23.73206 ], [ 92.16891, 23.73485 ], [ 92.13574, 23.71741 ], [ 92.1340058, 23.7162524 ], [ 92.13183, 23.7148 ], [ 92.12288, 23.70429 ], [ 92.1166983, 23.6952073 ], [ 92.11544, 23.69336 ], [ 92.11415, 23.6923 ], [ 92.1091, 23.68817 ], [ 92.1058159, 23.6863487 ], [ 92.10223, 23.68436 ], [ 92.0946054, 23.6774696 ], [ 92.09285, 23.67739 ], [ 92.08797, 23.67717 ], [ 92.08457, 23.67412 ], [ 92.07746, 23.65057 ], [ 92.0766701, 23.6493109 ], [ 92.07411, 23.64523 ], [ 92.0666559, 23.6426429 ], [ 92.02236, 23.64523 ], [ 92.01598, 23.66068 ], [ 92.00436, 23.67647 ], [ 91.98923, 23.69355 ], [ 91.9577057, 23.7269717 ], [ 91.95375, 23.72646 ], [ 91.94946, 23.7202 ], [ 91.94896, 23.71947 ], [ 91.94834, 23.71284 ], [ 91.9469064, 23.6972376 ], [ 91.94645, 23.69213 ], [ 91.93781, 23.68024 ], [ 91.93828, 23.66702 ], [ 91.93874, 23.65413 ], [ 91.94408, 23.62318 ], [ 91.9527, 23.5781 ], [ 91.9600297, 23.5551011 ], [ 91.9602805, 23.5456586 ], [ 91.96043, 23.54021 ], [ 91.96142, 23.51203 ], [ 91.96636, 23.50388 ], [ 91.96649, 23.49271 ], [ 91.96655, 23.48715 ], [ 91.96133, 23.47763 ], [ 91.95138, 23.46869 ], [ 91.94035, 23.45379 ], [ 91.9392541, 23.4456532 ], [ 91.88912, 23.42875 ], [ 91.88271, 23.42492 ], [ 91.8641752, 23.4095164 ], [ 91.85707, 23.40452 ], [ 91.8561666, 23.4038988 ], [ 91.85303, 23.40374 ], [ 91.82796, 23.3638 ], [ 91.8164218, 23.3523874 ], [ 91.7725569, 23.2703355 ], [ 91.77041, 23.2676 ], [ 91.7746815, 23.2592206 ], [ 91.7756491, 23.2566523 ], [ 91.7749929, 23.2549177 ], [ 91.77389, 23.25201 ], [ 91.7752278, 23.2411833 ], [ 91.77983, 23.23955 ], [ 91.78378, 23.22572 ], [ 91.7887132, 23.2084215 ], [ 91.78913, 23.20696 ], [ 91.78832, 23.20006 ], [ 91.79187, 23.19715 ], [ 91.80532, 23.16718 ], [ 91.80405, 23.15866 ], [ 91.8084072, 23.1412835 ], [ 91.80785, 23.13696 ], [ 91.80836, 23.13424 ], [ 91.80987, 23.12622 ], [ 91.81159, 23.12108 ], [ 91.81201, 23.11982 ], [ 91.8129408, 23.1170301 ], [ 91.81376, 23.10107 ], [ 91.8140693, 23.1002769 ], [ 91.81509, 23.09766 ], [ 91.8174271, 23.0975519 ], [ 91.82179, 23.09735 ], [ 91.82792, 23.09061 ], [ 91.8247989, 23.0862134 ], [ 91.82146, 23.08151 ], [ 91.818977, 23.0796443 ], [ 91.81611, 23.07749 ], [ 91.81503, 23.07441 ], [ 91.81474, 23.07356 ], [ 91.8139529, 23.0708299 ], [ 91.7972286, 23.0610012 ], [ 91.793735, 23.0639754 ], [ 91.78936, 23.0677 ], [ 91.78637, 23.06855 ], [ 91.77557, 23.06417 ], [ 91.7748811, 23.06239 ], [ 91.7807048, 23.0369361 ], [ 91.7799, 23.03311 ], [ 91.75807, 23.02362 ], [ 91.7558614, 23.0214637 ], [ 91.746, 23.01187 ], [ 91.7429633, 23.0098111 ], [ 91.73651, 23.00545 ], [ 91.7321442, 23.0011969 ], [ 91.7167215, 22.9850335 ], [ 91.7121, 22.98285 ], [ 91.64245, 22.97524 ], [ 91.63804, 22.97017 ], [ 91.6336835, 22.9616755 ], [ 91.63297, 22.95964 ], [ 91.63012, 22.95522 ], [ 91.6244913, 22.9546254 ], [ 91.62496, 22.95178 ], [ 91.62531, 22.94982 ], [ 91.6248653, 22.9489789 ], [ 91.62273, 22.94494 ], [ 91.623472, 22.940846 ], [ 91.61688, 22.92935 ], [ 91.61399, 22.92959 ], [ 91.6146447, 22.9315159 ], [ 91.61674, 22.93768 ], [ 91.60834, 22.9547 ], [ 91.6124563, 22.958007 ], [ 91.61065, 22.96015 ], [ 91.60451, 22.96745 ], [ 91.58215, 22.9699 ], [ 91.5745341, 22.9637269 ], [ 91.5439617, 22.9976662 ], [ 91.5437, 22.9996 ], [ 91.5435, 23.00104 ], [ 91.5432207, 23.0112774 ], [ 91.54218, 23.0161 ], [ 91.538913, 23.0212216 ], [ 91.53834, 23.02212 ], [ 91.5408171, 23.0283172 ], [ 91.54163, 23.03578 ], [ 91.5381789, 23.0391913 ], [ 91.53248, 23.04428 ], [ 91.52237, 23.05084 ], [ 91.52634, 23.07617 ], [ 91.5286202, 23.0879366 ], [ 91.5201, 23.09437 ], [ 91.51872, 23.09775 ], [ 91.51797, 23.0996 ], [ 91.50482, 23.12542 ], [ 91.50658, 23.12773 ], [ 91.509058, 23.1328203 ], [ 91.50884, 23.14029 ], [ 91.5088196, 23.14112 ], [ 91.50085, 23.14184 ], [ 91.50108, 23.15102 ], [ 91.4956302, 23.1560657 ], [ 91.49191, 23.15951 ], [ 91.4901094, 23.1887273 ], [ 91.48298, 23.18931 ], [ 91.4787412, 23.1896495 ], [ 91.4721662, 23.1942437 ], [ 91.47733, 23.19929 ], [ 91.47618, 23.21325 ], [ 91.46884, 23.21811 ], [ 91.46272, 23.21521 ], [ 91.45704, 23.21415 ], [ 91.45322, 23.21726 ], [ 91.45439, 23.21981 ], [ 91.4569222, 23.2218079 ], [ 91.46093, 23.22497 ], [ 91.45589, 23.23614 ], [ 91.44698, 23.24394 ], [ 91.42766, 23.25905 ], [ 91.41628, 23.25932 ], [ 91.41374, 23.25938 ], [ 91.4086144, 23.2590871 ], [ 91.39169, 23.25812 ], [ 91.3967284, 23.2472435 ], [ 91.39415, 23.24102 ], [ 91.3894578, 23.2310041 ], [ 91.38599, 23.22471 ], [ 91.38358, 23.21355 ], [ 91.38157, 23.19845 ], [ 91.3821767, 23.1930079 ], [ 91.38259, 23.1893 ], [ 91.3811892, 23.1822776 ], [ 91.37978, 23.17523 ], [ 91.3814125, 23.164747 ], [ 91.40693, 23.06439 ], [ 91.4056603, 23.0607316 ], [ 91.40373, 23.05517 ], [ 91.3682918, 23.0674706 ], [ 91.36408, 23.0715 ], [ 91.32625, 23.1486 ], [ 91.3245, 23.1575 ], [ 91.32321, 23.17319 ], [ 91.31977, 23.24731 ], [ 91.3026901, 23.296958 ], [ 91.30606, 23.29788 ], [ 91.3073, 23.3013 ], [ 91.29022, 23.32843 ], [ 91.2942152, 23.3302932 ], [ 91.30356, 23.33887 ], [ 91.30553, 23.344 ], [ 91.31031, 23.34779 ], [ 91.3141698, 23.3494716 ], [ 91.3137382, 23.3533848 ], [ 91.31349, 23.35565 ], [ 91.30653, 23.35569 ], [ 91.29532, 23.35139 ], [ 91.28983, 23.34929 ], [ 91.28889, 23.35546 ], [ 91.28437, 23.36963 ], [ 91.28707, 23.37445 ], [ 91.25089, 23.43565 ], [ 91.24731, 23.45884 ], [ 91.24341, 23.48408 ], [ 91.1970527, 23.5195345 ], [ 91.19925, 23.52327 ], [ 91.2013282, 23.5268053 ], [ 91.20815, 23.53841 ], [ 91.2078331, 23.539685 ], [ 91.19652, 23.54452 ], [ 91.19282, 23.55932 ], [ 91.1641854, 23.5924534 ], [ 91.16258, 23.5952 ], [ 91.15762, 23.6102 ], [ 91.1544649, 23.6261559 ], [ 91.15757, 23.65125 ], [ 91.16126, 23.66098 ], [ 91.16354, 23.667 ], [ 91.1646955, 23.6658188 ], [ 91.16534, 23.66516 ], [ 91.1969986, 23.6479493 ], [ 91.1975242, 23.6555189 ], [ 91.19625, 23.6876 ], [ 91.15558, 23.6904 ], [ 91.1526342, 23.6981106 ], [ 91.1512573, 23.7061071 ], [ 91.15128, 23.7118 ], [ 91.16267, 23.74195 ], [ 91.21331, 23.73918 ], [ 91.21933, 23.74576 ], [ 91.22311, 23.75427 ], [ 91.2266983, 23.7623518 ], [ 91.22601, 23.78698 ], [ 91.2297718, 23.8023604 ], [ 91.246, 23.83336 ], [ 91.2284, 23.88752 ], [ 91.22943, 23.89275 ], [ 91.2338371, 23.8972231 ], [ 91.24079, 23.90428 ], [ 91.2413, 23.90771 ], [ 91.2418626, 23.9114554 ], [ 91.24181, 23.91944 ], [ 91.26312, 23.9239 ], [ 91.2642733, 23.9243895 ], [ 91.26656, 23.92536 ], [ 91.2638001, 23.9431488 ], [ 91.26472, 23.9473 ], [ 91.26186, 23.95875 ], [ 91.28083, 23.96669 ], [ 91.2810181, 23.966795 ], [ 91.28934, 23.97144 ], [ 91.30246, 23.98766 ], [ 91.3259635, 23.9853849 ], [ 91.33965, 23.98406 ], [ 91.3551842, 23.9807564 ], [ 91.3702, 23.97757 ], [ 91.3707102, 23.9808654 ], [ 91.3942488, 24.0496143 ], [ 91.39199, 24.05814 ], [ 91.38091, 24.10224 ], [ 91.3862575, 24.1068383 ], [ 91.39665, 24.10963 ], [ 91.40442, 24.10905 ], [ 91.41267, 24.10844 ], [ 91.4200067, 24.1053056 ], [ 91.43596, 24.09849 ], [ 91.4886, 24.0927 ], [ 91.508294, 24.0838512 ], [ 91.55909, 24.07447 ], [ 91.58554, 24.07446 ], [ 91.59144, 24.07643 ], [ 91.59444, 24.07743 ], [ 91.632556, 24.099013 ], [ 91.63786, 24.1053 ], [ 91.6391376, 24.1151726 ], [ 91.6392897, 24.1163476 ], [ 91.63891, 24.12369 ], [ 91.63759, 24.14933 ], [ 91.645724, 24.1750332 ], [ 91.6525589, 24.1871902 ], [ 91.6509978, 24.1981732 ], [ 91.6479, 24.21699 ], [ 91.65212, 24.22696 ], [ 91.65884, 24.22827 ], [ 91.670781, 24.200652 ], [ 91.6761, 24.18835 ], [ 91.68173, 24.17534 ], [ 91.6847084, 24.1684619 ], [ 91.68794, 24.16456 ], [ 91.69279, 24.15935 ], [ 91.75515, 24.14023 ], [ 91.756543, 24.142287 ], [ 91.75794, 24.14435 ], [ 91.75953, 24.15907 ], [ 91.7563, 24.16948 ], [ 91.75459, 24.17501 ], [ 91.7550432, 24.1783724 ], [ 91.7540491, 24.1829958 ], [ 91.74718, 24.20303 ], [ 91.74402, 24.23163 ], [ 91.7466816, 24.234356 ], [ 91.76548, 24.23197 ], [ 91.7826954, 24.2227696 ], [ 91.80984, 24.21135 ], [ 91.81684, 24.21174 ], [ 91.83401, 24.22359 ], [ 91.84147, 24.22536 ], [ 91.84205, 24.22453 ], [ 91.8451079, 24.2200998 ], [ 91.84693, 24.21746 ], [ 91.8434861, 24.2105535 ], [ 91.8436995, 24.1889505 ], [ 91.8537167, 24.1856562 ], [ 91.8561611, 24.1839389 ], [ 91.86198, 24.17812 ], [ 91.88316, 24.14282 ], [ 91.8861161, 24.142307 ], [ 91.91211, 24.17066 ], [ 91.91633, 24.20294 ], [ 91.93333, 24.27945 ], [ 91.9205551, 24.32658 ], [ 91.93661, 24.33989 ], [ 91.9391451, 24.3419937 ], [ 91.94222, 24.34454 ], [ 91.9663086, 24.3494205 ], [ 91.96721, 24.34774 ], [ 91.9759107, 24.3313579 ], [ 91.97788, 24.32765 ], [ 91.98811, 24.31915 ], [ 91.99644, 24.32644 ], [ 91.99027, 24.34259 ], [ 91.9877262, 24.3462916 ], [ 91.98559, 24.3494 ], [ 91.98142, 24.35548 ], [ 91.96969, 24.36639 ], [ 91.97059, 24.37749 ], [ 91.98019, 24.37655 ], [ 92.0003, 24.38088 ], [ 92.01051, 24.38316 ], [ 92.02354, 24.38274 ], [ 92.0328516, 24.3805158 ], [ 92.0618191, 24.3775676 ], [ 92.0871, 24.37391 ], [ 92.0887277, 24.3737885 ], [ 92.09898, 24.37427 ], [ 92.10563, 24.37458 ], [ 92.1083, 24.3758912 ], [ 92.11123, 24.37733 ], [ 92.11973, 24.38151 ], [ 92.13249, 24.39209 ], [ 92.14359, 24.4203 ], [ 92.1431885, 24.4365744 ], [ 92.1288, 24.51312 ], [ 92.1822026, 24.5550542 ], [ 92.2342682, 24.5004406 ], [ 92.2310867, 24.4603806 ], [ 92.2565002, 24.4363022 ], [ 92.2730865, 24.3884506 ], [ 92.2128525, 24.2493095 ], [ 92.296608, 24.25173 ] ] ] ] } },
{ "type": "Feature", "properties": { "POLYGON_ID": "IND_GAUL2012_ADM1_1511", "ADM0_ISO3": "IND", "ADM0_NAME": "India", "ADM0_CODE": 115, "ADM1_NAME": "West Bengal", "ADM1_CODE": 1511, "GEOSET": "GAUL", "GEOSET_YEAR": 2012.0, "GEOSET_VERSION": "GAUL_v1", "GEOSET_UNIT": "ADM1", "CENTROID_LONG": 87.97049655670277, "CENTROID_LAT": 23.843385745784371 }, "geometry": { "type": "MultiPolygon", "coordinates": [ [ [ [ 88.8038066, 27.1728957 ], [ 88.79983, 27.15933 ], [ 88.79299, 27.1477 ], [ 88.7813, 27.14088 ], [ 88.77342, 27.13803 ], [ 88.76755, 27.12493 ], [ 88.76604, 27.12159 ], [ 88.75972, 27.11429 ], [ 88.7627, 27.10817 ], [ 88.77473, 27.10302 ], [ 88.80523, 27.10184 ], [ 88.87038, 27.07396 ], [ 88.87244, 27.07251 ], [ 88.87852, 27.06829 ], [ 88.88172, 27.05733 ], [ 88.88306, 27.04071 ], [ 88.88908, 27.02526 ], [ 88.87508, 26.99235 ], [ 88.87496, 26.98591 ], [ 88.87582, 26.98129 ], [ 88.87684, 26.94915 ], [ 88.8793489, 26.9471609 ], [ 88.88459, 26.9563 ], [ 88.90343, 26.98135 ], [ 88.9165, 26.98993 ], [ 88.9239, 26.98912 ], [ 88.93036, 26.98559 ], [ 88.94679, 26.96849 ], [ 88.9496598, 26.960539 ], [ 88.94765, 26.94821 ], [ 88.94774, 26.93676 ], [ 88.9785898, 26.9207601 ], [ 88.99895, 26.93128 ], [ 89.0, 26.93207 ], [ 89.0017564, 26.9308425 ], [ 89.01392, 26.93849 ], [ 89.02164, 26.9379 ], [ 89.0354182, 26.9249217 ], [ 89.05095, 26.91731 ], [ 89.0564, 26.90627 ], [ 89.0659797, 26.8997802 ], [ 89.08015, 26.89854 ], [ 89.08856, 26.89453 ], [ 89.09347, 26.88899 ], [ 89.0948, 26.87625 ], [ 89.09554, 26.86907 ], [ 89.10613, 26.83826 ], [ 89.11158, 26.82722 ], [ 89.1223, 26.82308 ], [ 89.13705, 26.81036 ], [ 89.15034, 26.81114 ], [ 89.17175, 26.81801 ], [ 89.18095, 26.81862 ], [ 89.18665, 26.8173 ], [ 89.19184, 26.81609 ], [ 89.21231, 26.81647 ], [ 89.25812, 26.82226 ], [ 89.2650789, 26.8216301 ], [ 89.2886, 26.8327 ], [ 89.2947, 26.83869 ], [ 89.30563, 26.84534 ], [ 89.31471, 26.84824 ], [ 89.3179, 26.84802 ], [ 89.33554, 26.84678 ], [ 89.34938, 26.85219 ], [ 89.36749, 26.8592579 ], [ 89.37098, 26.86062 ], [ 89.37588, 26.86013 ], [ 89.38228, 26.8551 ], [ 89.3961877, 26.8381828 ], [ 89.40904, 26.8426 ], [ 89.43002, 26.83792 ], [ 89.44218, 26.8384 ], [ 89.44537, 26.83853 ], [ 89.4515093, 26.8334806 ], [ 89.45759, 26.81901 ], [ 89.46578, 26.81275 ], [ 89.48246, 26.80827 ], [ 89.49829, 26.80935 ], [ 89.5178, 26.81379 ], [ 89.52936, 26.81309 ], [ 89.5395, 26.81509 ], [ 89.56104, 26.80949 ], [ 89.56351, 26.80737 ], [ 89.57894, 26.7941 ], [ 89.59684, 26.78927 ], [ 89.63635, 26.78228 ], [ 89.6411295, 26.7787804 ], [ 89.64362, 26.77474 ], [ 89.63499, 26.74637 ], [ 89.62283, 26.73832 ], [ 89.61687, 26.72913 ], [ 89.62505, 26.72416 ], [ 89.63928, 26.72608 ], [ 89.64446, 26.7249 ], [ 89.64748, 26.72065 ], [ 89.65233, 26.72083 ], [ 89.6662699, 26.7399798 ], [ 89.6785, 26.73562 ], [ 89.6968, 26.73838 ], [ 89.71265, 26.73323 ], [ 89.72702, 26.73183 ], [ 89.75019, 26.72957 ], [ 89.75726, 26.72616 ], [ 89.77097, 26.71197 ], [ 89.78081, 26.70957 ], [ 89.79228, 26.71046 ], [ 89.8284, 26.71524 ], [ 89.83691, 26.71371 ], [ 89.85201, 26.70806 ], [ 89.8525312, 26.708029 ], [ 89.8714294, 26.6835308 ], [ 89.8775482, 26.58424 ], [ 89.8649979, 26.5702705 ], [ 89.8526917, 26.4877777 ], [ 89.8694992, 26.4484196 ], [ 89.8448486, 26.4102211 ], [ 89.8572922, 26.3844604 ], [ 89.7820129, 26.3532791 ], [ 89.7808609, 26.3308811 ], [ 89.7173462, 26.259161 ], [ 89.7114952, 26.1617932 ], [ 89.70625, 26.16101 ], [ 89.7031266, 26.1592731 ], [ 89.69404, 26.15422 ], [ 89.68437, 26.18235 ], [ 89.68652, 26.18554 ], [ 89.68924, 26.21002 ], [ 89.68752, 26.21292 ], [ 89.6811703, 26.2150563 ], [ 89.67769, 26.21623 ], [ 89.67531, 26.22877 ], [ 89.6718921, 26.2297509 ], [ 89.64387, 26.22573 ], [ 89.63222, 26.21885 ], [ 89.6356021, 26.2011667 ], [ 89.6341, 26.19526 ], [ 89.62922, 26.19595 ], [ 89.6281202, 26.196101 ], [ 89.62747, 26.18466 ], [ 89.62926, 26.18415 ], [ 89.6396585, 26.1811756 ], [ 89.64941, 26.17838 ], [ 89.6379296, 26.1687995 ], [ 89.62994, 26.17005 ], [ 89.6155646, 26.1748776 ], [ 89.6151999, 26.1749999 ], [ 89.6130482, 26.172027 ], [ 89.61161, 26.17004 ], [ 89.6107987, 26.1670433 ], [ 89.60815, 26.15726 ], [ 89.6032801, 26.1582295 ], [ 89.59941, 26.159 ], [ 89.59676, 26.15822 ], [ 89.59037, 26.15635 ], [ 89.59014, 26.15037 ], [ 89.59744, 26.14146 ], [ 89.59912, 26.13302 ], [ 89.59782, 26.12689 ], [ 89.60195, 26.11782 ], [ 89.6060119, 26.1174537 ], [ 89.60938, 26.11715 ], [ 89.62775, 26.12493 ], [ 89.6287725, 26.1215504 ], [ 89.62988, 26.11789 ], [ 89.6292051, 26.117401 ], [ 89.62752, 26.11618 ], [ 89.62421, 26.11377 ], [ 89.60199, 26.11029 ], [ 89.6006736, 26.1090359 ], [ 89.59882, 26.10727 ], [ 89.5977737, 26.1051662 ], [ 89.59696, 26.10353 ], [ 89.5976315, 26.0942906 ], [ 89.6121439, 26.0919156 ], [ 89.62344, 26.10339 ], [ 89.62955, 26.10317 ], [ 89.6321, 26.09776 ], [ 89.63175, 26.08901 ], [ 89.6343057, 26.0832797 ], [ 89.64001, 26.07049 ], [ 89.6396752, 26.0695162 ], [ 89.63892, 26.06732 ], [ 89.61275, 26.06048 ], [ 89.6096, 26.05884 ], [ 89.60704, 26.0575 ], [ 89.59746, 26.04495 ], [ 89.5833782, 26.0363661 ], [ 89.57903, 26.01508 ], [ 89.580551, 25.999367 ], [ 89.5826, 25.9782 ], [ 89.54711, 25.96556 ], [ 89.5415146, 25.9746583 ], [ 89.5410399, 25.9754311 ], [ 89.5401759, 25.9831487 ], [ 89.53835, 25.99946 ], [ 89.5362922, 26.0009371 ], [ 89.53229, 26.00381 ], [ 89.52372, 26.00761 ], [ 89.51812, 26.00785 ], [ 89.49509, 26.00556 ], [ 89.46915, 26.00043 ], [ 89.45021, 26.01849 ], [ 89.43317, 26.03413 ], [ 89.43035, 26.03977 ], [ 89.3954064, 26.0181484 ], [ 89.39133, 26.01108 ], [ 89.3897021, 26.008983 ], [ 89.3875, 26.00752 ], [ 89.36839, 26.00694 ], [ 89.3622835, 26.0077165 ], [ 89.35738, 26.00834 ], [ 89.33904, 26.01931 ], [ 89.3352453, 26.0235527 ], [ 89.33057, 26.02878 ], [ 89.32853, 26.03106 ], [ 89.30921, 26.04192 ], [ 89.304465, 26.0445927 ], [ 89.30261, 26.04563 ], [ 89.2902592, 26.0451279 ], [ 89.28372, 26.04716 ], [ 89.28072, 26.05319 ], [ 89.2795183, 26.0555999 ], [ 89.26244, 26.0603 ], [ 89.259674, 26.0662635 ], [ 89.2664903, 26.0900581 ], [ 89.26564, 26.09095 ], [ 89.26304, 26.09365 ], [ 89.25555, 26.09587 ], [ 89.23203, 26.11826 ], [ 89.22987, 26.12032 ], [ 89.222729, 26.1238165 ], [ 89.21733, 26.12646 ], [ 89.2031337, 26.1254328 ], [ 89.18766, 26.12431 ], [ 89.17699, 26.12892 ], [ 89.1573, 26.15759 ], [ 89.1554, 26.16226 ], [ 89.1405, 26.18439 ], [ 89.1395514, 26.193768 ], [ 89.13946, 26.19469 ], [ 89.14085, 26.19692 ], [ 89.14298, 26.20035 ], [ 89.15125, 26.20805 ], [ 89.131507, 26.2484056 ], [ 89.12873, 26.25088 ], [ 89.12195, 26.25692 ], [ 89.10598, 26.29608 ], [ 89.10255, 26.31127 ], [ 89.1071501, 26.3123743 ], [ 89.12527, 26.29889 ], [ 89.13122, 26.29914 ], [ 89.13632, 26.31889 ], [ 89.1304865, 26.3226446 ], [ 89.11476, 26.32649 ], [ 89.09275, 26.32303 ], [ 89.0913794, 26.3247087 ], [ 89.09057, 26.3257 ], [ 89.09053, 26.32983 ], [ 89.09723, 26.33721 ], [ 89.0989035, 26.3385282 ], [ 89.10357, 26.35499 ], [ 89.0841, 26.36634 ], [ 89.085218, 26.3670276 ], [ 89.09379, 26.3723 ], [ 89.10016, 26.39598 ], [ 89.08261, 26.39478 ], [ 89.0802465, 26.3958053 ], [ 89.0777, 26.39691 ], [ 89.07347, 26.39876 ], [ 89.0634729, 26.3994258 ], [ 89.06296, 26.39946 ], [ 89.05349, 26.39778 ], [ 89.04931, 26.39704 ], [ 89.0379863, 26.4024369 ], [ 89.03072, 26.4059 ], [ 89.02598, 26.40916 ], [ 89.0211007, 26.4125122 ], [ 89.01403, 26.41737 ], [ 89.0108058, 26.4177388 ], [ 89.00389, 26.41853 ], [ 88.9973575, 26.4196838 ], [ 88.99392, 26.42017 ], [ 88.98971, 26.43281 ], [ 88.97851, 26.42676 ], [ 88.97617, 26.44979 ], [ 88.9702014, 26.4538728 ], [ 88.97003, 26.45399 ], [ 88.9588, 26.45407 ], [ 88.94093, 26.43676 ], [ 88.9372262, 26.4302726 ], [ 88.933364, 26.4328675 ], [ 88.93185, 26.42489 ], [ 88.932844, 26.4203427 ], [ 88.9331888, 26.4187593 ], [ 88.9288453, 26.416076 ], [ 88.9052939, 26.4059065 ], [ 88.91498, 26.40352 ], [ 88.91216, 26.38595 ], [ 88.91428, 26.38286 ], [ 88.91428, 26.3814024 ], [ 88.91428, 26.37999 ], [ 88.93681, 26.35833 ], [ 88.9448446, 26.3644199 ], [ 88.94937, 26.36785 ], [ 88.9579063, 26.3612329 ], [ 88.95277, 26.35739 ], [ 88.95191, 26.35675 ], [ 88.94376, 26.3506499 ], [ 88.94592, 26.34411 ], [ 88.9552, 26.34614 ], [ 88.9836151, 26.3477321 ], [ 88.98482, 26.34615 ], [ 88.98241, 26.33537 ], [ 88.99703, 26.33667 ], [ 88.99721, 26.32881 ], [ 88.98978, 26.31974 ], [ 88.9869821, 26.3182462 ], [ 88.98064, 26.31486 ], [ 88.98484, 26.30248 ], [ 88.98639, 26.2979 ], [ 88.9885305, 26.2976182 ], [ 88.99559, 26.2967 ], [ 88.9977, 26.30005 ], [ 88.9992982, 26.3025971 ], [ 89.00085, 26.30282 ], [ 89.0169, 26.30187 ], [ 89.02453, 26.31093 ], [ 89.02607, 26.30508 ], [ 89.02644, 26.30366 ], [ 89.02619, 26.30031 ], [ 89.0359891, 26.2857194 ], [ 89.04375, 26.28509 ], [ 89.04703, 26.29052 ], [ 89.0555036, 26.2892709 ], [ 89.05488, 26.2801 ], [ 89.0547313, 26.277925 ], [ 89.05464, 26.27659 ], [ 89.05994, 26.27037 ], [ 89.06463, 26.26486 ], [ 89.064599, 26.2570297 ], [ 89.05858, 26.25516 ], [ 89.05002, 26.24813 ], [ 89.0478, 26.24818 ], [ 89.03931, 26.24836 ], [ 89.02605, 26.23883 ], [ 89.0247619, 26.2382649 ], [ 89.0161709, 26.234496 ], [ 88.95865, 26.23568 ], [ 88.92083, 26.28163 ], [ 88.91155, 26.28851 ], [ 88.87866, 26.28869 ], [ 88.87028, 26.28472 ], [ 88.86861, 26.28237 ], [ 88.8630226, 26.2745091 ], [ 88.86222, 26.27338 ], [ 88.8609011, 26.2705278 ], [ 88.8594013, 26.2594361 ], [ 88.86156, 26.25318 ], [ 88.8615746, 26.2527723 ], [ 88.86163, 26.25123 ], [ 88.8600127, 26.2318872 ], [ 88.857, 26.23179 ], [ 88.8545586, 26.2329246 ], [ 88.84708, 26.2364 ], [ 88.83893, 26.23655 ], [ 88.8374559, 26.2373389 ], [ 88.82385, 26.24462 ], [ 88.8234999, 26.252363 ], [ 88.8234, 26.25452 ], [ 88.8173571, 26.255138 ], [ 88.80668, 26.25623 ], [ 88.8088689, 26.3010781 ], [ 88.80351, 26.30741 ], [ 88.76218, 26.303 ], [ 88.758889, 26.3028202 ], [ 88.754062, 26.3076663 ], [ 88.75255, 26.31231 ], [ 88.74147, 26.30593 ], [ 88.7452774, 26.2921906 ], [ 88.712761, 26.2826294 ], [ 88.7058, 26.27954 ], [ 88.66526, 26.29289 ], [ 88.66442, 26.29828 ], [ 88.68571, 26.28919 ], [ 88.6872868, 26.2885453 ], [ 88.70429, 26.28999 ], [ 88.70403, 26.29318 ], [ 88.744955, 26.352947 ], [ 88.74497, 26.3538076 ], [ 88.70864, 26.34744 ], [ 88.6898327, 26.3743895 ], [ 88.68774, 26.3838 ], [ 88.68384, 26.39134 ], [ 88.6956097, 26.39195 ], [ 88.69167, 26.39902 ], [ 88.67707, 26.40303 ], [ 88.6835319, 26.4126263 ], [ 88.6831, 26.41436 ], [ 88.66435, 26.41223 ], [ 88.6513371, 26.4219838 ], [ 88.64691, 26.42737 ], [ 88.6464176, 26.4290049 ], [ 88.62509, 26.4374 ], [ 88.62163, 26.46061 ], [ 88.6214846, 26.4674478 ], [ 88.62138, 26.47237 ], [ 88.5751, 26.46548 ], [ 88.55992, 26.46662 ], [ 88.5599058, 26.4666625 ], [ 88.55936, 26.4683 ], [ 88.5589309, 26.4696071 ], [ 88.55871, 26.47028 ], [ 88.5589246, 26.4740826 ], [ 88.55634, 26.47821 ], [ 88.55609, 26.4838 ], [ 88.5560151, 26.4855883 ], [ 88.53246, 26.48515 ], [ 88.5252824, 26.4850548 ], [ 88.5234097, 26.4850312 ], [ 88.51709, 26.50649 ], [ 88.5154497, 26.51205 ], [ 88.506647, 26.5133108 ], [ 88.50379, 26.51372 ], [ 88.49498, 26.51182 ], [ 88.49319, 26.51143 ], [ 88.48762, 26.51237 ], [ 88.48696, 26.51907 ], [ 88.48581, 26.53061 ], [ 88.48543, 26.53138 ], [ 88.481432, 26.5394024 ], [ 88.47937, 26.54354 ], [ 88.4719434, 26.5441416 ], [ 88.46505, 26.5447 ], [ 88.46439, 26.54476 ], [ 88.4624013, 26.5449201 ], [ 88.4547, 26.54554 ], [ 88.42933, 26.55356 ], [ 88.416894, 26.6122918 ], [ 88.41811, 26.62002 ], [ 88.4177265, 26.6213175 ], [ 88.41764, 26.62161 ], [ 88.4173955, 26.6224247 ], [ 88.41595, 26.62724 ], [ 88.410532, 26.630462 ], [ 88.40803, 26.63195 ], [ 88.3939325, 26.6263498 ], [ 88.39127, 26.61453 ], [ 88.38919, 26.61082 ], [ 88.39064, 26.60737 ], [ 88.3980184, 26.6043225 ], [ 88.398117, 26.60217 ], [ 88.37734, 26.58788 ], [ 88.37322, 26.58151 ], [ 88.37267, 26.57919 ], [ 88.37078, 26.57125 ], [ 88.3711147, 26.5695516 ], [ 88.37225, 26.56379 ], [ 88.3712823, 26.5621514 ], [ 88.36648, 26.55402 ], [ 88.36058, 26.54401 ], [ 88.35989, 26.54136 ], [ 88.3558, 26.52561 ], [ 88.34526, 26.50473 ], [ 88.3396284, 26.5023564 ], [ 88.331522, 26.4866767 ], [ 88.33211, 26.48448 ], [ 88.3353077, 26.4816442 ], [ 88.33919, 26.4782 ], [ 88.35028, 26.45175 ], [ 88.35202, 26.45121 ], [ 88.35379, 26.45067 ], [ 88.3594106, 26.4672981 ], [ 88.36163, 26.48251 ], [ 88.3689056, 26.4850935 ], [ 88.37733, 26.48482 ], [ 88.378994, 26.4841613 ], [ 88.38213, 26.48292 ], [ 88.38706, 26.48059 ], [ 88.39013, 26.4802 ], [ 88.39877, 26.48457 ], [ 88.4180493, 26.4681006 ], [ 88.4185055, 26.4688295 ], [ 88.41933, 26.47015 ], [ 88.42578, 26.47419 ], [ 88.43094, 26.4712 ], [ 88.4315638, 26.4708389 ], [ 88.4403882, 26.465731 ], [ 88.4509, 26.46664 ], [ 88.46005, 26.46602 ], [ 88.47049, 26.46532 ], [ 88.48301, 26.46086 ], [ 88.48266, 26.4581 ], [ 88.48221, 26.45455 ], [ 88.48178, 26.45118 ], [ 88.4829546, 26.4490987 ], [ 88.48349, 26.44815 ], [ 88.48837, 26.44729 ], [ 88.49571, 26.43575 ], [ 88.49365, 26.42844 ], [ 88.4972, 26.42418 ], [ 88.49755, 26.41853 ], [ 88.50281, 26.41617 ], [ 88.5072474, 26.4068707 ], [ 88.50938, 26.40763 ], [ 88.5104953, 26.4055979 ], [ 88.5100821, 26.4017508 ], [ 88.50838, 26.39837 ], [ 88.51916, 26.39066 ], [ 88.5194262, 26.3898487 ], [ 88.52, 26.3881 ], [ 88.51643, 26.37474 ], [ 88.52514, 26.37518 ], [ 88.5255301, 26.3719111 ], [ 88.52073, 26.36822 ], [ 88.51757, 26.3658 ], [ 88.51632, 26.36152 ], [ 88.51318, 26.35516 ], [ 88.5013427, 26.3496277 ], [ 88.5033277, 26.3604819 ], [ 88.50392, 26.36293 ], [ 88.4898, 26.36126 ], [ 88.4856196, 26.3501899 ], [ 88.48013, 26.34869 ], [ 88.4778534, 26.3494073 ], [ 88.47623, 26.35317 ], [ 88.47452, 26.35711 ], [ 88.46615, 26.35881 ], [ 88.4624696, 26.3595599 ], [ 88.45571, 26.36805 ], [ 88.4543083, 26.375399 ], [ 88.43296, 26.34333 ], [ 88.42465, 26.33588 ], [ 88.41821, 26.33598 ], [ 88.4143546, 26.3360387 ], [ 88.40835, 26.33613 ], [ 88.4089, 26.31816 ], [ 88.4088114, 26.3164567 ], [ 88.38875, 26.31332 ], [ 88.37859, 26.30928 ], [ 88.34667, 26.27207 ], [ 88.3484596, 26.2679898 ], [ 88.35042, 26.26352 ], [ 88.3499633, 26.26194 ], [ 88.34931, 26.25968 ], [ 88.34853, 26.25696 ], [ 88.3527967, 26.2467542 ], [ 88.35399, 26.2439 ], [ 88.355061, 26.2413378 ], [ 88.3568183, 26.237134 ], [ 88.35158, 26.21855 ], [ 88.3218535, 26.202187 ], [ 88.3201127, 26.2016356 ], [ 88.26124, 26.1867 ], [ 88.2552192, 26.1893533 ], [ 88.2327131, 26.1731146 ], [ 88.2332988, 26.1714932 ], [ 88.2254884, 26.1653704 ], [ 88.21623, 26.16747 ], [ 88.21507, 26.16589 ], [ 88.21472, 26.16542 ], [ 88.21529, 26.16307 ], [ 88.21666, 26.16215 ], [ 88.1962, 26.15641 ], [ 88.1948, 26.15212 ], [ 88.1774509, 26.1259265 ], [ 88.17849, 26.12304 ], [ 88.16126, 26.09375 ], [ 88.16435, 26.0858 ], [ 88.1620499, 26.0781155 ], [ 88.16295, 26.07698 ], [ 88.1692188, 26.0796477 ], [ 88.1712287, 26.0787306 ], [ 88.1722, 26.07749 ], [ 88.1731617, 26.0762476 ], [ 88.17728, 26.07335 ], [ 88.18342, 26.07038 ], [ 88.18583, 26.06501 ], [ 88.18642, 26.06094 ], [ 88.1793411, 26.0500027 ], [ 88.17889, 26.0469 ], [ 88.172559, 26.0442294 ], [ 88.17191, 26.04319 ], [ 88.1723691, 26.0427591 ], [ 88.17517, 26.04013 ], [ 88.17463, 26.03271 ], [ 88.1769729, 26.0310461 ], [ 88.17884, 26.02972 ], [ 88.18123, 26.02864 ], [ 88.1842, 26.02806 ], [ 88.1818546, 26.0242859 ], [ 88.17921, 26.02231 ], [ 88.1711863, 26.0189606 ], [ 88.14274, 25.99804 ], [ 88.14043, 25.99822 ], [ 88.13387, 25.99816 ], [ 88.1321829, 25.99706 ], [ 88.1291, 25.99505 ], [ 88.12756, 25.99406 ], [ 88.12881, 25.97884 ], [ 88.11661, 25.97384 ], [ 88.11783, 25.95547 ], [ 88.12094, 25.95412 ], [ 88.1209999, 25.9504434 ], [ 88.0866346, 25.9191688 ], [ 88.08597, 25.91607 ], [ 88.08651, 25.91522 ], [ 88.0883344, 25.912411 ], [ 88.08903, 25.91134 ], [ 88.09062, 25.90501 ], [ 88.09241, 25.89788 ], [ 88.095674, 25.8937658 ], [ 88.0979, 25.87063 ], [ 88.10408, 25.86982 ], [ 88.1052, 25.86448 ], [ 88.1072389, 25.8660697 ], [ 88.11061, 25.86776 ], [ 88.11211, 25.86714 ], [ 88.1128315, 25.8597672 ], [ 88.1126, 25.85636 ], [ 88.11231, 25.85211 ], [ 88.10531, 25.8288 ], [ 88.10567, 25.82449 ], [ 88.1075, 25.82 ], [ 88.1081497, 25.8184108 ], [ 88.1091734, 25.8177293 ], [ 88.11478, 25.814 ], [ 88.11467, 25.80205 ], [ 88.1316221, 25.7998291 ], [ 88.13734, 25.79908 ], [ 88.14038, 25.79868 ], [ 88.14135, 25.79692 ], [ 88.14363, 25.7928 ], [ 88.14189, 25.78368 ], [ 88.1425743, 25.7825352 ], [ 88.144, 25.78015 ], [ 88.15206, 25.77912 ], [ 88.15466, 25.78039 ], [ 88.1575854, 25.7839786 ], [ 88.15938, 25.78618 ], [ 88.16062, 25.78772 ], [ 88.16789, 25.79073 ], [ 88.17592, 25.79902 ], [ 88.18656, 25.80362 ], [ 88.2113, 25.80119 ], [ 88.2160222, 25.8014594 ], [ 88.21726, 25.80153 ], [ 88.2204081, 25.8017119 ], [ 88.23325, 25.81335 ], [ 88.2388736, 25.8125574 ], [ 88.26027, 25.8154 ], [ 88.26501, 25.81177 ], [ 88.2675867, 25.8098025 ], [ 88.268778, 25.8068757 ], [ 88.26801, 25.78888 ], [ 88.273408, 25.7806031 ], [ 88.31261, 25.75555 ], [ 88.31882, 25.74693 ], [ 88.31951, 25.74231 ], [ 88.31975, 25.74069 ], [ 88.32697, 25.7429 ], [ 88.34911, 25.73029 ], [ 88.35825, 25.72545 ], [ 88.36726, 25.7185 ], [ 88.3721283, 25.7147374 ], [ 88.3685699, 25.7050103 ], [ 88.37365, 25.70138 ], [ 88.3863986, 25.692281 ], [ 88.3882, 25.68806 ], [ 88.39759, 25.68745 ], [ 88.39881, 25.68737 ], [ 88.3987365, 25.6847402 ], [ 88.3997738, 25.6763421 ], [ 88.40215, 25.67413 ], [ 88.41664, 25.67486 ], [ 88.4354926, 25.6707396 ], [ 88.44695, 25.66823 ], [ 88.4480539, 25.6659692 ], [ 88.44924, 25.66354 ], [ 88.4488, 25.6461 ], [ 88.44357, 25.60566 ], [ 88.45164, 25.59565 ], [ 88.46182, 25.58716 ], [ 88.46979, 25.58743 ], [ 88.4825, 25.58555 ], [ 88.489248, 25.5801357 ], [ 88.49242, 25.56943 ], [ 88.49361, 25.56161 ], [ 88.4945979, 25.5605972 ], [ 88.50392, 25.55104 ], [ 88.51374, 25.54774 ], [ 88.517968, 25.5463112 ], [ 88.5184223, 25.5457051 ], [ 88.52295, 25.53801 ], [ 88.5229546, 25.5380135 ], [ 88.52956, 25.543 ], [ 88.5321704, 25.5385275 ], [ 88.53413, 25.53517 ], [ 88.5354553, 25.532908 ], [ 88.53602, 25.51307 ], [ 88.54049, 25.51149 ], [ 88.54813, 25.51688 ], [ 88.5590919, 25.5150469 ], [ 88.5652851, 25.5140094 ], [ 88.58951, 25.50995 ], [ 88.60138, 25.51514 ], [ 88.6035449, 25.5136028 ], [ 88.60876, 25.5099 ], [ 88.61971, 25.50213 ], [ 88.6288151, 25.5025455 ], [ 88.6450777, 25.5032655 ], [ 88.64177, 25.49679 ], [ 88.64102, 25.48508 ], [ 88.64822, 25.48245 ], [ 88.65503, 25.48145 ], [ 88.66131, 25.48116 ], [ 88.70761, 25.495 ], [ 88.70838, 25.4992 ], [ 88.71029, 25.50164 ], [ 88.74004, 25.50852 ], [ 88.74108, 25.50457 ], [ 88.74266, 25.4979 ], [ 88.74524, 25.49748 ], [ 88.76759, 25.50333 ], [ 88.76747, 25.5044 ], [ 88.7667474, 25.5107113 ], [ 88.7587395, 25.5146941 ], [ 88.7609462, 25.5286339 ], [ 88.7643399, 25.5270923 ], [ 88.80373, 25.53311 ], [ 88.80031, 25.51714 ], [ 88.8083596, 25.4991106 ], [ 88.80918, 25.4989 ], [ 88.82482, 25.49489 ], [ 88.82764, 25.48753 ], [ 88.83537, 25.46516 ], [ 88.8364637, 25.4634512 ], [ 88.83898, 25.45952 ], [ 88.8381014, 25.4585159 ], [ 88.82506, 25.4418 ], [ 88.82848, 25.4352 ], [ 88.81044, 25.41607 ], [ 88.81671, 25.41095 ], [ 88.8170211, 25.4105061 ], [ 88.81884, 25.40791 ], [ 88.82022, 25.40595 ], [ 88.83161, 25.4061 ], [ 88.83302, 25.40063 ], [ 88.8343, 25.39564 ], [ 88.83416, 25.37129 ], [ 88.839368, 25.3681309 ], [ 88.84448, 25.36503 ], [ 88.8511132, 25.3610069 ], [ 88.85401, 25.35925 ], [ 88.854734, 25.3588101 ], [ 88.86005, 25.35558 ], [ 88.8642812, 25.3495894 ], [ 88.86777, 25.34465 ], [ 88.89853, 25.33904 ], [ 88.9040094, 25.3245315 ], [ 88.90956, 25.32013 ], [ 88.926, 25.32026 ], [ 88.97208, 25.31739 ], [ 88.9891219, 25.3177132 ], [ 89.0112989, 25.2988316 ], [ 89.0, 25.27955 ], [ 88.99758, 25.27406 ], [ 88.94648, 25.25126 ], [ 88.95068, 25.21085 ], [ 88.9397954, 25.2128526 ], [ 88.93369, 25.21397 ], [ 88.93679, 25.20647 ], [ 88.93828, 25.20452 ], [ 88.9433589, 25.1978814 ], [ 88.9421502, 25.1923811 ], [ 88.94026, 25.18379 ], [ 88.91792, 25.17292 ], [ 88.9112943, 25.1771241 ], [ 88.8948, 25.18759 ], [ 88.87717, 25.18843 ], [ 88.8750345, 25.1935565 ], [ 88.87385, 25.1964 ], [ 88.86291, 25.19922 ], [ 88.8578278, 25.2074999 ], [ 88.85067, 25.2070102 ], [ 88.84795, 25.20682 ], [ 88.8436, 25.21025 ], [ 88.8399596, 25.2108512 ], [ 88.79267, 25.17621 ], [ 88.77453, 25.18112 ], [ 88.77249, 25.18512 ], [ 88.7726153, 25.1908739 ], [ 88.75377, 25.18706 ], [ 88.74506, 25.18228 ], [ 88.7434485, 25.1839334 ], [ 88.73004, 25.19769 ], [ 88.72037, 25.20293 ], [ 88.7172162, 25.2046308 ], [ 88.7149311, 25.205869 ], [ 88.70824, 25.2095 ], [ 88.69013, 25.21079 ], [ 88.68144, 25.2089 ], [ 88.66939, 25.20096 ], [ 88.65825, 25.20492 ], [ 88.6414, 25.20509 ], [ 88.61359, 25.20537 ], [ 88.5773755, 25.1824489 ], [ 88.57251, 25.179 ], [ 88.55792, 25.17989 ], [ 88.55457, 25.18785 ], [ 88.55084, 25.19282 ], [ 88.5492659, 25.1949285 ], [ 88.54388, 25.19546 ], [ 88.53389, 25.1881 ], [ 88.5317871, 25.190212 ], [ 88.527, 25.19502 ], [ 88.51833, 25.20373 ], [ 88.50665, 25.20603 ], [ 88.49711, 25.20791 ], [ 88.4965426, 25.2100599 ], [ 88.48064, 25.21599 ], [ 88.47366, 25.21164 ], [ 88.4422, 25.20072 ], [ 88.4395431, 25.1965829 ], [ 88.44145, 25.1784 ], [ 88.45534, 25.15901 ], [ 88.4578591, 25.1515451 ], [ 88.45888, 25.14852 ], [ 88.4590371, 25.1480562 ], [ 88.45507, 25.14297 ], [ 88.44012, 25.10135 ], [ 88.44638, 25.07696 ], [ 88.43628, 25.04388 ], [ 88.44, 25.0412 ], [ 88.427142, 25.0122198 ], [ 88.4220377, 25.0132765 ], [ 88.41345, 25.0 ], [ 88.41129, 24.9958 ], [ 88.4090697, 24.9809586 ], [ 88.40495, 24.97637 ], [ 88.40378, 24.97577 ], [ 88.39639, 24.97193 ], [ 88.39232, 24.96637 ], [ 88.3926306, 24.9632314 ], [ 88.39289, 24.96061 ], [ 88.37746, 24.94268 ], [ 88.3722644, 24.9439478 ], [ 88.35951, 24.94706 ], [ 88.35687, 24.9477 ], [ 88.3542023, 24.9465697 ], [ 88.35052, 24.94272 ], [ 88.3403675, 24.9401608 ], [ 88.33952, 24.93953 ], [ 88.33306, 24.92393 ], [ 88.32988, 24.91906 ], [ 88.3262683, 24.9158047 ], [ 88.3238, 24.91358 ], [ 88.32429, 24.89887 ], [ 88.3398635, 24.8995038 ], [ 88.343208, 24.8996399 ], [ 88.33507, 24.88022 ], [ 88.3268, 24.87028 ], [ 88.3178, 24.87936 ], [ 88.3166157, 24.8809916 ], [ 88.30902, 24.88139 ], [ 88.29974, 24.8772 ], [ 88.295, 24.88751 ], [ 88.27314, 24.89788 ], [ 88.2626, 24.88313 ], [ 88.25917, 24.88345 ], [ 88.2646532, 24.9026053 ], [ 88.26598, 24.90588 ], [ 88.25493, 24.92973 ], [ 88.25147, 24.93319 ], [ 88.24151, 24.94056 ], [ 88.2370959, 24.9487769 ], [ 88.17929, 24.9489 ], [ 88.1748794, 24.9481124 ], [ 88.1743682, 24.9478397 ], [ 88.17303, 24.9461 ], [ 88.17153, 24.94551 ], [ 88.16353, 24.94484 ], [ 88.15784, 24.94063 ], [ 88.1567661, 24.9398356 ], [ 88.1515, 24.93594 ], [ 88.1427983, 24.934203 ], [ 88.1391247, 24.9313958 ], [ 88.1365, 24.92808 ], [ 88.13814, 24.92148 ], [ 88.1423632, 24.9159851 ], [ 88.15116, 24.90473 ], [ 88.15433, 24.90219 ], [ 88.15842, 24.8989 ], [ 88.16117, 24.89374 ], [ 88.15869, 24.88466 ], [ 88.15879, 24.88445 ], [ 88.1614, 24.87858 ], [ 88.16166, 24.87138 ], [ 88.16367, 24.8668 ], [ 88.16824, 24.85969 ], [ 88.16392, 24.8539 ], [ 88.1630032, 24.8512216 ], [ 88.1348385, 24.8200887 ], [ 88.13452, 24.8152 ], [ 88.11108, 24.81412 ], [ 88.1115798, 24.8123442 ], [ 88.11115, 24.81057 ], [ 88.1088, 24.80894 ], [ 88.10529, 24.79922 ], [ 88.1005161, 24.7819016 ], [ 88.09266, 24.78091 ], [ 88.09001, 24.78057 ], [ 88.085614, 24.778904 ], [ 88.07971, 24.77595 ], [ 88.0740471, 24.7712257 ], [ 88.07054, 24.7683 ], [ 88.07021, 24.75684 ], [ 88.06889, 24.75362 ], [ 88.06706, 24.74916 ], [ 88.0420884, 24.7043027 ], [ 88.02834, 24.68834 ], [ 88.08386, 24.6238 ], [ 88.10516, 24.57837 ], [ 88.10646, 24.54939 ], [ 88.1077714, 24.5466429 ], [ 88.11395, 24.5337 ], [ 88.13955, 24.50942 ], [ 88.17141, 24.49561 ], [ 88.20373, 24.47477 ], [ 88.32841, 24.44249 ], [ 88.3386245, 24.4390977 ], [ 88.3872727, 24.391517 ], [ 88.41388, 24.37744 ], [ 88.4661815, 24.3563842 ], [ 88.4677, 24.35534 ], [ 88.49134, 24.33078 ], [ 88.5435736, 24.3120357 ], [ 88.54739, 24.31124 ], [ 88.5767809, 24.325089 ], [ 88.58165, 24.32414 ], [ 88.58303, 24.31719 ], [ 88.59997, 24.31113 ], [ 88.6178284, 24.3171901 ], [ 88.62134, 24.30808 ], [ 88.62318, 24.30854 ], [ 88.6348395, 24.311518 ], [ 88.6394143, 24.3098523 ], [ 88.64383, 24.30658 ], [ 88.6481184, 24.3033912 ], [ 88.66077, 24.31015 ], [ 88.66545, 24.3143 ], [ 88.67947, 24.32672 ], [ 88.71758, 24.30211 ], [ 88.72515, 24.29085 ], [ 88.72987, 24.23851 ], [ 88.7327694, 24.216491 ], [ 88.73337, 24.21193 ], [ 88.73374, 24.20918 ], [ 88.73197, 24.20008 ], [ 88.7152291, 24.200407 ], [ 88.69785, 24.16702 ], [ 88.7026575, 24.1064228 ], [ 88.70319, 24.10605 ], [ 88.7032975, 24.0935552 ], [ 88.70331, 24.0921 ], [ 88.72182, 24.07411 ], [ 88.72687, 24.07092 ], [ 88.74032, 24.04808 ], [ 88.732563, 24.0471935 ], [ 88.7412589, 24.0344687 ], [ 88.74453, 24.03331 ], [ 88.7384596, 23.9965908 ], [ 88.7390527, 23.9964391 ], [ 88.7423506, 24.0020151 ], [ 88.74138, 24.00244 ], [ 88.7526143, 24.0063021 ], [ 88.76037, 24.00509 ], [ 88.76116, 24.00451 ], [ 88.7658577, 24.0010425 ], [ 88.77391, 23.98061 ], [ 88.76221, 23.98135 ], [ 88.7605, 23.98276 ], [ 88.7533979, 23.9839961 ], [ 88.75054, 23.983 ], [ 88.7453, 23.97396 ], [ 88.74352, 23.9637 ], [ 88.73765, 23.90585 ], [ 88.65545, 23.86732 ], [ 88.64859, 23.8665 ], [ 88.64702, 23.86559 ], [ 88.6431598, 23.8633468 ], [ 88.63429, 23.86294 ], [ 88.63332, 23.87305 ], [ 88.62987, 23.87451 ], [ 88.62042, 23.87473 ], [ 88.60857, 23.86951 ], [ 88.6049942, 23.8673272 ], [ 88.59843, 23.86332 ], [ 88.61318, 23.81049 ], [ 88.5804776, 23.7872534 ], [ 88.57492, 23.7864 ], [ 88.57488, 23.78491 ], [ 88.58784, 23.73933 ], [ 88.58047, 23.7246 ], [ 88.57617, 23.63919 ], [ 88.58045, 23.6372 ], [ 88.58084, 23.63701 ], [ 88.5957643, 23.6392314 ], [ 88.59704, 23.60178 ], [ 88.5985014, 23.602024 ], [ 88.6048, 23.60324 ], [ 88.6112457, 23.6064937 ], [ 88.61707, 23.60347 ], [ 88.618679, 23.600929 ], [ 88.63998, 23.60719 ], [ 88.64917, 23.60697 ], [ 88.66759, 23.54961 ], [ 88.67605, 23.54465 ], [ 88.6774974, 23.5445076 ], [ 88.68225, 23.54404 ], [ 88.7161735, 23.5131215 ], [ 88.7225, 23.50753 ], [ 88.72691, 23.50833 ], [ 88.73249, 23.50935 ], [ 88.74477, 23.49507 ], [ 88.748487, 23.4855343 ], [ 88.75172, 23.47724 ], [ 88.78036, 23.49672 ], [ 88.78746, 23.50182 ], [ 88.78945, 23.50177 ], [ 88.7973, 23.49814 ], [ 88.80124, 23.4926 ], [ 88.8033067, 23.4881102 ], [ 88.80334, 23.48609 ], [ 88.79407, 23.44547 ], [ 88.7930105, 23.4448422 ], [ 88.79191, 23.44419 ], [ 88.78926, 23.44261 ], [ 88.77909, 23.44309 ], [ 88.77709, 23.44314 ], [ 88.7711436, 23.3788387 ], [ 88.77299, 23.3765 ], [ 88.7647125, 23.3639712 ], [ 88.75966, 23.36192 ], [ 88.75558, 23.35974 ], [ 88.7493, 23.35695 ], [ 88.74508, 23.35562 ], [ 88.73651, 23.35124 ], [ 88.7371083, 23.3452416 ], [ 88.73729, 23.34342 ], [ 88.73707, 23.34048 ], [ 88.7369988, 23.3395619 ], [ 88.7383896, 23.3294026 ], [ 88.74053, 23.32614 ], [ 88.7486671, 23.3217016 ], [ 88.74902, 23.31835 ], [ 88.74866, 23.31493 ], [ 88.74438, 23.31274 ], [ 88.7329998, 23.3231098 ], [ 88.7290683, 23.3196676 ], [ 88.7280199, 23.3048901 ], [ 88.7219815, 23.309065 ], [ 88.71242, 23.31513 ], [ 88.7038, 23.30891 ], [ 88.7021548, 23.3047004 ], [ 88.7279389, 23.2574027 ], [ 88.7568152, 23.2438773 ], [ 88.76227, 23.2428 ], [ 88.7772, 23.2445 ], [ 88.8061629, 23.2249298 ], [ 88.81459, 23.22432 ], [ 88.81828, 23.24946 ], [ 88.819511, 23.2496001 ], [ 88.86204, 23.23506 ], [ 88.8808261, 23.2332379 ], [ 88.88431, 23.2329 ], [ 88.91071, 23.23325 ], [ 88.91435, 23.23329 ], [ 88.92703, 23.218 ], [ 88.93044, 23.21522 ], [ 88.93935, 23.21453 ], [ 88.94472, 23.20315 ], [ 88.96896, 23.20873 ], [ 88.97787, 23.21653 ], [ 88.98039, 23.2261 ], [ 88.98705, 23.22501 ], [ 88.98843, 23.21305 ], [ 88.9914093, 23.206479 ], [ 88.99747, 23.19974 ], [ 88.99684, 23.19517 ], [ 88.9818737, 23.1923398 ], [ 88.9802651, 23.1922999 ], [ 88.9752684, 23.1921721 ], [ 88.97293, 23.19211 ], [ 88.90167, 23.11553 ], [ 88.8982313, 23.1131494 ], [ 88.89517, 23.11103 ], [ 88.88689, 23.1078 ], [ 88.87317, 23.07878 ], [ 88.8914, 23.03221 ], [ 88.87782, 23.01649 ], [ 88.8767037, 23.0050812 ], [ 88.87605, 22.9984 ], [ 88.9136047, 22.9225569 ], [ 88.91539, 22.91985 ], [ 88.91976, 22.88076 ], [ 88.92375, 22.87535 ], [ 88.92955, 22.87419 ], [ 88.93163, 22.87377 ], [ 88.9335, 22.87005 ], [ 88.93819, 22.86948 ], [ 88.95031, 22.87766 ], [ 88.9716187, 22.8445222 ], [ 88.9573405, 22.8090149 ], [ 88.95444, 22.80733 ], [ 88.95554, 22.80271 ], [ 88.9563318, 22.8022261 ], [ 88.9574639, 22.8015348 ], [ 88.96575, 22.79648 ], [ 88.9239, 22.75279 ], [ 88.96581, 22.6971 ], [ 88.93552, 22.64233 ], [ 88.9477976, 22.6210266 ], [ 88.9526957, 22.6179308 ], [ 88.9580426, 22.6146849 ], [ 88.9613098, 22.6134786 ], [ 88.9648, 22.61219 ], [ 88.94712, 22.57751 ], [ 88.94693, 22.57569 ], [ 88.95314, 22.55992 ], [ 88.94766, 22.55869 ], [ 88.9419632, 22.5613089 ], [ 88.9635415, 22.5480677 ], [ 88.96949, 22.54481 ], [ 88.979, 22.52157 ], [ 88.98298, 22.49947 ], [ 88.98745, 22.49013 ], [ 88.9926262, 22.4793104 ], [ 88.9992837, 22.4719284 ], [ 88.99993, 22.47125 ], [ 89.00664, 22.42264 ], [ 88.98386, 22.40325 ], [ 88.9883106, 22.3963316 ], [ 88.99212, 22.39041 ], [ 88.99531, 22.38823 ], [ 88.9973779, 22.3868183 ], [ 89.00155, 22.38397 ], [ 88.9975065, 22.325008 ], [ 88.9992191, 22.323217 ], [ 89.0043908, 22.3186531 ], [ 89.01161, 22.31506 ], [ 89.0225, 22.30811 ], [ 89.0267, 22.29179 ], [ 89.0234924, 22.2926605 ], [ 89.0148887, 22.2937631 ], [ 89.01104, 22.29354 ], [ 89.00762, 22.2813 ], [ 89.01023, 22.27674 ], [ 89.0221954, 22.2662816 ], [ 89.02538, 22.2635 ], [ 89.0252539, 22.25935 ], [ 89.0251254, 22.2551232 ], [ 89.0369857, 22.2549609 ], [ 89.03818, 22.25464 ], [ 89.0729651, 22.2027691 ], [ 89.0229408, 22.2152037 ], [ 88.9863168, 22.2053602 ], [ 88.9711883, 22.2105634 ], [ 88.9582064, 22.1912882 ], [ 88.942194, 22.1925093 ], [ 88.9449763, 22.1838546 ], [ 88.9325826, 22.1767957 ], [ 88.9194395, 22.1653691 ], [ 88.8866798, 22.1642075 ], [ 88.9232214, 22.1081872 ], [ 88.8697955, 22.0887317 ], [ 88.8440111, 22.1235143 ], [ 88.8101282, 22.1309713 ], [ 88.7936094, 22.1136512 ], [ 88.7723055, 22.1109241 ], [ 88.7694436, 22.091908 ], [ 88.7408258, 22.0667332 ], [ 88.7389821, 22.0175898 ], [ 88.7031046, 22.0067692 ], [ 88.6255432, 22.0313674 ], [ 88.5988513, 21.9900576 ], [ 88.5551328, 22.0054082 ], [ 88.4907645, 21.9610864 ], [ 88.5012063, 21.9173577 ], [ 88.4501353, 21.9140836 ], [ 88.3911556, 21.8775225 ], [ 88.3833149, 21.8366564 ], [ 88.391526, 21.8018335 ], [ 88.3636444, 21.7976897 ], [ 88.3545801, 21.8304589 ], [ 88.3558893, 21.8523303 ], [ 88.3511237, 21.8586764 ], [ 88.3260581, 21.8619691 ], [ 88.2543563, 21.8150323 ], [ 88.2559208, 21.7572231 ], [ 88.2188398, 21.7645158 ], [ 88.2007519, 21.8339673 ], [ 88.1649472, 21.8900908 ], [ 88.1776083, 21.9234438 ], [ 88.1544174, 21.9577115 ], [ 88.2121561, 22.0296376 ], [ 88.2266145, 22.084527 ], [ 88.2038631, 22.1667576 ], [ 88.1806268, 22.1917299 ], [ 88.1164099, 22.2088551 ], [ 88.1932159, 22.1120395 ], [ 88.1509704, 22.0617266 ], [ 88.051515, 22.008367 ], [ 87.9806497, 21.8665752 ], [ 87.9113984, 21.7981002 ], [ 87.7878587, 21.6916585 ], [ 87.6808798, 21.6541721 ], [ 87.5451805, 21.6290017 ], [ 87.4817668, 21.6086333 ], [ 87.4677658, 21.6456509 ], [ 87.4708328, 21.70718 ], [ 87.4436722, 21.760891 ], [ 87.3734894, 21.7664108 ], [ 87.3520813, 21.7857304 ], [ 87.2806091, 21.7991581 ], [ 87.244751, 21.856369 ], [ 87.2348099, 21.8956013 ], [ 87.2520828, 21.9209728 ], [ 87.234848, 21.95438 ], [ 87.1605606, 21.9624405 ], [ 87.1598969, 21.9339294 ], [ 87.0935364, 21.9078979 ], [ 87.0946426, 21.8603401 ], [ 87.0302429, 21.8653107 ], [ 86.9979324, 21.9075031 ], [ 87.034317, 21.9891911 ], [ 87.0176163, 22.0412807 ], [ 86.9572372, 22.0833702 ], [ 86.8479004, 22.0983505 ], [ 86.8062134, 22.1141605 ], [ 86.7903214, 22.1539402 ], [ 86.7154465, 22.1434917 ], [ 86.722786, 22.21525 ], [ 86.7913666, 22.2175407 ], [ 86.820343, 22.2606106 ], [ 86.8856812, 22.252121 ], [ 86.8884506, 22.2814102 ], [ 86.8291931, 22.3245907 ], [ 86.8439331, 22.3960609 ], [ 86.7638931, 22.4228897 ], [ 86.7451324, 22.4705391 ], [ 86.7892227, 22.4745102 ], [ 86.7840729, 22.544241 ], [ 86.7559891, 22.5742702 ], [ 86.6517029, 22.5757904 ], [ 86.6343231, 22.5972595 ], [ 86.6366882, 22.6551209 ], [ 86.5495224, 22.7109108 ], [ 86.478981, 22.7223911 ], [ 86.45401, 22.7596397 ], [ 86.416153, 22.7765102 ], [ 86.4328384, 22.8604908 ], [ 86.4630432, 22.8966312 ], [ 86.4324188, 22.9157696 ], [ 86.5122375, 22.9662609 ], [ 86.4973526, 22.9899101 ], [ 86.4162827, 22.994791 ], [ 86.3930359, 22.9742413 ], [ 86.3599777, 22.9966812 ], [ 86.3321533, 22.9889011 ], [ 86.2793732, 23.0107193 ], [ 86.2124786, 22.991848 ], [ 86.1756287, 23.012991 ], [ 86.1156921, 23.0936298 ], [ 86.0442429, 23.1118622 ], [ 86.0369263, 23.14361 ], [ 85.9819412, 23.1459007 ], [ 85.9149933, 23.12953 ], [ 85.8350067, 23.1921005 ], [ 85.8263626, 23.2631207 ], [ 85.861496, 23.3033295 ], [ 85.8662567, 23.3648491 ], [ 85.8595428, 23.4509506 ], [ 85.8741226, 23.4762306 ], [ 85.9379425, 23.4551411 ], [ 86.0413666, 23.4902496 ], [ 86.0110092, 23.5612412 ], [ 86.0373764, 23.5834599 ], [ 86.1386108, 23.5700207 ], [ 86.1551132, 23.5042305 ], [ 86.2246628, 23.4356804 ], [ 86.300148, 23.4437103 ], [ 86.3518372, 23.4636307 ], [ 86.3579712, 23.5430603 ], [ 86.4449081, 23.6315308 ], [ 86.528656, 23.6289806 ], [ 86.5906219, 23.662241 ], [ 86.7110062, 23.6972294 ], [ 86.7381287, 23.6776104 ], [ 86.792038, 23.6873703 ], [ 86.8167191, 23.7761498 ], [ 86.7976913, 23.79772 ], [ 86.844429, 23.8218517 ], [ 86.8950119, 23.8799515 ], [ 86.9431992, 23.8428631 ], [ 86.9630432, 23.8647709 ], [ 87.0344086, 23.8368301 ], [ 87.0569458, 23.8162594 ], [ 87.1487427, 23.7943707 ], [ 87.1664429, 23.8195896 ], [ 87.1358185, 23.8681393 ], [ 87.2224808, 23.8576393 ], [ 87.2925873, 23.8901405 ], [ 87.2918167, 23.9556999 ], [ 87.2595367, 23.9699211 ], [ 87.2326508, 24.024601 ], [ 87.3323593, 24.0310097 ], [ 87.356636, 24.0091896 ], [ 87.4391022, 23.9781303 ], [ 87.5013504, 24.0223312 ], [ 87.4912262, 24.052021 ], [ 87.4965973, 24.1158009 ], [ 87.5391693, 24.087801 ], [ 87.5702133, 24.0876217 ], [ 87.5797501, 24.161541 ], [ 87.6275406, 24.1631317 ], [ 87.6895676, 24.1498394 ], [ 87.6966782, 24.1753502 ], [ 87.6709518, 24.20574 ], [ 87.6377258, 24.2115803 ], [ 87.6471481, 24.24856 ], [ 87.6813583, 24.2464409 ], [ 87.756279, 24.3035927 ], [ 87.7612381, 24.3333111 ], [ 87.7975082, 24.3821812 ], [ 87.7881012, 24.4320908 ], [ 87.8178482, 24.4684505 ], [ 87.7985306, 24.4918594 ], [ 87.7961731, 24.5623798 ], [ 87.8482132, 24.5510521 ], [ 87.8873215, 24.5627098 ], [ 87.9115982, 24.6622906 ], [ 87.8862534, 24.678091 ], [ 87.9008331, 24.7215996 ], [ 87.8397064, 24.7381878 ], [ 87.8977661, 24.8427811 ], [ 87.966507, 24.8813 ], [ 87.9616928, 24.9359303 ], [ 87.9064865, 24.9858131 ], [ 87.8643417, 25.0398502 ], [ 87.7928772, 25.0757313 ], [ 87.7726669, 25.0990982 ], [ 87.7710419, 25.1522713 ], [ 87.7875824, 25.2204895 ], [ 87.8492508, 25.2534275 ], [ 87.8504105, 25.2974377 ], [ 87.7815933, 25.3383999 ], [ 87.788826, 25.3722496 ], [ 87.7630692, 25.3956108 ], [ 87.7865219, 25.4487 ], [ 87.863472, 25.4653912 ], [ 87.8698807, 25.5030003 ], [ 87.9241104, 25.5356483 ], [ 87.9556122, 25.5380497 ], [ 88.0042419, 25.4940395 ], [ 88.061676, 25.48559 ], [ 88.0688629, 25.5130501 ], [ 88.0270462, 25.5532722 ], [ 88.03582, 25.6409798 ], [ 88.0508194, 25.6858006 ], [ 87.9796677, 25.7184601 ], [ 87.9009476, 25.7803097 ], [ 87.9109116, 25.8517494 ], [ 87.8228378, 25.8714676 ], [ 87.8069611, 25.9299183 ], [ 87.8421173, 26.0444813 ], [ 87.9129334, 26.0909729 ], [ 87.9598465, 26.0840397 ], [ 87.9695358, 26.1544094 ], [ 87.9991074, 26.1403904 ], [ 88.0374374, 26.1777 ], [ 88.0748291, 26.1812801 ], [ 88.1444473, 26.2528 ], [ 88.2245865, 26.2894001 ], [ 88.2611313, 26.3378506 ], [ 88.2739792, 26.3772812 ], [ 88.2434006, 26.4493008 ], [ 88.1792068, 26.4939804 ], [ 88.2333603, 26.5323696 ], [ 88.1857376, 26.5441399 ], [ 88.1321793, 26.5125809 ], [ 88.1054398, 26.5387655 ], [ 88.1316263, 26.5757714 ], [ 88.1420959, 26.6225516 ], [ 88.165605, 26.6459179 ], [ 88.1681748, 26.70036 ], [ 88.1890189, 26.7482347 ], [ 88.1725054, 26.8653042 ], [ 88.1213085, 26.9470875 ], [ 88.1327684, 26.9861808 ], [ 88.0915086, 27.0050262 ], [ 88.0815624, 27.0333893 ], [ 88.0400646, 27.0351025 ], [ 88.0221711, 27.0832152 ], [ 87.9923326, 27.1098176 ], [ 88.0107021, 27.1446529 ], [ 88.0169284, 27.2188688 ], [ 88.058197, 27.2138901 ], [ 88.0858459, 27.14151 ], [ 88.1584396, 27.1143513 ], [ 88.1789932, 27.1347122 ], [ 88.2325058, 27.1197701 ], [ 88.3044968, 27.1286011 ], [ 88.3638763, 27.0984211 ], [ 88.4319458, 27.0816097 ], [ 88.5217133, 27.150341 ], [ 88.5204773, 27.1750298 ], [ 88.5914764, 27.194458 ], [ 88.6595993, 27.1622105 ], [ 88.6844101, 27.1802311 ], [ 88.7325363, 27.1373501 ], [ 88.8038066, 27.1728957 ] ] ], [ [ [ 89.0554982, 22.0124502 ], [ 89.0774709, 21.9804579 ], [ 89.064253, 21.9366757 ], [ 89.0304357, 21.9264845 ], [ 89.0014249, 21.9468662 ], [ 89.0091497, 21.9873027 ], [ 89.0554982, 22.0124502 ] ] ], [ [ [ 89.0143401, 22.1944456 ], [ 89.0196617, 22.1492987 ], [ 89.0500457, 22.1316493 ], [ 89.0289314, 22.0780515 ], [ 88.9765746, 22.1699663 ], [ 89.0143401, 22.1944456 ] ] ], [ [ [ 89.016292, 22.0507362 ], [ 89.0430712, 22.0142965 ], [ 88.9912295, 21.9846924 ], [ 88.9689135, 22.0163654 ], [ 89.016292, 22.0507362 ] ] ], [ [ [ 88.9899589, 21.6974765 ], [ 88.9915039, 21.6494593 ], [ 89.0232612, 21.6534481 ], [ 89.0363075, 21.6137152 ], [ 88.9999153, 21.6025434 ], [ 88.9719345, 21.6416411 ], [ 88.9515068, 21.700826 ], [ 88.9717628, 21.697317 ], [ 88.9856674, 21.7048133 ], [ 88.9899589, 21.6974765 ] ] ], [ [ [ 89.0157256, 21.8751464 ], [ 89.0287718, 21.8303757 ], [ 89.0054259, 21.8126866 ], [ 88.9729819, 21.8405738 ], [ 88.9820799, 21.8926685 ], [ 89.0157256, 21.8751464 ] ] ], [ [ [ 88.9985713, 22.1210275 ], [ 88.999258, 22.0911275 ], [ 89.0284404, 22.0583575 ], [ 88.9630374, 22.0523117 ], [ 88.9985713, 22.1210275 ] ] ], [ [ [ 88.9470355, 22.1891262 ], [ 88.9578502, 22.189762 ], [ 88.984801, 22.1484295 ], [ 88.9699193, 22.0824248 ], [ 88.9254971, 22.0649457 ], [ 88.9263644, 22.1676355 ], [ 88.9374225, 22.17943 ], [ 88.9448039, 22.1813375 ], [ 88.9470355, 22.1891262 ] ] ], [ [ [ 88.9683296, 21.7390997 ], [ 88.9729645, 21.6984335 ], [ 88.9499618, 21.7024209 ], [ 88.9236977, 21.7193262 ], [ 88.9247276, 21.7620591 ], [ 88.9683296, 21.7390997 ] ] ], [ [ [ 88.8916916, 21.9069188 ], [ 88.9500565, 21.8768144 ], [ 88.9267105, 21.8524395 ], [ 88.9158958, 21.8779295 ], [ 88.8916916, 21.9069188 ] ] ], [ [ [ 88.9348659, 21.7016467 ], [ 88.919588, 21.6325691 ], [ 88.8890323, 21.6566622 ], [ 88.8737544, 21.6939907 ], [ 88.8830241, 21.7450226 ], [ 88.9348659, 21.7016467 ] ] ], [ [ [ 88.8506645, 21.9107412 ], [ 88.8789886, 21.9037335 ], [ 88.9143509, 21.8782481 ], [ 88.909201, 21.8482969 ], [ 88.8604492, 21.8561039 ], [ 88.8506645, 21.9107412 ] ] ], [ [ [ 88.8131814, 22.0193353 ], [ 88.8979821, 22.012333 ], [ 88.9060502, 21.9271633 ], [ 88.8863091, 21.9206342 ], [ 88.8413339, 21.944679 ], [ 88.8454537, 21.9720629 ], [ 88.8401322, 21.9798631 ], [ 88.8274293, 21.9768386 ], [ 88.8179879, 21.9711077 ], [ 88.7869172, 21.9723813 ], [ 88.7867455, 21.9843202 ], [ 88.7609963, 21.9967356 ], [ 88.8131814, 22.0193353 ] ] ], [ [ [ 88.90065, 21.55317 ], [ 88.85173, 21.55168 ], [ 88.8329, 21.60621 ], [ 88.89394, 21.57809 ], [ 88.90065, 21.55317 ] ] ], [ [ [ 88.8596782, 21.8540424 ], [ 88.8825091, 21.797152 ], [ 88.8378772, 21.7805747 ], [ 88.8395938, 21.8476692 ], [ 88.8596782, 21.8540424 ] ] ], [ [ [ 88.817171, 22.1228487 ], [ 88.8453235, 22.1198272 ], [ 88.8664378, 22.0810193 ], [ 88.8381137, 22.0724293 ], [ 88.806528, 22.0838826 ], [ 88.7984599, 22.1104443 ], [ 88.817171, 22.1228487 ] ] ], [ [ [ 88.8583065, 21.7474305 ], [ 88.8395954, 21.713784 ], [ 88.8601948, 21.6410423 ], [ 88.8097263, 21.6397658 ], [ 88.8198544, 21.7030983 ], [ 88.7807156, 21.7305285 ], [ 88.8315273, 21.7651276 ], [ 88.8583065, 21.7474305 ] ] ], [ [ [ 88.7812524, 21.9836835 ], [ 88.781939, 21.9731772 ], [ 88.8045983, 21.9691974 ], [ 88.8174729, 21.9695158 ], [ 88.8365273, 21.9785896 ], [ 88.8435655, 21.9703117 ], [ 88.8385873, 21.9502518 ], [ 88.8413339, 21.939743 ], [ 88.7771325, 21.9427683 ], [ 88.7520699, 21.957894 ], [ 88.7555032, 21.9852753 ], [ 88.7812524, 21.9836835 ] ] ], [ [ [ 88.8096782, 22.0815647 ], [ 88.782384, 22.0467241 ], [ 88.7489101, 22.0567476 ], [ 88.7576648, 22.0790195 ], [ 88.7830707, 22.1063774 ], [ 88.7976619, 22.108445 ], [ 88.8034984, 22.0847461 ], [ 88.8096782, 22.0815647 ] ] ], [ [ [ 88.7812492, 21.8243525 ], [ 88.7956687, 21.7856233 ], [ 88.7769576, 21.7303004 ], [ 88.754985, 21.7421002 ], [ 88.7812492, 21.8243525 ] ] ], [ [ [ 88.77507, 21.64671 ], [ 88.78997, 21.58278 ], [ 88.7527248, 21.5772431 ], [ 88.7298938, 21.6394861 ], [ 88.77507, 21.64671 ] ] ], [ [ [ 88.7283619, 21.8982922 ], [ 88.780032, 21.8584678 ], [ 88.6988361, 21.8586271 ], [ 88.7283619, 21.8982922 ] ] ], [ [ [ 88.7654407, 21.8259628 ], [ 88.7534244, 21.7885092 ], [ 88.7082775, 21.8113013 ], [ 88.7208088, 21.8329743 ], [ 88.7654407, 21.8259628 ] ] ], [ [ [ 88.7268325, 21.7746242 ], [ 88.7594482, 21.758682 ], [ 88.7510368, 21.7336491 ], [ 88.7587615, 21.6835703 ], [ 88.7101814, 21.6945764 ], [ 88.6966201, 21.7502319 ], [ 88.7268325, 21.7746242 ] ] ], [ [ [ 88.5674462, 21.9579988 ], [ 88.5930238, 21.9487644 ], [ 88.6016068, 21.9062465 ], [ 88.5519967, 21.9197836 ], [ 88.5674462, 21.9579988 ] ] ], [ [ [ 88.57808, 21.61639 ], [ 88.57173, 21.57215 ], [ 88.51037, 21.60218 ], [ 88.558, 21.63121 ], [ 88.57808, 21.61639 ] ] ], [ [ [ 88.5405077, 21.7863018 ], [ 88.56649, 21.78048 ], [ 88.5712351, 21.7333711 ], [ 88.5355296, 21.7341684 ], [ 88.5042872, 21.7579257 ], [ 88.5405077, 21.7863018 ] ] ], [ [ [ 88.56639, 21.9998953 ], [ 88.5445635, 21.9725585 ], [ 88.547307, 21.881793 ], [ 88.52838, 21.8526235 ], [ 88.4960937, 21.8768602 ], [ 88.5236454, 21.9131617 ], [ 88.5194333, 21.9451208 ], [ 88.56639, 21.9998953 ] ] ], [ [ [ 88.5624037, 21.8968781 ], [ 88.5624037, 21.8298067 ], [ 88.5333929, 21.8355432 ], [ 88.5624037, 21.8968781 ] ] ], [ [ [ 88.53445, 21.57372 ], [ 88.51346, 21.54075 ], [ 88.48286, 21.55438 ], [ 88.50291, 21.59365 ], [ 88.53445, 21.57372 ] ] ], [ [ [ 88.4523778, 21.9040241 ], [ 88.4826312, 21.8818731 ], [ 88.4898168, 21.8434517 ], [ 88.4451578, 21.8033033 ], [ 88.3931707, 21.8293653 ], [ 88.3996472, 21.8715297 ], [ 88.4523778, 21.9040241 ] ] ], [ [ [ 88.4499047, 21.7956679 ], [ 88.4746544, 21.791226 ], [ 88.4556, 21.7105495 ], [ 88.4265096, 21.715552 ], [ 88.429121, 21.7289161 ], [ 88.4234548, 21.7410645 ], [ 88.4268577, 21.7508177 ], [ 88.4238696, 21.7691212 ], [ 88.4399764, 21.7813385 ], [ 88.4499047, 21.7956679 ] ] ], [ [ [ 88.46621, 21.68527 ], [ 88.45169, 21.62181 ], [ 88.42045, 21.65284 ], [ 88.4201, 21.69004 ], [ 88.46621, 21.68527 ] ] ], [ [ [ 88.4212546, 21.8113629 ], [ 88.4412693, 21.8003772 ], [ 88.4329252, 21.779083 ], [ 88.423203, 21.7714438 ], [ 88.4202214, 21.7624593 ], [ 88.4255092, 21.7258581 ], [ 88.4034446, 21.7376311 ], [ 88.4008441, 21.7536143 ], [ 88.3834607, 21.7800191 ], [ 88.4212546, 21.8113629 ] ] ], [ [ [ 88.3986336, 21.7529889 ], [ 88.4015134, 21.7373902 ], [ 88.4221221, 21.7176493 ], [ 88.4115878, 21.6544097 ], [ 88.3826619, 21.6821991 ], [ 88.4035302, 21.7039062 ], [ 88.3851998, 21.7314771 ], [ 88.3986336, 21.7529889 ] ] ], [ [ [ 88.3337676, 21.8606197 ], [ 88.3524624, 21.854418 ], [ 88.3498837, 21.8294677 ], [ 88.3596094, 21.808278 ], [ 88.327067, 21.7832075 ], [ 88.2907407, 21.7833436 ], [ 88.2659692, 21.8031011 ], [ 88.3337676, 21.8606197 ] ] ], [ [ [ 88.35425, 21.79551 ], [ 88.34434, 21.72287 ], [ 88.30788, 21.71303 ], [ 88.29869, 21.782 ], [ 88.32766, 21.78261 ], [ 88.35425, 21.79551 ] ] ], [ [ [ 88.31271, 21.70542 ], [ 88.35048, 21.67578 ], [ 88.3408, 21.62554 ], [ 88.30588, 21.62467 ], [ 88.31271, 21.70542 ] ] ], [ [ [ 88.2348295, 21.7586563 ], [ 88.2724065, 21.7515625 ], [ 88.3034885, 21.6686805 ], [ 88.2842899, 21.6155383 ], [ 88.2582243, 21.5941115 ], [ 88.2349057, 21.6359937 ], [ 88.2113871, 21.7213837 ], [ 88.2348295, 21.7586563 ] ] ], [ [ [ 88.1371045, 21.8750957 ], [ 88.1641122, 21.8041079 ], [ 88.168507, 21.7340496 ], [ 88.1439398, 21.6762933 ], [ 88.1450266, 21.6394693 ], [ 88.1030707, 21.6264935 ], [ 88.0452743, 21.649653 ], [ 88.0399031, 21.6687391 ], [ 88.1032714, 21.8333606 ], [ 88.1371045, 21.8750957 ] ] ], [ [ [ 88.14159, 22.0259 ], [ 88.07828, 21.92479 ], [ 88.05095, 21.93924 ], [ 88.07499, 22.00097 ], [ 88.14159, 22.0259 ] ] ] ] } },
{ "type": "Feature", "properties": { "POLYGON_ID": "IND_GAUL2012_ADM1_70072", "ADM0_ISO3": "IND", "ADM0_NAME": "India", "ADM0_CODE": 115, "ADM1_NAME": "Arunachal Pradesh", "ADM1_CODE": 70072, "GEOSET": "GAUL", "GEOSET_YEAR": 2012.0, "GEOSET_VERSION": "GAUL_v1", "GEOSET_UNIT": "ADM1", "CENTROID_LONG": 96.090887944163029, "CENTROID_LAT": 27.59537726096341 }, "geometry": { "type": "MultiPolygon", "coordinates": [ [ [ [ 97.05753, 27.74408 ], [ 97.01779, 27.73847 ], [ 96.9670289, 27.6637099 ], [ 96.92896, 27.65604 ], [ 96.8918488, 27.6161776 ], [ 96.8968599, 27.5674104 ], [ 96.92259, 27.51167 ], [ 96.90124, 27.45848 ], [ 96.96609, 27.39064 ], [ 96.9653794, 27.3676818 ], [ 97.09006, 27.21362 ], [ 97.15277, 27.15445 ], [ 97.1670599, 27.126181 ], [ 97.12572, 27.0883 ], [ 97.0891479, 27.1007004 ], [ 97.05312, 27.10215 ], [ 97.02442, 27.12994 ], [ 96.94949, 27.15755 ], [ 96.90973, 27.15931 ], [ 96.8714, 27.18309 ], [ 96.85761, 27.21546 ], [ 96.88708, 27.25245 ], [ 96.83777, 27.28213 ], [ 96.78369, 27.34906 ], [ 96.70245, 27.36582 ], [ 96.66, 27.33471 ], [ 96.62837, 27.36614 ], [ 96.56384, 27.30336 ], [ 96.42576, 27.30092 ], [ 96.38928, 27.28481 ], [ 96.29218, 27.28819 ], [ 96.23161, 27.27551 ], [ 96.09404, 27.22428 ], [ 96.03532, 27.18738 ], [ 95.92337, 27.03241 ], [ 95.85495, 27.00952 ], [ 95.80881, 27.00964 ], [ 95.76665, 26.96539 ], [ 95.74774, 26.91064 ], [ 95.71219, 26.88424 ], [ 95.66874, 26.896 ], [ 95.63318, 26.86476 ], [ 95.59849, 26.80916 ], [ 95.54867, 26.82161 ], [ 95.50095, 26.80234 ], [ 95.47245, 26.74163 ], [ 95.42565, 26.69363 ], [ 95.31049, 26.6631 ], [ 95.2754, 26.64324 ], [ 95.2408184, 26.6803109 ], [ 95.2161407, 26.735321 ], [ 95.2425385, 26.7845116 ], [ 95.2151184, 26.7983799 ], [ 95.1845016, 26.86483 ], [ 95.2299271, 26.8856697 ], [ 95.1951981, 26.9899902 ], [ 95.1955185, 27.0429497 ], [ 95.24823, 27.0302525 ], [ 95.3096771, 27.081131 ], [ 95.3664703, 27.1128502 ], [ 95.4577866, 27.1356411 ], [ 95.4589005, 27.2095699 ], [ 95.4872284, 27.2460308 ], [ 95.5348129, 27.2706203 ], [ 95.5900879, 27.2295208 ], [ 95.6844177, 27.25741 ], [ 95.860466, 27.2942104 ], [ 95.8723831, 27.2669106 ], [ 95.9632187, 27.31707 ], [ 96.014946, 27.3754578 ], [ 95.9732971, 27.4367523 ], [ 95.8825912, 27.4440804 ], [ 95.8813324, 27.5532322 ], [ 95.8623581, 27.5526009 ], [ 95.798027, 27.60783 ], [ 95.7703934, 27.7200298 ], [ 95.7805328, 27.7582207 ], [ 95.8231277, 27.809248 ], [ 95.8765717, 27.8417702 ], [ 95.9552994, 27.9268208 ], [ 95.9774628, 27.968502 ], [ 95.825882, 27.9773712 ], [ 95.6067429, 27.9577694 ], [ 95.5438004, 27.9134598 ], [ 95.5159531, 27.8817883 ], [ 95.3843384, 27.84202 ], [ 95.3165588, 27.87113 ], [ 94.9870377, 27.770853 ], [ 94.8644824, 27.739884 ], [ 94.94679, 27.79586 ], [ 95.01431, 27.83244 ], [ 95.066, 27.84397 ], [ 95.28555, 27.94355 ], [ 95.32748, 28.02086 ], [ 95.35183, 28.04407 ], [ 95.37049, 28.11365 ], [ 95.39573, 28.14575 ], [ 95.43656, 28.16534 ], [ 95.51944, 28.18431 ], [ 95.67363, 28.25775 ], [ 95.73941, 28.27886 ], [ 95.787028, 28.27404 ], [ 95.83152, 28.29858 ], [ 95.87381, 28.30132 ], [ 95.98846, 28.20195 ], [ 96.06471, 28.19804 ], [ 96.10031, 28.21781 ], [ 96.18134, 28.21766 ], [ 96.270428, 28.2336803 ], [ 96.29875, 28.14417 ], [ 96.36743, 28.12395 ], [ 96.39895, 28.1551 ], [ 96.45746, 28.15123 ], [ 96.51815, 28.08248 ], [ 96.5774087, 28.0641202 ], [ 96.63278, 28.01678 ], [ 96.6368192, 27.9942522 ], [ 96.6834, 27.95439 ], [ 96.72868, 27.95505 ], [ 96.7889578, 27.9326004 ], [ 96.8154, 27.89591 ], [ 96.87035, 27.87576 ], [ 96.9152384, 27.8848396 ], [ 96.9687275, 27.861861 ], [ 96.99979, 27.81198 ], [ 97.04381, 27.82283 ], [ 97.05753, 27.74408 ] ] ], [ [ [ 94.4342804, 27.5883293 ], [ 94.47732, 27.60559 ], [ 94.524219, 27.5996699 ], [ 94.6595, 27.65381 ], [ 94.7088, 27.68202 ], [ 94.7801, 27.70284 ], [ 94.861351, 27.739172 ], [ 94.848793, 27.71068 ], [ 94.7953491, 27.6980801 ], [ 94.7426682, 27.6634197 ], [ 94.698082, 27.6671009 ], [ 94.6397934, 27.6309605 ], [ 94.5914688, 27.6228104 ], [ 94.4597397, 27.5577106 ], [ 94.4342804, 27.5883293 ] ] ], [ [ [ 94.1681532, 27.4841863 ], [ 94.20981, 27.53128 ], [ 94.2533875, 27.5599594 ], [ 94.2590561, 27.5226002 ], [ 94.1681532, 27.4841863 ] ] ], [ [ [ 93.9602712, 27.2979122 ], [ 93.98611, 27.32576 ], [ 94.05537, 27.37901 ], [ 94.1578973, 27.474443 ], [ 94.0863495, 27.4045601 ], [ 94.0609283, 27.3635597 ], [ 94.0000076, 27.3347092 ], [ 93.9602712, 27.2979122 ] ] ], [ [ [ 93.6358096, 26.9646227 ], [ 93.7009888, 26.9971561 ], [ 93.6757813, 26.9710712 ], [ 93.6358096, 26.9646227 ] ] ] ] } },
{ "type": "Feature", "properties": { "POLYGON_ID": "IND_GAUL2012_ADM1_70073", "ADM0_ISO3": "IND", "ADM0_NAME": "India", "ADM0_CODE": 115, "ADM1_NAME": "Bihar", "ADM1_CODE": 70073, "GEOSET": "GAUL", "GEOSET_YEAR": 2012.0, "GEOSET_VERSION": "GAUL_v1", "GEOSET_UNIT": "ADM1", "CENTROID_LONG": 85.604070686354689, "CENTROID_LAT": 25.680380910299096 }, "geometry": { "type": "MultiPolygon", "coordinates": [ [ [ [ 88.1054398, 26.5387655 ], [ 88.1321793, 26.5125809 ], [ 88.1857376, 26.5441399 ], [ 88.2333603, 26.5323696 ], [ 88.1792068, 26.4939804 ], [ 88.2434006, 26.4493008 ], [ 88.2739792, 26.3772812 ], [ 88.2611313, 26.3378506 ], [ 88.2245865, 26.2894001 ], [ 88.1444473, 26.2528 ], [ 88.0748291, 26.1812801 ], [ 88.0374374, 26.1777 ], [ 87.9991074, 26.1403904 ], [ 87.9695358, 26.1544094 ], [ 87.9598465, 26.0840397 ], [ 87.9129334, 26.0909729 ], [ 87.8421173, 26.0444813 ], [ 87.8069611, 25.9299183 ], [ 87.8228378, 25.8714676 ], [ 87.9109116, 25.8517494 ], [ 87.9009476, 25.7803097 ], [ 87.9796677, 25.7184601 ], [ 88.0508194, 25.6858006 ], [ 88.03582, 25.6409798 ], [ 88.0270462, 25.5532722 ], [ 88.0688629, 25.5130501 ], [ 88.061676, 25.48559 ], [ 88.0042419, 25.4940395 ], [ 87.9556122, 25.5380497 ], [ 87.9241104, 25.5356483 ], [ 87.8698807, 25.5030003 ], [ 87.863472, 25.4653912 ], [ 87.7865219, 25.4487 ], [ 87.7630692, 25.3956108 ], [ 87.788826, 25.3722496 ], [ 87.7815933, 25.3383999 ], [ 87.8504105, 25.2974377 ], [ 87.8492508, 25.2534275 ], [ 87.7875824, 25.2204895 ], [ 87.7833099, 25.2461777 ], [ 87.7077866, 25.2564087 ], [ 87.6841507, 25.3101311 ], [ 87.6068802, 25.3113804 ], [ 87.5671082, 25.3338909 ], [ 87.5384979, 25.2962303 ], [ 87.4815063, 25.2951698 ], [ 87.4955902, 25.2653008 ], [ 87.472641, 25.240881 ], [ 87.4721603, 25.1946697 ], [ 87.391777, 25.22752 ], [ 87.3684616, 25.2068996 ], [ 87.3234558, 25.2230911 ], [ 87.2911072, 25.0892696 ], [ 87.2587509, 25.1046104 ], [ 87.1766434, 25.0640202 ], [ 87.1438828, 25.0107899 ], [ 87.1536865, 24.9909706 ], [ 87.1473389, 24.8624077 ], [ 87.1060486, 24.8473301 ], [ 87.077301, 24.8083496 ], [ 87.0818558, 24.7245407 ], [ 87.0444031, 24.6240311 ], [ 87.0102005, 24.6062603 ], [ 86.9655609, 24.6318703 ], [ 86.936058, 24.6303711 ], [ 86.8546371, 24.5504608 ], [ 86.8087158, 24.5637703 ], [ 86.7918472, 24.6153107 ], [ 86.668396, 24.5606403 ], [ 86.5999832, 24.5994911 ], [ 86.5831528, 24.5727806 ], [ 86.5235291, 24.5357494 ], [ 86.4902802, 24.4843712 ], [ 86.4885864, 24.4250011 ], [ 86.4617996, 24.3767204 ], [ 86.4155884, 24.3792095 ], [ 86.3535004, 24.4420605 ], [ 86.3194962, 24.4401608 ], [ 86.2938766, 24.4764309 ], [ 86.3124161, 24.5084705 ], [ 86.2926331, 24.5860901 ], [ 86.2157059, 24.5911713 ], [ 86.165657, 24.5836811 ], [ 86.1255875, 24.6118202 ], [ 86.1335983, 24.6755104 ], [ 86.1055374, 24.7359695 ], [ 86.0631866, 24.7516689 ], [ 86.0478821, 24.7782898 ], [ 85.9503021, 24.7321186 ], [ 85.9105072, 24.7536678 ], [ 85.8777771, 24.8002911 ], [ 85.8272171, 24.8096428 ], [ 85.7772369, 24.7989502 ], [ 85.7367401, 24.8226509 ], [ 85.7035599, 24.7574501 ], [ 85.7047729, 24.7287312 ], [ 85.6599731, 24.6747303 ], [ 85.6721268, 24.6194 ], [ 85.6647034, 24.5819321 ], [ 85.6085205, 24.5850391 ], [ 85.5341873, 24.5321922 ], [ 85.4944611, 24.550621 ], [ 85.4332733, 24.5360794 ], [ 85.2793579, 24.5191002 ], [ 85.2239227, 24.4711895 ], [ 85.1528931, 24.4641495 ], [ 85.1693802, 24.4294701 ], [ 85.1150589, 24.4090195 ], [ 85.0320969, 24.4253502 ], [ 84.9904022, 24.4122295 ], [ 84.9685669, 24.3759499 ], [ 84.9033127, 24.3723106 ], [ 84.8629303, 24.4576416 ], [ 84.8271866, 24.4701195 ], [ 84.8194962, 24.5248203 ], [ 84.7420197, 24.49646 ], [ 84.7249069, 24.47295 ], [ 84.6789169, 24.4563408 ], [ 84.6582565, 24.3937416 ], [ 84.5724792, 24.4123402 ], [ 84.4935379, 24.2870407 ], [ 84.4545364, 24.3386498 ], [ 84.3949432, 24.3677902 ], [ 84.3822174, 24.3896999 ], [ 84.3358612, 24.3958302 ], [ 84.3303986, 24.4311924 ], [ 84.2932129, 24.4508209 ], [ 84.3217087, 24.4897575 ], [ 84.2929764, 24.5659904 ], [ 84.2584686, 24.5376911 ], [ 84.2206802, 24.5503311 ], [ 84.172821, 24.5419807 ], [ 84.1097794, 24.4813976 ], [ 84.0467377, 24.6122894 ], [ 83.9922104, 24.6380329 ], [ 83.9723511, 24.5966301 ], [ 83.9284592, 24.5479107 ], [ 83.868042, 24.5328789 ], [ 83.7990112, 24.5298805 ], [ 83.7166901, 24.5049496 ], [ 83.682457, 24.5155811 ], [ 83.6001587, 24.5132408 ], [ 83.4981689, 24.5270596 ], [ 83.5171814, 24.5491695 ], [ 83.5345306, 24.6156006 ], [ 83.4975204, 24.6516609 ], [ 83.5131912, 24.6789207 ], [ 83.4798431, 24.7378311 ], [ 83.4530869, 24.7333202 ], [ 83.3868027, 24.7842197 ], [ 83.3903885, 24.8330803 ], [ 83.351387, 24.9030609 ], [ 83.3570175, 24.9553509 ], [ 83.3234558, 25.0480518 ], [ 83.3534393, 25.1491604 ], [ 83.3496094, 25.1989403 ], [ 83.3882217, 25.2070084 ], [ 83.4092712, 25.2492809 ], [ 83.4602814, 25.2519703 ], [ 83.4802628, 25.2824097 ], [ 83.5443573, 25.3131409 ], [ 83.6106567, 25.3325901 ], [ 83.7094727, 25.3952503 ], [ 83.7822723, 25.3987293 ], [ 83.9209824, 25.5617294 ], [ 84.0142365, 25.6161308 ], [ 84.0765076, 25.6375313 ], [ 84.0696487, 25.69561 ], [ 84.107872, 25.7236423 ], [ 84.1675034, 25.7217503 ], [ 84.2170792, 25.6640606 ], [ 84.3185883, 25.6719399 ], [ 84.3256226, 25.7371006 ], [ 84.3936462, 25.7289009 ], [ 84.4018784, 25.699501 ], [ 84.4487762, 25.7144909 ], [ 84.466507, 25.6855106 ], [ 84.5163803, 25.6777096 ], [ 84.558609, 25.700983 ], [ 84.5556259, 25.7364082 ], [ 84.6005325, 25.7606297 ], [ 84.6211166, 25.7923603 ], [ 84.5468521, 25.84132 ], [ 84.5286407, 25.8777409 ], [ 84.4311829, 25.8926697 ], [ 84.4083023, 25.9313507 ], [ 84.351387, 25.959341 ], [ 84.2915573, 25.9482803 ], [ 84.2018127, 26.0005608 ], [ 84.136673, 26.0470104 ], [ 84.0910416, 26.0965405 ], [ 84.049057, 26.0997009 ], [ 84.0278473, 26.1629601 ], [ 84.0021133, 26.1901398 ], [ 84.0336304, 26.23209 ], [ 84.0735779, 26.2248802 ], [ 84.157402, 26.2609196 ], [ 84.1817398, 26.3170395 ], [ 84.1713562, 26.3739796 ], [ 84.0615158, 26.3900909 ], [ 84.0161133, 26.4419708 ], [ 83.9834671, 26.4349003 ], [ 83.9022827, 26.4502506 ], [ 83.9067917, 26.5067596 ], [ 83.965416, 26.5117397 ], [ 84.04776, 26.5434895 ], [ 84.0847626, 26.6105595 ], [ 84.0804214, 26.6407528 ], [ 84.1520309, 26.6385002 ], [ 84.2722168, 26.5993614 ], [ 84.2970276, 26.6156998 ], [ 84.4143982, 26.6271706 ], [ 84.4022369, 26.6712208 ], [ 84.3256607, 26.6842575 ], [ 84.298027, 26.7532711 ], [ 84.2422791, 26.7307701 ], [ 84.2246094, 26.7571011 ], [ 84.2522964, 26.8086796 ], [ 84.2521133, 26.8449211 ], [ 84.2286377, 26.8698101 ], [ 84.1764679, 26.8533401 ], [ 84.1316528, 26.85569 ], [ 84.052002, 26.8917007 ], [ 84.0351486, 26.9487209 ], [ 84.0495224, 26.9908104 ], [ 84.0242691, 27.0447197 ], [ 83.9549408, 27.0861206 ], [ 83.9414368, 27.1198311 ], [ 83.9851227, 27.1817627 ], [ 83.948143, 27.2383308 ], [ 83.9019012, 27.2521305 ], [ 83.9188309, 27.2926598 ], [ 83.9080429, 27.3303909 ], [ 83.8546371, 27.3112297 ], [ 83.8585441, 27.3547676 ], [ 83.8845578, 27.3808847 ], [ 83.8341132, 27.4292829 ], [ 83.9401402, 27.4512615 ], [ 84.0545465, 27.4432741 ], [ 84.072678, 27.4830587 ], [ 84.1197437, 27.5188934 ], [ 84.1552453, 27.4840581 ], [ 84.2132089, 27.4484614 ], [ 84.2579904, 27.4467006 ], [ 84.2771689, 27.3968271 ], [ 84.3322772, 27.3764113 ], [ 84.4473479, 27.3665127 ], [ 84.6239652, 27.3377922 ], [ 84.6896859, 27.2302882 ], [ 84.6892576, 27.1583808 ], [ 84.6773127, 27.1011786 ], [ 84.6490923, 27.0751473 ], [ 84.6545174, 27.0424059 ], [ 84.7909081, 26.9972913 ], [ 84.8290747, 27.0220377 ], [ 84.8574855, 26.9871548 ], [ 84.8992212, 26.968024 ], [ 84.9640377, 26.9579826 ], [ 85.0310618, 26.8739455 ], [ 85.0844384, 26.855396 ], [ 85.1167515, 26.8730992 ], [ 85.1885161, 26.8712433 ], [ 85.181806, 26.7963378 ], [ 85.2102167, 26.7606935 ], [ 85.2369619, 26.7644055 ], [ 85.3334728, 26.7431807 ], [ 85.4050946, 26.7929432 ], [ 85.4517223, 26.7840268 ], [ 85.5264955, 26.8159602 ], [ 85.5456739, 26.8374705 ], [ 85.6103001, 26.8571724 ], [ 85.7074773, 26.8349483 ], [ 85.7385054, 26.7948306 ], [ 85.7283689, 26.6748581 ], [ 85.7543526, 26.6396421 ], [ 85.8953595, 26.59448 ], [ 85.9503726, 26.614515 ], [ 85.9560358, 26.6448294 ], [ 86.0689668, 26.6591953 ], [ 86.1457758, 26.6060381 ], [ 86.1731977, 26.6163673 ], [ 86.2354339, 26.5914758 ], [ 86.254422, 26.6176975 ], [ 86.3458884, 26.61903 ], [ 86.3989028, 26.586241 ], [ 86.4580086, 26.5693944 ], [ 86.4998396, 26.5435535 ], [ 86.5439072, 26.5382235 ], [ 86.5679397, 26.5007232 ], [ 86.6223342, 26.484876 ], [ 86.6440825, 26.4624615 ], [ 86.6952409, 26.4519918 ], [ 86.7341689, 26.4237238 ], [ 86.7691945, 26.4616525 ], [ 86.8356767, 26.4420933 ], [ 86.8952108, 26.4665541 ], [ 86.9490342, 26.5242323 ], [ 87.0174675, 26.5328459 ], [ 87.0730517, 26.5851465 ], [ 87.0967035, 26.4484702 ], [ 87.1563328, 26.4073056 ], [ 87.2487987, 26.4137777 ], [ 87.2702614, 26.3741835 ], [ 87.3579684, 26.3607633 ], [ 87.388473, 26.4174897 ], [ 87.4646158, 26.4396186 ], [ 87.4981186, 26.4359543 ], [ 87.6085732, 26.3810839 ], [ 87.6504993, 26.3917915 ], [ 87.6944241, 26.4330513 ], [ 87.7353509, 26.4082574 ], [ 87.7679971, 26.4097326 ], [ 87.788508, 26.4655548 ], [ 87.8497077, 26.4350501 ], [ 87.8581786, 26.461129 ], [ 87.9005806, 26.4737877 ], [ 87.9366812, 26.4148763 ], [ 87.99357, 26.3898403 ], [ 88.0371617, 26.3898403 ], [ 88.0897954, 26.4248184 ], [ 88.1048335, 26.4669349 ], [ 88.1054398, 26.5387655 ] ] ] ] } },
{ "type": "Feature", "properties": { "POLYGON_ID": "IND_GAUL2012_ADM1_70074", "ADM0_ISO3": "IND", "ADM0_NAME": "India", "ADM0_CODE": 115, "ADM1_NAME": "Chandigarh", "ADM1_CODE": 70074, "GEOSET": "GAUL", "GEOSET_YEAR": 2012.0, "GEOSET_VERSION": "GAUL_v1", "GEOSET_UNIT": "ADM1", "CENTROID_LONG": 76.770243433691931, "CENTROID_LAT": 30.736201847333025 }, "geometry": { "type": "MultiPolygon", "coordinates": [ [ [ [ 76.828186, 30.7637901 ], [ 76.8362961, 30.7142696 ], [ 76.819809, 30.6858311 ], [ 76.7943726, 30.6693211 ], [ 76.7152023, 30.7133007 ], [ 76.6906281, 30.7600803 ], [ 76.7593384, 30.7990398 ], [ 76.828186, 30.7637901 ] ] ] ] } },
{ "type": "Feature", "properties": { "POLYGON_ID": "IND_GAUL2012_ADM1_70075", "ADM0_ISO3": "IND", "ADM0_NAME": "India", "ADM0_CODE": 115, "ADM1_NAME": "Chhattisgarh", "ADM1_CODE": 70075, "GEOSET": "GAUL", "GEOSET_YEAR": 2012.0, "GEOSET_VERSION": "GAUL_v1", "GEOSET_UNIT": "ADM1", "CENTROID_LONG": 82.035281898197809, "CENTROID_LAT": 21.262775445363737 }, "geometry": { "type": "MultiPolygon", "coordinates": [ [ [ [ 83.3235626, 24.1013298 ], [ 83.3832626, 24.0998707 ], [ 83.4253693, 24.0837631 ], [ 83.4475861, 24.0424805 ], [ 83.5096283, 24.0254002 ], [ 83.5124359, 23.9669991 ], [ 83.5493698, 23.8928394 ], [ 83.5811691, 23.8619194 ], [ 83.6562424, 23.8436413 ], [ 83.6955872, 23.8076 ], [ 83.7294006, 23.7547302 ], [ 83.7321396, 23.70467 ], [ 83.7147293, 23.6825409 ], [ 83.7520828, 23.6489811 ], [ 83.7748871, 23.5995007 ], [ 83.935257, 23.5630398 ], [ 83.9378891, 23.6224308 ], [ 83.9754562, 23.6308289 ], [ 84.0203018, 23.6001797 ], [ 84.0226669, 23.544241 ], [ 84.0087585, 23.4995804 ], [ 83.9697266, 23.44767 ], [ 83.9668884, 23.3742294 ], [ 84.0065308, 23.3528004 ], [ 84.0433884, 23.3740101 ], [ 84.0702515, 23.3299904 ], [ 84.0504532, 23.2409496 ], [ 84.0561218, 23.1964111 ], [ 84.0290909, 23.1538811 ], [ 84.0667114, 23.107111 ], [ 84.0878677, 23.1094894 ], [ 84.1307678, 23.0633621 ], [ 84.1246109, 23.0307484 ], [ 84.1442108, 22.9881878 ], [ 84.1790466, 23.0225601 ], [ 84.2170563, 22.9764709 ], [ 84.2785721, 22.9612484 ], [ 84.33181, 22.9791412 ], [ 84.3705368, 22.975069 ], [ 84.3890533, 22.9387398 ], [ 84.3759613, 22.8736401 ], [ 84.3203125, 22.8494205 ], [ 84.309967, 22.7989807 ], [ 84.285286, 22.7633705 ], [ 84.2253571, 22.7351608 ], [ 84.2322388, 22.6885796 ], [ 84.1499329, 22.6344204 ], [ 84.0803909, 22.636549 ], [ 84.0481262, 22.5941429 ], [ 84.0050507, 22.569561 ], [ 84.0025024, 22.5208607 ], [ 83.9760971, 22.5022106 ], [ 84.0415573, 22.4641113 ], [ 84.0400085, 22.4328995 ], [ 84.0011902, 22.3696709 ], [ 83.9155426, 22.3596706 ], [ 83.8610077, 22.3437805 ], [ 83.7456512, 22.2412205 ], [ 83.6930008, 22.2455006 ], [ 83.645752, 22.2245884 ], [ 83.6059418, 22.1576099 ], [ 83.5572662, 22.0999794 ], [ 83.6003189, 22.0655098 ], [ 83.5383682, 22.0553799 ], [ 83.5485611, 22.0067024 ], [ 83.5351715, 21.963501 ], [ 83.6004791, 21.910841 ], [ 83.5715179, 21.87187 ], [ 83.5735321, 21.8296604 ], [ 83.5312424, 21.8318996 ], [ 83.491333, 21.8086605 ], [ 83.4759216, 21.7737904 ], [ 83.4841309, 21.7415524 ], [ 83.456337, 21.6943207 ], [ 83.4197464, 21.6750221 ], [ 83.4412308, 21.649271 ], [ 83.380722, 21.612751 ], [ 83.3623276, 21.5725212 ], [ 83.3420563, 21.4853306 ], [ 83.3502884, 21.4439812 ], [ 83.3937607, 21.3994427 ], [ 83.3748169, 21.3399601 ], [ 83.2700195, 21.3750401 ], [ 83.2424469, 21.2764397 ], [ 83.2141418, 21.2508698 ], [ 83.2190628, 21.223711 ], [ 83.192749, 21.1394405 ], [ 83.1198425, 21.101059 ], [ 83.0405808, 21.1189308 ], [ 82.9799271, 21.1574612 ], [ 82.9023132, 21.1629696 ], [ 82.8792267, 21.1490898 ], [ 82.8399963, 21.1633606 ], [ 82.7820892, 21.1410198 ], [ 82.7575226, 21.1585598 ], [ 82.6359406, 21.1494503 ], [ 82.6450272, 21.101881 ], [ 82.6091232, 21.063921 ], [ 82.6223068, 21.0365696 ], [ 82.5529404, 20.9414806 ], [ 82.483139, 20.8996601 ], [ 82.477623, 20.8467197 ], [ 82.4155273, 20.8264694 ], [ 82.401413, 20.8624306 ], [ 82.3680115, 20.8640995 ], [ 82.3340378, 20.8405895 ], [ 82.3432999, 20.6988506 ], [ 82.3675461, 20.62957 ], [ 82.3240128, 20.5538807 ], [ 82.3804932, 20.5098495 ], [ 82.388092, 20.4525108 ], [ 82.4291687, 20.4257526 ], [ 82.4098969, 20.4026794 ], [ 82.3937759, 20.3355217 ], [ 82.4224396, 20.30966 ], [ 82.4050827, 20.2635307 ], [ 82.4135971, 20.2022705 ], [ 82.3789291, 20.1446304 ], [ 82.3957672, 20.0489998 ], [ 82.5436172, 20.0121288 ], [ 82.5823593, 19.9899406 ], [ 82.6504822, 19.9994011 ], [ 82.7109299, 19.983263 ], [ 82.7004089, 19.9066105 ], [ 82.7110062, 19.8485603 ], [ 82.6984406, 19.8268604 ], [ 82.6457367, 19.8253708 ], [ 82.618866, 19.7861004 ], [ 82.578476, 19.7758198 ], [ 82.5718231, 19.8278084 ], [ 82.5973816, 19.8604698 ], [ 82.4756927, 19.9005299 ], [ 82.4423904, 19.9029827 ], [ 82.3888168, 19.8817577 ], [ 82.339447, 19.8299599 ], [ 82.298233, 19.883461 ], [ 82.2616959, 19.9715595 ], [ 82.230629, 19.9980812 ], [ 82.1841812, 19.9811611 ], [ 82.1160965, 20.0104008 ], [ 82.0578995, 20.0498695 ], [ 82.0147858, 20.0195103 ], [ 81.9735718, 20.0756111 ], [ 81.9339294, 20.099308 ], [ 81.8894577, 20.0432701 ], [ 81.8601685, 20.0233612 ], [ 81.8373032, 19.9500809 ], [ 81.8584061, 19.8995495 ], [ 81.9603729, 19.8547401 ], [ 81.9801483, 19.7957802 ], [ 82.0521927, 19.7913399 ], [ 82.0571976, 19.7534122 ], [ 82.0375671, 19.7039108 ], [ 82.0513458, 19.6244411 ], [ 82.0348969, 19.583271 ], [ 82.0461273, 19.5386219 ], [ 82.0223923, 19.5018024 ], [ 82.0920792, 19.50984 ], [ 82.0968933, 19.4610806 ], [ 82.1193085, 19.4239006 ], [ 82.1704559, 19.429491 ], [ 82.1834869, 19.4124603 ], [ 82.1663666, 19.3659306 ], [ 82.1802521, 19.3322029 ], [ 82.1517258, 19.2654629 ], [ 82.1557083, 19.1965294 ], [ 82.1787872, 19.1588593 ], [ 82.1681366, 19.1338406 ], [ 82.2085571, 19.0785198 ], [ 82.1940918, 19.0602207 ], [ 82.2224808, 19.0211105 ], [ 82.239563, 18.9104595 ], [ 82.1707687, 18.8915901 ], [ 82.1649399, 18.8302078 ], [ 82.1454773, 18.7732811 ], [ 82.0912933, 18.7561798 ], [ 82.0785828, 18.7120819 ], [ 82.0337372, 18.7187996 ], [ 81.9550781, 18.6802311 ], [ 81.946907, 18.5591507 ], [ 81.9008026, 18.5571709 ], [ 81.8968277, 18.5283928 ], [ 81.8629608, 18.5172729 ], [ 81.8495865, 18.4890499 ], [ 81.7621002, 18.4113102 ], [ 81.7449112, 18.3453503 ], [ 81.6580963, 18.3392906 ], [ 81.6603775, 18.3157597 ], [ 81.5934067, 18.301281 ], [ 81.5675964, 18.2732105 ], [ 81.5279617, 18.2590809 ], [ 81.504776, 18.1838112 ], [ 81.5226059, 18.1572704 ], [ 81.5086594, 18.092411 ], [ 81.4738922, 18.028511 ], [ 81.4766693, 17.9738979 ], [ 81.444458, 17.9221001 ], [ 81.4372559, 17.8759384 ], [ 81.3958511, 17.8875599 ], [ 81.3849716, 17.806591 ], [ 81.254036, 17.81213 ], [ 81.1919632, 17.8471012 ], [ 81.1595688, 17.8526306 ], [ 81.097702, 17.8171005 ], [ 81.0736008, 17.7862911 ], [ 81.0324478, 17.7897301 ], [ 81.0043488, 17.8383503 ], [ 80.9846497, 17.9229012 ], [ 80.9493561, 18.1231804 ], [ 80.8620224, 18.1326694 ], [ 80.8491592, 18.2002106 ], [ 80.7979279, 18.1662979 ], [ 80.7345581, 18.171711 ], [ 80.7332687, 18.2187901 ], [ 80.7842865, 18.243269 ], [ 80.7227631, 18.361311 ], [ 80.713028, 18.4057312 ], [ 80.6805191, 18.4535503 ], [ 80.6507797, 18.4722805 ], [ 80.6326828, 18.5188408 ], [ 80.5319977, 18.5860577 ], [ 80.4883881, 18.6267204 ], [ 80.4502029, 18.6263523 ], [ 80.3815613, 18.5935993 ], [ 80.3418427, 18.586441 ], [ 80.2963104, 18.6856403 ], [ 80.26754, 18.7179699 ], [ 80.240799, 18.7486877 ], [ 80.2994385, 18.7935314 ], [ 80.3462219, 18.811079 ], [ 80.3357315, 18.8561211 ], [ 80.2641296, 18.9405212 ], [ 80.2677231, 18.9873295 ], [ 80.331543, 19.1010799 ], [ 80.3208618, 19.1244907 ], [ 80.3454666, 19.1629105 ], [ 80.3811111, 19.1807308 ], [ 80.3884506, 19.2433109 ], [ 80.4454269, 19.2698898 ], [ 80.4704971, 19.3289204 ], [ 80.5138397, 19.3481998 ], [ 80.5593414, 19.3975525 ], [ 80.5839386, 19.377161 ], [ 80.6039429, 19.3117695 ], [ 80.6643906, 19.32658 ], [ 80.6835632, 19.286911 ], [ 80.7492371, 19.2867432 ], [ 80.7661972, 19.3081303 ], [ 80.8390808, 19.3551502 ], [ 80.7879334, 19.4266987 ], [ 80.8674927, 19.4434605 ], [ 80.892067, 19.4656811 ], [ 80.8790512, 19.5190296 ], [ 80.8522568, 19.5241699 ], [ 80.8196106, 19.5654011 ], [ 80.7851563, 19.5604095 ], [ 80.720993, 19.6083908 ], [ 80.6620331, 19.6087303 ], [ 80.6658401, 19.6922112 ], [ 80.6335068, 19.7184906 ], [ 80.582077, 19.7380714 ], [ 80.5396729, 19.774601 ], [ 80.5442429, 19.8112011 ], [ 80.517807, 19.8288612 ], [ 80.4602966, 19.8280296 ], [ 80.4898376, 19.893671 ], [ 80.4444427, 19.8935509 ], [ 80.4026566, 19.9096012 ], [ 80.4437027, 19.9526711 ], [ 80.469841, 19.9336605 ], [ 80.5203781, 19.9308777 ], [ 80.5441513, 19.9815102 ], [ 80.5325394, 20.003931 ], [ 80.5461578, 20.0657101 ], [ 80.5235901, 20.1244698 ], [ 80.4513397, 20.1448708 ], [ 80.393837, 20.144022 ], [ 80.4134064, 20.1875305 ], [ 80.3829575, 20.2417202 ], [ 80.4564667, 20.2689095 ], [ 80.5108261, 20.2696114 ], [ 80.5420227, 20.3068485 ], [ 80.6166916, 20.3257408 ], [ 80.5859833, 20.3920498 ], [ 80.6034393, 20.4332504 ], [ 80.6128616, 20.5905781 ], [ 80.5786667, 20.6141205 ], [ 80.5195084, 20.5846806 ], [ 80.4815979, 20.6170998 ], [ 80.5189133, 20.6617603 ], [ 80.5783386, 20.6787701 ], [ 80.5601883, 20.711771 ], [ 80.5433426, 20.7917995 ], [ 80.5558929, 20.8196831 ], [ 80.5497589, 20.8889103 ], [ 80.5352478, 20.9313202 ], [ 80.4590912, 20.9281502 ], [ 80.4237595, 21.0095921 ], [ 80.4485016, 21.0496101 ], [ 80.4351807, 21.0990105 ], [ 80.4572983, 21.172842 ], [ 80.5612412, 21.2058105 ], [ 80.6387329, 21.2547798 ], [ 80.6727371, 21.3112698 ], [ 80.6565323, 21.3307724 ], [ 80.684166, 21.3726101 ], [ 80.730217, 21.4720497 ], [ 80.7306595, 21.538723 ], [ 80.7093964, 21.603981 ], [ 80.7216568, 21.6172199 ], [ 80.7073517, 21.6715813 ], [ 80.7400513, 21.7564907 ], [ 80.7827225, 21.7395706 ], [ 80.811203, 21.7474918 ], [ 80.8317032, 21.8048096 ], [ 80.839592, 21.8754005 ], [ 80.8254395, 21.8866501 ], [ 80.8333893, 21.94664 ], [ 80.8685989, 22.0112095 ], [ 80.8789597, 22.0606003 ], [ 80.9171524, 22.1208878 ], [ 80.9505234, 22.1130104 ], [ 80.9634171, 22.0583611 ], [ 80.9991608, 22.0615005 ], [ 81.0257568, 22.197691 ], [ 81.0194473, 22.2291908 ], [ 81.0846787, 22.2467499 ], [ 81.1138458, 22.2943802 ], [ 81.1156616, 22.3440895 ], [ 81.1009369, 22.3832397 ], [ 81.109993, 22.4411201 ], [ 81.1480789, 22.4558506 ], [ 81.1706619, 22.4880009 ], [ 81.2235565, 22.4516087 ], [ 81.2801971, 22.4988213 ], [ 81.3159103, 22.4897099 ], [ 81.322937, 22.5243301 ], [ 81.3787384, 22.5053005 ], [ 81.3888702, 22.4448395 ], [ 81.4462433, 22.4958611 ], [ 81.4798584, 22.4933109 ], [ 81.515419, 22.5367508 ], [ 81.5630569, 22.5510101 ], [ 81.608963, 22.536438 ], [ 81.6494217, 22.5760803 ], [ 81.6413879, 22.6075401 ], [ 81.6785965, 22.64888 ], [ 81.6988678, 22.6458797 ], [ 81.765976, 22.6761208 ], [ 81.7466125, 22.72649 ], [ 81.7842789, 22.7666206 ], [ 81.7608566, 22.834341 ], [ 81.7694016, 22.8735085 ], [ 81.8611069, 22.8939495 ], [ 81.9138565, 22.9482212 ], [ 81.9402466, 22.9570904 ], [ 81.9372177, 23.009491 ], [ 81.9184265, 23.0409794 ], [ 81.9381027, 23.0778103 ], [ 82.0282516, 23.0816612 ], [ 82.0613709, 23.1159401 ], [ 82.1158829, 23.1037998 ], [ 82.1510773, 23.1417408 ], [ 82.1373215, 23.1649704 ], [ 82.1424866, 23.2277012 ], [ 82.1894608, 23.2845898 ], [ 82.1875076, 23.3222294 ], [ 82.1378326, 23.3618412 ], [ 82.1044998, 23.3631802 ], [ 82.0984802, 23.3977013 ], [ 82.0232391, 23.3837605 ], [ 82.0232468, 23.410181 ], [ 81.9705429, 23.4238701 ], [ 81.9489365, 23.4967403 ], [ 81.9163589, 23.5320911 ], [ 81.827179, 23.5112896 ], [ 81.7975616, 23.54883 ], [ 81.7292328, 23.5650997 ], [ 81.6930923, 23.5233402 ], [ 81.6545334, 23.5315514 ], [ 81.6310959, 23.4917412 ], [ 81.605217, 23.510891 ], [ 81.6026764, 23.6000309 ], [ 81.6132431, 23.6609802 ], [ 81.6431274, 23.6603317 ], [ 81.6872864, 23.7213497 ], [ 81.6383667, 23.7778797 ], [ 81.6425629, 23.8045788 ], [ 81.5984421, 23.8536797 ], [ 81.6075668, 23.9032707 ], [ 81.6615982, 23.9256001 ], [ 81.7026825, 23.8633995 ], [ 81.7726288, 23.8141994 ], [ 81.8117294, 23.8094997 ], [ 81.8940964, 23.8440609 ], [ 81.9164429, 23.8729897 ], [ 81.9507065, 23.85289 ], [ 82.0007324, 23.8631401 ], [ 82.0454025, 23.820591 ], [ 82.134079, 23.818161 ], [ 82.1992569, 23.8319206 ], [ 82.2315292, 23.8077908 ], [ 82.2552872, 23.8218899 ], [ 82.2975922, 23.8081608 ], [ 82.3882294, 23.8013706 ], [ 82.4635086, 23.8108501 ], [ 82.4850769, 23.7883797 ], [ 82.5445175, 23.7941895 ], [ 82.5482178, 23.8269005 ], [ 82.5859833, 23.8228607 ], [ 82.6295166, 23.8390007 ], [ 82.6602097, 23.8703403 ], [ 82.6547394, 23.9062901 ], [ 82.7019272, 23.9249325 ], [ 82.7481003, 23.9222813 ], [ 82.8077774, 23.9630585 ], [ 82.8488998, 23.9468327 ], [ 82.8811874, 23.9102821 ], [ 82.9535904, 23.8727722 ], [ 83.036438, 23.8830509 ], [ 83.0610428, 23.8752403 ], [ 83.1274109, 23.8900204 ], [ 83.1895676, 23.9211006 ], [ 83.2160263, 23.9894009 ], [ 83.2760773, 24.0232811 ], [ 83.2924271, 24.0772095 ], [ 83.3235626, 24.1013298 ] ] ] ] } },
{ "type": "Feature", "properties": { "POLYGON_ID": "IND_GAUL2012_ADM1_70076", "ADM0_ISO3": "IND", "ADM0_NAME": "India", "ADM0_CODE": 115, "ADM1_NAME": "Dadra and Nagar Haveli", "ADM1_CODE": 70076, "GEOSET": "GAUL", "GEOSET_YEAR": 2012.0, "GEOSET_VERSION": "GAUL_v1", "GEOSET_UNIT": "ADM1", "CENTROID_LONG": 73.077853391353145, "CENTROID_LAT": 20.193439692395462 }, "geometry": { "type": "MultiPolygon", "coordinates": [ [ [ [ 73.2163162, 20.1219997 ], [ 73.2191162, 20.0974998 ], [ 73.1814423, 20.0516205 ], [ 73.1632996, 20.0731106 ], [ 73.057991, 20.0967312 ], [ 73.0317764, 20.0844212 ], [ 73.0043106, 20.1179199 ], [ 72.9704285, 20.2123299 ], [ 72.9696274, 20.2339401 ], [ 72.9237518, 20.2681999 ], [ 72.9459763, 20.2934303 ], [ 73.0458603, 20.2924309 ], [ 73.0551224, 20.3252411 ], [ 73.1771011, 20.3123207 ], [ 73.1019287, 20.228941 ], [ 73.0703659, 20.2214508 ], [ 73.0724487, 20.1634502 ], [ 73.1197433, 20.159071 ], [ 73.1811371, 20.2024002 ], [ 73.2163162, 20.1219997 ] ] ] ] } },
{ "type": "Feature", "properties": { "POLYGON_ID": "IND_GAUL2012_ADM1_70077", "ADM0_ISO3": "IND", "ADM0_NAME": "India", "ADM0_CODE": 115, "ADM1_NAME": "Daman and Diu", "ADM1_CODE": 70077, "GEOSET": "GAUL", "GEOSET_YEAR": 2012.0, "GEOSET_VERSION": "GAUL_v1", "GEOSET_UNIT": "ADM1", "CENTROID_LONG": 70.833321854756093, "CENTROID_LAT": 20.825365793296115 }, "geometry": { "type": "MultiPolygon", "coordinates": [ [ [ [ 72.821236, 20.3711514 ], [ 72.8281498, 20.4337061 ], [ 72.8602188, 20.4709081 ], [ 72.8381805, 20.4372597 ], [ 72.8450775, 20.4071198 ], [ 72.821236, 20.3711514 ] ] ], [ [ [ 70.9467863, 20.7342414 ], [ 70.9614679, 20.7294007 ], [ 70.9661505, 20.7284718 ], [ 70.9674125, 20.7284718 ], [ 70.9676361, 20.7283433 ], [ 70.9678895, 20.7281978 ], [ 70.9681931, 20.7280235 ], [ 70.9683723, 20.7279205 ], [ 70.969017, 20.7276634 ], [ 70.9690768, 20.7276402 ], [ 70.9781959, 20.7221123 ], [ 70.9782378, 20.722086 ], [ 70.9790268, 20.7215895 ], [ 70.9790896, 20.7215309 ], [ 70.9793091, 20.7213257 ], [ 70.9793894, 20.7212505 ], [ 70.9795761, 20.7210759 ], [ 70.9796614, 20.7206904 ], [ 70.9815292, 20.7201923 ], [ 70.9815903, 20.7201405 ], [ 70.9758833, 20.7040917 ], [ 70.8920465, 20.7079944 ], [ 70.9335039, 20.7354606 ], [ 70.9467863, 20.7342414 ] ] ], [ [ [ 70.8482255, 20.76545 ], [ 70.8445461, 20.7632467 ], [ 70.8438394, 20.7611533 ], [ 70.8689323, 20.7243798 ], [ 70.8239377, 20.6913974 ], [ 70.7438421, 20.7205446 ], [ 70.6739583, 20.7597533 ], [ 70.6847763, 20.7917995 ], [ 70.6790314, 20.8440399 ], [ 70.7175827, 20.9121304 ], [ 70.7464905, 20.9889698 ], [ 70.7730331, 20.9611702 ], [ 70.8327713, 20.9685307 ], [ 70.8802032, 20.9553795 ], [ 70.9016113, 20.9033279 ], [ 70.884346, 20.8732395 ], [ 70.8405304, 20.8577805 ], [ 70.8502808, 20.831501 ], [ 70.8905563, 20.8329277 ], [ 70.8938522, 20.7947006 ], [ 70.8482255, 20.76545 ] ] ] ] } },
{ "type": "Feature", "properties": { "POLYGON_ID": "IND_GAUL2012_ADM1_70078", "ADM0_ISO3": "IND", "ADM0_NAME": "India", "ADM0_CODE": 115, "ADM1_NAME": "Jharkhand", "ADM1_CODE": 70078, "GEOSET": "GAUL", "GEOSET_YEAR": 2012.0, "GEOSET_VERSION": "GAUL_v1", "GEOSET_UNIT": "ADM1", "CENTROID_LONG": 85.557423445648112, "CENTROID_LAT": 23.655129901803665 }, "geometry": { "type": "MultiPolygon", "coordinates": [ [ [ [ 87.7875824, 25.2204895 ], [ 87.7710419, 25.1522713 ], [ 87.7726669, 25.0990982 ], [ 87.7928772, 25.0757313 ], [ 87.8643417, 25.0398502 ], [ 87.9064865, 24.9858131 ], [ 87.9616928, 24.9359303 ], [ 87.966507, 24.8813 ], [ 87.8977661, 24.8427811 ], [ 87.8397064, 24.7381878 ], [ 87.9008331, 24.7215996 ], [ 87.8862534, 24.678091 ], [ 87.9115982, 24.6622906 ], [ 87.8873215, 24.5627098 ], [ 87.8482132, 24.5510521 ], [ 87.7961731, 24.5623798 ], [ 87.7985306, 24.4918594 ], [ 87.8178482, 24.4684505 ], [ 87.7881012, 24.4320908 ], [ 87.7975082, 24.3821812 ], [ 87.7612381, 24.3333111 ], [ 87.756279, 24.3035927 ], [ 87.6813583, 24.2464409 ], [ 87.6471481, 24.24856 ], [ 87.6377258, 24.2115803 ], [ 87.6709518, 24.20574 ], [ 87.6966782, 24.1753502 ], [ 87.6895676, 24.1498394 ], [ 87.6275406, 24.1631317 ], [ 87.5797501, 24.161541 ], [ 87.5702133, 24.0876217 ], [ 87.5391693, 24.087801 ], [ 87.4965973, 24.1158009 ], [ 87.4912262, 24.052021 ], [ 87.5013504, 24.0223312 ], [ 87.4391022, 23.9781303 ], [ 87.356636, 24.0091896 ], [ 87.3323593, 24.0310097 ], [ 87.2326508, 24.024601 ], [ 87.2595367, 23.9699211 ], [ 87.2918167, 23.9556999 ], [ 87.2925873, 23.8901405 ], [ 87.2224808, 23.8576393 ], [ 87.1358185, 23.8681393 ], [ 87.1664429, 23.8195896 ], [ 87.1487427, 23.7943707 ], [ 87.0569458, 23.8162594 ], [ 87.0344086, 23.8368301 ], [ 86.9630432, 23.8647709 ], [ 86.9431992, 23.8428631 ], [ 86.8950119, 23.8799515 ], [ 86.844429, 23.8218517 ], [ 86.7976913, 23.79772 ], [ 86.8167191, 23.7761498 ], [ 86.792038, 23.6873703 ], [ 86.7381287, 23.6776104 ], [ 86.7110062, 23.6972294 ], [ 86.5906219, 23.662241 ], [ 86.528656, 23.6289806 ], [ 86.4449081, 23.6315308 ], [ 86.3579712, 23.5430603 ], [ 86.3518372, 23.4636307 ], [ 86.300148, 23.4437103 ], [ 86.2246628, 23.4356804 ], [ 86.1551132, 23.5042305 ], [ 86.1386108, 23.5700207 ], [ 86.0373764, 23.5834599 ], [ 86.0110092, 23.5612412 ], [ 86.0413666, 23.4902496 ], [ 85.9379425, 23.4551411 ], [ 85.8741226, 23.4762306 ], [ 85.8595428, 23.4509506 ], [ 85.8662567, 23.3648491 ], [ 85.861496, 23.3033295 ], [ 85.8263626, 23.2631207 ], [ 85.8350067, 23.1921005 ], [ 85.9149933, 23.12953 ], [ 85.9819412, 23.1459007 ], [ 86.0369263, 23.14361 ], [ 86.0442429, 23.1118622 ], [ 86.1156921, 23.0936298 ], [ 86.1756287, 23.012991 ], [ 86.2124786, 22.991848 ], [ 86.2793732, 23.0107193 ], [ 86.3321533, 22.9889011 ], [ 86.3599777, 22.9966812 ], [ 86.3930359, 22.9742413 ], [ 86.4162827, 22.994791 ], [ 86.4973526, 22.9899101 ], [ 86.5122375, 22.9662609 ], [ 86.4324188, 22.9157696 ], [ 86.4630432, 22.8966312 ], [ 86.4328384, 22.8604908 ], [ 86.416153, 22.7765102 ], [ 86.45401, 22.7596397 ], [ 86.478981, 22.7223911 ], [ 86.5495224, 22.7109108 ], [ 86.6366882, 22.6551209 ], [ 86.6343231, 22.5972595 ], [ 86.6517029, 22.5757904 ], [ 86.7559891, 22.5742702 ], [ 86.7840729, 22.544241 ], [ 86.7892227, 22.4745102 ], [ 86.7451324, 22.4705391 ], [ 86.7638931, 22.4228897 ], [ 86.8439331, 22.3960609 ], [ 86.8291931, 22.3245907 ], [ 86.8884506, 22.2814102 ], [ 86.8856812, 22.252121 ], [ 86.820343, 22.2606106 ], [ 86.7913666, 22.2175407 ], [ 86.722786, 22.21525 ], [ 86.6481781, 22.2356911 ], [ 86.6455765, 22.2613697 ], [ 86.5784607, 22.297821 ], [ 86.5245514, 22.3028507 ], [ 86.4999466, 22.34095 ], [ 86.4243774, 22.3062706 ], [ 86.3527374, 22.3454208 ], [ 86.2879562, 22.4253597 ], [ 86.2203827, 22.449091 ], [ 86.2023926, 22.4702797 ], [ 86.1013794, 22.4901505 ], [ 86.0692062, 22.5430679 ], [ 86.0282669, 22.5343304 ], [ 85.9692459, 22.4997807 ], [ 85.9535065, 22.4559708 ], [ 86.0214996, 22.3817616 ], [ 85.9928818, 22.3381596 ], [ 86.0177765, 22.3045502 ], [ 85.9697876, 22.2434006 ], [ 86.0267181, 22.1852226 ], [ 85.9946289, 22.1317806 ], [ 86.0025864, 22.1130219 ], [ 85.9425812, 22.0191307 ], [ 85.8941727, 21.9782906 ], [ 85.7842789, 21.9785995 ], [ 85.7561264, 22.0083904 ], [ 85.7789383, 22.0362606 ], [ 85.8020477, 22.1108303 ], [ 85.7223511, 22.0581303 ], [ 85.6815033, 22.0487804 ], [ 85.6446075, 22.0902805 ], [ 85.5910873, 22.07444 ], [ 85.4858017, 22.1164894 ], [ 85.410286, 22.1560802 ], [ 85.3631973, 22.1545696 ], [ 85.2741623, 22.0800896 ], [ 85.2410584, 22.0125198 ], [ 85.2107468, 22.0431824 ], [ 85.0990067, 22.0961208 ], [ 85.0237427, 22.11199 ], [ 85.0253983, 22.1540012 ], [ 85.0694809, 22.2306499 ], [ 85.0705109, 22.2721596 ], [ 85.1052933, 22.2911396 ], [ 85.0740585, 22.3485909 ], [ 85.0830765, 22.3784409 ], [ 85.0513992, 22.4794197 ], [ 84.880249, 22.4175911 ], [ 84.8012466, 22.4437103 ], [ 84.7526932, 22.4420128 ], [ 84.7438507, 22.4147511 ], [ 84.6616058, 22.4139194 ], [ 84.632103, 22.4286499 ], [ 84.5017929, 22.4153194 ], [ 84.4258423, 22.3520298 ], [ 84.2892227, 22.3373203 ], [ 84.2465591, 22.3737011 ], [ 84.1941071, 22.3718109 ], [ 84.1358795, 22.420681 ], [ 84.1374359, 22.4671001 ], [ 84.1061172, 22.4738483 ], [ 84.0575867, 22.5101509 ], [ 84.0025024, 22.5208607 ], [ 84.0050507, 22.569561 ], [ 84.0481262, 22.5941429 ], [ 84.0803909, 22.636549 ], [ 84.1499329, 22.6344204 ], [ 84.2322388, 22.6885796 ], [ 84.2253571, 22.7351608 ], [ 84.285286, 22.7633705 ], [ 84.309967, 22.7989807 ], [ 84.3203125, 22.8494205 ], [ 84.3759613, 22.8736401 ], [ 84.3890533, 22.9387398 ], [ 84.3705368, 22.975069 ], [ 84.33181, 22.9791412 ], [ 84.2785721, 22.9612484 ], [ 84.2170563, 22.9764709 ], [ 84.1790466, 23.0225601 ], [ 84.1442108, 22.9881878 ], [ 84.1246109, 23.0307484 ], [ 84.1307678, 23.0633621 ], [ 84.0878677, 23.1094894 ], [ 84.0667114, 23.107111 ], [ 84.0290909, 23.1538811 ], [ 84.0561218, 23.1964111 ], [ 84.0504532, 23.2409496 ], [ 84.0702515, 23.3299904 ], [ 84.0433884, 23.3740101 ], [ 84.0065308, 23.3528004 ], [ 83.9668884, 23.3742294 ], [ 83.9697266, 23.44767 ], [ 84.0087585, 23.4995804 ], [ 84.0226669, 23.544241 ], [ 84.0203018, 23.6001797 ], [ 83.9754562, 23.6308289 ], [ 83.9378891, 23.6224308 ], [ 83.935257, 23.5630398 ], [ 83.7748871, 23.5995007 ], [ 83.7520828, 23.6489811 ], [ 83.7147293, 23.6825409 ], [ 83.7321396, 23.70467 ], [ 83.7294006, 23.7547302 ], [ 83.6955872, 23.8076 ], [ 83.6562424, 23.8436413 ], [ 83.5811691, 23.8619194 ], [ 83.5493698, 23.8928394 ], [ 83.5124359, 23.9669991 ], [ 83.5096283, 24.0254002 ], [ 83.4475861, 24.0424805 ], [ 83.4253693, 24.0837631 ], [ 83.3832626, 24.0998707 ], [ 83.3235626, 24.1013298 ], [ 83.3490067, 24.12644 ], [ 83.3783417, 24.2007904 ], [ 83.3768997, 24.2309303 ], [ 83.401886, 24.2659988 ], [ 83.3756104, 24.3134499 ], [ 83.4343109, 24.3474712 ], [ 83.4298859, 24.4037895 ], [ 83.3989563, 24.4120808 ], [ 83.3814087, 24.4556503 ], [ 83.393013, 24.5011902 ], [ 83.4981689, 24.5270596 ], [ 83.6001587, 24.5132408 ], [ 83.682457, 24.5155811 ], [ 83.7166901, 24.5049496 ], [ 83.7990112, 24.5298805 ], [ 83.868042, 24.5328789 ], [ 83.9284592, 24.5479107 ], [ 83.9723511, 24.5966301 ], [ 83.9922104, 24.6380329 ], [ 84.0467377, 24.6122894 ], [ 84.1097794, 24.4813976 ], [ 84.172821, 24.5419807 ], [ 84.2206802, 24.5503311 ], [ 84.2584686, 24.5376911 ], [ 84.2929764, 24.5659904 ], [ 84.3217087, 24.4897575 ], [ 84.2932129, 24.4508209 ], [ 84.3303986, 24.4311924 ], [ 84.3358612, 24.3958302 ], [ 84.3822174, 24.3896999 ], [ 84.3949432, 24.3677902 ], [ 84.4545364, 24.3386498 ], [ 84.4935379, 24.2870407 ], [ 84.5724792, 24.4123402 ], [ 84.6582565, 24.3937416 ], [ 84.6789169, 24.4563408 ], [ 84.7249069, 24.47295 ], [ 84.7420197, 24.49646 ], [ 84.8194962, 24.5248203 ], [ 84.8271866, 24.4701195 ], [ 84.8629303, 24.4576416 ], [ 84.9033127, 24.3723106 ], [ 84.9685669, 24.3759499 ], [ 84.9904022, 24.4122295 ], [ 85.0320969, 24.4253502 ], [ 85.1150589, 24.4090195 ], [ 85.1693802, 24.4294701 ], [ 85.1528931, 24.4641495 ], [ 85.2239227, 24.4711895 ], [ 85.2793579, 24.5191002 ], [ 85.4332733, 24.5360794 ], [ 85.4944611, 24.550621 ], [ 85.5341873, 24.5321922 ], [ 85.6085205, 24.5850391 ], [ 85.6647034, 24.5819321 ], [ 85.6721268, 24.6194 ], [ 85.6599731, 24.6747303 ], [ 85.7047729, 24.7287312 ], [ 85.7035599, 24.7574501 ], [ 85.7367401, 24.8226509 ], [ 85.7772369, 24.7989502 ], [ 85.8272171, 24.8096428 ], [ 85.8777771, 24.8002911 ], [ 85.9105072, 24.7536678 ], [ 85.9503021, 24.7321186 ], [ 86.0478821, 24.7782898 ], [ 86.0631866, 24.7516689 ], [ 86.1055374, 24.7359695 ], [ 86.1335983, 24.6755104 ], [ 86.1255875, 24.6118202 ], [ 86.165657, 24.5836811 ], [ 86.2157059, 24.5911713 ], [ 86.2926331, 24.5860901 ], [ 86.3124161, 24.5084705 ], [ 86.2938766, 24.4764309 ], [ 86.3194962, 24.4401608 ], [ 86.3535004, 24.4420605 ], [ 86.4155884, 24.3792095 ], [ 86.4617996, 24.3767204 ], [ 86.4885864, 24.4250011 ], [ 86.4902802, 24.4843712 ], [ 86.5235291, 24.5357494 ], [ 86.5831528, 24.5727806 ], [ 86.5999832, 24.5994911 ], [ 86.668396, 24.5606403 ], [ 86.7918472, 24.6153107 ], [ 86.8087158, 24.5637703 ], [ 86.8546371, 24.5504608 ], [ 86.936058, 24.6303711 ], [ 86.9655609, 24.6318703 ], [ 87.0102005, 24.6062603 ], [ 87.0444031, 24.6240311 ], [ 87.0818558, 24.7245407 ], [ 87.077301, 24.8083496 ], [ 87.1060486, 24.8473301 ], [ 87.1473389, 24.8624077 ], [ 87.1536865, 24.9909706 ], [ 87.1438828, 25.0107899 ], [ 87.1766434, 25.0640202 ], [ 87.2587509, 25.1046104 ], [ 87.2911072, 25.0892696 ], [ 87.3234558, 25.2230911 ], [ 87.3684616, 25.2068996 ], [ 87.391777, 25.22752 ], [ 87.4721603, 25.1946697 ], [ 87.472641, 25.240881 ], [ 87.4955902, 25.2653008 ], [ 87.4815063, 25.2951698 ], [ 87.5384979, 25.2962303 ], [ 87.5671082, 25.3338909 ], [ 87.6068802, 25.3113804 ], [ 87.6841507, 25.3101311 ], [ 87.7077866, 25.2564087 ], [ 87.7833099, 25.2461777 ], [ 87.7875824, 25.2204895 ] ] ] ] } },
{ "type": "Feature", "properties": { "POLYGON_ID": "IND_GAUL2012_ADM1_70079", "ADM0_ISO3": "IND", "ADM0_NAME": "India", "ADM0_CODE": 115, "ADM1_NAME": "Madhya Pradesh", "ADM1_CODE": 70079, "GEOSET": "GAUL", "GEOSET_YEAR": 2012.0, "GEOSET_VERSION": "GAUL_v1", "GEOSET_UNIT": "ADM1", "CENTROID_LONG": 78.291842977981389, "CENTROID_LAT": 23.540998431911209 }, "geometry": { "type": "MultiPolygon", "coordinates": [ [ [ [ 82.8077774, 23.9630585 ], [ 82.7481003, 23.9222813 ], [ 82.7019272, 23.9249325 ], [ 82.6547394, 23.9062901 ], [ 82.6602097, 23.8703403 ], [ 82.6295166, 23.8390007 ], [ 82.5859833, 23.8228607 ], [ 82.5482178, 23.8269005 ], [ 82.5445175, 23.7941895 ], [ 82.4850769, 23.7883797 ], [ 82.4635086, 23.8108501 ], [ 82.3882294, 23.8013706 ], [ 82.2975922, 23.8081608 ], [ 82.2552872, 23.8218899 ], [ 82.2315292, 23.8077908 ], [ 82.1992569, 23.8319206 ], [ 82.134079, 23.818161 ], [ 82.0454025, 23.820591 ], [ 82.0007324, 23.8631401 ], [ 81.9507065, 23.85289 ], [ 81.9164429, 23.8729897 ], [ 81.8940964, 23.8440609 ], [ 81.8117294, 23.8094997 ], [ 81.7726288, 23.8141994 ], [ 81.7026825, 23.8633995 ], [ 81.6615982, 23.9256001 ], [ 81.6075668, 23.9032707 ], [ 81.5984421, 23.8536797 ], [ 81.6425629, 23.8045788 ], [ 81.6383667, 23.7778797 ], [ 81.6872864, 23.7213497 ], [ 81.6431274, 23.6603317 ], [ 81.6132431, 23.6609802 ], [ 81.6026764, 23.6000309 ], [ 81.605217, 23.510891 ], [ 81.6310959, 23.4917412 ], [ 81.6545334, 23.5315514 ], [ 81.6930923, 23.5233402 ], [ 81.7292328, 23.5650997 ], [ 81.7975616, 23.54883 ], [ 81.827179, 23.5112896 ], [ 81.9163589, 23.5320911 ], [ 81.9489365, 23.4967403 ], [ 81.9705429, 23.4238701 ], [ 82.0232468, 23.410181 ], [ 82.0232391, 23.3837605 ], [ 82.0984802, 23.3977013 ], [ 82.1044998, 23.3631802 ], [ 82.1378326, 23.3618412 ], [ 82.1875076, 23.3222294 ], [ 82.1894608, 23.2845898 ], [ 82.1424866, 23.2277012 ], [ 82.1373215, 23.1649704 ], [ 82.1510773, 23.1417408 ], [ 82.1158829, 23.1037998 ], [ 82.0613709, 23.1159401 ], [ 82.0282516, 23.0816612 ], [ 81.9381027, 23.0778103 ], [ 81.9184265, 23.0409794 ], [ 81.9372177, 23.009491 ], [ 81.9402466, 22.9570904 ], [ 81.9138565, 22.9482212 ], [ 81.8611069, 22.8939495 ], [ 81.7694016, 22.8735085 ], [ 81.7608566, 22.834341 ], [ 81.7842789, 22.7666206 ], [ 81.7466125, 22.72649 ], [ 81.765976, 22.6761208 ], [ 81.6988678, 22.6458797 ], [ 81.6785965, 22.64888 ], [ 81.6413879, 22.6075401 ], [ 81.6494217, 22.5760803 ], [ 81.608963, 22.536438 ], [ 81.5630569, 22.5510101 ], [ 81.515419, 22.5367508 ], [ 81.4798584, 22.4933109 ], [ 81.4462433, 22.4958611 ], [ 81.3888702, 22.4448395 ], [ 81.3787384, 22.5053005 ], [ 81.322937, 22.5243301 ], [ 81.3159103, 22.4897099 ], [ 81.2801971, 22.4988213 ], [ 81.2235565, 22.4516087 ], [ 81.1706619, 22.4880009 ], [ 81.1480789, 22.4558506 ], [ 81.109993, 22.4411201 ], [ 81.1009369, 22.3832397 ], [ 81.1156616, 22.3440895 ], [ 81.1138458, 22.2943802 ], [ 81.0846787, 22.2467499 ], [ 81.0194473, 22.2291908 ], [ 81.0257568, 22.197691 ], [ 80.9991608, 22.0615005 ], [ 80.9634171, 22.0583611 ], [ 80.9505234, 22.1130104 ], [ 80.9171524, 22.1208878 ], [ 80.8789597, 22.0606003 ], [ 80.8685989, 22.0112095 ], [ 80.8333893, 21.94664 ], [ 80.8254395, 21.8866501 ], [ 80.839592, 21.8754005 ], [ 80.8317032, 21.8048096 ], [ 80.811203, 21.7474918 ], [ 80.7827225, 21.7395706 ], [ 80.7400513, 21.7564907 ], [ 80.7073517, 21.6715813 ], [ 80.7216568, 21.6172199 ], [ 80.7093964, 21.603981 ], [ 80.7306595, 21.538723 ], [ 80.730217, 21.4720497 ], [ 80.684166, 21.3726101 ], [ 80.6565323, 21.3307724 ], [ 80.5931625, 21.324791 ], [ 80.5194321, 21.3895702 ], [ 80.4483185, 21.4023304 ], [ 80.4429474, 21.3738003 ], [ 80.399353, 21.3804913 ], [ 80.3890762, 21.4073811 ], [ 80.4113083, 21.4382 ], [ 80.3753281, 21.4911404 ], [ 80.3706131, 21.5209694 ], [ 80.295372, 21.5754795 ], [ 80.2602234, 21.6201496 ], [ 80.1882172, 21.6342011 ], [ 80.1439209, 21.6049728 ], [ 80.1185761, 21.6088982 ], [ 80.0635681, 21.5545807 ], [ 80.0261765, 21.5566502 ], [ 79.9935532, 21.5347099 ], [ 79.9717789, 21.5551205 ], [ 79.9271927, 21.55373 ], [ 79.9158173, 21.5244789 ], [ 79.8570786, 21.53092 ], [ 79.7918167, 21.5814095 ], [ 79.7326202, 21.6025295 ], [ 79.6506195, 21.5588112 ], [ 79.576149, 21.5433598 ], [ 79.5058212, 21.5902805 ], [ 79.5124588, 21.6264801 ], [ 79.4885788, 21.6741219 ], [ 79.4113998, 21.6909676 ], [ 79.3947372, 21.6745911 ], [ 79.2848129, 21.6939106 ], [ 79.2347717, 21.71521 ], [ 79.2166061, 21.6501904 ], [ 79.1478271, 21.6605206 ], [ 79.1041107, 21.6093597 ], [ 79.009552, 21.6014996 ], [ 78.974762, 21.6175594 ], [ 78.9127197, 21.5631294 ], [ 78.9318314, 21.4874001 ], [ 78.7610397, 21.4897594 ], [ 78.7241898, 21.4643822 ], [ 78.6840668, 21.4819603 ], [ 78.6209717, 21.477541 ], [ 78.5848694, 21.4868813 ], [ 78.5600433, 21.5146103 ], [ 78.5085602, 21.5284309 ], [ 78.4804001, 21.5061207 ], [ 78.4385834, 21.5037594 ], [ 78.4225616, 21.6019497 ], [ 78.3609619, 21.5782986 ], [ 78.2692566, 21.570713 ], [ 78.215477, 21.55373 ], [ 78.1809464, 21.5586815 ], [ 78.169342, 21.4985008 ], [ 78.0637131, 21.4388599 ], [ 77.980278, 21.4027996 ], [ 77.8990402, 21.3784199 ], [ 77.7993698, 21.4123001 ], [ 77.7934494, 21.3907394 ], [ 77.6700058, 21.372921 ], [ 77.6458969, 21.393362 ], [ 77.4870224, 21.3777523 ], [ 77.4693069, 21.4568996 ], [ 77.4383087, 21.4729195 ], [ 77.4235077, 21.5425606 ], [ 77.5043564, 21.5546684 ], [ 77.5669861, 21.5297508 ], [ 77.6071167, 21.5427704 ], [ 77.572197, 21.5876713 ], [ 77.5585632, 21.6686726 ], [ 77.4968719, 21.7492008 ], [ 77.4498825, 21.7634106 ], [ 77.4011307, 21.7561798 ], [ 77.2770767, 21.7598095 ], [ 77.2580261, 21.7158298 ], [ 77.2074203, 21.6940079 ], [ 77.1211014, 21.7253494 ], [ 77.0690384, 21.7218094 ], [ 76.9972763, 21.6816101 ], [ 76.8917465, 21.6007004 ], [ 76.85215, 21.6150303 ], [ 76.8335495, 21.593071 ], [ 76.7953491, 21.5975399 ], [ 76.7629318, 21.5226498 ], [ 76.7918015, 21.4898911 ], [ 76.7433929, 21.44314 ], [ 76.7320862, 21.4088097 ], [ 76.6684113, 21.3694706 ], [ 76.6258392, 21.3297405 ], [ 76.6610718, 21.2824211 ], [ 76.6233673, 21.1926613 ], [ 76.5593872, 21.2058105 ], [ 76.5291977, 21.189291 ], [ 76.4911728, 21.1978207 ], [ 76.4526901, 21.1148682 ], [ 76.4118271, 21.1072712 ], [ 76.3763733, 21.0773106 ], [ 76.2817688, 21.0753098 ], [ 76.269249, 21.0929508 ], [ 76.1838608, 21.0899506 ], [ 76.1356659, 21.1262131 ], [ 76.1139603, 21.1646404 ], [ 76.1668472, 21.1707211 ], [ 76.1592178, 21.25914 ], [ 76.1292572, 21.2975101 ], [ 76.098671, 21.37393 ], [ 76.0523758, 21.3527012 ], [ 75.9687424, 21.3939705 ], [ 75.8881073, 21.3996296 ], [ 75.8326263, 21.3833008 ], [ 75.7067566, 21.3913212 ], [ 75.6734161, 21.3803501 ], [ 75.6194458, 21.3934612 ], [ 75.5481491, 21.372488 ], [ 75.4684067, 21.3942013 ], [ 75.3844833, 21.3855896 ], [ 75.2198563, 21.4108696 ], [ 75.129776, 21.4492798 ], [ 75.1066666, 21.4696293 ], [ 75.0577469, 21.5649395 ], [ 74.9787598, 21.5965195 ], [ 74.8663025, 21.6311207 ], [ 74.8252411, 21.6102104 ], [ 74.699173, 21.6310997 ], [ 74.6564331, 21.6542702 ], [ 74.5889969, 21.6652679 ], [ 74.5509872, 21.7193909 ], [ 74.5113525, 21.72855 ], [ 74.5170059, 21.767231 ], [ 74.5036469, 21.8071823 ], [ 74.5274963, 21.9087811 ], [ 74.4934006, 21.9544907 ], [ 74.4517059, 21.9675007 ], [ 74.4355469, 22.0310001 ], [ 74.3883133, 22.0201797 ], [ 74.3455582, 21.9752197 ], [ 74.3003006, 21.9652195 ], [ 74.2858429, 21.9351883 ], [ 74.1888275, 21.9282227 ], [ 74.146019, 21.9540596 ], [ 74.1538467, 21.9864197 ], [ 74.1003418, 22.0015926 ], [ 74.1378326, 22.0535011 ], [ 74.1227798, 22.2129002 ], [ 74.0757828, 22.22188 ], [ 74.07827, 22.2682476 ], [ 74.0591507, 22.2857494 ], [ 74.0719833, 22.3602409 ], [ 74.1119614, 22.3716125 ], [ 74.1342926, 22.3323307 ], [ 74.1910629, 22.321928 ], [ 74.198349, 22.3430195 ], [ 74.2739487, 22.3930397 ], [ 74.2372589, 22.4393406 ], [ 74.105072, 22.4334106 ], [ 74.0852661, 22.5085201 ], [ 74.2138367, 22.56744 ], [ 74.2366562, 22.6138706 ], [ 74.2782211, 22.6476612 ], [ 74.3639526, 22.6365204 ], [ 74.3841858, 22.6435699 ], [ 74.4030762, 22.730711 ], [ 74.4649429, 22.8150806 ], [ 74.47892, 22.8586407 ], [ 74.462822, 22.9134598 ], [ 74.3816071, 22.9099102 ], [ 74.3416367, 22.9646912 ], [ 74.3707962, 22.9800529 ], [ 74.3227768, 23.0626907 ], [ 74.3911896, 23.1119995 ], [ 74.467247, 23.0852585 ], [ 74.5354385, 23.101511 ], [ 74.5457001, 23.1320705 ], [ 74.6080627, 23.1448231 ], [ 74.6691589, 23.2014904 ], [ 74.7155228, 23.1946697 ], [ 74.745697, 23.2121105 ], [ 74.701149, 23.2721424 ], [ 74.6321411, 23.263401 ], [ 74.615303, 23.2846012 ], [ 74.5485687, 23.2867603 ], [ 74.5336609, 23.3230305 ], [ 74.5458298, 23.3638 ], [ 74.5724106, 23.3833294 ], [ 74.573143, 23.419241 ], [ 74.6133804, 23.461359 ], [ 74.7423706, 23.5194798 ], [ 74.7740631, 23.5433025 ], [ 74.802887, 23.53405 ], [ 74.8514786, 23.5573998 ], [ 74.8860931, 23.6064301 ], [ 74.9397202, 23.6303711 ], [ 74.9242172, 23.6685009 ], [ 74.9242401, 23.7191505 ], [ 74.940567, 23.734869 ], [ 74.9051895, 23.8681107 ], [ 74.9146194, 23.9124699 ], [ 74.9633484, 23.973671 ], [ 74.9929886, 24.0297012 ], [ 74.9595184, 24.1100903 ], [ 74.9003372, 24.1743011 ], [ 74.8801727, 24.2164803 ], [ 74.9058533, 24.2337208 ], [ 74.8754272, 24.278019 ], [ 74.7725372, 24.2719803 ], [ 74.7846222, 24.3673611 ], [ 74.8574982, 24.4514999 ], [ 74.8145065, 24.4922104 ], [ 74.7573166, 24.488821 ], [ 74.7479706, 24.5968094 ], [ 74.790123, 24.6107597 ], [ 74.7834473, 24.6367607 ], [ 74.8171082, 24.671669 ], [ 74.776062, 24.68606 ], [ 74.8185425, 24.7653408 ], [ 74.873436, 24.6694813 ], [ 74.9438782, 24.6622829 ], [ 74.9641113, 24.70047 ], [ 74.9998932, 24.7084885 ], [ 74.9934311, 24.7527294 ], [ 75.0129318, 24.793808 ], [ 74.9051819, 24.7974606 ], [ 74.8585663, 24.8130608 ], [ 74.8558884, 24.8532009 ], [ 74.8271332, 24.8991299 ], [ 74.8327103, 24.9674511 ], [ 74.8672028, 24.9369411 ], [ 74.9005432, 24.9397411 ], [ 74.9125214, 24.8990994 ], [ 74.944809, 24.8779106 ], [ 75.0126114, 24.8740807 ], [ 75.0433884, 24.8592281 ], [ 75.0735321, 24.88731 ], [ 75.118866, 24.88904 ], [ 75.1157074, 24.9653912 ], [ 75.1643982, 24.9916611 ], [ 75.1547089, 25.0288696 ], [ 75.3104858, 25.0460796 ], [ 75.3374863, 24.9631004 ], [ 75.317543, 24.9072208 ], [ 75.2879028, 24.92626 ], [ 75.2614517, 24.8896599 ], [ 75.3113022, 24.8694611 ], [ 75.3259659, 24.8870087 ], [ 75.417099, 24.8639011 ], [ 75.3004913, 24.8152409 ], [ 75.2838211, 24.8500195 ], [ 75.2416916, 24.8609409 ], [ 75.1922989, 24.7887497 ], [ 75.1956177, 24.7600098 ], [ 75.2284088, 24.7350998 ], [ 75.4518967, 24.6932182 ], [ 75.53508, 24.7200203 ], [ 75.5819016, 24.7227001 ], [ 75.613327, 24.6884212 ], [ 75.6591873, 24.7017002 ], [ 75.6800461, 24.7278309 ], [ 75.741806, 24.7603607 ], [ 75.7861862, 24.7655296 ], [ 75.8387527, 24.7298698 ], [ 75.8525467, 24.6143208 ], [ 75.9110718, 24.5770512 ], [ 75.9250183, 24.5382996 ], [ 75.9054718, 24.5053082 ], [ 75.903389, 24.4461308 ], [ 75.8290024, 24.4225197 ], [ 75.786087, 24.4584198 ], [ 75.735817, 24.4034309 ], [ 75.7379227, 24.347971 ], [ 75.7650909, 24.3106594 ], [ 75.8129959, 24.3006783 ], [ 75.805336, 24.2297211 ], [ 75.7735062, 24.220892 ], [ 75.7434921, 24.1396008 ], [ 75.7896118, 24.1098022 ], [ 75.8306427, 24.1079311 ], [ 75.8295059, 24.0719509 ], [ 75.7796173, 24.0620804 ], [ 75.7620392, 23.9979496 ], [ 75.7004089, 23.9690609 ], [ 75.6691971, 24.0335407 ], [ 75.6347427, 23.9998302 ], [ 75.5717163, 24.0174007 ], [ 75.5143814, 24.0487328 ], [ 75.4647675, 23.9807301 ], [ 75.4564972, 23.9207401 ], [ 75.5624619, 23.8581409 ], [ 75.5825272, 23.8003578 ], [ 75.6493073, 23.7993507 ], [ 75.722168, 23.82691 ], [ 75.7282181, 23.9020996 ], [ 75.7799225, 23.8547001 ], [ 75.8534164, 23.8942013 ], [ 75.8786163, 23.8845596 ], [ 75.9758224, 23.9329414 ], [ 75.9801865, 23.9743805 ], [ 75.9601822, 24.0253677 ], [ 76.0267258, 24.0504627 ], [ 76.0433502, 24.0739613 ], [ 76.134697, 24.0952892 ], [ 76.1233597, 24.2054005 ], [ 76.1544571, 24.243763 ], [ 76.1422272, 24.2811508 ], [ 76.1946564, 24.2847996 ], [ 76.2062225, 24.2327499 ], [ 76.2763977, 24.2165108 ], [ 76.3178787, 24.2511311 ], [ 76.3529968, 24.2489109 ], [ 76.4117966, 24.2095509 ], [ 76.4634323, 24.22892 ], [ 76.5083694, 24.2002316 ], [ 76.5231934, 24.1631794 ], [ 76.5797272, 24.1806793 ], [ 76.5714874, 24.21348 ], [ 76.6163483, 24.2628403 ], [ 76.6787491, 24.2706394 ], [ 76.7024994, 24.2488022 ], [ 76.6742096, 24.1934299 ], [ 76.7207108, 24.1617203 ], [ 76.7688599, 24.1646805 ], [ 76.7909317, 24.1257591 ], [ 76.8560028, 24.1389408 ], [ 76.8999405, 24.1311111 ], [ 76.9161377, 24.1887207 ], [ 76.9438629, 24.1988487 ], [ 76.8741989, 24.2710896 ], [ 76.8369675, 24.3607082 ], [ 76.851326, 24.4691086 ], [ 76.8145905, 24.5343704 ], [ 76.8460464, 24.5510197 ], [ 76.9183807, 24.5356007 ], [ 76.91465, 24.4876595 ], [ 76.9601669, 24.4602299 ], [ 76.9925232, 24.4734497 ], [ 77.0503082, 24.5265331 ], [ 77.0643387, 24.5641212 ], [ 77.0594559, 24.6424198 ], [ 77.019249, 24.7149506 ], [ 76.9719772, 24.7316704 ], [ 76.9633026, 24.759552 ], [ 76.9216919, 24.7488308 ], [ 76.8450165, 24.75214 ], [ 76.8467407, 24.7699909 ], [ 76.8022919, 24.8265705 ], [ 76.8375015, 24.8410606 ], [ 76.8950424, 24.83951 ], [ 76.9489212, 24.8728695 ], [ 76.9246368, 24.9103699 ], [ 76.8720627, 24.9546013 ], [ 76.8693161, 25.0111008 ], [ 76.901062, 25.0340405 ], [ 76.9686661, 25.0559406 ], [ 76.9836731, 25.0775604 ], [ 77.0772324, 25.057991 ], [ 77.1577072, 25.0882797 ], [ 77.1695786, 25.1137199 ], [ 77.2622604, 25.1192608 ], [ 77.3028564, 25.0838699 ], [ 77.386673, 25.1219578 ], [ 77.3907089, 25.1881905 ], [ 77.4064026, 25.2262917 ], [ 77.3496628, 25.2717705 ], [ 77.3748016, 25.305851 ], [ 77.3442612, 25.3879299 ], [ 77.3613434, 25.412962 ], [ 77.3052979, 25.4364109 ], [ 77.2202606, 25.3734303 ], [ 77.2180328, 25.3313103 ], [ 77.1535568, 25.3132496 ], [ 77.07547, 25.3396912 ], [ 77.0241928, 25.3010902 ], [ 76.9587402, 25.2971802 ], [ 76.8429794, 25.3305416 ], [ 76.7728271, 25.3159103 ], [ 76.7404022, 25.3477898 ], [ 76.6810761, 25.34548 ], [ 76.6362915, 25.380331 ], [ 76.6025467, 25.3889809 ], [ 76.5889664, 25.4314899 ], [ 76.5203094, 25.5299301 ], [ 76.5097809, 25.5798206 ], [ 76.5108032, 25.6728401 ], [ 76.4823914, 25.7181301 ], [ 76.5265503, 25.731041 ], [ 76.5293121, 25.7979717 ], [ 76.5974731, 25.8764801 ], [ 76.6316834, 25.8752403 ], [ 76.6414185, 25.90625 ], [ 76.7333298, 25.9025497 ], [ 76.7947998, 25.9442215 ], [ 76.8704224, 26.0564499 ], [ 76.8877792, 26.0933208 ], [ 76.9387131, 26.106081 ], [ 76.9944763, 26.1377811 ], [ 77.02388, 26.1761703 ], [ 77.0964432, 26.1954403 ], [ 77.1136475, 26.2313595 ], [ 77.1649399, 26.2445011 ], [ 77.1944733, 26.2359715 ], [ 77.2670364, 26.2761707 ], [ 77.3081665, 26.3150005 ], [ 77.3180466, 26.3463802 ], [ 77.3662491, 26.3715191 ], [ 77.4324265, 26.3649998 ], [ 77.4277191, 26.4069099 ], [ 77.5228806, 26.4149132 ], [ 77.5514832, 26.4405594 ], [ 77.5990829, 26.4542198 ], [ 77.6710281, 26.5097294 ], [ 77.7269821, 26.5153599 ], [ 77.739357, 26.5426903 ], [ 77.8129959, 26.5548096 ], [ 77.8204117, 26.5998383 ], [ 77.8793869, 26.6202908 ], [ 77.9036026, 26.6661797 ], [ 77.9399033, 26.6627083 ], [ 77.992218, 26.7026405 ], [ 78.0880585, 26.6866608 ], [ 78.0953827, 26.7894306 ], [ 78.1793671, 26.8011589 ], [ 78.2097931, 26.8360901 ], [ 78.2556076, 26.8202877 ], [ 78.2820663, 26.8640881 ], [ 78.3625031, 26.8713303 ], [ 78.3855972, 26.82794 ], [ 78.4258728, 26.8323193 ], [ 78.4581375, 26.7952309 ], [ 78.5155716, 26.7851105 ], [ 78.5658493, 26.7576904 ], [ 78.6204376, 26.7751999 ], [ 78.6590195, 26.7692299 ], [ 78.7153473, 26.800211 ], [ 78.762146, 26.7668324 ], [ 78.8113861, 26.7654705 ], [ 78.8649292, 26.70467 ], [ 78.9039459, 26.7133808 ], [ 78.9838867, 26.6857109 ], [ 79.005661, 26.6104698 ], [ 78.9821167, 26.5941792 ], [ 78.9979858, 26.5509396 ], [ 79.060936, 26.5032997 ], [ 79.0470734, 26.4614201 ], [ 79.1267624, 26.4448109 ], [ 79.1172333, 26.41712 ], [ 79.0807266, 26.4055004 ], [ 79.1166229, 26.3535709 ], [ 79.0979767, 26.3146496 ], [ 79.0578918, 26.2838001 ], [ 79.0405502, 26.2292805 ], [ 79.002327, 26.1967697 ], [ 79.0007172, 26.1549797 ], [ 78.9443893, 26.1375179 ], [ 79.0031509, 26.0817909 ], [ 78.9443283, 26.0369511 ], [ 78.9431686, 25.9906902 ], [ 78.8763809, 25.9156609 ], [ 78.8578262, 25.8720112 ], [ 78.8633194, 25.8020802 ], [ 78.8158264, 25.8311405 ], [ 78.7607498, 25.7207909 ], [ 78.7912369, 25.7105408 ], [ 78.8113327, 25.6744804 ], [ 78.794548, 25.6175499 ], [ 78.6770172, 25.594099 ], [ 78.6486206, 25.5656395 ], [ 78.6042099, 25.5872898 ], [ 78.581192, 25.5643101 ], [ 78.4810867, 25.580431 ], [ 78.4086609, 25.5328999 ], [ 78.4215698, 25.4797096 ], [ 78.3351898, 25.4310513 ], [ 78.332489, 25.4045506 ], [ 78.2942276, 25.3676205 ], [ 78.3312912, 25.3367195 ], [ 78.355217, 25.2499695 ], [ 78.3853607, 25.1951599 ], [ 78.4419861, 25.1573505 ], [ 78.4246826, 25.124691 ], [ 78.3896866, 25.1269913 ], [ 78.3252487, 25.0840607 ], [ 78.3380661, 25.0273399 ], [ 78.3275375, 24.9995594 ], [ 78.1704483, 24.8852711 ], [ 78.2258224, 24.7765713 ], [ 78.2263184, 24.7362499 ], [ 78.2679977, 24.6695995 ], [ 78.2698517, 24.6153812 ], [ 78.2553177, 24.5522995 ], [ 78.2241821, 24.5413399 ], [ 78.2396317, 24.48946 ], [ 78.2668762, 24.4473705 ], [ 78.3625717, 24.3781509 ], [ 78.3265762, 24.3384686 ], [ 78.3414001, 24.3078098 ], [ 78.3856659, 24.2730522 ], [ 78.4347763, 24.2976608 ], [ 78.499939, 24.394331 ], [ 78.5784378, 24.3570805 ], [ 78.6173401, 24.2961216 ], [ 78.6988602, 24.2344799 ], [ 78.7542877, 24.2472496 ], [ 78.7845993, 24.1851406 ], [ 78.8105011, 24.208519 ], [ 78.8582077, 24.213541 ], [ 78.879097, 24.2540112 ], [ 78.9098511, 24.2729206 ], [ 78.9077606, 24.3012314 ], [ 78.9681396, 24.3569508 ], [ 78.9877777, 24.4279709 ], [ 78.9406586, 24.4459801 ], [ 78.9455032, 24.5533104 ], [ 78.913147, 24.5813007 ], [ 78.8817215, 24.6396999 ], [ 78.8308487, 24.6088905 ], [ 78.7769012, 24.5930901 ], [ 78.7519913, 24.6024609 ], [ 78.7400665, 24.6599598 ], [ 78.7723923, 24.7041416 ], [ 78.7645493, 24.7949924 ], [ 78.7805405, 24.81497 ], [ 78.7644806, 24.8613701 ], [ 78.668396, 24.902401 ], [ 78.653717, 24.9442196 ], [ 78.6249161, 24.9619408 ], [ 78.6419296, 25.061491 ], [ 78.597168, 25.0978699 ], [ 78.5937119, 25.1573906 ], [ 78.5614929, 25.2274494 ], [ 78.5685806, 25.2586098 ], [ 78.5208511, 25.2880402 ], [ 78.5335922, 25.3308926 ], [ 78.5762177, 25.3519306 ], [ 78.6034927, 25.4170704 ], [ 78.6892471, 25.4453506 ], [ 78.7002411, 25.4261208 ], [ 78.6578903, 25.3879795 ], [ 78.7097626, 25.3762684 ], [ 78.735672, 25.3491917 ], [ 78.7643814, 25.3584003 ], [ 78.7653732, 25.4300308 ], [ 78.7246475, 25.4633102 ], [ 78.7895279, 25.483511 ], [ 78.8536987, 25.452301 ], [ 78.8339462, 25.5160007 ], [ 78.8760071, 25.5243187 ], [ 78.8855362, 25.56077 ], [ 78.9256821, 25.5599575 ], [ 78.9418869, 25.5311508 ], [ 78.9291306, 25.4283295 ], [ 78.9601288, 25.4388905 ], [ 78.974472, 25.3725605 ], [ 78.8747482, 25.387661 ], [ 78.7932892, 25.2931004 ], [ 78.8350525, 25.233202 ], [ 78.8622894, 25.2831306 ], [ 78.8564377, 25.3169594 ], [ 78.8852463, 25.3466911 ], [ 78.9312286, 25.3324127 ], [ 78.9702759, 25.2910919 ], [ 78.9085999, 25.2743607 ], [ 78.8673859, 25.1899605 ], [ 78.9528427, 25.2206917 ], [ 78.9867706, 25.2749596 ], [ 79.0264816, 25.2346706 ], [ 79.0245972, 25.186573 ], [ 79.0905762, 25.1762295 ], [ 79.1333771, 25.111063 ], [ 79.197937, 25.1281891 ], [ 79.2765427, 25.1202602 ], [ 79.314537, 25.1518784 ], [ 79.2780228, 25.21064 ], [ 79.3411179, 25.2304897 ], [ 79.2601395, 25.3102398 ], [ 79.2947311, 25.3402195 ], [ 79.401886, 25.2792511 ], [ 79.4423981, 25.2209511 ], [ 79.4095764, 25.2087612 ], [ 79.383873, 25.1702805 ], [ 79.3892899, 25.1205807 ], [ 79.4898758, 25.0827503 ], [ 79.5503387, 25.1694012 ], [ 79.6328506, 25.1328297 ], [ 79.6661682, 25.127121 ], [ 79.7395782, 25.1429596 ], [ 79.8272171, 25.1001205 ], [ 79.8605881, 25.1560612 ], [ 79.8452301, 25.2365513 ], [ 79.9492188, 25.2653008 ], [ 79.9973373, 25.2701302 ], [ 80.0207367, 25.3431606 ], [ 80.0832977, 25.3558331 ], [ 80.1270828, 25.3406181 ], [ 80.1888275, 25.4064312 ], [ 80.2451859, 25.4048901 ], [ 80.2737274, 25.4250412 ], [ 80.3090515, 25.39184 ], [ 80.3026733, 25.2969589 ], [ 80.3409729, 25.2786007 ], [ 80.4016571, 25.2209511 ], [ 80.4236984, 25.1741409 ], [ 80.3486176, 25.1406918 ], [ 80.2669373, 25.030241 ], [ 80.3141022, 25.0035095 ], [ 80.3678207, 25.0254307 ], [ 80.3941269, 25.0720215 ], [ 80.440712, 25.0820694 ], [ 80.4701767, 25.0446911 ], [ 80.5786667, 25.0882626 ], [ 80.5945892, 25.155241 ], [ 80.6735687, 25.0541706 ], [ 80.7759781, 25.084301 ], [ 80.7190094, 25.1040211 ], [ 80.7508621, 25.1417007 ], [ 80.8186417, 25.1305504 ], [ 80.8695374, 25.1886597 ], [ 80.9055634, 25.1644802 ], [ 80.8649826, 25.1236496 ], [ 80.8706512, 25.0710487 ], [ 80.8291168, 25.0299797 ], [ 80.8502502, 25.0031414 ], [ 80.8022003, 24.9444599 ], [ 80.8566132, 24.9359512 ], [ 80.936821, 24.9724998 ], [ 80.9528732, 24.9394379 ], [ 81.0266724, 24.9549694 ], [ 81.076416, 24.952261 ], [ 81.1281662, 24.8936195 ], [ 81.1614304, 24.9585114 ], [ 81.2060013, 24.9392395 ], [ 81.2016983, 24.9957294 ], [ 81.2615891, 25.0684605 ], [ 81.245697, 25.1055412 ], [ 81.2686462, 25.1651897 ], [ 81.349411, 25.1673508 ], [ 81.3890305, 25.1242599 ], [ 81.4277802, 25.1336098 ], [ 81.436409, 25.0961609 ], [ 81.4837265, 25.0749397 ], [ 81.4919968, 25.1487598 ], [ 81.5325394, 25.185421 ], [ 81.5663986, 25.1957512 ], [ 81.5921173, 25.1363811 ], [ 81.646843, 25.0750408 ], [ 81.7164078, 25.0529709 ], [ 81.7916565, 25.0100098 ], [ 81.8293686, 25.019331 ], [ 81.9016418, 24.9828205 ], [ 81.9103088, 24.9204998 ], [ 81.9026566, 24.8841305 ], [ 81.9649811, 24.841423 ], [ 82.0048904, 24.8506908 ], [ 82.081871, 24.8221111 ], [ 82.1121902, 24.7922611 ], [ 82.2087173, 24.7977695 ], [ 82.1956711, 24.7637501 ], [ 82.2383728, 24.7544098 ], [ 82.2430496, 24.7017612 ], [ 82.291893, 24.6647797 ], [ 82.2984161, 24.6280117 ], [ 82.3608475, 24.6020012 ], [ 82.4091721, 24.5978298 ], [ 82.4015961, 24.6837997 ], [ 82.4201508, 24.7052498 ], [ 82.5292664, 24.6519604 ], [ 82.6655502, 24.6998596 ], [ 82.6959534, 24.6757202 ], [ 82.6916962, 24.6486397 ], [ 82.7658005, 24.6416302 ], [ 82.7963715, 24.5997601 ], [ 82.800766, 24.552681 ], [ 82.7460175, 24.541523 ], [ 82.7161102, 24.5571404 ], [ 82.7257233, 24.42626 ], [ 82.707161, 24.3851795 ], [ 82.760582, 24.3730412 ], [ 82.7641373, 24.2924309 ], [ 82.7499161, 24.2361298 ], [ 82.7269974, 24.2232609 ], [ 82.7361374, 24.1683502 ], [ 82.7203674, 24.1389904 ], [ 82.6573868, 24.1347981 ], [ 82.7083969, 24.080761 ], [ 82.754921, 24.0732403 ], [ 82.7458878, 24.0131111 ], [ 82.8014679, 24.0010624 ], [ 82.8077774, 23.9630585 ] ] ] ] } },
{ "type": "Feature", "properties": { "POLYGON_ID": "IND_GAUL2012_ADM1_70080", "ADM0_ISO3": "IND", "ADM0_NAME": "India", "ADM0_CODE": 115, "ADM1_NAME": "Puducherry", "ADM1_CODE": 70080, "GEOSET": "GAUL", "GEOSET_YEAR": 2012.0, "GEOSET_VERSION": "GAUL_v1", "GEOSET_UNIT": "ADM1", "CENTROID_LONG": 78.766404310981017, "CENTROID_LAT": 11.660422754563401 }, "geometry": { "type": "MultiPolygon", "coordinates": [ [ [ [ 82.2974662, 16.7405597 ], [ 82.2977873, 16.7402748 ], [ 82.3020367, 16.7275211 ], [ 82.2962694, 16.7104202 ], [ 82.2962418, 16.7103992 ], [ 82.2957024, 16.7098617 ], [ 82.2951355, 16.7094512 ], [ 82.2946872, 16.7090295 ], [ 82.2945862, 16.7088396 ], [ 82.2945445, 16.7087612 ], [ 82.2942963, 16.708661 ], [ 82.2472914, 16.7190094 ], [ 82.2974662, 16.7405597 ] ] ], [ [ [ 82.2669506, 16.6910346 ], [ 82.2607672, 16.6902541 ], [ 82.2599437, 16.6901957 ], [ 82.2592651, 16.6901476 ], [ 82.2669506, 16.6910346 ] ] ], [ [ [ 79.8547959, 10.9760355 ], [ 79.851153, 10.8137518 ], [ 79.8197632, 10.8111019 ], [ 79.8027878, 10.8711319 ], [ 79.7092285, 10.9132004 ], [ 79.7526016, 10.9798927 ], [ 79.8014526, 10.9862127 ], [ 79.8547959, 10.9760355 ] ] ], [ [ [ 79.8374742, 11.9405427 ], [ 79.8009141, 11.807963 ], [ 79.7549515, 11.8578405 ], [ 79.6934509, 11.8538904 ], [ 79.7248993, 11.89151 ], [ 79.6841431, 11.9272194 ], [ 79.7058487, 11.9773693 ], [ 79.7478409, 11.9289017 ], [ 79.8045883, 11.9631414 ], [ 79.8374742, 11.9405427 ] ] ], [ [ [ 75.2945146, 11.9457507 ], [ 75.2284137, 12.0214861 ], [ 75.2211304, 12.1009512 ], [ 75.3281784, 12.1072807 ], [ 75.2991714, 12.0667915 ], [ 75.3083217, 12.0479402 ], [ 75.2848587, 11.9868097 ], [ 75.2945146, 11.9457507 ] ] ] ] } },
{ "type": "Feature", "properties": { "POLYGON_ID": "IND_GAUL2012_ADM1_70081", "ADM0_ISO3": "IND", "ADM0_NAME": "India", "ADM0_CODE": 115, "ADM1_NAME": "Uttar Pradesh", "ADM1_CODE": 70081, "GEOSET": "GAUL", "GEOSET_YEAR": 2012.0, "GEOSET_VERSION": "GAUL_v1", "GEOSET_UNIT": "ADM1", "CENTROID_LONG": 80.560879731036195, "CENTROID_LAT": 26.926069166169498 }, "geometry": { "type": "MultiPolygon", "coordinates": [ [ [ [ 80.0664026, 28.8428454 ], [ 80.1192853, 28.8283813 ], [ 80.2174143, 28.7547608 ], [ 80.2563899, 28.7534283 ], [ 80.2791851, 28.7056487 ], [ 80.3189221, 28.6967496 ], [ 80.3266791, 28.6626757 ], [ 80.3797411, 28.6265555 ], [ 80.4165276, 28.6367395 ], [ 80.4556459, 28.6245567 ], [ 80.4724449, 28.5918153 ], [ 80.5240316, 28.576444 ], [ 80.5074706, 28.6677201 ], [ 80.541592, 28.6888973 ], [ 80.6113578, 28.6390714 ], [ 80.6525701, 28.6327896 ], [ 80.7141506, 28.5688297 ], [ 80.7686402, 28.5668786 ], [ 80.7922445, 28.5247145 ], [ 80.848257, 28.4970176 ], [ 80.8966076, 28.506821 ], [ 80.9072676, 28.4662274 ], [ 80.9668493, 28.4403944 ], [ 81.0180553, 28.4527676 ], [ 81.0219259, 28.4163459 ], [ 81.0554434, 28.4040293 ], [ 81.2027967, 28.3701923 ], [ 81.2348718, 28.3265054 ], [ 81.2336821, 28.2883389 ], [ 81.3245713, 28.1928072 ], [ 81.3373314, 28.1561836 ], [ 81.3782581, 28.177218 ], [ 81.4477384, 28.1607522 ], [ 81.4847628, 28.1197303 ], [ 81.480337, 28.0843715 ], [ 81.6463758, 27.9930002 ], [ 81.7003895, 27.9882888 ], [ 81.8058472, 27.9044842 ], [ 81.9014018, 27.8528367 ], [ 81.9706917, 27.9273615 ], [ 82.0707718, 27.9219363 ], [ 82.1217875, 27.8650672 ], [ 82.1564422, 27.8658978 ], [ 82.2076958, 27.8436737 ], [ 82.2979725, 27.7778102 ], [ 82.3691184, 27.7450212 ], [ 82.4322693, 27.6895322 ], [ 82.4719432, 27.6791977 ], [ 82.5433747, 27.686574 ], [ 82.604384, 27.7061332 ], [ 82.6871155, 27.7133719 ], [ 82.7204066, 27.6889059 ], [ 82.7606284, 27.5012885 ], [ 82.930275, 27.5013568 ], [ 82.9582575, 27.4673781 ], [ 83.0322587, 27.4492942 ], [ 83.1888272, 27.4535296 ], [ 83.2118604, 27.425214 ], [ 83.2743926, 27.3842397 ], [ 83.2976162, 27.3336048 ], [ 83.3617664, 27.3437889 ], [ 83.4114496, 27.4131264 ], [ 83.3878691, 27.4358086 ], [ 83.3896837, 27.4793585 ], [ 83.6190575, 27.4689723 ], [ 83.8311151, 27.3744601 ], [ 83.8585441, 27.3547676 ], [ 83.8546371, 27.3112297 ], [ 83.9080429, 27.3303909 ], [ 83.9188309, 27.2926598 ], [ 83.9019012, 27.2521305 ], [ 83.948143, 27.2383308 ], [ 83.9851227, 27.1817627 ], [ 83.9414368, 27.1198311 ], [ 83.9549408, 27.0861206 ], [ 84.0242691, 27.0447197 ], [ 84.0495224, 26.9908104 ], [ 84.0351486, 26.9487209 ], [ 84.052002, 26.8917007 ], [ 84.1316528, 26.85569 ], [ 84.1764679, 26.8533401 ], [ 84.2286377, 26.8698101 ], [ 84.2521133, 26.8449211 ], [ 84.2522964, 26.8086796 ], [ 84.2246094, 26.7571011 ], [ 84.2422791, 26.7307701 ], [ 84.298027, 26.7532711 ], [ 84.3256607, 26.6842575 ], [ 84.4022369, 26.6712208 ], [ 84.4143982, 26.6271706 ], [ 84.2970276, 26.6156998 ], [ 84.2722168, 26.5993614 ], [ 84.1520309, 26.6385002 ], [ 84.0804214, 26.6407528 ], [ 84.0847626, 26.6105595 ], [ 84.04776, 26.5434895 ], [ 83.965416, 26.5117397 ], [ 83.9067917, 26.5067596 ], [ 83.9022827, 26.4502506 ], [ 83.9834671, 26.4349003 ], [ 84.0161133, 26.4419708 ], [ 84.0615158, 26.3900909 ], [ 84.1713562, 26.3739796 ], [ 84.1817398, 26.3170395 ], [ 84.157402, 26.2609196 ], [ 84.0735779, 26.2248802 ], [ 84.0336304, 26.23209 ], [ 84.0021133, 26.1901398 ], [ 84.0278473, 26.1629601 ], [ 84.049057, 26.0997009 ], [ 84.0910416, 26.0965405 ], [ 84.136673, 26.0470104 ], [ 84.2018127, 26.0005608 ], [ 84.2915573, 25.9482803 ], [ 84.351387, 25.959341 ], [ 84.4083023, 25.9313507 ], [ 84.4311829, 25.8926697 ], [ 84.5286407, 25.8777409 ], [ 84.5468521, 25.84132 ], [ 84.6211166, 25.7923603 ], [ 84.6005325, 25.7606297 ], [ 84.5556259, 25.7364082 ], [ 84.558609, 25.700983 ], [ 84.5163803, 25.6777096 ], [ 84.466507, 25.6855106 ], [ 84.4487762, 25.7144909 ], [ 84.4018784, 25.699501 ], [ 84.3936462, 25.7289009 ], [ 84.3256226, 25.7371006 ], [ 84.3185883, 25.6719399 ], [ 84.2170792, 25.6640606 ], [ 84.1675034, 25.7217503 ], [ 84.107872, 25.7236423 ], [ 84.0696487, 25.69561 ], [ 84.0765076, 25.6375313 ], [ 84.0142365, 25.6161308 ], [ 83.9209824, 25.5617294 ], [ 83.7822723, 25.3987293 ], [ 83.7094727, 25.3952503 ], [ 83.6106567, 25.3325901 ], [ 83.5443573, 25.3131409 ], [ 83.4802628, 25.2824097 ], [ 83.4602814, 25.2519703 ], [ 83.4092712, 25.2492809 ], [ 83.3882217, 25.2070084 ], [ 83.3496094, 25.1989403 ], [ 83.3534393, 25.1491604 ], [ 83.3234558, 25.0480518 ], [ 83.3570175, 24.9553509 ], [ 83.351387, 24.9030609 ], [ 83.3903885, 24.8330803 ], [ 83.3868027, 24.7842197 ], [ 83.4530869, 24.7333202 ], [ 83.4798431, 24.7378311 ], [ 83.5131912, 24.6789207 ], [ 83.4975204, 24.6516609 ], [ 83.5345306, 24.6156006 ], [ 83.5171814, 24.5491695 ], [ 83.4981689, 24.5270596 ], [ 83.393013, 24.5011902 ], [ 83.3814087, 24.4556503 ], [ 83.3989563, 24.4120808 ], [ 83.4298859, 24.4037895 ], [ 83.4343109, 24.3474712 ], [ 83.3756104, 24.3134499 ], [ 83.401886, 24.2659988 ], [ 83.3768997, 24.2309303 ], [ 83.3783417, 24.2007904 ], [ 83.3490067, 24.12644 ], [ 83.3235626, 24.1013298 ], [ 83.2924271, 24.0772095 ], [ 83.2760773, 24.0232811 ], [ 83.2160263, 23.9894009 ], [ 83.1895676, 23.9211006 ], [ 83.1274109, 23.8900204 ], [ 83.0610428, 23.8752403 ], [ 83.036438, 23.8830509 ], [ 82.9535904, 23.8727722 ], [ 82.8811874, 23.9102821 ], [ 82.8488998, 23.9468327 ], [ 82.8077774, 23.9630585 ], [ 82.8014679, 24.0010624 ], [ 82.7458878, 24.0131111 ], [ 82.754921, 24.0732403 ], [ 82.7083969, 24.080761 ], [ 82.6573868, 24.1347981 ], [ 82.7203674, 24.1389904 ], [ 82.7361374, 24.1683502 ], [ 82.7269974, 24.2232609 ], [ 82.7499161, 24.2361298 ], [ 82.7641373, 24.2924309 ], [ 82.760582, 24.3730412 ], [ 82.707161, 24.3851795 ], [ 82.7257233, 24.42626 ], [ 82.7161102, 24.5571404 ], [ 82.7460175, 24.541523 ], [ 82.800766, 24.552681 ], [ 82.7963715, 24.5997601 ], [ 82.7658005, 24.6416302 ], [ 82.6916962, 24.6486397 ], [ 82.6959534, 24.6757202 ], [ 82.6655502, 24.6998596 ], [ 82.5292664, 24.6519604 ], [ 82.4201508, 24.7052498 ], [ 82.4015961, 24.6837997 ], [ 82.4091721, 24.5978298 ], [ 82.3608475, 24.6020012 ], [ 82.2984161, 24.6280117 ], [ 82.291893, 24.6647797 ], [ 82.2430496, 24.7017612 ], [ 82.2383728, 24.7544098 ], [ 82.1956711, 24.7637501 ], [ 82.2087173, 24.7977695 ], [ 82.1121902, 24.7922611 ], [ 82.081871, 24.8221111 ], [ 82.0048904, 24.8506908 ], [ 81.9649811, 24.841423 ], [ 81.9026566, 24.8841305 ], [ 81.9103088, 24.9204998 ], [ 81.9016418, 24.9828205 ], [ 81.8293686, 25.019331 ], [ 81.7916565, 25.0100098 ], [ 81.7164078, 25.0529709 ], [ 81.646843, 25.0750408 ], [ 81.5921173, 25.1363811 ], [ 81.5663986, 25.1957512 ], [ 81.5325394, 25.185421 ], [ 81.4919968, 25.1487598 ], [ 81.4837265, 25.0749397 ], [ 81.436409, 25.0961609 ], [ 81.4277802, 25.1336098 ], [ 81.3890305, 25.1242599 ], [ 81.349411, 25.1673508 ], [ 81.2686462, 25.1651897 ], [ 81.245697, 25.1055412 ], [ 81.2615891, 25.0684605 ], [ 81.2016983, 24.9957294 ], [ 81.2060013, 24.9392395 ], [ 81.1614304, 24.9585114 ], [ 81.1281662, 24.8936195 ], [ 81.076416, 24.952261 ], [ 81.0266724, 24.9549694 ], [ 80.9528732, 24.9394379 ], [ 80.936821, 24.9724998 ], [ 80.8566132, 24.9359512 ], [ 80.8022003, 24.9444599 ], [ 80.8502502, 25.0031414 ], [ 80.8291168, 25.0299797 ], [ 80.8706512, 25.0710487 ], [ 80.8649826, 25.1236496 ], [ 80.9055634, 25.1644802 ], [ 80.8695374, 25.1886597 ], [ 80.8186417, 25.1305504 ], [ 80.7508621, 25.1417007 ], [ 80.7190094, 25.1040211 ], [ 80.7759781, 25.084301 ], [ 80.6735687, 25.0541706 ], [ 80.5945892, 25.155241 ], [ 80.5786667, 25.0882626 ], [ 80.4701767, 25.0446911 ], [ 80.440712, 25.0820694 ], [ 80.3941269, 25.0720215 ], [ 80.3678207, 25.0254307 ], [ 80.3141022, 25.0035095 ], [ 80.2669373, 25.030241 ], [ 80.3486176, 25.1406918 ], [ 80.4236984, 25.1741409 ], [ 80.4016571, 25.2209511 ], [ 80.3409729, 25.2786007 ], [ 80.3026733, 25.2969589 ], [ 80.3090515, 25.39184 ], [ 80.2737274, 25.4250412 ], [ 80.2451859, 25.4048901 ], [ 80.1888275, 25.4064312 ], [ 80.1270828, 25.3406181 ], [ 80.0832977, 25.3558331 ], [ 80.0207367, 25.3431606 ], [ 79.9973373, 25.2701302 ], [ 79.9492188, 25.2653008 ], [ 79.8452301, 25.2365513 ], [ 79.8605881, 25.1560612 ], [ 79.8272171, 25.1001205 ], [ 79.7395782, 25.1429596 ], [ 79.6661682, 25.127121 ], [ 79.6328506, 25.1328297 ], [ 79.5503387, 25.1694012 ], [ 79.4898758, 25.0827503 ], [ 79.3892899, 25.1205807 ], [ 79.383873, 25.1702805 ], [ 79.4095764, 25.2087612 ], [ 79.4423981, 25.2209511 ], [ 79.401886, 25.2792511 ], [ 79.2947311, 25.3402195 ], [ 79.2601395, 25.3102398 ], [ 79.3411179, 25.2304897 ], [ 79.2780228, 25.21064 ], [ 79.314537, 25.1518784 ], [ 79.2765427, 25.1202602 ], [ 79.197937, 25.1281891 ], [ 79.1333771, 25.111063 ], [ 79.0905762, 25.1762295 ], [ 79.0245972, 25.186573 ], [ 79.0264816, 25.2346706 ], [ 78.9867706, 25.2749596 ], [ 78.9528427, 25.2206917 ], [ 78.8673859, 25.1899605 ], [ 78.9085999, 25.2743607 ], [ 78.9702759, 25.2910919 ], [ 78.9312286, 25.3324127 ], [ 78.8852463, 25.3466911 ], [ 78.8564377, 25.3169594 ], [ 78.8622894, 25.2831306 ], [ 78.8350525, 25.233202 ], [ 78.7932892, 25.2931004 ], [ 78.8747482, 25.387661 ], [ 78.974472, 25.3725605 ], [ 78.9601288, 25.4388905 ], [ 78.9291306, 25.4283295 ], [ 78.9418869, 25.5311508 ], [ 78.9256821, 25.5599575 ], [ 78.8855362, 25.56077 ], [ 78.8760071, 25.5243187 ], [ 78.8339462, 25.5160007 ], [ 78.8536987, 25.452301 ], [ 78.7895279, 25.483511 ], [ 78.7246475, 25.4633102 ], [ 78.7653732, 25.4300308 ], [ 78.7643814, 25.3584003 ], [ 78.735672, 25.3491917 ], [ 78.7097626, 25.3762684 ], [ 78.6578903, 25.3879795 ], [ 78.7002411, 25.4261208 ], [ 78.6892471, 25.4453506 ], [ 78.6034927, 25.4170704 ], [ 78.5762177, 25.3519306 ], [ 78.5335922, 25.3308926 ], [ 78.5208511, 25.2880402 ], [ 78.5685806, 25.2586098 ], [ 78.5614929, 25.2274494 ], [ 78.5937119, 25.1573906 ], [ 78.597168, 25.0978699 ], [ 78.6419296, 25.061491 ], [ 78.6249161, 24.9619408 ], [ 78.653717, 24.9442196 ], [ 78.668396, 24.902401 ], [ 78.7644806, 24.8613701 ], [ 78.7805405, 24.81497 ], [ 78.7645493, 24.7949924 ], [ 78.7723923, 24.7041416 ], [ 78.7400665, 24.6599598 ], [ 78.7519913, 24.6024609 ], [ 78.7769012, 24.5930901 ], [ 78.8308487, 24.6088905 ], [ 78.8817215, 24.6396999 ], [ 78.913147, 24.5813007 ], [ 78.9455032, 24.5533104 ], [ 78.9406586, 24.4459801 ], [ 78.9877777, 24.4279709 ], [ 78.9681396, 24.3569508 ], [ 78.9077606, 24.3012314 ], [ 78.9098511, 24.2729206 ], [ 78.879097, 24.2540112 ], [ 78.8582077, 24.213541 ], [ 78.8105011, 24.208519 ], [ 78.7845993, 24.1851406 ], [ 78.7542877, 24.2472496 ], [ 78.6988602, 24.2344799 ], [ 78.6173401, 24.2961216 ], [ 78.5784378, 24.3570805 ], [ 78.499939, 24.394331 ], [ 78.4347763, 24.2976608 ], [ 78.3856659, 24.2730522 ], [ 78.3414001, 24.3078098 ], [ 78.3265762, 24.3384686 ], [ 78.3625717, 24.3781509 ], [ 78.2668762, 24.4473705 ], [ 78.2396317, 24.48946 ], [ 78.2241821, 24.5413399 ], [ 78.2553177, 24.5522995 ], [ 78.2698517, 24.6153812 ], [ 78.2679977, 24.6695995 ], [ 78.2263184, 24.7362499 ], [ 78.2258224, 24.7765713 ], [ 78.1704483, 24.8852711 ], [ 78.3275375, 24.9995594 ], [ 78.3380661, 25.0273399 ], [ 78.3252487, 25.0840607 ], [ 78.3896866, 25.1269913 ], [ 78.4246826, 25.124691 ], [ 78.4419861, 25.1573505 ], [ 78.3853607, 25.1951599 ], [ 78.355217, 25.2499695 ], [ 78.3312912, 25.3367195 ], [ 78.2942276, 25.3676205 ], [ 78.332489, 25.4045506 ], [ 78.3351898, 25.4310513 ], [ 78.4215698, 25.4797096 ], [ 78.4086609, 25.5328999 ], [ 78.4810867, 25.580431 ], [ 78.581192, 25.5643101 ], [ 78.6042099, 25.5872898 ], [ 78.6486206, 25.5656395 ], [ 78.6770172, 25.594099 ], [ 78.794548, 25.6175499 ], [ 78.8113327, 25.6744804 ], [ 78.7912369, 25.7105408 ], [ 78.7607498, 25.7207909 ], [ 78.8158264, 25.8311405 ], [ 78.8633194, 25.8020802 ], [ 78.8578262, 25.8720112 ], [ 78.8763809, 25.9156609 ], [ 78.9431686, 25.9906902 ], [ 78.9443283, 26.0369511 ], [ 79.0031509, 26.0817909 ], [ 78.9443893, 26.1375179 ], [ 79.0007172, 26.1549797 ], [ 79.002327, 26.1967697 ], [ 79.0405502, 26.2292805 ], [ 79.0578918, 26.2838001 ], [ 79.0979767, 26.3146496 ], [ 79.1166229, 26.3535709 ], [ 79.0807266, 26.4055004 ], [ 79.1172333, 26.41712 ], [ 79.1267624, 26.4448109 ], [ 79.0470734, 26.4614201 ], [ 79.060936, 26.5032997 ], [ 78.9979858, 26.5509396 ], [ 78.9821167, 26.5941792 ], [ 79.005661, 26.6104698 ], [ 78.9838867, 26.6857109 ], [ 78.9039459, 26.7133808 ], [ 78.8649292, 26.70467 ], [ 78.8113861, 26.7654705 ], [ 78.762146, 26.7668324 ], [ 78.7153473, 26.800211 ], [ 78.6590195, 26.7692299 ], [ 78.6204376, 26.7751999 ], [ 78.5658493, 26.7576904 ], [ 78.5155716, 26.7851105 ], [ 78.4581375, 26.7952309 ], [ 78.4258728, 26.8323193 ], [ 78.3855972, 26.82794 ], [ 78.3625031, 26.8713303 ], [ 78.2820663, 26.8640881 ], [ 78.2556076, 26.8202877 ], [ 78.2097931, 26.8360901 ], [ 78.2048569, 26.8773899 ], [ 78.2481766, 26.900631 ], [ 78.2327423, 26.933691 ], [ 78.139473, 26.9571304 ], [ 78.0868225, 26.90201 ], [ 78.0422363, 26.9154205 ], [ 77.9095688, 26.9142704 ], [ 77.8714676, 26.9055004 ], [ 77.7650986, 26.9379902 ], [ 77.7239227, 26.9229507 ], [ 77.7158432, 26.8813305 ], [ 77.671669, 26.8740711 ], [ 77.6085358, 26.8345108 ], [ 77.5206909, 26.82201 ], [ 77.4643173, 26.7695503 ], [ 77.4285889, 26.7857895 ], [ 77.4392166, 26.8191509 ], [ 77.4174881, 26.8427906 ], [ 77.4824677, 26.90378 ], [ 77.5797501, 26.9308701 ], [ 77.6422729, 26.9673004 ], [ 77.6919174, 26.9789925 ], [ 77.7035828, 27.0003109 ], [ 77.6570282, 27.0227299 ], [ 77.5988159, 27.0288296 ], [ 77.5589371, 27.04879 ], [ 77.5656815, 27.0780106 ], [ 77.5444489, 27.1156006 ], [ 77.5972672, 27.1290531 ], [ 77.6148071, 27.1747894 ], [ 77.6546173, 27.175581 ], [ 77.6442032, 27.2388783 ], [ 77.6090927, 27.2879906 ], [ 77.6163406, 27.3383102 ], [ 77.5745468, 27.3267307 ], [ 77.4972458, 27.381361 ], [ 77.4318924, 27.3991585 ], [ 77.4151764, 27.4253712 ], [ 77.4295959, 27.4620495 ], [ 77.3935928, 27.4819412 ], [ 77.3761902, 27.5186005 ], [ 77.3402634, 27.5247707 ], [ 77.3257828, 27.5968781 ], [ 77.3423233, 27.6530304 ], [ 77.3339386, 27.7079201 ], [ 77.3106766, 27.7368698 ], [ 77.3041458, 27.7880096 ], [ 77.2757797, 27.806551 ], [ 77.3393326, 27.8595905 ], [ 77.4123917, 27.8590698 ], [ 77.4698181, 27.8947296 ], [ 77.4687271, 27.9329109 ], [ 77.5192108, 27.931881 ], [ 77.5352173, 27.99333 ], [ 77.4776382, 28.0491009 ], [ 77.4730682, 28.1037197 ], [ 77.4993973, 28.122591 ], [ 77.498909, 28.1630096 ], [ 77.5379486, 28.1908932 ], [ 77.4927368, 28.2806301 ], [ 77.4957886, 28.3070412 ], [ 77.4664078, 28.3412113 ], [ 77.4942398, 28.3582611 ], [ 77.435997, 28.4316101 ], [ 77.337738, 28.5089703 ], [ 77.2951889, 28.5612011 ], [ 77.3275833, 28.6918411 ], [ 77.2599182, 28.738121 ], [ 77.1944427, 28.8022919 ], [ 77.2173233, 28.8352795 ], [ 77.1868668, 28.8668194 ], [ 77.2168732, 28.900341 ], [ 77.1909561, 28.9616508 ], [ 77.2141876, 29.0059624 ], [ 77.1626358, 29.0485706 ], [ 77.124382, 29.10149 ], [ 77.1399918, 29.1820812 ], [ 77.1294861, 29.2727909 ], [ 77.154213, 29.3169212 ], [ 77.117836, 29.456459 ], [ 77.1233215, 29.4860611 ], [ 77.0849075, 29.5335903 ], [ 77.1097183, 29.55299 ], [ 77.0856171, 29.6007996 ], [ 77.140213, 29.7172699 ], [ 77.1129532, 29.7486 ], [ 77.1523819, 29.7932796 ], [ 77.182457, 29.8732796 ], [ 77.1795578, 29.9022694 ], [ 77.250473, 29.988451 ], [ 77.2704086, 30.0483398 ], [ 77.3317413, 30.0644512 ], [ 77.4141922, 30.1111107 ], [ 77.4108276, 30.1458797 ], [ 77.4732666, 30.188591 ], [ 77.5321808, 30.2868576 ], [ 77.5703506, 30.3112297 ], [ 77.5920181, 30.3708611 ], [ 77.5748901, 30.3845196 ], [ 77.5630569, 30.4044895 ], [ 77.6356964, 30.41012 ], [ 77.6738663, 30.3845997 ], [ 77.7107773, 30.3387604 ], [ 77.8124084, 30.2907505 ], [ 77.9168472, 30.2561703 ], [ 77.9293213, 30.2399902 ], [ 77.8959961, 30.1862907 ], [ 77.8199692, 30.0936394 ], [ 77.786438, 30.0999699 ], [ 77.7408066, 29.9941196 ], [ 77.733017, 29.9134808 ], [ 77.7032623, 29.8676701 ], [ 77.7300568, 29.8530788 ], [ 77.7647018, 29.7854595 ], [ 77.7577133, 29.7159195 ], [ 77.8342667, 29.6718807 ], [ 77.8738785, 29.7019711 ], [ 77.9453964, 29.6872311 ], [ 77.9770203, 29.6420612 ], [ 77.9788589, 29.5541306 ], [ 78.0325623, 29.5517006 ], [ 78.0439301, 29.593071 ], [ 78.1659317, 29.6795311 ], [ 78.1935272, 29.7100601 ], [ 78.2313995, 29.7040901 ], [ 78.3029327, 29.7575912 ], [ 78.3317413, 29.7961807 ], [ 78.4875793, 29.7413807 ], [ 78.5115128, 29.6506901 ], [ 78.5764771, 29.5805702 ], [ 78.6933594, 29.5088711 ], [ 78.7266083, 29.5087109 ], [ 78.7657776, 29.4837894 ], [ 78.9003372, 29.4561787 ], [ 78.8964767, 29.4235821 ], [ 78.8567963, 29.3855896 ], [ 78.7844467, 29.3429298 ], [ 78.7574081, 29.3497601 ], [ 78.727562, 29.3127899 ], [ 78.8137817, 29.2522907 ], [ 78.8640671, 29.2494907 ], [ 78.8991623, 29.2025909 ], [ 78.9047928, 29.1631699 ], [ 78.966629, 29.1655502 ], [ 79.0127869, 29.1491299 ], [ 79.0728607, 29.1519909 ], [ 79.1422195, 29.11973 ], [ 79.1347198, 29.0819111 ], [ 79.2788773, 28.9648399 ], [ 79.4014359, 28.9322605 ], [ 79.3956528, 28.8854408 ], [ 79.4112167, 28.8558807 ], [ 79.5072403, 28.8633003 ], [ 79.5330887, 28.8903122 ], [ 79.6661987, 28.8483295 ], [ 79.7096176, 28.8792095 ], [ 79.7744675, 28.8918324 ], [ 79.802803, 28.8718205 ], [ 79.8014603, 28.8332901 ], [ 79.9120483, 28.7649612 ], [ 79.9295197, 28.7265129 ], [ 79.9882584, 28.71702 ], [ 80.0404587, 28.7831097 ], [ 80.0256882, 28.7998505 ], [ 80.0664026, 28.8428454 ] ] ] ] } },
{ "type": "Feature", "properties": { "POLYGON_ID": "IND_GAUL2012_ADM1_70082", "ADM0_ISO3": "IND", "ADM0_NAME": "India", "ADM0_CODE": 115, "ADM1_NAME": "Uttarakhand", "ADM1_CODE": 70082, "GEOSET": "GAUL", "GEOSET_YEAR": 2012.0, "GEOSET_VERSION": "GAUL_v1", "GEOSET_UNIT": "ADM1", "CENTROID_LONG": 79.197342745939011, "CENTROID_LAT": 30.124854004221106 }, "geometry": { "type": "MultiPolygon", "coordinates": [ [ [ [ 78.973126, 31.1157969 ], [ 79.00805, 31.04687 ], [ 79.05699, 31.03088 ], [ 79.10084, 30.99749 ], [ 79.19884, 31.0089 ], [ 79.22543, 30.95194 ], [ 79.32904, 30.97593 ], [ 79.31215, 31.01405 ], [ 79.35609, 31.03387 ], [ 79.40239, 31.0741 ], [ 79.4224, 31.06396 ], [ 79.42779, 31.02032 ], [ 79.49846, 31.03387 ], [ 79.54894, 30.96084 ], [ 79.60633, 30.94032 ], [ 79.76068, 30.99789 ], [ 79.8127392, 30.9771104 ], [ 79.8804, 30.96958 ], [ 79.89824, 30.922 ], [ 79.95263, 30.87439 ], [ 80.06279, 30.76981 ], [ 80.05762, 30.71948 ], [ 80.17929, 30.63017 ], [ 80.21762, 30.58303 ], [ 80.27266, 30.55433 ], [ 80.3378693, 30.5660198 ], [ 80.39183, 30.5169 ], [ 80.45043, 30.51069 ], [ 80.48645, 30.46461 ], [ 80.53814, 30.44657 ], [ 80.58314, 30.467 ], [ 80.63135, 30.46166 ], [ 80.69003, 30.4198 ], [ 80.71755, 30.41792 ], [ 80.81508, 30.32441 ], [ 80.90858, 30.30616 ], [ 80.93186, 30.26975 ], [ 80.98557, 30.27292 ], [ 81.03202, 30.25008 ], [ 81.0369199, 30.2027604 ], [ 80.9592233, 30.1813967 ], [ 80.9042968, 30.2165713 ], [ 80.8701149, 30.1758626 ], [ 80.8795851, 30.1324612 ], [ 80.7735087, 30.0569847 ], [ 80.7562339, 30.0191513 ], [ 80.6732383, 29.9560004 ], [ 80.6020448, 29.9573329 ], [ 80.5744906, 29.9207368 ], [ 80.5543128, 29.8509234 ], [ 80.5093886, 29.823512 ], [ 80.4954925, 29.7954344 ], [ 80.4360536, 29.8046667 ], [ 80.4098795, 29.7901044 ], [ 80.3670492, 29.7286191 ], [ 80.3929378, 29.6635647 ], [ 80.4176842, 29.6517625 ], [ 80.4118783, 29.5954645 ], [ 80.3800411, 29.5609147 ], [ 80.3452058, 29.5513969 ], [ 80.3445395, 29.5097087 ], [ 80.3001864, 29.4903875 ], [ 80.3035176, 29.4559329 ], [ 80.2454588, 29.4449874 ], [ 80.2472196, 29.4070112 ], [ 80.3173185, 29.3192567 ], [ 80.3031845, 29.243685 ], [ 80.2607825, 29.1889098 ], [ 80.2722515, 29.1481734 ], [ 80.2378921, 29.1181446 ], [ 80.1847349, 29.1364665 ], [ 80.1463304, 29.1037727 ], [ 80.1203323, 28.9743375 ], [ 80.0978702, 28.9729098 ], [ 80.0587518, 28.9149937 ], [ 80.0664026, 28.8428454 ], [ 80.0256882, 28.7998505 ], [ 80.0404587, 28.7831097 ], [ 79.9882584, 28.71702 ], [ 79.9295197, 28.7265129 ], [ 79.9120483, 28.7649612 ], [ 79.8014603, 28.8332901 ], [ 79.802803, 28.8718205 ], [ 79.7744675, 28.8918324 ], [ 79.7096176, 28.8792095 ], [ 79.6661987, 28.8483295 ], [ 79.5330887, 28.8903122 ], [ 79.5072403, 28.8633003 ], [ 79.4112167, 28.8558807 ], [ 79.3956528, 28.8854408 ], [ 79.4014359, 28.9322605 ], [ 79.2788773, 28.9648399 ], [ 79.1347198, 29.0819111 ], [ 79.1422195, 29.11973 ], [ 79.0728607, 29.1519909 ], [ 79.0127869, 29.1491299 ], [ 78.966629, 29.1655502 ], [ 78.9047928, 29.1631699 ], [ 78.8991623, 29.2025909 ], [ 78.8640671, 29.2494907 ], [ 78.8137817, 29.2522907 ], [ 78.727562, 29.3127899 ], [ 78.7574081, 29.3497601 ], [ 78.7844467, 29.3429298 ], [ 78.8567963, 29.3855896 ], [ 78.8964767, 29.4235821 ], [ 78.9003372, 29.4561787 ], [ 78.7657776, 29.4837894 ], [ 78.7266083, 29.5087109 ], [ 78.6933594, 29.5088711 ], [ 78.5764771, 29.5805702 ], [ 78.5115128, 29.6506901 ], [ 78.4875793, 29.7413807 ], [ 78.3317413, 29.7961807 ], [ 78.3029327, 29.7575912 ], [ 78.2313995, 29.7040901 ], [ 78.1935272, 29.7100601 ], [ 78.1659317, 29.6795311 ], [ 78.0439301, 29.593071 ], [ 78.0325623, 29.5517006 ], [ 77.9788589, 29.5541306 ], [ 77.9770203, 29.6420612 ], [ 77.9453964, 29.6872311 ], [ 77.8738785, 29.7019711 ], [ 77.8342667, 29.6718807 ], [ 77.7577133, 29.7159195 ], [ 77.7647018, 29.7854595 ], [ 77.7300568, 29.8530788 ], [ 77.7032623, 29.8676701 ], [ 77.733017, 29.9134808 ], [ 77.7408066, 29.9941196 ], [ 77.786438, 30.0999699 ], [ 77.8199692, 30.0936394 ], [ 77.8959961, 30.1862907 ], [ 77.9293213, 30.2399902 ], [ 77.9168472, 30.2561703 ], [ 77.8124084, 30.2907505 ], [ 77.7107773, 30.3387604 ], [ 77.6738663, 30.3845997 ], [ 77.6356964, 30.41012 ], [ 77.5630569, 30.4044895 ], [ 77.6037521, 30.4374409 ], [ 77.6616058, 30.4487801 ], [ 77.7676163, 30.5043602 ], [ 77.7991791, 30.5113907 ], [ 77.8058624, 30.5607395 ], [ 77.7535324, 30.5702305 ], [ 77.7321091, 30.6071301 ], [ 77.7749786, 30.6411209 ], [ 77.7334061, 30.6858311 ], [ 77.7410965, 30.7106609 ], [ 77.6882858, 30.7686691 ], [ 77.744072, 30.8362427 ], [ 77.7445221, 30.8811913 ], [ 77.7835007, 30.8720608 ], [ 77.7933731, 30.9259796 ], [ 77.7455978, 30.922308 ], [ 77.7539215, 30.976841 ], [ 77.7964172, 30.96982 ], [ 77.824707, 31.0051899 ], [ 77.8050232, 31.0540695 ], [ 77.8428268, 31.0812931 ], [ 77.851532, 31.1109695 ], [ 77.9021759, 31.1588211 ], [ 77.9547577, 31.1787796 ], [ 78.0077209, 31.1570797 ], [ 78.029953, 31.1853104 ], [ 78.0923767, 31.192831 ], [ 78.1478271, 31.2315712 ], [ 78.1849213, 31.2233295 ], [ 78.2325897, 31.2350197 ], [ 78.2983627, 31.2882099 ], [ 78.3692627, 31.2879009 ], [ 78.4194565, 31.2598801 ], [ 78.470108, 31.2037506 ], [ 78.537117, 31.2067108 ], [ 78.6006012, 31.2358513 ], [ 78.6506729, 31.1978512 ], [ 78.7494507, 31.1943512 ], [ 78.7950363, 31.20504 ], [ 78.8187332, 31.1472111 ], [ 78.880043, 31.1038399 ], [ 78.973126, 31.1157969 ] ] ] ] } }
]
}
