{
"type": "FeatureCollection",
"name": "MDG_GAUL2014_ADM2",
"crs": { "type": "name", "properties": { "name": "urn:ogc:def:crs:OGC:1.3:CRS84" } },
"features": [
{ "type": "Feature", "properties": { "POLYGON_ID": "MDG_GAUL2014_ADM2_154509", "ADM0_ISO3": "MDG", "ADM0_NAME": "Madagascar", "ADM0_CODE": 150, "ADM1_NAME": "Alaotra Mangoro", "ADM1_CODE": 41750, "ADM2_NAME": "Ambatondrazaka", "ADM2_CODE": 154509, "GEOSET": "GAUL", "GEOSET_YEAR": 2014.0, "GEOSET_VERSION": "GAUL_v1", "GEOSET_UNIT": "ADM2", "CENTROID_LONG": 48.454979488607847, "CENTROID_LAT": -17.918824011549294 }, "geometry": { "type": "MultiPolygon", "coordinates": [ [ [ [ 48.8352179, -17.3783484 ], [ 48.7957549, -17.4373795 ], [ 48.8068056, -17.5268427 ], [ 48.7629793, -17.5443811 ], [ 48.6834225, -17.636792 ], [ 48.7524762, -17.666646 ], [ 48.8276991, -17.6547513 ], [ 48.8494532, -17.6977785 ], [ 48.848216, -17.770296 ], [ 48.8168054, -17.805274 ], [ 48.831175, -17.8735632 ], [ 48.7574185, -17.8809577 ], [ 48.6647013, -17.9413607 ], [ 48.6978429, -17.9867473 ], [ 48.6872146, -18.0668109 ], [ 48.7655127, -18.0541746 ], [ 48.7860644, -18.1547232 ], [ 48.790629, -18.1855321 ], [ 48.7178913, -18.243791 ], [ 48.6378309, -18.2539707 ], [ 48.5789646, -18.2394544 ], [ 48.4761511, -18.3616393 ], [ 48.4033326, -18.3333676 ], [ 48.3775411, -18.3428064 ], [ 48.3125344, -18.2929554 ], [ 48.3274509, -18.2108491 ], [ 48.3211448, -18.1212432 ], [ 48.2150821, -18.127448 ], [ 48.1608896, -18.1746303 ], [ 48.15488, -18.23935 ], [ 48.11448, -18.30683 ], [ 48.0147042, -18.2910295 ], [ 48.0059956, -18.1765106 ], [ 47.9889475, -18.1608948 ], [ 48.005218, -18.0524273 ], [ 47.9605063, -17.9887606 ], [ 47.9573, -17.9306 ], [ 47.9314171, -17.8796344 ], [ 47.9397542, -17.8596344 ], [ 47.9793071, -17.8763289 ], [ 48.0562969, -17.8602128 ], [ 48.1005137, -17.9158981 ], [ 48.14725, -17.91722 ], [ 48.1948525, -17.8113751 ], [ 48.351299, -17.7419402 ], [ 48.4458085, -17.66463 ], [ 48.4916542, -17.6009102 ], [ 48.480488, -17.5220242 ], [ 48.5388262, -17.4603589 ], [ 48.5724132, -17.3894971 ], [ 48.6212352, -17.4041208 ], [ 48.6891267, -17.3902337 ], [ 48.8352179, -17.3783484 ] ] ] ] } },
{ "type": "Feature", "properties": { "POLYGON_ID": "MDG_GAUL2014_ADM2_154510", "ADM0_ISO3": "MDG", "ADM0_NAME": "Madagascar", "ADM0_CODE": 150, "ADM1_NAME": "Alaotra Mangoro", "ADM1_CODE": 41750, "ADM2_NAME": "Amparafaravola", "ADM2_CODE": 154510, "GEOSET": "GAUL", "GEOSET_YEAR": 2014.0, "GEOSET_VERSION": "GAUL_v1", "GEOSET_UNIT": "ADM2", "CENTROID_LONG": 48.339425077269922, "CENTROID_LAT": -17.442947835664206 }, "geometry": { "type": "MultiPolygon", "coordinates": [ [ [ [ 48.7860358, -17.071204 ], [ 48.8725479, -17.0655814 ], [ 48.87228, -17.11335 ], [ 48.9041442, -17.1661599 ], [ 48.9084939, -17.2756483 ], [ 48.85473, -17.26247 ], [ 48.8219, -17.29895 ], [ 48.8352179, -17.3783484 ], [ 48.6891267, -17.3902337 ], [ 48.6212352, -17.4041208 ], [ 48.5724132, -17.3894971 ], [ 48.5388262, -17.4603589 ], [ 48.480488, -17.5220242 ], [ 48.4916542, -17.6009102 ], [ 48.4458085, -17.66463 ], [ 48.351299, -17.7419402 ], [ 48.1948525, -17.8113751 ], [ 48.14725, -17.91722 ], [ 48.1005137, -17.9158981 ], [ 48.0562969, -17.8602128 ], [ 47.9793071, -17.8763289 ], [ 47.9397542, -17.8596344 ], [ 47.9891402, -17.6940087 ], [ 48.0247513, -17.6448164 ], [ 47.9347937, -17.5313355 ], [ 47.9185301, -17.4800944 ], [ 47.9921111, -17.4488871 ], [ 48.0203064, -17.3945898 ], [ 48.0986368, -17.4134997 ], [ 48.1055645, -17.3339772 ], [ 48.1462558, -17.3140667 ], [ 48.1389638, -17.2605192 ], [ 48.1972878, -17.1832507 ], [ 48.1760218, -17.1528007 ], [ 48.1823597, -17.0632467 ], [ 48.2579304, -17.0273514 ], [ 48.3082015, -17.0635098 ], [ 48.3502166, -17.1359376 ], [ 48.393041, -17.1362446 ], [ 48.4088986, -17.1836189 ], [ 48.4783127, -17.19578 ], [ 48.52095, -17.23003 ], [ 48.5776987, -17.1954355 ], [ 48.6422964, -17.2018453 ], [ 48.6694378, -17.1765231 ], [ 48.7221349, -17.1856125 ], [ 48.7475686, -17.1447746 ], [ 48.7977409, -17.1398613 ], [ 48.7860358, -17.071204 ] ] ] ] } },
{ "type": "Feature", "properties": { "POLYGON_ID": "MDG_GAUL2014_ADM2_154511", "ADM0_ISO3": "MDG", "ADM0_NAME": "Madagascar", "ADM0_CODE": 150, "ADM1_NAME": "Alaotra Mangoro", "ADM1_CODE": 41750, "ADM2_NAME": "Andilamena", "ADM2_CODE": 154511, "GEOSET": "GAUL", "GEOSET_YEAR": 2014.0, "GEOSET_VERSION": "GAUL_v1", "GEOSET_UNIT": "ADM2", "CENTROID_LONG": 48.350437873772727, "CENTROID_LAT": -16.720901991008674 }, "geometry": { "type": "MultiPolygon", "coordinates": [ [ [ [ 48.2836709, -16.2463216 ], [ 48.31501, -16.2838494 ], [ 48.408457, -16.3450823 ], [ 48.4558488, -16.3387322 ], [ 48.5086993, -16.406641 ], [ 48.5907916, -16.4493043 ], [ 48.6170482, -16.4875194 ], [ 48.6161631, -16.5519087 ], [ 48.6556511, -16.5924739 ], [ 48.6589801, -16.658104 ], [ 48.7068361, -16.6845334 ], [ 48.8569762, -16.6757539 ], [ 48.9339974, -16.6855849 ], [ 48.8766184, -16.7320886 ], [ 48.8153265, -16.8792447 ], [ 48.8396289, -16.8948886 ], [ 48.8245866, -16.9953537 ], [ 48.7860358, -17.071204 ], [ 48.7977409, -17.1398613 ], [ 48.7475686, -17.1447746 ], [ 48.7221349, -17.1856125 ], [ 48.6694378, -17.1765231 ], [ 48.6422964, -17.2018453 ], [ 48.5776987, -17.1954355 ], [ 48.52095, -17.23003 ], [ 48.4783127, -17.19578 ], [ 48.4088986, -17.1836189 ], [ 48.393041, -17.1362446 ], [ 48.3502166, -17.1359376 ], [ 48.3082015, -17.0635098 ], [ 48.2579304, -17.0273514 ], [ 48.1823597, -17.0632467 ], [ 48.1031705, -17.0556336 ], [ 48.0527689, -16.98584 ], [ 48.066005, -16.9033812 ], [ 48.0355233, -16.8892801 ], [ 47.980355, -16.7788942 ], [ 47.925578, -16.7271 ], [ 47.9496457, -16.6422157 ], [ 47.9045191, -16.5835559 ], [ 47.719596, -16.3662418 ], [ 47.7841542, -16.3995951 ], [ 47.8719868, -16.3778922 ], [ 47.9812186, -16.2588954 ], [ 48.0182632, -16.2503182 ], [ 48.1141063, -16.2829601 ], [ 48.2325538, -16.2405288 ], [ 48.2836709, -16.2463216 ] ] ] ] } },
{ "type": "Feature", "properties": { "POLYGON_ID": "MDG_GAUL2014_ADM2_154512", "ADM0_ISO3": "MDG", "ADM0_NAME": "Madagascar", "ADM0_CODE": 150, "ADM1_NAME": "Alaotra Mangoro", "ADM1_CODE": 41750, "ADM2_NAME": "Anosibe-An'ala", "ADM2_CODE": 154512, "GEOSET": "GAUL", "GEOSET_YEAR": 2014.0, "GEOSET_VERSION": "GAUL_v1", "GEOSET_UNIT": "ADM2", "CENTROID_LONG": 48.125539755751461, "CENTROID_LAT": -19.515802173373935 }, "geometry": { "type": "MultiPolygon", "coordinates": [ [ [ [ 48.3751371, -19.3069094 ], [ 48.362171, -19.3597643 ], [ 48.4072185, -19.517508 ], [ 48.3861873, -19.5418922 ], [ 48.3127928, -19.5460445 ], [ 48.3178473, -19.6465925 ], [ 48.303171, -19.688097 ], [ 48.3171977, -19.7552875 ], [ 48.2730712, -19.8112555 ], [ 48.1603132, -19.8101937 ], [ 48.0904961, -19.7746627 ], [ 47.9260104, -19.7591789 ], [ 47.8654574, -19.7687114 ], [ 47.8370375, -19.7183809 ], [ 47.8381918, -19.6272131 ], [ 47.8573023, -19.5596282 ], [ 47.9030506, -19.502594 ], [ 47.8812206, -19.441449 ], [ 47.9421758, -19.3830588 ], [ 47.9396992, -19.3020259 ], [ 48.0948158, -19.2597172 ], [ 48.1267709, -19.2103332 ], [ 48.1721784, -19.1970754 ], [ 48.2764381, -19.1981438 ], [ 48.3751371, -19.3069094 ] ] ] ] } },
{ "type": "Feature", "properties": { "POLYGON_ID": "MDG_GAUL2014_ADM2_154513", "ADM0_ISO3": "MDG", "ADM0_NAME": "Madagascar", "ADM0_CODE": 150, "ADM1_NAME": "Alaotra Mangoro", "ADM1_CODE": 41750, "ADM2_NAME": "Moramanga", "ADM2_CODE": 154513, "GEOSET": "GAUL", "GEOSET_YEAR": 2014.0, "GEOSET_VERSION": "GAUL_v1", "GEOSET_UNIT": "ADM2", "CENTROID_LONG": 48.26622352030062, "CENTROID_LAT": -18.803528789242549 }, "geometry": { "type": "MultiPolygon", "coordinates": [ [ [ [ 48.4761511, -18.3616393 ], [ 48.469649, -18.3935648 ], [ 48.4989928, -18.5199247 ], [ 48.5250958, -18.5651576 ], [ 48.4863287, -18.6169448 ], [ 48.55195, -18.75428 ], [ 48.5460489, -18.8011199 ], [ 48.6188378, -18.836955 ], [ 48.62373, -18.93093 ], [ 48.6534711, -18.9821167 ], [ 48.6489386, -19.0446597 ], [ 48.6890331, -19.0771369 ], [ 48.7153121, -19.1449606 ], [ 48.66223, -19.1737 ], [ 48.6251571, -19.1528581 ], [ 48.5787827, -19.1696715 ], [ 48.5977048, -19.2231767 ], [ 48.5583865, -19.2928577 ], [ 48.531663, -19.3001705 ], [ 48.4476203, -19.3429793 ], [ 48.3751371, -19.3069094 ], [ 48.2764381, -19.1981438 ], [ 48.1721784, -19.1970754 ], [ 48.1267709, -19.2103332 ], [ 48.0948158, -19.2597172 ], [ 47.9396992, -19.3020259 ], [ 47.9548601, -19.2205976 ], [ 47.93387, -19.1761 ], [ 47.8938694, -19.1032301 ], [ 47.9218706, -19.05542 ], [ 47.9429915, -18.9746304 ], [ 47.9429203, -18.8300392 ], [ 47.9271912, -18.7599861 ], [ 47.9465116, -18.6274083 ], [ 47.9670485, -18.6228114 ], [ 47.9954748, -18.4877393 ], [ 48.0356672, -18.3865926 ], [ 48.0147042, -18.2910295 ], [ 48.11448, -18.30683 ], [ 48.15488, -18.23935 ], [ 48.1608896, -18.1746303 ], [ 48.2150821, -18.127448 ], [ 48.3211448, -18.1212432 ], [ 48.3274509, -18.2108491 ], [ 48.3125344, -18.2929554 ], [ 48.3775411, -18.3428064 ], [ 48.4033326, -18.3333676 ], [ 48.4761511, -18.3616393 ] ] ] ] } },
{ "type": "Feature", "properties": { "POLYGON_ID": "MDG_GAUL2014_ADM2_154514", "ADM0_ISO3": "MDG", "ADM0_NAME": "Madagascar", "ADM0_CODE": 150, "ADM1_NAME": "Amoron I Mania", "ADM1_CODE": 41751, "ADM2_NAME": "Ambatofinandrahana", "ADM2_CODE": 154514, "GEOSET": "GAUL", "GEOSET_YEAR": 2014.0, "GEOSET_VERSION": "GAUL_v1", "GEOSET_UNIT": "ADM2", "CENTROID_LONG": 46.308753088282543, "CENTROID_LAT": -20.502947946007083 }, "geometry": { "type": "MultiPolygon", "coordinates": [ [ [ [ 45.7715259, -19.8814133 ], [ 45.8068843, -19.9142653 ], [ 45.8752935, -19.9036093 ], [ 45.9319899, -19.932673 ], [ 45.9983151, -19.928293 ], [ 46.0568617, -19.9508311 ], [ 46.0900046, -20.0274968 ], [ 46.1628772, -20.0616026 ], [ 46.2401765, -20.0238813 ], [ 46.2869257, -20.0705487 ], [ 46.2891045, -20.1501027 ], [ 46.2519002, -20.1803241 ], [ 46.3034498, -20.2271883 ], [ 46.3681988, -20.2488788 ], [ 46.4256224, -20.2288574 ], [ 46.5158743, -20.2654998 ], [ 46.6330005, -20.2500955 ], [ 46.7083292, -20.2686025 ], [ 46.8126441, -20.2772053 ], [ 46.8732505, -20.2356362 ], [ 46.9442637, -20.1660853 ], [ 46.9983006, -20.2243047 ], [ 46.9978682, -20.2777489 ], [ 47.0354277, -20.347657 ], [ 46.9992817, -20.3654055 ], [ 46.9751961, -20.4188909 ], [ 46.983533, -20.4879418 ], [ 46.9838287, -20.5528257 ], [ 46.9561148, -20.5953277 ], [ 46.9877204, -20.6281838 ], [ 46.978294, -20.6763578 ], [ 46.9014541, -20.7035598 ], [ 46.8639784, -20.7561284 ], [ 46.9280866, -20.825323 ], [ 46.9018507, -20.8808624 ], [ 46.9245708, -20.9166565 ], [ 46.904158, -20.969225 ], [ 46.8657097, -20.9833455 ], [ 46.8421767, -21.0053812 ], [ 46.8015183, -20.9591148 ], [ 46.7687896, -20.9651447 ], [ 46.7582453, -20.9193827 ], [ 46.6309154, -20.8224312 ], [ 46.573773, -20.7120951 ], [ 46.5126159, -20.7242035 ], [ 46.4236876, -20.7781539 ], [ 46.3509271, -20.7374705 ], [ 46.2602857, -20.8387324 ], [ 46.2870656, -20.9175984 ], [ 46.25477, -20.9870721 ], [ 46.2169, -21.0204 ], [ 46.1050966, -20.9769329 ], [ 46.0522847, -20.9986036 ], [ 46.0078356, -20.954636 ], [ 45.9146369, -20.9701784 ], [ 45.9097239, -20.9935763 ], [ 45.8128808, -21.0310451 ], [ 45.7919753, -21.0189372 ], [ 45.775699, -20.9257645 ], [ 45.7654929, -20.8386535 ], [ 45.7899598, -20.7231425 ], [ 45.8415029, -20.7147369 ], [ 45.819493, -20.5617289 ], [ 45.8347605, -20.3383244 ], [ 45.8100587, -20.3054791 ], [ 45.7980707, -20.227159 ], [ 45.7580332, -20.110034 ], [ 45.7622106, -20.0497779 ], [ 45.7874878, -20.0012041 ], [ 45.754483, -19.9780061 ], [ 45.7715259, -19.8814133 ] ] ] ] } },
{ "type": "Feature", "properties": { "POLYGON_ID": "MDG_GAUL2014_ADM2_154515", "ADM0_ISO3": "MDG", "ADM0_NAME": "Madagascar", "ADM0_CODE": 150, "ADM1_NAME": "Amoron I Mania", "ADM1_CODE": 41751, "ADM2_NAME": "Ambositra", "ADM2_CODE": 154515, "GEOSET": "GAUL", "GEOSET_YEAR": 2014.0, "GEOSET_VERSION": "GAUL_v1", "GEOSET_UNIT": "ADM2", "CENTROID_LONG": 47.300233559627465, "CENTROID_LAT": -20.577763259606613 }, "geometry": { "type": "MultiPolygon", "coordinates": [ [ [ [ 47.1752085, -20.1618448 ], [ 47.1911528, -20.2593296 ], [ 47.2226008, -20.2662368 ], [ 47.2383795, -20.4080224 ], [ 47.25898, -20.44765 ], [ 47.3725138, -20.5210282 ], [ 47.4756992, -20.5372203 ], [ 47.5610297, -20.4576268 ], [ 47.6487033, -20.4501396 ], [ 47.6638328, -20.4916491 ], [ 47.6552024, -20.5588076 ], [ 47.6276813, -20.5822038 ], [ 47.6779144, -20.6564803 ], [ 47.6285851, -20.7410862 ], [ 47.5309933, -20.7329074 ], [ 47.4401938, -20.8480611 ], [ 47.4680846, -20.8966896 ], [ 47.4645785, -20.9485004 ], [ 47.3487294, -20.9658785 ], [ 47.3107377, -20.9240566 ], [ 47.2745495, -20.7915003 ], [ 47.237384, -20.819625 ], [ 47.1690469, -20.8345367 ], [ 47.1040861, -20.7821702 ], [ 47.1495895, -20.7412106 ], [ 47.1388786, -20.6292778 ], [ 47.0948273, -20.5753405 ], [ 47.075954, -20.5146598 ], [ 46.983533, -20.4879418 ], [ 46.9751961, -20.4188909 ], [ 46.9992817, -20.3654055 ], [ 47.0354277, -20.347657 ], [ 46.9978682, -20.2777489 ], [ 46.9983006, -20.2243047 ], [ 47.0519375, -20.1666062 ], [ 47.1752085, -20.1618448 ] ] ] ] } },
{ "type": "Feature", "properties": { "POLYGON_ID": "MDG_GAUL2014_ADM2_154516", "ADM0_ISO3": "MDG", "ADM0_NAME": "Madagascar", "ADM0_CODE": 150, "ADM1_NAME": "Amoron I Mania", "ADM1_CODE": 41751, "ADM2_NAME": "Fandriana", "ADM2_CODE": 154516, "GEOSET": "GAUL", "GEOSET_YEAR": 2014.0, "GEOSET_VERSION": "GAUL_v1", "GEOSET_UNIT": "ADM2", "CENTROID_LONG": 47.441611489679254, "CENTROID_LAT": -20.267232770147551 }, "geometry": { "type": "MultiPolygon", "coordinates": [ [ [ [ 47.7067004, -20.0593537 ], [ 47.7112087, -20.1382993 ], [ 47.6824431, -20.1746725 ], [ 47.665064, -20.2491494 ], [ 47.6874475, -20.3297408 ], [ 47.6726701, -20.3747322 ], [ 47.6487033, -20.4501396 ], [ 47.5610297, -20.4576268 ], [ 47.4756992, -20.5372203 ], [ 47.3725138, -20.5210282 ], [ 47.25898, -20.44765 ], [ 47.2383795, -20.4080224 ], [ 47.2226008, -20.2662368 ], [ 47.1911528, -20.2593296 ], [ 47.1752085, -20.1618448 ], [ 47.1765833, -20.1137167 ], [ 47.2186439, -20.0724973 ], [ 47.3566729, -20.0438847 ], [ 47.4572429, -20.0805181 ], [ 47.4606109, -20.0453968 ], [ 47.5482597, -20.0522193 ], [ 47.6166923, -20.0966803 ], [ 47.7067004, -20.0593537 ] ] ] ] } },
{ "type": "Feature", "properties": { "POLYGON_ID": "MDG_GAUL2014_ADM2_154517", "ADM0_ISO3": "MDG", "ADM0_NAME": "Madagascar", "ADM0_CODE": 150, "ADM1_NAME": "Amoron I Mania", "ADM1_CODE": 41751, "ADM2_NAME": "Manandriana", "ADM2_CODE": 154517, "GEOSET": "GAUL", "GEOSET_YEAR": 2014.0, "GEOSET_VERSION": "GAUL_v1", "GEOSET_UNIT": "ADM2", "CENTROID_LONG": 47.018929375090366, "CENTROID_LAT": -20.755050966962184 }, "geometry": { "type": "MultiPolygon", "coordinates": [ [ [ [ 47.1690469, -20.8345367 ], [ 47.1367047, -20.8756605 ], [ 47.0620837, -20.8852023 ], [ 47.0279764, -20.9541115 ], [ 46.8906634, -21.0119111 ], [ 46.8657097, -20.9833455 ], [ 46.904158, -20.969225 ], [ 46.9245708, -20.9166565 ], [ 46.9018507, -20.8808624 ], [ 46.9280866, -20.825323 ], [ 46.8639784, -20.7561284 ], [ 46.9014541, -20.7035598 ], [ 46.978294, -20.6763578 ], [ 46.9877204, -20.6281838 ], [ 46.9561148, -20.5953277 ], [ 46.9838287, -20.5528257 ], [ 46.983533, -20.4879418 ], [ 47.075954, -20.5146598 ], [ 47.0948273, -20.5753405 ], [ 47.1388786, -20.6292778 ], [ 47.1495895, -20.7412106 ], [ 47.1040861, -20.7821702 ], [ 47.1690469, -20.8345367 ] ] ] ] } },
{ "type": "Feature", "properties": { "POLYGON_ID": "MDG_GAUL2014_ADM2_123870", "ADM0_ISO3": "MDG", "ADM0_NAME": "Madagascar", "ADM0_CODE": 150, "ADM1_NAME": "Analamanga", "ADM1_CODE": 41752, "ADM2_NAME": "Antananarivo I", "ADM2_CODE": 123870, "GEOSET": "GAUL", "GEOSET_YEAR": 2014.0, "GEOSET_VERSION": "GAUL_v1", "GEOSET_UNIT": "ADM2", "CENTROID_LONG": 47.511999182720039, "CENTROID_LAT": -18.905155623535887 }, "geometry": { "type": "MultiPolygon", "coordinates": [ [ [ [ 47.5164104, -18.8948369 ], [ 47.5334282, -18.913809 ], [ 47.5308642, -18.9200519 ], [ 47.4983173, -18.9098472 ], [ 47.4907545, -18.8918823 ], [ 47.5164104, -18.8948369 ] ] ] ] } },
{ "type": "Feature", "properties": { "POLYGON_ID": "MDG_GAUL2014_ADM2_123871", "ADM0_ISO3": "MDG", "ADM0_NAME": "Madagascar", "ADM0_CODE": 150, "ADM1_NAME": "Analamanga", "ADM1_CODE": 41752, "ADM2_NAME": "Antananarivo II", "ADM2_CODE": 123871, "GEOSET": "GAUL", "GEOSET_YEAR": 2014.0, "GEOSET_VERSION": "GAUL_v1", "GEOSET_UNIT": "ADM2", "CENTROID_LONG": 47.545781287033492, "CENTROID_LAT": -18.92931783585799 }, "geometry": { "type": "MultiPolygon", "coordinates": [ [ [ [ 47.5736905, -18.9173235 ], [ 47.5418397, -18.9498367 ], [ 47.530414, -18.9551975 ], [ 47.5308642, -18.9200519 ], [ 47.5334282, -18.913809 ], [ 47.5475602, -18.9126366 ], [ 47.5736905, -18.9173235 ] ] ] ] } },
{ "type": "Feature", "properties": { "POLYGON_ID": "MDG_GAUL2014_ADM2_123872", "ADM0_ISO3": "MDG", "ADM0_NAME": "Madagascar", "ADM0_CODE": 150, "ADM1_NAME": "Analamanga", "ADM1_CODE": 41752, "ADM2_NAME": "Antananarivo III", "ADM2_CODE": 123872, "GEOSET": "GAUL", "GEOSET_YEAR": 2014.0, "GEOSET_VERSION": "GAUL_v1", "GEOSET_UNIT": "ADM2", "CENTROID_LONG": 47.527881744040343, "CENTROID_LAT": -18.899471713572524 }, "geometry": { "type": "MultiPolygon", "coordinates": [ [ [ [ 47.5475602, -18.9126366 ], [ 47.5334282, -18.913809 ], [ 47.5164104, -18.8948369 ], [ 47.5112, -18.8768513 ], [ 47.5475602, -18.9126366 ] ] ] ] } },
{ "type": "Feature", "properties": { "POLYGON_ID": "MDG_GAUL2014_ADM2_123873", "ADM0_ISO3": "MDG", "ADM0_NAME": "Madagascar", "ADM0_CODE": 150, "ADM1_NAME": "Analamanga", "ADM1_CODE": 41752, "ADM2_NAME": "Antananarivo IV", "ADM2_CODE": 123873, "GEOSET": "GAUL", "GEOSET_YEAR": 2014.0, "GEOSET_VERSION": "GAUL_v1", "GEOSET_UNIT": "ADM2", "CENTROID_LONG": 47.519865166666669, "CENTROID_LAT": -18.928365533333334 }, "geometry": { "type": "MultiPolygon", "coordinates": [ [ [ [ 47.5308642, -18.9200519 ], [ 47.530414, -18.9551975 ], [ 47.4983173, -18.9098472 ], [ 47.5308642, -18.9200519 ] ] ] ] } },
{ "type": "Feature", "properties": { "POLYGON_ID": "MDG_GAUL2014_ADM2_123874", "ADM0_ISO3": "MDG", "ADM0_NAME": "Madagascar", "ADM0_CODE": 150, "ADM1_NAME": "Analamanga", "ADM1_CODE": 41752, "ADM2_NAME": "Antananarivo V", "ADM2_CODE": 123874, "GEOSET": "GAUL", "GEOSET_YEAR": 2014.0, "GEOSET_VERSION": "GAUL_v1", "GEOSET_UNIT": "ADM2", "CENTROID_LONG": 47.54177734381733, "CENTROID_LAT": -18.886752652270101 }, "geometry": { "type": "MultiPolygon", "coordinates": [ [ [ [ 47.5736905, -18.9173235 ], [ 47.5475602, -18.9126366 ], [ 47.5112, -18.8768513 ], [ 47.5090934, -18.8527886 ], [ 47.5645392, -18.8807117 ], [ 47.5736905, -18.9173235 ] ] ] ] } },
{ "type": "Feature", "properties": { "POLYGON_ID": "MDG_GAUL2014_ADM2_123875", "ADM0_ISO3": "MDG", "ADM0_NAME": "Madagascar", "ADM0_CODE": 150, "ADM1_NAME": "Analamanga", "ADM1_CODE": 41752, "ADM2_NAME": "Antananarivo VI", "ADM2_CODE": 123875, "GEOSET": "GAUL", "GEOSET_YEAR": 2014.0, "GEOSET_VERSION": "GAUL_v1", "GEOSET_UNIT": "ADM2", "CENTROID_LONG": 47.498233266890473, "CENTROID_LAT": -18.875105119840054 }, "geometry": { "type": "MultiPolygon", "coordinates": [ [ [ [ 47.5095051, -18.8467358 ], [ 47.5090934, -18.8527886 ], [ 47.5112, -18.8768513 ], [ 47.5164104, -18.8948369 ], [ 47.4907545, -18.8918823 ], [ 47.4746746, -18.8752669 ], [ 47.5095051, -18.8467358 ] ] ] ] } },
{ "type": "Feature", "properties": { "POLYGON_ID": "MDG_GAUL2014_ADM2_154518", "ADM0_ISO3": "MDG", "ADM0_NAME": "Madagascar", "ADM0_CODE": 150, "ADM1_NAME": "Analamanga", "ADM1_CODE": 41752, "ADM2_NAME": "Ambohidratrimo", "ADM2_CODE": 154518, "GEOSET": "GAUL", "GEOSET_YEAR": 2014.0, "GEOSET_VERSION": "GAUL_v1", "GEOSET_UNIT": "ADM2", "CENTROID_LONG": 47.435897279356205, "CENTROID_LAT": -18.665603352811154 }, "geometry": { "type": "MultiPolygon", "coordinates": [ [ [ [ 47.6207519, -18.4711409 ], [ 47.6284, -18.58495 ], [ 47.6585863, -18.6333773 ], [ 47.5984751, -18.6888116 ], [ 47.5731667, -18.6961 ], [ 47.5236833, -18.7708667 ], [ 47.5095051, -18.8467358 ], [ 47.4746746, -18.8752669 ], [ 47.402796, -18.918851 ], [ 47.3338046, -18.8976215 ], [ 47.3182075, -18.8157178 ], [ 47.2512925, -18.7687958 ], [ 47.1743247, -18.762724 ], [ 47.196845, -18.7249571 ], [ 47.2472961, -18.7183978 ], [ 47.33138, -18.52245 ], [ 47.4119588, -18.4488771 ], [ 47.5049009, -18.4390355 ], [ 47.5462181, -18.4976693 ], [ 47.6207519, -18.4711409 ] ] ] ] } },
{ "type": "Feature", "properties": { "POLYGON_ID": "MDG_GAUL2014_ADM2_154519", "ADM0_ISO3": "MDG", "ADM0_NAME": "Madagascar", "ADM0_CODE": 150, "ADM1_NAME": "Analamanga", "ADM1_CODE": 41752, "ADM2_NAME": "Andramasina", "ADM2_CODE": 154519, "GEOSET": "GAUL", "GEOSET_YEAR": 2014.0, "GEOSET_VERSION": "GAUL_v1", "GEOSET_UNIT": "ADM2", "CENTROID_LONG": 47.7480289038675, "CENTROID_LAT": -19.299233032061977 }, "geometry": { "type": "MultiPolygon", "coordinates": [ [ [ [ 47.93387, -19.1761 ], [ 47.9548601, -19.2205976 ], [ 47.9396992, -19.3020259 ], [ 47.9421758, -19.3830588 ], [ 47.8812206, -19.441449 ], [ 47.9030506, -19.502594 ], [ 47.8573023, -19.5596282 ], [ 47.7561323, -19.4768277 ], [ 47.7283697, -19.4397918 ], [ 47.6345502, -19.4185616 ], [ 47.5506402, -19.329259 ], [ 47.54563, -19.26317 ], [ 47.50567, -19.1936 ], [ 47.5312979, -19.1393217 ], [ 47.6347625, -19.1275839 ], [ 47.7088241, -19.1142983 ], [ 47.8329583, -19.169943 ], [ 47.93387, -19.1761 ] ] ] ] } },
{ "type": "Feature", "properties": { "POLYGON_ID": "MDG_GAUL2014_ADM2_154520", "ADM0_ISO3": "MDG", "ADM0_NAME": "Madagascar", "ADM0_CODE": 150, "ADM1_NAME": "Analamanga", "ADM1_CODE": 41752, "ADM2_NAME": "Anjozorobe", "ADM2_CODE": 154520, "GEOSET": "GAUL", "GEOSET_YEAR": 2014.0, "GEOSET_VERSION": "GAUL_v1", "GEOSET_UNIT": "ADM2", "CENTROID_LONG": 47.752912758108664, "CENTROID_LAT": -18.201867962802929 }, "geometry": { "type": "MultiPolygon", "coordinates": [ [ [ [ 47.9314171, -17.8796344 ], [ 47.9573, -17.9306 ], [ 47.9605063, -17.9887606 ], [ 48.005218, -18.0524273 ], [ 47.9889475, -18.1608948 ], [ 48.0059956, -18.1765106 ], [ 48.0147042, -18.2910295 ], [ 48.0356672, -18.3865926 ], [ 47.9954748, -18.4877393 ], [ 47.9670485, -18.6228114 ], [ 47.9465116, -18.6274083 ], [ 47.90077, -18.61308 ], [ 47.8624175, -18.6395174 ], [ 47.7858747, -18.6044005 ], [ 47.7294718, -18.4980433 ], [ 47.6207519, -18.4711409 ], [ 47.5462181, -18.4976693 ], [ 47.5049009, -18.4390355 ], [ 47.4119588, -18.4488771 ], [ 47.4715511, -18.3288046 ], [ 47.435033, -18.2478837 ], [ 47.4780246, -18.1372925 ], [ 47.5128205, -18.1155512 ], [ 47.4932868, -18.0379788 ], [ 47.5007367, -17.9846259 ], [ 47.4874296, -17.9090813 ], [ 47.550408, -17.9210855 ], [ 47.6542, -17.90583 ], [ 47.6321745, -17.8558433 ], [ 47.6739347, -17.8093384 ], [ 47.6753323, -17.7664957 ], [ 47.7437396, -17.778143 ], [ 47.8364181, -17.750756 ], [ 47.8945879, -17.7974497 ], [ 47.89443, -17.86353 ], [ 47.9314171, -17.8796344 ] ] ] ] } },
{ "type": "Feature", "properties": { "POLYGON_ID": "MDG_GAUL2014_ADM2_154521", "ADM0_ISO3": "MDG", "ADM0_NAME": "Madagascar", "ADM0_CODE": 150, "ADM1_NAME": "Analamanga", "ADM1_CODE": 41752, "ADM2_NAME": "Ankazobe", "ADM2_CODE": 154521, "GEOSET": "GAUL", "GEOSET_YEAR": 2014.0, "GEOSET_VERSION": "GAUL_v1", "GEOSET_UNIT": "ADM2", "CENTROID_LONG": 47.05727737459754, "CENTROID_LAT": -18.163347349271607 }, "geometry": { "type": "MultiPolygon", "coordinates": [ [ [ [ 47.348925, -17.7774308 ], [ 47.3427067, -17.8118104 ], [ 47.3770766, -17.8650846 ], [ 47.4874296, -17.9090813 ], [ 47.5007367, -17.9846259 ], [ 47.4932868, -18.0379788 ], [ 47.5128205, -18.1155512 ], [ 47.4780246, -18.1372925 ], [ 47.435033, -18.2478837 ], [ 47.4715511, -18.3288046 ], [ 47.4119588, -18.4488771 ], [ 47.33138, -18.52245 ], [ 47.2472961, -18.7183978 ], [ 47.196845, -18.7249571 ], [ 47.1743247, -18.762724 ], [ 47.0919934, -18.7132571 ], [ 47.0491158, -18.6850689 ], [ 47.0129075, -18.5984648 ], [ 46.9787734, -18.5740644 ], [ 46.956572, -18.513118 ], [ 46.8580782, -18.4527737 ], [ 46.8024418, -18.438455 ], [ 46.7511478, -18.3893889 ], [ 46.7511764, -18.355746 ], [ 46.705729, -18.3018709 ], [ 46.6563377, -18.2067087 ], [ 46.6480944, -18.1049528 ], [ 46.6071503, -17.977339 ], [ 46.5252057, -17.8335398 ], [ 46.5045842, -17.7677786 ], [ 46.5456629, -17.7503962 ], [ 46.6332521, -17.7551759 ], [ 46.7317563, -17.7081941 ], [ 46.7799758, -17.7129986 ], [ 46.8021727, -17.7575845 ], [ 46.7967725, -17.8270531 ], [ 46.8580062, -17.8140796 ], [ 46.9810037, -17.8379249 ], [ 47.0536827, -17.87223 ], [ 47.0574639, -17.8270803 ], [ 47.0997874, -17.7858309 ], [ 47.1411244, -17.7994913 ], [ 47.1705987, -17.7647214 ], [ 47.2730554, -17.7495802 ], [ 47.348925, -17.7774308 ] ] ] ] } },
{ "type": "Feature", "properties": { "POLYGON_ID": "MDG_GAUL2014_ADM2_154522", "ADM0_ISO3": "MDG", "ADM0_NAME": "Madagascar", "ADM0_CODE": 150, "ADM1_NAME": "Analamanga", "ADM1_CODE": 41752, "ADM2_NAME": "Antananarivo Atsimondrano", "ADM2_CODE": 154522, "GEOSET": "GAUL", "GEOSET_YEAR": 2014.0, "GEOSET_VERSION": "GAUL_v1", "GEOSET_UNIT": "ADM2", "CENTROID_LONG": 47.519197527291162, "CENTROID_LAT": -19.027624747889867 }, "geometry": { "type": "MultiPolygon", "coordinates": [ [ [ [ 47.4907545, -18.8918823 ], [ 47.4983173, -18.9098472 ], [ 47.530414, -18.9551975 ], [ 47.5418397, -18.9498367 ], [ 47.62183, -19.0137988 ], [ 47.6396167, -19.0679667 ], [ 47.6347625, -19.1275839 ], [ 47.5312979, -19.1393217 ], [ 47.4673149, -19.1298985 ], [ 47.4495397, -19.1086555 ], [ 47.4324954, -18.9974143 ], [ 47.402796, -18.918851 ], [ 47.4746746, -18.8752669 ], [ 47.4907545, -18.8918823 ] ] ] ] } },
{ "type": "Feature", "properties": { "POLYGON_ID": "MDG_GAUL2014_ADM2_154523", "ADM0_ISO3": "MDG", "ADM0_NAME": "Madagascar", "ADM0_CODE": 150, "ADM1_NAME": "Analamanga", "ADM1_CODE": 41752, "ADM2_NAME": "Antananarivo Avaradrano", "ADM2_CODE": 154523, "GEOSET": "GAUL", "GEOSET_YEAR": 2014.0, "GEOSET_VERSION": "GAUL_v1", "GEOSET_UNIT": "ADM2", "CENTROID_LONG": 47.623302820776033, "CENTROID_LAT": -18.894271516207368 }, "geometry": { "type": "MultiPolygon", "coordinates": [ [ [ [ 47.7088241, -19.1142983 ], [ 47.6347625, -19.1275839 ], [ 47.6396167, -19.0679667 ], [ 47.62183, -19.0137988 ], [ 47.5418397, -18.9498367 ], [ 47.5736905, -18.9173235 ], [ 47.5645392, -18.8807117 ], [ 47.5090934, -18.8527886 ], [ 47.5095051, -18.8467358 ], [ 47.5236833, -18.7708667 ], [ 47.5731667, -18.6961 ], [ 47.5984751, -18.6888116 ], [ 47.6650308, -18.7463243 ], [ 47.6925667, -18.8199167 ], [ 47.6674867, -18.855714 ], [ 47.682337, -18.8994235 ], [ 47.6750283, -18.9661359 ], [ 47.7337831, -19.0193779 ], [ 47.7088241, -19.1142983 ] ] ] ] } },
{ "type": "Feature", "properties": { "POLYGON_ID": "MDG_GAUL2014_ADM2_154524", "ADM0_ISO3": "MDG", "ADM0_NAME": "Madagascar", "ADM0_CODE": 150, "ADM1_NAME": "Analamanga", "ADM1_CODE": 41752, "ADM2_NAME": "Manjakandriana", "ADM2_CODE": 154524, "GEOSET": "GAUL", "GEOSET_YEAR": 2014.0, "GEOSET_VERSION": "GAUL_v1", "GEOSET_UNIT": "ADM2", "CENTROID_LONG": 47.793036247158582, "CENTROID_LAT": -18.83044229280242 }, "geometry": { "type": "MultiPolygon", "coordinates": [ [ [ [ 47.9465116, -18.6274083 ], [ 47.9271912, -18.7599861 ], [ 47.9429203, -18.8300392 ], [ 47.9429915, -18.9746304 ], [ 47.9218706, -19.05542 ], [ 47.8938694, -19.1032301 ], [ 47.93387, -19.1761 ], [ 47.8329583, -19.169943 ], [ 47.7088241, -19.1142983 ], [ 47.7337831, -19.0193779 ], [ 47.6750283, -18.9661359 ], [ 47.682337, -18.8994235 ], [ 47.6674867, -18.855714 ], [ 47.6925667, -18.8199167 ], [ 47.6650308, -18.7463243 ], [ 47.5984751, -18.6888116 ], [ 47.6585863, -18.6333773 ], [ 47.6284, -18.58495 ], [ 47.6207519, -18.4711409 ], [ 47.7294718, -18.4980433 ], [ 47.7858747, -18.6044005 ], [ 47.8624175, -18.6395174 ], [ 47.90077, -18.61308 ], [ 47.9465116, -18.6274083 ] ] ] ] } },
{ "type": "Feature", "properties": { "POLYGON_ID": "MDG_GAUL2014_ADM2_154525", "ADM0_ISO3": "MDG", "ADM0_NAME": "Madagascar", "ADM0_CODE": 150, "ADM1_NAME": "Analanjirofo", "ADM1_CODE": 41753, "ADM2_NAME": "Fenerive Est", "ADM2_CODE": 154525, "GEOSET": "GAUL", "GEOSET_YEAR": 2014.0, "GEOSET_VERSION": "GAUL_v1", "GEOSET_UNIT": "ADM2", "CENTROID_LONG": 49.203383214508015, "CENTROID_LAT": -17.165824339502976 }, "geometry": { "type": "MultiPolygon", "coordinates": [ [ [ [ 49.5215382, -17.0782693 ], [ 49.4527313, -17.2282844 ], [ 49.4105885, -17.3611028 ], [ 49.453021, -17.4178368 ], [ 49.4760611, -17.4822036 ], [ 49.4756054, -17.5811892 ], [ 49.3926739, -17.5865981 ], [ 49.2877413, -17.5481686 ], [ 49.30252, -17.37625 ], [ 49.2450849, -17.4084849 ], [ 49.17732, -17.38055 ], [ 49.1766756, -17.3031489 ], [ 49.1262241, -17.2780509 ], [ 49.0548592, -17.2037792 ], [ 48.982732, -17.221942 ], [ 48.9041442, -17.1661599 ], [ 48.87228, -17.11335 ], [ 48.8725479, -17.0655814 ], [ 48.7860358, -17.071204 ], [ 48.8245866, -16.9953537 ], [ 48.8396289, -16.8948886 ], [ 48.8830087, -16.8912648 ], [ 48.9586657, -16.9338914 ], [ 49.0351341, -16.8791063 ], [ 49.1418478, -16.9277613 ], [ 49.2008402, -16.9154377 ], [ 49.2835841, -16.9873252 ], [ 49.3696735, -16.9612597 ], [ 49.424939, -16.9933822 ], [ 49.4384292, -17.0330014 ], [ 49.5215382, -17.0782693 ] ] ] ] } },
{ "type": "Feature", "properties": { "POLYGON_ID": "MDG_GAUL2014_ADM2_154526", "ADM0_ISO3": "MDG", "ADM0_NAME": "Madagascar", "ADM0_CODE": 150, "ADM1_NAME": "Analanjirofo", "ADM1_CODE": 41753, "ADM2_NAME": "Mananara-Avaratra", "ADM2_CODE": 154526, "GEOSET": "GAUL", "GEOSET_YEAR": 2014.0, "GEOSET_VERSION": "GAUL_v1", "GEOSET_UNIT": "ADM2", "CENTROID_LONG": 49.510944935982749, "CENTROID_LAT": -16.232886037740567 }, "geometry": { "type": "MultiPolygon", "coordinates": [ [ [ [ 49.7154266, -15.8942721 ], [ 49.6750104, -16.0455347 ], [ 49.7252485, -16.1468082 ], [ 49.8285158, -16.1810391 ], [ 49.8582237, -16.2217223 ], [ 49.8129407, -16.3498283 ], [ 49.828075, -16.4222774 ], [ 49.8560884, -16.4449083 ], [ 49.8401442, -16.5607127 ], [ 49.8018054, -16.6162887 ], [ 49.6830059, -16.6082516 ], [ 49.5188814, -16.5729322 ], [ 49.3779244, -16.5178517 ], [ 49.339628, -16.4612038 ], [ 49.2806492, -16.4121484 ], [ 49.2011642, -16.2855486 ], [ 49.2124153, -16.2563439 ], [ 49.2114513, -16.1449741 ], [ 49.186778, -16.1165791 ], [ 49.1983767, -16.0649144 ], [ 49.1423506, -16.0512235 ], [ 49.1415088, -15.930953 ], [ 49.20828, -15.92663 ], [ 49.2305086, -15.8959602 ], [ 49.3129558, -15.8751923 ], [ 49.4007913, -15.8822764 ], [ 49.493934, -15.8522805 ], [ 49.5025803, -15.8927131 ], [ 49.5538876, -15.8911927 ], [ 49.6088116, -15.9165133 ], [ 49.6895555, -15.9119384 ], [ 49.7154266, -15.8942721 ] ] ] ] } },
{ "type": "Feature", "properties": { "POLYGON_ID": "MDG_GAUL2014_ADM2_154527", "ADM0_ISO3": "MDG", "ADM0_NAME": "Madagascar", "ADM0_CODE": 150, "ADM1_NAME": "Analanjirofo", "ADM1_CODE": 41753, "ADM2_NAME": "Maroantsetra", "ADM2_CODE": 154527, "GEOSET": "GAUL", "GEOSET_YEAR": 2014.0, "GEOSET_VERSION": "GAUL_v1", "GEOSET_UNIT": "ADM2", "CENTROID_LONG": 49.500383961808815, "CENTROID_LAT": -15.461921607325914 }, "geometry": { "type": "MultiPolygon", "coordinates": [ [ [ [ 49.7909835, -15.0501089 ], [ 49.8221369, -15.1216611 ], [ 49.8064327, -15.1601692 ], [ 49.8664478, -15.2128939 ], [ 49.894666, -15.2696779 ], [ 49.9390632, -15.2785759 ], [ 49.9882802, -15.2446256 ], [ 50.0332385, -15.2975204 ], [ 49.9864959, -15.3497343 ], [ 50.0531466, -15.3921918 ], [ 50.0502945, -15.4682669 ], [ 50.0182807, -15.4824345 ], [ 50.006368, -15.6349011 ], [ 49.9826142, -15.6987954 ], [ 50.0310484, -15.7135036 ], [ 50.0683668, -15.8147479 ], [ 50.0119524, -15.8320499 ], [ 50.0185865, -15.7864045 ], [ 49.9553083, -15.73727 ], [ 49.9674314, -15.6316845 ], [ 49.8911437, -15.5612164 ], [ 49.9042675, -15.4462785 ], [ 49.8420278, -15.4367244 ], [ 49.7308552, -15.4448423 ], [ 49.6793421, -15.4703705 ], [ 49.6159071, -15.5531164 ], [ 49.6425804, -15.6059703 ], [ 49.6417324, -15.6851749 ], [ 49.7154266, -15.8942721 ], [ 49.6895555, -15.9119384 ], [ 49.6088116, -15.9165133 ], [ 49.5538876, -15.8911927 ], [ 49.5025803, -15.8927131 ], [ 49.493934, -15.8522805 ], [ 49.4007913, -15.8822764 ], [ 49.3129558, -15.8751923 ], [ 49.2305086, -15.8959602 ], [ 49.20828, -15.92663 ], [ 49.1415088, -15.930953 ], [ 49.1108891, -15.9051809 ], [ 49.0884029, -15.791026 ], [ 49.0435329, -15.7639969 ], [ 49.0732365, -15.675173 ], [ 49.0915028, -15.5738125 ], [ 49.0709435, -15.5278044 ], [ 49.115126, -15.4669468 ], [ 49.0268984, -15.4527129 ], [ 49.010402, -15.4155156 ], [ 49.030901, -15.3612101 ], [ 49.1079632, -15.3407725 ], [ 49.1789688, -15.2986334 ], [ 49.2858278, -15.2750087 ], [ 49.3118793, -15.2421574 ], [ 49.3684119, -15.2375456 ], [ 49.3556326, -15.0781949 ], [ 49.4506278, -15.0965573 ], [ 49.4642599, -14.9186644 ], [ 49.4579826, -14.8586719 ], [ 49.478633, -14.8078319 ], [ 49.5909297, -14.9510375 ], [ 49.6453676, -14.9862815 ], [ 49.6596474, -15.0397797 ], [ 49.7145607, -15.091426 ], [ 49.7909835, -15.0501089 ] ] ] ] } },
{ "type": "Feature", "properties": { "POLYGON_ID": "MDG_GAUL2014_ADM2_154528", "ADM0_ISO3": "MDG", "ADM0_NAME": "Madagascar", "ADM0_CODE": 150, "ADM1_NAME": "Analanjirofo", "ADM1_CODE": 41753, "ADM2_NAME": "Sainte Marie", "ADM2_CODE": 154528, "GEOSET": "GAUL", "GEOSET_YEAR": 2014.0, "GEOSET_VERSION": "GAUL_v1", "GEOSET_UNIT": "ADM2", "CENTROID_LONG": 49.931580061625219, "CENTROID_LAT": -16.855024199718777 }, "geometry": { "type": "MultiPolygon", "coordinates": [ [ [ [ 50.0110931, -16.7021855 ], [ 49.9475397, -16.8919164 ], [ 49.9031759, -16.9534777 ], [ 49.857193, -16.9287962 ], [ 49.9275982, -16.8153691 ], [ 49.9696512, -16.7787477 ], [ 49.9764452, -16.7334442 ], [ 50.0110931, -16.7021855 ] ] ] ] } },
{ "type": "Feature", "properties": { "POLYGON_ID": "MDG_GAUL2014_ADM2_154529", "ADM0_ISO3": "MDG", "ADM0_NAME": "Madagascar", "ADM0_CODE": 150, "ADM1_NAME": "Analanjirofo", "ADM1_CODE": 41753, "ADM2_NAME": "Soanierana Ivongo", "ADM2_CODE": 154529, "GEOSET": "GAUL", "GEOSET_YEAR": 2014.0, "GEOSET_VERSION": "GAUL_v1", "GEOSET_UNIT": "ADM2", "CENTROID_LONG": 49.308421701519109, "CENTROID_LAT": -16.723667217236883 }, "geometry": { "type": "MultiPolygon", "coordinates": [ [ [ [ 49.8018054, -16.6162887 ], [ 49.7680305, -16.693611 ], [ 49.7213053, -16.7134035 ], [ 49.7245539, -16.7524068 ], [ 49.8044453, -16.8502278 ], [ 49.7012975, -16.8663776 ], [ 49.6052054, -16.900139 ], [ 49.5328047, -17.0308253 ], [ 49.5215382, -17.0782693 ], [ 49.4384292, -17.0330014 ], [ 49.424939, -16.9933822 ], [ 49.3696735, -16.9612597 ], [ 49.2835841, -16.9873252 ], [ 49.2008402, -16.9154377 ], [ 49.1418478, -16.9277613 ], [ 49.0351341, -16.8791063 ], [ 48.9586657, -16.9338914 ], [ 48.8830087, -16.8912648 ], [ 48.8396289, -16.8948886 ], [ 48.8153265, -16.8792447 ], [ 48.8766184, -16.7320886 ], [ 48.9339974, -16.6855849 ], [ 48.9549406, -16.6279518 ], [ 49.0174448, -16.5751809 ], [ 49.0167585, -16.5252246 ], [ 49.1166814, -16.4670377 ], [ 49.1454946, -16.3472962 ], [ 49.1928492, -16.3239045 ], [ 49.1771505, -16.2899558 ], [ 49.2124153, -16.2563439 ], [ 49.2011642, -16.2855486 ], [ 49.2806492, -16.4121484 ], [ 49.339628, -16.4612038 ], [ 49.3779244, -16.5178517 ], [ 49.5188814, -16.5729322 ], [ 49.6830059, -16.6082516 ], [ 49.8018054, -16.6162887 ] ] ] ] } },
{ "type": "Feature", "properties": { "POLYGON_ID": "MDG_GAUL2014_ADM2_154530", "ADM0_ISO3": "MDG", "ADM0_NAME": "Madagascar", "ADM0_CODE": 150, "ADM1_NAME": "Analanjirofo", "ADM1_CODE": 41753, "ADM2_NAME": "Vavatenina", "ADM2_CODE": 154530, "GEOSET": "GAUL", "GEOSET_YEAR": 2014.0, "GEOSET_VERSION": "GAUL_v1", "GEOSET_UNIT": "ADM2", "CENTROID_LONG": 49.017028097082729, "CENTROID_LAT": -17.505182883541657 }, "geometry": { "type": "MultiPolygon", "coordinates": [ [ [ [ 49.2877413, -17.5481686 ], [ 49.2637879, -17.5775765 ], [ 49.2694951, -17.6873359 ], [ 49.205083, -17.6880522 ], [ 49.1939759, -17.7335492 ], [ 49.156576, -17.7471934 ], [ 49.0324561, -17.7402192 ], [ 48.9681362, -17.7467828 ], [ 48.9202508, -17.7774774 ], [ 48.848216, -17.770296 ], [ 48.8494532, -17.6977785 ], [ 48.8276991, -17.6547513 ], [ 48.7524762, -17.666646 ], [ 48.6834225, -17.636792 ], [ 48.7629793, -17.5443811 ], [ 48.8068056, -17.5268427 ], [ 48.7957549, -17.4373795 ], [ 48.8352179, -17.3783484 ], [ 48.8219, -17.29895 ], [ 48.85473, -17.26247 ], [ 48.9084939, -17.2756483 ], [ 48.9041442, -17.1661599 ], [ 48.982732, -17.221942 ], [ 49.0548592, -17.2037792 ], [ 49.1262241, -17.2780509 ], [ 49.1766756, -17.3031489 ], [ 49.17732, -17.38055 ], [ 49.2450849, -17.4084849 ], [ 49.30252, -17.37625 ], [ 49.2877413, -17.5481686 ] ] ] ] } },
{ "type": "Feature", "properties": { "POLYGON_ID": "MDG_GAUL2014_ADM2_154557", "ADM0_ISO3": "MDG", "ADM0_NAME": "Madagascar", "ADM0_CODE": 150, "ADM1_NAME": "Atsinanana", "ADM1_CODE": 41758, "ADM2_NAME": "Toamasina II", "ADM2_CODE": 154557, "GEOSET": "GAUL", "GEOSET_YEAR": 2014.0, "GEOSET_VERSION": "GAUL_v1", "GEOSET_UNIT": "ADM2", "CENTROID_LONG": 49.14402811049063, "CENTROID_LAT": -18.004706973876118 }, "geometry": { "type": "MultiPolygon", "coordinates": [ [ [ [ 49.4756054, -17.5811892 ], [ 49.5196791, -17.6995789 ], [ 49.4319067, -17.9659536 ], [ 49.402751, -18.1026152 ], [ 49.3655648, -18.1545916 ], [ 49.3836447, -18.1949852 ], [ 49.348181, -18.3201728 ], [ 49.338113, -18.4058261 ], [ 49.2969879, -18.4802817 ], [ 49.2487159, -18.4473173 ], [ 49.17753, -18.4528106 ], [ 49.1115167, -18.4243667 ], [ 49.0511994, -18.3670489 ], [ 49.0112286, -18.3914638 ], [ 48.9948612, -18.3263236 ], [ 48.9202459, -18.1724107 ], [ 48.8386323, -18.1752123 ], [ 48.7860644, -18.1547232 ], [ 48.7655127, -18.0541746 ], [ 48.6872146, -18.0668109 ], [ 48.6978429, -17.9867473 ], [ 48.6647013, -17.9413607 ], [ 48.7574185, -17.8809577 ], [ 48.831175, -17.8735632 ], [ 48.8168054, -17.805274 ], [ 48.848216, -17.770296 ], [ 48.9202508, -17.7774774 ], [ 48.9681362, -17.7467828 ], [ 49.0324561, -17.7402192 ], [ 49.156576, -17.7471934 ], [ 49.1939759, -17.7335492 ], [ 49.205083, -17.6880522 ], [ 49.2694951, -17.6873359 ], [ 49.2637879, -17.5775765 ], [ 49.2877413, -17.5481686 ], [ 49.3926739, -17.5865981 ], [ 49.4756054, -17.5811892 ] ] ] ] } },
{ "type": "Feature", "properties": { "POLYGON_ID": "MDG_GAUL2014_ADM2_154531", "ADM0_ISO3": "MDG", "ADM0_NAME": "Madagascar", "ADM0_CODE": 150, "ADM1_NAME": "Androy", "ADM1_CODE": 41754, "ADM2_NAME": "Ambovombe-Androy", "ADM2_CODE": 154531, "GEOSET": "GAUL", "GEOSET_YEAR": 2014.0, "GEOSET_VERSION": "GAUL_v1", "GEOSET_UNIT": "ADM2", "CENTROID_LONG": 45.785552248780071, "CENTROID_LAT": -24.8581812530646 }, "geometry": { "type": "MultiPolygon", "coordinates": [ [ [ [ 45.8138357, -24.2087445 ], [ 45.8479216, -24.2457365 ], [ 45.9267335, -24.2884878 ], [ 45.9033629, -24.3311702 ], [ 45.960419, -24.3513551 ], [ 46.010285, -24.4792517 ], [ 45.926246, -24.5239186 ], [ 45.9661637, -24.6095043 ], [ 45.980136, -24.723453 ], [ 46.0221757, -24.7562264 ], [ 46.0237325, -24.8300707 ], [ 46.097443, -24.8936634 ], [ 46.13376, -24.9650153 ], [ 46.1907213, -25.0071364 ], [ 46.2504768, -24.9834079 ], [ 46.2870119, -25.0446096 ], [ 46.2628303, -25.1339008 ], [ 46.2592166, -25.2079503 ], [ 45.9967763, -25.3045328 ], [ 45.8732437, -25.3643344 ], [ 45.8119462, -25.4044074 ], [ 45.781377, -25.3667051 ], [ 45.8185096, -25.3381329 ], [ 45.8222477, -25.2663052 ], [ 45.7000612, -25.256793 ], [ 45.6572602, -25.1997966 ], [ 45.626641, -25.092496 ], [ 45.53757, -25.08322 ], [ 45.4679795, -25.127088 ], [ 45.3588876, -25.1136171 ], [ 45.3727576, -25.075012 ], [ 45.3091087, -25.0090115 ], [ 45.351343, -24.9215917 ], [ 45.360063, -24.8225317 ], [ 45.3789441, -24.7799222 ], [ 45.4359881, -24.7314759 ], [ 45.4442493, -24.6710264 ], [ 45.4172142, -24.6387457 ], [ 45.44133, -24.59927 ], [ 45.53682, -24.5416884 ], [ 45.5883383, -24.474742 ], [ 45.5721815, -24.4347913 ], [ 45.62117, -24.41098 ], [ 45.6793634, -24.4108134 ], [ 45.7557757, -24.3087165 ], [ 45.7647877, -24.2103104 ], [ 45.8138357, -24.2087445 ] ] ] ] } },
{ "type": "Feature", "properties": { "POLYGON_ID": "MDG_GAUL2014_ADM2_154532", "ADM0_ISO3": "MDG", "ADM0_NAME": "Madagascar", "ADM0_CODE": 150, "ADM1_NAME": "Androy", "ADM1_CODE": 41754, "ADM2_NAME": "Bekily", "ADM2_CODE": 154532, "GEOSET": "GAUL", "GEOSET_YEAR": 2014.0, "GEOSET_VERSION": "GAUL_v1", "GEOSET_UNIT": "ADM2", "CENTROID_LONG": 45.393813723415789, "CENTROID_LAT": -24.251645908434234 }, "geometry": { "type": "MultiPolygon", "coordinates": [ [ [ [ 45.4287618, -23.7644229 ], [ 45.471357, -23.8309814 ], [ 45.5144598, -23.8373111 ], [ 45.4735779, -23.9098988 ], [ 45.4781769, -23.9737094 ], [ 45.5310305, -24.0038631 ], [ 45.6135603, -23.9827127 ], [ 45.6873717, -23.9360445 ], [ 45.7014243, -23.9864858 ], [ 45.7492631, -24.0028199 ], [ 45.7448296, -24.0951727 ], [ 45.8401432, -24.1464607 ], [ 45.8138357, -24.2087445 ], [ 45.7647877, -24.2103104 ], [ 45.7557757, -24.3087165 ], [ 45.6793634, -24.4108134 ], [ 45.62117, -24.41098 ], [ 45.5721815, -24.4347913 ], [ 45.5883383, -24.474742 ], [ 45.53682, -24.5416884 ], [ 45.44133, -24.59927 ], [ 45.4172142, -24.6387457 ], [ 45.4442493, -24.6710264 ], [ 45.4359881, -24.7314759 ], [ 45.3789441, -24.7799222 ], [ 45.332371, -24.722358 ], [ 45.2869536, -24.7250619 ], [ 45.209833, -24.688083 ], [ 45.1524114, -24.6217621 ], [ 45.1396539, -24.5699221 ], [ 45.0772784, -24.5773744 ], [ 45.0964798, -24.5187365 ], [ 45.0523542, -24.4095106 ], [ 45.068214, -24.2758625 ], [ 45.1503142, -24.1748483 ], [ 45.147141, -24.087015 ], [ 45.1853309, -23.9803522 ], [ 45.169281, -23.9053501 ], [ 45.2081796, -23.8210963 ], [ 45.2570922, -23.8062159 ], [ 45.2509457, -23.7610268 ], [ 45.3304837, -23.7874593 ], [ 45.4287618, -23.7644229 ] ] ] ] } },
{ "type": "Feature", "properties": { "POLYGON_ID": "MDG_GAUL2014_ADM2_154533", "ADM0_ISO3": "MDG", "ADM0_NAME": "Madagascar", "ADM0_CODE": 150, "ADM1_NAME": "Androy", "ADM1_CODE": 41754, "ADM2_NAME": "Beloha", "ADM2_CODE": 154533, "GEOSET": "GAUL", "GEOSET_YEAR": 2014.0, "GEOSET_VERSION": "GAUL_v1", "GEOSET_UNIT": "ADM2", "CENTROID_LONG": 45.021800663338944, "CENTROID_LAT": -25.091222881372978 }, "geometry": { "type": "MultiPolygon", "coordinates": [ [ [ [ 45.3789441, -24.7799222 ], [ 45.360063, -24.8225317 ], [ 45.351343, -24.9215917 ], [ 45.3091087, -25.0090115 ], [ 45.3727576, -25.075012 ], [ 45.3588876, -25.1136171 ], [ 45.2779094, -25.1427311 ], [ 45.2834079, -25.2296403 ], [ 45.3672702, -25.2528538 ], [ 45.3151011, -25.3398729 ], [ 45.2523505, -25.3384392 ], [ 45.1768702, -25.4317023 ], [ 45.1359, -25.45302 ], [ 45.1206538, -25.5394481 ], [ 44.9611985, -25.467597 ], [ 44.9379215, -25.4193631 ], [ 44.8066196, -25.3406126 ], [ 44.7081695, -25.3128724 ], [ 44.5176917, -25.2898436 ], [ 44.4967938, -25.2419327 ], [ 44.5180065, -25.1858366 ], [ 44.7172196, -25.0250496 ], [ 44.8085241, -24.9375968 ], [ 44.9127856, -24.8853397 ], [ 44.9654603, -24.8324434 ], [ 44.9750618, -24.7789289 ], [ 45.0451194, -24.7474169 ], [ 45.0685688, -24.658837 ], [ 45.0533565, -24.6168184 ], [ 45.0772784, -24.5773744 ], [ 45.1396539, -24.5699221 ], [ 45.1524114, -24.6217621 ], [ 45.209833, -24.688083 ], [ 45.2869536, -24.7250619 ], [ 45.332371, -24.722358 ], [ 45.3789441, -24.7799222 ] ] ] ] } },
{ "type": "Feature", "properties": { "POLYGON_ID": "MDG_GAUL2014_ADM2_154534", "ADM0_ISO3": "MDG", "ADM0_NAME": "Madagascar", "ADM0_CODE": 150, "ADM1_NAME": "Androy", "ADM1_CODE": 41754, "ADM2_NAME": "Tsihombe", "ADM2_CODE": 154534, "GEOSET": "GAUL", "GEOSET_YEAR": 2014.0, "GEOSET_VERSION": "GAUL_v1", "GEOSET_UNIT": "ADM2", "CENTROID_LONG": 45.471579953132093, "CENTROID_LAT": -25.363421106296741 }, "geometry": { "type": "MultiPolygon", "coordinates": [ [ [ [ 45.8119462, -25.4044074 ], [ 45.712841, -25.4633406 ], [ 45.6144897, -25.5375153 ], [ 45.4803316, -25.5787854 ], [ 45.2811282, -25.5830184 ], [ 45.2154752, -25.6010677 ], [ 45.1400804, -25.5971415 ], [ 45.1206538, -25.5394481 ], [ 45.1359, -25.45302 ], [ 45.1768702, -25.4317023 ], [ 45.2523505, -25.3384392 ], [ 45.3151011, -25.3398729 ], [ 45.3672702, -25.2528538 ], [ 45.2834079, -25.2296403 ], [ 45.2779094, -25.1427311 ], [ 45.3588876, -25.1136171 ], [ 45.4679795, -25.127088 ], [ 45.53757, -25.08322 ], [ 45.626641, -25.092496 ], [ 45.6572602, -25.1997966 ], [ 45.7000612, -25.256793 ], [ 45.8222477, -25.2663052 ], [ 45.8185096, -25.3381329 ], [ 45.781377, -25.3667051 ], [ 45.8119462, -25.4044074 ] ] ] ] } },
{ "type": "Feature", "properties": { "POLYGON_ID": "MDG_GAUL2014_ADM2_154535", "ADM0_ISO3": "MDG", "ADM0_NAME": "Madagascar", "ADM0_CODE": 150, "ADM1_NAME": "Anosy", "ADM1_CODE": 41755, "ADM2_NAME": "Amboasary-Atsimo", "ADM2_CODE": 154535, "GEOSET": "GAUL", "GEOSET_YEAR": 2014.0, "GEOSET_VERSION": "GAUL_v1", "GEOSET_UNIT": "ADM2", "CENTROID_LONG": 46.354791645151451, "CENTROID_LAT": -24.424191352397468 }, "geometry": { "type": "MultiPolygon", "coordinates": [ [ [ [ 46.3961772, -23.8292732 ], [ 46.4746097, -23.8679663 ], [ 46.5287097, -23.9362409 ], [ 46.6134401, -23.9437847 ], [ 46.7180803, -24.0000051 ], [ 46.706074, -24.0294512 ], [ 46.7346701, -24.0961343 ], [ 46.7830161, -24.1195862 ], [ 46.852741, -24.1138469 ], [ 46.8832213, -24.1600663 ], [ 46.8731531, -24.2107237 ], [ 46.8871227, -24.2970494 ], [ 46.9000951, -24.3226166 ], [ 46.8695369, -24.4340883 ], [ 46.8351179, -24.5073491 ], [ 46.7617163, -24.5741856 ], [ 46.6997866, -24.5921953 ], [ 46.6990718, -24.6513494 ], [ 46.5481374, -24.7219089 ], [ 46.5339378, -24.7782404 ], [ 46.5562583, -24.8293961 ], [ 46.5601296, -24.900751 ], [ 46.5262757, -25.0281079 ], [ 46.5652023, -25.0580962 ], [ 46.48137, -25.11722 ], [ 46.5084596, -25.1647893 ], [ 46.3464774, -25.1833811 ], [ 46.2592166, -25.2079503 ], [ 46.2628303, -25.1339008 ], [ 46.2870119, -25.0446096 ], [ 46.2504768, -24.9834079 ], [ 46.1907213, -25.0071364 ], [ 46.13376, -24.9650153 ], [ 46.097443, -24.8936634 ], [ 46.0237325, -24.8300707 ], [ 46.0221757, -24.7562264 ], [ 45.980136, -24.723453 ], [ 45.9661637, -24.6095043 ], [ 45.926246, -24.5239186 ], [ 46.010285, -24.4792517 ], [ 45.960419, -24.3513551 ], [ 45.9033629, -24.3311702 ], [ 45.9267335, -24.2884878 ], [ 45.8479216, -24.2457365 ], [ 45.8138357, -24.2087445 ], [ 45.8401432, -24.1464607 ], [ 45.8648667, -24.1015331 ], [ 45.8560817, -24.0555433 ], [ 45.8987203, -24.0082532 ], [ 46.0330412, -23.9858997 ], [ 46.0739288, -23.9339507 ], [ 46.1846824, -23.9079214 ], [ 46.2594839, -23.8249242 ], [ 46.3170414, -23.8121238 ], [ 46.3961772, -23.8292732 ] ] ] ] } },
{ "type": "Feature", "properties": { "POLYGON_ID": "MDG_GAUL2014_ADM2_154536", "ADM0_ISO3": "MDG", "ADM0_NAME": "Madagascar", "ADM0_CODE": 150, "ADM1_NAME": "Anosy", "ADM1_CODE": 41755, "ADM2_NAME": "Betroka", "ADM2_CODE": 154536, "GEOSET": "GAUL", "GEOSET_YEAR": 2014.0, "GEOSET_VERSION": "GAUL_v1", "GEOSET_UNIT": "ADM2", "CENTROID_LONG": 45.876110502973738, "CENTROID_LAT": -23.371456539166427 }, "geometry": { "type": "MultiPolygon", "coordinates": [ [ [ [ 46.2832881, -22.9984815 ], [ 46.3417554, -23.0923524 ], [ 46.3512152, -23.1350531 ], [ 46.4645365, -23.1867631 ], [ 46.4687821, -23.2829176 ], [ 46.4471635, -23.4010412 ], [ 46.4013672, -23.4354885 ], [ 46.4244531, -23.4960411 ], [ 46.4858807, -23.5027596 ], [ 46.5001332, -23.6163576 ], [ 46.4548564, -23.6723925 ], [ 46.393544, -23.811093 ], [ 46.3961772, -23.8292732 ], [ 46.3170414, -23.8121238 ], [ 46.2594839, -23.8249242 ], [ 46.1846824, -23.9079214 ], [ 46.0739288, -23.9339507 ], [ 46.0330412, -23.9858997 ], [ 45.8987203, -24.0082532 ], [ 45.8560817, -24.0555433 ], [ 45.8648667, -24.1015331 ], [ 45.8401432, -24.1464607 ], [ 45.7448296, -24.0951727 ], [ 45.7492631, -24.0028199 ], [ 45.7014243, -23.9864858 ], [ 45.6873717, -23.9360445 ], [ 45.6135603, -23.9827127 ], [ 45.5310305, -24.0038631 ], [ 45.4781769, -23.9737094 ], [ 45.4735779, -23.9098988 ], [ 45.5144598, -23.8373111 ], [ 45.471357, -23.8309814 ], [ 45.4287618, -23.7644229 ], [ 45.447065, -23.6552653 ], [ 45.4056916, -23.6240342 ], [ 45.4598262, -23.5268551 ], [ 45.4421555, -23.4802631 ], [ 45.3971219, -23.470799 ], [ 45.3628351, -23.4294549 ], [ 45.3213051, -23.4686903 ], [ 45.2394932, -23.4672365 ], [ 45.2002233, -23.4395685 ], [ 45.220545, -23.3882901 ], [ 45.2765792, -23.3629647 ], [ 45.3065385, -23.3006103 ], [ 45.3449838, -23.1185481 ], [ 45.3624034, -23.1154708 ], [ 45.362522, -22.9993447 ], [ 45.3964405, -22.8757274 ], [ 45.4656648, -22.847252 ], [ 45.5158277, -22.8055695 ], [ 45.6476208, -22.7401893 ], [ 45.6804178, -22.7425443 ], [ 45.8554806, -22.6787887 ], [ 45.9997596, -22.6989538 ], [ 46.0786218, -22.745152 ], [ 46.0857546, -22.7923072 ], [ 46.2188099, -22.8631022 ], [ 46.2832881, -22.9984815 ] ] ] ] } },
{ "type": "Feature", "properties": { "POLYGON_ID": "MDG_GAUL2014_ADM2_154537", "ADM0_ISO3": "MDG", "ADM0_NAME": "Madagascar", "ADM0_CODE": 150, "ADM1_NAME": "Anosy", "ADM1_CODE": 41755, "ADM2_NAME": "Taolagnaro", "ADM2_CODE": 154537, "GEOSET": "GAUL", "GEOSET_YEAR": 2014.0, "GEOSET_VERSION": "GAUL_v1", "GEOSET_UNIT": "ADM2", "CENTROID_LONG": 46.961906000063834, "CENTROID_LAT": -24.634161855313231 }, "geometry": { "type": "MultiPolygon", "coordinates": [ [ [ [ 47.4152255, -24.1396397 ], [ 47.3057985, -24.4246192 ], [ 47.3055411, -24.4654 ], [ 47.2255715, -24.6676356 ], [ 47.1943741, -24.7155345 ], [ 47.1926467, -24.7912449 ], [ 47.1308019, -24.8517471 ], [ 47.1389507, -24.9212703 ], [ 47.0878147, -24.9731516 ], [ 46.999228, -25.0013563 ], [ 46.9577252, -25.0612794 ], [ 46.9052667, -25.072034 ], [ 46.8062131, -25.1211052 ], [ 46.7671927, -25.1588893 ], [ 46.6312284, -25.1988019 ], [ 46.5084596, -25.1647893 ], [ 46.48137, -25.11722 ], [ 46.5652023, -25.0580962 ], [ 46.5262757, -25.0281079 ], [ 46.5601296, -24.900751 ], [ 46.5562583, -24.8293961 ], [ 46.5339378, -24.7782404 ], [ 46.5481374, -24.7219089 ], [ 46.6990718, -24.6513494 ], [ 46.6997866, -24.5921953 ], [ 46.7617163, -24.5741856 ], [ 46.8351179, -24.5073491 ], [ 46.8695369, -24.4340883 ], [ 46.9000951, -24.3226166 ], [ 46.8871227, -24.2970494 ], [ 46.9768419, -24.2793652 ], [ 47.0391338, -24.2190512 ], [ 47.0263512, -24.1026559 ], [ 47.1115997, -24.0774247 ], [ 47.1313459, -24.030217 ], [ 47.1229738, -23.975418 ], [ 47.214244, -23.9997375 ], [ 47.2824849, -24.0645357 ], [ 47.3812772, -24.0983475 ], [ 47.4152255, -24.1396397 ] ] ] ] } },
{ "type": "Feature", "properties": { "POLYGON_ID": "MDG_GAUL2014_ADM2_154538", "ADM0_ISO3": "MDG", "ADM0_NAME": "Madagascar", "ADM0_CODE": 150, "ADM1_NAME": "Atsimo Andrefana", "ADM1_CODE": 41756, "ADM2_NAME": "Ampanihy Ouest", "ADM2_CODE": 154538, "GEOSET": "GAUL", "GEOSET_YEAR": 2014.0, "GEOSET_VERSION": "GAUL_v1", "GEOSET_UNIT": "ADM2", "CENTROID_LONG": 44.481663937406942, "CENTROID_LAT": -24.522783321161832 }, "geometry": { "type": "MultiPolygon", "coordinates": [ [ [ [ 45.082569, -23.8894437 ], [ 45.169281, -23.9053501 ], [ 45.1853309, -23.9803522 ], [ 45.147141, -24.087015 ], [ 45.1503142, -24.1748483 ], [ 45.068214, -24.2758625 ], [ 45.0523542, -24.4095106 ], [ 45.0964798, -24.5187365 ], [ 45.0772784, -24.5773744 ], [ 45.0533565, -24.6168184 ], [ 45.0685688, -24.658837 ], [ 45.0451194, -24.7474169 ], [ 44.9750618, -24.7789289 ], [ 44.9654603, -24.8324434 ], [ 44.9127856, -24.8853397 ], [ 44.8085241, -24.9375968 ], [ 44.7172196, -25.0250496 ], [ 44.5180065, -25.1858366 ], [ 44.4967938, -25.2419327 ], [ 44.5176917, -25.2898436 ], [ 44.3505296, -25.2641774 ], [ 44.3546202, -25.2228383 ], [ 44.3136505, -25.1687429 ], [ 44.1922215, -25.0789364 ], [ 44.1135532, -25.0802462 ], [ 44.0219998, -24.9838634 ], [ 44.0373471, -24.9640983 ], [ 44.0173046, -24.8683293 ], [ 43.9563728, -24.8133015 ], [ 43.9201046, -24.7358348 ], [ 43.943214, -24.6887736 ], [ 43.9161852, -24.6024902 ], [ 43.8162433, -24.4987912 ], [ 43.7633989, -24.4667118 ], [ 43.6962079, -24.3971742 ], [ 43.6704719, -24.3320952 ], [ 43.66614, -24.2155268 ], [ 43.7236265, -24.2296248 ], [ 43.9967029, -24.1959761 ], [ 44.0565792, -24.1558618 ], [ 44.1629165, -24.167328 ], [ 44.2251248, -24.0900405 ], [ 44.3676324, -24.0187321 ], [ 44.4862895, -24.0364978 ], [ 44.5355855, -23.9879549 ], [ 44.6135862, -24.0002727 ], [ 44.6740254, -23.9605005 ], [ 44.8124085, -23.9655031 ], [ 44.8605523, -23.9324668 ], [ 44.99277, -23.98657 ], [ 45.07298, -23.96357 ], [ 45.082569, -23.8894437 ] ] ] ] } },
{ "type": "Feature", "properties": { "POLYGON_ID": "MDG_GAUL2014_ADM2_154539", "ADM0_ISO3": "MDG", "ADM0_NAME": "Madagascar", "ADM0_CODE": 150, "ADM1_NAME": "Atsimo Andrefana", "ADM1_CODE": 41756, "ADM2_NAME": "Ankazoabo", "ADM2_CODE": 154539, "GEOSET": "GAUL", "GEOSET_YEAR": 2014.0, "GEOSET_VERSION": "GAUL_v1", "GEOSET_UNIT": "ADM2", "CENTROID_LONG": 44.680359801101496, "CENTROID_LAT": -22.168374390092008 }, "geometry": { "type": "MultiPolygon", "coordinates": [ [ [ [ 45.2652445, -22.065477 ], [ 45.3037582, -22.1520152 ], [ 45.2765532, -22.2351855 ], [ 45.2436381, -22.2377707 ], [ 45.2234312, -22.3049274 ], [ 45.2359154, -22.3534282 ], [ 45.1562982, -22.4794834 ], [ 45.1160842, -22.4898841 ], [ 45.0773847, -22.5569083 ], [ 45.0510795, -22.4999428 ], [ 44.9445257, -22.4420298 ], [ 44.9147406, -22.4598372 ], [ 44.8274877, -22.4614386 ], [ 44.773371, -22.4272277 ], [ 44.7236821, -22.4404672 ], [ 44.7016079, -22.4882801 ], [ 44.6494844, -22.5323234 ], [ 44.62463, -22.48298 ], [ 44.5500126, -22.5280212 ], [ 44.4888371, -22.4793491 ], [ 44.3711784, -22.5292085 ], [ 44.3222312, -22.5205078 ], [ 44.2983027, -22.4809756 ], [ 44.2349765, -22.4765569 ], [ 44.1522493, -22.5214245 ], [ 44.0965036, -22.4285819 ], [ 44.1249288, -22.3928821 ], [ 44.1143863, -22.333703 ], [ 44.164698, -22.3068674 ], [ 44.2358742, -22.1124609 ], [ 44.2441251, -21.9945699 ], [ 44.300859, -21.9642086 ], [ 44.2588042, -21.8602114 ], [ 44.2807315, -21.816506 ], [ 44.3418009, -21.8391883 ], [ 44.4317261, -21.8375171 ], [ 44.5397671, -21.7943533 ], [ 44.6133511, -21.7485464 ], [ 44.75012, -21.73443 ], [ 44.865809, -21.7318732 ], [ 44.9340778, -21.7068976 ], [ 44.9641593, -21.9195353 ], [ 44.9434338, -21.9401379 ], [ 44.9088636, -22.046129 ], [ 44.9485, -22.03403 ], [ 45.0862835, -22.039367 ], [ 45.2124567, -22.0987065 ], [ 45.2652445, -22.065477 ] ] ] ] } },
{ "type": "Feature", "properties": { "POLYGON_ID": "MDG_GAUL2014_ADM2_154540", "ADM0_ISO3": "MDG", "ADM0_NAME": "Madagascar", "ADM0_CODE": 150, "ADM1_NAME": "Atsimo Andrefana", "ADM1_CODE": 41756, "ADM2_NAME": "Benenitra", "ADM2_CODE": 154540, "GEOSET": "GAUL", "GEOSET_YEAR": 2014.0, "GEOSET_VERSION": "GAUL_v1", "GEOSET_UNIT": "ADM2", "CENTROID_LONG": 45.085985445480794, "CENTROID_LAT": -23.401014996959894 }, "geometry": { "type": "MultiPolygon", "coordinates": [ [ [ [ 45.3449838, -23.1185481 ], [ 45.3065385, -23.3006103 ], [ 45.2765792, -23.3629647 ], [ 45.220545, -23.3882901 ], [ 45.2002233, -23.4395685 ], [ 45.2394932, -23.4672365 ], [ 45.3213051, -23.4686903 ], [ 45.3628351, -23.4294549 ], [ 45.3971219, -23.470799 ], [ 45.4421555, -23.4802631 ], [ 45.4598262, -23.5268551 ], [ 45.4056916, -23.6240342 ], [ 45.447065, -23.6552653 ], [ 45.4287618, -23.7644229 ], [ 45.3304837, -23.7874593 ], [ 45.2509457, -23.7610268 ], [ 45.2570922, -23.8062159 ], [ 45.2081796, -23.8210963 ], [ 45.169281, -23.9053501 ], [ 45.082569, -23.8894437 ], [ 45.0764196, -23.8267397 ], [ 45.13775, -23.79728 ], [ 45.1344, -23.74217 ], [ 45.1025687, -23.7127819 ], [ 45.1296, -23.66242 ], [ 45.09408, -23.63797 ], [ 45.036386, -23.6533262 ], [ 44.9349407, -23.6549937 ], [ 44.8939761, -23.619588 ], [ 44.8901732, -23.5506467 ], [ 44.8267976, -23.4740445 ], [ 44.733713, -23.3955187 ], [ 44.7527269, -23.3383221 ], [ 44.751898, -23.2470239 ], [ 44.663702, -23.2207115 ], [ 44.6702323, -23.1640603 ], [ 44.7000934, -23.1408127 ], [ 44.7631791, -23.1505919 ], [ 44.8384989, -23.0635671 ], [ 44.9142955, -23.0227538 ], [ 44.9722498, -23.0210262 ], [ 45.0034766, -22.9937998 ], [ 45.075226, -23.0528145 ], [ 45.1299251, -23.0499871 ], [ 45.3449838, -23.1185481 ] ] ] ] } },
{ "type": "Feature", "properties": { "POLYGON_ID": "MDG_GAUL2014_ADM2_154541", "ADM0_ISO3": "MDG", "ADM0_NAME": "Madagascar", "ADM0_CODE": 150, "ADM1_NAME": "Atsimo Andrefana", "ADM1_CODE": 41756, "ADM2_NAME": "Beroroha", "ADM2_CODE": 154541, "GEOSET": "GAUL", "GEOSET_YEAR": 2014.0, "GEOSET_VERSION": "GAUL_v1", "GEOSET_UNIT": "ADM2", "CENTROID_LONG": 45.202390487654263, "CENTROID_LAT": -21.486562539687686 }, "geometry": { "type": "MultiPolygon", "coordinates": [ [ [ [ 45.775699, -20.9257645 ], [ 45.7919753, -21.0189372 ], [ 45.7357063, -21.0753868 ], [ 45.7555473, -21.1954941 ], [ 45.7409263, -21.2452727 ], [ 45.6577915, -21.269465 ], [ 45.5844289, -21.3193392 ], [ 45.5627782, -21.4303444 ], [ 45.5336638, -21.4507806 ], [ 45.5216029, -21.5071697 ], [ 45.5483843, -21.6192132 ], [ 45.5396635, -21.6797547 ], [ 45.4792536, -21.6706879 ], [ 45.4060095, -21.7145016 ], [ 45.3498727, -21.7848724 ], [ 45.352228, -21.8598865 ], [ 45.3239632, -21.9007216 ], [ 45.2762933, -21.8887229 ], [ 45.2029795, -21.8993502 ], [ 45.2158287, -21.9691265 ], [ 45.2808602, -22.0011321 ], [ 45.2652445, -22.065477 ], [ 45.2124567, -22.0987065 ], [ 45.0862835, -22.039367 ], [ 44.9485, -22.03403 ], [ 44.9088636, -22.046129 ], [ 44.9434338, -21.9401379 ], [ 44.9641593, -21.9195353 ], [ 44.9340778, -21.7068976 ], [ 44.865809, -21.7318732 ], [ 44.75012, -21.73443 ], [ 44.7542862, -21.6655602 ], [ 44.6809843, -21.5552166 ], [ 44.6978343, -21.380079 ], [ 44.6815175, -21.3299193 ], [ 44.7125193, -21.2497836 ], [ 44.763552, -21.2081678 ], [ 44.7954554, -21.1961352 ], [ 44.9079109, -21.2279461 ], [ 44.9410525, -21.2872162 ], [ 45.0195373, -21.2969826 ], [ 45.0989564, -21.2851474 ], [ 45.1176557, -21.2309312 ], [ 45.2265312, -21.1470647 ], [ 45.3284956, -21.1561883 ], [ 45.3685168, -21.1402086 ], [ 45.4530936, -21.0498949 ], [ 45.4862402, -21.0426435 ], [ 45.5069299, -20.977603 ], [ 45.5688509, -20.9913307 ], [ 45.647799, -20.9841429 ], [ 45.6848189, -20.9101004 ], [ 45.775699, -20.9257645 ] ] ] ] } },
{ "type": "Feature", "properties": { "POLYGON_ID": "MDG_GAUL2014_ADM2_154542", "ADM0_ISO3": "MDG", "ADM0_NAME": "Madagascar", "ADM0_CODE": 150, "ADM1_NAME": "Atsimo Andrefana", "ADM1_CODE": 41756, "ADM2_NAME": "Betioky Atsimo", "ADM2_CODE": 154542, "GEOSET": "GAUL", "GEOSET_YEAR": 2014.0, "GEOSET_VERSION": "GAUL_v1", "GEOSET_UNIT": "ADM2", "CENTROID_LONG": 44.495822674429313, "CENTROID_LAT": -23.678260444580349 }, "geometry": { "type": "MultiPolygon", "coordinates": [ [ [ [ 44.663702, -23.2207115 ], [ 44.751898, -23.2470239 ], [ 44.7527269, -23.3383221 ], [ 44.733713, -23.3955187 ], [ 44.8267976, -23.4740445 ], [ 44.8901732, -23.5506467 ], [ 44.8939761, -23.619588 ], [ 44.9349407, -23.6549937 ], [ 45.036386, -23.6533262 ], [ 45.09408, -23.63797 ], [ 45.1296, -23.66242 ], [ 45.1025687, -23.7127819 ], [ 45.1344, -23.74217 ], [ 45.13775, -23.79728 ], [ 45.0764196, -23.8267397 ], [ 45.082569, -23.8894437 ], [ 45.07298, -23.96357 ], [ 44.99277, -23.98657 ], [ 44.8605523, -23.9324668 ], [ 44.8124085, -23.9655031 ], [ 44.6740254, -23.9605005 ], [ 44.6135862, -24.0002727 ], [ 44.5355855, -23.9879549 ], [ 44.4862895, -24.0364978 ], [ 44.3676324, -24.0187321 ], [ 44.2251248, -24.0900405 ], [ 44.1629165, -24.167328 ], [ 44.0565792, -24.1558618 ], [ 43.9967029, -24.1959761 ], [ 44.0064313, -24.1126965 ], [ 44.0305549, -24.0509233 ], [ 44.067815, -24.0210215 ], [ 44.0996464, -23.9553881 ], [ 44.1699403, -23.9587922 ], [ 44.1770166, -23.8968382 ], [ 44.1043841, -23.8279783 ], [ 43.9289325, -23.8721924 ], [ 43.9624518, -23.6944254 ], [ 44.0488128, -23.6020915 ], [ 44.0656818, -23.5587467 ], [ 44.1257748, -23.5862814 ], [ 44.1544346, -23.514226 ], [ 44.1289806, -23.4521191 ], [ 44.1781457, -23.4350957 ], [ 44.1456097, -23.3826432 ], [ 44.13532, -23.31893 ], [ 44.1959288, -23.2917765 ], [ 44.2397413, -23.2298467 ], [ 44.2933263, -23.190405 ], [ 44.3225499, -23.2344946 ], [ 44.4113302, -23.2493583 ], [ 44.5352697, -23.1936814 ], [ 44.576615, -23.2289028 ], [ 44.663702, -23.2207115 ] ] ] ] } },
{ "type": "Feature", "properties": { "POLYGON_ID": "MDG_GAUL2014_ADM2_154543", "ADM0_ISO3": "MDG", "ADM0_NAME": "Madagascar", "ADM0_CODE": 150, "ADM1_NAME": "Atsimo Andrefana", "ADM1_CODE": 41756, "ADM2_NAME": "Morombe", "ADM2_CODE": 154543, "GEOSET": "GAUL", "GEOSET_YEAR": 2014.0, "GEOSET_VERSION": "GAUL_v1", "GEOSET_UNIT": "ADM2", "CENTROID_LONG": 43.717237126194092, "CENTROID_LAT": -22.030617528431616 }, "geometry": { "type": "MultiPolygon", "coordinates": [ [ [ [ 43.568149, -21.3272927 ], [ 43.5967113, -21.3626961 ], [ 43.6015184, -21.4355551 ], [ 43.6389751, -21.4507618 ], [ 43.7363081, -21.5746368 ], [ 43.7722713, -21.7070203 ], [ 43.8422015, -21.7838416 ], [ 43.8802051, -21.8663661 ], [ 43.9954666, -21.9073825 ], [ 44.0521486, -21.8921615 ], [ 44.083037, -21.8408755 ], [ 44.1788953, -21.8013101 ], [ 44.2216696, -21.8127918 ], [ 44.2588042, -21.8602114 ], [ 44.300859, -21.9642086 ], [ 44.2441251, -21.9945699 ], [ 44.2358742, -22.1124609 ], [ 44.164698, -22.3068674 ], [ 44.1143863, -22.333703 ], [ 44.1249288, -22.3928821 ], [ 44.0965036, -22.4285819 ], [ 44.0348389, -22.4045878 ], [ 43.9572203, -22.4470924 ], [ 43.8720326, -22.4296752 ], [ 43.7084793, -22.4038656 ], [ 43.6358965, -22.3324892 ], [ 43.54632, -22.38625 ], [ 43.4352523, -22.3704861 ], [ 43.3794545, -22.4210532 ], [ 43.2700537, -22.4388284 ], [ 43.2611467, -22.372537 ], [ 43.2279713, -22.326105 ], [ 43.2207243, -22.2539573 ], [ 43.2367213, -22.224017 ], [ 43.3158389, -22.2081246 ], [ 43.2951312, -22.1373821 ], [ 43.2362913, -22.1588924 ], [ 43.2394225, -22.0513355 ], [ 43.2633255, -21.9931613 ], [ 43.3336724, -21.9606856 ], [ 43.3535293, -21.9016817 ], [ 43.3613386, -21.8096056 ], [ 43.3480147, -21.7506836 ], [ 43.426805, -21.6707195 ], [ 43.5072863, -21.6912852 ], [ 43.4803634, -21.6229095 ], [ 43.5070648, -21.552012 ], [ 43.4853451, -21.4704668 ], [ 43.5109962, -21.3818808 ], [ 43.5666938, -21.3260074 ], [ 43.5668083, -21.3261085 ], [ 43.568149, -21.3272927 ] ] ] ] } },
{ "type": "Feature", "properties": { "POLYGON_ID": "MDG_GAUL2014_ADM2_154544", "ADM0_ISO3": "MDG", "ADM0_NAME": "Madagascar", "ADM0_CODE": 150, "ADM1_NAME": "Atsimo Andrefana", "ADM1_CODE": 41756, "ADM2_NAME": "Sakaraha", "ADM2_CODE": 154544, "GEOSET": "GAUL", "GEOSET_YEAR": 2014.0, "GEOSET_VERSION": "GAUL_v1", "GEOSET_UNIT": "ADM2", "CENTROID_LONG": 44.44060354692747, "CENTROID_LAT": -22.785760354164857 }, "geometry": { "type": "MultiPolygon", "coordinates": [ [ [ [ 44.0965036, -22.4285819 ], [ 44.1522493, -22.5214245 ], [ 44.2349765, -22.4765569 ], [ 44.2983027, -22.4809756 ], [ 44.3222312, -22.5205078 ], [ 44.3711784, -22.5292085 ], [ 44.4888371, -22.4793491 ], [ 44.5500126, -22.5280212 ], [ 44.62463, -22.48298 ], [ 44.6494844, -22.5323234 ], [ 44.7016079, -22.4882801 ], [ 44.7236821, -22.4404672 ], [ 44.773371, -22.4272277 ], [ 44.8274877, -22.4614386 ], [ 44.9147406, -22.4598372 ], [ 44.9445257, -22.4420298 ], [ 45.0510795, -22.4999428 ], [ 45.0773847, -22.5569083 ], [ 45.0665628, -22.6342538 ], [ 45.0280953, -22.6796944 ], [ 45.0459724, -22.7407105 ], [ 45.0189332, -22.7690378 ], [ 45.0596017, -22.8160721 ], [ 45.069663, -22.8955413 ], [ 44.9889306, -22.9113192 ], [ 44.9777304, -22.9494022 ], [ 45.0034766, -22.9937998 ], [ 44.9722498, -23.0210262 ], [ 44.9142955, -23.0227538 ], [ 44.8384989, -23.0635671 ], [ 44.7631791, -23.1505919 ], [ 44.7000934, -23.1408127 ], [ 44.6702323, -23.1640603 ], [ 44.663702, -23.2207115 ], [ 44.576615, -23.2289028 ], [ 44.5352697, -23.1936814 ], [ 44.4113302, -23.2493583 ], [ 44.3225499, -23.2344946 ], [ 44.2933263, -23.190405 ], [ 44.329473, -23.147649 ], [ 44.2923272, -23.1078457 ], [ 44.1993329, -23.0665636 ], [ 44.156042, -23.0056779 ], [ 44.1060263, -22.9685007 ], [ 44.100117, -22.9231761 ], [ 43.9693004, -22.8505815 ], [ 43.9000952, -22.9045401 ], [ 43.7728008, -22.9187069 ], [ 43.675062, -22.9539965 ], [ 43.6596314, -22.9084392 ], [ 43.6766485, -22.8465217 ], [ 43.6749314, -22.7769098 ], [ 43.7384671, -22.7586276 ], [ 43.8716359, -22.6917906 ], [ 43.8306391, -22.6431592 ], [ 43.8227784, -22.4889362 ], [ 43.8720326, -22.4296752 ], [ 43.9572203, -22.4470924 ], [ 44.0348389, -22.4045878 ], [ 44.0965036, -22.4285819 ] ] ] ] } },
{ "type": "Feature", "properties": { "POLYGON_ID": "MDG_GAUL2014_ADM2_154545", "ADM0_ISO3": "MDG", "ADM0_NAME": "Madagascar", "ADM0_CODE": 150, "ADM1_NAME": "Atsimo Andrefana", "ADM1_CODE": 41756, "ADM2_NAME": "Toliary-I", "ADM2_CODE": 154545, "GEOSET": "GAUL", "GEOSET_YEAR": 2014.0, "GEOSET_VERSION": "GAUL_v1", "GEOSET_UNIT": "ADM2", "CENTROID_LONG": 43.651598682964945, "CENTROID_LAT": -23.340590371371814 }, "geometry": { "type": "MultiPolygon", "coordinates": [ [ [ [ 43.6880567, -23.3827667 ], [ 43.6401493, -23.3626399 ], [ 43.6194088, -23.3162346 ], [ 43.6513642, -23.3003751 ], [ 43.6880567, -23.3827667 ] ] ] ] } },
{ "type": "Feature", "properties": { "POLYGON_ID": "MDG_GAUL2014_ADM2_154546", "ADM0_ISO3": "MDG", "ADM0_NAME": "Madagascar", "ADM0_CODE": 150, "ADM1_NAME": "Atsimo Andrefana", "ADM1_CODE": 41756, "ADM2_NAME": "Toliary-II", "ADM2_CODE": 154546, "GEOSET": "GAUL", "GEOSET_YEAR": 2014.0, "GEOSET_VERSION": "GAUL_v1", "GEOSET_UNIT": "ADM2", "CENTROID_LONG": 43.794236772820767, "CENTROID_LAT": -23.231666090622927 }, "geometry": { "type": "MultiPolygon", "coordinates": [ [ [ [ 43.8720326, -22.4296752 ], [ 43.8227784, -22.4889362 ], [ 43.8306391, -22.6431592 ], [ 43.8716359, -22.6917906 ], [ 43.7384671, -22.7586276 ], [ 43.6749314, -22.7769098 ], [ 43.6766485, -22.8465217 ], [ 43.6596314, -22.9084392 ], [ 43.675062, -22.9539965 ], [ 43.7728008, -22.9187069 ], [ 43.9000952, -22.9045401 ], [ 43.9693004, -22.8505815 ], [ 44.100117, -22.9231761 ], [ 44.1060263, -22.9685007 ], [ 44.156042, -23.0056779 ], [ 44.1993329, -23.0665636 ], [ 44.2923272, -23.1078457 ], [ 44.329473, -23.147649 ], [ 44.2933263, -23.190405 ], [ 44.2397413, -23.2298467 ], [ 44.1959288, -23.2917765 ], [ 44.13532, -23.31893 ], [ 44.1456097, -23.3826432 ], [ 44.1781457, -23.4350957 ], [ 44.1289806, -23.4521191 ], [ 44.1544346, -23.514226 ], [ 44.1257748, -23.5862814 ], [ 44.0656818, -23.5587467 ], [ 44.0488128, -23.6020915 ], [ 43.9624518, -23.6944254 ], [ 43.9289325, -23.8721924 ], [ 44.1043841, -23.8279783 ], [ 44.1770166, -23.8968382 ], [ 44.1699403, -23.9587922 ], [ 44.0996464, -23.9553881 ], [ 44.067815, -24.0210215 ], [ 44.0305549, -24.0509233 ], [ 44.0064313, -24.1126965 ], [ 43.9967029, -24.1959761 ], [ 43.7236265, -24.2296248 ], [ 43.66614, -24.2155268 ], [ 43.6771495, -24.0390114 ], [ 43.6638074, -24.0013192 ], [ 43.6743227, -23.8902606 ], [ 43.6406734, -23.7622716 ], [ 43.6573675, -23.6143418 ], [ 43.7279569, -23.5934806 ], [ 43.7665008, -23.4621387 ], [ 43.6880567, -23.3827667 ], [ 43.6513642, -23.3003751 ], [ 43.6194088, -23.3162346 ], [ 43.6206459, -23.2297268 ], [ 43.592472, -23.0669583 ], [ 43.4469619, -22.9519689 ], [ 43.4372194, -22.9195903 ], [ 43.370771, -22.8452878 ], [ 43.3300624, -22.6830912 ], [ 43.2837404, -22.5539178 ], [ 43.2885638, -22.4934923 ], [ 43.2700537, -22.4388284 ], [ 43.3794545, -22.4210532 ], [ 43.4352523, -22.3704861 ], [ 43.54632, -22.38625 ], [ 43.6358965, -22.3324892 ], [ 43.7084793, -22.4038656 ], [ 43.8720326, -22.4296752 ] ] ] ] } },
{ "type": "Feature", "properties": { "POLYGON_ID": "MDG_GAUL2014_ADM2_154547", "ADM0_ISO3": "MDG", "ADM0_NAME": "Madagascar", "ADM0_CODE": 150, "ADM1_NAME": "Atsimo Atsinanana", "ADM1_CODE": 41757, "ADM2_NAME": "Befotaka", "ADM2_CODE": 154547, "GEOSET": "GAUL", "GEOSET_YEAR": 2014.0, "GEOSET_VERSION": "GAUL_v1", "GEOSET_UNIT": "ADM2", "CENTROID_LONG": 46.813855364910772, "CENTROID_LAT": -23.885830151170527 }, "geometry": { "type": "MultiPolygon", "coordinates": [ [ [ [ 46.8535013, -23.5914799 ], [ 46.8875173, -23.6206084 ], [ 46.8927864, -23.7312572 ], [ 46.9439916, -23.7882425 ], [ 47.0142872, -23.7261183 ], [ 47.0997523, -23.7462864 ], [ 47.1577823, -23.7249689 ], [ 47.1453325, -23.8243595 ], [ 47.1818121, -23.8689915 ], [ 47.1425453, -23.8888492 ], [ 47.1229738, -23.975418 ], [ 47.1313459, -24.030217 ], [ 47.1115997, -24.0774247 ], [ 47.0263512, -24.1026559 ], [ 47.0391338, -24.2190512 ], [ 46.9768419, -24.2793652 ], [ 46.8871227, -24.2970494 ], [ 46.8731531, -24.2107237 ], [ 46.8832213, -24.1600663 ], [ 46.852741, -24.1138469 ], [ 46.7830161, -24.1195862 ], [ 46.7346701, -24.0961343 ], [ 46.706074, -24.0294512 ], [ 46.7180803, -24.0000051 ], [ 46.6134401, -23.9437847 ], [ 46.5287097, -23.9362409 ], [ 46.4746097, -23.8679663 ], [ 46.3961772, -23.8292732 ], [ 46.393544, -23.811093 ], [ 46.4548564, -23.6723925 ], [ 46.5001332, -23.6163576 ], [ 46.5385357, -23.590902 ], [ 46.595358, -23.5995205 ], [ 46.6615735, -23.6498266 ], [ 46.7873706, -23.6357057 ], [ 46.8535013, -23.5914799 ] ] ] ] } },
{ "type": "Feature", "properties": { "POLYGON_ID": "MDG_GAUL2014_ADM2_154548", "ADM0_ISO3": "MDG", "ADM0_NAME": "Madagascar", "ADM0_CODE": 150, "ADM1_NAME": "Atsimo Atsinanana", "ADM1_CODE": 41757, "ADM2_NAME": "Farafangana", "ADM2_CODE": 154548, "GEOSET": "GAUL", "GEOSET_YEAR": 2014.0, "GEOSET_VERSION": "GAUL_v1", "GEOSET_UNIT": "ADM2", "CENTROID_LONG": 47.659169687720137, "CENTROID_LAT": -22.806467172502771 }, "geometry": { "type": "MultiPolygon", "coordinates": [ [ [ [ 47.8921391, -22.4932751 ], [ 47.8609752, -22.6611648 ], [ 47.8561395, -22.7502991 ], [ 47.8066246, -22.9788996 ], [ 47.7707521, -23.0715106 ], [ 47.7417906, -23.2213849 ], [ 47.63792, -23.17665 ], [ 47.58485, -23.17607 ], [ 47.54542, -23.13532 ], [ 47.4828816, -23.1206348 ], [ 47.4542677, -23.0334798 ], [ 47.42142, -22.988 ], [ 47.4531977, -22.9456501 ], [ 47.45372, -22.87267 ], [ 47.4980343, -22.8343943 ], [ 47.467676, -22.7678684 ], [ 47.49145, -22.70842 ], [ 47.4524626, -22.6299496 ], [ 47.5326131, -22.5627877 ], [ 47.52697, -22.5249 ], [ 47.5741036, -22.4963669 ], [ 47.5730925, -22.4404167 ], [ 47.6537453, -22.4472476 ], [ 47.6991513, -22.4993105 ], [ 47.7816922, -22.4393346 ], [ 47.8921391, -22.4932751 ] ] ] ] } },
{ "type": "Feature", "properties": { "POLYGON_ID": "MDG_GAUL2014_ADM2_154549", "ADM0_ISO3": "MDG", "ADM0_NAME": "Madagascar", "ADM0_CODE": 150, "ADM1_NAME": "Atsimo Atsinanana", "ADM1_CODE": 41757, "ADM2_NAME": "Midongy-Atsimo", "ADM2_CODE": 154549, "GEOSET": "GAUL", "GEOSET_YEAR": 2014.0, "GEOSET_VERSION": "GAUL_v1", "GEOSET_UNIT": "ADM2", "CENTROID_LONG": 46.99649471952609, "CENTROID_LAT": -23.342346716279188 }, "geometry": { "type": "MultiPolygon", "coordinates": [ [ [ [ 47.1370576, -23.005637 ], [ 47.1442685, -23.0479813 ], [ 47.07613, -23.1265 ], [ 47.10838, -23.24627 ], [ 47.1767188, -23.2422601 ], [ 47.1444353, -23.3416559 ], [ 47.1517, -23.41238 ], [ 47.1871107, -23.4544203 ], [ 47.1679015, -23.5836025 ], [ 47.1471249, -23.654228 ], [ 47.1577823, -23.7249689 ], [ 47.0997523, -23.7462864 ], [ 47.0142872, -23.7261183 ], [ 46.9439916, -23.7882425 ], [ 46.8927864, -23.7312572 ], [ 46.8875173, -23.6206084 ], [ 46.8535013, -23.5914799 ], [ 46.8325507, -23.5289367 ], [ 46.9050642, -23.4727197 ], [ 46.8721177, -23.3349248 ], [ 46.8694905, -23.2548836 ], [ 46.8279906, -23.1770215 ], [ 46.8660124, -23.1195349 ], [ 46.8516771, -23.0671813 ], [ 46.78173, -22.98713 ], [ 46.7800942, -22.9198396 ], [ 46.91596, -22.9252512 ], [ 46.9592628, -22.9202584 ], [ 47.0032439, -22.9753982 ], [ 47.0698959, -22.9544309 ], [ 47.0869913, -23.0003837 ], [ 47.1370576, -23.005637 ] ] ] ] } },
{ "type": "Feature", "properties": { "POLYGON_ID": "MDG_GAUL2014_ADM2_154550", "ADM0_ISO3": "MDG", "ADM0_NAME": "Madagascar", "ADM0_CODE": 150, "ADM1_NAME": "Atsimo Atsinanana", "ADM1_CODE": 41757, "ADM2_NAME": "Vangaindrano", "ADM2_CODE": 154550, "GEOSET": "GAUL", "GEOSET_YEAR": 2014.0, "GEOSET_VERSION": "GAUL_v1", "GEOSET_UNIT": "ADM2", "CENTROID_LONG": 47.398170562609359, "CENTROID_LAT": -23.558980502441671 }, "geometry": { "type": "MultiPolygon", "coordinates": [ [ [ [ 47.7417906, -23.2213849 ], [ 47.7123492, -23.3256553 ], [ 47.647234, -23.4798474 ], [ 47.5954286, -23.7314957 ], [ 47.5920624, -23.7880753 ], [ 47.4924052, -24.0063972 ], [ 47.4152255, -24.1396397 ], [ 47.3812772, -24.0983475 ], [ 47.2824849, -24.0645357 ], [ 47.214244, -23.9997375 ], [ 47.1229738, -23.975418 ], [ 47.1425453, -23.8888492 ], [ 47.1818121, -23.8689915 ], [ 47.1453325, -23.8243595 ], [ 47.1577823, -23.7249689 ], [ 47.1471249, -23.654228 ], [ 47.1679015, -23.5836025 ], [ 47.1871107, -23.4544203 ], [ 47.1517, -23.41238 ], [ 47.1444353, -23.3416559 ], [ 47.1767188, -23.2422601 ], [ 47.24503, -23.22393 ], [ 47.23855, -23.13688 ], [ 47.2925891, -23.1006694 ], [ 47.4111805, -23.0646278 ], [ 47.4542677, -23.0334798 ], [ 47.4828816, -23.1206348 ], [ 47.54542, -23.13532 ], [ 47.58485, -23.17607 ], [ 47.63792, -23.17665 ], [ 47.7417906, -23.2213849 ] ] ] ] } },
{ "type": "Feature", "properties": { "POLYGON_ID": "MDG_GAUL2014_ADM2_154551", "ADM0_ISO3": "MDG", "ADM0_NAME": "Madagascar", "ADM0_CODE": 150, "ADM1_NAME": "Atsimo Atsinanana", "ADM1_CODE": 41757, "ADM2_NAME": "Vondrozo", "ADM2_CODE": 154551, "GEOSET": "GAUL", "GEOSET_YEAR": 2014.0, "GEOSET_VERSION": "GAUL_v1", "GEOSET_UNIT": "ADM2", "CENTROID_LONG": 47.306315496086391, "CENTROID_LAT": -22.688828788053137 }, "geometry": { "type": "MultiPolygon", "coordinates": [ [ [ [ 47.0948632, -22.136212 ], [ 47.1263843, -22.1864559 ], [ 47.2319001, -22.2207707 ], [ 47.2988517, -22.3214589 ], [ 47.3816793, -22.3178106 ], [ 47.4040863, -22.2404349 ], [ 47.432542, -22.2437534 ], [ 47.4171342, -22.2690406 ], [ 47.42918, -22.34447 ], [ 47.5730925, -22.4404167 ], [ 47.5741036, -22.4963669 ], [ 47.52697, -22.5249 ], [ 47.5326131, -22.5627877 ], [ 47.4524626, -22.6299496 ], [ 47.49145, -22.70842 ], [ 47.467676, -22.7678684 ], [ 47.4980343, -22.8343943 ], [ 47.45372, -22.87267 ], [ 47.4531977, -22.9456501 ], [ 47.42142, -22.988 ], [ 47.4542677, -23.0334798 ], [ 47.4111805, -23.0646278 ], [ 47.2925891, -23.1006694 ], [ 47.23855, -23.13688 ], [ 47.24503, -23.22393 ], [ 47.1767188, -23.2422601 ], [ 47.10838, -23.24627 ], [ 47.07613, -23.1265 ], [ 47.1442685, -23.0479813 ], [ 47.1370576, -23.005637 ], [ 47.1526534, -22.9482678 ], [ 47.2107403, -22.9204418 ], [ 47.2126677, -22.8046726 ], [ 47.1854268, -22.6970894 ], [ 47.2098215, -22.6784108 ], [ 47.2049604, -22.6152871 ], [ 47.1742478, -22.5918725 ], [ 47.1991174, -22.5095993 ], [ 47.1757398, -22.4202059 ], [ 47.189677, -22.3536814 ], [ 47.1174759, -22.3103634 ], [ 47.1016116, -22.2517505 ], [ 47.044953, -22.2068898 ], [ 47.0396423, -22.1630723 ], [ 47.0948632, -22.136212 ] ] ] ] } },
{ "type": "Feature", "properties": { "POLYGON_ID": "MDG_GAUL2014_ADM2_154552", "ADM0_ISO3": "MDG", "ADM0_NAME": "Madagascar", "ADM0_CODE": 150, "ADM1_NAME": "Atsinanana", "ADM1_CODE": 41758, "ADM2_NAME": "Antanambao Manampontsy", "ADM2_CODE": 154552, "GEOSET": "GAUL", "GEOSET_YEAR": 2014.0, "GEOSET_VERSION": "GAUL_v1", "GEOSET_UNIT": "ADM2", "CENTROID_LONG": 48.469984798826957, "CENTROID_LAT": -19.555184054390317 }, "geometry": { "type": "MultiPolygon", "coordinates": [ [ [ [ 48.5858139, -19.6860922 ], [ 48.5193782, -19.7363955 ], [ 48.4703511, -19.7173857 ], [ 48.4042261, -19.7293098 ], [ 48.37017, -19.82925 ], [ 48.2730712, -19.8112555 ], [ 48.3171977, -19.7552875 ], [ 48.303171, -19.688097 ], [ 48.3178473, -19.6465925 ], [ 48.3127928, -19.5460445 ], [ 48.3861873, -19.5418922 ], [ 48.4072185, -19.517508 ], [ 48.362171, -19.3597643 ], [ 48.3751371, -19.3069094 ], [ 48.4476203, -19.3429793 ], [ 48.531663, -19.3001705 ], [ 48.5681996, -19.3729342 ], [ 48.6058387, -19.3876674 ], [ 48.64992, -19.48563 ], [ 48.6215749, -19.5184859 ], [ 48.64595, -19.59545 ], [ 48.5858139, -19.6860922 ] ] ] ] } },
{ "type": "Feature", "properties": { "POLYGON_ID": "MDG_GAUL2014_ADM2_154553", "ADM0_ISO3": "MDG", "ADM0_NAME": "Madagascar", "ADM0_CODE": 150, "ADM1_NAME": "Atsinanana", "ADM1_CODE": 41758, "ADM2_NAME": "Brickaville", "ADM2_CODE": 154553, "GEOSET": "GAUL", "GEOSET_YEAR": 2014.0, "GEOSET_VERSION": "GAUL_v1", "GEOSET_UNIT": "ADM2", "CENTROID_LONG": 48.853469686023303, "CENTROID_LAT": -18.645063614905769 }, "geometry": { "type": "MultiPolygon", "coordinates": [ [ [ [ 49.2969879, -18.4802817 ], [ 49.2256834, -18.6470369 ], [ 49.1876811, -18.7598586 ], [ 49.0122725, -19.1879971 ], [ 48.8165208, -19.0300166 ], [ 48.7824523, -19.031861 ], [ 48.772188, -19.1211035 ], [ 48.7153121, -19.1449606 ], [ 48.6890331, -19.0771369 ], [ 48.6489386, -19.0446597 ], [ 48.6534711, -18.9821167 ], [ 48.62373, -18.93093 ], [ 48.6188378, -18.836955 ], [ 48.5460489, -18.8011199 ], [ 48.55195, -18.75428 ], [ 48.4863287, -18.6169448 ], [ 48.5250958, -18.5651576 ], [ 48.4989928, -18.5199247 ], [ 48.469649, -18.3935648 ], [ 48.4761511, -18.3616393 ], [ 48.5789646, -18.2394544 ], [ 48.6378309, -18.2539707 ], [ 48.7178913, -18.243791 ], [ 48.790629, -18.1855321 ], [ 48.7860644, -18.1547232 ], [ 48.8386323, -18.1752123 ], [ 48.9202459, -18.1724107 ], [ 48.9948612, -18.3263236 ], [ 49.0112286, -18.3914638 ], [ 49.0511994, -18.3670489 ], [ 49.1115167, -18.4243667 ], [ 49.17753, -18.4528106 ], [ 49.2487159, -18.4473173 ], [ 49.2969879, -18.4802817 ] ] ] ] } },
{ "type": "Feature", "properties": { "POLYGON_ID": "MDG_GAUL2014_ADM2_154554", "ADM0_ISO3": "MDG", "ADM0_NAME": "Madagascar", "ADM0_CODE": 150, "ADM1_NAME": "Atsinanana", "ADM1_CODE": 41758, "ADM2_NAME": "Mahanoro", "ADM2_CODE": 154554, "GEOSET": "GAUL", "GEOSET_YEAR": 2014.0, "GEOSET_VERSION": "GAUL_v1", "GEOSET_UNIT": "ADM2", "CENTROID_LONG": 48.518163578625966, "CENTROID_LAT": -20.033510411422562 }, "geometry": { "type": "MultiPolygon", "coordinates": [ [ [ [ 48.8543726, -19.6637691 ], [ 48.8199597, -19.8145596 ], [ 48.8128459, -19.929409 ], [ 48.7879547, -20.0020841 ], [ 48.688245, -20.2015647 ], [ 48.5984036, -20.4156073 ], [ 48.5611242, -20.4299124 ], [ 48.4453748, -20.406396 ], [ 48.3802725, -20.3639521 ], [ 48.3904273, -20.3035348 ], [ 48.3443861, -20.283863 ], [ 48.2986418, -20.315786 ], [ 48.2097971, -20.2729603 ], [ 48.1973631, -20.2115526 ], [ 48.1549742, -20.2166665 ], [ 48.1776103, -20.0892329 ], [ 48.2035611, -20.018449 ], [ 48.23998, -19.98722 ], [ 48.30408, -19.98187 ], [ 48.3111276, -19.9192042 ], [ 48.37017, -19.82925 ], [ 48.4042261, -19.7293098 ], [ 48.4703511, -19.7173857 ], [ 48.5193782, -19.7363955 ], [ 48.5858139, -19.6860922 ], [ 48.6001059, -19.6999807 ], [ 48.73473, -19.68533 ], [ 48.8193743, -19.6566425 ], [ 48.8543726, -19.6637691 ] ] ] ] } },
{ "type": "Feature", "properties": { "POLYGON_ID": "MDG_GAUL2014_ADM2_154555", "ADM0_ISO3": "MDG", "ADM0_NAME": "Madagascar", "ADM0_CODE": 150, "ADM1_NAME": "Atsinanana", "ADM1_CODE": 41758, "ADM2_NAME": "Marolambo", "ADM2_CODE": 154555, "GEOSET": "GAUL", "GEOSET_YEAR": 2014.0, "GEOSET_VERSION": "GAUL_v1", "GEOSET_UNIT": "ADM2", "CENTROID_LONG": 47.963280444475394, "CENTROID_LAT": -20.091343947356741 }, "geometry": { "type": "MultiPolygon", "coordinates": [ [ [ [ 48.2730712, -19.8112555 ], [ 48.37017, -19.82925 ], [ 48.3111276, -19.9192042 ], [ 48.30408, -19.98187 ], [ 48.23998, -19.98722 ], [ 48.2035611, -20.018449 ], [ 48.1776103, -20.0892329 ], [ 48.1549742, -20.2166665 ], [ 48.1448315, -20.2685999 ], [ 48.0771083, -20.391588 ], [ 48.075735, -20.4367725 ], [ 47.9665461, -20.4063753 ], [ 47.9409477, -20.4347569 ], [ 47.8846464, -20.4257706 ], [ 47.8433375, -20.4519511 ], [ 47.7685101, -20.4616866 ], [ 47.7200798, -20.4022254 ], [ 47.6726701, -20.3747322 ], [ 47.6874475, -20.3297408 ], [ 47.665064, -20.2491494 ], [ 47.6824431, -20.1746725 ], [ 47.7112087, -20.1382993 ], [ 47.7067004, -20.0593537 ], [ 47.7632633, -20.0316754 ], [ 47.6958989, -19.9379396 ], [ 47.7599339, -19.9068375 ], [ 47.79827, -19.83548 ], [ 47.8593268, -19.8163399 ], [ 47.8654574, -19.7687114 ], [ 47.9260104, -19.7591789 ], [ 48.0904961, -19.7746627 ], [ 48.1603132, -19.8101937 ], [ 48.2730712, -19.8112555 ] ] ] ] } },
{ "type": "Feature", "properties": { "POLYGON_ID": "MDG_GAUL2014_ADM2_154556", "ADM0_ISO3": "MDG", "ADM0_NAME": "Madagascar", "ADM0_CODE": 150, "ADM1_NAME": "Atsinanana", "ADM1_CODE": 41758, "ADM2_NAME": "Toamasina I", "ADM2_CODE": 154556, "GEOSET": "GAUL", "GEOSET_YEAR": 2014.0, "GEOSET_VERSION": "GAUL_v1", "GEOSET_UNIT": "ADM2", "CENTROID_LONG": 49.392726300121666, "CENTROID_LAT": -18.150411559814206 }, "geometry": { "type": "MultiPolygon", "coordinates": [ [ [ [ 49.402751, -18.1026152 ], [ 49.4184195, -18.1526617 ], [ 49.3836447, -18.1949852 ], [ 49.3655648, -18.1545916 ], [ 49.402751, -18.1026152 ] ] ] ] } },
{ "type": "Feature", "properties": { "POLYGON_ID": "MDG_GAUL2014_ADM2_154558", "ADM0_ISO3": "MDG", "ADM0_NAME": "Madagascar", "ADM0_CODE": 150, "ADM1_NAME": "Atsinanana", "ADM1_CODE": 41758, "ADM2_NAME": "Vatomandry", "ADM2_CODE": 154558, "GEOSET": "GAUL", "GEOSET_YEAR": 2014.0, "GEOSET_VERSION": "GAUL_v1", "GEOSET_UNIT": "ADM2", "CENTROID_LONG": 48.778234359064598, "CENTROID_LAT": -19.36404421935439 }, "geometry": { "type": "MultiPolygon", "coordinates": [ [ [ [ 49.0122725, -19.1879971 ], [ 48.9868159, -19.3281743 ], [ 48.885644, -19.5558721 ], [ 48.8543726, -19.6637691 ], [ 48.8193743, -19.6566425 ], [ 48.73473, -19.68533 ], [ 48.6001059, -19.6999807 ], [ 48.5858139, -19.6860922 ], [ 48.64595, -19.59545 ], [ 48.6215749, -19.5184859 ], [ 48.64992, -19.48563 ], [ 48.6058387, -19.3876674 ], [ 48.5681996, -19.3729342 ], [ 48.531663, -19.3001705 ], [ 48.5583865, -19.2928577 ], [ 48.5977048, -19.2231767 ], [ 48.5787827, -19.1696715 ], [ 48.6251571, -19.1528581 ], [ 48.66223, -19.1737 ], [ 48.7153121, -19.1449606 ], [ 48.772188, -19.1211035 ], [ 48.7824523, -19.031861 ], [ 48.8165208, -19.0300166 ], [ 49.0122725, -19.1879971 ] ] ] ] } },
{ "type": "Feature", "properties": { "POLYGON_ID": "MDG_GAUL2014_ADM2_154559", "ADM0_ISO3": "MDG", "ADM0_NAME": "Madagascar", "ADM0_CODE": 150, "ADM1_NAME": "Betsiboka", "ADM1_CODE": 41759, "ADM2_NAME": "Kandreho", "ADM2_CODE": 154559, "GEOSET": "GAUL", "GEOSET_YEAR": 2014.0, "GEOSET_VERSION": "GAUL_v1", "GEOSET_UNIT": "ADM2", "CENTROID_LONG": 46.051836845900098, "CENTROID_LAT": -17.406683175193113 }, "geometry": { "type": "MultiPolygon", "coordinates": [ [ [ [ 46.2908061, -17.2766468 ], [ 46.3182258, -17.3289916 ], [ 46.3672238, -17.358911 ], [ 46.3866571, -17.4349171 ], [ 46.4531442, -17.4497024 ], [ 46.4730706, -17.4975671 ], [ 46.4499188, -17.5626158 ], [ 46.480272, -17.6304857 ], [ 46.4413, -17.6911256 ], [ 46.4586063, -17.738794 ], [ 46.437242, -17.7676605 ], [ 46.302547, -17.8213176 ], [ 46.2463187, -17.8549828 ], [ 46.2149765, -17.8468189 ], [ 46.1421717, -17.9312814 ], [ 46.0159987, -17.9256018 ], [ 45.9445972, -17.8849627 ], [ 45.9712941, -17.813936 ], [ 45.9321575, -17.6055746 ], [ 45.9522973, -17.5466562 ], [ 45.8984904, -17.4316299 ], [ 45.7982409, -17.4662865 ], [ 45.6530258, -17.4546 ], [ 45.5944232, -17.4292618 ], [ 45.59928, -17.400458 ], [ 45.5700882, -17.3646967 ], [ 45.6528596, -17.3032327 ], [ 45.65915, -17.27973 ], [ 45.6127687, -17.2173859 ], [ 45.6164546, -17.1781478 ], [ 45.6653992, -17.1279346 ], [ 45.6795898, -17.0868127 ], [ 45.6795659, -16.951442 ], [ 45.773801, -16.9548532 ], [ 45.8909143, -17.0005442 ], [ 45.9505207, -16.9979898 ], [ 46.0202231, -16.9687577 ], [ 46.0727196, -16.9175652 ], [ 46.1160557, -16.9464113 ], [ 46.1349242, -17.0505722 ], [ 46.2131973, -17.1027013 ], [ 46.2614973, -17.0981165 ], [ 46.3052338, -17.2043847 ], [ 46.2908061, -17.2766468 ] ] ] ] } },
{ "type": "Feature", "properties": { "POLYGON_ID": "MDG_GAUL2014_ADM2_154560", "ADM0_ISO3": "MDG", "ADM0_NAME": "Madagascar", "ADM0_CODE": 150, "ADM1_NAME": "Betsiboka", "ADM1_CODE": 41759, "ADM2_NAME": "Maevatanana", "ADM2_CODE": 154560, "GEOSET": "GAUL", "GEOSET_YEAR": 2014.0, "GEOSET_VERSION": "GAUL_v1", "GEOSET_UNIT": "ADM2", "CENTROID_LONG": 46.891517188432154, "CENTROID_LAT": -17.239812640039208 }, "geometry": { "type": "MultiPolygon", "coordinates": [ [ [ [ 47.3080963, -16.709039 ], [ 47.3146078, -16.7493448 ], [ 47.2969006, -16.8413586 ], [ 47.31575, -16.87775 ], [ 47.32743, -16.9934 ], [ 47.26638, -16.99878 ], [ 47.2140611, -17.0335827 ], [ 47.1859944, -17.0788479 ], [ 47.0956444, -17.1385254 ], [ 47.167482, -17.2515515 ], [ 47.2423351, -17.2891751 ], [ 47.2601591, -17.3631133 ], [ 47.3161922, -17.4562434 ], [ 47.3413839, -17.5627372 ], [ 47.3889212, -17.6206365 ], [ 47.3859586, -17.7327359 ], [ 47.348925, -17.7774308 ], [ 47.2730554, -17.7495802 ], [ 47.1705987, -17.7647214 ], [ 47.1411244, -17.7994913 ], [ 47.0997874, -17.7858309 ], [ 47.0574639, -17.8270803 ], [ 47.0536827, -17.87223 ], [ 46.9810037, -17.8379249 ], [ 46.8580062, -17.8140796 ], [ 46.7967725, -17.8270531 ], [ 46.8021727, -17.7575845 ], [ 46.7799758, -17.7129986 ], [ 46.7317563, -17.7081941 ], [ 46.6332521, -17.7551759 ], [ 46.5456629, -17.7503962 ], [ 46.5045842, -17.7677786 ], [ 46.4586063, -17.738794 ], [ 46.4413, -17.6911256 ], [ 46.480272, -17.6304857 ], [ 46.4499188, -17.5626158 ], [ 46.4730706, -17.4975671 ], [ 46.4531442, -17.4497024 ], [ 46.3866571, -17.4349171 ], [ 46.3672238, -17.358911 ], [ 46.3182258, -17.3289916 ], [ 46.2908061, -17.2766468 ], [ 46.364857, -17.2688679 ], [ 46.4508898, -17.1855892 ], [ 46.4773219, -17.1227731 ], [ 46.4601576, -17.0661276 ], [ 46.4900158, -16.9883579 ], [ 46.5709768, -16.9911515 ], [ 46.6247057, -16.9004924 ], [ 46.6172325, -16.8387046 ], [ 46.6558835, -16.8014148 ], [ 46.6756255, -16.7137992 ], [ 46.6792605, -16.6224947 ], [ 46.7816606, -16.6126807 ], [ 46.859713, -16.6534169 ], [ 46.8953888, -16.6521435 ], [ 46.9400888, -16.602142 ], [ 47.00228, -16.56382 ], [ 47.10647, -16.57177 ], [ 47.182216, -16.6235063 ], [ 47.2241878, -16.6194434 ], [ 47.2914597, -16.658678 ], [ 47.3080963, -16.709039 ] ] ] ] } },
{ "type": "Feature", "properties": { "POLYGON_ID": "MDG_GAUL2014_ADM2_154561", "ADM0_ISO3": "MDG", "ADM0_NAME": "Madagascar", "ADM0_CODE": 150, "ADM1_NAME": "Betsiboka", "ADM1_CODE": 41759, "ADM2_NAME": "Tsaratanana", "ADM2_CODE": 154561, "GEOSET": "GAUL", "GEOSET_YEAR": 2014.0, "GEOSET_VERSION": "GAUL_v1", "GEOSET_UNIT": "ADM2", "CENTROID_LONG": 47.640300955226614, "CENTROID_LAT": -17.14314569285056 }, "geometry": { "type": "MultiPolygon", "coordinates": [ [ [ [ 47.4257825, -16.4176598 ], [ 47.5050885, -16.437486 ], [ 47.5555808, -16.4186023 ], [ 47.6371176, -16.4191174 ], [ 47.6714408, -16.4383735 ], [ 47.6662003, -16.4967902 ], [ 47.7630715, -16.5518991 ], [ 47.9045191, -16.5835559 ], [ 47.9496457, -16.6422157 ], [ 47.925578, -16.7271 ], [ 47.980355, -16.7788942 ], [ 48.0355233, -16.8892801 ], [ 48.066005, -16.9033812 ], [ 48.0527689, -16.98584 ], [ 48.1031705, -17.0556336 ], [ 48.1823597, -17.0632467 ], [ 48.1760218, -17.1528007 ], [ 48.1972878, -17.1832507 ], [ 48.1389638, -17.2605192 ], [ 48.1462558, -17.3140667 ], [ 48.1055645, -17.3339772 ], [ 48.0986368, -17.4134997 ], [ 48.0203064, -17.3945898 ], [ 47.9921111, -17.4488871 ], [ 47.9185301, -17.4800944 ], [ 47.9347937, -17.5313355 ], [ 48.0247513, -17.6448164 ], [ 47.9891402, -17.6940087 ], [ 47.9397542, -17.8596344 ], [ 47.9314171, -17.8796344 ], [ 47.89443, -17.86353 ], [ 47.8945879, -17.7974497 ], [ 47.8364181, -17.750756 ], [ 47.7437396, -17.778143 ], [ 47.6753323, -17.7664957 ], [ 47.6739347, -17.8093384 ], [ 47.6321745, -17.8558433 ], [ 47.6542, -17.90583 ], [ 47.550408, -17.9210855 ], [ 47.4874296, -17.9090813 ], [ 47.3770766, -17.8650846 ], [ 47.3427067, -17.8118104 ], [ 47.348925, -17.7774308 ], [ 47.3859586, -17.7327359 ], [ 47.3889212, -17.6206365 ], [ 47.3413839, -17.5627372 ], [ 47.3161922, -17.4562434 ], [ 47.2601591, -17.3631133 ], [ 47.2423351, -17.2891751 ], [ 47.167482, -17.2515515 ], [ 47.0956444, -17.1385254 ], [ 47.1859944, -17.0788479 ], [ 47.2140611, -17.0335827 ], [ 47.26638, -16.99878 ], [ 47.32743, -16.9934 ], [ 47.31575, -16.87775 ], [ 47.2969006, -16.8413586 ], [ 47.3146078, -16.7493448 ], [ 47.3080963, -16.709039 ], [ 47.3426151, -16.6537378 ], [ 47.3244398, -16.598485 ], [ 47.2848703, -16.5950068 ], [ 47.1720025, -16.5204624 ], [ 47.1648381, -16.5025951 ], [ 47.3362586, -16.339466 ], [ 47.4009745, -16.4135767 ], [ 47.4257825, -16.4176598 ] ] ] ] } },
{ "type": "Feature", "properties": { "POLYGON_ID": "MDG_GAUL2014_ADM2_154562", "ADM0_ISO3": "MDG", "ADM0_NAME": "Madagascar", "ADM0_CODE": 150, "ADM1_NAME": "Boeny", "ADM1_CODE": 41760, "ADM2_NAME": "Ambato Boeni", "ADM2_CODE": 154562, "GEOSET": "GAUL", "GEOSET_YEAR": 2014.0, "GEOSET_VERSION": "GAUL_v1", "GEOSET_UNIT": "ADM2", "CENTROID_LONG": 46.475946347139406, "CENTROID_LAT": -16.668989471349253 }, "geometry": { "type": "MultiPolygon", "coordinates": [ [ [ [ 47.2727525, -16.1601182 ], [ 47.2676154, -16.2184032 ], [ 47.2881187, -16.2523075 ], [ 47.3429274, -16.2506065 ], [ 47.3392969, -16.3203006 ], [ 47.3982081, -16.3216241 ], [ 47.4309692, -16.3509329 ], [ 47.4257825, -16.4176598 ], [ 47.4009745, -16.4135767 ], [ 47.3362586, -16.339466 ], [ 47.1648381, -16.5025951 ], [ 47.1720025, -16.5204624 ], [ 47.2848703, -16.5950068 ], [ 47.3244398, -16.598485 ], [ 47.3426151, -16.6537378 ], [ 47.3080963, -16.709039 ], [ 47.2914597, -16.658678 ], [ 47.2241878, -16.6194434 ], [ 47.182216, -16.6235063 ], [ 47.10647, -16.57177 ], [ 47.00228, -16.56382 ], [ 46.9400888, -16.602142 ], [ 46.8953888, -16.6521435 ], [ 46.859713, -16.6534169 ], [ 46.7816606, -16.6126807 ], [ 46.6792605, -16.6224947 ], [ 46.6756255, -16.7137992 ], [ 46.6558835, -16.8014148 ], [ 46.6172325, -16.8387046 ], [ 46.6247057, -16.9004924 ], [ 46.5709768, -16.9911515 ], [ 46.4900158, -16.9883579 ], [ 46.4601576, -17.0661276 ], [ 46.4773219, -17.1227731 ], [ 46.4508898, -17.1855892 ], [ 46.364857, -17.2688679 ], [ 46.2908061, -17.2766468 ], [ 46.3052338, -17.2043847 ], [ 46.2614973, -17.0981165 ], [ 46.2131973, -17.1027013 ], [ 46.1349242, -17.0505722 ], [ 46.1160557, -16.9464113 ], [ 46.0727196, -16.9175652 ], [ 46.0202231, -16.9687577 ], [ 45.9505207, -16.9979898 ], [ 45.8909143, -17.0005442 ], [ 45.773801, -16.9548532 ], [ 45.6795659, -16.951442 ], [ 45.6957877, -16.9262786 ], [ 45.722504, -16.7718068 ], [ 45.7105609, -16.723268 ], [ 45.77133, -16.6378 ], [ 45.8293045, -16.6649969 ], [ 45.8937733, -16.5948179 ], [ 45.96613, -16.54602 ], [ 46.0413415, -16.5553947 ], [ 46.094288, -16.5500401 ], [ 46.1469366, -16.5724573 ], [ 46.2709695, -16.5496745 ], [ 46.3107299, -16.5565294 ], [ 46.313161, -16.4766656 ], [ 46.39058, -16.41422 ], [ 46.33038, -16.35168 ], [ 46.41747, -16.30965 ], [ 46.6130314, -16.3137139 ], [ 46.6906939, -16.3464415 ], [ 46.7746552, -16.3316834 ], [ 46.8158082, -16.3434959 ], [ 46.8694205, -16.3170704 ], [ 46.9268764, -16.3349742 ], [ 47.0173121, -16.2751457 ], [ 47.0832898, -16.2702918 ], [ 47.1780936, -16.2276258 ], [ 47.2035338, -16.1598597 ], [ 47.2727525, -16.1601182 ] ] ] ] } },
{ "type": "Feature", "properties": { "POLYGON_ID": "MDG_GAUL2014_ADM2_154563", "ADM0_ISO3": "MDG", "ADM0_NAME": "Madagascar", "ADM0_CODE": 150, "ADM1_NAME": "Boeny", "ADM1_CODE": 41760, "ADM2_NAME": "Mahajanga I", "ADM2_CODE": 154563, "GEOSET": "GAUL", "GEOSET_YEAR": 2014.0, "GEOSET_VERSION": "GAUL_v1", "GEOSET_UNIT": "ADM2", "CENTROID_LONG": 46.34446715337674, "CENTROID_LAT": -15.699416324289791 }, "geometry": { "type": "MultiPolygon", "coordinates": [ [ [ [ 46.390764, -15.7240491 ], [ 46.3864481, -15.7227733 ], [ 46.3847473, -15.7227868 ], [ 46.3657753, -15.7239252 ], [ 46.3644024, -15.7256351 ], [ 46.3040055, -15.7281372 ], [ 46.3481861, -15.6324472 ], [ 46.3456846, -15.6596117 ], [ 46.390764, -15.7240491 ] ] ] ] } },
{ "type": "Feature", "properties": { "POLYGON_ID": "MDG_GAUL2014_ADM2_154564", "ADM0_ISO3": "MDG", "ADM0_NAME": "Madagascar", "ADM0_CODE": 150, "ADM1_NAME": "Boeny", "ADM1_CODE": 41760, "ADM2_NAME": "Mahajanga II", "ADM2_CODE": 154564, "GEOSET": "GAUL", "GEOSET_YEAR": 2014.0, "GEOSET_VERSION": "GAUL_v1", "GEOSET_UNIT": "ADM2", "CENTROID_LONG": 46.752586461511029, "CENTROID_LAT": -15.650471661687826 }, "geometry": { "type": "MultiPolygon", "coordinates": [ [ [ [ 47.1627949, -15.4714381 ], [ 47.0930812, -15.6437208 ], [ 47.1516583, -15.7436167 ], [ 47.1103636, -15.7940046 ], [ 47.180699, -15.8679472 ], [ 47.0716541, -15.8808267 ], [ 47.0011382, -15.9075552 ], [ 46.9304504, -15.8594932 ], [ 46.8973845, -15.9035249 ], [ 46.7785727, -15.9441369 ], [ 46.683768, -15.8819733 ], [ 46.6144892, -15.9027221 ], [ 46.5312348, -15.8688764 ], [ 46.4402542, -15.937355 ], [ 46.4138603, -15.9897575 ], [ 46.2983246, -15.9566565 ], [ 46.2820979, -15.927394 ], [ 46.2355291, -15.839017 ], [ 46.343615, -15.791681 ], [ 46.390764, -15.7240491 ], [ 46.3456846, -15.6596117 ], [ 46.3481861, -15.6324472 ], [ 46.4382535, -15.5538355 ], [ 46.6444175, -15.4158802 ], [ 46.6977855, -15.4483181 ], [ 46.6926405, -15.3704435 ], [ 46.871633, -15.230063 ], [ 46.944559, -15.1990533 ], [ 46.9677593, -15.2270526 ], [ 46.9669064, -15.2920878 ], [ 47.047948, -15.3180151 ], [ 47.0316451, -15.3882112 ], [ 46.9572498, -15.4231304 ], [ 46.9364543, -15.4709573 ], [ 46.9899511, -15.4909476 ], [ 47.0980355, -15.4497752 ], [ 47.1627949, -15.4714381 ] ] ] ] } },
{ "type": "Feature", "properties": { "POLYGON_ID": "MDG_GAUL2014_ADM2_154565", "ADM0_ISO3": "MDG", "ADM0_NAME": "Madagascar", "ADM0_CODE": 150, "ADM1_NAME": "Boeny", "ADM1_CODE": 41760, "ADM2_NAME": "Marovoay", "ADM2_CODE": 154565, "GEOSET": "GAUL", "GEOSET_YEAR": 2014.0, "GEOSET_VERSION": "GAUL_v1", "GEOSET_UNIT": "ADM2", "CENTROID_LONG": 46.623847434533076, "CENTROID_LAT": -16.159688356379309 }, "geometry": { "type": "MultiPolygon", "coordinates": [ [ [ [ 47.180699, -15.8679472 ], [ 47.2171778, -15.9898273 ], [ 47.1657375, -15.9849843 ], [ 47.2238611, -16.138653 ], [ 47.2727525, -16.1601182 ], [ 47.2035338, -16.1598597 ], [ 47.1780936, -16.2276258 ], [ 47.0832898, -16.2702918 ], [ 47.0173121, -16.2751457 ], [ 46.9268764, -16.3349742 ], [ 46.8694205, -16.3170704 ], [ 46.8158082, -16.3434959 ], [ 46.7746552, -16.3316834 ], [ 46.6906939, -16.3464415 ], [ 46.6130314, -16.3137139 ], [ 46.41747, -16.30965 ], [ 46.33038, -16.35168 ], [ 46.39058, -16.41422 ], [ 46.313161, -16.4766656 ], [ 46.3107299, -16.5565294 ], [ 46.2709695, -16.5496745 ], [ 46.1469366, -16.5724573 ], [ 46.094288, -16.5500401 ], [ 46.0413415, -16.5553947 ], [ 46.0540961, -16.4226652 ], [ 46.0723746, -16.3755368 ], [ 46.1246858, -16.3553931 ], [ 46.1464171, -16.3012824 ], [ 46.1254, -16.18385 ], [ 46.1764437, -16.1285861 ], [ 46.1887919, -16.0465279 ], [ 46.2820979, -15.927394 ], [ 46.2983246, -15.9566565 ], [ 46.4138603, -15.9897575 ], [ 46.4402542, -15.937355 ], [ 46.5312348, -15.8688764 ], [ 46.6144892, -15.9027221 ], [ 46.683768, -15.8819733 ], [ 46.7785727, -15.9441369 ], [ 46.8973845, -15.9035249 ], [ 46.9304504, -15.8594932 ], [ 47.0011382, -15.9075552 ], [ 47.0716541, -15.8808267 ], [ 47.180699, -15.8679472 ] ] ] ] } },
{ "type": "Feature", "properties": { "POLYGON_ID": "MDG_GAUL2014_ADM2_154566", "ADM0_ISO3": "MDG", "ADM0_NAME": "Madagascar", "ADM0_CODE": 150, "ADM1_NAME": "Boeny", "ADM1_CODE": 41760, "ADM2_NAME": "Mitsinjo", "ADM2_CODE": 154566, "GEOSET": "GAUL", "GEOSET_YEAR": 2014.0, "GEOSET_VERSION": "GAUL_v1", "GEOSET_UNIT": "ADM2", "CENTROID_LONG": 45.924423660376888, "CENTROID_LAT": -16.111866490897064 }, "geometry": { "type": "MultiPolygon", "coordinates": [ [ [ [ 46.2355291, -15.839017 ], [ 46.2820979, -15.927394 ], [ 46.1887919, -16.0465279 ], [ 46.1764437, -16.1285861 ], [ 46.1254, -16.18385 ], [ 46.1464171, -16.3012824 ], [ 46.1246858, -16.3553931 ], [ 46.0723746, -16.3755368 ], [ 46.0540961, -16.4226652 ], [ 46.0413415, -16.5553947 ], [ 45.96613, -16.54602 ], [ 45.8937733, -16.5948179 ], [ 45.9178296, -16.532264 ], [ 45.87698, -16.50452 ], [ 45.8472116, -16.4210443 ], [ 45.7898876, -16.3910487 ], [ 45.7431, -16.39467 ], [ 45.6993865, -16.347932 ], [ 45.6826608, -16.2734579 ], [ 45.6113046, -16.2635008 ], [ 45.5719658, -16.0835672 ], [ 45.5712526, -16.0832968 ], [ 45.5707111, -16.0832036 ], [ 45.6519678, -16.0777433 ], [ 45.5998062, -16.010652 ], [ 45.6377646, -15.9685478 ], [ 45.6410479, -15.8703772 ], [ 45.6756368, -15.7855083 ], [ 45.7489314, -15.8550878 ], [ 45.8618211, -15.832512 ], [ 45.8889798, -15.8658941 ], [ 45.9516997, -15.7884682 ], [ 45.9595218, -15.8673963 ], [ 46.028627, -15.8480153 ], [ 46.0894353, -15.8720623 ], [ 46.1044343, -15.7913527 ], [ 46.0901771, -15.7218965 ], [ 46.2074418, -15.7087572 ], [ 46.2474669, -15.7525829 ], [ 46.2355291, -15.839017 ] ] ] ] } },
{ "type": "Feature", "properties": { "POLYGON_ID": "MDG_GAUL2014_ADM2_154567", "ADM0_ISO3": "MDG", "ADM0_NAME": "Madagascar", "ADM0_CODE": 150, "ADM1_NAME": "Boeny", "ADM1_CODE": 41760, "ADM2_NAME": "Soalala", "ADM2_CODE": 154567, "GEOSET": "GAUL", "GEOSET_YEAR": 2014.0, "GEOSET_VERSION": "GAUL_v1", "GEOSET_UNIT": "ADM2", "CENTROID_LONG": 45.41339618745549, "CENTROID_LAT": -16.511867436335702 }, "geometry": { "type": "MultiPolygon", "coordinates": [ [ [ [ 45.5719658, -16.0835672 ], [ 45.6113046, -16.2635008 ], [ 45.6826608, -16.2734579 ], [ 45.6993865, -16.347932 ], [ 45.7431, -16.39467 ], [ 45.7898876, -16.3910487 ], [ 45.8472116, -16.4210443 ], [ 45.87698, -16.50452 ], [ 45.9178296, -16.532264 ], [ 45.8937733, -16.5948179 ], [ 45.8293045, -16.6649969 ], [ 45.77133, -16.6378 ], [ 45.7105609, -16.723268 ], [ 45.722504, -16.7718068 ], [ 45.6957877, -16.9262786 ], [ 45.6795659, -16.951442 ], [ 45.6795898, -17.0868127 ], [ 45.6653992, -17.1279346 ], [ 45.6164546, -17.1781478 ], [ 45.6127687, -17.2173859 ], [ 45.65915, -17.27973 ], [ 45.6528596, -17.3032327 ], [ 45.5700882, -17.3646967 ], [ 45.5210363, -17.3195876 ], [ 45.5337592, -17.2917716 ], [ 45.4844459, -17.1459319 ], [ 45.4813214, -17.0447045 ], [ 45.5196899, -17.0030286 ], [ 45.4675118, -16.9800818 ], [ 45.4502986, -16.888571 ], [ 45.3726075, -16.8514748 ], [ 45.34672, -16.81532 ], [ 45.2822739, -16.792359 ], [ 45.2633111, -16.7441015 ], [ 45.2733151, -16.6835641 ], [ 45.2364431, -16.6752126 ], [ 45.1817837, -16.6254491 ], [ 45.1403561, -16.6326603 ], [ 45.0729669, -16.5667411 ], [ 44.94082, -16.48555 ], [ 44.91873, -16.40813 ], [ 44.9285692, -16.3484343 ], [ 44.898871, -16.2389552 ], [ 44.8973303, -16.2384318 ], [ 44.8952836, -16.2360956 ], [ 44.9679091, -16.1897806 ], [ 45.0388717, -16.0990846 ], [ 45.1408173, -15.9995916 ], [ 45.2651303, -15.9360923 ], [ 45.2760961, -16.0682524 ], [ 45.2477667, -16.1074495 ], [ 45.2747459, -16.1517317 ], [ 45.3653375, -16.1278923 ], [ 45.3684466, -16.0794499 ], [ 45.4636004, -15.9736307 ], [ 45.5577692, -15.9811367 ], [ 45.5234801, -16.0585154 ], [ 45.5306674, -16.0905329 ], [ 45.5719658, -16.0835672 ] ] ] ] } },
{ "type": "Feature", "properties": { "POLYGON_ID": "MDG_GAUL2014_ADM2_154568", "ADM0_ISO3": "MDG", "ADM0_NAME": "Madagascar", "ADM0_CODE": 150, "ADM1_NAME": "Bongolava", "ADM1_CODE": 41761, "ADM2_NAME": "Fenoarivobe", "ADM2_CODE": 154568, "GEOSET": "GAUL", "GEOSET_YEAR": 2014.0, "GEOSET_VERSION": "GAUL_v1", "GEOSET_UNIT": "ADM2", "CENTROID_LONG": 46.359154635510556, "CENTROID_LAT": -18.2694686599745 }, "geometry": { "type": "MultiPolygon", "coordinates": [ [ [ [ 46.5045842, -17.7677786 ], [ 46.5252057, -17.8335398 ], [ 46.6071503, -17.977339 ], [ 46.6480944, -18.1049528 ], [ 46.6563377, -18.2067087 ], [ 46.705729, -18.3018709 ], [ 46.7511764, -18.355746 ], [ 46.7511478, -18.3893889 ], [ 46.8024418, -18.438455 ], [ 46.8580782, -18.4527737 ], [ 46.956572, -18.513118 ], [ 46.9787734, -18.5740644 ], [ 47.0129075, -18.5984648 ], [ 47.0491158, -18.6850689 ], [ 47.0919934, -18.7132571 ], [ 47.0867942, -18.7298269 ], [ 46.9750442, -18.7382746 ], [ 46.8607663, -18.6926383 ], [ 46.7855768, -18.7173146 ], [ 46.7176142, -18.664707 ], [ 46.6272903, -18.6803797 ], [ 46.5484692, -18.6751322 ], [ 46.5005428, -18.6458723 ], [ 46.4283702, -18.6439062 ], [ 46.3562317, -18.5789811 ], [ 46.3885344, -18.5360014 ], [ 46.2817179, -18.4589341 ], [ 46.2238303, -18.4969463 ], [ 46.1930047, -18.470907 ], [ 46.0847535, -18.4980062 ], [ 45.9798751, -18.4662385 ], [ 45.9257336, -18.4709032 ], [ 45.8289661, -18.4090937 ], [ 45.8043657, -18.3542266 ], [ 45.7403556, -18.3620533 ], [ 45.729678, -18.319783 ], [ 45.7919601, -18.2092576 ], [ 45.8188144, -18.1347012 ], [ 45.8872587, -18.016002 ], [ 45.9261279, -17.9752865 ], [ 45.9445972, -17.8849627 ], [ 46.0159987, -17.9256018 ], [ 46.1421717, -17.9312814 ], [ 46.2149765, -17.8468189 ], [ 46.2463187, -17.8549828 ], [ 46.302547, -17.8213176 ], [ 46.437242, -17.7676605 ], [ 46.4586063, -17.738794 ], [ 46.5045842, -17.7677786 ] ] ] ] } },
{ "type": "Feature", "properties": { "POLYGON_ID": "MDG_GAUL2014_ADM2_154569", "ADM0_ISO3": "MDG", "ADM0_NAME": "Madagascar", "ADM0_CODE": 150, "ADM1_NAME": "Bongolava", "ADM1_CODE": 41761, "ADM2_NAME": "Tsiroanomandidy", "ADM2_CODE": 154569, "GEOSET": "GAUL", "GEOSET_YEAR": 2014.0, "GEOSET_VERSION": "GAUL_v1", "GEOSET_UNIT": "ADM2", "CENTROID_LONG": 45.969687271937538, "CENTROID_LAT": -18.845770411673101 }, "geometry": { "type": "MultiPolygon", "coordinates": [ [ [ [ 45.8872587, -18.016002 ], [ 45.8188144, -18.1347012 ], [ 45.7919601, -18.2092576 ], [ 45.729678, -18.319783 ], [ 45.7403556, -18.3620533 ], [ 45.8043657, -18.3542266 ], [ 45.8289661, -18.4090937 ], [ 45.9257336, -18.4709032 ], [ 45.9798751, -18.4662385 ], [ 46.0847535, -18.4980062 ], [ 46.1930047, -18.470907 ], [ 46.2238303, -18.4969463 ], [ 46.2817179, -18.4589341 ], [ 46.3885344, -18.5360014 ], [ 46.3562317, -18.5789811 ], [ 46.4283702, -18.6439062 ], [ 46.5005428, -18.6458723 ], [ 46.530079, -18.6730214 ], [ 46.5238932, -18.7541304 ], [ 46.5648103, -18.7961997 ], [ 46.5562478, -18.8908522 ], [ 46.4859599, -18.9806257 ], [ 46.5594301, -19.0231358 ], [ 46.5501546, -19.1078373 ], [ 46.50285, -19.08548 ], [ 46.4436851, -19.0894305 ], [ 46.3390889, -19.1909622 ], [ 46.3227856, -19.2810282 ], [ 46.2799159, -19.2988801 ], [ 46.2608024, -19.3425138 ], [ 46.1850587, -19.3730669 ], [ 46.1631084, -19.4020261 ], [ 46.1303311, -19.4416218 ], [ 46.002263, -19.4052944 ], [ 45.9781695, -19.4277071 ], [ 45.842273, -19.4512144 ], [ 45.8043542, -19.4406757 ], [ 45.8218901, -19.3473037 ], [ 45.7733778, -19.3122329 ], [ 45.7139317, -19.3214066 ], [ 45.6016616, -19.2730728 ], [ 45.547321, -19.2711947 ], [ 45.5528405, -19.2006088 ], [ 45.5940516, -19.1556206 ], [ 45.5543355, -19.1102503 ], [ 45.5913073, -19.0777669 ], [ 45.5875102, -19.0344981 ], [ 45.5446011, -19.0206768 ], [ 45.5495259, -18.9789731 ], [ 45.4772945, -18.9180407 ], [ 45.5053459, -18.8818755 ], [ 45.4658278, -18.723841 ], [ 45.5034307, -18.6960783 ], [ 45.6061028, -18.5737726 ], [ 45.5794389, -18.4374467 ], [ 45.5559767, -18.3778046 ], [ 45.5003667, -18.3275473 ], [ 45.4875615, -18.2437496 ], [ 45.5465347, -18.249907 ], [ 45.6003532, -18.1949438 ], [ 45.6144087, -18.1194275 ], [ 45.6762166, -18.0800281 ], [ 45.769403, -18.0670097 ], [ 45.8050715, -18.0187117 ], [ 45.8872587, -18.016002 ] ] ] ] } },
{ "type": "Feature", "properties": { "POLYGON_ID": "MDG_GAUL2014_ADM2_154570", "ADM0_ISO3": "MDG", "ADM0_NAME": "Madagascar", "ADM0_CODE": 150, "ADM1_NAME": "Diana", "ADM1_CODE": 41762, "ADM2_NAME": "Ambanja", "ADM2_CODE": 154570, "GEOSET": "GAUL", "GEOSET_YEAR": 2014.0, "GEOSET_VERSION": "GAUL_v1", "GEOSET_UNIT": "ADM2", "CENTROID_LONG": 48.475548461013354, "CENTROID_LAT": -13.88532074243388 }, "geometry": { "type": "MultiPolygon", "coordinates": [ [ [ [ 48.6743928, -13.4995899 ], [ 48.6743765, -13.5002131 ], [ 48.6743673, -13.5005668 ], [ 48.6742762, -13.5040535 ], [ 48.6882613, -13.521576 ], [ 48.6743822, -13.5681413 ], [ 48.6110022, -13.5786146 ], [ 48.5768638, -13.6227827 ], [ 48.6307261, -13.6695197 ], [ 48.6688107, -13.6548375 ], [ 48.7472845, -13.7016878 ], [ 48.7619829, -13.7593637 ], [ 48.807653, -13.7964045 ], [ 48.8905703, -13.8324537 ], [ 48.9860097, -13.8946615 ], [ 48.9731787, -13.9677587 ], [ 48.9870933, -14.0433544 ], [ 48.9727017, -14.1459734 ], [ 48.9320588, -14.1637845 ], [ 48.8839654, -14.2162535 ], [ 48.8126892, -14.2650988 ], [ 48.7731096, -14.2221076 ], [ 48.724292, -14.2093747 ], [ 48.6969284, -14.237468 ], [ 48.55425, -14.22762 ], [ 48.4872987, -14.1910158 ], [ 48.4617814, -14.1679643 ], [ 48.3790318, -14.1671204 ], [ 48.3716682, -14.1340395 ], [ 48.3124731, -14.0848589 ], [ 48.3135142, -13.9188056 ], [ 48.2334552, -13.8758607 ], [ 48.1622556, -13.9108806 ], [ 48.1038015, -13.9629015 ], [ 48.0251416, -14.0633953 ], [ 47.9712372, -14.0472615 ], [ 48.0205454, -13.9337808 ], [ 47.8929381, -13.9002038 ], [ 47.8593846, -13.7744664 ], [ 47.8842868, -13.71111 ], [ 47.8941553, -13.592071 ], [ 47.9368298, -13.5956898 ], [ 47.9663535, -13.5575025 ], [ 48.0116849, -13.5944333 ], [ 48.0621506, -13.5349308 ], [ 48.0915204, -13.5859837 ], [ 48.1463351, -13.6012906 ], [ 48.1428804, -13.6697241 ], [ 48.1655392, -13.7558339 ], [ 48.2574513, -13.8234227 ], [ 48.3334264, -13.7913069 ], [ 48.3617568, -13.7432105 ], [ 48.3309991, -13.6566327 ], [ 48.4320266, -13.5778826 ], [ 48.4881449, -13.5851489 ], [ 48.5392365, -13.5570771 ], [ 48.5038604, -13.4663477 ], [ 48.529815, -13.4367349 ], [ 48.6743928, -13.4995899 ] ] ] ] } },
{ "type": "Feature", "properties": { "POLYGON_ID": "MDG_GAUL2014_ADM2_154571", "ADM0_ISO3": "MDG", "ADM0_NAME": "Madagascar", "ADM0_CODE": 150, "ADM1_NAME": "Diana", "ADM1_CODE": 41762, "ADM2_NAME": "Ambilobe", "ADM2_CODE": 154571, "GEOSET": "GAUL", "GEOSET_YEAR": 2014.0, "GEOSET_VERSION": "GAUL_v1", "GEOSET_UNIT": "ADM2", "CENTROID_LONG": 49.088343045802581, "CENTROID_LAT": -13.49786801527071 }, "geometry": { "type": "MultiPolygon", "coordinates": [ [ [ [ 49.4767376, -12.9943192 ], [ 49.4741474, -13.0489059 ], [ 49.411746, -13.1242431 ], [ 49.4519666, -13.2012426 ], [ 49.4381965, -13.2554103 ], [ 49.4058037, -13.2897575 ], [ 49.3999606, -13.3428505 ], [ 49.3256291, -13.40283 ], [ 49.3762025, -13.5775429 ], [ 49.3566694, -13.6281343 ], [ 49.4114869, -13.6808446 ], [ 49.3788158, -13.84313 ], [ 49.3386512, -13.8944932 ], [ 49.3455447, -13.9491241 ], [ 49.3191446, -13.9908091 ], [ 49.2738858, -13.9864817 ], [ 49.2124763, -14.0238466 ], [ 49.1879503, -14.1139166 ], [ 49.1524334, -14.1821489 ], [ 49.1084572, -14.1984698 ], [ 49.0801715, -14.2061177 ], [ 48.9727017, -14.1459734 ], [ 48.9870933, -14.0433544 ], [ 48.9731787, -13.9677587 ], [ 48.9860097, -13.8946615 ], [ 48.8905703, -13.8324537 ], [ 48.807653, -13.7964045 ], [ 48.7619829, -13.7593637 ], [ 48.7472845, -13.7016878 ], [ 48.6688107, -13.6548375 ], [ 48.6307261, -13.6695197 ], [ 48.5768638, -13.6227827 ], [ 48.6110022, -13.5786146 ], [ 48.6743822, -13.5681413 ], [ 48.6882613, -13.521576 ], [ 48.6750111, -13.4873128 ], [ 48.673213, -13.4850147 ], [ 48.6641643, -13.4738604 ], [ 48.6608862, -13.4712439 ], [ 48.7087644, -13.4724204 ], [ 48.7941782, -13.4265709 ], [ 48.8349293, -13.3796472 ], [ 48.8103987, -13.3347704 ], [ 48.8493348, -13.2439315 ], [ 48.836912, -13.1307561 ], [ 48.884191, -13.0268455 ], [ 48.9614814, -12.9872843 ], [ 48.9602739, -12.9097461 ], [ 48.9906271, -12.8974239 ], [ 49.0917992, -12.8453223 ], [ 49.1347169, -12.8542262 ], [ 49.2115588, -13.0079484 ], [ 49.248653, -13.0084525 ], [ 49.3192361, -13.045495 ], [ 49.4152489, -13.0050102 ], [ 49.4767376, -12.9943192 ] ] ] ] } },
{ "type": "Feature", "properties": { "POLYGON_ID": "MDG_GAUL2014_ADM2_154572", "ADM0_ISO3": "MDG", "ADM0_NAME": "Madagascar", "ADM0_CODE": 150, "ADM1_NAME": "Diana", "ADM1_CODE": 41762, "ADM2_NAME": "Antsiranana I", "ADM2_CODE": 154572, "GEOSET": "GAUL", "GEOSET_YEAR": 2014.0, "GEOSET_VERSION": "GAUL_v1", "GEOSET_UNIT": "ADM2", "CENTROID_LONG": 49.274486333333343, "CENTROID_LAT": -12.323484766666667 }, "geometry": { "type": "MultiPolygon", "coordinates": [ [ [ [ 49.3061523, -12.3118353 ], [ 49.2725347, -12.3502503 ], [ 49.244772, -12.3083687 ], [ 49.3061523, -12.3118353 ] ] ] ] } },
{ "type": "Feature", "properties": { "POLYGON_ID": "MDG_GAUL2014_ADM2_154573", "ADM0_ISO3": "MDG", "ADM0_NAME": "Madagascar", "ADM0_CODE": 150, "ADM1_NAME": "Diana", "ADM1_CODE": 41762, "ADM2_NAME": "Antsiranana II", "ADM2_CODE": 154573, "GEOSET": "GAUL", "GEOSET_YEAR": 2014.0, "GEOSET_VERSION": "GAUL_v1", "GEOSET_UNIT": "ADM2", "CENTROID_LONG": 49.239751571018353, "CENTROID_LAT": -12.597788246291447 }, "geometry": { "type": "MultiPolygon", "coordinates": [ [ [ [ 49.2163646, -12.2475338 ], [ 49.2142905, -12.2507037 ], [ 49.1865267, -12.3045149 ], [ 49.244772, -12.3083687 ], [ 49.2725347, -12.3502503 ], [ 49.3061523, -12.3118353 ], [ 49.3508155, -12.3057892 ], [ 49.3381318, -12.2537573 ], [ 49.3874634, -12.2467511 ], [ 49.4156956, -12.344046 ], [ 49.4495353, -12.3826296 ], [ 49.4798324, -12.3556187 ], [ 49.5235156, -12.3704168 ], [ 49.513272, -12.4577811 ], [ 49.5450544, -12.5032239 ], [ 49.5425258, -12.6492974 ], [ 49.590881, -12.6590909 ], [ 49.6329352, -12.6948669 ], [ 49.6658252, -12.7787734 ], [ 49.6320216, -12.8167263 ], [ 49.5752814, -12.8098068 ], [ 49.553138, -12.8531234 ], [ 49.4843726, -12.9296473 ], [ 49.4767376, -12.9943192 ], [ 49.4152489, -13.0050102 ], [ 49.3192361, -13.045495 ], [ 49.248653, -13.0084525 ], [ 49.2115588, -13.0079484 ], [ 49.1347169, -12.8542262 ], [ 49.0917992, -12.8453223 ], [ 48.9906271, -12.8974239 ], [ 48.9555133, -12.8816336 ], [ 48.9596993, -12.8184318 ], [ 48.900145, -12.7676097 ], [ 48.8955319, -12.6747204 ], [ 48.8553584, -12.6637111 ], [ 48.8528737, -12.6157849 ], [ 48.8853754, -12.5378727 ], [ 48.8221078, -12.5308548 ], [ 48.743705, -12.42868 ], [ 48.8358134, -12.4130765 ], [ 48.8875911, -12.4749155 ], [ 48.941152, -12.4887258 ], [ 48.9548547, -12.4040845 ], [ 49.0126131, -12.3206684 ], [ 49.0918955, -12.316304 ], [ 49.1359219, -12.2867864 ], [ 49.1845742, -12.1789015 ], [ 49.1728406, -12.1245605 ], [ 49.2139916, -12.0999937 ], [ 49.1834554, -12.031964 ], [ 49.2400153, -11.9572775 ], [ 49.295216, -11.9711801 ], [ 49.326932, -12.0647432 ], [ 49.3589031, -12.1077482 ], [ 49.35178, -12.1559176 ], [ 49.2906466, -12.1898734 ], [ 49.2239372, -12.1767986 ], [ 49.2163646, -12.2475338 ] ] ] ] } },
{ "type": "Feature", "properties": { "POLYGON_ID": "MDG_GAUL2014_ADM2_154574", "ADM0_ISO3": "MDG", "ADM0_NAME": "Madagascar", "ADM0_CODE": 150, "ADM1_NAME": "Diana", "ADM1_CODE": 41762, "ADM2_NAME": "Nosy-Be", "ADM2_CODE": 154574, "GEOSET": "GAUL", "GEOSET_YEAR": 2014.0, "GEOSET_VERSION": "GAUL_v1", "GEOSET_UNIT": "ADM2", "CENTROID_LONG": 48.263448287728991, "CENTROID_LAT": -13.327763911106024 }, "geometry": { "type": "MultiPolygon", "coordinates": [ [ [ [ 48.2690605, -13.1988735 ], [ 48.3119231, -13.2191406 ], [ 48.2895089, -13.2736128 ], [ 48.3289442, -13.290045 ], [ 48.3100367, -13.4226948 ], [ 48.2043242, -13.3931639 ], [ 48.182759, -13.3029425 ], [ 48.2623611, -13.2668825 ], [ 48.2690605, -13.1988735 ] ] ] ] } },
{ "type": "Feature", "properties": { "POLYGON_ID": "MDG_GAUL2014_ADM2_123865", "ADM0_ISO3": "MDG", "ADM0_NAME": "Madagascar", "ADM0_CODE": 150, "ADM1_NAME": "Haute Matsiatra", "ADM1_CODE": 41763, "ADM2_NAME": "Isandra", "ADM2_CODE": 123865, "GEOSET": "GAUL", "GEOSET_YEAR": 2014.0, "GEOSET_VERSION": "GAUL_v1", "GEOSET_UNIT": "ADM2", "CENTROID_LONG": 46.896613497677038, "CENTROID_LAT": -21.282056012309802 }, "geometry": { "type": "MultiPolygon", "coordinates": [ [ [ [ 46.8421767, -21.0053812 ], [ 46.8657601, -21.0719951 ], [ 46.9183119, -21.11742 ], [ 46.9703556, -21.1137663 ], [ 46.9557782, -21.1779745 ], [ 46.9943037, -21.1938471 ], [ 47.0076177, -21.2400477 ], [ 47.055003, -21.246372 ], [ 47.0420295, -21.2954339 ], [ 47.0732304, -21.3216584 ], [ 47.1384959, -21.3545892 ], [ 47.0848686, -21.3982823 ], [ 47.0354158, -21.4630204 ], [ 46.96255, -21.5398833 ], [ 46.7873787, -21.5267561 ], [ 46.79695, -21.3077587 ], [ 46.8620818, -21.3064163 ], [ 46.88393, -21.25817 ], [ 46.8496302, -21.2381849 ], [ 46.8354831, -21.1711683 ], [ 46.7740813, -21.1579674 ], [ 46.7034263, -21.0885792 ], [ 46.7066572, -21.0312867 ], [ 46.6801636, -20.9823156 ], [ 46.7687896, -20.9651447 ], [ 46.8015183, -20.9591148 ], [ 46.8421767, -21.0053812 ] ] ] ] } },
{ "type": "Feature", "properties": { "POLYGON_ID": "MDG_GAUL2014_ADM2_123866", "ADM0_ISO3": "MDG", "ADM0_NAME": "Madagascar", "ADM0_CODE": 150, "ADM1_NAME": "Haute Matsiatra", "ADM1_CODE": 41763, "ADM2_NAME": "Lalangina", "ADM2_CODE": 123866, "GEOSET": "GAUL", "GEOSET_YEAR": 2014.0, "GEOSET_VERSION": "GAUL_v1", "GEOSET_UNIT": "ADM2", "CENTROID_LONG": 47.270405747440698, "CENTROID_LAT": -21.412972241594591 }, "geometry": { "type": "MultiPolygon", "coordinates": [ [ [ [ 47.398772, -21.2349456 ], [ 47.380413, -21.2790937 ], [ 47.41813, -21.39402 ], [ 47.4270303, -21.4655566 ], [ 47.4103135, -21.569373 ], [ 47.3623965, -21.6064477 ], [ 47.2063792, -21.5220689 ], [ 47.1104894, -21.5449459 ], [ 47.0969333, -21.5127167 ], [ 47.1247969, -21.485669 ], [ 47.1301973, -21.4204883 ], [ 47.0848686, -21.3982823 ], [ 47.1384959, -21.3545892 ], [ 47.0732304, -21.3216584 ], [ 47.1143525, -21.2914057 ], [ 47.2251067, -21.2536151 ], [ 47.3434593, -21.2564626 ], [ 47.398772, -21.2349456 ] ] ] ] } },
{ "type": "Feature", "properties": { "POLYGON_ID": "MDG_GAUL2014_ADM2_123867", "ADM0_ISO3": "MDG", "ADM0_NAME": "Madagascar", "ADM0_CODE": 150, "ADM1_NAME": "Haute Matsiatra", "ADM1_CODE": 41763, "ADM2_NAME": "Vohibato", "ADM2_CODE": 123867, "GEOSET": "GAUL", "GEOSET_YEAR": 2014.0, "GEOSET_VERSION": "GAUL_v1", "GEOSET_UNIT": "ADM2", "CENTROID_LONG": 47.08728628437818, "CENTROID_LAT": -21.664393740346885 }, "geometry": { "type": "MultiPolygon", "coordinates": [ [ [ [ 47.0354158, -21.4630204 ], [ 47.0969333, -21.5127167 ], [ 47.1104894, -21.5449459 ], [ 47.2063792, -21.5220689 ], [ 47.3623965, -21.6064477 ], [ 47.3979972, -21.6412344 ], [ 47.3885432, -21.726025 ], [ 47.3272809, -21.8395151 ], [ 47.26054, -21.8833445 ], [ 47.2041168, -21.8582018 ], [ 47.1510134, -21.8623206 ], [ 47.07822, -21.8033 ], [ 47.0317571, -21.7950421 ], [ 46.9515677, -21.7128066 ], [ 46.8980147, -21.6997502 ], [ 46.866444, -21.7253097 ], [ 46.7443433, -21.6593813 ], [ 46.7180942, -21.6697343 ], [ 46.7082773, -21.5794684 ], [ 46.7364487, -21.5192223 ], [ 46.7873787, -21.5267561 ], [ 46.96255, -21.5398833 ], [ 47.0354158, -21.4630204 ] ] ] ] } },
{ "type": "Feature", "properties": { "POLYGON_ID": "MDG_GAUL2014_ADM2_154575", "ADM0_ISO3": "MDG", "ADM0_NAME": "Madagascar", "ADM0_CODE": 150, "ADM1_NAME": "Haute Matsiatra", "ADM1_CODE": 41763, "ADM2_NAME": "Ambalavao", "ADM2_CODE": 154575, "GEOSET": "GAUL", "GEOSET_YEAR": 2014.0, "GEOSET_VERSION": "GAUL_v1", "GEOSET_UNIT": "ADM2", "CENTROID_LONG": 46.721403231082029, "CENTROID_LAT": -21.875639816877371 }, "geometry": { "type": "MultiPolygon", "coordinates": [ [ [ [ 46.7180942, -21.6697343 ], [ 46.7443433, -21.6593813 ], [ 46.866444, -21.7253097 ], [ 46.8980147, -21.6997502 ], [ 46.9515677, -21.7128066 ], [ 47.0317571, -21.7950421 ], [ 47.07822, -21.8033 ], [ 47.1510134, -21.8623206 ], [ 47.2041168, -21.8582018 ], [ 47.26054, -21.8833445 ], [ 47.3229346, -21.9650881 ], [ 47.2561438, -22.0766345 ], [ 47.1695548, -22.0489171 ], [ 47.1085101, -22.0886857 ], [ 47.0948632, -22.136212 ], [ 47.0396423, -22.1630723 ], [ 46.9689315, -22.1512025 ], [ 46.9079977, -22.2051179 ], [ 46.8144938, -22.1671898 ], [ 46.7312118, -22.184738 ], [ 46.70462, -22.14122 ], [ 46.5357518, -22.1243364 ], [ 46.5031324, -22.0738192 ], [ 46.4373775, -22.0607083 ], [ 46.4449935, -21.9855147 ], [ 46.3904837, -21.9244461 ], [ 46.3794635, -21.8589213 ], [ 46.3245738, -21.8491829 ], [ 46.3090695, -21.7877837 ], [ 46.2519862, -21.8026807 ], [ 46.2246339, -21.764288 ], [ 46.1506024, -21.7626118 ], [ 46.2171672, -21.6784722 ], [ 46.2653692, -21.5679102 ], [ 46.3771438, -21.4612175 ], [ 46.4168559, -21.4858197 ], [ 46.4200791, -21.5272792 ], [ 46.4561078, -21.5624828 ], [ 46.4891548, -21.5376218 ], [ 46.544576, -21.5601254 ], [ 46.5756466, -21.6442389 ], [ 46.6406117, -21.6462476 ], [ 46.7180942, -21.6697343 ] ] ] ] } },
{ "type": "Feature", "properties": { "POLYGON_ID": "MDG_GAUL2014_ADM2_154576", "ADM0_ISO3": "MDG", "ADM0_NAME": "Madagascar", "ADM0_CODE": 150, "ADM1_NAME": "Haute Matsiatra", "ADM1_CODE": 41763, "ADM2_NAME": "Ambohimahasoa", "ADM2_CODE": 154576, "GEOSET": "GAUL", "GEOSET_YEAR": 2014.0, "GEOSET_VERSION": "GAUL_v1", "GEOSET_UNIT": "ADM2", "CENTROID_LONG": 47.166301308525547, "CENTROID_LAT": -21.075011957920662 }, "geometry": { "type": "MultiPolygon", "coordinates": [ [ [ [ 47.3487294, -20.9658785 ], [ 47.3367866, -21.0524561 ], [ 47.4431308, -21.0929429 ], [ 47.4476202, -21.1405149 ], [ 47.398772, -21.2349456 ], [ 47.3434593, -21.2564626 ], [ 47.2251067, -21.2536151 ], [ 47.1143525, -21.2914057 ], [ 47.0732304, -21.3216584 ], [ 47.0420295, -21.2954339 ], [ 47.055003, -21.246372 ], [ 47.0076177, -21.2400477 ], [ 46.9943037, -21.1938471 ], [ 46.9557782, -21.1779745 ], [ 46.9703556, -21.1137663 ], [ 46.9183119, -21.11742 ], [ 46.8657601, -21.0719951 ], [ 46.8421767, -21.0053812 ], [ 46.8657097, -20.9833455 ], [ 46.8906634, -21.0119111 ], [ 47.0279764, -20.9541115 ], [ 47.0620837, -20.8852023 ], [ 47.1367047, -20.8756605 ], [ 47.1690469, -20.8345367 ], [ 47.237384, -20.819625 ], [ 47.2745495, -20.7915003 ], [ 47.3107377, -20.9240566 ], [ 47.3487294, -20.9658785 ] ] ] ] } },
{ "type": "Feature", "properties": { "POLYGON_ID": "MDG_GAUL2014_ADM2_154577", "ADM0_ISO3": "MDG", "ADM0_NAME": "Madagascar", "ADM0_CODE": 150, "ADM1_NAME": "Haute Matsiatra", "ADM1_CODE": 41763, "ADM2_NAME": "Fianarantsoa I", "ADM2_CODE": 154577, "GEOSET": "GAUL", "GEOSET_YEAR": 2014.0, "GEOSET_VERSION": "GAUL_v1", "GEOSET_UNIT": "ADM2", "CENTROID_LONG": 47.09008969658737, "CENTROID_LAT": -21.454570302894126 }, "geometry": { "type": "MultiPolygon", "coordinates": [ [ [ [ 47.0969333, -21.5127167 ], [ 47.0354158, -21.4630204 ], [ 47.0848686, -21.3982823 ], [ 47.1301973, -21.4204883 ], [ 47.1247969, -21.485669 ], [ 47.0969333, -21.5127167 ] ] ] ] } },
{ "type": "Feature", "properties": { "POLYGON_ID": "MDG_GAUL2014_ADM2_154578", "ADM0_ISO3": "MDG", "ADM0_NAME": "Madagascar", "ADM0_CODE": 150, "ADM1_NAME": "Haute Matsiatra", "ADM1_CODE": 41763, "ADM2_NAME": "Ikalamavony", "ADM2_CODE": 154578, "GEOSET": "GAUL", "GEOSET_YEAR": 2014.0, "GEOSET_VERSION": "GAUL_v1", "GEOSET_UNIT": "ADM2", "CENTROID_LONG": 46.216412669479887, "CENTROID_LAT": -21.289224611346221 }, "geometry": { "type": "MultiPolygon", "coordinates": [ [ [ [ 46.7687896, -20.9651447 ], [ 46.6801636, -20.9823156 ], [ 46.7066572, -21.0312867 ], [ 46.7034263, -21.0885792 ], [ 46.7740813, -21.1579674 ], [ 46.8354831, -21.1711683 ], [ 46.8496302, -21.2381849 ], [ 46.88393, -21.25817 ], [ 46.8620818, -21.3064163 ], [ 46.79695, -21.3077587 ], [ 46.7873787, -21.5267561 ], [ 46.7364487, -21.5192223 ], [ 46.7082773, -21.5794684 ], [ 46.7180942, -21.6697343 ], [ 46.6406117, -21.6462476 ], [ 46.5756466, -21.6442389 ], [ 46.544576, -21.5601254 ], [ 46.4891548, -21.5376218 ], [ 46.4561078, -21.5624828 ], [ 46.4200791, -21.5272792 ], [ 46.4168559, -21.4858197 ], [ 46.3771438, -21.4612175 ], [ 46.2653692, -21.5679102 ], [ 46.2171672, -21.6784722 ], [ 46.1506024, -21.7626118 ], [ 46.0899465, -21.7343501 ], [ 45.9618652, -21.7317953 ], [ 45.9593121, -21.6921225 ], [ 45.8301779, -21.7566805 ], [ 45.7605405, -21.7369745 ], [ 45.7391868, -21.7018831 ], [ 45.6418933, -21.6734205 ], [ 45.6133322, -21.6250596 ], [ 45.5483843, -21.6192132 ], [ 45.5216029, -21.5071697 ], [ 45.5336638, -21.4507806 ], [ 45.5627782, -21.4303444 ], [ 45.5844289, -21.3193392 ], [ 45.6577915, -21.269465 ], [ 45.7409263, -21.2452727 ], [ 45.7555473, -21.1954941 ], [ 45.7357063, -21.0753868 ], [ 45.7919753, -21.0189372 ], [ 45.8128808, -21.0310451 ], [ 45.9097239, -20.9935763 ], [ 45.9146369, -20.9701784 ], [ 46.0078356, -20.954636 ], [ 46.0522847, -20.9986036 ], [ 46.1050966, -20.9769329 ], [ 46.2169, -21.0204 ], [ 46.25477, -20.9870721 ], [ 46.2870656, -20.9175984 ], [ 46.2602857, -20.8387324 ], [ 46.3509271, -20.7374705 ], [ 46.4236876, -20.7781539 ], [ 46.5126159, -20.7242035 ], [ 46.573773, -20.7120951 ], [ 46.6309154, -20.8224312 ], [ 46.7582453, -20.9193827 ], [ 46.7687896, -20.9651447 ] ] ] ] } },
{ "type": "Feature", "properties": { "POLYGON_ID": "MDG_GAUL2014_ADM2_154579", "ADM0_ISO3": "MDG", "ADM0_NAME": "Madagascar", "ADM0_CODE": 150, "ADM1_NAME": "Ihorombe", "ADM1_CODE": 41764, "ADM2_NAME": "Iakora", "ADM2_CODE": 154579, "GEOSET": "GAUL", "GEOSET_YEAR": 2014.0, "GEOSET_VERSION": "GAUL_v1", "GEOSET_UNIT": "ADM2", "CENTROID_LONG": 46.634278991240123, "CENTROID_LAT": -23.152829968885914 }, "geometry": { "type": "MultiPolygon", "coordinates": [ [ [ [ 46.91596, -22.9252512 ], [ 46.7800942, -22.9198396 ], [ 46.78173, -22.98713 ], [ 46.8516771, -23.0671813 ], [ 46.8660124, -23.1195349 ], [ 46.8279906, -23.1770215 ], [ 46.8694905, -23.2548836 ], [ 46.8721177, -23.3349248 ], [ 46.9050642, -23.4727197 ], [ 46.8325507, -23.5289367 ], [ 46.8535013, -23.5914799 ], [ 46.7873706, -23.6357057 ], [ 46.6615735, -23.6498266 ], [ 46.595358, -23.5995205 ], [ 46.5385357, -23.590902 ], [ 46.5001332, -23.6163576 ], [ 46.4858807, -23.5027596 ], [ 46.4244531, -23.4960411 ], [ 46.4013672, -23.4354885 ], [ 46.4471635, -23.4010412 ], [ 46.4687821, -23.2829176 ], [ 46.4645365, -23.1867631 ], [ 46.3512152, -23.1350531 ], [ 46.3417554, -23.0923524 ], [ 46.2832881, -22.9984815 ], [ 46.3641777, -22.9586382 ], [ 46.3537499, -22.8553431 ], [ 46.4023575, -22.891387 ], [ 46.4894073, -22.8074638 ], [ 46.4556686, -22.7482082 ], [ 46.4995102, -22.6858203 ], [ 46.5474106, -22.6602358 ], [ 46.6356131, -22.6579286 ], [ 46.6748673, -22.6516973 ], [ 46.6990028, -22.7230061 ], [ 46.7698248, -22.7630077 ], [ 46.8513968, -22.7715442 ], [ 46.8620161, -22.8166481 ], [ 46.9137149, -22.8504205 ], [ 46.91596, -22.9252512 ] ] ] ] } },
{ "type": "Feature", "properties": { "POLYGON_ID": "MDG_GAUL2014_ADM2_154580", "ADM0_ISO3": "MDG", "ADM0_NAME": "Madagascar", "ADM0_CODE": 150, "ADM1_NAME": "Ihorombe", "ADM1_CODE": 41764, "ADM2_NAME": "Ihosy", "ADM2_CODE": 154580, "GEOSET": "GAUL", "GEOSET_YEAR": 2014.0, "GEOSET_VERSION": "GAUL_v1", "GEOSET_UNIT": "ADM2", "CENTROID_LONG": 45.823966794473343, "CENTROID_LAT": -22.344506489072529 }, "geometry": { "type": "MultiPolygon", "coordinates": [ [ [ [ 45.5483843, -21.6192132 ], [ 45.6133322, -21.6250596 ], [ 45.6418933, -21.6734205 ], [ 45.7391868, -21.7018831 ], [ 45.7605405, -21.7369745 ], [ 45.8301779, -21.7566805 ], [ 45.9593121, -21.6921225 ], [ 45.9618652, -21.7317953 ], [ 46.0899465, -21.7343501 ], [ 46.1506024, -21.7626118 ], [ 46.2246339, -21.764288 ], [ 46.2519862, -21.8026807 ], [ 46.3090695, -21.7877837 ], [ 46.3245738, -21.8491829 ], [ 46.3794635, -21.8589213 ], [ 46.3904837, -21.9244461 ], [ 46.4449935, -21.9855147 ], [ 46.4373775, -22.0607083 ], [ 46.5031324, -22.0738192 ], [ 46.5357518, -22.1243364 ], [ 46.5377516, -22.2144591 ], [ 46.5695836, -22.2778423 ], [ 46.5553731, -22.3268349 ], [ 46.6109267, -22.3899322 ], [ 46.6487594, -22.3981126 ], [ 46.714606, -22.4475237 ], [ 46.7218722, -22.494073 ], [ 46.693879, -22.5545419 ], [ 46.6089132, -22.5887672 ], [ 46.6356131, -22.6579286 ], [ 46.5474106, -22.6602358 ], [ 46.4995102, -22.6858203 ], [ 46.4556686, -22.7482082 ], [ 46.4894073, -22.8074638 ], [ 46.4023575, -22.891387 ], [ 46.3537499, -22.8553431 ], [ 46.3641777, -22.9586382 ], [ 46.2832881, -22.9984815 ], [ 46.2188099, -22.8631022 ], [ 46.0857546, -22.7923072 ], [ 46.0786218, -22.745152 ], [ 45.9997596, -22.6989538 ], [ 45.8554806, -22.6787887 ], [ 45.6804178, -22.7425443 ], [ 45.6476208, -22.7401893 ], [ 45.5158277, -22.8055695 ], [ 45.4656648, -22.847252 ], [ 45.3964405, -22.8757274 ], [ 45.362522, -22.9993447 ], [ 45.3624034, -23.1154708 ], [ 45.3449838, -23.1185481 ], [ 45.1299251, -23.0499871 ], [ 45.075226, -23.0528145 ], [ 45.0034766, -22.9937998 ], [ 44.9777304, -22.9494022 ], [ 44.9889306, -22.9113192 ], [ 45.069663, -22.8955413 ], [ 45.0596017, -22.8160721 ], [ 45.0189332, -22.7690378 ], [ 45.0459724, -22.7407105 ], [ 45.0280953, -22.6796944 ], [ 45.0665628, -22.6342538 ], [ 45.0773847, -22.5569083 ], [ 45.1160842, -22.4898841 ], [ 45.1562982, -22.4794834 ], [ 45.2359154, -22.3534282 ], [ 45.2234312, -22.3049274 ], [ 45.2436381, -22.2377707 ], [ 45.2765532, -22.2351855 ], [ 45.3037582, -22.1520152 ], [ 45.2652445, -22.065477 ], [ 45.2808602, -22.0011321 ], [ 45.2158287, -21.9691265 ], [ 45.2029795, -21.8993502 ], [ 45.2762933, -21.8887229 ], [ 45.3239632, -21.9007216 ], [ 45.352228, -21.8598865 ], [ 45.3498727, -21.7848724 ], [ 45.4060095, -21.7145016 ], [ 45.4792536, -21.6706879 ], [ 45.5396635, -21.6797547 ], [ 45.5483843, -21.6192132 ] ] ] ] } },
{ "type": "Feature", "properties": { "POLYGON_ID": "MDG_GAUL2014_ADM2_154581", "ADM0_ISO3": "MDG", "ADM0_NAME": "Madagascar", "ADM0_CODE": 150, "ADM1_NAME": "Ihorombe", "ADM1_CODE": 41764, "ADM2_NAME": "Ivohibe", "ADM2_CODE": 154581, "GEOSET": "GAUL", "GEOSET_YEAR": 2014.0, "GEOSET_VERSION": "GAUL_v1", "GEOSET_UNIT": "ADM2", "CENTROID_LONG": 46.91899688475327, "CENTROID_LAT": -22.523513344997159 }, "geometry": { "type": "MultiPolygon", "coordinates": [ [ [ [ 47.0396423, -22.1630723 ], [ 47.044953, -22.2068898 ], [ 47.1016116, -22.2517505 ], [ 47.1174759, -22.3103634 ], [ 47.189677, -22.3536814 ], [ 47.1757398, -22.4202059 ], [ 47.1991174, -22.5095993 ], [ 47.1742478, -22.5918725 ], [ 47.2049604, -22.6152871 ], [ 47.2098215, -22.6784108 ], [ 47.1854268, -22.6970894 ], [ 47.2126677, -22.8046726 ], [ 47.2107403, -22.9204418 ], [ 47.1526534, -22.9482678 ], [ 47.1370576, -23.005637 ], [ 47.0869913, -23.0003837 ], [ 47.0698959, -22.9544309 ], [ 47.0032439, -22.9753982 ], [ 46.9592628, -22.9202584 ], [ 46.91596, -22.9252512 ], [ 46.9137149, -22.8504205 ], [ 46.8620161, -22.8166481 ], [ 46.8513968, -22.7715442 ], [ 46.7698248, -22.7630077 ], [ 46.6990028, -22.7230061 ], [ 46.6748673, -22.6516973 ], [ 46.6356131, -22.6579286 ], [ 46.6089132, -22.5887672 ], [ 46.693879, -22.5545419 ], [ 46.7218722, -22.494073 ], [ 46.714606, -22.4475237 ], [ 46.6487594, -22.3981126 ], [ 46.6109267, -22.3899322 ], [ 46.5553731, -22.3268349 ], [ 46.5695836, -22.2778423 ], [ 46.5377516, -22.2144591 ], [ 46.5357518, -22.1243364 ], [ 46.70462, -22.14122 ], [ 46.7312118, -22.184738 ], [ 46.8144938, -22.1671898 ], [ 46.9079977, -22.2051179 ], [ 46.9689315, -22.1512025 ], [ 47.0396423, -22.1630723 ] ] ] ] } },
{ "type": "Feature", "properties": { "POLYGON_ID": "MDG_GAUL2014_ADM2_154582", "ADM0_ISO3": "MDG", "ADM0_NAME": "Madagascar", "ADM0_CODE": 150, "ADM1_NAME": "Itasy", "ADM1_CODE": 41765, "ADM2_NAME": "Arivonimamo", "ADM2_CODE": 154582, "GEOSET": "GAUL", "GEOSET_YEAR": 2014.0, "GEOSET_VERSION": "GAUL_v1", "GEOSET_UNIT": "ADM2", "CENTROID_LONG": 47.2400337453983, "CENTROID_LAT": -19.072664760575922 }, "geometry": { "type": "MultiPolygon", "coordinates": [ [ [ [ 47.1743247, -18.762724 ], [ 47.2512925, -18.7687958 ], [ 47.3182075, -18.8157178 ], [ 47.3338046, -18.8976215 ], [ 47.402796, -18.918851 ], [ 47.4324954, -18.9974143 ], [ 47.4495397, -19.1086555 ], [ 47.4673149, -19.1298985 ], [ 47.443221, -19.2530694 ], [ 47.3844433, -19.2886678 ], [ 47.2976292, -19.2945893 ], [ 47.2629603, -19.2801706 ], [ 47.2242376, -19.3776388 ], [ 47.1087419, -19.3481612 ], [ 47.0690979, -19.3222977 ], [ 47.0694633, -19.2427473 ], [ 47.024113, -19.2015474 ], [ 47.0812547, -19.1591729 ], [ 47.0494602, -19.1073414 ], [ 47.0572784, -19.0418514 ], [ 47.1145284, -19.0269778 ], [ 47.0850648, -18.8973663 ], [ 47.1175547, -18.8430307 ], [ 47.0867942, -18.7298269 ], [ 47.0919934, -18.7132571 ], [ 47.1743247, -18.762724 ] ] ] ] } },
{ "type": "Feature", "properties": { "POLYGON_ID": "MDG_GAUL2014_ADM2_154583", "ADM0_ISO3": "MDG", "ADM0_NAME": "Madagascar", "ADM0_CODE": 150, "ADM1_NAME": "Itasy", "ADM1_CODE": 41765, "ADM2_NAME": "Miarinarivo", "ADM2_CODE": 154583, "GEOSET": "GAUL", "GEOSET_YEAR": 2014.0, "GEOSET_VERSION": "GAUL_v1", "GEOSET_UNIT": "ADM2", "CENTROID_LONG": 46.830672030660494, "CENTROID_LAT": -18.907034571729724 }, "geometry": { "type": "MultiPolygon", "coordinates": [ [ [ [ 47.0867942, -18.7298269 ], [ 47.1175547, -18.8430307 ], [ 47.0850648, -18.8973663 ], [ 47.1145284, -19.0269778 ], [ 47.0572784, -19.0418514 ], [ 47.0494602, -19.1073414 ], [ 47.0812547, -19.1591729 ], [ 47.024113, -19.2015474 ], [ 46.950563, -19.1905369 ], [ 46.923966, -19.2102233 ], [ 46.8657838, -19.1519666 ], [ 46.8519637, -19.1127049 ], [ 46.7952536, -19.1183273 ], [ 46.7710908, -19.0499618 ], [ 46.7287304, -19.0247167 ], [ 46.5594301, -19.0231358 ], [ 46.4859599, -18.9806257 ], [ 46.5562478, -18.8908522 ], [ 46.5648103, -18.7961997 ], [ 46.5238932, -18.7541304 ], [ 46.530079, -18.6730214 ], [ 46.5005428, -18.6458723 ], [ 46.5484692, -18.6751322 ], [ 46.6272903, -18.6803797 ], [ 46.7176142, -18.664707 ], [ 46.7855768, -18.7173146 ], [ 46.8607663, -18.6926383 ], [ 46.9750442, -18.7382746 ], [ 47.0867942, -18.7298269 ] ] ] ] } },
{ "type": "Feature", "properties": { "POLYGON_ID": "MDG_GAUL2014_ADM2_154584", "ADM0_ISO3": "MDG", "ADM0_NAME": "Madagascar", "ADM0_CODE": 150, "ADM1_NAME": "Itasy", "ADM1_CODE": 41765, "ADM2_NAME": "Soavinandriana", "ADM2_CODE": 154584, "GEOSET": "GAUL", "GEOSET_YEAR": 2014.0, "GEOSET_VERSION": "GAUL_v1", "GEOSET_UNIT": "ADM2", "CENTROID_LONG": 46.559164841809, "CENTROID_LAT": -19.226807496859603 }, "geometry": { "type": "MultiPolygon", "coordinates": [ [ [ [ 46.923966, -19.2102233 ], [ 46.9024114, -19.2355264 ], [ 46.8273701, -19.2190168 ], [ 46.7682354, -19.2883358 ], [ 46.6108753, -19.3631918 ], [ 46.5617077, -19.4132064 ], [ 46.5102403, -19.3870124 ], [ 46.463857, -19.397067 ], [ 46.4332924, -19.3702563 ], [ 46.3519747, -19.3999752 ], [ 46.203032, -19.4288114 ], [ 46.1631084, -19.4020261 ], [ 46.1850587, -19.3730669 ], [ 46.2608024, -19.3425138 ], [ 46.2799159, -19.2988801 ], [ 46.3227856, -19.2810282 ], [ 46.3390889, -19.1909622 ], [ 46.4436851, -19.0894305 ], [ 46.50285, -19.08548 ], [ 46.5501546, -19.1078373 ], [ 46.5594301, -19.0231358 ], [ 46.7287304, -19.0247167 ], [ 46.7710908, -19.0499618 ], [ 46.7952536, -19.1183273 ], [ 46.8519637, -19.1127049 ], [ 46.8657838, -19.1519666 ], [ 46.923966, -19.2102233 ] ] ] ] } },
{ "type": "Feature", "properties": { "POLYGON_ID": "MDG_GAUL2014_ADM2_154585", "ADM0_ISO3": "MDG", "ADM0_NAME": "Madagascar", "ADM0_CODE": 150, "ADM1_NAME": "Melaky", "ADM1_CODE": 41766, "ADM2_NAME": "Ambatomainty", "ADM2_CODE": 154585, "GEOSET": "GAUL", "GEOSET_YEAR": 2014.0, "GEOSET_VERSION": "GAUL_v1", "GEOSET_UNIT": "ADM2", "CENTROID_LONG": 45.604498554478802, "CENTROID_LAT": -17.744563317822717 }, "geometry": { "type": "MultiPolygon", "coordinates": [ [ [ [ 45.59928, -17.400458 ], [ 45.5944232, -17.4292618 ], [ 45.6530258, -17.4546 ], [ 45.7982409, -17.4662865 ], [ 45.8984904, -17.4316299 ], [ 45.9522973, -17.5466562 ], [ 45.9321575, -17.6055746 ], [ 45.9712941, -17.813936 ], [ 45.9445972, -17.8849627 ], [ 45.9261279, -17.9752865 ], [ 45.8872587, -18.016002 ], [ 45.8050715, -18.0187117 ], [ 45.769403, -18.0670097 ], [ 45.6762166, -18.0800281 ], [ 45.6144087, -18.1194275 ], [ 45.6003532, -18.1949438 ], [ 45.5465347, -18.249907 ], [ 45.5360206, -18.1793083 ], [ 45.5640025, -18.1143421 ], [ 45.5287611, -18.073935 ], [ 45.4580031, -18.0483334 ], [ 45.42407, -17.981037 ], [ 45.415128, -17.9170255 ], [ 45.3371036, -17.8545457 ], [ 45.2819471, -17.8736556 ], [ 45.2709665, -17.8295598 ], [ 45.2824503, -17.7498183 ], [ 45.2546087, -17.748663 ], [ 45.2375837, -17.6797428 ], [ 45.1705684, -17.6933493 ], [ 45.1110329, -17.5537336 ], [ 45.1878225, -17.5306171 ], [ 45.2060283, -17.496023 ], [ 45.368684, -17.5221186 ], [ 45.4835555, -17.5203105 ], [ 45.4669397, -17.4462812 ], [ 45.5091438, -17.4059663 ], [ 45.59928, -17.400458 ] ] ] ] } },
{ "type": "Feature", "properties": { "POLYGON_ID": "MDG_GAUL2014_ADM2_154586", "ADM0_ISO3": "MDG", "ADM0_NAME": "Madagascar", "ADM0_CODE": 150, "ADM1_NAME": "Melaky", "ADM1_CODE": 41766, "ADM2_NAME": "Antsalova", "ADM2_CODE": 154586, "GEOSET": "GAUL", "GEOSET_YEAR": 2014.0, "GEOSET_VERSION": "GAUL_v1", "GEOSET_UNIT": "ADM2", "CENTROID_LONG": 44.636373508712992, "CENTROID_LAT": -18.825922049014352 }, "geometry": { "type": "MultiPolygon", "coordinates": [ [ [ [ 44.8016405, -18.3649659 ], [ 44.8507675, -18.4477918 ], [ 44.8911806, -18.5586282 ], [ 44.9035672, -18.6410868 ], [ 44.9395191, -18.6922212 ], [ 44.9432226, -18.7410533 ], [ 45.0064105, -18.8176855 ], [ 45.013677, -18.8533206 ], [ 44.9757768, -18.891878 ], [ 45.0435682, -18.9975825 ], [ 45.0629963, -19.0762295 ], [ 45.0249423, -19.1218894 ], [ 45.0336919, -19.1787525 ], [ 45.080256, -19.1901346 ], [ 45.1206474, -19.2373065 ], [ 45.0902531, -19.25706 ], [ 44.9221575, -19.2711595 ], [ 44.8725446, -19.3139323 ], [ 44.8160407, -19.282711 ], [ 44.7506829, -19.2228437 ], [ 44.6097806, -19.1681387 ], [ 44.4032362, -19.1760069 ], [ 44.3404469, -19.1702876 ], [ 44.3459575, -19.1414686 ], [ 44.2781088, -19.0705165 ], [ 44.2865146, -18.9734499 ], [ 44.2385054, -18.8740988 ], [ 44.2514065, -18.8017766 ], [ 44.2162652, -18.7104556 ], [ 44.140984, -18.5496652 ], [ 44.1670104, -18.5183628 ], [ 44.1675514, -18.5178861 ], [ 44.1678506, -18.5152424 ], [ 44.2465281, -18.5263772 ], [ 44.2959955, -18.5620154 ], [ 44.3454807, -18.507296 ], [ 44.4399011, -18.4973922 ], [ 44.4574367, -18.4213381 ], [ 44.5344873, -18.4128673 ], [ 44.5804949, -18.3568116 ], [ 44.6469561, -18.3209608 ], [ 44.7501431, -18.3182186 ], [ 44.8016405, -18.3649659 ] ] ], [ [ [ 44.339671, -19.170481 ], [ 44.3325301, -19.1720302 ], [ 44.3307152, -19.1721098 ], [ 44.3189712, -19.1704348 ], [ 44.316999, -19.170078 ], [ 44.3122931, -19.1659476 ], [ 44.339671, -19.170481 ] ] ], [ [ [ 44.1361172, -18.540268 ], [ 44.1397806, -18.5402853 ], [ 44.140582, -18.5397526 ], [ 44.1407247, -18.5396189 ], [ 44.1398081, -18.5419328 ], [ 44.1361172, -18.540268 ] ] ] ] } },
{ "type": "Feature", "properties": { "POLYGON_ID": "MDG_GAUL2014_ADM2_154587", "ADM0_ISO3": "MDG", "ADM0_NAME": "Madagascar", "ADM0_CODE": 150, "ADM1_NAME": "Melaky", "ADM1_CODE": 41766, "ADM2_NAME": "Besalampy", "ADM2_CODE": 154587, "GEOSET": "GAUL", "GEOSET_YEAR": 2014.0, "GEOSET_VERSION": "GAUL_v1", "GEOSET_UNIT": "ADM2", "CENTROID_LONG": 44.920976355269829, "CENTROID_LAT": -16.919825375716549 }, "geometry": { "type": "MultiPolygon", "coordinates": [ [ [ [ 44.898871, -16.2389552 ], [ 44.9285692, -16.3484343 ], [ 44.91873, -16.40813 ], [ 44.94082, -16.48555 ], [ 45.0729669, -16.5667411 ], [ 45.1403561, -16.6326603 ], [ 45.1817837, -16.6254491 ], [ 45.2364431, -16.6752126 ], [ 45.2733151, -16.6835641 ], [ 45.2633111, -16.7441015 ], [ 45.2822739, -16.792359 ], [ 45.34672, -16.81532 ], [ 45.3726075, -16.8514748 ], [ 45.4502986, -16.888571 ], [ 45.4675118, -16.9800818 ], [ 45.5196899, -17.0030286 ], [ 45.4813214, -17.0447045 ], [ 45.4844459, -17.1459319 ], [ 45.5337592, -17.2917716 ], [ 45.5210363, -17.3195876 ], [ 45.5700882, -17.3646967 ], [ 45.59928, -17.400458 ], [ 45.5091438, -17.4059663 ], [ 45.4669397, -17.4462812 ], [ 45.4835555, -17.5203105 ], [ 45.368684, -17.5221186 ], [ 45.2060283, -17.496023 ], [ 45.1543119, -17.4704814 ], [ 45.1224556, -17.4947111 ], [ 45.0366668, -17.5070432 ], [ 45.0010975, -17.4703153 ], [ 44.8798709, -17.4853247 ], [ 44.8325288, -17.4057721 ], [ 44.7567951, -17.3785438 ], [ 44.7436457, -17.2848596 ], [ 44.6805021, -17.2787533 ], [ 44.6450803, -17.1863613 ], [ 44.5700541, -17.1808026 ], [ 44.5165433, -17.0984688 ], [ 44.4510463, -17.0567653 ], [ 44.424478, -17.0184597 ], [ 44.359669, -16.9887403 ], [ 44.3025924, -16.8726036 ], [ 44.3849187, -16.7505096 ], [ 44.4241907, -16.7172628 ], [ 44.4399363, -16.6653879 ], [ 44.4308697, -16.5681424 ], [ 44.4651011, -16.5524731 ], [ 44.4703875, -16.4994399 ], [ 44.4359896, -16.3771081 ], [ 44.4725979, -16.2599791 ], [ 44.4612886, -16.2014672 ], [ 44.5493021, -16.1911089 ], [ 44.7294864, -16.231607 ], [ 44.7977227, -16.2654344 ], [ 44.7807297, -16.3151426 ], [ 44.8755909, -16.2925471 ], [ 44.898871, -16.2389552 ] ] ], [ [ [ 44.8981376, -16.2387114 ], [ 44.8982938, -16.2387617 ], [ 44.8953605, -16.237937 ], [ 44.8952836, -16.2360956 ], [ 44.8973303, -16.2384318 ], [ 44.8981376, -16.2387114 ] ] ] ] } },
{ "type": "Feature", "properties": { "POLYGON_ID": "MDG_GAUL2014_ADM2_154588", "ADM0_ISO3": "MDG", "ADM0_NAME": "Madagascar", "ADM0_CODE": 150, "ADM1_NAME": "Melaky", "ADM1_CODE": 41766, "ADM2_NAME": "Maintirano", "ADM2_CODE": 154588, "GEOSET": "GAUL", "GEOSET_YEAR": 2014.0, "GEOSET_VERSION": "GAUL_v1", "GEOSET_UNIT": "ADM2", "CENTROID_LONG": 44.31558728563207, "CENTROID_LAT": -17.725622509084218 }, "geometry": { "type": "MultiPolygon", "coordinates": [ [ [ [ 44.8798709, -17.4853247 ], [ 44.7810306, -17.5162508 ], [ 44.649518, -17.5068483 ], [ 44.5748698, -17.6083876 ], [ 44.5850527, -17.6691445 ], [ 44.5546076, -17.6994201 ], [ 44.4747618, -17.6591683 ], [ 44.4623245, -17.6913549 ], [ 44.4871483, -17.818742 ], [ 44.507718, -17.8393595 ], [ 44.5021346, -17.9064702 ], [ 44.5448399, -17.9985954 ], [ 44.5151343, -18.1007278 ], [ 44.5221814, -18.1456473 ], [ 44.5620706, -18.177533 ], [ 44.6469561, -18.3209608 ], [ 44.5804949, -18.3568116 ], [ 44.5344873, -18.4128673 ], [ 44.4574367, -18.4213381 ], [ 44.4399011, -18.4973922 ], [ 44.3454807, -18.507296 ], [ 44.2959955, -18.5620154 ], [ 44.2465281, -18.5263772 ], [ 44.1678506, -18.5152424 ], [ 44.165556, -18.5156559 ], [ 44.1654818, -18.515459 ], [ 44.1654563, -18.5153915 ], [ 44.1627813, -18.5169805 ], [ 44.1555399, -18.5216596 ], [ 44.1550116, -18.5224907 ], [ 44.1334157, -18.5243895 ], [ 44.1321666, -18.5310803 ], [ 44.1397806, -18.5402853 ], [ 44.1361172, -18.540268 ], [ 44.1308063, -18.5314881 ], [ 44.1268045, -18.5271671 ], [ 44.0754345, -18.4612697 ], [ 44.0951538, -18.4322603 ], [ 44.0448881, -18.3475337 ], [ 44.0785222, -18.2354003 ], [ 44.0440896, -18.073994 ], [ 44.0162622, -18.0658696 ], [ 44.0169131, -17.9242092 ], [ 44.0343967, -17.8006608 ], [ 44.0189929, -17.762201 ], [ 43.9592043, -17.7378236 ], [ 43.9290183, -17.5450161 ], [ 43.935283, -17.4627241 ], [ 43.976133, -17.3867384 ], [ 44.0923062, -17.2227536 ], [ 44.0996855, -17.162835 ], [ 44.1407997, -17.100466 ], [ 44.2139745, -17.0260993 ], [ 44.3025924, -16.8726036 ], [ 44.359669, -16.9887403 ], [ 44.424478, -17.0184597 ], [ 44.4510463, -17.0567653 ], [ 44.5165433, -17.0984688 ], [ 44.5700541, -17.1808026 ], [ 44.6450803, -17.1863613 ], [ 44.6805021, -17.2787533 ], [ 44.7436457, -17.2848596 ], [ 44.7567951, -17.3785438 ], [ 44.8325288, -17.4057721 ], [ 44.8798709, -17.4853247 ] ] ] ] } },
{ "type": "Feature", "properties": { "POLYGON_ID": "MDG_GAUL2014_ADM2_154589", "ADM0_ISO3": "MDG", "ADM0_NAME": "Madagascar", "ADM0_CODE": 150, "ADM1_NAME": "Melaky", "ADM1_CODE": 41766, "ADM2_NAME": "Morafenobe", "ADM2_CODE": 154589, "GEOSET": "GAUL", "GEOSET_YEAR": 2014.0, "GEOSET_VERSION": "GAUL_v1", "GEOSET_UNIT": "ADM2", "CENTROID_LONG": 44.9585245758472, "CENTROID_LAT": -17.931496274833236 }, "geometry": { "type": "MultiPolygon", "coordinates": [ [ [ [ 45.2060283, -17.496023 ], [ 45.1878225, -17.5306171 ], [ 45.1110329, -17.5537336 ], [ 45.1705684, -17.6933493 ], [ 45.2375837, -17.6797428 ], [ 45.2546087, -17.748663 ], [ 45.2824503, -17.7498183 ], [ 45.2709665, -17.8295598 ], [ 45.2819471, -17.8736556 ], [ 45.3371036, -17.8545457 ], [ 45.415128, -17.9170255 ], [ 45.42407, -17.981037 ], [ 45.4580031, -18.0483334 ], [ 45.5287611, -18.073935 ], [ 45.5640025, -18.1143421 ], [ 45.5360206, -18.1793083 ], [ 45.5465347, -18.249907 ], [ 45.4875615, -18.2437496 ], [ 45.5003667, -18.3275473 ], [ 45.4548824, -18.3604827 ], [ 45.3685296, -18.3234841 ], [ 45.3332311, -18.2788375 ], [ 45.2542979, -18.2496868 ], [ 45.2361992, -18.2225884 ], [ 45.1714838, -18.2080407 ], [ 45.095553, -18.2584827 ], [ 45.0708487, -18.2117086 ], [ 45.0131123, -18.1861497 ], [ 44.9454993, -18.243001 ], [ 44.9164405, -18.3007663 ], [ 44.8273326, -18.3250275 ], [ 44.8016405, -18.3649659 ], [ 44.7501431, -18.3182186 ], [ 44.6469561, -18.3209608 ], [ 44.5620706, -18.177533 ], [ 44.5221814, -18.1456473 ], [ 44.5151343, -18.1007278 ], [ 44.5448399, -17.9985954 ], [ 44.5021346, -17.9064702 ], [ 44.507718, -17.8393595 ], [ 44.4871483, -17.818742 ], [ 44.4623245, -17.6913549 ], [ 44.4747618, -17.6591683 ], [ 44.5546076, -17.6994201 ], [ 44.5850527, -17.6691445 ], [ 44.5748698, -17.6083876 ], [ 44.649518, -17.5068483 ], [ 44.7810306, -17.5162508 ], [ 44.8798709, -17.4853247 ], [ 45.0010975, -17.4703153 ], [ 45.0366668, -17.5070432 ], [ 45.1224556, -17.4947111 ], [ 45.1543119, -17.4704814 ], [ 45.2060283, -17.496023 ] ] ] ] } },
{ "type": "Feature", "properties": { "POLYGON_ID": "MDG_GAUL2014_ADM2_154590", "ADM0_ISO3": "MDG", "ADM0_NAME": "Madagascar", "ADM0_CODE": 150, "ADM1_NAME": "Menabe", "ADM1_CODE": 41767, "ADM2_NAME": "Belo Sur Tsiribihina", "ADM2_CODE": 154590, "GEOSET": "GAUL", "GEOSET_YEAR": 2014.0, "GEOSET_VERSION": "GAUL_v1", "GEOSET_UNIT": "ADM2", "CENTROID_LONG": 44.849956943218807, "CENTROID_LAT": -19.641835202546162 }, "geometry": { "type": "MultiPolygon", "coordinates": [ [ [ [ 45.1206474, -19.2373065 ], [ 45.1641992, -19.216956 ], [ 45.2265905, -19.322295 ], [ 45.2348505, -19.3963513 ], [ 45.2707295, -19.4880712 ], [ 45.246127, -19.5817469 ], [ 45.2783217, -19.6853445 ], [ 45.2771259, -19.7352554 ], [ 45.2394489, -19.8136366 ], [ 45.3049675, -19.8791457 ], [ 45.3084317, -19.9602867 ], [ 45.2438849, -19.9862155 ], [ 45.2179489, -20.0772986 ], [ 45.1066502, -20.1581135 ], [ 45.0739045, -20.1041618 ], [ 44.9915278, -20.1222522 ], [ 44.8210266, -20.0991616 ], [ 44.8183674, -20.064646 ], [ 44.7688052, -20.0313718 ], [ 44.58285, -19.97043 ], [ 44.4788425, -19.9188664 ], [ 44.4589704, -19.8698623 ], [ 44.4069074, -19.8378983 ], [ 44.3889131, -19.7942017 ], [ 44.3930831, -19.6936647 ], [ 44.4523222, -19.6696726 ], [ 44.4894598, -19.5752616 ], [ 44.4587431, -19.4973919 ], [ 44.4738102, -19.4572581 ], [ 44.4505267, -19.3969218 ], [ 44.4572734, -19.3266296 ], [ 44.389873, -19.3212654 ], [ 44.335356, -19.2507632 ], [ 44.3325301, -19.1720302 ], [ 44.339671, -19.170481 ], [ 44.3404469, -19.1702876 ], [ 44.4032362, -19.1760069 ], [ 44.6097806, -19.1681387 ], [ 44.7506829, -19.2228437 ], [ 44.8160407, -19.282711 ], [ 44.8725446, -19.3139323 ], [ 44.9221575, -19.2711595 ], [ 45.0902531, -19.25706 ], [ 45.1206474, -19.2373065 ] ] ], [ [ [ 44.3083117, -19.1618326 ], [ 44.31074, -19.1638817 ], [ 44.3071202, -19.1617079 ], [ 44.3074341, -19.1616206 ], [ 44.3083117, -19.1618326 ] ] ] ] } },
{ "type": "Feature", "properties": { "POLYGON_ID": "MDG_GAUL2014_ADM2_154591", "ADM0_ISO3": "MDG", "ADM0_NAME": "Madagascar", "ADM0_CODE": 150, "ADM1_NAME": "Menabe", "ADM1_CODE": 41767, "ADM2_NAME": "Mahabo", "ADM2_CODE": 154591, "GEOSET": "GAUL", "GEOSET_YEAR": 2014.0, "GEOSET_VERSION": "GAUL_v1", "GEOSET_UNIT": "ADM2", "CENTROID_LONG": 45.166860302808146, "CENTROID_LAT": -20.637043892134947 }, "geometry": { "type": "MultiPolygon", "coordinates": [ [ [ [ 45.7980707, -20.227159 ], [ 45.8100587, -20.3054791 ], [ 45.8347605, -20.3383244 ], [ 45.819493, -20.5617289 ], [ 45.8415029, -20.7147369 ], [ 45.7899598, -20.7231425 ], [ 45.7654929, -20.8386535 ], [ 45.775699, -20.9257645 ], [ 45.6848189, -20.9101004 ], [ 45.647799, -20.9841429 ], [ 45.5688509, -20.9913307 ], [ 45.5069299, -20.977603 ], [ 45.4862402, -21.0426435 ], [ 45.4530936, -21.0498949 ], [ 45.3685168, -21.1402086 ], [ 45.3284956, -21.1561883 ], [ 45.2265312, -21.1470647 ], [ 45.1176557, -21.2309312 ], [ 45.0989564, -21.2851474 ], [ 45.0195373, -21.2969826 ], [ 44.9410525, -21.2872162 ], [ 44.9079109, -21.2279461 ], [ 44.7954554, -21.1961352 ], [ 44.763552, -21.2081678 ], [ 44.6906335, -21.1702292 ], [ 44.6355271, -21.1957978 ], [ 44.58546, -21.1768343 ], [ 44.5645997, -21.1085245 ], [ 44.5412899, -21.0584403 ], [ 44.5605954, -21.0036071 ], [ 44.6398178, -20.9584599 ], [ 44.6911946, -20.9458055 ], [ 44.6941763, -20.8020176 ], [ 44.705843, -20.723896 ], [ 44.6753284, -20.716034 ], [ 44.5769723, -20.632502 ], [ 44.5562153, -20.5968386 ], [ 44.5953823, -20.5425353 ], [ 44.5592715, -20.4676812 ], [ 44.5824091, -20.3837035 ], [ 44.594966, -20.2270688 ], [ 44.6189785, -20.1822428 ], [ 44.7230601, -20.147745 ], [ 44.7172999, -20.1006431 ], [ 44.8210266, -20.0991616 ], [ 44.9915278, -20.1222522 ], [ 45.0739045, -20.1041618 ], [ 45.1066502, -20.1581135 ], [ 45.2179489, -20.0772986 ], [ 45.2492971, -20.1058266 ], [ 45.337984, -20.0877598 ], [ 45.3552508, -20.1574788 ], [ 45.42467, -20.17622 ], [ 45.467813, -20.1466301 ], [ 45.5465, -20.17493 ], [ 45.5837538, -20.1339807 ], [ 45.6428084, -20.1436307 ], [ 45.7044554, -20.196501 ], [ 45.7980707, -20.227159 ] ] ] ] } },
{ "type": "Feature", "properties": { "POLYGON_ID": "MDG_GAUL2014_ADM2_154592", "ADM0_ISO3": "MDG", "ADM0_NAME": "Madagascar", "ADM0_CODE": 150, "ADM1_NAME": "Menabe", "ADM1_CODE": 41767, "ADM2_NAME": "Manja", "ADM2_CODE": 154592, "GEOSET": "GAUL", "GEOSET_YEAR": 2014.0, "GEOSET_VERSION": "GAUL_v1", "GEOSET_UNIT": "ADM2", "CENTROID_LONG": 44.200520405416697, "CENTROID_LAT": -21.42221914685512 }, "geometry": { "type": "MultiPolygon", "coordinates": [ [ [ [ 44.5645997, -21.1085245 ], [ 44.58546, -21.1768343 ], [ 44.6355271, -21.1957978 ], [ 44.6906335, -21.1702292 ], [ 44.763552, -21.2081678 ], [ 44.7125193, -21.2497836 ], [ 44.6815175, -21.3299193 ], [ 44.6978343, -21.380079 ], [ 44.6809843, -21.5552166 ], [ 44.7542862, -21.6655602 ], [ 44.75012, -21.73443 ], [ 44.6133511, -21.7485464 ], [ 44.5397671, -21.7943533 ], [ 44.4317261, -21.8375171 ], [ 44.3418009, -21.8391883 ], [ 44.2807315, -21.816506 ], [ 44.2588042, -21.8602114 ], [ 44.2216696, -21.8127918 ], [ 44.1788953, -21.8013101 ], [ 44.083037, -21.8408755 ], [ 44.0521486, -21.8921615 ], [ 43.9954666, -21.9073825 ], [ 43.8802051, -21.8663661 ], [ 43.8422015, -21.7838416 ], [ 43.7722713, -21.7070203 ], [ 43.7363081, -21.5746368 ], [ 43.6389751, -21.4507618 ], [ 43.6015184, -21.4355551 ], [ 43.5967113, -21.3626961 ], [ 43.568149, -21.3272927 ], [ 43.6155427, -21.3423568 ], [ 43.6800257, -21.3222793 ], [ 43.7335887, -21.3401986 ], [ 43.7643424, -21.3103045 ], [ 43.7455733, -21.271932 ], [ 43.8036632, -21.2215055 ], [ 43.8389012, -21.1396182 ], [ 43.869907, -21.0049851 ], [ 43.9246268, -20.9756472 ], [ 44.073346, -20.9839037 ], [ 44.1032917, -20.9247617 ], [ 44.2389966, -20.9251364 ], [ 44.3114524, -20.9487816 ], [ 44.3574467, -20.9279403 ], [ 44.3904143, -20.9839724 ], [ 44.4756818, -21.0811545 ], [ 44.5645997, -21.1085245 ] ] ] ] } },
{ "type": "Feature", "properties": { "POLYGON_ID": "MDG_GAUL2014_ADM2_154593", "ADM0_ISO3": "MDG", "ADM0_NAME": "Madagascar", "ADM0_CODE": 150, "ADM1_NAME": "Menabe", "ADM1_CODE": 41767, "ADM2_NAME": "Miandrivazo", "ADM2_CODE": 154593, "GEOSET": "GAUL", "GEOSET_YEAR": 2014.0, "GEOSET_VERSION": "GAUL_v1", "GEOSET_UNIT": "ADM2", "CENTROID_LONG": 45.367745936108214, "CENTROID_LAT": -19.162256965653292 }, "geometry": { "type": "MultiPolygon", "coordinates": [ [ [ [ 45.5003667, -18.3275473 ], [ 45.5559767, -18.3778046 ], [ 45.5794389, -18.4374467 ], [ 45.6061028, -18.5737726 ], [ 45.5034307, -18.6960783 ], [ 45.4658278, -18.723841 ], [ 45.5053459, -18.8818755 ], [ 45.4772945, -18.9180407 ], [ 45.5495259, -18.9789731 ], [ 45.5446011, -19.0206768 ], [ 45.5875102, -19.0344981 ], [ 45.5913073, -19.0777669 ], [ 45.5543355, -19.1102503 ], [ 45.5940516, -19.1556206 ], [ 45.5528405, -19.2006088 ], [ 45.547321, -19.2711947 ], [ 45.6016616, -19.2730728 ], [ 45.7139317, -19.3214066 ], [ 45.7733778, -19.3122329 ], [ 45.8218901, -19.3473037 ], [ 45.8043542, -19.4406757 ], [ 45.7808874, -19.5360455 ], [ 45.8259465, -19.5693928 ], [ 45.8375721, -19.6455466 ], [ 45.8050525, -19.7370295 ], [ 45.8295928, -19.7758589 ], [ 45.7990647, -19.8548284 ], [ 45.7715259, -19.8814133 ], [ 45.754483, -19.9780061 ], [ 45.7874878, -20.0012041 ], [ 45.7622106, -20.0497779 ], [ 45.7580332, -20.110034 ], [ 45.7980707, -20.227159 ], [ 45.7044554, -20.196501 ], [ 45.6428084, -20.1436307 ], [ 45.5837538, -20.1339807 ], [ 45.5465, -20.17493 ], [ 45.467813, -20.1466301 ], [ 45.42467, -20.17622 ], [ 45.3552508, -20.1574788 ], [ 45.337984, -20.0877598 ], [ 45.2492971, -20.1058266 ], [ 45.2179489, -20.0772986 ], [ 45.2438849, -19.9862155 ], [ 45.3084317, -19.9602867 ], [ 45.3049675, -19.8791457 ], [ 45.2394489, -19.8136366 ], [ 45.2771259, -19.7352554 ], [ 45.2783217, -19.6853445 ], [ 45.246127, -19.5817469 ], [ 45.2707295, -19.4880712 ], [ 45.2348505, -19.3963513 ], [ 45.2265905, -19.322295 ], [ 45.1641992, -19.216956 ], [ 45.1206474, -19.2373065 ], [ 45.080256, -19.1901346 ], [ 45.0336919, -19.1787525 ], [ 45.0249423, -19.1218894 ], [ 45.0629963, -19.0762295 ], [ 45.0435682, -18.9975825 ], [ 44.9757768, -18.891878 ], [ 45.013677, -18.8533206 ], [ 45.0064105, -18.8176855 ], [ 44.9432226, -18.7410533 ], [ 44.9395191, -18.6922212 ], [ 44.9035672, -18.6410868 ], [ 44.8911806, -18.5586282 ], [ 44.8507675, -18.4477918 ], [ 44.8016405, -18.3649659 ], [ 44.8273326, -18.3250275 ], [ 44.9164405, -18.3007663 ], [ 44.9454993, -18.243001 ], [ 45.0131123, -18.1861497 ], [ 45.0708487, -18.2117086 ], [ 45.095553, -18.2584827 ], [ 45.1714838, -18.2080407 ], [ 45.2361992, -18.2225884 ], [ 45.2542979, -18.2496868 ], [ 45.3332311, -18.2788375 ], [ 45.3685296, -18.3234841 ], [ 45.4548824, -18.3604827 ], [ 45.5003667, -18.3275473 ] ] ] ] } },
{ "type": "Feature", "properties": { "POLYGON_ID": "MDG_GAUL2014_ADM2_154594", "ADM0_ISO3": "MDG", "ADM0_NAME": "Madagascar", "ADM0_CODE": 150, "ADM1_NAME": "Menabe", "ADM1_CODE": 41767, "ADM2_NAME": "Morondava", "ADM2_CODE": 154594, "GEOSET": "GAUL", "GEOSET_YEAR": 2014.0, "GEOSET_VERSION": "GAUL_v1", "GEOSET_UNIT": "ADM2", "CENTROID_LONG": 44.381024290153334, "CENTROID_LAT": -20.590533750132646 }, "geometry": { "type": "MultiPolygon", "coordinates": [ [ [ [ 44.8210266, -20.0991616 ], [ 44.7172999, -20.1006431 ], [ 44.7230601, -20.147745 ], [ 44.6189785, -20.1822428 ], [ 44.594966, -20.2270688 ], [ 44.5824091, -20.3837035 ], [ 44.5592715, -20.4676812 ], [ 44.5953823, -20.5425353 ], [ 44.5562153, -20.5968386 ], [ 44.5769723, -20.632502 ], [ 44.6753284, -20.716034 ], [ 44.705843, -20.723896 ], [ 44.6941763, -20.8020176 ], [ 44.6911946, -20.9458055 ], [ 44.6398178, -20.9584599 ], [ 44.5605954, -21.0036071 ], [ 44.5412899, -21.0584403 ], [ 44.5645997, -21.1085245 ], [ 44.4756818, -21.0811545 ], [ 44.3904143, -20.9839724 ], [ 44.3574467, -20.9279403 ], [ 44.3114524, -20.9487816 ], [ 44.2389966, -20.9251364 ], [ 44.1032917, -20.9247617 ], [ 44.073346, -20.9839037 ], [ 43.9246268, -20.9756472 ], [ 43.869907, -21.0049851 ], [ 43.8718558, -20.9547148 ], [ 43.9009049, -20.8614382 ], [ 43.9812783, -20.7841731 ], [ 43.9944845, -20.7331382 ], [ 44.0408668, -20.7133183 ], [ 44.0857242, -20.6032233 ], [ 44.0879947, -20.5664124 ], [ 44.1885351, -20.425539 ], [ 44.244099, -20.4031275 ], [ 44.2459635, -20.3262935 ], [ 44.3011188, -20.2354613 ], [ 44.3434584, -20.223907 ], [ 44.3652259, -20.1710654 ], [ 44.4033226, -20.1578072 ], [ 44.4365579, -20.0917309 ], [ 44.5038773, -20.0230007 ], [ 44.5047005, -19.9639392 ], [ 44.4788425, -19.9188664 ], [ 44.58285, -19.97043 ], [ 44.7688052, -20.0313718 ], [ 44.8183674, -20.064646 ], [ 44.8210266, -20.0991616 ] ] ] ] } },
{ "type": "Feature", "properties": { "POLYGON_ID": "MDG_GAUL2014_ADM2_154595", "ADM0_ISO3": "MDG", "ADM0_NAME": "Madagascar", "ADM0_CODE": 150, "ADM1_NAME": "Sava", "ADM1_CODE": 41768, "ADM2_NAME": "Andapa", "ADM2_CODE": 154595, "GEOSET": "GAUL", "GEOSET_YEAR": 2014.0, "GEOSET_VERSION": "GAUL_v1", "GEOSET_UNIT": "ADM2", "CENTROID_LONG": 49.555044743863235, "CENTROID_LAT": -14.569529021467611 }, "geometry": { "type": "MultiPolygon", "coordinates": [ [ [ [ 49.8437113, -14.6613936 ], [ 49.8888443, -14.7463835 ], [ 49.8805294, -14.855806 ], [ 49.8395395, -14.9171583 ], [ 49.8286747, -14.9974507 ], [ 49.7909835, -15.0501089 ], [ 49.7145607, -15.091426 ], [ 49.6596474, -15.0397797 ], [ 49.6453676, -14.9862815 ], [ 49.5909297, -14.9510375 ], [ 49.478633, -14.8078319 ], [ 49.4267562, -14.7333465 ], [ 49.4124831, -14.6531525 ], [ 49.380943, -14.6159617 ], [ 49.312914, -14.58636 ], [ 49.3960884, -14.510204 ], [ 49.3619328, -14.4795789 ], [ 49.2908426, -14.4590279 ], [ 49.2110647, -14.3625304 ], [ 49.1066629, -14.2601187 ], [ 49.1084572, -14.1984698 ], [ 49.1524334, -14.1821489 ], [ 49.2283909, -14.2231612 ], [ 49.2774155, -14.2007257 ], [ 49.3401092, -14.2161557 ], [ 49.4165511, -14.1406845 ], [ 49.5032506, -14.156567 ], [ 49.56712, -14.13478 ], [ 49.5599709, -14.236297 ], [ 49.6426, -14.27348 ], [ 49.720576, -14.364774 ], [ 49.6442541, -14.4752449 ], [ 49.7685524, -14.5345184 ], [ 49.7999829, -14.5661446 ], [ 49.7863596, -14.6060486 ], [ 49.8437113, -14.6613936 ] ] ] ] } },
{ "type": "Feature", "properties": { "POLYGON_ID": "MDG_GAUL2014_ADM2_154596", "ADM0_ISO3": "MDG", "ADM0_NAME": "Madagascar", "ADM0_CODE": 150, "ADM1_NAME": "Sava", "ADM1_CODE": 41768, "ADM2_NAME": "Antalaha", "ADM2_CODE": 154596, "GEOSET": "GAUL", "GEOSET_YEAR": 2014.0, "GEOSET_VERSION": "GAUL_v1", "GEOSET_UNIT": "ADM2", "CENTROID_LONG": 50.143612082878313, "CENTROID_LAT": -15.223292737151324 }, "geometry": { "type": "MultiPolygon", "coordinates": [ [ [ [ 50.1839944, -14.5577832 ], [ 50.225935, -14.7128456 ], [ 50.2239188, -14.75896 ], [ 50.2521038, -14.8039618 ], [ 50.2649606, -14.8704694 ], [ 50.3154661, -14.9507364 ], [ 50.3330041, -15.025771 ], [ 50.4335277, -15.1517349 ], [ 50.4724978, -15.2152142 ], [ 50.4808399, -15.3301498 ], [ 50.4444583, -15.4333822 ], [ 50.4204404, -15.568588 ], [ 50.3586612, -15.6938737 ], [ 50.299019, -15.8661088 ], [ 50.2453445, -15.9098291 ], [ 50.2214151, -15.988444 ], [ 50.1610337, -15.9896009 ], [ 50.1445135, -15.943473 ], [ 50.080769, -15.9253198 ], [ 50.0245009, -15.8845856 ], [ 50.0119524, -15.8320499 ], [ 50.0683668, -15.8147479 ], [ 50.0310484, -15.7135036 ], [ 49.9826142, -15.6987954 ], [ 50.006368, -15.6349011 ], [ 50.0182807, -15.4824345 ], [ 50.0502945, -15.4682669 ], [ 50.0531466, -15.3921918 ], [ 49.9864959, -15.3497343 ], [ 50.0332385, -15.2975204 ], [ 49.9882802, -15.2446256 ], [ 49.9390632, -15.2785759 ], [ 49.894666, -15.2696779 ], [ 49.8664478, -15.2128939 ], [ 49.8064327, -15.1601692 ], [ 49.8221369, -15.1216611 ], [ 49.7909835, -15.0501089 ], [ 49.8286747, -14.9974507 ], [ 49.8395395, -14.9171583 ], [ 49.8805294, -14.855806 ], [ 49.8888443, -14.7463835 ], [ 49.8437113, -14.6613936 ], [ 49.9116929, -14.6214619 ], [ 49.9643571, -14.547333 ], [ 50.0304774, -14.5204016 ], [ 50.0952609, -14.554018 ], [ 50.1839944, -14.5577832 ] ] ] ] } },
{ "type": "Feature", "properties": { "POLYGON_ID": "MDG_GAUL2014_ADM2_154597", "ADM0_ISO3": "MDG", "ADM0_NAME": "Madagascar", "ADM0_CODE": 150, "ADM1_NAME": "Sava", "ADM1_CODE": 41768, "ADM2_NAME": "Sambava", "ADM2_CODE": 154597, "GEOSET": "GAUL", "GEOSET_YEAR": 2014.0, "GEOSET_VERSION": "GAUL_v1", "GEOSET_UNIT": "ADM2", "CENTROID_LONG": 49.789670600351805, "CENTROID_LAT": -14.22285328374714 }, "geometry": { "type": "MultiPolygon", "coordinates": [ [ [ [ 50.1408782, -13.8290958 ], [ 50.138745, -14.0124664 ], [ 50.1660487, -14.0517281 ], [ 50.1466998, -14.1797221 ], [ 50.1472451, -14.2456869 ], [ 50.2016036, -14.3005007 ], [ 50.1765408, -14.4699588 ], [ 50.1839944, -14.5577832 ], [ 50.0952609, -14.554018 ], [ 50.0304774, -14.5204016 ], [ 49.9643571, -14.547333 ], [ 49.9116929, -14.6214619 ], [ 49.8437113, -14.6613936 ], [ 49.7863596, -14.6060486 ], [ 49.7999829, -14.5661446 ], [ 49.7685524, -14.5345184 ], [ 49.6442541, -14.4752449 ], [ 49.720576, -14.364774 ], [ 49.6426, -14.27348 ], [ 49.5599709, -14.236297 ], [ 49.56712, -14.13478 ], [ 49.5032506, -14.156567 ], [ 49.4165511, -14.1406845 ], [ 49.3401092, -14.2161557 ], [ 49.2774155, -14.2007257 ], [ 49.2283909, -14.2231612 ], [ 49.1524334, -14.1821489 ], [ 49.1879503, -14.1139166 ], [ 49.2124763, -14.0238466 ], [ 49.2738858, -13.9864817 ], [ 49.3191446, -13.9908091 ], [ 49.3455447, -13.9491241 ], [ 49.4778463, -13.9790818 ], [ 49.4867265, -13.9338154 ], [ 49.5358911, -13.9474368 ], [ 49.6622182, -13.912139 ], [ 49.712443, -13.9858565 ], [ 49.7987018, -13.9881343 ], [ 49.8084267, -14.0359476 ], [ 49.8798796, -14.0539743 ], [ 49.8700681, -14.0856094 ], [ 49.9213095, -14.1162924 ], [ 49.9451485, -14.1679166 ], [ 50.0115417, -14.127754 ], [ 50.0092012, -14.0553383 ], [ 50.0579091, -13.9586733 ], [ 50.0174056, -13.8447931 ], [ 50.1408782, -13.8290958 ] ] ] ] } },
{ "type": "Feature", "properties": { "POLYGON_ID": "MDG_GAUL2014_ADM2_154598", "ADM0_ISO3": "MDG", "ADM0_NAME": "Madagascar", "ADM0_CODE": 150, "ADM1_NAME": "Sava", "ADM1_CODE": 41768, "ADM2_NAME": "Vohemar", "ADM2_CODE": 154598, "GEOSET": "GAUL", "GEOSET_YEAR": 2014.0, "GEOSET_VERSION": "GAUL_v1", "GEOSET_UNIT": "ADM2", "CENTROID_LONG": 49.713844773049047, "CENTROID_LAT": -13.486854682023958 }, "geometry": { "type": "MultiPolygon", "coordinates": [ [ [ [ 50.1408782, -13.8290958 ], [ 50.0174056, -13.8447931 ], [ 50.0579091, -13.9586733 ], [ 50.0092012, -14.0553383 ], [ 50.0115417, -14.127754 ], [ 49.9451485, -14.1679166 ], [ 49.9213095, -14.1162924 ], [ 49.8700681, -14.0856094 ], [ 49.8798796, -14.0539743 ], [ 49.8084267, -14.0359476 ], [ 49.7987018, -13.9881343 ], [ 49.712443, -13.9858565 ], [ 49.6622182, -13.912139 ], [ 49.5358911, -13.9474368 ], [ 49.4867265, -13.9338154 ], [ 49.4778463, -13.9790818 ], [ 49.3455447, -13.9491241 ], [ 49.3386512, -13.8944932 ], [ 49.3788158, -13.84313 ], [ 49.4114869, -13.6808446 ], [ 49.3566694, -13.6281343 ], [ 49.3762025, -13.5775429 ], [ 49.3256291, -13.40283 ], [ 49.3999606, -13.3428505 ], [ 49.4058037, -13.2897575 ], [ 49.4381965, -13.2554103 ], [ 49.4519666, -13.2012426 ], [ 49.411746, -13.1242431 ], [ 49.4741474, -13.0489059 ], [ 49.4767376, -12.9943192 ], [ 49.4843726, -12.9296473 ], [ 49.553138, -12.8531234 ], [ 49.5752814, -12.8098068 ], [ 49.6320216, -12.8167263 ], [ 49.7010527, -12.7690288 ], [ 49.7861859, -12.807698 ], [ 49.7843409, -12.8638612 ], [ 49.8771399, -12.9606451 ], [ 49.888123, -13.0016624 ], [ 49.9306411, -13.0443575 ], [ 49.9182362, -13.1861009 ], [ 49.9321916, -13.2049849 ], [ 49.976627, -13.3620006 ], [ 50.0219361, -13.3908189 ], [ 50.008748, -13.422682 ], [ 50.0293771, -13.5291818 ], [ 50.084959, -13.628339 ], [ 50.0846339, -13.6785843 ], [ 50.1254774, -13.7503659 ], [ 50.1408782, -13.8290958 ] ] ] ] } },
{ "type": "Feature", "properties": { "POLYGON_ID": "MDG_GAUL2014_ADM2_154599", "ADM0_ISO3": "MDG", "ADM0_NAME": "Madagascar", "ADM0_CODE": 150, "ADM1_NAME": "Sofia", "ADM1_CODE": 41769, "ADM2_NAME": "Analalava", "ADM2_CODE": 154599, "GEOSET": "GAUL", "GEOSET_YEAR": 2014.0, "GEOSET_VERSION": "GAUL_v1", "GEOSET_UNIT": "ADM2", "CENTROID_LONG": 47.777088143882558, "CENTROID_LAT": -14.732135192027393 }, "geometry": { "type": "MultiPolygon", "coordinates": [ [ [ [ 48.4872987, -14.1910158 ], [ 48.4530051, -14.25964 ], [ 48.4000548, -14.2793376 ], [ 48.4353213, -14.3206313 ], [ 48.4152403, -14.3781493 ], [ 48.4321923, -14.4455057 ], [ 48.3740827, -14.4511274 ], [ 48.3443524, -14.4769604 ], [ 48.3415052, -14.5729147 ], [ 48.3256208, -14.5891601 ], [ 48.2231029, -14.6201913 ], [ 48.2094424, -14.5215181 ], [ 48.1802271, -14.5092635 ], [ 48.0778991, -14.5529441 ], [ 48.0422377, -14.5207153 ], [ 48.001301, -14.5605281 ], [ 48.0111515, -14.5888363 ], [ 47.9868501, -14.5901424 ], [ 47.9728146, -14.6076943 ], [ 47.9204044, -14.5518601 ], [ 47.8765541, -14.5938447 ], [ 47.8255536, -14.60515 ], [ 47.7835789, -14.5885372 ], [ 47.7336436, -14.6117808 ], [ 47.6975004, -14.3998185 ], [ 47.7200292, -14.3408654 ], [ 47.7516973, -14.3178463 ], [ 47.762111, -14.2518245 ], [ 47.8048439, -14.2178612 ], [ 47.8771942, -14.2633336 ], [ 47.9392393, -14.234778 ], [ 47.9508621, -14.144033 ], [ 47.9946521, -14.129773 ], [ 47.9558432, -14.3241438 ], [ 48.0010989, -14.3717333 ], [ 48.0470344, -14.2611195 ], [ 48.0310905, -14.239301 ], [ 48.0497125, -14.1154697 ], [ 48.0251416, -14.0633953 ], [ 48.1038015, -13.9629015 ], [ 48.1622556, -13.9108806 ], [ 48.2334552, -13.8758607 ], [ 48.3135142, -13.9188056 ], [ 48.3124731, -14.0848589 ], [ 48.3716682, -14.1340395 ], [ 48.3790318, -14.1671204 ], [ 48.4617814, -14.1679643 ], [ 48.4872987, -14.1910158 ] ] ], [ [ [ 47.8979036, -14.7997261 ], [ 47.8127654, -14.797384 ], [ 47.7909481, -14.8726963 ], [ 47.7968115, -15.0676542 ], [ 47.7480106, -15.0843136 ], [ 47.7167556, -15.1491707 ], [ 47.6891827, -15.3044953 ], [ 47.7047374, -15.3609668 ], [ 47.7842726, -15.4060562 ], [ 47.7771403, -15.4283087 ], [ 47.6371316, -15.461994 ], [ 47.5936878, -15.411827 ], [ 47.4439675, -15.4544782 ], [ 47.3766881, -15.4455456 ], [ 47.253415, -15.4103255 ], [ 47.2285927, -15.416508 ], [ 47.2280806, -15.4168921 ], [ 47.1840535, -15.4207447 ], [ 47.1122377, -15.3123944 ], [ 47.0439161, -15.2304929 ], [ 47.0478224, -15.1817846 ], [ 47.1031183, -15.1077631 ], [ 47.1593057, -15.1014292 ], [ 47.198531, -15.0624252 ], [ 47.2610299, -14.9577809 ], [ 47.3133895, -14.9253269 ], [ 47.3802352, -14.923611 ], [ 47.3881159, -14.8577417 ], [ 47.354445, -14.8530688 ], [ 47.3014139, -14.890073 ], [ 47.2825605, -14.8561123 ], [ 47.3519647, -14.7704403 ], [ 47.4491396, -14.6785393 ], [ 47.4998489, -14.7212549 ], [ 47.4793594, -14.7691071 ], [ 47.516242, -14.8199434 ], [ 47.4800353, -14.8823861 ], [ 47.4011354, -14.9813252 ], [ 47.4122796, -15.0185413 ], [ 47.3997146, -15.1147132 ], [ 47.4265638, -15.1450657 ], [ 47.4853549, -15.0949932 ], [ 47.5096423, -15.0419462 ], [ 47.5577385, -15.0208133 ], [ 47.5855236, -14.9412054 ], [ 47.586804, -14.8933058 ], [ 47.6413387, -14.8172537 ], [ 47.6305345, -14.7990991 ], [ 47.7149069, -14.700298 ], [ 47.7330101, -14.6460259 ], [ 47.7909208, -14.5943702 ], [ 47.9264268, -14.7368469 ], [ 47.9500554, -14.6253573 ], [ 47.9916587, -14.6719261 ], [ 47.9795748, -14.7652515 ], [ 47.8979036, -14.7997261 ] ] ], [ [ [ 47.5949326, -14.5061372 ], [ 47.6292582, -14.5707608 ], [ 47.5781422, -14.5849755 ], [ 47.5949326, -14.5061372 ] ] ] ] } },
{ "type": "Feature", "properties": { "POLYGON_ID": "MDG_GAUL2014_ADM2_154600", "ADM0_ISO3": "MDG", "ADM0_NAME": "Madagascar", "ADM0_CODE": 150, "ADM1_NAME": "Sofia", "ADM1_CODE": 41769, "ADM2_NAME": "Antsohihy", "ADM2_CODE": 154600, "GEOSET": "GAUL", "GEOSET_YEAR": 2014.0, "GEOSET_VERSION": "GAUL_v1", "GEOSET_UNIT": "ADM2", "CENTROID_LONG": 48.054677777558545, "CENTROID_LAT": -15.00189398860153 }, "geometry": { "type": "MultiPolygon", "coordinates": [ [ [ [ 48.3256208, -14.5891601 ], [ 48.3609876, -14.6832494 ], [ 48.3378793, -14.7151308 ], [ 48.4090704, -14.7831197 ], [ 48.4614726, -14.7601713 ], [ 48.46373, -14.87133 ], [ 48.43017, -14.89597 ], [ 48.3696143, -14.8450725 ], [ 48.3125966, -14.8582429 ], [ 48.2869116, -14.9852845 ], [ 48.3356794, -15.0229063 ], [ 48.24885, -15.09415 ], [ 48.2193877, -15.1525327 ], [ 48.2320066, -15.229437 ], [ 48.1863495, -15.2928142 ], [ 48.2178345, -15.3702453 ], [ 48.1215997, -15.3796405 ], [ 48.0408838, -15.4397971 ], [ 47.9437071, -15.368695 ], [ 47.8880006, -15.402528 ], [ 47.842727, -15.3550287 ], [ 47.7842726, -15.4060562 ], [ 47.7047374, -15.3609668 ], [ 47.6891827, -15.3044953 ], [ 47.7167556, -15.1491707 ], [ 47.7480106, -15.0843136 ], [ 47.7968115, -15.0676542 ], [ 47.7909481, -14.8726963 ], [ 47.8127654, -14.797384 ], [ 47.8979036, -14.7997261 ], [ 47.8983139, -14.7996997 ], [ 47.8989609, -14.799658 ], [ 47.8700786, -14.906405 ], [ 47.9232244, -14.8727872 ], [ 47.9573767, -14.825249 ], [ 48.0061646, -14.7980107 ], [ 48.0168229, -14.6758959 ], [ 48.0111515, -14.5888363 ], [ 48.001301, -14.5605281 ], [ 48.0422377, -14.5207153 ], [ 48.0778991, -14.5529441 ], [ 48.1802271, -14.5092635 ], [ 48.2094424, -14.5215181 ], [ 48.2231029, -14.6201913 ], [ 48.3256208, -14.5891601 ] ] ], [ [ [ 47.9936831, -14.5993203 ], [ 47.9937428, -14.5984778 ], [ 47.993883, -14.5977453 ], [ 47.9948261, -14.5964558 ], [ 47.9936831, -14.5993203 ] ] ] ] } },
{ "type": "Feature", "properties": { "POLYGON_ID": "MDG_GAUL2014_ADM2_154601", "ADM0_ISO3": "MDG", "ADM0_NAME": "Madagascar", "ADM0_CODE": 150, "ADM1_NAME": "Sofia", "ADM1_CODE": 41769, "ADM2_NAME": "Bealanana", "ADM2_CODE": 154601, "GEOSET": "GAUL", "GEOSET_YEAR": 2014.0, "GEOSET_VERSION": "GAUL_v1", "GEOSET_UNIT": "ADM2", "CENTROID_LONG": 48.833125990829757, "CENTROID_LAT": -14.552522505299962 }, "geometry": { "type": "MultiPolygon", "coordinates": [ [ [ [ 49.1084572, -14.1984698 ], [ 49.1066629, -14.2601187 ], [ 49.2110647, -14.3625304 ], [ 49.2908426, -14.4590279 ], [ 49.3619328, -14.4795789 ], [ 49.3960884, -14.510204 ], [ 49.312914, -14.58636 ], [ 49.380943, -14.6159617 ], [ 49.4124831, -14.6531525 ], [ 49.4267562, -14.7333465 ], [ 49.3507404, -14.746208 ], [ 49.2993219, -14.7247153 ], [ 49.2499267, -14.6593507 ], [ 49.2357476, -14.7214182 ], [ 49.2064456, -14.7522864 ], [ 49.0785386, -14.7619596 ], [ 49.1037485, -14.8292573 ], [ 49.0359088, -14.8782302 ], [ 48.963115, -14.9496184 ], [ 48.875412, -14.9674371 ], [ 48.8505416, -14.9056049 ], [ 48.7736245, -14.8769238 ], [ 48.7331091, -14.8284701 ], [ 48.6600173, -14.7966396 ], [ 48.6324411, -14.8191228 ], [ 48.6460858, -14.8691874 ], [ 48.5978364, -14.9130666 ], [ 48.5318596, -14.9030554 ], [ 48.46373, -14.87133 ], [ 48.4614726, -14.7601713 ], [ 48.4090704, -14.7831197 ], [ 48.3378793, -14.7151308 ], [ 48.3609876, -14.6832494 ], [ 48.3256208, -14.5891601 ], [ 48.3415052, -14.5729147 ], [ 48.3443524, -14.4769604 ], [ 48.3740827, -14.4511274 ], [ 48.4321923, -14.4455057 ], [ 48.4152403, -14.3781493 ], [ 48.4353213, -14.3206313 ], [ 48.4000548, -14.2793376 ], [ 48.4530051, -14.25964 ], [ 48.4872987, -14.1910158 ], [ 48.55425, -14.22762 ], [ 48.6969284, -14.237468 ], [ 48.724292, -14.2093747 ], [ 48.7731096, -14.2221076 ], [ 48.8126892, -14.2650988 ], [ 48.8839654, -14.2162535 ], [ 48.9320588, -14.1637845 ], [ 48.9727017, -14.1459734 ], [ 49.0801715, -14.2061177 ], [ 49.1084572, -14.1984698 ] ] ] ] } },
{ "type": "Feature", "properties": { "POLYGON_ID": "MDG_GAUL2014_ADM2_154602", "ADM0_ISO3": "MDG", "ADM0_NAME": "Madagascar", "ADM0_CODE": 150, "ADM1_NAME": "Sofia", "ADM1_CODE": 41769, "ADM2_NAME": "Befandriana Nord", "ADM2_CODE": 154602, "GEOSET": "GAUL", "GEOSET_YEAR": 2014.0, "GEOSET_VERSION": "GAUL_v1", "GEOSET_UNIT": "ADM2", "CENTROID_LONG": 48.773454143594371, "CENTROID_LAT": -15.164252024539019 }, "geometry": { "type": "MultiPolygon", "coordinates": [ [ [ [ 49.4267562, -14.7333465 ], [ 49.478633, -14.8078319 ], [ 49.4579826, -14.8586719 ], [ 49.4642599, -14.9186644 ], [ 49.4506278, -15.0965573 ], [ 49.3556326, -15.0781949 ], [ 49.3684119, -15.2375456 ], [ 49.3118793, -15.2421574 ], [ 49.2858278, -15.2750087 ], [ 49.1789688, -15.2986334 ], [ 49.1079632, -15.3407725 ], [ 49.030901, -15.3612101 ], [ 49.010402, -15.4155156 ], [ 49.0268984, -15.4527129 ], [ 48.93232, -15.49842 ], [ 48.8809707, -15.500444 ], [ 48.8649623, -15.4393632 ], [ 48.7972533, -15.435644 ], [ 48.7566572, -15.4100789 ], [ 48.7148106, -15.4434691 ], [ 48.6546773, -15.4251949 ], [ 48.6531574, -15.4762066 ], [ 48.570252, -15.5360922 ], [ 48.54767, -15.64783 ], [ 48.4386172, -15.6489367 ], [ 48.3863017, -15.5737512 ], [ 48.2344907, -15.569993 ], [ 48.2280105, -15.5573299 ], [ 48.1035318, -15.5528184 ], [ 48.0761928, -15.4700684 ], [ 48.0408838, -15.4397971 ], [ 48.1215997, -15.3796405 ], [ 48.2178345, -15.3702453 ], [ 48.1863495, -15.2928142 ], [ 48.2320066, -15.229437 ], [ 48.2193877, -15.1525327 ], [ 48.24885, -15.09415 ], [ 48.3356794, -15.0229063 ], [ 48.2869116, -14.9852845 ], [ 48.3125966, -14.8582429 ], [ 48.3696143, -14.8450725 ], [ 48.43017, -14.89597 ], [ 48.46373, -14.87133 ], [ 48.5318596, -14.9030554 ], [ 48.5978364, -14.9130666 ], [ 48.6460858, -14.8691874 ], [ 48.6324411, -14.8191228 ], [ 48.6600173, -14.7966396 ], [ 48.7331091, -14.8284701 ], [ 48.7736245, -14.8769238 ], [ 48.8505416, -14.9056049 ], [ 48.875412, -14.9674371 ], [ 48.963115, -14.9496184 ], [ 49.0359088, -14.8782302 ], [ 49.1037485, -14.8292573 ], [ 49.0785386, -14.7619596 ], [ 49.2064456, -14.7522864 ], [ 49.2357476, -14.7214182 ], [ 49.2499267, -14.6593507 ], [ 49.2993219, -14.7247153 ], [ 49.3507404, -14.746208 ], [ 49.4267562, -14.7333465 ] ] ] ] } },
{ "type": "Feature", "properties": { "POLYGON_ID": "MDG_GAUL2014_ADM2_154603", "ADM0_ISO3": "MDG", "ADM0_NAME": "Madagascar", "ADM0_CODE": 150, "ADM1_NAME": "Sofia", "ADM1_CODE": 41769, "ADM2_NAME": "Mampikony", "ADM2_CODE": 154603, "GEOSET": "GAUL", "GEOSET_YEAR": 2014.0, "GEOSET_VERSION": "GAUL_v1", "GEOSET_UNIT": "ADM2", "CENTROID_LONG": 47.673799442474817, "CENTROID_LAT": -16.164092837795803 }, "geometry": { "type": "MultiPolygon", "coordinates": [ [ [ [ 48.2325538, -16.2405288 ], [ 48.1141063, -16.2829601 ], [ 48.0182632, -16.2503182 ], [ 47.9812186, -16.2588954 ], [ 47.8719868, -16.3778922 ], [ 47.7841542, -16.3995951 ], [ 47.719596, -16.3662418 ], [ 47.9045191, -16.5835559 ], [ 47.7630715, -16.5518991 ], [ 47.6662003, -16.4967902 ], [ 47.6714408, -16.4383735 ], [ 47.6371176, -16.4191174 ], [ 47.5555808, -16.4186023 ], [ 47.5050885, -16.437486 ], [ 47.4257825, -16.4176598 ], [ 47.4309692, -16.3509329 ], [ 47.3982081, -16.3216241 ], [ 47.3392969, -16.3203006 ], [ 47.3429274, -16.2506065 ], [ 47.2881187, -16.2523075 ], [ 47.2676154, -16.2184032 ], [ 47.2727525, -16.1601182 ], [ 47.2238611, -16.138653 ], [ 47.1657375, -15.9849843 ], [ 47.2171778, -15.9898273 ], [ 47.2749098, -16.0110907 ], [ 47.3874407, -15.9741552 ], [ 47.4598201, -15.8914489 ], [ 47.5173323, -15.8841892 ], [ 47.567983, -15.9091964 ], [ 47.60725, -15.8352 ], [ 47.6046368, -15.7830627 ], [ 47.6599708, -15.7826555 ], [ 47.6796318, -15.8784212 ], [ 47.7436586, -15.8719457 ], [ 47.8124602, -15.9598419 ], [ 47.8658386, -16.0009888 ], [ 47.9471354, -15.9838435 ], [ 48.0334514, -15.9975398 ], [ 48.1228908, -16.1133389 ], [ 48.201585, -16.1872978 ], [ 48.2325538, -16.2405288 ] ] ] ] } },
{ "type": "Feature", "properties": { "POLYGON_ID": "MDG_GAUL2014_ADM2_154604", "ADM0_ISO3": "MDG", "ADM0_NAME": "Madagascar", "ADM0_CODE": 150, "ADM1_NAME": "Sofia", "ADM1_CODE": 41769, "ADM2_NAME": "Mandritsara", "ADM2_CODE": 154604, "GEOSET": "GAUL", "GEOSET_YEAR": 2014.0, "GEOSET_VERSION": "GAUL_v1", "GEOSET_UNIT": "ADM2", "CENTROID_LONG": 48.736688645199905, "CENTROID_LAT": -16.033721187744408 }, "geometry": { "type": "MultiPolygon", "coordinates": [ [ [ [ 49.0268984, -15.4527129 ], [ 49.115126, -15.4669468 ], [ 49.0709435, -15.5278044 ], [ 49.0915028, -15.5738125 ], [ 49.0732365, -15.675173 ], [ 49.0435329, -15.7639969 ], [ 49.0884029, -15.791026 ], [ 49.1108891, -15.9051809 ], [ 49.1415088, -15.930953 ], [ 49.1423506, -16.0512235 ], [ 49.1983767, -16.0649144 ], [ 49.186778, -16.1165791 ], [ 49.2114513, -16.1449741 ], [ 49.2124153, -16.2563439 ], [ 49.1771505, -16.2899558 ], [ 49.1928492, -16.3239045 ], [ 49.1454946, -16.3472962 ], [ 49.1166814, -16.4670377 ], [ 49.0167585, -16.5252246 ], [ 49.0174448, -16.5751809 ], [ 48.9549406, -16.6279518 ], [ 48.9339974, -16.6855849 ], [ 48.8569762, -16.6757539 ], [ 48.7068361, -16.6845334 ], [ 48.6589801, -16.658104 ], [ 48.6556511, -16.5924739 ], [ 48.6161631, -16.5519087 ], [ 48.6170482, -16.4875194 ], [ 48.5907916, -16.4493043 ], [ 48.5086993, -16.406641 ], [ 48.4558488, -16.3387322 ], [ 48.408457, -16.3450823 ], [ 48.31501, -16.2838494 ], [ 48.2836709, -16.2463216 ], [ 48.3035941, -16.1643299 ], [ 48.2875033, -16.128557 ], [ 48.2145771, -16.0612682 ], [ 48.2157748, -16.0001654 ], [ 48.190778, -15.9248138 ], [ 48.234088, -15.8653966 ], [ 48.2933885, -15.8199914 ], [ 48.3432319, -15.8153906 ], [ 48.32877, -15.7484 ], [ 48.28778, -15.7034 ], [ 48.2344907, -15.569993 ], [ 48.3863017, -15.5737512 ], [ 48.4386172, -15.6489367 ], [ 48.54767, -15.64783 ], [ 48.570252, -15.5360922 ], [ 48.6531574, -15.4762066 ], [ 48.6546773, -15.4251949 ], [ 48.7148106, -15.4434691 ], [ 48.7566572, -15.4100789 ], [ 48.7972533, -15.435644 ], [ 48.8649623, -15.4393632 ], [ 48.8809707, -15.500444 ], [ 48.93232, -15.49842 ], [ 49.0268984, -15.4527129 ] ] ] ] } },
{ "type": "Feature", "properties": { "POLYGON_ID": "MDG_GAUL2014_ADM2_154605", "ADM0_ISO3": "MDG", "ADM0_NAME": "Madagascar", "ADM0_CODE": 150, "ADM1_NAME": "Sofia", "ADM1_CODE": 41769, "ADM2_NAME": "Port-Berge (Boriziny-Vaovao)", "ADM2_CODE": 154605, "GEOSET": "GAUL", "GEOSET_YEAR": 2014.0, "GEOSET_VERSION": "GAUL_v1", "GEOSET_UNIT": "ADM2", "CENTROID_LONG": 47.727691235038058, "CENTROID_LAT": -15.717649461572465 }, "geometry": { "type": "MultiPolygon", "coordinates": [ [ [ [ 48.0408838, -15.4397971 ], [ 48.0761928, -15.4700684 ], [ 48.1035318, -15.5528184 ], [ 48.2280105, -15.5573299 ], [ 48.2344907, -15.569993 ], [ 48.28778, -15.7034 ], [ 48.32877, -15.7484 ], [ 48.3432319, -15.8153906 ], [ 48.2933885, -15.8199914 ], [ 48.234088, -15.8653966 ], [ 48.190778, -15.9248138 ], [ 48.2157748, -16.0001654 ], [ 48.2145771, -16.0612682 ], [ 48.2875033, -16.128557 ], [ 48.3035941, -16.1643299 ], [ 48.2836709, -16.2463216 ], [ 48.2325538, -16.2405288 ], [ 48.201585, -16.1872978 ], [ 48.1228908, -16.1133389 ], [ 48.0334514, -15.9975398 ], [ 47.9471354, -15.9838435 ], [ 47.8658386, -16.0009888 ], [ 47.8124602, -15.9598419 ], [ 47.7436586, -15.8719457 ], [ 47.6796318, -15.8784212 ], [ 47.6599708, -15.7826555 ], [ 47.6046368, -15.7830627 ], [ 47.60725, -15.8352 ], [ 47.567983, -15.9091964 ], [ 47.5173323, -15.8841892 ], [ 47.4598201, -15.8914489 ], [ 47.3874407, -15.9741552 ], [ 47.2749098, -16.0110907 ], [ 47.2171778, -15.9898273 ], [ 47.180699, -15.8679472 ], [ 47.1103636, -15.7940046 ], [ 47.1516583, -15.7436167 ], [ 47.0930812, -15.6437208 ], [ 47.1627949, -15.4714381 ], [ 47.2373427, -15.4990204 ], [ 47.253415, -15.4103255 ], [ 47.3766881, -15.4455456 ], [ 47.4439675, -15.4544782 ], [ 47.5936878, -15.411827 ], [ 47.6371316, -15.461994 ], [ 47.7771403, -15.4283087 ], [ 47.7842726, -15.4060562 ], [ 47.842727, -15.3550287 ], [ 47.8880006, -15.402528 ], [ 47.9437071, -15.368695 ], [ 48.0408838, -15.4397971 ] ] ] ] } },
{ "type": "Feature", "properties": { "POLYGON_ID": "MDG_GAUL2014_ADM2_123868", "ADM0_ISO3": "MDG", "ADM0_NAME": "Madagascar", "ADM0_CODE": 150, "ADM1_NAME": "Vakinankaratra", "ADM1_CODE": 41770, "ADM2_NAME": "Betafo", "ADM2_CODE": 123868, "GEOSET": "GAUL", "GEOSET_YEAR": 2014.0, "GEOSET_VERSION": "GAUL_v1", "GEOSET_UNIT": "ADM2", "CENTROID_LONG": 46.667556090602226, "CENTROID_LAT": -19.948905149251733 }, "geometry": { "type": "MultiPolygon", "coordinates": [ [ [ [ 46.9998293, -19.6467429 ], [ 47.00599, -19.6741008 ], [ 46.9632614, -19.7600759 ], [ 46.9317352, -19.8673872 ], [ 46.9410167, -19.9358 ], [ 46.9231803, -19.9866702 ], [ 46.9573406, -20.0996967 ], [ 46.9203876, -20.1182405 ], [ 46.9442637, -20.1660853 ], [ 46.8732505, -20.2356362 ], [ 46.8126441, -20.2772053 ], [ 46.7083292, -20.2686025 ], [ 46.6330005, -20.2500955 ], [ 46.5158743, -20.2654998 ], [ 46.4256224, -20.2288574 ], [ 46.3681988, -20.2488788 ], [ 46.3034498, -20.2271883 ], [ 46.2519002, -20.1803241 ], [ 46.2891045, -20.1501027 ], [ 46.2869257, -20.0705487 ], [ 46.2401765, -20.0238813 ], [ 46.3753797, -19.9954676 ], [ 46.3979703, -19.9786575 ], [ 46.4684176, -19.9937531 ], [ 46.4848238, -19.9307751 ], [ 46.4401635, -19.9034426 ], [ 46.4076752, -19.806998 ], [ 46.4519217, -19.8020631 ], [ 46.4512215, -19.7522857 ], [ 46.5155545, -19.712265 ], [ 46.60556, -19.7392398 ], [ 46.61832, -19.65277 ], [ 46.5948038, -19.5779948 ], [ 46.6620153, -19.5580408 ], [ 46.6772189, -19.5060688 ], [ 46.7683815, -19.5428029 ], [ 46.807456, -19.5914228 ], [ 46.8775538, -19.5931544 ], [ 46.9029088, -19.6404156 ], [ 46.9998293, -19.6467429 ] ] ] ] } },
{ "type": "Feature", "properties": { "POLYGON_ID": "MDG_GAUL2014_ADM2_123869", "ADM0_ISO3": "MDG", "ADM0_NAME": "Madagascar", "ADM0_CODE": 150, "ADM1_NAME": "Vakinankaratra", "ADM1_CODE": 41770, "ADM2_NAME": "Mandoto", "ADM2_CODE": 123869, "GEOSET": "GAUL", "GEOSET_YEAR": 2014.0, "GEOSET_VERSION": "GAUL_v1", "GEOSET_UNIT": "ADM2", "CENTROID_LONG": 46.199036232380536, "CENTROID_LAT": -19.683510769285224 }, "geometry": { "type": "MultiPolygon", "coordinates": [ [ [ [ 46.5617077, -19.4132064 ], [ 46.6221588, -19.4745729 ], [ 46.6772189, -19.5060688 ], [ 46.6620153, -19.5580408 ], [ 46.5948038, -19.5779948 ], [ 46.61832, -19.65277 ], [ 46.60556, -19.7392398 ], [ 46.5155545, -19.712265 ], [ 46.4512215, -19.7522857 ], [ 46.4519217, -19.8020631 ], [ 46.4076752, -19.806998 ], [ 46.4401635, -19.9034426 ], [ 46.4848238, -19.9307751 ], [ 46.4684176, -19.9937531 ], [ 46.3979703, -19.9786575 ], [ 46.3753797, -19.9954676 ], [ 46.2401765, -20.0238813 ], [ 46.1628772, -20.0616026 ], [ 46.0900046, -20.0274968 ], [ 46.0568617, -19.9508311 ], [ 45.9983151, -19.928293 ], [ 45.9319899, -19.932673 ], [ 45.8752935, -19.9036093 ], [ 45.8068843, -19.9142653 ], [ 45.7715259, -19.8814133 ], [ 45.7990647, -19.8548284 ], [ 45.8295928, -19.7758589 ], [ 45.8050525, -19.7370295 ], [ 45.8375721, -19.6455466 ], [ 45.8259465, -19.5693928 ], [ 45.7808874, -19.5360455 ], [ 45.8043542, -19.4406757 ], [ 45.842273, -19.4512144 ], [ 45.9781695, -19.4277071 ], [ 46.002263, -19.4052944 ], [ 46.1303311, -19.4416218 ], [ 46.1631084, -19.4020261 ], [ 46.203032, -19.4288114 ], [ 46.3519747, -19.3999752 ], [ 46.4332924, -19.3702563 ], [ 46.463857, -19.397067 ], [ 46.5102403, -19.3870124 ], [ 46.5617077, -19.4132064 ] ] ] ] } },
{ "type": "Feature", "properties": { "POLYGON_ID": "MDG_GAUL2014_ADM2_154606", "ADM0_ISO3": "MDG", "ADM0_NAME": "Madagascar", "ADM0_CODE": 150, "ADM1_NAME": "Vakinankaratra", "ADM1_CODE": 41770, "ADM2_NAME": "Ambatolampy", "ADM2_CODE": 154606, "GEOSET": "GAUL", "GEOSET_YEAR": 2014.0, "GEOSET_VERSION": "GAUL_v1", "GEOSET_UNIT": "ADM2", "CENTROID_LONG": 47.566185663573663, "CENTROID_LAT": -19.464466319462417 }, "geometry": { "type": "MultiPolygon", "coordinates": [ [ [ [ 47.5312979, -19.1393217 ], [ 47.50567, -19.1936 ], [ 47.54563, -19.26317 ], [ 47.5506402, -19.329259 ], [ 47.6345502, -19.4185616 ], [ 47.7283697, -19.4397918 ], [ 47.7561323, -19.4768277 ], [ 47.8573023, -19.5596282 ], [ 47.8381918, -19.6272131 ], [ 47.8370375, -19.7183809 ], [ 47.7733034, -19.7221071 ], [ 47.7273127, -19.6997625 ], [ 47.6375152, -19.6995726 ], [ 47.551424, -19.6701577 ], [ 47.5427013, -19.6438586 ], [ 47.5955582, -19.6012373 ], [ 47.533071, -19.5183108 ], [ 47.4241354, -19.497991 ], [ 47.41218, -19.45655 ], [ 47.3013838, -19.4052966 ], [ 47.2237958, -19.4019872 ], [ 47.2242376, -19.3776388 ], [ 47.2629603, -19.2801706 ], [ 47.2976292, -19.2945893 ], [ 47.3844433, -19.2886678 ], [ 47.443221, -19.2530694 ], [ 47.4673149, -19.1298985 ], [ 47.5312979, -19.1393217 ] ] ] ] } },
{ "type": "Feature", "properties": { "POLYGON_ID": "MDG_GAUL2014_ADM2_154607", "ADM0_ISO3": "MDG", "ADM0_NAME": "Madagascar", "ADM0_CODE": 150, "ADM1_NAME": "Vakinankaratra", "ADM1_CODE": 41770, "ADM2_NAME": "Antanifotsy", "ADM2_CODE": 154607, "GEOSET": "GAUL", "GEOSET_YEAR": 2014.0, "GEOSET_VERSION": "GAUL_v1", "GEOSET_UNIT": "ADM2", "CENTROID_LONG": 47.491698507639072, "CENTROID_LAT": -19.74336692678531 }, "geometry": { "type": "MultiPolygon", "coordinates": [ [ [ [ 47.8370375, -19.7183809 ], [ 47.8654574, -19.7687114 ], [ 47.8593268, -19.8163399 ], [ 47.79827, -19.83548 ], [ 47.7599339, -19.9068375 ], [ 47.6958989, -19.9379396 ], [ 47.7632633, -20.0316754 ], [ 47.7067004, -20.0593537 ], [ 47.6166923, -20.0966803 ], [ 47.5482597, -20.0522193 ], [ 47.4606109, -20.0453968 ], [ 47.4507226, -19.9851658 ], [ 47.4685631, -19.9253699 ], [ 47.423248, -19.8774633 ], [ 47.4062667, -19.8221167 ], [ 47.3656739, -19.7824975 ], [ 47.1867063, -19.776275 ], [ 47.1996515, -19.5571748 ], [ 47.2090375, -19.5160047 ], [ 47.17488, -19.4593595 ], [ 47.2237958, -19.4019872 ], [ 47.3013838, -19.4052966 ], [ 47.41218, -19.45655 ], [ 47.4241354, -19.497991 ], [ 47.533071, -19.5183108 ], [ 47.5955582, -19.6012373 ], [ 47.5427013, -19.6438586 ], [ 47.551424, -19.6701577 ], [ 47.6375152, -19.6995726 ], [ 47.7273127, -19.6997625 ], [ 47.7733034, -19.7221071 ], [ 47.8370375, -19.7183809 ] ] ] ] } },
{ "type": "Feature", "properties": { "POLYGON_ID": "MDG_GAUL2014_ADM2_154608", "ADM0_ISO3": "MDG", "ADM0_NAME": "Madagascar", "ADM0_CODE": 150, "ADM1_NAME": "Vakinankaratra", "ADM1_CODE": 41770, "ADM2_NAME": "Antsirabe I", "ADM2_CODE": 154608, "GEOSET": "GAUL", "GEOSET_YEAR": 2014.0, "GEOSET_VERSION": "GAUL_v1", "GEOSET_UNIT": "ADM2", "CENTROID_LONG": 47.030629414200455, "CENTROID_LAT": -19.883284336923545 }, "geometry": { "type": "MultiPolygon", "coordinates": [ [ [ [ 47.0060392, -19.8102697 ], [ 47.0735516, -19.8434168 ], [ 47.0926231, -19.8991907 ], [ 47.0457667, -19.9531 ], [ 47.0004744, -19.9364928 ], [ 46.9697136, -19.8795337 ], [ 47.0060392, -19.8102697 ] ] ] ] } },
{ "type": "Feature", "properties": { "POLYGON_ID": "MDG_GAUL2014_ADM2_154609", "ADM0_ISO3": "MDG", "ADM0_NAME": "Madagascar", "ADM0_CODE": 150, "ADM1_NAME": "Vakinankaratra", "ADM1_CODE": 41770, "ADM2_NAME": "Antsirabe II", "ADM2_CODE": 154609, "GEOSET": "GAUL", "GEOSET_YEAR": 2014.0, "GEOSET_VERSION": "GAUL_v1", "GEOSET_UNIT": "ADM2", "CENTROID_LONG": 47.156392841671568, "CENTROID_LAT": -19.881558410369841 }, "geometry": { "type": "MultiPolygon", "coordinates": [ [ [ [ 47.17488, -19.4593595 ], [ 47.2090375, -19.5160047 ], [ 47.1996515, -19.5571748 ], [ 47.1867063, -19.776275 ], [ 47.3656739, -19.7824975 ], [ 47.4062667, -19.8221167 ], [ 47.423248, -19.8774633 ], [ 47.4685631, -19.9253699 ], [ 47.4507226, -19.9851658 ], [ 47.4606109, -20.0453968 ], [ 47.4572429, -20.0805181 ], [ 47.3566729, -20.0438847 ], [ 47.2186439, -20.0724973 ], [ 47.1765833, -20.1137167 ], [ 47.1752085, -20.1618448 ], [ 47.0519375, -20.1666062 ], [ 46.9983006, -20.2243047 ], [ 46.9442637, -20.1660853 ], [ 46.9203876, -20.1182405 ], [ 46.9573406, -20.0996967 ], [ 46.9231803, -19.9866702 ], [ 46.9410167, -19.9358 ], [ 46.9317352, -19.8673872 ], [ 46.9632614, -19.7600759 ], [ 47.00599, -19.6741008 ], [ 46.9998293, -19.6467429 ], [ 47.0372393, -19.5960068 ], [ 47.0435667, -19.5360833 ], [ 47.074043, -19.4937654 ], [ 47.17488, -19.4593595 ] ], [ [ 47.0060392, -19.8102697 ], [ 46.9697136, -19.8795337 ], [ 47.0004744, -19.9364928 ], [ 47.0457667, -19.9531 ], [ 47.0926231, -19.8991907 ], [ 47.0735516, -19.8434168 ], [ 47.0060392, -19.8102697 ] ] ] ] } },
{ "type": "Feature", "properties": { "POLYGON_ID": "MDG_GAUL2014_ADM2_154610", "ADM0_ISO3": "MDG", "ADM0_NAME": "Madagascar", "ADM0_CODE": 150, "ADM1_NAME": "Vakinankaratra", "ADM1_CODE": 41770, "ADM2_NAME": "Faratsiho", "ADM2_CODE": 154610, "GEOSET": "GAUL", "GEOSET_YEAR": 2014.0, "GEOSET_VERSION": "GAUL_v1", "GEOSET_UNIT": "ADM2", "CENTROID_LONG": 46.899849815605137, "CENTROID_LAT": -19.414342229837061 }, "geometry": { "type": "MultiPolygon", "coordinates": [ [ [ [ 47.024113, -19.2015474 ], [ 47.0694633, -19.2427473 ], [ 47.0690979, -19.3222977 ], [ 47.1087419, -19.3481612 ], [ 47.2242376, -19.3776388 ], [ 47.2237958, -19.4019872 ], [ 47.17488, -19.4593595 ], [ 47.074043, -19.4937654 ], [ 47.0435667, -19.5360833 ], [ 47.0372393, -19.5960068 ], [ 46.9998293, -19.6467429 ], [ 46.9029088, -19.6404156 ], [ 46.8775538, -19.5931544 ], [ 46.807456, -19.5914228 ], [ 46.7683815, -19.5428029 ], [ 46.6772189, -19.5060688 ], [ 46.6221588, -19.4745729 ], [ 46.5617077, -19.4132064 ], [ 46.6108753, -19.3631918 ], [ 46.7682354, -19.2883358 ], [ 46.8273701, -19.2190168 ], [ 46.9024114, -19.2355264 ], [ 46.923966, -19.2102233 ], [ 46.950563, -19.1905369 ], [ 47.024113, -19.2015474 ] ] ] ] } },
{ "type": "Feature", "properties": { "POLYGON_ID": "MDG_GAUL2014_ADM2_154611", "ADM0_ISO3": "MDG", "ADM0_NAME": "Madagascar", "ADM0_CODE": 150, "ADM1_NAME": "Vatovavy Fitovinany", "ADM1_CODE": 41771, "ADM2_NAME": "Ifanadiana", "ADM2_CODE": 154611, "GEOSET": "GAUL", "GEOSET_YEAR": 2014.0, "GEOSET_VERSION": "GAUL_v1", "GEOSET_UNIT": "ADM2", "CENTROID_LONG": 47.63727617407482, "CENTROID_LAT": -21.096041621690045 }, "geometry": { "type": "MultiPolygon", "coordinates": [ [ [ [ 47.858693, -20.846826 ], [ 47.773332, -20.8464391 ], [ 47.7407121, -20.8998771 ], [ 47.8029279, -20.9235694 ], [ 47.8143259, -20.9935649 ], [ 47.7826817, -21.0054169 ], [ 47.8201088, -21.1116026 ], [ 47.8240164, -21.2480403 ], [ 47.778422, -21.2528941 ], [ 47.8219638, -21.4557716 ], [ 47.7851169, -21.5941736 ], [ 47.7724436, -21.6298566 ], [ 47.6862931, -21.619137 ], [ 47.6033264, -21.6432217 ], [ 47.6091, -21.4998 ], [ 47.54383, -21.4407 ], [ 47.41813, -21.39402 ], [ 47.380413, -21.2790937 ], [ 47.398772, -21.2349456 ], [ 47.4476202, -21.1405149 ], [ 47.4431308, -21.0929429 ], [ 47.3367866, -21.0524561 ], [ 47.3487294, -20.9658785 ], [ 47.4645785, -20.9485004 ], [ 47.4680846, -20.8966896 ], [ 47.4401938, -20.8480611 ], [ 47.5309933, -20.7329074 ], [ 47.6285851, -20.7410862 ], [ 47.6779144, -20.6564803 ], [ 47.6276813, -20.5822038 ], [ 47.6552024, -20.5588076 ], [ 47.6638328, -20.4916491 ], [ 47.7036816, -20.5290488 ], [ 47.749722, -20.5265049 ], [ 47.7875075, -20.5660649 ], [ 47.7824944, -20.6317593 ], [ 47.8234312, -20.6892819 ], [ 47.86095, -20.6890779 ], [ 47.8908588, -20.7698475 ], [ 47.858693, -20.846826 ] ] ] ] } },
{ "type": "Feature", "properties": { "POLYGON_ID": "MDG_GAUL2014_ADM2_154612", "ADM0_ISO3": "MDG", "ADM0_NAME": "Madagascar", "ADM0_CODE": 150, "ADM1_NAME": "Vatovavy Fitovinany", "ADM1_CODE": 41771, "ADM2_NAME": "Ikongo", "ADM2_CODE": 154612, "GEOSET": "GAUL", "GEOSET_YEAR": 2014.0, "GEOSET_VERSION": "GAUL_v1", "GEOSET_UNIT": "ADM2", "CENTROID_LONG": 47.449276266004063, "CENTROID_LAT": -21.927237127239071 }, "geometry": { "type": "MultiPolygon", "coordinates": [ [ [ [ 47.6033264, -21.6432217 ], [ 47.59442, -21.7001 ], [ 47.6530077, -21.7717937 ], [ 47.6885752, -21.7697342 ], [ 47.67898, -21.85878 ], [ 47.63917, -21.91272 ], [ 47.6397476, -22.068061 ], [ 47.6553536, -22.1795367 ], [ 47.6188259, -22.1970866 ], [ 47.5930907, -22.2528693 ], [ 47.432542, -22.2437534 ], [ 47.4040863, -22.2404349 ], [ 47.3816793, -22.3178106 ], [ 47.2988517, -22.3214589 ], [ 47.2319001, -22.2207707 ], [ 47.1263843, -22.1864559 ], [ 47.0948632, -22.136212 ], [ 47.1085101, -22.0886857 ], [ 47.1695548, -22.0489171 ], [ 47.2561438, -22.0766345 ], [ 47.3229346, -21.9650881 ], [ 47.26054, -21.8833445 ], [ 47.3272809, -21.8395151 ], [ 47.3885432, -21.726025 ], [ 47.3979972, -21.6412344 ], [ 47.3623965, -21.6064477 ], [ 47.4103135, -21.569373 ], [ 47.4270303, -21.4655566 ], [ 47.41813, -21.39402 ], [ 47.54383, -21.4407 ], [ 47.6091, -21.4998 ], [ 47.6033264, -21.6432217 ] ] ] ] } },
{ "type": "Feature", "properties": { "POLYGON_ID": "MDG_GAUL2014_ADM2_154613", "ADM0_ISO3": "MDG", "ADM0_NAME": "Madagascar", "ADM0_CODE": 150, "ADM1_NAME": "Vatovavy Fitovinany", "ADM1_CODE": 41771, "ADM2_NAME": "Manakara Atsimo", "ADM2_CODE": 154613, "GEOSET": "GAUL", "GEOSET_YEAR": 2014.0, "GEOSET_VERSION": "GAUL_v1", "GEOSET_UNIT": "ADM2", "CENTROID_LONG": 47.87171646991748, "CENTROID_LAT": -21.91911010438573 }, "geometry": { "type": "MultiPolygon", "coordinates": [ [ [ [ 48.205962, -21.7009197 ], [ 48.1301371, -21.9013572 ], [ 47.9586438, -22.2954105 ], [ 47.946473, -22.3351081 ], [ 47.9287091, -22.3149551 ], [ 47.9300639, -22.2273536 ], [ 47.8313131, -22.2486188 ], [ 47.7208626, -22.2569316 ], [ 47.6553536, -22.1795367 ], [ 47.6397476, -22.068061 ], [ 47.63917, -21.91272 ], [ 47.67898, -21.85878 ], [ 47.6885752, -21.7697342 ], [ 47.6530077, -21.7717937 ], [ 47.59442, -21.7001 ], [ 47.6033264, -21.6432217 ], [ 47.6862931, -21.619137 ], [ 47.7724436, -21.6298566 ], [ 47.7851169, -21.5941736 ], [ 47.9662281, -21.6682883 ], [ 48.0208465, -21.6217316 ], [ 48.06987, -21.64497 ], [ 48.0728173, -21.7219578 ], [ 48.205962, -21.7009197 ] ] ] ] } },
{ "type": "Feature", "properties": { "POLYGON_ID": "MDG_GAUL2014_ADM2_154614", "ADM0_ISO3": "MDG", "ADM0_NAME": "Madagascar", "ADM0_CODE": 150, "ADM1_NAME": "Vatovavy Fitovinany", "ADM1_CODE": 41771, "ADM2_NAME": "Mananjary", "ADM2_CODE": 154614, "GEOSET": "GAUL", "GEOSET_YEAR": 2014.0, "GEOSET_VERSION": "GAUL_v1", "GEOSET_UNIT": "ADM2", "CENTROID_LONG": 48.088267398483339, "CENTROID_LAT": -21.199597428734929 }, "geometry": { "type": "MultiPolygon", "coordinates": [ [ [ [ 48.4760807, -20.8413609 ], [ 48.4424544, -20.9927026 ], [ 48.3511336, -21.2295363 ], [ 48.292625, -21.462268 ], [ 48.205962, -21.7009197 ], [ 48.0728173, -21.7219578 ], [ 48.06987, -21.64497 ], [ 48.0208465, -21.6217316 ], [ 47.9662281, -21.6682883 ], [ 47.7851169, -21.5941736 ], [ 47.8219638, -21.4557716 ], [ 47.778422, -21.2528941 ], [ 47.8240164, -21.2480403 ], [ 47.8201088, -21.1116026 ], [ 47.7826817, -21.0054169 ], [ 47.8143259, -20.9935649 ], [ 47.8029279, -20.9235694 ], [ 47.7407121, -20.8998771 ], [ 47.773332, -20.8464391 ], [ 47.858693, -20.846826 ], [ 47.9244443, -20.8538693 ], [ 47.9721636, -20.826347 ], [ 47.9740936, -20.746154 ], [ 48.0143242, -20.7645079 ], [ 48.0670404, -20.7522907 ], [ 48.1325533, -20.7731602 ], [ 48.2257835, -20.8224555 ], [ 48.3877972, -20.8037528 ], [ 48.4247391, -20.8435585 ], [ 48.4760807, -20.8413609 ] ] ] ] } },
{ "type": "Feature", "properties": { "POLYGON_ID": "MDG_GAUL2014_ADM2_154615", "ADM0_ISO3": "MDG", "ADM0_NAME": "Madagascar", "ADM0_CODE": 150, "ADM1_NAME": "Vatovavy Fitovinany", "ADM1_CODE": 41771, "ADM2_NAME": "Nosy-Varika", "ADM2_CODE": 154615, "GEOSET": "GAUL", "GEOSET_YEAR": 2014.0, "GEOSET_VERSION": "GAUL_v1", "GEOSET_UNIT": "ADM2", "CENTROID_LONG": 48.169705946261573, "CENTROID_LAT": -20.566470735843673 }, "geometry": { "type": "MultiPolygon", "coordinates": [ [ [ [ 48.5984036, -20.4156073 ], [ 48.5007975, -20.715336 ], [ 48.4760807, -20.8413609 ], [ 48.4247391, -20.8435585 ], [ 48.3877972, -20.8037528 ], [ 48.2257835, -20.8224555 ], [ 48.1325533, -20.7731602 ], [ 48.0670404, -20.7522907 ], [ 48.0143242, -20.7645079 ], [ 47.9740936, -20.746154 ], [ 47.9721636, -20.826347 ], [ 47.9244443, -20.8538693 ], [ 47.858693, -20.846826 ], [ 47.8908588, -20.7698475 ], [ 47.86095, -20.6890779 ], [ 47.8234312, -20.6892819 ], [ 47.7824944, -20.6317593 ], [ 47.7875075, -20.5660649 ], [ 47.749722, -20.5265049 ], [ 47.7036816, -20.5290488 ], [ 47.6638328, -20.4916491 ], [ 47.6487033, -20.4501396 ], [ 47.6726701, -20.3747322 ], [ 47.7200798, -20.4022254 ], [ 47.7685101, -20.4616866 ], [ 47.8433375, -20.4519511 ], [ 47.8846464, -20.4257706 ], [ 47.9409477, -20.4347569 ], [ 47.9665461, -20.4063753 ], [ 48.075735, -20.4367725 ], [ 48.0771083, -20.391588 ], [ 48.1448315, -20.2685999 ], [ 48.1549742, -20.2166665 ], [ 48.1973631, -20.2115526 ], [ 48.2097971, -20.2729603 ], [ 48.2986418, -20.315786 ], [ 48.3443861, -20.283863 ], [ 48.3904273, -20.3035348 ], [ 48.3802725, -20.3639521 ], [ 48.4453748, -20.406396 ], [ 48.5611242, -20.4299124 ], [ 48.5984036, -20.4156073 ] ] ] ] } },
{ "type": "Feature", "properties": { "POLYGON_ID": "MDG_GAUL2014_ADM2_154616", "ADM0_ISO3": "MDG", "ADM0_NAME": "Madagascar", "ADM0_CODE": 150, "ADM1_NAME": "Vatovavy Fitovinany", "ADM1_CODE": 41771, "ADM2_NAME": "Vohipeno", "ADM2_CODE": 154616, "GEOSET": "GAUL", "GEOSET_YEAR": 2014.0, "GEOSET_VERSION": "GAUL_v1", "GEOSET_UNIT": "ADM2", "CENTROID_LONG": 47.698788932043428, "CENTROID_LAT": -22.341445470253507 }, "geometry": { "type": "MultiPolygon", "coordinates": [ [ [ [ 47.946473, -22.3351081 ], [ 47.8921391, -22.4932751 ], [ 47.7816922, -22.4393346 ], [ 47.6991513, -22.4993105 ], [ 47.6537453, -22.4472476 ], [ 47.5730925, -22.4404167 ], [ 47.42918, -22.34447 ], [ 47.4171342, -22.2690406 ], [ 47.432542, -22.2437534 ], [ 47.5930907, -22.2528693 ], [ 47.6188259, -22.1970866 ], [ 47.6553536, -22.1795367 ], [ 47.7208626, -22.2569316 ], [ 47.8313131, -22.2486188 ], [ 47.9300639, -22.2273536 ], [ 47.9287091, -22.3149551 ], [ 47.946473, -22.3351081 ] ] ] ] } }
]
}
