{
"type": "FeatureCollection",
"name": "MEX_GAUL2011_ADM0",
"crs": { "type": "name", "properties": { "name": "urn:ogc:def:crs:OGC:1.3:CRS84" } },
"features": [
{ "type": "Feature", "properties": { "POLYGON_ID": "MEX_GAUL2011_ADM0_162", "ADM0_ISO3": "MEX", "ADM0_NAME": "Mexico", "ADM0_CODE": 162, "GEOSET": "GAUL", "GEOSET_YEAR": 2011.0, "GEOSET_VERSION": "GAUL_v1", "GEOSET_UNIT": "ADM0", "CENTROID_LONG": -102.54249895828839, "CENTROID_LAT": 23.948476633666836 }, "geometry": { "type": "MultiPolygon", "coordinates": [ [ [ [ -86.725811, 20.5794131 ], [ -86.7622899, 20.5094193 ], [ -86.8164944, 20.4398225 ], [ -86.8299298, 20.4386405 ], [ -86.9327837, 20.3119476 ], [ -86.9877297, 20.2719927 ], [ -87.0053981, 20.298704 ], [ -87.024538, 20.3555757 ], [ -87.0215393, 20.3921461 ], [ -87.0061082, 20.4328376 ], [ -86.990214, 20.4490747 ], [ -86.9276426, 20.5505143 ], [ -86.8972432, 20.5655833 ], [ -86.8699147, 20.5374142 ], [ -86.8535468, 20.5502095 ], [ -86.8087212, 20.5390926 ], [ -86.725811, 20.5794131 ] ] ], [ [ [ -114.7847113, 32.6220998 ], [ -114.8034428, 32.6001583 ], [ -114.79867, 32.58934 ], [ -114.80958, 32.55951 ], [ -114.80582, 32.5583 ], [ -114.7934672, 32.5645656 ], [ -114.79149, 32.5592 ], [ -114.7926704, 32.5546496 ], [ -114.79356, 32.55122 ], [ -114.8022515, 32.5412219 ], [ -114.80255, 32.53603 ], [ -114.8092889, 32.5240853 ], [ -114.81011, 32.52263 ], [ -114.8036511, 32.509688 ], [ -114.8118338, 32.5054747 ], [ -114.8143302, 32.5020175 ], [ -114.8142164, 32.4959182 ], [ -114.8067347, 32.4921494 ], [ -114.8047587, 32.4914858 ], [ -114.77847, 32.48438 ], [ -114.6896755, 32.4579916 ], [ -114.40659, 32.36825 ], [ -113.98829, 32.23792 ], [ -113.92796, 32.22136 ], [ -113.6673751, 32.141566 ], [ -113.3337708, 32.0394127 ], [ -113.13177, 31.97641 ], [ -112.81617, 31.87884 ], [ -112.7333907, 31.8533103 ], [ -112.60609, 31.81405 ], [ -112.28404, 31.71416 ], [ -111.91892, 31.59775 ], [ -111.66116, 31.5166 ], [ -111.4898921, 31.4631683 ], [ -111.3665771, 31.4246969 ], [ -111.25706, 31.39053 ], [ -111.1713025, 31.363007 ], [ -111.06475, 31.32881 ], [ -110.95123, 31.33121 ], [ -110.69801, 31.33194 ], [ -110.4601768, 31.3315986 ], [ -110.44022, 31.33157 ], [ -109.8513734, 31.3320897 ], [ -109.78929, 31.33203 ], [ -109.6507244, 31.332594 ], [ -109.30034, 31.33402 ], [ -109.0758207, 31.3320587 ], [ -109.0500412, 31.3318336 ], [ -109.0462, 31.3318 ], [ -108.96841, 31.33092 ], [ -108.95464, 31.33333 ], [ -108.9442964, 31.3321853 ], [ -108.93955, 31.33166 ], [ -108.9227516, 31.3324996 ], [ -108.9101027, 31.3328056 ], [ -108.90128, 31.33196 ], [ -108.70616, 31.33061 ], [ -108.60434, 31.3328 ], [ -108.59581, 31.33337 ], [ -108.59172, 31.33192 ], [ -108.5730124, 31.3327614 ], [ -108.55348, 31.33364 ], [ -108.55275, 31.33367 ], [ -108.54973, 31.33218 ], [ -108.20589, 31.33134 ], [ -108.20177, 31.36132 ], [ -108.20305, 31.37619 ], [ -108.20128, 31.4804 ], [ -108.20348, 31.78346 ], [ -108.14441, 31.78361 ], [ -107.55412, 31.78378 ], [ -107.40654, 31.78344 ], [ -106.96383, 31.78151 ], [ -106.6687, 31.77946 ], [ -106.5211416, 31.7782 ], [ -106.5199283, 31.7753373 ], [ -106.51142, 31.76884 ], [ -106.50629, 31.76026 ], [ -106.4988747, 31.755983 ], [ -106.48493, 31.74794 ], [ -106.4751385, 31.7475387 ], [ -106.41924, 31.75042 ], [ -106.40731, 31.7468 ], [ -106.37507, 31.72968 ], [ -106.3317, 31.66468 ], [ -106.31214, 31.64004 ], [ -106.27231, 31.5576 ], [ -106.2633, 31.55207 ], [ -106.2508314, 31.5475405 ], [ -106.2056, 31.46969 ], [ -106.17065, 31.45602 ], [ -106.1225217, 31.4243435 ], [ -106.11856, 31.42344 ], [ -106.1129415, 31.4231014 ], [ -106.10462, 31.4226 ], [ -106.0769144, 31.4000904 ], [ -106.07257, 31.39714 ], [ -106.0417857, 31.3947588 ], [ -106.02193, 31.39431 ], [ -106.00689, 31.39233 ], [ -106.0036107, 31.3911224 ], [ -106.0004, 31.38994 ], [ -105.98976, 31.3826 ], [ -105.9784122, 31.3715101 ], [ -105.97436, 31.36755 ], [ -105.95768, 31.36422 ], [ -105.94983, 31.36071 ], [ -105.9454094, 31.3517797 ], [ -105.94388, 31.348688 ], [ -105.94408, 31.32713 ], [ -105.9379, 31.31625 ], [ -105.92464, 31.31079 ], [ -105.90755, 31.31135 ], [ -105.8945, 31.2935 ], [ -105.87549, 31.29204 ], [ -105.8588293, 31.277537 ], [ -105.8336212, 31.2456693 ], [ -105.82671, 31.2366 ], [ -105.80844, 31.22274 ], [ -105.7816, 31.19735 ], [ -105.77838, 31.18498 ], [ -105.76347, 31.16765 ], [ -105.73321, 31.16364 ], [ -105.70694, 31.13845 ], [ -105.65338, 31.12041 ], [ -105.6409512, 31.1032017 ], [ -105.63418, 31.09897 ], [ -105.6189, 31.09581 ], [ -105.5803169, 31.0474424 ], [ -105.57845, 31.03392 ], [ -105.5772, 31.02638 ], [ -105.5718039, 31.0183548 ], [ -105.56938, 31.01475 ], [ -105.55205, 30.98898 ], [ -105.5459894, 30.9872281 ], [ -105.53112, 30.98293 ], [ -105.5233008, 30.9759631 ], [ -105.51369, 30.9674 ], [ -105.5083, 30.96451 ], [ -105.49923, 30.96398 ], [ -105.49492, 30.96176 ], [ -105.4651, 30.92833 ], [ -105.4541, 30.92462 ], [ -105.4523078, 30.9232453 ], [ -105.45058, 30.92192 ], [ -105.44749, 30.91509 ], [ -105.44099, 30.91016 ], [ -105.40783, 30.89213 ], [ -105.40009, 30.89111 ], [ -105.39817, 30.88863 ], [ -105.39962, 30.88218 ], [ -105.3921831, 30.873477 ], [ -105.3916931, 30.8729036 ], [ -105.39361, 30.85154 ], [ -105.3915049, 30.8514239 ], [ -105.38672, 30.85116 ], [ -105.3777727, 30.8506551 ], [ -105.3651, 30.84994 ], [ -105.3551087, 30.845313 ], [ -105.34789, 30.84197 ], [ -105.3361011, 30.8393248 ], [ -105.3270076, 30.8324188 ], [ -105.3074002, 30.8153202 ], [ -105.3037, 30.81653 ], [ -105.29642, 30.82444 ], [ -105.29189, 30.82405 ], [ -105.28647, 30.81909 ], [ -105.25195, 30.79715 ], [ -105.2488975, 30.7971987 ], [ -105.2361, 30.80221 ], [ -105.22009, 30.79993 ], [ -105.21138, 30.80305 ], [ -105.1982963, 30.7952659 ], [ -105.19859, 30.78925 ], [ -105.19723, 30.78721 ], [ -105.1887, 30.78642 ], [ -105.1849151, 30.7825224 ], [ -105.1733265, 30.7693982 ], [ -105.16996, 30.7672 ], [ -105.1658583, 30.7711385 ], [ -105.16292, 30.77396 ], [ -105.1558567, 30.7656261 ], [ -105.1590879, 30.7554364 ], [ -105.15688, 30.75157 ], [ -105.1416787, 30.7528127 ], [ -105.13989, 30.75297 ], [ -105.134765, 30.7503582 ], [ -105.13157, 30.74873 ], [ -105.1251833, 30.7486051 ], [ -105.12492, 30.7486 ], [ -105.11657, 30.74299 ], [ -105.1108633, 30.73556 ], [ -105.10402, 30.72665 ], [ -105.0956, 30.71783 ], [ -105.06489, 30.69602 ], [ -105.061, 30.68735 ], [ -105.0586735, 30.685045 ], [ -105.05667, 30.68306 ], [ -105.051884, 30.6814492 ], [ -105.04945, 30.68063 ], [ -105.0464126, 30.6798527 ], [ -105.036, 30.68587 ], [ -105.0284532, 30.6818544 ], [ -105.02634, 30.68073 ], [ -105.0254314, 30.6805142 ], [ -105.00295, 30.68036 ], [ -105.0, 30.67743 ], [ -104.99862, 30.67607 ], [ -104.99447, 30.66718 ], [ -104.9908948, 30.6632205 ], [ -104.98526, 30.65698 ], [ -104.98743, 30.64651 ], [ -104.9832527, 30.6282544 ], [ -104.98088, 30.62171 ], [ -104.97488, 30.61284 ], [ -104.9704064, 30.6097436 ], [ -104.96546, 30.60632 ], [ -104.9453505, 30.6029209 ], [ -104.9380504, 30.60324 ], [ -104.93352, 30.60124 ], [ -104.92892, 30.59648 ], [ -104.9224964, 30.6007853 ], [ -104.92102, 30.60049 ], [ -104.91705, 30.58586 ], [ -104.9082, 30.58093 ], [ -104.9016001, 30.5721741 ], [ -104.9007, 30.57098 ], [ -104.8957, 30.56434 ], [ -104.8837, 30.53077 ], [ -104.8816669, 30.5284077 ], [ -104.87882, 30.5251 ], [ -104.8788224, 30.525097 ], [ -104.88142, 30.52185 ], [ -104.8807864, 30.5193232 ], [ -104.88056, 30.51842 ], [ -104.8728356, 30.5090545 ], [ -104.8727, 30.50889 ], [ -104.86949, 30.49195 ], [ -104.86467, 30.48926 ], [ -104.86391, 30.44522 ], [ -104.86068, 30.42713 ], [ -104.85747, 30.42511 ], [ -104.85365, 30.41896 ], [ -104.8493004, 30.4165262 ], [ -104.84643, 30.41492 ], [ -104.85659, 30.38955 ], [ -104.85247, 30.38111 ], [ -104.84072, 30.37576 ], [ -104.8307144, 30.374179 ], [ -104.82319, 30.37299 ], [ -104.818122, 30.370531 ], [ -104.8164577, 30.3665812 ], [ -104.81591, 30.36528 ], [ -104.81135, 30.3619 ], [ -104.80852, 30.35601 ], [ -104.81618, 30.34968 ], [ -104.80987, 30.33667 ], [ -104.80423, 30.33216 ], [ -104.79356, 30.3277 ], [ -104.7891974, 30.3205866 ], [ -104.7883903, 30.3192706 ], [ -104.7869728, 30.3182873 ], [ -104.77929, 30.31296 ], [ -104.77869, 30.3086 ], [ -104.76477, 30.29959 ], [ -104.75695, 30.29074 ], [ -104.75695, 30.27445 ], [ -104.74873, 30.27363 ], [ -104.7473557, 30.2720394 ], [ -104.7416746, 30.2601727 ], [ -104.73688, 30.26023 ], [ -104.7301628, 30.2573521 ], [ -104.72542, 30.25532 ], [ -104.70798, 30.22339 ], [ -104.6995002, 30.2033723 ], [ -104.69589, 30.19485 ], [ -104.68913, 30.18506 ], [ -104.68579, 30.17477 ], [ -104.68484, 30.16446 ], [ -104.6874886, 30.1486581 ], [ -104.6875, 30.14859 ], [ -104.68583, 30.14333 ], [ -104.69117, 30.12973 ], [ -104.68526, 30.10662 ], [ -104.68845, 30.10796 ], [ -104.6884525, 30.1079555 ], [ -104.69051, 30.10426 ], [ -104.6859865, 30.0983584 ], [ -104.68214, 30.09334 ], [ -104.68685, 30.09007 ], [ -104.68675, 30.08388 ], [ -104.6886598, 30.0795025 ], [ -104.69007, 30.07627 ], [ -104.6956021, 30.0691787 ], [ -104.6996521, 30.0639897 ], [ -104.69559, 30.0404 ], [ -104.70173, 30.02793 ], [ -104.68663, 29.99115 ], [ -104.68391, 29.98545 ], [ -104.68823, 29.97553 ], [ -104.6860952, 29.9739439 ], [ -104.6819695, 29.974572 ], [ -104.67794, 29.97519 ], [ -104.67712, 29.95637 ], [ -104.673316, 29.9561027 ], [ -104.6742811, 29.9515005 ], [ -104.6759702, 29.9506483 ], [ -104.6785, 29.92606 ], [ -104.6628411, 29.9030532 ], [ -104.659507, 29.9027691 ], [ -104.65572, 29.90245 ], [ -104.65411, 29.90063 ], [ -104.6536325, 29.8920723 ], [ -104.64489, 29.88443 ], [ -104.6265102, 29.8541121 ], [ -104.62356, 29.8507 ], [ -104.6210166, 29.8496305 ], [ -104.61878, 29.84869 ], [ -104.61923, 29.84341 ], [ -104.6154, 29.83381 ], [ -104.6150523, 29.8322452 ], [ -104.59583, 29.81084 ], [ -104.5891224, 29.8086152 ], [ -104.56094, 29.76645 ], [ -104.55804, 29.74703 ], [ -104.55186, 29.73946 ], [ -104.5529958, 29.7360796 ], [ -104.5536945, 29.7333303 ], [ -104.54696, 29.72826 ], [ -104.54657, 29.71931 ], [ -104.5403904, 29.7108806 ], [ -104.53966, 29.6962 ], [ -104.53036, 29.68964 ], [ -104.53514, 29.67467 ], [ -104.5327607, 29.6671755 ], [ -104.53267, 29.66689 ], [ -104.52504, 29.66743 ], [ -104.50938, 29.63852 ], [ -104.50618, 29.63525 ], [ -104.49909, 29.63647 ], [ -104.4963949, 29.6363987 ], [ -104.49304, 29.63631 ], [ -104.48082, 29.62748 ], [ -104.47343, 29.62549 ], [ -104.4705, 29.62253 ], [ -104.4688428, 29.6159095 ], [ -104.4685508, 29.6147432 ], [ -104.4668354, 29.612654 ], [ -104.464811, 29.6101912 ], [ -104.46059, 29.61 ], [ -104.4571533, 29.6072826 ], [ -104.45572, 29.59926 ], [ -104.44839, 29.60163 ], [ -104.426962, 29.5877011 ], [ -104.4049, 29.57336 ], [ -104.39272, 29.56613 ], [ -104.37646, 29.5486 ], [ -104.37688, 29.54011 ], [ -104.3696413, 29.5404888 ], [ -104.36637, 29.54066 ], [ -104.3370111, 29.5248601 ], [ -104.33168, 29.5194 ], [ -104.311743, 29.5293649 ], [ -104.3073717, 29.52926 ], [ -104.305945, 29.5265839 ], [ -104.3036, 29.52218 ], [ -104.29388, 29.52226 ], [ -104.291119, 29.5210888 ], [ -104.28966, 29.52047 ], [ -104.28436, 29.51684 ], [ -104.27673, 29.51645 ], [ -104.2689592, 29.5141116 ], [ -104.26038, 29.51153 ], [ -104.2553296, 29.5072061 ], [ -104.25322, 29.5054 ], [ -104.24506, 29.50432 ], [ -104.2269903, 29.4845707 ], [ -104.2264002, 29.4796813 ], [ -104.2090827, 29.4816597 ], [ -104.21062, 29.45455 ], [ -104.17366, 29.41123 ], [ -104.16306, 29.40213 ], [ -104.16061, 29.39251 ], [ -104.1557463, 29.3912721 ], [ -104.15008, 29.38983 ], [ -104.13528, 29.38053 ], [ -104.12057, 29.37812 ], [ -104.11655, 29.37103 ], [ -104.1020714, 29.3682859 ], [ -104.09468, 29.3611 ], [ -104.07849, 29.34216 ], [ -104.06904, 29.34154 ], [ -104.05402, 29.33361 ], [ -104.0514372, 29.3280975 ], [ -104.05134, 29.32789 ], [ -104.047043, 29.3253415 ], [ -104.03947, 29.32085 ], [ -103.99654, 29.3014 ], [ -103.95087, 29.29642 ], [ -103.93562, 29.29146 ], [ -103.92332, 29.29315 ], [ -103.91936, 29.29065 ], [ -103.91695, 29.284 ], [ -103.897033, 29.2852701 ], [ -103.8922517, 29.2816775 ], [ -103.88885, 29.27912 ], [ -103.88518, 29.27822 ], [ -103.87368, 29.28311 ], [ -103.86657, 29.27879 ], [ -103.83981, 29.27688 ], [ -103.82664, 29.26846 ], [ -103.8081839, 29.2696639 ], [ -103.80725, 29.26902 ], [ -103.8057116, 29.2652845 ], [ -103.80272, 29.25802 ], [ -103.7927017, 29.2589824 ], [ -103.78624, 29.26224 ], [ -103.7823, 29.26089 ], [ -103.7747399, 29.2486761 ], [ -103.77408, 29.24761 ], [ -103.77952, 29.2384 ], [ -103.7786346, 29.2291523 ], [ -103.77968, 29.22416 ], [ -103.7736105, 29.2177606 ], [ -103.7561, 29.2252 ], [ -103.75816, 29.22036 ], [ -103.7461, 29.21836 ], [ -103.74294, 29.21562 ], [ -103.74182, 29.20575 ], [ -103.7392201, 29.2036685 ], [ -103.72813, 29.19479 ], [ -103.7208218, 29.185234 ], [ -103.7157109, 29.1785511 ], [ -103.7039827, 29.1826155 ], [ -103.69685, 29.17703 ], [ -103.65514, 29.16596 ], [ -103.6514218, 29.1583387 ], [ -103.65011, 29.15565 ], [ -103.63467, 29.15778 ], [ -103.6294867, 29.1610289 ], [ -103.58356, 29.14811 ], [ -103.55269, 29.15373 ], [ -103.5515203, 29.1466035 ], [ -103.5510706, 29.1438636 ], [ -103.53535, 29.14116 ], [ -103.524063, 29.1333921 ], [ -103.5228657, 29.1296206 ], [ -103.52246, 29.12834 ], [ -103.52477, 29.11961 ], [ -103.50546, 29.11692 ], [ -103.50382, 29.11669 ], [ -103.5023241, 29.1144543 ], [ -103.49383, 29.10616 ], [ -103.49068, 29.10433 ], [ -103.4862, 29.09677 ], [ -103.4728977, 29.0826053 ], [ -103.47201, 29.0816598 ], [ -103.4712391, 29.0751425 ], [ -103.4679671, 29.0663389 ], [ -103.4664512, 29.0653708 ], [ -103.46121, 29.06584 ], [ -103.4595501, 29.0679846 ], [ -103.45782, 29.07022 ], [ -103.4539, 29.07069 ], [ -103.45023, 29.06909 ], [ -103.4487342, 29.0626177 ], [ -103.4447, 29.05854 ], [ -103.4318618, 29.0539806 ], [ -103.4317563, 29.0505679 ], [ -103.43156, 29.04411 ], [ -103.42894, 29.04136 ], [ -103.4061763, 29.0377463 ], [ -103.39936, 29.03088 ], [ -103.38968, 29.03319 ], [ -103.3868024, 29.0318211 ], [ -103.3847096, 29.0237908 ], [ -103.38441, 29.02264 ], [ -103.35459, 29.02156 ], [ -103.35069, 29.02708 ], [ -103.3492251, 29.0345437 ], [ -103.34785, 29.04155 ], [ -103.34473, 29.04408 ], [ -103.3408, 29.04455 ], [ -103.32902, 29.04021 ], [ -103.3279959, 29.0386685 ], [ -103.32613, 29.03586 ], [ -103.32721, 29.03323 ], [ -103.32821, 29.0308 ], [ -103.3389113, 29.0257271 ], [ -103.3395627, 29.0226091 ], [ -103.33785, 29.01907 ], [ -103.3345432, 29.0172627 ], [ -103.33366, 29.01678 ], [ -103.32555, 29.01565 ], [ -103.3073564, 29.0233277 ], [ -103.30543, 29.02234 ], [ -103.3144389, 29.0084904 ], [ -103.31506, 29.00694 ], [ -103.2861619, 28.9997555 ], [ -103.2839421, 28.9991805 ], [ -103.2834, 28.99666 ], [ -103.2824, 28.9891 ], [ -103.27841, 28.98496 ], [ -103.2711, 28.9868 ], [ -103.2681219, 28.9953548 ], [ -103.19606, 28.99011 ], [ -103.1534464, 28.9759189 ], [ -103.14951, 28.97568 ], [ -103.14429, 28.97752 ], [ -103.13201, 28.98717 ], [ -103.11527, 28.98764 ], [ -103.1132983, 28.9896117 ], [ -103.09621, 29.0237 ], [ -103.10223, 29.03358 ], [ -103.09152, 29.06343 ], [ -103.0894308, 29.0627403 ], [ -103.0888821, 29.0604836 ], [ -103.08681, 29.05195 ], [ -103.0755707, 29.0758324 ], [ -103.07741, 29.0825 ], [ -103.0141503, 29.1244717 ], [ -103.01486, 29.12727 ], [ -103.0143491, 29.1298392 ], [ -103.01381, 29.13255 ], [ -102.97818, 29.18121 ], [ -102.95252, 29.17385 ], [ -102.94492, 29.1766 ], [ -102.88648, 29.20455 ], [ -102.8670887, 29.2295995 ], [ -102.87124, 29.23828 ], [ -102.90057, 29.25118 ], [ -102.90371, 29.25555 ], [ -102.88584, 29.28629 ], [ -102.87579, 29.34805 ], [ -102.84247, 29.35489 ], [ -102.8214094, 29.4052528 ], [ -102.82767, 29.40629 ], [ -102.8279155, 29.407376 ], [ -102.82819, 29.40859 ], [ -102.82577, 29.44256 ], [ -102.8165703, 29.4466803 ], [ -102.82233, 29.45289 ], [ -102.8018, 29.47995 ], [ -102.8017, 29.52104 ], [ -102.7688008, 29.5462308 ], [ -102.77457, 29.55175 ], [ -102.76874, 29.57103 ], [ -102.7669579, 29.5719783 ], [ -102.76532, 29.57285 ], [ -102.73845, 29.59254 ], [ -102.73729, 29.6318 ], [ -102.70061, 29.66912 ], [ -102.68572, 29.71752 ], [ -102.66747, 29.74433 ], [ -102.6649576, 29.7439563 ], [ -102.6588, 29.73718 ], [ -102.65144, 29.73395 ], [ -102.6378834, 29.7341707 ], [ -102.62748, 29.73434 ], [ -102.60321, 29.74597 ], [ -102.59687, 29.75169 ], [ -102.5913967, 29.7515801 ], [ -102.58635, 29.74844 ], [ -102.56757, 29.76926 ], [ -102.56387, 29.77154 ], [ -102.54766, 29.74555 ], [ -102.5447009, 29.7440986 ], [ -102.49343, 29.78032 ], [ -102.48269, 29.78431 ], [ -102.4785029, 29.7806042 ], [ -102.47589, 29.7735 ], [ -102.46851, 29.77462 ], [ -102.46136, 29.78193 ], [ -102.45482, 29.77501 ], [ -102.45088, 29.77247 ], [ -102.4461363, 29.775815 ], [ -102.44216, 29.77657 ], [ -102.4387947, 29.7751366 ], [ -102.43507, 29.77355 ], [ -102.4322908, 29.774092 ], [ -102.42584, 29.77535 ], [ -102.42059, 29.77303 ], [ -102.418026, 29.7686606 ], [ -102.41694, 29.76681 ], [ -102.40851, 29.76723 ], [ -102.4075925, 29.7652459 ], [ -102.4061711, 29.7621724 ], [ -102.3947903, 29.7689998 ], [ -102.39244, 29.76808 ], [ -102.3879114, 29.7636359 ], [ -102.38483, 29.76322 ], [ -102.38499, 29.77998 ], [ -102.3388818, 29.8632991 ], [ -102.33383, 29.86901 ], [ -102.33071, 29.86372 ], [ -102.32835, 29.86072 ], [ -102.3184761, 29.8763799 ], [ -102.31425, 29.87946 ], [ -102.3090806, 29.8757729 ], [ -102.29977, 29.87686 ], [ -102.2938127, 29.8732204 ], [ -102.28954, 29.87061 ], [ -102.2887748, 29.8705263 ], [ -102.28506, 29.87012 ], [ -102.2772, 29.86343 ], [ -102.2752561, 29.8630758 ], [ -102.26373, 29.86656 ], [ -102.26247, 29.8660033 ], [ -102.25513, 29.85274 ], [ -102.252245, 29.8522214 ], [ -102.246119, 29.8627049 ], [ -102.24557, 29.8637 ], [ -102.23821, 29.85999 ], [ -102.23856, 29.84759 ], [ -102.2341956, 29.8477929 ], [ -102.2325, 29.84894 ], [ -102.22227, 29.84107 ], [ -102.21912, 29.84059 ], [ -102.21014, 29.84352 ], [ -102.20197, 29.84324 ], [ -102.2018239, 29.8431158 ], [ -102.1943606, 29.8367705 ], [ -102.18666, 29.84613 ], [ -102.18034, 29.84609 ], [ -102.15737, 29.81795 ], [ -102.15479, 29.8115 ], [ -102.1469, 29.8103 ], [ -102.1418878, 29.8053026 ], [ -102.1367002, 29.8001302 ], [ -102.12566, 29.79799 ], [ -102.12169, 29.80072 ], [ -102.11721, 29.8 ], [ -102.112, 29.79354 ], [ -102.10305, 29.79279 ], [ -102.0786745, 29.7924806 ], [ -102.077232, 29.7926098 ], [ -102.0699224, 29.7854424 ], [ -102.04753, 29.78574 ], [ -102.03316, 29.80193 ], [ -102.00791, 29.79738 ], [ -101.99758, 29.80327 ], [ -101.9930948, 29.8028063 ], [ -101.99284, 29.80278 ], [ -101.9886913, 29.7954024 ], [ -101.98315, 29.79697 ], [ -101.98144, 29.81026 ], [ -101.96539, 29.80854 ], [ -101.96414, 29.80118 ], [ -101.933608, 29.7953818 ], [ -101.93027, 29.79035 ], [ -101.93086, 29.7837 ], [ -101.9290606, 29.7797813 ], [ -101.90967, 29.79546 ], [ -101.87625, 29.79197 ], [ -101.851899, 29.8044626 ], [ -101.84715, 29.80297 ], [ -101.8441486, 29.7994357 ], [ -101.81414, 29.80979 ], [ -101.8078516, 29.8072106 ], [ -101.80264, 29.80189 ], [ -101.81044, 29.78703 ], [ -101.80789, 29.78013 ], [ -101.7609558, 29.779148 ], [ -101.759868, 29.7783926 ], [ -101.741918, 29.7766703 ], [ -101.73893, 29.77582 ], [ -101.736944, 29.7719184 ], [ -101.72052, 29.77381 ], [ -101.7173646, 29.7723319 ], [ -101.7145, 29.77099 ], [ -101.71145, 29.76201 ], [ -101.57654, 29.76707 ], [ -101.56855, 29.7927 ], [ -101.54302, 29.80987 ], [ -101.5391, 29.80776 ], [ -101.53457, 29.79141 ], [ -101.53662, 29.7593 ], [ -101.5346112, 29.7573625 ], [ -101.50236, 29.76075 ], [ -101.4535439, 29.7852271 ], [ -101.45224, 29.78406 ], [ -101.4534086, 29.7693477 ], [ -101.44724, 29.74842 ], [ -101.4001467, 29.7675313 ], [ -101.39767, 29.76579 ], [ -101.41308, 29.74366 ], [ -101.4120339, 29.7425668 ], [ -101.40997, 29.74041 ], [ -101.39509, 29.73197 ], [ -101.39465, 29.72645 ], [ -101.39774, 29.71363 ], [ -101.3722204, 29.696098 ], [ -101.36935, 29.69447 ], [ -101.37273, 29.68028 ], [ -101.37175, 29.67567 ], [ -101.36275, 29.66225 ], [ -101.36191, 29.64869 ], [ -101.34623, 29.65814 ], [ -101.3037442, 29.6464144 ], [ -101.2989211, 29.6389582 ], [ -101.30433, 29.62984 ], [ -101.3057537, 29.625221 ], [ -101.31329, 29.60077 ], [ -101.3062101, 29.5702606 ], [ -101.28065, 29.57985 ], [ -101.28116, 29.60864 ], [ -101.277549, 29.6129372 ], [ -101.25363, 29.62314 ], [ -101.24619, 29.61647 ], [ -101.2475, 29.59263 ], [ -101.24312, 29.5712 ], [ -101.25674, 29.54174 ], [ -101.25326, 29.52361 ], [ -101.1998232, 29.5222874 ], [ -101.1897741, 29.5217015 ], [ -101.17164, 29.50784 ], [ -101.17113, 29.47987 ], [ -101.150443, 29.4722815 ], [ -101.07076, 29.44302 ], [ -101.0636096, 29.442914 ], [ -101.05659, 29.44281 ], [ -101.03767, 29.41567 ], [ -101.0347549, 29.4017721 ], [ -101.0179046, 29.3870318 ], [ -101.01286, 29.38064 ], [ -101.0118099, 29.3746203 ], [ -101.01073, 29.36843 ], [ -100.96113, 29.34197 ], [ -100.94357, 29.34125 ], [ -100.9389651, 29.3372694 ], [ -100.9373523, 29.3328474 ], [ -100.9367205, 29.3287434 ], [ -100.91748, 29.32018 ], [ -100.9131807, 29.3169308 ], [ -100.8887531, 29.3043395 ], [ -100.88528, 29.30384 ], [ -100.8767617, 29.2857095 ], [ -100.87453, 29.27795 ], [ -100.81671, 29.25934 ], [ -100.8128, 29.25859 ], [ -100.81234, 29.25514 ], [ -100.81637, 29.25061 ], [ -100.79866, 29.24504 ], [ -100.7944985, 29.2415721 ], [ -100.79404, 29.22751 ], [ -100.791597, 29.2232445 ], [ -100.78417, 29.22345 ], [ -100.7803616, 29.2199815 ], [ -100.77391, 29.2005416 ], [ -100.77163, 29.19683 ], [ -100.76619, 29.19421 ], [ -100.77193, 29.17019 ], [ -100.76916, 29.16509 ], [ -100.7644063, 29.1627484 ], [ -100.76242, 29.16177 ], [ -100.76123, 29.15624 ], [ -100.74094, 29.14947 ], [ -100.7368313, 29.1457212 ], [ -100.73595, 29.1379 ], [ -100.7292237, 29.1304929 ], [ -100.68085, 29.10711 ], [ -100.67467, 29.10241 ], [ -100.66785, 29.09173 ], [ -100.6656995, 29.0842915 ], [ -100.65786, 29.03436 ], [ -100.63502, 28.97976 ], [ -100.63666, 28.94143 ], [ -100.61213, 28.9047 ], [ -100.60699, 28.90215 ], [ -100.6040798, 28.9016601 ], [ -100.59909, 28.90082 ], [ -100.59784, 28.89473 ], [ -100.5911973, 28.8889227 ], [ -100.58973, 28.88764 ], [ -100.5652192, 28.8313512 ], [ -100.5528, 28.82797 ], [ -100.5454417, 28.8247023 ], [ -100.52969, 28.79851 ], [ -100.52435, 28.75904 ], [ -100.50375, 28.74173 ], [ -100.50664, 28.69264 ], [ -100.49022, 28.65861 ], [ -100.4693904, 28.6454505 ], [ -100.44572, 28.64116 ], [ -100.44162, 28.6085 ], [ -100.438, 28.60646 ], [ -100.4338, 28.60409 ], [ -100.42346, 28.5946 ], [ -100.39857, 28.58679 ], [ -100.40272, 28.53992 ], [ -100.37934, 28.51278 ], [ -100.33945, 28.50115 ], [ -100.33511, 28.49875 ], [ -100.33257, 28.49443 ], [ -100.36246, 28.47518 ], [ -100.33853, 28.44643 ], [ -100.33472, 28.42191 ], [ -100.3423208, 28.3990314 ], [ -100.28587, 28.31586 ], [ -100.28723, 28.2774701 ], [ -100.26674, 28.2542 ], [ -100.24752, 28.23327 ], [ -100.22039, 28.2312 ], [ -100.213882, 28.2283609 ], [ -100.2067574, 28.1978484 ], [ -100.2061445, 28.1968975 ], [ -100.20126, 28.18932 ], [ -100.1820046, 28.1830429 ], [ -100.17216, 28.17866 ], [ -100.1635097, 28.1701243 ], [ -100.15933, 28.166 ], [ -100.13701, 28.16517 ], [ -100.13026, 28.16323 ], [ -100.1149118, 28.1548854 ], [ -100.11449, 28.15464 ], [ -100.104272, 28.1521977 ], [ -100.0888353, 28.1481141 ], [ -100.07892, 28.14112 ], [ -100.05009, 28.10445 ], [ -100.0472596, 28.0830407 ], [ -100.04379, 28.07716 ], [ -100.03507, 28.07582 ], [ -100.0255202, 28.0707491 ], [ -100.0191, 28.06734 ], [ -100.01001, 28.03029 ], [ -100.0, 28.00937 ], [ -99.9995901, 28.0085123 ], [ -99.99426, 27.99736 ], [ -99.98229, 27.98702 ], [ -99.965, 27.97929 ], [ -99.93139, 27.97664 ], [ -99.93631, 27.94065 ], [ -99.9323176, 27.9346851 ], [ -99.92475, 27.9311 ], [ -99.9234852, 27.926671 ], [ -99.92196, 27.92133 ], [ -99.8911514, 27.8970032 ], [ -99.9024942, 27.8718265 ], [ -99.89998, 27.86187 ], [ -99.8824199, 27.8486026 ], [ -99.87607, 27.84157 ], [ -99.87576, 27.82138 ], [ -99.87388, 27.79456 ], [ -99.84311, 27.76716 ], [ -99.81518, 27.76999 ], [ -99.8040328, 27.7503412 ], [ -99.7999405, 27.7378315 ], [ -99.7612814, 27.717507 ], [ -99.75702, 27.71281 ], [ -99.7548494, 27.7096531 ], [ -99.75165, 27.705 ], [ -99.71119, 27.65317 ], [ -99.66371, 27.6513 ], [ -99.65953, 27.64499 ], [ -99.6596911, 27.6446471 ], [ -99.66512, 27.63309 ], [ -99.62909, 27.62759 ], [ -99.62658, 27.63879 ], [ -99.58879, 27.61926 ], [ -99.57676, 27.61354 ], [ -99.5824853, 27.6032476 ], [ -99.58411, 27.6013 ], [ -99.54104, 27.59833 ], [ -99.5312, 27.57791 ], [ -99.51344, 27.5604 ], [ -99.52011, 27.54193 ], [ -99.52719, 27.49591 ], [ -99.48739, 27.48757 ], [ -99.48406, 27.46847 ], [ -99.494393, 27.4454107 ], [ -99.49576, 27.44236 ], [ -99.4893, 27.40264 ], [ -99.4888501, 27.3992606 ], [ -99.48883, 27.39911 ], [ -99.49333, 27.3802 ], [ -99.5006619, 27.3671188 ], [ -99.50899, 27.35226 ], [ -99.5084906, 27.3376398 ], [ -99.5083009, 27.3320592 ], [ -99.53397, 27.31755 ], [ -99.5380817, 27.3132018 ], [ -99.4922106, 27.2901316 ], [ -99.49821, 27.26466 ], [ -99.46965, 27.26086 ], [ -99.46101, 27.25948 ], [ -99.4453, 27.24745 ], [ -99.4293293, 27.1644323 ], [ -99.42891, 27.16126 ], [ -99.4299094, 27.1597893 ], [ -99.43436, 27.15324 ], [ -99.4397384, 27.1489249 ], [ -99.44202, 27.14451 ], [ -99.43234, 27.12481 ], [ -99.4324417, 27.117878 ], [ -99.4327086, 27.1175662 ], [ -99.44415, 27.1042 ], [ -99.4317191, 27.085993 ], [ -99.4337, 27.07793 ], [ -99.4511, 27.06284 ], [ -99.45301, 27.05707 ], [ -99.4512, 27.01782 ], [ -99.4172, 27.00999 ], [ -99.3912, 26.98216 ], [ -99.38099, 26.97608 ], [ -99.37987, 26.97062 ], [ -99.3861499, 26.9430349 ], [ -99.38563, 26.93933 ], [ -99.3822921, 26.9373742 ], [ -99.37853, 26.93517 ], [ -99.3683764, 26.9292282 ], [ -99.33301, 26.91857 ], [ -99.31978, 26.88563 ], [ -99.3147139, 26.8762113 ], [ -99.30835, 26.86438 ], [ -99.29099, 26.84695 ], [ -99.2346, 26.79025 ], [ -99.22379, 26.74085 ], [ -99.22221, 26.73364 ], [ -99.19097, 26.61829 ], [ -99.1653441, 26.5743485 ], [ -99.1617565, 26.5681967 ], [ -99.1705566, 26.5423948 ], [ -99.17171, 26.53862 ], [ -99.1204247, 26.5155707 ], [ -99.11185, 26.50866 ], [ -99.0987612, 26.4866336 ], [ -99.09309, 26.47709 ], [ -99.10085, 26.43966 ], [ -99.1115748, 26.430895 ], [ -99.11424, 26.42644 ], [ -99.06931, 26.39144 ], [ -99.0371702, 26.4103298 ], [ -98.98294, 26.38279 ], [ -98.9547118, 26.3885819 ], [ -98.9511435, 26.3759829 ], [ -98.9382318, 26.3749996 ], [ -98.93549, 26.38337 ], [ -98.9287705, 26.3905494 ], [ -98.92625, 26.38854 ], [ -98.8985224, 26.3547882 ], [ -98.89561, 26.3535 ], [ -98.89131, 26.35337 ], [ -98.87505, 26.36221 ], [ -98.86719, 26.36469 ], [ -98.8594017, 26.3638536 ], [ -98.80348, 26.36242 ], [ -98.7897179, 26.3376944 ], [ -98.78327, 26.32611 ], [ -98.7498812, 26.3198547 ], [ -98.7457, 26.31682 ], [ -98.7435648, 26.3113383 ], [ -98.7429508, 26.3097582 ], [ -98.74624, 26.30248 ], [ -98.7496599, 26.3020748 ], [ -98.75662, 26.30125 ], [ -98.7071093, 26.2851357 ], [ -98.69564, 26.28464 ], [ -98.7131992, 26.2704867 ], [ -98.71401, 26.26618 ], [ -98.68152, 26.25195 ], [ -98.67722, 26.24798 ], [ -98.66492, 26.23208 ], [ -98.6391801, 26.22934 ], [ -98.6202059, 26.2497852 ], [ -98.61856, 26.25043 ], [ -98.6145419, 26.2506771 ], [ -98.60604, 26.2512 ], [ -98.588834, 26.2562905 ], [ -98.5869173, 26.2544342 ], [ -98.58555, 26.25311 ], [ -98.5844412, 26.2430251 ], [ -98.58377, 26.23692 ], [ -98.56525, 26.22624 ], [ -98.55565, 26.22943 ], [ -98.55601, 26.24225 ], [ -98.55334, 26.24411 ], [ -98.5364, 26.2261 ], [ -98.53156, 26.22866 ], [ -98.52283, 26.22101 ], [ -98.514428, 26.2213884 ], [ -98.50773, 26.22169 ], [ -98.5014812, 26.216441 ], [ -98.5018022, 26.2095886 ], [ -98.50097, 26.2075 ], [ -98.48276, 26.19993 ], [ -98.4749306, 26.2128791 ], [ -98.4756, 26.2161495 ], [ -98.47709, 26.22342 ], [ -98.47021, 26.2232 ], [ -98.46475, 26.21992 ], [ -98.45148, 26.21793 ], [ -98.43374, 26.18786 ], [ -98.40285, 26.17482 ], [ -98.39526, 26.18156 ], [ -98.3894, 26.17748 ], [ -98.39459, 26.1664 ], [ -98.39148, 26.15814 ], [ -98.3835799, 26.1525498 ], [ -98.37269, 26.15442 ], [ -98.3694084, 26.1601584 ], [ -98.36899, 26.16089 ], [ -98.3650035, 26.1634777 ], [ -98.35441, 26.14915 ], [ -98.34858, 26.15478 ], [ -98.33556, 26.15745 ], [ -98.3355195, 26.1525056 ], [ -98.33549, 26.14891 ], [ -98.3214405, 26.1299871 ], [ -98.3000306, 26.1011508 ], [ -98.2942819, 26.1153195 ], [ -98.29691, 26.12433 ], [ -98.2871902, 26.1201207 ], [ -98.2847328, 26.1183233 ], [ -98.28052, 26.11524 ], [ -98.27074, 26.11258 ], [ -98.2807, 26.1005 ], [ -98.28544, 26.10027 ], [ -98.24629, 26.06983 ], [ -98.20191, 26.06171 ], [ -98.1988048, 26.0612547 ], [ -98.1927319, 26.055192 ], [ -98.1858129, 26.0662054 ], [ -98.1771279, 26.0614719 ], [ -98.16985, 26.0575 ], [ -98.15138, 26.04677 ], [ -98.1480782, 26.0501679 ], [ -98.14129, 26.06156 ], [ -98.13031, 26.05691 ], [ -98.10497, 26.05641 ], [ -98.0418914, 26.0386479 ], [ -98.03558, 26.05007 ], [ -98.0242216, 26.0543194 ], [ -97.90443, 26.05038 ], [ -97.86405, 26.05899 ], [ -97.8618774, 26.0593018 ], [ -97.85973, 26.05961 ], [ -97.85409, 26.05125 ], [ -97.81844, 26.05031 ], [ -97.8139, 26.04626 ], [ -97.8138964, 26.046263 ], [ -97.8087664, 26.0505241 ], [ -97.7909039, 26.048075 ], [ -97.79021, 26.04693 ], [ -97.793278, 26.0419299 ], [ -97.79626, 26.03707 ], [ -97.7962555, 26.037068 ], [ -97.7798223, 26.029851 ], [ -97.7703606, 26.0391994 ], [ -97.7668738, 26.0376812 ], [ -97.76266, 26.0292 ], [ -97.7503252, 26.0340257 ], [ -97.74691, 26.02589 ], [ -97.73087, 26.01946 ], [ -97.7292907, 26.0256174 ], [ -97.72665, 26.02707 ], [ -97.7237311, 26.025775 ], [ -97.71831, 26.02337 ], [ -97.71612, 26.0224 ], [ -97.71338, 26.02579 ], [ -97.71487, 26.0305 ], [ -97.70193, 26.03156 ], [ -97.6990203, 26.0295102 ], [ -97.69593, 26.02202 ], [ -97.6901181, 26.0235242 ], [ -97.67207, 26.02654 ], [ -97.669705, 26.0285045 ], [ -97.66581, 26.03174 ], [ -97.6638828, 26.0314113 ], [ -97.66282, 26.03123 ], [ -97.66721, 26.02014 ], [ -97.6650783, 26.0183652 ], [ -97.63859, 26.01632 ], [ -97.6381228, 26.0081587 ], [ -97.6432764, 26.0057512 ], [ -97.63351, 25.99672 ], [ -97.6315043, 25.9949677 ], [ -97.62979, 25.99347 ], [ -97.62168, 25.99238 ], [ -97.620972, 25.9892476 ], [ -97.6228, 25.98699 ], [ -97.61067, 25.97099 ], [ -97.60912, 25.96744 ], [ -97.6110569, 25.965428 ], [ -97.579393, 25.9421602 ], [ -97.57445, 25.94668 ], [ -97.5722459, 25.9461434 ], [ -97.57063, 25.94575 ], [ -97.56865, 25.94218 ], [ -97.57053, 25.93876 ], [ -97.5788336, 25.9331712 ], [ -97.57711, 25.92698 ], [ -97.56246, 25.93689 ], [ -97.5578204, 25.9351597 ], [ -97.5698909, 25.9240444 ], [ -97.54721, 25.92349 ], [ -97.54031, 25.92399 ], [ -97.53918, 25.92084 ], [ -97.5410093, 25.9173126 ], [ -97.52512, 25.88286 ], [ -97.4731, 25.88196 ], [ -97.47352, 25.87672 ], [ -97.47565, 25.87286 ], [ -97.44781, 25.86356 ], [ -97.44675, 25.85884 ], [ -97.4516212, 25.8510427 ], [ -97.4149003, 25.8362217 ], [ -97.41665, 25.84638 ], [ -97.41454, 25.85302 ], [ -97.41035, 25.85285 ], [ -97.410179, 25.8513198 ], [ -97.41015, 25.85106 ], [ -97.40979, 25.84785 ], [ -97.40079, 25.84369 ], [ -97.4013268, 25.8394888 ], [ -97.40183, 25.83555 ], [ -97.3775328, 25.8365499 ], [ -97.3716764, 25.8413763 ], [ -97.3680908, 25.8471869 ], [ -97.37451, 25.85091 ], [ -97.37256, 25.85427 ], [ -97.3629607, 25.8628296 ], [ -97.36135, 25.86943 ], [ -97.37162, 25.87745 ], [ -97.36622, 25.8786 ], [ -97.36589, 25.88502 ], [ -97.368, 25.88856 ], [ -97.3753506, 25.9052984 ], [ -97.37216, 25.91149 ], [ -97.36728, 25.91243 ], [ -97.36246, 25.91579 ], [ -97.3582426, 25.9187306 ], [ -97.34644, 25.92696 ], [ -97.34006, 25.92715 ], [ -97.3265904, 25.9169753 ], [ -97.3259, 25.92034 ], [ -97.3210701, 25.9251899 ], [ -97.30939, 25.92492 ], [ -97.30479, 25.93024 ], [ -97.28493, 25.93514 ], [ -97.28093, 25.93864 ], [ -97.27995, 25.94274 ], [ -97.2799532, 25.9427427 ], [ -97.2875547, 25.9491888 ], [ -97.2889458, 25.9528393 ], [ -97.2888408, 25.9530087 ], [ -97.25861, 25.94711 ], [ -97.18084, 25.95915 ], [ -97.16121, 25.95507 ], [ -97.1597428, 25.9479241 ], [ -97.14614, 25.9561271 ], [ -97.145869, 25.869852 ], [ -97.1633564, 25.7501842 ], [ -97.1761064, 25.696573 ], [ -97.2021209, 25.6282015 ], [ -97.240142, 25.5609977 ], [ -97.3267802, 25.4189553 ], [ -97.4270753, 25.23899 ], [ -97.4413074, 25.2593939 ], [ -97.4035477, 25.312254 ], [ -97.3783349, 25.3667854 ], [ -97.412287, 25.3584072 ], [ -97.3928624, 25.4032254 ], [ -97.4723102, 25.4269734 ], [ -97.5125245, 25.369559 ], [ -97.5432663, 25.3700544 ], [ -97.5551674, 25.3338894 ], [ -97.5326331, 25.2886224 ], [ -97.5625494, 25.2808424 ], [ -97.6987161, 25.2202283 ], [ -97.7064013, 25.1973637 ], [ -97.6719895, 25.1755707 ], [ -97.7020327, 25.136959 ], [ -97.6998997, 25.0902538 ], [ -97.7227263, 25.0554536 ], [ -97.7211319, 24.991232 ], [ -97.680809, 24.9596133 ], [ -97.6745289, 24.939742 ], [ -97.6382775, 24.9253895 ], [ -97.6555026, 24.8983967 ], [ -97.7081266, 24.8574289 ], [ -97.7405336, 24.8593731 ], [ -97.7405418, 24.8317132 ], [ -97.7197104, 24.7870145 ], [ -97.7310928, 24.762663 ], [ -97.7189452, 24.7242139 ], [ -97.7384284, 24.6780552 ], [ -97.7084716, 24.6605576 ], [ -97.7265488, 24.5858212 ], [ -97.7500041, 24.4197614 ], [ -97.7530075, 24.3572459 ], [ -97.746529, 24.3304264 ], [ -97.7744683, 24.1113724 ], [ -97.7750633, 24.0192356 ], [ -97.7705634, 23.9028632 ], [ -97.7648837, 23.8523704 ], [ -97.7715029, 23.7883341 ], [ -97.7401697, 23.8035246 ], [ -97.7375435, 23.8580685 ], [ -97.743796, 23.9350768 ], [ -97.7284356, 24.1444547 ], [ -97.7322427, 24.1565829 ], [ -97.7251051, 24.2396542 ], [ -97.7115717, 24.2735128 ], [ -97.7373311, 23.952011 ], [ -97.7345874, 23.773365 ], [ -97.7430262, 23.6565369 ], [ -97.7649336, 23.4302491 ], [ -97.77015, 23.3335077 ], [ -97.7607626, 23.0062709 ], [ -97.7665375, 22.8907376 ], [ -97.788442, 22.8486896 ], [ -97.8026584, 22.7792939 ], [ -97.8202063, 22.7724743 ], [ -97.8466077, 22.7358555 ], [ -97.8511331, 22.709116 ], [ -97.8935904, 22.6393943 ], [ -97.8946927, 22.588173 ], [ -97.8599394, 22.5498304 ], [ -97.8586089, 22.4741915 ], [ -97.8462527, 22.4113363 ], [ -97.8210774, 22.3277082 ], [ -97.7842613, 22.2642045 ], [ -97.7938523, 22.2435192 ], [ -97.7843284, 22.1613258 ], [ -97.7606845, 22.0839165 ], [ -97.7345852, 22.0240069 ], [ -97.7495167, 22.0234574 ], [ -97.7249091, 21.9574011 ], [ -97.7229125, 21.9219542 ], [ -97.7078893, 21.8897851 ], [ -97.7226434, 21.8338443 ], [ -97.6967018, 21.769858 ], [ -97.6811242, 21.6646973 ], [ -97.6622879, 21.6315937 ], [ -97.6437544, 21.6260371 ], [ -97.646949, 21.5933677 ], [ -97.6283357, 21.5529249 ], [ -97.5992061, 21.5199873 ], [ -97.5932681, 21.4938072 ], [ -97.5692105, 21.464383 ], [ -97.5259894, 21.4686415 ], [ -97.5098704, 21.4580728 ], [ -97.5071648, 21.3996102 ], [ -97.4856976, 21.3353154 ], [ -97.4495232, 21.3131038 ], [ -97.4448563, 21.2736725 ], [ -97.4213121, 21.2407593 ], [ -97.3904755, 21.1470191 ], [ -97.3864628, 21.0993552 ], [ -97.4066459, 21.0846145 ], [ -97.3912254, 21.0391598 ], [ -97.3537887, 20.977274 ], [ -97.3028411, 20.9594915 ], [ -97.2520982, 20.8632363 ], [ -97.2278598, 20.8291781 ], [ -97.1935582, 20.7395375 ], [ -97.194417, 20.7024889 ], [ -97.1765639, 20.660898 ], [ -97.147006, 20.6173356 ], [ -97.0472906, 20.5140433 ], [ -96.9931404, 20.4708286 ], [ -96.9255778, 20.3834648 ], [ -96.7875426, 20.2468478 ], [ -96.7165413, 20.1725804 ], [ -96.698792, 20.1468683 ], [ -96.5787076, 20.0073094 ], [ -96.5637572, 19.9703007 ], [ -96.4771228, 19.8720665 ], [ -96.448941, 19.848246 ], [ -96.4458799, 19.8270994 ], [ -96.4011024, 19.7233298 ], [ -96.4076439, 19.7027635 ], [ -96.394836, 19.67919 ], [ -96.3968645, 19.6467628 ], [ -96.3736111, 19.6067932 ], [ -96.3752659, 19.5633259 ], [ -96.3214094, 19.4872619 ], [ -96.3204081, 19.4078579 ], [ -96.3106657, 19.3570178 ], [ -96.294576, 19.321524 ], [ -96.2336235, 19.2709444 ], [ -96.181141, 19.2500709 ], [ -96.1672998, 19.2198789 ], [ -96.1406018, 19.2099273 ], [ -96.1233165, 19.1790929 ], [ -96.094158, 19.1538754 ], [ -96.1051571, 19.1236837 ], [ -96.0969402, 19.0923099 ], [ -96.0598179, 19.0640601 ], [ -96.031, 19.0563939 ], [ -95.9933753, 19.0628746 ], [ -95.97059, 19.0518006 ], [ -95.9603828, 18.9637757 ], [ -95.9309627, 18.8896246 ], [ -95.8652729, 18.8340388 ], [ -95.7773116, 18.797929 ], [ -95.7418068, 18.7889309 ], [ -95.7229168, 18.7701562 ], [ -95.6774313, 18.7472125 ], [ -95.6071127, 18.7253621 ], [ -95.5478287, 18.7169128 ], [ -95.441849, 18.7106029 ], [ -95.3613484, 18.7104761 ], [ -95.2870687, 18.7148365 ], [ -95.2575693, 18.7048231 ], [ -95.1826272, 18.6989142 ], [ -95.1325206, 18.6716711 ], [ -95.1268537, 18.6566415 ], [ -95.0620491, 18.6160247 ], [ -95.039673, 18.5751018 ], [ -94.9869933, 18.5558397 ], [ -94.9132368, 18.5471342 ], [ -94.8740731, 18.5484983 ], [ -94.8164232, 18.5383548 ], [ -94.7868108, 18.5045011 ], [ -94.7739982, 18.4496473 ], [ -94.7438449, 18.4218842 ], [ -94.7339357, 18.390732 ], [ -94.6700477, 18.3395073 ], [ -94.6522905, 18.3074865 ], [ -94.6232562, 18.2873924 ], [ -94.623448, 18.2500518 ], [ -94.6082165, 18.2056306 ], [ -94.5639899, 18.1712313 ], [ -94.5229125, 18.1563674 ], [ -94.4686029, 18.150791 ], [ -94.3462956, 18.1653777 ], [ -94.1346326, 18.2126744 ], [ -93.877829, 18.2926566 ], [ -93.5850576, 18.3923025 ], [ -93.5047164, 18.4136544 ], [ -93.3995212, 18.4330944 ], [ -93.2821339, 18.4392295 ], [ -93.1007689, 18.4432764 ], [ -93.0457066, 18.4320929 ], [ -92.9971279, 18.4319691 ], [ -92.9140006, 18.4394196 ], [ -92.8507804, 18.4584816 ], [ -92.8030259, 18.4823542 ], [ -92.7581628, 18.5179782 ], [ -92.7106363, 18.5721484 ], [ -92.6791807, 18.5761592 ], [ -92.6837414, 18.6083735 ], [ -92.5872688, 18.620328 ], [ -92.4720833, 18.650434 ], [ -92.3423017, 18.671017 ], [ -92.2028054, 18.6789879 ], [ -92.1646744, 18.684769 ], [ -91.9864526, 18.6988307 ], [ -91.9454366, 18.6872679 ], [ -91.9155229, 18.6414795 ], [ -91.8565477, 18.6118919 ], [ -91.8715727, 18.5775408 ], [ -91.9033238, 18.5676968 ], [ -91.951536, 18.6065668 ], [ -91.9732778, 18.5753416 ], [ -92.01084, 18.5609313 ], [ -92.0275662, 18.5856669 ], [ -92.0529008, 18.5878209 ], [ -92.061272, 18.6202171 ], [ -92.119635, 18.6167903 ], [ -92.1378408, 18.5957544 ], [ -92.1674951, 18.6077358 ], [ -92.2123546, 18.6040653 ], [ -92.2265243, 18.5768219 ], [ -92.2018158, 18.5468414 ], [ -92.1558872, 18.5512778 ], [ -92.1352204, 18.5789354 ], [ -92.1013277, 18.5747536 ], [ -92.0583903, 18.5533923 ], [ -92.0253468, 18.5707383 ], [ -92.0290745, 18.5323817 ], [ -91.9940756, 18.5149425 ], [ -91.9633072, 18.5134883 ], [ -91.9318141, 18.5521758 ], [ -91.9067762, 18.5493146 ], [ -91.8516994, 18.5211982 ], [ -91.8512666, 18.5054568 ], [ -91.7995763, 18.4934619 ], [ -91.7973404, 18.4720113 ], [ -91.8235429, 18.4252672 ], [ -91.8113128, 18.3961842 ], [ -91.7755968, 18.3729069 ], [ -91.7603125, 18.3979188 ], [ -91.7713601, 18.4294982 ], [ -91.7323498, 18.4710686 ], [ -91.6396372, 18.4503331 ], [ -91.5642012, 18.4406827 ], [ -91.4903236, 18.4544234 ], [ -91.4670257, 18.4496011 ], [ -91.4682901, 18.489526 ], [ -91.4485315, 18.5107386 ], [ -91.4100879, 18.5300329 ], [ -91.3275008, 18.5494902 ], [ -91.2954695, 18.5671001 ], [ -91.2818431, 18.60663 ], [ -91.2474621, 18.6148105 ], [ -91.2394508, 18.6322448 ], [ -91.2753912, 18.6439074 ], [ -91.2610238, 18.675446 ], [ -91.231667, 18.7056834 ], [ -91.2324306, 18.7362027 ], [ -91.2163221, 18.7517563 ], [ -91.2545345, 18.768081 ], [ -91.2777668, 18.796105 ], [ -91.3398941, 18.8018179 ], [ -91.3342031, 18.8306063 ], [ -91.346494, 18.8457785 ], [ -91.342298, 18.8874549 ], [ -91.2932648, 18.9211285 ], [ -91.2429793, 18.9433176 ], [ -91.2068589, 18.9303554 ], [ -91.2070672, 18.9615121 ], [ -91.185844, 18.9934298 ], [ -91.1124551, 19.0365241 ], [ -91.0823296, 19.0665936 ], [ -90.9332035, 19.1594624 ], [ -90.7547819, 19.3118145 ], [ -90.7226815, 19.3581141 ], [ -90.7251889, 19.4001363 ], [ -90.7060669, 19.4614256 ], [ -90.7117454, 19.5624098 ], [ -90.690888, 19.6023661 ], [ -90.6861203, 19.631666 ], [ -90.7063405, 19.6491662 ], [ -90.7071178, 19.6753247 ], [ -90.6676788, 19.7230732 ], [ -90.662417, 19.7582578 ], [ -90.5914937, 19.814712 ], [ -90.5320838, 19.8545869 ], [ -90.4895765, 19.8758457 ], [ -90.449496, 19.949393 ], [ -90.4582025, 20.0004733 ], [ -90.4829235, 20.0551281 ], [ -90.4773471, 20.1142392 ], [ -90.4882285, 20.1663797 ], [ -90.4696676, 20.2018849 ], [ -90.484362, 20.2543379 ], [ -90.4783263, 20.3239919 ], [ -90.4950626, 20.3398679 ], [ -90.4740069, 20.3882657 ], [ -90.4673728, 20.4267707 ], [ -90.4805703, 20.4377707 ], [ -90.4725816, 20.4754841 ], [ -90.4903956, 20.4883522 ], [ -90.4696708, 20.552901 ], [ -90.4538708, 20.5830351 ], [ -90.4295314, 20.6817474 ], [ -90.4381991, 20.7191892 ], [ -90.4103825, 20.746564 ], [ -90.4024199, 20.7802816 ], [ -90.379563, 20.8204622 ], [ -90.3751255, 20.8553894 ], [ -90.3391015, 20.8957455 ], [ -90.312489, 20.980666 ], [ -90.2720163, 21.0166469 ], [ -90.2567946, 21.0398158 ], [ -90.2276696, 21.0438451 ], [ -90.2007609, 21.0758216 ], [ -90.1614182, 21.0978082 ], [ -90.1404602, 21.0970703 ], [ -90.0733221, 21.1376006 ], [ -90.029239, 21.1549684 ], [ -90.0066409, 21.1468524 ], [ -89.9763202, 21.1694059 ], [ -89.8771262, 21.2095851 ], [ -89.7445423, 21.2357215 ], [ -89.6994274, 21.2297603 ], [ -89.6688672, 21.2395094 ], [ -89.664693, 21.2883887 ], [ -89.5555922, 21.3073954 ], [ -89.4027276, 21.3297216 ], [ -89.1704527, 21.3550164 ], [ -89.1021025, 21.3592321 ], [ -89.0736418, 21.3673075 ], [ -88.8845936, 21.395655 ], [ -88.8368172, 21.3925904 ], [ -88.760032, 21.407057 ], [ -88.7277383, 21.3958092 ], [ -88.6538652, 21.4261581 ], [ -88.6428624, 21.4502068 ], [ -88.593393, 21.4779726 ], [ -88.5535552, 21.4819518 ], [ -88.5066856, 21.4978271 ], [ -88.4706741, 21.5002075 ], [ -88.4114387, 21.5192546 ], [ -88.351802, 21.5264419 ], [ -88.3341445, 21.5211776 ], [ -88.2986044, 21.5468163 ], [ -88.2360649, 21.5546297 ], [ -88.1709268, 21.582648 ], [ -88.1434378, 21.5874734 ], [ -88.1254456, 21.6102526 ], [ -88.063058, 21.5877486 ], [ -88.0683812, 21.5628686 ], [ -88.0246411, 21.5661047 ], [ -88.0137107, 21.5775002 ], [ -87.9232884, 21.5563982 ], [ -87.8892344, 21.5686847 ], [ -87.8364637, 21.5584014 ], [ -87.8088733, 21.5217178 ], [ -87.7768705, 21.5061635 ], [ -87.7237269, 21.4980333 ], [ -87.6868813, 21.5028239 ], [ -87.6669993, 21.4870694 ], [ -87.6437043, 21.5075024 ], [ -87.7015124, 21.5129342 ], [ -87.7612893, 21.525804 ], [ -87.860619, 21.5706372 ], [ -87.9155123, 21.5891403 ], [ -87.9352933, 21.582851 ], [ -87.9970479, 21.5962668 ], [ -88.0476596, 21.5901634 ], [ -88.0989635, 21.6034783 ], [ -88.1079104, 21.6214412 ], [ -88.0406487, 21.6106756 ], [ -87.9641029, 21.6101069 ], [ -87.8995426, 21.5887125 ], [ -87.8065576, 21.5508244 ], [ -87.7417779, 21.5310414 ], [ -87.5655168, 21.493776 ], [ -87.5448144, 21.4782425 ], [ -87.4933861, 21.4830373 ], [ -87.4861537, 21.4591114 ], [ -87.4646838, 21.4545374 ], [ -87.4297863, 21.4666039 ], [ -87.3562899, 21.4465633 ], [ -87.3535035, 21.4316344 ], [ -87.2886086, 21.4369086 ], [ -87.2404461, 21.4174148 ], [ -87.2085068, 21.3893897 ], [ -87.1873798, 21.4236625 ], [ -87.1519108, 21.430651 ], [ -87.1054542, 21.4613295 ], [ -87.1100157, 21.490939 ], [ -87.0958613, 21.5146379 ], [ -87.098922, 21.5645908 ], [ -87.0837916, 21.5812075 ], [ -87.0072547, 21.5445354 ], [ -86.9618529, 21.4974086 ], [ -86.9269324, 21.4510467 ], [ -86.9148456, 21.4234883 ], [ -86.8917579, 21.4057072 ], [ -86.8690006, 21.3317872 ], [ -86.867528, 21.2890399 ], [ -86.8545212, 21.2434505 ], [ -86.8102037, 21.2109604 ], [ -86.8066754, 21.1787679 ], [ -86.787841, 21.1459672 ], [ -86.7453013, 21.1329572 ], [ -86.7577355, 21.1141061 ], [ -86.7869475, 21.0302079 ], [ -86.8091228, 21.0300535 ], [ -86.8301771, 20.975446 ], [ -86.8462338, 20.9050961 ], [ -86.8601234, 20.8917773 ], [ -86.8738022, 20.8492173 ], [ -86.9039244, 20.8131431 ], [ -86.9196228, 20.8083052 ], [ -86.9641309, 20.7479823 ], [ -86.96241, 20.7301438 ], [ -87.0096771, 20.7027277 ], [ -87.0213452, 20.6743323 ], [ -87.0539944, 20.6460638 ], [ -87.0986741, 20.5927732 ], [ -87.175285, 20.5319225 ], [ -87.2459393, 20.4851457 ], [ -87.2836903, 20.4385405 ], [ -87.3401797, 20.3431422 ], [ -87.3633563, 20.2944871 ], [ -87.3789432, 20.2835724 ], [ -87.4234436, 20.2261229 ], [ -87.4577837, 20.1501804 ], [ -87.4736609, 20.0989691 ], [ -87.4786508, 20.0430491 ], [ -87.4651858, 19.9586124 ], [ -87.4736458, 19.8725711 ], [ -87.4672064, 19.8584233 ], [ -87.5304609, 19.8076388 ], [ -87.561474, 19.8053555 ], [ -87.5793757, 19.7894591 ], [ -87.619101, 19.7192747 ], [ -87.6472794, 19.6930353 ], [ -87.742178, 19.663566 ], [ -87.749082, 19.5988951 ], [ -87.7087537, 19.5740766 ], [ -87.7018552, 19.549637 ], [ -87.673496, 19.5465659 ], [ -87.6672208, 19.4947412 ], [ -87.6385608, 19.516391 ], [ -87.6152006, 19.5521416 ], [ -87.5337091, 19.5561358 ], [ -87.5388053, 19.5362894 ], [ -87.4667048, 19.5447317 ], [ -87.4811304, 19.5081215 ], [ -87.4628228, 19.469536 ], [ -87.4904886, 19.4589038 ], [ -87.5221525, 19.4261058 ], [ -87.5438784, 19.4284884 ], [ -87.6052923, 19.3963983 ], [ -87.6325019, 19.3899556 ], [ -87.6727003, 19.3310899 ], [ -87.6790473, 19.2912744 ], [ -87.6612932, 19.2605623 ], [ -87.6921743, 19.2522064 ], [ -87.6778386, 19.1950832 ], [ -87.6550076, 19.1799704 ], [ -87.6222229, 19.1836903 ], [ -87.6131286, 19.2166882 ], [ -87.5685575, 19.2644798 ], [ -87.5668623, 19.2840595 ], [ -87.5391338, 19.3065509 ], [ -87.486214, 19.2994879 ], [ -87.450967, 19.305888 ], [ -87.4898947, 19.2601999 ], [ -87.5264101, 19.2298358 ], [ -87.539196, 19.2009518 ], [ -87.549714, 19.1025326 ], [ -87.5888056, 19.0091745 ], [ -87.6047066, 18.9882605 ], [ -87.631279, 18.9266144 ], [ -87.6434593, 18.856 ], [ -87.6632217, 18.8247651 ], [ -87.6734827, 18.7523526 ], [ -87.7114298, 18.7104865 ], [ -87.7219821, 18.6788467 ], [ -87.7389879, 18.5826266 ], [ -87.7396373, 18.5452766 ], [ -87.75759, 18.5135246 ], [ -87.7636469, 18.4179417 ], [ -87.818026, 18.3334899 ], [ -87.8324991, 18.2952879 ], [ -87.8416618, 18.2294205 ], [ -87.863716, 18.2195705 ], [ -87.875498, 18.2580246 ], [ -87.8778235, 18.3450723 ], [ -87.9000227, 18.3609378 ], [ -87.9028393, 18.3838478 ], [ -87.9359029, 18.3971372 ], [ -87.9342555, 18.439241 ], [ -87.9760271, 18.4455582 ], [ -88.0655589, 18.4788161 ], [ -88.0773661, 18.5109433 ], [ -88.0418101, 18.5403338 ], [ -88.0384517, 18.5938353 ], [ -87.9986565, 18.670801 ], [ -88.0166347, 18.6949142 ], [ -87.9968143, 18.771513 ], [ -88.0468367, 18.8155374 ], [ -88.0370072, 18.8663287 ], [ -88.069035, 18.86164 ], [ -88.1124309, 18.7964856 ], [ -88.1588839, 18.708769 ], [ -88.1877757, 18.6854097 ], [ -88.2052792, 18.6384262 ], [ -88.2252163, 18.6120286 ], [ -88.2852447, 18.4941928 ], [ -88.3168302, 18.4888011 ], [ -88.3763, 18.48478 ], [ -88.39538, 18.49635 ], [ -88.44212, 18.47959 ], [ -88.4756, 18.49388 ], [ -88.512931, 18.4622677 ], [ -88.54526, 18.37819 ], [ -88.54813, 18.34699 ], [ -88.59104, 18.30406 ], [ -88.60885, 18.22633 ], [ -88.6281, 18.21324 ], [ -88.65294, 18.17399 ], [ -88.68596, 18.10424 ], [ -88.69909, 18.06334 ], [ -88.75575, 18.03367 ], [ -88.77953, 17.97941 ], [ -88.81043, 17.94836 ], [ -88.84743, 17.92747 ], [ -88.84317, 17.8665 ], [ -88.88033, 17.90606 ], [ -88.91661, 17.92099 ], [ -88.94159, 17.95713 ], [ -88.9836, 17.95557 ], [ -89.02194, 18.00036 ], [ -89.0387, 18.00308 ], [ -89.0936, 17.98527 ], [ -89.14537, 17.94482 ], [ -89.14696, 17.8094997 ], [ -89.1544371, 17.8095232 ], [ -89.2114, 17.8097 ], [ -89.7018549, 17.8112256 ], [ -89.9100768, 17.8118782 ], [ -89.916051, 17.8118969 ], [ -90.32925, 17.81319 ], [ -90.66995, 17.81425 ], [ -90.98163, 17.81522 ], [ -90.984389, 17.6370338 ], [ -90.9899719, 17.2764628 ], [ -90.99025, 17.2585 ], [ -91.4122224, 17.2517346 ], [ -91.43755, 17.25004 ], [ -91.41547, 17.21145 ], [ -91.3849, 17.21312 ], [ -91.3617, 17.19869 ], [ -91.33751, 17.16773 ], [ -91.32751, 17.17991 ], [ -91.3237523, 17.1820879 ], [ -91.2924, 17.17927 ], [ -91.28332, 17.1763 ], [ -91.27632, 17.14004 ], [ -91.26961, 17.1265 ], [ -91.22611, 17.09349 ], [ -91.22274, 17.07582 ], [ -91.217, 17.06457 ], [ -91.2127714, 17.0598564 ], [ -91.17207, 17.01984 ], [ -91.1233901, 17.0021879 ], [ -91.12355, 16.99876 ], [ -91.12363, 16.99714 ], [ -91.12103, 16.98553 ], [ -91.1190035, 16.9764877 ], [ -91.11787, 16.97143 ], [ -91.1015378, 16.9625218 ], [ -91.09616, 16.95606 ], [ -91.0930235, 16.9500295 ], [ -91.08995, 16.94412 ], [ -91.07205, 16.92852 ], [ -91.06251, 16.91911 ], [ -91.0698798, 16.9084766 ], [ -91.06679, 16.90189 ], [ -90.99837, 16.87502 ], [ -90.98931, 16.86675 ], [ -90.989101, 16.8659279 ], [ -90.98692, 16.85735 ], [ -90.9740878, 16.8620205 ], [ -90.97286, 16.86629 ], [ -90.9781132, 16.8802957 ], [ -90.96214, 16.89313 ], [ -90.9557018, 16.8903708 ], [ -90.9673, 16.86474 ], [ -90.96905, 16.85894 ], [ -90.96786, 16.85481 ], [ -90.964685, 16.8521863 ], [ -90.9333, 16.85272 ], [ -90.9308199, 16.8501748 ], [ -90.92997, 16.83711 ], [ -90.92811, 16.83389 ], [ -90.92258, 16.82425 ], [ -90.91972, 16.81576 ], [ -90.86778, 16.81294 ], [ -90.85612, 16.80352 ], [ -90.853503, 16.7957633 ], [ -90.8016999, 16.791816 ], [ -90.79895, 16.79082 ], [ -90.80039, 16.77705 ], [ -90.7994112, 16.773052 ], [ -90.7669743, 16.757651 ], [ -90.75731, 16.75495 ], [ -90.7535, 16.75173 ], [ -90.74851, 16.74162 ], [ -90.7121, 16.72135 ], [ -90.70545, 16.71239 ], [ -90.70618, 16.70252 ], [ -90.68431, 16.68343 ], [ -90.68027, 16.68319 ], [ -90.6778663, 16.6734149 ], [ -90.67293, 16.65334 ], [ -90.66537, 16.6455791 ], [ -90.65863, 16.63866 ], [ -90.65259, 16.59111 ], [ -90.66787, 16.59254 ], [ -90.672828, 16.5858606 ], [ -90.6642556, 16.5888381 ], [ -90.66712, 16.58128 ], [ -90.6658161, 16.5786788 ], [ -90.6361765, 16.5862465 ], [ -90.62716, 16.57705 ], [ -90.64529, 16.55232 ], [ -90.64201, 16.52501 ], [ -90.64299, 16.51239 ], [ -90.61563, 16.51599 ], [ -90.6104, 16.51621 ], [ -90.61426, 16.48892 ], [ -90.6270744, 16.4882851 ], [ -90.62758, 16.48826 ], [ -90.63234, 16.48644 ], [ -90.63094, 16.47657 ], [ -90.62638, 16.47325 ], [ -90.5982473, 16.4827799 ], [ -90.59287, 16.48404 ], [ -90.59147, 16.47027 ], [ -90.5897635, 16.4678408 ], [ -90.5577232, 16.4712356 ], [ -90.54307, 16.47633 ], [ -90.54488, 16.46715 ], [ -90.542991, 16.4630123 ], [ -90.52068, 16.4517 ], [ -90.5021, 16.46426 ], [ -90.49806, 16.46241 ], [ -90.49499, 16.45758 ], [ -90.49334, 16.45138 ], [ -90.48479, 16.44883 ], [ -90.47526, 16.45591 ], [ -90.4837696, 16.4234354 ], [ -90.48393, 16.42061 ], [ -90.4201052, 16.4180134 ], [ -90.41429, 16.41806 ], [ -90.41121, 16.41438 ], [ -90.40769, 16.40198 ], [ -90.3889769, 16.4091245 ], [ -90.38557, 16.40808 ], [ -90.38256, 16.37467 ], [ -90.3796319, 16.3733078 ], [ -90.37192, 16.36972 ], [ -90.36884, 16.36718 ], [ -90.3741, 16.35802 ], [ -90.3762947, 16.3621267 ], [ -90.3947212, 16.3727894 ], [ -90.3959941, 16.3720794 ], [ -90.40987, 16.34758 ], [ -90.40638, 16.34118 ], [ -90.4015657, 16.352551 ], [ -90.4004918, 16.3527908 ], [ -90.39675, 16.34597 ], [ -90.3957774, 16.3446287 ], [ -90.3956, 16.33916 ], [ -90.3981678, 16.3343982 ], [ -90.4085, 16.30517 ], [ -90.43059, 16.30388 ], [ -90.4326868, 16.3025408 ], [ -90.43633, 16.29312 ], [ -90.43207, 16.28783 ], [ -90.4378, 16.27936 ], [ -90.4343842, 16.2723024 ], [ -90.4340204, 16.2715508 ], [ -90.42336, 16.26578 ], [ -90.4245073, 16.2541892 ], [ -90.43192, 16.26007 ], [ -90.43691, 16.2617 ], [ -90.44213, 16.25943 ], [ -90.4507454, 16.245276 ], [ -90.45121, 16.23973 ], [ -90.43911, 16.24015 ], [ -90.43626, 16.23968 ], [ -90.43319, 16.23439 ], [ -90.4263317, 16.2288599 ], [ -90.44986, 16.22023 ], [ -90.44903, 16.18284 ], [ -90.44548, 16.17824 ], [ -90.4408352, 16.1767267 ], [ -90.42912, 16.17291 ], [ -90.4486398, 16.1448966 ], [ -90.44726, 16.14018 ], [ -90.44348, 16.13672 ], [ -90.42901, 16.13529 ], [ -90.43194, 16.1172 ], [ -90.4385, 16.12197 ], [ -90.4450727, 16.1240396 ], [ -90.45083, 16.12312 ], [ -90.4548365, 16.0999054 ], [ -90.451, 16.09033 ], [ -90.44171, 16.08912 ], [ -90.43288, 16.09877 ], [ -90.4299993, 16.099721 ], [ -90.42558, 16.10118 ], [ -90.4449039, 16.0779538 ], [ -90.44463, 16.07572 ], [ -90.4404746, 16.0721304 ], [ -90.44141, 16.06801 ], [ -90.4422444, 16.0680211 ], [ -90.44367, 16.06804 ], [ -91.0593405, 16.0738291 ], [ -91.1074492, 16.0742815 ], [ -91.3289701, 16.0763645 ], [ -91.4223024, 16.0772421 ], [ -91.48049, 16.0777892 ], [ -91.4971827, 16.0779461 ], [ -91.72518, 16.08009 ], [ -91.77104, 16.0 ], [ -91.8511381, 15.8664848 ], [ -91.8713663, 15.8319571 ], [ -91.8733658, 15.8285441 ], [ -91.88191, 15.81396 ], [ -91.9278325, 15.7354727 ], [ -91.9823375, 15.6425743 ], [ -91.9864018, 15.6357805 ], [ -91.9996083, 15.6137051 ], [ -92.07619, 15.4856 ], [ -92.0936431, 15.4563629 ], [ -92.1133396, 15.4237905 ], [ -92.1155428, 15.4201794 ], [ -92.1422092, 15.3764723 ], [ -92.1473631, 15.3680149 ], [ -92.21433, 15.26208 ], [ -92.195184, 15.2391109 ], [ -92.1698691, 15.2084129 ], [ -92.1403414, 15.1714638 ], [ -92.13886, 15.16961 ], [ -92.0599306, 15.0707508 ], [ -92.0606, 15.06984 ], [ -92.0613204, 15.0688697 ], [ -92.06403, 15.06522 ], [ -92.06836, 15.05183 ], [ -92.0710564, 15.0505968 ], [ -92.07352, 15.04947 ], [ -92.07628, 15.04461 ], [ -92.0778, 15.03609 ], [ -92.0821217, 15.0295543 ], [ -92.0871029, 15.0220215 ], [ -92.09328, 15.01268 ], [ -92.10361, 15.00863 ], [ -92.1052098, 15.0102382 ], [ -92.10744, 15.01248 ], [ -92.11738, 15.01303 ], [ -92.1218342, 15.0143999 ], [ -92.13178, 15.01167 ], [ -92.13544, 15.0 ], [ -92.1462157, 14.9826885 ], [ -92.14683, 14.97698 ], [ -92.1458401, 14.9682234 ], [ -92.1467274, 14.9446034 ], [ -92.14676, 14.9428 ], [ -92.14284, 14.93344 ], [ -92.1422482, 14.9210251 ], [ -92.14283, 14.91846 ], [ -92.14402, 14.91161 ], [ -92.1435809, 14.9095714 ], [ -92.14041, 14.89485 ], [ -92.14051, 14.88685 ], [ -92.14252, 14.87965 ], [ -92.1464892, 14.8719118 ], [ -92.1600663, 14.8577639 ], [ -92.18105, 14.83989 ], [ -92.1823299, 14.8345642 ], [ -92.1826, 14.83344 ], [ -92.1798884, 14.8235261 ], [ -92.17975, 14.82302 ], [ -92.1785914, 14.8187951 ], [ -92.1771555, 14.8129675 ], [ -92.17672, 14.8112 ], [ -92.17605, 14.80543 ], [ -92.1751167, 14.8026188 ], [ -92.1646056, 14.7792613 ], [ -92.16254, 14.77328 ], [ -92.16206, 14.7603 ], [ -92.16466, 14.75565 ], [ -92.16911, 14.74622 ], [ -92.1678362, 14.742355 ], [ -92.14952, 14.71654 ], [ -92.14999, 14.65973 ], [ -92.1576731, 14.6497842 ], [ -92.1609775, 14.6446042 ], [ -92.16176, 14.64194 ], [ -92.1734163, 14.629774 ], [ -92.17522, 14.62576 ], [ -92.17684, 14.62123 ], [ -92.1753952, 14.6053372 ], [ -92.17611, 14.59868 ], [ -92.18178, 14.5824 ], [ -92.1823, 14.58155 ], [ -92.1843457, 14.5782145 ], [ -92.22004, 14.53286 ], [ -92.2293617, 14.5329232 ], [ -92.23132, 14.5333153 ], [ -92.2813299, 14.5832432 ], [ -92.3853747, 14.676915 ], [ -92.4106221, 14.6955432 ], [ -92.4298518, 14.7248172 ], [ -92.5148483, 14.80332 ], [ -92.7749499, 15.07502 ], [ -92.8551953, 15.1536522 ], [ -92.8804301, 15.18295 ], [ -93.0348699, 15.32817 ], [ -93.2315499, 15.50456 ], [ -93.3230226, 15.5826305 ], [ -93.4831399, 15.7105301 ], [ -93.62016, 15.81144 ], [ -93.7092501, 15.87171 ], [ -93.7831701, 15.9173101 ], [ -93.86562, 15.9615701 ], [ -93.8721101, 15.9838299 ], [ -93.8083399, 15.95329 ], [ -93.81458, 15.98161 ], [ -93.8668398, 16.0289686 ], [ -93.8702596, 16.0480275 ], [ -93.8988616, 16.0837972 ], [ -93.9381601, 16.0978 ], [ -93.9831801, 16.09425 ], [ -94.0369099, 16.12697 ], [ -94.1014801, 16.14029 ], [ -94.12433, 16.22313 ], [ -94.1668599, 16.19998 ], [ -94.2201101, 16.1893601 ], [ -94.24849, 16.20853 ], [ -94.2839499, 16.2088299 ], [ -94.3014701, 16.2378301 ], [ -94.3415199, 16.2468599 ], [ -94.35133, 16.2756401 ], [ -94.3742901, 16.29971 ], [ -94.4132499, 16.2837401 ], [ -94.4158801, 16.2417399 ], [ -94.4429001, 16.21709 ], [ -94.38903, 16.1779101 ], [ -94.12088, 16.09907 ], [ -94.07406, 16.0724299 ], [ -94.0377, 16.0231501 ], [ -94.07987, 16.03814 ], [ -94.19368, 16.0931801 ], [ -94.3162701, 16.13831 ], [ -94.4276095, 16.169854 ], [ -94.5504101, 16.1933999 ], [ -94.6971501, 16.2097947 ], [ -94.7412539, 16.2083628 ], [ -94.83528, 16.21599 ], [ -94.92583, 16.20797 ], [ -94.9735599, 16.21101 ], [ -94.9918099, 16.1969499 ], [ -95.0683052, 16.1843997 ], [ -95.1411081, 16.1892066 ], [ -95.16894, 16.1648199 ], [ -95.2267099, 16.1602301 ], [ -95.27699, 16.10782 ], [ -95.35228, 16.0805756 ], [ -95.3756701, 16.0516499 ], [ -95.3723, 16.0190448 ], [ -95.4252051, 15.9994675 ], [ -95.4356861, 15.9770948 ], [ -95.4833597, 15.9763996 ], [ -95.4981912, 15.9656826 ], [ -95.57173, 15.95684 ], [ -95.6205801, 15.9278 ], [ -95.6624199, 15.9127401 ], [ -95.7647728, 15.8970096 ], [ -95.7763964, 15.871794 ], [ -95.8091699, 15.86893 ], [ -95.93817, 15.83402 ], [ -96.049655, 15.7881309 ], [ -96.0739793, 15.7693726 ], [ -96.1171835, 15.7624475 ], [ -96.1242201, 15.74052 ], [ -96.1467174, 15.7332093 ], [ -96.2417211, 15.6845099 ], [ -96.352051, 15.689933 ], [ -96.361068, 15.6822842 ], [ -96.4215787, 15.6957368 ], [ -96.5029099, 15.65766 ], [ -96.5552401, 15.65825 ], [ -96.6158828, 15.6795914 ], [ -96.6987751, 15.7158387 ], [ -96.8082666, 15.73416 ], [ -96.84306, 15.7335 ], [ -96.9430301, 15.7863599 ], [ -97.01306, 15.8050399 ], [ -97.0489282, 15.8278937 ], [ -97.0617855, 15.8605721 ], [ -97.104679, 15.8698152 ], [ -97.1357377, 15.8935717 ], [ -97.2051256, 15.9213478 ], [ -97.26383, 15.9362201 ], [ -97.3222448, 15.9443774 ], [ -97.3698472, 15.937337 ], [ -97.4232514, 15.9419457 ], [ -97.5231401, 15.9686801 ], [ -97.5636499, 15.9630299 ], [ -97.6144301, 15.97444 ], [ -97.6606259, 15.9773838 ], [ -97.6904291, 15.9635734 ], [ -97.768047, 15.9765365 ], [ -97.82673, 16.00854 ], [ -97.94137, 16.08758 ], [ -98.03331, 16.1406999 ], [ -98.1412901, 16.19501 ], [ -98.18538, 16.21235 ], [ -98.2280399, 16.23759 ], [ -98.31304, 16.25592 ], [ -98.4204799, 16.2697599 ], [ -98.56893, 16.3249901 ], [ -98.56996, 16.34316 ], [ -98.65866, 16.4304001 ], [ -98.7031901, 16.46628 ], [ -98.7714401, 16.55396 ], [ -98.80589, 16.5582501 ], [ -98.84691, 16.5473401 ], [ -98.8572, 16.52841 ], [ -98.9064984, 16.534493 ], [ -99.0364296, 16.5806233 ], [ -99.1483943, 16.6122629 ], [ -99.2847198, 16.6474167 ], [ -99.462317, 16.6822525 ], [ -99.5526203, 16.6887398 ], [ -99.603497, 16.6832273 ], [ -99.6793721, 16.7035622 ], [ -99.752233, 16.7397386 ], [ -99.8116278, 16.785145 ], [ -99.870336, 16.818176 ], [ -99.8585772, 16.8530906 ], [ -99.882009, 16.8595799 ], [ -99.9161967, 16.8468847 ], [ -99.9773163, 16.9099063 ], [ -99.9981801, 16.9601718 ], [ -100.0278886, 16.9666811 ], [ -100.0556741, 16.9451427 ], [ -100.1225283, 16.9499812 ], [ -100.1715067, 16.9697651 ], [ -100.4157266, 17.0575898 ], [ -100.6187244, 17.1244499 ], [ -100.6906707, 17.1429372 ], [ -100.8328531, 17.1980261 ], [ -100.90733, 17.2190139 ], [ -101.0579203, 17.2746494 ], [ -101.0502899, 17.2915073 ], [ -101.0695712, 17.3202532 ], [ -101.1276202, 17.3650653 ], [ -101.1698793, 17.3891912 ], [ -101.1824769, 17.4116251 ], [ -101.2177927, 17.435083 ], [ -101.2903098, 17.4673204 ], [ -101.3425683, 17.4844746 ], [ -101.4159445, 17.5155164 ], [ -101.4453864, 17.5368517 ], [ -101.4428885, 17.56295 ], [ -101.4744857, 17.5984545 ], [ -101.5169767, 17.6237863 ], [ -101.552776, 17.6116149 ], [ -101.5587023, 17.6321301 ], [ -101.5952439, 17.6344839 ], [ -101.6023501, 17.6576566 ], [ -101.643121, 17.6694174 ], [ -101.6476498, 17.7027659 ], [ -101.6866861, 17.7544832 ], [ -101.7466278, 17.7925142 ], [ -101.7697499, 17.828476 ], [ -101.77125, 17.8472418 ], [ -101.8232146, 17.896165 ], [ -101.9701103, 17.969116 ], [ -102.0220019, 17.985978 ], [ -102.0668656, 17.9885919 ], [ -102.1014713, 17.9816345 ], [ -102.1407898, 17.9353848 ], [ -102.1823284, 17.9147745 ], [ -102.3102651, 17.9699909 ], [ -102.3850218, 17.9887728 ], [ -102.4929676, 18.0208304 ], [ -102.5662252, 18.0347655 ], [ -102.6061435, 18.04762 ], [ -102.6943154, 18.0548706 ], [ -102.7217018, 18.06914 ], [ -102.787252, 18.0825223 ], [ -102.9859978, 18.1713464 ], [ -103.0343232, 18.1886831 ], [ -103.1129997, 18.1915042 ], [ -103.2211366, 18.2338644 ], [ -103.2547956, 18.2363631 ], [ -103.3428573, 18.271007 ], [ -103.3628513, 18.2659006 ], [ -103.4256, 18.301707 ], [ -103.5050757, 18.3396862 ], [ -103.5297867, 18.3831424 ], [ -103.5294708, 18.4045144 ], [ -103.5813929, 18.5040561 ], [ -103.6277389, 18.5481778 ], [ -103.6809058, 18.5864138 ], [ -103.6910265, 18.6389732 ], [ -103.7190896, 18.6726629 ], [ -103.8034093, 18.7494246 ], [ -103.8809486, 18.8018514 ], [ -103.9448794, 18.840325 ], [ -103.9679431, 18.8627505 ], [ -104.1168729, 18.9432056 ], [ -104.2063086, 18.9808325 ], [ -104.2925022, 19.0118492 ], [ -104.3362751, 19.022058 ], [ -104.3299862, 19.0506226 ], [ -104.3032599, 19.0621138 ], [ -104.3138473, 19.0891969 ], [ -104.3822343, 19.119198 ], [ -104.4436208, 19.0878316 ], [ -104.4511367, 19.1089742 ], [ -104.4882094, 19.1244055 ], [ -104.5992503, 19.1495363 ], [ -104.6818605, 19.1766132 ], [ -104.684944, 19.2046403 ], [ -104.7301482, 19.2370902 ], [ -104.8097379, 19.2351297 ], [ -104.7958317, 19.297188 ], [ -104.8305436, 19.3072685 ], [ -104.8452098, 19.2892519 ], [ -104.8736377, 19.282855 ], [ -104.9469215, 19.3182855 ], [ -105.0174311, 19.3797722 ], [ -105.0192363, 19.4180985 ], [ -105.0554912, 19.4600737 ], [ -105.0663695, 19.5012797 ], [ -105.0807666, 19.5051371 ], [ -105.0900329, 19.5617957 ], [ -105.1117439, 19.5841476 ], [ -105.1513996, 19.5862358 ], [ -105.1616085, 19.6115059 ], [ -105.2017908, 19.6307305 ], [ -105.2592223, 19.6785618 ], [ -105.2682355, 19.7027586 ], [ -105.2916134, 19.720246 ], [ -105.3262846, 19.7644744 ], [ -105.3467828, 19.8082191 ], [ -105.4043667, 19.8740296 ], [ -105.4880094, 19.9848201 ], [ -105.5457187, 20.0904989 ], [ -105.5479103, 20.1718724 ], [ -105.5427765, 20.1857951 ], [ -105.5567011, 20.2281149 ], [ -105.5791027, 20.2358975 ], [ -105.5882015, 20.2611048 ], [ -105.6279053, 20.2944456 ], [ -105.6742464, 20.3434601 ], [ -105.6940621, 20.4090501 ], [ -105.6322145, 20.4476561 ], [ -105.6168606, 20.4685705 ], [ -105.5748328, 20.4831356 ], [ -105.4685636, 20.4962017 ], [ -105.4455593, 20.488384 ], [ -105.3988971, 20.5071919 ], [ -105.3466886, 20.5065313 ], [ -105.2931877, 20.5319408 ], [ -105.2579262, 20.5576691 ], [ -105.233419, 20.6142461 ], [ -105.2449575, 20.653246 ], [ -105.2950868, 20.6891776 ], [ -105.3183383, 20.7354449 ], [ -105.3630056, 20.7622536 ], [ -105.4118243, 20.7351028 ], [ -105.4748265, 20.7533194 ], [ -105.4932876, 20.7898348 ], [ -105.4669838, 20.8338384 ], [ -105.4521949, 20.8753228 ], [ -105.4346666, 20.8747852 ], [ -105.4016532, 20.931192 ], [ -105.3569241, 20.9579125 ], [ -105.3209431, 21.0007624 ], [ -105.3069963, 21.0367388 ], [ -105.2673515, 21.0268487 ], [ -105.2443559, 21.0477239 ], [ -105.2311184, 21.0798802 ], [ -105.2353873, 21.1452933 ], [ -105.231143, 21.1863322 ], [ -105.2163659, 21.2033457 ], [ -105.2274776, 21.2921288 ], [ -105.2440369, 21.3437637 ], [ -105.2176109, 21.4102358 ], [ -105.1879618, 21.446641 ], [ -105.199151, 21.4943873 ], [ -105.2287837, 21.5244231 ], [ -105.2640329, 21.5129489 ], [ -105.4045802, 21.5954588 ], [ -105.4451563, 21.6257075 ], [ -105.48966, 21.7248318 ], [ -105.469457, 21.7830821 ], [ -105.4856802, 21.8116162 ], [ -105.4621607, 21.828935 ], [ -105.4635341, 21.8701287 ], [ -105.4438481, 21.882027 ], [ -105.4555286, 21.9551201 ], [ -105.4693571, 21.9780084 ], [ -105.5374558, 21.9671428 ], [ -105.5030614, 21.8931862 ], [ -105.5022829, 21.8676978 ], [ -105.5196707, 21.8323688 ], [ -105.5500224, 21.8366476 ], [ -105.603437, 21.9142194 ], [ -105.632079, 21.9643197 ], [ -105.6536547, 22.0345253 ], [ -105.6468155, 22.1699818 ], [ -105.6357725, 22.1731148 ], [ -105.6215247, 22.0444344 ], [ -105.6042257, 22.0030458 ], [ -105.5629475, 22.0026778 ], [ -105.5387486, 21.9670574 ], [ -105.4698225, 21.9790254 ], [ -105.428, 22.0252287 ], [ -105.4268534, 22.0574166 ], [ -105.3909729, 22.0672905 ], [ -105.3715448, 22.0848443 ], [ -105.3792193, 22.1139217 ], [ -105.3505202, 22.1295628 ], [ -105.3286609, 22.1771131 ], [ -105.3875026, 22.2125155 ], [ -105.4156063, 22.1953675 ], [ -105.4739985, 22.1965807 ], [ -105.5334496, 22.2350174 ], [ -105.5320147, 22.2579369 ], [ -105.5563101, 22.281285 ], [ -105.5824469, 22.2799061 ], [ -105.6147294, 22.3238136 ], [ -105.626158, 22.3732029 ], [ -105.6229382, 22.4272822 ], [ -105.6374417, 22.4800047 ], [ -105.607595, 22.4651873 ], [ -105.6099394, 22.4311937 ], [ -105.5794945, 22.4356827 ], [ -105.6344572, 22.5242993 ], [ -105.6517789, 22.5244876 ], [ -105.65866, 22.6022145 ], [ -105.6201278, 22.6044242 ], [ -105.6162924, 22.677041 ], [ -105.6380412, 22.7006414 ], [ -105.6410618, 22.7235425 ], [ -105.7048875, 22.749791 ], [ -105.7249663, 22.767465 ], [ -105.7568748, 22.764485 ], [ -105.7886024, 22.7302195 ], [ -105.7136609, 22.6483171 ], [ -105.7016231, 22.6264871 ], [ -105.7059584, 22.5501309 ], [ -105.68657, 22.4988548 ], [ -105.6998875, 22.4749824 ], [ -105.7234036, 22.4956042 ], [ -105.7491318, 22.5518315 ], [ -105.7636081, 22.5515433 ], [ -105.7869076, 22.6017152 ], [ -105.8468753, 22.683711 ], [ -105.951863, 22.7809471 ], [ -106.040157, 22.8370306 ], [ -106.052233, 22.8544562 ], [ -106.163714, 22.9798154 ], [ -106.2540283, 23.0656161 ], [ -106.2852885, 23.1062977 ], [ -106.3087162, 23.1112479 ], [ -106.3934884, 23.182206 ], [ -106.3872665, 23.2063251 ], [ -106.4531442, 23.2415707 ], [ -106.4911646, 23.3032798 ], [ -106.4856612, 23.3346362 ], [ -106.5436423, 23.4074279 ], [ -106.6291969, 23.482225 ], [ -106.6278516, 23.4976811 ], [ -106.6721349, 23.5350441 ], [ -106.6859665, 23.5580571 ], [ -106.7233915, 23.5913602 ], [ -106.809886, 23.6518728 ], [ -106.7957006, 23.6824134 ], [ -106.8468372, 23.7408395 ], [ -106.8428679, 23.7498323 ], [ -106.8818453, 23.7951323 ], [ -106.891054, 23.8391972 ], [ -107.0447663, 23.9834706 ], [ -107.031305, 24.0001173 ], [ -107.1444716, 24.0852851 ], [ -107.1497753, 24.1343538 ], [ -107.1801947, 24.1591368 ], [ -107.1800484, 24.1174578 ], [ -107.2724004, 24.1721984 ], [ -107.3164686, 24.2054951 ], [ -107.3444727, 24.2642382 ], [ -107.4164297, 24.2456587 ], [ -107.4996942, 24.3093555 ], [ -107.7154537, 24.4472945 ], [ -107.8029004, 24.4896328 ], [ -107.7411442, 24.4812478 ], [ -107.6809658, 24.4398875 ], [ -107.6445255, 24.4271188 ], [ -107.6253473, 24.3998365 ], [ -107.5776405, 24.3881803 ], [ -107.5742107, 24.3713901 ], [ -107.5393292, 24.3403383 ], [ -107.4969864, 24.314416 ], [ -107.4721452, 24.3217685 ], [ -107.4888634, 24.3584107 ], [ -107.4762756, 24.3897439 ], [ -107.4785631, 24.420576 ], [ -107.5157112, 24.4873599 ], [ -107.5375732, 24.512203 ], [ -107.5683857, 24.5273727 ], [ -107.6105461, 24.5130155 ], [ -107.5926097, 24.4883737 ], [ -107.6243377, 24.4731635 ], [ -107.6367434, 24.5020138 ], [ -107.6847027, 24.5232886 ], [ -107.7216736, 24.5037203 ], [ -107.7417711, 24.5618716 ], [ -107.7623816, 24.5867885 ], [ -107.8408882, 24.5965393 ], [ -107.8575391, 24.6319897 ], [ -107.8800739, 24.6331025 ], [ -107.9288641, 24.6018124 ], [ -108.0, 24.6531392 ], [ -108.0190359, 24.687657 ], [ -108.0154902, 24.7205591 ], [ -108.0428649, 24.783208 ], [ -107.9583919, 24.7088609 ], [ -107.9280956, 24.7255296 ], [ -107.9400852, 24.7564127 ], [ -107.9259028, 24.8001532 ], [ -107.9404492, 24.8434578 ], [ -107.9316411, 24.8643338 ], [ -107.9381478, 24.9426426 ], [ -107.960267, 25.0064957 ], [ -107.9856208, 24.9948421 ], [ -108.0254677, 24.9920668 ], [ -108.0316608, 25.0220214 ], [ -108.0207323, 25.0596052 ], [ -108.0859371, 25.0880716 ], [ -108.1000671, 25.1074678 ], [ -108.1310432, 25.1006519 ], [ -108.1650296, 25.1084179 ], [ -108.2214639, 25.1599453 ], [ -108.2512383, 25.1958091 ], [ -108.3279943, 25.2637585 ], [ -108.3333131, 25.2921465 ], [ -108.4178071, 25.2967373 ], [ -108.4292728, 25.2809023 ], [ -108.386903, 25.240379 ], [ -108.3754063, 25.2028805 ], [ -108.401971, 25.2033497 ], [ -108.4372771, 25.2453775 ], [ -108.4656816, 25.2667023 ], [ -108.5343379, 25.2985567 ], [ -108.5358317, 25.3415443 ], [ -108.6247213, 25.3650398 ], [ -108.6464126, 25.399858 ], [ -108.7009968, 25.4336485 ], [ -108.7398582, 25.4764396 ], [ -108.774483, 25.5505412 ], [ -108.8230494, 25.5306917 ], [ -108.8417211, 25.564668 ], [ -108.9081513, 25.5610022 ], [ -108.896501, 25.5379393 ], [ -108.8953827, 25.4882725 ], [ -108.9336078, 25.45743 ], [ -108.9436777, 25.4984765 ], [ -108.9909916, 25.5085224 ], [ -109.0234383, 25.5007308 ], [ -109.0285273, 25.4842058 ], [ -109.0770036, 25.4899066 ], [ -109.0972971, 25.5270506 ], [ -109.0534411, 25.5475707 ], [ -109.0497467, 25.5917723 ], [ -109.0152357, 25.5599213 ], [ -108.979459, 25.5792411 ], [ -108.9685009, 25.6066164 ], [ -108.9471061, 25.6050312 ], [ -108.9184065, 25.6321518 ], [ -108.9314562, 25.6734984 ], [ -108.9737211, 25.6755061 ], [ -109.0157485, 25.6576899 ], [ -109.0389453, 25.6034992 ], [ -109.0952667, 25.5989749 ], [ -109.1385062, 25.6310067 ], [ -109.1469933, 25.6787112 ], [ -109.2103, 25.7076737 ], [ -109.2272066, 25.735796 ], [ -109.2482491, 25.7440264 ], [ -109.2620845, 25.700968 ], [ -109.2475895, 25.6435477 ], [ -109.287154, 25.6557245 ], [ -109.2900047, 25.7046431 ], [ -109.2797769, 25.7444023 ], [ -109.3233178, 25.7895497 ], [ -109.3591904, 25.784942 ], [ -109.409351, 25.859343 ], [ -109.4183495, 25.9309691 ], [ -109.4406745, 25.9642728 ], [ -109.41809, 26.0354262 ], [ -109.3993573, 26.0383526 ], [ -109.3884443, 26.0878882 ], [ -109.3440128, 26.1185981 ], [ -109.3514733, 26.1352787 ], [ -109.2973892, 26.2308649 ], [ -109.3082979, 26.1454269 ], [ -109.2830778, 26.1344798 ], [ -109.2594035, 26.1932393 ], [ -109.2202512, 26.2644093 ], [ -109.2156097, 26.3345849 ], [ -109.1926757, 26.3405998 ], [ -109.1571286, 26.2955131 ], [ -109.1771033, 26.2592372 ], [ -109.1620717, 26.2353776 ], [ -109.1217015, 26.2091297 ], [ -109.0990635, 26.2157779 ], [ -109.1150502, 26.2502037 ], [ -109.1088663, 26.2797068 ], [ -109.1203845, 26.3086709 ], [ -109.1465696, 26.3133851 ], [ -109.1637058, 26.3761193 ], [ -109.2008475, 26.3660433 ], [ -109.2359561, 26.3989764 ], [ -109.2466424, 26.4713912 ], [ -109.2583093, 26.4704488 ], [ -109.2873822, 26.5377994 ], [ -109.3260105, 26.5795162 ], [ -109.3583164, 26.5991178 ], [ -109.3821468, 26.634075 ], [ -109.4283383, 26.6694743 ], [ -109.4443071, 26.7166013 ], [ -109.471522, 26.7166399 ], [ -109.4831925, 26.7439076 ], [ -109.5309307, 26.7529004 ], [ -109.5745077, 26.7170693 ], [ -109.593365, 26.7328224 ], [ -109.6087256, 26.6948965 ], [ -109.6430034, 26.6955214 ], [ -109.6868306, 26.6764078 ], [ -109.7698469, 26.7083484 ], [ -109.8189735, 26.7504472 ], [ -109.8523511, 26.7942038 ], [ -109.8752509, 26.884954 ], [ -109.9018761, 26.950386 ], [ -109.8915352, 26.9802795 ], [ -109.9086922, 27.0027974 ], [ -109.9199982, 27.0669489 ], [ -109.9719462, 27.1061887 ], [ -110.0435641, 27.1195589 ], [ -110.0453806, 27.0917841 ], [ -110.0638436, 27.0839321 ], [ -110.0952896, 27.1054934 ], [ -110.2060601, 27.1347228 ], [ -110.2220107, 27.1569395 ], [ -110.2712664, 27.1462684 ], [ -110.2905136, 27.1727403 ], [ -110.3455128, 27.1884457 ], [ -110.4125044, 27.2525526 ], [ -110.474574, 27.2850518 ], [ -110.4351317, 27.3041051 ], [ -110.4725767, 27.3340979 ], [ -110.4603857, 27.3528339 ], [ -110.519523, 27.4042517 ], [ -110.5236054, 27.460613 ], [ -110.5621319, 27.4918721 ], [ -110.601377, 27.5699493 ], [ -110.5958197, 27.5894874 ], [ -110.6161111, 27.6088418 ], [ -110.6016726, 27.6479088 ], [ -110.5738993, 27.6573458 ], [ -110.5670042, 27.6840823 ], [ -110.5930828, 27.7048723 ], [ -110.5527545, 27.7408968 ], [ -110.5859803, 27.7484613 ], [ -110.6093103, 27.7749004 ], [ -110.5700575, 27.7898353 ], [ -110.5907817, 27.8179419 ], [ -110.5260469, 27.831628 ], [ -110.5294353, 27.8511929 ], [ -110.5625989, 27.8821754 ], [ -110.6300625, 27.8822439 ], [ -110.6566327, 27.9037957 ], [ -110.678974, 27.8895703 ], [ -110.7582589, 27.9148173 ], [ -110.8086484, 27.9186266 ], [ -110.8217765, 27.9499042 ], [ -110.8543751, 27.9463406 ], [ -110.8662025, 27.9157135 ], [ -110.8686603, 27.8727727 ], [ -110.8837423, 27.8475724 ], [ -110.9112234, 27.8686901 ], [ -110.9410425, 27.8697351 ], [ -110.9624579, 27.8952136 ], [ -110.9834872, 27.9582022 ], [ -111.0254079, 27.9625268 ], [ -111.0787037, 27.9364975 ], [ -111.120146, 27.9775296 ], [ -111.1738639, 27.9921033 ], [ -111.2112046, 28.0417054 ], [ -111.2509708, 28.0588759 ], [ -111.2771297, 28.0812085 ], [ -111.285048, 28.1138658 ], [ -111.3292937, 28.1598181 ], [ -111.3341967, 28.1960812 ], [ -111.3620043, 28.2186501 ], [ -111.3924119, 28.2736209 ], [ -111.4072331, 28.2738349 ], [ -111.4550598, 28.3135596 ], [ -111.4595187, 28.3364409 ], [ -111.4253722, 28.3775843 ], [ -111.4728534, 28.3752082 ], [ -111.5039779, 28.3921092 ], [ -111.579445, 28.4141902 ], [ -111.6456752, 28.4437338 ], [ -111.7071631, 28.4558366 ], [ -111.7169074, 28.4971421 ], [ -111.7368779, 28.521474 ], [ -111.7644789, 28.5925781 ], [ -111.7995767, 28.6281324 ], [ -111.8587568, 28.663269 ], [ -111.9251538, 28.7183942 ], [ -111.9504577, 28.7575751 ], [ -111.8996159, 28.768855 ], [ -111.8830234, 28.7398971 ], [ -111.8536589, 28.7538484 ], [ -111.8441613, 28.806898 ], [ -111.8799773, 28.8290484 ], [ -111.9292107, 28.8140562 ], [ -111.9634787, 28.8378731 ], [ -112.0312038, 28.8593761 ], [ -112.0475989, 28.8989541 ], [ -112.0805998, 28.9216231 ], [ -112.0956562, 28.9504201 ], [ -112.1481298, 28.9619425 ], [ -112.1513887, 28.9969349 ], [ -112.167702, 29.0249201 ], [ -112.1687104, 29.0624638 ], [ -112.1806949, 29.0865366 ], [ -112.1651766, 29.1126503 ], [ -112.20241, 29.1786803 ], [ -112.2279696, 29.1770869 ], [ -112.2089126, 29.2457515 ], [ -112.215393, 29.2729559 ], [ -112.241302, 29.3172128 ], [ -112.2800714, 29.3432086 ], [ -112.3158348, 29.3393891 ], [ -112.3420402, 29.3231823 ], [ -112.4026861, 29.3369612 ], [ -112.4212671, 29.3750851 ], [ -112.3809281, 29.4536934 ], [ -112.3887498, 29.4993904 ], [ -112.4291697, 29.520051 ], [ -112.42866, 29.5465457 ], [ -112.4764942, 29.5897423 ], [ -112.5524249, 29.69706 ], [ -112.5804966, 29.7114694 ], [ -112.6085795, 29.7821072 ], [ -112.651618, 29.8358359 ], [ -112.6499427, 29.859515 ], [ -112.6674668, 29.8932388 ], [ -112.7475338, 29.9153452 ], [ -112.7329355, 30.0011667 ], [ -112.7599129, 30.056608 ], [ -112.753449, 30.1760059 ], [ -112.7751843, 30.2245685 ], [ -112.8028187, 30.2531186 ], [ -112.8514715, 30.2821371 ], [ -112.8470077, 30.3521376 ], [ -112.8601481, 30.4041467 ], [ -112.900878, 30.4624394 ], [ -112.992723, 30.5417995 ], [ -113.0812182, 30.6728192 ], [ -113.1039476, 30.7539505 ], [ -113.1267604, 30.8098799 ], [ -113.1032638, 30.8796767 ], [ -113.0896958, 30.9822158 ], [ -113.05322, 31.0205923 ], [ -113.0487599, 31.1049861 ], [ -113.0713373, 31.1609251 ], [ -113.1023607, 31.198469 ], [ -113.1202443, 31.1920652 ], [ -113.2044835, 31.2368612 ], [ -113.2612196, 31.2422784 ], [ -113.3624259, 31.2661862 ], [ -113.5406665, 31.2961721 ], [ -113.5532797, 31.315337 ], [ -113.6213606, 31.3268275 ], [ -113.6097152, 31.3683131 ], [ -113.6355233, 31.4287085 ], [ -113.6385464, 31.4777368 ], [ -113.6937916, 31.5218197 ], [ -113.803079, 31.564573 ], [ -113.8801318, 31.6056484 ], [ -113.9223423, 31.6063588 ], [ -113.9605029, 31.6166586 ], [ -113.9789446, 31.5828219 ], [ -113.9631979, 31.559546 ], [ -113.9862483, 31.5294562 ], [ -114.0186745, 31.5178089 ], [ -114.028349, 31.492148 ], [ -114.138702, 31.4926086 ], [ -114.1646766, 31.4965281 ], [ -114.2743011, 31.543117 ], [ -114.3284054, 31.5821695 ], [ -114.3293417, 31.5914414 ], [ -114.3947095, 31.6269751 ], [ -114.4488224, 31.647345 ], [ -114.4659326, 31.6700469 ], [ -114.4902857, 31.6755459 ], [ -114.5251619, 31.7019602 ], [ -114.5593848, 31.7395354 ], [ -114.5908382, 31.7558741 ], [ -114.6315728, 31.762807 ], [ -114.6803639, 31.7597755 ], [ -114.7305041, 31.7832447 ], [ -114.7445362, 31.8063707 ], [ -114.7625978, 31.8187706 ], [ -114.8058, 31.8201588 ], [ -114.8191384, 31.757033 ], [ -114.8170179, 31.7256369 ], [ -114.7940253, 31.6869407 ], [ -114.7834036, 31.6278924 ], [ -114.8091347, 31.6067444 ], [ -114.8475865, 31.5346513 ], [ -114.8566521, 31.4990724 ], [ -114.8600027, 31.3649421 ], [ -114.8808458, 31.3172168 ], [ -114.8884638, 31.271878 ], [ -114.8806196, 31.2336656 ], [ -114.8902769, 31.1692992 ], [ -114.8856367, 31.1232042 ], [ -114.8552665, 31.0777168 ], [ -114.8122974, 31.0433184 ], [ -114.8314227, 31.0253906 ], [ -114.8278075, 30.9913944 ], [ -114.7919194, 30.9689344 ], [ -114.7207872, 30.9367216 ], [ -114.6964069, 30.8153394 ], [ -114.704949, 30.7064924 ], [ -114.6938787, 30.6715913 ], [ -114.6989619, 30.6342116 ], [ -114.6780197, 30.5885307 ], [ -114.6529222, 30.5572314 ], [ -114.634665, 30.50163 ], [ -114.6391507, 30.4572371 ], [ -114.6316287, 30.4247091 ], [ -114.6436684, 30.3742826 ], [ -114.6560418, 30.2780993 ], [ -114.6390286, 30.2587694 ], [ -114.6678464, 30.1921864 ], [ -114.6522868, 30.1744266 ], [ -114.6271296, 30.1190855 ], [ -114.6074921, 30.1117878 ], [ -114.5842886, 30.0749861 ], [ -114.5761442, 30.0331884 ], [ -114.5341731, 29.9681376 ], [ -114.4850976, 29.9471573 ], [ -114.4733444, 29.915826 ], [ -114.4343942, 29.9099321 ], [ -114.4133426, 29.8910113 ], [ -114.4095454, 29.8153572 ], [ -114.3842009, 29.7753964 ], [ -114.3589798, 29.7707818 ], [ -114.3428273, 29.7464223 ], [ -114.3011393, 29.7410791 ], [ -114.2717328, 29.7718371 ], [ -114.2073978, 29.7436317 ], [ -114.1815931, 29.707868 ], [ -114.1481329, 29.6936554 ], [ -114.1110267, 29.6528805 ], [ -114.0641725, 29.6297449 ], [ -114.0471815, 29.5969802 ], [ -113.9938951, 29.5765245 ], [ -113.9419295, 29.5235788 ], [ -113.8623206, 29.46234 ], [ -113.8383847, 29.4571977 ], [ -113.8315957, 29.4348499 ], [ -113.7706475, 29.4073414 ], [ -113.7502754, 29.3812855 ], [ -113.6696259, 29.3051583 ], [ -113.6375335, 29.283302 ], [ -113.6253141, 29.2526923 ], [ -113.654844, 29.2212584 ], [ -113.6462702, 29.1841507 ], [ -113.6128458, 29.1599978 ], [ -113.5713436, 29.1165806 ], [ -113.5671342, 29.0944226 ], [ -113.538431, 29.0579463 ], [ -113.561372, 29.021259 ], [ -113.5440537, 28.9591116 ], [ -113.557351, 28.9470326 ], [ -113.5175353, 28.8900622 ], [ -113.479071, 28.8942472 ], [ -113.4812195, 28.9415167 ], [ -113.4284481, 28.9347662 ], [ -113.3742195, 28.9087359 ], [ -113.3658785, 28.8759705 ], [ -113.3706921, 28.8370598 ], [ -113.3512805, 28.7984439 ], [ -113.3087909, 28.8043202 ], [ -113.2555507, 28.8399345 ], [ -113.2334031, 28.8352894 ], [ -113.1962867, 28.7921844 ], [ -113.194124, 28.7446473 ], [ -113.1549386, 28.6550172 ], [ -113.13038, 28.6371479 ], [ -113.1308341, 28.6019101 ], [ -113.1019311, 28.5038681 ], [ -113.0738932, 28.4843682 ], [ -113.0026027, 28.4547054 ], [ -112.9529475, 28.4604419 ], [ -112.9025696, 28.4749157 ], [ -112.8680459, 28.4316729 ], [ -112.8488452, 28.3815261 ], [ -112.8702621, 28.3341684 ], [ -112.8731296, 28.2821766 ], [ -112.8013446, 28.2031538 ], [ -112.7871773, 28.1979383 ], [ -112.8102779, 28.1474806 ], [ -112.811303, 28.1135165 ], [ -112.7887664, 28.0664869 ], [ -112.8043482, 28.0271878 ], [ -112.7675646, 28.0023305 ], [ -112.75585, 27.9678864 ], [ -112.7657047, 27.9415247 ], [ -112.7610749, 27.8970862 ], [ -112.7716678, 27.8720008 ], [ -112.7610158, 27.848731 ], [ -112.72415, 27.8232175 ], [ -112.7031082, 27.7540291 ], [ -112.6593392, 27.7086459 ], [ -112.6425963, 27.7100036 ], [ -112.5925782, 27.6491095 ], [ -112.5282874, 27.6374858 ], [ -112.4742393, 27.6133757 ], [ -112.4616065, 27.5971738 ], [ -112.4187904, 27.5908015 ], [ -112.3710961, 27.5632404 ], [ -112.3239765, 27.4973253 ], [ -112.3154673, 27.4246019 ], [ -112.3027518, 27.385103 ], [ -112.273974, 27.3602404 ], [ -112.2617566, 27.3328457 ], [ -112.2413619, 27.3257957 ], [ -112.2305723, 27.2952 ], [ -112.1989801, 27.2506489 ], [ -112.2146788, 27.2159617 ], [ -112.1573836, 27.1617271 ], [ -112.1186945, 27.1512922 ], [ -112.0906001, 27.131059 ], [ -112.017744, 27.1196427 ], [ -111.9905059, 27.0957805 ], [ -111.9531373, 27.0961679 ], [ -111.9472303, 27.0774257 ], [ -111.9892876, 27.0552664 ], [ -112.0138594, 27.0074929 ], [ -112.0083977, 26.9586466 ], [ -111.9754416, 26.9326343 ], [ -111.9492753, 26.8908119 ], [ -111.9120969, 26.8731073 ], [ -111.9116862, 26.8576718 ], [ -111.874056, 26.8325647 ], [ -111.8616398, 26.7836249 ], [ -111.8946963, 26.758204 ], [ -111.9088637, 26.7195181 ], [ -111.8649853, 26.6953481 ], [ -111.8507509, 26.6493757 ], [ -111.8059156, 26.6259643 ], [ -111.7795928, 26.5651272 ], [ -111.7382135, 26.5379428 ], [ -111.7048556, 26.5565104 ], [ -111.6771953, 26.5859613 ], [ -111.7648809, 26.676367 ], [ -111.7964881, 26.6908601 ], [ -111.8160439, 26.7216262 ], [ -111.8155073, 26.7669156 ], [ -111.8266996, 26.8280896 ], [ -111.8432293, 26.8526934 ], [ -111.8460293, 26.8820092 ], [ -111.8214533, 26.8959194 ], [ -111.7476596, 26.8460262 ], [ -111.721306, 26.8065375 ], [ -111.6666689, 26.7801731 ], [ -111.6478369, 26.7453949 ], [ -111.561474, 26.6966155 ], [ -111.567215, 26.6700888 ], [ -111.5632481, 26.6204419 ], [ -111.5694505, 26.5720405 ], [ -111.5551793, 26.5502244 ], [ -111.452922, 26.521379 ], [ -111.455074, 26.486762 ], [ -111.4698549, 26.4648412 ], [ -111.4683544, 26.4118361 ], [ -111.4209147, 26.3723542 ], [ -111.4261275, 26.3525242 ], [ -111.3953808, 26.3405176 ], [ -111.3823985, 26.300923 ], [ -111.3972328, 26.2553339 ], [ -111.3777023, 26.2170431 ], [ -111.3438688, 26.1113604 ], [ -111.3185494, 26.0769342 ], [ -111.3454032, 26.0292531 ], [ -111.3379542, 25.987076 ], [ -111.3555534, 25.9687621 ], [ -111.3548628, 25.9283598 ], [ -111.3365906, 25.9080727 ], [ -111.3416222, 25.8766639 ], [ -111.3296923, 25.8321694 ], [ -111.3082983, 25.8128618 ], [ -111.3032314, 25.7704616 ], [ -111.2440241, 25.7273367 ], [ -111.2245578, 25.7256947 ], [ -111.2002891, 25.6548276 ], [ -111.192838, 25.6123728 ], [ -111.1607019, 25.566858 ], [ -111.1115744, 25.524309 ], [ -111.0755525, 25.5261336 ], [ -111.0426453, 25.5153373 ], [ -111.0134276, 25.4768668 ], [ -111.0263233, 25.4506133 ], [ -111.0040689, 25.4167708 ], [ -110.998827, 25.382927 ], [ -110.9795685, 25.3414883 ], [ -110.9464443, 25.3131689 ], [ -110.946186, 25.2570607 ], [ -110.9223009, 25.2086631 ], [ -110.9077783, 25.1463689 ], [ -110.8799451, 25.1262733 ], [ -110.860774, 25.0786407 ], [ -110.8297074, 25.0639375 ], [ -110.8099778, 25.0309685 ], [ -110.7896293, 25.0359596 ], [ -110.7594451, 25.0131358 ], [ -110.7495137, 24.9660179 ], [ -110.6850657, 24.8832746 ], [ -110.6842845, 24.8575342 ], [ -110.6574856, 24.80574 ], [ -110.6647841, 24.7658609 ], [ -110.6807578, 24.7473636 ], [ -110.6941182, 24.7010607 ], [ -110.7183788, 24.6877237 ], [ -110.7389335, 24.6254709 ], [ -110.7381002, 24.5521109 ], [ -110.7292436, 24.5157083 ], [ -110.6864038, 24.4616646 ], [ -110.6927277, 24.4050489 ], [ -110.6821596, 24.3597239 ], [ -110.6410026, 24.3071214 ], [ -110.6070459, 24.2519523 ], [ -110.5809743, 24.2402993 ], [ -110.5616993, 24.2125732 ], [ -110.4745174, 24.1872007 ], [ -110.3932625, 24.1736529 ], [ -110.3387858, 24.1773253 ], [ -110.369757, 24.1494801 ], [ -110.4241788, 24.1748274 ], [ -110.4311941, 24.1473385 ], [ -110.4159419, 24.1087208 ], [ -110.3932727, 24.1001533 ], [ -110.3522707, 24.1124688 ], [ -110.3467602, 24.1363932 ], [ -110.3029671, 24.1790489 ], [ -110.3021616, 24.2191822 ], [ -110.3153526, 24.2567304 ], [ -110.3353373, 24.278127 ], [ -110.3144557, 24.3132458 ], [ -110.3248241, 24.3360835 ], [ -110.2973909, 24.3525092 ], [ -110.2336635, 24.3440922 ], [ -110.2352311, 24.3169456 ], [ -110.1932446, 24.2939485 ], [ -110.1766453, 24.2551222 ], [ -110.1514194, 24.2489343 ], [ -110.1223839, 24.2256044 ], [ -110.0082361, 24.160171 ], [ -109.9937658, 24.1093707 ], [ -109.9886042, 24.0524531 ], [ -109.9717558, 24.0386992 ], [ -109.9275535, 24.0292583 ], [ -109.8831969, 24.0384647 ], [ -109.8345248, 24.0593365 ], [ -109.803908, 24.0210079 ], [ -109.8351884, 23.9857297 ], [ -109.8374829, 23.932983 ], [ -109.8227146, 23.9094486 ], [ -109.7729645, 23.8754762 ], [ -109.7000313, 23.8003318 ], [ -109.7093885, 23.7762449 ], [ -109.7120119, 23.7286481 ], [ -109.6956405, 23.6928407 ], [ -109.6981051, 23.6647551 ], [ -109.6821943, 23.648491 ], [ -109.6072684, 23.6217231 ], [ -109.5808456, 23.6029337 ], [ -109.5269394, 23.5875991 ], [ -109.5154403, 23.5711347 ], [ -109.468389, 23.5546445 ], [ -109.4786204, 23.5175869 ], [ -109.4609474, 23.4872031 ], [ -109.4252183, 23.4502489 ], [ -109.4321416, 23.4141479 ], [ -109.4166127, 23.4030901 ], [ -109.432, 23.3761107 ], [ -109.4248159, 23.3057206 ], [ -109.4394672, 23.2731451 ], [ -109.4376821, 23.2364623 ], [ -109.454537, 23.2024619 ], [ -109.5326194, 23.111153 ], [ -109.5761684, 23.084072 ], [ -109.6081806, 23.0808575 ], [ -109.6714901, 23.0590472 ], [ -109.7141499, 23.0300772 ], [ -109.7328526, 22.9895665 ], [ -109.7601586, 22.9838237 ], [ -109.7985901, 22.9608149 ], [ -109.8068186, 22.9375323 ], [ -109.8455098, 22.9014856 ], [ -109.8907334, 22.8959494 ], [ -109.9170318, 22.8719099 ], [ -109.9619353, 22.8716653 ], [ -110.0217141, 22.9089299 ], [ -110.0624759, 22.9495576 ], [ -110.0987172, 23.0187256 ], [ -110.1150064, 23.1001894 ], [ -110.1303249, 23.1395013 ], [ -110.1479239, 23.2135825 ], [ -110.1916551, 23.3527256 ], [ -110.2327197, 23.4114959 ], [ -110.2358016, 23.4294045 ], [ -110.2669268, 23.4805216 ], [ -110.3201433, 23.5520692 ], [ -110.3821984, 23.5978921 ], [ -110.4680158, 23.6372813 ], [ -110.5489263, 23.668867 ], [ -110.6117692, 23.7075276 ], [ -110.6820772, 23.7671535 ], [ -110.8183708, 23.9117891 ], [ -110.9564352, 24.0362869 ], [ -111.0070077, 24.0711652 ], [ -111.0403312, 24.106097 ], [ -111.123877, 24.1581424 ], [ -111.1783119, 24.1851778 ], [ -111.239333, 24.2235453 ], [ -111.388546, 24.3057615 ], [ -111.4031967, 24.320138 ], [ -111.4732431, 24.3477354 ], [ -111.4727269, 24.3600924 ], [ -111.5150569, 24.4049996 ], [ -111.6018304, 24.44715 ], [ -111.6440445, 24.5373209 ], [ -111.6273626, 24.5494887 ], [ -111.6970762, 24.5870185 ], [ -111.6904372, 24.5569346 ], [ -111.7301068, 24.5552033 ], [ -111.7632303, 24.5415262 ], [ -111.8028895, 24.5391329 ], [ -111.8440157, 24.6431708 ], [ -111.9116687, 24.7179066 ], [ -111.9115957, 24.733261 ], [ -111.9591241, 24.7701143 ], [ -111.9976387, 24.7394933 ], [ -112.0214731, 24.7421637 ], [ -112.0359715, 24.8082074 ], [ -112.0579874, 24.8108842 ], [ -112.0421367, 24.7530882 ], [ -112.0727613, 24.7747482 ], [ -112.0981943, 24.8139402 ], [ -112.0959614, 24.8485712 ], [ -112.1196726, 24.8662824 ], [ -112.0766876, 24.9353135 ], [ -112.0978318, 24.9643689 ], [ -112.1393131, 24.9469436 ], [ -112.1436444, 24.8810274 ], [ -112.1589668, 24.8904313 ], [ -112.1539513, 24.932028 ], [ -112.1648483, 24.9560984 ], [ -112.1255928, 25.021166 ], [ -112.1125914, 25.0721209 ], [ -112.1393256, 25.0860422 ], [ -112.129621, 25.1063188 ], [ -112.1344828, 25.1430827 ], [ -112.1221313, 25.1990214 ], [ -112.0816235, 25.224286 ], [ -112.0695621, 25.3329746 ], [ -112.0727796, 25.3767 ], [ -112.0875659, 25.3988511 ], [ -112.0706231, 25.4212361 ], [ -112.0624665, 25.5250039 ], [ -112.0660881, 25.5496822 ], [ -112.0614534, 25.651364 ], [ -112.0739509, 25.6677422 ], [ -112.0720132, 25.7050697 ], [ -112.0980151, 25.7218601 ], [ -112.1129064, 25.7956007 ], [ -112.1288612, 25.8145198 ], [ -112.1600621, 25.894559 ], [ -112.1752254, 25.9461583 ], [ -112.1980732, 25.9961478 ], [ -112.2283261, 26.0303742 ], [ -112.279215, 26.061766 ], [ -112.3082455, 26.0716138 ], [ -112.3230623, 26.1350332 ], [ -112.3437709, 26.1760099 ], [ -112.4057449, 26.243344 ], [ -112.4675251, 26.2615546 ], [ -112.4983211, 26.2316022 ], [ -112.577129, 26.2791279 ], [ -112.6339295, 26.3204284 ], [ -112.6792491, 26.3154019 ], [ -112.715596, 26.36038 ], [ -112.8079034, 26.4197003 ], [ -112.8329297, 26.4484515 ], [ -112.8189182, 26.4661239 ], [ -112.9016796, 26.5278141 ], [ -112.9591271, 26.5427279 ], [ -112.9733671, 26.5559078 ], [ -113.0128885, 26.5586988 ], [ -113.0612249, 26.5983926 ], [ -113.0714099, 26.6316844 ], [ -113.0574001, 26.6484785 ], [ -113.142837, 26.7474026 ], [ -113.1464495, 26.802392 ], [ -113.180045, 26.7755139 ], [ -113.2174757, 26.7699178 ], [ -113.2270338, 26.7898299 ], [ -113.1454401, 26.847677 ], [ -113.1306259, 26.8911129 ], [ -113.138345, 26.942953 ], [ -113.1586098, 26.9822542 ], [ -113.1869172, 26.9689575 ], [ -113.200333, 26.9281104 ], [ -113.2031733, 26.8527047 ], [ -113.225666, 26.8371772 ], [ -113.253058, 26.8449739 ], [ -113.267978, 26.8167004 ], [ -113.2654832, 26.7560407 ], [ -113.2896741, 26.7551375 ], [ -113.3387447, 26.7869998 ], [ -113.3903733, 26.8028547 ], [ -113.3948925, 26.826954 ], [ -113.4674636, 26.8290497 ], [ -113.4834921, 26.8016366 ], [ -113.5073698, 26.7927286 ], [ -113.5233522, 26.7509114 ], [ -113.547754, 26.7404452 ], [ -113.5472956, 26.7198795 ], [ -113.5761815, 26.7054705 ], [ -113.6389005, 26.7308054 ], [ -113.6818177, 26.7778309 ], [ -113.7362599, 26.8019896 ], [ -113.764977, 26.8811453 ], [ -113.7949588, 26.9283824 ], [ -113.8673475, 26.9775831 ], [ -113.948842, 26.9992979 ], [ -113.9770724, 26.9922758 ], [ -114.0030253, 26.971285 ], [ -114.0526384, 27.0219548 ], [ -114.0636956, 27.0548395 ], [ -114.0896181, 27.085204 ], [ -114.1398605, 27.1201762 ], [ -114.1899142, 27.1409862 ], [ -114.2474327, 27.1512546 ], [ -114.3039067, 27.1337092 ], [ -114.3332527, 27.1566417 ], [ -114.3793286, 27.1778252 ], [ -114.4154743, 27.1689817 ], [ -114.4335476, 27.2084016 ], [ -114.487706, 27.2302135 ], [ -114.4883763, 27.3474907 ], [ -114.5074436, 27.4090364 ], [ -114.520515, 27.4236705 ], [ -114.5971825, 27.4764473 ], [ -114.6680687, 27.5059424 ], [ -114.7371393, 27.5274009 ], [ -114.7814738, 27.6037274 ], [ -114.8494276, 27.6423469 ], [ -114.846324, 27.6754758 ], [ -114.8783686, 27.6989883 ], [ -114.9101954, 27.6664238 ], [ -114.9333742, 27.678088 ], [ -114.9477435, 27.7130231 ], [ -115.0089107, 27.7265194 ], [ -115.0332911, 27.761076 ], [ -115.0524758, 27.8202466 ], [ -115.0822086, 27.8467233 ], [ -115.0417022, 27.8563592 ], [ -115.0092214, 27.8285025 ], [ -114.9754392, 27.8249247 ], [ -114.9246466, 27.8336862 ], [ -114.8660025, 27.8293201 ], [ -114.8325618, 27.8088669 ], [ -114.7873046, 27.8156072 ], [ -114.7190108, 27.803309 ], [ -114.7028481, 27.7879964 ], [ -114.6031122, 27.7737008 ], [ -114.532587, 27.7857029 ], [ -114.4979131, 27.7720928 ], [ -114.411903, 27.8149928 ], [ -114.3240036, 27.8732265 ], [ -114.2934436, 27.862988 ], [ -114.3076991, 27.818785 ], [ -114.3124081, 27.7684804 ], [ -114.2863321, 27.7359584 ], [ -114.2418177, 27.7020382 ], [ -114.1739265, 27.6798423 ], [ -114.1346018, 27.6484382 ], [ -114.1208265, 27.6232135 ], [ -114.0908474, 27.6107609 ], [ -114.0436172, 27.6552677 ], [ -114.0122472, 27.6674491 ], [ -113.9651406, 27.6564941 ], [ -113.9179554, 27.711616 ], [ -113.9835269, 27.7591922 ], [ -114.0318529, 27.7431986 ], [ -114.0570311, 27.8008117 ], [ -114.0738937, 27.7973139 ], [ -114.0398519, 27.7359146 ], [ -114.1166347, 27.7059139 ], [ -114.183972, 27.7497241 ], [ -114.1704381, 27.781329 ], [ -114.1788924, 27.8177542 ], [ -114.1302661, 27.8907965 ], [ -114.1837235, 27.9160679 ], [ -114.2291131, 27.9181455 ], [ -114.2623023, 27.8875705 ], [ -114.2753134, 27.9168827 ], [ -114.2603267, 27.9487244 ], [ -114.2111315, 27.9927297 ], [ -114.1456732, 28.0749422 ], [ -114.1193463, 28.0785052 ], [ -114.119561, 28.0432879 ], [ -114.15175, 28.0149077 ], [ -114.1101552, 27.9343394 ], [ -114.0869388, 27.9742133 ], [ -114.039366, 28.024871 ], [ -114.0701029, 28.0542358 ], [ -114.0957642, 28.0553839 ], [ -114.1016523, 28.1058981 ], [ -114.1129891, 28.1264476 ], [ -114.0758007, 28.150339 ], [ -114.0528045, 28.1215668 ], [ -114.0524359, 28.2249056 ], [ -114.0798253, 28.2530016 ], [ -114.1047398, 28.238878 ], [ -114.1240206, 28.2559961 ], [ -114.0791348, 28.3473356 ], [ -114.054345, 28.4136419 ], [ -114.0447206, 28.461763 ], [ -114.0680449, 28.486176 ], [ -114.069001, 28.514732 ], [ -114.1158205, 28.558924 ], [ -114.1609569, 28.5696456 ], [ -114.1544237, 28.6121844 ], [ -114.1822236, 28.6565978 ], [ -114.2405501, 28.6664126 ], [ -114.2701422, 28.6605856 ], [ -114.2695618, 28.6885971 ], [ -114.3081853, 28.723051 ], [ -114.345285, 28.7322693 ], [ -114.3425067, 28.7556108 ], [ -114.360876, 28.796593 ], [ -114.3963052, 28.8155357 ], [ -114.4059217, 28.8632852 ], [ -114.4373445, 28.8800843 ], [ -114.4464197, 28.9031391 ], [ -114.4901274, 28.9323713 ], [ -114.5413162, 28.9306172 ], [ -114.5497312, 28.9580251 ], [ -114.6006932, 28.9856846 ], [ -114.6099083, 29.0616993 ], [ -114.626256, 29.0889869 ], [ -114.6734489, 29.1121839 ], [ -114.7035428, 29.1019036 ], [ -114.7344235, 29.1355987 ], [ -114.744074, 29.1823244 ], [ -114.7869695, 29.1981887 ], [ -114.8380182, 29.2373364 ], [ -114.8515862, 29.2614689 ], [ -114.9002608, 29.3046705 ], [ -114.9499028, 29.3602131 ], [ -114.9794333, 29.3809781 ], [ -115.0128037, 29.3861084 ], [ -115.0671792, 29.4141658 ], [ -115.1876588, 29.4273026 ], [ -115.213833, 29.4758739 ], [ -115.2551514, 29.5171816 ], [ -115.3412555, 29.5558298 ], [ -115.3791564, 29.5584841 ], [ -115.4455929, 29.6186842 ], [ -115.4787318, 29.6266545 ], [ -115.5047858, 29.6164067 ], [ -115.5638687, 29.6632226 ], [ -115.5908048, 29.6954014 ], [ -115.6193816, 29.6950589 ], [ -115.6952402, 29.7512503 ], [ -115.6848756, 29.833958 ], [ -115.7021582, 29.9002226 ], [ -115.7434739, 29.9478133 ], [ -115.8099473, 29.9578179 ], [ -115.7814684, 30.088972 ], [ -115.802882, 30.1514462 ], [ -115.7950122, 30.194414 ], [ -115.7960014, 30.2481449 ], [ -115.8114712, 30.2996089 ], [ -115.8527031, 30.3598957 ], [ -115.9154241, 30.4000346 ], [ -115.9471277, 30.4037653 ], [ -115.9955956, 30.4510801 ], [ -116.0227664, 30.4500005 ], [ -116.0473589, 30.469727 ], [ -116.0319093, 30.5758216 ], [ -116.0278673, 30.6531965 ], [ -116.0319237, 30.6938576 ], [ -116.0470117, 30.7178846 ], [ -116.0504804, 30.7739699 ], [ -116.0657809, 30.8085396 ], [ -116.1076499, 30.8234925 ], [ -116.1413443, 30.8543216 ], [ -116.1752616, 30.8616134 ], [ -116.2075096, 30.8912596 ], [ -116.2165581, 30.9152299 ], [ -116.2456509, 30.9326322 ], [ -116.2683693, 30.9656785 ], [ -116.3272203, 30.9567407 ], [ -116.3380107, 30.9714543 ], [ -116.3097675, 31.1219972 ], [ -116.3092989, 31.145395 ], [ -116.3587521, 31.2382237 ], [ -116.3931771, 31.2836481 ], [ -116.4530869, 31.3309745 ], [ -116.4859472, 31.3755961 ], [ -116.5032859, 31.4124358 ], [ -116.5301341, 31.4397939 ], [ -116.5678178, 31.462812 ], [ -116.6035141, 31.4634418 ], [ -116.6093738, 31.4971452 ], [ -116.6525023, 31.520412 ], [ -116.6889674, 31.5675622 ], [ -116.6506243, 31.5874821 ], [ -116.6676182, 31.6173928 ], [ -116.649429, 31.6600286 ], [ -116.6968948, 31.7162051 ], [ -116.7155493, 31.7147052 ], [ -116.7330038, 31.7501686 ], [ -116.6723942, 31.7190693 ], [ -116.6248015, 31.7288698 ], [ -116.6100721, 31.7745493 ], [ -116.6089519, 31.8189026 ], [ -116.6263721, 31.8601574 ], [ -116.67758, 31.8690057 ], [ -116.6965769, 31.8927238 ], [ -116.7550019, 31.9104813 ], [ -116.7647866, 31.9668573 ], [ -116.7973139, 31.9815973 ], [ -116.8504456, 31.9866608 ], [ -116.8868378, 32.0328039 ], [ -116.8818596, 32.0674323 ], [ -116.8889003, 32.133469 ], [ -116.9072373, 32.1661702 ], [ -116.922292, 32.2264259 ], [ -116.9361708, 32.2423766 ], [ -117.0208246, 32.2676716 ], [ -117.0395357, 32.2861837 ], [ -117.0510956, 32.3229184 ], [ -117.0905604, 32.3974659 ], [ -117.1237168, 32.4851932 ], [ -117.1235809, 32.5346222 ], [ -116.6813582, 32.5680907 ], [ -116.1061325, 32.6116252 ], [ -115.77076, 32.637007 ], [ -115.0, 32.69534 ], [ -114.7882848, 32.7113662 ], [ -114.7170333, 32.7167598 ], [ -114.73915, 32.66575 ], [ -114.7635, 32.64029 ], [ -114.77501, 32.63316 ], [ -114.7799384, 32.6275406 ], [ -114.7847113, 32.6220998 ] ] ], [ [ [ -87.096746, 21.6039895 ], [ -87.1347155, 21.5730633 ], [ -87.2136565, 21.5271463 ], [ -87.3014419, 21.5252083 ], [ -87.3127768, 21.5493921 ], [ -87.2538566, 21.5390631 ], [ -87.2084548, 21.546336 ], [ -87.1460011, 21.5716371 ], [ -87.096746, 21.6039895 ] ] ], [ [ [ -88.466715, 21.5442642 ], [ -88.4774317, 21.5155942 ], [ -88.5218618, 21.5023234 ], [ -88.577266, 21.5127494 ], [ -88.5722044, 21.5281147 ], [ -88.516438, 21.536354 ], [ -88.4969708, 21.5295789 ], [ -88.466715, 21.5442642 ] ] ], [ [ [ -90.2373106, 21.0708895 ], [ -90.3222503, 21.0117848 ], [ -90.3430646, 20.9814916 ], [ -90.361333, 20.8927455 ], [ -90.3827306, 20.857895 ], [ -90.4032788, 20.84405 ], [ -90.3638779, 20.9663763 ], [ -90.3181987, 21.0238143 ], [ -90.2373106, 21.0708895 ] ] ], [ [ [ -91.5309754, 18.7799861 ], [ -91.606094, 18.7452919 ], [ -91.6543567, 18.6997955 ], [ -91.6937741, 18.7008707 ], [ -91.7549013, 18.6610875 ], [ -91.7761598, 18.6354735 ], [ -91.7963654, 18.6414219 ], [ -91.8297762, 18.6307144 ], [ -91.8424629, 18.6649518 ], [ -91.7982979, 18.6664803 ], [ -91.7158516, 18.6901552 ], [ -91.6982222, 18.7062859 ], [ -91.5309754, 18.7799861 ] ] ], [ [ [ -97.7060612, 21.9699636 ], [ -97.6143881, 21.8317459 ], [ -97.5738111, 21.7806858 ], [ -97.4537353, 21.6689131 ], [ -97.3440261, 21.5875187 ], [ -97.3276323, 21.5628084 ], [ -97.3289705, 21.5261243 ], [ -97.3509645, 21.4542648 ], [ -97.375223, 21.3991555 ], [ -97.4006767, 21.3587265 ], [ -97.4165263, 21.3158853 ], [ -97.4193155, 21.2605631 ], [ -97.4420963, 21.2749343 ], [ -97.4379549, 21.3289575 ], [ -97.4454274, 21.349879 ], [ -97.400336, 21.4405858 ], [ -97.3816144, 21.4676929 ], [ -97.3786749, 21.4972684 ], [ -97.3971343, 21.5571693 ], [ -97.4561904, 21.5933804 ], [ -97.4919235, 21.6381155 ], [ -97.5055271, 21.6673281 ], [ -97.545007, 21.6988286 ], [ -97.5644989, 21.7332374 ], [ -97.6197888, 21.7860955 ], [ -97.6745394, 21.91668 ], [ -97.7060612, 21.9699636 ] ] ], [ [ [ -97.4452133, 25.2381229 ], [ -97.4293747, 25.2302997 ], [ -97.4845997, 25.1181965 ], [ -97.4833075, 25.169769 ], [ -97.4452133, 25.2381229 ] ] ], [ [ [ -97.6711484, 21.821143 ], [ -97.6307103, 21.7389469 ], [ -97.6541989, 21.7466053 ], [ -97.6900373, 21.8207791 ], [ -97.6711484, 21.821143 ] ] ], [ [ [ -97.6853234, 24.4771193 ], [ -97.7101111, 24.2791626 ], [ -97.7202075, 24.2802773 ], [ -97.6959654, 24.454049 ], [ -97.6853234, 24.4771193 ] ] ], [ [ [ -105.6848482, 22.571207 ], [ -105.6785396, 22.556559 ], [ -105.6686966, 22.4695798 ], [ -105.6555513, 22.4428581 ], [ -105.646271, 22.3826499 ], [ -105.6287653, 22.2135646 ], [ -105.6480794, 22.2044775 ], [ -105.6603326, 22.2821827 ], [ -105.6833018, 22.3691097 ], [ -105.7229674, 22.464969 ], [ -105.7607306, 22.5322481 ], [ -105.7464664, 22.5338597 ], [ -105.7171585, 22.4665396 ], [ -105.6804539, 22.4664413 ], [ -105.6704145, 22.4811584 ], [ -105.6888093, 22.5593473 ], [ -105.6848482, 22.571207 ] ] ], [ [ [ -106.2516473, 21.3328616 ], [ -106.2279642, 21.3322776 ], [ -106.2335022, 21.2989919 ], [ -106.2559771, 21.2927749 ], [ -106.2767652, 21.3141168 ], [ -106.2516473, 21.3328616 ] ] ], [ [ [ -106.4344403, 21.4940866 ], [ -106.3725757, 21.4825064 ], [ -106.3627045, 21.4644549 ], [ -106.3885343, 21.4246789 ], [ -106.477886, 21.4516162 ], [ -106.4918272, 21.4704147 ], [ -106.4607178, 21.4948887 ], [ -106.4344403, 21.4940866 ] ] ], [ [ [ -106.6541591, 21.6946443 ], [ -106.6075834, 21.6922708 ], [ -106.5741469, 21.6822947 ], [ -106.5349063, 21.6569195 ], [ -106.533643, 21.6286141 ], [ -106.5135884, 21.6064013 ], [ -106.5210989, 21.5611532 ], [ -106.5975496, 21.5814184 ], [ -106.6289865, 21.5991333 ], [ -106.6280786, 21.6163894 ], [ -106.6542749, 21.6565455 ], [ -106.6541591, 21.6946443 ] ] ], [ [ [ -108.1353105, 25.0495172 ], [ -108.1137825, 25.0164391 ], [ -108.0739416, 24.9945718 ], [ -108.0475482, 24.9359304 ], [ -108.0517948, 24.9234135 ], [ -108.0420091, 24.8488982 ], [ -108.0687156, 24.8338655 ], [ -108.105392, 24.9288365 ], [ -108.140381, 24.9647461 ], [ -108.1319002, 25.0080458 ], [ -108.1353105, 25.0495172 ] ] ], [ [ [ -108.3256191, 25.1266282 ], [ -108.3211602, 25.1108582 ], [ -108.2752737, 25.0909892 ], [ -108.2194108, 25.025912 ], [ -108.173105, 24.9648571 ], [ -108.1309009, 24.923415 ], [ -108.109845, 24.8769734 ], [ -108.141869, 24.8819624 ], [ -108.2414856, 25.0359679 ], [ -108.2846626, 25.0750862 ], [ -108.3345018, 25.1078834 ], [ -108.3256191, 25.1266282 ] ] ], [ [ [ -109.9314128, 24.3735362 ], [ -109.8872874, 24.3104189 ], [ -109.841983, 24.227205 ], [ -109.81766, 24.2017951 ], [ -109.7999639, 24.1586749 ], [ -109.8169439, 24.1424634 ], [ -109.8631806, 24.1471903 ], [ -109.8929958, 24.1864035 ], [ -109.9228797, 24.2694947 ], [ -109.9174038, 24.2861855 ], [ -109.9366173, 24.3223544 ], [ -109.9314128, 24.3735362 ] ] ], [ [ [ -110.3459276, 24.529556 ], [ -110.2887066, 24.4734435 ], [ -110.312619, 24.4460131 ], [ -110.3075276, 24.4259132 ], [ -110.325641, 24.4030869 ], [ -110.3469953, 24.4317514 ], [ -110.3669429, 24.43441 ], [ -110.3913759, 24.4984725 ], [ -110.3822572, 24.5225022 ], [ -110.3459276, 24.529556 ] ] ], [ [ [ -110.3914972, 24.5899763 ], [ -110.3600214, 24.5522669 ], [ -110.3844672, 24.530876 ], [ -110.4071517, 24.55336 ], [ -110.3914972, 24.5899763 ] ] ], [ [ [ -110.5860886, 27.3344803 ], [ -110.5717715, 27.3115376 ], [ -110.5311951, 27.3024019 ], [ -110.5345844, 27.2863659 ], [ -110.5873284, 27.3047095 ], [ -110.5860886, 27.3344803 ] ] ], [ [ [ -110.7044285, 25.1046645 ], [ -110.6816444, 25.0613775 ], [ -110.6638712, 25.0509139 ], [ -110.6037291, 25.0385404 ], [ -110.5749892, 25.0163263 ], [ -110.5659047, 24.9892751 ], [ -110.5702614, 24.9545411 ], [ -110.5314147, 24.8869894 ], [ -110.561636, 24.878716 ], [ -110.6357036, 24.9256311 ], [ -110.6539942, 24.9457507 ], [ -110.6782276, 25.0173577 ], [ -110.7125177, 25.0299107 ], [ -110.7171231, 25.0545 ], [ -110.7044285, 25.1046645 ] ] ], [ [ [ -110.6897699, 25.3120801 ], [ -110.7091299, 25.2675939 ], [ -110.7331448, 25.2877144 ], [ -110.6897699, 25.3120801 ] ] ], [ [ [ -110.7739639, 25.7134683 ], [ -110.756278, 25.6098917 ], [ -110.7878648, 25.606894 ], [ -110.80504, 25.6458271 ], [ -110.792745, 25.695481 ], [ -110.7739639, 25.7134683 ] ] ], [ [ [ -110.9761798, 18.8607163 ], [ -110.9449639, 18.8394572 ], [ -110.916147, 18.7975922 ], [ -110.919287, 18.7339712 ], [ -110.9597052, 18.7365601 ], [ -111.0147258, 18.764511 ], [ -111.0452884, 18.7898782 ], [ -111.0369113, 18.8207895 ], [ -111.0182474, 18.8238832 ], [ -110.9933601, 18.8596874 ], [ -110.9761798, 18.8607163 ] ] ], [ [ [ -111.0341931, 25.7138969 ], [ -111.0130237, 25.6698915 ], [ -111.0432639, 25.6585617 ], [ -111.056634, 25.7086136 ], [ -111.0341931, 25.7138969 ] ] ], [ [ [ -111.059799, 26.0698104 ], [ -111.0836948, 26.0139537 ], [ -111.1218225, 25.9778974 ], [ -111.1797956, 25.9050064 ], [ -111.182016, 25.8684593 ], [ -111.2030765, 25.8481879 ], [ -111.2006949, 25.8118163 ], [ -111.2285796, 25.822584 ], [ -111.2328958, 25.8485702 ], [ -111.2159732, 25.8666926 ], [ -111.2088627, 25.9294159 ], [ -111.167536, 25.9889178 ], [ -111.1753029, 26.0419227 ], [ -111.1328796, 26.0628131 ], [ -111.0773159, 26.0592508 ], [ -111.059799, 26.0698104 ] ] ], [ [ [ -111.9867165, 24.5251129 ], [ -111.9699031, 24.5181364 ], [ -111.8984161, 24.5158022 ], [ -111.8688674, 24.5208431 ], [ -111.8436032, 24.5040487 ], [ -111.8184595, 24.4668519 ], [ -111.7799354, 24.4621673 ], [ -111.7493748, 24.4414238 ], [ -111.7417257, 24.4174201 ], [ -111.7100375, 24.3853191 ], [ -111.6943604, 24.3496017 ], [ -111.7173157, 24.3172915 ], [ -111.7483126, 24.3502313 ], [ -111.7959871, 24.381133 ], [ -111.8677451, 24.436592 ], [ -111.925614, 24.4688075 ], [ -111.94035, 24.484031 ], [ -112.0060459, 24.5142846 ], [ -111.9867165, 24.5251129 ] ] ], [ [ [ -112.088271, 27.2588328 ], [ -112.0463283, 27.2249189 ], [ -112.0580005, 27.18177 ], [ -112.0735739, 27.1778424 ], [ -112.1076631, 27.2390882 ], [ -112.088271, 27.2588328 ] ] ], [ [ [ -112.1253537, 25.2615634 ], [ -112.1224681, 25.2203786 ], [ -112.1583372, 25.1303506 ], [ -112.1633394, 25.0985425 ], [ -112.1856638, 25.041287 ], [ -112.1695442, 25.0245578 ], [ -112.1976009, 24.917663 ], [ -112.1875193, 24.8667876 ], [ -112.2489547, 24.8608821 ], [ -112.2351633, 24.8355189 ], [ -112.1726136, 24.7817202 ], [ -112.1719001, 24.7657696 ], [ -112.1331164, 24.7315815 ], [ -112.1167018, 24.6870377 ], [ -112.1483348, 24.655029 ], [ -112.1343067, 24.6296563 ], [ -112.1040667, 24.6167557 ], [ -112.0590873, 24.5576263 ], [ -112.0723725, 24.5427736 ], [ -112.1001803, 24.5586188 ], [ -112.1171857, 24.6040477 ], [ -112.1471846, 24.6215803 ], [ -112.1645444, 24.6720184 ], [ -112.1361029, 24.6880647 ], [ -112.1405435, 24.7270124 ], [ -112.1941405, 24.7776898 ], [ -112.2403754, 24.7924978 ], [ -112.2745885, 24.7748385 ], [ -112.303889, 24.7945035 ], [ -112.2749764, 24.8397003 ], [ -112.2388968, 24.9271049 ], [ -112.1960107, 25.0450643 ], [ -112.1520631, 25.1936444 ], [ -112.1395085, 25.2578207 ], [ -112.1253537, 25.2615634 ] ] ], [ [ [ -112.2890932, 29.2281149 ], [ -112.2719628, 29.1980993 ], [ -112.2738448, 29.1368676 ], [ -112.2345402, 29.0960829 ], [ -112.2020658, 29.0230738 ], [ -112.209582, 28.9648769 ], [ -112.2390356, 28.8714984 ], [ -112.256843, 28.8579584 ], [ -112.272196, 28.8230908 ], [ -112.2776683, 28.7688952 ], [ -112.313972, 28.7540151 ], [ -112.3813758, 28.7746911 ], [ -112.4021852, 28.7961904 ], [ -112.4561945, 28.8018113 ], [ -112.4769502, 28.8232273 ], [ -112.5478298, 28.8575039 ], [ -112.5692048, 28.8801469 ], [ -112.5168276, 28.9154681 ], [ -112.4867998, 28.9620984 ], [ -112.5059848, 29.0146094 ], [ -112.4860432, 29.1308006 ], [ -112.4742247, 29.1688366 ], [ -112.4538346, 29.1972758 ], [ -112.4098031, 29.1859286 ], [ -112.3592119, 29.2204669 ], [ -112.2890932, 29.2281149 ] ] ], [ [ [ -112.5564581, 28.7337912 ], [ -112.5417404, 28.7117424 ], [ -112.5535484, 28.6717411 ], [ -112.6017137, 28.6747806 ], [ -112.612132, 28.7266104 ], [ -112.5564581, 28.7337912 ] ] ], [ [ [ -112.8939935, 28.6787216 ], [ -112.8597681, 28.6727668 ], [ -112.8031488, 28.6359842 ], [ -112.7554166, 28.5880024 ], [ -112.7894922, 28.5870426 ], [ -112.7989303, 28.610836 ], [ -112.8657174, 28.6464527 ], [ -112.8939935, 28.6787216 ] ] ], [ [ [ -113.5576587, 29.5542868 ], [ -113.5571539, 29.5342437 ], [ -113.4794866, 29.5319878 ], [ -113.4309015, 29.4918788 ], [ -113.4251733, 29.4734721 ], [ -113.3945901, 29.4598855 ], [ -113.3519764, 29.3828491 ], [ -113.375357, 29.3530158 ], [ -113.3704395, 29.3117081 ], [ -113.3482333, 29.2964167 ], [ -113.2555263, 29.2823305 ], [ -113.1811764, 29.2892224 ], [ -113.1715706, 29.18164 ], [ -113.1746804, 29.1275909 ], [ -113.1465795, 29.0647874 ], [ -113.1015812, 29.0558634 ], [ -113.1129311, 29.0347959 ], [ -113.1160082, 28.9865866 ], [ -113.1540282, 29.0147825 ], [ -113.1891319, 29.0286149 ], [ -113.2003708, 29.0481017 ], [ -113.2477458, 29.0736732 ], [ -113.2652904, 29.1062908 ], [ -113.3023343, 29.1460283 ], [ -113.3540165, 29.1710989 ], [ -113.4184555, 29.2267719 ], [ -113.4405148, 29.2731646 ], [ -113.4954696, 29.2841039 ], [ -113.5068279, 29.3228423 ], [ -113.5705443, 29.4009418 ], [ -113.5888102, 29.4092009 ], [ -113.5923684, 29.4510369 ], [ -113.5755466, 29.4711593 ], [ -113.5640248, 29.5094309 ], [ -113.5716691, 29.5385909 ], [ -113.5576587, 29.5542868 ] ] ], [ [ [ -113.229367, 26.7332076 ], [ -113.1823773, 26.7176053 ], [ -113.1892489, 26.6875344 ], [ -113.2682802, 26.7021112 ], [ -113.229367, 26.7332076 ] ] ], [ [ [ -114.2261462, 27.7668677 ], [ -114.2007062, 27.7282096 ], [ -114.2474416, 27.742646 ], [ -114.2261462, 27.7668677 ] ] ], [ [ [ -114.7538008, 31.809105 ], [ -114.7311939, 31.7673205 ], [ -114.6672654, 31.7191276 ], [ -114.645468, 31.6773438 ], [ -114.6613062, 31.6690241 ], [ -114.7154288, 31.6802867 ], [ -114.7612519, 31.6997358 ], [ -114.8015318, 31.7446492 ], [ -114.8009784, 31.8124996 ], [ -114.7689695, 31.8166971 ], [ -114.7538008, 31.809105 ] ] ], [ [ [ -114.7386752, 18.3722831 ], [ -114.7098726, 18.3505001 ], [ -114.7507456, 18.3396069 ], [ -114.7386752, 18.3722831 ] ] ], [ [ [ -115.2097111, 28.3704772 ], [ -115.1767251, 28.3098567 ], [ -115.1643396, 28.2610811 ], [ -115.1740479, 28.2198026 ], [ -115.1566215, 28.1793953 ], [ -115.1629052, 28.1327205 ], [ -115.186284, 28.1055115 ], [ -115.1889336, 28.0340439 ], [ -115.2515251, 28.0353694 ], [ -115.2654177, 28.0728411 ], [ -115.3050864, 28.0950707 ], [ -115.3569678, 28.0784686 ], [ -115.3500107, 28.1161956 ], [ -115.3136681, 28.139803 ], [ -115.2501361, 28.210252 ], [ -115.2380293, 28.2314444 ], [ -115.2726104, 28.2993255 ], [ -115.2810851, 28.3529418 ], [ -115.2538394, 28.3757861 ], [ -115.2097111, 28.3704772 ] ] ], [ [ [ -118.2707783, 29.1712914 ], [ -118.2883567, 29.1428922 ], [ -118.2796652, 29.1047583 ], [ -118.2533953, 29.0951159 ], [ -118.2297622, 29.0652445 ], [ -118.2208753, 29.0114542 ], [ -118.2297622, 28.992749 ], [ -118.2204847, 28.963617 ], [ -118.2294115, 28.921495 ], [ -118.260788, 28.883999 ], [ -118.2775344, 28.8846337 ], [ -118.2935377, 28.9205084 ], [ -118.290045, 28.962864 ], [ -118.3049811, 28.9877783 ], [ -118.3174899, 29.0384867 ], [ -118.363553, 29.0741215 ], [ -118.3520294, 29.1085979 ], [ -118.3600475, 29.1508406 ], [ -118.3326932, 29.1698418 ], [ -118.2707783, 29.1712914 ] ] ] ] } }
]
}
