{
"type": "FeatureCollection",
"name": "MNG_GAUL2007_ADM1",
"crs": { "type": "name", "properties": { "name": "urn:ogc:def:crs:OGC:1.3:CRS84" } },
"features": [
{ "type": "Feature", "properties": { "POLYGON_ID": "MNG_GAUL2007_ADM1_2075", "ADM0_ISO3": "MNG", "ADM0_NAME": "Mongolia", "ADM0_CODE": 167, "ADM1_NAME": "Arxangai", "ADM1_CODE": 2075, "GEOSET": "GAUL", "GEOSET_YEAR": 2007.0, "GEOSET_VERSION": "GAUL_v1", "GEOSET_UNIT": "ADM1", "CENTROID_LONG": 101.02597366830655, "CENTROID_LAT": 47.877876062205104 }, "geometry": { "type": "MultiPolygon", "coordinates": [ [ [ [ 101.6349201, 49.009367 ], [ 101.6588039, 48.9811115 ], [ 101.8235035, 48.8949337 ], [ 101.9317913, 48.8916912 ], [ 101.9470272, 48.815012 ], [ 102.0054417, 48.7917233 ], [ 102.0291729, 48.8236103 ], [ 102.1562443, 48.8353939 ], [ 102.1760502, 48.7042408 ], [ 102.2070484, 48.6449909 ], [ 102.226099, 48.5173779 ], [ 102.3197079, 48.4648418 ], [ 102.3761272, 48.4197598 ], [ 102.3414173, 48.3391895 ], [ 102.3965588, 48.3166294 ], [ 102.4880199, 48.2539349 ], [ 102.575388, 48.2875309 ], [ 102.661417, 48.2435436 ], [ 102.7107525, 48.193121 ], [ 102.7655849, 48.0943165 ], [ 102.8234196, 48.0089054 ], [ 102.803545, 47.9483852 ], [ 102.8288326, 47.8857861 ], [ 102.9585476, 47.8547344 ], [ 102.9619579, 47.8150158 ], [ 103.066843, 47.7628536 ], [ 103.1215687, 47.7192783 ], [ 103.2067699, 47.7156696 ], [ 103.3087559, 47.5611324 ], [ 103.3788738, 47.5064297 ], [ 103.4505863, 47.4864864 ], [ 103.5678883, 47.4062366 ], [ 103.6343288, 47.3421001 ], [ 103.6450024, 47.2781963 ], [ 103.6935673, 47.2391796 ], [ 103.6534328, 47.2377071 ], [ 103.5645733, 47.2063007 ], [ 103.4865856, 47.1928616 ], [ 103.3538914, 47.1901417 ], [ 103.1140194, 47.2019978 ], [ 103.101572, 47.261076 ], [ 103.0340939, 47.3211308 ], [ 102.8938427, 47.3387814 ], [ 102.8304996, 47.3917675 ], [ 102.7035389, 47.3764324 ], [ 102.6602879, 47.4308643 ], [ 102.5762234, 47.3935108 ], [ 102.7122097, 47.2960148 ], [ 102.609396, 47.1348553 ], [ 102.5335484, 47.1116505 ], [ 102.5108738, 47.0777988 ], [ 102.5371227, 47.0334225 ], [ 102.5248661, 46.9560604 ], [ 102.4967365, 46.9312801 ], [ 102.422102, 46.9118938 ], [ 102.3060284, 47.0093479 ], [ 102.2921314, 47.0407314 ], [ 102.1365452, 47.0118008 ], [ 102.1039753, 46.9887218 ], [ 102.0390835, 46.9819088 ], [ 101.9787045, 46.9942722 ], [ 101.859354, 46.9688892 ], [ 101.8164539, 46.9483013 ], [ 101.8468609, 46.9057255 ], [ 101.7905521, 46.8636036 ], [ 101.6340351, 46.8645763 ], [ 101.4773273, 46.8460903 ], [ 101.3550396, 46.8151913 ], [ 101.3311901, 46.765131 ], [ 101.246191, 46.8174458 ], [ 101.1871777, 46.8338795 ], [ 101.1253529, 46.8701496 ], [ 101.0366383, 46.8335896 ], [ 101.003664, 46.8451138 ], [ 100.9281178, 46.8376942 ], [ 100.8509502, 46.8590717 ], [ 100.7420979, 46.8320637 ], [ 100.6448498, 46.8680782 ], [ 100.6138668, 46.9176121 ], [ 100.6025944, 46.9701366 ], [ 100.4703541, 46.975832 ], [ 100.4310474, 46.9903507 ], [ 100.4277935, 47.080286 ], [ 100.3883038, 47.1150227 ], [ 100.3589573, 47.195982 ], [ 100.2936726, 47.1876659 ], [ 100.2571049, 47.1619244 ], [ 100.1897411, 47.1714077 ], [ 100.1378803, 47.1293316 ], [ 100.0833874, 47.1446133 ], [ 99.9899807, 47.0978718 ], [ 99.9311199, 47.0931301 ], [ 99.8914318, 47.1466007 ], [ 99.9104214, 47.2168293 ], [ 99.8530521, 47.2466717 ], [ 99.8896236, 47.3577938 ], [ 99.8777676, 47.4279232 ], [ 99.8291378, 47.4367657 ], [ 99.7546406, 47.4923344 ], [ 99.7113094, 47.5392551 ], [ 99.707552, 47.5828381 ], [ 99.6555767, 47.62924 ], [ 99.5697994, 47.6188526 ], [ 99.5566273, 47.5933704 ], [ 99.4939289, 47.5744267 ], [ 99.4647045, 47.6015491 ], [ 99.3918056, 47.5779858 ], [ 99.3672848, 47.5222111 ], [ 99.2598629, 47.4876804 ], [ 99.244894, 47.4599361 ], [ 99.1713886, 47.4790058 ], [ 99.0790768, 47.4803181 ], [ 98.9010487, 47.5154018 ], [ 98.8531361, 47.5355015 ], [ 98.8253613, 47.585516 ], [ 98.818243, 47.667387 ], [ 98.7521534, 47.738451 ], [ 98.7071209, 47.7234974 ], [ 98.634634, 47.726614 ], [ 98.5442448, 47.699934 ], [ 98.4094296, 47.6428852 ], [ 98.344347, 47.6568851 ], [ 98.2689533, 47.6487064 ], [ 98.2025356, 47.6984997 ], [ 98.1882343, 47.7332706 ], [ 98.2018108, 47.8527737 ], [ 98.2204914, 47.878088 ], [ 98.1880207, 47.9045467 ], [ 98.1751881, 47.9509602 ], [ 98.2154713, 47.9893703 ], [ 98.2386494, 48.0725155 ], [ 98.267374, 48.0944996 ], [ 98.4092388, 48.1146984 ], [ 98.4961033, 48.0814953 ], [ 98.5525036, 48.1077404 ], [ 98.6182919, 48.1562595 ], [ 98.6814632, 48.1670208 ], [ 98.7058659, 48.2320919 ], [ 98.8042164, 48.224966 ], [ 98.9076748, 48.261076 ], [ 98.9899349, 48.3054333 ], [ 99.0808964, 48.3113461 ], [ 99.1514797, 48.3040028 ], [ 99.2181187, 48.2554722 ], [ 99.2803593, 48.2555943 ], [ 99.3391361, 48.2880726 ], [ 99.4770107, 48.280859 ], [ 99.6597042, 48.3154507 ], [ 99.724966, 48.3135509 ], [ 99.7390537, 48.4244633 ], [ 99.7914639, 48.4870052 ], [ 99.9315128, 48.4640217 ], [ 100.0194683, 48.4178829 ], [ 100.144762, 48.3834476 ], [ 100.2081013, 48.4132557 ], [ 100.159605, 48.4458256 ], [ 100.1694241, 48.4972401 ], [ 100.2082844, 48.5041485 ], [ 100.352911, 48.5026684 ], [ 100.4074306, 48.5274906 ], [ 100.3428478, 48.6615887 ], [ 100.3193493, 48.661932 ], [ 100.3527012, 48.8081837 ], [ 100.4164257, 48.8511524 ], [ 100.4214916, 48.8901882 ], [ 100.5119267, 48.8991718 ], [ 100.5826511, 48.9478664 ], [ 100.5877895, 48.9766941 ], [ 100.4174213, 49.0300236 ], [ 100.4971523, 49.0549831 ], [ 100.5856571, 49.0695591 ], [ 100.6096935, 49.1133442 ], [ 100.6910496, 49.1925144 ], [ 100.6972446, 49.2190456 ], [ 100.7859058, 49.1891079 ], [ 100.8508816, 49.1531162 ], [ 101.0869808, 49.0912991 ], [ 101.1921749, 49.0454502 ], [ 101.2103367, 49.0265369 ], [ 101.2851238, 49.0094433 ], [ 101.3753529, 48.9663906 ], [ 101.4789104, 48.9530125 ], [ 101.5363865, 48.9662037 ], [ 101.6349201, 49.009367 ] ] ] ] } },
{ "type": "Feature", "properties": { "POLYGON_ID": "MNG_GAUL2007_ADM1_2076", "ADM0_ISO3": "MNG", "ADM0_NAME": "Mongolia", "ADM0_CODE": 167, "ADM1_NAME": "Bayan-O'lgii", "ADM1_CODE": 2076, "GEOSET": "GAUL", "GEOSET_YEAR": 2007.0, "GEOSET_VERSION": "GAUL_v1", "GEOSET_UNIT": "ADM1", "CENTROID_LONG": 89.849821894279302, "CENTROID_LAT": 48.542061677520351 }, "geometry": { "type": "MultiPolygon", "coordinates": [ [ [ [ 91.3506069, 48.6831036 ], [ 91.2683201, 48.6881504 ], [ 91.1623402, 48.7069263 ], [ 90.9773426, 48.6319904 ], [ 90.9019566, 48.6183872 ], [ 90.7842274, 48.6395206 ], [ 90.6823406, 48.6349773 ], [ 90.6503658, 48.6040325 ], [ 90.7362385, 48.562994 ], [ 90.7765293, 48.526865 ], [ 90.7701855, 48.4801426 ], [ 90.8381481, 48.4491138 ], [ 90.8542957, 48.4032459 ], [ 90.8138752, 48.3811092 ], [ 90.7834644, 48.307127 ], [ 90.8191624, 48.1737309 ], [ 90.8058987, 48.1546001 ], [ 90.8320942, 48.0747166 ], [ 90.9461079, 48.0348911 ], [ 90.9574223, 47.9711628 ], [ 90.9915943, 47.9466915 ], [ 91.0201702, 47.8822269 ], [ 91.0644779, 47.8572941 ], [ 91.0410175, 47.8234386 ], [ 91.067255, 47.7992535 ], [ 91.0643902, 47.735548 ], [ 91.108942, 47.7122593 ], [ 91.1606617, 47.7172909 ], [ 91.1928921, 47.6901684 ], [ 91.1681995, 47.6085491 ], [ 91.2353344, 47.5962276 ], [ 91.255312, 47.4549351 ], [ 91.2079601, 47.3999386 ], [ 91.2985439, 47.3350201 ], [ 91.2985859, 47.3092327 ], [ 91.4042454, 47.2418728 ], [ 91.4794292, 47.182642 ], [ 91.4611149, 47.0903034 ], [ 91.4030285, 47.0119152 ], [ 91.4088955, 46.9417171 ], [ 91.472456, 46.8903675 ], [ 91.59585, 46.8777218 ], [ 91.6454563, 46.8589382 ], [ 91.6784267, 46.8178196 ], [ 91.7901287, 46.7832737 ], [ 91.7924328, 46.7508602 ], [ 91.8470325, 46.7352161 ], [ 91.9217358, 46.6888218 ], [ 91.9055843, 46.6152935 ], [ 91.6931705, 46.6299381 ], [ 91.6269436, 46.6171131 ], [ 91.5890903, 46.593111 ], [ 91.5039845, 46.6523228 ], [ 91.4913082, 46.5895138 ], [ 91.470499, 46.5684567 ], [ 91.3891964, 46.5536633 ], [ 91.3119755, 46.566164 ], [ 91.3148785, 46.5960331 ], [ 91.2700863, 46.6441326 ], [ 91.1463909, 46.6703892 ], [ 91.0911884, 46.7079754 ], [ 91.0474682, 46.7216167 ], [ 91.0447414, 46.7235032 ], [ 91.043995, 46.723748 ], [ 91.0435836, 46.7243042 ], [ 91.0169112, 46.7427565 ], [ 91.0112378, 46.7493125 ], [ 90.9940069, 46.7673265 ], [ 90.9931723, 46.7682539 ], [ 90.9910168, 46.7706489 ], [ 90.979909, 46.7829909 ], [ 90.9399648, 46.8198022 ], [ 90.9420038, 46.8242685 ], [ 90.9541519, 46.8603513 ], [ 90.9509299, 46.8667954 ], [ 90.9180347, 46.8918584 ], [ 90.9176457, 46.9116938 ], [ 90.9172514, 46.9318026 ], [ 90.8412792, 46.9748797 ], [ 90.7645237, 46.9850615 ], [ 90.7606076, 46.9944602 ], [ 90.737111, 47.0109078 ], [ 90.6384253, 47.0986283 ], [ 90.6102294, 47.1432718 ], [ 90.5319075, 47.2051462 ], [ 90.5029284, 47.2764191 ], [ 90.4794318, 47.2881674 ], [ 90.4743394, 47.3037316 ], [ 90.4724807, 47.3094123 ], [ 90.4865787, 47.3229228 ], [ 90.491278, 47.3452445 ], [ 90.5077256, 47.3646292 ], [ 90.4478093, 47.4033986 ], [ 90.4642569, 47.4815247 ], [ 90.4043407, 47.5202941 ], [ 90.3361027, 47.6077209 ], [ 90.3447181, 47.6484483 ], [ 90.2483821, 47.6977912 ], [ 90.1277663, 47.707973 ], [ 90.0886053, 47.7361689 ], [ 90.0651088, 47.8137076 ], [ 90.0680807, 47.8186608 ], [ 90.0764608, 47.8377926 ], [ 90.062138, 47.8408618 ], [ 89.993923, 47.8811804 ], [ 89.9820875, 47.8920296 ], [ 89.9687728, 47.8912463 ], [ 89.9468426, 47.8818477 ], [ 89.8909533, 47.839659 ], [ 89.8512899, 47.8176237 ], [ 89.7471217, 47.8231063 ], [ 89.7079607, 47.8951624 ], [ 89.6437367, 47.8959457 ], [ 89.6171073, 47.9374563 ], [ 89.5748134, 47.9609529 ], [ 89.5975268, 48.0087293 ], [ 89.5262538, 48.029093 ], [ 89.4816103, 48.0126453 ], [ 89.4166031, 48.0228272 ], [ 89.3913461, 48.0357363 ], [ 89.3813583, 48.0408412 ], [ 89.3716229, 48.0344159 ], [ 89.3598675, 48.0266574 ], [ 89.3421973, 48.014995 ], [ 89.3030363, 48.0063796 ], [ 89.2808671, 47.9950591 ], [ 89.2760719, 47.9926105 ], [ 89.266225, 47.9875823 ], [ 89.2121829, 47.9719179 ], [ 89.0695172, 47.9739 ], [ 89.046456, 48.0036873 ], [ 88.9598806, 48.0631658 ], [ 88.9106835, 48.1092881 ], [ 88.8472654, 48.1065054 ], [ 88.8393202, 48.1091538 ], [ 88.8140455, 48.110305 ], [ 88.7941325, 48.0991258 ], [ 88.6908186, 48.1596383 ], [ 88.6806991, 48.1736128 ], [ 88.6697575, 48.1709957 ], [ 88.6514609, 48.1660339 ], [ 88.6253864, 48.1714456 ], [ 88.6027557, 48.216215 ], [ 88.5937619, 48.2324038 ], [ 88.5902894, 48.2386543 ], [ 88.5658579, 48.2826311 ], [ 88.5953762, 48.3367479 ], [ 88.5377579, 48.3676148 ], [ 88.521412, 48.3820776 ], [ 88.5092812, 48.40218 ], [ 88.495506, 48.4075917 ], [ 88.4849619, 48.4027252 ], [ 88.444341, 48.3839771 ], [ 88.4005556, 48.3992282 ], [ 88.3488986, 48.4385859 ], [ 88.3464388, 48.4646604 ], [ 88.2443091, 48.4968203 ], [ 88.2308256, 48.5010662 ], [ 88.2224131, 48.5010662 ], [ 88.2119829, 48.5010662 ], [ 88.1781849, 48.5010662 ], [ 88.1752328, 48.5010662 ], [ 88.1330581, 48.5249226 ], [ 88.1265277, 48.5286166 ], [ 88.1162193, 48.532261 ], [ 88.0778226, 48.5458356 ], [ 88.0721755, 48.5465065 ], [ 88.0298659, 48.5515334 ], [ 88.0281335, 48.5517392 ], [ 87.9987831, 48.5659411 ], [ 87.9823802, 48.5738779 ], [ 87.9651612, 48.589621 ], [ 87.9647255, 48.6022548 ], [ 87.9946794, 48.6255349 ], [ 88.0222298, 48.6398021 ], [ 88.0211006, 48.6490179 ], [ 88.0118984, 48.6599729 ], [ 88.0763466, 48.6993306 ], [ 88.0920897, 48.7131058 ], [ 88.0241977, 48.7554153 ], [ 87.9194079, 48.7741102 ], [ 87.8219976, 48.8218314 ], [ 87.8191333, 48.8250537 ], [ 87.811867, 48.8360089 ], [ 87.8249494, 48.8429861 ], [ 87.7831894, 48.8686948 ], [ 87.7780678, 48.8711489 ], [ 87.7496061, 48.9024928 ], [ 87.7511537, 48.9069424 ], [ 87.7531724, 48.9088584 ], [ 87.7711229, 48.9258962 ], [ 87.78018, 48.9344928 ], [ 87.7910034, 48.9408884 ], [ 87.8421684, 48.9556475 ], [ 87.8702424, 48.9601652 ], [ 87.8905205, 48.9735839 ], [ 87.8898896, 48.9792621 ], [ 87.8995221, 48.9879314 ], [ 87.8898896, 49.0451863 ], [ 87.9194079, 49.0889717 ], [ 87.8520078, 49.1371849 ], [ 87.8377407, 49.1534199 ], [ 87.8277702, 49.1767639 ], [ 87.8249683, 49.183324 ], [ 87.8487532, 49.1748624 ], [ 87.91747, 49.17084 ], [ 87.93777, 49.18211 ], [ 87.94838, 49.18449 ], [ 87.97424, 49.1783 ], [ 87.99432, 49.18636 ], [ 87.99576, 49.19507 ], [ 88.00864, 49.23588 ], [ 88.06874, 49.26935 ], [ 88.1095997, 49.2604002 ], [ 88.11566, 49.25215 ], [ 88.19678, 49.28735 ], [ 88.1730401, 49.3136853 ], [ 88.16542, 49.32108 ], [ 88.10296, 49.36552 ], [ 88.11845, 49.38849 ], [ 88.1305293, 49.402386 ], [ 88.160349, 49.4242594 ], [ 88.1881896, 49.4298299 ], [ 88.17719, 49.45308 ], [ 88.17712, 49.45767 ], [ 88.22323, 49.48986 ], [ 88.33982, 49.50806 ], [ 88.42229, 49.49665 ], [ 88.44528, 49.48011 ], [ 88.52428, 49.48998 ], [ 88.54163, 49.48241 ], [ 88.5515, 49.48252 ], [ 88.5553679, 49.4844389 ], [ 88.5572206, 49.4882141 ], [ 88.56477, 49.50361 ], [ 88.64998, 49.52009 ], [ 88.679, 49.47501 ], [ 88.81515, 49.46619 ], [ 88.8470532, 49.4513102 ], [ 88.85273, 49.45003 ], [ 88.8654219, 49.4606653 ], [ 88.85738, 49.47063 ], [ 88.8633197, 49.4862781 ], [ 88.8606267, 49.4931922 ], [ 88.85053, 49.5 ], [ 88.85132, 49.52353 ], [ 88.85503, 49.5291 ], [ 88.8738467, 49.5450733 ], [ 88.8911, 49.55581 ], [ 88.9071622, 49.5580035 ], [ 88.93025, 49.55631 ], [ 88.9262952, 49.5389703 ], [ 88.9269, 49.5303 ], [ 88.9363167, 49.5210701 ], [ 88.95127, 49.50428 ], [ 88.96387, 49.48462 ], [ 89.0995, 49.49979 ], [ 89.18838, 49.54187 ], [ 89.19768, 49.54716 ], [ 89.2265244, 49.5583974 ], [ 89.2266397, 49.5592006 ], [ 89.2236, 49.56633 ], [ 89.1940439, 49.5904768 ], [ 89.19294, 49.59163 ], [ 89.19149, 49.6033445 ], [ 89.1954, 49.61549 ], [ 89.20174, 49.62562 ], [ 89.22354, 49.64632 ], [ 89.31271, 49.63452 ], [ 89.37734, 49.59466 ], [ 89.3878, 49.6037 ], [ 89.4004, 49.6207 ], [ 89.4532939, 49.6610336 ], [ 89.46101, 49.66301 ], [ 89.4744169, 49.661976 ], [ 89.49139, 49.66335 ], [ 89.50581, 49.66806 ], [ 89.54094, 49.68413 ], [ 89.6623032, 49.7065324 ], [ 89.68183, 49.70971 ], [ 89.6876305, 49.7137245 ], [ 89.69992, 49.72223 ], [ 89.71584, 49.74356 ], [ 89.72177, 49.75683 ], [ 89.7385184, 49.7945181 ], [ 89.6425076, 49.8186184 ], [ 89.6406495, 49.8191608 ], [ 89.63747, 49.83345 ], [ 89.6435835, 49.847406 ], [ 89.6382557, 49.9060787 ], [ 89.63062, 49.91587 ], [ 89.61819, 49.92188 ], [ 89.70729, 49.95854 ], [ 89.94761, 49.97519 ], [ 90.01003, 50.0 ], [ 90.0831585, 49.9768391 ], [ 90.1520443, 49.8645725 ], [ 90.1765652, 49.7545643 ], [ 90.2277126, 49.7090092 ], [ 90.2633648, 49.6496868 ], [ 90.352438, 49.6207256 ], [ 90.398325, 49.5653934 ], [ 90.4675579, 49.5197811 ], [ 90.5009251, 49.5330067 ], [ 90.6672535, 49.4261799 ], [ 90.6474438, 49.3656826 ], [ 90.6924839, 49.3212643 ], [ 90.8989277, 49.2627087 ], [ 90.9136143, 49.2111416 ], [ 90.9504185, 49.1554089 ], [ 90.9916248, 49.1296368 ], [ 91.0637188, 49.0005627 ], [ 91.1182041, 48.968462 ], [ 91.1721706, 48.967001 ], [ 91.2573528, 48.9073963 ], [ 91.2714024, 48.8660297 ], [ 91.3131161, 48.8318424 ], [ 91.3506069, 48.6831036 ] ] ] ] } },
{ "type": "Feature", "properties": { "POLYGON_ID": "MNG_GAUL2007_ADM1_2077", "ADM0_ISO3": "MNG", "ADM0_NAME": "Mongolia", "ADM0_CODE": 167, "ADM1_NAME": "Bayanxongor", "ADM1_CODE": 2077, "GEOSET": "GAUL", "GEOSET_YEAR": 2007.0, "GEOSET_VERSION": "GAUL_v1", "GEOSET_UNIT": "ADM1", "CENTROID_LONG": 99.516967008995138, "CENTROID_LAT": 45.250919022334536 }, "geometry": { "type": "MultiPolygon", "coordinates": [ [ [ [ 101.3311901, 46.765131 ], [ 101.3623943, 46.7290401 ], [ 101.4553623, 46.6829472 ], [ 101.5425625, 46.6133556 ], [ 101.4902859, 46.5823612 ], [ 101.4892063, 46.5460987 ], [ 101.5553913, 46.4532452 ], [ 101.4662151, 46.3920918 ], [ 101.4934559, 46.3236408 ], [ 101.4733257, 46.2937984 ], [ 101.5072651, 46.2653828 ], [ 101.4948597, 46.1889477 ], [ 101.4347744, 46.1171474 ], [ 101.35536, 46.1047268 ], [ 101.3189068, 46.0802937 ], [ 101.2603245, 46.0142994 ], [ 101.2728901, 45.9514828 ], [ 101.2504101, 45.9261723 ], [ 101.2960758, 45.8861179 ], [ 101.3121052, 45.7433758 ], [ 101.2379856, 45.6350269 ], [ 101.2453403, 45.59482 ], [ 101.2221737, 45.5437717 ], [ 101.1750813, 45.5194759 ], [ 101.174017, 45.4871922 ], [ 101.1099148, 45.4504566 ], [ 101.1012211, 45.4286747 ], [ 101.1190586, 45.3478222 ], [ 101.0996075, 45.2946682 ], [ 101.1221066, 45.126955 ], [ 101.1449642, 45.0474491 ], [ 101.2026005, 44.984972 ], [ 101.3113308, 44.976366 ], [ 101.3844738, 44.9568272 ], [ 101.4103756, 44.9179249 ], [ 101.4657726, 44.8870907 ], [ 101.5526371, 44.8730679 ], [ 101.5562763, 44.819418 ], [ 101.4985218, 44.6728802 ], [ 101.5469418, 44.6307011 ], [ 101.5840817, 44.5189037 ], [ 101.6200314, 44.4886646 ], [ 101.6488895, 44.3776188 ], [ 101.6881619, 44.3130016 ], [ 101.6825314, 44.27738 ], [ 101.7129459, 44.1257916 ], [ 101.7423153, 44.0418682 ], [ 101.2252674, 43.8539371 ], [ 100.8392506, 43.8454533 ], [ 100.2861538, 43.8295155 ], [ 100.0753269, 43.9895916 ], [ 99.9907627, 44.0590801 ], [ 99.7620716, 44.1631374 ], [ 99.6680584, 44.1424351 ], [ 99.4260311, 44.118372 ], [ 99.4951077, 43.2358036 ], [ 99.576395, 42.9155025 ], [ 99.5984974, 42.6652393 ], [ 99.6320441, 42.5888823 ], [ 99.6175989, 42.5862643 ], [ 99.505152, 42.5658849 ], [ 98.7269486, 42.6180304 ], [ 98.2409469, 42.6505962 ], [ 98.1967452, 42.6535581 ], [ 97.8819883, 42.6982683 ], [ 97.8644959, 42.700753 ], [ 97.8281841, 42.8956432 ], [ 97.8211689, 43.0314922 ], [ 97.7755108, 43.3146 ], [ 97.8442669, 43.3701305 ], [ 97.9240131, 43.5143528 ], [ 97.9050312, 43.5440922 ], [ 97.9579067, 43.5951595 ], [ 97.9733639, 43.6348629 ], [ 97.9479618, 43.6665287 ], [ 97.9335651, 43.7232151 ], [ 97.9678135, 43.8439884 ], [ 97.9696445, 43.9095173 ], [ 97.9888897, 43.9969807 ], [ 97.9702053, 44.0397396 ], [ 97.9510555, 44.4037647 ], [ 98.1054935, 44.4527493 ], [ 98.1986675, 44.5216084 ], [ 98.2214642, 44.6360645 ], [ 98.26367, 44.7211742 ], [ 98.2133999, 44.8371487 ], [ 98.2427425, 44.853632 ], [ 98.2477703, 44.9456387 ], [ 98.327219, 45.0394077 ], [ 98.342371, 45.1199932 ], [ 98.405344, 45.2027531 ], [ 98.4851437, 45.3886318 ], [ 98.4864521, 45.4505939 ], [ 98.4563885, 45.7555294 ], [ 98.421751, 45.8123608 ], [ 98.3531132, 45.8780727 ], [ 98.3099613, 45.8903713 ], [ 98.1804028, 46.0138264 ], [ 98.1735783, 46.0448971 ], [ 98.1249332, 46.0867939 ], [ 98.0023785, 46.1308117 ], [ 97.9494457, 46.2081127 ], [ 97.8000278, 46.2654476 ], [ 97.7749195, 46.3231182 ], [ 97.7292576, 46.3341007 ], [ 97.727766, 46.4104443 ], [ 97.6747265, 46.4438686 ], [ 97.6665707, 46.5169849 ], [ 97.6322536, 46.6023693 ], [ 97.6695881, 46.675684 ], [ 97.7402706, 46.7648983 ], [ 97.7452831, 46.8300381 ], [ 97.7735081, 46.8821125 ], [ 97.7683582, 46.9331188 ], [ 97.7884121, 47.0376835 ], [ 97.8355503, 47.0519352 ], [ 97.8701115, 47.097208 ], [ 97.8539753, 47.1616955 ], [ 97.8920307, 47.2228756 ], [ 97.9684544, 47.2175808 ], [ 98.0729046, 47.2266064 ], [ 98.1502361, 47.2535152 ], [ 98.2471142, 47.3029575 ], [ 98.3079205, 47.3855686 ], [ 98.2468739, 47.4458714 ], [ 98.3726025, 47.5435276 ], [ 98.382967, 47.6110134 ], [ 98.4094296, 47.6428852 ], [ 98.5442448, 47.699934 ], [ 98.634634, 47.726614 ], [ 98.7071209, 47.7234974 ], [ 98.7521534, 47.738451 ], [ 98.818243, 47.667387 ], [ 98.8253613, 47.585516 ], [ 98.8531361, 47.5355015 ], [ 98.9010487, 47.5154018 ], [ 99.0790768, 47.4803181 ], [ 99.1713886, 47.4790058 ], [ 99.244894, 47.4599361 ], [ 99.2598629, 47.4876804 ], [ 99.3672848, 47.5222111 ], [ 99.3918056, 47.5779858 ], [ 99.4647045, 47.6015491 ], [ 99.4939289, 47.5744267 ], [ 99.5566273, 47.5933704 ], [ 99.5697994, 47.6188526 ], [ 99.6555767, 47.62924 ], [ 99.707552, 47.5828381 ], [ 99.7113094, 47.5392551 ], [ 99.7546406, 47.4923344 ], [ 99.8291378, 47.4367657 ], [ 99.8777676, 47.4279232 ], [ 99.8896236, 47.3577938 ], [ 99.8530521, 47.2466717 ], [ 99.9104214, 47.2168293 ], [ 99.8914318, 47.1466007 ], [ 99.9311199, 47.0931301 ], [ 99.9899807, 47.0978718 ], [ 100.0833874, 47.1446133 ], [ 100.1378803, 47.1293316 ], [ 100.1897411, 47.1714077 ], [ 100.2571049, 47.1619244 ], [ 100.2936726, 47.1876659 ], [ 100.3589573, 47.195982 ], [ 100.3883038, 47.1150227 ], [ 100.4277935, 47.080286 ], [ 100.4310474, 46.9903507 ], [ 100.4703541, 46.975832 ], [ 100.6025944, 46.9701366 ], [ 100.6138668, 46.9176121 ], [ 100.6448498, 46.8680782 ], [ 100.7420979, 46.8320637 ], [ 100.8509502, 46.8590717 ], [ 100.9281178, 46.8376942 ], [ 101.003664, 46.8451138 ], [ 101.0366383, 46.8335896 ], [ 101.1253529, 46.8701496 ], [ 101.1871777, 46.8338795 ], [ 101.246191, 46.8174458 ], [ 101.3311901, 46.765131 ] ] ] ] } },
{ "type": "Feature", "properties": { "POLYGON_ID": "MNG_GAUL2007_ADM1_2078", "ADM0_ISO3": "MNG", "ADM0_NAME": "Mongolia", "ADM0_CODE": 167, "ADM1_NAME": "Bulgan", "ADM1_CODE": 2078, "GEOSET": "GAUL", "GEOSET_YEAR": 2007.0, "GEOSET_VERSION": "GAUL_v1", "GEOSET_UNIT": "ADM1", "CENTROID_LONG": 103.39869064801938, "CENTROID_LAT": 48.965238578210162 }, "geometry": { "type": "MultiPolygon", "coordinates": [ [ [ [ 102.96966, 50.30472 ], [ 102.98072, 50.30429 ], [ 103.09823, 50.30885 ], [ 103.1287239, 50.3116379 ], [ 103.15828, 50.31434 ], [ 103.2367, 50.30307 ], [ 103.256953, 50.2615435 ], [ 103.25873, 50.25497 ], [ 103.2590531, 50.2543681 ], [ 103.26746, 50.23871 ], [ 103.27416, 50.2305 ], [ 103.31321, 50.20405 ], [ 103.39674, 50.21531 ], [ 103.47511, 50.20523 ], [ 103.58715, 50.16028 ], [ 103.61685, 50.15214 ], [ 103.626063, 50.1496124 ], [ 103.63194, 50.148 ], [ 103.69046, 50.13724 ], [ 103.69958, 50.1388 ], [ 103.75756, 50.19406 ], [ 103.83887, 50.2065 ], [ 103.92979, 50.18151 ], [ 103.9394793, 50.1802831 ], [ 103.95435, 50.1784 ], [ 103.9961178, 50.1637985 ], [ 104.061, 50.15436 ], [ 104.18976, 50.18373 ], [ 104.22841, 50.18671 ], [ 104.24494, 50.1949 ], [ 104.28474, 50.25285 ], [ 104.33174, 50.25622 ], [ 104.3757, 50.29738 ], [ 104.39501, 50.30238 ], [ 104.40511, 50.30499 ], [ 104.4263181, 50.3078994 ], [ 104.426394, 50.307619 ], [ 104.4266109, 50.306818 ], [ 104.4272938, 50.305582 ], [ 104.439703, 50.2887783 ], [ 104.4543781, 50.2736416 ], [ 104.4803371, 50.2370358 ], [ 104.497179, 50.2001858 ], [ 104.5763302, 50.153986 ], [ 104.580637, 50.0955143 ], [ 104.5321484, 50.0097904 ], [ 104.5253391, 49.8773174 ], [ 104.7555714, 49.7375393 ], [ 104.7817936, 49.6960888 ], [ 104.698679, 49.6804638 ], [ 104.6959286, 49.5215855 ], [ 104.6850071, 49.4801617 ], [ 104.6106968, 49.4259357 ], [ 104.5967617, 49.2912502 ], [ 104.5503178, 49.2493229 ], [ 104.5470562, 49.2001171 ], [ 104.5206966, 49.1648464 ], [ 104.5372639, 49.1364765 ], [ 104.4747601, 49.1351566 ], [ 104.3297558, 49.1702213 ], [ 104.2746372, 49.1035862 ], [ 104.234396, 49.1045704 ], [ 104.0636311, 49.1572094 ], [ 103.9802876, 49.0230389 ], [ 104.1151676, 48.9781551 ], [ 104.1965771, 48.9400921 ], [ 104.2665272, 48.9557514 ], [ 104.3452663, 48.9077206 ], [ 104.4099789, 48.9162197 ], [ 104.5339603, 48.8476734 ], [ 104.6251659, 48.8510418 ], [ 104.6098881, 48.8084507 ], [ 104.5545177, 48.7999973 ], [ 104.4979649, 48.7218037 ], [ 104.5162563, 48.6498585 ], [ 104.54706, 48.6254444 ], [ 104.5570049, 48.5688 ], [ 104.5194607, 48.5185032 ], [ 104.5466976, 48.4882984 ], [ 104.5467434, 48.4325809 ], [ 104.5070438, 48.3747578 ], [ 104.4587612, 48.3698673 ], [ 104.4205952, 48.3384609 ], [ 104.4017468, 48.2846165 ], [ 104.3094387, 48.2190304 ], [ 104.2999516, 48.1028233 ], [ 104.3518047, 48.071146 ], [ 104.4293118, 48.0566731 ], [ 104.6290913, 47.9759045 ], [ 104.6852436, 47.8696156 ], [ 104.7065029, 47.7965717 ], [ 104.7386646, 47.7895794 ], [ 104.7413464, 47.7095356 ], [ 104.7161503, 47.6633778 ], [ 104.5527172, 47.6692066 ], [ 104.5054836, 47.6186581 ], [ 104.4658451, 47.63027 ], [ 104.4141445, 47.616518 ], [ 104.3069935, 47.6116009 ], [ 104.1125202, 47.5105267 ], [ 104.0351276, 47.5108738 ], [ 104.07197, 47.445528 ], [ 104.1244411, 47.4053326 ], [ 104.1650066, 47.4060078 ], [ 104.2225704, 47.3590031 ], [ 104.0460873, 47.3026638 ], [ 104.0048275, 47.3169384 ], [ 103.9622936, 47.2971745 ], [ 103.8339443, 47.2761097 ], [ 103.7534847, 47.2927151 ], [ 103.6935673, 47.2391796 ], [ 103.6450024, 47.2781963 ], [ 103.6343288, 47.3421001 ], [ 103.5678883, 47.4062366 ], [ 103.4505863, 47.4864864 ], [ 103.3788738, 47.5064297 ], [ 103.3087559, 47.5611324 ], [ 103.2067699, 47.7156696 ], [ 103.1215687, 47.7192783 ], [ 103.066843, 47.7628536 ], [ 102.9619579, 47.8150158 ], [ 102.9585476, 47.8547344 ], [ 102.8288326, 47.8857861 ], [ 102.803545, 47.9483852 ], [ 102.8234196, 48.0089054 ], [ 102.7655849, 48.0943165 ], [ 102.7107525, 48.193121 ], [ 102.661417, 48.2435436 ], [ 102.575388, 48.2875309 ], [ 102.4880199, 48.2539349 ], [ 102.3965588, 48.3166294 ], [ 102.3414173, 48.3391895 ], [ 102.3761272, 48.4197598 ], [ 102.3197079, 48.4648418 ], [ 102.226099, 48.5173779 ], [ 102.2070484, 48.6449909 ], [ 102.1760502, 48.7042408 ], [ 102.1562443, 48.8353939 ], [ 102.0291729, 48.8236103 ], [ 102.0054417, 48.7917233 ], [ 101.9470272, 48.815012 ], [ 101.9317913, 48.8916912 ], [ 101.8235035, 48.8949337 ], [ 101.6588039, 48.9811115 ], [ 101.6349201, 49.009367 ], [ 101.6124668, 49.0893345 ], [ 101.6733761, 49.211504 ], [ 101.8369961, 49.2622738 ], [ 101.8553066, 49.3112507 ], [ 101.9632511, 49.3295078 ], [ 102.0359325, 49.4011021 ], [ 102.1165867, 49.4150295 ], [ 102.212389, 49.4445324 ], [ 102.378233, 49.4685421 ], [ 102.4356213, 49.5452862 ], [ 102.4427776, 49.5808201 ], [ 102.4804859, 49.6122608 ], [ 102.478487, 49.7074337 ], [ 102.663744, 49.6280003 ], [ 102.7162724, 49.7148876 ], [ 102.7533817, 49.7399464 ], [ 102.7063313, 49.7713413 ], [ 102.6106052, 49.7779293 ], [ 102.4976292, 49.8248005 ], [ 102.3658504, 49.84519 ], [ 102.0998707, 49.9248829 ], [ 102.0433712, 49.9484692 ], [ 102.0673733, 49.9956417 ], [ 102.1657429, 50.0848141 ], [ 102.2118015, 50.147604 ], [ 102.3360004, 50.1986866 ], [ 102.3605404, 50.2189274 ], [ 102.3647671, 50.2877254 ], [ 102.4284496, 50.3292446 ], [ 102.6326143, 50.4373606 ], [ 102.64211, 50.42941 ], [ 102.70553, 50.40636 ], [ 102.739864, 50.3983637 ], [ 102.82335, 50.37892 ], [ 102.88121, 50.33174 ], [ 102.89075, 50.32441 ], [ 102.9157, 50.31429 ], [ 102.94067, 50.30736 ], [ 102.95687, 50.30521 ], [ 102.967105, 50.3048179 ], [ 102.96966, 50.30472 ] ] ] ] } },
{ "type": "Feature", "properties": { "POLYGON_ID": "MNG_GAUL2007_ADM1_2079", "ADM0_ISO3": "MNG", "ADM0_NAME": "Mongolia", "ADM0_CODE": 167, "ADM1_NAME": "Darxan-Uul", "ADM1_CODE": 2079, "GEOSET": "GAUL", "GEOSET_YEAR": 2007.0, "GEOSET_VERSION": "GAUL_v1", "GEOSET_UNIT": "ADM1", "CENTROID_LONG": 106.28137552336918, "CENTROID_LAT": 49.416892320209435 }, "geometry": { "type": "MultiPolygon", "coordinates": [ [ [ [ 106.1490994, 49.9153919 ], [ 106.243597, 49.8789921 ], [ 106.1779652, 49.7617397 ], [ 106.0623798, 49.686079 ], [ 106.0785732, 49.6222248 ], [ 106.1750889, 49.5994816 ], [ 106.2234135, 49.5627041 ], [ 106.3829212, 49.5413494 ], [ 106.429636, 49.5203991 ], [ 106.4705486, 49.5875988 ], [ 106.6033611, 49.5949879 ], [ 106.7366428, 49.5478649 ], [ 106.8017216, 49.3956051 ], [ 106.7628994, 49.3279514 ], [ 106.7724628, 49.2660999 ], [ 106.8235989, 49.1594601 ], [ 106.7628803, 49.1886921 ], [ 106.6297474, 49.1776409 ], [ 106.4761295, 49.1804104 ], [ 106.4325733, 49.2001057 ], [ 106.3012905, 49.2333775 ], [ 106.1957684, 49.2041683 ], [ 106.145422, 49.1732388 ], [ 106.1234264, 49.135931 ], [ 106.0428982, 49.1451397 ], [ 105.9300861, 49.1233845 ], [ 105.8718243, 49.1283779 ], [ 105.850317, 49.1533337 ], [ 105.867075, 49.249239 ], [ 105.8950863, 49.2638874 ], [ 105.9094906, 49.3228474 ], [ 105.8856182, 49.3407688 ], [ 105.9068356, 49.4040775 ], [ 105.8914166, 49.5630436 ], [ 105.8406391, 49.6053219 ], [ 105.8336277, 49.649889 ], [ 105.8867016, 49.6720333 ], [ 105.9191074, 49.7144375 ], [ 105.9765911, 49.7268238 ], [ 106.099062, 49.8271427 ], [ 106.1490994, 49.9153919 ] ] ] ] } },
{ "type": "Feature", "properties": { "POLYGON_ID": "MNG_GAUL2007_ADM1_2081", "ADM0_ISO3": "MNG", "ADM0_NAME": "Mongolia", "ADM0_CODE": 167, "ADM1_NAME": "Dornod", "ADM1_CODE": 2081, "GEOSET": "GAUL", "GEOSET_YEAR": 2007.0, "GEOSET_VERSION": "GAUL_v1", "GEOSET_UNIT": "ADM1", "CENTROID_LONG": 115.46143530254453, "CENTROID_LAT": 48.161873320760897 }, "geometry": { "type": "MultiPolygon", "coordinates": [ [ [ [ 114.74877, 50.24619 ], [ 114.7707965, 50.2413617 ], [ 115.00405, 50.17738 ], [ 115.06791, 50.11205 ], [ 115.2051421, 50.0033697 ], [ 115.2091, 50.0 ], [ 115.37463, 49.90783 ], [ 115.46765, 49.90811 ], [ 115.50911, 49.89605 ], [ 115.55286, 49.90727 ], [ 115.5799856, 49.9046452 ], [ 115.61982, 49.89763 ], [ 115.66702, 49.89046 ], [ 115.70228, 49.88686 ], [ 115.72095, 49.88458 ], [ 115.7959524, 49.9030946 ], [ 115.80648, 49.90823 ], [ 115.8321381, 49.9211142 ], [ 115.85533, 49.93276 ], [ 116.05716, 50.00817 ], [ 116.09859, 50.01693 ], [ 116.20515, 50.03172 ], [ 116.26412, 50.02504 ], [ 116.44764, 49.96303 ], [ 116.53608, 49.95245 ], [ 116.61224, 49.9377 ], [ 116.62241, 49.92812 ], [ 116.69814, 49.85912 ], [ 116.7157888, 49.8518978 ], [ 116.7209406, 49.8497896 ], [ 116.5755511, 49.6389315 ], [ 116.0434104, 48.8671692 ], [ 116.0737946, 48.8157061 ], [ 115.7887563, 48.5200547 ], [ 115.7836879, 48.5147977 ], [ 115.811667, 48.2568986 ], [ 115.531567, 48.1391754 ], [ 115.5288159, 48.1380191 ], [ 115.5411609, 48.1236167 ], [ 115.5288159, 48.1071567 ], [ 115.529358, 48.1022777 ], [ 115.5288159, 48.0536619 ], [ 115.5607884, 47.925399 ], [ 115.669938, 47.8567404 ], [ 115.9423721, 47.6853705 ], [ 116.1172591, 47.8355676 ], [ 116.2468812, 47.8849474 ], [ 116.4279407, 47.84997 ], [ 116.6789549, 47.9014074 ], [ 116.8435544, 47.9034649 ], [ 116.8889601, 47.8895909 ], [ 117.0657637, 47.8355676 ], [ 117.3661578, 47.6545081 ], [ 117.4772624, 47.7656128 ], [ 117.7900015, 48.0227995 ], [ 117.8723012, 48.0351445 ], [ 117.925796, 48.020742 ], [ 118.0389582, 48.0227995 ], [ 118.1706378, 48.0639494 ], [ 118.2239149, 48.0417399 ], [ 118.2383784, 48.0357105 ], [ 118.2773703, 48.0194561 ], [ 118.3360088, 48.0333441 ], [ 118.4131649, 48.0225423 ], [ 118.4621171, 47.9937469 ], [ 118.469935, 47.9934733 ], [ 118.4841484, 47.9993955 ], [ 118.5613044, 47.9947661 ], [ 118.7680825, 47.7725568 ], [ 118.8924761, 47.7318166 ], [ 119.1214571, 47.6568228 ], [ 119.1446039, 47.5210282 ], [ 119.2958873, 47.4918521 ], [ 119.3606407, 47.479364 ], [ 119.3571628, 47.4754513 ], [ 119.3359508, 47.4515878 ], [ 119.3374939, 47.4376997 ], [ 119.3524651, 47.4205105 ], [ 119.3670831, 47.4037269 ], [ 119.3695711, 47.4008704 ], [ 119.3791581, 47.389863 ], [ 119.4072646, 47.3808689 ], [ 119.4177361, 47.377518 ], [ 119.4365277, 47.3593745 ], [ 119.4381239, 47.3578333 ], [ 119.444971, 47.3512223 ], [ 119.4473192, 47.3489551 ], [ 119.4624866, 47.3343107 ], [ 119.4756945, 47.3277067 ], [ 119.4880044, 47.3215518 ], [ 119.4995215, 47.3157932 ], [ 119.5219682, 47.3085782 ], [ 119.5315589, 47.3054955 ], [ 119.5345814, 47.304524 ], [ 119.5427289, 47.3019051 ], [ 119.545234, 47.2987738 ], [ 119.551594, 47.2908237 ], [ 119.5612463, 47.2787583 ], [ 119.5593638, 47.2733798 ], [ 119.5504445, 47.2478959 ], [ 119.6121693, 47.2463528 ], [ 119.7097796, 47.1832921 ], [ 119.7175301, 47.1658534 ], [ 119.7671671, 47.1121014 ], [ 119.7841415, 47.0596353 ], [ 119.777969, 47.0040829 ], [ 119.8350644, 46.9685912 ], [ 119.8844443, 46.9577893 ], [ 119.8504956, 46.940815 ], [ 119.8582112, 46.9222976 ], [ 119.9183929, 46.9099526 ], [ 119.9152769, 46.9033742 ], [ 119.9045048, 46.8806333 ], [ 119.9140795, 46.8513463 ], [ 119.9213706, 46.829044 ], [ 119.9260627, 46.8146916 ], [ 119.9035573, 46.7654394 ], [ 119.9082967, 46.7574572 ], [ 119.9101203, 46.7543859 ], [ 119.932281, 46.7170626 ], [ 119.9281387, 46.7124025 ], [ 119.9075911, 46.6892864 ], [ 119.8072883, 46.6862002 ], [ 119.8035001, 46.6786239 ], [ 119.8022219, 46.6760674 ], [ 119.7671671, 46.6337341 ], [ 119.7085286, 46.6105873 ], [ 119.6776662, 46.593613 ], [ 119.6776662, 46.6121304 ], [ 119.662235, 46.6414497 ], [ 119.5804496, 46.6183029 ], [ 119.5573028, 46.6445359 ], [ 119.444655, 46.6429928 ], [ 119.3721284, 46.6213891 ], [ 119.3057742, 46.6244754 ], [ 119.2317044, 46.6568809 ], [ 119.1391172, 46.6676827 ], [ 119.0881942, 46.6599671 ], [ 119.0094951, 46.7494681 ], [ 118.9153981, 46.7436862 ], [ 118.9107354, 46.747925 ], [ 118.9027866, 46.7730963 ], [ 118.9014767, 46.7772443 ], [ 118.8351225, 46.774158 ], [ 118.7394491, 46.6954589 ], [ 118.661147, 46.7074984 ], [ 118.635478, 46.7198575 ], [ 118.585137, 46.7108901 ], [ 118.5679317, 46.6936847 ], [ 118.5575271, 46.6946458 ], [ 118.5481021, 46.697002 ], [ 118.4351996, 46.7048789 ], [ 118.3863012, 46.7287414 ], [ 118.3814452, 46.7324938 ], [ 118.3042891, 46.747925 ], [ 118.2441075, 46.7278644 ], [ 118.1731239, 46.6877433 ], [ 118.1129422, 46.6892864 ], [ 118.0465881, 46.6414497 ], [ 117.9833201, 46.6383634 ], [ 117.9601733, 46.6152166 ], [ 117.8999916, 46.6136735 ], [ 117.8182063, 46.5504056 ], [ 117.7410503, 46.54269 ], [ 117.687041, 46.5210863 ], [ 117.6392043, 46.5550349 ], [ 117.6339346, 46.557377 ], [ 117.613308, 46.5952893 ], [ 117.5990832, 46.6059579 ], [ 117.5821089, 46.5997854 ], [ 117.5524283, 46.5976654 ], [ 117.4740905, 46.5920698 ], [ 117.4275783, 46.5828122 ], [ 117.416995, 46.5766386 ], [ 117.4175997, 46.5699875 ], [ 117.42934, 46.5365175 ], [ 117.3629858, 46.4454734 ], [ 117.3583564, 46.3991798 ], [ 117.3263803, 46.361113 ], [ 117.3259509, 46.3606018 ], [ 117.1910096, 46.3618688 ], [ 117.0114934, 46.3635544 ], [ 116.9972663, 46.363688 ], [ 116.9000497, 46.376033 ], [ 116.8830754, 46.376033 ], [ 116.8802563, 46.3732139 ], [ 116.8590682, 46.3764049 ], [ 116.8550756, 46.3797833 ], [ 116.852213, 46.3822055 ], [ 116.8309953, 46.3822055 ], [ 116.8268861, 46.3822055 ], [ 116.7859946, 46.3500824 ], [ 116.757713, 46.3243867 ], [ 116.6576961, 46.320517 ], [ 116.6301162, 46.3183107 ], [ 116.5844049, 46.2941927 ], [ 116.5785562, 46.2882913 ], [ 116.5513134, 46.2944508 ], [ 116.3814297, 46.5123005 ], [ 116.2973995, 46.6260853 ], [ 116.0602856, 46.6170979 ], [ 115.8453617, 46.6149006 ], [ 115.7451763, 46.618578 ], [ 115.6304874, 46.573164 ], [ 115.4714184, 46.5779667 ], [ 115.2504559, 46.5759296 ], [ 115.1663456, 46.5794468 ], [ 114.9474316, 46.5304203 ], [ 114.7924023, 46.6478825 ], [ 114.6868305, 46.7483768 ], [ 114.4738216, 46.8274517 ], [ 114.4431705, 46.9453068 ], [ 114.4938068, 47.1759548 ], [ 114.1863308, 47.2917728 ], [ 113.9405537, 47.415266 ], [ 113.8035107, 47.5081921 ], [ 113.6968098, 47.5381908 ], [ 113.5325146, 47.5492611 ], [ 113.1757183, 47.5984898 ], [ 112.9695416, 47.643507 ], [ 112.7125225, 47.5862713 ], [ 112.7233677, 47.8305454 ], [ 112.5543499, 48.0497112 ], [ 112.5515881, 48.1728268 ], [ 112.4953861, 48.29035 ], [ 112.5573902, 48.3119068 ], [ 112.5772228, 48.3799419 ], [ 112.5596294, 48.4426022 ], [ 112.5184422, 48.499773 ], [ 112.4643726, 48.5440006 ], [ 112.386385, 48.6481838 ], [ 112.3416729, 48.6883106 ], [ 112.26544, 48.8009586 ], [ 112.2401333, 48.8669758 ], [ 112.2328892, 48.9292355 ], [ 112.2962551, 48.9962139 ], [ 112.1983509, 49.1582546 ], [ 112.2113438, 49.1960888 ], [ 112.1727924, 49.2444324 ], [ 112.169096, 49.288168 ], [ 112.12953, 49.3114758 ], [ 112.1189518, 49.3517094 ], [ 112.0721912, 49.3995914 ], [ 112.0580157, 49.4095258 ], [ 112.0312735, 49.4270201 ], [ 112.0382, 49.42818 ], [ 112.1109, 49.43129 ], [ 112.26119, 49.48365 ], [ 112.31553, 49.49176 ], [ 112.33717, 49.49399 ], [ 112.3673, 49.50254 ], [ 112.51317, 49.54648 ], [ 112.59298, 49.52538 ], [ 112.6469, 49.52829 ], [ 112.69164, 49.50473 ], [ 112.700948, 49.4998666 ], [ 112.75486, 49.49241 ], [ 112.84081, 49.52221 ], [ 112.8624876, 49.5359981 ], [ 112.93201, 49.5662 ], [ 112.9378029, 49.5702498 ], [ 112.94301, 49.57389 ], [ 112.953635, 49.5796938 ], [ 112.96615, 49.58653 ], [ 112.9795539, 49.5898576 ], [ 112.99334, 49.59328 ], [ 113.0065335, 49.595212 ], [ 113.01888, 49.59702 ], [ 113.0567797, 49.6031625 ], [ 113.10346, 49.62501 ], [ 113.09591, 49.65556 ], [ 113.1351548, 49.7274172 ], [ 113.14587, 49.74508 ], [ 113.1653646, 49.771961 ], [ 113.18633, 49.80087 ], [ 113.19836, 49.81266 ], [ 113.35889, 49.89245 ], [ 113.39651, 49.91749 ], [ 113.47758, 49.96619 ], [ 113.4856727, 49.9706009 ], [ 113.49334, 49.97478 ], [ 113.5137535, 49.974935 ], [ 113.5328945, 49.9777604 ], [ 113.53646, 49.97923 ], [ 113.5452934, 49.9865629 ], [ 113.5602841, 49.9990073 ], [ 113.79556, 50.09408 ], [ 113.818656, 50.0948439 ], [ 113.86881, 50.0846 ], [ 113.94641, 50.13113 ], [ 113.9868759, 50.1578662 ], [ 114.03442, 50.18563 ], [ 114.07569, 50.18461 ], [ 114.19559, 50.24708 ], [ 114.34013, 50.28222 ], [ 114.34904, 50.28291 ], [ 114.45455, 50.24447 ], [ 114.50726, 50.2371 ], [ 114.67224, 50.25624 ], [ 114.74877, 50.24619 ] ] ] ] } },
{ "type": "Feature", "properties": { "POLYGON_ID": "MNG_GAUL2007_ADM1_2082", "ADM0_ISO3": "MNG", "ADM0_NAME": "Mongolia", "ADM0_CODE": 167, "ADM1_NAME": "Dornogovi", "ADM1_CODE": 2082, "GEOSET": "GAUL", "GEOSET_YEAR": 2007.0, "GEOSET_VERSION": "GAUL_v1", "GEOSET_UNIT": "ADM1", "CENTROID_LONG": 109.80505771753216, "CENTROID_LAT": 44.428530511666608 }, "geometry": { "type": "MultiPolygon", "coordinates": [ [ [ [ 111.2317448, 46.235796 ], [ 111.3416424, 46.2074642 ], [ 111.5340862, 46.1245251 ], [ 111.6411953, 46.0937023 ], [ 111.6889744, 46.0007381 ], [ 111.7445889, 45.9247494 ], [ 111.760088, 45.8577824 ], [ 111.7881832, 45.7974796 ], [ 111.731554, 45.5189762 ], [ 111.8553143, 45.4526196 ], [ 111.8445225, 45.3906116 ], [ 111.986742, 45.2721958 ], [ 111.9633541, 45.2150173 ], [ 111.9711702, 45.0870406 ], [ 111.9596181, 45.0834555 ], [ 111.833468, 45.0186444 ], [ 111.7837024, 44.9873962 ], [ 111.7431955, 44.9468893 ], [ 111.6563949, 44.8114805 ], [ 111.6205489, 44.7756344 ], [ 111.6182027, 44.7732883 ], [ 111.599211, 44.7433014 ], [ 111.5947919, 44.7350148 ], [ 111.5776958, 44.6922745 ], [ 111.5662118, 44.6763736 ], [ 111.5623498, 44.667435 ], [ 111.5591784, 44.6251487 ], [ 111.5672797, 44.5742258 ], [ 111.5590826, 44.5705512 ], [ 111.5317073, 44.5534028 ], [ 111.5151994, 44.5059427 ], [ 111.4908953, 44.496684 ], [ 111.4527031, 44.4515477 ], [ 111.422445, 44.3975744 ], [ 111.4111364, 44.3478165 ], [ 111.4114763, 44.3468796 ], [ 111.4399723, 44.3138242 ], [ 111.5151994, 44.2744747 ], [ 111.5322018, 44.2141164 ], [ 111.5423367, 44.1881184 ], [ 111.5857972, 44.1425379 ], [ 111.5890777, 44.1354302 ], [ 111.6476963, 44.0681051 ], [ 111.7096326, 44.0279612 ], [ 111.8033771, 43.9816676 ], [ 111.8589295, 43.938846 ], [ 111.8812374, 43.9159804 ], [ 111.9052231, 43.8913951 ], [ 111.952674, 43.8219547 ], [ 111.9528367, 43.8212227 ], [ 111.9603452, 43.7874346 ], [ 111.9711915, 43.7386262 ], [ 111.9539281, 43.7172525 ], [ 111.9309377, 43.6887882 ], [ 111.9225832, 43.6784445 ], [ 111.8912339, 43.6754458 ], [ 111.8402873, 43.6705727 ], [ 111.7894891, 43.6657137 ], [ 111.5938986, 43.5036861 ], [ 111.5746085, 43.4977154 ], [ 111.4683599, 43.4905812 ], [ 111.4394154, 43.4834817 ], [ 111.3601159, 43.4400324 ], [ 111.3522122, 43.4385269 ], [ 111.2254974, 43.4065542 ], [ 111.1760988, 43.3867947 ], [ 111.1412087, 43.3770713 ], [ 111.105501, 43.36712 ], [ 111.105495, 43.3671167 ], [ 110.9797411, 43.297952 ], [ 110.9666202, 43.2907355 ], [ 110.9551238, 43.2796912 ], [ 110.8632257, 43.1914071 ], [ 110.7606136, 43.0928303 ], [ 110.6873101, 43.0416049 ], [ 110.6691838, 43.0257046 ], [ 110.6762944, 43.0099033 ], [ 110.6795998, 43.0025578 ], [ 110.6271507, 42.9367649 ], [ 110.5859941, 42.9102865 ], [ 110.4631772, 42.8312715 ], [ 110.4330864, 42.7780338 ], [ 110.3404991, 42.7340549 ], [ 110.1827322, 42.6891097 ], [ 110.1393587, 42.6747079 ], [ 110.1113458, 42.639153 ], [ 109.9134406, 42.6345236 ], [ 109.7687731, 42.5801286 ], [ 109.6773432, 42.5546672 ], [ 109.530361, 42.4632373 ], [ 109.4849565, 42.459413 ], [ 109.4180227, 42.4502857 ], [ 109.309309, 42.4354611 ], [ 109.2943395, 42.4364831 ], [ 109.0991532, 42.4498091 ], [ 109.015282, 42.4530051 ], [ 109.0022125, 42.448244 ], [ 108.8591037, 42.3961115 ], [ 108.8575164, 42.4003443 ], [ 108.8556317, 42.4053703 ], [ 108.8081807, 42.4169437 ], [ 108.7133537, 42.4126818 ], [ 108.5396778, 42.4400905 ], [ 108.2896923, 42.4389331 ], [ 108.241084, 42.4574506 ], [ 108.0802138, 42.4366185 ], [ 108.0199282, 42.4355419 ], [ 108.0194661, 42.4355337 ], [ 108.0416203, 42.514864 ], [ 108.0312634, 42.5819912 ], [ 108.070364, 42.7191525 ], [ 108.0683422, 42.8291302 ], [ 108.0884609, 42.8956738 ], [ 108.0656528, 43.0596867 ], [ 108.0591145, 43.20014 ], [ 107.9935398, 43.2843494 ], [ 107.988203, 43.5325108 ], [ 107.9665279, 43.6349697 ], [ 107.9853115, 43.6688404 ], [ 107.9843616, 43.7239399 ], [ 107.9133854, 43.8177052 ], [ 107.8713551, 43.9280949 ], [ 107.8123493, 44.0575123 ], [ 107.7874966, 44.1338634 ], [ 107.7683887, 44.1458645 ], [ 107.6552753, 44.3163319 ], [ 107.701067, 44.4665012 ], [ 107.7086277, 44.5317173 ], [ 107.7861118, 44.6085796 ], [ 107.7911701, 44.6949406 ], [ 107.8077526, 44.7505093 ], [ 107.8435574, 44.7964993 ], [ 107.8703785, 44.8594456 ], [ 108.1071415, 44.8785 ], [ 108.3615131, 44.8850689 ], [ 108.4242954, 44.901289 ], [ 108.4931774, 45.0616322 ], [ 108.6726818, 45.0900173 ], [ 108.595686, 45.2263775 ], [ 108.5877018, 45.286665 ], [ 108.5466518, 45.444273 ], [ 108.5350323, 45.5302525 ], [ 108.5108089, 45.5855198 ], [ 108.5139294, 45.6768093 ], [ 108.5677814, 45.9459591 ], [ 108.6829472, 45.9637547 ], [ 108.7486935, 46.0580006 ], [ 108.7276402, 46.1036167 ], [ 108.6608334, 46.1396122 ], [ 108.7861385, 46.2359486 ], [ 109.0195904, 46.5067196 ], [ 109.0543003, 46.4334316 ], [ 109.1641521, 46.3967037 ], [ 109.1894398, 46.3352566 ], [ 109.1518154, 46.3246746 ], [ 109.3287983, 46.1968212 ], [ 109.4710255, 46.1744061 ], [ 109.6939182, 46.1790257 ], [ 109.8747578, 46.2370777 ], [ 109.95788, 46.2798672 ], [ 110.0195751, 46.3553791 ], [ 110.0251942, 46.4369297 ], [ 110.0722408, 46.4956226 ], [ 110.0398808, 46.5101795 ], [ 110.0302982, 46.630785 ], [ 110.0699368, 46.6330547 ], [ 110.187273, 46.611536 ], [ 110.2019329, 46.5666561 ], [ 110.3330975, 46.4435291 ], [ 110.4596882, 46.3710194 ], [ 110.4899044, 46.2967625 ], [ 110.5859203, 46.1950016 ], [ 110.5919247, 46.1345387 ], [ 110.6577473, 46.0919018 ], [ 110.8195057, 46.0675716 ], [ 110.9648266, 46.0595913 ], [ 111.0409641, 46.1132336 ], [ 111.121645, 46.152853 ], [ 111.2317448, 46.235796 ] ] ] ] } },
{ "type": "Feature", "properties": { "POLYGON_ID": "MNG_GAUL2007_ADM1_2083", "ADM0_ISO3": "MNG", "ADM0_NAME": "Mongolia", "ADM0_CODE": 167, "ADM1_NAME": "Dundgovi", "ADM1_CODE": 2083, "GEOSET": "GAUL", "GEOSET_YEAR": 2007.0, "GEOSET_VERSION": "GAUL_v1", "GEOSET_UNIT": "ADM1", "CENTROID_LONG": 106.27405695201772, "CENTROID_LAT": 45.521869170191174 }, "geometry": { "type": "MultiPolygon", "coordinates": [ [ [ [ 108.5677814, 45.9459591 ], [ 108.5139294, 45.6768093 ], [ 108.5108089, 45.5855198 ], [ 108.5350323, 45.5302525 ], [ 108.5466518, 45.444273 ], [ 108.5877018, 45.286665 ], [ 108.595686, 45.2263775 ], [ 108.6726818, 45.0900173 ], [ 108.4931774, 45.0616322 ], [ 108.4242954, 44.901289 ], [ 108.3615131, 44.8850689 ], [ 108.1071415, 44.8785 ], [ 107.8703785, 44.8594456 ], [ 107.8435574, 44.7964993 ], [ 107.8077526, 44.7505093 ], [ 107.7911701, 44.6949406 ], [ 107.7861118, 44.6085796 ], [ 107.7086277, 44.5317173 ], [ 107.441618, 44.4831333 ], [ 107.3231869, 44.5181675 ], [ 106.7909985, 44.4209385 ], [ 106.5316792, 44.3134975 ], [ 106.4739819, 44.2817135 ], [ 106.4217396, 44.2748051 ], [ 106.3052883, 44.208662 ], [ 106.0416126, 44.1643085 ], [ 105.828043, 44.2452221 ], [ 105.7643566, 44.2978153 ], [ 105.710783, 44.316618 ], [ 105.7299747, 44.3966923 ], [ 105.6439419, 44.4513912 ], [ 105.4746304, 44.6893063 ], [ 105.2294331, 44.6975117 ], [ 105.099371, 44.7093182 ], [ 104.8712406, 44.6905804 ], [ 104.6833668, 44.7143993 ], [ 104.4779377, 44.75387 ], [ 104.2340488, 44.8190517 ], [ 104.1713696, 44.9463329 ], [ 104.1272221, 45.0574245 ], [ 104.1170444, 45.1537762 ], [ 103.9463787, 45.1604939 ], [ 103.789835, 45.1736736 ], [ 103.7360592, 45.2863674 ], [ 103.7744465, 45.3159161 ], [ 103.75984, 45.3652325 ], [ 103.7153912, 45.371954 ], [ 103.6198444, 45.4399548 ], [ 103.6094265, 45.579401 ], [ 103.6542416, 45.6802883 ], [ 103.7514019, 45.7386875 ], [ 103.9550266, 45.7166958 ], [ 104.1068172, 45.7301235 ], [ 104.1235485, 45.8651562 ], [ 104.2186832, 45.9622021 ], [ 104.2465534, 46.0324001 ], [ 104.3009777, 46.1242428 ], [ 104.4691334, 46.125948 ], [ 104.5589466, 46.1372242 ], [ 104.547739, 46.1928158 ], [ 104.6437817, 46.2512302 ], [ 104.6149349, 46.3122616 ], [ 104.6629009, 46.3853855 ], [ 104.8646412, 46.5334682 ], [ 104.89884, 46.5683231 ], [ 104.945715, 46.5846882 ], [ 105.1316357, 46.5578785 ], [ 105.2291813, 46.5305157 ], [ 105.26861, 46.5084248 ], [ 105.4054508, 46.4613972 ], [ 105.4478512, 46.5215702 ], [ 105.6939754, 46.7357845 ], [ 105.8464184, 46.7413502 ], [ 105.8943501, 46.6979504 ], [ 105.969244, 46.6715527 ], [ 106.024889, 46.6372471 ], [ 106.1445942, 46.6143932 ], [ 106.1484966, 46.5614185 ], [ 106.2915821, 46.5930729 ], [ 106.6425877, 46.5957699 ], [ 106.7573948, 46.5854702 ], [ 106.9082165, 46.5365505 ], [ 107.07971, 46.4159908 ], [ 107.1543217, 46.4036083 ], [ 107.3997429, 46.4231958 ], [ 107.4585743, 46.4181538 ], [ 107.6097164, 46.5583782 ], [ 107.8360233, 46.5587215 ], [ 107.8415546, 46.6797924 ], [ 107.8842907, 46.7808933 ], [ 107.9811764, 46.7499294 ], [ 108.0052242, 46.7243176 ], [ 108.1358776, 46.6712513 ], [ 108.2003384, 46.6269436 ], [ 108.2418346, 46.6170521 ], [ 108.2776012, 46.5664196 ], [ 108.1955204, 46.5406971 ], [ 108.1571903, 46.4891682 ], [ 108.2332134, 46.3981609 ], [ 108.2968693, 46.3422451 ], [ 108.3060436, 46.2841434 ], [ 108.2599697, 46.2102566 ], [ 108.2394772, 46.1213779 ], [ 108.1444607, 46.0763531 ], [ 108.2155514, 46.0070171 ], [ 108.3182964, 45.9348316 ], [ 108.323534, 45.908186 ], [ 108.4076748, 45.880476 ], [ 108.4346333, 45.9080105 ], [ 108.5677814, 45.9459591 ] ] ] ] } },
{ "type": "Feature", "properties": { "POLYGON_ID": "MNG_GAUL2007_ADM1_2085", "ADM0_ISO3": "MNG", "ADM0_NAME": "Mongolia", "ADM0_CODE": 167, "ADM1_NAME": "Govi-Altai", "ADM1_CODE": 2085, "GEOSET": "GAUL", "GEOSET_YEAR": 2007.0, "GEOSET_VERSION": "GAUL_v1", "GEOSET_UNIT": "ADM1", "CENTROID_LONG": 95.950337472105531, "CENTROID_LAT": 45.349611798660966 }, "geometry": { "type": "MultiPolygon", "coordinates": [ [ [ [ 97.6322536, 46.6023693 ], [ 97.6665707, 46.5169849 ], [ 97.6747265, 46.4438686 ], [ 97.727766, 46.4104443 ], [ 97.7292576, 46.3341007 ], [ 97.7749195, 46.3231182 ], [ 97.8000278, 46.2654476 ], [ 97.9494457, 46.2081127 ], [ 98.0023785, 46.1308117 ], [ 98.1249332, 46.0867939 ], [ 98.1735783, 46.0448971 ], [ 98.1804028, 46.0138264 ], [ 98.3099613, 45.8903713 ], [ 98.3531132, 45.8780727 ], [ 98.421751, 45.8123608 ], [ 98.4563885, 45.7555294 ], [ 98.4864521, 45.4505939 ], [ 98.4851437, 45.3886318 ], [ 98.405344, 45.2027531 ], [ 98.342371, 45.1199932 ], [ 98.327219, 45.0394077 ], [ 98.2477703, 44.9456387 ], [ 98.2427425, 44.853632 ], [ 98.2133999, 44.8371487 ], [ 98.26367, 44.7211742 ], [ 98.2214642, 44.6360645 ], [ 98.1986675, 44.5216084 ], [ 98.1054935, 44.4527493 ], [ 97.9510555, 44.4037647 ], [ 97.9702053, 44.0397396 ], [ 97.9888897, 43.9969807 ], [ 97.9696445, 43.9095173 ], [ 97.9678135, 43.8439884 ], [ 97.9335651, 43.7232151 ], [ 97.9479618, 43.6665287 ], [ 97.9733639, 43.6348629 ], [ 97.9579067, 43.5951595 ], [ 97.9050312, 43.5440922 ], [ 97.9240131, 43.5143528 ], [ 97.8442669, 43.3701305 ], [ 97.7755108, 43.3146 ], [ 97.8211689, 43.0314922 ], [ 97.8281841, 42.8956432 ], [ 97.8644959, 42.700753 ], [ 97.1889296, 42.796715 ], [ 97.1298602, 42.7859325 ], [ 97.0220221, 42.7662478 ], [ 96.8524654, 42.7675724 ], [ 96.7180121, 42.7642608 ], [ 96.68479, 42.7612218 ], [ 96.3994308, 42.7351182 ], [ 96.3815479, 42.9053373 ], [ 96.3563102, 42.9241568 ], [ 95.9205654, 43.2490872 ], [ 95.8995695, 43.2806804 ], [ 95.8683074, 43.3956611 ], [ 95.8576901, 43.4125093 ], [ 95.8530576, 43.4198605 ], [ 95.7554462, 43.5747555 ], [ 95.7065396, 43.6642638 ], [ 95.6431148, 43.7803431 ], [ 95.6383112, 43.8087806 ], [ 95.6298682, 43.8587631 ], [ 95.536612, 44.0023565 ], [ 95.3320192, 44.0417248 ], [ 95.3257257, 44.0447457 ], [ 95.324666, 44.0569326 ], [ 95.3410918, 44.0744181 ], [ 95.340562, 44.082896 ], [ 95.3506294, 44.1136281 ], [ 95.3670552, 44.2047615 ], [ 95.3670552, 44.2280789 ], [ 95.4131535, 44.2556319 ], [ 95.4219918, 44.2630448 ], [ 95.4126236, 44.3049094 ], [ 95.0072769, 44.2646396 ], [ 94.9468723, 44.306499 ], [ 94.7873829, 44.3515375 ], [ 94.7391652, 44.3483583 ], [ 94.6172963, 44.4564507 ], [ 94.5160921, 44.4924816 ], [ 94.489069, 44.514206 ], [ 94.4465972, 44.5324788 ], [ 94.3640209, 44.5274526 ], [ 94.3481249, 44.5852079 ], [ 94.2866606, 44.6222985 ], [ 94.2130093, 44.6874719 ], [ 94.1775084, 44.6917108 ], [ 94.0863716, 44.7484063 ], [ 93.7488476, 44.8766336 ], [ 93.6969209, 44.9131943 ], [ 93.5559768, 44.9677704 ], [ 93.5162369, 44.9725392 ], [ 93.4431156, 44.9688301 ], [ 93.3567476, 45.0064506 ], [ 93.2629615, 45.0059207 ], [ 93.2032527, 45.0158722 ], [ 93.1664486, 45.1288128 ], [ 93.1464138, 45.3257923 ], [ 93.1377773, 45.5649738 ], [ 93.0991154, 45.6297398 ], [ 93.1254673, 45.6731396 ], [ 93.1127529, 45.7421207 ], [ 93.1842976, 45.7671986 ], [ 93.2391682, 45.8057957 ], [ 93.3622074, 45.8428173 ], [ 93.3834248, 45.9092579 ], [ 93.4425602, 45.9541569 ], [ 93.4444561, 45.9854374 ], [ 93.4024639, 46.0060215 ], [ 93.47439, 46.0976276 ], [ 93.4616833, 46.1169567 ], [ 93.5406437, 46.2048435 ], [ 93.5551167, 46.2518711 ], [ 93.6062641, 46.3200779 ], [ 93.6472874, 46.3939533 ], [ 93.591814, 46.4644299 ], [ 93.6073246, 46.4955578 ], [ 93.5664082, 46.5230846 ], [ 93.5009365, 46.5983524 ], [ 93.5437565, 46.6353855 ], [ 93.5823536, 46.6205273 ], [ 93.6894741, 46.6233807 ], [ 93.7247868, 46.6030979 ], [ 93.7862186, 46.6030979 ], [ 93.8382359, 46.6222363 ], [ 93.9362278, 46.7072468 ], [ 94.0882473, 46.7209492 ], [ 94.306921, 46.7787952 ], [ 94.2736683, 46.8570347 ], [ 94.155508, 46.9939594 ], [ 94.0422878, 47.2134914 ], [ 94.0576267, 47.247118 ], [ 93.9912586, 47.3059711 ], [ 93.7911854, 47.3489285 ], [ 93.7179356, 47.4445324 ], [ 93.6493664, 47.4917583 ], [ 93.5728168, 47.520834 ], [ 93.5152624, 47.5668851 ], [ 93.6004086, 47.6264629 ], [ 93.6259785, 47.6647129 ], [ 93.9936466, 47.7337742 ], [ 94.1206532, 47.779871 ], [ 94.1950855, 47.7934246 ], [ 94.2144756, 47.766386 ], [ 94.2815304, 47.7249813 ], [ 94.4263592, 47.6970692 ], [ 94.4956226, 47.6765194 ], [ 94.6288013, 47.6690731 ], [ 94.7461605, 47.6704426 ], [ 94.9772625, 47.652216 ], [ 95.0301609, 47.6122837 ], [ 95.0329647, 47.586874 ], [ 95.0879154, 47.5492001 ], [ 95.2083988, 47.5804806 ], [ 95.2928181, 47.5838108 ], [ 95.3257771, 47.5702534 ], [ 95.4403973, 47.5597363 ], [ 95.7563839, 47.438715 ], [ 95.8885136, 47.3769817 ], [ 96.1719608, 47.2909222 ], [ 96.163023, 47.2595882 ], [ 96.2306957, 47.2040539 ], [ 96.2657795, 47.2027416 ], [ 96.2723217, 47.1019382 ], [ 96.2410908, 46.9764462 ], [ 96.308691, 46.892046 ], [ 96.2897358, 46.8617268 ], [ 96.3606663, 46.845705 ], [ 96.5527096, 46.8929005 ], [ 96.661345, 46.9604449 ], [ 96.7317028, 46.8970737 ], [ 96.7913858, 46.874879 ], [ 96.8777714, 46.7401257 ], [ 96.9450735, 46.698297 ], [ 96.9414908, 46.6563199 ], [ 96.9869909, 46.5894842 ], [ 97.0182018, 46.5995808 ], [ 97.2094593, 46.5655079 ], [ 97.2757244, 46.5864658 ], [ 97.3512402, 46.6472187 ], [ 97.3856068, 46.7195797 ], [ 97.4311047, 46.7174397 ], [ 97.4658451, 46.6370487 ], [ 97.5301113, 46.5913029 ], [ 97.6322536, 46.6023693 ] ] ] ] } },
{ "type": "Feature", "properties": { "POLYGON_ID": "MNG_GAUL2007_ADM1_2084", "ADM0_ISO3": "MNG", "ADM0_NAME": "Mongolia", "ADM0_CODE": 167, "ADM1_NAME": "Govisu'mber", "ADM1_CODE": 2084, "GEOSET": "GAUL", "GEOSET_YEAR": 2007.0, "GEOSET_VERSION": "GAUL_v1", "GEOSET_UNIT": "ADM1", "CENTROID_LONG": 108.56721478936855, "CENTROID_LAT": 46.467851666424799 }, "geometry": { "type": "MultiPolygon", "coordinates": [ [ [ [ 109.0195904, 46.5067196 ], [ 108.7861385, 46.2359486 ], [ 108.6608334, 46.1396122 ], [ 108.7276402, 46.1036167 ], [ 108.7486935, 46.0580006 ], [ 108.6829472, 45.9637547 ], [ 108.5677814, 45.9459591 ], [ 108.4346333, 45.9080105 ], [ 108.4076748, 45.880476 ], [ 108.323534, 45.908186 ], [ 108.3182964, 45.9348316 ], [ 108.2155514, 46.0070171 ], [ 108.1444607, 46.0763531 ], [ 108.2394772, 46.1213779 ], [ 108.2599697, 46.2102566 ], [ 108.3060436, 46.2841434 ], [ 108.2968693, 46.3422451 ], [ 108.2332134, 46.3981609 ], [ 108.1571903, 46.4891682 ], [ 108.1955204, 46.5406971 ], [ 108.2776012, 46.5664196 ], [ 108.2418346, 46.6170521 ], [ 108.2003384, 46.6269436 ], [ 108.1358776, 46.6712513 ], [ 108.0052242, 46.7243176 ], [ 107.9811764, 46.7499294 ], [ 107.8842907, 46.7808933 ], [ 107.9756718, 46.7811031 ], [ 108.0235615, 46.8154125 ], [ 108.1810169, 46.8282909 ], [ 108.2615986, 46.8243198 ], [ 108.4867535, 46.792963 ], [ 108.5571423, 46.7920513 ], [ 108.7743206, 46.874052 ], [ 108.8356838, 46.9352131 ], [ 108.8405247, 46.9996815 ], [ 108.9269848, 46.9667339 ], [ 108.9589138, 46.9685307 ], [ 108.9515362, 46.8376141 ], [ 109.0602741, 46.8648396 ], [ 109.0985012, 46.8335514 ], [ 109.0591221, 46.7277355 ], [ 109.0416241, 46.7095699 ], [ 109.0411053, 46.6143894 ], [ 109.0519047, 46.5719051 ], [ 109.0195904, 46.5067196 ] ] ] ] } },
{ "type": "Feature", "properties": { "POLYGON_ID": "MNG_GAUL2007_ADM1_2089", "ADM0_ISO3": "MNG", "ADM0_NAME": "Mongolia", "ADM0_CODE": 167, "ADM1_NAME": "O'mnogovi", "ADM1_CODE": 2089, "GEOSET": "GAUL", "GEOSET_YEAR": 2007.0, "GEOSET_VERSION": "GAUL_v1", "GEOSET_UNIT": "ADM1", "CENTROID_LONG": 104.1201027463752, "CENTROID_LAT": 43.287632948928383 }, "geometry": { "type": "MultiPolygon", "coordinates": [ [ [ [ 107.7086277, 44.5317173 ], [ 107.701067, 44.4665012 ], [ 107.6552753, 44.3163319 ], [ 107.7683887, 44.1458645 ], [ 107.7874966, 44.1338634 ], [ 107.8123493, 44.0575123 ], [ 107.8713551, 43.9280949 ], [ 107.9133854, 43.8177052 ], [ 107.9843616, 43.7239399 ], [ 107.9853115, 43.6688404 ], [ 107.9665279, 43.6349697 ], [ 107.988203, 43.5325108 ], [ 107.9935398, 43.2843494 ], [ 108.0591145, 43.20014 ], [ 108.0656528, 43.0596867 ], [ 108.0884609, 42.8956738 ], [ 108.0683422, 42.8291302 ], [ 108.070364, 42.7191525 ], [ 108.0312634, 42.5819912 ], [ 108.0416203, 42.514864 ], [ 108.0194661, 42.4355337 ], [ 108.0154027, 42.4354611 ], [ 107.9841545, 42.414629 ], [ 107.9633224, 42.4123143 ], [ 107.9332316, 42.4018982 ], [ 107.7121796, 42.4134716 ], [ 107.5952882, 42.4123143 ], [ 107.5387884, 42.4295062 ], [ 107.4501044, 42.4539999 ], [ 107.4459913, 42.4551359 ], [ 107.2862784, 42.411157 ], [ 107.2469288, 42.3625487 ], [ 107.0409223, 42.3185698 ], [ 106.76779, 42.2919509 ], [ 106.6948241, 42.2720511 ], [ 106.5895596, 42.2433426 ], [ 106.3418888, 42.1646435 ], [ 106.0513964, 42.0581682 ], [ 105.977542, 42.0340366 ], [ 105.6976901, 41.9425962 ], [ 105.3741533, 41.8015674 ], [ 105.274011, 41.7517925 ], [ 105.2088296, 41.7506074 ], [ 104.9934707, 41.5927914 ], [ 104.9848426, 41.5864688 ], [ 104.9327251, 41.643003 ], [ 104.9149208, 41.6623162 ], [ 104.6819632, 41.6440991 ], [ 104.6648612, 41.6427618 ], [ 104.6020018, 41.6534073 ], [ 104.5213157, 41.6670719 ], [ 104.5179068, 41.6676492 ], [ 104.5167657, 41.871907 ], [ 104.5167217, 41.8797851 ], [ 104.3357588, 41.8479245 ], [ 104.198854, 41.8238209 ], [ 104.069618, 41.8010674 ], [ 103.8530235, 41.7988109 ], [ 103.4154612, 41.8810945 ], [ 103.38745, 41.8911473 ], [ 103.0190967, 42.0233438 ], [ 102.9706493, 42.0446784 ], [ 102.9299506, 42.0626008 ], [ 102.7180254, 42.1559257 ], [ 102.67408, 42.1521044 ], [ 102.6710802, 42.1518435 ], [ 102.6227321, 42.1476393 ], [ 102.5848361, 42.1562521 ], [ 102.5315821, 42.1683552 ], [ 102.4799226, 42.1488394 ], [ 102.4650099, 42.145857 ], [ 102.0703077, 42.2332651 ], [ 101.8091049, 42.4957938 ], [ 101.7982387, 42.5067152 ], [ 101.618775, 42.5206994 ], [ 101.5850409, 42.5233923 ], [ 101.4091692, 42.5590727 ], [ 100.8416381, 42.674212 ], [ 100.3149359, 42.6905258 ], [ 100.2760936, 42.6524603 ], [ 100.2725063, 42.6428943 ], [ 100.2706159, 42.6400632 ], [ 99.9785612, 42.6516835 ], [ 99.6320441, 42.5888823 ], [ 99.5984974, 42.6652393 ], [ 99.576395, 42.9155025 ], [ 99.4951077, 43.2358036 ], [ 99.4260311, 44.118372 ], [ 99.6680584, 44.1424351 ], [ 99.7620716, 44.1631374 ], [ 99.9907627, 44.0590801 ], [ 100.0753269, 43.9895916 ], [ 100.2861538, 43.8295155 ], [ 100.8392506, 43.8454533 ], [ 101.2252674, 43.8539371 ], [ 101.7423153, 44.0418682 ], [ 102.0587749, 44.1432514 ], [ 102.2442112, 44.1584415 ], [ 102.3935223, 44.1835003 ], [ 102.6606197, 44.166914 ], [ 102.8996105, 44.1754894 ], [ 102.9660282, 44.172163 ], [ 102.9545574, 44.2170887 ], [ 102.8523045, 44.3107052 ], [ 102.9146137, 44.3890247 ], [ 103.0144367, 44.4355755 ], [ 103.0443783, 44.5450306 ], [ 103.144537, 44.7007694 ], [ 103.254221, 44.83634 ], [ 103.2861729, 44.8634205 ], [ 103.5785694, 44.9858837 ], [ 103.789835, 45.1736736 ], [ 103.9463787, 45.1604939 ], [ 104.1170444, 45.1537762 ], [ 104.1272221, 45.0574245 ], [ 104.1713696, 44.9463329 ], [ 104.2340488, 44.8190517 ], [ 104.4779377, 44.75387 ], [ 104.6833668, 44.7143993 ], [ 104.8712406, 44.6905804 ], [ 105.099371, 44.7093182 ], [ 105.2294331, 44.6975117 ], [ 105.4746304, 44.6893063 ], [ 105.6439419, 44.4513912 ], [ 105.7299747, 44.3966923 ], [ 105.710783, 44.316618 ], [ 105.7643566, 44.2978153 ], [ 105.828043, 44.2452221 ], [ 106.0416126, 44.1643085 ], [ 106.3052883, 44.208662 ], [ 106.4217396, 44.2748051 ], [ 106.4739819, 44.2817135 ], [ 106.5316792, 44.3134975 ], [ 106.7909985, 44.4209385 ], [ 107.3231869, 44.5181675 ], [ 107.441618, 44.4831333 ], [ 107.7086277, 44.5317173 ] ] ] ] } },
{ "type": "Feature", "properties": { "POLYGON_ID": "MNG_GAUL2007_ADM1_2091", "ADM0_ISO3": "MNG", "ADM0_NAME": "Mongolia", "ADM0_CODE": 167, "ADM1_NAME": "O'vorxangai", "ADM1_CODE": 2091, "GEOSET": "GAUL", "GEOSET_YEAR": 2007.0, "GEOSET_VERSION": "GAUL_v1", "GEOSET_UNIT": "ADM1", "CENTROID_LONG": 102.71326933399722, "CENTROID_LAT": 45.837662223831948 }, "geometry": { "type": "MultiPolygon", "coordinates": [ [ [ [ 103.6935673, 47.2391796 ], [ 103.7534847, 47.2927151 ], [ 103.8339443, 47.2761097 ], [ 103.9622936, 47.2971745 ], [ 104.0048275, 47.3169384 ], [ 104.0460873, 47.3026638 ], [ 104.107687, 47.2813549 ], [ 104.1025677, 47.2050076 ], [ 104.2211285, 47.1479702 ], [ 104.2706394, 47.0920696 ], [ 104.3655376, 47.0458088 ], [ 104.3142567, 46.9262714 ], [ 104.2385044, 46.8947544 ], [ 104.2899532, 46.8139896 ], [ 104.3929844, 46.6736965 ], [ 104.375185, 46.605093 ], [ 104.3744068, 46.5326214 ], [ 104.4186764, 46.4903965 ], [ 104.4820271, 46.478941 ], [ 104.6629009, 46.3853855 ], [ 104.6149349, 46.3122616 ], [ 104.6437817, 46.2512302 ], [ 104.547739, 46.1928158 ], [ 104.5589466, 46.1372242 ], [ 104.4691334, 46.125948 ], [ 104.3009777, 46.1242428 ], [ 104.2465534, 46.0324001 ], [ 104.2186832, 45.9622021 ], [ 104.1235485, 45.8651562 ], [ 104.1068172, 45.7301235 ], [ 103.9550266, 45.7166958 ], [ 103.7514019, 45.7386875 ], [ 103.6542416, 45.6802883 ], [ 103.6094265, 45.579401 ], [ 103.6198444, 45.4399548 ], [ 103.7153912, 45.371954 ], [ 103.75984, 45.3652325 ], [ 103.7744465, 45.3159161 ], [ 103.7360592, 45.2863674 ], [ 103.789835, 45.1736736 ], [ 103.5785694, 44.9858837 ], [ 103.2861729, 44.8634205 ], [ 103.254221, 44.83634 ], [ 103.144537, 44.7007694 ], [ 103.0443783, 44.5450306 ], [ 103.0144367, 44.4355755 ], [ 102.9146137, 44.3890247 ], [ 102.8523045, 44.3107052 ], [ 102.9545574, 44.2170887 ], [ 102.9660282, 44.172163 ], [ 102.8996105, 44.1754894 ], [ 102.6606197, 44.166914 ], [ 102.3935223, 44.1835003 ], [ 102.2442112, 44.1584415 ], [ 102.0587749, 44.1432514 ], [ 101.7423153, 44.0418682 ], [ 101.7129459, 44.1257916 ], [ 101.6825314, 44.27738 ], [ 101.6881619, 44.3130016 ], [ 101.6488895, 44.3776188 ], [ 101.6200314, 44.4886646 ], [ 101.5840817, 44.5189037 ], [ 101.5469418, 44.6307011 ], [ 101.4985218, 44.6728802 ], [ 101.5562763, 44.819418 ], [ 101.5526371, 44.8730679 ], [ 101.4657726, 44.8870907 ], [ 101.4103756, 44.9179249 ], [ 101.3844738, 44.9568272 ], [ 101.3113308, 44.976366 ], [ 101.2026005, 44.984972 ], [ 101.1449642, 45.0474491 ], [ 101.1221066, 45.126955 ], [ 101.0996075, 45.2946682 ], [ 101.1190586, 45.3478222 ], [ 101.1012211, 45.4286747 ], [ 101.1099148, 45.4504566 ], [ 101.174017, 45.4871922 ], [ 101.1750813, 45.5194759 ], [ 101.2221737, 45.5437717 ], [ 101.2453403, 45.59482 ], [ 101.2379856, 45.6350269 ], [ 101.3121052, 45.7433758 ], [ 101.2960758, 45.8861179 ], [ 101.2504101, 45.9261723 ], [ 101.2728901, 45.9514828 ], [ 101.2603245, 46.0142994 ], [ 101.3189068, 46.0802937 ], [ 101.35536, 46.1047268 ], [ 101.4347744, 46.1171474 ], [ 101.4948597, 46.1889477 ], [ 101.5072651, 46.2653828 ], [ 101.4733257, 46.2937984 ], [ 101.4934559, 46.3236408 ], [ 101.4662151, 46.3920918 ], [ 101.5553913, 46.4532452 ], [ 101.4892063, 46.5460987 ], [ 101.4902859, 46.5823612 ], [ 101.5425625, 46.6133556 ], [ 101.4553623, 46.6829472 ], [ 101.3623943, 46.7290401 ], [ 101.3311901, 46.765131 ], [ 101.3550396, 46.8151913 ], [ 101.4773273, 46.8460903 ], [ 101.6340351, 46.8645763 ], [ 101.7905521, 46.8636036 ], [ 101.8468609, 46.9057255 ], [ 101.8164539, 46.9483013 ], [ 101.859354, 46.9688892 ], [ 101.9787045, 46.9942722 ], [ 102.0390835, 46.9819088 ], [ 102.1039753, 46.9887218 ], [ 102.1365452, 47.0118008 ], [ 102.2921314, 47.0407314 ], [ 102.3060284, 47.0093479 ], [ 102.422102, 46.9118938 ], [ 102.4967365, 46.9312801 ], [ 102.5248661, 46.9560604 ], [ 102.5371227, 47.0334225 ], [ 102.5108738, 47.0777988 ], [ 102.5335484, 47.1116505 ], [ 102.609396, 47.1348553 ], [ 102.7122097, 47.2960148 ], [ 102.5762234, 47.3935108 ], [ 102.6602879, 47.4308643 ], [ 102.7035389, 47.3764324 ], [ 102.8304996, 47.3917675 ], [ 102.8938427, 47.3387814 ], [ 103.0340939, 47.3211308 ], [ 103.101572, 47.261076 ], [ 103.1140194, 47.2019978 ], [ 103.3538914, 47.1901417 ], [ 103.4865856, 47.1928616 ], [ 103.5645733, 47.2063007 ], [ 103.6534328, 47.2377071 ], [ 103.6935673, 47.2391796 ] ] ] ] } },
{ "type": "Feature", "properties": { "POLYGON_ID": "MNG_GAUL2007_ADM1_2090", "ADM0_ISO3": "MNG", "ADM0_NAME": "Mongolia", "ADM0_CODE": 167, "ADM1_NAME": "Orxon", "ADM1_CODE": 2090, "GEOSET": "GAUL", "GEOSET_YEAR": 2007.0, "GEOSET_VERSION": "GAUL_v1", "GEOSET_UNIT": "ADM1", "CENTROID_LONG": 104.30319615237168, "CENTROID_LAT": 49.045483514499942 }, "geometry": { "type": "MultiPolygon", "coordinates": [ [ [ [ 104.5372639, 49.1364765 ], [ 104.6324139, 49.0599079 ], [ 104.5352573, 49.0142155 ], [ 104.4099789, 48.9162197 ], [ 104.3452663, 48.9077206 ], [ 104.2665272, 48.9557514 ], [ 104.1965771, 48.9400921 ], [ 104.1151676, 48.9781551 ], [ 103.9802876, 49.0230389 ], [ 104.0636311, 49.1572094 ], [ 104.234396, 49.1045704 ], [ 104.2746372, 49.1035862 ], [ 104.3297558, 49.1702213 ], [ 104.4747601, 49.1351566 ], [ 104.5372639, 49.1364765 ] ] ] ] } },
{ "type": "Feature", "properties": { "POLYGON_ID": "MNG_GAUL2007_ADM1_2092", "ADM0_ISO3": "MNG", "ADM0_NAME": "Mongolia", "ADM0_CODE": 167, "ADM1_NAME": "Selenge", "ADM1_CODE": 2092, "GEOSET": "GAUL", "GEOSET_YEAR": 2007.0, "GEOSET_VERSION": "GAUL_v1", "GEOSET_UNIT": "ADM1", "CENTROID_LONG": 106.22267953186341, "CENTROID_LAT": 49.476861171188162 }, "geometry": { "type": "MultiPolygon", "coordinates": [ [ [ [ 105.71168, 50.42908 ], [ 105.75666, 50.4311 ], [ 105.79008, 50.43486 ], [ 105.81706, 50.43472 ], [ 105.86568, 50.42387 ], [ 105.90279, 50.41299 ], [ 105.9126369, 50.4114111 ], [ 106.02063, 50.40995 ], [ 106.0235555, 50.4108429 ], [ 106.08005, 50.39383 ], [ 106.09213, 50.35102 ], [ 106.0996736, 50.3490981 ], [ 106.1448711, 50.3389449 ], [ 106.16746, 50.3347 ], [ 106.19527, 50.32367 ], [ 106.22414, 50.31528 ], [ 106.24641, 50.30378 ], [ 106.2652382, 50.2991404 ], [ 106.2792, 50.2957 ], [ 106.2945657, 50.3001445 ], [ 106.30869, 50.30423 ], [ 106.3227451, 50.306655 ], [ 106.33112, 50.3081 ], [ 106.3848956, 50.3184698 ], [ 106.3876008, 50.3189896 ], [ 106.45898, 50.33268 ], [ 106.50777, 50.34247 ], [ 106.53178, 50.34483 ], [ 106.59754, 50.34454 ], [ 106.7579, 50.32143 ], [ 106.80144, 50.30756 ], [ 106.96653, 50.22218 ], [ 106.98787, 50.20519 ], [ 106.99949, 50.18848 ], [ 107.01327, 50.16042 ], [ 107.0297, 50.13137 ], [ 107.07039, 50.07058 ], [ 107.0947265, 50.0519327 ], [ 107.15163, 50.0186 ], [ 107.17523, 50.01805 ], [ 107.20067, 50.01255 ], [ 107.23441, 50.0 ], [ 107.25468, 49.99255 ], [ 107.27111, 49.99221 ], [ 107.2771823, 49.9942009 ], [ 107.28467, 50.0 ], [ 107.2995898, 50.0115766 ], [ 107.30203, 50.01347 ], [ 107.31503, 50.01934 ], [ 107.38138, 49.98099 ], [ 107.39894, 49.97542 ], [ 107.42945, 49.97364 ], [ 107.43989, 49.98233 ], [ 107.45164, 49.97754 ], [ 107.46068, 49.98131 ], [ 107.47514, 49.9822 ], [ 107.51652, 49.97187 ], [ 107.57999, 49.95873 ], [ 107.70446, 49.9561 ], [ 107.71903, 49.97097 ], [ 107.7282, 49.98139 ], [ 107.753218, 49.9805705 ], [ 107.810878, 49.9405048 ], [ 107.82098, 49.93403 ], [ 107.85507, 49.92155 ], [ 107.96416, 49.92371 ], [ 107.97565, 49.92024 ], [ 107.9471008, 49.8532904 ], [ 107.94753, 49.84401 ], [ 107.95216, 49.83097 ], [ 107.95153, 49.82542 ], [ 107.96284, 49.79737 ], [ 107.96288, 49.78934 ], [ 107.9651254, 49.7820251 ], [ 107.9794644, 49.7361953 ], [ 107.9773873, 49.7302582 ], [ 107.95319, 49.71349 ], [ 107.93897, 49.7012 ], [ 107.93728, 49.69031 ], [ 107.94553, 49.67678 ], [ 107.95889, 49.66699 ], [ 108.01288, 49.67513 ], [ 108.0171918, 49.6693643 ], [ 108.0224425, 49.6192935 ], [ 108.02529, 49.61525 ], [ 108.15153, 49.5549 ], [ 108.28423, 49.52874 ], [ 108.34822, 49.47487 ], [ 108.35533, 49.46333 ], [ 108.40331, 49.42348 ], [ 108.43726, 49.41062 ], [ 108.4373518, 49.4105741 ], [ 108.45675, 49.40088 ], [ 108.52286, 49.34659 ], [ 108.54338, 49.33666 ], [ 108.55559, 49.33432 ], [ 108.5813176, 49.3363612 ], [ 108.5809489, 49.3355373 ], [ 108.5800037, 49.3334255 ], [ 108.5765896, 49.3225269 ], [ 108.5266438, 49.1877117 ], [ 108.5056438, 49.1542797 ], [ 108.4022007, 49.1144657 ], [ 108.377367, 49.1252384 ], [ 108.2714329, 49.1067448 ], [ 108.1648922, 49.0783253 ], [ 108.1302929, 49.036684 ], [ 108.0753536, 49.0406857 ], [ 107.9365406, 49.0996609 ], [ 107.7527714, 49.0894413 ], [ 107.5454502, 49.0163174 ], [ 107.6034603, 48.929224 ], [ 107.6410389, 48.9047146 ], [ 107.7335033, 48.8839283 ], [ 107.769804, 48.8383961 ], [ 107.7320576, 48.8159428 ], [ 107.6707363, 48.6784077 ], [ 107.6987286, 48.6515675 ], [ 107.631506, 48.6380138 ], [ 107.5632305, 48.6519108 ], [ 107.5058346, 48.646349 ], [ 107.4699879, 48.6237621 ], [ 107.2609959, 48.5941563 ], [ 107.2080135, 48.6037464 ], [ 107.1229382, 48.6476841 ], [ 106.9977779, 48.6184025 ], [ 106.9411907, 48.6349201 ], [ 106.8739147, 48.6349163 ], [ 106.7842503, 48.5769901 ], [ 106.7765484, 48.547411 ], [ 106.5257664, 48.5529919 ], [ 106.5363827, 48.5984707 ], [ 106.4314098, 48.6291142 ], [ 106.3886242, 48.65481 ], [ 106.2897816, 48.6866322 ], [ 106.2064304, 48.6899433 ], [ 106.0901318, 48.6467762 ], [ 106.0261707, 48.7082424 ], [ 105.966917, 48.7170544 ], [ 106.0627346, 48.814909 ], [ 106.0741177, 48.8529758 ], [ 105.9170437, 48.8833447 ], [ 105.8206387, 48.8878536 ], [ 105.4648647, 48.8098011 ], [ 105.4495258, 48.7802296 ], [ 105.4737148, 48.6686115 ], [ 105.3786259, 48.6027927 ], [ 105.3281765, 48.6010609 ], [ 105.271822, 48.5654011 ], [ 105.1790104, 48.5809612 ], [ 105.0826054, 48.5630741 ], [ 105.0164661, 48.5299587 ], [ 104.8630924, 48.5765781 ], [ 104.7987614, 48.5677662 ], [ 104.6665859, 48.6283779 ], [ 104.596323, 48.6441174 ], [ 104.54706, 48.6254444 ], [ 104.5162563, 48.6498585 ], [ 104.4979649, 48.7218037 ], [ 104.5545177, 48.7999973 ], [ 104.6098881, 48.8084507 ], [ 104.6251659, 48.8510418 ], [ 104.5339603, 48.8476734 ], [ 104.4099789, 48.9162197 ], [ 104.5352573, 49.0142155 ], [ 104.6324139, 49.0599079 ], [ 104.5372639, 49.1364765 ], [ 104.5206966, 49.1648464 ], [ 104.5470562, 49.2001171 ], [ 104.5503178, 49.2493229 ], [ 104.5967617, 49.2912502 ], [ 104.6106968, 49.4259357 ], [ 104.6850071, 49.4801617 ], [ 104.6959286, 49.5215855 ], [ 104.698679, 49.6804638 ], [ 104.7817936, 49.6960888 ], [ 104.7555714, 49.7375393 ], [ 104.5253391, 49.8773174 ], [ 104.5321484, 50.0097904 ], [ 104.580637, 50.0955143 ], [ 104.5763302, 50.153986 ], [ 104.497179, 50.2001858 ], [ 104.4803371, 50.2370358 ], [ 104.4543781, 50.2736416 ], [ 104.439703, 50.2887783 ], [ 104.4272938, 50.305582 ], [ 104.4266109, 50.306818 ], [ 104.426394, 50.307619 ], [ 104.4263181, 50.3078994 ], [ 104.4755434, 50.3146522 ], [ 104.58747, 50.31356 ], [ 104.58915, 50.31358 ], [ 104.61759, 50.31914 ], [ 104.63748, 50.325 ], [ 104.67175, 50.3451 ], [ 104.69851, 50.3535 ], [ 104.7102646, 50.3543289 ], [ 104.71737, 50.35483 ], [ 104.7628202, 50.354849 ], [ 104.825866, 50.3566223 ], [ 104.83602, 50.35868 ], [ 104.91179, 50.38842 ], [ 104.9707878, 50.3985963 ], [ 104.99719, 50.3991 ], [ 105.080155, 50.3917262 ], [ 105.09824, 50.39076 ], [ 105.1128731, 50.3921638 ], [ 105.1194, 50.39279 ], [ 105.1281505, 50.3947394 ], [ 105.13924, 50.39721 ], [ 105.15185, 50.40002 ], [ 105.18016, 50.41051 ], [ 105.2173656, 50.4329963 ], [ 105.2868, 50.46803 ], [ 105.29623, 50.47158 ], [ 105.30486, 50.47483 ], [ 105.38769, 50.47921 ], [ 105.5103591, 50.4549756 ], [ 105.53768, 50.45305 ], [ 105.5499, 50.4508 ], [ 105.5971525, 50.4347925 ], [ 105.59716, 50.43479 ], [ 105.61185, 50.43236 ], [ 105.6608717, 50.4307563 ], [ 105.67268, 50.43037 ], [ 105.71168, 50.42908 ] ], [ [ 106.1490994, 49.9153919 ], [ 106.099062, 49.8271427 ], [ 105.9765911, 49.7268238 ], [ 105.9191074, 49.7144375 ], [ 105.8867016, 49.6720333 ], [ 105.8336277, 49.649889 ], [ 105.8406391, 49.6053219 ], [ 105.8914166, 49.5630436 ], [ 105.9068356, 49.4040775 ], [ 105.8856182, 49.3407688 ], [ 105.9094906, 49.3228474 ], [ 105.8950863, 49.2638874 ], [ 105.867075, 49.249239 ], [ 105.850317, 49.1533337 ], [ 105.8718243, 49.1283779 ], [ 105.9300861, 49.1233845 ], [ 106.0428982, 49.1451397 ], [ 106.1234264, 49.135931 ], [ 106.145422, 49.1732388 ], [ 106.1957684, 49.2041683 ], [ 106.3012905, 49.2333775 ], [ 106.4325733, 49.2001057 ], [ 106.4761295, 49.1804104 ], [ 106.6297474, 49.1776409 ], [ 106.7628803, 49.1886921 ], [ 106.8235989, 49.1594601 ], [ 106.7724628, 49.2660999 ], [ 106.7628994, 49.3279514 ], [ 106.8017216, 49.3956051 ], [ 106.7366428, 49.5478649 ], [ 106.6033611, 49.5949879 ], [ 106.4705486, 49.5875988 ], [ 106.429636, 49.5203991 ], [ 106.3829212, 49.5413494 ], [ 106.2234135, 49.5627041 ], [ 106.1750889, 49.5994816 ], [ 106.0785732, 49.6222248 ], [ 106.0623798, 49.686079 ], [ 106.1779652, 49.7617397 ], [ 106.243597, 49.8789921 ], [ 106.1490994, 49.9153919 ] ] ] ] } },
{ "type": "Feature", "properties": { "POLYGON_ID": "MNG_GAUL2007_ADM1_2093", "ADM0_ISO3": "MNG", "ADM0_NAME": "Mongolia", "ADM0_CODE": 167, "ADM1_NAME": "Su'xbaatar", "ADM1_CODE": 2093, "GEOSET": "GAUL", "GEOSET_YEAR": 2007.0, "GEOSET_VERSION": "GAUL_v1", "GEOSET_UNIT": "ADM1", "CENTROID_LONG": 113.54067268453529, "CENTROID_LAT": 46.224746652679919 }, "geometry": { "type": "MultiPolygon", "coordinates": [ [ [ [ 112.7233677, 47.8305454 ], [ 112.7125225, 47.5862713 ], [ 112.9695416, 47.643507 ], [ 113.1757183, 47.5984898 ], [ 113.5325146, 47.5492611 ], [ 113.6968098, 47.5381908 ], [ 113.8035107, 47.5081921 ], [ 113.9405537, 47.415266 ], [ 114.1863308, 47.2917728 ], [ 114.4938068, 47.1759548 ], [ 114.4431705, 46.9453068 ], [ 114.4738216, 46.8274517 ], [ 114.6868305, 46.7483768 ], [ 114.7924023, 46.6478825 ], [ 114.9474316, 46.5304203 ], [ 115.1663456, 46.5794468 ], [ 115.2504559, 46.5759296 ], [ 115.4714184, 46.5779667 ], [ 115.6304874, 46.573164 ], [ 115.7451763, 46.618578 ], [ 115.8453617, 46.6149006 ], [ 116.0602856, 46.6170979 ], [ 116.2973995, 46.6260853 ], [ 116.3814297, 46.5123005 ], [ 116.5513134, 46.2944508 ], [ 116.5785562, 46.2882913 ], [ 116.5771025, 46.2868244 ], [ 116.5601445, 46.2697137 ], [ 116.4143252, 46.1332311 ], [ 116.4009628, 46.1238775 ], [ 116.3123331, 46.0208922 ], [ 116.2777061, 45.9806567 ], [ 116.2773023, 45.9796938 ], [ 116.266422, 45.9537485 ], [ 116.2424076, 45.8708373 ], [ 116.2490619, 45.8582679 ], [ 116.266422, 45.8469839 ], [ 116.2743054, 45.8318235 ], [ 116.2777061, 45.8053196 ], [ 116.2761094, 45.796652 ], [ 116.2716301, 45.7723354 ], [ 116.2438539, 45.7619194 ], [ 116.2126057, 45.7462953 ], [ 116.1813575, 45.698555 ], [ 116.139416, 45.6855747 ], [ 116.1254355, 45.676678 ], [ 116.1166235, 45.6785991 ], [ 116.053166, 45.6858367 ], [ 116.0322982, 45.6794857 ], [ 116.024541, 45.6726235 ], [ 116.0026971, 45.6533001 ], [ 115.9988671, 45.6519807 ], [ 115.9454977, 45.6378214 ], [ 115.9406131, 45.6343972 ], [ 115.902819, 45.6079023 ], [ 115.6781521, 45.4607484 ], [ 115.3414882, 45.3906579 ], [ 115.2302614, 45.3970947 ], [ 115.0647618, 45.391308 ], [ 115.0142279, 45.3818328 ], [ 115.0092095, 45.3808919 ], [ 115.0009126, 45.3807855 ], [ 114.936199, 45.3799559 ], [ 114.9189369, 45.3797346 ], [ 114.8347155, 45.4100543 ], [ 114.7684827, 45.4306575 ], [ 114.7480793, 45.4337489 ], [ 114.735145, 45.4357087 ], [ 114.7302905, 45.4364442 ], [ 114.685755, 45.4230361 ], [ 114.6562207, 45.4086681 ], [ 114.6191858, 45.3994093 ], [ 114.589887, 45.4007115 ], [ 114.5671055, 45.401724 ], [ 114.531228, 45.3774199 ], [ 114.5150252, 45.2964061 ], [ 114.4525288, 45.2177069 ], [ 114.3159627, 45.1181757 ], [ 114.1655085, 45.0371619 ], [ 114.1527777, 45.0128577 ], [ 114.0902814, 44.9515187 ], [ 114.0451451, 44.9353159 ], [ 113.9583446, 44.9330012 ], [ 113.8854321, 44.9179558 ], [ 113.8449252, 44.8670328 ], [ 113.7534954, 44.8415714 ], [ 113.7072018, 44.7975924 ], [ 113.6192566, 44.7445998 ], [ 113.5185553, 44.7605576 ], [ 113.5045784, 44.7728901 ], [ 113.4988805, 44.7779177 ], [ 113.3299993, 44.7845908 ], [ 113.1498321, 44.7917098 ], [ 113.1181156, 44.7929631 ], [ 113.005286, 44.8249585 ], [ 112.9456719, 44.840414 ], [ 112.9109517, 44.843886 ], [ 112.8799071, 44.8393429 ], [ 112.8635008, 44.836942 ], [ 112.8593697, 44.8391953 ], [ 112.85077, 44.843886 ], [ 112.8334099, 44.8462007 ], [ 112.7095745, 44.8820783 ], [ 112.5973125, 44.9318439 ], [ 112.5459451, 44.9843306 ], [ 112.5267148, 45.000127 ], [ 112.517506, 45.0111775 ], [ 112.449173, 45.0695674 ], [ 112.4248688, 45.0892422 ], [ 112.3493505, 45.0639576 ], [ 112.3195509, 45.0603087 ], [ 112.2756014, 45.0663409 ], [ 112.2015022, 45.0765114 ], [ 112.112387, 45.0753541 ], [ 112.0533626, 45.1008156 ], [ 111.9931809, 45.0938715 ], [ 111.9711702, 45.0870406 ], [ 111.9633541, 45.2150173 ], [ 111.986742, 45.2721958 ], [ 111.8445225, 45.3906116 ], [ 111.8553143, 45.4526196 ], [ 111.731554, 45.5189762 ], [ 111.7881832, 45.7974796 ], [ 111.760088, 45.8577824 ], [ 111.7445889, 45.9247494 ], [ 111.6889744, 46.0007381 ], [ 111.6411953, 46.0937023 ], [ 111.5340862, 46.1245251 ], [ 111.3416424, 46.2074642 ], [ 111.2317448, 46.235796 ], [ 111.2186489, 46.267477 ], [ 111.2540989, 46.3103085 ], [ 111.3226757, 46.4244556 ], [ 111.3097134, 46.4445477 ], [ 111.2509861, 46.6494007 ], [ 111.3856564, 46.7734318 ], [ 111.420229, 46.8428326 ], [ 111.4369106, 46.9460812 ], [ 111.4854946, 47.0055714 ], [ 111.4854794, 47.1336346 ], [ 111.526804, 47.1948643 ], [ 111.7128963, 47.343317 ], [ 111.8181057, 47.4063511 ], [ 112.0815067, 47.346323 ], [ 112.0764599, 47.4417324 ], [ 112.0830708, 47.5178471 ], [ 112.1120167, 47.6446514 ], [ 112.1499958, 47.6863766 ], [ 112.3303242, 47.7418575 ], [ 112.3699932, 47.7967777 ], [ 112.4407024, 47.7804623 ], [ 112.5256367, 47.7802601 ], [ 112.7233677, 47.8305454 ] ] ] ] } },
{ "type": "Feature", "properties": { "POLYGON_ID": "MNG_GAUL2007_ADM1_2094", "ADM0_ISO3": "MNG", "ADM0_NAME": "Mongolia", "ADM0_CODE": 167, "ADM1_NAME": "To'v", "ADM1_CODE": 2094, "GEOSET": "GAUL", "GEOSET_YEAR": 2007.0, "GEOSET_VERSION": "GAUL_v1", "GEOSET_UNIT": "ADM1", "CENTROID_LONG": 106.56627993654179, "CENTROID_LAT": 47.677485983682175 }, "geometry": { "type": "MultiPolygon", "coordinates": [ [ [ [ 108.4908428, 47.9213543 ], [ 108.3670521, 47.954668 ], [ 108.3311214, 47.9742565 ], [ 108.230257, 47.9877644 ], [ 108.2061329, 47.9290791 ], [ 108.2301807, 47.6849232 ], [ 108.2937527, 47.6661434 ], [ 108.4687252, 47.6912098 ], [ 108.4055347, 47.5944805 ], [ 108.4188862, 47.5491314 ], [ 108.4029369, 47.4880123 ], [ 108.4699497, 47.4228573 ], [ 108.4835949, 47.3852482 ], [ 108.5496311, 47.3356037 ], [ 108.5598507, 47.2923145 ], [ 108.642931, 47.1988583 ], [ 108.6612453, 47.1398258 ], [ 108.7162457, 47.068697 ], [ 108.7855968, 47.0186825 ], [ 108.8405247, 46.9996815 ], [ 108.8356838, 46.9352131 ], [ 108.7743206, 46.874052 ], [ 108.5571423, 46.7920513 ], [ 108.4867535, 46.792963 ], [ 108.2615986, 46.8243198 ], [ 108.1810169, 46.8282909 ], [ 108.0235615, 46.8154125 ], [ 107.9756718, 46.7811031 ], [ 107.8842907, 46.7808933 ], [ 107.8415546, 46.6797924 ], [ 107.8360233, 46.5587215 ], [ 107.6097164, 46.5583782 ], [ 107.4585743, 46.4181538 ], [ 107.3997429, 46.4231958 ], [ 107.1543217, 46.4036083 ], [ 107.07971, 46.4159908 ], [ 106.9082165, 46.5365505 ], [ 106.7573948, 46.5854702 ], [ 106.6425877, 46.5957699 ], [ 106.2915821, 46.5930729 ], [ 106.1484966, 46.5614185 ], [ 106.1445942, 46.6143932 ], [ 106.024889, 46.6372471 ], [ 105.969244, 46.6715527 ], [ 105.8943501, 46.6979504 ], [ 105.8464184, 46.7413502 ], [ 105.6939754, 46.7357845 ], [ 105.4478512, 46.5215702 ], [ 105.4054508, 46.4613972 ], [ 105.26861, 46.5084248 ], [ 105.2291813, 46.5305157 ], [ 105.1316357, 46.5578785 ], [ 104.945715, 46.5846882 ], [ 104.89884, 46.5683231 ], [ 104.8646412, 46.5334682 ], [ 104.6629009, 46.3853855 ], [ 104.4820271, 46.478941 ], [ 104.4186764, 46.4903965 ], [ 104.3744068, 46.5326214 ], [ 104.375185, 46.605093 ], [ 104.3929844, 46.6736965 ], [ 104.2899532, 46.8139896 ], [ 104.2385044, 46.8947544 ], [ 104.3142567, 46.9262714 ], [ 104.3655376, 47.0458088 ], [ 104.2706394, 47.0920696 ], [ 104.2211285, 47.1479702 ], [ 104.1025677, 47.2050076 ], [ 104.107687, 47.2813549 ], [ 104.0460873, 47.3026638 ], [ 104.2225704, 47.3590031 ], [ 104.1650066, 47.4060078 ], [ 104.1244411, 47.4053326 ], [ 104.07197, 47.445528 ], [ 104.0351276, 47.5108738 ], [ 104.1125202, 47.5105267 ], [ 104.3069935, 47.6116009 ], [ 104.4141445, 47.616518 ], [ 104.4658451, 47.63027 ], [ 104.5054836, 47.6186581 ], [ 104.5527172, 47.6692066 ], [ 104.7161503, 47.6633778 ], [ 104.7413464, 47.7095356 ], [ 104.7386646, 47.7895794 ], [ 104.7065029, 47.7965717 ], [ 104.6852436, 47.8696156 ], [ 104.6290913, 47.9759045 ], [ 104.4293118, 48.0566731 ], [ 104.3518047, 48.071146 ], [ 104.2999516, 48.1028233 ], [ 104.3094387, 48.2190304 ], [ 104.4017468, 48.2846165 ], [ 104.4205952, 48.3384609 ], [ 104.4587612, 48.3698673 ], [ 104.5070438, 48.3747578 ], [ 104.5467434, 48.4325809 ], [ 104.5466976, 48.4882984 ], [ 104.5194607, 48.5185032 ], [ 104.5570049, 48.5688 ], [ 104.54706, 48.6254444 ], [ 104.596323, 48.6441174 ], [ 104.6665859, 48.6283779 ], [ 104.7987614, 48.5677662 ], [ 104.8630924, 48.5765781 ], [ 105.0164661, 48.5299587 ], [ 105.0826054, 48.5630741 ], [ 105.1790104, 48.5809612 ], [ 105.271822, 48.5654011 ], [ 105.3281765, 48.6010609 ], [ 105.3786259, 48.6027927 ], [ 105.4737148, 48.6686115 ], [ 105.4495258, 48.7802296 ], [ 105.4648647, 48.8098011 ], [ 105.8206387, 48.8878536 ], [ 105.9170437, 48.8833447 ], [ 106.0741177, 48.8529758 ], [ 106.0627346, 48.814909 ], [ 105.966917, 48.7170544 ], [ 106.0261707, 48.7082424 ], [ 106.0901318, 48.6467762 ], [ 106.2064304, 48.6899433 ], [ 106.2897816, 48.6866322 ], [ 106.3886242, 48.65481 ], [ 106.4314098, 48.6291142 ], [ 106.5363827, 48.5984707 ], [ 106.5257664, 48.5529919 ], [ 106.7765484, 48.547411 ], [ 106.7842503, 48.5769901 ], [ 106.8739147, 48.6349163 ], [ 106.9411907, 48.6349201 ], [ 106.9977779, 48.6184025 ], [ 107.1229382, 48.6476841 ], [ 107.2080135, 48.6037464 ], [ 107.2609959, 48.5941563 ], [ 107.4699879, 48.6237621 ], [ 107.5058346, 48.646349 ], [ 107.5632305, 48.6519108 ], [ 107.631506, 48.6380138 ], [ 107.6987286, 48.6515675 ], [ 107.6707363, 48.6784077 ], [ 107.7320576, 48.8159428 ], [ 107.769804, 48.8383961 ], [ 107.7335033, 48.8839283 ], [ 107.6410389, 48.9047146 ], [ 107.6034603, 48.929224 ], [ 107.5454502, 49.0163174 ], [ 107.7527714, 49.0894413 ], [ 107.9365406, 49.0996609 ], [ 108.0753536, 49.0406857 ], [ 108.1302929, 49.036684 ], [ 108.1648922, 49.0783253 ], [ 108.2714329, 49.1067448 ], [ 108.377367, 49.1252384 ], [ 108.4022007, 49.1144657 ], [ 108.5056438, 49.1542797 ], [ 108.5536137, 49.1378765 ], [ 108.6107044, 49.083189 ], [ 108.6741848, 49.0505695 ], [ 108.702261, 49.0158596 ], [ 108.8146801, 48.9507084 ], [ 108.8145351, 48.8777523 ], [ 108.8919964, 48.8290462 ], [ 108.8775311, 48.7621899 ], [ 108.9178448, 48.7327023 ], [ 108.9386616, 48.6778698 ], [ 108.9230022, 48.6263752 ], [ 108.9732265, 48.515295 ], [ 109.0333996, 48.4521809 ], [ 109.0405788, 48.3640575 ], [ 109.0561352, 48.3268948 ], [ 108.9282055, 48.1567364 ], [ 108.9411945, 48.1236172 ], [ 108.9144917, 48.0827618 ], [ 108.813509, 48.0325031 ], [ 108.7793484, 47.9944553 ], [ 108.640913, 47.9316006 ], [ 108.4908428, 47.9213543 ] ], [ [ 106.3629028, 48.2576886 ], [ 106.40768, 48.197328 ], [ 106.416974, 48.1342 ], [ 106.479816, 48.073227 ], [ 106.459592, 48.013322 ], [ 106.533139, 47.91095 ], [ 106.515896, 47.89005 ], [ 106.540373, 47.84729 ], [ 106.50749, 47.805139 ], [ 106.509608, 47.719279 ], [ 106.561367, 47.71147 ], [ 106.600325, 47.746625 ], [ 106.731971, 47.720456 ], [ 106.78883, 47.724013 ], [ 106.861079, 47.76256 ], [ 106.905892, 47.749018 ], [ 107.119799, 47.723525 ], [ 107.182305, 47.747244 ], [ 107.329866, 47.65156 ], [ 107.476397, 47.651918 ], [ 107.48387, 47.720659 ], [ 107.538504, 47.745855 ], [ 107.555205, 47.850958 ], [ 107.601305, 47.872143 ], [ 107.605191, 47.914999 ], [ 107.583059, 47.971678 ], [ 107.475724, 47.976073 ], [ 107.445967, 47.996063 ], [ 107.373381, 47.990407 ], [ 107.34468, 48.03588 ], [ 107.224703, 48.13533 ], [ 107.114947, 48.175735 ], [ 107.082161, 48.208965 ], [ 107.031187, 48.186779 ], [ 106.874562, 48.184948 ], [ 106.823647, 48.217078 ], [ 106.499035, 48.253833 ], [ 106.441948, 48.271931 ], [ 106.3629028, 48.2576886 ] ], [ [ 107.4020329, 47.4414272 ], [ 107.346796, 47.3973446 ], [ 107.417738, 47.3019581 ], [ 107.5542278, 47.3309078 ], [ 107.4883366, 47.4368992 ], [ 107.4020329, 47.4414272 ] ] ] ] } },
{ "type": "Feature", "properties": { "POLYGON_ID": "MNG_GAUL2007_ADM1_2095", "ADM0_ISO3": "MNG", "ADM0_NAME": "Mongolia", "ADM0_CODE": 167, "ADM1_NAME": "Ulaanbaatar", "ADM1_CODE": 2095, "GEOSET": "GAUL", "GEOSET_YEAR": 2007.0, "GEOSET_VERSION": "GAUL_v1", "GEOSET_UNIT": "ADM1", "CENTROID_LONG": 107.16286513204412, "CENTROID_LAT": 47.915867243083461 }, "geometry": { "type": "MultiPolygon", "coordinates": [ [ [ [ 108.4908428, 47.9213543 ], [ 108.4722424, 47.8718777 ], [ 108.475668, 47.8121128 ], [ 108.4999599, 47.7438717 ], [ 108.4687252, 47.6912098 ], [ 108.2937527, 47.6661434 ], [ 108.2301807, 47.6849232 ], [ 108.2061329, 47.9290791 ], [ 108.230257, 47.9877644 ], [ 108.3311214, 47.9742565 ], [ 108.3670521, 47.954668 ], [ 108.4908428, 47.9213543 ] ] ], [ [ [ 106.3629028, 48.2576886 ], [ 106.441948, 48.271931 ], [ 106.499035, 48.253833 ], [ 106.823647, 48.217078 ], [ 106.874562, 48.184948 ], [ 107.031187, 48.186779 ], [ 107.082161, 48.208965 ], [ 107.114947, 48.175735 ], [ 107.224703, 48.13533 ], [ 107.34468, 48.03588 ], [ 107.373381, 47.990407 ], [ 107.445967, 47.996063 ], [ 107.475724, 47.976073 ], [ 107.583059, 47.971678 ], [ 107.605191, 47.914999 ], [ 107.601305, 47.872143 ], [ 107.555205, 47.850958 ], [ 107.538504, 47.745855 ], [ 107.48387, 47.720659 ], [ 107.476397, 47.651918 ], [ 107.329866, 47.65156 ], [ 107.182305, 47.747244 ], [ 107.119799, 47.723525 ], [ 106.905892, 47.749018 ], [ 106.861079, 47.76256 ], [ 106.78883, 47.724013 ], [ 106.731971, 47.720456 ], [ 106.600325, 47.746625 ], [ 106.561367, 47.71147 ], [ 106.509608, 47.719279 ], [ 106.50749, 47.805139 ], [ 106.540373, 47.84729 ], [ 106.515896, 47.89005 ], [ 106.533139, 47.91095 ], [ 106.459592, 48.013322 ], [ 106.479816, 48.073227 ], [ 106.416974, 48.1342 ], [ 106.40768, 48.197328 ], [ 106.3629028, 48.2576886 ] ] ], [ [ [ 107.4020329, 47.4414272 ], [ 107.4883366, 47.4368992 ], [ 107.5542278, 47.3309078 ], [ 107.417738, 47.3019581 ], [ 107.346796, 47.3973446 ], [ 107.4020329, 47.4414272 ] ] ] ] } },
{ "type": "Feature", "properties": { "POLYGON_ID": "MNG_GAUL2007_ADM1_2096", "ADM0_ISO3": "MNG", "ADM0_NAME": "Mongolia", "ADM0_CODE": 167, "ADM1_NAME": "Uvs", "ADM1_CODE": 2096, "GEOSET": "GAUL", "GEOSET_YEAR": 2007.0, "GEOSET_VERSION": "GAUL_v1", "GEOSET_UNIT": "ADM1", "CENTROID_LONG": 92.933873600073142, "CENTROID_LAT": 49.630465946757766 }, "geometry": { "type": "MultiPolygon", "coordinates": [ [ [ [ 92.60261, 50.76687 ], [ 92.61517, 50.75756 ], [ 92.60746, 50.72196 ], [ 92.60707, 50.71554 ], [ 92.6224, 50.70452 ], [ 92.6272043, 50.7040274 ], [ 92.65878, 50.70079 ], [ 92.75504, 50.71811 ], [ 92.7490771, 50.7342696 ], [ 92.7504074, 50.755467 ], [ 92.77245, 50.76898 ], [ 92.84389, 50.79411 ], [ 92.92283, 50.79293 ], [ 92.9725242, 50.7897115 ], [ 93.0155757, 50.7804543 ], [ 93.02148, 50.77715 ], [ 93.03299, 50.76295 ], [ 93.02942, 50.75526 ], [ 93.01634, 50.74513 ], [ 93.0108005, 50.7120592 ], [ 93.00939, 50.70252 ], [ 92.98246, 50.65819 ], [ 92.98305, 50.63051 ], [ 93.00059, 50.60484 ], [ 93.00353, 50.6018 ], [ 93.10403, 50.5668 ], [ 93.40275, 50.58548 ], [ 93.45818, 50.60072 ], [ 93.51049, 50.58243 ], [ 93.63813, 50.58591 ], [ 93.66972, 50.57782 ], [ 93.88169, 50.59137 ], [ 93.93621, 50.59126 ], [ 93.9568, 50.59121 ], [ 94.2562887, 50.5781195 ], [ 94.27628, 50.5753 ], [ 94.30858, 50.53002 ], [ 94.3072, 50.51397 ], [ 94.33636, 50.48162 ], [ 94.3486481, 50.4648126 ], [ 94.3543352, 50.4302932 ], [ 94.36661, 50.35555 ], [ 94.40703, 50.21375 ], [ 94.43976, 50.19245 ], [ 94.47134, 50.1844 ], [ 94.52615, 50.14676 ], [ 94.5230457, 50.1391405 ], [ 94.6079334, 50.0424467 ], [ 94.6088199, 50.0387105 ], [ 94.61906, 50.03394 ], [ 94.68731, 50.03224 ], [ 94.77591, 50.05381 ], [ 94.797666, 50.0569943 ], [ 94.89769, 50.06403 ], [ 94.99132, 50.05335 ], [ 95.04206, 49.98178 ], [ 95.07414, 49.96511 ], [ 95.12955, 49.94892 ], [ 95.33414, 49.95144 ], [ 95.47781, 49.92235 ], [ 95.4840495, 49.9217908 ], [ 95.497, 49.92063 ], [ 95.5018515, 49.9212106 ], [ 95.447401, 49.8850765 ], [ 95.472086, 49.8304539 ], [ 95.4373531, 49.7908573 ], [ 95.4197483, 49.7292614 ], [ 95.3766155, 49.6569576 ], [ 95.452013, 49.5589657 ], [ 95.4634228, 49.4956646 ], [ 95.5554142, 49.4427013 ], [ 95.6022739, 49.4362049 ], [ 95.6889172, 49.3566914 ], [ 95.6770649, 49.2667561 ], [ 95.6558094, 49.2420254 ], [ 95.5380192, 49.1725292 ], [ 95.5511951, 49.1208172 ], [ 95.5003414, 49.0646153 ], [ 95.5297375, 49.0201168 ], [ 95.5083675, 48.8608837 ], [ 95.4190121, 48.8279438 ], [ 95.3297863, 48.8510494 ], [ 95.3141613, 48.796442 ], [ 95.2126637, 48.7701054 ], [ 95.1772976, 48.7366314 ], [ 95.0002422, 48.6823635 ], [ 94.8586826, 48.693449 ], [ 94.7484531, 48.6735249 ], [ 94.6496792, 48.6819019 ], [ 94.6579609, 48.7207813 ], [ 94.4820423, 48.7167225 ], [ 94.2464123, 48.7582111 ], [ 94.1328487, 48.8077679 ], [ 94.0381985, 48.7606754 ], [ 93.8799229, 48.7049122 ], [ 93.7723904, 48.6800022 ], [ 93.7344151, 48.701086 ], [ 93.6517353, 48.6521282 ], [ 93.6367664, 48.5489979 ], [ 93.5606709, 48.5307636 ], [ 93.4776669, 48.4891605 ], [ 93.3923588, 48.4198093 ], [ 93.2754269, 48.4841328 ], [ 93.2323208, 48.5410557 ], [ 93.1957684, 48.6147022 ], [ 92.9727573, 48.6481037 ], [ 92.9418316, 48.6423969 ], [ 92.8673534, 48.5444775 ], [ 92.774828, 48.5300388 ], [ 92.671957, 48.5961208 ], [ 92.600462, 48.6098652 ], [ 92.2738857, 48.630312 ], [ 92.2327633, 48.6004887 ], [ 92.1870251, 48.6705799 ], [ 92.2016735, 48.7471066 ], [ 92.1226139, 48.7677097 ], [ 91.9642277, 48.7519741 ], [ 91.9671803, 48.7849331 ], [ 91.9308643, 48.8438053 ], [ 91.9352589, 48.8856449 ], [ 91.8941174, 48.91012 ], [ 91.906374, 48.9399853 ], [ 91.7958279, 48.9663601 ], [ 91.6808109, 48.9030857 ], [ 91.6257496, 48.8898754 ], [ 91.5934734, 48.8442974 ], [ 91.5346622, 48.8166447 ], [ 91.5285015, 48.7844372 ], [ 91.4818745, 48.7681675 ], [ 91.3910084, 48.6978931 ], [ 91.3506069, 48.6831036 ], [ 91.3131161, 48.8318424 ], [ 91.2714024, 48.8660297 ], [ 91.2573528, 48.9073963 ], [ 91.1721706, 48.967001 ], [ 91.1182041, 48.968462 ], [ 91.0637188, 49.0005627 ], [ 90.9916248, 49.1296368 ], [ 90.9504185, 49.1554089 ], [ 90.9136143, 49.2111416 ], [ 90.8989277, 49.2627087 ], [ 90.6924839, 49.3212643 ], [ 90.6474438, 49.3656826 ], [ 90.6672535, 49.4261799 ], [ 90.5009251, 49.5330067 ], [ 90.4675579, 49.5197811 ], [ 90.398325, 49.5653934 ], [ 90.352438, 49.6207256 ], [ 90.2633648, 49.6496868 ], [ 90.2277126, 49.7090092 ], [ 90.1765652, 49.7545643 ], [ 90.1520443, 49.8645725 ], [ 90.0831585, 49.9768391 ], [ 90.01003, 50.0 ], [ 89.9964, 50.05491 ], [ 90.01549, 50.07386 ], [ 90.13683, 50.11623 ], [ 90.28074, 50.13224 ], [ 90.37797, 50.20416 ], [ 90.4353601, 50.2057337 ], [ 90.4491, 50.20405 ], [ 90.47585, 50.23217 ], [ 90.55438, 50.25121 ], [ 90.67744, 50.22715 ], [ 90.72451, 50.25716 ], [ 90.7011, 50.31017 ], [ 90.8196189, 50.3619188 ], [ 90.89913, 50.35855 ], [ 90.90987, 50.39229 ], [ 90.90671, 50.41473 ], [ 90.95002, 50.43875 ], [ 91.04574, 50.44276 ], [ 91.13848, 50.43233 ], [ 91.28718, 50.48046 ], [ 91.38217, 50.46803 ], [ 91.402848, 50.4638704 ], [ 91.45068, 50.496 ], [ 91.44891, 50.50393 ], [ 91.44643, 50.54965 ], [ 91.50793, 50.56367 ], [ 91.5329256, 50.5636154 ], [ 91.59365, 50.56036 ], [ 91.65786, 50.59851 ], [ 91.65025, 50.61004 ], [ 91.6499574, 50.6167899 ], [ 91.65286, 50.62598 ], [ 91.6546049, 50.6354551 ], [ 91.65269, 50.6528 ], [ 91.65578, 50.6596 ], [ 91.6615642, 50.6655825 ], [ 91.7120229, 50.6939128 ], [ 91.74211, 50.70111 ], [ 91.7978334, 50.7213451 ], [ 91.8236, 50.72193 ], [ 91.8287, 50.72447 ], [ 91.83609, 50.73469 ], [ 91.88393, 50.73041 ], [ 91.9144813, 50.7161177 ], [ 92.02282, 50.68353 ], [ 92.19577, 50.68482 ], [ 92.28789, 50.72411 ], [ 92.30509, 50.74413 ], [ 92.30452, 50.75853 ], [ 92.28685, 50.80858 ], [ 92.31842, 50.85811 ], [ 92.32047, 50.86233 ], [ 92.3214198, 50.879326 ], [ 92.3234451, 50.8829856 ], [ 92.37182, 50.89464 ], [ 92.40811, 50.85564 ], [ 92.4081389, 50.8436328 ], [ 92.4091513, 50.8326959 ], [ 92.41187, 50.81558 ], [ 92.47114, 50.77674 ], [ 92.60261, 50.76687 ] ] ] ] } },
{ "type": "Feature", "properties": { "POLYGON_ID": "MNG_GAUL2007_ADM1_2086", "ADM0_ISO3": "MNG", "ADM0_NAME": "Mongolia", "ADM0_CODE": 167, "ADM1_NAME": "Xentii", "ADM1_CODE": 2086, "GEOSET": "GAUL", "GEOSET_YEAR": 2007.0, "GEOSET_VERSION": "GAUL_v1", "GEOSET_UNIT": "ADM1", "CENTROID_LONG": 110.44466680509599, "CENTROID_LAT": 47.892942669941135 }, "geometry": { "type": "MultiPolygon", "coordinates": [ [ [ [ 112.7233677, 47.8305454 ], [ 112.5256367, 47.7802601 ], [ 112.4407024, 47.7804623 ], [ 112.3699932, 47.7967777 ], [ 112.3303242, 47.7418575 ], [ 112.1499958, 47.6863766 ], [ 112.1120167, 47.6446514 ], [ 112.0830708, 47.5178471 ], [ 112.0764599, 47.4417324 ], [ 112.0815067, 47.346323 ], [ 111.8181057, 47.4063511 ], [ 111.7128963, 47.343317 ], [ 111.526804, 47.1948643 ], [ 111.4854794, 47.1336346 ], [ 111.4854946, 47.0055714 ], [ 111.4369106, 46.9460812 ], [ 111.420229, 46.8428326 ], [ 111.3856564, 46.7734318 ], [ 111.2509861, 46.6494007 ], [ 111.3097134, 46.4445477 ], [ 111.3226757, 46.4244556 ], [ 111.2540989, 46.3103085 ], [ 111.2186489, 46.267477 ], [ 111.2317448, 46.235796 ], [ 111.121645, 46.152853 ], [ 111.0409641, 46.1132336 ], [ 110.9648266, 46.0595913 ], [ 110.8195057, 46.0675716 ], [ 110.6577473, 46.0919018 ], [ 110.5919247, 46.1345387 ], [ 110.5859203, 46.1950016 ], [ 110.4899044, 46.2967625 ], [ 110.4596882, 46.3710194 ], [ 110.3330975, 46.4435291 ], [ 110.2019329, 46.5666561 ], [ 110.187273, 46.611536 ], [ 110.0699368, 46.6330547 ], [ 110.0302982, 46.630785 ], [ 110.0398808, 46.5101795 ], [ 110.0722408, 46.4956226 ], [ 110.0251942, 46.4369297 ], [ 110.0195751, 46.3553791 ], [ 109.95788, 46.2798672 ], [ 109.8747578, 46.2370777 ], [ 109.6939182, 46.1790257 ], [ 109.4710255, 46.1744061 ], [ 109.3287983, 46.1968212 ], [ 109.1518154, 46.3246746 ], [ 109.1894398, 46.3352566 ], [ 109.1641521, 46.3967037 ], [ 109.0543003, 46.4334316 ], [ 109.0195904, 46.5067196 ], [ 109.0519047, 46.5719051 ], [ 109.0411053, 46.6143894 ], [ 109.0416241, 46.7095699 ], [ 109.0591221, 46.7277355 ], [ 109.0985012, 46.8335514 ], [ 109.0602741, 46.8648396 ], [ 108.9515362, 46.8376141 ], [ 108.9589138, 46.9685307 ], [ 108.9269848, 46.9667339 ], [ 108.8405247, 46.9996815 ], [ 108.7855968, 47.0186825 ], [ 108.7162457, 47.068697 ], [ 108.6612453, 47.1398258 ], [ 108.642931, 47.1988583 ], [ 108.5598507, 47.2923145 ], [ 108.5496311, 47.3356037 ], [ 108.4835949, 47.3852482 ], [ 108.4699497, 47.4228573 ], [ 108.4029369, 47.4880123 ], [ 108.4188862, 47.5491314 ], [ 108.4055347, 47.5944805 ], [ 108.4687252, 47.6912098 ], [ 108.4999599, 47.7438717 ], [ 108.475668, 47.8121128 ], [ 108.4722424, 47.8718777 ], [ 108.4908428, 47.9213543 ], [ 108.640913, 47.9316006 ], [ 108.7793484, 47.9944553 ], [ 108.813509, 48.0325031 ], [ 108.9144917, 48.0827618 ], [ 108.9411945, 48.1236172 ], [ 108.9282055, 48.1567364 ], [ 109.0561352, 48.3268948 ], [ 109.0405788, 48.3640575 ], [ 109.0333996, 48.4521809 ], [ 108.9732265, 48.515295 ], [ 108.9230022, 48.6263752 ], [ 108.9386616, 48.6778698 ], [ 108.9178448, 48.7327023 ], [ 108.8775311, 48.7621899 ], [ 108.8919964, 48.8290462 ], [ 108.8145351, 48.8777523 ], [ 108.8146801, 48.9507084 ], [ 108.702261, 49.0158596 ], [ 108.6741848, 49.0505695 ], [ 108.6107044, 49.083189 ], [ 108.5536137, 49.1378765 ], [ 108.5056438, 49.1542797 ], [ 108.5266438, 49.1877117 ], [ 108.5765896, 49.3225269 ], [ 108.5800037, 49.3334255 ], [ 108.5809489, 49.3355373 ], [ 108.5813176, 49.3363612 ], [ 108.6061856, 49.3383341 ], [ 108.63718, 49.34064 ], [ 108.66756, 49.34152 ], [ 108.68839, 49.3403 ], [ 108.8257003, 49.3479452 ], [ 108.83509, 49.3475 ], [ 108.8403248, 49.3455025 ], [ 108.96549, 49.35944 ], [ 109.04247, 49.33611 ], [ 109.08128, 49.3398 ], [ 109.18446, 49.36027 ], [ 109.32912, 49.34151 ], [ 109.4894799, 49.2849901 ], [ 109.53048, 49.2302 ], [ 109.53965, 49.22602 ], [ 109.57109, 49.22258 ], [ 109.59238, 49.22282 ], [ 109.59813, 49.22467 ], [ 109.70153, 49.23161 ], [ 109.8003735, 49.2159246 ], [ 109.80598, 49.21375 ], [ 109.8589, 49.19715 ], [ 109.8660942, 49.2016892 ], [ 109.9649955, 49.2018229 ], [ 109.98232, 49.19868 ], [ 109.9884479, 49.1988082 ], [ 110.05741, 49.19431 ], [ 110.18474, 49.16739 ], [ 110.26321, 49.17125 ], [ 110.30241, 49.18163 ], [ 110.37613, 49.23331 ], [ 110.38734, 49.24928 ], [ 110.3948696, 49.2549489 ], [ 110.39948, 49.25842 ], [ 110.48268, 49.20323 ], [ 110.5405, 49.19587 ], [ 110.55878, 49.18139 ], [ 110.59626, 49.16208 ], [ 110.7167003, 49.1457483 ], [ 110.76628, 49.1451 ], [ 110.92473, 49.17442 ], [ 110.99225, 49.19985 ], [ 111.07224, 49.24735 ], [ 111.0928982, 49.263359 ], [ 111.16983, 49.30033 ], [ 111.33331, 49.33857 ], [ 111.3923, 49.37312 ], [ 111.50189, 49.34375 ], [ 111.66248, 49.3963 ], [ 111.72844, 49.4059 ], [ 111.81889, 49.39109 ], [ 111.9345, 49.39552 ], [ 112.01945, 49.42504 ], [ 112.0312735, 49.4270201 ], [ 112.0580157, 49.4095258 ], [ 112.0721912, 49.3995914 ], [ 112.1189518, 49.3517094 ], [ 112.12953, 49.3114758 ], [ 112.169096, 49.288168 ], [ 112.1727924, 49.2444324 ], [ 112.2113438, 49.1960888 ], [ 112.1983509, 49.1582546 ], [ 112.2962551, 48.9962139 ], [ 112.2328892, 48.9292355 ], [ 112.2401333, 48.8669758 ], [ 112.26544, 48.8009586 ], [ 112.3416729, 48.6883106 ], [ 112.386385, 48.6481838 ], [ 112.4643726, 48.5440006 ], [ 112.5184422, 48.499773 ], [ 112.5596294, 48.4426022 ], [ 112.5772228, 48.3799419 ], [ 112.5573902, 48.3119068 ], [ 112.4953861, 48.29035 ], [ 112.5515881, 48.1728268 ], [ 112.5543499, 48.0497112 ], [ 112.7233677, 47.8305454 ] ] ] ] } },
{ "type": "Feature", "properties": { "POLYGON_ID": "MNG_GAUL2007_ADM1_2088", "ADM0_ISO3": "MNG", "ADM0_NAME": "Mongolia", "ADM0_CODE": 167, "ADM1_NAME": "Xo'vsgol", "ADM1_CODE": 2088, "GEOSET": "GAUL", "GEOSET_YEAR": 2007.0, "GEOSET_VERSION": "GAUL_v1", "GEOSET_UNIT": "ADM1", "CENTROID_LONG": 99.911790907910785, "CENTROID_LAT": 50.236580232071105 }, "geometry": { "type": "MultiPolygon", "coordinates": [ [ [ [ 100.1380981, 51.7591893 ], [ 100.1835661, 51.7547982 ], [ 100.2295, 51.75192 ], [ 100.27882, 51.74504 ], [ 100.4001768, 51.7480402 ], [ 100.41137, 51.7455 ], [ 100.43069, 51.74111 ], [ 100.4976954, 51.749068 ], [ 100.51564, 51.75038 ], [ 100.52909, 51.74752 ], [ 100.5412394, 51.743015 ], [ 100.54635, 51.74112 ], [ 100.5845, 51.72205 ], [ 100.65044, 51.71709 ], [ 100.6764, 51.71456 ], [ 100.6857172, 51.7108843 ], [ 100.70005, 51.70523 ], [ 100.7422767, 51.6788683 ], [ 100.75134, 51.67545 ], [ 100.7545764, 51.6746929 ], [ 100.82239, 51.66087 ], [ 100.85172, 51.64448 ], [ 100.86573, 51.63996 ], [ 100.9654446, 51.6177347 ], [ 100.98123, 51.61163 ], [ 101.0047059, 51.5975011 ], [ 101.03322, 51.58034 ], [ 101.08636, 51.57436 ], [ 101.10362, 51.56971 ], [ 101.12296, 51.55882 ], [ 101.13445, 51.54633 ], [ 101.1401745, 51.54417 ], [ 101.2288599, 51.5477 ], [ 101.2396163, 51.546293 ], [ 101.25864, 51.53942 ], [ 101.2767586, 51.5263062 ], [ 101.3116379, 51.4978222 ], [ 101.32783, 51.48446 ], [ 101.34792, 51.47037 ], [ 101.37733, 51.45841 ], [ 101.39209, 51.4554 ], [ 101.40285, 51.4571 ], [ 101.48391, 51.49943 ], [ 101.50417, 51.50217 ], [ 101.5349435, 51.502999 ], [ 101.59948, 51.49358 ], [ 101.64199, 51.45661 ], [ 101.74461, 51.46114 ], [ 101.80255, 51.43818 ], [ 101.8229032, 51.4309263 ], [ 101.94703, 51.42106 ], [ 102.01351, 51.39366 ], [ 102.015, 51.39348 ], [ 102.0293933, 51.3959205 ], [ 102.06878, 51.3971 ], [ 102.20864, 51.32946 ], [ 102.19099, 51.29239 ], [ 102.16214, 51.28142 ], [ 102.17855, 51.21986 ], [ 102.17098, 51.14827 ], [ 102.20165, 51.05933 ], [ 102.26687, 50.96552 ], [ 102.2555, 50.925 ], [ 102.24202, 50.90999 ], [ 102.2288495, 50.8852953 ], [ 102.22816, 50.884 ], [ 102.22457, 50.84133 ], [ 102.27139, 50.79703 ], [ 102.35505, 50.75024 ], [ 102.31133, 50.6795 ], [ 102.31051, 50.67818 ], [ 102.2907639, 50.6240653 ], [ 102.29417, 50.61039 ], [ 102.3206183, 50.5840914 ], [ 102.40383, 50.551 ], [ 102.50518, 50.54087 ], [ 102.54504, 50.52056 ], [ 102.61089, 50.45555 ], [ 102.6186694, 50.4490365 ], [ 102.6326143, 50.4373606 ], [ 102.4284496, 50.3292446 ], [ 102.3647671, 50.2877254 ], [ 102.3605404, 50.2189274 ], [ 102.3360004, 50.1986866 ], [ 102.2118015, 50.147604 ], [ 102.1657429, 50.0848141 ], [ 102.0673733, 49.9956417 ], [ 102.0433712, 49.9484692 ], [ 102.0998707, 49.9248829 ], [ 102.3658504, 49.84519 ], [ 102.4976292, 49.8248005 ], [ 102.6106052, 49.7779293 ], [ 102.7063313, 49.7713413 ], [ 102.7533817, 49.7399464 ], [ 102.7162724, 49.7148876 ], [ 102.663744, 49.6280003 ], [ 102.478487, 49.7074337 ], [ 102.4804859, 49.6122608 ], [ 102.4427776, 49.5808201 ], [ 102.4356213, 49.5452862 ], [ 102.378233, 49.4685421 ], [ 102.212389, 49.4445324 ], [ 102.1165867, 49.4150295 ], [ 102.0359325, 49.4011021 ], [ 101.9632511, 49.3295078 ], [ 101.8553066, 49.3112507 ], [ 101.8369961, 49.2622738 ], [ 101.6733761, 49.211504 ], [ 101.6124668, 49.0893345 ], [ 101.6349201, 49.009367 ], [ 101.5363865, 48.9662037 ], [ 101.4789104, 48.9530125 ], [ 101.3753529, 48.9663906 ], [ 101.2851238, 49.0094433 ], [ 101.2103367, 49.0265369 ], [ 101.1921749, 49.0454502 ], [ 101.0869808, 49.0912991 ], [ 100.8508816, 49.1531162 ], [ 100.7859058, 49.1891079 ], [ 100.6972446, 49.2190456 ], [ 100.6910496, 49.1925144 ], [ 100.6096935, 49.1133442 ], [ 100.5856571, 49.0695591 ], [ 100.4971523, 49.0549831 ], [ 100.4174213, 49.0300236 ], [ 100.5877895, 48.9766941 ], [ 100.5826511, 48.9478664 ], [ 100.5119267, 48.8991718 ], [ 100.4214916, 48.8901882 ], [ 100.4164257, 48.8511524 ], [ 100.3527012, 48.8081837 ], [ 100.3193493, 48.661932 ], [ 100.3428478, 48.6615887 ], [ 100.4074306, 48.5274906 ], [ 100.352911, 48.5026684 ], [ 100.2082844, 48.5041485 ], [ 100.1694241, 48.4972401 ], [ 100.159605, 48.4458256 ], [ 100.2081013, 48.4132557 ], [ 100.144762, 48.3834476 ], [ 100.0194683, 48.4178829 ], [ 99.9315128, 48.4640217 ], [ 99.7914639, 48.4870052 ], [ 99.7390537, 48.4244633 ], [ 99.724966, 48.3135509 ], [ 99.6597042, 48.3154507 ], [ 99.4770107, 48.280859 ], [ 99.3391361, 48.2880726 ], [ 99.2803593, 48.2555943 ], [ 99.2181187, 48.2554722 ], [ 99.1514797, 48.3040028 ], [ 99.0808964, 48.3113461 ], [ 99.1141644, 48.3967381 ], [ 99.0738163, 48.5126514 ], [ 99.0834522, 48.6726933 ], [ 99.16395, 48.7572613 ], [ 99.207346, 48.8429203 ], [ 99.1946316, 48.8698139 ], [ 99.1208668, 48.9283466 ], [ 99.1115971, 49.0537128 ], [ 99.0897503, 49.0770512 ], [ 99.1130466, 49.1401958 ], [ 99.0383015, 49.1477451 ], [ 99.0172596, 49.1273098 ], [ 98.9287128, 49.106493 ], [ 98.8682461, 49.1250591 ], [ 98.7581953, 49.1103905 ], [ 98.7106571, 49.0238171 ], [ 98.5690937, 48.9741001 ], [ 98.451601, 49.0073605 ], [ 98.4404964, 49.0400448 ], [ 98.3990726, 49.0501614 ], [ 98.2613735, 49.0358982 ], [ 98.2231655, 49.0571117 ], [ 98.0904217, 49.006567 ], [ 98.0218945, 49.016943 ], [ 97.9378109, 49.0071735 ], [ 97.8226795, 49.0529461 ], [ 97.7647228, 49.0963688 ], [ 97.6318073, 49.162611 ], [ 97.5045643, 49.1920872 ], [ 97.4469395, 49.2167072 ], [ 97.3733044, 49.192976 ], [ 97.3069592, 49.2096844 ], [ 97.1415615, 49.2029819 ], [ 97.0827503, 49.2455044 ], [ 96.8557987, 49.3852367 ], [ 96.8352604, 49.4702892 ], [ 96.9286823, 49.5708828 ], [ 96.9601612, 49.5805302 ], [ 97.064188, 49.6846714 ], [ 97.1266766, 49.732626 ], [ 97.0776196, 49.7681522 ], [ 97.1190293, 49.7911395 ], [ 97.119963, 49.792101 ], [ 97.1460914, 49.8249822 ], [ 97.1527493, 49.8207204 ], [ 97.19372, 49.77471 ], [ 97.3162, 49.75739 ], [ 97.35456, 49.77206 ], [ 97.3720276, 49.7764539 ], [ 97.39014, 49.78101 ], [ 97.4118107, 49.7848784 ], [ 97.49165, 49.82081 ], [ 97.5304779, 49.840157 ], [ 97.54387, 49.84683 ], [ 97.57953, 49.86793 ], [ 97.6021628, 49.8813158 ], [ 97.57813, 49.94206 ], [ 97.58343, 49.94822 ], [ 97.63034, 49.94809 ], [ 97.63477, 49.94703 ], [ 97.67441, 49.94926 ], [ 97.7780205, 49.9858126 ], [ 97.79424, 49.98784 ], [ 97.83618, 49.94843 ], [ 97.87443, 49.95174 ], [ 97.8836687, 49.9574192 ], [ 97.89903, 49.97815 ], [ 97.9104073, 49.9909726 ], [ 97.97279, 50.03017 ], [ 98.0637537, 50.058225 ], [ 98.07405, 50.0663 ], [ 98.0905042, 50.0791789 ], [ 98.11618, 50.10395 ], [ 98.129748, 50.1328559 ], [ 98.1555278, 50.1837374 ], [ 98.17179, 50.20437 ], [ 98.18366, 50.21435 ], [ 98.23027, 50.23782 ], [ 98.27804, 50.31198 ], [ 98.2779544, 50.3216095 ], [ 98.25665, 50.41104 ], [ 98.28917, 50.45675 ], [ 98.30491, 50.5021 ], [ 98.32449, 50.53897 ], [ 98.26478, 50.57457 ], [ 98.13265, 50.59641 ], [ 98.0488791, 50.6528111 ], [ 97.993981, 50.7164618 ], [ 97.98158, 50.72531 ], [ 97.96242, 50.80216 ], [ 97.9722789, 50.8165184 ], [ 97.9792186, 50.8212574 ], [ 98.01184, 50.84353 ], [ 98.0150419, 50.8468658 ], [ 98.01949, 50.8515 ], [ 98.0194463, 50.8672331 ], [ 98.01285, 50.87415 ], [ 97.99846, 50.8815392 ], [ 97.95675, 50.90295 ], [ 97.948272, 50.9097217 ], [ 97.94095, 50.91557 ], [ 97.9255521, 50.9198834 ], [ 97.91282, 50.92345 ], [ 97.9093034, 50.9250993 ], [ 97.88671, 50.93717 ], [ 97.8785498, 50.9449985 ], [ 97.87613, 50.94732 ], [ 97.8711837, 50.9487173 ], [ 97.86728, 50.94982 ], [ 97.86559, 50.95868 ], [ 97.8592747, 50.968435 ], [ 97.86215, 50.97479 ], [ 97.8528479, 50.9869771 ], [ 97.84361, 50.99908 ], [ 97.82976, 51.00645 ], [ 97.82797, 51.01169 ], [ 97.83725, 51.02688 ], [ 97.8463, 51.03282 ], [ 97.85592, 51.03474 ], [ 97.86824, 51.04781 ], [ 97.86906, 51.05109 ], [ 97.86611, 51.06117 ], [ 97.87471, 51.07395 ], [ 97.8762516, 51.0802934 ], [ 97.87968, 51.0944 ], [ 97.89272, 51.10552 ], [ 97.8961754, 51.113699 ], [ 97.89678, 51.11513 ], [ 97.89436, 51.12038 ], [ 97.9012615, 51.13078 ], [ 97.90231, 51.13236 ], [ 97.9049341, 51.1428564 ], [ 97.91013, 51.16364 ], [ 97.9092686, 51.1667187 ], [ 97.90912, 51.16725 ], [ 97.90777, 51.17211 ], [ 97.927537, 51.1902728 ], [ 97.93069, 51.19317 ], [ 97.93473, 51.20118 ], [ 97.94131, 51.20794 ], [ 97.9428363, 51.212373 ], [ 97.94476, 51.21796 ], [ 97.95345, 51.23194 ], [ 97.95295, 51.23757 ], [ 97.94419, 51.2457 ], [ 97.94365, 51.24932 ], [ 97.9445993, 51.250718 ], [ 97.95097, 51.2601 ], [ 97.95719, 51.27772 ], [ 97.95167, 51.28743 ], [ 97.95446, 51.29584 ], [ 97.95352, 51.30911 ], [ 97.95175, 51.31516 ], [ 97.94489, 51.32287 ], [ 97.9535, 51.33323 ], [ 97.9565, 51.33498 ], [ 97.9614458, 51.337871 ], [ 97.9717574, 51.3438985 ], [ 97.9828, 51.36027 ], [ 97.9830137, 51.3638726 ], [ 97.98322, 51.36735 ], [ 97.98553, 51.37129 ], [ 97.99472, 51.38695 ], [ 98.0108132, 51.400673 ], [ 98.0156525, 51.4071759 ], [ 98.02279, 51.41996 ], [ 98.09998, 51.45844 ], [ 98.22578, 51.45726 ], [ 98.23426, 51.46223 ], [ 98.2469344, 51.4995215 ], [ 98.24953, 51.50532 ], [ 98.25167, 51.50717 ], [ 98.24054, 51.56662 ], [ 98.276528, 51.6182563 ], [ 98.27276, 51.62299 ], [ 98.27998, 51.62805 ], [ 98.29498, 51.64806 ], [ 98.31522, 51.71784 ], [ 98.36756, 51.74512 ], [ 98.49497, 51.76558 ], [ 98.51919, 51.77931 ], [ 98.52766, 51.78208 ], [ 98.62125, 51.79597 ], [ 98.6963, 51.82037 ], [ 98.72872, 51.84836 ], [ 98.74304, 51.87427 ], [ 98.7666, 51.91378 ], [ 98.78692, 51.94529 ], [ 98.79823, 51.96279 ], [ 98.81886, 52.01352 ], [ 98.85261, 52.04101 ], [ 98.8749104, 52.1334754 ], [ 98.88031, 52.1401 ], [ 98.9482235, 52.1497237 ], [ 98.9537, 52.1479 ], [ 98.96793, 52.1395 ], [ 98.98501, 52.1274 ], [ 99.04854, 52.07197 ], [ 99.08078, 52.06204 ], [ 99.09662, 52.05716 ], [ 99.27316, 52.02012 ], [ 99.28181, 52.01382 ], [ 99.29478, 51.97522 ], [ 99.36169, 51.95476 ], [ 99.3810668, 51.95402 ], [ 99.45943, 51.94791 ], [ 99.57202, 51.91787 ], [ 99.5981491, 51.9159928 ], [ 99.7126409, 51.9058852 ], [ 99.72759, 51.90153 ], [ 99.78453, 51.87209 ], [ 99.8385797, 51.8201806 ], [ 99.84593, 51.81533 ], [ 99.8624337, 51.8062829 ], [ 99.89615, 51.7878 ], [ 99.99346, 51.7533 ], [ 100.1380981, 51.7591893 ] ] ] ] } },
{ "type": "Feature", "properties": { "POLYGON_ID": "MNG_GAUL2007_ADM1_2087", "ADM0_ISO3": "MNG", "ADM0_NAME": "Mongolia", "ADM0_CODE": 167, "ADM1_NAME": "Xovd", "ADM1_CODE": 2087, "GEOSET": "GAUL", "GEOSET_YEAR": 2007.0, "GEOSET_VERSION": "GAUL_v1", "GEOSET_UNIT": "ADM1", "CENTROID_LONG": 92.291619484665404, "CENTROID_LAT": 46.909340357546789 }, "geometry": { "type": "MultiPolygon", "coordinates": [ [ [ [ 93.3923588, 48.4198093 ], [ 93.4537373, 48.4061413 ], [ 93.5065556, 48.3749371 ], [ 93.4740124, 48.2628651 ], [ 93.4100933, 48.2140369 ], [ 93.4200954, 48.1441708 ], [ 93.3529644, 48.0760899 ], [ 93.2547779, 48.0159245 ], [ 93.2858639, 47.9526386 ], [ 93.2717304, 47.868803 ], [ 93.2996655, 47.8379803 ], [ 93.3602047, 47.8171177 ], [ 93.3914433, 47.7846508 ], [ 93.5443554, 47.6975689 ], [ 93.6259785, 47.6647129 ], [ 93.6004086, 47.6264629 ], [ 93.5152624, 47.5668851 ], [ 93.5728168, 47.520834 ], [ 93.6493664, 47.4917583 ], [ 93.7179356, 47.4445324 ], [ 93.7911854, 47.3489285 ], [ 93.9912586, 47.3059711 ], [ 94.0576267, 47.247118 ], [ 94.0422878, 47.2134914 ], [ 94.155508, 46.9939594 ], [ 94.2736683, 46.8570347 ], [ 94.306921, 46.7787952 ], [ 94.0882473, 46.7209492 ], [ 93.9362278, 46.7072468 ], [ 93.8382359, 46.6222363 ], [ 93.7862186, 46.6030979 ], [ 93.7247868, 46.6030979 ], [ 93.6894741, 46.6233807 ], [ 93.5823536, 46.6205273 ], [ 93.5437565, 46.6353855 ], [ 93.5009365, 46.5983524 ], [ 93.5664082, 46.5230846 ], [ 93.6073246, 46.4955578 ], [ 93.591814, 46.4644299 ], [ 93.6472874, 46.3939533 ], [ 93.6062641, 46.3200779 ], [ 93.5551167, 46.2518711 ], [ 93.5406437, 46.2048435 ], [ 93.4616833, 46.1169567 ], [ 93.47439, 46.0976276 ], [ 93.4024639, 46.0060215 ], [ 93.4444561, 45.9854374 ], [ 93.4425602, 45.9541569 ], [ 93.3834248, 45.9092579 ], [ 93.3622074, 45.8428173 ], [ 93.2391682, 45.8057957 ], [ 93.1842976, 45.7671986 ], [ 93.1127529, 45.7421207 ], [ 93.1254673, 45.6731396 ], [ 93.0991154, 45.6297398 ], [ 93.1377773, 45.5649738 ], [ 93.1464138, 45.3257923 ], [ 93.1664486, 45.1288128 ], [ 93.2032527, 45.0158722 ], [ 93.1739442, 45.0207569 ], [ 93.0594933, 45.0287049 ], [ 92.950871, 45.0239361 ], [ 92.9132506, 45.04778 ], [ 92.7896178, 45.054539 ], [ 92.7140635, 45.0419466 ], [ 92.5445508, 45.0264483 ], [ 92.4899738, 45.0125543 ], [ 92.4278595, 45.0299899 ], [ 92.3570274, 45.0212721 ], [ 92.307843, 45.039327 ], [ 92.2383555, 45.036602 ], [ 92.108918, 45.0979145 ], [ 92.0093459, 45.1041602 ], [ 91.9429285, 45.0967569 ], [ 91.8595623, 45.1005378 ], [ 91.7851564, 45.0819364 ], [ 91.7078135, 45.0780203 ], [ 91.607953, 45.0917266 ], [ 91.5521486, 45.109349 ], [ 91.5051555, 45.1543841 ], [ 91.4591413, 45.1553632 ], [ 91.4528468, 45.1505212 ], [ 91.4209594, 45.1259924 ], [ 91.3924161, 45.1307497 ], [ 91.3915887, 45.1308876 ], [ 91.3097879, 45.13712 ], [ 91.2887911, 45.1387198 ], [ 91.2486511, 45.1524261 ], [ 91.201658, 45.1984402 ], [ 91.1420919, 45.2079778 ], [ 91.0665526, 45.2072515 ], [ 91.0545766, 45.2090479 ], [ 91.0255988, 45.2128498 ], [ 91.001937, 45.2092095 ], [ 90.9764824, 45.1984402 ], [ 90.9422166, 45.1964822 ], [ 90.8932654, 45.2013773 ], [ 90.9148039, 45.2532656 ], [ 90.8529898, 45.2908826 ], [ 90.8257127, 45.2924266 ], [ 90.8259009, 45.2984499 ], [ 90.8266917, 45.3237553 ], [ 90.7718663, 45.4059934 ], [ 90.756202, 45.4500495 ], [ 90.7319798, 45.4582537 ], [ 90.6710269, 45.5058538 ], [ 90.6866912, 45.6164836 ], [ 90.7307473, 45.7329875 ], [ 90.877601, 45.9092118 ], [ 91.0322868, 46.0120094 ], [ 91.0303287, 46.0864152 ], [ 91.0058531, 46.1353664 ], [ 90.9715873, 46.1647371 ], [ 90.9686842, 46.1821557 ], [ 90.9509111, 46.227533 ], [ 90.8981605, 46.2900522 ], [ 90.9030404, 46.2969541 ], [ 90.9634614, 46.3412552 ], [ 90.9737033, 46.3680162 ], [ 90.9877412, 46.404696 ], [ 90.9915971, 46.4080699 ], [ 91.0477747, 46.5052391 ], [ 91.0590142, 46.533144 ], [ 91.0756583, 46.5622939 ], [ 91.0684128, 46.5668224 ], [ 91.0081049, 46.5746546 ], [ 91.0283995, 46.6395975 ], [ 91.0464826, 46.7085851 ], [ 91.0228111, 46.7359389 ], [ 91.0169112, 46.7427565 ], [ 91.0435836, 46.7243042 ], [ 91.043995, 46.723748 ], [ 91.0447414, 46.7235032 ], [ 91.0474682, 46.7216167 ], [ 91.0911884, 46.7079754 ], [ 91.1463909, 46.6703892 ], [ 91.2700863, 46.6441326 ], [ 91.3148785, 46.5960331 ], [ 91.3119755, 46.566164 ], [ 91.3891964, 46.5536633 ], [ 91.470499, 46.5684567 ], [ 91.4913082, 46.5895138 ], [ 91.5039845, 46.6523228 ], [ 91.5890903, 46.593111 ], [ 91.6269436, 46.6171131 ], [ 91.6931705, 46.6299381 ], [ 91.9055843, 46.6152935 ], [ 91.9217358, 46.6888218 ], [ 91.8470325, 46.7352161 ], [ 91.7924328, 46.7508602 ], [ 91.7901287, 46.7832737 ], [ 91.6784267, 46.8178196 ], [ 91.6454563, 46.8589382 ], [ 91.59585, 46.8777218 ], [ 91.472456, 46.8903675 ], [ 91.4088955, 46.9417171 ], [ 91.4030285, 47.0119152 ], [ 91.4611149, 47.0903034 ], [ 91.4794292, 47.182642 ], [ 91.4042454, 47.2418728 ], [ 91.2985859, 47.3092327 ], [ 91.2985439, 47.3350201 ], [ 91.2079601, 47.3999386 ], [ 91.255312, 47.4549351 ], [ 91.2353344, 47.5962276 ], [ 91.1681995, 47.6085491 ], [ 91.1928921, 47.6901684 ], [ 91.1606617, 47.7172909 ], [ 91.108942, 47.7122593 ], [ 91.0643902, 47.735548 ], [ 91.067255, 47.7992535 ], [ 91.0410175, 47.8234386 ], [ 91.0644779, 47.8572941 ], [ 91.0201702, 47.8822269 ], [ 90.9915943, 47.9466915 ], [ 90.9574223, 47.9711628 ], [ 90.9461079, 48.0348911 ], [ 90.8320942, 48.0747166 ], [ 90.8058987, 48.1546001 ], [ 90.8191624, 48.1737309 ], [ 90.7834644, 48.307127 ], [ 90.8138752, 48.3811092 ], [ 90.8542957, 48.4032459 ], [ 90.8381481, 48.4491138 ], [ 90.7701855, 48.4801426 ], [ 90.7765293, 48.526865 ], [ 90.7362385, 48.562994 ], [ 90.6503658, 48.6040325 ], [ 90.6823406, 48.6349773 ], [ 90.7842274, 48.6395206 ], [ 90.9019566, 48.6183872 ], [ 90.9773426, 48.6319904 ], [ 91.1623402, 48.7069263 ], [ 91.2683201, 48.6881504 ], [ 91.3506069, 48.6831036 ], [ 91.3910084, 48.6978931 ], [ 91.4818745, 48.7681675 ], [ 91.5285015, 48.7844372 ], [ 91.5346622, 48.8166447 ], [ 91.5934734, 48.8442974 ], [ 91.6257496, 48.8898754 ], [ 91.6808109, 48.9030857 ], [ 91.7958279, 48.9663601 ], [ 91.906374, 48.9399853 ], [ 91.8941174, 48.91012 ], [ 91.9352589, 48.8856449 ], [ 91.9308643, 48.8438053 ], [ 91.9671803, 48.7849331 ], [ 91.9642277, 48.7519741 ], [ 92.1226139, 48.7677097 ], [ 92.2016735, 48.7471066 ], [ 92.1870251, 48.6705799 ], [ 92.2327633, 48.6004887 ], [ 92.2738857, 48.630312 ], [ 92.600462, 48.6098652 ], [ 92.671957, 48.5961208 ], [ 92.774828, 48.5300388 ], [ 92.8673534, 48.5444775 ], [ 92.9418316, 48.6423969 ], [ 92.9727573, 48.6481037 ], [ 93.1957684, 48.6147022 ], [ 93.2323208, 48.5410557 ], [ 93.2754269, 48.4841328 ], [ 93.3923588, 48.4198093 ] ] ] ] } },
{ "type": "Feature", "properties": { "POLYGON_ID": "MNG_GAUL2007_ADM1_2097", "ADM0_ISO3": "MNG", "ADM0_NAME": "Mongolia", "ADM0_CODE": 167, "ADM1_NAME": "Zavxan", "ADM1_CODE": 2097, "GEOSET": "GAUL", "GEOSET_YEAR": 2007.0, "GEOSET_VERSION": "GAUL_v1", "GEOSET_UNIT": "ADM1", "CENTROID_LONG": 96.445604282044016, "CENTROID_LAT": 48.302510816534962 }, "geometry": { "type": "MultiPolygon", "coordinates": [ [ [ [ 95.97378, 49.97974 ], [ 95.99414, 49.98526 ], [ 96.01577, 50.0 ], [ 96.02081, 50.00344 ], [ 96.0289368, 50.0072106 ], [ 96.07382, 50.01966 ], [ 96.21227, 49.98979 ], [ 96.30199, 49.98713 ], [ 96.40828, 49.90231 ], [ 96.45289, 49.90068 ], [ 96.48206, 49.92333 ], [ 96.52355, 49.95111 ], [ 96.61176, 49.982 ], [ 96.67583, 49.96626 ], [ 96.66627, 49.91183 ], [ 96.6805671, 49.9043915 ], [ 96.71943, 49.9090566 ], [ 96.7299, 49.91411 ], [ 96.77473, 49.94044 ], [ 96.8394495, 49.94358 ], [ 97.00297, 49.9145 ], [ 97.08795, 49.84015 ], [ 97.14422, 49.82618 ], [ 97.1460914, 49.8249822 ], [ 97.119963, 49.792101 ], [ 97.1190293, 49.7911395 ], [ 97.0776196, 49.7681522 ], [ 97.1266766, 49.732626 ], [ 97.064188, 49.6846714 ], [ 96.9601612, 49.5805302 ], [ 96.9286823, 49.5708828 ], [ 96.8352604, 49.4702892 ], [ 96.8557987, 49.3852367 ], [ 97.0827503, 49.2455044 ], [ 97.1415615, 49.2029819 ], [ 97.3069592, 49.2096844 ], [ 97.3733044, 49.192976 ], [ 97.4469395, 49.2167072 ], [ 97.5045643, 49.1920872 ], [ 97.6318073, 49.162611 ], [ 97.7647228, 49.0963688 ], [ 97.8226795, 49.0529461 ], [ 97.9378109, 49.0071735 ], [ 98.0218945, 49.016943 ], [ 98.0904217, 49.006567 ], [ 98.2231655, 49.0571117 ], [ 98.2613735, 49.0358982 ], [ 98.3990726, 49.0501614 ], [ 98.4404964, 49.0400448 ], [ 98.451601, 49.0073605 ], [ 98.5690937, 48.9741001 ], [ 98.7106571, 49.0238171 ], [ 98.7581953, 49.1103905 ], [ 98.8682461, 49.1250591 ], [ 98.9287128, 49.106493 ], [ 99.0172596, 49.1273098 ], [ 99.0383015, 49.1477451 ], [ 99.1130466, 49.1401958 ], [ 99.0897503, 49.0770512 ], [ 99.1115971, 49.0537128 ], [ 99.1208668, 48.9283466 ], [ 99.1946316, 48.8698139 ], [ 99.207346, 48.8429203 ], [ 99.16395, 48.7572613 ], [ 99.0834522, 48.6726933 ], [ 99.0738163, 48.5126514 ], [ 99.1141644, 48.3967381 ], [ 99.0808964, 48.3113461 ], [ 98.9899349, 48.3054333 ], [ 98.9076748, 48.261076 ], [ 98.8042164, 48.224966 ], [ 98.7058659, 48.2320919 ], [ 98.6814632, 48.1670208 ], [ 98.6182919, 48.1562595 ], [ 98.5525036, 48.1077404 ], [ 98.4961033, 48.0814953 ], [ 98.4092388, 48.1146984 ], [ 98.267374, 48.0944996 ], [ 98.2386494, 48.0725155 ], [ 98.2154713, 47.9893703 ], [ 98.1751881, 47.9509602 ], [ 98.1880207, 47.9045467 ], [ 98.2204914, 47.878088 ], [ 98.2018108, 47.8527737 ], [ 98.1882343, 47.7332706 ], [ 98.2025356, 47.6984997 ], [ 98.2689533, 47.6487064 ], [ 98.344347, 47.6568851 ], [ 98.4094296, 47.6428852 ], [ 98.382967, 47.6110134 ], [ 98.3726025, 47.5435276 ], [ 98.2468739, 47.4458714 ], [ 98.3079205, 47.3855686 ], [ 98.2471142, 47.3029575 ], [ 98.1502361, 47.2535152 ], [ 98.0729046, 47.2266064 ], [ 97.9684544, 47.2175808 ], [ 97.8920307, 47.2228756 ], [ 97.8539753, 47.1616955 ], [ 97.8701115, 47.097208 ], [ 97.8355503, 47.0519352 ], [ 97.7884121, 47.0376835 ], [ 97.7683582, 46.9331188 ], [ 97.7735081, 46.8821125 ], [ 97.7452831, 46.8300381 ], [ 97.7402706, 46.7648983 ], [ 97.6695881, 46.675684 ], [ 97.6322536, 46.6023693 ], [ 97.5301113, 46.5913029 ], [ 97.4658451, 46.6370487 ], [ 97.4311047, 46.7174397 ], [ 97.3856068, 46.7195797 ], [ 97.3512402, 46.6472187 ], [ 97.2757244, 46.5864658 ], [ 97.2094593, 46.5655079 ], [ 97.0182018, 46.5995808 ], [ 96.9869909, 46.5894842 ], [ 96.9414908, 46.6563199 ], [ 96.9450735, 46.698297 ], [ 96.8777714, 46.7401257 ], [ 96.7913858, 46.874879 ], [ 96.7317028, 46.8970737 ], [ 96.661345, 46.9604449 ], [ 96.5527096, 46.8929005 ], [ 96.3606663, 46.845705 ], [ 96.2897358, 46.8617268 ], [ 96.308691, 46.892046 ], [ 96.2410908, 46.9764462 ], [ 96.2723217, 47.1019382 ], [ 96.2657795, 47.2027416 ], [ 96.2306957, 47.2040539 ], [ 96.163023, 47.2595882 ], [ 96.1719608, 47.2909222 ], [ 95.8885136, 47.3769817 ], [ 95.7563839, 47.438715 ], [ 95.4403973, 47.5597363 ], [ 95.3257771, 47.5702534 ], [ 95.2928181, 47.5838108 ], [ 95.2083988, 47.5804806 ], [ 95.0879154, 47.5492001 ], [ 95.0329647, 47.586874 ], [ 95.0301609, 47.6122837 ], [ 94.9772625, 47.652216 ], [ 94.7461605, 47.6704426 ], [ 94.6288013, 47.6690731 ], [ 94.4956226, 47.6765194 ], [ 94.4263592, 47.6970692 ], [ 94.2815304, 47.7249813 ], [ 94.2144756, 47.766386 ], [ 94.1950855, 47.7934246 ], [ 94.1206532, 47.779871 ], [ 93.9936466, 47.7337742 ], [ 93.6259785, 47.6647129 ], [ 93.5443554, 47.6975689 ], [ 93.3914433, 47.7846508 ], [ 93.3602047, 47.8171177 ], [ 93.2996655, 47.8379803 ], [ 93.2717304, 47.868803 ], [ 93.2858639, 47.9526386 ], [ 93.2547779, 48.0159245 ], [ 93.3529644, 48.0760899 ], [ 93.4200954, 48.1441708 ], [ 93.4100933, 48.2140369 ], [ 93.4740124, 48.2628651 ], [ 93.5065556, 48.3749371 ], [ 93.4537373, 48.4061413 ], [ 93.3923588, 48.4198093 ], [ 93.4776669, 48.4891605 ], [ 93.5606709, 48.5307636 ], [ 93.6367664, 48.5489979 ], [ 93.6517353, 48.6521282 ], [ 93.7344151, 48.701086 ], [ 93.7723904, 48.6800022 ], [ 93.8799229, 48.7049122 ], [ 94.0381985, 48.7606754 ], [ 94.1328487, 48.8077679 ], [ 94.2464123, 48.7582111 ], [ 94.4820423, 48.7167225 ], [ 94.6579609, 48.7207813 ], [ 94.6496792, 48.6819019 ], [ 94.7484531, 48.6735249 ], [ 94.8586826, 48.693449 ], [ 95.0002422, 48.6823635 ], [ 95.1772976, 48.7366314 ], [ 95.2126637, 48.7701054 ], [ 95.3141613, 48.796442 ], [ 95.3297863, 48.8510494 ], [ 95.4190121, 48.8279438 ], [ 95.5083675, 48.8608837 ], [ 95.5297375, 49.0201168 ], [ 95.5003414, 49.0646153 ], [ 95.5511951, 49.1208172 ], [ 95.5380192, 49.1725292 ], [ 95.6558094, 49.2420254 ], [ 95.6770649, 49.2667561 ], [ 95.6889172, 49.3566914 ], [ 95.6022739, 49.4362049 ], [ 95.5554142, 49.4427013 ], [ 95.4634228, 49.4956646 ], [ 95.452013, 49.5589657 ], [ 95.3766155, 49.6569576 ], [ 95.4197483, 49.7292614 ], [ 95.4373531, 49.7908573 ], [ 95.472086, 49.8304539 ], [ 95.447401, 49.8850765 ], [ 95.5018515, 49.9212106 ], [ 95.52165, 49.92358 ], [ 95.5643269, 49.9376706 ], [ 95.57644, 49.94167 ], [ 95.63916, 49.95609 ], [ 95.65329, 49.95826 ], [ 95.6900362, 49.9601625 ], [ 95.72398, 49.96192 ], [ 95.73766, 49.96533 ], [ 95.74561, 49.97025 ], [ 95.75922, 50.01227 ], [ 95.7643162, 50.0153502 ], [ 95.771, 50.01939 ], [ 95.7785152, 50.0239175 ], [ 95.78486, 50.02774 ], [ 95.8185, 50.03853 ], [ 95.83437, 50.04105 ], [ 95.845596, 50.0411252 ], [ 95.86275, 50.04124 ], [ 95.88386, 50.03629 ], [ 95.8888665, 50.0338104 ], [ 95.89866, 50.02896 ], [ 95.90647, 50.00919 ], [ 95.9074708, 50.0054113 ], [ 95.9095798, 50.0006238 ], [ 95.91038, 50.0 ], [ 95.9112534, 49.9993182 ], [ 95.91348, 49.99758 ], [ 95.95347, 49.98266 ], [ 95.97378, 49.97974 ] ] ] ] } }
]
}
