{
"type": "FeatureCollection",
"name": "PER_GAUL1999_ADM2",
"crs": { "type": "name", "properties": { "name": "urn:ogc:def:crs:OGC:1.3:CRS84" } },
"features": [
{ "type": "Feature", "properties": { "POLYGON_ID": "PER_GAUL1999_ADM2_24142", "ADM0_ISO3": "PER", "ADM0_NAME": "Peru", "ADM0_CODE": 195, "ADM1_NAME": "Loreto", "ADM1_CODE": 2343, "ADM2_NAME": "Alto Amazonas", "ADM2_CODE": 24142, "GEOSET": "GAUL", "GEOSET_YEAR": 1999.0, "GEOSET_VERSION": "GAUL_v1", "GEOSET_UNIT": "ADM2", "CENTROID_LONG": -76.725950880799601, "CENTROID_LAT": -4.4699895117986088 }, "geometry": { "type": "MultiPolygon", "coordinates": [ [ [ [ -75.497298, -5.789284 ], [ -75.531433, -5.899127 ], [ -75.606209, -5.976788 ], [ -75.703346, -6.096481 ], [ -75.708756, -6.124234 ], [ -75.727516, -6.143395 ], [ -75.815497, -6.102754 ], [ -75.844566, -6.145285 ], [ -75.917434, -6.140833 ], [ -75.959512, -6.097849 ], [ -76.076028, -6.100787 ], [ -76.12941, -6.148232 ], [ -76.213829, -6.140387 ], [ -76.280343, -6.119439 ], [ -76.344284, -6.054504 ], [ -76.340774, -5.911042 ], [ -76.551262, -6.024 ], [ -76.59604, -6.003716 ], [ -76.661285, -6.003395 ], [ -76.688819, -6.032661 ], [ -76.752343, -5.942419 ], [ -76.789559, -5.838581 ], [ -76.843474, -5.770494 ], [ -76.889991, -5.7715 ], [ -76.905533, -5.737832 ], [ -76.96351, -5.717926 ], [ -76.993462, -5.685683 ], [ -77.157243, -5.609881 ], [ -77.19429, -5.625626 ], [ -77.254959, -5.568554 ], [ -77.338708, -5.596592 ], [ -77.388778, -5.56519 ], [ -77.437112, -5.574997 ], [ -77.48854, -5.552602 ], [ -77.491585, -5.486947 ], [ -77.564171, -5.411674 ], [ -77.610786, -5.384951 ], [ -77.694802, -5.410936 ], [ -77.677604, -5.28551 ], [ -77.710991, -5.167296 ], [ -77.715736, -5.108538 ], [ -77.736481, -4.948417 ], [ -77.763741, -4.927458 ], [ -77.804397, -4.853445 ], [ -77.794327, -4.758873 ], [ -77.719765, -4.661298 ], [ -77.679329, -4.643788 ], [ -77.654359, -4.592507 ], [ -77.646988, -4.517644 ], [ -77.596077, -4.480839 ], [ -77.567681, -4.397178 ], [ -77.58361, -4.260214 ], [ -77.543342, -4.077322 ], [ -77.545968, -3.930792 ], [ -77.583496, -3.858076 ], [ -77.633758, -3.808487 ], [ -77.627556, -3.652441 ], [ -77.664002, -3.572065 ], [ -77.708176, -3.542395 ], [ -77.760108, -3.451207 ], [ -77.772744, -3.400189 ], [ -77.781152, -3.178641 ], [ -77.792693, -3.048461 ], [ -77.806268, -3.016075 ], [ -77.807312, -2.995535 ], [ -77.808173, -2.994022 ], [ -77.8102283, -2.9919404 ], [ -77.8049406, -2.9897982 ], [ -77.62604, -2.92887 ], [ -77.5625521, -2.9084404 ], [ -77.50134, -2.88801 ], [ -77.4109726, -2.8577309 ], [ -77.22348, -2.79462 ], [ -77.17868, -2.7799 ], [ -77.02511, -2.72834 ], [ -77.0183979, -2.7260643 ], [ -76.69128, -2.61386 ], [ -76.6474, -2.59869 ], [ -76.62732, -2.59059 ], [ -76.6136702, -2.5796531 ], [ -76.540517, -2.5213912 ], [ -76.5352119, -2.5172059 ], [ -76.533386, -2.520436 ], [ -76.527894, -2.533438 ], [ -76.523475, -2.541718 ], [ -76.517113, -2.549855 ], [ -76.441879, -2.644111 ], [ -76.427566, -2.675239 ], [ -76.36409, -2.744032 ], [ -76.317826, -2.825692 ], [ -76.363053, -2.861303 ], [ -76.338356, -2.896053 ], [ -76.31572, -2.988235 ], [ -76.36316, -3.062079 ], [ -76.355735, -3.134218 ], [ -76.326432, -3.205065 ], [ -76.324271, -3.282164 ], [ -76.29026, -3.344398 ], [ -76.246468, -3.38351 ], [ -76.2529, -3.409914 ], [ -76.226066, -3.496352 ], [ -76.225136, -3.542781 ], [ -76.26255, -3.670848 ], [ -76.245201, -3.745781 ], [ -76.249336, -3.793513 ], [ -76.19635, -3.918633 ], [ -76.184875, -3.990068 ], [ -76.148354, -4.054845 ], [ -76.065833, -4.153605 ], [ -76.019608, -4.255906 ], [ -75.999023, -4.379331 ], [ -75.89978, -4.483036 ], [ -75.881583, -4.538328 ], [ -75.891908, -4.583044 ], [ -75.872398, -4.634503 ], [ -75.830711, -4.663081 ], [ -75.747841, -4.88069 ], [ -75.672249, -4.930505 ], [ -75.532983, -4.937534 ], [ -75.426057, -4.986795 ], [ -75.366088, -5.057547 ], [ -75.504958, -5.079962 ], [ -75.541144, -5.140548 ], [ -75.617653, -5.202208 ], [ -75.631981, -5.276118 ], [ -75.591363, -5.364129 ], [ -75.601571, -5.422149 ], [ -75.637695, -5.502475 ], [ -75.568084, -5.573484 ], [ -75.455307, -5.573682 ], [ -75.490716, -5.702811 ], [ -75.497298, -5.789284 ] ] ] ] } },
{ "type": "Feature", "properties": { "POLYGON_ID": "PER_GAUL1999_ADM2_24005", "ADM0_ISO3": "PER", "ADM0_NAME": "Peru", "ADM0_CODE": 195, "ADM1_NAME": "Amazonas", "ADM1_CODE": 2328, "ADM2_NAME": "Bagua", "ADM2_CODE": 24005, "GEOSET": "GAUL", "GEOSET_YEAR": 1999.0, "GEOSET_VERSION": "GAUL_v1", "GEOSET_UNIT": "ADM2", "CENTROID_LONG": -78.4038557896356, "CENTROID_LAT": -5.0786313193304036 }, "geometry": { "type": "MultiPolygon", "coordinates": [ [ [ [ -78.102081, -5.350912 ], [ -78.305497, -5.511423 ], [ -78.299126, -5.579546 ], [ -78.372223, -5.63066 ], [ -78.453262, -5.723503 ], [ -78.502892, -5.691463 ], [ -78.563324, -5.595411 ], [ -78.554152, -5.538565 ], [ -78.552842, -5.480064 ], [ -78.497056, -5.412128 ], [ -78.57335, -5.320641 ], [ -78.603751, -5.279484 ], [ -78.64138, -5.295074 ], [ -78.68348, -5.267667 ], [ -78.702782, -5.206281 ], [ -78.705544, -5.127056 ], [ -78.692703, -5.088716 ], [ -78.632309, -5.037841 ], [ -78.65773, -5.011002 ], [ -78.640869, -4.795264 ], [ -78.627898, -4.772832 ], [ -78.643966, -4.669822 ], [ -78.679596, -4.665483 ], [ -78.7099653, -4.6246202 ], [ -78.69729, -4.60959 ], [ -78.657561, -4.5590854 ], [ -78.65529, -4.55583 ], [ -78.6273668, -4.5091853 ], [ -78.6245295, -4.5036883 ], [ -78.581199, -4.5324 ], [ -78.562768, -4.592491 ], [ -78.476746, -4.611292 ], [ -78.440964, -4.597478 ], [ -78.398269, -4.537582 ], [ -78.366363, -4.551542 ], [ -78.354218, -4.673205 ], [ -78.299377, -4.705564 ], [ -78.268456, -4.69926 ], [ -78.238312, -4.643302 ], [ -78.157533, -4.64085 ], [ -78.120171, -4.6991 ], [ -78.147185, -4.778152 ], [ -78.120736, -4.833792 ], [ -78.166474, -4.891065 ], [ -78.172814, -4.990973 ], [ -78.193176, -5.028677 ], [ -78.130539, -5.14074 ], [ -78.10395, -5.166886 ], [ -78.097099, -5.235716 ], [ -78.069389, -5.284264 ], [ -78.102081, -5.350912 ] ] ] ] } },
{ "type": "Feature", "properties": { "POLYGON_ID": "PER_GAUL1999_ADM2_24006", "ADM0_ISO3": "PER", "ADM0_NAME": "Peru", "ADM0_CODE": 195, "ADM1_NAME": "Amazonas", "ADM1_CODE": 2328, "ADM2_NAME": "Bongará", "ADM2_CODE": 24006, "GEOSET": "GAUL", "GEOSET_YEAR": 1999.0, "GEOSET_VERSION": "GAUL_v1", "GEOSET_UNIT": "ADM2", "CENTROID_LONG": -77.866183632386495, "CENTROID_LAT": -5.6764779242522234 }, "geometry": { "type": "MultiPolygon", "coordinates": [ [ [ [ -77.694802, -5.410936 ], [ -77.743981, -5.405536 ], [ -77.752708, -5.537893 ], [ -77.731957, -5.612774 ], [ -77.772728, -5.688917 ], [ -77.762994, -5.815113 ], [ -77.686294, -5.836332 ], [ -77.651672, -5.933478 ], [ -77.658227, -5.962425 ], [ -77.713516, -5.941817 ], [ -77.77095, -5.963669 ], [ -77.801712, -6.029067 ], [ -77.826737, -6.130304 ], [ -77.89138, -6.103451 ], [ -77.974151, -5.977723 ], [ -78.038199, -5.989405 ], [ -78.077339, -5.928707 ], [ -78.128296, -5.894035 ], [ -78.098435, -5.851474 ], [ -78.089738, -5.798514 ], [ -78.057189, -5.775853 ], [ -78.069038, -5.715544 ], [ -77.983537, -5.574728 ], [ -77.973832, -5.512802 ], [ -77.915413, -5.484351 ], [ -77.946214, -5.385922 ], [ -77.715736, -5.108538 ], [ -77.710991, -5.167296 ], [ -77.677604, -5.28551 ], [ -77.694802, -5.410936 ] ] ] ] } },
{ "type": "Feature", "properties": { "POLYGON_ID": "PER_GAUL1999_ADM2_24007", "ADM0_ISO3": "PER", "ADM0_NAME": "Peru", "ADM0_CODE": 195, "ADM1_NAME": "Amazonas", "ADM1_CODE": 2328, "ADM2_NAME": "Chachapoyas", "ADM2_CODE": 24007, "GEOSET": "GAUL", "GEOSET_YEAR": 1999.0, "GEOSET_VERSION": "GAUL_v1", "GEOSET_UNIT": "ADM2", "CENTROID_LONG": -77.774945810711628, "CENTROID_LAT": -6.4356278434251468 }, "geometry": { "type": "MultiPolygon", "coordinates": [ [ [ [ -77.658227, -5.962425 ], [ -77.619256, -6.010148 ], [ -77.584465, -5.997298 ], [ -77.534957, -6.024201 ], [ -77.52324, -6.065159 ], [ -77.484803, -6.167798 ], [ -77.53173, -6.257149 ], [ -77.620117, -6.316231 ], [ -77.702369, -6.338735 ], [ -77.749572, -6.394529 ], [ -77.71608, -6.470041 ], [ -77.728791, -6.510425 ], [ -77.702638, -6.584807 ], [ -77.627547, -6.612644 ], [ -77.660804, -6.645243 ], [ -77.714995, -6.637683 ], [ -77.734901, -6.673761 ], [ -77.758903, -6.804484 ], [ -77.713425, -6.910156 ], [ -77.750267, -6.96545 ], [ -77.854317, -6.952789 ], [ -77.926246, -6.987484 ], [ -77.999283, -6.968695 ], [ -77.995903, -6.903229 ], [ -78.037101, -6.743772 ], [ -77.999527, -6.701355 ], [ -77.932755, -6.701216 ], [ -77.901207, -6.67909 ], [ -77.811539, -6.655412 ], [ -77.824777, -6.546996 ], [ -77.852448, -6.504836 ], [ -77.876609, -6.40808 ], [ -77.917572, -6.369064 ], [ -77.940393, -6.260538 ], [ -77.902153, -6.199893 ], [ -77.89138, -6.103451 ], [ -77.826737, -6.130304 ], [ -77.801712, -6.029067 ], [ -77.77095, -5.963669 ], [ -77.713516, -5.941817 ], [ -77.658227, -5.962425 ] ] ] ] } },
{ "type": "Feature", "properties": { "POLYGON_ID": "PER_GAUL1999_ADM2_24008", "ADM0_ISO3": "PER", "ADM0_NAME": "Peru", "ADM0_CODE": 195, "ADM1_NAME": "Amazonas", "ADM1_CODE": 2328, "ADM2_NAME": "Condorcanqui", "ADM2_CODE": 24008, "GEOSET": "GAUL", "GEOSET_YEAR": 1999.0, "GEOSET_VERSION": "GAUL_v1", "GEOSET_UNIT": "ADM2", "CENTROID_LONG": -78.025627354295295, "CENTROID_LAT": -4.184299545839977 }, "geometry": { "type": "MultiPolygon", "coordinates": [ [ [ [ -77.715736, -5.108538 ], [ -77.946214, -5.385922 ], [ -78.008049, -5.367605 ], [ -78.077966, -5.401758 ], [ -78.102081, -5.350912 ], [ -78.069389, -5.284264 ], [ -78.097099, -5.235716 ], [ -78.10395, -5.166886 ], [ -78.130539, -5.14074 ], [ -78.193176, -5.028677 ], [ -78.172814, -4.990973 ], [ -78.166474, -4.891065 ], [ -78.120736, -4.833792 ], [ -78.147185, -4.778152 ], [ -78.120171, -4.6991 ], [ -78.157533, -4.64085 ], [ -78.238312, -4.643302 ], [ -78.268456, -4.69926 ], [ -78.299377, -4.705564 ], [ -78.354218, -4.673205 ], [ -78.366363, -4.551542 ], [ -78.398269, -4.537582 ], [ -78.440964, -4.597478 ], [ -78.476746, -4.611292 ], [ -78.562768, -4.592491 ], [ -78.581199, -4.5324 ], [ -78.6245295, -4.5036883 ], [ -78.62084, -4.49654 ], [ -78.60909, -4.44732 ], [ -78.6107413, -4.4344163 ], [ -78.61227, -4.42247 ], [ -78.61524, -4.41465 ], [ -78.61729, -4.40567 ], [ -78.630896, -4.3486956 ], [ -78.63071, -4.34031 ], [ -78.62149, -4.30053 ], [ -78.61484, -4.29042 ], [ -78.60773, -4.28399 ], [ -78.56828, -4.23735 ], [ -78.5744905, -4.175422 ], [ -78.57506, -4.16787 ], [ -78.5751768, -4.1613396 ], [ -78.57527, -4.15613 ], [ -78.5652749, -4.1134852 ], [ -78.56261, -4.10623 ], [ -78.55985, -4.09565 ], [ -78.55939, -4.09289 ], [ -78.5547762, -4.0794045 ], [ -78.55006, -4.06562 ], [ -78.5331629, -4.0318555 ], [ -78.53299, -4.03151 ], [ -78.52266, -4.00852 ], [ -78.49419, -3.93932 ], [ -78.48364, -3.92024 ], [ -78.47218, -3.90484 ], [ -78.44261, -3.87244 ], [ -78.4337568, -3.8633621 ], [ -78.3766013, -3.7871824 ], [ -78.3590615, -3.7216389 ], [ -78.35684, -3.71245 ], [ -78.3472045, -3.5334421 ], [ -78.34589, -3.52036 ], [ -78.31948, -3.4293 ], [ -78.31078, -3.42126 ], [ -78.24857, -3.42869 ], [ -78.24332, -3.43836 ], [ -78.24036, -3.45309 ], [ -78.22442, -3.53616 ], [ -78.21595, -3.53548 ], [ -78.14479, -3.52681 ], [ -78.13993, -3.45574 ], [ -78.1637, -3.42741 ], [ -78.1725326, -3.4155358 ], [ -78.1765, -3.41176 ], [ -78.1805187, -3.4053625 ], [ -78.1854, -3.3961 ], [ -78.19089, -3.38896 ], [ -78.19521, -3.36411 ], [ -78.14165, -3.31955 ], [ -78.1294326, -3.3074041 ], [ -78.1070862, -3.281394 ], [ -78.0993, -3.26921 ], [ -78.0967571, -3.2621916 ], [ -78.09655, -3.26162 ], [ -78.0954, -3.2538 ], [ -78.09401, -3.22988 ], [ -78.09057, -3.21953 ], [ -78.0884015, -3.2184386 ], [ -78.086, -3.21723 ], [ -78.0636961, -3.2246982 ], [ -78.06222, -3.22485 ], [ -78.05581, -3.22141 ], [ -78.04734, -3.20922 ], [ -78.03841, -3.19428 ], [ -78.02605, -3.17611 ], [ -77.98348, -3.12347 ], [ -77.9734417, -3.1155656 ], [ -77.95168, -3.09843 ], [ -77.85894, -3.0251839 ], [ -77.8446371, -3.0121389 ], [ -77.83366, -3.00282 ], [ -77.82405, -2.99754 ], [ -77.8102283, -2.9919404 ], [ -77.808173, -2.994022 ], [ -77.807312, -2.995535 ], [ -77.806268, -3.016075 ], [ -77.792693, -3.048461 ], [ -77.781152, -3.178641 ], [ -77.772744, -3.400189 ], [ -77.760108, -3.451207 ], [ -77.708176, -3.542395 ], [ -77.664002, -3.572065 ], [ -77.627556, -3.652441 ], [ -77.633758, -3.808487 ], [ -77.583496, -3.858076 ], [ -77.545968, -3.930792 ], [ -77.543342, -4.077322 ], [ -77.58361, -4.260214 ], [ -77.567681, -4.397178 ], [ -77.596077, -4.480839 ], [ -77.646988, -4.517644 ], [ -77.654359, -4.592507 ], [ -77.679329, -4.643788 ], [ -77.719765, -4.661298 ], [ -77.794327, -4.758873 ], [ -77.804397, -4.853445 ], [ -77.763741, -4.927458 ], [ -77.736481, -4.948417 ], [ -77.715736, -5.108538 ] ] ] ] } },
{ "type": "Feature", "properties": { "POLYGON_ID": "PER_GAUL1999_ADM2_24009", "ADM0_ISO3": "PER", "ADM0_NAME": "Peru", "ADM0_CODE": 195, "ADM1_NAME": "Amazonas", "ADM1_CODE": 2328, "ADM2_NAME": "Luya", "ADM2_CODE": 24009, "GEOSET": "GAUL", "GEOSET_YEAR": 1999.0, "GEOSET_VERSION": "GAUL_v1", "GEOSET_UNIT": "ADM2", "CENTROID_LONG": -78.095729789064293, "CENTROID_LAT": -6.3058143858413258 }, "geometry": { "type": "MultiPolygon", "coordinates": [ [ [ [ -77.89138, -6.103451 ], [ -77.902153, -6.199893 ], [ -77.940393, -6.260538 ], [ -77.917572, -6.369064 ], [ -77.876609, -6.40808 ], [ -77.852448, -6.504836 ], [ -77.824777, -6.546996 ], [ -77.811539, -6.655412 ], [ -77.901207, -6.67909 ], [ -77.932755, -6.701216 ], [ -77.999527, -6.701355 ], [ -78.037101, -6.743772 ], [ -78.046441, -6.690543 ], [ -78.108581, -6.641664 ], [ -78.138007, -6.563536 ], [ -78.136239, -6.527306 ], [ -78.190865, -6.456521 ], [ -78.278892, -6.388867 ], [ -78.333008, -6.350389 ], [ -78.370292, -6.239946 ], [ -78.474959, -6.13414 ], [ -78.419374, -6.083468 ], [ -78.399613, -6.04217 ], [ -78.297433, -6.050169 ], [ -78.220895, -6.074718 ], [ -78.163367, -6.01593 ], [ -78.129105, -5.950341 ], [ -78.128296, -5.894035 ], [ -78.077339, -5.928707 ], [ -78.038199, -5.989405 ], [ -77.974151, -5.977723 ], [ -77.89138, -6.103451 ] ] ] ] } },
{ "type": "Feature", "properties": { "POLYGON_ID": "PER_GAUL1999_ADM2_24010", "ADM0_ISO3": "PER", "ADM0_NAME": "Peru", "ADM0_CODE": 195, "ADM1_NAME": "Amazonas", "ADM1_CODE": 2328, "ADM2_NAME": "Rodríguez de Mendoza", "ADM2_CODE": 24010, "GEOSET": "GAUL", "GEOSET_YEAR": 1999.0, "GEOSET_VERSION": "GAUL_v1", "GEOSET_UNIT": "ADM2", "CENTROID_LONG": -77.447489342824028, "CENTROID_LAT": -6.3761946634710558 }, "geometry": { "type": "MultiPolygon", "coordinates": [ [ [ [ -77.19729, -6.233227 ], [ -77.13292, -6.302267 ], [ -77.148231, -6.359699 ], [ -77.156951, -6.397257 ], [ -77.198119, -6.422503 ], [ -77.251679, -6.38822 ], [ -77.325753, -6.467386 ], [ -77.335152, -6.537565 ], [ -77.392899, -6.596196 ], [ -77.434746, -6.605084 ], [ -77.375862, -6.704771 ], [ -77.388085, -6.739312 ], [ -77.480278, -6.687853 ], [ -77.555198, -6.667895 ], [ -77.564499, -6.642941 ], [ -77.627547, -6.612644 ], [ -77.702638, -6.584807 ], [ -77.728791, -6.510425 ], [ -77.71608, -6.470041 ], [ -77.749572, -6.394529 ], [ -77.702369, -6.338735 ], [ -77.620117, -6.316231 ], [ -77.53173, -6.257149 ], [ -77.484803, -6.167798 ], [ -77.52324, -6.065159 ], [ -77.469407, -6.001419 ], [ -77.439384, -6.052221 ], [ -77.388368, -6.039378 ], [ -77.325195, -6.125604 ], [ -77.212487, -6.160475 ], [ -77.19729, -6.233227 ] ] ] ] } },
{ "type": "Feature", "properties": { "POLYGON_ID": "PER_GAUL1999_ADM2_24011", "ADM0_ISO3": "PER", "ADM0_NAME": "Peru", "ADM0_CODE": 195, "ADM1_NAME": "Amazonas", "ADM1_CODE": 2328, "ADM2_NAME": "Utcubamba", "ADM2_CODE": 24011, "GEOSET": "GAUL", "GEOSET_YEAR": 1999.0, "GEOSET_VERSION": "GAUL_v1", "GEOSET_UNIT": "ADM2", "CENTROID_LONG": -78.319138955570111, "CENTROID_LAT": -5.7608500031546379 }, "geometry": { "type": "MultiPolygon", "coordinates": [ [ [ [ -77.946214, -5.385922 ], [ -77.915413, -5.484351 ], [ -77.973832, -5.512802 ], [ -77.983537, -5.574728 ], [ -78.069038, -5.715544 ], [ -78.057189, -5.775853 ], [ -78.089738, -5.798514 ], [ -78.098435, -5.851474 ], [ -78.128296, -5.894035 ], [ -78.129105, -5.950341 ], [ -78.163367, -6.01593 ], [ -78.220895, -6.074718 ], [ -78.297433, -6.050169 ], [ -78.399613, -6.04217 ], [ -78.419374, -6.083468 ], [ -78.474959, -6.13414 ], [ -78.507417, -6.086478 ], [ -78.583572, -6.079151 ], [ -78.61196, -6.016295 ], [ -78.695726, -5.889219 ], [ -78.711174, -5.826475 ], [ -78.700623, -5.785594 ], [ -78.65226, -5.721005 ], [ -78.650704, -5.675304 ], [ -78.604836, -5.608762 ], [ -78.585037, -5.555695 ], [ -78.554152, -5.538565 ], [ -78.563324, -5.595411 ], [ -78.502892, -5.691463 ], [ -78.453262, -5.723503 ], [ -78.372223, -5.63066 ], [ -78.299126, -5.579546 ], [ -78.305497, -5.511423 ], [ -78.102081, -5.350912 ], [ -78.077966, -5.401758 ], [ -78.008049, -5.367605 ], [ -77.946214, -5.385922 ] ] ] ] } },
{ "type": "Feature", "properties": { "POLYGON_ID": "PER_GAUL1999_ADM2_24013", "ADM0_ISO3": "PER", "ADM0_NAME": "Peru", "ADM0_CODE": 195, "ADM1_NAME": "Ancash", "ADM1_CODE": 2329, "ADM2_NAME": "Antonio Raymondi", "ADM2_CODE": 24013, "GEOSET": "GAUL", "GEOSET_YEAR": 1999.0, "GEOSET_VERSION": "GAUL_v1", "GEOSET_UNIT": "ADM2", "CENTROID_LONG": -77.055687792117169, "CENTROID_LAT": -9.1330839462305171 }, "geometry": { "type": "MultiPolygon", "coordinates": [ [ [ [ -76.944474, -9.074218 ], [ -76.959252, -9.207442 ], [ -77.012582, -9.29946 ], [ -77.086503, -9.264576 ], [ -77.088119, -9.189797 ], [ -77.142128, -9.202314 ], [ -77.174614, -9.159357 ], [ -77.152482, -9.033563 ], [ -77.111587, -9.007603 ], [ -77.105919, -8.971985 ], [ -76.944474, -9.074218 ] ] ] ] } },
{ "type": "Feature", "properties": { "POLYGON_ID": "PER_GAUL1999_ADM2_24014", "ADM0_ISO3": "PER", "ADM0_NAME": "Peru", "ADM0_CODE": 195, "ADM1_NAME": "Ancash", "ADM1_CODE": 2329, "ADM2_NAME": "Asunción", "ADM2_CODE": 24014, "GEOSET": "GAUL", "GEOSET_YEAR": 1999.0, "GEOSET_VERSION": "GAUL_v1", "GEOSET_UNIT": "ADM2", "CENTROID_LONG": -77.39920477980256, "CENTROID_LAT": -9.1908945385496157 }, "geometry": { "type": "MultiPolygon", "coordinates": [ [ [ [ -77.362472, -9.064424 ], [ -77.362335, -9.113763 ], [ -77.262742, -9.206939 ], [ -77.285545, -9.286392 ], [ -77.319533, -9.324385 ], [ -77.408554, -9.273446 ], [ -77.47889, -9.270171 ], [ -77.531807, -9.199253 ], [ -77.518807, -9.138476 ], [ -77.490646, -9.10685 ], [ -77.438363, -9.060349 ], [ -77.362472, -9.064424 ] ] ] ] } },
{ "type": "Feature", "properties": { "POLYGON_ID": "PER_GAUL1999_ADM2_24016", "ADM0_ISO3": "PER", "ADM0_NAME": "Peru", "ADM0_CODE": 195, "ADM1_NAME": "Ancash", "ADM1_CODE": 2329, "ADM2_NAME": "Carhuaz", "ADM2_CODE": 24016, "GEOSET": "GAUL", "GEOSET_YEAR": 1999.0, "GEOSET_VERSION": "GAUL_v1", "GEOSET_UNIT": "ADM2", "CENTROID_LONG": -77.56644136998456, "CENTROID_LAT": -9.2915848459310819 }, "geometry": { "type": "MultiPolygon", "coordinates": [ [ [ [ -77.490646, -9.10685 ], [ -77.518807, -9.138476 ], [ -77.531807, -9.199253 ], [ -77.47889, -9.270171 ], [ -77.408554, -9.273446 ], [ -77.319533, -9.324385 ], [ -77.330947, -9.382104 ], [ -77.446235, -9.356085 ], [ -77.544144, -9.387205 ], [ -77.573197, -9.375194 ], [ -77.614091, -9.423199 ], [ -77.664376, -9.437713 ], [ -77.693375, -9.378519 ], [ -77.74469, -9.370724 ], [ -77.777008, -9.314972 ], [ -77.724358, -9.27689 ], [ -77.68724, -9.227476 ], [ -77.619103, -9.212539 ], [ -77.58854, -9.158252 ], [ -77.601219, -9.109376 ], [ -77.529396, -9.0842 ], [ -77.490646, -9.10685 ] ] ] ] } },
{ "type": "Feature", "properties": { "POLYGON_ID": "PER_GAUL1999_ADM2_24017", "ADM0_ISO3": "PER", "ADM0_NAME": "Peru", "ADM0_CODE": 195, "ADM1_NAME": "Ancash", "ADM1_CODE": 2329, "ADM2_NAME": "Carlos Fermin Fitzcarrald", "ADM2_CODE": 24017, "GEOSET": "GAUL", "GEOSET_YEAR": 1999.0, "GEOSET_VERSION": "GAUL_v1", "GEOSET_UNIT": "ADM2", "CENTROID_LONG": -77.245505721352558, "CENTROID_LAT": -9.0456086976289356 }, "geometry": { "type": "MultiPolygon", "coordinates": [ [ [ [ -77.105919, -8.971985 ], [ -77.111587, -9.007603 ], [ -77.152482, -9.033563 ], [ -77.174614, -9.159357 ], [ -77.222367, -9.168884 ], [ -77.262742, -9.206939 ], [ -77.362335, -9.113763 ], [ -77.362472, -9.064424 ], [ -77.360649, -8.977279 ], [ -77.320121, -8.945287 ], [ -77.174804, -8.926293 ], [ -77.160821, -8.896621 ], [ -77.105919, -8.971985 ] ] ] ] } },
{ "type": "Feature", "properties": { "POLYGON_ID": "PER_GAUL1999_ADM2_24018", "ADM0_ISO3": "PER", "ADM0_NAME": "Peru", "ADM0_CODE": 195, "ADM1_NAME": "Ancash", "ADM1_CODE": 2329, "ADM2_NAME": "Casma", "ADM2_CODE": 24018, "GEOSET": "GAUL", "GEOSET_YEAR": 1999.0, "GEOSET_VERSION": "GAUL_v1", "GEOSET_UNIT": "ADM2", "CENTROID_LONG": -78.1853074677297, "CENTROID_LAT": -9.4857557365975342 }, "geometry": { "type": "MultiPolygon", "coordinates": [ [ [ [ -78.055977, -9.274597 ], [ -78.054732, -9.337376 ], [ -78.00489, -9.383904 ], [ -78.034446, -9.410226 ], [ -77.995849, -9.446526 ], [ -77.929275, -9.407006 ], [ -77.900879, -9.441072 ], [ -77.947335, -9.540007 ], [ -77.958389, -9.595632 ], [ -78.00747, -9.682193 ], [ -78.041573, -9.689507 ], [ -78.085052, -9.719512 ], [ -78.144088, -9.715929 ], [ -78.2271971, -9.7947098 ], [ -78.2720097, -9.7560704 ], [ -78.3218164, -9.6617481 ], [ -78.3648535, -9.6204707 ], [ -78.3679882, -9.5553105 ], [ -78.3977382, -9.4721152 ], [ -78.3801114, -9.4454902 ], [ -78.4279414, -9.4112891 ], [ -78.4284088, -9.353471 ], [ -78.4282312, -9.352917 ], [ -78.428191, -9.3508318 ], [ -78.4282754, -9.350695 ], [ -78.428474, -9.3502455 ], [ -78.42875, -9.3492371 ], [ -78.4277099, -9.3493392 ], [ -78.40393, -9.345984 ], [ -78.360542, -9.263764 ], [ -78.263253, -9.202116 ], [ -78.214012, -9.208179 ], [ -78.143295, -9.266028 ], [ -78.055977, -9.274597 ] ] ] ] } },
{ "type": "Feature", "properties": { "POLYGON_ID": "PER_GAUL1999_ADM2_24019", "ADM0_ISO3": "PER", "ADM0_NAME": "Peru", "ADM0_CODE": 195, "ADM1_NAME": "Ancash", "ADM1_CODE": 2329, "ADM2_NAME": "Corongo", "ADM2_CODE": 24019, "GEOSET": "GAUL", "GEOSET_YEAR": 1999.0, "GEOSET_VERSION": "GAUL_v1", "GEOSET_UNIT": "ADM2", "CENTROID_LONG": -77.881851154989889, "CENTROID_LAT": -8.5695824474731737 }, "geometry": { "type": "MultiPolygon", "coordinates": [ [ [ [ -77.721855, -8.655231 ], [ -77.880096, -8.684039 ], [ -77.923285, -8.740885 ], [ -77.973481, -8.691553 ], [ -78.07534, -8.656678 ], [ -78.105377, -8.659805 ], [ -78.130288, -8.618434 ], [ -78.078232, -8.56969 ], [ -77.992676, -8.532315 ], [ -77.971001, -8.484765 ], [ -77.880837, -8.438973 ], [ -77.854241, -8.403163 ], [ -77.798744, -8.381092 ], [ -77.719558, -8.488427 ], [ -77.690597, -8.574494 ], [ -77.721855, -8.655231 ] ] ] ] } },
{ "type": "Feature", "properties": { "POLYGON_ID": "PER_GAUL1999_ADM2_24020", "ADM0_ISO3": "PER", "ADM0_NAME": "Peru", "ADM0_CODE": 195, "ADM1_NAME": "Ancash", "ADM1_CODE": 2329, "ADM2_NAME": "Huaraz", "ADM2_CODE": 24020, "GEOSET": "GAUL", "GEOSET_YEAR": 1999.0, "GEOSET_VERSION": "GAUL_v1", "GEOSET_UNIT": "ADM2", "CENTROID_LONG": -77.649162337818538, "CENTROID_LAT": -9.5623058833079302 }, "geometry": { "type": "MultiPolygon", "coordinates": [ [ [ [ -77.330947, -9.382104 ], [ -77.32692, -9.471587 ], [ -77.308578, -9.570543 ], [ -77.267113, -9.646691 ], [ -77.423936, -9.680071 ], [ -77.502999, -9.662588 ], [ -77.535659, -9.737268 ], [ -77.541503, -9.705778 ], [ -77.626052, -9.621976 ], [ -77.660941, -9.68333 ], [ -77.721573, -9.693543 ], [ -77.760254, -9.787879 ], [ -77.780158, -9.800015 ], [ -77.866371, -9.763422 ], [ -77.961288, -9.780134 ], [ -77.979439, -9.712118 ], [ -78.041573, -9.689507 ], [ -78.00747, -9.682193 ], [ -77.958389, -9.595632 ], [ -77.947335, -9.540007 ], [ -77.900879, -9.441072 ], [ -77.854043, -9.402354 ], [ -77.834199, -9.425904 ], [ -77.779755, -9.425763 ], [ -77.74469, -9.370724 ], [ -77.693375, -9.378519 ], [ -77.664376, -9.437713 ], [ -77.614091, -9.423199 ], [ -77.573197, -9.375194 ], [ -77.544144, -9.387205 ], [ -77.446235, -9.356085 ], [ -77.330947, -9.382104 ] ] ] ] } },
{ "type": "Feature", "properties": { "POLYGON_ID": "PER_GAUL1999_ADM2_24021", "ADM0_ISO3": "PER", "ADM0_NAME": "Peru", "ADM0_CODE": 195, "ADM1_NAME": "Ancash", "ADM1_CODE": 2329, "ADM2_NAME": "Huari", "ADM2_CODE": 24021, "GEOSET": "GAUL", "GEOSET_YEAR": 1999.0, "GEOSET_VERSION": "GAUL_v1", "GEOSET_UNIT": "ADM2", "CENTROID_LONG": -77.082425449312865, "CENTROID_LAT": -9.4346684287527101 }, "geometry": { "type": "MultiPolygon", "coordinates": [ [ [ [ -76.818673, -9.126957 ], [ -76.788185, -9.136331 ], [ -76.740708, -9.196792 ], [ -76.726204, -9.25798 ], [ -76.758431, -9.362786 ], [ -76.867774, -9.291034 ], [ -76.936554, -9.40598 ], [ -76.95221, -9.466535 ], [ -76.936554, -9.524935 ], [ -76.994827, -9.603135 ], [ -77.048875, -9.649314 ], [ -77.022484, -9.703236 ], [ -77.047637, -9.79507 ], [ -77.098863, -9.806372 ], [ -77.100296, -9.840962 ], [ -77.187049, -9.836101 ], [ -77.243287, -9.806627 ], [ -77.230599, -9.740056 ], [ -77.267113, -9.646691 ], [ -77.308578, -9.570543 ], [ -77.32692, -9.471587 ], [ -77.330947, -9.382104 ], [ -77.319533, -9.324385 ], [ -77.285545, -9.286392 ], [ -77.262742, -9.206939 ], [ -77.222367, -9.168884 ], [ -77.174614, -9.159357 ], [ -77.142128, -9.202314 ], [ -77.088119, -9.189797 ], [ -77.086503, -9.264576 ], [ -77.012582, -9.29946 ], [ -76.959252, -9.207442 ], [ -76.944474, -9.074218 ], [ -76.818673, -9.126957 ] ] ] ] } },
{ "type": "Feature", "properties": { "POLYGON_ID": "PER_GAUL1999_ADM2_24023", "ADM0_ISO3": "PER", "ADM0_NAME": "Peru", "ADM0_CODE": 195, "ADM1_NAME": "Ancash", "ADM1_CODE": 2329, "ADM2_NAME": "Huaylas", "ADM2_CODE": 24023, "GEOSET": "GAUL", "GEOSET_YEAR": 1999.0, "GEOSET_VERSION": "GAUL_v1", "GEOSET_UNIT": "ADM2", "CENTROID_LONG": -77.82957570295217, "CENTROID_LAT": -8.9454222652172728 }, "geometry": { "type": "MultiPolygon", "coordinates": [ [ [ [ -77.593148, -8.757593 ], [ -77.582505, -8.771022 ], [ -77.60492, -8.887905 ], [ -77.574357, -8.901272 ], [ -77.632506, -9.010769 ], [ -77.698686, -9.05626 ], [ -77.781304, -9.085203 ], [ -77.77733, -9.182693 ], [ -77.795884, -9.228328 ], [ -77.839363, -9.217471 ], [ -77.861145, -9.251086 ], [ -78.040367, -9.243795 ], [ -78.069298, -9.212402 ], [ -78.058548, -9.086543 ], [ -77.941765, -8.970738 ], [ -77.941268, -8.925718 ], [ -77.979302, -8.875657 ], [ -78.01451, -8.762897 ], [ -77.973481, -8.691553 ], [ -77.923285, -8.740885 ], [ -77.880096, -8.684039 ], [ -77.721855, -8.655231 ], [ -77.65522, -8.723867 ], [ -77.593148, -8.757593 ] ] ] ] } },
{ "type": "Feature", "properties": { "POLYGON_ID": "PER_GAUL1999_ADM2_24024", "ADM0_ISO3": "PER", "ADM0_NAME": "Peru", "ADM0_CODE": 195, "ADM1_NAME": "Ancash", "ADM1_CODE": 2329, "ADM2_NAME": "Mariscal Luzuriaga", "ADM2_CODE": 24024, "GEOSET": "GAUL", "GEOSET_YEAR": 1999.0, "GEOSET_VERSION": "GAUL_v1", "GEOSET_UNIT": "ADM2", "CENTROID_LONG": -77.341528165689923, "CENTROID_LAT": -8.8699534501818569 }, "geometry": { "type": "MultiPolygon", "coordinates": [ [ [ [ -77.247604, -8.713745 ], [ -77.196845, -8.813405 ], [ -77.174485, -8.83399 ], [ -77.160821, -8.896621 ], [ -77.174804, -8.926293 ], [ -77.320121, -8.945287 ], [ -77.360649, -8.977279 ], [ -77.389671, -8.995854 ], [ -77.445465, -8.990282 ], [ -77.489509, -9.006534 ], [ -77.553917, -8.988406 ], [ -77.561828, -8.904178 ], [ -77.405639, -8.911918 ], [ -77.392425, -8.880778 ], [ -77.446349, -8.837639 ], [ -77.391732, -8.767138 ], [ -77.27858, -8.703076 ], [ -77.247604, -8.713745 ] ] ] ] } },
{ "type": "Feature", "properties": { "POLYGON_ID": "PER_GAUL1999_ADM2_24025", "ADM0_ISO3": "PER", "ADM0_NAME": "Peru", "ADM0_CODE": 195, "ADM1_NAME": "Ancash", "ADM1_CODE": 2329, "ADM2_NAME": "Ocros", "ADM2_CODE": 24025, "GEOSET": "GAUL", "GEOSET_YEAR": 1999.0, "GEOSET_VERSION": "GAUL_v1", "GEOSET_UNIT": "ADM2", "CENTROID_LONG": -77.431398678538102, "CENTROID_LAT": -10.48781340107387 }, "geometry": { "type": "MultiPolygon", "coordinates": [ [ [ [ -77.177796, -10.482418 ], [ -77.1912, -10.551576 ], [ -77.250756, -10.54514 ], [ -77.307221, -10.566094 ], [ -77.344743, -10.608338 ], [ -77.403029, -10.68011 ], [ -77.384202, -10.708413 ], [ -77.491319, -10.745419 ], [ -77.527648, -10.73617 ], [ -77.590568, -10.787045 ], [ -77.573739, -10.664729 ], [ -77.576583, -10.583484 ], [ -77.637375, -10.601854 ], [ -77.646423, -10.522722 ], [ -77.737212, -10.568009 ], [ -77.745675, -10.531301 ], [ -77.706886, -10.498251 ], [ -77.686821, -10.433408 ], [ -77.599265, -10.383217 ], [ -77.522094, -10.386608 ], [ -77.489304, -10.330974 ], [ -77.515113, -10.277378 ], [ -77.489447, -10.257326 ], [ -77.427872, -10.29797 ], [ -77.406571, -10.27155 ], [ -77.359414, -10.291914 ], [ -77.298661, -10.283641 ], [ -77.253846, -10.25432 ], [ -77.218194, -10.339279 ], [ -77.160263, -10.363306 ], [ -77.177796, -10.482418 ] ] ] ] } },
{ "type": "Feature", "properties": { "POLYGON_ID": "PER_GAUL1999_ADM2_24026", "ADM0_ISO3": "PER", "ADM0_NAME": "Peru", "ADM0_CODE": 195, "ADM1_NAME": "Ancash", "ADM1_CODE": 2329, "ADM2_NAME": "Pallasca", "ADM2_CODE": 24026, "GEOSET": "GAUL", "GEOSET_YEAR": 1999.0, "GEOSET_VERSION": "GAUL_v1", "GEOSET_UNIT": "ADM2", "CENTROID_LONG": -77.903581637206955, "CENTROID_LAT": -8.3195925096657906 }, "geometry": { "type": "MultiPolygon", "coordinates": [ [ [ [ -77.647125, -8.050742 ], [ -77.636468, -8.109013 ], [ -77.557334, -8.194255 ], [ -77.565903, -8.237388 ], [ -77.635194, -8.269368 ], [ -77.666121, -8.311594 ], [ -77.704507, -8.308617 ], [ -77.74405, -8.362558 ], [ -77.798744, -8.381092 ], [ -77.854241, -8.403163 ], [ -77.880837, -8.438973 ], [ -77.971001, -8.484765 ], [ -77.992676, -8.532315 ], [ -78.078232, -8.56969 ], [ -78.130288, -8.618434 ], [ -78.105377, -8.659805 ], [ -78.193001, -8.688743 ], [ -78.235687, -8.652512 ], [ -78.193985, -8.60194 ], [ -78.216973, -8.556815 ], [ -78.173988, -8.503433 ], [ -78.139587, -8.427905 ], [ -78.119628, -8.320651 ], [ -78.018615, -8.225463 ], [ -77.93361, -8.196372 ], [ -77.896934, -8.062425 ], [ -77.846572, -8.081372 ], [ -77.720565, -8.073734 ], [ -77.647125, -8.050742 ] ] ] ] } },
{ "type": "Feature", "properties": { "POLYGON_ID": "PER_GAUL1999_ADM2_24027", "ADM0_ISO3": "PER", "ADM0_NAME": "Peru", "ADM0_CODE": 195, "ADM1_NAME": "Ancash", "ADM1_CODE": 2329, "ADM2_NAME": "Pomabamba", "ADM2_CODE": 24027, "GEOSET": "GAUL", "GEOSET_YEAR": 1999.0, "GEOSET_VERSION": "GAUL_v1", "GEOSET_UNIT": "ADM2", "CENTROID_LONG": -77.436258511165747, "CENTROID_LAT": -8.7168408176891869 }, "geometry": { "type": "MultiPolygon", "coordinates": [ [ [ [ -77.31691, -8.529678 ], [ -77.267127, -8.645563 ], [ -77.247604, -8.713745 ], [ -77.27858, -8.703076 ], [ -77.391732, -8.767138 ], [ -77.446349, -8.837639 ], [ -77.392425, -8.880778 ], [ -77.405639, -8.911918 ], [ -77.561828, -8.904178 ], [ -77.574357, -8.901272 ], [ -77.60492, -8.887905 ], [ -77.582505, -8.771022 ], [ -77.593148, -8.757593 ], [ -77.507279, -8.658335 ], [ -77.487854, -8.588614 ], [ -77.36567, -8.507221 ], [ -77.31691, -8.529678 ] ] ] ] } },
{ "type": "Feature", "properties": { "POLYGON_ID": "PER_GAUL1999_ADM2_24028", "ADM0_ISO3": "PER", "ADM0_NAME": "Peru", "ADM0_CODE": 195, "ADM1_NAME": "Ancash", "ADM1_CODE": 2329, "ADM2_NAME": "Recuay", "ADM2_CODE": 24028, "GEOSET": "GAUL", "GEOSET_YEAR": 1999.0, "GEOSET_VERSION": "GAUL_v1", "GEOSET_UNIT": "ADM2", "CENTROID_LONG": -77.426907705279433, "CENTROID_LAT": -9.9508736174718351 }, "geometry": { "type": "MultiPolygon", "coordinates": [ [ [ [ -77.187049, -9.836101 ], [ -77.1736, -9.908865 ], [ -77.215156, -9.936123 ], [ -77.218445, -10.014054 ], [ -77.201515, -10.093269 ], [ -77.213553, -10.134647 ], [ -77.283623, -10.155207 ], [ -77.320183, -10.126182 ], [ -77.393792, -10.132635 ], [ -77.457879, -10.15588 ], [ -77.505463, -10.145769 ], [ -77.553742, -10.187225 ], [ -77.575852, -10.251068 ], [ -77.674759, -10.21273 ], [ -77.655868, -10.152085 ], [ -77.698677, -10.141282 ], [ -77.718147, -10.090202 ], [ -77.774925, -9.998943 ], [ -77.631944, -10.021401 ], [ -77.607368, -9.949228 ], [ -77.55239, -9.87207 ], [ -77.481872, -9.870409 ], [ -77.488853, -9.819725 ], [ -77.521164, -9.791991 ], [ -77.535659, -9.737268 ], [ -77.502999, -9.662588 ], [ -77.423936, -9.680071 ], [ -77.267113, -9.646691 ], [ -77.230599, -9.740056 ], [ -77.243287, -9.806627 ], [ -77.187049, -9.836101 ] ] ] ] } },
{ "type": "Feature", "properties": { "POLYGON_ID": "PER_GAUL1999_ADM2_24029", "ADM0_ISO3": "PER", "ADM0_NAME": "Peru", "ADM0_CODE": 195, "ADM1_NAME": "Ancash", "ADM1_CODE": 2329, "ADM2_NAME": "Santa", "ADM2_CODE": 24029, "GEOSET": "GAUL", "GEOSET_YEAR": 1999.0, "GEOSET_VERSION": "GAUL_v1", "GEOSET_UNIT": "ADM2", "CENTROID_LONG": -78.288955700802646, "CENTROID_LAT": -8.9680162517871658 }, "geometry": { "type": "MultiPolygon", "coordinates": [ [ [ [ -78.105377, -8.659805 ], [ -78.07534, -8.656678 ], [ -77.973481, -8.691553 ], [ -78.01451, -8.762897 ], [ -77.979302, -8.875657 ], [ -77.941268, -8.925718 ], [ -77.941765, -8.970738 ], [ -78.058548, -9.086543 ], [ -78.069298, -9.212402 ], [ -78.040367, -9.243795 ], [ -78.055977, -9.274597 ], [ -78.143295, -9.266028 ], [ -78.214012, -9.208179 ], [ -78.263253, -9.202116 ], [ -78.360542, -9.263764 ], [ -78.40393, -9.345984 ], [ -78.4277099, -9.3493392 ], [ -78.4750645, -9.3315391 ], [ -78.5089824, -9.2788145 ], [ -78.4868105, -9.2033476 ], [ -78.5083007, -9.1803829 ], [ -78.5722422, -9.1715704 ], [ -78.5612695, -9.1161525 ], [ -78.624791, -9.0780742 ], [ -78.6449382, -8.9691304 ], [ -78.591118, -8.943318 ], [ -78.586922, -8.856966 ], [ -78.553017, -8.776433 ], [ -78.515701, -8.752135 ], [ -78.438972, -8.733599 ], [ -78.333733, -8.666521 ], [ -78.235687, -8.652512 ], [ -78.193001, -8.688743 ], [ -78.105377, -8.659805 ] ] ] ] } },
{ "type": "Feature", "properties": { "POLYGON_ID": "PER_GAUL1999_ADM2_24030", "ADM0_ISO3": "PER", "ADM0_NAME": "Peru", "ADM0_CODE": 195, "ADM1_NAME": "Ancash", "ADM1_CODE": 2329, "ADM2_NAME": "Sihuas", "ADM2_CODE": 24030, "GEOSET": "GAUL", "GEOSET_YEAR": 1999.0, "GEOSET_VERSION": "GAUL_v1", "GEOSET_UNIT": "ADM2", "CENTROID_LONG": -77.587006873400412, "CENTROID_LAT": -8.481423588195824 }, "geometry": { "type": "MultiPolygon", "coordinates": [ [ [ [ -77.36567, -8.507221 ], [ -77.487854, -8.588614 ], [ -77.507279, -8.658335 ], [ -77.593148, -8.757593 ], [ -77.65522, -8.723867 ], [ -77.721855, -8.655231 ], [ -77.690597, -8.574494 ], [ -77.719558, -8.488427 ], [ -77.798744, -8.381092 ], [ -77.74405, -8.362558 ], [ -77.704507, -8.308617 ], [ -77.666121, -8.311594 ], [ -77.635194, -8.269368 ], [ -77.565903, -8.237388 ], [ -77.493119, -8.279308 ], [ -77.459251, -8.333868 ], [ -77.438675, -8.421439 ], [ -77.399064, -8.483475 ], [ -77.36567, -8.507221 ] ] ] ] } },
{ "type": "Feature", "properties": { "POLYGON_ID": "PER_GAUL1999_ADM2_24031", "ADM0_ISO3": "PER", "ADM0_NAME": "Peru", "ADM0_CODE": 195, "ADM1_NAME": "Ancash", "ADM1_CODE": 2329, "ADM2_NAME": "Yungay", "ADM2_CODE": 24031, "GEOSET": "GAUL", "GEOSET_YEAR": 1999.0, "GEOSET_VERSION": "GAUL_v1", "GEOSET_UNIT": "ADM2", "CENTROID_LONG": -77.744584991169987, "CENTROID_LAT": -9.2032617631483191 }, "geometry": { "type": "MultiPolygon", "coordinates": [ [ [ [ -77.561828, -8.904178 ], [ -77.553917, -8.988406 ], [ -77.489509, -9.006534 ], [ -77.445465, -8.990282 ], [ -77.389671, -8.995854 ], [ -77.360649, -8.977279 ], [ -77.362472, -9.064424 ], [ -77.438363, -9.060349 ], [ -77.490646, -9.10685 ], [ -77.529396, -9.0842 ], [ -77.601219, -9.109376 ], [ -77.58854, -9.158252 ], [ -77.619103, -9.212539 ], [ -77.68724, -9.227476 ], [ -77.724358, -9.27689 ], [ -77.777008, -9.314972 ], [ -77.74469, -9.370724 ], [ -77.779755, -9.425763 ], [ -77.834199, -9.425904 ], [ -77.854043, -9.402354 ], [ -77.900879, -9.441072 ], [ -77.929275, -9.407006 ], [ -77.995849, -9.446526 ], [ -78.034446, -9.410226 ], [ -78.00489, -9.383904 ], [ -78.054732, -9.337376 ], [ -78.055977, -9.274597 ], [ -78.040367, -9.243795 ], [ -77.861145, -9.251086 ], [ -77.839363, -9.217471 ], [ -77.795884, -9.228328 ], [ -77.77733, -9.182693 ], [ -77.781304, -9.085203 ], [ -77.698686, -9.05626 ], [ -77.632506, -9.010769 ], [ -77.574357, -8.901272 ], [ -77.561828, -8.904178 ] ] ] ] } },
{ "type": "Feature", "properties": { "POLYGON_ID": "PER_GAUL1999_ADM2_91834", "ADM0_ISO3": "PER", "ADM0_NAME": "Peru", "ADM0_CODE": 195, "ADM1_NAME": "Ancash", "ADM1_CODE": 2329, "ADM2_NAME": "Aija", "ADM2_CODE": 91834, "GEOSET": "GAUL", "GEOSET_YEAR": 1999.0, "GEOSET_VERSION": "GAUL_v1", "GEOSET_UNIT": "ADM2", "CENTROID_LONG": -77.676017364725524, "CENTROID_LAT": -9.7857347171092695 }, "geometry": { "type": "MultiPolygon", "coordinates": [ [ [ [ -77.535659, -9.737268 ], [ -77.521164, -9.791991 ], [ -77.488853, -9.819725 ], [ -77.481872, -9.870409 ], [ -77.55239, -9.87207 ], [ -77.72753, -9.846683 ], [ -77.783957, -9.904411 ], [ -77.813942, -9.9054 ], [ -77.858971, -9.815602 ], [ -77.900483, -9.822891 ], [ -77.961288, -9.780134 ], [ -77.866371, -9.763422 ], [ -77.780158, -9.800015 ], [ -77.760254, -9.787879 ], [ -77.721573, -9.693543 ], [ -77.660941, -9.68333 ], [ -77.626052, -9.621976 ], [ -77.541503, -9.705778 ], [ -77.535659, -9.737268 ] ] ] ] } },
{ "type": "Feature", "properties": { "POLYGON_ID": "PER_GAUL1999_ADM2_91835", "ADM0_ISO3": "PER", "ADM0_NAME": "Peru", "ADM0_CODE": 195, "ADM1_NAME": "Ancash", "ADM1_CODE": 2329, "ADM2_NAME": "Bolognesi", "ADM2_CODE": 91835, "GEOSET": "GAUL", "GEOSET_YEAR": 1999.0, "GEOSET_VERSION": "GAUL_v1", "GEOSET_UNIT": "ADM2", "CENTROID_LONG": -77.155517269740344, "CENTROID_LAT": -10.109735102748699 }, "geometry": { "type": "MultiPolygon", "coordinates": [ [ [ [ -76.84063, -9.917817 ], [ -76.814652, -9.959662 ], [ -76.824676, -10.009796 ], [ -76.857094, -10.019672 ], [ -76.887261, -10.116831 ], [ -76.915267, -10.120223 ], [ -76.916206, -10.223458 ], [ -76.905913, -10.269973 ], [ -76.970673, -10.304732 ], [ -77.071137, -10.338343 ], [ -77.113433, -10.406443 ], [ -77.177796, -10.482418 ], [ -77.160263, -10.363306 ], [ -77.218194, -10.339279 ], [ -77.253846, -10.25432 ], [ -77.298661, -10.283641 ], [ -77.359414, -10.291914 ], [ -77.406571, -10.27155 ], [ -77.427872, -10.29797 ], [ -77.489447, -10.257326 ], [ -77.515113, -10.277378 ], [ -77.489304, -10.330974 ], [ -77.522094, -10.386608 ], [ -77.599265, -10.383217 ], [ -77.698371, -10.322029 ], [ -77.696464, -10.255555 ], [ -77.674759, -10.21273 ], [ -77.575852, -10.251068 ], [ -77.553742, -10.187225 ], [ -77.505463, -10.145769 ], [ -77.457879, -10.15588 ], [ -77.393792, -10.132635 ], [ -77.320183, -10.126182 ], [ -77.283623, -10.155207 ], [ -77.213553, -10.134647 ], [ -77.201515, -10.093269 ], [ -77.218445, -10.014054 ], [ -77.215156, -9.936123 ], [ -77.1736, -9.908865 ], [ -77.187049, -9.836101 ], [ -77.100296, -9.840962 ], [ -77.098863, -9.806372 ], [ -77.047637, -9.79507 ], [ -77.022484, -9.703236 ], [ -76.986023, -9.744616 ], [ -76.94545, -9.703168 ], [ -76.901961, -9.769603 ], [ -76.896637, -9.812849 ], [ -76.84063, -9.917817 ] ] ] ] } },
{ "type": "Feature", "properties": { "POLYGON_ID": "PER_GAUL1999_ADM2_91836", "ADM0_ISO3": "PER", "ADM0_NAME": "Peru", "ADM0_CODE": 195, "ADM1_NAME": "Ancash", "ADM1_CODE": 2329, "ADM2_NAME": "Huarmey", "ADM2_CODE": 91836, "GEOSET": "GAUL", "GEOSET_YEAR": 1999.0, "GEOSET_VERSION": "GAUL_v1", "GEOSET_UNIT": "ADM2", "CENTROID_LONG": -77.927329252779984, "CENTROID_LAT": -10.093649777967132 }, "geometry": { "type": "MultiPolygon", "coordinates": [ [ [ [ -78.041573, -9.689507 ], [ -77.979439, -9.712118 ], [ -77.961288, -9.780134 ], [ -77.900483, -9.822891 ], [ -77.858971, -9.815602 ], [ -77.813942, -9.9054 ], [ -77.783957, -9.904411 ], [ -77.72753, -9.846683 ], [ -77.55239, -9.87207 ], [ -77.607368, -9.949228 ], [ -77.631944, -10.021401 ], [ -77.774925, -9.998943 ], [ -77.718147, -10.090202 ], [ -77.698677, -10.141282 ], [ -77.655868, -10.152085 ], [ -77.674759, -10.21273 ], [ -77.696464, -10.255555 ], [ -77.698371, -10.322029 ], [ -77.750748, -10.321766 ], [ -77.750573, -10.406683 ], [ -77.799095, -10.476837 ], [ -77.773225, -10.512017 ], [ -77.792511, -10.583947 ], [ -77.853797, -10.574887 ], [ -77.8856881, -10.6115208 ], [ -77.9081601, -10.5442871 ], [ -77.960623, -10.4925195 ], [ -78.0106035, -10.3746991 ], [ -78.0545469, -10.3459551 ], [ -78.1022597, -10.2001504 ], [ -78.1635704, -10.1471914 ], [ -78.1753417, -10.0458496 ], [ -78.2426485, -9.8736465 ], [ -78.2271971, -9.7947098 ], [ -78.144088, -9.715929 ], [ -78.085052, -9.719512 ], [ -78.041573, -9.689507 ] ] ] ] } },
{ "type": "Feature", "properties": { "POLYGON_ID": "PER_GAUL1999_ADM2_24032", "ADM0_ISO3": "PER", "ADM0_NAME": "Peru", "ADM0_CODE": 195, "ADM1_NAME": "Apurímac", "ADM1_CODE": 2330, "ADM2_NAME": "Abancay", "ADM2_CODE": 24032, "GEOSET": "GAUL", "GEOSET_YEAR": 1999.0, "GEOSET_VERSION": "GAUL_v1", "GEOSET_UNIT": "ADM2", "CENTROID_LONG": -72.834379162119134, "CENTROID_LAT": -13.73208176533838 }, "geometry": { "type": "MultiPolygon", "coordinates": [ [ [ [ -72.775413, -13.446008 ], [ -72.698921, -13.508698 ], [ -72.636254, -13.542566 ], [ -72.521599, -13.566679 ], [ -72.489402, -13.591392 ], [ -72.421944, -13.605609 ], [ -72.399841, -13.641993 ], [ -72.437148, -13.680412 ], [ -72.461312, -13.791766 ], [ -72.487816, -13.752622 ], [ -72.552468, -13.751501 ], [ -72.592271, -13.730435 ], [ -72.670226, -13.770151 ], [ -72.64096, -13.818104 ], [ -72.649085, -13.85762 ], [ -72.728135, -13.907955 ], [ -72.727264, -13.944865 ], [ -72.789954, -13.980413 ], [ -72.805518, -14.081666 ], [ -72.87268, -14.1206 ], [ -72.892242, -14.17068 ], [ -72.928421, -14.136169 ], [ -73.019814, -14.112457 ], [ -73.021371, -14.024685 ], [ -73.037468, -13.905662 ], [ -73.073501, -13.897498 ], [ -73.172028, -13.804135 ], [ -73.161804, -13.778871 ], [ -73.048661, -13.71498 ], [ -72.974694, -13.701734 ], [ -72.947686, -13.647534 ], [ -72.977067, -13.627821 ], [ -73.048157, -13.530938 ], [ -73.132996, -13.485132 ], [ -73.163956, -13.443369 ], [ -73.10868, -13.448146 ], [ -73.02063, -13.426756 ], [ -72.980538, -13.387279 ], [ -72.899056, -13.388421 ], [ -72.88932, -13.415306 ], [ -72.798104, -13.421819 ], [ -72.775413, -13.446008 ] ] ] ] } },
{ "type": "Feature", "properties": { "POLYGON_ID": "PER_GAUL1999_ADM2_24033", "ADM0_ISO3": "PER", "ADM0_NAME": "Peru", "ADM0_CODE": 195, "ADM1_NAME": "Apurímac", "ADM1_CODE": 2330, "ADM2_NAME": "Andahuaylas", "ADM2_CODE": 24033, "GEOSET": "GAUL", "GEOSET_YEAR": 1999.0, "GEOSET_VERSION": "GAUL_v1", "GEOSET_UNIT": "ADM2", "CENTROID_LONG": -73.39347993899878, "CENTROID_LAT": -13.827876444364595 }, "geometry": { "type": "MultiPolygon", "coordinates": [ [ [ [ -73.163956, -13.443369 ], [ -73.132996, -13.485132 ], [ -73.048157, -13.530938 ], [ -72.977067, -13.627821 ], [ -72.947686, -13.647534 ], [ -72.974694, -13.701734 ], [ -73.048661, -13.71498 ], [ -73.161804, -13.778871 ], [ -73.172028, -13.804135 ], [ -73.245628, -13.815798 ], [ -73.283462, -13.891654 ], [ -73.334221, -13.908328 ], [ -73.378746, -14.030579 ], [ -73.379279, -14.093075 ], [ -73.411743, -14.116375 ], [ -73.37014, -14.278168 ], [ -73.372298, -14.320075 ], [ -73.421149, -14.345432 ], [ -73.453139, -14.402842 ], [ -73.507073, -14.544139 ], [ -73.533141, -14.506791 ], [ -73.58155, -14.415885 ], [ -73.554221, -14.400895 ], [ -73.51149, -14.268995 ], [ -73.609292, -14.086017 ], [ -73.6195, -14.016931 ], [ -73.649245, -13.946328 ], [ -73.683708, -13.910266 ], [ -73.699448, -13.845661 ], [ -73.748406, -13.763316 ], [ -73.671813, -13.732126 ], [ -73.614418, -13.698753 ], [ -73.570802, -13.595911 ], [ -73.501464, -13.596508 ], [ -73.455489, -13.621727 ], [ -73.462723, -13.543204 ], [ -73.483543, -13.506314 ], [ -73.449249, -13.430464 ], [ -73.34996, -13.435255 ], [ -73.237114, -13.476268 ], [ -73.215644, -13.419283 ], [ -73.163956, -13.443369 ] ] ] ] } },
{ "type": "Feature", "properties": { "POLYGON_ID": "PER_GAUL1999_ADM2_24034", "ADM0_ISO3": "PER", "ADM0_NAME": "Peru", "ADM0_CODE": 195, "ADM1_NAME": "Apurímac", "ADM1_CODE": 2330, "ADM2_NAME": "Antabamba", "ADM2_CODE": 24034, "GEOSET": "GAUL", "GEOSET_YEAR": 1999.0, "GEOSET_VERSION": "GAUL_v1", "GEOSET_UNIT": "ADM2", "CENTROID_LONG": -72.738721780765701, "CENTROID_LAT": -14.436672163724177 }, "geometry": { "type": "MultiPolygon", "coordinates": [ [ [ [ -73.019814, -14.112457 ], [ -72.928421, -14.136169 ], [ -72.892242, -14.17068 ], [ -72.885819, -14.23254 ], [ -72.86213, -14.27761 ], [ -72.795602, -14.292246 ], [ -72.730491, -14.2603 ], [ -72.707137, -14.276591 ], [ -72.71, -14.342775 ], [ -72.635932, -14.356785 ], [ -72.636101, -14.320205 ], [ -72.600312, -14.241442 ], [ -72.569625, -14.255352 ], [ -72.480126, -14.202134 ], [ -72.416787, -14.280456 ], [ -72.359863, -14.291991 ], [ -72.36869, -14.35449 ], [ -72.355988, -14.436279 ], [ -72.364852, -14.466657 ], [ -72.440606, -14.481579 ], [ -72.50377, -14.550842 ], [ -72.461289, -14.605283 ], [ -72.471153, -14.661182 ], [ -72.599411, -14.689935 ], [ -72.651399, -14.668242 ], [ -72.697082, -14.680092 ], [ -72.7902, -14.650394 ], [ -72.829581, -14.702377 ], [ -72.84691, -14.759645 ], [ -72.867759, -14.707917 ], [ -72.955399, -14.682512 ], [ -72.985848, -14.635065 ], [ -73.017494, -14.630536 ], [ -72.990226, -14.563849 ], [ -72.997932, -14.483669 ], [ -72.979302, -14.44111 ], [ -73.038352, -14.388864 ], [ -73.047241, -14.345122 ], [ -73.082786, -14.329173 ], [ -73.069686, -14.273166 ], [ -73.075637, -14.20726 ], [ -73.049835, -14.121877 ], [ -73.019814, -14.112457 ] ] ] ] } },
{ "type": "Feature", "properties": { "POLYGON_ID": "PER_GAUL1999_ADM2_24035", "ADM0_ISO3": "PER", "ADM0_NAME": "Peru", "ADM0_CODE": 195, "ADM1_NAME": "Apurímac", "ADM1_CODE": 2330, "ADM2_NAME": "Aymaraes", "ADM2_CODE": 24035, "GEOSET": "GAUL", "GEOSET_YEAR": 1999.0, "GEOSET_VERSION": "GAUL_v1", "GEOSET_UNIT": "ADM2", "CENTROID_LONG": -73.248309932108029, "CENTROID_LAT": -14.343144036711253 }, "geometry": { "type": "MultiPolygon", "coordinates": [ [ [ [ -73.019814, -14.112457 ], [ -73.049835, -14.121877 ], [ -73.075637, -14.20726 ], [ -73.069686, -14.273166 ], [ -73.082786, -14.329173 ], [ -73.047241, -14.345122 ], [ -73.038352, -14.388864 ], [ -72.979302, -14.44111 ], [ -72.997932, -14.483669 ], [ -72.990226, -14.563849 ], [ -73.017494, -14.630536 ], [ -73.064973, -14.665396 ], [ -73.152993, -14.677733 ], [ -73.188996, -14.705545 ], [ -73.261215, -14.711863 ], [ -73.284057, -14.736571 ], [ -73.350883, -14.703852 ], [ -73.392373, -14.717538 ], [ -73.40461, -14.765315 ], [ -73.483237, -14.842655 ], [ -73.565453, -14.775897 ], [ -73.571053, -14.686396 ], [ -73.517333, -14.665061 ], [ -73.53344, -14.580849 ], [ -73.507073, -14.544139 ], [ -73.453139, -14.402842 ], [ -73.421149, -14.345432 ], [ -73.372298, -14.320075 ], [ -73.37014, -14.278168 ], [ -73.411743, -14.116375 ], [ -73.379279, -14.093075 ], [ -73.378746, -14.030579 ], [ -73.334221, -13.908328 ], [ -73.283462, -13.891654 ], [ -73.245628, -13.815798 ], [ -73.172028, -13.804135 ], [ -73.073501, -13.897498 ], [ -73.037468, -13.905662 ], [ -73.021371, -14.024685 ], [ -73.019814, -14.112457 ] ] ] ] } },
{ "type": "Feature", "properties": { "POLYGON_ID": "PER_GAUL1999_ADM2_24036", "ADM0_ISO3": "PER", "ADM0_NAME": "Peru", "ADM0_CODE": 195, "ADM1_NAME": "Apurímac", "ADM1_CODE": 2330, "ADM2_NAME": "Chincheros", "ADM2_CODE": 24036, "GEOSET": "GAUL", "GEOSET_YEAR": 1999.0, "GEOSET_VERSION": "GAUL_v1", "GEOSET_UNIT": "ADM2", "CENTROID_LONG": -73.668985055067381, "CENTROID_LAT": -13.471627397100628 }, "geometry": { "type": "MultiPolygon", "coordinates": [ [ [ [ -73.449249, -13.430464 ], [ -73.483543, -13.506314 ], [ -73.462723, -13.543204 ], [ -73.455489, -13.621727 ], [ -73.501464, -13.596508 ], [ -73.570802, -13.595911 ], [ -73.614418, -13.698753 ], [ -73.671813, -13.732126 ], [ -73.728112, -13.669639 ], [ -73.793236, -13.642365 ], [ -73.814202, -13.510095 ], [ -73.833641, -13.471728 ], [ -73.838464, -13.38381 ], [ -73.832406, -13.330381 ], [ -73.806191, -13.31253 ], [ -73.824631, -13.248345 ], [ -73.758491, -13.170871 ], [ -73.723969, -13.26775 ], [ -73.665078, -13.281288 ], [ -73.572343, -13.361566 ], [ -73.500946, -13.389456 ], [ -73.449249, -13.430464 ] ] ] ] } },
{ "type": "Feature", "properties": { "POLYGON_ID": "PER_GAUL1999_ADM2_24037", "ADM0_ISO3": "PER", "ADM0_NAME": "Peru", "ADM0_CODE": 195, "ADM1_NAME": "Apurímac", "ADM1_CODE": 2330, "ADM2_NAME": "Cotabambas", "ADM2_CODE": 24037, "GEOSET": "GAUL", "GEOSET_YEAR": 1999.0, "GEOSET_VERSION": "GAUL_v1", "GEOSET_UNIT": "ADM2", "CENTROID_LONG": -72.269685995846459, "CENTROID_LAT": -14.020718543418424 }, "geometry": { "type": "MultiPolygon", "coordinates": [ [ [ [ -72.229325, -13.713638 ], [ -72.134247, -13.783933 ], [ -72.104935, -13.856195 ], [ -72.056077, -13.934447 ], [ -72.0513, -14.026155 ], [ -72.067657, -14.075927 ], [ -72.056487, -14.129753 ], [ -72.094154, -14.174014 ], [ -72.078109, -14.204878 ], [ -72.239502, -14.361085 ], [ -72.252381, -14.404177 ], [ -72.317307, -14.44052 ], [ -72.355988, -14.436279 ], [ -72.36869, -14.35449 ], [ -72.359863, -14.291991 ], [ -72.416787, -14.280456 ], [ -72.480126, -14.202134 ], [ -72.418204, -14.209751 ], [ -72.351059, -14.143307 ], [ -72.413026, -14.07866 ], [ -72.419679, -14.0291 ], [ -72.454666, -13.965692 ], [ -72.450661, -13.919259 ], [ -72.481063, -13.879502 ], [ -72.461312, -13.791766 ], [ -72.437148, -13.680412 ], [ -72.399841, -13.641993 ], [ -72.354744, -13.681771 ], [ -72.297371, -13.70237 ], [ -72.262505, -13.682067 ], [ -72.229325, -13.713638 ] ] ] ] } },
{ "type": "Feature", "properties": { "POLYGON_ID": "PER_GAUL1999_ADM2_24038", "ADM0_ISO3": "PER", "ADM0_NAME": "Peru", "ADM0_CODE": 195, "ADM1_NAME": "Apurímac", "ADM1_CODE": 2330, "ADM2_NAME": "Grau", "ADM2_CODE": 24038, "GEOSET": "GAUL", "GEOSET_YEAR": 1999.0, "GEOSET_VERSION": "GAUL_v1", "GEOSET_UNIT": "ADM2", "CENTROID_LONG": -72.62328955619941, "CENTROID_LAT": -14.061506636990568 }, "geometry": { "type": "MultiPolygon", "coordinates": [ [ [ [ -72.461312, -13.791766 ], [ -72.481063, -13.879502 ], [ -72.450661, -13.919259 ], [ -72.454666, -13.965692 ], [ -72.419679, -14.0291 ], [ -72.413026, -14.07866 ], [ -72.351059, -14.143307 ], [ -72.418204, -14.209751 ], [ -72.480126, -14.202134 ], [ -72.569625, -14.255352 ], [ -72.600312, -14.241442 ], [ -72.636101, -14.320205 ], [ -72.635932, -14.356785 ], [ -72.71, -14.342775 ], [ -72.707137, -14.276591 ], [ -72.730491, -14.2603 ], [ -72.795602, -14.292246 ], [ -72.86213, -14.27761 ], [ -72.885819, -14.23254 ], [ -72.892242, -14.17068 ], [ -72.87268, -14.1206 ], [ -72.805518, -14.081666 ], [ -72.789954, -13.980413 ], [ -72.727264, -13.944865 ], [ -72.728135, -13.907955 ], [ -72.649085, -13.85762 ], [ -72.64096, -13.818104 ], [ -72.670226, -13.770151 ], [ -72.592271, -13.730435 ], [ -72.552468, -13.751501 ], [ -72.487816, -13.752622 ], [ -72.461312, -13.791766 ] ] ] ] } },
{ "type": "Feature", "properties": { "POLYGON_ID": "PER_GAUL1999_ADM2_24039", "ADM0_ISO3": "PER", "ADM0_NAME": "Peru", "ADM0_CODE": 195, "ADM1_NAME": "Arequipa", "ADM1_CODE": 2331, "ADM2_NAME": "Arequipa", "ADM2_CODE": 24039, "GEOSET": "GAUL", "GEOSET_YEAR": 1999.0, "GEOSET_VERSION": "GAUL_v1", "GEOSET_UNIT": "ADM2", "CENTROID_LONG": -71.599336084046229, "CENTROID_LAT": -16.339033617299108 }, "geometry": { "type": "MultiPolygon", "coordinates": [ [ [ [ -70.821006, -15.978413 ], [ -70.804688, -16.054941 ], [ -70.856711, -16.056029 ], [ -70.875229, -16.094389 ], [ -70.878762, -16.166421 ], [ -70.849626, -16.228254 ], [ -70.876709, -16.280756 ], [ -70.984277, -16.308413 ], [ -70.975213, -16.410332 ], [ -70.954094, -16.467137 ], [ -70.991493, -16.495001 ], [ -71.081452, -16.456589 ], [ -71.140327, -16.474808 ], [ -71.246658, -16.467711 ], [ -71.248199, -16.560645 ], [ -71.279311, -16.615625 ], [ -71.289246, -16.726254 ], [ -71.324187, -16.751812 ], [ -71.369911, -16.719143 ], [ -71.42559, -16.740726 ], [ -71.492866, -16.766937 ], [ -71.536133, -16.699887 ], [ -71.631027, -16.68492 ], [ -71.668526, -16.703292 ], [ -71.747771, -16.698125 ], [ -71.868331, -16.786038 ], [ -71.87043, -16.714619 ], [ -71.909362, -16.676564 ], [ -71.997428, -16.799138 ], [ -72.13202, -16.766458 ], [ -72.22992, -16.666183 ], [ -72.273308, -16.657157 ], [ -72.281121, -16.61374 ], [ -72.1978, -16.49125 ], [ -72.19873, -16.451926 ], [ -72.23317, -16.409675 ], [ -72.274254, -16.434335 ], [ -72.380783, -16.431899 ], [ -72.310294, -16.303691 ], [ -72.215637, -16.233302 ], [ -72.185363, -16.175647 ], [ -72.193199, -16.131573 ], [ -72.164641, -16.058985 ], [ -72.088256, -16.039933 ], [ -72.019479, -16.067524 ], [ -72.013794, -16.137325 ], [ -71.916229, -16.157181 ], [ -71.869103, -16.130889 ], [ -71.827003, -16.060097 ], [ -71.756927, -16.030591 ], [ -71.694848, -15.932759 ], [ -71.64415, -15.987825 ], [ -71.577629, -15.990351 ], [ -71.531525, -15.941194 ], [ -71.44291, -15.925714 ], [ -71.37268, -15.926555 ], [ -71.279938, -15.958678 ], [ -71.203429, -16.024946 ], [ -71.143951, -15.98375 ], [ -71.044052, -15.980824 ], [ -70.875687, -15.94707 ], [ -70.846054, -15.921901 ], [ -70.821006, -15.978413 ] ] ] ] } },
{ "type": "Feature", "properties": { "POLYGON_ID": "PER_GAUL1999_ADM2_24040", "ADM0_ISO3": "PER", "ADM0_NAME": "Peru", "ADM0_CODE": 195, "ADM1_NAME": "Arequipa", "ADM1_CODE": 2331, "ADM2_NAME": "Camaná", "ADM2_CODE": 24040, "GEOSET": "GAUL", "GEOSET_YEAR": 1999.0, "GEOSET_VERSION": "GAUL_v1", "GEOSET_UNIT": "ADM2", "CENTROID_LONG": -72.750626883338825, "CENTROID_LAT": -16.415661121300857 }, "geometry": { "type": "MultiPolygon", "coordinates": [ [ [ [ -72.594293, -16.430338 ], [ -72.532897, -16.410341 ], [ -72.485366, -16.359457 ], [ -72.443619, -16.412932 ], [ -72.380783, -16.431899 ], [ -72.274254, -16.434335 ], [ -72.23317, -16.409675 ], [ -72.19873, -16.451926 ], [ -72.1978, -16.49125 ], [ -72.281121, -16.61374 ], [ -72.273308, -16.657157 ], [ -72.22992, -16.666183 ], [ -72.13202, -16.766458 ], [ -72.151618, -16.79234 ], [ -72.214883, -16.807302 ], [ -72.22094, -16.836211 ], [ -72.146698, -16.874906 ], [ -72.1847476, -16.9247142 ], [ -72.2882767, -16.8752537 ], [ -72.2954177, -16.8274155 ], [ -72.3592835, -16.7641525 ], [ -72.4472199, -16.7039566 ], [ -72.54319, -16.6780586 ], [ -72.7090454, -16.6526927 ], [ -72.771904, -16.6288032 ], [ -72.9162902, -16.5203722 ], [ -72.986847, -16.5174351 ], [ -73.0533447, -16.4894027 ], [ -73.1591569, -16.4199257 ], [ -73.2152329, -16.400158 ], [ -73.2911331, -16.4049992 ], [ -73.238244, -16.350892 ], [ -73.229018, -16.303823 ], [ -73.195244, -16.278527 ], [ -73.224227, -16.065006 ], [ -73.220749, -15.991436 ], [ -73.231247, -15.87618 ], [ -73.17121, -15.913578 ], [ -73.151131, -15.979509 ], [ -73.063897, -16.018409 ], [ -72.991516, -16.020048 ], [ -72.886826, -16.043311 ], [ -72.843559, -16.126369 ], [ -72.841096, -16.175214 ], [ -72.810416, -16.221373 ], [ -72.799362, -16.304067 ], [ -72.748857, -16.329997 ], [ -72.669755, -16.424442 ], [ -72.625106, -16.456885 ], [ -72.594293, -16.430338 ] ] ] ] } },
{ "type": "Feature", "properties": { "POLYGON_ID": "PER_GAUL1999_ADM2_24041", "ADM0_ISO3": "PER", "ADM0_NAME": "Peru", "ADM0_CODE": 195, "ADM1_NAME": "Arequipa", "ADM1_CODE": 2331, "ADM2_NAME": "Caravelí", "ADM2_CODE": 24041, "GEOSET": "GAUL", "GEOSET_YEAR": 1999.0, "GEOSET_VERSION": "GAUL_v1", "GEOSET_UNIT": "ADM2", "CENTROID_LONG": -73.962143753056111, "CENTROID_LAT": -15.689703201251612 }, "geometry": { "type": "MultiPolygon", "coordinates": [ [ [ [ -74.241836, -15.481597 ], [ -74.166504, -15.483769 ], [ -74.151863, -15.42902 ], [ -74.088104, -15.390448 ], [ -74.037628, -15.454806 ], [ -74.084464, -15.592028 ], [ -74.065994, -15.62952 ], [ -74.018661, -15.598642 ], [ -74.00949, -15.558963 ], [ -73.869248, -15.417711 ], [ -73.88073, -15.340571 ], [ -73.80494, -15.325158 ], [ -73.758254, -15.386195 ], [ -73.685563, -15.436963 ], [ -73.653885, -15.41744 ], [ -73.55877, -15.408166 ], [ -73.441169, -15.355577 ], [ -73.392678, -15.398694 ], [ -73.27523, -15.393051 ], [ -73.204223, -15.510873 ], [ -73.225914, -15.570413 ], [ -73.218117, -15.648111 ], [ -73.255638, -15.754932 ], [ -73.261605, -15.826597 ], [ -73.231247, -15.87618 ], [ -73.220749, -15.991436 ], [ -73.224227, -16.065006 ], [ -73.195244, -16.278527 ], [ -73.229018, -16.303823 ], [ -73.238244, -16.350892 ], [ -73.2911331, -16.4049992 ], [ -73.3142014, -16.3387031 ], [ -73.4512559, -16.2813071 ], [ -73.6199265, -16.2300854 ], [ -73.6993712, -16.2207031 ], [ -73.7278824, -16.1952476 ], [ -73.8693542, -16.1355439 ], [ -73.889389, -16.1093521 ], [ -74.0330811, -16.0180587 ], [ -74.054451, -15.9545231 ], [ -74.1671907, -15.9008531 ], [ -74.2416, -15.8786994 ], [ -74.2855225, -15.8371019 ], [ -74.3279037, -15.8487167 ], [ -74.3933029, -15.8293085 ], [ -74.4392929, -15.7945605 ], [ -74.4628296, -15.7265215 ], [ -74.6612777, -15.6528359 ], [ -74.7496796, -15.6003809 ], [ -74.8307495, -15.567195 ], [ -74.9099731, -15.5121136 ], [ -75.0068436, -15.4600411 ], [ -75.070138, -15.4385765 ], [ -75.018479, -15.382227 ], [ -75.016556, -15.35091 ], [ -74.968201, -15.299239 ], [ -74.939865, -15.205833 ], [ -74.887139, -15.159549 ], [ -74.812591, -15.136637 ], [ -74.762756, -15.098878 ], [ -74.714242, -15.137824 ], [ -74.60576, -15.147914 ], [ -74.55333, -15.140096 ], [ -74.451904, -15.175772 ], [ -74.418351, -15.168854 ], [ -74.387902, -15.251594 ], [ -74.414871, -15.295233 ], [ -74.31749, -15.36584 ], [ -74.329467, -15.391758 ], [ -74.300431, -15.478589 ], [ -74.241836, -15.481597 ] ] ] ] } },
{ "type": "Feature", "properties": { "POLYGON_ID": "PER_GAUL1999_ADM2_24042", "ADM0_ISO3": "PER", "ADM0_NAME": "Peru", "ADM0_CODE": 195, "ADM1_NAME": "Arequipa", "ADM1_CODE": 2331, "ADM2_NAME": "Castilla", "ADM2_CODE": 24042, "GEOSET": "GAUL", "GEOSET_YEAR": 1999.0, "GEOSET_VERSION": "GAUL_v1", "GEOSET_UNIT": "ADM2", "CENTROID_LONG": -72.319620232820043, "CENTROID_LAT": -15.660077909681078 }, "geometry": { "type": "MultiPolygon", "coordinates": [ [ [ [ -72.088256, -16.039933 ], [ -72.164641, -16.058985 ], [ -72.193199, -16.131573 ], [ -72.185363, -16.175647 ], [ -72.215637, -16.233302 ], [ -72.310294, -16.303691 ], [ -72.380783, -16.431899 ], [ -72.443619, -16.412932 ], [ -72.485366, -16.359457 ], [ -72.532897, -16.410341 ], [ -72.594293, -16.430338 ], [ -72.656563, -16.291782 ], [ -72.652543, -16.247047 ], [ -72.688163, -16.218207 ], [ -72.687272, -16.120514 ], [ -72.708053, -16.091549 ], [ -72.705375, -16.024116 ], [ -72.602181, -15.986303 ], [ -72.582352, -15.937543 ], [ -72.519494, -15.908764 ], [ -72.545617, -15.808097 ], [ -72.57438, -15.785864 ], [ -72.624252, -15.703104 ], [ -72.663161, -15.710083 ], [ -72.723182, -15.602729 ], [ -72.660798, -15.545698 ], [ -72.608444, -15.559277 ], [ -72.544366, -15.535102 ], [ -72.507713, -15.474799 ], [ -72.519432, -15.406539 ], [ -72.435981, -15.387218 ], [ -72.439842, -15.307077 ], [ -72.365449, -15.242044 ], [ -72.372323, -15.122235 ], [ -72.318093, -15.094147 ], [ -72.26638, -15.04221 ], [ -72.252853, -14.946105 ], [ -72.148612, -14.881104 ], [ -72.106781, -14.899807 ], [ -72.102332, -14.954759 ], [ -72.04193, -14.933322 ], [ -72.043191, -14.902868 ], [ -71.976136, -14.869791 ], [ -71.95198, -14.837154 ], [ -71.938394, -14.920606 ], [ -71.915124, -14.957722 ], [ -71.952064, -14.988522 ], [ -71.981278, -15.065389 ], [ -71.94844, -15.10698 ], [ -71.968369, -15.135433 ], [ -71.904038, -15.177982 ], [ -71.943422, -15.22638 ], [ -71.983719, -15.337009 ], [ -72.008523, -15.582809 ], [ -72.103622, -15.604037 ], [ -72.163894, -15.659926 ], [ -72.209846, -15.681856 ], [ -72.296523, -15.82899 ], [ -72.295669, -15.923435 ], [ -72.225303, -15.961059 ], [ -72.163711, -15.907914 ], [ -72.102929, -15.951842 ], [ -72.088256, -16.039933 ] ] ] ] } },
{ "type": "Feature", "properties": { "POLYGON_ID": "PER_GAUL1999_ADM2_24043", "ADM0_ISO3": "PER", "ADM0_NAME": "Peru", "ADM0_CODE": 195, "ADM1_NAME": "Arequipa", "ADM1_CODE": 2331, "ADM2_NAME": "Caylloma", "ADM2_CODE": 24043, "GEOSET": "GAUL", "GEOSET_YEAR": 1999.0, "GEOSET_VERSION": "GAUL_v1", "GEOSET_UNIT": "ADM2", "CENTROID_LONG": -71.581746394016008, "CENTROID_LAT": -15.575816126991626 }, "geometry": { "type": "MultiPolygon", "coordinates": [ [ [ [ -71.039131, -15.404984 ], [ -71.004304, -15.44228 ], [ -71.01641, -15.490639 ], [ -71.00834, -15.563785 ], [ -70.918143, -15.643617 ], [ -70.9003, -15.711957 ], [ -70.93631, -15.784654 ], [ -70.890037, -15.850959 ], [ -70.846054, -15.921901 ], [ -70.875687, -15.94707 ], [ -71.044052, -15.980824 ], [ -71.143951, -15.98375 ], [ -71.203429, -16.024946 ], [ -71.279938, -15.958678 ], [ -71.37268, -15.926555 ], [ -71.44291, -15.925714 ], [ -71.531525, -15.941194 ], [ -71.577629, -15.990351 ], [ -71.64415, -15.987825 ], [ -71.694848, -15.932759 ], [ -71.756927, -16.030591 ], [ -71.827003, -16.060097 ], [ -71.869103, -16.130889 ], [ -71.916229, -16.157181 ], [ -72.013794, -16.137325 ], [ -72.019479, -16.067524 ], [ -72.088256, -16.039933 ], [ -72.102929, -15.951842 ], [ -72.163711, -15.907914 ], [ -72.225303, -15.961059 ], [ -72.295669, -15.923435 ], [ -72.296523, -15.82899 ], [ -72.209846, -15.681856 ], [ -72.163894, -15.659926 ], [ -72.103622, -15.604037 ], [ -72.008523, -15.582809 ], [ -71.983719, -15.337009 ], [ -71.943422, -15.22638 ], [ -71.904038, -15.177982 ], [ -71.968369, -15.135433 ], [ -71.94844, -15.10698 ], [ -71.981278, -15.065389 ], [ -71.952064, -14.988522 ], [ -71.915124, -14.957722 ], [ -71.938394, -14.920606 ], [ -71.95198, -14.837154 ], [ -71.894067, -14.788872 ], [ -71.89354, -14.78836 ], [ -71.85222, -14.887915 ], [ -71.79734, -14.896113 ], [ -71.748382, -14.945141 ], [ -71.767402, -15.009443 ], [ -71.849646, -15.044726 ], [ -71.83454, -15.076433 ], [ -71.679322, -15.088312 ], [ -71.642678, -15.133316 ], [ -71.589622, -15.129423 ], [ -71.570632, -15.068139 ], [ -71.514114, -15.079727 ], [ -71.482826, -15.05219 ], [ -71.508339, -14.979119 ], [ -71.430518, -14.998275 ], [ -71.371978, -15.079378 ], [ -71.297715, -15.108435 ], [ -71.245858, -15.05616 ], [ -71.164153, -15.098673 ], [ -71.143996, -15.126745 ], [ -71.18309, -15.164975 ], [ -71.157829, -15.203677 ], [ -71.202965, -15.246019 ], [ -71.164399, -15.290749 ], [ -71.155449, -15.367185 ], [ -71.173386, -15.426055 ], [ -71.119416, -15.42739 ], [ -71.086341, -15.458478 ], [ -71.039131, -15.404984 ] ] ] ] } },
{ "type": "Feature", "properties": { "POLYGON_ID": "PER_GAUL1999_ADM2_24044", "ADM0_ISO3": "PER", "ADM0_NAME": "Peru", "ADM0_CODE": 195, "ADM1_NAME": "Arequipa", "ADM1_CODE": 2331, "ADM2_NAME": "Condesuyos", "ADM2_CODE": 24044, "GEOSET": "GAUL", "GEOSET_YEAR": 1999.0, "GEOSET_VERSION": "GAUL_v1", "GEOSET_UNIT": "ADM2", "CENTROID_LONG": -72.731163058693866, "CENTROID_LAT": -15.596170592078959 }, "geometry": { "type": "MultiPolygon", "coordinates": [ [ [ [ -71.894067, -14.788872 ], [ -71.95198, -14.837154 ], [ -71.976136, -14.869791 ], [ -72.043191, -14.902868 ], [ -72.04193, -14.933322 ], [ -72.102332, -14.954759 ], [ -72.106781, -14.899807 ], [ -72.148612, -14.881104 ], [ -72.252853, -14.946105 ], [ -72.26638, -15.04221 ], [ -72.318093, -15.094147 ], [ -72.372323, -15.122235 ], [ -72.365449, -15.242044 ], [ -72.439842, -15.307077 ], [ -72.435981, -15.387218 ], [ -72.519432, -15.406539 ], [ -72.507713, -15.474799 ], [ -72.544366, -15.535102 ], [ -72.608444, -15.559277 ], [ -72.660798, -15.545698 ], [ -72.723182, -15.602729 ], [ -72.663161, -15.710083 ], [ -72.624252, -15.703104 ], [ -72.57438, -15.785864 ], [ -72.545617, -15.808097 ], [ -72.519494, -15.908764 ], [ -72.582352, -15.937543 ], [ -72.602181, -15.986303 ], [ -72.705375, -16.024116 ], [ -72.708053, -16.091549 ], [ -72.687272, -16.120514 ], [ -72.688163, -16.218207 ], [ -72.652543, -16.247047 ], [ -72.656563, -16.291782 ], [ -72.594293, -16.430338 ], [ -72.625106, -16.456885 ], [ -72.669755, -16.424442 ], [ -72.748857, -16.329997 ], [ -72.799362, -16.304067 ], [ -72.810416, -16.221373 ], [ -72.841096, -16.175214 ], [ -72.843559, -16.126369 ], [ -72.886826, -16.043311 ], [ -72.991516, -16.020048 ], [ -73.063897, -16.018409 ], [ -73.151131, -15.979509 ], [ -73.17121, -15.913578 ], [ -73.231247, -15.87618 ], [ -73.261605, -15.826597 ], [ -73.255638, -15.754932 ], [ -73.218117, -15.648111 ], [ -73.225914, -15.570413 ], [ -73.204223, -15.510873 ], [ -73.115661, -15.572179 ], [ -73.085588, -15.5632 ], [ -72.989654, -15.493934 ], [ -72.975503, -15.412455 ], [ -72.933959, -15.394318 ], [ -72.870765, -15.404032 ], [ -72.838288, -15.320068 ], [ -72.789193, -15.274684 ], [ -72.730569, -15.25171 ], [ -72.541993, -15.204156 ], [ -72.497796, -15.168702 ], [ -72.485642, -15.10975 ], [ -72.526244, -15.059508 ], [ -72.410049, -14.992866 ], [ -72.39756, -14.956772 ], [ -72.335647, -14.93659 ], [ -72.302048, -14.895515 ], [ -72.315484, -14.834216 ], [ -72.203323, -14.7978 ], [ -72.121139, -14.786782 ], [ -72.126466, -14.820028 ], [ -72.07624, -14.884111 ], [ -72.025758, -14.830615 ], [ -72.047744, -14.738287 ], [ -72.040383, -14.687875 ], [ -71.990258, -14.632938 ], [ -71.943665, -14.683686 ], [ -71.957885, -14.733457 ], [ -71.92881, -14.785716 ], [ -71.894067, -14.788872 ] ] ] ] } },
{ "type": "Feature", "properties": { "POLYGON_ID": "PER_GAUL1999_ADM2_24045", "ADM0_ISO3": "PER", "ADM0_NAME": "Peru", "ADM0_CODE": 195, "ADM1_NAME": "Arequipa", "ADM1_CODE": 2331, "ADM2_NAME": "Islay", "ADM2_CODE": 24045, "GEOSET": "GAUL", "GEOSET_YEAR": 1999.0, "GEOSET_VERSION": "GAUL_v1", "GEOSET_UNIT": "ADM2", "CENTROID_LONG": -71.719678461943758, "CENTROID_LAT": -16.960847008565185 }, "geometry": { "type": "MultiPolygon", "coordinates": [ [ [ [ -71.42559, -16.740726 ], [ -71.444129, -16.806614 ], [ -71.425759, -16.920398 ], [ -71.391923, -16.979598 ], [ -71.38362, -17.020773 ], [ -71.340745, -17.021044 ], [ -71.305083, -17.095178 ], [ -71.442399, -17.250733 ], [ -71.4913082, -17.2848997 ], [ -71.6903686, -17.2119885 ], [ -71.8400722, -17.1713613 ], [ -71.9226456, -17.0875054 ], [ -72.0389939, -17.0173397 ], [ -72.0761566, -17.0211601 ], [ -72.1847476, -16.9247142 ], [ -72.146698, -16.874906 ], [ -72.22094, -16.836211 ], [ -72.214883, -16.807302 ], [ -72.151618, -16.79234 ], [ -72.13202, -16.766458 ], [ -71.997428, -16.799138 ], [ -71.909362, -16.676564 ], [ -71.87043, -16.714619 ], [ -71.868331, -16.786038 ], [ -71.747771, -16.698125 ], [ -71.668526, -16.703292 ], [ -71.631027, -16.68492 ], [ -71.536133, -16.699887 ], [ -71.492866, -16.766937 ], [ -71.42559, -16.740726 ] ] ] ] } },
{ "type": "Feature", "properties": { "POLYGON_ID": "PER_GAUL1999_ADM2_24046", "ADM0_ISO3": "PER", "ADM0_NAME": "Peru", "ADM0_CODE": 195, "ADM1_NAME": "Arequipa", "ADM1_CODE": 2331, "ADM2_NAME": "La Unión", "ADM2_CODE": 24046, "GEOSET": "GAUL", "GEOSET_YEAR": 1999.0, "GEOSET_VERSION": "GAUL_v1", "GEOSET_UNIT": "ADM2", "CENTROID_LONG": -72.804895995204333, "CENTROID_LAT": -15.065606739628318 }, "geometry": { "type": "MultiPolygon", "coordinates": [ [ [ [ -72.471153, -14.661182 ], [ -72.484618, -14.745432 ], [ -72.468131, -14.782416 ], [ -72.406585, -14.826904 ], [ -72.315484, -14.834216 ], [ -72.302048, -14.895515 ], [ -72.335647, -14.93659 ], [ -72.39756, -14.956772 ], [ -72.410049, -14.992866 ], [ -72.526244, -15.059508 ], [ -72.485642, -15.10975 ], [ -72.497796, -15.168702 ], [ -72.541993, -15.204156 ], [ -72.730569, -15.25171 ], [ -72.789193, -15.274684 ], [ -72.838288, -15.320068 ], [ -72.870765, -15.404032 ], [ -72.933959, -15.394318 ], [ -72.975503, -15.412455 ], [ -72.989654, -15.493934 ], [ -73.085588, -15.5632 ], [ -73.115661, -15.572179 ], [ -73.204223, -15.510873 ], [ -73.27523, -15.393051 ], [ -73.291031, -15.370879 ], [ -73.284561, -15.294346 ], [ -73.2483, -15.286059 ], [ -73.169738, -15.304019 ], [ -73.089868, -15.169502 ], [ -73.022216, -15.128751 ], [ -73.005424, -15.009135 ], [ -72.986732, -14.955926 ], [ -73.030692, -14.902136 ], [ -73.014984, -14.855138 ], [ -73.002869, -14.814811 ], [ -72.92089, -14.758188 ], [ -72.84691, -14.759645 ], [ -72.829581, -14.702377 ], [ -72.7902, -14.650394 ], [ -72.697082, -14.680092 ], [ -72.651399, -14.668242 ], [ -72.599411, -14.689935 ], [ -72.471153, -14.661182 ] ] ] ] } },
{ "type": "Feature", "properties": { "POLYGON_ID": "PER_GAUL1999_ADM2_24047", "ADM0_ISO3": "PER", "ADM0_NAME": "Peru", "ADM0_CODE": 195, "ADM1_NAME": "Ayacucho", "ADM1_CODE": 2332, "ADM2_NAME": "Cangallo", "ADM2_CODE": 24047, "GEOSET": "GAUL", "GEOSET_YEAR": 1999.0, "GEOSET_VERSION": "GAUL_v1", "GEOSET_UNIT": "ADM2", "CENTROID_LONG": -74.488980328564963, "CENTROID_LAT": -13.500832299688744 }, "geometry": { "type": "MultiPolygon", "coordinates": [ [ [ [ -74.633697, -13.344151 ], [ -74.573501, -13.338893 ], [ -74.570413, -13.385709 ], [ -74.524078, -13.425744 ], [ -74.46521, -13.44983 ], [ -74.337227, -13.438731 ], [ -74.259422, -13.415224 ], [ -74.197045, -13.416769 ], [ -74.159484, -13.498822 ], [ -74.124794, -13.530304 ], [ -74.055198, -13.535667 ], [ -74.059403, -13.59378 ], [ -74.035798, -13.620713 ], [ -74.049774, -13.68268 ], [ -74.139503, -13.633038 ], [ -74.300759, -13.632993 ], [ -74.443993, -13.58535 ], [ -74.51828, -13.603932 ], [ -74.663894, -13.560617 ], [ -74.695991, -13.582918 ], [ -74.782067, -13.578768 ], [ -74.872232, -13.476004 ], [ -74.901138, -13.467931 ], [ -74.897111, -13.392772 ], [ -74.870354, -13.361573 ], [ -74.764153, -13.341674 ], [ -74.702545, -13.363635 ], [ -74.633697, -13.344151 ] ] ] ] } },
{ "type": "Feature", "properties": { "POLYGON_ID": "PER_GAUL1999_ADM2_24048", "ADM0_ISO3": "PER", "ADM0_NAME": "Peru", "ADM0_CODE": 195, "ADM1_NAME": "Ayacucho", "ADM1_CODE": 2332, "ADM2_NAME": "Victor Fajardo", "ADM2_CODE": 24048, "GEOSET": "GAUL", "GEOSET_YEAR": 1999.0, "GEOSET_VERSION": "GAUL_v1", "GEOSET_UNIT": "ADM2", "CENTROID_LONG": -74.25115400115385, "CENTROID_LAT": -13.785645802102572 }, "geometry": { "type": "MultiPolygon", "coordinates": [ [ [ [ -74.049774, -13.68268 ], [ -73.999405, -13.722497 ], [ -73.945626, -13.798991 ], [ -73.863967, -13.93775 ], [ -73.911004, -14.118123 ], [ -73.97322, -14.109348 ], [ -73.949897, -14.185799 ], [ -73.998963, -14.159079 ], [ -74.070541, -14.025781 ], [ -74.116074, -14.028708 ], [ -74.101868, -13.955126 ], [ -74.111946, -13.898448 ], [ -74.161681, -13.840282 ], [ -74.223945, -13.806275 ], [ -74.254043, -13.759318 ], [ -74.312508, -13.742861 ], [ -74.425697, -13.79674 ], [ -74.52594, -13.715315 ], [ -74.616196, -13.708122 ], [ -74.635026, -13.740283 ], [ -74.709335, -13.746332 ], [ -74.766532, -13.772075 ], [ -74.782067, -13.578768 ], [ -74.695991, -13.582918 ], [ -74.663894, -13.560617 ], [ -74.51828, -13.603932 ], [ -74.443993, -13.58535 ], [ -74.300759, -13.632993 ], [ -74.139503, -13.633038 ], [ -74.049774, -13.68268 ] ] ] ] } },
{ "type": "Feature", "properties": { "POLYGON_ID": "PER_GAUL1999_ADM2_24049", "ADM0_ISO3": "PER", "ADM0_NAME": "Peru", "ADM0_CODE": 195, "ADM1_NAME": "Ayacucho", "ADM1_CODE": 2332, "ADM2_NAME": "Huamanga", "ADM2_CODE": 24049, "GEOSET": "GAUL", "GEOSET_YEAR": 1999.0, "GEOSET_VERSION": "GAUL_v1", "GEOSET_UNIT": "ADM2", "CENTROID_LONG": -74.229682335780268, "CENTROID_LAT": -13.273750906646981 }, "geometry": { "type": "MultiPolygon", "coordinates": [ [ [ [ -73.838464, -13.38381 ], [ -73.833641, -13.471728 ], [ -73.896379, -13.454799 ], [ -73.961471, -13.500757 ], [ -73.990837, -13.480537 ], [ -74.010415, -13.412391 ], [ -74.071533, -13.434485 ], [ -74.055198, -13.535667 ], [ -74.124794, -13.530304 ], [ -74.159484, -13.498822 ], [ -74.197045, -13.416769 ], [ -74.259422, -13.415224 ], [ -74.337227, -13.438731 ], [ -74.46521, -13.44983 ], [ -74.524078, -13.425744 ], [ -74.570413, -13.385709 ], [ -74.573501, -13.338893 ], [ -74.633697, -13.344151 ], [ -74.687407, -13.286279 ], [ -74.644669, -13.273981 ], [ -74.572571, -13.184124 ], [ -74.542229, -13.200349 ], [ -74.460556, -13.190831 ], [ -74.420457, -13.159386 ], [ -74.408172, -13.067671 ], [ -74.37001, -13.02171 ], [ -74.311981, -13.060661 ], [ -74.270745, -13.066751 ], [ -74.214706, -13.019035 ], [ -74.161713, -13.037676 ], [ -74.10411, -12.982384 ], [ -74.078003, -12.98477 ], [ -74.060531, -13.058831 ], [ -73.960762, -13.188026 ], [ -73.926643, -13.323988 ], [ -73.870613, -13.348436 ], [ -73.838464, -13.38381 ] ] ] ] } },
{ "type": "Feature", "properties": { "POLYGON_ID": "PER_GAUL1999_ADM2_24050", "ADM0_ISO3": "PER", "ADM0_NAME": "Peru", "ADM0_CODE": 195, "ADM1_NAME": "Ayacucho", "ADM1_CODE": 2332, "ADM2_NAME": "Huanca Sancos", "ADM2_CODE": 24050, "GEOSET": "GAUL", "GEOSET_YEAR": 1999.0, "GEOSET_VERSION": "GAUL_v1", "GEOSET_UNIT": "ADM2", "CENTROID_LONG": -74.460578457408047, "CENTROID_LAT": -13.943172768671241 }, "geometry": { "type": "MultiPolygon", "coordinates": [ [ [ [ -74.116074, -14.028708 ], [ -74.174782, -14.104516 ], [ -74.2603, -14.134667 ], [ -74.329606, -14.128668 ], [ -74.391792, -14.166896 ], [ -74.431091, -14.149326 ], [ -74.618065, -14.137272 ], [ -74.640532, -14.094196 ], [ -74.680565, -14.07099 ], [ -74.725221, -14.11588 ], [ -74.772538, -14.090153 ], [ -74.786445, -13.986275 ], [ -74.783263, -13.878629 ], [ -74.759765, -13.828677 ], [ -74.766532, -13.772075 ], [ -74.709335, -13.746332 ], [ -74.635026, -13.740283 ], [ -74.616196, -13.708122 ], [ -74.52594, -13.715315 ], [ -74.425697, -13.79674 ], [ -74.312508, -13.742861 ], [ -74.254043, -13.759318 ], [ -74.223945, -13.806275 ], [ -74.161681, -13.840282 ], [ -74.111946, -13.898448 ], [ -74.101868, -13.955126 ], [ -74.116074, -14.028708 ] ] ] ] } },
{ "type": "Feature", "properties": { "POLYGON_ID": "PER_GAUL1999_ADM2_24051", "ADM0_ISO3": "PER", "ADM0_NAME": "Peru", "ADM0_CODE": 195, "ADM1_NAME": "Ayacucho", "ADM1_CODE": 2332, "ADM2_NAME": "Huanta", "ADM2_CODE": 24051, "GEOSET": "GAUL", "GEOSET_YEAR": 1999.0, "GEOSET_VERSION": "GAUL_v1", "GEOSET_UNIT": "ADM2", "CENTROID_LONG": -74.173085603674963, "CENTROID_LAT": -12.563929054528693 }, "geometry": { "type": "MultiPolygon", "coordinates": [ [ [ [ -73.995277, -12.233134 ], [ -73.972709, -12.263595 ], [ -73.969177, -12.345742 ], [ -73.889281, -12.411406 ], [ -73.83239, -12.530844 ], [ -73.855582, -12.644538 ], [ -73.891823, -12.7126 ], [ -73.972465, -12.735936 ], [ -74.031066, -12.777287 ], [ -74.040534, -12.849401 ], [ -74.07035, -12.874544 ], [ -74.109223, -12.852824 ], [ -74.144073, -12.88627 ], [ -74.10411, -12.982384 ], [ -74.161713, -13.037676 ], [ -74.214706, -13.019035 ], [ -74.270745, -13.066751 ], [ -74.321205, -12.889972 ], [ -74.322388, -12.834511 ], [ -74.292335, -12.825092 ], [ -74.288994, -12.758197 ], [ -74.3405, -12.733003 ], [ -74.327523, -12.679856 ], [ -74.342048, -12.623785 ], [ -74.400498, -12.524303 ], [ -74.421868, -12.445128 ], [ -74.507187, -12.448063 ], [ -74.548378, -12.374185 ], [ -74.57389, -12.37315 ], [ -74.581008, -12.329482 ], [ -74.556152, -12.28941 ], [ -74.507087, -12.311978 ], [ -74.448388, -12.272702 ], [ -74.417282, -12.304398 ], [ -74.384307, -12.269755 ], [ -74.387535, -12.187599 ], [ -74.345284, -12.173054 ], [ -74.322762, -12.229515 ], [ -74.271707, -12.238998 ], [ -74.187278, -12.303432 ], [ -74.119399, -12.331376 ], [ -74.0988, -12.285495 ], [ -73.995277, -12.233134 ] ] ] ] } },
{ "type": "Feature", "properties": { "POLYGON_ID": "PER_GAUL1999_ADM2_24052", "ADM0_ISO3": "PER", "ADM0_NAME": "Peru", "ADM0_CODE": 195, "ADM1_NAME": "Ayacucho", "ADM1_CODE": 2332, "ADM2_NAME": "La Mar", "ADM2_CODE": 24052, "GEOSET": "GAUL", "GEOSET_YEAR": 1999.0, "GEOSET_VERSION": "GAUL_v1", "GEOSET_UNIT": "ADM2", "CENTROID_LONG": -73.725508527091762, "CENTROID_LAT": -13.0447933758904 }, "geometry": { "type": "MultiPolygon", "coordinates": [ [ [ [ -73.215644, -13.419283 ], [ -73.237114, -13.476268 ], [ -73.34996, -13.435255 ], [ -73.449249, -13.430464 ], [ -73.500946, -13.389456 ], [ -73.572343, -13.361566 ], [ -73.665078, -13.281288 ], [ -73.723969, -13.26775 ], [ -73.758491, -13.170871 ], [ -73.824631, -13.248345 ], [ -73.806191, -13.31253 ], [ -73.832406, -13.330381 ], [ -73.838464, -13.38381 ], [ -73.870613, -13.348436 ], [ -73.926643, -13.323988 ], [ -73.960762, -13.188026 ], [ -74.060531, -13.058831 ], [ -74.078003, -12.98477 ], [ -74.10411, -12.982384 ], [ -74.144073, -12.88627 ], [ -74.109223, -12.852824 ], [ -74.07035, -12.874544 ], [ -74.040534, -12.849401 ], [ -74.031066, -12.777287 ], [ -73.972465, -12.735936 ], [ -73.891823, -12.7126 ], [ -73.855582, -12.644538 ], [ -73.83239, -12.530844 ], [ -73.801284, -12.615785 ], [ -73.753999, -12.655891 ], [ -73.730736, -12.638838 ], [ -73.626901, -12.767646 ], [ -73.586106, -12.857932 ], [ -73.524194, -12.905876 ], [ -73.535569, -12.925818 ], [ -73.488685, -12.998285 ], [ -73.481163, -13.056745 ], [ -73.427948, -13.131111 ], [ -73.386803, -13.224775 ], [ -73.292556, -13.368312 ], [ -73.215644, -13.419283 ] ] ] ] } },
{ "type": "Feature", "properties": { "POLYGON_ID": "PER_GAUL1999_ADM2_24053", "ADM0_ISO3": "PER", "ADM0_NAME": "Peru", "ADM0_CODE": 195, "ADM1_NAME": "Ayacucho", "ADM1_CODE": 2332, "ADM2_NAME": "Lucanas", "ADM2_CODE": 24053, "GEOSET": "GAUL", "GEOSET_YEAR": 1999.0, "GEOSET_VERSION": "GAUL_v1", "GEOSET_UNIT": "ADM2", "CENTROID_LONG": -74.348171599512256, "CENTROID_LAT": -14.614737642462822 }, "geometry": { "type": "MultiPolygon", "coordinates": [ [ [ [ -73.949897, -14.185799 ], [ -73.879593, -14.217231 ], [ -73.896623, -14.262666 ], [ -73.844697, -14.276395 ], [ -73.739875, -14.338128 ], [ -73.705025, -14.324175 ], [ -73.62316, -14.374892 ], [ -73.58155, -14.415885 ], [ -73.533141, -14.506791 ], [ -73.606751, -14.543749 ], [ -73.634629, -14.590945 ], [ -73.713013, -14.63749 ], [ -73.825311, -14.649294 ], [ -73.825561, -14.725093 ], [ -73.889557, -14.807001 ], [ -73.899743, -14.843373 ], [ -73.879294, -14.891844 ], [ -73.841812, -14.92108 ], [ -73.814963, -14.975397 ], [ -73.795304, -15.072566 ], [ -73.841048, -15.133377 ], [ -73.924927, -15.131071 ], [ -73.998894, -15.162031 ], [ -74.065361, -15.226498 ], [ -74.108888, -15.23971 ], [ -74.174171, -15.22225 ], [ -74.223084, -15.234765 ], [ -74.203636, -15.299235 ], [ -74.210015, -15.345859 ], [ -74.25743, -15.402413 ], [ -74.241836, -15.481597 ], [ -74.300431, -15.478589 ], [ -74.329467, -15.391758 ], [ -74.31749, -15.36584 ], [ -74.414871, -15.295233 ], [ -74.387902, -15.251594 ], [ -74.418351, -15.168854 ], [ -74.451904, -15.175772 ], [ -74.55333, -15.140096 ], [ -74.60576, -15.147914 ], [ -74.714242, -15.137824 ], [ -74.762756, -15.098878 ], [ -74.669366, -15.05485 ], [ -74.648881, -14.982385 ], [ -74.686539, -14.928716 ], [ -74.663613, -14.907618 ], [ -74.707626, -14.833559 ], [ -74.746628, -14.84101 ], [ -74.747292, -14.727607 ], [ -74.802841, -14.751946 ], [ -74.845712, -14.707813 ], [ -74.853233, -14.611407 ], [ -74.914017, -14.565718 ], [ -74.956833, -14.604869 ], [ -75.063508, -14.611647 ], [ -75.078309, -14.567963 ], [ -75.106948, -14.434191 ], [ -75.138603, -14.415721 ], [ -75.092271, -14.311295 ], [ -75.039413, -14.27848 ], [ -75.088196, -14.230229 ], [ -75.059501, -14.130093 ], [ -75.02845, -14.071795 ], [ -74.942361, -14.094522 ], [ -74.841386, -14.073237 ], [ -74.772538, -14.090153 ], [ -74.725221, -14.11588 ], [ -74.680565, -14.07099 ], [ -74.640532, -14.094196 ], [ -74.618065, -14.137272 ], [ -74.431091, -14.149326 ], [ -74.391792, -14.166896 ], [ -74.329606, -14.128668 ], [ -74.2603, -14.134667 ], [ -74.174782, -14.104516 ], [ -74.116074, -14.028708 ], [ -74.070541, -14.025781 ], [ -73.998963, -14.159079 ], [ -73.949897, -14.185799 ] ] ] ] } },
{ "type": "Feature", "properties": { "POLYGON_ID": "PER_GAUL1999_ADM2_24054", "ADM0_ISO3": "PER", "ADM0_NAME": "Peru", "ADM0_CODE": 195, "ADM1_NAME": "Ayacucho", "ADM1_CODE": 2332, "ADM2_NAME": "Parinacochas", "ADM2_CODE": 24054, "GEOSET": "GAUL", "GEOSET_YEAR": 1999.0, "GEOSET_VERSION": "GAUL_v1", "GEOSET_UNIT": "ADM2", "CENTROID_LONG": -73.634662533314852, "CENTROID_LAT": -15.032682284942384 }, "geometry": { "type": "MultiPolygon", "coordinates": [ [ [ [ -73.507073, -14.544139 ], [ -73.53344, -14.580849 ], [ -73.517333, -14.665061 ], [ -73.571053, -14.686396 ], [ -73.565453, -14.775897 ], [ -73.483237, -14.842655 ], [ -73.40461, -14.765315 ], [ -73.392373, -14.717538 ], [ -73.350883, -14.703852 ], [ -73.284057, -14.736571 ], [ -73.261215, -14.711863 ], [ -73.188996, -14.705545 ], [ -73.152993, -14.677733 ], [ -73.064973, -14.665396 ], [ -73.017494, -14.630536 ], [ -72.985848, -14.635065 ], [ -72.955399, -14.682512 ], [ -72.867759, -14.707917 ], [ -72.84691, -14.759645 ], [ -72.92089, -14.758188 ], [ -73.002869, -14.814811 ], [ -73.014984, -14.855138 ], [ -73.061265, -14.82535 ], [ -73.159974, -14.910542 ], [ -73.254348, -14.899071 ], [ -73.283088, -14.983066 ], [ -73.332115, -15.028872 ], [ -73.419091, -15.065502 ], [ -73.529846, -15.054216 ], [ -73.555427, -15.15505 ], [ -73.505714, -15.262048 ], [ -73.456063, -15.308907 ], [ -73.441169, -15.355577 ], [ -73.55877, -15.408166 ], [ -73.653885, -15.41744 ], [ -73.685563, -15.436963 ], [ -73.758254, -15.386195 ], [ -73.80494, -15.325158 ], [ -73.88073, -15.340571 ], [ -73.869248, -15.417711 ], [ -74.00949, -15.558963 ], [ -74.018661, -15.598642 ], [ -74.065994, -15.62952 ], [ -74.084464, -15.592028 ], [ -74.037628, -15.454806 ], [ -74.088104, -15.390448 ], [ -74.151863, -15.42902 ], [ -74.166504, -15.483769 ], [ -74.241836, -15.481597 ], [ -74.25743, -15.402413 ], [ -74.210015, -15.345859 ], [ -74.203636, -15.299235 ], [ -74.223084, -15.234765 ], [ -74.174171, -15.22225 ], [ -74.108888, -15.23971 ], [ -74.065361, -15.226498 ], [ -73.998894, -15.162031 ], [ -73.924927, -15.131071 ], [ -73.841048, -15.133377 ], [ -73.795304, -15.072566 ], [ -73.814963, -14.975397 ], [ -73.841812, -14.92108 ], [ -73.879294, -14.891844 ], [ -73.899743, -14.843373 ], [ -73.889557, -14.807001 ], [ -73.825561, -14.725093 ], [ -73.825311, -14.649294 ], [ -73.713013, -14.63749 ], [ -73.634629, -14.590945 ], [ -73.606751, -14.543749 ], [ -73.533141, -14.506791 ], [ -73.507073, -14.544139 ] ] ] ] } },
{ "type": "Feature", "properties": { "POLYGON_ID": "PER_GAUL1999_ADM2_24055", "ADM0_ISO3": "PER", "ADM0_NAME": "Peru", "ADM0_CODE": 195, "ADM1_NAME": "Ayacucho", "ADM1_CODE": 2332, "ADM2_NAME": "Paucar del Sara Sara", "ADM2_CODE": 24055, "GEOSET": "GAUL", "GEOSET_YEAR": 1999.0, "GEOSET_VERSION": "GAUL_v1", "GEOSET_UNIT": "ADM2", "CENTROID_LONG": -73.261105692997248, "CENTROID_LAT": -15.124326484488687 }, "geometry": { "type": "MultiPolygon", "coordinates": [ [ [ [ -73.014984, -14.855138 ], [ -73.030692, -14.902136 ], [ -72.986732, -14.955926 ], [ -73.005424, -15.009135 ], [ -73.022216, -15.128751 ], [ -73.089868, -15.169502 ], [ -73.169738, -15.304019 ], [ -73.2483, -15.286059 ], [ -73.284561, -15.294346 ], [ -73.291031, -15.370879 ], [ -73.27523, -15.393051 ], [ -73.392678, -15.398694 ], [ -73.441169, -15.355577 ], [ -73.456063, -15.308907 ], [ -73.505714, -15.262048 ], [ -73.555427, -15.15505 ], [ -73.529846, -15.054216 ], [ -73.419091, -15.065502 ], [ -73.332115, -15.028872 ], [ -73.283088, -14.983066 ], [ -73.254348, -14.899071 ], [ -73.159974, -14.910542 ], [ -73.061265, -14.82535 ], [ -73.014984, -14.855138 ] ] ] ] } },
{ "type": "Feature", "properties": { "POLYGON_ID": "PER_GAUL1999_ADM2_24056", "ADM0_ISO3": "PER", "ADM0_NAME": "Peru", "ADM0_CODE": 195, "ADM1_NAME": "Ayacucho", "ADM1_CODE": 2332, "ADM2_NAME": "Sucre", "ADM2_CODE": 24056, "GEOSET": "GAUL", "GEOSET_YEAR": 1999.0, "GEOSET_VERSION": "GAUL_v1", "GEOSET_UNIT": "ADM2", "CENTROID_LONG": -73.730908936291016, "CENTROID_LAT": -14.121833324808643 }, "geometry": { "type": "MultiPolygon", "coordinates": [ [ [ [ -73.58155, -14.415885 ], [ -73.62316, -14.374892 ], [ -73.705025, -14.324175 ], [ -73.739875, -14.338128 ], [ -73.844697, -14.276395 ], [ -73.896623, -14.262666 ], [ -73.879593, -14.217231 ], [ -73.949897, -14.185799 ], [ -73.97322, -14.109348 ], [ -73.911004, -14.118123 ], [ -73.863967, -13.93775 ], [ -73.831193, -13.920194 ], [ -73.804566, -13.864323 ], [ -73.803253, -13.794506 ], [ -73.748406, -13.763316 ], [ -73.699448, -13.845661 ], [ -73.683708, -13.910266 ], [ -73.649245, -13.946328 ], [ -73.6195, -14.016931 ], [ -73.609292, -14.086017 ], [ -73.51149, -14.268995 ], [ -73.554221, -14.400895 ], [ -73.58155, -14.415885 ] ] ] ] } },
{ "type": "Feature", "properties": { "POLYGON_ID": "PER_GAUL1999_ADM2_24057", "ADM0_ISO3": "PER", "ADM0_NAME": "Peru", "ADM0_CODE": 195, "ADM1_NAME": "Ayacucho", "ADM1_CODE": 2332, "ADM2_NAME": "Vilcas Huamán", "ADM2_CODE": 24057, "GEOSET": "GAUL", "GEOSET_YEAR": 1999.0, "GEOSET_VERSION": "GAUL_v1", "GEOSET_UNIT": "ADM2", "CENTROID_LONG": -73.897858284311496, "CENTROID_LAT": -13.657454025563442 }, "geometry": { "type": "MultiPolygon", "coordinates": [ [ [ [ -73.833641, -13.471728 ], [ -73.814202, -13.510095 ], [ -73.793236, -13.642365 ], [ -73.728112, -13.669639 ], [ -73.671813, -13.732126 ], [ -73.748406, -13.763316 ], [ -73.803253, -13.794506 ], [ -73.804566, -13.864323 ], [ -73.831193, -13.920194 ], [ -73.863967, -13.93775 ], [ -73.945626, -13.798991 ], [ -73.999405, -13.722497 ], [ -74.049774, -13.68268 ], [ -74.035798, -13.620713 ], [ -74.059403, -13.59378 ], [ -74.055198, -13.535667 ], [ -74.071533, -13.434485 ], [ -74.010415, -13.412391 ], [ -73.990837, -13.480537 ], [ -73.961471, -13.500757 ], [ -73.896379, -13.454799 ], [ -73.833641, -13.471728 ] ] ] ] } },
{ "type": "Feature", "properties": { "POLYGON_ID": "PER_GAUL1999_ADM2_24058", "ADM0_ISO3": "PER", "ADM0_NAME": "Peru", "ADM0_CODE": 195, "ADM1_NAME": "Cajamarca", "ADM1_CODE": 2333, "ADM2_NAME": "Cajabamba", "ADM2_CODE": 24058, "GEOSET": "GAUL", "GEOSET_YEAR": 1999.0, "GEOSET_VERSION": "GAUL_v1", "GEOSET_UNIT": "ADM2", "CENTROID_LONG": -78.098491545243036, "CENTROID_LAT": -7.5402678148672413 }, "geometry": { "type": "MultiPolygon", "coordinates": [ [ [ [ -77.82946, -7.347426 ], [ -77.824829, -7.378156 ], [ -77.771698, -7.420855 ], [ -77.746621, -7.478604 ], [ -77.844277, -7.514042 ], [ -77.867141, -7.580108 ], [ -77.923149, -7.600451 ], [ -77.93609, -7.656627 ], [ -78.08091, -7.696093 ], [ -78.139252, -7.685581 ], [ -78.213388, -7.738961 ], [ -78.258927, -7.754753 ], [ -78.301522, -7.69873 ], [ -78.32643, -7.699929 ], [ -78.375717, -7.640837 ], [ -78.376419, -7.593142 ], [ -78.339287, -7.494886 ], [ -78.344094, -7.401888 ], [ -78.275681, -7.373153 ], [ -78.220353, -7.387204 ], [ -78.176545, -7.454147 ], [ -78.14244, -7.474668 ], [ -78.086342, -7.4538 ], [ -78.014038, -7.462456 ], [ -77.979958, -7.385893 ], [ -77.942138, -7.345797 ], [ -77.892852, -7.361974 ], [ -77.82946, -7.347426 ] ] ] ] } },
{ "type": "Feature", "properties": { "POLYGON_ID": "PER_GAUL1999_ADM2_24059", "ADM0_ISO3": "PER", "ADM0_NAME": "Peru", "ADM0_CODE": 195, "ADM1_NAME": "Cajamarca", "ADM1_CODE": 2333, "ADM2_NAME": "Cajamarca", "ADM2_CODE": 24059, "GEOSET": "GAUL", "GEOSET_YEAR": 1999.0, "GEOSET_VERSION": "GAUL_v1", "GEOSET_UNIT": "ADM2", "CENTROID_LONG": -78.469926946843657, "CENTROID_LAT": -7.1980894788453531 }, "geometry": { "type": "MultiPolygon", "coordinates": [ [ [ [ -78.453675, -6.835361 ], [ -78.430382, -6.927662 ], [ -78.360978, -6.939149 ], [ -78.312179, -6.986951 ], [ -78.295746, -7.030227 ], [ -78.22004, -7.071685 ], [ -78.186241, -7.148811 ], [ -78.238235, -7.201741 ], [ -78.216537, -7.287843 ], [ -78.275323, -7.304391 ], [ -78.307694, -7.333886 ], [ -78.275681, -7.373153 ], [ -78.344094, -7.401888 ], [ -78.339287, -7.494886 ], [ -78.415611, -7.485396 ], [ -78.487891, -7.553804 ], [ -78.622962, -7.547224 ], [ -78.651054, -7.527824 ], [ -78.629699, -7.446063 ], [ -78.682219, -7.391997 ], [ -78.628341, -7.330415 ], [ -78.620225, -7.284401 ], [ -78.648032, -7.256634 ], [ -78.746407, -7.219633 ], [ -78.66227, -7.10311 ], [ -78.627914, -7.016429 ], [ -78.605492, -6.997905 ], [ -78.612031, -6.918668 ], [ -78.600868, -6.867354 ], [ -78.532204, -6.800823 ], [ -78.466125, -6.806756 ], [ -78.453675, -6.835361 ] ] ] ] } },
{ "type": "Feature", "properties": { "POLYGON_ID": "PER_GAUL1999_ADM2_24060", "ADM0_ISO3": "PER", "ADM0_NAME": "Peru", "ADM0_CODE": 195, "ADM1_NAME": "Cajamarca", "ADM1_CODE": 2333, "ADM2_NAME": "Celendín", "ADM2_CODE": 24060, "GEOSET": "GAUL", "GEOSET_YEAR": 1999.0, "GEOSET_VERSION": "GAUL_v1", "GEOSET_UNIT": "ADM2", "CENTROID_LONG": -78.204270903458479, "CENTROID_LAT": -6.8091956033063976 }, "geometry": { "type": "MultiPolygon", "coordinates": [ [ [ [ -78.037101, -6.743772 ], [ -77.995903, -6.903229 ], [ -77.999283, -6.968695 ], [ -77.950455, -7.064583 ], [ -78.01603, -7.09702 ], [ -78.0569, -7.134853 ], [ -78.186241, -7.148811 ], [ -78.22004, -7.071685 ], [ -78.295746, -7.030227 ], [ -78.312179, -6.986951 ], [ -78.360978, -6.939149 ], [ -78.430382, -6.927662 ], [ -78.453675, -6.835361 ], [ -78.402793, -6.813131 ], [ -78.407005, -6.728613 ], [ -78.384553, -6.678071 ], [ -78.413186, -6.595067 ], [ -78.302429, -6.553997 ], [ -78.338127, -6.51239 ], [ -78.289467, -6.479367 ], [ -78.316352, -6.433105 ], [ -78.278892, -6.388867 ], [ -78.190865, -6.456521 ], [ -78.136239, -6.527306 ], [ -78.138007, -6.563536 ], [ -78.108581, -6.641664 ], [ -78.046441, -6.690543 ], [ -78.037101, -6.743772 ] ] ] ] } },
{ "type": "Feature", "properties": { "POLYGON_ID": "PER_GAUL1999_ADM2_24061", "ADM0_ISO3": "PER", "ADM0_NAME": "Peru", "ADM0_CODE": 195, "ADM1_NAME": "Cajamarca", "ADM1_CODE": 2333, "ADM2_NAME": "Chota", "ADM2_CODE": 24061, "GEOSET": "GAUL", "GEOSET_YEAR": 1999.0, "GEOSET_VERSION": "GAUL_v1", "GEOSET_UNIT": "ADM2", "CENTROID_LONG": -78.8650244454561, "CENTROID_LAT": -6.4398033108036703 }, "geometry": { "type": "MultiPolygon", "coordinates": [ [ [ [ -78.474959, -6.13414 ], [ -78.370292, -6.239946 ], [ -78.333008, -6.350389 ], [ -78.278892, -6.388867 ], [ -78.316352, -6.433105 ], [ -78.289467, -6.479367 ], [ -78.338127, -6.51239 ], [ -78.302429, -6.553997 ], [ -78.413186, -6.595067 ], [ -78.459372, -6.560833 ], [ -78.527459, -6.61668 ], [ -78.554399, -6.597771 ], [ -78.634674, -6.655695 ], [ -78.677857, -6.658156 ], [ -78.75772, -6.631828 ], [ -78.792924, -6.553797 ], [ -78.825272, -6.524403 ], [ -78.951492, -6.527498 ], [ -78.988724, -6.511701 ], [ -79.057609, -6.516403 ], [ -79.118553, -6.628202 ], [ -79.194756, -6.628509 ], [ -79.22879, -6.671922 ], [ -79.298607, -6.673618 ], [ -79.349694, -6.646776 ], [ -79.336411, -6.600642 ], [ -79.365821, -6.553309 ], [ -79.408006, -6.541214 ], [ -79.433213, -6.480299 ], [ -79.450165, -6.406688 ], [ -79.418718, -6.308835 ], [ -79.353851, -6.303755 ], [ -79.341683, -6.276497 ], [ -79.249214, -6.221781 ], [ -79.200034, -6.27022 ], [ -79.119866, -6.29114 ], [ -79.055535, -6.327948 ], [ -78.985894, -6.296314 ], [ -78.917039, -6.368038 ], [ -78.888985, -6.437135 ], [ -78.794373, -6.443856 ], [ -78.834404, -6.49572 ], [ -78.759537, -6.512829 ], [ -78.733726, -6.460266 ], [ -78.745231, -6.416354 ], [ -78.661377, -6.312988 ], [ -78.569489, -6.303197 ], [ -78.50875, -6.282192 ], [ -78.529809, -6.214493 ], [ -78.507417, -6.086478 ], [ -78.474959, -6.13414 ] ] ] ] } },
{ "type": "Feature", "properties": { "POLYGON_ID": "PER_GAUL1999_ADM2_24062", "ADM0_ISO3": "PER", "ADM0_NAME": "Peru", "ADM0_CODE": 195, "ADM1_NAME": "Cajamarca", "ADM1_CODE": 2333, "ADM2_NAME": "Contumazá", "ADM2_CODE": 24062, "GEOSET": "GAUL", "GEOSET_YEAR": 1999.0, "GEOSET_VERSION": "GAUL_v1", "GEOSET_UNIT": "ADM2", "CENTROID_LONG": -78.980295968859494, "CENTROID_LAT": -7.3560622752114204 }, "geometry": { "type": "MultiPolygon", "coordinates": [ [ [ [ -78.91883, -7.211063 ], [ -78.896652, -7.22805 ], [ -78.746407, -7.219633 ], [ -78.648032, -7.256634 ], [ -78.620225, -7.284401 ], [ -78.628341, -7.330415 ], [ -78.682219, -7.391997 ], [ -78.752624, -7.417209 ], [ -78.789619, -7.394534 ], [ -78.879859, -7.472134 ], [ -78.852364, -7.519337 ], [ -78.912209, -7.550096 ], [ -78.942016, -7.624653 ], [ -78.992829, -7.660807 ], [ -79.040702, -7.600027 ], [ -79.0607, -7.542939 ], [ -79.065477, -7.472681 ], [ -79.146796, -7.431873 ], [ -79.187027, -7.388683 ], [ -79.259116, -7.381062 ], [ -79.282204, -7.349817 ], [ -79.33149, -7.355585 ], [ -79.368941, -7.324851 ], [ -79.283225, -7.275141 ], [ -79.252158, -7.198589 ], [ -79.130104, -7.182907 ], [ -79.058044, -7.240031 ], [ -79.014816, -7.178743 ], [ -78.91883, -7.211063 ] ] ] ] } },
{ "type": "Feature", "properties": { "POLYGON_ID": "PER_GAUL1999_ADM2_24063", "ADM0_ISO3": "PER", "ADM0_NAME": "Peru", "ADM0_CODE": 195, "ADM1_NAME": "Cajamarca", "ADM1_CODE": 2333, "ADM2_NAME": "Cutervo", "ADM2_CODE": 24063, "GEOSET": "GAUL", "GEOSET_YEAR": 1999.0, "GEOSET_VERSION": "GAUL_v1", "GEOSET_UNIT": "ADM2", "CENTROID_LONG": -78.840599832785784, "CENTROID_LAT": -6.1712174480824995 }, "geometry": { "type": "MultiPolygon", "coordinates": [ [ [ [ -78.700623, -5.785594 ], [ -78.711174, -5.826475 ], [ -78.695726, -5.889219 ], [ -78.61196, -6.016295 ], [ -78.583572, -6.079151 ], [ -78.507417, -6.086478 ], [ -78.529809, -6.214493 ], [ -78.50875, -6.282192 ], [ -78.569489, -6.303197 ], [ -78.661377, -6.312988 ], [ -78.745231, -6.416354 ], [ -78.733726, -6.460266 ], [ -78.759537, -6.512829 ], [ -78.834404, -6.49572 ], [ -78.794373, -6.443856 ], [ -78.888985, -6.437135 ], [ -78.917039, -6.368038 ], [ -78.985894, -6.296314 ], [ -79.055535, -6.327948 ], [ -79.119866, -6.29114 ], [ -79.200034, -6.27022 ], [ -79.249214, -6.221781 ], [ -79.272652, -6.146408 ], [ -79.236122, -6.092874 ], [ -79.212287, -6.09972 ], [ -79.173416, -6.133912 ], [ -79.086976, -6.108998 ], [ -79.080628, -6.063243 ], [ -79.015342, -6.021172 ], [ -78.964921, -6.012525 ], [ -78.898667, -6.045992 ], [ -78.861863, -6.017354 ], [ -78.8378, -5.900173 ], [ -78.700623, -5.785594 ] ] ] ] } },
{ "type": "Feature", "properties": { "POLYGON_ID": "PER_GAUL1999_ADM2_24064", "ADM0_ISO3": "PER", "ADM0_NAME": "Peru", "ADM0_CODE": 195, "ADM1_NAME": "Cajamarca", "ADM1_CODE": 2333, "ADM2_NAME": "Hualgayoc", "ADM2_CODE": 24064, "GEOSET": "GAUL", "GEOSET_YEAR": 1999.0, "GEOSET_VERSION": "GAUL_v1", "GEOSET_UNIT": "ADM2", "CENTROID_LONG": -78.546210652299038, "CENTROID_LAT": -6.7094245858383861 }, "geometry": { "type": "MultiPolygon", "coordinates": [ [ [ [ -78.413186, -6.595067 ], [ -78.384553, -6.678071 ], [ -78.407005, -6.728613 ], [ -78.402793, -6.813131 ], [ -78.453675, -6.835361 ], [ -78.466125, -6.806756 ], [ -78.532204, -6.800823 ], [ -78.600868, -6.867354 ], [ -78.615646, -6.852074 ], [ -78.638237, -6.777278 ], [ -78.717751, -6.74034 ], [ -78.766921, -6.658017 ], [ -78.75772, -6.631828 ], [ -78.677857, -6.658156 ], [ -78.634674, -6.655695 ], [ -78.554399, -6.597771 ], [ -78.527459, -6.61668 ], [ -78.459372, -6.560833 ], [ -78.413186, -6.595067 ] ] ] ] } },
{ "type": "Feature", "properties": { "POLYGON_ID": "PER_GAUL1999_ADM2_24065", "ADM0_ISO3": "PER", "ADM0_NAME": "Peru", "ADM0_CODE": 195, "ADM1_NAME": "Cajamarca", "ADM1_CODE": 2333, "ADM2_NAME": "Jaén", "ADM2_CODE": 24065, "GEOSET": "GAUL", "GEOSET_YEAR": 1999.0, "GEOSET_VERSION": "GAUL_v1", "GEOSET_UNIT": "ADM2", "CENTROID_LONG": -79.002248612174895, "CENTROID_LAT": -5.7115656803645312 }, "geometry": { "type": "MultiPolygon", "coordinates": [ [ [ [ -78.554152, -5.538565 ], [ -78.585037, -5.555695 ], [ -78.604836, -5.608762 ], [ -78.650704, -5.675304 ], [ -78.65226, -5.721005 ], [ -78.700623, -5.785594 ], [ -78.8378, -5.900173 ], [ -78.861863, -6.017354 ], [ -78.898667, -6.045992 ], [ -78.964921, -6.012525 ], [ -79.015342, -6.021172 ], [ -79.080628, -6.063243 ], [ -79.086976, -6.108998 ], [ -79.173416, -6.133912 ], [ -79.212287, -6.09972 ], [ -79.216889, -6.049837 ], [ -79.26667, -6.024087 ], [ -79.294548, -5.98616 ], [ -79.397278, -5.978689 ], [ -79.416511, -6.004457 ], [ -79.419686, -5.971111 ], [ -79.361878, -5.932714 ], [ -79.334579, -5.894591 ], [ -79.400872, -5.755514 ], [ -79.372321, -5.600323 ], [ -79.398926, -5.535846 ], [ -79.271661, -5.516904 ], [ -79.210405, -5.530372 ], [ -79.196595, -5.493169 ], [ -79.149659, -5.461396 ], [ -79.148667, -5.396228 ], [ -79.096755, -5.375133 ], [ -79.079628, -5.425545 ], [ -78.946533, -5.476908 ], [ -78.867019, -5.470387 ], [ -78.784598, -5.428262 ], [ -78.777421, -5.393065 ], [ -78.680139, -5.409751 ], [ -78.57335, -5.320641 ], [ -78.497056, -5.412128 ], [ -78.552842, -5.480064 ], [ -78.554152, -5.538565 ] ] ] ] } },
{ "type": "Feature", "properties": { "POLYGON_ID": "PER_GAUL1999_ADM2_24066", "ADM0_ISO3": "PER", "ADM0_NAME": "Peru", "ADM0_CODE": 195, "ADM1_NAME": "Cajamarca", "ADM1_CODE": 2333, "ADM2_NAME": "San Ignacio", "ADM2_CODE": 24066, "GEOSET": "GAUL", "GEOSET_YEAR": 1999.0, "GEOSET_VERSION": "GAUL_v1", "GEOSET_UNIT": "ADM2", "CENTROID_LONG": -78.951307658009853, "CENTROID_LAT": -5.1339966088624625 }, "geometry": { "type": "MultiPolygon", "coordinates": [ [ [ [ -78.57335, -5.320641 ], [ -78.680139, -5.409751 ], [ -78.777421, -5.393065 ], [ -78.784598, -5.428262 ], [ -78.867019, -5.470387 ], [ -78.946533, -5.476908 ], [ -79.079628, -5.425545 ], [ -79.096755, -5.375133 ], [ -79.148667, -5.396228 ], [ -79.149659, -5.461396 ], [ -79.196595, -5.493169 ], [ -79.210405, -5.530372 ], [ -79.271661, -5.516904 ], [ -79.297951, -5.459493 ], [ -79.308113, -5.367163 ], [ -79.357101, -5.289904 ], [ -79.347611, -5.237345 ], [ -79.377648, -5.189741 ], [ -79.328544, -5.121711 ], [ -79.29238, -5.108296 ], [ -79.278756, -5.043831 ], [ -79.247001, -5.034881 ], [ -79.2128895, -4.9632883 ], [ -79.21266, -4.96328 ], [ -79.20373, -4.96467 ], [ -79.1984847, -4.962693 ], [ -79.18877, -4.96128 ], [ -79.17255, -4.96081 ], [ -79.1593365, -4.9627182 ], [ -79.1533, -4.96359 ], [ -79.13977, -4.96246 ], [ -79.11525, -4.97261 ], [ -79.1149659, -4.972675 ], [ -79.10516, -4.97492 ], [ -79.0954956, -4.9747748 ], [ -79.09118, -4.97471 ], [ -79.0871344, -4.9731924 ], [ -79.08201, -4.97127 ], [ -79.07261, -4.9699 ], [ -79.0709417, -4.9702618 ], [ -79.06598, -4.9844 ], [ -79.06136, -4.9854 ], [ -79.05743, -4.98659 ], [ -79.04552, -4.98639 ], [ -79.01503, -4.98392 ], [ -79.00517, -4.9821 ], [ -78.9999, -4.97936 ], [ -78.97065, -4.90006 ], [ -78.9640965, -4.8873468 ], [ -78.91299, -4.81874 ], [ -78.91915, -4.80355 ], [ -78.9147568, -4.7837749 ], [ -78.90258, -4.76448 ], [ -78.8991155, -4.7567283 ], [ -78.88902, -4.73414 ], [ -78.85641, -4.69303 ], [ -78.73102, -4.64909 ], [ -78.71909, -4.636 ], [ -78.7122, -4.62727 ], [ -78.7099653, -4.6246202 ], [ -78.679596, -4.665483 ], [ -78.643966, -4.669822 ], [ -78.627898, -4.772832 ], [ -78.640869, -4.795264 ], [ -78.65773, -5.011002 ], [ -78.632309, -5.037841 ], [ -78.692703, -5.088716 ], [ -78.705544, -5.127056 ], [ -78.702782, -5.206281 ], [ -78.68348, -5.267667 ], [ -78.64138, -5.295074 ], [ -78.603751, -5.279484 ], [ -78.57335, -5.320641 ] ] ] ] } },
{ "type": "Feature", "properties": { "POLYGON_ID": "PER_GAUL1999_ADM2_24067", "ADM0_ISO3": "PER", "ADM0_NAME": "Peru", "ADM0_CODE": 195, "ADM1_NAME": "Cajamarca", "ADM1_CODE": 2333, "ADM2_NAME": "San Marcos", "ADM2_CODE": 24067, "GEOSET": "GAUL", "GEOSET_YEAR": 1999.0, "GEOSET_VERSION": "GAUL_v1", "GEOSET_UNIT": "ADM2", "CENTROID_LONG": -78.062672050670088, "CENTROID_LAT": -7.2829567683885745 }, "geometry": { "type": "MultiPolygon", "coordinates": [ [ [ [ -77.82946, -7.347426 ], [ -77.892852, -7.361974 ], [ -77.942138, -7.345797 ], [ -77.979958, -7.385893 ], [ -78.014038, -7.462456 ], [ -78.086342, -7.4538 ], [ -78.14244, -7.474668 ], [ -78.176545, -7.454147 ], [ -78.220353, -7.387204 ], [ -78.275681, -7.373153 ], [ -78.307694, -7.333886 ], [ -78.275323, -7.304391 ], [ -78.216537, -7.287843 ], [ -78.238235, -7.201741 ], [ -78.186241, -7.148811 ], [ -78.0569, -7.134853 ], [ -78.01603, -7.09702 ], [ -77.950455, -7.064583 ], [ -77.925476, -7.153476 ], [ -77.833335, -7.303448 ], [ -77.82946, -7.347426 ] ] ] ] } },
{ "type": "Feature", "properties": { "POLYGON_ID": "PER_GAUL1999_ADM2_24068", "ADM0_ISO3": "PER", "ADM0_NAME": "Peru", "ADM0_CODE": 195, "ADM1_NAME": "Cajamarca", "ADM1_CODE": 2333, "ADM2_NAME": "San Miguel", "ADM2_CODE": 24068, "GEOSET": "GAUL", "GEOSET_YEAR": 1999.0, "GEOSET_VERSION": "GAUL_v1", "GEOSET_UNIT": "ADM2", "CENTROID_LONG": -78.99641196427406, "CENTROID_LAT": -6.9778111691098381 }, "geometry": { "type": "MultiPolygon", "coordinates": [ [ [ [ -78.717751, -6.74034 ], [ -78.638237, -6.777278 ], [ -78.615646, -6.852074 ], [ -78.649361, -6.903432 ], [ -78.786782, -7.022991 ], [ -78.865991, -7.043175 ], [ -78.882676, -7.091395 ], [ -78.889199, -7.177553 ], [ -78.91883, -7.211063 ], [ -79.014816, -7.178743 ], [ -79.058044, -7.240031 ], [ -79.130104, -7.182907 ], [ -79.252158, -7.198589 ], [ -79.327087, -7.083151 ], [ -79.322891, -7.02582 ], [ -79.296722, -6.999322 ], [ -79.311448, -6.90289 ], [ -79.206238, -6.822126 ], [ -79.14727, -6.864981 ], [ -79.082511, -6.873776 ], [ -79.034959, -6.837668 ], [ -78.986206, -6.861378 ], [ -78.882546, -6.841738 ], [ -78.887344, -6.79549 ], [ -78.81611, -6.69619 ], [ -78.746972, -6.745144 ], [ -78.717751, -6.74034 ] ] ] ] } },
{ "type": "Feature", "properties": { "POLYGON_ID": "PER_GAUL1999_ADM2_24069", "ADM0_ISO3": "PER", "ADM0_NAME": "Peru", "ADM0_CODE": 195, "ADM1_NAME": "Cajamarca", "ADM1_CODE": 2333, "ADM2_NAME": "San Pablo", "ADM2_CODE": 24069, "GEOSET": "GAUL", "GEOSET_YEAR": 1999.0, "GEOSET_VERSION": "GAUL_v1", "GEOSET_UNIT": "ADM2", "CENTROID_LONG": -78.750947112770973, "CENTROID_LAT": -7.0791119159066715 }, "geometry": { "type": "MultiPolygon", "coordinates": [ [ [ [ -78.600868, -6.867354 ], [ -78.612031, -6.918668 ], [ -78.605492, -6.997905 ], [ -78.627914, -7.016429 ], [ -78.66227, -7.10311 ], [ -78.746407, -7.219633 ], [ -78.896652, -7.22805 ], [ -78.91883, -7.211063 ], [ -78.889199, -7.177553 ], [ -78.882676, -7.091395 ], [ -78.865991, -7.043175 ], [ -78.786782, -7.022991 ], [ -78.649361, -6.903432 ], [ -78.615646, -6.852074 ], [ -78.600868, -6.867354 ] ] ] ] } },
{ "type": "Feature", "properties": { "POLYGON_ID": "PER_GAUL1999_ADM2_24070", "ADM0_ISO3": "PER", "ADM0_NAME": "Peru", "ADM0_CODE": 195, "ADM1_NAME": "Cajamarca", "ADM1_CODE": 2333, "ADM2_NAME": "Santa Cruz", "ADM2_CODE": 24070, "GEOSET": "GAUL", "GEOSET_YEAR": 1999.0, "GEOSET_VERSION": "GAUL_v1", "GEOSET_UNIT": "ADM2", "CENTROID_LONG": -78.978610544576625, "CENTROID_LAT": -6.6862637863478405 }, "geometry": { "type": "MultiPolygon", "coordinates": [ [ [ [ -78.75772, -6.631828 ], [ -78.766921, -6.658017 ], [ -78.717751, -6.74034 ], [ -78.746972, -6.745144 ], [ -78.81611, -6.69619 ], [ -78.887344, -6.79549 ], [ -78.882546, -6.841738 ], [ -78.986206, -6.861378 ], [ -79.034959, -6.837668 ], [ -79.082511, -6.873776 ], [ -79.14727, -6.864981 ], [ -79.206238, -6.822126 ], [ -79.122238, -6.77965 ], [ -79.144004, -6.699693 ], [ -79.21412, -6.695044 ], [ -79.22879, -6.671922 ], [ -79.194756, -6.628509 ], [ -79.118553, -6.628202 ], [ -79.057609, -6.516403 ], [ -78.988724, -6.511701 ], [ -78.951492, -6.527498 ], [ -78.825272, -6.524403 ], [ -78.792924, -6.553797 ], [ -78.75772, -6.631828 ] ] ] ] } },
{ "type": "Feature", "properties": { "POLYGON_ID": "PER_GAUL1999_ADM2_91837", "ADM0_ISO3": "PER", "ADM0_NAME": "Peru", "ADM0_CODE": 195, "ADM1_NAME": "Callao", "ADM1_CODE": 2334, "ADM2_NAME": "Callao", "ADM2_CODE": 91837, "GEOSET": "GAUL", "GEOSET_YEAR": 1999.0, "GEOSET_VERSION": "GAUL_v1", "GEOSET_UNIT": "ADM2", "CENTROID_LONG": -70.845729999594113, "CENTROID_LAT": -15.345197778286549 }, "geometry": { "type": "MultiPolygon", "coordinates": [ [ [ [ -68.8173, -16.34278 ], [ -68.845, -16.35858 ], [ -68.98697, -16.44116 ], [ -69.01225, -16.51501 ], [ -69.0213, -16.53831 ], [ -69.0314044, -16.560389 ], [ -69.03162, -16.56086 ], [ -69.074357, -16.54488 ], [ -69.091462, -16.469739 ], [ -69.043091, -16.420651 ], [ -69.02298, -16.40387 ], [ -69.021638, -16.335168 ], [ -69.056794, -16.277759 ], [ -68.977867, -16.259631 ], [ -68.9549804, -16.1947577 ], [ -68.9516131, -16.1973565 ], [ -68.88654, -16.26094 ], [ -68.81799, -16.31525 ], [ -68.8173, -16.34278 ] ] ], [ [ [ -77.11045, -12.0800361 ], [ -77.1561562, -12.067416 ], [ -77.1336184, -11.9799571 ], [ -77.1568301, -11.8743027 ], [ -77.1881147, -11.8285089 ], [ -77.12603, -11.820111 ], [ -77.089951, -11.901046 ], [ -77.117843, -11.955795 ], [ -77.088356, -12.015971 ], [ -77.11045, -12.0800361 ] ] ] ] } },
{ "type": "Feature", "properties": { "POLYGON_ID": "PER_GAUL1999_ADM2_24072", "ADM0_ISO3": "PER", "ADM0_NAME": "Peru", "ADM0_CODE": 195, "ADM1_NAME": "Cusco", "ADM1_CODE": 2335, "ADM2_NAME": "Acomayo", "ADM2_CODE": 24072, "GEOSET": "GAUL", "GEOSET_YEAR": 1999.0, "GEOSET_VERSION": "GAUL_v1", "GEOSET_UNIT": "ADM2", "CENTROID_LONG": -71.655522390202037, "CENTROID_LAT": -13.951912023910529 }, "geometry": { "type": "MultiPolygon", "coordinates": [ [ [ [ -71.517335, -13.967223 ], [ -71.440537, -14.103744 ], [ -71.480645, -14.135351 ], [ -71.555023, -14.08371 ], [ -71.595245, -14.14983 ], [ -71.699745, -14.116395 ], [ -71.72898, -13.975622 ], [ -71.779075, -13.936049 ], [ -71.807838, -13.827704 ], [ -71.836854, -13.806996 ], [ -71.79177, -13.697743 ], [ -71.741966, -13.716901 ], [ -71.703454, -13.759836 ], [ -71.709808, -13.818136 ], [ -71.645393, -13.823946 ], [ -71.624169, -13.890749 ], [ -71.566024, -13.903246 ], [ -71.562478, -13.934971 ], [ -71.517335, -13.967223 ] ] ] ] } },
{ "type": "Feature", "properties": { "POLYGON_ID": "PER_GAUL1999_ADM2_24073", "ADM0_ISO3": "PER", "ADM0_NAME": "Peru", "ADM0_CODE": 195, "ADM1_NAME": "Cusco", "ADM1_CODE": 2335, "ADM2_NAME": "Anta", "ADM2_CODE": 24073, "GEOSET": "GAUL", "GEOSET_YEAR": 1999.0, "GEOSET_VERSION": "GAUL_v1", "GEOSET_UNIT": "ADM2", "CENTROID_LONG": -72.367402887646449, "CENTROID_LAT": -13.488251025433794 }, "geometry": { "type": "MultiPolygon", "coordinates": [ [ [ [ -72.000236, -13.443011 ], [ -72.10437, -13.55328 ], [ -72.161453, -13.545294 ], [ -72.162736, -13.608857 ], [ -72.132875, -13.638916 ], [ -72.166367, -13.647376 ], [ -72.229325, -13.713638 ], [ -72.262505, -13.682067 ], [ -72.297371, -13.70237 ], [ -72.354744, -13.681771 ], [ -72.399841, -13.641993 ], [ -72.421944, -13.605609 ], [ -72.489402, -13.591392 ], [ -72.521599, -13.566679 ], [ -72.636254, -13.542566 ], [ -72.698921, -13.508698 ], [ -72.775413, -13.446008 ], [ -72.659836, -13.404931 ], [ -72.556557, -13.318746 ], [ -72.543502, -13.373126 ], [ -72.462823, -13.365131 ], [ -72.409179, -13.345081 ], [ -72.385002, -13.302771 ], [ -72.220314, -13.326214 ], [ -72.210908, -13.366199 ], [ -72.132781, -13.38936 ], [ -72.098877, -13.431168 ], [ -72.04255, -13.452706 ], [ -72.000236, -13.443011 ] ] ] ] } },
{ "type": "Feature", "properties": { "POLYGON_ID": "PER_GAUL1999_ADM2_24074", "ADM0_ISO3": "PER", "ADM0_NAME": "Peru", "ADM0_CODE": 195, "ADM1_NAME": "Cusco", "ADM1_CODE": 2335, "ADM2_NAME": "Calca", "ADM2_CODE": 24074, "GEOSET": "GAUL", "GEOSET_YEAR": 1999.0, "GEOSET_VERSION": "GAUL_v1", "GEOSET_UNIT": "ADM2", "CENTROID_LONG": -72.036250265453759, "CENTROID_LAT": -12.986561304241846 }, "geometry": { "type": "MultiPolygon", "coordinates": [ [ [ [ -71.908143, -12.729648 ], [ -71.867804, -12.885113 ], [ -71.829681, -12.953118 ], [ -71.914657, -13.013995 ], [ -71.863289, -13.105352 ], [ -71.864456, -13.227311 ], [ -71.821068, -13.319675 ], [ -71.754577, -13.366181 ], [ -71.728768, -13.407283 ], [ -71.719521, -13.55214 ], [ -71.742896, -13.575157 ], [ -71.802605, -13.508903 ], [ -71.845902, -13.487183 ], [ -71.884818, -13.497213 ], [ -71.980332, -13.42992 ], [ -71.968421, -13.397617 ], [ -72.043074, -13.296556 ], [ -72.058044, -13.217206 ], [ -72.150695, -13.174973 ], [ -72.153793, -13.137206 ], [ -72.191499, -13.095908 ], [ -72.169295, -13.041803 ], [ -72.225793, -12.986384 ], [ -72.240135, -12.947721 ], [ -72.303596, -12.930228 ], [ -72.359184, -12.806065 ], [ -72.362625, -12.716274 ], [ -72.350892, -12.654555 ], [ -72.21215, -12.663127 ], [ -72.163543, -12.65365 ], [ -72.13607, -12.618846 ], [ -72.105042, -12.535801 ], [ -72.06881, -12.49683 ], [ -72.016365, -12.512686 ], [ -72.000015, -12.568814 ], [ -71.958008, -12.613832 ], [ -71.962669, -12.680745 ], [ -71.908143, -12.729648 ] ] ] ] } },
{ "type": "Feature", "properties": { "POLYGON_ID": "PER_GAUL1999_ADM2_24075", "ADM0_ISO3": "PER", "ADM0_NAME": "Peru", "ADM0_CODE": 195, "ADM1_NAME": "Cusco", "ADM1_CODE": 2335, "ADM2_NAME": "Canas", "ADM2_CODE": 24075, "GEOSET": "GAUL", "GEOSET_YEAR": 1999.0, "GEOSET_VERSION": "GAUL_v1", "GEOSET_UNIT": "ADM2", "CENTROID_LONG": -71.34925820973902, "CENTROID_LAT": -14.436925009550555 }, "geometry": { "type": "MultiPolygon", "coordinates": [ [ [ [ -71.440537, -14.103744 ], [ -71.426263, -14.184614 ], [ -71.367042, -14.229627 ], [ -71.370613, -14.279394 ], [ -71.326608, -14.308232 ], [ -71.251205, -14.329606 ], [ -71.254607, -14.385379 ], [ -71.209519, -14.428869 ], [ -71.136719, -14.462117 ], [ -71.037201, -14.451763 ], [ -70.978898, -14.416979 ], [ -71.002068, -14.572111 ], [ -71.118331, -14.648712 ], [ -71.180406, -14.614359 ], [ -71.258179, -14.653118 ], [ -71.334977, -14.618441 ], [ -71.41623, -14.601753 ], [ -71.442673, -14.614127 ], [ -71.489776, -14.578431 ], [ -71.649039, -14.531902 ], [ -71.606636, -14.479744 ], [ -71.607543, -14.442626 ], [ -71.550834, -14.405939 ], [ -71.560365, -14.342481 ], [ -71.549003, -14.26203 ], [ -71.514748, -14.252637 ], [ -71.549117, -14.175812 ], [ -71.595245, -14.14983 ], [ -71.555023, -14.08371 ], [ -71.480645, -14.135351 ], [ -71.440537, -14.103744 ] ] ] ] } },
{ "type": "Feature", "properties": { "POLYGON_ID": "PER_GAUL1999_ADM2_24076", "ADM0_ISO3": "PER", "ADM0_NAME": "Peru", "ADM0_CODE": 195, "ADM1_NAME": "Cusco", "ADM1_CODE": 2335, "ADM2_NAME": "Canchis", "ADM2_CODE": 24076, "GEOSET": "GAUL", "GEOSET_YEAR": 1999.0, "GEOSET_VERSION": "GAUL_v1", "GEOSET_UNIT": "ADM2", "CENTROID_LONG": -71.128385799263938, "CENTROID_LAT": -14.08288372827284 }, "geometry": { "type": "MultiPolygon", "coordinates": [ [ [ [ -70.862824, -13.799853 ], [ -70.880326, -13.832887 ], [ -70.832008, -13.857182 ], [ -70.810083, -13.91386 ], [ -70.834251, -13.939929 ], [ -70.85987, -14.020961 ], [ -70.84716, -14.056356 ], [ -70.789222, -14.079455 ], [ -70.807457, -14.122111 ], [ -70.882422, -14.168344 ], [ -70.899719, -14.23208 ], [ -70.882431, -14.253269 ], [ -70.926713, -14.340067 ], [ -70.963617, -14.362487 ], [ -70.978898, -14.416979 ], [ -71.037201, -14.451763 ], [ -71.136719, -14.462117 ], [ -71.209519, -14.428869 ], [ -71.254607, -14.385379 ], [ -71.251205, -14.329606 ], [ -71.326608, -14.308232 ], [ -71.370613, -14.279394 ], [ -71.367042, -14.229627 ], [ -71.426263, -14.184614 ], [ -71.440537, -14.103744 ], [ -71.517335, -13.967223 ], [ -71.473824, -13.925579 ], [ -71.442253, -13.935664 ], [ -71.392639, -13.896174 ], [ -71.327973, -13.907763 ], [ -71.290185, -13.827563 ], [ -71.251695, -13.824675 ], [ -71.16401, -13.743681 ], [ -71.102942, -13.759154 ], [ -71.0813, -13.725074 ], [ -71.004632, -13.755287 ], [ -70.957244, -13.804106 ], [ -70.862824, -13.799853 ] ] ] ] } },
{ "type": "Feature", "properties": { "POLYGON_ID": "PER_GAUL1999_ADM2_24077", "ADM0_ISO3": "PER", "ADM0_NAME": "Peru", "ADM0_CODE": 195, "ADM1_NAME": "Cusco", "ADM1_CODE": 2335, "ADM2_NAME": "Chumbivilcas", "ADM2_CODE": 24077, "GEOSET": "GAUL", "GEOSET_YEAR": 1999.0, "GEOSET_VERSION": "GAUL_v1", "GEOSET_UNIT": "ADM2", "CENTROID_LONG": -72.012185677091836, "CENTROID_LAT": -14.466438386510688 }, "geometry": { "type": "MultiPolygon", "coordinates": [ [ [ [ -71.699745, -14.116395 ], [ -71.595245, -14.14983 ], [ -71.549117, -14.175812 ], [ -71.514748, -14.252637 ], [ -71.549003, -14.26203 ], [ -71.560365, -14.342481 ], [ -71.550834, -14.405939 ], [ -71.607543, -14.442626 ], [ -71.606636, -14.479744 ], [ -71.649039, -14.531902 ], [ -71.663368, -14.564211 ], [ -71.711579, -14.579655 ], [ -71.738311, -14.651527 ], [ -71.802514, -14.709501 ], [ -71.84987, -14.690339 ], [ -71.880982, -14.711113 ], [ -71.89354, -14.78836 ], [ -71.894067, -14.788872 ], [ -71.92881, -14.785716 ], [ -71.957885, -14.733457 ], [ -71.943665, -14.683686 ], [ -71.990258, -14.632938 ], [ -72.040383, -14.687875 ], [ -72.047744, -14.738287 ], [ -72.025758, -14.830615 ], [ -72.07624, -14.884111 ], [ -72.126466, -14.820028 ], [ -72.121139, -14.786782 ], [ -72.203323, -14.7978 ], [ -72.315484, -14.834216 ], [ -72.406585, -14.826904 ], [ -72.468131, -14.782416 ], [ -72.484618, -14.745432 ], [ -72.471153, -14.661182 ], [ -72.461289, -14.605283 ], [ -72.50377, -14.550842 ], [ -72.440606, -14.481579 ], [ -72.364852, -14.466657 ], [ -72.355988, -14.436279 ], [ -72.317307, -14.44052 ], [ -72.252381, -14.404177 ], [ -72.239502, -14.361085 ], [ -72.078109, -14.204878 ], [ -72.094154, -14.174014 ], [ -72.056487, -14.129753 ], [ -72.067657, -14.075927 ], [ -72.0513, -14.026155 ], [ -72.056077, -13.934447 ], [ -71.992279, -13.944667 ], [ -71.918693, -14.041633 ], [ -71.90879, -14.149183 ], [ -71.886222, -14.194301 ], [ -71.764047, -14.192537 ], [ -71.733627, -14.265906 ], [ -71.69284, -14.278506 ], [ -71.677369, -14.223045 ], [ -71.699745, -14.116395 ] ] ] ] } },
{ "type": "Feature", "properties": { "POLYGON_ID": "PER_GAUL1999_ADM2_24078", "ADM0_ISO3": "PER", "ADM0_NAME": "Peru", "ADM0_CODE": 195, "ADM1_NAME": "Cusco", "ADM1_CODE": 2335, "ADM2_NAME": "Cusco", "ADM2_CODE": 24078, "GEOSET": "GAUL", "GEOSET_YEAR": 1999.0, "GEOSET_VERSION": "GAUL_v1", "GEOSET_UNIT": "ADM2", "CENTROID_LONG": -71.977806161011785, "CENTROID_LAT": -13.551802451384779 }, "geometry": { "type": "MultiPolygon", "coordinates": [ [ [ [ -71.802605, -13.508903 ], [ -71.820129, -13.607432 ], [ -71.842987, -13.630958 ], [ -71.916489, -13.593582 ], [ -71.942567, -13.611956 ], [ -72.021942, -13.613399 ], [ -72.056542, -13.641854 ], [ -72.132875, -13.638916 ], [ -72.162736, -13.608857 ], [ -72.161453, -13.545294 ], [ -72.10437, -13.55328 ], [ -72.000236, -13.443011 ], [ -71.980332, -13.42992 ], [ -71.884818, -13.497213 ], [ -71.845902, -13.487183 ], [ -71.802605, -13.508903 ] ] ] ] } },
{ "type": "Feature", "properties": { "POLYGON_ID": "PER_GAUL1999_ADM2_24079", "ADM0_ISO3": "PER", "ADM0_NAME": "Peru", "ADM0_CODE": 195, "ADM1_NAME": "Cusco", "ADM1_CODE": 2335, "ADM2_NAME": "Espinar", "ADM2_CODE": 24079, "GEOSET": "GAUL", "GEOSET_YEAR": 1999.0, "GEOSET_VERSION": "GAUL_v1", "GEOSET_UNIT": "ADM2", "CENTROID_LONG": -71.381476292968088, "CENTROID_LAT": -14.90268317191984 }, "geometry": { "type": "MultiPolygon", "coordinates": [ [ [ [ -71.118331, -14.648712 ], [ -71.088791, -14.713716 ], [ -71.052238, -14.754398 ], [ -70.981079, -14.755914 ], [ -70.99604, -14.831463 ], [ -70.985444, -14.942625 ], [ -71.004105, -14.971137 ], [ -70.99382, -15.084495 ], [ -70.962662, -15.21487 ], [ -70.985772, -15.248738 ], [ -70.949759, -15.301767 ], [ -71.00666, -15.335468 ], [ -71.039131, -15.404984 ], [ -71.086341, -15.458478 ], [ -71.119416, -15.42739 ], [ -71.173386, -15.426055 ], [ -71.155449, -15.367185 ], [ -71.164399, -15.290749 ], [ -71.202965, -15.246019 ], [ -71.157829, -15.203677 ], [ -71.18309, -15.164975 ], [ -71.143996, -15.126745 ], [ -71.164153, -15.098673 ], [ -71.245858, -15.05616 ], [ -71.297715, -15.108435 ], [ -71.371978, -15.079378 ], [ -71.430518, -14.998275 ], [ -71.508339, -14.979119 ], [ -71.482826, -15.05219 ], [ -71.514114, -15.079727 ], [ -71.570632, -15.068139 ], [ -71.589622, -15.129423 ], [ -71.642678, -15.133316 ], [ -71.679322, -15.088312 ], [ -71.83454, -15.076433 ], [ -71.849646, -15.044726 ], [ -71.767402, -15.009443 ], [ -71.748382, -14.945141 ], [ -71.79734, -14.896113 ], [ -71.85222, -14.887915 ], [ -71.89354, -14.78836 ], [ -71.880982, -14.711113 ], [ -71.84987, -14.690339 ], [ -71.802514, -14.709501 ], [ -71.738311, -14.651527 ], [ -71.711579, -14.579655 ], [ -71.663368, -14.564211 ], [ -71.649039, -14.531902 ], [ -71.489776, -14.578431 ], [ -71.442673, -14.614127 ], [ -71.41623, -14.601753 ], [ -71.334977, -14.618441 ], [ -71.258179, -14.653118 ], [ -71.180406, -14.614359 ], [ -71.118331, -14.648712 ] ] ] ] } },
{ "type": "Feature", "properties": { "POLYGON_ID": "PER_GAUL1999_ADM2_24080", "ADM0_ISO3": "PER", "ADM0_NAME": "Peru", "ADM0_CODE": 195, "ADM1_NAME": "Cusco", "ADM1_CODE": 2335, "ADM2_NAME": "La Convención", "ADM2_CODE": 24080, "GEOSET": "GAUL", "GEOSET_YEAR": 1999.0, "GEOSET_VERSION": "GAUL_v1", "GEOSET_UNIT": "ADM2", "CENTROID_LONG": -72.914571754877144, "CENTROID_LAT": -12.349357839409471 }, "geometry": { "type": "MultiPolygon", "coordinates": [ [ [ [ -72.242927, -11.324538 ], [ -72.247132, -11.38442 ], [ -72.293342, -11.439019 ], [ -72.291076, -11.48486 ], [ -72.317307, -11.595669 ], [ -72.363402, -11.64782 ], [ -72.402916, -11.79293 ], [ -72.355309, -11.854503 ], [ -72.337509, -11.96779 ], [ -72.286422, -11.975849 ], [ -72.270013, -12.052939 ], [ -72.174339, -12.060364 ], [ -72.098968, -12.084179 ], [ -72.088226, -12.144138 ], [ -72.097808, -12.231429 ], [ -71.984239, -12.283138 ], [ -71.927178, -12.29104 ], [ -72.012001, -12.405077 ], [ -72.054381, -12.432456 ], [ -72.06881, -12.49683 ], [ -72.105042, -12.535801 ], [ -72.13607, -12.618846 ], [ -72.163543, -12.65365 ], [ -72.21215, -12.663127 ], [ -72.350892, -12.654555 ], [ -72.362625, -12.716274 ], [ -72.359184, -12.806065 ], [ -72.303596, -12.930228 ], [ -72.240135, -12.947721 ], [ -72.225793, -12.986384 ], [ -72.169295, -13.041803 ], [ -72.191499, -13.095908 ], [ -72.231484, -13.129149 ], [ -72.278046, -13.121056 ], [ -72.326683, -13.164418 ], [ -72.39, -13.173952 ], [ -72.490318, -13.099611 ], [ -72.573609, -13.093175 ], [ -72.60325, -13.108188 ], [ -72.557899, -13.233836 ], [ -72.556557, -13.318746 ], [ -72.659836, -13.404931 ], [ -72.775413, -13.446008 ], [ -72.798104, -13.421819 ], [ -72.88932, -13.415306 ], [ -72.899056, -13.388421 ], [ -72.980538, -13.387279 ], [ -73.02063, -13.426756 ], [ -73.10868, -13.448146 ], [ -73.163956, -13.443369 ], [ -73.215644, -13.419283 ], [ -73.292556, -13.368312 ], [ -73.386803, -13.224775 ], [ -73.427948, -13.131111 ], [ -73.481163, -13.056745 ], [ -73.488685, -12.998285 ], [ -73.535569, -12.925818 ], [ -73.524194, -12.905876 ], [ -73.586106, -12.857932 ], [ -73.626901, -12.767646 ], [ -73.730736, -12.638838 ], [ -73.753999, -12.655891 ], [ -73.801284, -12.615785 ], [ -73.83239, -12.530844 ], [ -73.889281, -12.411406 ], [ -73.969177, -12.345742 ], [ -73.972709, -12.263595 ], [ -73.995277, -12.233134 ], [ -73.962471, -12.212631 ], [ -73.919624, -12.231037 ], [ -73.746674, -12.428294 ], [ -73.720664, -12.355403 ], [ -73.693864, -12.344085 ], [ -73.588226, -12.390973 ], [ -73.578079, -12.281285 ], [ -73.473237, -12.238524 ], [ -73.449593, -12.173193 ], [ -73.350822, -12.134716 ], [ -73.402672, -12.08014 ], [ -73.398773, -12.021222 ], [ -73.443496, -11.964946 ], [ -73.444955, -11.914673 ], [ -73.485236, -11.835653 ], [ -73.516374, -11.838148 ], [ -73.577439, -11.785646 ], [ -73.570152, -11.739799 ], [ -73.615136, -11.658778 ], [ -73.584618, -11.594124 ], [ -73.509582, -11.52017 ], [ -73.45581, -11.496875 ], [ -73.477494, -11.465419 ], [ -73.416947, -11.381093 ], [ -73.31202, -11.302567 ], [ -73.244117, -11.305906 ], [ -73.185753, -11.283559 ], [ -73.066855, -11.281239 ], [ -73.022385, -11.257985 ], [ -72.982621, -11.211477 ], [ -72.922973, -11.34335 ], [ -72.833816, -11.37645 ], [ -72.764594, -11.372033 ], [ -72.735772, -11.351389 ], [ -72.645682, -11.41311 ], [ -72.576789, -11.438887 ], [ -72.526176, -11.439439 ], [ -72.48037, -11.387019 ], [ -72.449112, -11.385289 ], [ -72.30494, -11.30025 ], [ -72.242927, -11.324538 ] ] ] ] } },
{ "type": "Feature", "properties": { "POLYGON_ID": "PER_GAUL1999_ADM2_24081", "ADM0_ISO3": "PER", "ADM0_NAME": "Peru", "ADM0_CODE": 195, "ADM1_NAME": "Cusco", "ADM1_CODE": 2335, "ADM2_NAME": "Paruro", "ADM2_CODE": 24081, "GEOSET": "GAUL", "GEOSET_YEAR": 1999.0, "GEOSET_VERSION": "GAUL_v1", "GEOSET_UNIT": "ADM2", "CENTROID_LONG": -71.916579998484849, "CENTROID_LAT": -13.882469253385173 }, "geometry": { "type": "MultiPolygon", "coordinates": [ [ [ [ -71.842987, -13.630958 ], [ -71.79177, -13.697743 ], [ -71.836854, -13.806996 ], [ -71.807838, -13.827704 ], [ -71.779075, -13.936049 ], [ -71.72898, -13.975622 ], [ -71.699745, -14.116395 ], [ -71.677369, -14.223045 ], [ -71.69284, -14.278506 ], [ -71.733627, -14.265906 ], [ -71.764047, -14.192537 ], [ -71.886222, -14.194301 ], [ -71.90879, -14.149183 ], [ -71.918693, -14.041633 ], [ -71.992279, -13.944667 ], [ -72.056077, -13.934447 ], [ -72.104935, -13.856195 ], [ -72.134247, -13.783933 ], [ -72.229325, -13.713638 ], [ -72.166367, -13.647376 ], [ -72.132875, -13.638916 ], [ -72.056542, -13.641854 ], [ -72.021942, -13.613399 ], [ -71.942567, -13.611956 ], [ -71.916489, -13.593582 ], [ -71.842987, -13.630958 ] ] ] ] } },
{ "type": "Feature", "properties": { "POLYGON_ID": "PER_GAUL1999_ADM2_24082", "ADM0_ISO3": "PER", "ADM0_NAME": "Peru", "ADM0_CODE": 195, "ADM1_NAME": "Cusco", "ADM1_CODE": 2335, "ADM2_NAME": "Paucartambo", "ADM2_CODE": 24082, "GEOSET": "GAUL", "GEOSET_YEAR": 1999.0, "GEOSET_VERSION": "GAUL_v1", "GEOSET_UNIT": "ADM2", "CENTROID_LONG": -71.507077884319074, "CENTROID_LAT": -13.16802791410281 }, "geometry": { "type": "MultiPolygon", "coordinates": [ [ [ [ -71.051215, -13.021104 ], [ -71.022735, -13.092193 ], [ -71.066597, -13.139562 ], [ -71.114311, -13.155708 ], [ -71.068612, -13.242718 ], [ -71.151367, -13.343798 ], [ -71.163994, -13.437037 ], [ -71.149391, -13.476546 ], [ -71.191314, -13.525807 ], [ -71.315346, -13.454507 ], [ -71.37751, -13.448643 ], [ -71.430901, -13.519856 ], [ -71.500136, -13.456786 ], [ -71.518265, -13.491427 ], [ -71.507958, -13.563744 ], [ -71.624124, -13.564819 ], [ -71.622567, -13.605452 ], [ -71.679953, -13.629725 ], [ -71.719521, -13.55214 ], [ -71.728768, -13.407283 ], [ -71.754577, -13.366181 ], [ -71.821068, -13.319675 ], [ -71.864456, -13.227311 ], [ -71.863289, -13.105352 ], [ -71.914657, -13.013995 ], [ -71.829681, -12.953118 ], [ -71.867804, -12.885113 ], [ -71.908143, -12.729648 ], [ -71.833412, -12.716192 ], [ -71.800873, -12.764555 ], [ -71.731346, -12.787397 ], [ -71.727852, -12.819813 ], [ -71.677827, -12.850082 ], [ -71.635255, -12.814293 ], [ -71.560859, -12.808381 ], [ -71.403731, -12.893151 ], [ -71.36309, -12.884837 ], [ -71.301567, -12.943481 ], [ -71.203186, -12.978812 ], [ -71.102936, -13.032219 ], [ -71.051215, -13.021104 ] ] ] ] } },
{ "type": "Feature", "properties": { "POLYGON_ID": "PER_GAUL1999_ADM2_24083", "ADM0_ISO3": "PER", "ADM0_NAME": "Peru", "ADM0_CODE": 195, "ADM1_NAME": "Cusco", "ADM1_CODE": 2335, "ADM2_NAME": "Quispicanchi", "ADM2_CODE": 24083, "GEOSET": "GAUL", "GEOSET_YEAR": 1999.0, "GEOSET_VERSION": "GAUL_v1", "GEOSET_UNIT": "ADM2", "CENTROID_LONG": -71.021885493973258, "CENTROID_LAT": -13.499791951191048 }, "geometry": { "type": "MultiPolygon", "coordinates": [ [ [ [ -70.401604, -13.096705 ], [ -70.40155, -13.110075 ], [ -70.383476, -13.181031 ], [ -70.420348, -13.253574 ], [ -70.393928, -13.341769 ], [ -70.450806, -13.357559 ], [ -70.454727, -13.440187 ], [ -70.534583, -13.523319 ], [ -70.541541, -13.573626 ], [ -70.620705, -13.614406 ], [ -70.663878, -13.660573 ], [ -70.716508, -13.664529 ], [ -70.734832, -13.735893 ], [ -70.699775, -13.80339 ], [ -70.709755, -13.83682 ], [ -70.768288, -13.813674 ], [ -70.826346, -13.827216 ], [ -70.862824, -13.799853 ], [ -70.957244, -13.804106 ], [ -71.004632, -13.755287 ], [ -71.0813, -13.725074 ], [ -71.102942, -13.759154 ], [ -71.16401, -13.743681 ], [ -71.251695, -13.824675 ], [ -71.290185, -13.827563 ], [ -71.327973, -13.907763 ], [ -71.392639, -13.896174 ], [ -71.442253, -13.935664 ], [ -71.473824, -13.925579 ], [ -71.517335, -13.967223 ], [ -71.562478, -13.934971 ], [ -71.566024, -13.903246 ], [ -71.624169, -13.890749 ], [ -71.645393, -13.823946 ], [ -71.709808, -13.818136 ], [ -71.703454, -13.759836 ], [ -71.741966, -13.716901 ], [ -71.79177, -13.697743 ], [ -71.842987, -13.630958 ], [ -71.820129, -13.607432 ], [ -71.802605, -13.508903 ], [ -71.742896, -13.575157 ], [ -71.719521, -13.55214 ], [ -71.679953, -13.629725 ], [ -71.622567, -13.605452 ], [ -71.624124, -13.564819 ], [ -71.507958, -13.563744 ], [ -71.518265, -13.491427 ], [ -71.500136, -13.456786 ], [ -71.430901, -13.519856 ], [ -71.37751, -13.448643 ], [ -71.315346, -13.454507 ], [ -71.191314, -13.525807 ], [ -71.149391, -13.476546 ], [ -71.163994, -13.437037 ], [ -71.151367, -13.343798 ], [ -71.068612, -13.242718 ], [ -71.114311, -13.155708 ], [ -71.066597, -13.139562 ], [ -71.022735, -13.092193 ], [ -71.051215, -13.021104 ], [ -70.931679, -13.046416 ], [ -70.869194, -13.078951 ], [ -70.814057, -13.072549 ], [ -70.766091, -13.106674 ], [ -70.71202, -13.10917 ], [ -70.642015, -13.090506 ], [ -70.516945, -13.11526 ], [ -70.480583, -13.070188 ], [ -70.419259, -13.071402 ], [ -70.401604, -13.096705 ] ] ] ] } },
{ "type": "Feature", "properties": { "POLYGON_ID": "PER_GAUL1999_ADM2_24084", "ADM0_ISO3": "PER", "ADM0_NAME": "Peru", "ADM0_CODE": 195, "ADM1_NAME": "Cusco", "ADM1_CODE": 2335, "ADM2_NAME": "Urubamba", "ADM2_CODE": 24084, "GEOSET": "GAUL", "GEOSET_YEAR": 1999.0, "GEOSET_VERSION": "GAUL_v1", "GEOSET_UNIT": "ADM2", "CENTROID_LONG": -72.293576812336369, "CENTROID_LAT": -13.257669290556565 }, "geometry": { "type": "MultiPolygon", "coordinates": [ [ [ [ -72.191499, -13.095908 ], [ -72.153793, -13.137206 ], [ -72.150695, -13.174973 ], [ -72.058044, -13.217206 ], [ -72.043074, -13.296556 ], [ -71.968421, -13.397617 ], [ -71.980332, -13.42992 ], [ -72.000236, -13.443011 ], [ -72.04255, -13.452706 ], [ -72.098877, -13.431168 ], [ -72.132781, -13.38936 ], [ -72.210908, -13.366199 ], [ -72.220314, -13.326214 ], [ -72.385002, -13.302771 ], [ -72.409179, -13.345081 ], [ -72.462823, -13.365131 ], [ -72.543502, -13.373126 ], [ -72.556557, -13.318746 ], [ -72.557899, -13.233836 ], [ -72.60325, -13.108188 ], [ -72.573609, -13.093175 ], [ -72.490318, -13.099611 ], [ -72.39, -13.173952 ], [ -72.326683, -13.164418 ], [ -72.278046, -13.121056 ], [ -72.231484, -13.129149 ], [ -72.191499, -13.095908 ] ] ] ] } },
{ "type": "Feature", "properties": { "POLYGON_ID": "PER_GAUL1999_ADM2_24085", "ADM0_ISO3": "PER", "ADM0_NAME": "Peru", "ADM0_CODE": 195, "ADM1_NAME": "Huancavelica", "ADM1_CODE": 2336, "ADM2_NAME": "Acobamba", "ADM2_CODE": 24085, "GEOSET": "GAUL", "GEOSET_YEAR": 1999.0, "GEOSET_VERSION": "GAUL_v1", "GEOSET_UNIT": "ADM2", "CENTROID_LONG": -74.576142261876441, "CENTROID_LAT": -12.792989649955929 }, "geometry": { "type": "MultiPolygon", "coordinates": [ [ [ [ -74.322388, -12.834511 ], [ -74.321205, -12.889972 ], [ -74.375779, -12.93596 ], [ -74.452424, -12.966956 ], [ -74.476897, -12.929572 ], [ -74.5345, -12.899868 ], [ -74.592652, -12.894368 ], [ -74.621864, -12.842573 ], [ -74.700524, -12.843803 ], [ -74.787193, -12.781909 ], [ -74.766952, -12.676681 ], [ -74.778375, -12.628277 ], [ -74.712425, -12.634335 ], [ -74.687348, -12.589491 ], [ -74.636391, -12.647825 ], [ -74.543899, -12.722526 ], [ -74.540503, -12.74588 ], [ -74.460823, -12.80566 ], [ -74.396423, -12.805847 ], [ -74.322388, -12.834511 ] ] ] ] } },
{ "type": "Feature", "properties": { "POLYGON_ID": "PER_GAUL1999_ADM2_24086", "ADM0_ISO3": "PER", "ADM0_NAME": "Peru", "ADM0_CODE": 195, "ADM1_NAME": "Huancavelica", "ADM1_CODE": 2336, "ADM2_NAME": "Angaraes", "ADM2_CODE": 24086, "GEOSET": "GAUL", "GEOSET_YEAR": 1999.0, "GEOSET_VERSION": "GAUL_v1", "GEOSET_UNIT": "ADM2", "CENTROID_LONG": -74.62672108056978, "CENTROID_LAT": -13.045825355972084 }, "geometry": { "type": "MultiPolygon", "coordinates": [ [ [ [ -74.321205, -12.889972 ], [ -74.270745, -13.066751 ], [ -74.311981, -13.060661 ], [ -74.37001, -13.02171 ], [ -74.408172, -13.067671 ], [ -74.420457, -13.159386 ], [ -74.460556, -13.190831 ], [ -74.542229, -13.200349 ], [ -74.572571, -13.184124 ], [ -74.644669, -13.273981 ], [ -74.687407, -13.286279 ], [ -74.723648, -13.288438 ], [ -74.722679, -13.177865 ], [ -74.794579, -13.167363 ], [ -74.840522, -13.143371 ], [ -74.913644, -13.167803 ], [ -74.909003, -13.037373 ], [ -74.874312, -12.998636 ], [ -74.891853, -12.936541 ], [ -74.830368, -12.941075 ], [ -74.788346, -12.882464 ], [ -74.73619, -12.879235 ], [ -74.700524, -12.843803 ], [ -74.621864, -12.842573 ], [ -74.592652, -12.894368 ], [ -74.5345, -12.899868 ], [ -74.476897, -12.929572 ], [ -74.452424, -12.966956 ], [ -74.375779, -12.93596 ], [ -74.321205, -12.889972 ] ] ] ] } },
{ "type": "Feature", "properties": { "POLYGON_ID": "PER_GAUL1999_ADM2_24087", "ADM0_ISO3": "PER", "ADM0_NAME": "Peru", "ADM0_CODE": 195, "ADM1_NAME": "Huancavelica", "ADM1_CODE": 2336, "ADM2_NAME": "Castrovirreyna", "ADM2_CODE": 24087, "GEOSET": "GAUL", "GEOSET_YEAR": 1999.0, "GEOSET_VERSION": "GAUL_v1", "GEOSET_UNIT": "ADM2", "CENTROID_LONG": -75.405564014356329, "CENTROID_LAT": -13.14526156583462 }, "geometry": { "type": "MultiPolygon", "coordinates": [ [ [ [ -74.989495, -13.14105 ], [ -75.050934, -13.187878 ], [ -75.167993, -13.224357 ], [ -75.164802, -13.275531 ], [ -75.256036, -13.417991 ], [ -75.276459, -13.402789 ], [ -75.329919, -13.460312 ], [ -75.433403, -13.470003 ], [ -75.477493, -13.525167 ], [ -75.4656, -13.432192 ], [ -75.504623, -13.371075 ], [ -75.536454, -13.4029 ], [ -75.612992, -13.409236 ], [ -75.689605, -13.439239 ], [ -75.719329, -13.412256 ], [ -75.799851, -13.403821 ], [ -75.788207, -13.336717 ], [ -75.707473, -13.289124 ], [ -75.706498, -13.188698 ], [ -75.693878, -13.148207 ], [ -75.713258, -13.104183 ], [ -75.693787, -13.051414 ], [ -75.653054, -13.070281 ], [ -75.608552, -13.003388 ], [ -75.614022, -12.964739 ], [ -75.634484, -12.922101 ], [ -75.612251, -12.862321 ], [ -75.533607, -12.821946 ], [ -75.51384, -12.788874 ], [ -75.443153, -12.774173 ], [ -75.380242, -12.811734 ], [ -75.380151, -12.843926 ], [ -75.33496, -12.935434 ], [ -75.278763, -12.915462 ], [ -75.249032, -12.87915 ], [ -75.157691, -12.978687 ], [ -75.130943, -12.934187 ], [ -75.058922, -12.914103 ], [ -75.036569, -12.943876 ], [ -75.038802, -13.050977 ], [ -75.027755, -13.106832 ], [ -74.989495, -13.14105 ] ] ] ] } },
{ "type": "Feature", "properties": { "POLYGON_ID": "PER_GAUL1999_ADM2_24089", "ADM0_ISO3": "PER", "ADM0_NAME": "Peru", "ADM0_CODE": 195, "ADM1_NAME": "Huancavelica", "ADM1_CODE": 2336, "ADM2_NAME": "Huancavelica", "ADM2_CODE": 24089, "GEOSET": "GAUL", "GEOSET_YEAR": 1999.0, "GEOSET_VERSION": "GAUL_v1", "GEOSET_UNIT": "ADM2", "CENTROID_LONG": -75.091840523973502, "CENTROID_LAT": -12.722110187846518 }, "geometry": { "type": "MultiPolygon", "coordinates": [ [ [ [ -75.13108, -12.378351 ], [ -75.040687, -12.408874 ], [ -74.98726, -12.537403 ], [ -75.013442, -12.599448 ], [ -75.100854, -12.672513 ], [ -75.068825, -12.741493 ], [ -75.012795, -12.72119 ], [ -75.029526, -12.680471 ], [ -75.009773, -12.632274 ], [ -74.922637, -12.598026 ], [ -74.91365, -12.525572 ], [ -74.862534, -12.522279 ], [ -74.779441, -12.463723 ], [ -74.723176, -12.486542 ], [ -74.69339, -12.521297 ], [ -74.687348, -12.589491 ], [ -74.712425, -12.634335 ], [ -74.778375, -12.628277 ], [ -74.766952, -12.676681 ], [ -74.787193, -12.781909 ], [ -74.700524, -12.843803 ], [ -74.73619, -12.879235 ], [ -74.788346, -12.882464 ], [ -74.830368, -12.941075 ], [ -74.891853, -12.936541 ], [ -74.874312, -12.998636 ], [ -74.909003, -13.037373 ], [ -74.913644, -13.167803 ], [ -74.955741, -13.181938 ], [ -74.989495, -13.14105 ], [ -75.027755, -13.106832 ], [ -75.038802, -13.050977 ], [ -75.036569, -12.943876 ], [ -75.058922, -12.914103 ], [ -75.130943, -12.934187 ], [ -75.157691, -12.978687 ], [ -75.249032, -12.87915 ], [ -75.278763, -12.915462 ], [ -75.33496, -12.935434 ], [ -75.380151, -12.843926 ], [ -75.380242, -12.811734 ], [ -75.443153, -12.774173 ], [ -75.51384, -12.788874 ], [ -75.577079, -12.715926 ], [ -75.552756, -12.680079 ], [ -75.579589, -12.641339 ], [ -75.525291, -12.61849 ], [ -75.488831, -12.651946 ], [ -75.439522, -12.61731 ], [ -75.361138, -12.538789 ], [ -75.323783, -12.485548 ], [ -75.213974, -12.453059 ], [ -75.219636, -12.390278 ], [ -75.180549, -12.361976 ], [ -75.13108, -12.378351 ] ] ] ] } },
{ "type": "Feature", "properties": { "POLYGON_ID": "PER_GAUL1999_ADM2_24090", "ADM0_ISO3": "PER", "ADM0_NAME": "Peru", "ADM0_CODE": 195, "ADM1_NAME": "Huancavelica", "ADM1_CODE": 2336, "ADM2_NAME": "Huaytara", "ADM2_CODE": 24090, "GEOSET": "GAUL", "GEOSET_YEAR": 1999.0, "GEOSET_VERSION": "GAUL_v1", "GEOSET_UNIT": "ADM2", "CENTROID_LONG": -75.093270920434421, "CENTROID_LAT": -13.656361032550544 }, "geometry": { "type": "MultiPolygon", "coordinates": [ [ [ [ -74.913644, -13.167803 ], [ -74.840522, -13.143371 ], [ -74.794579, -13.167363 ], [ -74.722679, -13.177865 ], [ -74.723648, -13.288438 ], [ -74.687407, -13.286279 ], [ -74.633697, -13.344151 ], [ -74.702545, -13.363635 ], [ -74.764153, -13.341674 ], [ -74.870354, -13.361573 ], [ -74.897111, -13.392772 ], [ -74.901138, -13.467931 ], [ -74.872232, -13.476004 ], [ -74.782067, -13.578768 ], [ -74.766532, -13.772075 ], [ -74.759765, -13.828677 ], [ -74.783263, -13.878629 ], [ -74.786445, -13.986275 ], [ -74.772538, -14.090153 ], [ -74.841386, -14.073237 ], [ -74.942361, -14.094522 ], [ -75.02845, -14.071795 ], [ -75.059501, -14.130093 ], [ -75.107735, -14.039531 ], [ -75.164977, -14.07391 ], [ -75.210296, -14.050594 ], [ -75.259872, -14.04117 ], [ -75.270736, -14.010488 ], [ -75.327676, -14.018092 ], [ -75.433227, -13.913803 ], [ -75.546265, -13.888532 ], [ -75.564811, -13.843434 ], [ -75.52488, -13.816878 ], [ -75.555733, -13.748841 ], [ -75.531852, -13.743472 ], [ -75.484733, -13.651577 ], [ -75.515755, -13.614044 ], [ -75.477493, -13.525167 ], [ -75.433403, -13.470003 ], [ -75.329919, -13.460312 ], [ -75.276459, -13.402789 ], [ -75.256036, -13.417991 ], [ -75.164802, -13.275531 ], [ -75.167993, -13.224357 ], [ -75.050934, -13.187878 ], [ -74.989495, -13.14105 ], [ -74.955741, -13.181938 ], [ -74.913644, -13.167803 ] ] ] ] } },
{ "type": "Feature", "properties": { "POLYGON_ID": "PER_GAUL1999_ADM2_91838", "ADM0_ISO3": "PER", "ADM0_NAME": "Peru", "ADM0_CODE": 195, "ADM1_NAME": "Huancavelica", "ADM1_CODE": 2336, "ADM2_NAME": "Churcampa", "ADM2_CODE": 91838, "GEOSET": "GAUL", "GEOSET_YEAR": 1999.0, "GEOSET_VERSION": "GAUL_v1", "GEOSET_UNIT": "ADM2", "CENTROID_LONG": -74.493201635857503, "CENTROID_LAT": -12.630589432937867 }, "geometry": { "type": "MultiPolygon", "coordinates": [ [ [ [ -74.57389, -12.37315 ], [ -74.548378, -12.374185 ], [ -74.507187, -12.448063 ], [ -74.528579, -12.523373 ], [ -74.456169, -12.579572 ], [ -74.421738, -12.570122 ], [ -74.400498, -12.524303 ], [ -74.342048, -12.623785 ], [ -74.327523, -12.679856 ], [ -74.3405, -12.733003 ], [ -74.288994, -12.758197 ], [ -74.292335, -12.825092 ], [ -74.322388, -12.834511 ], [ -74.396423, -12.805847 ], [ -74.460823, -12.80566 ], [ -74.540503, -12.74588 ], [ -74.543899, -12.722526 ], [ -74.636391, -12.647825 ], [ -74.687348, -12.589491 ], [ -74.69339, -12.521297 ], [ -74.599991, -12.466809 ], [ -74.597657, -12.407071 ], [ -74.57389, -12.37315 ] ] ] ] } },
{ "type": "Feature", "properties": { "POLYGON_ID": "PER_GAUL1999_ADM2_91839", "ADM0_ISO3": "PER", "ADM0_NAME": "Peru", "ADM0_CODE": 195, "ADM1_NAME": "Huancavelica", "ADM1_CODE": 2336, "ADM2_NAME": "Tayacaja", "ADM2_CODE": 91839, "GEOSET": "GAUL", "GEOSET_YEAR": 1999.0, "GEOSET_VERSION": "GAUL_v1", "GEOSET_UNIT": "ADM2", "CENTROID_LONG": -74.767529715861471, "CENTROID_LAT": -12.273693796240396 }, "geometry": { "type": "MultiPolygon", "coordinates": [ [ [ [ -74.554055, -11.99989 ], [ -74.431855, -12.07147 ], [ -74.352753, -12.14796 ], [ -74.345284, -12.173054 ], [ -74.387535, -12.187599 ], [ -74.384307, -12.269755 ], [ -74.417282, -12.304398 ], [ -74.448388, -12.272702 ], [ -74.507087, -12.311978 ], [ -74.556152, -12.28941 ], [ -74.581008, -12.329482 ], [ -74.57389, -12.37315 ], [ -74.597657, -12.407071 ], [ -74.599991, -12.466809 ], [ -74.69339, -12.521297 ], [ -74.723176, -12.486542 ], [ -74.779441, -12.463723 ], [ -74.862534, -12.522279 ], [ -74.91365, -12.525572 ], [ -74.922637, -12.598026 ], [ -75.009773, -12.632274 ], [ -75.029526, -12.680471 ], [ -75.012795, -12.72119 ], [ -75.068825, -12.741493 ], [ -75.100854, -12.672513 ], [ -75.013442, -12.599448 ], [ -74.98726, -12.537403 ], [ -75.040687, -12.408874 ], [ -75.13108, -12.378351 ], [ -75.139679, -12.341742 ], [ -75.098144, -12.28242 ], [ -75.100006, -12.251041 ], [ -75.048942, -12.200882 ], [ -75.072593, -12.059361 ], [ -75.047233, -12.009466 ], [ -74.939377, -12.01789 ], [ -74.87088, -12.065798 ], [ -74.836365, -12.070698 ], [ -74.749482, -12.041958 ], [ -74.717073, -12.059181 ], [ -74.657357, -11.991796 ], [ -74.571395, -11.98505 ], [ -74.554055, -11.99989 ] ] ], [ [ [ -74.400498, -12.524303 ], [ -74.421738, -12.570122 ], [ -74.456169, -12.579572 ], [ -74.528579, -12.523373 ], [ -74.507187, -12.448063 ], [ -74.421868, -12.445128 ], [ -74.400498, -12.524303 ] ] ] ] } },
{ "type": "Feature", "properties": { "POLYGON_ID": "PER_GAUL1999_ADM2_24092", "ADM0_ISO3": "PER", "ADM0_NAME": "Peru", "ADM0_CODE": 195, "ADM1_NAME": "Huánuco", "ADM1_CODE": 2337, "ADM2_NAME": "Ambo", "ADM2_CODE": 24092, "GEOSET": "GAUL", "GEOSET_YEAR": 1999.0, "GEOSET_VERSION": "GAUL_v1", "GEOSET_UNIT": "ADM2", "CENTROID_LONG": -76.233473902965642, "CENTROID_LAT": -10.226277243089049 }, "geometry": { "type": "MultiPolygon", "coordinates": [ [ [ [ -76.136238, -9.987037 ], [ -76.102126, -10.07342 ], [ -76.044822, -10.097497 ], [ -76.067451, -10.194636 ], [ -76.039673, -10.23647 ], [ -76.045624, -10.295192 ], [ -76.032075, -10.455151 ], [ -76.129884, -10.430023 ], [ -76.231093, -10.375488 ], [ -76.270516, -10.370649 ], [ -76.30532, -10.413714 ], [ -76.336426, -10.285877 ], [ -76.386879, -10.289109 ], [ -76.425529, -10.318979 ], [ -76.493905, -10.310414 ], [ -76.512833, -10.291727 ], [ -76.520851, -10.194823 ], [ -76.50959, -10.152497 ], [ -76.432366, -10.161035 ], [ -76.374054, -10.149749 ], [ -76.286964, -10.070891 ], [ -76.164727, -9.982371 ], [ -76.136238, -9.987037 ] ] ] ] } },
{ "type": "Feature", "properties": { "POLYGON_ID": "PER_GAUL1999_ADM2_24093", "ADM0_ISO3": "PER", "ADM0_NAME": "Peru", "ADM0_CODE": 195, "ADM1_NAME": "Huánuco", "ADM1_CODE": 2337, "ADM2_NAME": "Lauricocha", "ADM2_CODE": 24093, "GEOSET": "GAUL", "GEOSET_YEAR": 1999.0, "GEOSET_VERSION": "GAUL_v1", "GEOSET_UNIT": "ADM2", "CENTROID_LONG": -76.712009264019713, "CENTROID_LAT": -10.184802135066226 }, "geometry": { "type": "MultiPolygon", "coordinates": [ [ [ [ -76.74195, -9.863252 ], [ -76.685393, -9.885045 ], [ -76.652214, -9.919396 ], [ -76.571327, -9.95961 ], [ -76.606271, -10.081997 ], [ -76.535064, -10.139431 ], [ -76.520851, -10.194823 ], [ -76.512833, -10.291727 ], [ -76.493905, -10.310414 ], [ -76.472602, -10.33713 ], [ -76.491507, -10.379112 ], [ -76.647124, -10.415022 ], [ -76.697044, -10.443176 ], [ -76.726204, -10.484991 ], [ -76.769539, -10.464522 ], [ -76.79982, -10.41901 ], [ -76.806099, -10.392278 ], [ -76.86583, -10.375176 ], [ -76.905913, -10.269973 ], [ -76.916206, -10.223458 ], [ -76.915267, -10.120223 ], [ -76.887261, -10.116831 ], [ -76.857094, -10.019672 ], [ -76.824676, -10.009796 ], [ -76.814652, -9.959662 ], [ -76.84063, -9.917817 ], [ -76.74195, -9.863252 ] ] ] ] } },
{ "type": "Feature", "properties": { "POLYGON_ID": "PER_GAUL1999_ADM2_24094", "ADM0_ISO3": "PER", "ADM0_NAME": "Peru", "ADM0_CODE": 195, "ADM1_NAME": "Huánuco", "ADM1_CODE": 2337, "ADM2_NAME": "Huacaybamba", "ADM2_CODE": 24094, "GEOSET": "GAUL", "GEOSET_YEAR": 1999.0, "GEOSET_VERSION": "GAUL_v1", "GEOSET_UNIT": "ADM2", "CENTROID_LONG": -76.804879574508846, "CENTROID_LAT": -8.9955243657575252 }, "geometry": { "type": "MultiPolygon", "coordinates": [ [ [ [ -76.464828, -9.006145 ], [ -76.465195, -9.169119 ], [ -76.358132, -9.197161 ], [ -76.307624, -9.177057 ], [ -76.273109, -9.213044 ], [ -76.311752, -9.195812 ], [ -76.409408, -9.242502 ], [ -76.528083, -9.206706 ], [ -76.593216, -9.144762 ], [ -76.70555, -9.110809 ], [ -76.75039, -9.113868 ], [ -76.774307, -9.066813 ], [ -76.818673, -9.126957 ], [ -76.944474, -9.074218 ], [ -77.105919, -8.971985 ], [ -77.160821, -8.896621 ], [ -77.174485, -8.83399 ], [ -77.14879, -8.777347 ], [ -77.082161, -8.774892 ], [ -77.036752, -8.835118 ], [ -76.931991, -8.834008 ], [ -76.889884, -8.862871 ], [ -76.841537, -8.844606 ], [ -76.748268, -8.848002 ], [ -76.684242, -8.93047 ], [ -76.661294, -8.987788 ], [ -76.619109, -9.035525 ], [ -76.555572, -9.011033 ], [ -76.523406, -9.022987 ], [ -76.464828, -9.006145 ] ] ] ] } },
{ "type": "Feature", "properties": { "POLYGON_ID": "PER_GAUL1999_ADM2_24095", "ADM0_ISO3": "PER", "ADM0_NAME": "Peru", "ADM0_CODE": 195, "ADM1_NAME": "Huánuco", "ADM1_CODE": 2337, "ADM2_NAME": "Huamalíes", "ADM2_CODE": 24095, "GEOSET": "GAUL", "GEOSET_YEAR": 1999.0, "GEOSET_VERSION": "GAUL_v1", "GEOSET_UNIT": "ADM2", "CENTROID_LONG": -76.605724303346335, "CENTROID_LAT": -9.3881278084787283 }, "geometry": { "type": "MultiPolygon", "coordinates": [ [ [ [ -76.273109, -9.213044 ], [ -76.223725, -9.195074 ], [ -76.12616, -9.200509 ], [ -76.08818, -9.219889 ], [ -76.0848, -9.304761 ], [ -76.140021, -9.302489 ], [ -76.224602, -9.377031 ], [ -76.231141, -9.417772 ], [ -76.265625, -9.39254 ], [ -76.365166, -9.438068 ], [ -76.382758, -9.494342 ], [ -76.48581, -9.507183 ], [ -76.492934, -9.525751 ], [ -76.585572, -9.551382 ], [ -76.624748, -9.547847 ], [ -76.741111, -9.585934 ], [ -76.74237, -9.614715 ], [ -76.808464, -9.626922 ], [ -76.85131, -9.659447 ], [ -76.94545, -9.703168 ], [ -76.986023, -9.744616 ], [ -77.022484, -9.703236 ], [ -77.048875, -9.649314 ], [ -76.994827, -9.603135 ], [ -76.936554, -9.524935 ], [ -76.95221, -9.466535 ], [ -76.936554, -9.40598 ], [ -76.867774, -9.291034 ], [ -76.758431, -9.362786 ], [ -76.726204, -9.25798 ], [ -76.740708, -9.196792 ], [ -76.788185, -9.136331 ], [ -76.818673, -9.126957 ], [ -76.774307, -9.066813 ], [ -76.75039, -9.113868 ], [ -76.70555, -9.110809 ], [ -76.593216, -9.144762 ], [ -76.528083, -9.206706 ], [ -76.409408, -9.242502 ], [ -76.311752, -9.195812 ], [ -76.273109, -9.213044 ] ] ] ] } },
{ "type": "Feature", "properties": { "POLYGON_ID": "PER_GAUL1999_ADM2_24096", "ADM0_ISO3": "PER", "ADM0_NAME": "Peru", "ADM0_CODE": 195, "ADM1_NAME": "Huánuco", "ADM1_CODE": 2337, "ADM2_NAME": "Huenuco", "ADM2_CODE": 24096, "GEOSET": "GAUL", "GEOSET_YEAR": 1999.0, "GEOSET_VERSION": "GAUL_v1", "GEOSET_UNIT": "ADM2", "CENTROID_LONG": -76.183809900640952, "CENTROID_LAT": -9.7643301715838362 }, "geometry": { "type": "MultiPolygon", "coordinates": [ [ [ [ -75.718735, -9.619325 ], [ -75.7986, -9.702988 ], [ -75.810844, -9.765432 ], [ -75.795731, -9.81558 ], [ -75.824379, -9.832014 ], [ -75.873809, -9.793239 ], [ -75.976051, -9.816699 ], [ -76.061202, -9.824591 ], [ -76.136238, -9.987037 ], [ -76.164727, -9.982371 ], [ -76.286964, -10.070891 ], [ -76.374054, -10.149749 ], [ -76.432366, -10.161035 ], [ -76.50959, -10.152497 ], [ -76.520851, -10.194823 ], [ -76.535064, -10.139431 ], [ -76.606271, -10.081997 ], [ -76.571327, -9.95961 ], [ -76.548454, -9.923064 ], [ -76.479362, -9.894533 ], [ -76.498488, -9.8367 ], [ -76.472146, -9.813335 ], [ -76.46444, -9.721766 ], [ -76.477317, -9.674854 ], [ -76.427147, -9.650039 ], [ -76.373963, -9.580448 ], [ -76.363755, -9.54547 ], [ -76.320413, -9.521332 ], [ -76.280961, -9.528575 ], [ -76.204033, -9.49909 ], [ -76.159966, -9.469397 ], [ -76.073318, -9.471988 ], [ -76.016105, -9.506613 ], [ -75.932862, -9.484371 ], [ -75.882613, -9.425357 ], [ -75.816193, -9.392451 ], [ -75.787407, -9.403334 ], [ -75.791229, -9.465566 ], [ -75.775964, -9.523274 ], [ -75.718735, -9.619325 ] ] ] ] } },
{ "type": "Feature", "properties": { "POLYGON_ID": "PER_GAUL1999_ADM2_24098", "ADM0_ISO3": "PER", "ADM0_NAME": "Peru", "ADM0_CODE": 195, "ADM1_NAME": "Huánuco", "ADM1_CODE": 2337, "ADM2_NAME": "Leoncio Prado", "ADM2_CODE": 24098, "GEOSET": "GAUL", "GEOSET_YEAR": 1999.0, "GEOSET_VERSION": "GAUL_v1", "GEOSET_UNIT": "ADM2", "CENTROID_LONG": -76.032416056862289, "CENTROID_LAT": -9.0552137932617889 }, "geometry": { "type": "MultiPolygon", "coordinates": [ [ [ [ -75.95385, -8.699899 ], [ -75.921935, -8.787224 ], [ -75.926797, -8.846669 ], [ -75.888977, -8.949843 ], [ -75.880097, -9.014539 ], [ -75.77807, -9.199766 ], [ -75.731689, -9.239918 ], [ -75.65313, -9.3945 ], [ -75.612076, -9.412282 ], [ -75.609124, -9.447073 ], [ -75.669845, -9.511445 ], [ -75.673699, -9.593578 ], [ -75.704422, -9.616508 ], [ -75.718735, -9.619325 ], [ -75.775964, -9.523274 ], [ -75.791229, -9.465566 ], [ -75.787407, -9.403334 ], [ -75.816193, -9.392451 ], [ -75.882613, -9.425357 ], [ -75.932862, -9.484371 ], [ -76.016105, -9.506613 ], [ -76.073318, -9.471988 ], [ -76.159966, -9.469397 ], [ -76.204033, -9.49909 ], [ -76.199561, -9.456595 ], [ -76.231141, -9.417772 ], [ -76.224602, -9.377031 ], [ -76.140021, -9.302489 ], [ -76.0848, -9.304761 ], [ -76.08818, -9.219889 ], [ -76.12616, -9.200509 ], [ -76.223725, -9.195074 ], [ -76.273109, -9.213044 ], [ -76.307624, -9.177057 ], [ -76.358132, -9.197161 ], [ -76.465195, -9.169119 ], [ -76.464828, -9.006145 ], [ -76.416542, -8.986631 ], [ -76.368614, -9.026028 ], [ -76.279327, -8.996709 ], [ -76.233651, -8.947037 ], [ -76.227622, -8.793804 ], [ -76.166541, -8.755971 ], [ -76.122201, -8.627272 ], [ -76.12899, -8.552066 ], [ -76.12654, -8.372848 ], [ -76.088424, -8.338326 ], [ -75.994056, -8.317934 ], [ -75.946502, -8.402119 ], [ -75.965943, -8.458678 ], [ -75.956489, -8.503019 ], [ -75.978469, -8.65276 ], [ -75.95385, -8.699899 ] ] ] ] } },
{ "type": "Feature", "properties": { "POLYGON_ID": "PER_GAUL1999_ADM2_24099", "ADM0_ISO3": "PER", "ADM0_NAME": "Peru", "ADM0_CODE": 195, "ADM1_NAME": "Huánuco", "ADM1_CODE": 2337, "ADM2_NAME": "Marañón", "ADM2_CODE": 24099, "GEOSET": "GAUL", "GEOSET_YEAR": 1999.0, "GEOSET_VERSION": "GAUL_v1", "GEOSET_UNIT": "ADM2", "CENTROID_LONG": -76.694343259496762, "CENTROID_LAT": -8.7170129940518404 }, "geometry": { "type": "MultiPolygon", "coordinates": [ [ [ [ -76.227622, -8.793804 ], [ -76.233651, -8.947037 ], [ -76.279327, -8.996709 ], [ -76.368614, -9.026028 ], [ -76.416542, -8.986631 ], [ -76.464828, -9.006145 ], [ -76.523406, -9.022987 ], [ -76.555572, -9.011033 ], [ -76.619109, -9.035525 ], [ -76.661294, -8.987788 ], [ -76.684242, -8.93047 ], [ -76.748268, -8.848002 ], [ -76.841537, -8.844606 ], [ -76.889884, -8.862871 ], [ -76.931991, -8.834008 ], [ -77.036752, -8.835118 ], [ -77.082161, -8.774892 ], [ -77.14879, -8.777347 ], [ -77.174485, -8.83399 ], [ -77.196845, -8.813405 ], [ -77.247604, -8.713745 ], [ -77.267127, -8.645563 ], [ -77.31691, -8.529678 ], [ -77.259964, -8.470062 ], [ -77.202117, -8.485298 ], [ -77.131172, -8.442817 ], [ -77.08857, -8.483135 ], [ -77.056015, -8.549932 ], [ -77.012039, -8.539966 ], [ -76.967147, -8.561061 ], [ -76.897681, -8.568468 ], [ -76.831826, -8.518621 ], [ -76.681061, -8.52867 ], [ -76.593193, -8.508181 ], [ -76.541268, -8.509466 ], [ -76.467964, -8.558092 ], [ -76.417442, -8.443663 ], [ -76.377122, -8.413813 ], [ -76.332786, -8.431445 ], [ -76.311684, -8.50538 ], [ -76.324333, -8.525618 ], [ -76.261773, -8.616629 ], [ -76.256989, -8.706053 ], [ -76.229683, -8.741573 ], [ -76.227622, -8.793804 ] ] ] ] } },
{ "type": "Feature", "properties": { "POLYGON_ID": "PER_GAUL1999_ADM2_24100", "ADM0_ISO3": "PER", "ADM0_NAME": "Peru", "ADM0_CODE": 195, "ADM1_NAME": "Huánuco", "ADM1_CODE": 2337, "ADM2_NAME": "Pachitea", "ADM2_CODE": 24100, "GEOSET": "GAUL", "GEOSET_YEAR": 1999.0, "GEOSET_VERSION": "GAUL_v1", "GEOSET_UNIT": "ADM2", "CENTROID_LONG": -75.887416138010934, "CENTROID_LAT": -10.052186743172779 }, "geometry": { "type": "MultiPolygon", "coordinates": [ [ [ [ -75.594002, -9.946805 ], [ -75.595818, -10.013782 ], [ -75.674957, -10.051001 ], [ -75.704581, -10.144443 ], [ -75.703674, -10.206294 ], [ -75.732772, -10.234437 ], [ -75.840073, -10.257411 ], [ -75.856643, -10.301562 ], [ -75.934509, -10.374941 ], [ -75.925133, -10.400107 ], [ -75.984885, -10.48299 ], [ -76.032075, -10.455151 ], [ -76.045624, -10.295192 ], [ -76.039673, -10.23647 ], [ -76.067451, -10.194636 ], [ -76.044822, -10.097497 ], [ -76.102126, -10.07342 ], [ -76.136238, -9.987037 ], [ -76.061202, -9.824591 ], [ -75.976051, -9.816699 ], [ -75.873809, -9.793239 ], [ -75.824379, -9.832014 ], [ -75.795731, -9.81558 ], [ -75.810844, -9.765432 ], [ -75.7986, -9.702988 ], [ -75.718735, -9.619325 ], [ -75.704422, -9.616508 ], [ -75.725091, -9.738132 ], [ -75.713937, -9.794147 ], [ -75.757553, -9.812738 ], [ -75.752479, -9.882349 ], [ -75.634757, -9.948296 ], [ -75.594002, -9.946805 ] ] ] ] } },
{ "type": "Feature", "properties": { "POLYGON_ID": "PER_GAUL1999_ADM2_24101", "ADM0_ISO3": "PER", "ADM0_NAME": "Peru", "ADM0_CODE": 195, "ADM1_NAME": "Huánuco", "ADM1_CODE": 2337, "ADM2_NAME": "Puerto Inca", "ADM2_CODE": 24101, "GEOSET": "GAUL", "GEOSET_YEAR": 1999.0, "GEOSET_VERSION": "GAUL_v1", "GEOSET_UNIT": "ADM2", "CENTROID_LONG": -75.093382737403047, "CENTROID_LAT": -9.380189805493707 }, "geometry": { "type": "MultiPolygon", "coordinates": [ [ [ [ -74.672294, -9.432106 ], [ -74.72953, -9.471879 ], [ -74.748367, -9.526469 ], [ -74.737594, -9.558425 ], [ -74.808906, -9.683793 ], [ -74.81848, -9.745945 ], [ -74.912132, -9.746271 ], [ -75.009711, -9.83595 ], [ -75.060304, -9.819413 ], [ -75.104699, -9.845033 ], [ -75.183265, -9.829986 ], [ -75.283379, -9.777333 ], [ -75.277275, -9.847768 ], [ -75.296655, -9.878447 ], [ -75.387405, -9.874965 ], [ -75.395995, -9.911203 ], [ -75.476342, -9.972156 ], [ -75.550088, -9.982435 ], [ -75.594002, -9.946805 ], [ -75.634757, -9.948296 ], [ -75.752479, -9.882349 ], [ -75.757553, -9.812738 ], [ -75.713937, -9.794147 ], [ -75.725091, -9.738132 ], [ -75.704422, -9.616508 ], [ -75.673699, -9.593578 ], [ -75.669845, -9.511445 ], [ -75.609124, -9.447073 ], [ -75.612076, -9.412282 ], [ -75.488296, -9.373377 ], [ -75.45262, -9.295839 ], [ -75.376762, -9.307676 ], [ -75.323181, -9.297518 ], [ -75.286713, -9.312435 ], [ -75.259017, -9.269016 ], [ -75.208206, -9.234327 ], [ -75.212051, -9.145758 ], [ -75.166855, -9.10629 ], [ -75.126754, -8.949793 ], [ -75.045692, -8.90228 ], [ -74.963128, -8.938064 ], [ -74.933037, -8.927414 ], [ -74.910088, -8.82065 ], [ -74.849349, -8.75446 ], [ -74.847129, -8.68896 ], [ -74.801421, -8.63243 ], [ -74.743941, -8.63687 ], [ -74.606163, -8.621659 ], [ -74.55143, -8.641399 ], [ -74.51954, -8.677211 ], [ -74.515526, -8.766329 ], [ -74.61737, -8.826758 ], [ -74.625458, -8.899538 ], [ -74.656151, -8.959705 ], [ -74.641806, -9.010849 ], [ -74.66558, -9.080599 ], [ -74.63308, -9.13338 ], [ -74.614623, -9.237753 ], [ -74.589516, -9.270349 ], [ -74.59616, -9.318049 ], [ -74.675248, -9.386236 ], [ -74.672294, -9.432106 ] ] ] ] } },
{ "type": "Feature", "properties": { "POLYGON_ID": "PER_GAUL1999_ADM2_24102", "ADM0_ISO3": "PER", "ADM0_NAME": "Peru", "ADM0_CODE": 195, "ADM1_NAME": "Huánuco", "ADM1_CODE": 2337, "ADM2_NAME": "Yarowilca", "ADM2_CODE": 24102, "GEOSET": "GAUL", "GEOSET_YEAR": 1999.0, "GEOSET_VERSION": "GAUL_v1", "GEOSET_UNIT": "ADM2", "CENTROID_LONG": -76.598871658821935, "CENTROID_LAT": -9.7971330397861021 }, "geometry": { "type": "MultiPolygon", "coordinates": [ [ [ [ -76.477317, -9.674854 ], [ -76.46444, -9.721766 ], [ -76.472146, -9.813335 ], [ -76.498488, -9.8367 ], [ -76.479362, -9.894533 ], [ -76.548454, -9.923064 ], [ -76.571327, -9.95961 ], [ -76.652214, -9.919396 ], [ -76.685393, -9.885045 ], [ -76.74195, -9.863252 ], [ -76.74678, -9.818909 ], [ -76.707825, -9.744502 ], [ -76.733132, -9.710213 ], [ -76.625366, -9.658039 ], [ -76.557602, -9.682512 ], [ -76.477317, -9.674854 ] ] ] ] } },
{ "type": "Feature", "properties": { "POLYGON_ID": "PER_GAUL1999_ADM2_91840", "ADM0_ISO3": "PER", "ADM0_NAME": "Peru", "ADM0_CODE": 195, "ADM1_NAME": "Huánuco", "ADM1_CODE": 2337, "ADM2_NAME": "Dos de Mayo", "ADM2_CODE": 91840, "GEOSET": "GAUL", "GEOSET_YEAR": 1999.0, "GEOSET_VERSION": "GAUL_v1", "GEOSET_UNIT": "ADM2", "CENTROID_LONG": -76.609320399983474, "CENTROID_LAT": -9.6399016446121202 }, "geometry": { "type": "MultiPolygon", "coordinates": [ [ [ [ -76.231141, -9.417772 ], [ -76.199561, -9.456595 ], [ -76.204033, -9.49909 ], [ -76.280961, -9.528575 ], [ -76.320413, -9.521332 ], [ -76.363755, -9.54547 ], [ -76.373963, -9.580448 ], [ -76.427147, -9.650039 ], [ -76.477317, -9.674854 ], [ -76.557602, -9.682512 ], [ -76.625366, -9.658039 ], [ -76.733132, -9.710213 ], [ -76.707825, -9.744502 ], [ -76.74678, -9.818909 ], [ -76.74195, -9.863252 ], [ -76.84063, -9.917817 ], [ -76.896637, -9.812849 ], [ -76.901961, -9.769603 ], [ -76.94545, -9.703168 ], [ -76.85131, -9.659447 ], [ -76.808464, -9.626922 ], [ -76.74237, -9.614715 ], [ -76.741111, -9.585934 ], [ -76.624748, -9.547847 ], [ -76.585572, -9.551382 ], [ -76.492934, -9.525751 ], [ -76.48581, -9.507183 ], [ -76.382758, -9.494342 ], [ -76.365166, -9.438068 ], [ -76.265625, -9.39254 ], [ -76.231141, -9.417772 ] ] ] ] } },
{ "type": "Feature", "properties": { "POLYGON_ID": "PER_GAUL1999_ADM2_24103", "ADM0_ISO3": "PER", "ADM0_NAME": "Peru", "ADM0_CODE": 195, "ADM1_NAME": "Ica", "ADM1_CODE": 2338, "ADM2_NAME": "Chincha", "ADM2_CODE": 24103, "GEOSET": "GAUL", "GEOSET_YEAR": 1999.0, "GEOSET_VERSION": "GAUL_v1", "GEOSET_UNIT": "ADM2", "CENTROID_LONG": -75.940771758043965, "CENTROID_LAT": -13.316498629281991 }, "geometry": { "type": "MultiPolygon", "coordinates": [ [ [ [ -75.689605, -13.439239 ], [ -75.758018, -13.502692 ], [ -75.763893, -13.5433 ], [ -75.806579, -13.574738 ], [ -75.814431, -13.619405 ], [ -75.889298, -13.612321 ], [ -75.934373, -13.631659 ], [ -75.986932, -13.571486 ], [ -76.034073, -13.561152 ], [ -76.1918141, -13.5953801 ], [ -76.1914687, -13.4239336 ], [ -76.2448711, -13.323333 ], [ -76.207244, -13.306491 ], [ -76.158042, -13.193999 ], [ -76.021714, -13.095687 ], [ -75.968345, -13.039665 ], [ -75.960984, -13.000225 ], [ -75.93827, -12.991015 ], [ -75.802026, -13.060278 ], [ -75.764557, -13.018087 ], [ -75.723899, -13.038528 ], [ -75.614022, -12.964739 ], [ -75.608552, -13.003388 ], [ -75.653054, -13.070281 ], [ -75.693787, -13.051414 ], [ -75.713258, -13.104183 ], [ -75.693878, -13.148207 ], [ -75.706498, -13.188698 ], [ -75.707473, -13.289124 ], [ -75.788207, -13.336717 ], [ -75.799851, -13.403821 ], [ -75.719329, -13.412256 ], [ -75.689605, -13.439239 ] ] ] ] } },
{ "type": "Feature", "properties": { "POLYGON_ID": "PER_GAUL1999_ADM2_24104", "ADM0_ISO3": "PER", "ADM0_NAME": "Peru", "ADM0_CODE": 195, "ADM1_NAME": "Ica", "ADM1_CODE": 2338, "ADM2_NAME": "Ica", "ADM2_CODE": 24104, "GEOSET": "GAUL", "GEOSET_YEAR": 1999.0, "GEOSET_VERSION": "GAUL_v1", "GEOSET_UNIT": "ADM2", "CENTROID_LONG": -75.644048402489787, "CENTROID_LAT": -14.302529003782317 }, "geometry": { "type": "MultiPolygon", "coordinates": [ [ [ [ -75.210296, -14.050594 ], [ -75.242767, -14.153855 ], [ -75.230133, -14.1729 ], [ -75.239831, -14.321761 ], [ -75.220689, -14.352475 ], [ -75.249046, -14.4276 ], [ -75.310136, -14.487644 ], [ -75.319724, -14.535353 ], [ -75.36367, -14.581913 ], [ -75.360947, -14.620344 ], [ -75.419457, -14.64861 ], [ -75.430686, -14.756675 ], [ -75.414718, -14.781556 ], [ -75.441459, -14.896454 ], [ -75.4945465, -14.9293418 ], [ -75.5745215, -14.867797 ], [ -75.6799414, -14.8178224 ], [ -75.7843555, -14.7482891 ], [ -75.8555664, -14.7162812 ], [ -75.9164649, -14.6591757 ], [ -75.9320469, -14.5682812 ], [ -75.9741972, -14.5252539 ], [ -75.9722792, -14.4704981 ], [ -76.0367422, -14.4259352 ], [ -76.003166, -14.389999 ], [ -75.98613, -14.296151 ], [ -76.046463, -14.264831 ], [ -76.071449, -14.206724 ], [ -75.986503, -14.06932 ], [ -76.025406, -14.004861 ], [ -76.025002, -13.959064 ], [ -76.060311, -13.901641 ], [ -76.026924, -13.840189 ], [ -75.885139, -13.854466 ], [ -75.779724, -13.850386 ], [ -75.634719, -13.800976 ], [ -75.555733, -13.748841 ], [ -75.52488, -13.816878 ], [ -75.564811, -13.843434 ], [ -75.546265, -13.888532 ], [ -75.433227, -13.913803 ], [ -75.327676, -14.018092 ], [ -75.270736, -14.010488 ], [ -75.259872, -14.04117 ], [ -75.210296, -14.050594 ] ] ] ] } },
{ "type": "Feature", "properties": { "POLYGON_ID": "PER_GAUL1999_ADM2_24105", "ADM0_ISO3": "PER", "ADM0_NAME": "Peru", "ADM0_CODE": 195, "ADM1_NAME": "Ica", "ADM1_CODE": 2338, "ADM2_NAME": "Nazca", "ADM2_CODE": 24105, "GEOSET": "GAUL", "GEOSET_YEAR": 1999.0, "GEOSET_VERSION": "GAUL_v1", "GEOSET_UNIT": "ADM2", "CENTROID_LONG": -75.081142177679268, "CENTROID_LAT": -14.944350789545796 }, "geometry": { "type": "MultiPolygon", "coordinates": [ [ [ [ -74.762756, -15.098878 ], [ -74.812591, -15.136637 ], [ -74.887139, -15.159549 ], [ -74.939865, -15.205833 ], [ -74.968201, -15.299239 ], [ -75.016556, -15.35091 ], [ -75.018479, -15.382227 ], [ -75.070138, -15.4385765 ], [ -75.1404042, -15.407166 ], [ -75.1781235, -15.3569325 ], [ -75.1688184, -15.3073906 ], [ -75.2306231, -15.2772011 ], [ -75.216625, -15.231416 ], [ -75.2746799, -15.1683204 ], [ -75.3686504, -15.1407949 ], [ -75.4426934, -15.0005919 ], [ -75.5042774, -14.9599415 ], [ -75.4945465, -14.9293418 ], [ -75.441459, -14.896454 ], [ -75.414718, -14.781556 ], [ -75.430686, -14.756675 ], [ -75.419457, -14.64861 ], [ -75.360947, -14.620344 ], [ -75.36367, -14.581913 ], [ -75.332831, -14.615006 ], [ -75.250878, -14.588753 ], [ -75.226045, -14.644537 ], [ -75.183701, -14.638082 ], [ -75.152992, -14.675283 ], [ -75.091972, -14.620533 ], [ -75.078309, -14.567963 ], [ -75.063508, -14.611647 ], [ -74.956833, -14.604869 ], [ -74.914017, -14.565718 ], [ -74.853233, -14.611407 ], [ -74.845712, -14.707813 ], [ -74.802841, -14.751946 ], [ -74.747292, -14.727607 ], [ -74.746628, -14.84101 ], [ -74.707626, -14.833559 ], [ -74.663613, -14.907618 ], [ -74.686539, -14.928716 ], [ -74.648881, -14.982385 ], [ -74.669366, -15.05485 ], [ -74.762756, -15.098878 ] ] ] ] } },
{ "type": "Feature", "properties": { "POLYGON_ID": "PER_GAUL1999_ADM2_24106", "ADM0_ISO3": "PER", "ADM0_NAME": "Peru", "ADM0_CODE": 195, "ADM1_NAME": "Ica", "ADM1_CODE": 2338, "ADM2_NAME": "Palpa", "ADM2_CODE": 24106, "GEOSET": "GAUL", "GEOSET_YEAR": 1999.0, "GEOSET_VERSION": "GAUL_v1", "GEOSET_UNIT": "ADM2", "CENTROID_LONG": -75.176568179466969, "CENTROID_LAT": -14.373036753026929 }, "geometry": { "type": "MultiPolygon", "coordinates": [ [ [ [ -75.059501, -14.130093 ], [ -75.088196, -14.230229 ], [ -75.039413, -14.27848 ], [ -75.092271, -14.311295 ], [ -75.138603, -14.415721 ], [ -75.106948, -14.434191 ], [ -75.078309, -14.567963 ], [ -75.091972, -14.620533 ], [ -75.152992, -14.675283 ], [ -75.183701, -14.638082 ], [ -75.226045, -14.644537 ], [ -75.250878, -14.588753 ], [ -75.332831, -14.615006 ], [ -75.36367, -14.581913 ], [ -75.319724, -14.535353 ], [ -75.310136, -14.487644 ], [ -75.249046, -14.4276 ], [ -75.220689, -14.352475 ], [ -75.239831, -14.321761 ], [ -75.230133, -14.1729 ], [ -75.242767, -14.153855 ], [ -75.210296, -14.050594 ], [ -75.164977, -14.07391 ], [ -75.107735, -14.039531 ], [ -75.059501, -14.130093 ] ] ] ] } },
{ "type": "Feature", "properties": { "POLYGON_ID": "PER_GAUL1999_ADM2_24107", "ADM0_ISO3": "PER", "ADM0_NAME": "Peru", "ADM0_CODE": 195, "ADM1_NAME": "Ica", "ADM1_CODE": 2338, "ADM2_NAME": "Pisco", "ADM2_CODE": 24107, "GEOSET": "GAUL", "GEOSET_YEAR": 1999.0, "GEOSET_VERSION": "GAUL_v1", "GEOSET_UNIT": "ADM2", "CENTROID_LONG": -75.940152927819113, "CENTROID_LAT": -13.802482769011183 }, "geometry": { "type": "MultiPolygon", "coordinates": [ [ [ [ -75.477493, -13.525167 ], [ -75.515755, -13.614044 ], [ -75.484733, -13.651577 ], [ -75.531852, -13.743472 ], [ -75.555733, -13.748841 ], [ -75.634719, -13.800976 ], [ -75.779724, -13.850386 ], [ -75.885139, -13.854466 ], [ -76.026924, -13.840189 ], [ -76.060311, -13.901641 ], [ -76.025002, -13.959064 ], [ -76.025406, -14.004861 ], [ -75.986503, -14.06932 ], [ -76.071449, -14.206724 ], [ -76.046463, -14.264831 ], [ -75.98613, -14.296151 ], [ -76.003166, -14.389999 ], [ -76.0367422, -14.4259352 ], [ -76.0661952, -14.3869434 ], [ -76.1318594, -14.3542637 ], [ -76.1099492, -14.2926856 ], [ -76.1435704, -14.227621 ], [ -76.2305254, -14.1491191 ], [ -76.2901955, -14.1615117 ], [ -76.2664511, -14.0146914 ], [ -76.2825156, -13.9180487 ], [ -76.3300117, -13.9250254 ], [ -76.3963281, -13.9088985 ], [ -76.371291, -13.8088807 ], [ -76.2962246, -13.7934687 ], [ -76.3007715, -13.8377226 ], [ -76.2609629, -13.8656016 ], [ -76.1976601, -13.640877 ], [ -76.1918141, -13.5953801 ], [ -76.034073, -13.561152 ], [ -75.986932, -13.571486 ], [ -75.934373, -13.631659 ], [ -75.889298, -13.612321 ], [ -75.814431, -13.619405 ], [ -75.806579, -13.574738 ], [ -75.763893, -13.5433 ], [ -75.758018, -13.502692 ], [ -75.689605, -13.439239 ], [ -75.612992, -13.409236 ], [ -75.536454, -13.4029 ], [ -75.504623, -13.371075 ], [ -75.4656, -13.432192 ], [ -75.477493, -13.525167 ] ] ] ] } },
{ "type": "Feature", "properties": { "POLYGON_ID": "PER_GAUL1999_ADM2_24108", "ADM0_ISO3": "PER", "ADM0_NAME": "Peru", "ADM0_CODE": 195, "ADM1_NAME": "Junín", "ADM1_CODE": 2339, "ADM2_NAME": "Chanchamayo", "ADM2_CODE": 24108, "GEOSET": "GAUL", "GEOSET_YEAR": 1999.0, "GEOSET_VERSION": "GAUL_v1", "GEOSET_UNIT": "ADM2", "CENTROID_LONG": -75.129852205199398, "CENTROID_LAT": -11.027556261021967 }, "geometry": { "type": "MultiPolygon", "coordinates": [ [ [ [ -74.696793, -10.892179 ], [ -74.695519, -10.9488 ], [ -74.622901, -10.976719 ], [ -74.646821, -11.008636 ], [ -74.719924, -11.02018 ], [ -74.748153, -11.071176 ], [ -74.84758, -11.1299 ], [ -74.911216, -11.212856 ], [ -74.890214, -11.269645 ], [ -74.969697, -11.300493 ], [ -75.015747, -11.295748 ], [ -75.03524, -11.335781 ], [ -75.314056, -11.299504 ], [ -75.431748, -11.257559 ], [ -75.514191, -11.228199 ], [ -75.577613, -11.229052 ], [ -75.602546, -11.170817 ], [ -75.67067, -11.103437 ], [ -75.584336, -11.051065 ], [ -75.464463, -11.024053 ], [ -75.423529, -10.95479 ], [ -75.453644, -10.900088 ], [ -75.410538, -10.863412 ], [ -75.314445, -10.863084 ], [ -75.262825, -10.826185 ], [ -75.211166, -10.714787 ], [ -75.119552, -10.730058 ], [ -75.0551, -10.655824 ], [ -74.998238, -10.67823 ], [ -74.982232, -10.750321 ], [ -74.953522, -10.737032 ], [ -74.891167, -10.769393 ], [ -74.840584, -10.763258 ], [ -74.794768, -10.829686 ], [ -74.75892, -10.826151 ], [ -74.710388, -10.855492 ], [ -74.696793, -10.892179 ] ] ] ] } },
{ "type": "Feature", "properties": { "POLYGON_ID": "PER_GAUL1999_ADM2_24109", "ADM0_ISO3": "PER", "ADM0_NAME": "Peru", "ADM0_CODE": 195, "ADM1_NAME": "Junín", "ADM1_CODE": 2339, "ADM2_NAME": "Chupaca", "ADM2_CODE": 24109, "GEOSET": "GAUL", "GEOSET_YEAR": 1999.0, "GEOSET_VERSION": "GAUL_v1", "GEOSET_UNIT": "ADM2", "CENTROID_LONG": -75.435717095830597, "CENTROID_LAT": -12.205969716568983 }, "geometry": { "type": "MultiPolygon", "coordinates": [ [ [ [ -75.559945, -12.41113 ], [ -75.550758, -12.375131 ], [ -75.5868, -12.300881 ], [ -75.665184, -12.194487 ], [ -75.628914, -12.141419 ], [ -75.530052, -12.140496 ], [ -75.486427, -12.111982 ], [ -75.442109, -12.040652 ], [ -75.406365, -12.043665 ], [ -75.331108, -12.010376 ], [ -75.318375, -12.04111 ], [ -75.238473, -12.063256 ], [ -75.241935, -12.150283 ], [ -75.273521, -12.174651 ], [ -75.244729, -12.241961 ], [ -75.300363, -12.258435 ], [ -75.409921, -12.363526 ], [ -75.467248, -12.38925 ], [ -75.559945, -12.41113 ] ] ] ] } },
{ "type": "Feature", "properties": { "POLYGON_ID": "PER_GAUL1999_ADM2_24110", "ADM0_ISO3": "PER", "ADM0_NAME": "Peru", "ADM0_CODE": 195, "ADM1_NAME": "Junín", "ADM1_CODE": 2339, "ADM2_NAME": "Concepción", "ADM2_CODE": 24110, "GEOSET": "GAUL", "GEOSET_YEAR": 1999.0, "GEOSET_VERSION": "GAUL_v1", "GEOSET_UNIT": "ADM2", "CENTROID_LONG": -75.122601761026928, "CENTROID_LAT": -11.76050978340138 }, "geometry": { "type": "MultiPolygon", "coordinates": [ [ [ [ -74.973161, -11.43832 ], [ -74.915597, -11.479257 ], [ -74.975989, -11.550929 ], [ -74.881843, -11.541106 ], [ -74.786643, -11.602926 ], [ -74.725097, -11.615092 ], [ -74.721711, -11.664193 ], [ -74.767494, -11.70881 ], [ -74.775498, -11.76463 ], [ -74.818626, -11.762212 ], [ -74.880081, -11.832998 ], [ -74.967315, -11.845195 ], [ -75.014235, -11.821132 ], [ -75.062271, -11.886799 ], [ -75.092834, -11.83349 ], [ -75.128418, -11.843051 ], [ -75.179931, -11.79427 ], [ -75.250703, -11.809798 ], [ -75.294113, -11.920391 ], [ -75.281273, -11.982333 ], [ -75.331108, -12.010376 ], [ -75.406365, -12.043665 ], [ -75.442109, -12.040652 ], [ -75.486427, -12.111982 ], [ -75.530052, -12.140496 ], [ -75.628914, -12.141419 ], [ -75.681983, -12.08218 ], [ -75.694282, -12.042553 ], [ -75.656503, -12.008527 ], [ -75.581704, -12.001531 ], [ -75.543335, -12.027633 ], [ -75.472932, -11.990693 ], [ -75.446341, -11.958735 ], [ -75.358064, -11.900262 ], [ -75.259322, -11.789245 ], [ -75.200753, -11.749401 ], [ -75.192924, -11.70664 ], [ -75.224128, -11.661228 ], [ -75.160729, -11.533469 ], [ -75.04171, -11.474168 ], [ -75.0, -11.426926 ], [ -74.973161, -11.43832 ] ] ] ] } },
{ "type": "Feature", "properties": { "POLYGON_ID": "PER_GAUL1999_ADM2_24111", "ADM0_ISO3": "PER", "ADM0_NAME": "Peru", "ADM0_CODE": 195, "ADM1_NAME": "Junín", "ADM1_CODE": 2339, "ADM2_NAME": "Huancayo", "ADM2_CODE": 24111, "GEOSET": "GAUL", "GEOSET_YEAR": 1999.0, "GEOSET_VERSION": "GAUL_v1", "GEOSET_UNIT": "ADM2", "CENTROID_LONG": -75.064383280616326, "CENTROID_LAT": -12.090928582279401 }, "geometry": { "type": "MultiPolygon", "coordinates": [ [ [ [ -74.554055, -11.99989 ], [ -74.571395, -11.98505 ], [ -74.657357, -11.991796 ], [ -74.717073, -12.059181 ], [ -74.749482, -12.041958 ], [ -74.836365, -12.070698 ], [ -74.87088, -12.065798 ], [ -74.939377, -12.01789 ], [ -75.047233, -12.009466 ], [ -75.072593, -12.059361 ], [ -75.048942, -12.200882 ], [ -75.100006, -12.251041 ], [ -75.098144, -12.28242 ], [ -75.139679, -12.341742 ], [ -75.13108, -12.378351 ], [ -75.180549, -12.361976 ], [ -75.219636, -12.390278 ], [ -75.213974, -12.453059 ], [ -75.323783, -12.485548 ], [ -75.361138, -12.538789 ], [ -75.439522, -12.61731 ], [ -75.488831, -12.651946 ], [ -75.525291, -12.61849 ], [ -75.579589, -12.641339 ], [ -75.56652, -12.553419 ], [ -75.535836, -12.519058 ], [ -75.559945, -12.41113 ], [ -75.467248, -12.38925 ], [ -75.409921, -12.363526 ], [ -75.300363, -12.258435 ], [ -75.244729, -12.241961 ], [ -75.273521, -12.174651 ], [ -75.241935, -12.150283 ], [ -75.238473, -12.063256 ], [ -75.318375, -12.04111 ], [ -75.331108, -12.010376 ], [ -75.281273, -11.982333 ], [ -75.294113, -11.920391 ], [ -75.250703, -11.809798 ], [ -75.179931, -11.79427 ], [ -75.128418, -11.843051 ], [ -75.092834, -11.83349 ], [ -75.062271, -11.886799 ], [ -75.014235, -11.821132 ], [ -74.967315, -11.845195 ], [ -74.880081, -11.832998 ], [ -74.818626, -11.762212 ], [ -74.775498, -11.76463 ], [ -74.767494, -11.70881 ], [ -74.721711, -11.664193 ], [ -74.676499, -11.671687 ], [ -74.597915, -11.817404 ], [ -74.57232, -11.883508 ], [ -74.534646, -11.877885 ], [ -74.508819, -11.915065 ], [ -74.509026, -11.987072 ], [ -74.554055, -11.99989 ] ] ] ] } },
{ "type": "Feature", "properties": { "POLYGON_ID": "PER_GAUL1999_ADM2_24112", "ADM0_ISO3": "PER", "ADM0_NAME": "Peru", "ADM0_CODE": 195, "ADM1_NAME": "Junín", "ADM1_CODE": 2339, "ADM2_NAME": "Jauja", "ADM2_CODE": 24112, "GEOSET": "GAUL", "GEOSET_YEAR": 1999.0, "GEOSET_VERSION": "GAUL_v1", "GEOSET_UNIT": "ADM2", "CENTROID_LONG": -75.487730413956015, "CENTROID_LAT": -11.685736278118966 }, "geometry": { "type": "MultiPolygon", "coordinates": [ [ [ [ -75.03524, -11.335781 ], [ -74.987725, -11.37413 ], [ -74.973161, -11.43832 ], [ -75.0, -11.426926 ], [ -75.04171, -11.474168 ], [ -75.160729, -11.533469 ], [ -75.224128, -11.661228 ], [ -75.192924, -11.70664 ], [ -75.200753, -11.749401 ], [ -75.259322, -11.789245 ], [ -75.358064, -11.900262 ], [ -75.446341, -11.958735 ], [ -75.472932, -11.990693 ], [ -75.543335, -12.027633 ], [ -75.581704, -12.001531 ], [ -75.656503, -12.008527 ], [ -75.694282, -12.042553 ], [ -75.766533, -12.058994 ], [ -75.820259, -12.01343 ], [ -75.928971, -11.983963 ], [ -75.99376, -11.993228 ], [ -76.053512, -11.939545 ], [ -76.0225, -11.896629 ], [ -75.953362, -11.870576 ], [ -75.906617, -11.873505 ], [ -75.892204, -11.784185 ], [ -75.835221, -11.76744 ], [ -75.815858, -11.788575 ], [ -75.755287, -11.774453 ], [ -75.700622, -11.712803 ], [ -75.764541, -11.623073 ], [ -75.79937, -11.54434 ], [ -75.748429, -11.539531 ], [ -75.601081, -11.577294 ], [ -75.527991, -11.4944 ], [ -75.478477, -11.521627 ], [ -75.463157, -11.432872 ], [ -75.402099, -11.345566 ], [ -75.432755, -11.329662 ], [ -75.431748, -11.257559 ], [ -75.314056, -11.299504 ], [ -75.03524, -11.335781 ] ] ] ] } },
{ "type": "Feature", "properties": { "POLYGON_ID": "PER_GAUL1999_ADM2_24113", "ADM0_ISO3": "PER", "ADM0_NAME": "Peru", "ADM0_CODE": 195, "ADM1_NAME": "Junín", "ADM1_CODE": 2339, "ADM2_NAME": "Junín", "ADM2_CODE": 24113, "GEOSET": "GAUL", "GEOSET_YEAR": 1999.0, "GEOSET_VERSION": "GAUL_v1", "GEOSET_UNIT": "ADM2", "CENTROID_LONG": -75.927325200321633, "CENTROID_LAT": -11.031589280693758 }, "geometry": { "type": "MultiPolygon", "coordinates": [ [ [ [ -75.466332, -10.904817 ], [ -75.496284, -10.951307 ], [ -75.645378, -10.959457 ], [ -75.667495, -10.949046 ], [ -75.727379, -10.998232 ], [ -75.78312, -10.998355 ], [ -75.833031, -11.0521 ], [ -75.836753, -11.11417 ], [ -75.877456, -11.140621 ], [ -75.923362, -11.219436 ], [ -75.961991, -11.216482 ], [ -75.916718, -11.299087 ], [ -75.960587, -11.333418 ], [ -76.013267, -11.375541 ], [ -76.081505, -11.386729 ], [ -76.107879, -11.334521 ], [ -76.164565, -11.270774 ], [ -76.187247, -11.183175 ], [ -76.214768, -11.149781 ], [ -76.251152, -11.103995 ], [ -76.240372, -11.046121 ], [ -76.259033, -11.024859 ], [ -76.278549, -10.921644 ], [ -76.210517, -10.91808 ], [ -76.187523, -10.960152 ], [ -76.12056, -10.954512 ], [ -76.091462, -10.906474 ], [ -76.043892, -10.878208 ], [ -75.989471, -10.82236 ], [ -75.922715, -10.88302 ], [ -75.860198, -10.867647 ], [ -75.837981, -10.885431 ], [ -75.787544, -10.825022 ], [ -75.731988, -10.80879 ], [ -75.665268, -10.827969 ], [ -75.607437, -10.823992 ], [ -75.58239, -10.800401 ], [ -75.567703, -10.72722 ], [ -75.489242, -10.756655 ], [ -75.459091, -10.785397 ], [ -75.490746, -10.823899 ], [ -75.466332, -10.904817 ] ] ] ] } },
{ "type": "Feature", "properties": { "POLYGON_ID": "PER_GAUL1999_ADM2_24114", "ADM0_ISO3": "PER", "ADM0_NAME": "Peru", "ADM0_CODE": 195, "ADM1_NAME": "Junín", "ADM1_CODE": 2339, "ADM2_NAME": "Satipo", "ADM2_CODE": 24114, "GEOSET": "GAUL", "GEOSET_YEAR": 1999.0, "GEOSET_VERSION": "GAUL_v1", "GEOSET_UNIT": "ADM2", "CENTROID_LONG": -74.095511952563697, "CENTROID_LAT": -11.57235194171488 }, "geometry": { "type": "MultiPolygon", "coordinates": [ [ [ [ -73.416947, -11.381093 ], [ -73.477494, -11.465419 ], [ -73.45581, -11.496875 ], [ -73.509582, -11.52017 ], [ -73.584618, -11.594124 ], [ -73.615136, -11.658778 ], [ -73.570152, -11.739799 ], [ -73.577439, -11.785646 ], [ -73.516374, -11.838148 ], [ -73.485236, -11.835653 ], [ -73.444955, -11.914673 ], [ -73.443496, -11.964946 ], [ -73.398773, -12.021222 ], [ -73.402672, -12.08014 ], [ -73.350822, -12.134716 ], [ -73.449593, -12.173193 ], [ -73.473237, -12.238524 ], [ -73.578079, -12.281285 ], [ -73.588226, -12.390973 ], [ -73.693864, -12.344085 ], [ -73.720664, -12.355403 ], [ -73.746674, -12.428294 ], [ -73.919624, -12.231037 ], [ -73.962471, -12.212631 ], [ -73.995277, -12.233134 ], [ -74.0988, -12.285495 ], [ -74.119399, -12.331376 ], [ -74.187278, -12.303432 ], [ -74.271707, -12.238998 ], [ -74.322762, -12.229515 ], [ -74.345284, -12.173054 ], [ -74.352753, -12.14796 ], [ -74.431855, -12.07147 ], [ -74.554055, -11.99989 ], [ -74.509026, -11.987072 ], [ -74.508819, -11.915065 ], [ -74.534646, -11.877885 ], [ -74.57232, -11.883508 ], [ -74.597915, -11.817404 ], [ -74.676499, -11.671687 ], [ -74.721711, -11.664193 ], [ -74.725097, -11.615092 ], [ -74.786643, -11.602926 ], [ -74.881843, -11.541106 ], [ -74.975989, -11.550929 ], [ -74.915597, -11.479257 ], [ -74.973161, -11.43832 ], [ -74.987725, -11.37413 ], [ -75.03524, -11.335781 ], [ -75.015747, -11.295748 ], [ -74.969697, -11.300493 ], [ -74.890214, -11.269645 ], [ -74.911216, -11.212856 ], [ -74.84758, -11.1299 ], [ -74.748153, -11.071176 ], [ -74.719924, -11.02018 ], [ -74.646821, -11.008636 ], [ -74.622901, -10.976719 ], [ -74.695519, -10.9488 ], [ -74.696793, -10.892179 ], [ -74.653549, -10.868962 ], [ -74.574248, -10.911632 ], [ -74.502052, -10.93033 ], [ -74.412933, -10.9998 ], [ -74.395653, -11.04456 ], [ -74.347907, -11.055628 ], [ -74.194428, -10.987753 ], [ -74.006652, -10.992514 ], [ -73.975326, -11.12624 ], [ -73.889473, -11.18201 ], [ -73.860564, -11.155522 ], [ -73.862634, -10.975553 ], [ -73.813126, -10.888344 ], [ -73.822808, -10.834697 ], [ -73.794403, -10.81377 ], [ -73.781975, -10.760067 ], [ -73.743125, -10.733969 ], [ -73.563766, -10.890709 ], [ -73.572746, -10.95406 ], [ -73.524964, -11.056811 ], [ -73.468703, -11.084766 ], [ -73.447197, -11.230921 ], [ -73.4822, -11.314269 ], [ -73.416947, -11.381093 ] ] ] ] } },
{ "type": "Feature", "properties": { "POLYGON_ID": "PER_GAUL1999_ADM2_24115", "ADM0_ISO3": "PER", "ADM0_NAME": "Peru", "ADM0_CODE": 195, "ADM1_NAME": "Junín", "ADM1_CODE": 2339, "ADM2_NAME": "Tarma", "ADM2_CODE": 24115, "GEOSET": "GAUL", "GEOSET_YEAR": 1999.0, "GEOSET_VERSION": "GAUL_v1", "GEOSET_UNIT": "ADM2", "CENTROID_LONG": -75.68476027992098, "CENTROID_LAT": -11.278812740456315 }, "geometry": { "type": "MultiPolygon", "coordinates": [ [ [ [ -75.431748, -11.257559 ], [ -75.432755, -11.329662 ], [ -75.402099, -11.345566 ], [ -75.463157, -11.432872 ], [ -75.478477, -11.521627 ], [ -75.527991, -11.4944 ], [ -75.601081, -11.577294 ], [ -75.748429, -11.539531 ], [ -75.79937, -11.54434 ], [ -75.872879, -11.503412 ], [ -75.916985, -11.416846 ], [ -75.909257, -11.374941 ], [ -75.960587, -11.333418 ], [ -75.916718, -11.299087 ], [ -75.961991, -11.216482 ], [ -75.923362, -11.219436 ], [ -75.877456, -11.140621 ], [ -75.836753, -11.11417 ], [ -75.833031, -11.0521 ], [ -75.78312, -10.998355 ], [ -75.727379, -10.998232 ], [ -75.667495, -10.949046 ], [ -75.645378, -10.959457 ], [ -75.496284, -10.951307 ], [ -75.466332, -10.904817 ], [ -75.453644, -10.900088 ], [ -75.423529, -10.95479 ], [ -75.464463, -11.024053 ], [ -75.584336, -11.051065 ], [ -75.67067, -11.103437 ], [ -75.602546, -11.170817 ], [ -75.577613, -11.229052 ], [ -75.514191, -11.228199 ], [ -75.431748, -11.257559 ] ] ] ] } },
{ "type": "Feature", "properties": { "POLYGON_ID": "PER_GAUL1999_ADM2_24116", "ADM0_ISO3": "PER", "ADM0_NAME": "Peru", "ADM0_CODE": 195, "ADM1_NAME": "Junín", "ADM1_CODE": 2339, "ADM2_NAME": "Yauli", "ADM2_CODE": 24116, "GEOSET": "GAUL", "GEOSET_YEAR": 1999.0, "GEOSET_VERSION": "GAUL_v1", "GEOSET_UNIT": "ADM2", "CENTROID_LONG": -76.123584251475492, "CENTROID_LAT": -11.494832640638055 }, "geometry": { "type": "MultiPolygon", "coordinates": [ [ [ [ -76.214768, -11.149781 ], [ -76.187247, -11.183175 ], [ -76.164565, -11.270774 ], [ -76.107879, -11.334521 ], [ -76.081505, -11.386729 ], [ -76.013267, -11.375541 ], [ -75.960587, -11.333418 ], [ -75.909257, -11.374941 ], [ -75.916985, -11.416846 ], [ -75.872879, -11.503412 ], [ -75.79937, -11.54434 ], [ -75.764541, -11.623073 ], [ -75.700622, -11.712803 ], [ -75.755287, -11.774453 ], [ -75.815858, -11.788575 ], [ -75.835221, -11.76744 ], [ -75.892204, -11.784185 ], [ -75.906617, -11.873505 ], [ -75.953362, -11.870576 ], [ -76.0225, -11.896629 ], [ -76.053512, -11.939545 ], [ -76.05114, -11.891341 ], [ -76.123566, -11.795761 ], [ -76.201394, -11.729928 ], [ -76.203507, -11.661148 ], [ -76.179726, -11.609763 ], [ -76.217836, -11.570266 ], [ -76.286736, -11.591115 ], [ -76.376602, -11.500852 ], [ -76.377145, -11.443664 ], [ -76.431694, -11.345433 ], [ -76.456963, -11.334295 ], [ -76.478104, -11.291192 ], [ -76.494224, -11.183572 ], [ -76.518342, -11.115952 ], [ -76.49115, -11.089318 ], [ -76.446319, -11.071716 ], [ -76.318015, -11.091517 ], [ -76.307845, -11.132537 ], [ -76.214768, -11.149781 ] ] ] ] } },
{ "type": "Feature", "properties": { "POLYGON_ID": "PER_GAUL1999_ADM2_24117", "ADM0_ISO3": "PER", "ADM0_NAME": "Peru", "ADM0_CODE": 195, "ADM1_NAME": "La Libertad", "ADM1_CODE": 2340, "ADM2_NAME": "Ascope", "ADM2_CODE": 24117, "GEOSET": "GAUL", "GEOSET_YEAR": 1999.0, "GEOSET_VERSION": "GAUL_v1", "GEOSET_UNIT": "ADM2", "CENTROID_LONG": -79.151955184518627, "CENTROID_LAT": -7.7245059727632777 }, "geometry": { "type": "MultiPolygon", "coordinates": [ [ [ [ -78.942016, -7.624653 ], [ -78.886482, -7.593523 ], [ -78.799438, -7.586441 ], [ -78.804222, -7.635411 ], [ -78.895713, -7.645334 ], [ -78.911462, -7.685509 ], [ -78.88694, -7.753712 ], [ -78.816217, -7.79617 ], [ -78.878585, -7.834502 ], [ -78.903512, -7.888377 ], [ -78.988189, -7.893416 ], [ -79.00972, -7.955882 ], [ -79.039237, -7.987991 ], [ -79.105598, -7.981833 ], [ -79.148758, -7.943516 ], [ -79.2070745, -8.0008279 ], [ -79.307291, -7.9259707 ], [ -79.3757461, -7.8420976 ], [ -79.3924257, -7.7878086 ], [ -79.465707, -7.7119336 ], [ -79.4352891, -7.6933594 ], [ -79.4552828, -7.6373476 ], [ -79.383416, -7.595877 ], [ -79.357881, -7.559133 ], [ -79.310623, -7.579367 ], [ -79.284499, -7.513953 ], [ -79.207818, -7.402481 ], [ -79.187027, -7.388683 ], [ -79.146796, -7.431873 ], [ -79.065477, -7.472681 ], [ -79.0607, -7.542939 ], [ -79.040702, -7.600027 ], [ -78.992829, -7.660807 ], [ -78.942016, -7.624653 ] ] ] ] } },
{ "type": "Feature", "properties": { "POLYGON_ID": "PER_GAUL1999_ADM2_24118", "ADM0_ISO3": "PER", "ADM0_NAME": "Peru", "ADM0_CODE": 195, "ADM1_NAME": "La Libertad", "ADM1_CODE": 2340, "ADM2_NAME": "Bolívar", "ADM2_CODE": 24118, "GEOSET": "GAUL", "GEOSET_YEAR": 1999.0, "GEOSET_VERSION": "GAUL_v1", "GEOSET_UNIT": "ADM2", "CENTROID_LONG": -77.7402762857742, "CENTROID_LAT": -7.2778097015631982 }, "geometry": { "type": "MultiPolygon", "coordinates": [ [ [ [ -77.530296, -7.655353 ], [ -77.559098, -7.673664 ], [ -77.62246, -7.622028 ], [ -77.702041, -7.593744 ], [ -77.699853, -7.563967 ], [ -77.746621, -7.478604 ], [ -77.771698, -7.420855 ], [ -77.824829, -7.378156 ], [ -77.82946, -7.347426 ], [ -77.833335, -7.303448 ], [ -77.925476, -7.153476 ], [ -77.950455, -7.064583 ], [ -77.999283, -6.968695 ], [ -77.926246, -6.987484 ], [ -77.854317, -6.952789 ], [ -77.750267, -6.96545 ], [ -77.746673, -7.020605 ], [ -77.708404, -7.077013 ], [ -77.713181, -7.108352 ], [ -77.639335, -7.154844 ], [ -77.605629, -7.219731 ], [ -77.646286, -7.272053 ], [ -77.63913, -7.343075 ], [ -77.610816, -7.434428 ], [ -77.528587, -7.504816 ], [ -77.537446, -7.56074 ], [ -77.49595, -7.583889 ], [ -77.530296, -7.655353 ] ] ] ] } },
{ "type": "Feature", "properties": { "POLYGON_ID": "PER_GAUL1999_ADM2_24119", "ADM0_ISO3": "PER", "ADM0_NAME": "Peru", "ADM0_CODE": 195, "ADM1_NAME": "La Libertad", "ADM1_CODE": 2340, "ADM2_NAME": "Chepén", "ADM2_CODE": 24119, "GEOSET": "GAUL", "GEOSET_YEAR": 1999.0, "GEOSET_VERSION": "GAUL_v1", "GEOSET_UNIT": "ADM2", "CENTROID_LONG": -79.454817624622436, "CENTROID_LAT": -7.1431525508037348 }, "geometry": { "type": "MultiPolygon", "coordinates": [ [ [ [ -79.322891, -7.02582 ], [ -79.327087, -7.083151 ], [ -79.252158, -7.198589 ], [ -79.283225, -7.275141 ], [ -79.368941, -7.324851 ], [ -79.414565, -7.287966 ], [ -79.4609, -7.223826 ], [ -79.537932, -7.246504 ], [ -79.556314, -7.287893 ], [ -79.6035942, -7.2791075 ], [ -79.6899826, -7.17776 ], [ -79.522033, -6.99672 ], [ -79.454299, -6.94667 ], [ -79.400833, -6.957281 ], [ -79.322891, -7.02582 ] ] ] ] } },
{ "type": "Feature", "properties": { "POLYGON_ID": "PER_GAUL1999_ADM2_24120", "ADM0_ISO3": "PER", "ADM0_NAME": "Peru", "ADM0_CODE": 195, "ADM1_NAME": "La Libertad", "ADM1_CODE": 2340, "ADM2_NAME": "Gran Chimú", "ADM2_CODE": 24120, "GEOSET": "GAUL", "GEOSET_YEAR": 1999.0, "GEOSET_VERSION": "GAUL_v1", "GEOSET_UNIT": "ADM2", "CENTROID_LONG": -78.647597273322887, "CENTROID_LAT": -7.5797978718219374 }, "geometry": { "type": "MultiPolygon", "coordinates": [ [ [ [ -78.339287, -7.494886 ], [ -78.376419, -7.593142 ], [ -78.375717, -7.640837 ], [ -78.442559, -7.641068 ], [ -78.499549, -7.698269 ], [ -78.600205, -7.735118 ], [ -78.665299, -7.797088 ], [ -78.698043, -7.760064 ], [ -78.712197, -7.704838 ], [ -78.804222, -7.635411 ], [ -78.799438, -7.586441 ], [ -78.886482, -7.593523 ], [ -78.942016, -7.624653 ], [ -78.912209, -7.550096 ], [ -78.852364, -7.519337 ], [ -78.879859, -7.472134 ], [ -78.789619, -7.394534 ], [ -78.752624, -7.417209 ], [ -78.682219, -7.391997 ], [ -78.629699, -7.446063 ], [ -78.651054, -7.527824 ], [ -78.622962, -7.547224 ], [ -78.487891, -7.553804 ], [ -78.415611, -7.485396 ], [ -78.339287, -7.494886 ] ] ] ] } },
{ "type": "Feature", "properties": { "POLYGON_ID": "PER_GAUL1999_ADM2_24121", "ADM0_ISO3": "PER", "ADM0_NAME": "Peru", "ADM0_CODE": 195, "ADM1_NAME": "La Libertad", "ADM1_CODE": 2340, "ADM2_NAME": "Julcan", "ADM2_CODE": 24121, "GEOSET": "GAUL", "GEOSET_YEAR": 1999.0, "GEOSET_VERSION": "GAUL_v1", "GEOSET_UNIT": "ADM2", "CENTROID_LONG": -78.461371673115181, "CENTROID_LAT": -8.1711044648855289 }, "geometry": { "type": "MultiPolygon", "coordinates": [ [ [ [ -78.426086, -8.359002 ], [ -78.466141, -8.387756 ], [ -78.487251, -8.344755 ], [ -78.570207, -8.320533 ], [ -78.564994, -8.250554 ], [ -78.605346, -8.197856 ], [ -78.651503, -8.180405 ], [ -78.638909, -8.143316 ], [ -78.681214, -8.097825 ], [ -78.633697, -8.096102 ], [ -78.603562, -8.061529 ], [ -78.536605, -8.081182 ], [ -78.509873, -8.023267 ], [ -78.457535, -7.991015 ], [ -78.406806, -7.989919 ], [ -78.331116, -8.056531 ], [ -78.288116, -8.062352 ], [ -78.325364, -8.153199 ], [ -78.304551, -8.168298 ], [ -78.299988, -8.23342 ], [ -78.365028, -8.304073 ], [ -78.411798, -8.309887 ], [ -78.426086, -8.359002 ] ] ] ] } },
{ "type": "Feature", "properties": { "POLYGON_ID": "PER_GAUL1999_ADM2_24122", "ADM0_ISO3": "PER", "ADM0_NAME": "Peru", "ADM0_CODE": 195, "ADM1_NAME": "La Libertad", "ADM1_CODE": 2340, "ADM2_NAME": "Otuzco", "ADM2_CODE": 24122, "GEOSET": "GAUL", "GEOSET_YEAR": 1999.0, "GEOSET_VERSION": "GAUL_v1", "GEOSET_UNIT": "ADM2", "CENTROID_LONG": -78.557355092671713, "CENTROID_LAT": -7.8433315968708373 }, "geometry": { "type": "MultiPolygon", "coordinates": [ [ [ [ -78.804222, -7.635411 ], [ -78.712197, -7.704838 ], [ -78.698043, -7.760064 ], [ -78.665299, -7.797088 ], [ -78.600205, -7.735118 ], [ -78.499549, -7.698269 ], [ -78.442559, -7.641068 ], [ -78.375717, -7.640837 ], [ -78.32643, -7.699929 ], [ -78.301522, -7.69873 ], [ -78.258927, -7.754753 ], [ -78.270637, -7.813411 ], [ -78.252876, -7.886442 ], [ -78.291778, -7.889154 ], [ -78.324593, -7.928592 ], [ -78.406806, -7.989919 ], [ -78.457535, -7.991015 ], [ -78.509873, -8.023267 ], [ -78.536605, -8.081182 ], [ -78.603562, -8.061529 ], [ -78.633697, -8.096102 ], [ -78.681214, -8.097825 ], [ -78.723039, -8.092624 ], [ -78.710877, -8.02375 ], [ -78.72586, -7.982514 ], [ -78.694244, -7.944045 ], [ -78.782823, -7.867479 ], [ -78.778328, -7.799705 ], [ -78.816217, -7.79617 ], [ -78.88694, -7.753712 ], [ -78.911462, -7.685509 ], [ -78.895713, -7.645334 ], [ -78.804222, -7.635411 ] ] ] ] } },
{ "type": "Feature", "properties": { "POLYGON_ID": "PER_GAUL1999_ADM2_24123", "ADM0_ISO3": "PER", "ADM0_NAME": "Peru", "ADM0_CODE": 195, "ADM1_NAME": "La Libertad", "ADM1_CODE": 2340, "ADM2_NAME": "Pacasmayo", "ADM2_CODE": 24123, "GEOSET": "GAUL", "GEOSET_YEAR": 1999.0, "GEOSET_VERSION": "GAUL_v1", "GEOSET_UNIT": "ADM2", "CENTROID_LONG": -79.425573722162397, "CENTROID_LAT": -7.4272539795590635 }, "geometry": { "type": "MultiPolygon", "coordinates": [ [ [ [ -79.368941, -7.324851 ], [ -79.33149, -7.355585 ], [ -79.282204, -7.349817 ], [ -79.259116, -7.381062 ], [ -79.187027, -7.388683 ], [ -79.207818, -7.402481 ], [ -79.284499, -7.513953 ], [ -79.310623, -7.579367 ], [ -79.357881, -7.559133 ], [ -79.383416, -7.595877 ], [ -79.4552828, -7.6373476 ], [ -79.5766114, -7.4615097 ], [ -79.569539, -7.3899882 ], [ -79.6035942, -7.2791075 ], [ -79.556314, -7.287893 ], [ -79.537932, -7.246504 ], [ -79.4609, -7.223826 ], [ -79.414565, -7.287966 ], [ -79.368941, -7.324851 ] ] ] ] } },
{ "type": "Feature", "properties": { "POLYGON_ID": "PER_GAUL1999_ADM2_24124", "ADM0_ISO3": "PER", "ADM0_NAME": "Peru", "ADM0_CODE": 195, "ADM1_NAME": "La Libertad", "ADM1_CODE": 2340, "ADM2_NAME": "Pataz", "ADM2_CODE": 24124, "GEOSET": "GAUL", "GEOSET_YEAR": 1999.0, "GEOSET_VERSION": "GAUL_v1", "GEOSET_UNIT": "ADM2", "CENTROID_LONG": -77.32733567146191, "CENTROID_LAT": -8.1398354887828184 }, "geometry": { "type": "MultiPolygon", "coordinates": [ [ [ [ -77.530296, -7.655353 ], [ -77.484757, -7.699983 ], [ -77.489463, -7.793583 ], [ -77.444763, -7.811836 ], [ -77.409614, -7.901523 ], [ -77.378891, -7.907708 ], [ -77.406854, -7.992738 ], [ -77.385742, -8.055383 ], [ -77.293159, -8.060376 ], [ -77.240785, -8.014668 ], [ -77.202522, -8.012036 ], [ -77.087121, -8.046669 ], [ -77.020622, -8.063221 ], [ -76.980309, -8.119791 ], [ -76.906326, -8.169526 ], [ -76.92434, -8.217445 ], [ -76.899238, -8.285341 ], [ -76.92855, -8.360516 ], [ -77.031357, -8.404225 ], [ -77.066002, -8.396893 ], [ -77.131172, -8.442817 ], [ -77.202117, -8.485298 ], [ -77.259964, -8.470062 ], [ -77.31691, -8.529678 ], [ -77.36567, -8.507221 ], [ -77.399064, -8.483475 ], [ -77.438675, -8.421439 ], [ -77.459251, -8.333868 ], [ -77.493119, -8.279308 ], [ -77.565903, -8.237388 ], [ -77.557334, -8.194255 ], [ -77.636468, -8.109013 ], [ -77.647125, -8.050742 ], [ -77.641365, -7.9831 ], [ -77.623315, -7.874761 ], [ -77.656937, -7.797435 ], [ -77.654288, -7.768291 ], [ -77.702041, -7.593744 ], [ -77.62246, -7.622028 ], [ -77.559098, -7.673664 ], [ -77.530296, -7.655353 ] ] ] ] } },
{ "type": "Feature", "properties": { "POLYGON_ID": "PER_GAUL1999_ADM2_24125", "ADM0_ISO3": "PER", "ADM0_NAME": "Peru", "ADM0_CODE": 195, "ADM1_NAME": "La Libertad", "ADM1_CODE": 2340, "ADM2_NAME": "Sánchez Carrión", "ADM2_CODE": 24125, "GEOSET": "GAUL", "GEOSET_YEAR": 1999.0, "GEOSET_VERSION": "GAUL_v1", "GEOSET_UNIT": "ADM2", "CENTROID_LONG": -77.907804457655885, "CENTROID_LAT": -7.7895134346194181 }, "geometry": { "type": "MultiPolygon", "coordinates": [ [ [ [ -77.702041, -7.593744 ], [ -77.654288, -7.768291 ], [ -77.656937, -7.797435 ], [ -77.623315, -7.874761 ], [ -77.641365, -7.9831 ], [ -77.702111, -7.961888 ], [ -77.80323, -8.007783 ], [ -77.838258, -7.975289 ], [ -77.885994, -7.997509 ], [ -77.961548, -7.973416 ], [ -78.00148, -7.984328 ], [ -78.025375, -7.916449 ], [ -78.132537, -7.957676 ], [ -78.192299, -7.938146 ], [ -78.252876, -7.886442 ], [ -78.270637, -7.813411 ], [ -78.258927, -7.754753 ], [ -78.213388, -7.738961 ], [ -78.139252, -7.685581 ], [ -78.08091, -7.696093 ], [ -77.93609, -7.656627 ], [ -77.923149, -7.600451 ], [ -77.867141, -7.580108 ], [ -77.844277, -7.514042 ], [ -77.746621, -7.478604 ], [ -77.699853, -7.563967 ], [ -77.702041, -7.593744 ] ] ] ] } },
{ "type": "Feature", "properties": { "POLYGON_ID": "PER_GAUL1999_ADM2_24126", "ADM0_ISO3": "PER", "ADM0_NAME": "Peru", "ADM0_CODE": 195, "ADM1_NAME": "La Libertad", "ADM1_CODE": 2340, "ADM2_NAME": "Santiago de Chuco", "ADM2_CODE": 24126, "GEOSET": "GAUL", "GEOSET_YEAR": 1999.0, "GEOSET_VERSION": "GAUL_v1", "GEOSET_UNIT": "ADM2", "CENTROID_LONG": -78.134799808843724, "CENTROID_LAT": -8.1741332928505415 }, "geometry": { "type": "MultiPolygon", "coordinates": [ [ [ [ -77.641365, -7.9831 ], [ -77.647125, -8.050742 ], [ -77.720565, -8.073734 ], [ -77.846572, -8.081372 ], [ -77.896934, -8.062425 ], [ -77.93361, -8.196372 ], [ -78.018615, -8.225463 ], [ -78.119628, -8.320651 ], [ -78.139587, -8.427905 ], [ -78.173988, -8.503433 ], [ -78.216973, -8.556815 ], [ -78.193985, -8.60194 ], [ -78.235687, -8.652512 ], [ -78.280891, -8.575452 ], [ -78.274338, -8.485225 ], [ -78.296966, -8.461228 ], [ -78.374803, -8.458767 ], [ -78.376006, -8.403548 ], [ -78.426086, -8.359002 ], [ -78.411798, -8.309887 ], [ -78.365028, -8.304073 ], [ -78.299988, -8.23342 ], [ -78.304551, -8.168298 ], [ -78.325364, -8.153199 ], [ -78.288116, -8.062352 ], [ -78.331116, -8.056531 ], [ -78.406806, -7.989919 ], [ -78.324593, -7.928592 ], [ -78.291778, -7.889154 ], [ -78.252876, -7.886442 ], [ -78.192299, -7.938146 ], [ -78.132537, -7.957676 ], [ -78.025375, -7.916449 ], [ -78.00148, -7.984328 ], [ -77.961548, -7.973416 ], [ -77.885994, -7.997509 ], [ -77.838258, -7.975289 ], [ -77.80323, -8.007783 ], [ -77.702111, -7.961888 ], [ -77.641365, -7.9831 ] ] ] ] } },
{ "type": "Feature", "properties": { "POLYGON_ID": "PER_GAUL1999_ADM2_24127", "ADM0_ISO3": "PER", "ADM0_NAME": "Peru", "ADM0_CODE": 195, "ADM1_NAME": "La Libertad", "ADM1_CODE": 2340, "ADM2_NAME": "Trujillo", "ADM2_CODE": 24127, "GEOSET": "GAUL", "GEOSET_YEAR": 1999.0, "GEOSET_VERSION": "GAUL_v1", "GEOSET_UNIT": "ADM2", "CENTROID_LONG": -78.897110231575084, "CENTROID_LAT": -8.0686318974317324 }, "geometry": { "type": "MultiPolygon", "coordinates": [ [ [ [ -78.681214, -8.097825 ], [ -78.638909, -8.143316 ], [ -78.772605, -8.176216 ], [ -78.816123, -8.308802 ], [ -78.881683, -8.343187 ], [ -78.900696, -8.3713825 ], [ -78.9591259, -8.2899252 ], [ -79.0154125, -8.1800856 ], [ -79.1173253, -8.0960299 ], [ -79.1279418, -8.062252 ], [ -79.2070745, -8.0008279 ], [ -79.148758, -7.943516 ], [ -79.105598, -7.981833 ], [ -79.039237, -7.987991 ], [ -79.00972, -7.955882 ], [ -78.988189, -7.893416 ], [ -78.903512, -7.888377 ], [ -78.878585, -7.834502 ], [ -78.816217, -7.79617 ], [ -78.778328, -7.799705 ], [ -78.782823, -7.867479 ], [ -78.694244, -7.944045 ], [ -78.72586, -7.982514 ], [ -78.710877, -8.02375 ], [ -78.723039, -8.092624 ], [ -78.681214, -8.097825 ] ] ] ] } },
{ "type": "Feature", "properties": { "POLYGON_ID": "PER_GAUL1999_ADM2_24128", "ADM0_ISO3": "PER", "ADM0_NAME": "Peru", "ADM0_CODE": 195, "ADM1_NAME": "La Libertad", "ADM1_CODE": 2340, "ADM2_NAME": "Viru", "ADM2_CODE": 24128, "GEOSET": "GAUL", "GEOSET_YEAR": 1999.0, "GEOSET_VERSION": "GAUL_v1", "GEOSET_UNIT": "ADM2", "CENTROID_LONG": -78.601457073480859, "CENTROID_LAT": -8.5216404330951185 }, "geometry": { "type": "MultiPolygon", "coordinates": [ [ [ [ -78.638909, -8.143316 ], [ -78.651503, -8.180405 ], [ -78.605346, -8.197856 ], [ -78.564994, -8.250554 ], [ -78.570207, -8.320533 ], [ -78.487251, -8.344755 ], [ -78.466141, -8.387756 ], [ -78.426086, -8.359002 ], [ -78.376006, -8.403548 ], [ -78.374803, -8.458767 ], [ -78.296966, -8.461228 ], [ -78.274338, -8.485225 ], [ -78.280891, -8.575452 ], [ -78.235687, -8.652512 ], [ -78.333733, -8.666521 ], [ -78.438972, -8.733599 ], [ -78.515701, -8.752135 ], [ -78.553017, -8.776433 ], [ -78.586922, -8.856966 ], [ -78.591118, -8.943318 ], [ -78.6449382, -8.9691304 ], [ -78.6516621, -8.9143555 ], [ -78.7611582, -8.773957 ], [ -78.7373829, -8.7120841 ], [ -78.7438261, -8.6338301 ], [ -78.7780079, -8.5694121 ], [ -78.9348847, -8.4363242 ], [ -78.9008399, -8.4142305 ], [ -78.900696, -8.3713825 ], [ -78.881683, -8.343187 ], [ -78.816123, -8.308802 ], [ -78.772605, -8.176216 ], [ -78.638909, -8.143316 ] ] ] ] } },
{ "type": "Feature", "properties": { "POLYGON_ID": "PER_GAUL1999_ADM2_24129", "ADM0_ISO3": "PER", "ADM0_NAME": "Peru", "ADM0_CODE": 195, "ADM1_NAME": "Lambayeque", "ADM1_CODE": 2341, "ADM2_NAME": "Chiclayo", "ADM2_CODE": 24129, "GEOSET": "GAUL", "GEOSET_YEAR": 1999.0, "GEOSET_VERSION": "GAUL_v1", "GEOSET_UNIT": "ADM2", "CENTROID_LONG": -79.548938005315961, "CENTROID_LAT": -6.8112131560479448 }, "geometry": { "type": "MultiPolygon", "coordinates": [ [ [ [ -79.433213, -6.480299 ], [ -79.408006, -6.541214 ], [ -79.365821, -6.553309 ], [ -79.336411, -6.600642 ], [ -79.349694, -6.646776 ], [ -79.298607, -6.673618 ], [ -79.22879, -6.671922 ], [ -79.21412, -6.695044 ], [ -79.144004, -6.699693 ], [ -79.122238, -6.77965 ], [ -79.206238, -6.822126 ], [ -79.311448, -6.90289 ], [ -79.296722, -6.999322 ], [ -79.322891, -7.02582 ], [ -79.400833, -6.957281 ], [ -79.454299, -6.94667 ], [ -79.522033, -6.99672 ], [ -79.6899826, -7.17776 ], [ -79.6834667, -7.1248965 ], [ -79.7398379, -7.057541 ], [ -79.9318457, -6.8733065 ], [ -79.9425956, -6.8200382 ], [ -79.870239, -6.718412 ], [ -79.827369, -6.722045 ], [ -79.78193, -6.679571 ], [ -79.698005, -6.680075 ], [ -79.629845, -6.73853 ], [ -79.584007, -6.726013 ], [ -79.508331, -6.738496 ], [ -79.507225, -6.690032 ], [ -79.623017, -6.601859 ], [ -79.641708, -6.530324 ], [ -79.606117, -6.506423 ], [ -79.532608, -6.520777 ], [ -79.474037, -6.511282 ], [ -79.433213, -6.480299 ] ] ] ] } },
{ "type": "Feature", "properties": { "POLYGON_ID": "PER_GAUL1999_ADM2_24130", "ADM0_ISO3": "PER", "ADM0_NAME": "Peru", "ADM0_CODE": 195, "ADM1_NAME": "Lambayeque", "ADM1_CODE": 2341, "ADM2_NAME": "Ferreñafe", "ADM2_CODE": 24130, "GEOSET": "GAUL", "GEOSET_YEAR": 1999.0, "GEOSET_VERSION": "GAUL_v1", "GEOSET_UNIT": "ADM2", "CENTROID_LONG": -79.524839120494136, "CENTROID_LAT": -6.3881954205608125 }, "geometry": { "type": "MultiPolygon", "coordinates": [ [ [ [ -79.212287, -6.09972 ], [ -79.236122, -6.092874 ], [ -79.272652, -6.146408 ], [ -79.249214, -6.221781 ], [ -79.341683, -6.276497 ], [ -79.353851, -6.303755 ], [ -79.418718, -6.308835 ], [ -79.450165, -6.406688 ], [ -79.433213, -6.480299 ], [ -79.474037, -6.511282 ], [ -79.532608, -6.520777 ], [ -79.606117, -6.506423 ], [ -79.641708, -6.530324 ], [ -79.623017, -6.601859 ], [ -79.507225, -6.690032 ], [ -79.508331, -6.738496 ], [ -79.584007, -6.726013 ], [ -79.629845, -6.73853 ], [ -79.698005, -6.680075 ], [ -79.78193, -6.679571 ], [ -79.835022, -6.659843 ], [ -79.846229, -6.615265 ], [ -79.792778, -6.476701 ], [ -79.745468, -6.439371 ], [ -79.676308, -6.454401 ], [ -79.578353, -6.410302 ], [ -79.52787, -6.399018 ], [ -79.541725, -6.354274 ], [ -79.48159, -6.308343 ], [ -79.471192, -6.267702 ], [ -79.415091, -6.183754 ], [ -79.431519, -6.140378 ], [ -79.407089, -6.084131 ], [ -79.416511, -6.004457 ], [ -79.397278, -5.978689 ], [ -79.294548, -5.98616 ], [ -79.26667, -6.024087 ], [ -79.216889, -6.049837 ], [ -79.212287, -6.09972 ] ] ] ] } },
{ "type": "Feature", "properties": { "POLYGON_ID": "PER_GAUL1999_ADM2_24131", "ADM0_ISO3": "PER", "ADM0_NAME": "Peru", "ADM0_CODE": 195, "ADM1_NAME": "Lambayeque", "ADM1_CODE": 2341, "ADM2_NAME": "Lambayeque", "ADM2_CODE": 24131, "GEOSET": "GAUL", "GEOSET_YEAR": 1999.0, "GEOSET_VERSION": "GAUL_v1", "GEOSET_UNIT": "ADM2", "CENTROID_LONG": -79.971804452934478, "CENTROID_LAT": -6.189202842937795 }, "geometry": { "type": "MultiPolygon", "coordinates": [ [ [ [ -79.83912, -5.63028 ], [ -79.789932, -5.646348 ], [ -79.761657, -5.7007 ], [ -79.717109, -5.739592 ], [ -79.741783, -5.819384 ], [ -79.68451, -5.847158 ], [ -79.628448, -5.840266 ], [ -79.600235, -5.93905 ], [ -79.52707, -5.913016 ], [ -79.480186, -5.923623 ], [ -79.419686, -5.971111 ], [ -79.416511, -6.004457 ], [ -79.407089, -6.084131 ], [ -79.431519, -6.140378 ], [ -79.415091, -6.183754 ], [ -79.471192, -6.267702 ], [ -79.48159, -6.308343 ], [ -79.541725, -6.354274 ], [ -79.52787, -6.399018 ], [ -79.578353, -6.410302 ], [ -79.676308, -6.454401 ], [ -79.745468, -6.439371 ], [ -79.792778, -6.476701 ], [ -79.846229, -6.615265 ], [ -79.835022, -6.659843 ], [ -79.78193, -6.679571 ], [ -79.827369, -6.722045 ], [ -79.870239, -6.718412 ], [ -79.9425956, -6.8200382 ], [ -79.9860292, -6.7470527 ], [ -80.0748867, -6.6755235 ], [ -80.1773204, -6.6060372 ], [ -80.2886426, -6.543082 ], [ -80.6251975, -6.3730185 ], [ -80.348801, -5.970279 ], [ -80.295205, -5.926741 ], [ -80.222024, -5.895984 ], [ -80.124862, -5.891275 ], [ -80.052734, -5.810992 ], [ -80.000007, -5.762078 ], [ -79.974038, -5.649329 ], [ -79.968452, -5.58227 ], [ -79.946153, -5.515635 ], [ -79.897468, -5.480613 ], [ -79.854424, -5.532897 ], [ -79.858101, -5.586267 ], [ -79.83912, -5.63028 ] ] ] ] } },
{ "type": "Feature", "properties": { "POLYGON_ID": "PER_GAUL1999_ADM2_24132", "ADM0_ISO3": "PER", "ADM0_NAME": "Peru", "ADM0_CODE": 195, "ADM1_NAME": "Lima", "ADM1_CODE": 2342, "ADM2_NAME": "Barranca", "ADM2_CODE": 24132, "GEOSET": "GAUL", "GEOSET_YEAR": 1999.0, "GEOSET_VERSION": "GAUL_v1", "GEOSET_UNIT": "ADM2", "CENTROID_LONG": -77.656205548423358, "CENTROID_LAT": -10.673196535371337 }, "geometry": { "type": "MultiPolygon", "coordinates": [ [ [ [ -77.599265, -10.383217 ], [ -77.686821, -10.433408 ], [ -77.706886, -10.498251 ], [ -77.745675, -10.531301 ], [ -77.737212, -10.568009 ], [ -77.646423, -10.522722 ], [ -77.637375, -10.601854 ], [ -77.576583, -10.583484 ], [ -77.573739, -10.664729 ], [ -77.590568, -10.787045 ], [ -77.527648, -10.73617 ], [ -77.491319, -10.745419 ], [ -77.384202, -10.708413 ], [ -77.403451, -10.767338 ], [ -77.461113, -10.814641 ], [ -77.442848, -10.91508 ], [ -77.517592, -10.931064 ], [ -77.59542, -10.860007 ], [ -77.7014709, -10.8861517 ], [ -77.7036641, -10.8577285 ], [ -77.8106562, -10.6998945 ], [ -77.8856881, -10.6115208 ], [ -77.853797, -10.574887 ], [ -77.792511, -10.583947 ], [ -77.773225, -10.512017 ], [ -77.799095, -10.476837 ], [ -77.750573, -10.406683 ], [ -77.750748, -10.321766 ], [ -77.698371, -10.322029 ], [ -77.599265, -10.383217 ] ] ] ] } },
{ "type": "Feature", "properties": { "POLYGON_ID": "PER_GAUL1999_ADM2_24133", "ADM0_ISO3": "PER", "ADM0_NAME": "Peru", "ADM0_CODE": 195, "ADM1_NAME": "Lima", "ADM1_CODE": 2342, "ADM2_NAME": "Cajatambo", "ADM2_CODE": 24133, "GEOSET": "GAUL", "GEOSET_YEAR": 1999.0, "GEOSET_VERSION": "GAUL_v1", "GEOSET_UNIT": "ADM2", "CENTROID_LONG": -77.034581500550658, "CENTROID_LAT": -10.517466343782417 }, "geometry": { "type": "MultiPolygon", "coordinates": [ [ [ [ -76.79982, -10.41901 ], [ -76.851036, -10.48186 ], [ -76.882094, -10.655915 ], [ -76.947189, -10.696926 ], [ -77.010505, -10.696967 ], [ -77.02565, -10.678157 ], [ -77.103982, -10.672776 ], [ -77.134887, -10.647181 ], [ -77.199029, -10.686421 ], [ -77.297615, -10.660615 ], [ -77.344743, -10.608338 ], [ -77.307221, -10.566094 ], [ -77.250756, -10.54514 ], [ -77.1912, -10.551576 ], [ -77.177796, -10.482418 ], [ -77.113433, -10.406443 ], [ -77.071137, -10.338343 ], [ -76.970673, -10.304732 ], [ -76.905913, -10.269973 ], [ -76.86583, -10.375176 ], [ -76.806099, -10.392278 ], [ -76.79982, -10.41901 ] ] ] ] } },
{ "type": "Feature", "properties": { "POLYGON_ID": "PER_GAUL1999_ADM2_24134", "ADM0_ISO3": "PER", "ADM0_NAME": "Peru", "ADM0_CODE": 195, "ADM1_NAME": "Lima", "ADM1_CODE": 2342, "ADM2_NAME": "Cañete", "ADM2_CODE": 24134, "GEOSET": "GAUL", "GEOSET_YEAR": 1999.0, "GEOSET_VERSION": "GAUL_v1", "GEOSET_UNIT": "ADM2", "CENTROID_LONG": -76.358240803284019, "CENTROID_LAT": -12.793549591057793 }, "geometry": { "type": "MultiPolygon", "coordinates": [ [ [ [ -76.346336, -12.338806 ], [ -76.346816, -12.386802 ], [ -76.31585, -12.435954 ], [ -76.353469, -12.520822 ], [ -76.318703, -12.534648 ], [ -76.284003, -12.587624 ], [ -76.251312, -12.592859 ], [ -76.300773, -12.713227 ], [ -76.283058, -12.752766 ], [ -76.205216, -12.80924 ], [ -76.179122, -12.852719 ], [ -76.144935, -12.820431 ], [ -76.119933, -12.763477 ], [ -76.067445, -12.709503 ], [ -76.030693, -12.72161 ], [ -75.954789, -12.836779 ], [ -76.002419, -12.840136 ], [ -75.993423, -12.8945 ], [ -75.959587, -12.962681 ], [ -75.960984, -13.000225 ], [ -75.968345, -13.039665 ], [ -76.021714, -13.095687 ], [ -76.158042, -13.193999 ], [ -76.207244, -13.306491 ], [ -76.2448711, -13.323333 ], [ -76.434211, -13.090332 ], [ -76.4897832, -13.0318457 ], [ -76.5138066, -12.9520919 ], [ -76.5057871, -12.9258145 ], [ -76.5298614, -12.839668 ], [ -76.6356836, -12.7433377 ], [ -76.6724336, -12.6277754 ], [ -76.7467579, -12.5391211 ], [ -76.78264, -12.5199739 ], [ -76.7828846, -12.519861 ], [ -76.7837647, -12.5198237 ], [ -76.753845, -12.474859 ], [ -76.755486, -12.397747 ], [ -76.682166, -12.380683 ], [ -76.667924, -12.360089 ], [ -76.623848, -12.369821 ], [ -76.553817, -12.277099 ], [ -76.516282, -12.385512 ], [ -76.452705, -12.404119 ], [ -76.386733, -12.3166 ], [ -76.346336, -12.338806 ] ] ] ] } },
{ "type": "Feature", "properties": { "POLYGON_ID": "PER_GAUL1999_ADM2_24135", "ADM0_ISO3": "PER", "ADM0_NAME": "Peru", "ADM0_CODE": 195, "ADM1_NAME": "Lima", "ADM1_CODE": 2342, "ADM2_NAME": "Canta", "ADM2_CODE": 24135, "GEOSET": "GAUL", "GEOSET_YEAR": 1999.0, "GEOSET_VERSION": "GAUL_v1", "GEOSET_UNIT": "ADM2", "CENTROID_LONG": -76.705079906297172, "CENTROID_LAT": -11.540204648255207 }, "geometry": { "type": "MultiPolygon", "coordinates": [ [ [ [ -76.456963, -11.334295 ], [ -76.431694, -11.345433 ], [ -76.377145, -11.443664 ], [ -76.376602, -11.500852 ], [ -76.4001, -11.506935 ], [ -76.454804, -11.462526 ], [ -76.496674, -11.45913 ], [ -76.572465, -11.630845 ], [ -76.664008, -11.657942 ], [ -76.755379, -11.733201 ], [ -76.804695, -11.756569 ], [ -76.903915, -11.729687 ], [ -76.933022, -11.755639 ], [ -77.032576, -11.648132 ], [ -77.004807, -11.613341 ], [ -76.944588, -11.57711 ], [ -76.860673, -11.503412 ], [ -76.858528, -11.467488 ], [ -76.771996, -11.419808 ], [ -76.717743, -11.433465 ], [ -76.6698, -11.393033 ], [ -76.667885, -11.345882 ], [ -76.598511, -11.342986 ], [ -76.579582, -11.312249 ], [ -76.482436, -11.344141 ], [ -76.456963, -11.334295 ] ] ] ] } },
{ "type": "Feature", "properties": { "POLYGON_ID": "PER_GAUL1999_ADM2_24136", "ADM0_ISO3": "PER", "ADM0_NAME": "Peru", "ADM0_CODE": 195, "ADM1_NAME": "Lima", "ADM1_CODE": 2342, "ADM2_NAME": "Huaral", "ADM2_CODE": 24136, "GEOSET": "GAUL", "GEOSET_YEAR": 1999.0, "GEOSET_VERSION": "GAUL_v1", "GEOSET_UNIT": "ADM2", "CENTROID_LONG": -76.913929766104729, "CENTROID_LAT": -11.325712235181433 }, "geometry": { "type": "MultiPolygon", "coordinates": [ [ [ [ -76.49115, -11.089318 ], [ -76.518342, -11.115952 ], [ -76.494224, -11.183572 ], [ -76.478104, -11.291192 ], [ -76.456963, -11.334295 ], [ -76.482436, -11.344141 ], [ -76.579582, -11.312249 ], [ -76.598511, -11.342986 ], [ -76.667885, -11.345882 ], [ -76.6698, -11.393033 ], [ -76.717743, -11.433465 ], [ -76.771996, -11.419808 ], [ -76.858528, -11.467488 ], [ -76.860673, -11.503412 ], [ -76.944588, -11.57711 ], [ -77.004807, -11.613341 ], [ -77.052437, -11.575767 ], [ -77.138374, -11.662856 ], [ -77.1936079, -11.6782296 ], [ -77.2160371, -11.6389687 ], [ -77.2722832, -11.594918 ], [ -77.304752, -11.5122344 ], [ -77.3825822, -11.4472165 ], [ -77.371764, -11.414822 ], [ -77.32068, -11.370561 ], [ -77.331383, -11.332251 ], [ -77.305024, -11.27847 ], [ -77.243378, -11.302412 ], [ -77.225052, -11.341142 ], [ -77.162316, -11.363145 ], [ -77.129287, -11.297743 ], [ -77.069701, -11.267533 ], [ -77.056106, -11.230066 ], [ -77.087975, -11.150877 ], [ -77.019234, -11.1346 ], [ -76.940597, -11.077658 ], [ -76.816261, -11.099266 ], [ -76.764609, -11.034416 ], [ -76.720718, -11.052467 ], [ -76.576888, -11.016401 ], [ -76.531242, -11.035938 ], [ -76.49115, -11.089318 ] ] ] ] } },
{ "type": "Feature", "properties": { "POLYGON_ID": "PER_GAUL1999_ADM2_24137", "ADM0_ISO3": "PER", "ADM0_NAME": "Peru", "ADM0_CODE": 195, "ADM1_NAME": "Lima", "ADM1_CODE": 2342, "ADM2_NAME": "Huarochiri", "ADM2_CODE": 24137, "GEOSET": "GAUL", "GEOSET_YEAR": 1999.0, "GEOSET_VERSION": "GAUL_v1", "GEOSET_UNIT": "ADM2", "CENTROID_LONG": -76.42458173438871, "CENTROID_LAT": -11.940856198163047 }, "geometry": { "type": "MultiPolygon", "coordinates": [ [ [ [ -76.376602, -11.500852 ], [ -76.286736, -11.591115 ], [ -76.217836, -11.570266 ], [ -76.179726, -11.609763 ], [ -76.203507, -11.661148 ], [ -76.201394, -11.729928 ], [ -76.123566, -11.795761 ], [ -76.05114, -11.891341 ], [ -76.053512, -11.939545 ], [ -75.99376, -11.993228 ], [ -76.02015, -12.063081 ], [ -76.061494, -12.088958 ], [ -76.067123, -12.191749 ], [ -76.171302, -12.259959 ], [ -76.217485, -12.264976 ], [ -76.27137, -12.304006 ], [ -76.300933, -12.267802 ], [ -76.346336, -12.338806 ], [ -76.386733, -12.3166 ], [ -76.452705, -12.404119 ], [ -76.516282, -12.385512 ], [ -76.553817, -12.277099 ], [ -76.623848, -12.369821 ], [ -76.667924, -12.360089 ], [ -76.674164, -12.319228 ], [ -76.636406, -12.278053 ], [ -76.621735, -12.226262 ], [ -76.680069, -12.163422 ], [ -76.717171, -12.099944 ], [ -76.673934, -12.072131 ], [ -76.720633, -11.999931 ], [ -76.644761, -11.95683 ], [ -76.727646, -11.873929 ], [ -76.796524, -11.927582 ], [ -76.891197, -11.956673 ], [ -76.934104, -11.870134 ], [ -76.906495, -11.797133 ], [ -76.856506, -11.798061 ], [ -76.804695, -11.756569 ], [ -76.755379, -11.733201 ], [ -76.664008, -11.657942 ], [ -76.572465, -11.630845 ], [ -76.496674, -11.45913 ], [ -76.454804, -11.462526 ], [ -76.4001, -11.506935 ], [ -76.376602, -11.500852 ] ] ] ] } },
{ "type": "Feature", "properties": { "POLYGON_ID": "PER_GAUL1999_ADM2_24138", "ADM0_ISO3": "PER", "ADM0_NAME": "Peru", "ADM0_CODE": 195, "ADM1_NAME": "Lima", "ADM1_CODE": 2342, "ADM2_NAME": "Huaura", "ADM2_CODE": 24138, "GEOSET": "GAUL", "GEOSET_YEAR": 1999.0, "GEOSET_VERSION": "GAUL_v1", "GEOSET_UNIT": "ADM2", "CENTROID_LONG": -77.236972142632339, "CENTROID_LAT": -11.033449995734392 }, "geometry": { "type": "MultiPolygon", "coordinates": [ [ [ [ -77.010505, -10.696967 ], [ -77.034753, -10.732631 ], [ -77.140197, -10.755981 ], [ -77.179353, -10.792809 ], [ -77.155381, -10.851777 ], [ -77.171348, -10.98886 ], [ -77.083946, -11.016335 ], [ -76.969406, -10.864315 ], [ -76.891662, -10.842918 ], [ -76.798256, -10.919258 ], [ -76.743958, -10.933377 ], [ -76.695839, -10.878755 ], [ -76.66092, -10.883503 ], [ -76.588136, -10.84532 ], [ -76.564934, -10.965121 ], [ -76.576888, -11.016401 ], [ -76.720718, -11.052467 ], [ -76.764609, -11.034416 ], [ -76.816261, -11.099266 ], [ -76.940597, -11.077658 ], [ -77.019234, -11.1346 ], [ -77.087975, -11.150877 ], [ -77.056106, -11.230066 ], [ -77.069701, -11.267533 ], [ -77.129287, -11.297743 ], [ -77.162316, -11.363145 ], [ -77.225052, -11.341142 ], [ -77.243378, -11.302412 ], [ -77.305024, -11.27847 ], [ -77.331383, -11.332251 ], [ -77.32068, -11.370561 ], [ -77.371764, -11.414822 ], [ -77.3825822, -11.4472165 ], [ -77.4981426, -11.3771544 ], [ -77.6429239, -11.3044766 ], [ -77.6416542, -11.2145097 ], [ -77.5965371, -11.206332 ], [ -77.5953614, -11.165584 ], [ -77.66175, -11.0126544 ], [ -77.6578281, -10.9465059 ], [ -77.7014709, -10.8861517 ], [ -77.59542, -10.860007 ], [ -77.517592, -10.931064 ], [ -77.442848, -10.91508 ], [ -77.461113, -10.814641 ], [ -77.403451, -10.767338 ], [ -77.384202, -10.708413 ], [ -77.403029, -10.68011 ], [ -77.344743, -10.608338 ], [ -77.297615, -10.660615 ], [ -77.199029, -10.686421 ], [ -77.134887, -10.647181 ], [ -77.103982, -10.672776 ], [ -77.02565, -10.678157 ], [ -77.010505, -10.696967 ] ] ] ] } },
{ "type": "Feature", "properties": { "POLYGON_ID": "PER_GAUL1999_ADM2_24140", "ADM0_ISO3": "PER", "ADM0_NAME": "Peru", "ADM0_CODE": 195, "ADM1_NAME": "Lima", "ADM1_CODE": 2342, "ADM2_NAME": "Oyon", "ADM2_CODE": 24140, "GEOSET": "GAUL", "GEOSET_YEAR": 1999.0, "GEOSET_VERSION": "GAUL_v1", "GEOSET_UNIT": "ADM2", "CENTROID_LONG": -76.872025446168081, "CENTROID_LAT": -10.756742996978808 }, "geometry": { "type": "MultiPolygon", "coordinates": [ [ [ [ -76.79982, -10.41901 ], [ -76.769539, -10.464522 ], [ -76.726204, -10.484991 ], [ -76.704148, -10.588722 ], [ -76.656159, -10.646776 ], [ -76.669945, -10.675668 ], [ -76.588136, -10.84532 ], [ -76.66092, -10.883503 ], [ -76.695839, -10.878755 ], [ -76.743958, -10.933377 ], [ -76.798256, -10.919258 ], [ -76.891662, -10.842918 ], [ -76.969406, -10.864315 ], [ -77.083946, -11.016335 ], [ -77.171348, -10.98886 ], [ -77.155381, -10.851777 ], [ -77.179353, -10.792809 ], [ -77.140197, -10.755981 ], [ -77.034753, -10.732631 ], [ -77.010505, -10.696967 ], [ -76.947189, -10.696926 ], [ -76.882094, -10.655915 ], [ -76.851036, -10.48186 ], [ -76.79982, -10.41901 ] ] ] ] } },
{ "type": "Feature", "properties": { "POLYGON_ID": "PER_GAUL1999_ADM2_24141", "ADM0_ISO3": "PER", "ADM0_NAME": "Peru", "ADM0_CODE": 195, "ADM1_NAME": "Lima", "ADM1_CODE": 2342, "ADM2_NAME": "Yauyos", "ADM2_CODE": 24141, "GEOSET": "GAUL", "GEOSET_YEAR": 1999.0, "GEOSET_VERSION": "GAUL_v1", "GEOSET_UNIT": "ADM2", "CENTROID_LONG": -75.90047901113175, "CENTROID_LAT": -12.512947284086984 }, "geometry": { "type": "MultiPolygon", "coordinates": [ [ [ [ -75.694282, -12.042553 ], [ -75.681983, -12.08218 ], [ -75.628914, -12.141419 ], [ -75.665184, -12.194487 ], [ -75.5868, -12.300881 ], [ -75.550758, -12.375131 ], [ -75.559945, -12.41113 ], [ -75.535836, -12.519058 ], [ -75.56652, -12.553419 ], [ -75.579589, -12.641339 ], [ -75.552756, -12.680079 ], [ -75.577079, -12.715926 ], [ -75.51384, -12.788874 ], [ -75.533607, -12.821946 ], [ -75.612251, -12.862321 ], [ -75.634484, -12.922101 ], [ -75.614022, -12.964739 ], [ -75.723899, -13.038528 ], [ -75.764557, -13.018087 ], [ -75.802026, -13.060278 ], [ -75.93827, -12.991015 ], [ -75.960984, -13.000225 ], [ -75.959587, -12.962681 ], [ -75.993423, -12.8945 ], [ -76.002419, -12.840136 ], [ -75.954789, -12.836779 ], [ -76.030693, -12.72161 ], [ -76.067445, -12.709503 ], [ -76.119933, -12.763477 ], [ -76.144935, -12.820431 ], [ -76.179122, -12.852719 ], [ -76.205216, -12.80924 ], [ -76.283058, -12.752766 ], [ -76.300773, -12.713227 ], [ -76.251312, -12.592859 ], [ -76.284003, -12.587624 ], [ -76.318703, -12.534648 ], [ -76.353469, -12.520822 ], [ -76.31585, -12.435954 ], [ -76.346816, -12.386802 ], [ -76.346336, -12.338806 ], [ -76.300933, -12.267802 ], [ -76.27137, -12.304006 ], [ -76.217485, -12.264976 ], [ -76.171302, -12.259959 ], [ -76.067123, -12.191749 ], [ -76.061494, -12.088958 ], [ -76.02015, -12.063081 ], [ -75.99376, -11.993228 ], [ -75.928971, -11.983963 ], [ -75.820259, -12.01343 ], [ -75.766533, -12.058994 ], [ -75.694282, -12.042553 ] ] ] ] } },
{ "type": "Feature", "properties": { "POLYGON_ID": "PER_GAUL1999_ADM2_91841", "ADM0_ISO3": "PER", "ADM0_NAME": "Peru", "ADM0_CODE": 195, "ADM1_NAME": "Lima", "ADM1_CODE": 2342, "ADM2_NAME": "Lima", "ADM2_CODE": 91841, "GEOSET": "GAUL", "GEOSET_YEAR": 1999.0, "GEOSET_VERSION": "GAUL_v1", "GEOSET_UNIT": "ADM2", "CENTROID_LONG": -76.904680129735098, "CENTROID_LAT": -12.019369618072046 }, "geometry": { "type": "MultiPolygon", "coordinates": [ [ [ [ -77.004807, -11.613341 ], [ -77.032576, -11.648132 ], [ -76.933022, -11.755639 ], [ -76.903915, -11.729687 ], [ -76.804695, -11.756569 ], [ -76.856506, -11.798061 ], [ -76.906495, -11.797133 ], [ -76.934104, -11.870134 ], [ -76.891197, -11.956673 ], [ -76.796524, -11.927582 ], [ -76.727646, -11.873929 ], [ -76.644761, -11.95683 ], [ -76.720633, -11.999931 ], [ -76.673934, -12.072131 ], [ -76.717171, -12.099944 ], [ -76.680069, -12.163422 ], [ -76.621735, -12.226262 ], [ -76.636406, -12.278053 ], [ -76.674164, -12.319228 ], [ -76.667924, -12.360089 ], [ -76.682166, -12.380683 ], [ -76.755486, -12.397747 ], [ -76.753845, -12.474859 ], [ -76.7837647, -12.5198237 ], [ -76.7992149, -12.4855549 ], [ -76.775041, -12.4378711 ], [ -76.7773614, -12.3940625 ], [ -76.8360274, -12.3174121 ], [ -76.9354687, -12.2502207 ], [ -77.037709, -12.204084 ], [ -77.0247207, -12.150916 ], [ -77.0651035, -12.102877 ], [ -77.11045, -12.0800361 ], [ -77.088356, -12.015971 ], [ -77.117843, -11.955795 ], [ -77.089951, -11.901046 ], [ -77.12603, -11.820111 ], [ -77.1881147, -11.8285089 ], [ -77.168166, -11.7391094 ], [ -77.1973634, -11.690973 ], [ -77.1957476, -11.691527 ], [ -77.1936079, -11.6782296 ], [ -77.138374, -11.662856 ], [ -77.052437, -11.575767 ], [ -77.004807, -11.613341 ] ] ] ] } },
{ "type": "Feature", "properties": { "POLYGON_ID": "PER_GAUL1999_ADM2_24143", "ADM0_ISO3": "PER", "ADM0_NAME": "Peru", "ADM0_CODE": 195, "ADM1_NAME": "Loreto", "ADM1_CODE": 2343, "ADM2_NAME": "Loreto", "ADM2_CODE": 24143, "GEOSET": "GAUL", "GEOSET_YEAR": 1999.0, "GEOSET_VERSION": "GAUL_v1", "GEOSET_UNIT": "ADM2", "CENTROID_LONG": -75.228938227869733, "CENTROID_LAT": -3.8596920536132275 }, "geometry": { "type": "MultiPolygon", "coordinates": [ [ [ [ -73.447487, -4.444751 ], [ -73.506576, -4.545559 ], [ -73.629098, -4.674248 ], [ -73.651572, -4.719681 ], [ -73.711404, -4.73834 ], [ -73.78801, -4.80998 ], [ -73.815246, -4.871829 ], [ -73.88617, -4.913159 ], [ -73.93798, -4.9754 ], [ -74.050216, -4.945418 ], [ -74.152946, -5.025491 ], [ -74.172029, -5.076571 ], [ -74.249022, -5.129898 ], [ -74.342323, -5.142431 ], [ -74.398568, -5.200152 ], [ -74.447104, -5.208512 ], [ -74.571937, -5.280416 ], [ -74.661712, -5.379538 ], [ -74.737464, -5.402633 ], [ -74.825279, -5.461088 ], [ -74.934037, -5.490186 ], [ -75.032487, -5.472256 ], [ -75.08142, -5.499482 ], [ -75.174575, -5.618683 ], [ -75.2957, -5.620979 ], [ -75.378929, -5.661529 ], [ -75.403008, -5.711483 ], [ -75.497298, -5.789284 ], [ -75.490716, -5.702811 ], [ -75.455307, -5.573682 ], [ -75.568084, -5.573484 ], [ -75.637695, -5.502475 ], [ -75.601571, -5.422149 ], [ -75.591363, -5.364129 ], [ -75.631981, -5.276118 ], [ -75.617653, -5.202208 ], [ -75.541144, -5.140548 ], [ -75.504958, -5.079962 ], [ -75.366088, -5.057547 ], [ -75.426057, -4.986795 ], [ -75.532983, -4.937534 ], [ -75.672249, -4.930505 ], [ -75.747841, -4.88069 ], [ -75.830711, -4.663081 ], [ -75.872398, -4.634503 ], [ -75.891908, -4.583044 ], [ -75.881583, -4.538328 ], [ -75.89978, -4.483036 ], [ -75.999023, -4.379331 ], [ -76.019608, -4.255906 ], [ -76.065833, -4.153605 ], [ -76.148354, -4.054845 ], [ -76.184875, -3.990068 ], [ -76.19635, -3.918633 ], [ -76.249336, -3.793513 ], [ -76.245201, -3.745781 ], [ -76.26255, -3.670848 ], [ -76.225136, -3.542781 ], [ -76.226066, -3.496352 ], [ -76.2529, -3.409914 ], [ -76.246468, -3.38351 ], [ -76.29026, -3.344398 ], [ -76.324271, -3.282164 ], [ -76.326432, -3.205065 ], [ -76.355735, -3.134218 ], [ -76.36316, -3.062079 ], [ -76.31572, -2.988235 ], [ -76.338356, -2.896053 ], [ -76.363053, -2.861303 ], [ -76.317826, -2.825692 ], [ -76.36409, -2.744032 ], [ -76.427566, -2.675239 ], [ -76.441879, -2.644111 ], [ -76.517113, -2.549855 ], [ -76.523475, -2.541718 ], [ -76.527894, -2.533438 ], [ -76.533386, -2.520436 ], [ -76.5352119, -2.5172059 ], [ -76.47208, -2.4674 ], [ -76.3168272, -2.3441406 ], [ -76.30409, -2.3343 ], [ -76.21031, -2.26013 ], [ -76.20119, -2.25299 ], [ -76.0447, -2.12814 ], [ -76.00546, -2.07785 ], [ -75.96632, -2.02868 ], [ -75.92873, -1.98057 ], [ -75.89341, -1.93506 ], [ -75.870559, -1.9061299 ], [ -75.858642, -1.906222 ], [ -75.856597, -1.906261 ], [ -75.827584, -1.9006 ], [ -75.763955, -1.901855 ], [ -75.71267, -1.895339 ], [ -75.674651, -1.93854 ], [ -75.580917, -1.949029 ], [ -75.539382, -1.989579 ], [ -75.432616, -2.006509 ], [ -75.300315, -2.08815 ], [ -75.285781, -2.114599 ], [ -75.148552, -2.23019 ], [ -75.110679, -2.247329 ], [ -75.102356, -2.345029 ], [ -75.080695, -2.379389 ], [ -75.025039, -2.413555 ], [ -75.012626, -2.539564 ], [ -75.034561, -2.63292 ], [ -75.020293, -2.732646 ], [ -75.053277, -3.005021 ], [ -75.003113, -3.172193 ], [ -74.886239, -3.271358 ], [ -74.804382, -3.290615 ], [ -74.747727, -3.354346 ], [ -74.691132, -3.437779 ], [ -74.649948, -3.531522 ], [ -74.569412, -3.576794 ], [ -74.50303, -3.628244 ], [ -74.468895, -3.674063 ], [ -74.383956, -3.699854 ], [ -74.309472, -3.742661 ], [ -74.162406, -3.885863 ], [ -74.095917, -3.985867 ], [ -74.08007, -4.155282 ], [ -74.049744, -4.235326 ], [ -74.008843, -4.286734 ], [ -73.945236, -4.325912 ], [ -73.842666, -4.433116 ], [ -73.792343, -4.448999 ], [ -73.685609, -4.43686 ], [ -73.610748, -4.392707 ], [ -73.560181, -4.399093 ], [ -73.471999, -4.306412 ], [ -73.443909, -4.307189 ], [ -73.419274, -4.388969 ], [ -73.447487, -4.444751 ] ] ] ] } },
{ "type": "Feature", "properties": { "POLYGON_ID": "PER_GAUL1999_ADM2_24144", "ADM0_ISO3": "PER", "ADM0_NAME": "Peru", "ADM0_CODE": 195, "ADM1_NAME": "Loreto", "ADM1_CODE": 2343, "ADM2_NAME": "Mariscal Ramón Castilla", "ADM2_CODE": 24144, "GEOSET": "GAUL", "GEOSET_YEAR": 1999.0, "GEOSET_VERSION": "GAUL_v1", "GEOSET_UNIT": "ADM2", "CENTROID_LONG": -71.74034679812128, "CENTROID_LAT": -3.8899340439196348 }, "geometry": { "type": "MultiPolygon", "coordinates": [ [ [ [ -70.5508249, -3.5577396 ], [ -70.61001, -3.64919 ], [ -70.67709, -3.75236 ], [ -70.69087, -3.77433 ], [ -70.6920016, -3.7757965 ], [ -70.69337, -3.77757 ], [ -70.69765, -3.78543 ], [ -70.6984061, -3.7860075 ], [ -70.7000199, -3.7879515 ], [ -70.7032871, -3.7946741 ], [ -70.7001432, -3.7942456 ], [ -70.69461, -3.79258 ], [ -70.68246, -3.79454 ], [ -70.66355, -3.80979 ], [ -70.65263, -3.8274 ], [ -70.64734, -3.83011 ], [ -70.6400839, -3.8299448 ], [ -70.62511, -3.83244 ], [ -70.61512, -3.84219 ], [ -70.6125734, -3.8431872 ], [ -70.61203, -3.8434 ], [ -70.60723, -3.84175 ], [ -70.59971, -3.83824 ], [ -70.5919713, -3.8331109 ], [ -70.5891845, -3.832552 ], [ -70.58603, -3.83192 ], [ -70.57641, -3.83276 ], [ -70.5517386, -3.852735 ], [ -70.55078, -3.85389 ], [ -70.52844, -3.87561 ], [ -70.5197621, -3.880082 ], [ -70.5011369, -3.8837128 ], [ -70.49655, -3.88386 ], [ -70.4942322, -3.8840335 ], [ -70.46636, -3.88154 ], [ -70.4545, -3.87661 ], [ -70.4364996, -3.8655254 ], [ -70.43356, -3.86292 ], [ -70.4000235, -3.8481321 ], [ -70.39505, -3.8416 ], [ -70.38577, -3.83186 ], [ -70.37875, -3.82283 ], [ -70.3756221, -3.8195386 ], [ -70.37148, -3.81518 ], [ -70.3652915, -3.8106259 ], [ -70.36262, -3.80866 ], [ -70.3615438, -3.8081644 ], [ -70.34915, -3.80441 ], [ -70.3460077, -3.8042918 ], [ -70.3350851, -3.804605 ], [ -70.32626, -3.80537 ], [ -70.2849113, -3.822299 ], [ -70.24259, -3.87114 ], [ -70.18634, -3.8909 ], [ -70.15413, -3.98167 ], [ -70.0916133, -4.0304477 ], [ -70.05754, -4.08648 ], [ -70.04846, -4.10411 ], [ -69.95946, -4.21257 ], [ -69.9534221, -4.2304838 ], [ -69.95342, -4.23049 ], [ -69.94945, -4.24588 ], [ -69.95281, -4.262 ], [ -69.955512, -4.265194 ], [ -70.02498, -4.36501 ], [ -70.03529, -4.36913 ], [ -70.04421, -4.35677 ], [ -70.0366607, -4.3457762 ], [ -70.07591, -4.30934 ], [ -70.0732107, -4.3042513 ], [ -70.0483463, -4.2935369 ], [ -70.04288, -4.29064 ], [ -70.10708, -4.25578 ], [ -70.10935, -4.25833 ], [ -70.1133039, -4.2756575 ], [ -70.11581, -4.2784 ], [ -70.1295864, -4.2759544 ], [ -70.16197, -4.28916 ], [ -70.1564, -4.29831 ], [ -70.16477, -4.3092 ], [ -70.17165, -4.30811 ], [ -70.17562, -4.32539 ], [ -70.17413, -4.3378 ], [ -70.17543, -4.34679 ], [ -70.1818825, -4.3547038 ], [ -70.1976366, -4.3491031 ], [ -70.20158, -4.34149 ], [ -70.20187, -4.33437 ], [ -70.21068, -4.29763 ], [ -70.21363, -4.29972 ], [ -70.21711, -4.3076 ], [ -70.2205, -4.31223 ], [ -70.2623272, -4.2945864 ], [ -70.26193, -4.29216 ], [ -70.24779, -4.28489 ], [ -70.2432128, -4.2762845 ], [ -70.2579198, -4.2711115 ], [ -70.26209, -4.27467 ], [ -70.2717058, -4.2789211 ], [ -70.2769411, -4.2819708 ], [ -70.28305, -4.28684 ], [ -70.2857937, -4.2868628 ], [ -70.2890775, -4.2856014 ], [ -70.29133, -4.28324 ], [ -70.28976, -4.28023 ], [ -70.27931, -4.27093 ], [ -70.3062383, -4.2465696 ], [ -70.305, -4.24311 ], [ -70.27858, -4.2279 ], [ -70.2774811, -4.2230568 ], [ -70.2853821, -4.1815089 ], [ -70.28599, -4.17252 ], [ -70.28793, -4.1615 ], [ -70.3259, -4.14139 ], [ -70.3266157, -4.1439272 ], [ -70.32746, -4.14692 ], [ -70.32641, -4.16049 ], [ -70.3266778, -4.1618693 ], [ -70.32793, -4.16832 ], [ -70.3287079, -4.1692026 ], [ -70.37252, -4.12826 ], [ -70.44184, -4.13604 ], [ -70.43276, -4.1516 ], [ -70.4352244, -4.1569099 ], [ -70.47604, -4.15269 ], [ -70.5109356, -4.1859005 ], [ -70.51148, -4.18247 ], [ -70.50434, -4.16285 ], [ -70.50327, -4.15433 ], [ -70.55294, -4.13316 ], [ -70.543, -4.14273 ], [ -70.54228, -4.14618 ], [ -70.5438534, -4.1496422 ], [ -70.55588, -4.16103 ], [ -70.5535468, -4.170596 ], [ -70.55219, -4.17858 ], [ -70.5530642, -4.1926563 ], [ -70.57243, -4.2042 ], [ -70.57315, -4.2003 ], [ -70.56374, -4.17859 ], [ -70.5630871, -4.1753949 ], [ -70.63273, -4.17255 ], [ -70.63171, -4.15919 ], [ -70.6151954, -4.1280244 ], [ -70.65048, -4.13521 ], [ -70.64848, -4.15268 ], [ -70.64957, -4.16005 ], [ -70.65324, -4.15893 ], [ -70.66744, -4.13444 ], [ -70.6649704, -4.1532869 ], [ -70.665614, -4.1579118 ], [ -70.66927, -4.18415 ], [ -70.6717682, -4.1906068 ], [ -70.72197, -4.18118 ], [ -70.74789, -4.15197 ], [ -70.8004423, -4.1779646 ], [ -70.80299, -4.18674 ], [ -70.81554, -4.19306 ], [ -70.82161, -4.20531 ], [ -70.82617, -4.20765 ], [ -70.8392, -4.20961 ], [ -70.84529, -4.22071 ], [ -70.8155486, -4.2243329 ], [ -70.81684, -4.22667 ], [ -70.82455, -4.23478 ], [ -70.82494, -4.24307 ], [ -70.82696, -4.24608 ], [ -70.83338, -4.24706 ], [ -70.86203, -4.24432 ], [ -70.8631, -4.25284 ], [ -70.8439, -4.27384 ], [ -70.85783, -4.27741 ], [ -70.87512, -4.29137 ], [ -70.8755, -4.29943 ], [ -70.87466, -4.31713 ], [ -70.8756626, -4.3182877 ], [ -70.89954, -4.32632 ], [ -70.9037136, -4.3365196 ], [ -70.91031, -4.35264 ], [ -70.93138, -4.35237 ], [ -70.93293, -4.35906 ], [ -70.9311813, -4.3787635 ], [ -70.93479, -4.38116 ], [ -70.99674, -4.34443 ], [ -70.99556, -4.34741 ], [ -70.9874133, -4.3762706 ], [ -70.98931, -4.37724 ], [ -71.01867, -4.37752 ], [ -71.02383, -4.39067 ], [ -71.0315505, -4.39718 ], [ -71.03706, -4.39723 ], [ -71.04671, -4.36603 ], [ -71.05127, -4.36952 ], [ -71.05443, -4.3746 ], [ -71.0561703, -4.3796828 ], [ -71.1072724, -4.3760203 ], [ -71.10778, -4.3776 ], [ -71.10689, -4.40152 ], [ -71.1088286, -4.4032147 ], [ -71.14879, -4.37772 ], [ -71.1476424, -4.3832094 ], [ -71.1483095, -4.395138 ], [ -71.14885, -4.39681 ], [ -71.18259, -4.38997 ], [ -71.1846, -4.39527 ], [ -71.1846182, -4.4136941 ], [ -71.18875, -4.41969 ], [ -71.215, -4.37713 ], [ -71.2168, -4.38082 ], [ -71.21732, -4.40038 ], [ -71.22098, -4.40087 ], [ -71.23148, -4.37888 ], [ -71.2797, -4.39262 ], [ -71.27761, -4.39491 ], [ -71.26067, -4.39339 ], [ -71.2621703, -4.3986475 ], [ -71.26301, -4.40159 ], [ -71.2604605, -4.4184588 ], [ -71.2642818, -4.4267712 ], [ -71.3152502, -4.4133906 ], [ -71.3161972, -4.4160633 ], [ -71.3047767, -4.4583907 ], [ -71.30685, -4.4591 ], [ -71.33568, -4.4368 ], [ -71.34022, -4.44144 ], [ -71.3433319, -4.4344456 ], [ -71.34075, -4.43247 ], [ -71.3962059, -4.4309845 ], [ -71.39755, -4.43478 ], [ -71.39637, -4.4391399 ], [ -71.40709, -4.4436 ], [ -71.42683, -4.46792 ], [ -71.4318613, -4.4691075 ], [ -71.4300338, -4.4640413 ], [ -71.42664, -4.46309 ], [ -71.4307629, -4.4462105 ], [ -71.43069, -4.44471 ], [ -71.4154, -4.43746 ], [ -71.41268, -4.43352 ], [ -71.43678, -4.42797 ], [ -71.43372, -4.43737 ], [ -71.4340716, -4.4386007 ], [ -71.43484, -4.44129 ], [ -71.4495851, -4.4400866 ], [ -71.45044, -4.43866 ], [ -71.45099, -4.42786 ], [ -71.47573, -4.42782 ], [ -71.47538, -4.44254 ], [ -71.47716, -4.44969 ], [ -71.47989, -4.45155 ], [ -71.50863, -4.43844 ], [ -71.50282, -4.44852 ], [ -71.48998, -4.47878 ], [ -71.49407, -4.4818 ], [ -71.51528, -4.46564 ], [ -71.51762, -4.45945 ], [ -71.53481, -4.45959 ], [ -71.53672, -4.46297 ], [ -71.53395, -4.48052 ], [ -71.536209, -4.4801952 ], [ -71.54362, -4.47439 ], [ -71.55254, -4.47607 ], [ -71.5492707, -4.4843202 ], [ -71.55773, -4.48669 ], [ -71.5633242, -4.4978182 ], [ -71.5670459, -4.5040164 ], [ -71.57287, -4.51188 ], [ -71.5830481, -4.5184853 ], [ -71.59728, -4.52451 ], [ -71.63088, -4.50683 ], [ -71.629677, -4.5041478 ], [ -71.6198412, -4.4979598 ], [ -71.61813, -4.496 ], [ -71.61609, -4.4653 ], [ -71.6188952, -4.46771 ], [ -71.62259, -4.48352 ], [ -71.6245776, -4.4863904 ], [ -71.62644, -4.48908 ], [ -71.6303838, -4.4910477 ], [ -71.6358, -4.49375 ], [ -71.6394454, -4.4974756 ], [ -71.64125, -4.49932 ], [ -71.6437321, -4.4987153 ], [ -71.65525, -4.46837 ], [ -71.65613, -4.47228 ], [ -71.6532, -4.49481 ], [ -71.65935, -4.49946 ], [ -71.69963, -4.50506 ], [ -71.74758, -4.46703 ], [ -71.7461375, -4.4704037 ], [ -71.74468, -4.48633 ], [ -71.7563801, -4.4987131 ], [ -71.7565, -4.49884 ], [ -71.76198, -4.49792 ], [ -71.78184, -4.48109 ], [ -71.7772, -4.48865 ], [ -71.78333, -4.4956 ], [ -71.7863451, -4.4928276 ], [ -71.78843, -4.48758 ], [ -71.78735, -4.48044 ], [ -71.78873, -4.47884 ], [ -71.80102, -4.48929 ], [ -71.80437, -4.50036 ], [ -71.80944, -4.49626 ], [ -71.82826, -4.49341 ], [ -71.8249417, -4.4975041 ], [ -71.82631, -4.50953 ], [ -71.82904, -4.50929 ], [ -71.83551, -4.50267 ], [ -71.84258, -4.5064 ], [ -71.8520255, -4.5096636 ], [ -71.85622, -4.52054 ], [ -71.87783, -4.51128 ], [ -71.88031, -4.51567 ], [ -71.8803168, -4.5156654 ], [ -71.88676, -4.51134 ], [ -71.89826, -4.5131653 ], [ -71.8998, -4.51558 ], [ -71.8918231, -4.5186514 ], [ -71.88395, -4.5203 ], [ -71.88025, -4.52395 ], [ -71.88088, -4.53178 ], [ -71.8857, -4.53135 ], [ -71.89698, -4.52338 ], [ -71.91251, -4.5299472 ], [ -71.911696, -4.530672 ], [ -71.91021, -4.53199 ], [ -71.90176, -4.52848 ], [ -71.9007041, -4.5303165 ], [ -71.89873, -4.53375 ], [ -71.9208645, -4.5563226 ], [ -71.92239, -4.55648 ], [ -71.92466, -4.55994 ], [ -71.92187, -4.56475 ], [ -71.92983, -4.57286 ], [ -71.9372661, -4.5742928 ], [ -71.9410387, -4.5751781 ], [ -71.94101, -4.5787 ], [ -71.94537, -4.60772 ], [ -71.9533736, -4.6060982 ], [ -71.95524, -4.60572 ], [ -71.95888, -4.60943 ], [ -71.9634841, -4.6096702 ], [ -71.96761, -4.60628 ], [ -71.98024, -4.60246 ], [ -71.983489, -4.6042185 ], [ -71.97481, -4.62312 ], [ -71.9862112, -4.6250055 ], [ -71.98648, -4.62505 ], [ -71.99045, -4.62672 ], [ -72.0019432, -4.629483 ], [ -72.00249, -4.62954 ], [ -72.03186, -4.6247 ], [ -72.0362, -4.62588 ], [ -72.0366422, -4.625837 ], [ -72.04721, -4.62481 ], [ -72.05322, -4.64786 ], [ -72.0502, -4.65313 ], [ -72.05661, -4.67197 ], [ -72.06015, -4.67183 ], [ -72.06592, -4.66659 ], [ -72.07004, -4.66685 ], [ -72.07505, -4.6708 ], [ -72.09985, -4.69467 ], [ -72.10552, -4.703 ], [ -72.10886, -4.71659 ], [ -72.12026, -4.72381 ], [ -72.1283, -4.7218 ], [ -72.14141, -4.71499 ], [ -72.14554, -4.71456 ], [ -72.14944, -4.71623 ], [ -72.15421, -4.7270268 ], [ -72.15938, -4.73307 ], [ -72.1759066, -4.7386356 ], [ -72.18658, -4.74223 ], [ -72.19205, -4.74664 ], [ -72.2001724, -4.7602239 ], [ -72.21718, -4.75718 ], [ -72.2190874, -4.7749413 ], [ -72.2381935, -4.7778587 ], [ -72.23973, -4.77689 ], [ -72.25106, -4.76317 ], [ -72.25005, -4.77582 ], [ -72.2516, -4.78273 ], [ -72.25524, -4.78713 ], [ -72.2590408, -4.7881813 ], [ -72.26118, -4.78878 ], [ -72.26441, -4.78696 ], [ -72.26633, -4.77501 ], [ -72.27369, -4.77092 ], [ -72.2805326, -4.7727188 ], [ -72.28902, -4.77495 ], [ -72.31538, -4.77513 ], [ -72.31396, -4.7811 ], [ -72.3116418, -4.7831744 ], [ -72.3091119, -4.7854383 ], [ -72.29739, -4.7895 ], [ -72.31588, -4.80021 ], [ -72.32487, -4.79406 ], [ -72.32922, -4.7934 ], [ -72.34887, -4.80205 ], [ -72.35574, -4.80348 ], [ -72.35708, -4.80786 ], [ -72.356064, -4.8208336 ], [ -72.36086, -4.82422 ], [ -72.3616055, -4.8307363 ], [ -72.3685, -4.87672 ], [ -72.4173, -4.9134 ], [ -72.45423, -4.91021 ], [ -72.4528598, -4.9126019 ], [ -72.44727, -4.92236 ], [ -72.45456, -4.96151 ], [ -72.50389, -4.95449 ], [ -72.58949, -5.04087 ], [ -72.6302317, -5.0508011 ], [ -72.6338235, -5.0532113 ], [ -72.64096, -5.058 ], [ -72.6460311, -5.0529802 ], [ -72.6632401, -5.0599867 ], [ -72.66506, -5.0531 ], [ -72.668523, -5.0494499 ], [ -72.6753867, -5.0493289 ], [ -72.7380588, -5.058832 ], [ -72.73791, -5.06301 ], [ -72.74016, -5.06901 ], [ -72.7783207, -5.0934272 ], [ -72.78216, -5.09505 ], [ -72.79135, -5.09442 ], [ -72.86592, -5.11974 ], [ -72.8729836, -5.1260828 ], [ -73.237344, -4.969971 ], [ -73.120812, -4.80609 ], [ -73.080879, -4.733969 ], [ -73.022827, -4.660699 ], [ -73.010483, -4.582149 ], [ -73.031089, -4.49661 ], [ -72.994714, -4.50139 ], [ -72.95456, -4.47071 ], [ -72.817771, -4.499398 ], [ -72.766983, -4.467301 ], [ -72.758857, -4.386799 ], [ -72.713997, -4.401459 ], [ -72.66565, -4.379939 ], [ -72.62886, -4.280421 ], [ -72.485603, -4.269408 ], [ -72.42279, -4.14643 ], [ -72.385102, -4.0445 ], [ -72.274559, -3.961679 ], [ -72.27037, -3.876209 ], [ -72.281983, -3.844429 ], [ -72.277335, -3.71378 ], [ -72.228692, -3.63305 ], [ -72.152785, -3.561659 ], [ -72.127038, -3.493711 ], [ -72.148819, -3.44507 ], [ -72.143081, -3.398739 ], [ -72.210518, -3.38395 ], [ -72.272057, -3.33517 ], [ -72.322471, -3.24712 ], [ -72.427407, -3.17687 ], [ -72.453797, -3.134359 ], [ -72.502571, -3.10167 ], [ -72.555367, -2.99964 ], [ -72.545517, -2.952209 ], [ -72.623078, -2.954729 ], [ -72.795287, -2.938671 ], [ -72.886963, -2.88076 ], [ -72.923448, -2.827317 ], [ -72.893402, -2.806759 ], [ -72.743332, -2.80535 ], [ -72.679833, -2.76575 ], [ -72.635292, -2.77249 ], [ -72.576766, -2.728081 ], [ -72.479554, -2.70178 ], [ -72.417573, -2.731199 ], [ -72.360048, -2.707509 ], [ -72.325143, -2.722821 ], [ -72.235335, -2.71472 ], [ -72.178688, -2.662309 ], [ -72.138732, -2.649729 ], [ -72.07, -2.674179 ], [ -72.062636, -2.769069 ], [ -72.018806, -2.841899 ], [ -71.981187, -2.877799 ], [ -71.855584, -2.90983 ], [ -71.788711, -2.90836 ], [ -71.724609, -2.94108 ], [ -71.608872, -2.974829 ], [ -71.565826, -3.021679 ], [ -71.41613, -3.086659 ], [ -71.326813, -3.152889 ], [ -71.153412, -3.21116 ], [ -71.081092, -3.25578 ], [ -70.987557, -3.29652 ], [ -70.885178, -3.318049 ], [ -70.683089, -3.503541 ], [ -70.631927, -3.538339 ], [ -70.589959, -3.551779 ], [ -70.574837, -3.55517 ], [ -70.559838, -3.55561 ], [ -70.5508249, -3.5577396 ] ] ] ] } },
{ "type": "Feature", "properties": { "POLYGON_ID": "PER_GAUL1999_ADM2_24145", "ADM0_ISO3": "PER", "ADM0_NAME": "Peru", "ADM0_CODE": 195, "ADM1_NAME": "Loreto", "ADM1_CODE": 2343, "ADM2_NAME": "Maynas", "ADM2_CODE": 24145, "GEOSET": "GAUL", "GEOSET_YEAR": 1999.0, "GEOSET_VERSION": "GAUL_v1", "GEOSET_UNIT": "ADM2", "CENTROID_LONG": -73.48038006754409, "CENTROID_LAT": -2.8493117143683477 }, "geometry": { "type": "MultiPolygon", "coordinates": [ [ [ [ -74.78545, -0.20273 ], [ -74.78017, -0.21442 ], [ -74.7772175, -0.2378811 ], [ -74.77526, -0.2532 ], [ -74.7754472, -0.2550211 ], [ -74.77637, -0.264 ], [ -74.78681, -0.27551 ], [ -74.79478, -0.27737 ], [ -74.8, -0.28336 ], [ -74.8005244, -0.2863439 ], [ -74.7961137, -0.2934995 ], [ -74.79495, -0.29436 ], [ -74.78766, -0.29526 ], [ -74.7726, -0.30141 ], [ -74.7561844, -0.3070387 ], [ -74.75207, -0.30754 ], [ -74.74866, -0.3057 ], [ -74.74136, -0.30499 ], [ -74.7359792, -0.3057257 ], [ -74.73156, -0.30633 ], [ -74.72539, -0.30953 ], [ -74.7167412, -0.3191073 ], [ -74.7103, -0.32624 ], [ -74.70482, -0.32898 ], [ -74.69912, -0.32988 ], [ -74.6843, -0.33052 ], [ -74.67975, -0.33028 ], [ -74.67701, -0.3305 ], [ -74.67405, -0.33049 ], [ -74.6731983, -0.3304398 ], [ -74.66981, -0.33024 ], [ -74.66562, -0.33 ], [ -74.65946, -0.33159 ], [ -74.6584642, -0.3325887 ], [ -74.641601, -0.354489 ], [ -74.63269, -0.36135 ], [ -74.60505, -0.38009 ], [ -74.60753, -0.38768 ], [ -74.6064599, -0.3899288 ], [ -74.60546, -0.39203 ], [ -74.599523, -0.3956882 ], [ -74.5940906, -0.3959339 ], [ -74.5806, -0.39654 ], [ -74.575525, -0.3995035 ], [ -74.56753, -0.4213 ], [ -74.56295, -0.42611 ], [ -74.5595, -0.42685 ], [ -74.5479401, -0.4363032 ], [ -74.54535, -0.43982 ], [ -74.5410821, -0.4484272 ], [ -74.53341, -0.4639 ], [ -74.51991, -0.47947 ], [ -74.5031924, -0.4740111 ], [ -74.49737, -0.47227 ], [ -74.4942483, -0.4809679 ], [ -74.49413, -0.4826 ], [ -74.4951446, -0.486055 ], [ -74.4957, -0.49224 ], [ -74.4935043, -0.4947747 ], [ -74.4927209, -0.4956789 ], [ -74.4889891, -0.4925348 ], [ -74.48068, -0.48553 ], [ -74.47086, -0.48917 ], [ -74.4558546, -0.4992889 ], [ -74.45373, -0.50014 ], [ -74.43181, -0.50833 ], [ -74.4316047, -0.5083282 ], [ -74.43067, -0.50832 ], [ -74.42542, -0.51083 ], [ -74.4213, -0.51541 ], [ -74.4235, -0.53586 ], [ -74.42162, -0.55216 ], [ -74.4218659, -0.5568665 ], [ -74.42204, -0.5602 ], [ -74.40449, -0.56013 ], [ -74.401321, -0.5541519 ], [ -74.39586, -0.55321 ], [ -74.39311, -0.55504 ], [ -74.39035, -0.56146 ], [ -74.3887114, -0.5810234 ], [ -74.3689, -0.62638 ], [ -74.36546, -0.6328 ], [ -74.36462, -0.6362531 ], [ -74.3638404, -0.6394585 ], [ -74.36451, -0.64405 ], [ -74.37038, -0.6567 ], [ -74.37263, -0.66452 ], [ -74.34508, -0.71541 ], [ -74.3541619, -0.7257805 ], [ -74.37262, -0.73044 ], [ -74.37626, -0.73275 ], [ -74.3164208, -0.7756123 ], [ -74.31498, -0.7773245 ], [ -74.31496, -0.78238 ], [ -74.3159084, -0.788483 ], [ -74.31696, -0.79525 ], [ -74.29119, -0.79608 ], [ -74.28663, -0.79629 ], [ -74.2838515, -0.8061541 ], [ -74.28995, -0.82295 ], [ -74.2731425, -0.845296 ], [ -74.26706, -0.84445 ], [ -74.26801, -0.89087 ], [ -74.3151132, -0.8915073 ], [ -74.31612, -0.89357 ], [ -74.27119, -0.95313 ], [ -74.26683, -0.96116 ], [ -74.2636, -0.97011 ], [ -74.2693901, -0.9789234 ], [ -74.27541, -0.9821 ], [ -74.22321, -1.03153 ], [ -74.15705, -1.03634 ], [ -74.07384, -1.08105 ], [ -74.051651, -1.0529158 ], [ -74.05073, -1.04282 ], [ -74.0376079, -1.0278864 ], [ -74.03664, -1.02783 ], [ -74.02844, -1.08064 ], [ -73.99722, -1.12969 ], [ -73.96173, -1.10519 ], [ -73.95828, -1.11115 ], [ -73.96005, -1.12311 ], [ -73.962607, -1.1293111 ], [ -73.90451, -1.14953 ], [ -73.86644, -1.24589 ], [ -73.79177, -1.25959 ], [ -73.75716, -1.24428 ], [ -73.75599, -1.23947 ], [ -73.75452, -1.22267 ], [ -73.7507764, -1.220336 ], [ -73.73151, -1.26738 ], [ -73.68135, -1.25774 ], [ -73.62373, -1.28299 ], [ -73.6157, -1.34316 ], [ -73.5805708, -1.3400189 ], [ -73.57441, -1.33999 ], [ -73.57776, -1.35609 ], [ -73.5784, -1.3646 ], [ -73.52689, -1.49376 ], [ -73.4952697, -1.5104788 ], [ -73.49395, -1.51085 ], [ -73.49051, -1.51428 ], [ -73.48888, -1.52025 ], [ -73.48624, -1.5469 ], [ -73.48234, -1.5521703 ], [ -73.4817372, -1.5575613 ], [ -73.48635, -1.57104 ], [ -73.49267, -1.58417 ], [ -73.48277, -1.60252 ], [ -73.47981, -1.60319 ], [ -73.4763014, -1.6000766 ], [ -73.4753295, -1.5993885 ], [ -73.47139, -1.59671 ], [ -73.52631, -1.71076 ], [ -73.53312, -1.71883 ], [ -73.4886, -1.76645 ], [ -73.45845, -1.76907 ], [ -73.4139, -1.82127 ], [ -73.38429, -1.80711 ], [ -73.30406, -1.8265 ], [ -73.3057, -1.81869 ], [ -73.30526, -1.81432 ], [ -73.3036062, -1.8121847 ], [ -73.26009, -1.80559 ], [ -73.25303, -1.80418 ], [ -73.2489817, -1.8040424 ], [ -73.24548, -1.80713 ], [ -73.2293, -1.79992 ], [ -73.23416, -1.78753 ], [ -73.22964, -1.77877 ], [ -73.14673, -1.82985 ], [ -73.14259, -1.83397 ], [ -73.1398, -1.84476 ], [ -73.13975, -1.85465 ], [ -73.14326, -1.88203 ], [ -73.12076, -1.90444 ], [ -73.11254, -1.90371 ], [ -73.09963, -1.92664 ], [ -73.1119293, -2.0191829 ], [ -73.11282, -2.02396 ], [ -73.1000635, -2.056389 ], [ -73.09392, -2.05652 ], [ -73.09208, -2.05835 ], [ -73.0879944, -2.0608905 ], [ -73.0861221, -2.0641709 ], [ -73.08588, -2.06544 ], [ -73.09407, -2.11354 ], [ -73.08812, -2.11696 ], [ -73.1218, -2.22475 ], [ -73.15598, -2.24125 ], [ -73.15522, -2.25596 ], [ -73.12637, -2.31147 ], [ -73.12016, -2.31902 ], [ -73.1117337, -2.3291777 ], [ -73.0729822, -2.3547653 ], [ -73.06585, -2.3514 ], [ -73.05598, -2.35779 ], [ -73.0561576, -2.368456 ], [ -72.9918, -2.39586 ], [ -72.95988, -2.38397 ], [ -72.94086, -2.43584 ], [ -72.93762, -2.44456 ], [ -72.9325617, -2.4500582 ], [ -72.90467, -2.49452 ], [ -72.8433, -2.47672 ], [ -72.75058, -2.42837 ], [ -72.68934, -2.42918 ], [ -72.685432, -2.4328381 ], [ -72.6795481, -2.4428916 ], [ -72.67966, -2.44453 ], [ -72.6261715, -2.4278106 ], [ -72.6282, -2.4067007 ], [ -72.62847, -2.40607 ], [ -72.62805, -2.39917 ], [ -72.62669, -2.39801 ], [ -72.59701, -2.39485 ], [ -72.58649, -2.39732 ], [ -72.5619, -2.42017 ], [ -72.5582106, -2.4256692 ], [ -72.5540907, -2.4261099 ], [ -72.54631, -2.42928 ], [ -72.53648, -2.43084 ], [ -72.52985, -2.4308 ], [ -72.5245371, -2.4317288 ], [ -72.51841, -2.4328 ], [ -72.5170147, -2.4325828 ], [ -72.51385, -2.43209 ], [ -72.4987717, -2.4308501 ], [ -72.49557, -2.43221 ], [ -72.4876425, -2.4318543 ], [ -72.48575, -2.43146 ], [ -72.4670017, -2.4331898 ], [ -72.45376, -2.4315 ], [ -72.4389, -2.43141 ], [ -72.4316324, -2.4350218 ], [ -72.4295779, -2.4360581 ], [ -72.42355, -2.43914 ], [ -72.4080644, -2.4408904 ], [ -72.40481, -2.43972 ], [ -72.3989306, -2.4354154 ], [ -72.39753, -2.43439 ], [ -72.39099, -2.42009 ], [ -72.3539793, -2.4812857 ], [ -72.35335, -2.48472 ], [ -72.3525712, -2.4853239 ], [ -72.346, -2.49042 ], [ -72.3420745, -2.4902053 ], [ -72.34143, -2.49017 ], [ -72.3401265, -2.4895025 ], [ -72.33688, -2.48784 ], [ -72.3279022, -2.4846391 ], [ -72.32639, -2.4841 ], [ -72.3170008, -2.4829605 ], [ -72.28461, -2.47763 ], [ -72.2793712, -2.4759904 ], [ -72.2577819, -2.4565404 ], [ -72.2477027, -2.4606189 ], [ -72.24268, -2.46013 ], [ -72.23884, -2.45412 ], [ -72.2391, -2.44929 ], [ -72.2402264, -2.4485945 ], [ -72.24093, -2.44816 ], [ -72.24145, -2.43827 ], [ -72.2408288, -2.4376396 ], [ -72.24009, -2.43689 ], [ -72.2358857, -2.4356466 ], [ -72.23211, -2.43453 ], [ -72.2247804, -2.433567 ], [ -72.2062511, -2.4398895 ], [ -72.19825, -2.44122 ], [ -72.18406, -2.44435 ], [ -72.17743, -2.44221 ], [ -72.1766948, -2.4419758 ], [ -72.17608, -2.44178 ], [ -72.17131, -2.43669 ], [ -72.162, -2.42835 ], [ -72.1549557, -2.4276231 ], [ -72.15308, -2.42967 ], [ -72.14642, -2.434 ], [ -72.1437928, -2.4407192 ], [ -72.14364, -2.44111 ], [ -72.1438982, -2.4451726 ], [ -72.14536, -2.45653 ], [ -72.1425609, -2.465487 ], [ -72.12088, -2.46259 ], [ -72.1197654, -2.4598481 ], [ -72.1164226, -2.450653 ], [ -72.11664, -2.44623 ], [ -72.11467, -2.43357 ], [ -72.11586, -2.42599 ], [ -72.115801, -2.4257573 ], [ -72.11475, -2.42161 ], [ -72.1103182, -2.4140092 ], [ -72.06548, -2.37324 ], [ -72.04986, -2.35198 ], [ -72.04217, -2.33997 ], [ -72.0397068, -2.3368893 ], [ -71.978695, -2.3649334 ], [ -71.97712, -2.36531 ], [ -71.9749805, -2.3654269 ], [ -71.97346, -2.36551 ], [ -71.95021, -2.35754 ], [ -71.9406842, -2.3539849 ], [ -71.9322, -2.35259 ], [ -71.9285397, -2.3538664 ], [ -71.9119412, -2.3749999 ], [ -71.90715, -2.37336 ], [ -71.9117, -2.34165 ], [ -71.91911, -2.32721 ], [ -71.92123, -2.31849 ], [ -71.9190819, -2.3118539 ], [ -71.91899, -2.31157 ], [ -71.91618, -2.30978 ], [ -71.8845133, -2.3088181 ], [ -71.8759763, -2.3094394 ], [ -71.8749242, -2.3091485 ], [ -71.86877, -2.3071 ], [ -71.86104, -2.30038 ], [ -71.85707, -2.2910491 ], [ -71.8405275, -2.2355123 ], [ -71.83034, -2.21233 ], [ -71.82855, -2.20795 ], [ -71.8280466, -2.204027 ], [ -71.82725, -2.19782 ], [ -71.8233741, -2.1893321 ], [ -71.8196174, -2.1859701 ], [ -71.81797, -2.18535 ], [ -71.79803, -2.1951 ], [ -71.7972771, -2.1950959 ], [ -71.79437, -2.19508 ], [ -71.78373, -2.18236 ], [ -71.7798208, -2.1780072 ], [ -71.77102, -2.17077 ], [ -71.76804, -2.17098 ], [ -71.76212, -2.16887 ], [ -71.75893, -2.16701 ], [ -71.7495251, -2.1626602 ], [ -71.74597, -2.15934 ], [ -71.7419631, -2.154793 ], [ -71.7418551, -2.1544853 ], [ -71.74014, -2.14343 ], [ -71.7378064, -2.1399331 ], [ -71.7180841, -2.1288792 ], [ -71.7171708, -2.1290199 ], [ -71.7129853, -2.1319858 ], [ -71.7056, -2.1501 ], [ -71.70484, -2.1609 ], [ -71.7099033, -2.1774085 ], [ -71.71445, -2.19224 ], [ -71.7156997, -2.1984883 ], [ -71.71643, -2.20214 ], [ -71.715626, -2.2046169 ], [ -71.71457, -2.20787 ], [ -71.6961267, -2.2174582 ], [ -71.69417, -2.21716 ], [ -71.6896909, -2.2161647 ], [ -71.68778, -2.21574 ], [ -71.6703953, -2.2021837 ], [ -71.66234, -2.19648 ], [ -71.64866, -2.19294 ], [ -71.6399647, -2.1916618 ], [ -71.63383, -2.19076 ], [ -71.63193, -2.19074 ], [ -71.6165427, -2.1968876 ], [ -71.60631, -2.2046 ], [ -71.59229, -2.21646 ], [ -71.57305, -2.22529 ], [ -71.5386814, -2.232149 ], [ -71.53712, -2.23263 ], [ -71.52223, -2.23896 ], [ -71.50761, -2.2384 ], [ -71.4986, -2.25283 ], [ -71.4997, -2.25881 ], [ -71.4998268, -2.2701671 ], [ -71.49998, -2.28388 ], [ -71.50056, -2.29768 ], [ -71.497, -2.31583 ], [ -71.4967418, -2.3164363 ], [ -71.49329, -2.32454 ], [ -71.4760668, -2.3382602 ], [ -71.4753635, -2.3382102 ], [ -71.4685434, -2.3335623 ], [ -71.46697, -2.33161 ], [ -71.4622, -2.3257 ], [ -71.46734, -2.31056 ], [ -71.4721555, -2.3024179 ], [ -71.47452, -2.29842 ], [ -71.4763, -2.27245 ], [ -71.47041, -2.26643 ], [ -71.465706, -2.2643582 ], [ -71.46403, -2.26362 ], [ -71.4553646, -2.2610116 ], [ -71.4492, -2.26053 ], [ -71.42873, -2.27992 ], [ -71.4211628, -2.2896606 ], [ -71.4187552, -2.2941042 ], [ -71.41648, -2.29915 ], [ -71.39596, -2.32384 ], [ -71.39135, -2.33071 ], [ -71.37615, -2.34647 ], [ -71.3761461, -2.3471804 ], [ -71.37655, -2.35498 ], [ -71.37856, -2.36121 ], [ -71.38439, -2.3755 ], [ -71.3843924, -2.3755085 ], [ -71.3845586, -2.3760988 ], [ -71.38595, -2.38104 ], [ -71.3837818, -2.3905305 ], [ -71.3835904, -2.3913684 ], [ -71.3814133, -2.3945065 ], [ -71.3809909, -2.395056 ], [ -71.37486, -2.39775 ], [ -71.3584335, -2.3915475 ], [ -71.34847, -2.38329 ], [ -71.29184, -2.3477 ], [ -71.2867057, -2.3413353 ], [ -71.28437, -2.33844 ], [ -71.27067, -2.33719 ], [ -71.26427, -2.33783 ], [ -71.24935, -2.34669 ], [ -71.24752, -2.3476 ], [ -71.24431, -2.34896 ], [ -71.2437779, -2.3490148 ], [ -71.237429, -2.3497188 ], [ -71.23653, -2.34982 ], [ -71.23312, -2.34796 ], [ -71.22015, -2.34165 ], [ -71.21329, -2.34091 ], [ -71.212613, -2.341203 ], [ -71.20756, -2.34339 ], [ -71.2029707, -2.3470395 ], [ -71.19096, -2.36374 ], [ -71.1887932, -2.3656966 ], [ -71.18591, -2.3683 ], [ -71.17443, -2.37442 ], [ -71.16483, -2.37573 ], [ -71.1598375, -2.3720046 ], [ -71.1530697, -2.3469819 ], [ -71.15183, -2.34183 ], [ -71.1485717, -2.3390509 ], [ -71.1463909, -2.3371908 ], [ -71.11895, -2.3402 ], [ -71.11487, -2.33603 ], [ -71.1135859, -2.3315429 ], [ -71.113331, -2.3291558 ], [ -71.11799, -2.31651 ], [ -71.11368, -2.2829 ], [ -71.10432, -2.28237 ], [ -71.08495, -2.27555 ], [ -71.07811, -2.27366 ], [ -71.07358, -2.26949 ], [ -71.0705895, -2.2690342 ], [ -71.06515, -2.26643 ], [ -71.05694, -2.2643 ], [ -71.05169, -2.26357 ], [ -71.02056, -2.27115 ], [ -71.015898, -2.2761946 ], [ -70.99311, -2.24726 ], [ -70.99727, -2.24131 ], [ -70.99908, -2.21464 ], [ -70.99298, -2.20517 ], [ -70.98705, -2.2042 ], [ -70.9807088, -2.204689 ], [ -70.97914, -2.20481 ], [ -70.94296, -2.2349 ], [ -70.93765, -2.24016 ], [ -70.92802, -2.24537 ], [ -70.9235838, -2.2455856 ], [ -70.9197925, -2.2457699 ], [ -70.91113, -2.2434 ], [ -70.9001258, -2.2375398 ], [ -70.88869, -2.22207 ], [ -70.88255, -2.21903 ], [ -70.84941, -2.22015 ], [ -70.8261, -2.27884 ], [ -70.78854, -2.29073 ], [ -70.78123, -2.28906 ], [ -70.77212, -2.28623 ], [ -70.7711609, -2.2862987 ], [ -70.7664, -2.28664 ], [ -70.7632014, -2.2885461 ], [ -70.7564236, -2.2960612 ], [ -70.7546613, -2.2980485 ], [ -70.7409906, -2.3216292 ], [ -70.73365, -2.32548 ], [ -70.7277464, -2.3286413 ], [ -70.72562, -2.32978 ], [ -70.72172, -2.33021 ], [ -70.6942603, -2.3364013 ], [ -70.68854, -2.33753 ], [ -70.674354, -2.3404096 ], [ -70.66747, -2.34495 ], [ -70.6582402, -2.3511454 ], [ -70.65642, -2.35453 ], [ -70.6553145, -2.3602323 ], [ -70.6552201, -2.3607209 ], [ -70.6563, -2.36809 ], [ -70.65856, -2.37133 ], [ -70.66889, -2.3928 ], [ -70.66724, -2.399 ], [ -70.65986, -2.40745 ], [ -70.6561555, -2.4095656 ], [ -70.61994, -2.39976 ], [ -70.6189153, -2.4039454 ], [ -70.62862, -2.45457 ], [ -70.62789, -2.46054 ], [ -70.62508, -2.46788 ], [ -70.61978, -2.47381 ], [ -70.6106, -2.47834 ], [ -70.6099145, -2.4790225 ], [ -70.5947873, -2.4835876 ], [ -70.58418, -2.48448 ], [ -70.5836097, -2.4845356 ], [ -70.58336, -2.48456 ], [ -70.57789, -2.48267 ], [ -70.57029, -2.4785929 ], [ -70.55991, -2.47448 ], [ -70.5557759, -2.4733438 ], [ -70.5499028, -2.4695739 ], [ -70.54902, -2.46473 ], [ -70.5500026, -2.4617612 ], [ -70.55183, -2.45624 ], [ -70.5719567, -2.437001 ], [ -70.58105, -2.4321 ], [ -70.5837675, -2.4271243 ], [ -70.58363, -2.42522 ], [ -70.57866, -2.41874 ], [ -70.5767858, -2.4181883 ], [ -70.57387, -2.41733 ], [ -70.562, -2.41539 ], [ -70.5598623, -2.4157541 ], [ -70.5556, -2.41648 ], [ -70.5538377, -2.4172657 ], [ -70.5422115, -2.4240404 ], [ -70.53745, -2.42737 ], [ -70.5101137, -2.4635115 ], [ -70.50812, -2.46485 ], [ -70.49574, -2.46958 ], [ -70.492554, -2.4693764 ], [ -70.48729, -2.46904 ], [ -70.4745706, -2.4604304 ], [ -70.4742299, -2.4600483 ], [ -70.46982, -2.4551 ], [ -70.4447, -2.47973 ], [ -70.4436815, -2.4820293 ], [ -70.41232, -2.52431 ], [ -70.40755, -2.52128 ], [ -70.364865, -2.4935492 ], [ -70.35387, -2.49346 ], [ -70.3321, -2.49994 ], [ -70.32088, -2.50168 ], [ -70.30675, -2.49812 ], [ -70.3021058, -2.5025207 ], [ -70.30122, -2.50336 ], [ -70.30119, -2.50612 ], [ -70.30011, -2.52589 ], [ -70.30238, -2.52706 ], [ -70.305768, -2.5298311 ], [ -70.30919, -2.53263 ], [ -70.3265209, -2.5366896 ], [ -70.3280405, -2.5360395 ], [ -70.33019, -2.53512 ], [ -70.33172, -2.53525 ], [ -70.3335192, -2.5354093 ], [ -70.3359, -2.53562 ], [ -70.3385206, -2.5371562 ], [ -70.33909, -2.53749 ], [ -70.34251, -2.53706 ], [ -70.35048, -2.54104 ], [ -70.3567301, -2.548497 ], [ -70.35748, -2.55121 ], [ -70.3554585, -2.5592552 ], [ -70.35049, -2.5668 ], [ -70.3451524, -2.5707516 ], [ -70.3377167, -2.5743258 ], [ -70.33281, -2.57585 ], [ -70.31636, -2.57548 ], [ -70.3006638, -2.5687287 ], [ -70.28679, -2.55935 ], [ -70.2791151, -2.5512151 ], [ -70.26362, -2.54374 ], [ -70.2573331, -2.5438316 ], [ -70.2326, -2.5628 ], [ -70.22999, -2.57382 ], [ -70.22901, -2.58186 ], [ -70.22565, -2.60023 ], [ -70.22625, -2.60943 ], [ -70.21355, -2.65003 ], [ -70.2081348, -2.652506 ], [ -70.201172, -2.6538397 ], [ -70.1985153, -2.6531004 ], [ -70.18129, -2.62928 ], [ -70.1793432, -2.6291381 ], [ -70.1736718, -2.630133 ], [ -70.17281, -2.63036 ], [ -70.16567, -2.63651 ], [ -70.16382, -2.63971 ], [ -70.16222, -2.67597 ], [ -70.16345, -2.68111 ], [ -70.1631752, -2.6856423 ], [ -70.15021, -2.70492 ], [ -70.146785, -2.7052696 ], [ -70.14198, -2.70576 ], [ -70.13331, -2.70385 ], [ -70.12671, -2.70057 ], [ -70.11967, -2.69522 ], [ -70.10978, -2.67673 ], [ -70.1076749, -2.6674317 ], [ -70.10226, -2.64837 ], [ -70.09976, -2.64628 ], [ -70.09293, -2.64415 ], [ -70.0873926, -2.6492622 ], [ -70.07608, -2.66195 ], [ -70.07534, -2.66341 ], [ -70.07213, -2.66973 ], [ -70.0719223, -2.6709722 ], [ -70.07067, -2.67846 ], [ -70.07082, -2.6872 ], [ -70.07144, -2.6948 ], [ -70.0720838, -2.7047763 ], [ -70.07245, -2.71045 ], [ -70.06214, -2.73819 ], [ -70.0593127, -2.7397353 ], [ -70.0341, -2.76051 ], [ -70.05292, -2.7922 ], [ -70.073608, -2.8242328 ], [ -70.11018, -2.88086 ], [ -70.1598398, -2.9572244 ], [ -70.18263, -2.99227 ], [ -70.22195, -3.05242 ], [ -70.3312225, -3.2186605 ], [ -70.37502, -3.28669 ], [ -70.4197645, -3.3551243 ], [ -70.44005, -3.38615 ], [ -70.475, -3.44164 ], [ -70.4859451, -3.4579219 ], [ -70.48779, -3.46025 ], [ -70.504943, -3.487264 ], [ -70.51061, -3.49563 ], [ -70.54845, -3.55407 ], [ -70.5508249, -3.5577396 ], [ -70.559838, -3.55561 ], [ -70.574837, -3.55517 ], [ -70.589959, -3.551779 ], [ -70.631927, -3.538339 ], [ -70.683089, -3.503541 ], [ -70.885178, -3.318049 ], [ -70.987557, -3.29652 ], [ -71.081092, -3.25578 ], [ -71.153412, -3.21116 ], [ -71.326813, -3.152889 ], [ -71.41613, -3.086659 ], [ -71.565826, -3.021679 ], [ -71.608872, -2.974829 ], [ -71.724609, -2.94108 ], [ -71.788711, -2.90836 ], [ -71.855584, -2.90983 ], [ -71.981187, -2.877799 ], [ -72.018806, -2.841899 ], [ -72.062636, -2.769069 ], [ -72.07, -2.674179 ], [ -72.138732, -2.649729 ], [ -72.178688, -2.662309 ], [ -72.235335, -2.71472 ], [ -72.325143, -2.722821 ], [ -72.360048, -2.707509 ], [ -72.417573, -2.731199 ], [ -72.479554, -2.70178 ], [ -72.576766, -2.728081 ], [ -72.635292, -2.77249 ], [ -72.679833, -2.76575 ], [ -72.743332, -2.80535 ], [ -72.893402, -2.806759 ], [ -72.923448, -2.827317 ], [ -72.886963, -2.88076 ], [ -72.795287, -2.938671 ], [ -72.623078, -2.954729 ], [ -72.545517, -2.952209 ], [ -72.555367, -2.99964 ], [ -72.502571, -3.10167 ], [ -72.453797, -3.134359 ], [ -72.427407, -3.17687 ], [ -72.322471, -3.24712 ], [ -72.272057, -3.33517 ], [ -72.210518, -3.38395 ], [ -72.143081, -3.398739 ], [ -72.148819, -3.44507 ], [ -72.127038, -3.493711 ], [ -72.152785, -3.561659 ], [ -72.228692, -3.63305 ], [ -72.277335, -3.71378 ], [ -72.281983, -3.844429 ], [ -72.27037, -3.876209 ], [ -72.274559, -3.961679 ], [ -72.385102, -4.0445 ], [ -72.42279, -4.14643 ], [ -72.485603, -4.269408 ], [ -72.62886, -4.280421 ], [ -72.66565, -4.379939 ], [ -72.713997, -4.401459 ], [ -72.758857, -4.386799 ], [ -72.766983, -4.467301 ], [ -72.817771, -4.499398 ], [ -72.95456, -4.47071 ], [ -72.994714, -4.50139 ], [ -73.031089, -4.49661 ], [ -73.098098, -4.47471 ], [ -73.185669, -4.50317 ], [ -73.199624, -4.544889 ], [ -73.263611, -4.5456 ], [ -73.329742, -4.567229 ], [ -73.363029, -4.55043 ], [ -73.381408, -4.4761 ], [ -73.447487, -4.444751 ], [ -73.419274, -4.388969 ], [ -73.443909, -4.307189 ], [ -73.471999, -4.306412 ], [ -73.560181, -4.399093 ], [ -73.610748, -4.392707 ], [ -73.685609, -4.43686 ], [ -73.792343, -4.448999 ], [ -73.842666, -4.433116 ], [ -73.945236, -4.325912 ], [ -74.008843, -4.286734 ], [ -74.049744, -4.235326 ], [ -74.08007, -4.155282 ], [ -74.095917, -3.985867 ], [ -74.162406, -3.885863 ], [ -74.309472, -3.742661 ], [ -74.383956, -3.699854 ], [ -74.468895, -3.674063 ], [ -74.50303, -3.628244 ], [ -74.569412, -3.576794 ], [ -74.649948, -3.531522 ], [ -74.691132, -3.437779 ], [ -74.747727, -3.354346 ], [ -74.804382, -3.290615 ], [ -74.886239, -3.271358 ], [ -75.003113, -3.172193 ], [ -75.053277, -3.005021 ], [ -75.020293, -2.732646 ], [ -75.034561, -2.63292 ], [ -75.012626, -2.539564 ], [ -75.025039, -2.413555 ], [ -75.080695, -2.379389 ], [ -75.102356, -2.345029 ], [ -75.110679, -2.247329 ], [ -75.148552, -2.23019 ], [ -75.285781, -2.114599 ], [ -75.300315, -2.08815 ], [ -75.432616, -2.006509 ], [ -75.539382, -1.989579 ], [ -75.580917, -1.949029 ], [ -75.674651, -1.93854 ], [ -75.71267, -1.895339 ], [ -75.763955, -1.901855 ], [ -75.827584, -1.9006 ], [ -75.856597, -1.906261 ], [ -75.858642, -1.906222 ], [ -75.870559, -1.9061299 ], [ -75.862425, -1.8958321 ], [ -75.64773, -1.62303 ], [ -75.61907, -1.58611 ], [ -75.599692, -1.5668417 ], [ -75.59628, -1.56339 ], [ -75.58672, -1.55509 ], [ -75.5792753, -1.5496196 ], [ -75.57669, -1.54772 ], [ -75.5740373, -1.5464535 ], [ -75.56164, -1.54309 ], [ -75.5576616, -1.5438807 ], [ -75.55364, -1.54468 ], [ -75.5490317, -1.5444693 ], [ -75.5460107, -1.5430494 ], [ -75.54247, -1.54098 ], [ -75.53519, -1.52901 ], [ -75.43449, -1.18635 ], [ -75.4256, -1.15564 ], [ -75.40234, -1.08024 ], [ -75.39489, -1.05644 ], [ -75.36436, -0.95573 ], [ -75.3604154, -0.9495115 ], [ -75.3535908, -0.94431 ], [ -75.35298, -0.94422 ], [ -75.3518642, -0.9445643 ], [ -75.2880312, -0.9805947 ], [ -75.28332, -0.98058 ], [ -75.2579581, -0.9720369 ], [ -75.25712, -0.97179 ], [ -75.2339987, -0.9732134 ], [ -75.22814, -0.97516 ], [ -75.21719, -0.97628 ], [ -75.2127069, -0.9759317 ], [ -75.208578, -0.9756074 ], [ -75.2051, -0.97533 ], [ -75.20236, -0.97602 ], [ -75.18936, -0.97576 ], [ -75.22782, -0.92462 ], [ -75.21889, -0.85545 ], [ -75.2614517, -0.7757661 ], [ -75.26108, -0.77286 ], [ -75.25063, -0.7556 ], [ -75.27144, -0.73406 ], [ -75.27533, -0.72879 ], [ -75.2774, -0.72305 ], [ -75.28017, -0.71088 ], [ -75.26312, -0.68833 ], [ -75.2576703, -0.6828078 ], [ -75.27366, -0.66791 ], [ -75.2785367, -0.66104 ], [ -75.2787004, -0.660809 ], [ -75.28146, -0.65347 ], [ -75.26878, -0.62923 ], [ -75.2433, -0.61421 ], [ -75.2351, -0.61005 ], [ -75.2348902, -0.6061439 ], [ -75.2375851, -0.6041233 ], [ -75.2422, -0.60067 ], [ -75.2432817, -0.5985714 ], [ -75.24587, -0.59355 ], [ -75.24316, -0.58596 ], [ -75.25069, -0.58576 ], [ -75.24418, -0.55519 ], [ -75.24356, -0.54095 ], [ -75.2444707, -0.5370453 ], [ -75.24495, -0.53499 ], [ -75.26162, -0.52816 ], [ -75.2612759, -0.5268232 ], [ -75.2593701, -0.5194202 ], [ -75.26878, -0.50292 ], [ -75.27197, -0.50408 ], [ -75.27671, -0.50968 ], [ -75.29021, -0.503 ], [ -75.29435, -0.4913 ], [ -75.30738, -0.48193 ], [ -75.3137331, -0.4913608 ], [ -75.3164483, -0.4920186 ], [ -75.33549, -0.4648 ], [ -75.3376002, -0.4605848 ], [ -75.33962, -0.45655 ], [ -75.35859, -0.44307 ], [ -75.3608228, -0.4461164 ], [ -75.36449, -0.45112 ], [ -75.3791701, -0.4396762 ], [ -75.3818718, -0.4351098 ], [ -75.38735, -0.43444 ], [ -75.41451, -0.42373 ], [ -75.43408, -0.36685 ], [ -75.4362249, -0.3580209 ], [ -75.43709, -0.35446 ], [ -75.43787, -0.35244 ], [ -75.44915, -0.32869 ], [ -75.46397, -0.32482 ], [ -75.54626, -0.31994 ], [ -75.62205, -0.26339 ], [ -75.62278, -0.13874 ], [ -75.62216, -0.11395 ], [ -75.61443, -0.10727 ], [ -75.6074597, -0.1137563 ], [ -75.60507, -0.11598 ], [ -75.59414, -0.11756 ], [ -75.59179, -0.11773 ], [ -75.55798, -0.12435 ], [ -75.54636, -0.12294 ], [ -75.54341, -0.11696 ], [ -75.53658, -0.1174 ], [ -75.5356316, -0.1132645 ], [ -75.45242, -0.13687 ], [ -75.4435572, -0.1367286 ], [ -75.38765, -0.14905 ], [ -75.3018, -0.13063 ], [ -75.2937381, -0.1123017 ], [ -75.29162, -0.10902 ], [ -75.2882002, -0.093691 ], [ -75.23417, -0.0208 ], [ -75.11498, -0.03862 ], [ -75.00608, -0.1127 ], [ -74.95898, -0.16628 ], [ -74.90352, -0.19504 ], [ -74.8328245, -0.14135 ], [ -74.78545, -0.20273 ] ] ], [ [ [ -72.8729836, -5.1260828 ], [ -72.87572, -5.12854 ], [ -72.88972, -5.16129 ], [ -72.8779036, -5.1671272 ], [ -72.87048, -5.20443 ], [ -72.8712308, -5.2071223 ], [ -72.87336, -5.24445 ], [ -72.8729543, -5.2458107 ], [ -72.8717208, -5.2499531 ], [ -72.9010542, -5.3232892 ], [ -72.90077, -5.33156 ], [ -72.8968605, -5.3362057 ], [ -72.89568, -5.34004 ], [ -72.9101951, -5.3542558 ], [ -72.93085, -5.39684 ], [ -72.9323461, -5.4111694 ], [ -72.9369068, -5.4226226 ], [ -72.93704, -5.43345 ], [ -72.9474767, -5.4513175 ], [ -72.94837, -5.45444 ], [ -72.93184, -5.52839 ], [ -72.96181, -5.64839 ], [ -72.9656901, -5.6514035 ], [ -72.96588, -5.65692 ], [ -72.9636075, -5.6611859 ], [ -72.97883, -5.71265 ], [ -73.07621, -5.84432 ], [ -73.11465, -5.86295 ], [ -73.13449, -5.99252 ], [ -73.18403, -6.03626 ], [ -73.18047, -6.16751 ], [ -73.14021, -6.29255 ], [ -73.14413, -6.32498 ], [ -73.14291, -6.33647 ], [ -73.12486, -6.39612 ], [ -73.16131, -6.48023 ], [ -73.24344, -6.53312 ], [ -73.36721, -6.57544 ], [ -73.48544, -6.67182 ], [ -73.50935, -6.70103 ], [ -73.5607004, -6.7163217 ], [ -73.56921, -6.71883 ], [ -73.5715362, -6.7210353 ], [ -73.57652, -6.72576 ], [ -73.61736, -6.77608 ], [ -73.71369, -6.86131 ], [ -73.7159, -6.86323 ], [ -73.7346, -6.88883 ], [ -73.74553, -6.90612 ], [ -73.74528, -6.9114 ], [ -73.75081, -6.94911 ], [ -73.75378, -6.95372 ], [ -73.7589106, -7.0399093 ], [ -73.75741, -7.04517 ], [ -73.79396, -7.10509 ], [ -73.79462, -7.1063 ], [ -73.79599, -7.11572 ], [ -73.7951588, -7.1163988 ], [ -73.848328, -7.105291 ], [ -73.836793, -7.05293 ], [ -73.86528, -7.007639 ], [ -73.836921, -6.89167 ], [ -73.795775, -6.86197 ], [ -73.705193, -6.75112 ], [ -73.675849, -6.650649 ], [ -73.617417, -6.58624 ], [ -73.624207, -6.4733 ], [ -73.55426, -6.482 ], [ -73.441231, -6.309679 ], [ -73.490936, -6.20232 ], [ -73.543892, -6.12503 ], [ -73.60054, -6.067119 ], [ -73.642852, -5.982089 ], [ -73.664192, -5.90061 ], [ -73.72226, -5.848149 ], [ -73.770721, -5.83326 ], [ -73.787507, -5.76667 ], [ -73.816803, -5.76327 ], [ -73.855347, -5.692019 ], [ -73.869293, -5.58131 ], [ -73.850121, -5.549111 ], [ -73.778999, -5.590541 ], [ -73.738441, -5.596811 ], [ -73.680611, -5.56044 ], [ -73.659187, -5.519609 ], [ -73.645501, -5.413949 ], [ -73.656288, -5.273219 ], [ -73.69204, -5.192271 ], [ -73.730293, -5.145959 ], [ -73.646638, -5.086929 ], [ -73.597108, -5.080801 ], [ -73.537308, -5.05106 ], [ -73.499604, -5.00832 ], [ -73.46164, -5.011301 ], [ -73.393661, -4.976489 ], [ -73.289039, -4.990469 ], [ -73.237344, -4.969971 ], [ -72.8729836, -5.1260828 ] ] ] ] } },
{ "type": "Feature", "properties": { "POLYGON_ID": "PER_GAUL1999_ADM2_24146", "ADM0_ISO3": "PER", "ADM0_NAME": "Peru", "ADM0_CODE": 195, "ADM1_NAME": "Loreto", "ADM1_CODE": 2343, "ADM2_NAME": "Requena", "ADM2_CODE": 24146, "GEOSET": "GAUL", "GEOSET_YEAR": 1999.0, "GEOSET_VERSION": "GAUL_v1", "GEOSET_UNIT": "ADM2", "CENTROID_LONG": -74.255363844573338, "CENTROID_LAT": -6.0703172840169168 }, "geometry": { "type": "MultiPolygon", "coordinates": [ [ [ [ -73.031089, -4.49661 ], [ -73.010483, -4.582149 ], [ -73.022827, -4.660699 ], [ -73.080879, -4.733969 ], [ -73.120812, -4.80609 ], [ -73.237344, -4.969971 ], [ -73.289039, -4.990469 ], [ -73.393661, -4.976489 ], [ -73.46164, -5.011301 ], [ -73.499604, -5.00832 ], [ -73.537308, -5.05106 ], [ -73.597108, -5.080801 ], [ -73.646638, -5.086929 ], [ -73.730293, -5.145959 ], [ -73.69204, -5.192271 ], [ -73.656288, -5.273219 ], [ -73.645501, -5.413949 ], [ -73.659187, -5.519609 ], [ -73.680611, -5.56044 ], [ -73.738441, -5.596811 ], [ -73.778999, -5.590541 ], [ -73.850121, -5.549111 ], [ -73.869293, -5.58131 ], [ -73.855347, -5.692019 ], [ -73.816803, -5.76327 ], [ -73.787507, -5.76667 ], [ -73.770721, -5.83326 ], [ -73.72226, -5.848149 ], [ -73.664192, -5.90061 ], [ -73.642852, -5.982089 ], [ -73.60054, -6.067119 ], [ -73.543892, -6.12503 ], [ -73.490936, -6.20232 ], [ -73.441231, -6.309679 ], [ -73.55426, -6.482 ], [ -73.624207, -6.4733 ], [ -73.617417, -6.58624 ], [ -73.675849, -6.650649 ], [ -73.705193, -6.75112 ], [ -73.795775, -6.86197 ], [ -73.836921, -6.89167 ], [ -73.86528, -7.007639 ], [ -73.836793, -7.05293 ], [ -73.848328, -7.105291 ], [ -73.7951588, -7.1163988 ], [ -73.795048, -7.1164892 ], [ -73.75623, -7.15337 ], [ -73.7147815, -7.2223287 ], [ -73.6889333, -7.3023402 ], [ -73.68842, -7.30627 ], [ -73.76069, -7.3346 ], [ -73.76736, -7.3344 ], [ -73.78573, -7.33769 ], [ -73.8323606, -7.3443389 ], [ -73.83786, -7.34755 ], [ -73.8468373, -7.3580827 ], [ -73.85181, -7.36506 ], [ -73.8775, -7.37688 ], [ -73.95371, -7.34826 ], [ -73.95484, -7.35331 ], [ -73.9162601, -7.4491407 ], [ -73.91736, -7.46109 ], [ -73.92716, -7.48041 ], [ -73.9424, -7.51721 ], [ -73.97914, -7.52769 ], [ -73.9822803, -7.5310285 ], [ -74.084054, -7.46575 ], [ -74.186722, -7.463521 ], [ -74.27301, -7.376879 ], [ -74.455437, -7.300519 ], [ -74.51928, -7.301969 ], [ -74.540909, -7.324439 ], [ -74.720544, -7.31971 ], [ -74.837197, -7.285999 ], [ -74.896659, -7.212629 ], [ -74.868592, -7.179759 ], [ -74.88701, -7.125194 ], [ -74.866187, -7.04318 ], [ -74.809722, -6.998199 ], [ -74.81147, -6.95993 ], [ -74.885407, -6.857654 ], [ -74.896682, -6.801439 ], [ -74.971686, -6.617749 ], [ -74.964881, -6.50552 ], [ -74.85669, -6.335109 ], [ -74.819221, -6.201119 ], [ -74.782197, -6.101979 ], [ -74.740318, -6.082661 ], [ -74.700699, -6.019171 ], [ -74.695763, -5.95053 ], [ -74.782233, -5.927923 ], [ -74.762756, -5.99106 ], [ -74.784157, -6.014129 ], [ -74.829986, -5.95969 ], [ -74.852524, -5.889012 ], [ -74.875716, -5.869051 ], [ -74.948906, -5.940956 ], [ -75.096054, -6.030432 ], [ -75.211189, -6.083666 ], [ -75.321426, -6.089681 ], [ -75.476777, -6.110523 ], [ -75.623505, -6.107706 ], [ -75.70201, -6.123448 ], [ -75.708756, -6.124234 ], [ -75.703346, -6.096481 ], [ -75.606209, -5.976788 ], [ -75.531433, -5.899127 ], [ -75.497298, -5.789284 ], [ -75.403008, -5.711483 ], [ -75.378929, -5.661529 ], [ -75.2957, -5.620979 ], [ -75.174575, -5.618683 ], [ -75.08142, -5.499482 ], [ -75.032487, -5.472256 ], [ -74.934037, -5.490186 ], [ -74.825279, -5.461088 ], [ -74.737464, -5.402633 ], [ -74.661712, -5.379538 ], [ -74.571937, -5.280416 ], [ -74.447104, -5.208512 ], [ -74.398568, -5.200152 ], [ -74.342323, -5.142431 ], [ -74.249022, -5.129898 ], [ -74.172029, -5.076571 ], [ -74.152946, -5.025491 ], [ -74.050216, -4.945418 ], [ -73.93798, -4.9754 ], [ -73.88617, -4.913159 ], [ -73.815246, -4.871829 ], [ -73.78801, -4.80998 ], [ -73.711404, -4.73834 ], [ -73.651572, -4.719681 ], [ -73.629098, -4.674248 ], [ -73.506576, -4.545559 ], [ -73.447487, -4.444751 ], [ -73.381408, -4.4761 ], [ -73.363029, -4.55043 ], [ -73.329742, -4.567229 ], [ -73.263611, -4.5456 ], [ -73.199624, -4.544889 ], [ -73.185669, -4.50317 ], [ -73.098098, -4.47471 ], [ -73.031089, -4.49661 ] ] ] ] } },
{ "type": "Feature", "properties": { "POLYGON_ID": "PER_GAUL1999_ADM2_24147", "ADM0_ISO3": "PER", "ADM0_NAME": "Peru", "ADM0_CODE": 195, "ADM1_NAME": "Loreto", "ADM1_CODE": 2343, "ADM2_NAME": "Ucayali", "ADM2_CODE": 24147, "GEOSET": "GAUL", "GEOSET_YEAR": 1999.0, "GEOSET_VERSION": "GAUL_v1", "GEOSET_UNIT": "ADM2", "CENTROID_LONG": -75.382226060261402, "CENTROID_LAT": -7.2941796925808609 }, "geometry": { "type": "MultiPolygon", "coordinates": [ [ [ [ -74.540909, -7.324439 ], [ -74.641503, -7.499369 ], [ -74.643821, -7.575579 ], [ -74.577134, -7.6363 ], [ -74.570686, -7.73017 ], [ -74.518439, -7.765281 ], [ -74.547692, -7.79098 ], [ -74.648085, -7.93855 ], [ -74.705041, -7.98091 ], [ -74.776259, -8.009629 ], [ -74.869118, -8.030839 ], [ -75.065436, -7.979189 ], [ -75.180877, -8.02474 ], [ -75.208716, -8.051998 ], [ -75.217468, -8.116308 ], [ -75.257125, -8.15223 ], [ -75.295358, -8.122998 ], [ -75.415992, -8.17238 ], [ -75.453744, -8.20999 ], [ -75.510581, -8.269469 ], [ -75.509369, -8.313372 ], [ -75.43364, -8.39731 ], [ -75.449265, -8.441819 ], [ -75.591201, -8.403999 ], [ -75.695396, -8.431636 ], [ -75.715972, -8.4858 ], [ -75.779556, -8.49867 ], [ -75.778443, -8.545078 ], [ -75.820197, -8.624971 ], [ -75.95385, -8.699899 ], [ -75.978469, -8.65276 ], [ -75.956489, -8.503019 ], [ -75.965943, -8.458678 ], [ -75.946502, -8.402119 ], [ -75.994056, -8.317934 ], [ -75.913086, -8.257398 ], [ -75.940506, -8.185941 ], [ -75.940743, -8.11353 ], [ -75.920593, -8.072519 ], [ -75.842583, -8.0536 ], [ -75.838036, -7.95769 ], [ -75.852654, -7.925048 ], [ -75.962151, -7.958861 ], [ -75.99417, -7.949688 ], [ -75.984261, -7.892607 ], [ -76.049394, -7.784608 ], [ -76.085206, -7.760287 ], [ -76.10273, -7.705654 ], [ -76.083458, -7.627336 ], [ -76.084274, -7.566576 ], [ -76.168975, -7.489412 ], [ -76.216874, -7.401777 ], [ -76.18962, -7.28361 ], [ -76.140473, -7.202649 ], [ -76.111281, -7.182 ], [ -76.023956, -7.160081 ], [ -76.007927, -7.120937 ], [ -76.005814, -6.960383 ], [ -76.015328, -6.892057 ], [ -76.06437, -6.809746 ], [ -76.013367, -6.804682 ], [ -75.991729, -6.717421 ], [ -75.905831, -6.73525 ], [ -75.846505, -6.720605 ], [ -75.789575, -6.644675 ], [ -75.718377, -6.768877 ], [ -75.648476, -6.782335 ], [ -75.634217, -6.843047 ], [ -75.513031, -6.786567 ], [ -75.530022, -6.742705 ], [ -75.521309, -6.689481 ], [ -75.541092, -6.636281 ], [ -75.53698, -6.549004 ], [ -75.508676, -6.511366 ], [ -75.548898, -6.388658 ], [ -75.539139, -6.314068 ], [ -75.499976, -6.252178 ], [ -75.612053, -6.14611 ], [ -75.70201, -6.123448 ], [ -75.623505, -6.107706 ], [ -75.476777, -6.110523 ], [ -75.321426, -6.089681 ], [ -75.211189, -6.083666 ], [ -75.096054, -6.030432 ], [ -74.948906, -5.940956 ], [ -74.875716, -5.869051 ], [ -74.852524, -5.889012 ], [ -74.829986, -5.95969 ], [ -74.784157, -6.014129 ], [ -74.762756, -5.99106 ], [ -74.782233, -5.927923 ], [ -74.695763, -5.95053 ], [ -74.700699, -6.019171 ], [ -74.740318, -6.082661 ], [ -74.782197, -6.101979 ], [ -74.819221, -6.201119 ], [ -74.85669, -6.335109 ], [ -74.964881, -6.50552 ], [ -74.971686, -6.617749 ], [ -74.896682, -6.801439 ], [ -74.885407, -6.857654 ], [ -74.81147, -6.95993 ], [ -74.809722, -6.998199 ], [ -74.866187, -7.04318 ], [ -74.88701, -7.125194 ], [ -74.868592, -7.179759 ], [ -74.896659, -7.212629 ], [ -74.837197, -7.285999 ], [ -74.720544, -7.31971 ], [ -74.540909, -7.324439 ] ] ] ] } },
{ "type": "Feature", "properties": { "POLYGON_ID": "PER_GAUL1999_ADM2_24148", "ADM0_ISO3": "PER", "ADM0_NAME": "Peru", "ADM0_CODE": 195, "ADM1_NAME": "Madre de Dios", "ADM1_CODE": 2344, "ADM2_NAME": "Manu", "ADM2_CODE": 24148, "GEOSET": "GAUL", "GEOSET_YEAR": 1999.0, "GEOSET_VERSION": "GAUL_v1", "GEOSET_UNIT": "ADM2", "CENTROID_LONG": -71.292919993862355, "CENTROID_LAT": -12.266197268399253 }, "geometry": { "type": "MultiPolygon", "coordinates": [ [ [ [ -70.401604, -13.096705 ], [ -70.419259, -13.071402 ], [ -70.480583, -13.070188 ], [ -70.516945, -13.11526 ], [ -70.642015, -13.090506 ], [ -70.71202, -13.10917 ], [ -70.766091, -13.106674 ], [ -70.814057, -13.072549 ], [ -70.869194, -13.078951 ], [ -70.931679, -13.046416 ], [ -71.051215, -13.021104 ], [ -71.102936, -13.032219 ], [ -71.203186, -12.978812 ], [ -71.301567, -12.943481 ], [ -71.36309, -12.884837 ], [ -71.403731, -12.893151 ], [ -71.560859, -12.808381 ], [ -71.635255, -12.814293 ], [ -71.677827, -12.850082 ], [ -71.727852, -12.819813 ], [ -71.731346, -12.787397 ], [ -71.800873, -12.764555 ], [ -71.833412, -12.716192 ], [ -71.908143, -12.729648 ], [ -71.962669, -12.680745 ], [ -71.958008, -12.613832 ], [ -72.000015, -12.568814 ], [ -72.016365, -12.512686 ], [ -72.06881, -12.49683 ], [ -72.054381, -12.432456 ], [ -72.012001, -12.405077 ], [ -71.927178, -12.29104 ], [ -71.984239, -12.283138 ], [ -72.097808, -12.231429 ], [ -72.088226, -12.144138 ], [ -72.098968, -12.084179 ], [ -72.174339, -12.060364 ], [ -72.270013, -12.052939 ], [ -72.286422, -11.975849 ], [ -72.337509, -11.96779 ], [ -72.355309, -11.854503 ], [ -72.402916, -11.79293 ], [ -72.363402, -11.64782 ], [ -72.317307, -11.595669 ], [ -72.291076, -11.48486 ], [ -72.293342, -11.439019 ], [ -72.247132, -11.38442 ], [ -72.242927, -11.324538 ], [ -72.242524, -11.32321 ], [ -72.126908, -11.31959 ], [ -72.109238, -11.37839 ], [ -72.024741, -11.368911 ], [ -71.915413, -11.37973 ], [ -71.856956, -11.333589 ], [ -71.77121, -11.35997 ], [ -71.724267, -11.33572 ], [ -71.64624, -11.364719 ], [ -71.576752, -11.425169 ], [ -71.567567, -11.480199 ], [ -71.486222, -11.535609 ], [ -71.44407, -11.580269 ], [ -71.352624, -11.637329 ], [ -71.209107, -11.756289 ], [ -71.125604, -11.753189 ], [ -71.077897, -11.7829 ], [ -71.023262, -11.88947 ], [ -70.990677, -11.91423 ], [ -70.907623, -11.915169 ], [ -70.783914, -11.98913 ], [ -70.733367, -11.98368 ], [ -70.645668, -12.002198 ], [ -70.540657, -12.113258 ], [ -70.500328, -12.107469 ], [ -70.436676, -12.154239 ], [ -70.410188, -12.14727 ], [ -70.355263, -12.194489 ], [ -70.249039, -12.362329 ], [ -70.256043, -12.41962 ], [ -70.231948, -12.464769 ], [ -70.130966, -12.499608 ], [ -70.079941, -12.54812 ], [ -70.075608, -12.621499 ], [ -70.112968, -12.672513 ], [ -70.167558, -12.69122 ], [ -70.246728, -12.791989 ], [ -70.24772, -12.822028 ], [ -70.309434, -12.85153 ], [ -70.354561, -12.91643 ], [ -70.359146, -13.004159 ], [ -70.401604, -13.096705 ] ] ] ] } },
{ "type": "Feature", "properties": { "POLYGON_ID": "PER_GAUL1999_ADM2_24149", "ADM0_ISO3": "PER", "ADM0_NAME": "Peru", "ADM0_CODE": 195, "ADM1_NAME": "Madre de Dios", "ADM1_CODE": 2344, "ADM2_NAME": "Tahuamanu", "ADM2_CODE": 24149, "GEOSET": "GAUL", "GEOSET_YEAR": 1999.0, "GEOSET_VERSION": "GAUL_v1", "GEOSET_UNIT": "ADM2", "CENTROID_LONG": -70.33817433168258, "CENTROID_LAT": -11.143586544479632 }, "geometry": { "type": "MultiPolygon", "coordinates": [ [ [ [ -70.5997492, -9.8008039 ], [ -70.60221, -9.80322 ], [ -70.62185, -9.84681 ], [ -70.621504, -10.082559 ], [ -70.622016, -10.3631701 ], [ -70.6212352, -10.7068878 ], [ -70.61998, -10.9845 ], [ -70.61828, -11.00117 ], [ -70.5271863, -10.9397899 ], [ -70.52328, -10.93843 ], [ -70.49763, -10.94612 ], [ -70.42761, -11.0328 ], [ -70.33662, -11.06681 ], [ -70.31755, -11.06577 ], [ -70.2658078, -11.0524743 ], [ -70.2589, -11.05248 ], [ -70.24932, -11.05414 ], [ -70.2308026, -11.0535906 ], [ -70.21841, -11.05102 ], [ -70.14363, -11.02911 ], [ -70.1413334, -11.0281739 ], [ -70.1155677, -11.0101057 ], [ -70.10984, -11.00705 ], [ -70.1065281, -11.0029071 ], [ -70.10143, -10.99653 ], [ -70.0994824, -10.995279 ], [ -70.09293, -10.99107 ], [ -70.0873036, -10.9894091 ], [ -70.08043, -10.98738 ], [ -70.05681, -10.9804 ], [ -70.03896, -10.97684 ], [ -70.01867, -10.96692 ], [ -70.0, -10.95939 ], [ -69.98656, -10.95467 ], [ -69.981834, -10.9506352 ], [ -69.97856, -10.94784 ], [ -69.9557331, -10.9368115 ], [ -69.94634, -10.9295 ], [ -69.932913, -10.9260135 ], [ -69.92315, -10.92536 ], [ -69.90188, -10.93024 ], [ -69.86814, -10.93416 ], [ -69.85626, -10.93068 ], [ -69.84231, -10.92994 ], [ -69.8379957, -10.9310507 ], [ -69.83155, -10.93271 ], [ -69.81604, -10.92825 ], [ -69.8126115, -10.9280282 ], [ -69.81094, -10.92792 ], [ -69.7923, -10.92869 ], [ -69.7872687, -10.9299165 ], [ -69.77663, -10.93251 ], [ -69.7746751, -10.9339213 ], [ -69.75275, -10.94975 ], [ -69.74962, -10.95317 ], [ -69.73203, -10.97234 ], [ -69.72806, -10.97295 ], [ -69.71438, -10.97059 ], [ -69.70875, -10.97255 ], [ -69.70247, -10.97219 ], [ -69.69375, -10.96625 ], [ -69.5664424, -10.9566565 ], [ -69.51292, -11.04302 ], [ -69.50019, -11.0614 ], [ -69.49922, -11.0642 ], [ -69.49821, -11.06711 ], [ -69.45367, -11.13454 ], [ -69.3309796, -11.3310681 ], [ -69.32719, -11.33512 ], [ -69.2686, -11.43284 ], [ -69.252551, -11.458262 ], [ -69.1580189, -11.6080797 ], [ -69.09504, -11.70937 ], [ -68.9772799, -11.9085958 ], [ -68.9760579, -11.9105627 ], [ -69.188186, -11.91075 ], [ -69.242204, -11.88335 ], [ -69.312759, -11.909829 ], [ -69.414032, -11.867299 ], [ -69.4655, -11.87309 ], [ -69.589127, -11.778419 ], [ -69.666656, -11.759819 ], [ -69.75933, -11.80833 ], [ -69.860282, -11.78042 ], [ -69.962342, -11.710619 ], [ -70.029052, -11.71092 ], [ -70.177406, -11.62767 ], [ -70.240517, -11.560039 ], [ -70.30349, -11.455119 ], [ -70.37474, -11.43772 ], [ -70.675759, -11.43659 ], [ -70.726928, -11.428059 ], [ -70.77613, -11.365971 ], [ -70.876519, -11.31345 ], [ -70.879325, -11.2736 ], [ -70.950448, -11.27937 ], [ -71.068238, -11.236288 ], [ -71.217888, -11.2107 ], [ -71.278108, -11.179428 ], [ -71.311654, -11.18627 ], [ -71.420838, -11.13648 ], [ -71.450226, -11.110179 ], [ -71.57019, -11.084019 ], [ -71.628326, -11.10604 ], [ -71.730117, -11.07235 ], [ -71.810837, -11.071449 ], [ -71.85051, -11.044298 ], [ -71.901702, -11.067518 ], [ -71.978821, -11.05246 ], [ -72.133941, -11.08339 ], [ -72.175476, -11.039029 ], [ -72.186835, -11.010469 ], [ -72.136886, -10.98569 ], [ -72.087739, -11.003759 ], [ -72.000138, -10.953579 ], [ -71.929207, -10.945819 ], [ -71.857231, -10.961559 ], [ -71.802888, -10.998649 ], [ -71.655968, -10.984129 ], [ -71.522422, -10.983869 ], [ -71.364877, -10.96707 ], [ -71.329796, -10.944399 ], [ -71.259927, -10.84654 ], [ -71.240281, -10.7969 ], [ -71.22744, -10.674558 ], [ -71.130707, -10.538369 ], [ -71.060753, -10.492 ], [ -70.891379, -10.352569 ], [ -70.855973, -10.283529 ], [ -70.850777, -10.169819 ], [ -70.81633, -10.078049 ], [ -70.652863, -9.948 ], [ -70.626747, -9.879849 ], [ -70.626701, -9.833669 ], [ -70.609222, -9.801198 ], [ -70.5997492, -9.8008039 ] ] ] ] } },
{ "type": "Feature", "properties": { "POLYGON_ID": "PER_GAUL1999_ADM2_24150", "ADM0_ISO3": "PER", "ADM0_NAME": "Peru", "ADM0_CODE": 195, "ADM1_NAME": "Madre de Dios", "ADM1_CODE": 2344, "ADM2_NAME": "Tambopata", "ADM2_CODE": 24150, "GEOSET": "GAUL", "GEOSET_YEAR": 1999.0, "GEOSET_VERSION": "GAUL_v1", "GEOSET_UNIT": "ADM2", "CENTROID_LONG": -70.059618247662357, "CENTROID_LAT": -12.201804239109011 }, "geometry": { "type": "MultiPolygon", "coordinates": [ [ [ [ -68.9760579, -11.9105627 ], [ -68.96341, -11.93092 ], [ -68.86349, -12.11522 ], [ -68.6846579, -12.486158 ], [ -68.6793, -12.49715 ], [ -68.6797235, -12.5166545 ], [ -68.67799, -12.52054 ], [ -68.6801331, -12.522666 ], [ -68.683, -12.52551 ], [ -68.69878, -12.53002 ], [ -68.7003794, -12.5338662 ], [ -68.75347, -12.59246 ], [ -68.77119, -12.64459 ], [ -68.7386111, -12.6593821 ], [ -68.73421, -12.65777 ], [ -68.7277006, -12.6714908 ], [ -68.7277894, -12.671622 ], [ -68.73108, -12.67648 ], [ -68.74204, -12.69652 ], [ -68.7372519, -12.7028343 ], [ -68.73824, -12.70512 ], [ -68.7384838, -12.705264 ], [ -68.74464, -12.7089 ], [ -68.7455135, -12.7107646 ], [ -68.87418, -12.75044 ], [ -68.89343, -12.79631 ], [ -68.96221, -12.85541 ], [ -68.97003, -13.00074 ], [ -68.94909, -13.03042 ], [ -68.9481325, -13.0369254 ], [ -68.997552, -13.062489 ], [ -69.502068, -13.299649 ], [ -69.62851, -13.361789 ], [ -70.090133, -13.210585 ], [ -70.40155, -13.110075 ], [ -70.401604, -13.096705 ], [ -70.359146, -13.004159 ], [ -70.354561, -12.91643 ], [ -70.309434, -12.85153 ], [ -70.24772, -12.822028 ], [ -70.246728, -12.791989 ], [ -70.167558, -12.69122 ], [ -70.112968, -12.672513 ], [ -70.075608, -12.621499 ], [ -70.079941, -12.54812 ], [ -70.130966, -12.499608 ], [ -70.231948, -12.464769 ], [ -70.256043, -12.41962 ], [ -70.249039, -12.362329 ], [ -70.355263, -12.194489 ], [ -70.410188, -12.14727 ], [ -70.436676, -12.154239 ], [ -70.500328, -12.107469 ], [ -70.540657, -12.113258 ], [ -70.645668, -12.002198 ], [ -70.733367, -11.98368 ], [ -70.783914, -11.98913 ], [ -70.907623, -11.915169 ], [ -70.990677, -11.91423 ], [ -71.023262, -11.88947 ], [ -71.077897, -11.7829 ], [ -71.125604, -11.753189 ], [ -71.209107, -11.756289 ], [ -71.352624, -11.637329 ], [ -71.44407, -11.580269 ], [ -71.486222, -11.535609 ], [ -71.567567, -11.480199 ], [ -71.576752, -11.425169 ], [ -71.64624, -11.364719 ], [ -71.724267, -11.33572 ], [ -71.77121, -11.35997 ], [ -71.856956, -11.333589 ], [ -71.915413, -11.37973 ], [ -72.024741, -11.368911 ], [ -72.109238, -11.37839 ], [ -72.126908, -11.31959 ], [ -72.242524, -11.32321 ], [ -72.199966, -11.263811 ], [ -72.198434, -11.195719 ], [ -72.14907, -11.152619 ], [ -72.120925, -11.10415 ], [ -72.164078, -11.089899 ], [ -72.175476, -11.039029 ], [ -72.133941, -11.08339 ], [ -71.978821, -11.05246 ], [ -71.901702, -11.067518 ], [ -71.85051, -11.044298 ], [ -71.810837, -11.071449 ], [ -71.730117, -11.07235 ], [ -71.628326, -11.10604 ], [ -71.57019, -11.084019 ], [ -71.450226, -11.110179 ], [ -71.420838, -11.13648 ], [ -71.311654, -11.18627 ], [ -71.278108, -11.179428 ], [ -71.217888, -11.2107 ], [ -71.068238, -11.236288 ], [ -70.950448, -11.27937 ], [ -70.879325, -11.2736 ], [ -70.876519, -11.31345 ], [ -70.77613, -11.365971 ], [ -70.726928, -11.428059 ], [ -70.675759, -11.43659 ], [ -70.37474, -11.43772 ], [ -70.30349, -11.455119 ], [ -70.240517, -11.560039 ], [ -70.177406, -11.62767 ], [ -70.029052, -11.71092 ], [ -69.962342, -11.710619 ], [ -69.860282, -11.78042 ], [ -69.75933, -11.80833 ], [ -69.666656, -11.759819 ], [ -69.589127, -11.778419 ], [ -69.4655, -11.87309 ], [ -69.414032, -11.867299 ], [ -69.312759, -11.909829 ], [ -69.242204, -11.88335 ], [ -69.188186, -11.91075 ], [ -68.9760579, -11.9105627 ] ] ] ] } },
{ "type": "Feature", "properties": { "POLYGON_ID": "PER_GAUL1999_ADM2_24151", "ADM0_ISO3": "PER", "ADM0_NAME": "Peru", "ADM0_CODE": 195, "ADM1_NAME": "Moquegua", "ADM1_CODE": 2345, "ADM2_NAME": "General Sánchez Cerro", "ADM2_CODE": 24151, "GEOSET": "GAUL", "GEOSET_YEAR": 1999.0, "GEOSET_VERSION": "GAUL_v1", "GEOSET_UNIT": "ADM2", "CENTROID_LONG": -70.831382033236821, "CENTROID_LAT": -16.459926814549572 }, "geometry": { "type": "MultiPolygon", "coordinates": [ [ [ [ -70.563225, -15.983297 ], [ -70.517432, -16.03328 ], [ -70.434625, -16.06141 ], [ -70.402749, -16.09071 ], [ -70.401146, -16.150601 ], [ -70.358939, -16.208886 ], [ -70.340417, -16.326626 ], [ -70.382767, -16.385111 ], [ -70.333602, -16.411248 ], [ -70.313819, -16.461088 ], [ -70.35994, -16.477443 ], [ -70.388276, -16.516701 ], [ -70.470863, -16.555909 ], [ -70.576653, -16.565219 ], [ -70.680869, -16.54592 ], [ -70.729691, -16.625578 ], [ -70.764953, -16.637648 ], [ -70.780632, -16.723512 ], [ -70.823844, -16.759244 ], [ -70.879464, -16.774547 ], [ -70.965615, -16.777318 ], [ -71.063773, -16.75836 ], [ -71.155511, -16.868527 ], [ -71.170503, -16.905519 ], [ -71.286964, -16.942852 ], [ -71.331688, -16.943102 ], [ -71.391923, -16.979598 ], [ -71.425759, -16.920398 ], [ -71.444129, -16.806614 ], [ -71.42559, -16.740726 ], [ -71.369911, -16.719143 ], [ -71.324187, -16.751812 ], [ -71.289246, -16.726254 ], [ -71.279311, -16.615625 ], [ -71.248199, -16.560645 ], [ -71.246658, -16.467711 ], [ -71.140327, -16.474808 ], [ -71.081452, -16.456589 ], [ -70.991493, -16.495001 ], [ -70.954094, -16.467137 ], [ -70.975213, -16.410332 ], [ -70.984277, -16.308413 ], [ -70.876709, -16.280756 ], [ -70.849626, -16.228254 ], [ -70.878762, -16.166421 ], [ -70.875229, -16.094389 ], [ -70.856711, -16.056029 ], [ -70.804688, -16.054941 ], [ -70.821006, -15.978413 ], [ -70.76925, -16.016759 ], [ -70.713516, -16.033527 ], [ -70.563225, -15.983297 ] ] ] ] } },
{ "type": "Feature", "properties": { "POLYGON_ID": "PER_GAUL1999_ADM2_24152", "ADM0_ISO3": "PER", "ADM0_NAME": "Peru", "ADM0_CODE": 195, "ADM1_NAME": "Moquegua", "ADM1_CODE": 2345, "ADM2_NAME": "Ilo", "ADM2_CODE": 24152, "GEOSET": "GAUL", "GEOSET_YEAR": 1999.0, "GEOSET_VERSION": "GAUL_v1", "GEOSET_UNIT": "ADM2", "CENTROID_LONG": -71.209887834686057, "CENTROID_LAT": -17.576148575519909 }, "geometry": { "type": "MultiPolygon", "coordinates": [ [ [ [ -70.907723, -17.647207 ], [ -70.913307, -17.687092 ], [ -70.993163, -17.678905 ], [ -71.0168, -17.708552 ], [ -71.084329, -17.735802 ], [ -71.1394669, -17.8214769 ], [ -71.2056485, -17.7686485 ], [ -71.3722187, -17.6817127 ], [ -71.343671, -17.6424767 ], [ -71.3725664, -17.4753906 ], [ -71.3945899, -17.3891309 ], [ -71.4913082, -17.2848997 ], [ -71.442399, -17.250733 ], [ -71.386795, -17.26436 ], [ -71.365342, -17.365602 ], [ -71.315766, -17.419738 ], [ -71.216033, -17.434452 ], [ -71.07412, -17.487255 ], [ -71.073036, -17.524492 ], [ -70.992935, -17.622467 ], [ -70.907723, -17.647207 ] ] ] ] } },
{ "type": "Feature", "properties": { "POLYGON_ID": "PER_GAUL1999_ADM2_24153", "ADM0_ISO3": "PER", "ADM0_NAME": "Peru", "ADM0_CODE": 195, "ADM1_NAME": "Moquegua", "ADM1_CODE": 2345, "ADM2_NAME": "Mariscal Nieto", "ADM2_CODE": 24153, "GEOSET": "GAUL", "GEOSET_YEAR": 1999.0, "GEOSET_VERSION": "GAUL_v1", "GEOSET_UNIT": "ADM2", "CENTROID_LONG": -70.786514208084412, "CENTROID_LAT": -17.011495106436008 }, "geometry": { "type": "MultiPolygon", "coordinates": [ [ [ [ -70.313819, -16.461088 ], [ -70.220338, -16.513385 ], [ -70.176278, -16.561051 ], [ -70.169648, -16.608878 ], [ -70.097183, -16.652478 ], [ -70.024109, -16.631209 ], [ -69.995057, -16.72888 ], [ -70.056632, -16.769286 ], [ -70.091492, -16.81254 ], [ -70.096077, -16.891261 ], [ -70.147613, -16.938644 ], [ -70.179138, -16.916879 ], [ -70.224693, -16.960788 ], [ -70.260011, -16.902098 ], [ -70.245155, -16.860119 ], [ -70.183389, -16.829139 ], [ -70.307809, -16.772846 ], [ -70.441788, -16.841027 ], [ -70.464912, -16.945482 ], [ -70.46357, -17.004794 ], [ -70.439828, -17.049087 ], [ -70.491601, -17.091305 ], [ -70.521332, -17.158027 ], [ -70.570596, -17.195058 ], [ -70.678376, -17.22285 ], [ -70.713593, -17.270464 ], [ -70.752801, -17.37844 ], [ -70.746568, -17.429016 ], [ -70.781158, -17.451452 ], [ -70.882972, -17.561771 ], [ -70.907723, -17.647207 ], [ -70.992935, -17.622467 ], [ -71.073036, -17.524492 ], [ -71.07412, -17.487255 ], [ -71.216033, -17.434452 ], [ -71.315766, -17.419738 ], [ -71.365342, -17.365602 ], [ -71.386795, -17.26436 ], [ -71.442399, -17.250733 ], [ -71.305083, -17.095178 ], [ -71.340745, -17.021044 ], [ -71.38362, -17.020773 ], [ -71.391923, -16.979598 ], [ -71.331688, -16.943102 ], [ -71.286964, -16.942852 ], [ -71.170503, -16.905519 ], [ -71.155511, -16.868527 ], [ -71.063773, -16.75836 ], [ -70.965615, -16.777318 ], [ -70.879464, -16.774547 ], [ -70.823844, -16.759244 ], [ -70.780632, -16.723512 ], [ -70.764953, -16.637648 ], [ -70.729691, -16.625578 ], [ -70.680869, -16.54592 ], [ -70.576653, -16.565219 ], [ -70.470863, -16.555909 ], [ -70.388276, -16.516701 ], [ -70.35994, -16.477443 ], [ -70.313819, -16.461088 ] ] ] ] } },
{ "type": "Feature", "properties": { "POLYGON_ID": "PER_GAUL1999_ADM2_24154", "ADM0_ISO3": "PER", "ADM0_NAME": "Peru", "ADM0_CODE": 195, "ADM1_NAME": "Pasco", "ADM1_CODE": 2346, "ADM2_NAME": "Daniel Alcides Carrión", "ADM2_CODE": 24154, "GEOSET": "GAUL", "GEOSET_YEAR": 1999.0, "GEOSET_VERSION": "GAUL_v1", "GEOSET_UNIT": "ADM2", "CENTROID_LONG": -76.481454091345498, "CENTROID_LAT": -10.507898204395469 }, "geometry": { "type": "MultiPolygon", "coordinates": [ [ [ [ -76.30532, -10.413714 ], [ -76.245659, -10.480916 ], [ -76.241707, -10.54223 ], [ -76.361756, -10.626612 ], [ -76.418213, -10.652763 ], [ -76.456488, -10.646356 ], [ -76.516113, -10.74283 ], [ -76.538827, -10.704686 ], [ -76.656159, -10.646776 ], [ -76.704148, -10.588722 ], [ -76.726204, -10.484991 ], [ -76.697044, -10.443176 ], [ -76.647124, -10.415022 ], [ -76.491507, -10.379112 ], [ -76.472602, -10.33713 ], [ -76.493905, -10.310414 ], [ -76.425529, -10.318979 ], [ -76.386879, -10.289109 ], [ -76.336426, -10.285877 ], [ -76.30532, -10.413714 ] ] ] ] } },
{ "type": "Feature", "properties": { "POLYGON_ID": "PER_GAUL1999_ADM2_24155", "ADM0_ISO3": "PER", "ADM0_NAME": "Peru", "ADM0_CODE": 195, "ADM1_NAME": "Pasco", "ADM1_CODE": 2346, "ADM2_NAME": "Oxapampa", "ADM2_CODE": 24155, "GEOSET": "GAUL", "GEOSET_YEAR": 1999.0, "GEOSET_VERSION": "GAUL_v1", "GEOSET_UNIT": "ADM2", "CENTROID_LONG": -74.977957155450426, "CENTROID_LAT": -10.291738312843076 }, "geometry": { "type": "MultiPolygon", "coordinates": [ [ [ [ -74.413558, -9.898271 ], [ -74.398475, -9.945381 ], [ -74.393472, -10.04309 ], [ -74.303307, -10.158448 ], [ -74.247277, -10.21408 ], [ -74.408364, -10.308819 ], [ -74.373862, -10.360719 ], [ -74.323701, -10.371269 ], [ -74.285331, -10.42464 ], [ -74.189079, -10.463107 ], [ -74.181815, -10.505449 ], [ -74.134667, -10.59914 ], [ -74.166123, -10.63807 ], [ -74.230607, -10.635939 ], [ -74.368217, -10.768851 ], [ -74.392968, -10.813599 ], [ -74.481216, -10.835267 ], [ -74.501487, -10.897369 ], [ -74.552665, -10.888168 ], [ -74.574248, -10.911632 ], [ -74.653549, -10.868962 ], [ -74.696793, -10.892179 ], [ -74.710388, -10.855492 ], [ -74.75892, -10.826151 ], [ -74.794768, -10.829686 ], [ -74.840584, -10.763258 ], [ -74.891167, -10.769393 ], [ -74.953522, -10.737032 ], [ -74.982232, -10.750321 ], [ -74.998238, -10.67823 ], [ -75.0551, -10.655824 ], [ -75.119552, -10.730058 ], [ -75.211166, -10.714787 ], [ -75.262825, -10.826185 ], [ -75.314445, -10.863084 ], [ -75.410538, -10.863412 ], [ -75.453644, -10.900088 ], [ -75.466332, -10.904817 ], [ -75.490746, -10.823899 ], [ -75.459091, -10.785397 ], [ -75.489242, -10.756655 ], [ -75.567703, -10.72722 ], [ -75.573264, -10.680915 ], [ -75.623214, -10.623267 ], [ -75.680741, -10.602608 ], [ -75.738244, -10.602262 ], [ -75.794197, -10.580622 ], [ -75.88861, -10.507872 ], [ -75.941978, -10.480793 ], [ -75.984885, -10.48299 ], [ -75.925133, -10.400107 ], [ -75.934509, -10.374941 ], [ -75.856643, -10.301562 ], [ -75.840073, -10.257411 ], [ -75.732772, -10.234437 ], [ -75.703674, -10.206294 ], [ -75.704581, -10.144443 ], [ -75.674957, -10.051001 ], [ -75.595818, -10.013782 ], [ -75.594002, -9.946805 ], [ -75.550088, -9.982435 ], [ -75.476342, -9.972156 ], [ -75.395995, -9.911203 ], [ -75.387405, -9.874965 ], [ -75.296655, -9.878447 ], [ -75.277275, -9.847768 ], [ -75.283379, -9.777333 ], [ -75.183265, -9.829986 ], [ -75.104699, -9.845033 ], [ -75.060304, -9.819413 ], [ -75.009711, -9.83595 ], [ -74.912132, -9.746271 ], [ -74.81848, -9.745945 ], [ -74.808906, -9.683793 ], [ -74.737594, -9.558425 ], [ -74.748367, -9.526469 ], [ -74.72953, -9.471879 ], [ -74.672294, -9.432106 ], [ -74.59404, -9.468937 ], [ -74.570397, -9.495539 ], [ -74.5847, -9.551628 ], [ -74.479279, -9.624547 ], [ -74.473166, -9.721378 ], [ -74.445602, -9.771581 ], [ -74.447852, -9.84063 ], [ -74.413558, -9.898271 ] ] ] ] } },
{ "type": "Feature", "properties": { "POLYGON_ID": "PER_GAUL1999_ADM2_24156", "ADM0_ISO3": "PER", "ADM0_NAME": "Peru", "ADM0_CODE": 195, "ADM1_NAME": "Pasco", "ADM1_CODE": 2346, "ADM2_NAME": "Pasco", "ADM2_CODE": 24156, "GEOSET": "GAUL", "GEOSET_YEAR": 1999.0, "GEOSET_VERSION": "GAUL_v1", "GEOSET_UNIT": "ADM2", "CENTROID_LONG": -76.147490829497016, "CENTROID_LAT": -10.746770612586115 }, "geometry": { "type": "MultiPolygon", "coordinates": [ [ [ [ -76.032075, -10.455151 ], [ -75.984885, -10.48299 ], [ -75.941978, -10.480793 ], [ -75.88861, -10.507872 ], [ -75.794197, -10.580622 ], [ -75.738244, -10.602262 ], [ -75.680741, -10.602608 ], [ -75.623214, -10.623267 ], [ -75.573264, -10.680915 ], [ -75.567703, -10.72722 ], [ -75.58239, -10.800401 ], [ -75.607437, -10.823992 ], [ -75.665268, -10.827969 ], [ -75.731988, -10.80879 ], [ -75.787544, -10.825022 ], [ -75.837981, -10.885431 ], [ -75.860198, -10.867647 ], [ -75.922715, -10.88302 ], [ -75.989471, -10.82236 ], [ -76.043892, -10.878208 ], [ -76.091462, -10.906474 ], [ -76.12056, -10.954512 ], [ -76.187523, -10.960152 ], [ -76.210517, -10.91808 ], [ -76.278549, -10.921644 ], [ -76.259033, -11.024859 ], [ -76.240372, -11.046121 ], [ -76.251152, -11.103995 ], [ -76.214768, -11.149781 ], [ -76.307845, -11.132537 ], [ -76.318015, -11.091517 ], [ -76.446319, -11.071716 ], [ -76.49115, -11.089318 ], [ -76.531242, -11.035938 ], [ -76.576888, -11.016401 ], [ -76.564934, -10.965121 ], [ -76.588136, -10.84532 ], [ -76.669945, -10.675668 ], [ -76.656159, -10.646776 ], [ -76.538827, -10.704686 ], [ -76.516113, -10.74283 ], [ -76.456488, -10.646356 ], [ -76.418213, -10.652763 ], [ -76.361756, -10.626612 ], [ -76.241707, -10.54223 ], [ -76.245659, -10.480916 ], [ -76.30532, -10.413714 ], [ -76.270516, -10.370649 ], [ -76.231093, -10.375488 ], [ -76.129884, -10.430023 ], [ -76.032075, -10.455151 ] ] ] ] } },
{ "type": "Feature", "properties": { "POLYGON_ID": "PER_GAUL1999_ADM2_24157", "ADM0_ISO3": "PER", "ADM0_NAME": "Peru", "ADM0_CODE": 195, "ADM1_NAME": "Piura", "ADM1_CODE": 2347, "ADM2_NAME": "Ayabaca", "ADM2_CODE": 24157, "GEOSET": "GAUL", "GEOSET_YEAR": 1999.0, "GEOSET_VERSION": "GAUL_v1", "GEOSET_UNIT": "ADM2", "CENTROID_LONG": -79.815564994934562, "CENTROID_LAT": -4.712299569701579 }, "geometry": { "type": "MultiPolygon", "coordinates": [ [ [ [ -80.13107, -4.29742 ], [ -80.1268202, -4.2960034 ], [ -80.12213, -4.29444 ], [ -80.11686, -4.29469 ], [ -80.10839, -4.29862 ], [ -80.10426, -4.29449 ], [ -80.1031391, -4.2942652 ], [ -80.10082, -4.2938 ], [ -80.097296, -4.2953241 ], [ -80.09608, -4.29585 ], [ -80.06031, -4.30587 ], [ -80.0146, -4.35382 ], [ -80.01072, -4.36188 ], [ -80.0085, -4.36394 ], [ -79.95833, -4.39237 ], [ -79.94573, -4.39125 ], [ -79.91478, -4.38166 ], [ -79.85191, -4.44506 ], [ -79.847571, -4.4526582 ], [ -79.80526, -4.48725 ], [ -79.7951432, -4.4872739 ], [ -79.75255, -4.47954 ], [ -79.7498325, -4.4795939 ], [ -79.7494431, -4.4796016 ], [ -79.73995, -4.47979 ], [ -79.72023, -4.46902 ], [ -79.71542, -4.46765 ], [ -79.7141279, -4.4677768 ], [ -79.7035, -4.46882 ], [ -79.6971703, -4.465563 ], [ -79.67918, -4.44955 ], [ -79.6746473, -4.448124 ], [ -79.67117, -4.44703 ], [ -79.6670461, -4.4442102 ], [ -79.65305, -4.43464 ], [ -79.6449, -4.4342393 ], [ -79.6441, -4.4342 ], [ -79.6430109, -4.4332722 ], [ -79.63678, -4.43399 ], [ -79.63059, -4.43492 ], [ -79.5949089, -4.4621139 ], [ -79.59445, -4.46558 ], [ -79.54093, -4.51881 ], [ -79.5411438, -4.5271502 ], [ -79.54116, -4.52778 ], [ -79.53314, -4.5232 ], [ -79.530676, -4.5231641 ], [ -79.5214495, -4.5230299 ], [ -79.51871, -4.52299 ], [ -79.508038, -4.5134317 ], [ -79.47616, -4.56999 ], [ -79.4823721, -4.5740411 ], [ -79.45092, -4.70484 ], [ -79.4277936, -4.7363491 ], [ -79.42508, -4.74214 ], [ -79.417243, -4.791971 ], [ -79.41685, -4.79447 ], [ -79.4162202, -4.7985184 ], [ -79.38739, -4.83307 ], [ -79.3853387, -4.8338434 ], [ -79.3837944, -4.8344257 ], [ -79.385315, -4.834554 ], [ -79.387765, -4.834597 ], [ -79.389214, -4.834378 ], [ -79.393836, -4.847946 ], [ -79.390472, -4.855255 ], [ -79.396095, -4.887908 ], [ -79.450637, -4.953028 ], [ -79.516381, -5.085653 ], [ -79.575385, -5.071709 ], [ -79.642754, -5.106835 ], [ -79.678687, -5.093644 ], [ -79.788979, -4.991221 ], [ -79.848929, -4.963537 ], [ -79.90741, -5.017773 ], [ -79.960525, -5.036316 ], [ -80.08319, -5.003595 ], [ -80.101608, -4.92893 ], [ -80.121398, -4.891555 ], [ -80.116477, -4.828263 ], [ -80.075546, -4.777694 ], [ -80.079804, -4.732587 ], [ -80.027069, -4.721294 ], [ -80.035354, -4.656293 ], [ -80.121612, -4.675529 ], [ -80.155922, -4.603103 ], [ -80.221222, -4.595402 ], [ -80.226081, -4.445188 ], [ -80.264083, -4.428847 ], [ -80.271834, -4.438504 ], [ -80.277671, -4.435507 ], [ -80.28125, -4.42913 ], [ -80.280762, -4.426791 ], [ -80.283287, -4.425547 ], [ -80.284149, -4.426046 ], [ -80.2846257, -4.4267619 ], [ -80.2848509, -4.4263076 ], [ -80.27747, -4.40585 ], [ -80.2731, -4.40195 ], [ -80.26738, -4.40174 ], [ -80.26074, -4.40682 ], [ -80.25593, -4.40591 ], [ -80.25156, -4.3981 ], [ -80.24924, -4.39839 ], [ -80.2473447, -4.3986179 ], [ -80.24306, -4.39007 ], [ -80.23159, -4.38113 ], [ -80.2298333, -4.3773909 ], [ -80.2263, -4.36987 ], [ -80.22286, -4.36827 ], [ -80.22172, -4.3731 ], [ -80.2199552, -4.3733783 ], [ -80.21713, -4.36966 ], [ -80.2178, -4.36391 ], [ -80.21528, -4.3607 ], [ -80.2148, -4.35034 ], [ -80.20815, -4.35105 ], [ -80.20472, -4.35083 ], [ -80.20035, -4.34509 ], [ -80.1977399, -4.3448049 ], [ -80.19623, -4.34464 ], [ -80.1902623, -4.3418947 ], [ -80.19438, -4.3382 ], [ -80.1897577, -4.3382147 ], [ -80.16908, -4.2941 ], [ -80.16473, -4.29319 ], [ -80.15513, -4.30356 ], [ -80.1489606, -4.2975446 ], [ -80.137127, -4.2860066 ], [ -80.136447, -4.2853435 ], [ -80.13631, -4.28521 ], [ -80.13242, -4.28844 ], [ -80.13336, -4.29649 ], [ -80.13107, -4.29742 ] ] ] ] } },
{ "type": "Feature", "properties": { "POLYGON_ID": "PER_GAUL1999_ADM2_24158", "ADM0_ISO3": "PER", "ADM0_NAME": "Peru", "ADM0_CODE": 195, "ADM1_NAME": "Piura", "ADM1_CODE": 2347, "ADM2_NAME": "Huancabamba", "ADM2_CODE": 24158, "GEOSET": "GAUL", "GEOSET_YEAR": 1999.0, "GEOSET_VERSION": "GAUL_v1", "GEOSET_UNIT": "ADM2", "CENTROID_LONG": -79.514392982732616, "CENTROID_LAT": -5.4417128249307787 }, "geometry": { "type": "MultiPolygon", "coordinates": [ [ [ [ -79.3576, -4.83932 ], [ -79.35441, -4.84669 ], [ -79.35054, -4.86924 ], [ -79.3500267, -4.8705135 ], [ -79.34711, -4.87775 ], [ -79.3384139, -4.8865079 ], [ -79.3299691, -4.8864011 ], [ -79.32214, -4.8863 ], [ -79.31111, -4.89288 ], [ -79.3089784, -4.8944605 ], [ -79.3065365, -4.8956429 ], [ -79.30038, -4.89784 ], [ -79.29444, -4.90705 ], [ -79.2949, -4.91578 ], [ -79.2597652, -4.9673534 ], [ -79.2567263, -4.967319 ], [ -79.24178, -4.96715 ], [ -79.2351091, -4.9651266 ], [ -79.23123, -4.96395 ], [ -79.2265464, -4.963781 ], [ -79.2128895, -4.9632883 ], [ -79.247001, -5.034881 ], [ -79.278756, -5.043831 ], [ -79.29238, -5.108296 ], [ -79.328544, -5.121711 ], [ -79.377648, -5.189741 ], [ -79.347611, -5.237345 ], [ -79.357101, -5.289904 ], [ -79.308113, -5.367163 ], [ -79.297951, -5.459493 ], [ -79.271661, -5.516904 ], [ -79.398926, -5.535846 ], [ -79.372321, -5.600323 ], [ -79.400872, -5.755514 ], [ -79.334579, -5.894591 ], [ -79.361878, -5.932714 ], [ -79.419686, -5.971111 ], [ -79.480186, -5.923623 ], [ -79.52707, -5.913016 ], [ -79.600235, -5.93905 ], [ -79.628448, -5.840266 ], [ -79.68451, -5.847158 ], [ -79.741783, -5.819384 ], [ -79.717109, -5.739592 ], [ -79.761657, -5.7007 ], [ -79.789932, -5.646348 ], [ -79.83912, -5.63028 ], [ -79.801109, -5.562261 ], [ -79.776635, -5.561669 ], [ -79.726417, -5.475861 ], [ -79.68596, -5.522445 ], [ -79.643928, -5.476139 ], [ -79.768234, -5.42673 ], [ -79.731796, -5.376986 ], [ -79.69506, -5.385377 ], [ -79.647636, -5.336536 ], [ -79.669762, -5.315882 ], [ -79.720375, -5.182924 ], [ -79.712441, -5.125677 ], [ -79.642754, -5.106835 ], [ -79.575385, -5.071709 ], [ -79.516381, -5.085653 ], [ -79.450637, -4.953028 ], [ -79.396095, -4.887908 ], [ -79.390472, -4.855255 ], [ -79.393836, -4.847946 ], [ -79.389214, -4.834378 ], [ -79.387765, -4.834597 ], [ -79.385315, -4.834554 ], [ -79.3837944, -4.8344257 ], [ -79.38373, -4.83445 ], [ -79.36997, -4.83217 ], [ -79.3576, -4.83932 ] ] ] ] } },
{ "type": "Feature", "properties": { "POLYGON_ID": "PER_GAUL1999_ADM2_24159", "ADM0_ISO3": "PER", "ADM0_NAME": "Peru", "ADM0_CODE": 195, "ADM1_NAME": "Piura", "ADM1_CODE": 2347, "ADM2_NAME": "Morropón", "ADM2_CODE": 24159, "GEOSET": "GAUL", "GEOSET_YEAR": 1999.0, "GEOSET_VERSION": "GAUL_v1", "GEOSET_UNIT": "ADM2", "CENTROID_LONG": -79.990251360519835, "CENTROID_LAT": -5.2566184628659656 }, "geometry": { "type": "MultiPolygon", "coordinates": [ [ [ [ -80.101608, -4.92893 ], [ -80.08319, -5.003595 ], [ -79.960525, -5.036316 ], [ -79.90741, -5.017773 ], [ -79.848929, -4.963537 ], [ -79.788979, -4.991221 ], [ -79.678687, -5.093644 ], [ -79.642754, -5.106835 ], [ -79.712441, -5.125677 ], [ -79.720375, -5.182924 ], [ -79.669762, -5.315882 ], [ -79.647636, -5.336536 ], [ -79.69506, -5.385377 ], [ -79.731796, -5.376986 ], [ -79.768234, -5.42673 ], [ -79.643928, -5.476139 ], [ -79.68596, -5.522445 ], [ -79.726417, -5.475861 ], [ -79.776635, -5.561669 ], [ -79.801109, -5.562261 ], [ -79.83912, -5.63028 ], [ -79.858101, -5.586267 ], [ -79.854424, -5.532897 ], [ -79.897468, -5.480613 ], [ -79.946153, -5.515635 ], [ -79.968452, -5.58227 ], [ -80.082192, -5.560937 ], [ -80.12677, -5.510074 ], [ -80.26419, -5.325067 ], [ -80.340995, -5.276107 ], [ -80.362808, -5.229026 ], [ -80.334985, -5.12201 ], [ -80.27603, -5.071727 ], [ -80.222359, -5.053893 ], [ -80.25859, -4.989592 ], [ -80.237679, -4.954427 ], [ -80.17553, -4.972804 ], [ -80.101608, -4.92893 ] ] ] ] } },
{ "type": "Feature", "properties": { "POLYGON_ID": "PER_GAUL1999_ADM2_24160", "ADM0_ISO3": "PER", "ADM0_NAME": "Peru", "ADM0_CODE": 195, "ADM1_NAME": "Piura", "ADM1_CODE": 2347, "ADM2_NAME": "Paita", "ADM2_CODE": 24160, "GEOSET": "GAUL", "GEOSET_YEAR": 1999.0, "GEOSET_VERSION": "GAUL_v1", "GEOSET_UNIT": "ADM2", "CENTROID_LONG": -81.005227427412521, "CENTROID_LAT": -5.0614035407936289 }, "geometry": { "type": "MultiPolygon", "coordinates": [ [ [ [ -80.858878, -5.280859 ], [ -80.93615, -5.2381 ], [ -80.968735, -5.263441 ], [ -80.960922, -5.310847 ], [ -80.9938027, -5.3885793 ], [ -81.0781681, -5.3132128 ], [ -81.1081504, -5.3147461 ], [ -81.1381211, -5.2636172 ], [ -81.1945526, -5.2121191 ], [ -81.1604667, -5.1234082 ], [ -81.1713556, -5.0883242 ], [ -81.075377, -5.0697246 ], [ -81.0602187, -5.0392831 ], [ -81.086416, -4.967334 ], [ -81.2106664, -4.8162684 ], [ -80.964813, -4.774079 ], [ -80.931724, -4.805269 ], [ -80.924964, -4.89328 ], [ -80.827103, -4.903682 ], [ -80.838813, -5.000112 ], [ -80.858878, -5.280859 ] ] ] ] } },
{ "type": "Feature", "properties": { "POLYGON_ID": "PER_GAUL1999_ADM2_24161", "ADM0_ISO3": "PER", "ADM0_NAME": "Peru", "ADM0_CODE": 195, "ADM1_NAME": "Piura", "ADM1_CODE": 2347, "ADM2_NAME": "Piura", "ADM2_CODE": 24161, "GEOSET": "GAUL", "GEOSET_YEAR": 1999.0, "GEOSET_VERSION": "GAUL_v1", "GEOSET_UNIT": "ADM2", "CENTROID_LONG": -80.40366636525151, "CENTROID_LAT": -5.2158923586260508 }, "geometry": { "type": "MultiPolygon", "coordinates": [ [ [ [ -80.221222, -4.595402 ], [ -80.155922, -4.603103 ], [ -80.121612, -4.675529 ], [ -80.035354, -4.656293 ], [ -80.027069, -4.721294 ], [ -80.079804, -4.732587 ], [ -80.075546, -4.777694 ], [ -80.116477, -4.828263 ], [ -80.121398, -4.891555 ], [ -80.101608, -4.92893 ], [ -80.17553, -4.972804 ], [ -80.237679, -4.954427 ], [ -80.25859, -4.989592 ], [ -80.222359, -5.053893 ], [ -80.27603, -5.071727 ], [ -80.334985, -5.12201 ], [ -80.362808, -5.229026 ], [ -80.340995, -5.276107 ], [ -80.26419, -5.325067 ], [ -80.12677, -5.510074 ], [ -80.082192, -5.560937 ], [ -79.968452, -5.58227 ], [ -79.974038, -5.649329 ], [ -80.000007, -5.762078 ], [ -80.052734, -5.810992 ], [ -80.109207, -5.787551 ], [ -80.254189, -5.694029 ], [ -80.323097, -5.679776 ], [ -80.53386, -5.601825 ], [ -80.551872, -5.492016 ], [ -80.634826, -5.485582 ], [ -80.634484, -5.451176 ], [ -80.772873, -5.400598 ], [ -80.960922, -5.310847 ], [ -80.968735, -5.263441 ], [ -80.93615, -5.2381 ], [ -80.858878, -5.280859 ], [ -80.804099, -5.219388 ], [ -80.741569, -5.123648 ], [ -80.700836, -5.017735 ], [ -80.69693, -4.960631 ], [ -80.609131, -4.930412 ], [ -80.528274, -4.831454 ], [ -80.420639, -4.828922 ], [ -80.361648, -4.786174 ], [ -80.340699, -4.721566 ], [ -80.372666, -4.67957 ], [ -80.359383, -4.646787 ], [ -80.249909, -4.585369 ], [ -80.221222, -4.595402 ] ] ] ] } },
{ "type": "Feature", "properties": { "POLYGON_ID": "PER_GAUL1999_ADM2_24162", "ADM0_ISO3": "PER", "ADM0_NAME": "Peru", "ADM0_CODE": 195, "ADM1_NAME": "Piura", "ADM1_CODE": 2347, "ADM2_NAME": "Sechura", "ADM2_CODE": 24162, "GEOSET": "GAUL", "GEOSET_YEAR": 1999.0, "GEOSET_VERSION": "GAUL_v1", "GEOSET_UNIT": "ADM2", "CENTROID_LONG": -80.671632875213646, "CENTROID_LAT": -5.8707547207790753 }, "geometry": { "type": "MultiPolygon", "coordinates": [ [ [ [ -80.052734, -5.810992 ], [ -80.124862, -5.891275 ], [ -80.222024, -5.895984 ], [ -80.295205, -5.926741 ], [ -80.348801, -5.970279 ], [ -80.6251975, -6.3730185 ], [ -80.7979199, -6.2889843 ], [ -80.9131347, -6.1905841 ], [ -81.0915664, -6.0820273 ], [ -81.1492597, -5.9812402 ], [ -81.1492891, -5.8892305 ], [ -81.097461, -5.8381737 ], [ -81.0684472, -5.7857461 ], [ -81.0216972, -5.8305566 ], [ -80.9431445, -5.8456797 ], [ -80.8914882, -5.8098203 ], [ -80.8612441, -5.749666 ], [ -80.8525469, -5.6354882 ], [ -80.897584, -5.5114531 ], [ -80.9302187, -5.4575235 ], [ -80.9938027, -5.3885793 ], [ -80.960922, -5.310847 ], [ -80.772873, -5.400598 ], [ -80.634484, -5.451176 ], [ -80.634826, -5.485582 ], [ -80.551872, -5.492016 ], [ -80.53386, -5.601825 ], [ -80.323097, -5.679776 ], [ -80.254189, -5.694029 ], [ -80.109207, -5.787551 ], [ -80.052734, -5.810992 ] ] ] ] } },
{ "type": "Feature", "properties": { "POLYGON_ID": "PER_GAUL1999_ADM2_24163", "ADM0_ISO3": "PER", "ADM0_NAME": "Peru", "ADM0_CODE": 195, "ADM1_NAME": "Piura", "ADM1_CODE": 2347, "ADM2_NAME": "Sullana", "ADM2_CODE": 24163, "GEOSET": "GAUL", "GEOSET_YEAR": 1999.0, "GEOSET_VERSION": "GAUL_v1", "GEOSET_UNIT": "ADM2", "CENTROID_LONG": -80.636564368651008, "CENTROID_LAT": -4.5808386275286566 }, "geometry": { "type": "MultiPolygon", "coordinates": [ [ [ [ -80.480969, -4.082437 ], [ -80.48139, -4.0839 ], [ -80.46132, -4.11157 ], [ -80.46226, -4.12008 ], [ -80.4606307, -4.1255718 ], [ -80.4602117, -4.1269843 ], [ -80.45747, -4.12746 ], [ -80.44463, -4.12082 ], [ -80.44397, -4.1945 ], [ -80.4170919, -4.1991501 ], [ -80.40671, -4.21213 ], [ -80.38721, -4.20139 ], [ -80.37668, -4.20281 ], [ -80.3752482, -4.201933 ], [ -80.36659, -4.19663 ], [ -80.34074, -4.20616 ], [ -80.33661, -4.20273 ], [ -80.3070397, -4.2035145 ], [ -80.31111, -4.2093 ], [ -80.36348, -4.26966 ], [ -80.36649, -4.28115 ], [ -80.37315, -4.28758 ], [ -80.38186, -4.29193 ], [ -80.40313, -4.31123 ], [ -80.40689, -4.31463 ], [ -80.41539, -4.32404 ], [ -80.42022, -4.33369 ], [ -80.4258121, -4.3524534 ], [ -80.43748, -4.36331 ], [ -80.4389995, -4.3652336 ], [ -80.44312, -4.37045 ], [ -80.4448188, -4.3921377 ], [ -80.44673, -4.39596 ], [ -80.44491, -4.40102 ], [ -80.4194329, -4.4589535 ], [ -80.4191814, -4.4597554 ], [ -80.41622, -4.46321 ], [ -80.4123, -4.45678 ], [ -80.4016581, -4.4647709 ], [ -80.40041, -4.46625 ], [ -80.3883126, -4.4828468 ], [ -80.3856283, -4.48307 ], [ -80.3792552, -4.4798368 ], [ -80.37776, -4.47828 ], [ -80.3719086, -4.4768124 ], [ -80.37158, -4.47673 ], [ -80.3576033, -4.4799392 ], [ -80.33467, -4.47011 ], [ -80.32915, -4.46115 ], [ -80.3238491, -4.4576289 ], [ -80.32364, -4.45749 ], [ -80.31721, -4.44853 ], [ -80.31331, -4.44648 ], [ -80.308126, -4.4470889 ], [ -80.30482, -4.44558 ], [ -80.3000677, -4.4391918 ], [ -80.29747, -4.4357 ], [ -80.292134, -4.4360169 ], [ -80.28922, -4.43619 ], [ -80.28348, -4.42907 ], [ -80.2846257, -4.4267619 ], [ -80.284149, -4.426046 ], [ -80.283287, -4.425547 ], [ -80.280762, -4.426791 ], [ -80.28125, -4.42913 ], [ -80.277671, -4.435507 ], [ -80.271834, -4.438504 ], [ -80.264083, -4.428847 ], [ -80.226081, -4.445188 ], [ -80.221222, -4.595402 ], [ -80.249909, -4.585369 ], [ -80.359383, -4.646787 ], [ -80.372666, -4.67957 ], [ -80.340699, -4.721566 ], [ -80.361648, -4.786174 ], [ -80.420639, -4.828922 ], [ -80.528274, -4.831454 ], [ -80.609131, -4.930412 ], [ -80.69693, -4.960631 ], [ -80.700836, -5.017735 ], [ -80.741569, -5.123648 ], [ -80.804099, -5.219388 ], [ -80.858878, -5.280859 ], [ -80.838813, -5.000112 ], [ -80.827103, -4.903682 ], [ -80.924964, -4.89328 ], [ -80.931724, -4.805269 ], [ -80.964813, -4.774079 ], [ -80.850471, -4.748933 ], [ -80.87204, -4.688128 ], [ -80.936271, -4.620789 ], [ -80.893585, -4.575448 ], [ -80.918892, -4.520149 ], [ -80.882873, -4.492114 ], [ -80.832939, -4.386072 ], [ -80.876229, -4.365574 ], [ -80.869255, -4.317454 ], [ -80.93747, -4.291041 ], [ -80.922806, -4.216871 ], [ -80.936141, -4.177996 ], [ -80.885398, -4.191466 ], [ -80.76947, -4.173477 ], [ -80.664046, -4.216532 ], [ -80.617294, -4.228705 ], [ -80.561105, -4.175922 ], [ -80.523444, -4.106429 ], [ -80.480969, -4.082437 ] ] ] ] } },
{ "type": "Feature", "properties": { "POLYGON_ID": "PER_GAUL1999_ADM2_24164", "ADM0_ISO3": "PER", "ADM0_NAME": "Peru", "ADM0_CODE": 195, "ADM1_NAME": "Piura", "ADM1_CODE": 2347, "ADM2_NAME": "Talara", "ADM2_CODE": 24164, "GEOSET": "GAUL", "GEOSET_YEAR": 1999.0, "GEOSET_VERSION": "GAUL_v1", "GEOSET_UNIT": "ADM2", "CENTROID_LONG": -81.080868205840844, "CENTROID_LAT": -4.4847762705673526 }, "geometry": { "type": "MultiPolygon", "coordinates": [ [ [ [ -80.936141, -4.177996 ], [ -80.922806, -4.216871 ], [ -80.93747, -4.291041 ], [ -80.869255, -4.317454 ], [ -80.876229, -4.365574 ], [ -80.832939, -4.386072 ], [ -80.882873, -4.492114 ], [ -80.918892, -4.520149 ], [ -80.893585, -4.575448 ], [ -80.936271, -4.620789 ], [ -80.87204, -4.688128 ], [ -80.850471, -4.748933 ], [ -80.964813, -4.774079 ], [ -81.2106664, -4.8162684 ], [ -81.3281035, -4.6818847 ], [ -81.3096485, -4.6618183 ], [ -81.2824472, -4.5251895 ], [ -81.3036134, -4.48325 ], [ -81.2647871, -4.4282362 ], [ -81.2492792, -4.3548163 ], [ -81.2606562, -4.3108907 ], [ -81.2385336, -4.250552 ], [ -81.1768282, -4.2164514 ], [ -81.1006152, -4.1289356 ], [ -81.0441867, -4.0865377 ], [ -80.972459, -4.127368 ], [ -80.936141, -4.177996 ] ] ] ] } },
{ "type": "Feature", "properties": { "POLYGON_ID": "PER_GAUL1999_ADM2_24165", "ADM0_ISO3": "PER", "ADM0_NAME": "Peru", "ADM0_CODE": 195, "ADM1_NAME": "Puno", "ADM1_CODE": 2348, "ADM2_NAME": "Azángaro", "ADM2_CODE": 24165, "GEOSET": "GAUL", "GEOSET_YEAR": 1999.0, "GEOSET_VERSION": "GAUL_v1", "GEOSET_UNIT": "ADM2", "CENTROID_LONG": -70.144554796475504, "CENTROID_LAT": -14.81681349528326 }, "geometry": { "type": "MultiPolygon", "coordinates": [ [ [ [ -69.888977, -14.434738 ], [ -69.889977, -14.46962 ], [ -69.949586, -14.492316 ], [ -70.005981, -14.548059 ], [ -69.982269, -14.582939 ], [ -69.894036, -14.566878 ], [ -69.860962, -14.59162 ], [ -69.857789, -14.683889 ], [ -69.838088, -14.744069 ], [ -69.850708, -14.79013 ], [ -69.988778, -14.87292 ], [ -69.958465, -14.964478 ], [ -69.968658, -15.028437 ], [ -69.876815, -15.10858 ], [ -69.89888, -15.16253 ], [ -69.88053, -15.19927 ], [ -69.997521, -15.274718 ], [ -70.005792, -15.32505 ], [ -69.976548, -15.38769 ], [ -70.023254, -15.398874 ], [ -70.066521, -15.353132 ], [ -70.109077, -15.399799 ], [ -70.156723, -15.37678 ], [ -70.173089, -15.302501 ], [ -70.204095, -15.299041 ], [ -70.229484, -15.202226 ], [ -70.266664, -15.168679 ], [ -70.352699, -15.165848 ], [ -70.354278, -15.027623 ], [ -70.406587, -14.958401 ], [ -70.465981, -14.928061 ], [ -70.436607, -14.857755 ], [ -70.454964, -14.824352 ], [ -70.381432, -14.665519 ], [ -70.430192, -14.578205 ], [ -70.369507, -14.542949 ], [ -70.33017, -14.467719 ], [ -70.315681, -14.379742 ], [ -70.328164, -14.3518 ], [ -70.27542, -14.322953 ], [ -70.267197, -14.284775 ], [ -70.208236, -14.268484 ], [ -70.135123, -14.354993 ], [ -70.049499, -14.370728 ], [ -69.973763, -14.367854 ], [ -69.888977, -14.434738 ] ] ] ] } },
{ "type": "Feature", "properties": { "POLYGON_ID": "PER_GAUL1999_ADM2_24166", "ADM0_ISO3": "PER", "ADM0_NAME": "Peru", "ADM0_CODE": 195, "ADM1_NAME": "Puno", "ADM1_CODE": 2348, "ADM2_NAME": "Carabaya", "ADM2_CODE": 24166, "GEOSET": "GAUL", "GEOSET_YEAR": 1999.0, "GEOSET_VERSION": "GAUL_v1", "GEOSET_UNIT": "ADM2", "CENTROID_LONG": -70.179981256305737, "CENTROID_LAT": -13.791457692492468 }, "geometry": { "type": "MultiPolygon", "coordinates": [ [ [ [ -70.40155, -13.110075 ], [ -70.090133, -13.210585 ], [ -69.62851, -13.361789 ], [ -69.657287, -13.459149 ], [ -69.71071, -13.544451 ], [ -69.722816, -13.616929 ], [ -69.755258, -13.669559 ], [ -69.755203, -13.738009 ], [ -69.775116, -13.77522 ], [ -69.735527, -13.832 ], [ -69.664596, -13.882829 ], [ -69.665558, -13.9056 ], [ -69.725312, -13.970138 ], [ -69.726417, -14.019479 ], [ -69.797898, -14.06638 ], [ -69.852677, -14.26001 ], [ -69.799218, -14.268409 ], [ -69.784255, -14.31094 ], [ -69.728669, -14.347463 ], [ -69.714942, -14.42432 ], [ -69.660423, -14.460488 ], [ -69.690797, -14.517389 ], [ -69.766097, -14.472079 ], [ -69.888977, -14.434738 ], [ -69.973763, -14.367854 ], [ -70.049499, -14.370728 ], [ -70.135123, -14.354993 ], [ -70.208236, -14.268484 ], [ -70.267197, -14.284775 ], [ -70.342393, -14.170955 ], [ -70.386849, -14.195752 ], [ -70.430069, -14.181139 ], [ -70.473901, -14.219806 ], [ -70.541648, -14.188484 ], [ -70.551002, -14.155138 ], [ -70.617965, -14.159268 ], [ -70.652444, -14.121341 ], [ -70.692069, -14.1246 ], [ -70.720155, -14.075936 ], [ -70.789222, -14.079455 ], [ -70.84716, -14.056356 ], [ -70.85987, -14.020961 ], [ -70.834251, -13.939929 ], [ -70.810083, -13.91386 ], [ -70.832008, -13.857182 ], [ -70.880326, -13.832887 ], [ -70.862824, -13.799853 ], [ -70.826346, -13.827216 ], [ -70.768288, -13.813674 ], [ -70.709755, -13.83682 ], [ -70.699775, -13.80339 ], [ -70.734832, -13.735893 ], [ -70.716508, -13.664529 ], [ -70.663878, -13.660573 ], [ -70.620705, -13.614406 ], [ -70.541541, -13.573626 ], [ -70.534583, -13.523319 ], [ -70.454727, -13.440187 ], [ -70.450806, -13.357559 ], [ -70.393928, -13.341769 ], [ -70.420348, -13.253574 ], [ -70.383476, -13.181031 ], [ -70.40155, -13.110075 ] ] ] ] } },
{ "type": "Feature", "properties": { "POLYGON_ID": "PER_GAUL1999_ADM2_24167", "ADM0_ISO3": "PER", "ADM0_NAME": "Peru", "ADM0_CODE": 195, "ADM1_NAME": "Puno", "ADM1_CODE": 2348, "ADM2_NAME": "Chucuíto", "ADM2_CODE": 24167, "GEOSET": "GAUL", "GEOSET_YEAR": 1999.0, "GEOSET_VERSION": "GAUL_v1", "GEOSET_UNIT": "ADM2", "CENTROID_LONG": -69.356553558605995, "CENTROID_LAT": -16.606222165424725 }, "geometry": { "type": "MultiPolygon", "coordinates": [ [ [ [ -69.513908, -16.17979 ], [ -69.490082, -16.207899 ], [ -69.425667, -16.1783 ], [ -69.36274, -16.24725 ], [ -69.295638, -16.253532 ], [ -69.278159, -16.28946 ], [ -69.209395, -16.26732 ], [ -69.190292, -16.31562 ], [ -69.142441, -16.33097 ], [ -69.123832, -16.3669 ], [ -69.075767, -16.381808 ], [ -69.043091, -16.420651 ], [ -69.091462, -16.469739 ], [ -69.074357, -16.54488 ], [ -69.03162, -16.56086 ], [ -69.02827, -16.5781 ], [ -69.02951, -16.59049 ], [ -69.0271778, -16.6007226 ], [ -69.02457, -16.60634 ], [ -69.02122, -16.6096 ], [ -69.01808, -16.61429 ], [ -68.99645, -16.65994 ], [ -68.99864, -16.66382 ], [ -69.00828, -16.66935 ], [ -69.008277, -16.6693549 ], [ -69.0073157, -16.6709361 ], [ -69.0071146, -16.6716157 ], [ -69.00617, -16.67662 ], [ -69.0094474, -16.6765433 ], [ -69.012693, -16.6764672 ], [ -69.0177, -16.67635 ], [ -69.03557, -16.68524 ], [ -69.0413206, -16.69371 ], [ -69.04298, -16.6937 ], [ -69.05107, -16.6923 ], [ -69.0527248, -16.6919488 ], [ -69.169338, -16.7339808 ], [ -69.1735, -16.74066 ], [ -69.18199, -16.79358 ], [ -69.1928, -16.80172 ], [ -69.20245, -16.81124 ], [ -69.21149, -16.82996 ], [ -69.21922, -16.83905 ], [ -69.2480616, -16.8632746 ], [ -69.25703, -16.87235 ], [ -69.31872, -16.94438 ], [ -69.31193, -16.9541 ], [ -69.3117645, -16.9564167 ], [ -69.31152, -16.95984 ], [ -69.31757, -16.96711 ], [ -69.3915791, -17.0215535 ], [ -69.38788, -17.02814 ], [ -69.3831065, -17.0297959 ], [ -69.3742254, -17.0424337 ], [ -69.36894, -17.05061 ], [ -69.37483, -17.0782 ], [ -69.4181324, -17.1089191 ], [ -69.42083, -17.11091 ], [ -69.4232315, -17.1117987 ], [ -69.4369115, -17.1001501 ], [ -69.44957, -17.10068 ], [ -69.55138, -17.16156 ], [ -69.5606386, -17.1704361 ], [ -69.560859, -17.170453 ], [ -69.561814, -17.172898 ], [ -69.562974, -17.175239 ], [ -69.564612, -17.17335 ], [ -69.56562, -17.167909 ], [ -69.570762, -17.16357 ], [ -69.579978, -17.15371 ], [ -69.590027, -17.137829 ], [ -69.60241, -17.09722 ], [ -69.537133, -17.062809 ], [ -69.536659, -16.95878 ], [ -69.56861, -16.915641 ], [ -69.564537, -16.833519 ], [ -69.511094, -16.74397 ], [ -69.542632, -16.671258 ], [ -69.501451, -16.660521 ], [ -69.488168, -16.622271 ], [ -69.48706, -16.521929 ], [ -69.472184, -16.458838 ], [ -69.484275, -16.429011 ], [ -69.556, -16.44517 ], [ -69.66037, -16.425739 ], [ -69.682938, -16.391289 ], [ -69.654381, -16.31482 ], [ -69.586852, -16.274461 ], [ -69.571258, -16.17453 ], [ -69.513908, -16.17979 ] ] ] ] } },
{ "type": "Feature", "properties": { "POLYGON_ID": "PER_GAUL1999_ADM2_24168", "ADM0_ISO3": "PER", "ADM0_NAME": "Peru", "ADM0_CODE": 195, "ADM1_NAME": "Puno", "ADM1_CODE": 2348, "ADM2_NAME": "El Collao", "ADM2_CODE": 24168, "GEOSET": "GAUL", "GEOSET_YEAR": 1999.0, "GEOSET_VERSION": "GAUL_v1", "GEOSET_UNIT": "ADM2", "CENTROID_LONG": -69.756330294659421, "CENTROID_LAT": -16.724904109925994 }, "geometry": { "type": "MultiPolygon", "coordinates": [ [ [ [ -69.513908, -16.17979 ], [ -69.571258, -16.17453 ], [ -69.586852, -16.274461 ], [ -69.654381, -16.31482 ], [ -69.682938, -16.391289 ], [ -69.66037, -16.425739 ], [ -69.556, -16.44517 ], [ -69.484275, -16.429011 ], [ -69.472184, -16.458838 ], [ -69.48706, -16.521929 ], [ -69.488168, -16.622271 ], [ -69.501451, -16.660521 ], [ -69.542632, -16.671258 ], [ -69.511094, -16.74397 ], [ -69.564537, -16.833519 ], [ -69.56861, -16.915641 ], [ -69.536659, -16.95878 ], [ -69.537133, -17.062809 ], [ -69.60241, -17.09722 ], [ -69.590027, -17.137829 ], [ -69.579978, -17.15371 ], [ -69.570762, -17.16357 ], [ -69.56562, -17.167909 ], [ -69.564612, -17.17335 ], [ -69.562974, -17.175239 ], [ -69.561814, -17.172898 ], [ -69.560859, -17.170453 ], [ -69.5606386, -17.1704361 ], [ -69.56082, -17.17061 ], [ -69.56544, -17.19374 ], [ -69.602027, -17.21893 ], [ -69.60406, -17.22283 ], [ -69.6086865, -17.2439501 ], [ -69.6246254, -17.2681734 ], [ -69.6274947, -17.2700787 ], [ -69.6359, -17.27566 ], [ -69.640221, -17.2829588 ], [ -69.6380348, -17.286767 ], [ -69.641358, -17.286851 ], [ -69.644157, -17.287518 ], [ -69.646041, -17.28647 ], [ -69.65506, -17.27071 ], [ -69.695123, -17.27368 ], [ -69.739144, -17.29243 ], [ -69.789016, -17.2357 ], [ -69.850838, -17.243718 ], [ -69.979743, -17.168723 ], [ -70.04647, -17.111578 ], [ -70.042916, -17.05865 ], [ -70.073632, -17.035357 ], [ -70.096282, -16.985089 ], [ -70.147613, -16.938644 ], [ -70.096077, -16.891261 ], [ -70.091492, -16.81254 ], [ -70.056632, -16.769286 ], [ -69.995057, -16.72888 ], [ -70.024109, -16.631209 ], [ -70.02835, -16.603504 ], [ -69.92743, -16.51356 ], [ -69.905168, -16.517868 ], [ -69.85517, -16.406439 ], [ -69.800537, -16.38623 ], [ -69.807488, -16.282481 ], [ -69.763467, -16.222032 ], [ -69.705848, -16.193631 ], [ -69.688584, -16.13194 ], [ -69.700082, -16.094268 ], [ -69.655327, -16.060512 ], [ -69.647423, -16.012301 ], [ -69.610352, -15.99748 ], [ -69.61045, -15.95669 ], [ -69.563683, -15.959029 ], [ -69.451797, -15.993817 ], [ -69.425369, -16.042869 ], [ -69.505852, -16.144899 ], [ -69.513908, -16.17979 ] ] ] ] } },
{ "type": "Feature", "properties": { "POLYGON_ID": "PER_GAUL1999_ADM2_24169", "ADM0_ISO3": "PER", "ADM0_NAME": "Peru", "ADM0_CODE": 195, "ADM1_NAME": "Puno", "ADM1_CODE": 2348, "ADM2_NAME": "Huancane", "ADM2_CODE": 24169, "GEOSET": "GAUL", "GEOSET_YEAR": 1999.0, "GEOSET_VERSION": "GAUL_v1", "GEOSET_UNIT": "ADM2", "CENTROID_LONG": -69.612957477251229, "CENTROID_LAT": -15.121030259669844 }, "geometry": { "type": "MultiPolygon", "coordinates": [ [ [ [ -69.3629259, -14.805729 ], [ -69.3629855, -14.806567 ], [ -69.35847, -14.81835 ], [ -69.35615, -14.8268 ], [ -69.3566106, -14.8347825 ], [ -69.357, -14.84153 ], [ -69.36036, -14.86023 ], [ -69.3487625, -14.903424 ], [ -69.37456, -14.95408 ], [ -69.27955, -15.11249 ], [ -69.2347332, -15.1372392 ], [ -69.21464, -15.15016 ], [ -69.1948928, -15.1604974 ], [ -69.19072, -15.16345 ], [ -69.1885516, -15.1690123 ], [ -69.17313, -15.18389 ], [ -69.1674487, -15.1909715 ], [ -69.16534, -15.1936 ], [ -69.1618311, -15.1995625 ], [ -69.15573, -15.20993 ], [ -69.14869, -15.21759 ], [ -69.1417196, -15.2205308 ], [ -69.13217, -15.22595 ], [ -69.1292, -15.2314 ], [ -69.1296515, -15.2412934 ], [ -69.12879, -15.24886 ], [ -69.1274077, -15.2524313 ], [ -69.12598, -15.25612 ], [ -69.12653, -15.25703 ], [ -69.1286022, -15.2604952 ], [ -69.1680689, -15.2654765 ], [ -69.1760015, -15.2626078 ], [ -69.245887, -15.185059 ], [ -69.292778, -15.16261 ], [ -69.399658, -15.2142 ], [ -69.456887, -15.26546 ], [ -69.507896, -15.251149 ], [ -69.547706, -15.28478 ], [ -69.65493, -15.2715 ], [ -69.698532, -15.234309 ], [ -69.735153, -15.241759 ], [ -69.751618, -15.302471 ], [ -69.835481, -15.27916 ], [ -69.895347, -15.30834 ], [ -69.88118, -15.346919 ], [ -69.943122, -15.39685 ], [ -69.897209, -15.494759 ], [ -69.968628, -15.536039 ], [ -69.996392, -15.505599 ], [ -70.030853, -15.419398 ], [ -70.023254, -15.398874 ], [ -69.976548, -15.38769 ], [ -70.005792, -15.32505 ], [ -69.997521, -15.274718 ], [ -69.88053, -15.19927 ], [ -69.89888, -15.16253 ], [ -69.876815, -15.10858 ], [ -69.845826, -15.002067 ], [ -69.783692, -14.954189 ], [ -69.729089, -14.97467 ], [ -69.612458, -14.913309 ], [ -69.539619, -14.91771 ], [ -69.529258, -14.85757 ], [ -69.499917, -14.799669 ], [ -69.448037, -14.79083 ], [ -69.435645, -14.83789 ], [ -69.3629259, -14.805729 ] ] ] ] } },
{ "type": "Feature", "properties": { "POLYGON_ID": "PER_GAUL1999_ADM2_24170", "ADM0_ISO3": "PER", "ADM0_NAME": "Peru", "ADM0_CODE": 195, "ADM1_NAME": "Puno", "ADM1_CODE": 2348, "ADM2_NAME": "Lampa", "ADM2_CODE": 24170, "GEOSET": "GAUL", "GEOSET_YEAR": 1999.0, "GEOSET_VERSION": "GAUL_v1", "GEOSET_UNIT": "ADM2", "CENTROID_LONG": -70.641680843785366, "CENTROID_LAT": -15.384404881889985 }, "geometry": { "type": "MultiPolygon", "coordinates": [ [ [ [ -70.465981, -14.928061 ], [ -70.406587, -14.958401 ], [ -70.354278, -15.027623 ], [ -70.352699, -15.165848 ], [ -70.266664, -15.168679 ], [ -70.229484, -15.202226 ], [ -70.204095, -15.299041 ], [ -70.173089, -15.302501 ], [ -70.156723, -15.37678 ], [ -70.177064, -15.382414 ], [ -70.267288, -15.321869 ], [ -70.342575, -15.415181 ], [ -70.258286, -15.55112 ], [ -70.366424, -15.663887 ], [ -70.43624, -15.676746 ], [ -70.465272, -15.654087 ], [ -70.574035, -15.720241 ], [ -70.637092, -15.745275 ], [ -70.692611, -15.793953 ], [ -70.754365, -15.776691 ], [ -70.844949, -15.805891 ], [ -70.890037, -15.850959 ], [ -70.93631, -15.784654 ], [ -70.9003, -15.711957 ], [ -70.918143, -15.643617 ], [ -71.00834, -15.563785 ], [ -71.01641, -15.490639 ], [ -71.004304, -15.44228 ], [ -71.039131, -15.404984 ], [ -71.00666, -15.335468 ], [ -70.949759, -15.301767 ], [ -70.985772, -15.248738 ], [ -70.962662, -15.21487 ], [ -70.99382, -15.084495 ], [ -70.837685, -15.004112 ], [ -70.760254, -15.032724 ], [ -70.710122, -15.085851 ], [ -70.708878, -15.126034 ], [ -70.597321, -15.126273 ], [ -70.563072, -15.183541 ], [ -70.524284, -15.165313 ], [ -70.552704, -15.063595 ], [ -70.542831, -14.993507 ], [ -70.465981, -14.928061 ] ] ] ] } },
{ "type": "Feature", "properties": { "POLYGON_ID": "PER_GAUL1999_ADM2_24171", "ADM0_ISO3": "PER", "ADM0_NAME": "Peru", "ADM0_CODE": 195, "ADM1_NAME": "Puno", "ADM1_CODE": 2348, "ADM2_NAME": "Melgar", "ADM2_CODE": 24171, "GEOSET": "GAUL", "GEOSET_YEAR": 1999.0, "GEOSET_VERSION": "GAUL_v1", "GEOSET_UNIT": "ADM2", "CENTROID_LONG": -70.689118661869514, "CENTROID_LAT": -14.596175866416717 }, "geometry": { "type": "MultiPolygon", "coordinates": [ [ [ [ -70.267197, -14.284775 ], [ -70.27542, -14.322953 ], [ -70.328164, -14.3518 ], [ -70.315681, -14.379742 ], [ -70.33017, -14.467719 ], [ -70.369507, -14.542949 ], [ -70.430192, -14.578205 ], [ -70.381432, -14.665519 ], [ -70.454964, -14.824352 ], [ -70.436607, -14.857755 ], [ -70.465981, -14.928061 ], [ -70.542831, -14.993507 ], [ -70.552704, -15.063595 ], [ -70.524284, -15.165313 ], [ -70.563072, -15.183541 ], [ -70.597321, -15.126273 ], [ -70.708878, -15.126034 ], [ -70.710122, -15.085851 ], [ -70.760254, -15.032724 ], [ -70.837685, -15.004112 ], [ -70.99382, -15.084495 ], [ -71.004105, -14.971137 ], [ -70.985444, -14.942625 ], [ -70.99604, -14.831463 ], [ -70.981079, -14.755914 ], [ -71.052238, -14.754398 ], [ -71.088791, -14.713716 ], [ -71.118331, -14.648712 ], [ -71.002068, -14.572111 ], [ -70.978898, -14.416979 ], [ -70.963617, -14.362487 ], [ -70.926713, -14.340067 ], [ -70.882431, -14.253269 ], [ -70.899719, -14.23208 ], [ -70.882422, -14.168344 ], [ -70.807457, -14.122111 ], [ -70.789222, -14.079455 ], [ -70.720155, -14.075936 ], [ -70.692069, -14.1246 ], [ -70.652444, -14.121341 ], [ -70.617965, -14.159268 ], [ -70.551002, -14.155138 ], [ -70.541648, -14.188484 ], [ -70.473901, -14.219806 ], [ -70.430069, -14.181139 ], [ -70.386849, -14.195752 ], [ -70.342393, -14.170955 ], [ -70.267197, -14.284775 ] ] ] ] } },
{ "type": "Feature", "properties": { "POLYGON_ID": "PER_GAUL1999_ADM2_24172", "ADM0_ISO3": "PER", "ADM0_NAME": "Peru", "ADM0_CODE": 195, "ADM1_NAME": "Puno", "ADM1_CODE": 2348, "ADM2_NAME": "Moho", "ADM2_CODE": 24172, "GEOSET": "GAUL", "GEOSET_YEAR": 1999.0, "GEOSET_VERSION": "GAUL_v1", "GEOSET_UNIT": "ADM2", "CENTROID_LONG": -69.395812328181734, "CENTROID_LAT": -15.325889348574043 }, "geometry": { "type": "MultiPolygon", "coordinates": [ [ [ [ -69.1760015, -15.2626078 ], [ -69.18136, -15.26067 ], [ -69.1897354, -15.2671159 ], [ -69.20233, -15.28433 ], [ -69.26455, -15.33552 ], [ -69.28158, -15.3854 ], [ -69.27241, -15.41633 ], [ -69.3203044, -15.4446786 ], [ -69.33465, -15.46843 ], [ -69.3524219, -15.5180154 ], [ -69.35678, -15.52531 ], [ -69.3586893, -15.5285042 ], [ -69.359351, -15.527789 ], [ -69.359725, -15.52739 ], [ -69.359543, -15.527068 ], [ -69.35756, -15.52651 ], [ -69.357407, -15.523609 ], [ -69.371818, -15.520049 ], [ -69.376411, -15.514157 ], [ -69.359328, -15.48214 ], [ -69.436204, -15.47822 ], [ -69.527734, -15.387829 ], [ -69.596778, -15.36992 ], [ -69.64183, -15.320561 ], [ -69.65493, -15.2715 ], [ -69.547706, -15.28478 ], [ -69.507896, -15.251149 ], [ -69.456887, -15.26546 ], [ -69.399658, -15.2142 ], [ -69.292778, -15.16261 ], [ -69.245887, -15.185059 ], [ -69.1760015, -15.2626078 ] ] ] ] } },
{ "type": "Feature", "properties": { "POLYGON_ID": "PER_GAUL1999_ADM2_24173", "ADM0_ISO3": "PER", "ADM0_NAME": "Peru", "ADM0_CODE": 195, "ADM1_NAME": "Puno", "ADM1_CODE": 2348, "ADM2_NAME": "Puno", "ADM2_CODE": 24173, "GEOSET": "GAUL", "GEOSET_YEAR": 1999.0, "GEOSET_VERSION": "GAUL_v1", "GEOSET_UNIT": "ADM2", "CENTROID_LONG": -70.081477559420293, "CENTROID_LAT": -16.083766480623492 }, "geometry": { "type": "MultiPolygon", "coordinates": [ [ [ [ -69.61045, -15.95669 ], [ -69.610352, -15.99748 ], [ -69.647423, -16.012301 ], [ -69.655327, -16.060512 ], [ -69.700082, -16.094268 ], [ -69.688584, -16.13194 ], [ -69.705848, -16.193631 ], [ -69.763467, -16.222032 ], [ -69.807488, -16.282481 ], [ -69.800537, -16.38623 ], [ -69.85517, -16.406439 ], [ -69.905168, -16.517868 ], [ -69.92743, -16.51356 ], [ -70.02835, -16.603504 ], [ -70.024109, -16.631209 ], [ -70.097183, -16.652478 ], [ -70.169648, -16.608878 ], [ -70.176278, -16.561051 ], [ -70.220338, -16.513385 ], [ -70.313819, -16.461088 ], [ -70.333602, -16.411248 ], [ -70.382767, -16.385111 ], [ -70.340417, -16.326626 ], [ -70.358939, -16.208886 ], [ -70.401146, -16.150601 ], [ -70.402749, -16.09071 ], [ -70.434625, -16.06141 ], [ -70.517432, -16.03328 ], [ -70.563225, -15.983297 ], [ -70.517555, -15.977063 ], [ -70.445626, -15.893847 ], [ -70.414787, -15.789297 ], [ -70.425102, -15.744509 ], [ -70.341239, -15.725889 ], [ -70.20571, -15.642044 ], [ -70.14367, -15.66499 ], [ -70.083474, -15.642819 ], [ -70.027099, -15.567149 ], [ -69.968628, -15.536039 ], [ -69.897209, -15.494759 ], [ -69.80938, -15.611071 ], [ -69.787056, -15.663349 ], [ -69.794677, -15.725248 ], [ -69.844812, -15.68646 ], [ -69.84633, -15.636959 ], [ -69.91423, -15.622149 ], [ -69.973792, -15.70521 ], [ -70.03447, -15.72255 ], [ -70.018967, -15.829457 ], [ -69.883309, -15.890559 ], [ -69.860978, -15.929299 ], [ -69.816293, -15.86857 ], [ -69.851722, -15.851089 ], [ -69.826866, -15.78859 ], [ -69.768752, -15.831329 ], [ -69.764702, -15.903769 ], [ -69.712357, -15.91645 ], [ -69.671219, -15.956711 ], [ -69.61045, -15.95669 ] ] ] ] } },
{ "type": "Feature", "properties": { "POLYGON_ID": "PER_GAUL1999_ADM2_24174", "ADM0_ISO3": "PER", "ADM0_NAME": "Peru", "ADM0_CODE": 195, "ADM1_NAME": "Puno", "ADM1_CODE": 2348, "ADM2_NAME": "San Antonio de Putina", "ADM2_CODE": 24174, "GEOSET": "GAUL", "GEOSET_YEAR": 1999.0, "GEOSET_VERSION": "GAUL_v1", "GEOSET_UNIT": "ADM2", "CENTROID_LONG": -69.617554792858925, "CENTROID_LAT": -14.71055200003773 }, "geometry": { "type": "MultiPolygon", "coordinates": [ [ [ [ -69.114114, -14.489221 ], [ -69.1277, -14.49771 ], [ -69.14693, -14.50227 ], [ -69.15247, -14.50768 ], [ -69.15376, -14.51299 ], [ -69.1510981, -14.5268645 ], [ -69.14919, -14.53681 ], [ -69.14881, -14.54208 ], [ -69.14609, -14.57905 ], [ -69.15444, -14.58544 ], [ -69.20395, -14.5764 ], [ -69.23615, -14.60193 ], [ -69.24337, -14.64715 ], [ -69.2448273, -14.6699076 ], [ -69.23644, -14.71368 ], [ -69.23633, -14.7185 ], [ -69.23687, -14.73598 ], [ -69.25169, -14.75884 ], [ -69.282499, -14.7650122 ], [ -69.29916, -14.76835 ], [ -69.3146232, -14.7745563 ], [ -69.32316, -14.77836 ], [ -69.3528813, -14.793631 ], [ -69.3628, -14.80396 ], [ -69.3629259, -14.805729 ], [ -69.435645, -14.83789 ], [ -69.448037, -14.79083 ], [ -69.499917, -14.799669 ], [ -69.529258, -14.85757 ], [ -69.539619, -14.91771 ], [ -69.612458, -14.913309 ], [ -69.729089, -14.97467 ], [ -69.783692, -14.954189 ], [ -69.845826, -15.002067 ], [ -69.876815, -15.10858 ], [ -69.968658, -15.028437 ], [ -69.958465, -14.964478 ], [ -69.988778, -14.87292 ], [ -69.850708, -14.79013 ], [ -69.838088, -14.744069 ], [ -69.857789, -14.683889 ], [ -69.860962, -14.59162 ], [ -69.894036, -14.566878 ], [ -69.982269, -14.582939 ], [ -70.005981, -14.548059 ], [ -69.949586, -14.492316 ], [ -69.889977, -14.46962 ], [ -69.888977, -14.434738 ], [ -69.766097, -14.472079 ], [ -69.690797, -14.517389 ], [ -69.629463, -14.606259 ], [ -69.549347, -14.626999 ], [ -69.489517, -14.59126 ], [ -69.442207, -14.590139 ], [ -69.411293, -14.62054 ], [ -69.327988, -14.613529 ], [ -69.290834, -14.42055 ], [ -69.303353, -14.401299 ], [ -69.246949, -14.31569 ], [ -69.218407, -14.39349 ], [ -69.182069, -14.438809 ], [ -69.114114, -14.489221 ] ] ] ] } },
{ "type": "Feature", "properties": { "POLYGON_ID": "PER_GAUL1999_ADM2_24175", "ADM0_ISO3": "PER", "ADM0_NAME": "Peru", "ADM0_CODE": 195, "ADM1_NAME": "Puno", "ADM1_CODE": 2348, "ADM2_NAME": "San Román", "ADM2_CODE": 24175, "GEOSET": "GAUL", "GEOSET_YEAR": 1999.0, "GEOSET_VERSION": "GAUL_v1", "GEOSET_UNIT": "ADM2", "CENTROID_LONG": -70.425663623371676, "CENTROID_LAT": -15.704647880471374 }, "geometry": { "type": "MultiPolygon", "coordinates": [ [ [ [ -70.156723, -15.37678 ], [ -70.109077, -15.399799 ], [ -70.066521, -15.353132 ], [ -70.023254, -15.398874 ], [ -70.030853, -15.419398 ], [ -69.996392, -15.505599 ], [ -69.968628, -15.536039 ], [ -70.027099, -15.567149 ], [ -70.083474, -15.642819 ], [ -70.14367, -15.66499 ], [ -70.20571, -15.642044 ], [ -70.341239, -15.725889 ], [ -70.425102, -15.744509 ], [ -70.414787, -15.789297 ], [ -70.445626, -15.893847 ], [ -70.517555, -15.977063 ], [ -70.563225, -15.983297 ], [ -70.713516, -16.033527 ], [ -70.76925, -16.016759 ], [ -70.821006, -15.978413 ], [ -70.846054, -15.921901 ], [ -70.890037, -15.850959 ], [ -70.844949, -15.805891 ], [ -70.754365, -15.776691 ], [ -70.692611, -15.793953 ], [ -70.637092, -15.745275 ], [ -70.574035, -15.720241 ], [ -70.465272, -15.654087 ], [ -70.43624, -15.676746 ], [ -70.366424, -15.663887 ], [ -70.258286, -15.55112 ], [ -70.342575, -15.415181 ], [ -70.267288, -15.321869 ], [ -70.177064, -15.382414 ], [ -70.156723, -15.37678 ] ] ] ] } },
{ "type": "Feature", "properties": { "POLYGON_ID": "PER_GAUL1999_ADM2_24176", "ADM0_ISO3": "PER", "ADM0_NAME": "Peru", "ADM0_CODE": 195, "ADM1_NAME": "Puno", "ADM1_CODE": 2348, "ADM2_NAME": "Sandia", "ADM2_CODE": 24176, "GEOSET": "GAUL", "GEOSET_YEAR": 1999.0, "GEOSET_VERSION": "GAUL_v1", "GEOSET_UNIT": "ADM2", "CENTROID_LONG": -69.339399994180908, "CENTROID_LAT": -13.87977348615167 }, "geometry": { "type": "MultiPolygon", "coordinates": [ [ [ [ -68.99897, -13.64345 ], [ -68.9972841, -13.6524629 ], [ -69.00742, -13.65351 ], [ -69.0128777, -13.6515498 ], [ -69.02182, -13.6524 ], [ -69.02607, -13.65158 ], [ -69.0346, -13.64473 ], [ -69.03638, -13.6433 ], [ -69.04172, -13.64383 ], [ -69.0468713, -13.6443477 ], [ -69.04835, -13.6445 ], [ -69.053018, -13.6436379 ], [ -69.06062, -13.64224 ], [ -69.07214, -13.67779 ], [ -69.0685, -13.68411 ], [ -69.06346, -13.69286 ], [ -69.05318, -13.71318 ], [ -69.0508, -13.71865 ], [ -69.0402748, -13.7246007 ], [ -69.03364, -13.72756 ], [ -69.01456, -13.73659 ], [ -69.0023517, -13.7489576 ], [ -68.98871, -13.77753 ], [ -69.0, -13.78876 ], [ -68.95971, -13.87512 ], [ -68.959241, -13.8815683 ], [ -68.9663312, -13.9234994 ], [ -68.95994, -13.93908 ], [ -68.965, -13.97968 ], [ -68.96193, -13.98873 ], [ -68.95257, -13.99977 ], [ -68.9362151, -14.0118729 ], [ -68.91976, -14.02405 ], [ -68.89662, -14.04635 ], [ -68.89404, -14.04884 ], [ -68.8916581, -14.0517522 ], [ -68.88079, -14.06504 ], [ -68.8745484, -14.0823185 ], [ -68.85492, -14.1215823 ], [ -68.85486, -14.16115 ], [ -68.8548533, -14.1639413 ], [ -68.85485, -14.16529 ], [ -68.85298, -14.17523 ], [ -68.8489711, -14.1802048 ], [ -68.83974, -14.19166 ], [ -68.83804, -14.1986 ], [ -68.839511, -14.2051027 ], [ -68.8497844, -14.2183751 ], [ -68.85814, -14.22042 ], [ -68.94424, -14.22497 ], [ -68.97529, -14.23248 ], [ -68.976283, -14.2331865 ], [ -68.98153, -14.23692 ], [ -68.9886239, -14.2563766 ], [ -68.9919069, -14.2686077 ], [ -68.99495, -14.29028 ], [ -68.98995, -14.34322 ], [ -68.97809, -14.36789 ], [ -69.01456, -14.41564 ], [ -69.04023, -14.42679 ], [ -69.0604207, -14.4330323 ], [ -69.07053, -14.44149 ], [ -69.08032, -14.45369 ], [ -69.0828837, -14.4568849 ], [ -69.09551, -14.47262 ], [ -69.10748, -14.48508 ], [ -69.114114, -14.489221 ], [ -69.182069, -14.438809 ], [ -69.218407, -14.39349 ], [ -69.246949, -14.31569 ], [ -69.303353, -14.401299 ], [ -69.290834, -14.42055 ], [ -69.327988, -14.613529 ], [ -69.411293, -14.62054 ], [ -69.442207, -14.590139 ], [ -69.489517, -14.59126 ], [ -69.549347, -14.626999 ], [ -69.629463, -14.606259 ], [ -69.690797, -14.517389 ], [ -69.660423, -14.460488 ], [ -69.714942, -14.42432 ], [ -69.728669, -14.347463 ], [ -69.784255, -14.31094 ], [ -69.799218, -14.268409 ], [ -69.852677, -14.26001 ], [ -69.797898, -14.06638 ], [ -69.726417, -14.019479 ], [ -69.725312, -13.970138 ], [ -69.665558, -13.9056 ], [ -69.664596, -13.882829 ], [ -69.735527, -13.832 ], [ -69.775116, -13.77522 ], [ -69.755203, -13.738009 ], [ -69.755258, -13.669559 ], [ -69.722816, -13.616929 ], [ -69.71071, -13.544451 ], [ -69.657287, -13.459149 ], [ -69.62851, -13.361789 ], [ -69.502068, -13.299649 ], [ -68.997552, -13.062489 ], [ -68.9481325, -13.0369254 ], [ -68.94807, -13.03735 ], [ -68.9501, -13.13237 ], [ -68.9648107, -13.1942111 ], [ -68.9391, -13.25414 ], [ -68.95241, -13.28309 ], [ -68.94202, -13.36778 ], [ -68.94173, -13.48586 ], [ -68.99897, -13.64345 ] ] ] ] } },
{ "type": "Feature", "properties": { "POLYGON_ID": "PER_GAUL1999_ADM2_91843", "ADM0_ISO3": "PER", "ADM0_NAME": "Peru", "ADM0_CODE": 195, "ADM1_NAME": "Puno", "ADM1_CODE": 2348, "ADM2_NAME": "Yunguyo", "ADM2_CODE": 91843, "GEOSET": "GAUL", "GEOSET_YEAR": 1999.0, "GEOSET_VERSION": "GAUL_v1", "GEOSET_UNIT": "ADM2", "CENTROID_LONG": -69.565318538652889, "CENTROID_LAT": -15.768566378345742 }, "geometry": { "type": "MultiPolygon", "coordinates": [ [ [ [ -69.65493, -15.2715 ], [ -69.64183, -15.320561 ], [ -69.596778, -15.36992 ], [ -69.527734, -15.387829 ], [ -69.436204, -15.47822 ], [ -69.359328, -15.48214 ], [ -69.376411, -15.514157 ], [ -69.371818, -15.520049 ], [ -69.357407, -15.523609 ], [ -69.35756, -15.52651 ], [ -69.359543, -15.527068 ], [ -69.359725, -15.52739 ], [ -69.359351, -15.527789 ], [ -69.3586893, -15.5285042 ], [ -69.3600272, -15.5307423 ], [ -69.41386, -15.62077 ], [ -69.298, -15.9387 ], [ -69.23594, -16.14303 ], [ -69.1994735, -16.1635928 ], [ -69.1907, -16.16854 ], [ -69.11196, -16.2123 ], [ -69.09922, -16.21909 ], [ -69.0939994, -16.2194584 ], [ -69.0876, -16.21991 ], [ -69.07571, -16.21797 ], [ -69.0479901, -16.202772 ], [ -69.04469, -16.20248 ], [ -69.04469, -16.20155 ], [ -69.04183, -16.20021 ], [ -69.03591, -16.20188 ], [ -69.0217098, -16.2109947 ], [ -69.0102, -16.21613 ], [ -69.0069892, -16.2143777 ], [ -69.00113, -16.21118 ], [ -68.98694, -16.19366 ], [ -68.97526, -16.18919 ], [ -68.965464, -16.1887454 ], [ -68.96292, -16.18863 ], [ -68.9549804, -16.1947577 ], [ -68.977867, -16.259631 ], [ -69.056794, -16.277759 ], [ -69.021638, -16.335168 ], [ -69.02298, -16.40387 ], [ -69.043091, -16.420651 ], [ -69.075767, -16.381808 ], [ -69.123832, -16.3669 ], [ -69.142441, -16.33097 ], [ -69.190292, -16.31562 ], [ -69.209395, -16.26732 ], [ -69.278159, -16.28946 ], [ -69.295638, -16.253532 ], [ -69.36274, -16.24725 ], [ -69.425667, -16.1783 ], [ -69.490082, -16.207899 ], [ -69.513908, -16.17979 ], [ -69.505852, -16.144899 ], [ -69.425369, -16.042869 ], [ -69.451797, -15.993817 ], [ -69.563683, -15.959029 ], [ -69.61045, -15.95669 ], [ -69.671219, -15.956711 ], [ -69.712357, -15.91645 ], [ -69.764702, -15.903769 ], [ -69.768752, -15.831329 ], [ -69.826866, -15.78859 ], [ -69.851722, -15.851089 ], [ -69.816293, -15.86857 ], [ -69.860978, -15.929299 ], [ -69.883309, -15.890559 ], [ -70.018967, -15.829457 ], [ -70.03447, -15.72255 ], [ -69.973792, -15.70521 ], [ -69.91423, -15.622149 ], [ -69.84633, -15.636959 ], [ -69.844812, -15.68646 ], [ -69.794677, -15.725248 ], [ -69.787056, -15.663349 ], [ -69.80938, -15.611071 ], [ -69.897209, -15.494759 ], [ -69.943122, -15.39685 ], [ -69.88118, -15.346919 ], [ -69.895347, -15.30834 ], [ -69.835481, -15.27916 ], [ -69.751618, -15.302471 ], [ -69.735153, -15.241759 ], [ -69.698532, -15.234309 ], [ -69.65493, -15.2715 ] ] ] ] } },
{ "type": "Feature", "properties": { "POLYGON_ID": "PER_GAUL1999_ADM2_24179", "ADM0_ISO3": "PER", "ADM0_NAME": "Peru", "ADM0_CODE": 195, "ADM1_NAME": "San Martín", "ADM1_CODE": 2349, "ADM2_NAME": "Bellavista", "ADM2_CODE": 24179, "GEOSET": "GAUL", "GEOSET_YEAR": 1999.0, "GEOSET_VERSION": "GAUL_v1", "GEOSET_UNIT": "ADM2", "CENTROID_LONG": -76.31462047125558, "CENTROID_LAT": -7.6381905228486184 }, "geometry": { "type": "MultiPolygon", "coordinates": [ [ [ [ -76.111281, -7.182 ], [ -76.140473, -7.202649 ], [ -76.18962, -7.28361 ], [ -76.216874, -7.401777 ], [ -76.168975, -7.489412 ], [ -76.084274, -7.566576 ], [ -76.083458, -7.627336 ], [ -76.10273, -7.705654 ], [ -76.085206, -7.760287 ], [ -76.049394, -7.784608 ], [ -75.984261, -7.892607 ], [ -75.99417, -7.949688 ], [ -75.962151, -7.958861 ], [ -75.852654, -7.925048 ], [ -75.838036, -7.95769 ], [ -75.842583, -8.0536 ], [ -75.920593, -8.072519 ], [ -75.940743, -8.11353 ], [ -75.940506, -8.185941 ], [ -75.913086, -8.257398 ], [ -75.994056, -8.317934 ], [ -76.088424, -8.338326 ], [ -76.12654, -8.372848 ], [ -76.238266, -8.212871 ], [ -76.334801, -8.20483 ], [ -76.321564, -8.120946 ], [ -76.394731, -8.122068 ], [ -76.476875, -8.038396 ], [ -76.518729, -8.046556 ], [ -76.564583, -8.001579 ], [ -76.59266, -8.005242 ], [ -76.629737, -7.940437 ], [ -76.599297, -7.866809 ], [ -76.640351, -7.80494 ], [ -76.632941, -7.740012 ], [ -76.609863, -7.699336 ], [ -76.567398, -7.682015 ], [ -76.52951, -7.625038 ], [ -76.480515, -7.600016 ], [ -76.477905, -7.535913 ], [ -76.51178, -7.397779 ], [ -76.570099, -7.277541 ], [ -76.626366, -7.228822 ], [ -76.636871, -7.146518 ], [ -76.67028, -7.117211 ], [ -76.625915, -7.077782 ], [ -76.651596, -7.016149 ], [ -76.639542, -6.987744 ], [ -76.693801, -6.90536 ], [ -76.727608, -6.806719 ], [ -76.68695, -6.810443 ], [ -76.621735, -6.776749 ], [ -76.595345, -6.794875 ], [ -76.523933, -6.725603 ], [ -76.47979, -6.817317 ], [ -76.489044, -6.867324 ], [ -76.549224, -6.926641 ], [ -76.497978, -6.989139 ], [ -76.411934, -7.019158 ], [ -76.400978, -6.996473 ], [ -76.319542, -7.054352 ], [ -76.263847, -7.056586 ], [ -76.242386, -7.093063 ], [ -76.159677, -7.14062 ], [ -76.115448, -7.123449 ], [ -76.111281, -7.182 ] ] ] ] } },
{ "type": "Feature", "properties": { "POLYGON_ID": "PER_GAUL1999_ADM2_24182", "ADM0_ISO3": "PER", "ADM0_NAME": "Peru", "ADM0_CODE": 195, "ADM1_NAME": "San Martín", "ADM1_CODE": 2349, "ADM2_NAME": "Lamas", "ADM2_CODE": 24182, "GEOSET": "GAUL", "GEOSET_YEAR": 1999.0, "GEOSET_VERSION": "GAUL_v1", "GEOSET_UNIT": "ADM2", "CENTROID_LONG": -76.438404638660941, "CENTROID_LAT": -6.267273372787205 }, "geometry": { "type": "MultiPolygon", "coordinates": [ [ [ [ -75.917434, -6.140833 ], [ -75.937835, -6.222411 ], [ -75.974693, -6.273557 ], [ -75.942069, -6.332823 ], [ -75.900689, -6.456152 ], [ -76.001183, -6.505873 ], [ -76.106491, -6.46623 ], [ -76.161712, -6.506136 ], [ -76.19609, -6.470937 ], [ -76.191238, -6.43318 ], [ -76.256348, -6.42606 ], [ -76.354812, -6.362577 ], [ -76.422775, -6.354726 ], [ -76.444138, -6.396835 ], [ -76.462494, -6.526461 ], [ -76.374093, -6.617544 ], [ -76.441193, -6.677164 ], [ -76.526146, -6.691441 ], [ -76.55796, -6.671086 ], [ -76.536194, -6.629631 ], [ -76.639373, -6.549065 ], [ -76.643624, -6.519448 ], [ -76.71502, -6.363234 ], [ -76.751502, -6.397172 ], [ -76.828124, -6.40574 ], [ -76.842057, -6.311937 ], [ -76.894814, -6.278919 ], [ -76.962548, -6.288569 ], [ -76.967712, -6.228881 ], [ -76.890007, -6.110282 ], [ -76.863296, -6.050338 ], [ -76.823808, -6.032805 ], [ -76.764411, -5.974507 ], [ -76.752343, -5.942419 ], [ -76.688819, -6.032661 ], [ -76.661285, -6.003395 ], [ -76.59604, -6.003716 ], [ -76.551262, -6.024 ], [ -76.340774, -5.911042 ], [ -76.344284, -6.054504 ], [ -76.280343, -6.119439 ], [ -76.213829, -6.140387 ], [ -76.12941, -6.148232 ], [ -76.076028, -6.100787 ], [ -75.959512, -6.097849 ], [ -75.917434, -6.140833 ] ] ] ] } },
{ "type": "Feature", "properties": { "POLYGON_ID": "PER_GAUL1999_ADM2_24184", "ADM0_ISO3": "PER", "ADM0_NAME": "Peru", "ADM0_CODE": 195, "ADM1_NAME": "San Martín", "ADM1_CODE": 2349, "ADM2_NAME": "Moyobamba", "ADM2_CODE": 24184, "GEOSET": "GAUL", "GEOSET_YEAR": 1999.0, "GEOSET_VERSION": "GAUL_v1", "GEOSET_UNIT": "ADM2", "CENTROID_LONG": -77.150666584169343, "CENTROID_LAT": -5.867551620304245 }, "geometry": { "type": "MultiPolygon", "coordinates": [ [ [ [ -76.752343, -5.942419 ], [ -76.764411, -5.974507 ], [ -76.823808, -6.032805 ], [ -76.863296, -6.050338 ], [ -76.890007, -6.110282 ], [ -76.967712, -6.228881 ], [ -76.962548, -6.288569 ], [ -76.969818, -6.32277 ], [ -76.952752, -6.397143 ], [ -77.006959, -6.413751 ], [ -77.113525, -6.39967 ], [ -77.148231, -6.359699 ], [ -77.13292, -6.302267 ], [ -77.19729, -6.233227 ], [ -77.124298, -6.203079 ], [ -77.119621, -6.162146 ], [ -77.14344, -6.101074 ], [ -77.157981, -6.009011 ], [ -77.141556, -5.937243 ], [ -77.194008, -5.938674 ], [ -77.251793, -5.843456 ], [ -77.250359, -5.803651 ], [ -77.328139, -5.758406 ], [ -77.419091, -5.678641 ], [ -77.50753, -5.68621 ], [ -77.568068, -5.715123 ], [ -77.617501, -5.659086 ], [ -77.653244, -5.585684 ], [ -77.640602, -5.522246 ], [ -77.743981, -5.405536 ], [ -77.694802, -5.410936 ], [ -77.610786, -5.384951 ], [ -77.564171, -5.411674 ], [ -77.491585, -5.486947 ], [ -77.48854, -5.552602 ], [ -77.437112, -5.574997 ], [ -77.388778, -5.56519 ], [ -77.338708, -5.596592 ], [ -77.254959, -5.568554 ], [ -77.19429, -5.625626 ], [ -77.157243, -5.609881 ], [ -76.993462, -5.685683 ], [ -76.96351, -5.717926 ], [ -76.905533, -5.737832 ], [ -76.889991, -5.7715 ], [ -76.843474, -5.770494 ], [ -76.789559, -5.838581 ], [ -76.752343, -5.942419 ] ] ] ] } },
{ "type": "Feature", "properties": { "POLYGON_ID": "PER_GAUL1999_ADM2_24185", "ADM0_ISO3": "PER", "ADM0_NAME": "Peru", "ADM0_CODE": 195, "ADM1_NAME": "San Martín", "ADM1_CODE": 2349, "ADM2_NAME": "Picota", "ADM2_CODE": 24185, "GEOSET": "GAUL", "GEOSET_YEAR": 1999.0, "GEOSET_VERSION": "GAUL_v1", "GEOSET_UNIT": "ADM2", "CENTROID_LONG": -76.250804067399514, "CENTROID_LAT": -6.9072349037274989 }, "geometry": { "type": "MultiPolygon", "coordinates": [ [ [ [ -76.06437, -6.809746 ], [ -76.015328, -6.892057 ], [ -76.005814, -6.960383 ], [ -76.007927, -7.120937 ], [ -76.023956, -7.160081 ], [ -76.111281, -7.182 ], [ -76.115448, -7.123449 ], [ -76.159677, -7.14062 ], [ -76.242386, -7.093063 ], [ -76.263847, -7.056586 ], [ -76.319542, -7.054352 ], [ -76.400978, -6.996473 ], [ -76.411934, -7.019158 ], [ -76.497978, -6.989139 ], [ -76.549224, -6.926641 ], [ -76.489044, -6.867324 ], [ -76.47979, -6.817317 ], [ -76.523933, -6.725603 ], [ -76.526146, -6.691441 ], [ -76.441193, -6.677164 ], [ -76.387383, -6.703673 ], [ -76.275443, -6.693223 ], [ -76.264031, -6.765674 ], [ -76.210449, -6.761832 ], [ -76.192704, -6.719702 ], [ -76.12027, -6.696006 ], [ -76.06437, -6.809746 ] ] ] ] } },
{ "type": "Feature", "properties": { "POLYGON_ID": "PER_GAUL1999_ADM2_24186", "ADM0_ISO3": "PER", "ADM0_NAME": "Peru", "ADM0_CODE": 195, "ADM1_NAME": "San Martín", "ADM1_CODE": 2349, "ADM2_NAME": "Rioja", "ADM2_CODE": 24186, "GEOSET": "GAUL", "GEOSET_YEAR": 1999.0, "GEOSET_VERSION": "GAUL_v1", "GEOSET_UNIT": "ADM2", "CENTROID_LONG": -77.461276754383391, "CENTROID_LAT": -5.8642611945072565 }, "geometry": { "type": "MultiPolygon", "coordinates": [ [ [ [ -77.19729, -6.233227 ], [ -77.212487, -6.160475 ], [ -77.325195, -6.125604 ], [ -77.388368, -6.039378 ], [ -77.439384, -6.052221 ], [ -77.469407, -6.001419 ], [ -77.52324, -6.065159 ], [ -77.534957, -6.024201 ], [ -77.584465, -5.997298 ], [ -77.619256, -6.010148 ], [ -77.658227, -5.962425 ], [ -77.651672, -5.933478 ], [ -77.686294, -5.836332 ], [ -77.762994, -5.815113 ], [ -77.772728, -5.688917 ], [ -77.731957, -5.612774 ], [ -77.752708, -5.537893 ], [ -77.743981, -5.405536 ], [ -77.640602, -5.522246 ], [ -77.653244, -5.585684 ], [ -77.617501, -5.659086 ], [ -77.568068, -5.715123 ], [ -77.50753, -5.68621 ], [ -77.419091, -5.678641 ], [ -77.328139, -5.758406 ], [ -77.250359, -5.803651 ], [ -77.251793, -5.843456 ], [ -77.194008, -5.938674 ], [ -77.141556, -5.937243 ], [ -77.157981, -6.009011 ], [ -77.14344, -6.101074 ], [ -77.119621, -6.162146 ], [ -77.124298, -6.203079 ], [ -77.19729, -6.233227 ] ] ] ] } },
{ "type": "Feature", "properties": { "POLYGON_ID": "PER_GAUL1999_ADM2_24187", "ADM0_ISO3": "PER", "ADM0_NAME": "Peru", "ADM0_CODE": 195, "ADM1_NAME": "San Martín", "ADM1_CODE": 2349, "ADM2_NAME": "San Martín", "ADM2_CODE": 24187, "GEOSET": "GAUL", "GEOSET_YEAR": 1999.0, "GEOSET_VERSION": "GAUL_v1", "GEOSET_UNIT": "ADM2", "CENTROID_LONG": -75.900833039418302, "CENTROID_LAT": -6.497748212023259 }, "geometry": { "type": "MultiPolygon", "coordinates": [ [ [ [ -75.708756, -6.124234 ], [ -75.70201, -6.123448 ], [ -75.612053, -6.14611 ], [ -75.499976, -6.252178 ], [ -75.539139, -6.314068 ], [ -75.548898, -6.388658 ], [ -75.508676, -6.511366 ], [ -75.53698, -6.549004 ], [ -75.541092, -6.636281 ], [ -75.521309, -6.689481 ], [ -75.530022, -6.742705 ], [ -75.513031, -6.786567 ], [ -75.634217, -6.843047 ], [ -75.648476, -6.782335 ], [ -75.718377, -6.768877 ], [ -75.789575, -6.644675 ], [ -75.846505, -6.720605 ], [ -75.905831, -6.73525 ], [ -75.991729, -6.717421 ], [ -76.013367, -6.804682 ], [ -76.06437, -6.809746 ], [ -76.12027, -6.696006 ], [ -76.192704, -6.719702 ], [ -76.210449, -6.761832 ], [ -76.264031, -6.765674 ], [ -76.275443, -6.693223 ], [ -76.387383, -6.703673 ], [ -76.441193, -6.677164 ], [ -76.374093, -6.617544 ], [ -76.462494, -6.526461 ], [ -76.444138, -6.396835 ], [ -76.422775, -6.354726 ], [ -76.354812, -6.362577 ], [ -76.256348, -6.42606 ], [ -76.191238, -6.43318 ], [ -76.19609, -6.470937 ], [ -76.161712, -6.506136 ], [ -76.106491, -6.46623 ], [ -76.001183, -6.505873 ], [ -75.900689, -6.456152 ], [ -75.942069, -6.332823 ], [ -75.974693, -6.273557 ], [ -75.937835, -6.222411 ], [ -75.917434, -6.140833 ], [ -75.844566, -6.145285 ], [ -75.815497, -6.102754 ], [ -75.727516, -6.143395 ], [ -75.708756, -6.124234 ] ] ] ] } },
{ "type": "Feature", "properties": { "POLYGON_ID": "PER_GAUL1999_ADM2_24188", "ADM0_ISO3": "PER", "ADM0_NAME": "Peru", "ADM0_CODE": 195, "ADM1_NAME": "San Martín", "ADM1_CODE": 2349, "ADM2_NAME": "Tocache", "ADM2_CODE": 24188, "GEOSET": "GAUL", "GEOSET_YEAR": 1999.0, "GEOSET_VERSION": "GAUL_v1", "GEOSET_UNIT": "ADM2", "CENTROID_LONG": -76.638025087331684, "CENTROID_LAT": -8.2455468239800016 }, "geometry": { "type": "MultiPolygon", "coordinates": [ [ [ [ -76.12654, -8.372848 ], [ -76.12899, -8.552066 ], [ -76.122201, -8.627272 ], [ -76.166541, -8.755971 ], [ -76.227622, -8.793804 ], [ -76.229683, -8.741573 ], [ -76.256989, -8.706053 ], [ -76.261773, -8.616629 ], [ -76.324333, -8.525618 ], [ -76.311684, -8.50538 ], [ -76.332786, -8.431445 ], [ -76.377122, -8.413813 ], [ -76.417442, -8.443663 ], [ -76.467964, -8.558092 ], [ -76.541268, -8.509466 ], [ -76.593193, -8.508181 ], [ -76.681061, -8.52867 ], [ -76.831826, -8.518621 ], [ -76.897681, -8.568468 ], [ -76.967147, -8.561061 ], [ -77.012039, -8.539966 ], [ -77.056015, -8.549932 ], [ -77.08857, -8.483135 ], [ -77.131172, -8.442817 ], [ -77.066002, -8.396893 ], [ -77.031357, -8.404225 ], [ -76.92855, -8.360516 ], [ -76.899238, -8.285341 ], [ -76.92434, -8.217445 ], [ -76.906326, -8.169526 ], [ -76.980309, -8.119791 ], [ -77.020622, -8.063221 ], [ -77.087121, -8.046669 ], [ -77.119286, -7.955967 ], [ -77.092887, -7.894252 ], [ -77.017083, -7.793312 ], [ -76.941071, -7.824894 ], [ -76.875968, -7.889496 ], [ -76.799476, -7.919776 ], [ -76.719476, -7.862871 ], [ -76.765685, -7.791324 ], [ -76.773117, -7.736215 ], [ -76.684928, -7.730558 ], [ -76.609863, -7.699336 ], [ -76.632941, -7.740012 ], [ -76.640351, -7.80494 ], [ -76.599297, -7.866809 ], [ -76.629737, -7.940437 ], [ -76.59266, -8.005242 ], [ -76.564583, -8.001579 ], [ -76.518729, -8.046556 ], [ -76.476875, -8.038396 ], [ -76.394731, -8.122068 ], [ -76.321564, -8.120946 ], [ -76.334801, -8.20483 ], [ -76.238266, -8.212871 ], [ -76.12654, -8.372848 ] ] ] ] } },
{ "type": "Feature", "properties": { "POLYGON_ID": "PER_GAUL1999_ADM2_91844", "ADM0_ISO3": "PER", "ADM0_NAME": "Peru", "ADM0_CODE": 195, "ADM1_NAME": "San Martín", "ADM1_CODE": 2349, "ADM2_NAME": "El Dorado", "ADM2_CODE": 91844, "GEOSET": "GAUL", "GEOSET_YEAR": 1999.0, "GEOSET_VERSION": "GAUL_v1", "GEOSET_UNIT": "ADM2", "CENTROID_LONG": -76.742269146120819, "CENTROID_LAT": -6.5604543408229281 }, "geometry": { "type": "MultiPolygon", "coordinates": [ [ [ [ -76.526146, -6.691441 ], [ -76.523933, -6.725603 ], [ -76.595345, -6.794875 ], [ -76.621735, -6.776749 ], [ -76.68695, -6.810443 ], [ -76.727608, -6.806719 ], [ -76.786124, -6.727825 ], [ -76.801773, -6.640807 ], [ -76.843155, -6.548559 ], [ -76.887886, -6.480981 ], [ -76.917847, -6.473391 ], [ -76.952752, -6.397143 ], [ -76.969818, -6.32277 ], [ -76.962548, -6.288569 ], [ -76.894814, -6.278919 ], [ -76.842057, -6.311937 ], [ -76.828124, -6.40574 ], [ -76.751502, -6.397172 ], [ -76.71502, -6.363234 ], [ -76.643624, -6.519448 ], [ -76.639373, -6.549065 ], [ -76.536194, -6.629631 ], [ -76.55796, -6.671086 ], [ -76.526146, -6.691441 ] ] ] ] } },
{ "type": "Feature", "properties": { "POLYGON_ID": "PER_GAUL1999_ADM2_91845", "ADM0_ISO3": "PER", "ADM0_NAME": "Peru", "ADM0_CODE": 195, "ADM1_NAME": "San Martín", "ADM1_CODE": 2349, "ADM2_NAME": "Huallaga", "ADM2_CODE": 91845, "GEOSET": "GAUL", "GEOSET_YEAR": 1999.0, "GEOSET_VERSION": "GAUL_v1", "GEOSET_UNIT": "ADM2", "CENTROID_LONG": -76.894158010138355, "CENTROID_LAT": -6.7678432700919231 }, "geometry": { "type": "MultiPolygon", "coordinates": [ [ [ [ -76.952752, -6.397143 ], [ -76.917847, -6.473391 ], [ -76.887886, -6.480981 ], [ -76.843155, -6.548559 ], [ -76.801773, -6.640807 ], [ -76.786124, -6.727825 ], [ -76.727608, -6.806719 ], [ -76.693801, -6.90536 ], [ -76.639542, -6.987744 ], [ -76.651596, -7.016149 ], [ -76.625915, -7.077782 ], [ -76.67028, -7.117211 ], [ -76.708091, -7.094893 ], [ -76.782852, -7.151509 ], [ -76.816323, -7.160583 ], [ -76.853904, -7.069125 ], [ -76.907181, -7.086151 ], [ -76.903632, -7.024425 ], [ -76.963767, -6.993738 ], [ -76.99327, -6.919735 ], [ -76.994317, -6.832462 ], [ -77.030357, -6.794774 ], [ -77.031097, -6.712163 ], [ -77.083611, -6.632343 ], [ -77.06762, -6.568648 ], [ -77.120902, -6.507688 ], [ -77.159821, -6.497297 ], [ -77.198119, -6.422503 ], [ -77.156951, -6.397257 ], [ -77.148231, -6.359699 ], [ -77.113525, -6.39967 ], [ -77.006959, -6.413751 ], [ -76.952752, -6.397143 ] ] ] ] } },
{ "type": "Feature", "properties": { "POLYGON_ID": "PER_GAUL1999_ADM2_91846", "ADM0_ISO3": "PER", "ADM0_NAME": "Peru", "ADM0_CODE": 195, "ADM1_NAME": "San Martín", "ADM1_CODE": 2349, "ADM2_NAME": "Mariscal Cáceres", "ADM2_CODE": 91846, "GEOSET": "GAUL", "GEOSET_YEAR": 1999.0, "GEOSET_VERSION": "GAUL_v1", "GEOSET_UNIT": "ADM2", "CENTROID_LONG": -77.171513753010089, "CENTROID_LAT": -7.2780571540237986 }, "geometry": { "type": "MultiPolygon", "coordinates": [ [ [ [ -77.198119, -6.422503 ], [ -77.159821, -6.497297 ], [ -77.120902, -6.507688 ], [ -77.06762, -6.568648 ], [ -77.083611, -6.632343 ], [ -77.031097, -6.712163 ], [ -77.030357, -6.794774 ], [ -76.994317, -6.832462 ], [ -76.99327, -6.919735 ], [ -76.963767, -6.993738 ], [ -76.903632, -7.024425 ], [ -76.907181, -7.086151 ], [ -76.853904, -7.069125 ], [ -76.816323, -7.160583 ], [ -76.782852, -7.151509 ], [ -76.708091, -7.094893 ], [ -76.67028, -7.117211 ], [ -76.636871, -7.146518 ], [ -76.626366, -7.228822 ], [ -76.570099, -7.277541 ], [ -76.51178, -7.397779 ], [ -76.477905, -7.535913 ], [ -76.480515, -7.600016 ], [ -76.52951, -7.625038 ], [ -76.567398, -7.682015 ], [ -76.609863, -7.699336 ], [ -76.684928, -7.730558 ], [ -76.773117, -7.736215 ], [ -76.765685, -7.791324 ], [ -76.719476, -7.862871 ], [ -76.799476, -7.919776 ], [ -76.875968, -7.889496 ], [ -76.941071, -7.824894 ], [ -77.017083, -7.793312 ], [ -77.092887, -7.894252 ], [ -77.119286, -7.955967 ], [ -77.087121, -8.046669 ], [ -77.202522, -8.012036 ], [ -77.240785, -8.014668 ], [ -77.293159, -8.060376 ], [ -77.385742, -8.055383 ], [ -77.406854, -7.992738 ], [ -77.378891, -7.907708 ], [ -77.409614, -7.901523 ], [ -77.444763, -7.811836 ], [ -77.489463, -7.793583 ], [ -77.484757, -7.699983 ], [ -77.530296, -7.655353 ], [ -77.49595, -7.583889 ], [ -77.537446, -7.56074 ], [ -77.528587, -7.504816 ], [ -77.610816, -7.434428 ], [ -77.63913, -7.343075 ], [ -77.646286, -7.272053 ], [ -77.605629, -7.219731 ], [ -77.639335, -7.154844 ], [ -77.713181, -7.108352 ], [ -77.708404, -7.077013 ], [ -77.746673, -7.020605 ], [ -77.750267, -6.96545 ], [ -77.713425, -6.910156 ], [ -77.758903, -6.804484 ], [ -77.734901, -6.673761 ], [ -77.714995, -6.637683 ], [ -77.660804, -6.645243 ], [ -77.627547, -6.612644 ], [ -77.564499, -6.642941 ], [ -77.555198, -6.667895 ], [ -77.480278, -6.687853 ], [ -77.388085, -6.739312 ], [ -77.375862, -6.704771 ], [ -77.434746, -6.605084 ], [ -77.392899, -6.596196 ], [ -77.335152, -6.537565 ], [ -77.325753, -6.467386 ], [ -77.251679, -6.38822 ], [ -77.198119, -6.422503 ] ] ] ] } },
{ "type": "Feature", "properties": { "POLYGON_ID": "PER_GAUL1999_ADM2_24189", "ADM0_ISO3": "PER", "ADM0_NAME": "Peru", "ADM0_CODE": 195, "ADM1_NAME": "Tacna", "ADM1_CODE": 2350, "ADM2_NAME": "Candarave", "ADM2_CODE": 24189, "GEOSET": "GAUL", "GEOSET_YEAR": 1999.0, "GEOSET_VERSION": "GAUL_v1", "GEOSET_UNIT": "ADM2", "CENTROID_LONG": -70.302538601806035, "CENTROID_LAT": -17.113264406947195 }, "geometry": { "type": "MultiPolygon", "coordinates": [ [ [ [ -70.147613, -16.938644 ], [ -70.096282, -16.985089 ], [ -70.073632, -17.035357 ], [ -70.071793, -17.081072 ], [ -70.097862, -17.138417 ], [ -70.094644, -17.288979 ], [ -70.124664, -17.319704 ], [ -70.196457, -17.324805 ], [ -70.244018, -17.358037 ], [ -70.327599, -17.448535 ], [ -70.343224, -17.458112 ], [ -70.400214, -17.421586 ], [ -70.364097, -17.373702 ], [ -70.433159, -17.335781 ], [ -70.454453, -17.30043 ], [ -70.570596, -17.195058 ], [ -70.521332, -17.158027 ], [ -70.491601, -17.091305 ], [ -70.439828, -17.049087 ], [ -70.46357, -17.004794 ], [ -70.464912, -16.945482 ], [ -70.441788, -16.841027 ], [ -70.307809, -16.772846 ], [ -70.183389, -16.829139 ], [ -70.245155, -16.860119 ], [ -70.260011, -16.902098 ], [ -70.224693, -16.960788 ], [ -70.179138, -16.916879 ], [ -70.147613, -16.938644 ] ] ] ] } },
{ "type": "Feature", "properties": { "POLYGON_ID": "PER_GAUL1999_ADM2_24190", "ADM0_ISO3": "PER", "ADM0_NAME": "Peru", "ADM0_CODE": 195, "ADM1_NAME": "Tacna", "ADM1_CODE": 2350, "ADM2_NAME": "Jorge Basadre", "ADM2_CODE": 24190, "GEOSET": "GAUL", "GEOSET_YEAR": 1999.0, "GEOSET_VERSION": "GAUL_v1", "GEOSET_UNIT": "ADM2", "CENTROID_LONG": -70.727853844154282, "CENTROID_LAT": -17.575949007930944 }, "geometry": { "type": "MultiPolygon", "coordinates": [ [ [ [ -70.570596, -17.195058 ], [ -70.454453, -17.30043 ], [ -70.433159, -17.335781 ], [ -70.364097, -17.373702 ], [ -70.400214, -17.421586 ], [ -70.343224, -17.458112 ], [ -70.392089, -17.463589 ], [ -70.42791, -17.510819 ], [ -70.505836, -17.54223 ], [ -70.653816, -17.69769 ], [ -70.840844, -17.912369 ], [ -70.852326, -17.958576 ], [ -70.8894999, -17.9764235 ], [ -70.9435059, -17.9136035 ], [ -71.0110059, -17.876748 ], [ -71.0968437, -17.8677246 ], [ -71.1394669, -17.8214769 ], [ -71.084329, -17.735802 ], [ -71.0168, -17.708552 ], [ -70.993163, -17.678905 ], [ -70.913307, -17.687092 ], [ -70.907723, -17.647207 ], [ -70.882972, -17.561771 ], [ -70.781158, -17.451452 ], [ -70.746568, -17.429016 ], [ -70.752801, -17.37844 ], [ -70.713593, -17.270464 ], [ -70.678376, -17.22285 ], [ -70.570596, -17.195058 ] ] ] ] } },
{ "type": "Feature", "properties": { "POLYGON_ID": "PER_GAUL1999_ADM2_24191", "ADM0_ISO3": "PER", "ADM0_NAME": "Peru", "ADM0_CODE": 195, "ADM1_NAME": "Tacna", "ADM1_CODE": 2350, "ADM2_NAME": "Tacna", "ADM2_CODE": 24191, "GEOSET": "GAUL", "GEOSET_YEAR": 1999.0, "GEOSET_VERSION": "GAUL_v1", "GEOSET_UNIT": "ADM2", "CENTROID_LONG": -70.221597290125914, "CENTROID_LAT": -17.890660551834976 }, "geometry": { "type": "MultiPolygon", "coordinates": [ [ [ [ -69.4688206, -17.4648471 ], [ -69.4713497, -17.4875541 ], [ -69.47262, -17.49896 ], [ -69.49662, -17.53307 ], [ -69.50413, -17.53986 ], [ -69.5491116, -17.5772344 ], [ -69.55643, -17.58349 ], [ -69.61399, -17.62381 ], [ -69.62295, -17.63035 ], [ -69.6278105, -17.6337448 ], [ -69.6528988, -17.651544 ], [ -69.6619, -17.65783 ], [ -69.67103, -17.65977 ], [ -69.79488, -17.64789 ], [ -69.7964182, -17.6488084 ], [ -69.82134, -17.70118 ], [ -69.814072, -17.7134766 ], [ -69.81979, -17.72127 ], [ -69.81888, -17.74747 ], [ -69.81564, -17.75761 ], [ -69.8064, -17.76735 ], [ -69.78514, -17.77515 ], [ -69.7945726, -17.8474117 ], [ -69.7924, -17.86977 ], [ -69.7830093, -17.8903474 ], [ -69.76018, -17.92559 ], [ -69.74696, -17.9391 ], [ -69.75546, -17.99181 ], [ -69.77647, -18.03124 ], [ -69.7852, -18.05179 ], [ -69.81891, -18.11859 ], [ -69.8269382, -18.1285308 ], [ -69.84439, -18.15014 ], [ -69.87414, -18.17726 ], [ -69.91991, -18.21377 ], [ -69.93616, -18.23718 ], [ -69.94788, -18.24803 ], [ -69.96779, -18.25989 ], [ -69.98473, -18.26652 ], [ -69.99389, -18.26799 ], [ -70.0, -18.26799 ], [ -70.0242365, -18.2677783 ], [ -70.04864, -18.26482 ], [ -70.09716, -18.29022 ], [ -70.11439, -18.29889 ], [ -70.1251889, -18.3028389 ], [ -70.13665, -18.30703 ], [ -70.15941, -18.31584 ], [ -70.17463, -18.31949 ], [ -70.19074, -18.31922 ], [ -70.27133, -18.30888 ], [ -70.28595, -18.30633 ], [ -70.30469, -18.30554 ], [ -70.3249078, -18.3099911 ], [ -70.32787, -18.31065 ], [ -70.3404826, -18.316392 ], [ -70.3430237, -18.3183399 ], [ -70.35513, -18.32762 ], [ -70.37282, -18.34706 ], [ -70.3741913, -18.3497276 ], [ -70.3761704, -18.3535778 ], [ -70.4812891, -18.2734121 ], [ -70.6785742, -18.1618476 ], [ -70.759457, -18.080418 ], [ -70.8131562, -18.0404882 ], [ -70.8791895, -18.0147539 ], [ -70.8894999, -17.9764235 ], [ -70.852326, -17.958576 ], [ -70.840844, -17.912369 ], [ -70.653816, -17.69769 ], [ -70.505836, -17.54223 ], [ -70.42791, -17.510819 ], [ -70.392089, -17.463589 ], [ -70.343224, -17.458112 ], [ -70.327599, -17.448535 ], [ -70.296958, -17.484577 ], [ -70.312964, -17.520075 ], [ -70.235198, -17.590053 ], [ -70.172914, -17.586575 ], [ -70.153992, -17.635561 ], [ -70.211404, -17.738471 ], [ -70.193291, -17.776411 ], [ -70.106721, -17.784659 ], [ -70.072326, -17.710389 ], [ -70.014878, -17.62535 ], [ -69.943366, -17.57776 ], [ -69.87452, -17.557911 ], [ -69.819748, -17.45431 ], [ -69.707893, -17.474439 ], [ -69.647393, -17.409751 ], [ -69.598587, -17.39315 ], [ -69.535957, -17.406469 ], [ -69.494399, -17.43254 ], [ -69.476615, -17.452409 ], [ -69.476303, -17.458791 ], [ -69.472061, -17.463561 ], [ -69.469566, -17.46432 ], [ -69.4688206, -17.4648471 ] ] ] ] } },
{ "type": "Feature", "properties": { "POLYGON_ID": "PER_GAUL1999_ADM2_24192", "ADM0_ISO3": "PER", "ADM0_NAME": "Peru", "ADM0_CODE": 195, "ADM1_NAME": "Tacna", "ADM1_CODE": 2350, "ADM2_NAME": "Tarata", "ADM2_CODE": 24192, "GEOSET": "GAUL", "GEOSET_YEAR": 1999.0, "GEOSET_VERSION": "GAUL_v1", "GEOSET_UNIT": "ADM2", "CENTROID_LONG": -69.969950075981728, "CENTROID_LAT": -17.417790639098079 }, "geometry": { "type": "MultiPolygon", "coordinates": [ [ [ [ -69.6380348, -17.286767 ], [ -69.63797, -17.28688 ], [ -69.63152, -17.2872 ], [ -69.61379, -17.28308 ], [ -69.59493, -17.28379 ], [ -69.57279, -17.28914 ], [ -69.47232, -17.36737 ], [ -69.46287, -17.37553 ], [ -69.4644842, -17.4114822 ], [ -69.46522, -17.42464 ], [ -69.4661929, -17.4412539 ], [ -69.4688206, -17.4648471 ], [ -69.469566, -17.46432 ], [ -69.472061, -17.463561 ], [ -69.476303, -17.458791 ], [ -69.476615, -17.452409 ], [ -69.494399, -17.43254 ], [ -69.535957, -17.406469 ], [ -69.598587, -17.39315 ], [ -69.647393, -17.409751 ], [ -69.707893, -17.474439 ], [ -69.819748, -17.45431 ], [ -69.87452, -17.557911 ], [ -69.943366, -17.57776 ], [ -70.014878, -17.62535 ], [ -70.072326, -17.710389 ], [ -70.106721, -17.784659 ], [ -70.193291, -17.776411 ], [ -70.211404, -17.738471 ], [ -70.153992, -17.635561 ], [ -70.172914, -17.586575 ], [ -70.235198, -17.590053 ], [ -70.312964, -17.520075 ], [ -70.296958, -17.484577 ], [ -70.327599, -17.448535 ], [ -70.244018, -17.358037 ], [ -70.196457, -17.324805 ], [ -70.124664, -17.319704 ], [ -70.094644, -17.288979 ], [ -70.097862, -17.138417 ], [ -70.071793, -17.081072 ], [ -70.073632, -17.035357 ], [ -70.042916, -17.05865 ], [ -70.04647, -17.111578 ], [ -69.979743, -17.168723 ], [ -69.850838, -17.243718 ], [ -69.789016, -17.2357 ], [ -69.739144, -17.29243 ], [ -69.695123, -17.27368 ], [ -69.65506, -17.27071 ], [ -69.646041, -17.28647 ], [ -69.644157, -17.287518 ], [ -69.641358, -17.286851 ], [ -69.6380348, -17.286767 ] ] ] ] } },
{ "type": "Feature", "properties": { "POLYGON_ID": "PER_GAUL1999_ADM2_24193", "ADM0_ISO3": "PER", "ADM0_NAME": "Peru", "ADM0_CODE": 195, "ADM1_NAME": "Tumbes", "ADM1_CODE": 2351, "ADM2_NAME": "Contralmirante Villar", "ADM2_CODE": 24193, "GEOSET": "GAUL", "GEOSET_YEAR": 1999.0, "GEOSET_VERSION": "GAUL_v1", "GEOSET_UNIT": "ADM2", "CENTROID_LONG": -80.73868700834322, "CENTROID_LAT": -3.9672629050785764 }, "geometry": { "type": "MultiPolygon", "coordinates": [ [ [ [ -80.664046, -4.216532 ], [ -80.76947, -4.173477 ], [ -80.885398, -4.191466 ], [ -80.936141, -4.177996 ], [ -80.972459, -4.127368 ], [ -81.0441867, -4.0865377 ], [ -80.9868466, -3.9847322 ], [ -80.8342156, -3.8744706 ], [ -80.7941655, -3.7590659 ], [ -80.7544903, -3.7182597 ], [ -80.6047392, -3.6363273 ], [ -80.603836, -3.668577 ], [ -80.553458, -3.734021 ], [ -80.55156, -3.883147 ], [ -80.515137, -4.024191 ], [ -80.556938, -4.055212 ], [ -80.580491, -4.133052 ], [ -80.664046, -4.216532 ] ] ] ] } },
{ "type": "Feature", "properties": { "POLYGON_ID": "PER_GAUL1999_ADM2_24194", "ADM0_ISO3": "PER", "ADM0_NAME": "Peru", "ADM0_CODE": 195, "ADM1_NAME": "Tumbes", "ADM1_CODE": 2351, "ADM2_NAME": "Tumbes", "ADM2_CODE": 24194, "GEOSET": "GAUL", "GEOSET_YEAR": 1999.0, "GEOSET_VERSION": "GAUL_v1", "GEOSET_UNIT": "ADM2", "CENTROID_LONG": -80.43045837118494, "CENTROID_LAT": -3.8035514552272143 }, "geometry": { "type": "MultiPolygon", "coordinates": [ [ [ [ -80.1776029, -3.9272513 ], [ -80.18357, -3.92942 ], [ -80.1929078, -3.9392418 ], [ -80.2070554, -3.9486191 ], [ -80.21293, -3.95281 ], [ -80.2218761, -3.9514419 ], [ -80.23124, -3.95001 ], [ -80.23491, -3.95184 ], [ -80.23769, -3.96287 ], [ -80.24825, -3.97458 ], [ -80.2495093, -3.9809657 ], [ -80.2922289, -4.0166734 ], [ -80.30604, -4.01376 ], [ -80.31702, -4.0112 ], [ -80.3228449, -4.0019274 ], [ -80.32752, -3.99806 ], [ -80.33851, -3.99734 ], [ -80.3430022, -3.9947839 ], [ -80.3602542, -3.9849675 ], [ -80.36206, -3.98394 ], [ -80.39366, -3.98615 ], [ -80.39755, -3.98407 ], [ -80.40626, -3.98772 ], [ -80.410237, -3.9878977 ], [ -80.41611, -3.98816 ], [ -80.42001, -3.99114 ], [ -80.42314, -3.99135 ], [ -80.42986, -3.9918 ], [ -80.47651, -4.05723 ], [ -80.47427, -4.06052 ], [ -80.4701524, -4.0770305 ], [ -80.4800013, -4.0790744 ], [ -80.4803431, -4.0802623 ], [ -80.480969, -4.082437 ], [ -80.523444, -4.106429 ], [ -80.561105, -4.175922 ], [ -80.617294, -4.228705 ], [ -80.664046, -4.216532 ], [ -80.580491, -4.133052 ], [ -80.556938, -4.055212 ], [ -80.515137, -4.024191 ], [ -80.55156, -3.883147 ], [ -80.553458, -3.734021 ], [ -80.603836, -3.668577 ], [ -80.6047392, -3.6363273 ], [ -80.550608, -3.5964012 ], [ -80.5035838, -3.5050807 ], [ -80.3688978, -3.4838752 ], [ -80.34182, -3.622856 ], [ -80.295196, -3.673505 ], [ -80.305039, -3.772996 ], [ -80.25702, -3.82873 ], [ -80.251817, -3.902474 ], [ -80.221488, -3.901681 ], [ -80.204361, -3.909886 ], [ -80.190788, -3.92173 ], [ -80.183785, -3.92398 ], [ -80.180642, -3.925999 ], [ -80.179215, -3.926587 ], [ -80.1776029, -3.9272513 ] ] ] ] } },
{ "type": "Feature", "properties": { "POLYGON_ID": "PER_GAUL1999_ADM2_24195", "ADM0_ISO3": "PER", "ADM0_NAME": "Peru", "ADM0_CODE": 195, "ADM1_NAME": "Tumbes", "ADM1_CODE": 2351, "ADM2_NAME": "Zarumilla", "ADM2_CODE": 24195, "GEOSET": "GAUL", "GEOSET_YEAR": 1999.0, "GEOSET_VERSION": "GAUL_v1", "GEOSET_UNIT": "ADM2", "CENTROID_LONG": -80.256239604781086, "CENTROID_LAT": -3.6584184565028082 }, "geometry": { "type": "MultiPolygon", "coordinates": [ [ [ [ -80.2199947, -3.4406619 ], [ -80.2217806, -3.4437823 ], [ -80.2241927, -3.4472327 ], [ -80.2256914, -3.4487305 ], [ -80.2266565, -3.4491043 ], [ -80.23279, -3.45148 ], [ -80.2343284, -3.4546584 ], [ -80.23946, -3.46526 ], [ -80.2258772, -3.4970276 ], [ -80.2242115, -3.5004969 ], [ -80.220903, -3.5000468 ], [ -80.2203893, -3.4999764 ], [ -80.21757, -3.49959 ], [ -80.2154568, -3.5024464 ], [ -80.21484, -3.50328 ], [ -80.21373, -3.5164 ], [ -80.2149, -3.52698 ], [ -80.21101, -3.53205 ], [ -80.2069401, -3.5490803 ], [ -80.2076498, -3.552119 ], [ -80.20925, -3.55897 ], [ -80.2100715, -3.5609799 ], [ -80.21084, -3.56286 ], [ -80.21593, -3.57528 ], [ -80.2126, -3.58594 ], [ -80.21161, -3.5891 ], [ -80.2086429, -3.592097 ], [ -80.1974301, -3.5942 ], [ -80.1916161, -3.6023947 ], [ -80.19128, -3.60457 ], [ -80.1942548, -3.6141457 ], [ -80.19635, -3.62089 ], [ -80.19544, -3.62434 ], [ -80.19019, -3.62872 ], [ -80.187217, -3.6366982 ], [ -80.18564, -3.64093 ], [ -80.1863082, -3.6432842 ], [ -80.18864, -3.6515 ], [ -80.1868588, -3.6607528 ], [ -80.18638, -3.66324 ], [ -80.18731, -3.6683 ], [ -80.1949005, -3.6843838 ], [ -80.1939723, -3.6978927 ], [ -80.1926504, -3.7016424 ], [ -80.19335, -3.70624 ], [ -80.19222, -3.71131 ], [ -80.1846869, -3.7174335 ], [ -80.18399, -3.718 ], [ -80.1825671, -3.7219153 ], [ -80.18081, -3.72675 ], [ -80.18089, -3.7293419 ], [ -80.1813, -3.74263 ], [ -80.18405, -3.74515 ], [ -80.1831513, -3.74883 ], [ -80.1831956, -3.7488318 ], [ -80.18864, -3.74905 ], [ -80.18933, -3.75089 ], [ -80.1888228, -3.7546396 ], [ -80.1883778, -3.7606862 ], [ -80.18961, -3.77182 ], [ -80.1882283, -3.775018 ], [ -80.18802, -3.7755 ], [ -80.1840283, -3.7770564 ], [ -80.17765, -3.78855 ], [ -80.1753359, -3.7941673 ], [ -80.1678169, -3.7971557 ], [ -80.16655, -3.79741 ], [ -80.16336, -3.80386 ], [ -80.16241, -3.807 ], [ -80.1621399, -3.812185 ], [ -80.1618, -3.81871 ], [ -80.16251, -3.85744 ], [ -80.16109, -3.88106 ], [ -80.1556702, -3.8954897 ], [ -80.15606, -3.91151 ], [ -80.16199, -3.91949 ], [ -80.1636625, -3.9217598 ], [ -80.164093, -3.9223411 ], [ -80.1776029, -3.9272513 ], [ -80.179215, -3.926587 ], [ -80.180642, -3.925999 ], [ -80.183785, -3.92398 ], [ -80.190788, -3.92173 ], [ -80.204361, -3.909886 ], [ -80.221488, -3.901681 ], [ -80.251817, -3.902474 ], [ -80.25702, -3.82873 ], [ -80.305039, -3.772996 ], [ -80.295196, -3.673505 ], [ -80.34182, -3.622856 ], [ -80.3688978, -3.4838752 ], [ -80.3191171, -3.4231029 ], [ -80.2734086, -3.4435932 ], [ -80.2199947, -3.4406619 ] ] ] ] } },
{ "type": "Feature", "properties": { "POLYGON_ID": "PER_GAUL1999_ADM2_24196", "ADM0_ISO3": "PER", "ADM0_NAME": "Peru", "ADM0_CODE": 195, "ADM1_NAME": "Ucayali", "ADM1_CODE": 2352, "ADM2_NAME": "Atalaya", "ADM2_CODE": 24196, "GEOSET": "GAUL", "GEOSET_YEAR": 1999.0, "GEOSET_VERSION": "GAUL_v1", "GEOSET_UNIT": "ADM2", "CENTROID_LONG": -73.219260297928614, "CENTROID_LAT": -10.399266917462631 }, "geometry": { "type": "MultiPolygon", "coordinates": [ [ [ [ -73.19727, -9.41585 ], [ -72.72064, -9.41718 ], [ -72.71407, -9.42655 ], [ -72.7139473, -9.4266297 ], [ -72.70779, -9.43063 ], [ -72.696887, -9.4349466 ], [ -72.69655, -9.43508 ], [ -72.69362, -9.43624 ], [ -72.6839709, -9.4366613 ], [ -72.67186, -9.43719 ], [ -72.6636062, -9.4401406 ], [ -72.65944, -9.44163 ], [ -72.6416012, -9.4428299 ], [ -72.55414, -9.46239 ], [ -72.54061, -9.47329 ], [ -72.5284333, -9.4795128 ], [ -72.52431, -9.48162 ], [ -72.49517, -9.47901 ], [ -72.4864818, -9.4807077 ], [ -72.44654, -9.48078 ], [ -72.4402562, -9.4767242 ], [ -72.42016, -9.48026 ], [ -72.4102737, -9.4811609 ], [ -72.39536, -9.48252 ], [ -72.37999, -9.49063 ], [ -72.3675461, -9.4906603 ], [ -72.36356, -9.49067 ], [ -72.361341, -9.4923104 ], [ -72.35773, -9.49498 ], [ -72.3559546, -9.4970206 ], [ -72.34923, -9.50475 ], [ -72.34239, -9.51617 ], [ -72.3353043, -9.524412 ], [ -72.33044, -9.53007 ], [ -72.2887, -9.5356 ], [ -72.2877411, -9.5386641 ], [ -72.28655, -9.54247 ], [ -72.29292, -9.59268 ], [ -72.26148, -9.6296 ], [ -72.25787, -9.64175 ], [ -72.24915, -9.65476 ], [ -72.2474602, -9.6616417 ], [ -72.2488535, -9.6734064 ], [ -72.25147, -9.6955 ], [ -72.25253, -9.69971 ], [ -72.2603487, -9.730634 ], [ -72.26278, -9.74025 ], [ -72.26247, -9.74761 ], [ -72.2606652, -9.7536867 ], [ -72.16655, -9.80726 ], [ -72.15994, -9.81777 ], [ -72.15703, -9.82832 ], [ -72.1565741, -9.8368096 ], [ -72.1461646, -9.8864965 ], [ -72.14677, -9.88946 ], [ -72.14834, -9.89723 ], [ -72.15424, -9.90857 ], [ -72.16669, -9.93402 ], [ -72.1631295, -9.9462879 ], [ -72.15897, -9.96062 ], [ -72.16454, -9.97909 ], [ -72.1645996, -9.9860109 ], [ -72.16472, -10.0 ], [ -72.1647209, -10.0002179 ], [ -72.180335, -10.000249 ], [ -72.177306, -10.005249 ], [ -72.183585, -10.040719 ], [ -72.147659, -10.075649 ], [ -72.154283, -10.16178 ], [ -72.235871, -10.166108 ], [ -72.242157, -10.187598 ], [ -72.336709, -10.181458 ], [ -72.406884, -10.22176 ], [ -72.48793, -10.317919 ], [ -72.480178, -10.376081 ], [ -72.425666, -10.44195 ], [ -72.430388, -10.49081 ], [ -72.379463, -10.546289 ], [ -72.385872, -10.593389 ], [ -72.445764, -10.638598 ], [ -72.462723, -10.67614 ], [ -72.468566, -10.75771 ], [ -72.486396, -10.78942 ], [ -72.435913, -10.841457 ], [ -72.430268, -10.888841 ], [ -72.358979, -10.966509 ], [ -72.233902, -10.978249 ], [ -72.186835, -11.010469 ], [ -72.175476, -11.039029 ], [ -72.164078, -11.089899 ], [ -72.120925, -11.10415 ], [ -72.14907, -11.152619 ], [ -72.198434, -11.195719 ], [ -72.199966, -11.263811 ], [ -72.242524, -11.32321 ], [ -72.242927, -11.324538 ], [ -72.30494, -11.30025 ], [ -72.449112, -11.385289 ], [ -72.48037, -11.387019 ], [ -72.526176, -11.439439 ], [ -72.576789, -11.438887 ], [ -72.645682, -11.41311 ], [ -72.735772, -11.351389 ], [ -72.764594, -11.372033 ], [ -72.833816, -11.37645 ], [ -72.922973, -11.34335 ], [ -72.982621, -11.211477 ], [ -73.022385, -11.257985 ], [ -73.066855, -11.281239 ], [ -73.185753, -11.283559 ], [ -73.244117, -11.305906 ], [ -73.31202, -11.302567 ], [ -73.416947, -11.381093 ], [ -73.4822, -11.314269 ], [ -73.447197, -11.230921 ], [ -73.468703, -11.084766 ], [ -73.524964, -11.056811 ], [ -73.572746, -10.95406 ], [ -73.563766, -10.890709 ], [ -73.743125, -10.733969 ], [ -73.781975, -10.760067 ], [ -73.794403, -10.81377 ], [ -73.822808, -10.834697 ], [ -73.813126, -10.888344 ], [ -73.862634, -10.975553 ], [ -73.860564, -11.155522 ], [ -73.889473, -11.18201 ], [ -73.975326, -11.12624 ], [ -74.006652, -10.992514 ], [ -74.194428, -10.987753 ], [ -74.347907, -11.055628 ], [ -74.395653, -11.04456 ], [ -74.412933, -10.9998 ], [ -74.502052, -10.93033 ], [ -74.574248, -10.911632 ], [ -74.552665, -10.888168 ], [ -74.501487, -10.897369 ], [ -74.481216, -10.835267 ], [ -74.392968, -10.813599 ], [ -74.368217, -10.768851 ], [ -74.230607, -10.635939 ], [ -74.166123, -10.63807 ], [ -74.134667, -10.59914 ], [ -74.181815, -10.505449 ], [ -74.189079, -10.463107 ], [ -74.285331, -10.42464 ], [ -74.323701, -10.371269 ], [ -74.373862, -10.360719 ], [ -74.408364, -10.308819 ], [ -74.247277, -10.21408 ], [ -74.303307, -10.158448 ], [ -74.393472, -10.04309 ], [ -74.398475, -9.945381 ], [ -74.413558, -9.898271 ], [ -74.364417, -9.883341 ], [ -74.365723, -9.839251 ], [ -74.286521, -9.781409 ], [ -74.275162, -9.748099 ], [ -74.20189, -9.71022 ], [ -74.115693, -9.697349 ], [ -74.022889, -9.72108 ], [ -73.893058, -9.67978 ], [ -73.771393, -9.694409 ], [ -73.682242, -9.604719 ], [ -73.624587, -9.60411 ], [ -73.536378, -9.70557 ], [ -73.409751, -9.818419 ], [ -73.379243, -9.868791 ], [ -73.311217, -9.890458 ], [ -73.257712, -9.93038 ], [ -73.204483, -10.02691 ], [ -73.1093, -10.09296 ], [ -73.087967, -10.021479 ], [ -73.054849, -9.99856 ], [ -73.078269, -9.94057 ], [ -73.135934, -9.875019 ], [ -73.191581, -9.73305 ], [ -73.208932, -9.631209 ], [ -73.212098, -9.458321 ], [ -73.209397, -9.413649 ], [ -73.196937, -9.413579 ], [ -73.1965888, -9.4135772 ], [ -73.19727, -9.41585 ] ] ] ] } },
{ "type": "Feature", "properties": { "POLYGON_ID": "PER_GAUL1999_ADM2_24197", "ADM0_ISO3": "PER", "ADM0_NAME": "Peru", "ADM0_CODE": 195, "ADM1_NAME": "Ucayali", "ADM1_CODE": 2352, "ADM2_NAME": "Coronel Portillo", "ADM2_CODE": 24197, "GEOSET": "GAUL", "GEOSET_YEAR": 1999.0, "GEOSET_VERSION": "GAUL_v1", "GEOSET_UNIT": "ADM2", "CENTROID_LONG": -74.057207310644003, "CENTROID_LAT": -8.6953757668192466 }, "geometry": { "type": "MultiPolygon", "coordinates": [ [ [ [ -73.9822803, -7.5310285 ], [ -73.9832608, -7.5320717 ], [ -73.97555, -7.56097 ], [ -73.91093, -7.61696 ], [ -73.9003736, -7.6280182 ], [ -73.88898, -7.64189 ], [ -73.87857, -7.65585 ], [ -73.85573, -7.67343 ], [ -73.84556, -7.6851 ], [ -73.82867, -7.70821 ], [ -73.81897, -7.71804 ], [ -73.8132, -7.72192 ], [ -73.698305, -7.7772662 ], [ -73.68494, -7.80813 ], [ -73.68492, -7.81272 ], [ -73.68508, -7.82627 ], [ -73.68597, -7.83247 ], [ -73.6894592, -7.8489567 ], [ -73.69047, -7.85383 ], [ -73.6966301, -7.8651001 ], [ -73.70902, -7.87342 ], [ -73.75873, -7.86537 ], [ -73.7660762, -7.863897 ], [ -73.7730347, -7.9007139 ], [ -73.77189, -7.90582 ], [ -73.77118, -7.90949 ], [ -73.73299, -7.96325 ], [ -73.7180764, -7.9673386 ], [ -73.6245354, -8.0538208 ], [ -73.59118, -8.11484 ], [ -73.58348, -8.20138 ], [ -73.5377, -8.26266 ], [ -73.53041, -8.31843 ], [ -73.52925, -8.35381 ], [ -73.51273, -8.37737 ], [ -73.4917519, -8.3851635 ], [ -73.48662, -8.38707 ], [ -73.4833374, -8.3891436 ], [ -73.4537029, -8.4051301 ], [ -73.44706, -8.40725 ], [ -73.41634, -8.41531 ], [ -73.38692, -8.46819 ], [ -73.37743, -8.47226 ], [ -73.3652627, -8.4700482 ], [ -73.35372, -8.46795 ], [ -73.336457, -8.4784244 ], [ -73.3354549, -8.479879 ], [ -73.33285, -8.48366 ], [ -73.32823, -8.50332 ], [ -73.33025, -8.52293 ], [ -73.33698, -8.54849 ], [ -73.34386, -8.58531 ], [ -73.32359, -8.61888 ], [ -73.3120073, -8.6234763 ], [ -73.2917399, -8.6486413 ], [ -73.28746, -8.66165 ], [ -73.28281, -8.66713 ], [ -73.257868, -8.6860809 ], [ -73.24917, -8.68987 ], [ -73.23045, -8.69164 ], [ -73.18381, -8.69603 ], [ -73.17572, -8.69781 ], [ -73.1692337, -8.7012081 ], [ -73.1606913, -8.7115757 ], [ -73.15362, -8.72016 ], [ -73.132, -8.76757 ], [ -73.1252239, -8.779607 ], [ -73.037, -8.91943 ], [ -73.0158889, -8.9220871 ], [ -72.9818, -8.94517 ], [ -72.9720316, -8.9778302 ], [ -72.96368, -8.9841 ], [ -72.94818, -8.98627 ], [ -72.9541, -9.0231 ], [ -72.9530947, -9.027053 ], [ -72.9472653, -9.049962 ], [ -72.94476, -9.0598 ], [ -72.94491, -9.06969 ], [ -72.9481617, -9.087505 ], [ -72.9533421, -9.1237909 ], [ -72.95747, -9.13877 ], [ -72.9652, -9.15424 ], [ -73.01424, -9.17834 ], [ -73.00921, -9.19761 ], [ -73.0116, -9.21602 ], [ -73.01456, -9.22111 ], [ -73.02534, -9.23177 ], [ -73.0382634, -9.2339037 ], [ -73.04133, -9.23441 ], [ -73.0722, -9.24113 ], [ -73.11363, -9.32148 ], [ -73.17455, -9.3675 ], [ -73.19302, -9.40167 ], [ -73.1965888, -9.4135772 ], [ -73.196937, -9.413579 ], [ -73.209397, -9.413649 ], [ -73.212098, -9.458321 ], [ -73.208932, -9.631209 ], [ -73.191581, -9.73305 ], [ -73.135934, -9.875019 ], [ -73.078269, -9.94057 ], [ -73.054849, -9.99856 ], [ -73.087967, -10.021479 ], [ -73.1093, -10.09296 ], [ -73.204483, -10.02691 ], [ -73.257712, -9.93038 ], [ -73.311217, -9.890458 ], [ -73.379243, -9.868791 ], [ -73.409751, -9.818419 ], [ -73.536378, -9.70557 ], [ -73.624587, -9.60411 ], [ -73.682242, -9.604719 ], [ -73.771393, -9.694409 ], [ -73.893058, -9.67978 ], [ -74.022889, -9.72108 ], [ -74.115693, -9.697349 ], [ -74.20189, -9.71022 ], [ -74.275162, -9.748099 ], [ -74.286521, -9.781409 ], [ -74.365723, -9.839251 ], [ -74.364417, -9.883341 ], [ -74.413558, -9.898271 ], [ -74.447852, -9.84063 ], [ -74.445602, -9.771581 ], [ -74.473166, -9.721378 ], [ -74.479279, -9.624547 ], [ -74.5847, -9.551628 ], [ -74.570397, -9.495539 ], [ -74.59404, -9.468937 ], [ -74.672294, -9.432106 ], [ -74.675248, -9.386236 ], [ -74.59616, -9.318049 ], [ -74.589516, -9.270349 ], [ -74.614623, -9.237753 ], [ -74.63308, -9.13338 ], [ -74.66558, -9.080599 ], [ -74.641806, -9.010849 ], [ -74.656151, -8.959705 ], [ -74.625458, -8.899538 ], [ -74.61737, -8.826758 ], [ -74.515526, -8.766329 ], [ -74.51954, -8.677211 ], [ -74.55143, -8.641399 ], [ -74.606163, -8.621659 ], [ -74.743941, -8.63687 ], [ -74.801421, -8.63243 ], [ -74.847129, -8.68896 ], [ -74.849349, -8.75446 ], [ -74.910088, -8.82065 ], [ -74.933037, -8.927414 ], [ -74.963128, -8.938064 ], [ -75.002555, -8.870449 ], [ -75.021287, -8.76418 ], [ -74.968017, -8.53912 ], [ -74.998872, -8.50484 ], [ -75.026572, -8.412418 ], [ -75.009987, -8.37595 ], [ -75.071533, -8.269088 ], [ -75.132347, -8.278799 ], [ -75.226464, -8.24038 ], [ -75.268029, -8.262171 ], [ -75.368789, -8.25343 ], [ -75.453744, -8.20999 ], [ -75.415992, -8.17238 ], [ -75.295358, -8.122998 ], [ -75.257125, -8.15223 ], [ -75.217468, -8.116308 ], [ -75.208716, -8.051998 ], [ -75.180877, -8.02474 ], [ -75.065436, -7.979189 ], [ -74.869118, -8.030839 ], [ -74.776259, -8.009629 ], [ -74.705041, -7.98091 ], [ -74.648085, -7.93855 ], [ -74.547692, -7.79098 ], [ -74.518439, -7.765281 ], [ -74.570686, -7.73017 ], [ -74.577134, -7.6363 ], [ -74.643821, -7.575579 ], [ -74.641503, -7.499369 ], [ -74.540909, -7.324439 ], [ -74.51928, -7.301969 ], [ -74.455437, -7.300519 ], [ -74.27301, -7.376879 ], [ -74.186722, -7.463521 ], [ -74.084054, -7.46575 ], [ -73.9822803, -7.5310285 ] ] ] ] } },
{ "type": "Feature", "properties": { "POLYGON_ID": "PER_GAUL1999_ADM2_24198", "ADM0_ISO3": "PER", "ADM0_NAME": "Peru", "ADM0_CODE": 195, "ADM1_NAME": "Ucayali", "ADM1_CODE": 2352, "ADM2_NAME": "Padre Abad", "ADM2_CODE": 24198, "GEOSET": "GAUL", "GEOSET_YEAR": 1999.0, "GEOSET_VERSION": "GAUL_v1", "GEOSET_UNIT": "ADM2", "CENTROID_LONG": -75.440774039640218, "CENTROID_LAT": -8.7957748765482648 }, "geometry": { "type": "MultiPolygon", "coordinates": [ [ [ [ -74.963128, -8.938064 ], [ -75.045692, -8.90228 ], [ -75.126754, -8.949793 ], [ -75.166855, -9.10629 ], [ -75.212051, -9.145758 ], [ -75.208206, -9.234327 ], [ -75.259017, -9.269016 ], [ -75.286713, -9.312435 ], [ -75.323181, -9.297518 ], [ -75.376762, -9.307676 ], [ -75.45262, -9.295839 ], [ -75.488296, -9.373377 ], [ -75.612076, -9.412282 ], [ -75.65313, -9.3945 ], [ -75.731689, -9.239918 ], [ -75.77807, -9.199766 ], [ -75.880097, -9.014539 ], [ -75.888977, -8.949843 ], [ -75.926797, -8.846669 ], [ -75.921935, -8.787224 ], [ -75.95385, -8.699899 ], [ -75.820197, -8.624971 ], [ -75.778443, -8.545078 ], [ -75.779556, -8.49867 ], [ -75.715972, -8.4858 ], [ -75.695396, -8.431636 ], [ -75.591201, -8.403999 ], [ -75.449265, -8.441819 ], [ -75.43364, -8.39731 ], [ -75.509369, -8.313372 ], [ -75.510581, -8.269469 ], [ -75.453744, -8.20999 ], [ -75.368789, -8.25343 ], [ -75.268029, -8.262171 ], [ -75.226464, -8.24038 ], [ -75.132347, -8.278799 ], [ -75.071533, -8.269088 ], [ -75.009987, -8.37595 ], [ -75.026572, -8.412418 ], [ -74.998872, -8.50484 ], [ -74.968017, -8.53912 ], [ -75.021287, -8.76418 ], [ -75.002555, -8.870449 ], [ -74.963128, -8.938064 ] ] ] ] } },
{ "type": "Feature", "properties": { "POLYGON_ID": "PER_GAUL1999_ADM2_24199", "ADM0_ISO3": "PER", "ADM0_NAME": "Peru", "ADM0_CODE": 195, "ADM1_NAME": "Ucayali", "ADM1_CODE": 2352, "ADM2_NAME": "Purús", "ADM2_CODE": 24199, "GEOSET": "GAUL", "GEOSET_YEAR": 1999.0, "GEOSET_VERSION": "GAUL_v1", "GEOSET_UNIT": "ADM2", "CENTROID_LONG": -71.595655282666939, "CENTROID_LAT": -10.380964861027827 }, "geometry": { "type": "MultiPolygon", "coordinates": [ [ [ [ -70.5997492, -9.8008039 ], [ -70.609222, -9.801198 ], [ -70.626701, -9.833669 ], [ -70.626747, -9.879849 ], [ -70.652863, -9.948 ], [ -70.81633, -10.078049 ], [ -70.850777, -10.169819 ], [ -70.855973, -10.283529 ], [ -70.891379, -10.352569 ], [ -71.060753, -10.492 ], [ -71.130707, -10.538369 ], [ -71.22744, -10.674558 ], [ -71.240281, -10.7969 ], [ -71.259927, -10.84654 ], [ -71.329796, -10.944399 ], [ -71.364877, -10.96707 ], [ -71.522422, -10.983869 ], [ -71.655968, -10.984129 ], [ -71.802888, -10.998649 ], [ -71.857231, -10.961559 ], [ -71.929207, -10.945819 ], [ -72.000138, -10.953579 ], [ -72.087739, -11.003759 ], [ -72.136886, -10.98569 ], [ -72.186835, -11.010469 ], [ -72.233902, -10.978249 ], [ -72.358979, -10.966509 ], [ -72.430268, -10.888841 ], [ -72.435913, -10.841457 ], [ -72.486396, -10.78942 ], [ -72.468566, -10.75771 ], [ -72.462723, -10.67614 ], [ -72.445764, -10.638598 ], [ -72.385872, -10.593389 ], [ -72.379463, -10.546289 ], [ -72.430388, -10.49081 ], [ -72.425666, -10.44195 ], [ -72.480178, -10.376081 ], [ -72.48793, -10.317919 ], [ -72.406884, -10.22176 ], [ -72.336709, -10.181458 ], [ -72.242157, -10.187598 ], [ -72.235871, -10.166108 ], [ -72.154283, -10.16178 ], [ -72.147659, -10.075649 ], [ -72.183585, -10.040719 ], [ -72.177306, -10.005249 ], [ -72.180335, -10.000249 ], [ -72.1647209, -10.0002179 ], [ -72.1647226, -10.0006076 ], [ -71.8205908, -10.0019345 ], [ -71.36288, -10.00078 ], [ -71.34029, -9.97607 ], [ -71.2722857, -9.9841042 ], [ -71.26147, -9.97447 ], [ -71.254225, -9.971944 ], [ -71.24885, -9.97007 ], [ -71.19527, -9.9514 ], [ -71.1239008, -9.8582963 ], [ -71.09336, -9.8502 ], [ -71.04375, -9.82062 ], [ -70.98183, -9.81239 ], [ -70.95051, -9.75827 ], [ -70.88981, -9.70228 ], [ -70.88154, -9.68443 ], [ -70.8764456, -9.6793415 ], [ -70.8428951, -9.6569425 ], [ -70.83003, -9.64814 ], [ -70.80578, -9.64383 ], [ -70.7976402, -9.639188 ], [ -70.79454, -9.63742 ], [ -70.78816, -9.63156 ], [ -70.76816, -9.60891 ], [ -70.76136, -9.60051 ], [ -70.74886, -9.57338 ], [ -70.73184, -9.56619 ], [ -70.7268174, -9.5636568 ], [ -70.72381, -9.56214 ], [ -70.7030616, -9.5473858 ], [ -70.66371, -9.52959 ], [ -70.65076, -9.51533 ], [ -70.6440264, -9.5037883 ], [ -70.63908, -9.49531 ], [ -70.63614, -9.48889 ], [ -70.6298, -9.48119 ], [ -70.6268868, -9.4786246 ], [ -70.60609, -9.46031 ], [ -70.6032547, -9.4565114 ], [ -70.60088, -9.45333 ], [ -70.5938645, -9.448718 ], [ -70.5306, -9.43648 ], [ -70.52503, -9.43684 ], [ -70.50108, -9.44333 ], [ -70.5037063, -9.4461106 ], [ -70.50925, -9.45198 ], [ -70.5202, -9.46114 ], [ -70.52365, -9.46235 ], [ -70.52566, -9.4663 ], [ -70.525505, -9.5029935 ], [ -70.52756, -9.50441 ], [ -70.53854, -9.49886 ], [ -70.54782, -9.51052 ], [ -70.54152, -9.5134 ], [ -70.54666, -9.52385 ], [ -70.5665, -9.52788 ], [ -70.5713, -9.53096 ], [ -70.56462, -9.54211 ], [ -70.56636, -9.54858 ], [ -70.56133, -9.5648 ], [ -70.55897, -9.57359 ], [ -70.5603791, -9.5776731 ], [ -70.58468, -9.57266 ], [ -70.59352, -9.57051 ], [ -70.5966654, -9.5771968 ], [ -70.58539, -9.59866 ], [ -70.5609708, -9.6640148 ], [ -70.55613, -9.66924 ], [ -70.5483088, -9.6731597 ], [ -70.51981, -9.72789 ], [ -70.53583, -9.75164 ], [ -70.540123, -9.7566189 ], [ -70.5733, -9.78107 ], [ -70.58024, -9.78211 ], [ -70.58791, -9.78918 ], [ -70.5997492, -9.8008039 ] ] ] ] } }
]
}
