{
"type": "FeatureCollection",
"name": "PRT_GAUL2003_ADM2",
"crs": { "type": "name", "properties": { "name": "urn:ogc:def:crs:OGC:1.3:CRS84" } },
"features": [
{ "type": "Feature", "properties": { "POLYGON_ID": "PRT_GAUL2003_ADM2_24657", "ADM0_ISO3": "PRT", "ADM0_NAME": "Portugal", "ADM0_CODE": 199, "ADM1_NAME": "Aveiro", "ADM1_CODE": 2386, "ADM2_NAME": "Agueda", "ADM2_CODE": 24657, "GEOSET": "GAUL", "GEOSET_YEAR": 2003.0, "GEOSET_VERSION": "GAUL_v1", "GEOSET_UNIT": "ADM2", "CENTROID_LONG": -8.3954800410949755, "CENTROID_LAT": 40.586888274391633 }, "geometry": { "type": "MultiPolygon", "coordinates": [ [ [ [ -8.2872286, 40.6584358 ], [ -8.2702007, 40.6346855 ], [ -8.2421627, 40.6233139 ], [ -8.2437887, 40.6184998 ], [ -8.3034458, 40.6007767 ], [ -8.2825928, 40.5458069 ], [ -8.2439337, 40.516964 ], [ -8.3101587, 40.5020065 ], [ -8.4597921, 40.510849 ], [ -8.5540514, 40.5666924 ], [ -8.5182428, 40.6123352 ], [ -8.4713964, 40.6351051 ], [ -8.468153, 40.6811371 ], [ -8.4106894, 40.6930771 ], [ -8.3239546, 40.6425133 ], [ -8.2872286, 40.6584358 ] ] ] ] } },
{ "type": "Feature", "properties": { "POLYGON_ID": "PRT_GAUL2003_ADM2_24658", "ADM0_ISO3": "PRT", "ADM0_NAME": "Portugal", "ADM0_CODE": 199, "ADM1_NAME": "Aveiro", "ADM1_CODE": 2386, "ADM2_NAME": "Albergaria-a-velha", "ADM2_CODE": 24658, "GEOSET": "GAUL", "GEOSET_YEAR": 2003.0, "GEOSET_VERSION": "GAUL_v1", "GEOSET_UNIT": "ADM2", "CENTROID_LONG": -8.4895550176389474, "CENTROID_LAT": 40.703555326928537 }, "geometry": { "type": "MultiPolygon", "coordinates": [ [ [ [ -8.412385, 40.7713585 ], [ -8.4106894, 40.6930771 ], [ -8.468153, 40.6811371 ], [ -8.4713964, 40.6351051 ], [ -8.5182428, 40.6123352 ], [ -8.553977, 40.6729393 ], [ -8.6228275, 40.7226257 ], [ -8.6091582, 40.7340204 ], [ -8.5571823, 40.6922531 ], [ -8.5060959, 40.7192535 ], [ -8.5188971, 40.7703171 ], [ -8.412385, 40.7713585 ] ] ] ] } },
{ "type": "Feature", "properties": { "POLYGON_ID": "PRT_GAUL2003_ADM2_24659", "ADM0_ISO3": "PRT", "ADM0_NAME": "Portugal", "ADM0_CODE": 199, "ADM1_NAME": "Aveiro", "ADM1_CODE": 2386, "ADM2_NAME": "Anadia", "ADM2_CODE": 24659, "GEOSET": "GAUL", "GEOSET_YEAR": 2003.0, "GEOSET_VERSION": "GAUL_v1", "GEOSET_UNIT": "ADM2", "CENTROID_LONG": -8.4352312408168473, "CENTROID_LAT": 40.454834446887311 }, "geometry": { "type": "MultiPolygon", "coordinates": [ [ [ [ -8.3101587, 40.5020065 ], [ -8.3142052, 40.4449043 ], [ -8.3507032, 40.3994179 ], [ -8.4479179, 40.4006805 ], [ -8.5018101, 40.4197311 ], [ -8.57512, 40.4122734 ], [ -8.5740643, 40.469696 ], [ -8.4597921, 40.510849 ], [ -8.3101587, 40.5020065 ] ] ] ] } },
{ "type": "Feature", "properties": { "POLYGON_ID": "PRT_GAUL2003_ADM2_24660", "ADM0_ISO3": "PRT", "ADM0_NAME": "Portugal", "ADM0_CODE": 199, "ADM1_NAME": "Aveiro", "ADM1_CODE": 2386, "ADM2_NAME": "Arouca", "ADM2_CODE": 24660, "GEOSET": "GAUL", "GEOSET_YEAR": 2003.0, "GEOSET_VERSION": "GAUL_v1", "GEOSET_UNIT": "ADM2", "CENTROID_LONG": -8.2427822366091927, "CENTROID_LAT": 40.930237313787757 }, "geometry": { "type": "MultiPolygon", "coordinates": [ [ [ [ -8.0826874, 40.9938736 ], [ -8.1165295, 40.9269218 ], [ -8.0983686, 40.8723145 ], [ -8.1276274, 40.8525238 ], [ -8.2515764, 40.860199 ], [ -8.380908, 40.9076424 ], [ -8.4289036, 40.9408951 ], [ -8.3841963, 41.0054779 ], [ -8.378911, 41.0077133 ], [ -8.3154335, 40.9702415 ], [ -8.23769, 40.9751129 ], [ -8.2278147, 41.0159454 ], [ -8.1270933, 40.9784775 ], [ -8.0826874, 40.9938736 ] ] ] ] } },
{ "type": "Feature", "properties": { "POLYGON_ID": "PRT_GAUL2003_ADM2_24661", "ADM0_ISO3": "PRT", "ADM0_NAME": "Portugal", "ADM0_CODE": 199, "ADM1_NAME": "Aveiro", "ADM1_CODE": 2386, "ADM2_NAME": "Aveiro", "ADM2_CODE": 24661, "GEOSET": "GAUL", "GEOSET_YEAR": 2003.0, "GEOSET_VERSION": "GAUL_v1", "GEOSET_UNIT": "ADM2", "CENTROID_LONG": -8.6036097861862544, "CENTROID_LAT": 40.636189682878836 }, "geometry": { "type": "MultiPolygon", "coordinates": [ [ [ [ -8.6228275, 40.7226257 ], [ -8.553977, 40.6729393 ], [ -8.5182428, 40.6123352 ], [ -8.5540514, 40.5666924 ], [ -8.607976, 40.5525436 ], [ -8.6183128, 40.5768509 ], [ -8.6792173, 40.6345863 ], [ -8.6958361, 40.6591873 ], [ -8.6228275, 40.7226257 ] ] ] ] } },
{ "type": "Feature", "properties": { "POLYGON_ID": "PRT_GAUL2003_ADM2_24662", "ADM0_ISO3": "PRT", "ADM0_NAME": "Portugal", "ADM0_CODE": 199, "ADM1_NAME": "Aveiro", "ADM1_CODE": 2386, "ADM2_NAME": "Castelo De Paiva", "ADM2_CODE": 24662, "GEOSET": "GAUL", "GEOSET_YEAR": 2003.0, "GEOSET_VERSION": "GAUL_v1", "GEOSET_UNIT": "ADM2", "CENTROID_LONG": -8.2990112981153263, "CENTROID_LAT": 41.022741619121817 }, "geometry": { "type": "MultiPolygon", "coordinates": [ [ [ [ -8.2530861, 41.0710602 ], [ -8.2278147, 41.0159454 ], [ -8.23769, 40.9751129 ], [ -8.3154335, 40.9702415 ], [ -8.378911, 41.0077133 ], [ -8.368578, 41.0517006 ], [ -8.2857313, 41.0822945 ], [ -8.2530861, 41.0710602 ] ] ] ] } },
{ "type": "Feature", "properties": { "POLYGON_ID": "PRT_GAUL2003_ADM2_24663", "ADM0_ISO3": "PRT", "ADM0_NAME": "Portugal", "ADM0_CODE": 199, "ADM1_NAME": "Aveiro", "ADM1_CODE": 2386, "ADM2_NAME": "Espinho", "ADM2_CODE": 24663, "GEOSET": "GAUL", "GEOSET_YEAR": 2003.0, "GEOSET_VERSION": "GAUL_v1", "GEOSET_UNIT": "ADM2", "CENTROID_LONG": -8.6264522177761531, "CENTROID_LAT": 40.993373176805704 }, "geometry": { "type": "MultiPolygon", "coordinates": [ [ [ [ -8.5959768, 41.0137939 ], [ -8.6085529, 40.9775848 ], [ -8.6525325, 40.9668846 ], [ -8.6450911, 41.0134048 ], [ -8.5959768, 41.0137939 ] ] ] ] } },
{ "type": "Feature", "properties": { "POLYGON_ID": "PRT_GAUL2003_ADM2_24664", "ADM0_ISO3": "PRT", "ADM0_NAME": "Portugal", "ADM0_CODE": 199, "ADM1_NAME": "Aveiro", "ADM1_CODE": 2386, "ADM2_NAME": "Estarreja", "ADM2_CODE": 24664, "GEOSET": "GAUL", "GEOSET_YEAR": 2003.0, "GEOSET_VERSION": "GAUL_v1", "GEOSET_UNIT": "ADM2", "CENTROID_LONG": -8.5738092883352213, "CENTROID_LAT": 40.7682920548243 }, "geometry": { "type": "MultiPolygon", "coordinates": [ [ [ [ -8.5188971, 40.7703171 ], [ -8.5060959, 40.7192535 ], [ -8.5571823, 40.6922531 ], [ -8.6091582, 40.7340204 ], [ -8.6148052, 40.7359287 ], [ -8.6610835, 40.7920487 ], [ -8.6303159, 40.8141442 ], [ -8.5358086, 40.8366737 ], [ -8.5188971, 40.7703171 ] ] ] ] } },
{ "type": "Feature", "properties": { "POLYGON_ID": "PRT_GAUL2003_ADM2_24665", "ADM0_ISO3": "PRT", "ADM0_NAME": "Portugal", "ADM0_CODE": 199, "ADM1_NAME": "Aveiro", "ADM1_CODE": 2386, "ADM2_NAME": "Ilhavo", "ADM2_CODE": 24665, "GEOSET": "GAUL", "GEOSET_YEAR": 2003.0, "GEOSET_VERSION": "GAUL_v1", "GEOSET_UNIT": "ADM2", "CENTROID_LONG": -8.6925949005073768, "CENTROID_LAT": 40.607144362035072 }, "geometry": { "type": "MultiPolygon", "coordinates": [ [ [ [ -8.6792173, 40.6345863 ], [ -8.6183128, 40.5768509 ], [ -8.7471472, 40.5802002 ], [ -8.7140436, 40.6630058 ], [ -8.6792173, 40.6345863 ] ] ] ] } },
{ "type": "Feature", "properties": { "POLYGON_ID": "PRT_GAUL2003_ADM2_24666", "ADM0_ISO3": "PRT", "ADM0_NAME": "Portugal", "ADM0_CODE": 199, "ADM1_NAME": "Aveiro", "ADM1_CODE": 2386, "ADM2_NAME": "Mealhada", "ADM2_CODE": 24666, "GEOSET": "GAUL", "GEOSET_YEAR": 2003.0, "GEOSET_VERSION": "GAUL_v1", "GEOSET_UNIT": "ADM2", "CENTROID_LONG": -8.432588271663775, "CENTROID_LAT": 40.360150752418384 }, "geometry": { "type": "MultiPolygon", "coordinates": [ [ [ [ -8.3507032, 40.3994179 ], [ -8.3521547, 40.3790245 ], [ -8.3700733, 40.3437424 ], [ -8.5051861, 40.2920876 ], [ -8.4766598, 40.3883934 ], [ -8.5018101, 40.4197311 ], [ -8.4479179, 40.4006805 ], [ -8.3507032, 40.3994179 ] ] ] ] } },
{ "type": "Feature", "properties": { "POLYGON_ID": "PRT_GAUL2003_ADM2_24667", "ADM0_ISO3": "PRT", "ADM0_NAME": "Portugal", "ADM0_CODE": 199, "ADM1_NAME": "Aveiro", "ADM1_CODE": 2386, "ADM2_NAME": "Murtosa", "ADM2_CODE": 24667, "GEOSET": "GAUL", "GEOSET_YEAR": 2003.0, "GEOSET_VERSION": "GAUL_v1", "GEOSET_UNIT": "ADM2", "CENTROID_LONG": -8.679521134674534, "CENTROID_LAT": 40.761585132531657 }, "geometry": { "type": "MultiPolygon", "coordinates": [ [ [ [ -8.6148052, 40.7359287 ], [ -8.6666908, 40.7279854 ], [ -8.6610835, 40.7920487 ], [ -8.6148052, 40.7359287 ] ] ], [ [ [ -8.7157664, 40.7040828 ], [ -8.7311094, 40.7072105 ], [ -8.695554, 40.8183213 ], [ -8.6667053, 40.8232117 ], [ -8.7157664, 40.7040828 ] ] ] ] } },
{ "type": "Feature", "properties": { "POLYGON_ID": "PRT_GAUL2003_ADM2_24668", "ADM0_ISO3": "PRT", "ADM0_NAME": "Portugal", "ADM0_CODE": 199, "ADM1_NAME": "Aveiro", "ADM1_CODE": 2386, "ADM2_NAME": "Oliveira De Azemeis", "ADM2_CODE": 24668, "GEOSET": "GAUL", "GEOSET_YEAR": 2003.0, "GEOSET_VERSION": "GAUL_v1", "GEOSET_UNIT": "ADM2", "CENTROID_LONG": -8.4597917306951427, "CENTROID_LAT": 40.844725435371565 }, "geometry": { "type": "MultiPolygon", "coordinates": [ [ [ [ -8.4289036, 40.9408951 ], [ -8.380908, 40.9076424 ], [ -8.418251, 40.8483429 ], [ -8.3920984, 40.7926407 ], [ -8.412385, 40.7713585 ], [ -8.5188971, 40.7703171 ], [ -8.5358086, 40.8366737 ], [ -8.5173302, 40.8944817 ], [ -8.511322, 40.896328 ], [ -8.4924917, 40.8841858 ], [ -8.4741898, 40.9102936 ], [ -8.4289036, 40.9408951 ] ] ] ] } },
{ "type": "Feature", "properties": { "POLYGON_ID": "PRT_GAUL2003_ADM2_24669", "ADM0_ISO3": "PRT", "ADM0_NAME": "Portugal", "ADM0_CODE": 199, "ADM1_NAME": "Aveiro", "ADM1_CODE": 2386, "ADM2_NAME": "Oliveira Do Bairro", "ADM2_CODE": 24669, "GEOSET": "GAUL", "GEOSET_YEAR": 2003.0, "GEOSET_VERSION": "GAUL_v1", "GEOSET_UNIT": "ADM2", "CENTROID_LONG": -8.5542896280229179, "CENTROID_LAT": 40.51753615780671 }, "geometry": { "type": "MultiPolygon", "coordinates": [ [ [ [ -8.5540514, 40.5666924 ], [ -8.4597921, 40.510849 ], [ -8.5740643, 40.469696 ], [ -8.6176453, 40.488472 ], [ -8.607976, 40.5525436 ], [ -8.5540514, 40.5666924 ] ] ] ] } },
{ "type": "Feature", "properties": { "POLYGON_ID": "PRT_GAUL2003_ADM2_24670", "ADM0_ISO3": "PRT", "ADM0_NAME": "Portugal", "ADM0_CODE": 199, "ADM1_NAME": "Aveiro", "ADM1_CODE": 2386, "ADM2_NAME": "Ovar", "ADM2_CODE": 24670, "GEOSET": "GAUL", "GEOSET_YEAR": 2003.0, "GEOSET_VERSION": "GAUL_v1", "GEOSET_UNIT": "ADM2", "CENTROID_LONG": -8.6162998245174691, "CENTROID_LAT": 40.881699404377557 }, "geometry": { "type": "MultiPolygon", "coordinates": [ [ [ [ -8.5173302, 40.8944817 ], [ -8.5358086, 40.8366737 ], [ -8.6303159, 40.8141442 ], [ -8.6667053, 40.8232117 ], [ -8.695554, 40.8183213 ], [ -8.6525325, 40.9668846 ], [ -8.6085529, 40.9775848 ], [ -8.5692263, 40.879467 ], [ -8.5173302, 40.8944817 ] ] ] ] } },
{ "type": "Feature", "properties": { "POLYGON_ID": "PRT_GAUL2003_ADM2_24671", "ADM0_ISO3": "PRT", "ADM0_NAME": "Portugal", "ADM0_CODE": 199, "ADM1_NAME": "Aveiro", "ADM1_CODE": 2386, "ADM2_NAME": "Santa Maria Da Feira", "ADM2_CODE": 24671, "GEOSET": "GAUL", "GEOSET_YEAR": 2003.0, "GEOSET_VERSION": "GAUL_v1", "GEOSET_UNIT": "ADM2", "CENTROID_LONG": -8.5026777133645677, "CENTROID_LAT": 40.967976587560365 }, "geometry": { "type": "MultiPolygon", "coordinates": [ [ [ [ -8.3841963, 41.0054779 ], [ -8.4289036, 40.9408951 ], [ -8.4741898, 40.9102936 ], [ -8.511322, 40.896328 ], [ -8.5173302, 40.8944817 ], [ -8.5692263, 40.879467 ], [ -8.6085529, 40.9775848 ], [ -8.5959768, 41.0137939 ], [ -8.4961252, 41.0107155 ], [ -8.4511633, 41.0606956 ], [ -8.3841963, 41.0054779 ] ] ] ] } },
{ "type": "Feature", "properties": { "POLYGON_ID": "PRT_GAUL2003_ADM2_24672", "ADM0_ISO3": "PRT", "ADM0_NAME": "Portugal", "ADM0_CODE": 199, "ADM1_NAME": "Aveiro", "ADM1_CODE": 2386, "ADM2_NAME": "Sao Joao Da Madeira", "ADM2_CODE": 24672, "GEOSET": "GAUL", "GEOSET_YEAR": 2003.0, "GEOSET_VERSION": "GAUL_v1", "GEOSET_UNIT": "ADM2", "CENTROID_LONG": -8.4926678333333339, "CENTROID_LAT": 40.8969358 }, "geometry": { "type": "MultiPolygon", "coordinates": [ [ [ [ -8.4741898, 40.9102936 ], [ -8.4924917, 40.8841858 ], [ -8.511322, 40.896328 ], [ -8.4741898, 40.9102936 ] ] ] ] } },
{ "type": "Feature", "properties": { "POLYGON_ID": "PRT_GAUL2003_ADM2_24673", "ADM0_ISO3": "PRT", "ADM0_NAME": "Portugal", "ADM0_CODE": 199, "ADM1_NAME": "Aveiro", "ADM1_CODE": 2386, "ADM2_NAME": "Sever Do Vouga", "ADM2_CODE": 24673, "GEOSET": "GAUL", "GEOSET_YEAR": 2003.0, "GEOSET_VERSION": "GAUL_v1", "GEOSET_UNIT": "ADM2", "CENTROID_LONG": -8.3492965258553404, "CENTROID_LAT": 40.729021210566749 }, "geometry": { "type": "MultiPolygon", "coordinates": [ [ [ [ -8.2624702, 40.7694511 ], [ -8.3206244, 40.7146912 ], [ -8.2872286, 40.6584358 ], [ -8.3239546, 40.6425133 ], [ -8.4106894, 40.6930771 ], [ -8.412385, 40.7713585 ], [ -8.3920984, 40.7926407 ], [ -8.3668699, 40.8028221 ], [ -8.2624702, 40.7694511 ] ] ] ] } },
{ "type": "Feature", "properties": { "POLYGON_ID": "PRT_GAUL2003_ADM2_24674", "ADM0_ISO3": "PRT", "ADM0_NAME": "Portugal", "ADM0_CODE": 199, "ADM1_NAME": "Aveiro", "ADM1_CODE": 2386, "ADM2_NAME": "Vagos", "ADM2_CODE": 24674, "GEOSET": "GAUL", "GEOSET_YEAR": 2003.0, "GEOSET_VERSION": "GAUL_v1", "GEOSET_UNIT": "ADM2", "CENTROID_LONG": -8.6870055962835959, "CENTROID_LAT": 40.517827499789085 }, "geometry": { "type": "MultiPolygon", "coordinates": [ [ [ [ -8.75044, 40.5802918 ], [ -8.7471472, 40.5802002 ], [ -8.6183128, 40.5768509 ], [ -8.607976, 40.5525436 ], [ -8.6176453, 40.488472 ], [ -8.638176, 40.4286613 ], [ -8.6824255, 40.4384308 ], [ -8.7829706, 40.5219575 ], [ -8.764211, 40.5840684 ], [ -8.75044, 40.5802918 ] ] ] ] } },
{ "type": "Feature", "properties": { "POLYGON_ID": "PRT_GAUL2003_ADM2_24675", "ADM0_ISO3": "PRT", "ADM0_NAME": "Portugal", "ADM0_CODE": 199, "ADM1_NAME": "Aveiro", "ADM1_CODE": 2386, "ADM2_NAME": "Vale De Cambra", "ADM2_CODE": 24675, "GEOSET": "GAUL", "GEOSET_YEAR": 2003.0, "GEOSET_VERSION": "GAUL_v1", "GEOSET_UNIT": "ADM2", "CENTROID_LONG": -8.3284259866903785, "CENTROID_LAT": 40.837026593460656 }, "geometry": { "type": "MultiPolygon", "coordinates": [ [ [ [ -8.2515764, 40.860199 ], [ -8.2419729, 40.8066216 ], [ -8.2624702, 40.7694511 ], [ -8.3668699, 40.8028221 ], [ -8.3920984, 40.7926407 ], [ -8.418251, 40.8483429 ], [ -8.380908, 40.9076424 ], [ -8.2515764, 40.860199 ] ] ] ] } },
{ "type": "Feature", "properties": { "POLYGON_ID": "PRT_GAUL2003_ADM2_24676", "ADM0_ISO3": "PRT", "ADM0_NAME": "Portugal", "ADM0_CODE": 199, "ADM1_NAME": "Beja", "ADM1_CODE": 2387, "ADM2_NAME": "Aljustrel", "ADM2_CODE": 24676, "GEOSET": "GAUL", "GEOSET_YEAR": 2003.0, "GEOSET_VERSION": "GAUL_v1", "GEOSET_UNIT": "ADM2", "CENTROID_LONG": -8.1845358066974185, "CENTROID_LAT": 37.884827157067789 }, "geometry": { "type": "MultiPolygon", "coordinates": [ [ [ [ -8.0617456, 37.9959145 ], [ -8.0446291, 37.9449272 ], [ -8.0753994, 37.886795 ], [ -8.0449276, 37.8162308 ], [ -8.1149063, 37.7833481 ], [ -8.1790342, 37.7879753 ], [ -8.3110542, 37.7995758 ], [ -8.3258457, 37.8440056 ], [ -8.3047771, 37.8856316 ], [ -8.2895212, 38.002243 ], [ -8.1259689, 37.9588127 ], [ -8.0617456, 37.9959145 ] ] ] ] } },
{ "type": "Feature", "properties": { "POLYGON_ID": "PRT_GAUL2003_ADM2_24677", "ADM0_ISO3": "PRT", "ADM0_NAME": "Portugal", "ADM0_CODE": 199, "ADM1_NAME": "Beja", "ADM1_CODE": 2387, "ADM2_NAME": "Almodovar", "ADM2_CODE": 24677, "GEOSET": "GAUL", "GEOSET_YEAR": 2003.0, "GEOSET_VERSION": "GAUL_v1", "GEOSET_UNIT": "ADM2", "CENTROID_LONG": -8.0815133962724399, "CENTROID_LAT": 37.473865793491818 }, "geometry": { "type": "MultiPolygon", "coordinates": [ [ [ [ -7.9046817, 37.5866661 ], [ -7.9186769, 37.4686089 ], [ -7.8882837, 37.4322052 ], [ -7.8892813, 37.4121323 ], [ -7.9954934, 37.395668 ], [ -7.9972067, 37.3680687 ], [ -8.0643177, 37.3174057 ], [ -8.1843462, 37.3388939 ], [ -8.2643824, 37.4051132 ], [ -8.2176828, 37.4617538 ], [ -8.2636213, 37.5565109 ], [ -8.2159863, 37.5613976 ], [ -8.1318827, 37.6073265 ], [ -8.136282, 37.6282692 ], [ -7.9977565, 37.6089096 ], [ -7.9878478, 37.5609169 ], [ -7.9046817, 37.5866661 ] ] ] ] } },
{ "type": "Feature", "properties": { "POLYGON_ID": "PRT_GAUL2003_ADM2_24678", "ADM0_ISO3": "PRT", "ADM0_NAME": "Portugal", "ADM0_CODE": 199, "ADM1_NAME": "Beja", "ADM1_CODE": 2387, "ADM2_NAME": "Alvito", "ADM2_CODE": 24678, "GEOSET": "GAUL", "GEOSET_YEAR": 2003.0, "GEOSET_VERSION": "GAUL_v1", "GEOSET_UNIT": "ADM2", "CENTROID_LONG": -8.0362289041595716, "CENTROID_LAT": 38.244311147796893 }, "geometry": { "type": "MultiPolygon", "coordinates": [ [ [ [ -7.9271364, 38.2965584 ], [ -7.9467893, 38.2422714 ], [ -7.9259715, 38.200428 ], [ -7.990046, 38.1687164 ], [ -8.0929928, 38.1493111 ], [ -8.1044769, 38.2062263 ], [ -8.1366854, 38.2190819 ], [ -8.1239738, 38.2538567 ], [ -8.1563168, 38.3189545 ], [ -7.9727306, 38.3149757 ], [ -7.9271364, 38.2965584 ] ] ] ] } },
{ "type": "Feature", "properties": { "POLYGON_ID": "PRT_GAUL2003_ADM2_24679", "ADM0_ISO3": "PRT", "ADM0_NAME": "Portugal", "ADM0_CODE": 199, "ADM1_NAME": "Beja", "ADM1_CODE": 2387, "ADM2_NAME": "Barrancos", "ADM2_CODE": 24679, "GEOSET": "GAUL", "GEOSET_YEAR": 2003.0, "GEOSET_VERSION": "GAUL_v1", "GEOSET_UNIT": "ADM2", "CENTROID_LONG": -7.0388682334023498, "CENTROID_LAT": 38.152858435901237 }, "geometry": { "type": "MultiPolygon", "coordinates": [ [ [ [ -6.9801145, 38.0994991 ], [ -6.9954319, 38.117012 ], [ -7.0865726, 38.094841 ], [ -7.1524124, 38.1438599 ], [ -7.1492934, 38.1732559 ], [ -7.1020632, 38.1917915 ], [ -7.08262, 38.1762 ], [ -7.07212, 38.17544 ], [ -7.06704, 38.18296 ], [ -7.0657576, 38.1833558 ], [ -7.06448, 38.18375 ], [ -7.0623876, 38.1826873 ], [ -7.0531, 38.17797 ], [ -7.03567, 38.18297 ], [ -7.0308096, 38.1833985 ], [ -7.02671, 38.18376 ], [ -7.0239206, 38.1846865 ], [ -7.0058894, 38.1990652 ], [ -7.00559, 38.20516 ], [ -7.00101, 38.20647 ], [ -6.9899, 38.20527 ], [ -6.9786841, 38.2083759 ], [ -6.96628, 38.20888 ], [ -6.95052, 38.2177 ], [ -6.9438916, 38.2193054 ], [ -6.93689, 38.21818 ], [ -6.93503, 38.21387 ], [ -6.93388, 38.21118 ], [ -6.9437, 38.1802 ], [ -6.96031, 38.12494 ], [ -6.9801145, 38.0994991 ] ] ] ] } },
{ "type": "Feature", "properties": { "POLYGON_ID": "PRT_GAUL2003_ADM2_24680", "ADM0_ISO3": "PRT", "ADM0_NAME": "Portugal", "ADM0_CODE": 199, "ADM1_NAME": "Beja", "ADM1_CODE": 2387, "ADM2_NAME": "Beja", "ADM2_CODE": 24680, "GEOSET": "GAUL", "GEOSET_YEAR": 2003.0, "GEOSET_VERSION": "GAUL_v1", "GEOSET_UNIT": "ADM2", "CENTROID_LONG": -7.8528963309510411, "CENTROID_LAT": 37.960055528756037 }, "geometry": { "type": "MultiPolygon", "coordinates": [ [ [ [ -7.6502585, 38.0837517 ], [ -7.6349869, 37.9908562 ], [ -7.6767902, 37.9359207 ], [ -7.6440711, 37.820858 ], [ -7.7635074, 37.804718 ], [ -7.7978663, 37.8369522 ], [ -7.8537064, 37.833271 ], [ -7.9180021, 37.7929649 ], [ -8.0449276, 37.8162308 ], [ -8.0753994, 37.886795 ], [ -8.0446291, 37.9449272 ], [ -8.0617456, 37.9959145 ], [ -8.0251474, 38.029789 ], [ -7.9950671, 38.1196938 ], [ -7.9568591, 38.1032867 ], [ -7.8339367, 38.1582756 ], [ -7.7956367, 38.0633812 ], [ -7.7076035, 38.1174164 ], [ -7.6502585, 38.0837517 ] ] ] ] } },
{ "type": "Feature", "properties": { "POLYGON_ID": "PRT_GAUL2003_ADM2_24681", "ADM0_ISO3": "PRT", "ADM0_NAME": "Portugal", "ADM0_CODE": 199, "ADM1_NAME": "Beja", "ADM1_CODE": 2387, "ADM2_NAME": "Castro Verde", "ADM2_CODE": 24681, "GEOSET": "GAUL", "GEOSET_YEAR": 2003.0, "GEOSET_VERSION": "GAUL_v1", "GEOSET_UNIT": "ADM2", "CENTROID_LONG": -8.0257964858584909, "CENTROID_LAT": 37.704758181715562 }, "geometry": { "type": "MultiPolygon", "coordinates": [ [ [ [ -7.9180021, 37.7929649 ], [ -7.8608713, 37.7307396 ], [ -7.9265084, 37.6258774 ], [ -7.9046817, 37.5866661 ], [ -7.9878478, 37.5609169 ], [ -7.9977565, 37.6089096 ], [ -8.136282, 37.6282692 ], [ -8.1983118, 37.7287025 ], [ -8.1790342, 37.7879753 ], [ -8.1149063, 37.7833481 ], [ -8.0449276, 37.8162308 ], [ -7.9180021, 37.7929649 ] ] ] ] } },
{ "type": "Feature", "properties": { "POLYGON_ID": "PRT_GAUL2003_ADM2_24682", "ADM0_ISO3": "PRT", "ADM0_NAME": "Portugal", "ADM0_CODE": 199, "ADM1_NAME": "Beja", "ADM1_CODE": 2387, "ADM2_NAME": "Cuba", "ADM2_CODE": 24682, "GEOSET": "GAUL", "GEOSET_YEAR": 2003.0, "GEOSET_VERSION": "GAUL_v1", "GEOSET_UNIT": "ADM2", "CENTROID_LONG": -7.9096745900702956, "CENTROID_LAT": 38.190309310709928 }, "geometry": { "type": "MultiPolygon", "coordinates": [ [ [ [ -7.8475208, 38.250988 ], [ -7.8339367, 38.1582756 ], [ -7.9568591, 38.1032867 ], [ -7.9950671, 38.1196938 ], [ -7.990046, 38.1687164 ], [ -7.9259715, 38.200428 ], [ -7.9467893, 38.2422714 ], [ -7.9271364, 38.2965584 ], [ -7.8475208, 38.250988 ] ] ] ] } },
{ "type": "Feature", "properties": { "POLYGON_ID": "PRT_GAUL2003_ADM2_24683", "ADM0_ISO3": "PRT", "ADM0_NAME": "Portugal", "ADM0_CODE": 199, "ADM1_NAME": "Beja", "ADM1_CODE": 2387, "ADM2_NAME": "Ferreira Do Alentejo", "ADM2_CODE": 24683, "GEOSET": "GAUL", "GEOSET_YEAR": 2003.0, "GEOSET_VERSION": "GAUL_v1", "GEOSET_UNIT": "ADM2", "CENTROID_LONG": -8.1786952868587068, "CENTROID_LAT": 38.089491817077068 }, "geometry": { "type": "MultiPolygon", "coordinates": [ [ [ [ -7.990046, 38.1687164 ], [ -7.9950671, 38.1196938 ], [ -8.0251474, 38.029789 ], [ -8.0617456, 37.9959145 ], [ -8.1259689, 37.9588127 ], [ -8.2895212, 38.002243 ], [ -8.3370438, 38.04142 ], [ -8.4037914, 38.0639038 ], [ -8.3607645, 38.0960426 ], [ -8.3099308, 38.1712036 ], [ -8.2527847, 38.1968269 ], [ -8.1366854, 38.2190819 ], [ -8.1044769, 38.2062263 ], [ -8.0929928, 38.1493111 ], [ -7.990046, 38.1687164 ] ] ] ] } },
{ "type": "Feature", "properties": { "POLYGON_ID": "PRT_GAUL2003_ADM2_24684", "ADM0_ISO3": "PRT", "ADM0_NAME": "Portugal", "ADM0_CODE": 199, "ADM1_NAME": "Beja", "ADM1_CODE": 2387, "ADM2_NAME": "Mertola", "ADM2_CODE": 24684, "GEOSET": "GAUL", "GEOSET_YEAR": 2003.0, "GEOSET_VERSION": "GAUL_v1", "GEOSET_UNIT": "ADM2", "CENTROID_LONG": -7.7055956524551208, "CENTROID_LAT": 37.64299606146146 }, "geometry": { "type": "MultiPolygon", "coordinates": [ [ [ [ -7.6440711, 37.820858 ], [ -7.6452985, 37.7524872 ], [ -7.5136065, 37.7746506 ], [ -7.4223978, 37.7419438 ], [ -7.4267, 37.73701 ], [ -7.43154, 37.71868 ], [ -7.43644, 37.70717 ], [ -7.44327, 37.6911 ], [ -7.44461, 37.67222 ], [ -7.44943, 37.65366 ], [ -7.4832408, 37.60771 ], [ -7.48816, 37.60796 ], [ -7.491394, 37.6081752 ], [ -7.49295, 37.60375 ], [ -7.4944157, 37.5890811 ], [ -7.49533, 37.58608 ], [ -7.49865, 37.57974 ], [ -7.50697, 37.57066 ], [ -7.50917, 37.56483 ], [ -7.50067, 37.56266 ], [ -7.50237, 37.558 ], [ -7.515719, 37.557429 ], [ -7.5200525, 37.5543081 ], [ -7.5122876, 37.525694 ], [ -7.6260409, 37.4929657 ], [ -7.6714993, 37.5040398 ], [ -7.8882837, 37.4322052 ], [ -7.9186769, 37.4686089 ], [ -7.9046817, 37.5866661 ], [ -7.9265084, 37.6258774 ], [ -7.8608713, 37.7307396 ], [ -7.9180021, 37.7929649 ], [ -7.8537064, 37.833271 ], [ -7.7978663, 37.8369522 ], [ -7.7635074, 37.804718 ], [ -7.6440711, 37.820858 ] ] ] ] } },
{ "type": "Feature", "properties": { "POLYGON_ID": "PRT_GAUL2003_ADM2_24685", "ADM0_ISO3": "PRT", "ADM0_NAME": "Portugal", "ADM0_CODE": 199, "ADM1_NAME": "Beja", "ADM1_CODE": 2387, "ADM2_NAME": "Moura", "ADM2_CODE": 24685, "GEOSET": "GAUL", "GEOSET_YEAR": 2003.0, "GEOSET_VERSION": "GAUL_v1", "GEOSET_UNIT": "ADM2", "CENTROID_LONG": -7.2795960522937646, "CENTROID_LAT": 38.135533767334543 }, "geometry": { "type": "MultiPolygon", "coordinates": [ [ [ [ -7.1492934, 38.1732559 ], [ -7.1524124, 38.1438599 ], [ -7.0865726, 38.094841 ], [ -6.9954319, 38.117012 ], [ -6.9801145, 38.0994991 ], [ -6.99355, 38.08224 ], [ -6.99294, 38.05635 ], [ -6.99876, 38.04674 ], [ -6.99363, 38.02812 ], [ -7.0087041, 38.0244288 ], [ -7.02336, 38.02084 ], [ -7.0336958, 38.0200789 ], [ -7.04183, 38.01948 ], [ -7.05776, 38.0244 ], [ -7.0785359, 38.0373208 ], [ -7.08826, 38.04024 ], [ -7.0946151, 38.0401054 ], [ -7.12594, 38.00076 ], [ -7.16979, 37.99751 ], [ -7.19872, 38.00628 ], [ -7.2031855, 38.002178 ], [ -7.20646, 37.99917 ], [ -7.20915, 37.9967 ], [ -7.23576, 37.9911 ], [ -7.243822, 37.9884608 ], [ -7.2508216, 37.9861681 ], [ -7.25756, 37.97788 ], [ -7.25736, 37.96986 ], [ -7.2549536, 37.963482 ], [ -7.3592029, 38.0379334 ], [ -7.4532704, 38.0847702 ], [ -7.5251117, 38.0899544 ], [ -7.5171485, 38.1498947 ], [ -7.4904289, 38.1870499 ], [ -7.4521766, 38.2281723 ], [ -7.4012504, 38.2809143 ], [ -7.333488, 38.3204498 ], [ -7.2743177, 38.3302765 ], [ -7.2383895, 38.2656899 ], [ -7.1492934, 38.1732559 ] ] ] ] } },
{ "type": "Feature", "properties": { "POLYGON_ID": "PRT_GAUL2003_ADM2_24686", "ADM0_ISO3": "PRT", "ADM0_NAME": "Portugal", "ADM0_CODE": 199, "ADM1_NAME": "Beja", "ADM1_CODE": 2387, "ADM2_NAME": "Odemira", "ADM2_CODE": 24686, "GEOSET": "GAUL", "GEOSET_YEAR": 2003.0, "GEOSET_VERSION": "GAUL_v1", "GEOSET_UNIT": "ADM2", "CENTROID_LONG": -8.5731090814149429, "CENTROID_LAT": 37.604998351852991 }, "geometry": { "type": "MultiPolygon", "coordinates": [ [ [ [ -8.3948212, 37.8598824 ], [ -8.3727589, 37.7685661 ], [ -8.4521322, 37.7115097 ], [ -8.3344307, 37.677803 ], [ -8.3389721, 37.6238289 ], [ -8.3165474, 37.5638123 ], [ -8.3783045, 37.5168839 ], [ -8.3770828, 37.425396 ], [ -8.4488535, 37.371048 ], [ -8.5225468, 37.3811798 ], [ -8.5693398, 37.408432 ], [ -8.682106, 37.3963051 ], [ -8.7354059, 37.39925 ], [ -8.7989847, 37.4432031 ], [ -8.7864265, 37.5315361 ], [ -8.8147163, 37.5939064 ], [ -8.7874193, 37.7172012 ], [ -8.8072624, 37.7417908 ], [ -8.7927931, 37.8223152 ], [ -8.733573, 37.8130569 ], [ -8.6847839, 37.7573166 ], [ -8.5833654, 37.7559929 ], [ -8.5485992, 37.8475647 ], [ -8.3948212, 37.8598824 ] ] ] ] } },
{ "type": "Feature", "properties": { "POLYGON_ID": "PRT_GAUL2003_ADM2_24687", "ADM0_ISO3": "PRT", "ADM0_NAME": "Portugal", "ADM0_CODE": 199, "ADM1_NAME": "Beja", "ADM1_CODE": 2387, "ADM2_NAME": "Ourique", "ADM2_CODE": 24687, "GEOSET": "GAUL", "GEOSET_YEAR": 2003.0, "GEOSET_VERSION": "GAUL_v1", "GEOSET_UNIT": "ADM2", "CENTROID_LONG": -8.2845573360989047, "CENTROID_LAT": 37.639131722127573 }, "geometry": { "type": "MultiPolygon", "coordinates": [ [ [ [ -8.3258457, 37.8440056 ], [ -8.3110542, 37.7995758 ], [ -8.1790342, 37.7879753 ], [ -8.1983118, 37.7287025 ], [ -8.136282, 37.6282692 ], [ -8.1318827, 37.6073265 ], [ -8.2159863, 37.5613976 ], [ -8.2636213, 37.5565109 ], [ -8.2176828, 37.4617538 ], [ -8.2643824, 37.4051132 ], [ -8.3137465, 37.4327698 ], [ -8.3770828, 37.425396 ], [ -8.3783045, 37.5168839 ], [ -8.3165474, 37.5638123 ], [ -8.3389721, 37.6238289 ], [ -8.3344307, 37.677803 ], [ -8.4521322, 37.7115097 ], [ -8.3727589, 37.7685661 ], [ -8.3948212, 37.8598824 ], [ -8.3258457, 37.8440056 ] ] ] ] } },
{ "type": "Feature", "properties": { "POLYGON_ID": "PRT_GAUL2003_ADM2_24688", "ADM0_ISO3": "PRT", "ADM0_NAME": "Portugal", "ADM0_CODE": 199, "ADM1_NAME": "Beja", "ADM1_CODE": 2387, "ADM2_NAME": "Serpa", "ADM2_CODE": 24688, "GEOSET": "GAUL", "GEOSET_YEAR": 2003.0, "GEOSET_VERSION": "GAUL_v1", "GEOSET_UNIT": "ADM2", "CENTROID_LONG": -7.4862481933149887, "CENTROID_LAT": 37.932698664154607 }, "geometry": { "type": "MultiPolygon", "coordinates": [ [ [ [ -7.5171485, 38.1498947 ], [ -7.5251117, 38.0899544 ], [ -7.4532704, 38.0847702 ], [ -7.3592029, 38.0379334 ], [ -7.2549536, 37.963482 ], [ -7.24976, 37.94974 ], [ -7.2540005, 37.9430107 ], [ -7.26527, 37.91428 ], [ -7.27148, 37.90402 ], [ -7.28104, 37.88821 ], [ -7.27439, 37.87883 ], [ -7.28771, 37.85907 ], [ -7.2957892, 37.851452 ], [ -7.29956, 37.84115 ], [ -7.3138454, 37.8265537 ], [ -7.32529, 37.81486 ], [ -7.38264, 37.7735 ], [ -7.39796, 37.76506 ], [ -7.4017501, 37.7646406 ], [ -7.41592, 37.7572 ], [ -7.41839, 37.74654 ], [ -7.4223978, 37.7419438 ], [ -7.5136065, 37.7746506 ], [ -7.6452985, 37.7524872 ], [ -7.6440711, 37.820858 ], [ -7.6767902, 37.9359207 ], [ -7.6349869, 37.9908562 ], [ -7.6502585, 38.0837517 ], [ -7.5817771, 38.1687202 ], [ -7.5171485, 38.1498947 ] ] ] ] } },
{ "type": "Feature", "properties": { "POLYGON_ID": "PRT_GAUL2003_ADM2_24689", "ADM0_ISO3": "PRT", "ADM0_NAME": "Portugal", "ADM0_CODE": 199, "ADM1_NAME": "Beja", "ADM1_CODE": 2387, "ADM2_NAME": "Vidigueira", "ADM2_CODE": 24689, "GEOSET": "GAUL", "GEOSET_YEAR": 2003.0, "GEOSET_VERSION": "GAUL_v1", "GEOSET_UNIT": "ADM2", "CENTROID_LONG": -7.7149610970235738, "CENTROID_LAT": 38.164915500104058 }, "geometry": { "type": "MultiPolygon", "coordinates": [ [ [ [ -7.4904289, 38.1870499 ], [ -7.5171485, 38.1498947 ], [ -7.5817771, 38.1687202 ], [ -7.6502585, 38.0837517 ], [ -7.7076035, 38.1174164 ], [ -7.7956367, 38.0633812 ], [ -7.8339367, 38.1582756 ], [ -7.8475208, 38.250988 ], [ -7.7514172, 38.2423744 ], [ -7.6628098, 38.1995316 ], [ -7.4904289, 38.1870499 ] ] ] ] } },
{ "type": "Feature", "properties": { "POLYGON_ID": "PRT_GAUL2003_ADM2_24690", "ADM0_ISO3": "PRT", "ADM0_NAME": "Portugal", "ADM0_CODE": 199, "ADM1_NAME": "Braga", "ADM1_CODE": 2388, "ADM2_NAME": "Amares", "ADM2_CODE": 24690, "GEOSET": "GAUL", "GEOSET_YEAR": 2003.0, "GEOSET_VERSION": "GAUL_v1", "GEOSET_UNIT": "ADM2", "CENTROID_LONG": -8.3385601150691873, "CENTROID_LAT": 41.655320987376854 }, "geometry": { "type": "MultiPolygon", "coordinates": [ [ [ [ -8.2367182, 41.6569748 ], [ -8.253314, 41.6592941 ], [ -8.3340626, 41.6216469 ], [ -8.4277153, 41.60812 ], [ -8.4017448, 41.6596947 ], [ -8.3546495, 41.6941719 ], [ -8.2768345, 41.6939735 ], [ -8.2367182, 41.6569748 ] ] ] ] } },
{ "type": "Feature", "properties": { "POLYGON_ID": "PRT_GAUL2003_ADM2_24691", "ADM0_ISO3": "PRT", "ADM0_NAME": "Portugal", "ADM0_CODE": 199, "ADM1_NAME": "Braga", "ADM1_CODE": 2388, "ADM2_NAME": "Barcelos", "ADM2_CODE": 24691, "GEOSET": "GAUL", "GEOSET_YEAR": 2003.0, "GEOSET_VERSION": "GAUL_v1", "GEOSET_UNIT": "ADM2", "CENTROID_LONG": -8.6182885054485645, "CENTROID_LAT": 41.535511614670895 }, "geometry": { "type": "MultiPolygon", "coordinates": [ [ [ [ -8.5365877, 41.6281052 ], [ -8.4945803, 41.5720863 ], [ -8.5113411, 41.4781799 ], [ -8.556571, 41.4307327 ], [ -8.6220064, 41.413456 ], [ -8.6654148, 41.4436913 ], [ -8.7453518, 41.463829 ], [ -8.7188492, 41.5686264 ], [ -8.7273655, 41.6177444 ], [ -8.6396055, 41.6521835 ], [ -8.5365877, 41.6281052 ] ] ] ] } },
{ "type": "Feature", "properties": { "POLYGON_ID": "PRT_GAUL2003_ADM2_24692", "ADM0_ISO3": "PRT", "ADM0_NAME": "Portugal", "ADM0_CODE": 199, "ADM1_NAME": "Braga", "ADM1_CODE": 2388, "ADM2_NAME": "Braga", "ADM2_CODE": 24692, "GEOSET": "GAUL", "GEOSET_YEAR": 2003.0, "GEOSET_VERSION": "GAUL_v1", "GEOSET_UNIT": "ADM2", "CENTROID_LONG": -8.4159023630792031, "CENTROID_LAT": 41.547574885002533 }, "geometry": { "type": "MultiPolygon", "coordinates": [ [ [ [ -8.2989712, 41.5459061 ], [ -8.3693838, 41.5354347 ], [ -8.4276009, 41.4655952 ], [ -8.5113411, 41.4781799 ], [ -8.4945803, 41.5720863 ], [ -8.4277153, 41.60812 ], [ -8.3340626, 41.6216469 ], [ -8.2989712, 41.5459061 ] ] ] ] } },
{ "type": "Feature", "properties": { "POLYGON_ID": "PRT_GAUL2003_ADM2_24693", "ADM0_ISO3": "PRT", "ADM0_NAME": "Portugal", "ADM0_CODE": 199, "ADM1_NAME": "Braga", "ADM1_CODE": 2388, "ADM2_NAME": "Cabeceiras De Basto", "ADM2_CODE": 24693, "GEOSET": "GAUL", "GEOSET_YEAR": 2003.0, "GEOSET_VERSION": "GAUL_v1", "GEOSET_UNIT": "ADM2", "CENTROID_LONG": -7.9456734360865049, "CENTROID_LAT": 41.541908121946094 }, "geometry": { "type": "MultiPolygon", "coordinates": [ [ [ [ -7.8041692, 41.5845604 ], [ -7.8279147, 41.542881 ], [ -7.8985815, 41.4919777 ], [ -7.9328203, 41.451519 ], [ -8.0582247, 41.4902267 ], [ -8.0606928, 41.5607491 ], [ -7.9943223, 41.6156082 ], [ -7.8724637, 41.5924644 ], [ -7.8417349, 41.6180725 ], [ -7.8041692, 41.5845604 ] ] ] ] } },
{ "type": "Feature", "properties": { "POLYGON_ID": "PRT_GAUL2003_ADM2_24694", "ADM0_ISO3": "PRT", "ADM0_NAME": "Portugal", "ADM0_CODE": 199, "ADM1_NAME": "Braga", "ADM1_CODE": 2388, "ADM2_NAME": "Celorico De Basto", "ADM2_CODE": 24694, "GEOSET": "GAUL", "GEOSET_YEAR": 2003.0, "GEOSET_VERSION": "GAUL_v1", "GEOSET_UNIT": "ADM2", "CENTROID_LONG": -8.0334564941624418, "CENTROID_LAT": 41.405939599491298 }, "geometry": { "type": "MultiPolygon", "coordinates": [ [ [ [ -7.9328203, 41.451519 ], [ -7.9659748, 41.3795776 ], [ -8.0157194, 41.325489 ], [ -8.1108904, 41.3466797 ], [ -8.1296015, 41.378334 ], [ -8.0582247, 41.4902267 ], [ -7.9328203, 41.451519 ] ] ] ] } },
{ "type": "Feature", "properties": { "POLYGON_ID": "PRT_GAUL2003_ADM2_24695", "ADM0_ISO3": "PRT", "ADM0_NAME": "Portugal", "ADM0_CODE": 199, "ADM1_NAME": "Braga", "ADM1_CODE": 2388, "ADM2_NAME": "Esposende", "ADM2_CODE": 24695, "GEOSET": "GAUL", "GEOSET_YEAR": 2003.0, "GEOSET_VERSION": "GAUL_v1", "GEOSET_UNIT": "ADM2", "CENTROID_LONG": -8.7588290078087088, "CENTROID_LAT": 41.551147282347792 }, "geometry": { "type": "MultiPolygon", "coordinates": [ [ [ [ -8.7273655, 41.6177444 ], [ -8.7188492, 41.5686264 ], [ -8.7453518, 41.463829 ], [ -8.7720966, 41.4683151 ], [ -8.805545, 41.6068423 ], [ -8.7273655, 41.6177444 ] ] ] ] } },
{ "type": "Feature", "properties": { "POLYGON_ID": "PRT_GAUL2003_ADM2_24696", "ADM0_ISO3": "PRT", "ADM0_NAME": "Portugal", "ADM0_CODE": 199, "ADM1_NAME": "Braga", "ADM1_CODE": 2388, "ADM2_NAME": "Fafe", "ADM2_CODE": 24696, "GEOSET": "GAUL", "GEOSET_YEAR": 2003.0, "GEOSET_VERSION": "GAUL_v1", "GEOSET_UNIT": "ADM2", "CENTROID_LONG": -8.1454702682270845, "CENTROID_LAT": 41.480283449635216 }, "geometry": { "type": "MultiPolygon", "coordinates": [ [ [ [ -8.0606928, 41.5607491 ], [ -8.0582247, 41.4902267 ], [ -8.1296015, 41.378334 ], [ -8.2103233, 41.4129677 ], [ -8.2318926, 41.4443703 ], [ -8.2132301, 41.4789009 ], [ -8.2302332, 41.5071602 ], [ -8.2212906, 41.5412102 ], [ -8.1828032, 41.5509148 ], [ -8.1408701, 41.5518227 ], [ -8.0606928, 41.5607491 ] ] ] ] } },
{ "type": "Feature", "properties": { "POLYGON_ID": "PRT_GAUL2003_ADM2_24697", "ADM0_ISO3": "PRT", "ADM0_NAME": "Portugal", "ADM0_CODE": 199, "ADM1_NAME": "Braga", "ADM1_CODE": 2388, "ADM2_NAME": "Guimaraes", "ADM2_CODE": 24697, "GEOSET": "GAUL", "GEOSET_YEAR": 2003.0, "GEOSET_VERSION": "GAUL_v1", "GEOSET_UNIT": "ADM2", "CENTROID_LONG": -8.3089859170154714, "CENTROID_LAT": 41.463620294588878 }, "geometry": { "type": "MultiPolygon", "coordinates": [ [ [ [ -8.1828032, 41.5509148 ], [ -8.2212906, 41.5412102 ], [ -8.2302332, 41.5071602 ], [ -8.2132301, 41.4789009 ], [ -8.2318926, 41.4443703 ], [ -8.2103233, 41.4129677 ], [ -8.2408361, 41.3944054 ], [ -8.3177767, 41.3782654 ], [ -8.3785868, 41.3828087 ], [ -8.3712893, 41.425087 ], [ -8.4276009, 41.4655952 ], [ -8.3693838, 41.5354347 ], [ -8.2989712, 41.5459061 ], [ -8.2439747, 41.5250092 ], [ -8.2020769, 41.5617599 ], [ -8.1828032, 41.5509148 ] ] ] ] } },
{ "type": "Feature", "properties": { "POLYGON_ID": "PRT_GAUL2003_ADM2_24698", "ADM0_ISO3": "PRT", "ADM0_NAME": "Portugal", "ADM0_CODE": 199, "ADM1_NAME": "Braga", "ADM1_CODE": 2388, "ADM2_NAME": "Povoa De Lanhoso", "ADM2_CODE": 24698, "GEOSET": "GAUL", "GEOSET_YEAR": 2003.0, "GEOSET_VERSION": "GAUL_v1", "GEOSET_UNIT": "ADM2", "CENTROID_LONG": -8.2512434341034506, "CENTROID_LAT": 41.589493296653409 }, "geometry": { "type": "MultiPolygon", "coordinates": [ [ [ [ -8.1408701, 41.5518227 ], [ -8.1828032, 41.5509148 ], [ -8.2020769, 41.5617599 ], [ -8.2439747, 41.5250092 ], [ -8.2989712, 41.5459061 ], [ -8.3340626, 41.6216469 ], [ -8.253314, 41.6592941 ], [ -8.1408701, 41.5518227 ] ] ] ] } },
{ "type": "Feature", "properties": { "POLYGON_ID": "PRT_GAUL2003_ADM2_24699", "ADM0_ISO3": "PRT", "ADM0_NAME": "Portugal", "ADM0_CODE": 199, "ADM1_NAME": "Braga", "ADM1_CODE": 2388, "ADM2_NAME": "Terras De Bouro", "ADM2_CODE": 24699, "GEOSET": "GAUL", "GEOSET_YEAR": 2003.0, "GEOSET_VERSION": "GAUL_v1", "GEOSET_UNIT": "ADM2", "CENTROID_LONG": -8.1827267072179328, "CENTROID_LAT": 41.741484997148376 }, "geometry": { "type": "MultiPolygon", "coordinates": [ [ [ [ -8.1094828, 41.6945381 ], [ -8.1806355, 41.6616516 ], [ -8.2367182, 41.6569748 ], [ -8.2768345, 41.6939735 ], [ -8.3546495, 41.6941719 ], [ -8.3146658, 41.714901 ], [ -8.3088121, 41.7610626 ], [ -8.1866722, 41.8138733 ], [ -8.1491833, 41.8164139 ], [ -8.12957, 41.81063 ], [ -8.11416, 41.80883 ], [ -8.0383014, 41.8191859 ], [ -8.0710936, 41.7282867 ], [ -8.1094828, 41.6945381 ] ] ] ] } },
{ "type": "Feature", "properties": { "POLYGON_ID": "PRT_GAUL2003_ADM2_24700", "ADM0_ISO3": "PRT", "ADM0_NAME": "Portugal", "ADM0_CODE": 199, "ADM1_NAME": "Braga", "ADM1_CODE": 2388, "ADM2_NAME": "Vieira Do Minho", "ADM2_CODE": 24700, "GEOSET": "GAUL", "GEOSET_YEAR": 2003.0, "GEOSET_VERSION": "GAUL_v1", "GEOSET_UNIT": "ADM2", "CENTROID_LONG": -8.0993324580019639, "CENTROID_LAT": 41.630022392507229 }, "geometry": { "type": "MultiPolygon", "coordinates": [ [ [ [ -7.9943223, 41.6156082 ], [ -8.0606928, 41.5607491 ], [ -8.1408701, 41.5518227 ], [ -8.253314, 41.6592941 ], [ -8.2367182, 41.6569748 ], [ -8.1806355, 41.6616516 ], [ -8.1094828, 41.6945381 ], [ -8.0140228, 41.7006302 ], [ -7.9867296, 41.6650124 ], [ -7.9943223, 41.6156082 ] ] ] ] } },
{ "type": "Feature", "properties": { "POLYGON_ID": "PRT_GAUL2003_ADM2_24701", "ADM0_ISO3": "PRT", "ADM0_NAME": "Portugal", "ADM0_CODE": 199, "ADM1_NAME": "Braga", "ADM1_CODE": 2388, "ADM2_NAME": "Vila Nova De Famalicao", "ADM2_CODE": 24701, "GEOSET": "GAUL", "GEOSET_YEAR": 2003.0, "GEOSET_VERSION": "GAUL_v1", "GEOSET_UNIT": "ADM2", "CENTROID_LONG": -8.5004970062744416, "CENTROID_LAT": 41.407029146975191 }, "geometry": { "type": "MultiPolygon", "coordinates": [ [ [ [ -8.4276009, 41.4655952 ], [ -8.3712893, 41.425087 ], [ -8.3785868, 41.3828087 ], [ -8.4938936, 41.3697166 ], [ -8.5111227, 41.346611 ], [ -8.6090727, 41.3414154 ], [ -8.6218405, 41.3832664 ], [ -8.6220064, 41.413456 ], [ -8.556571, 41.4307327 ], [ -8.5113411, 41.4781799 ], [ -8.4276009, 41.4655952 ] ] ] ] } },
{ "type": "Feature", "properties": { "POLYGON_ID": "PRT_GAUL2003_ADM2_24702", "ADM0_ISO3": "PRT", "ADM0_NAME": "Portugal", "ADM0_CODE": 199, "ADM1_NAME": "Braga", "ADM1_CODE": 2388, "ADM2_NAME": "Vila Verde", "ADM2_CODE": 24702, "GEOSET": "GAUL", "GEOSET_YEAR": 2003.0, "GEOSET_VERSION": "GAUL_v1", "GEOSET_UNIT": "ADM2", "CENTROID_LONG": -8.4351061475838005, "CENTROID_LAT": 41.681719367687755 }, "geometry": { "type": "MultiPolygon", "coordinates": [ [ [ [ -8.3088121, 41.7610626 ], [ -8.3146658, 41.714901 ], [ -8.3546495, 41.6941719 ], [ -8.4017448, 41.6596947 ], [ -8.4277153, 41.60812 ], [ -8.4945803, 41.5720863 ], [ -8.5365877, 41.6281052 ], [ -8.4907894, 41.7411118 ], [ -8.4557304, 41.7321701 ], [ -8.4171715, 41.7583427 ], [ -8.3088121, 41.7610626 ] ] ] ] } },
{ "type": "Feature", "properties": { "POLYGON_ID": "PRT_GAUL2003_ADM2_24703", "ADM0_ISO3": "PRT", "ADM0_NAME": "Portugal", "ADM0_CODE": 199, "ADM1_NAME": "Braga", "ADM1_CODE": 2388, "ADM2_NAME": "Vizela", "ADM2_CODE": 24703, "GEOSET": "GAUL", "GEOSET_YEAR": 2003.0, "GEOSET_VERSION": "GAUL_v1", "GEOSET_UNIT": "ADM2", "CENTROID_LONG": -8.281717791474529, "CENTROID_LAT": 41.370287535097717 }, "geometry": { "type": "MultiPolygon", "coordinates": [ [ [ [ -8.2408361, 41.3944054 ], [ -8.2699175, 41.3480034 ], [ -8.3104553, 41.3533134 ], [ -8.3177767, 41.3782654 ], [ -8.2408361, 41.3944054 ] ] ] ] } },
{ "type": "Feature", "properties": { "POLYGON_ID": "PRT_GAUL2003_ADM2_24704", "ADM0_ISO3": "PRT", "ADM0_NAME": "Portugal", "ADM0_CODE": 199, "ADM1_NAME": "Braganca", "ADM1_CODE": 2389, "ADM2_NAME": "Alfandega Da Fe", "ADM2_CODE": 24704, "GEOSET": "GAUL", "GEOSET_YEAR": 2003.0, "GEOSET_VERSION": "GAUL_v1", "GEOSET_UNIT": "ADM2", "CENTROID_LONG": -6.9510780265063508, "CENTROID_LAT": 41.351033285959325 }, "geometry": { "type": "MultiPolygon", "coordinates": [ [ [ [ -6.8476109, 41.4032326 ], [ -6.8773494, 41.3699837 ], [ -6.8509464, 41.3097229 ], [ -6.8758001, 41.2590523 ], [ -6.9190283, 41.2407074 ], [ -6.9740448, 41.2521248 ], [ -7.0646615, 41.3110085 ], [ -7.0299258, 41.3687286 ], [ -7.0577717, 41.4134674 ], [ -7.0468078, 41.4159203 ], [ -6.9443769, 41.4705162 ], [ -6.8476109, 41.4032326 ] ] ] ] } },
{ "type": "Feature", "properties": { "POLYGON_ID": "PRT_GAUL2003_ADM2_24705", "ADM0_ISO3": "PRT", "ADM0_NAME": "Portugal", "ADM0_CODE": 199, "ADM1_NAME": "Braganca", "ADM1_CODE": 2389, "ADM2_NAME": "Braganca", "ADM2_CODE": 24705, "GEOSET": "GAUL", "GEOSET_YEAR": 2003.0, "GEOSET_VERSION": "GAUL_v1", "GEOSET_UNIT": "ADM2", "CENTROID_LONG": -6.7270957448380413, "CENTROID_LAT": 41.770789816937317 }, "geometry": { "type": "MultiPolygon", "coordinates": [ [ [ [ -6.5545001, 41.6915932 ], [ -6.5706086, 41.6560936 ], [ -6.6339126, 41.6593323 ], [ -6.6697268, 41.5363159 ], [ -6.7342801, 41.5436783 ], [ -6.8067355, 41.5942268 ], [ -6.8942513, 41.5843544 ], [ -6.9049182, 41.6410751 ], [ -6.8775949, 41.6989708 ], [ -6.9390969, 41.7584381 ], [ -6.9003768, 41.8032112 ], [ -6.8757291, 41.8708954 ], [ -6.8773396, 41.9394155 ], [ -6.85515, 41.94416 ], [ -6.8535671, 41.9452272 ], [ -6.84462, 41.94434 ], [ -6.8256412, 41.9451799 ], [ -6.8248321, 41.9454547 ], [ -6.81364, 41.94926 ], [ -6.78579, 41.98878 ], [ -6.7776091, 41.9883117 ], [ -6.76787, 41.98524 ], [ -6.7597869, 41.9778862 ], [ -6.68987, 41.9373 ], [ -6.67451, 41.93645 ], [ -6.6359081, 41.9414251 ], [ -6.61283, 41.94355 ], [ -6.5811714, 41.9589734 ], [ -6.5799, 41.9684 ], [ -6.5749004, 41.9678478 ], [ -6.57148, 41.96747 ], [ -6.56175, 41.95682 ], [ -6.5525259, 41.9457546 ], [ -6.55123, 41.9442 ], [ -6.54193, 41.93131 ], [ -6.54445, 41.92372 ], [ -6.53509, 41.87902 ], [ -6.5234, 41.8744949 ], [ -6.51733, 41.86926 ], [ -6.52321, 41.86137 ], [ -6.52235, 41.85932 ], [ -6.52917, 41.84022 ], [ -6.5286984, 41.8376797 ], [ -6.52811, 41.83451 ], [ -6.5300395, 41.8249277 ], [ -6.53107, 41.81981 ], [ -6.53671, 41.81377 ], [ -6.5394116, 41.8022241 ], [ -6.53945, 41.80206 ], [ -6.54417, 41.79604 ], [ -6.54667, 41.78684 ], [ -6.5484364, 41.7787239 ], [ -6.55047, 41.76938 ], [ -6.55634, 41.76082 ], [ -6.5691, 41.74758 ], [ -6.5634182, 41.7445184 ], [ -6.55919, 41.74224 ], [ -6.5571908, 41.7360823 ], [ -6.5543278, 41.733774 ], [ -6.55189, 41.73181 ], [ -6.549392, 41.7242557 ], [ -6.5448743, 41.7080685 ], [ -6.54971, 41.6998 ], [ -6.5531229, 41.6939504 ], [ -6.5545001, 41.6915932 ] ] ] ] } },
{ "type": "Feature", "properties": { "POLYGON_ID": "PRT_GAUL2003_ADM2_24706", "ADM0_ISO3": "PRT", "ADM0_NAME": "Portugal", "ADM0_CODE": 199, "ADM1_NAME": "Braganca", "ADM1_CODE": 2389, "ADM2_NAME": "Carrazeda De Ansiaes", "ADM2_CODE": 24706, "GEOSET": "GAUL", "GEOSET_YEAR": 2003.0, "GEOSET_VERSION": "GAUL_v1", "GEOSET_UNIT": "ADM2", "CENTROID_LONG": -7.2986841568545966, "CENTROID_LAT": 41.226296467806357 }, "geometry": { "type": "MultiPolygon", "coordinates": [ [ [ [ -7.2880497, 41.3375435 ], [ -7.2805281, 41.2939301 ], [ -7.1895604, 41.231144 ], [ -7.1790524, 41.2035942 ], [ -7.2152467, 41.1414299 ], [ -7.2983499, 41.1444664 ], [ -7.3471842, 41.1501846 ], [ -7.4220901, 41.2156868 ], [ -7.3862085, 41.2443161 ], [ -7.3576932, 41.3264503 ], [ -7.3088737, 41.341671 ], [ -7.2880497, 41.3375435 ] ] ] ] } },
{ "type": "Feature", "properties": { "POLYGON_ID": "PRT_GAUL2003_ADM2_24707", "ADM0_ISO3": "PRT", "ADM0_NAME": "Portugal", "ADM0_CODE": 199, "ADM1_NAME": "Braganca", "ADM1_CODE": 2389, "ADM2_NAME": "Freixo De Espada A Cinta", "ADM2_CODE": 24707, "GEOSET": "GAUL", "GEOSET_YEAR": 2003.0, "GEOSET_VERSION": "GAUL_v1", "GEOSET_UNIT": "ADM2", "CENTROID_LONG": -6.8337174266683656, "CENTROID_LAT": 41.114684375588226 }, "geometry": { "type": "MultiPolygon", "coordinates": [ [ [ [ -6.6821813, 41.2081909 ], [ -6.6879, 41.20067 ], [ -6.69287, 41.19531 ], [ -6.70114, 41.17915 ], [ -6.74887, 41.142 ], [ -6.76531, 41.13299 ], [ -6.75411, 41.10602 ], [ -6.755998, 41.1039751 ], [ -6.774459, 41.0806514 ], [ -6.78244, 41.06571 ], [ -6.7933163, 41.0577059 ], [ -6.8015488, 41.0501403 ], [ -6.80675, 41.04417 ], [ -6.81206, 41.04177 ], [ -6.8203064, 41.0383727 ], [ -6.849093, 41.0327823 ], [ -6.85964, 41.03166 ], [ -6.90188, 41.03756 ], [ -6.91503, 41.03893 ], [ -6.9169805, 41.0384461 ], [ -6.92031, 41.03762 ], [ -6.93036, 41.034 ], [ -6.9791985, 41.0245247 ], [ -6.9896421, 41.0345802 ], [ -6.9787335, 41.1108246 ], [ -6.9106956, 41.1035118 ], [ -6.795105, 41.1542625 ], [ -6.807126, 41.1943283 ], [ -6.73491, 41.2474556 ], [ -6.6821813, 41.2081909 ] ] ] ] } },
{ "type": "Feature", "properties": { "POLYGON_ID": "PRT_GAUL2003_ADM2_24708", "ADM0_ISO3": "PRT", "ADM0_NAME": "Portugal", "ADM0_CODE": 199, "ADM1_NAME": "Braganca", "ADM1_CODE": 2389, "ADM2_NAME": "Macedo De Cavaleiros", "ADM2_CODE": 24708, "GEOSET": "GAUL", "GEOSET_YEAR": 2003.0, "GEOSET_VERSION": "GAUL_v1", "GEOSET_UNIT": "ADM2", "CENTROID_LONG": -6.903156113609394, "CENTROID_LAT": 41.544774474638352 }, "geometry": { "type": "MultiPolygon", "coordinates": [ [ [ [ -6.8775949, 41.6989708 ], [ -6.9049182, 41.6410751 ], [ -6.8942513, 41.5843544 ], [ -6.8067355, 41.5942268 ], [ -6.7342801, 41.5436783 ], [ -6.6697268, 41.5363159 ], [ -6.6657977, 41.4540367 ], [ -6.7007966, 41.4312096 ], [ -6.8476109, 41.4032326 ], [ -6.9443769, 41.4705162 ], [ -7.0468078, 41.4159203 ], [ -7.0328369, 41.4831581 ], [ -7.0646224, 41.5085526 ], [ -7.0355282, 41.5739021 ], [ -7.0843887, 41.5956993 ], [ -7.1164951, 41.7010422 ], [ -6.9908352, 41.7022972 ], [ -6.9218473, 41.6822128 ], [ -6.8775949, 41.6989708 ] ] ] ] } },
{ "type": "Feature", "properties": { "POLYGON_ID": "PRT_GAUL2003_ADM2_24709", "ADM0_ISO3": "PRT", "ADM0_NAME": "Portugal", "ADM0_CODE": 199, "ADM1_NAME": "Braganca", "ADM1_CODE": 2389, "ADM2_NAME": "Miranda Do Douro", "ADM2_CODE": 24709, "GEOSET": "GAUL", "GEOSET_YEAR": 2003.0, "GEOSET_VERSION": "GAUL_v1", "GEOSET_UNIT": "ADM2", "CENTROID_LONG": -6.3581829688710645, "CENTROID_LAT": 41.515475696214409 }, "geometry": { "type": "MultiPolygon", "coordinates": [ [ [ [ -6.41067, 41.34332 ], [ -6.5302253, 41.4490738 ], [ -6.4771476, 41.4785042 ], [ -6.4800062, 41.5308762 ], [ -6.4085994, 41.5506744 ], [ -6.3680061, 41.6764605 ], [ -6.368, 41.67646 ], [ -6.3595051, 41.677582 ], [ -6.30785, 41.66437 ], [ -6.2848315, 41.6596903 ], [ -6.1826909, 41.5783797 ], [ -6.1954459, 41.5737983 ], [ -6.20793, 41.56451 ], [ -6.21229, 41.55644 ], [ -6.2160401, 41.5554398 ], [ -6.23106, 41.53282 ], [ -6.25413, 41.51789 ], [ -6.25569, 41.5062 ], [ -6.2624009, 41.5008451 ], [ -6.27125, 41.49571 ], [ -6.29699, 41.45923 ], [ -6.3006988, 41.4529503 ], [ -6.30267, 41.44957 ], [ -6.30562, 41.44432 ], [ -6.31491, 41.41717 ], [ -6.3207406, 41.4138433 ], [ -6.3253, 41.40786 ], [ -6.32922, 41.39567 ], [ -6.39016, 41.38933 ], [ -6.3921781, 41.3806586 ], [ -6.3821458, 41.364458 ], [ -6.38144, 41.36211 ], [ -6.3888819, 41.3553728 ], [ -6.39599, 41.3502 ], [ -6.41067, 41.34332 ] ] ] ] } },
{ "type": "Feature", "properties": { "POLYGON_ID": "PRT_GAUL2003_ADM2_24710", "ADM0_ISO3": "PRT", "ADM0_NAME": "Portugal", "ADM0_CODE": 199, "ADM1_NAME": "Braganca", "ADM1_CODE": 2389, "ADM2_NAME": "Mirandela", "ADM2_CODE": 24710, "GEOSET": "GAUL", "GEOSET_YEAR": 2003.0, "GEOSET_VERSION": "GAUL_v1", "GEOSET_UNIT": "ADM2", "CENTROID_LONG": -7.182476342125284, "CENTROID_LAT": 41.509235072485019 }, "geometry": { "type": "MultiPolygon", "coordinates": [ [ [ [ -7.1783171, 41.7366028 ], [ -7.1164951, 41.7010422 ], [ -7.0843887, 41.5956993 ], [ -7.0355282, 41.5739021 ], [ -7.0646224, 41.5085526 ], [ -7.0328369, 41.4831581 ], [ -7.0468078, 41.4159203 ], [ -7.0577717, 41.4134674 ], [ -7.134932, 41.3771553 ], [ -7.1950426, 41.3883324 ], [ -7.2880497, 41.3375435 ], [ -7.3088737, 41.341671 ], [ -7.3384628, 41.3538857 ], [ -7.3564744, 41.4419479 ], [ -7.2779374, 41.5163841 ], [ -7.2214451, 41.5247116 ], [ -7.2519503, 41.5730248 ], [ -7.2354894, 41.6417542 ], [ -7.1783171, 41.7366028 ] ] ] ] } },
{ "type": "Feature", "properties": { "POLYGON_ID": "PRT_GAUL2003_ADM2_24711", "ADM0_ISO3": "PRT", "ADM0_NAME": "Portugal", "ADM0_CODE": 199, "ADM1_NAME": "Braganca", "ADM1_CODE": 2389, "ADM2_NAME": "Mogadouro", "ADM2_CODE": 24711, "GEOSET": "GAUL", "GEOSET_YEAR": 2003.0, "GEOSET_VERSION": "GAUL_v1", "GEOSET_UNIT": "ADM2", "CENTROID_LONG": -6.6669417166964982, "CENTROID_LAT": 41.331549351934392 }, "geometry": { "type": "MultiPolygon", "coordinates": [ [ [ [ -6.5302253, 41.4490738 ], [ -6.41067, 41.34332 ], [ -6.42214, 41.33055 ], [ -6.4250209, 41.3236341 ], [ -6.42838, 41.31557 ], [ -6.4340478, 41.311649 ], [ -6.44058, 41.30713 ], [ -6.4571, 41.30136 ], [ -6.4728842, 41.2927366 ], [ -6.5067, 41.26593 ], [ -6.5174707, 41.2629079 ], [ -6.5438535, 41.2562346 ], [ -6.5584, 41.2464 ], [ -6.5622954, 41.2428631 ], [ -6.57048, 41.23767 ], [ -6.57518, 41.23789 ], [ -6.581017, 41.2376976 ], [ -6.58883, 41.23744 ], [ -6.6233, 41.24527 ], [ -6.6321697, 41.2440087 ], [ -6.63427, 41.24371 ], [ -6.6373118, 41.2427135 ], [ -6.6821813, 41.2081909 ], [ -6.73491, 41.2474556 ], [ -6.807126, 41.1943283 ], [ -6.9190283, 41.2407074 ], [ -6.8758001, 41.2590523 ], [ -6.8509464, 41.3097229 ], [ -6.8773494, 41.3699837 ], [ -6.8476109, 41.4032326 ], [ -6.7007966, 41.4312096 ], [ -6.6657977, 41.4540367 ], [ -6.5302253, 41.4490738 ] ] ] ] } },
{ "type": "Feature", "properties": { "POLYGON_ID": "PRT_GAUL2003_ADM2_24712", "ADM0_ISO3": "PRT", "ADM0_NAME": "Portugal", "ADM0_CODE": 199, "ADM1_NAME": "Braganca", "ADM1_CODE": 2389, "ADM2_NAME": "Torre De Moncorvo", "ADM2_CODE": 24712, "GEOSET": "GAUL", "GEOSET_YEAR": 2003.0, "GEOSET_VERSION": "GAUL_v1", "GEOSET_UNIT": "ADM2", "CENTROID_LONG": -7.0056401461036639, "CENTROID_LAT": 41.175684053675006 }, "geometry": { "type": "MultiPolygon", "coordinates": [ [ [ [ -6.9190283, 41.2407074 ], [ -6.807126, 41.1943283 ], [ -6.795105, 41.1542625 ], [ -6.9106956, 41.1035118 ], [ -6.9787335, 41.1108246 ], [ -6.9896421, 41.0345802 ], [ -7.0978155, 41.0840263 ], [ -7.0805063, 41.1330757 ], [ -7.1460562, 41.159481 ], [ -7.2152467, 41.1414299 ], [ -7.1790524, 41.2035942 ], [ -7.1895604, 41.231144 ], [ -7.1003027, 41.2413101 ], [ -7.0646615, 41.3110085 ], [ -6.9740448, 41.2521248 ], [ -6.9190283, 41.2407074 ] ] ] ] } },
{ "type": "Feature", "properties": { "POLYGON_ID": "PRT_GAUL2003_ADM2_24713", "ADM0_ISO3": "PRT", "ADM0_NAME": "Portugal", "ADM0_CODE": 199, "ADM1_NAME": "Braganca", "ADM1_CODE": 2389, "ADM2_NAME": "Vila Flor", "ADM2_CODE": 24713, "GEOSET": "GAUL", "GEOSET_YEAR": 2003.0, "GEOSET_VERSION": "GAUL_v1", "GEOSET_UNIT": "ADM2", "CENTROID_LONG": -7.1570154920065141, "CENTROID_LAT": 41.319232132416559 }, "geometry": { "type": "MultiPolygon", "coordinates": [ [ [ [ -7.0646615, 41.3110085 ], [ -7.1003027, 41.2413101 ], [ -7.1895604, 41.231144 ], [ -7.2805281, 41.2939301 ], [ -7.2880497, 41.3375435 ], [ -7.1950426, 41.3883324 ], [ -7.134932, 41.3771553 ], [ -7.0577717, 41.4134674 ], [ -7.0299258, 41.3687286 ], [ -7.0646615, 41.3110085 ] ] ] ] } },
{ "type": "Feature", "properties": { "POLYGON_ID": "PRT_GAUL2003_ADM2_24714", "ADM0_ISO3": "PRT", "ADM0_NAME": "Portugal", "ADM0_CODE": 199, "ADM1_NAME": "Braganca", "ADM1_CODE": 2389, "ADM2_NAME": "Vimioso", "ADM2_CODE": 24714, "GEOSET": "GAUL", "GEOSET_YEAR": 2003.0, "GEOSET_VERSION": "GAUL_v1", "GEOSET_UNIT": "ADM2", "CENTROID_LONG": -6.5355761487674222, "CENTROID_LAT": 41.571861451747509 }, "geometry": { "type": "MultiPolygon", "coordinates": [ [ [ [ -6.4813647, 41.6616339 ], [ -6.45807, 41.66719 ], [ -6.45265, 41.66957 ], [ -6.4478026, 41.6752549 ], [ -6.4376, 41.68722 ], [ -6.40934, 41.68105 ], [ -6.3983079, 41.6810929 ], [ -6.3680061, 41.6764605 ], [ -6.4085994, 41.5506744 ], [ -6.4800062, 41.5308762 ], [ -6.4771476, 41.4785042 ], [ -6.5302253, 41.4490738 ], [ -6.6657977, 41.4540367 ], [ -6.6697268, 41.5363159 ], [ -6.6339126, 41.6593323 ], [ -6.5706086, 41.6560936 ], [ -6.5545001, 41.6915932 ], [ -6.5451722, 41.6908602 ], [ -6.4813647, 41.6616339 ] ] ] ] } },
{ "type": "Feature", "properties": { "POLYGON_ID": "PRT_GAUL2003_ADM2_24715", "ADM0_ISO3": "PRT", "ADM0_NAME": "Portugal", "ADM0_CODE": 199, "ADM1_NAME": "Braganca", "ADM1_CODE": 2389, "ADM2_NAME": "Vinhais", "ADM2_CODE": 24715, "GEOSET": "GAUL", "GEOSET_YEAR": 2003.0, "GEOSET_VERSION": "GAUL_v1", "GEOSET_UNIT": "ADM2", "CENTROID_LONG": -7.0396669762793502, "CENTROID_LAT": 41.836264342663526 }, "geometry": { "type": "MultiPolygon", "coordinates": [ [ [ [ -6.97647, 41.96859 ], [ -6.96616, 41.97179 ], [ -6.93579, 41.94725 ], [ -6.930481, 41.945351 ], [ -6.9091586, 41.9413344 ], [ -6.89449, 41.94148 ], [ -6.88273, 41.93852 ], [ -6.8773396, 41.9394155 ], [ -6.8757291, 41.8708954 ], [ -6.9003768, 41.8032112 ], [ -6.9390969, 41.7584381 ], [ -6.8775949, 41.6989708 ], [ -6.9218473, 41.6822128 ], [ -6.9908352, 41.7022972 ], [ -7.1164951, 41.7010422 ], [ -7.1783171, 41.7366028 ], [ -7.1832266, 41.7837296 ], [ -7.191722, 41.8863691 ], [ -7.1901039, 41.8888969 ], [ -7.17536, 41.91195 ], [ -7.17431, 41.91848 ], [ -7.17789, 41.92654 ], [ -7.1814, 41.93263 ], [ -7.1826086, 41.9374978 ], [ -7.18394, 41.94286 ], [ -7.18281, 41.94892 ], [ -7.1806628, 41.9533335 ], [ -7.18585, 41.9599 ], [ -7.18511, 41.96222 ], [ -7.1844607, 41.9648616 ], [ -7.1833, 41.96942 ], [ -7.1759, 41.97957 ], [ -7.17518, 41.9801 ], [ -7.14481, 41.98979 ], [ -7.12301, 41.98383 ], [ -7.117776, 41.984691 ], [ -7.11456, 41.98522 ], [ -7.09719, 41.98058 ], [ -7.06478, 41.95269 ], [ -7.05945, 41.94961 ], [ -7.0528271, 41.9490202 ], [ -7.04202, 41.9509 ], [ -7.0230507, 41.95201 ], [ -7.01342, 41.94879 ], [ -6.98864, 41.95803 ], [ -6.97647, 41.96859 ] ] ] ] } },
{ "type": "Feature", "properties": { "POLYGON_ID": "PRT_GAUL2003_ADM2_24716", "ADM0_ISO3": "PRT", "ADM0_NAME": "Portugal", "ADM0_CODE": 199, "ADM1_NAME": "Castelo Branco", "ADM1_CODE": 2390, "ADM2_NAME": "Belmonte", "ADM2_CODE": 24716, "GEOSET": "GAUL", "GEOSET_YEAR": 2003.0, "GEOSET_VERSION": "GAUL_v1", "GEOSET_UNIT": "ADM2", "CENTROID_LONG": -7.3271372392469791, "CENTROID_LAT": 40.325351584321197 }, "geometry": { "type": "MultiPolygon", "coordinates": [ [ [ [ -7.266818, 40.4089508 ], [ -7.29495, 40.2721291 ], [ -7.3572273, 40.2453957 ], [ -7.3776813, 40.2554131 ], [ -7.3744497, 40.3547707 ], [ -7.3430767, 40.3822556 ], [ -7.266818, 40.4089508 ] ] ] ] } },
{ "type": "Feature", "properties": { "POLYGON_ID": "PRT_GAUL2003_ADM2_24717", "ADM0_ISO3": "PRT", "ADM0_NAME": "Portugal", "ADM0_CODE": 199, "ADM1_NAME": "Castelo Branco", "ADM1_CODE": 2390, "ADM2_NAME": "Castelo Branco", "ADM2_CODE": 24717, "GEOSET": "GAUL", "GEOSET_YEAR": 2003.0, "GEOSET_VERSION": "GAUL_v1", "GEOSET_UNIT": "ADM2", "CENTROID_LONG": -7.4973261509965035, "CENTROID_LAT": 39.854115356226437 }, "geometry": { "type": "MultiPolygon", "coordinates": [ [ [ [ -7.51579, 39.6615829 ], [ -7.4919777, 39.7329788 ], [ -7.5921621, 39.7409325 ], [ -7.6298161, 39.7918892 ], [ -7.6940627, 39.7354965 ], [ -7.7365446, 39.7365532 ], [ -7.7759914, 39.8661461 ], [ -7.8454461, 39.8705673 ], [ -7.7592292, 39.8691788 ], [ -7.7107167, 39.9570427 ], [ -7.6969571, 40.0351295 ], [ -7.6104908, 40.0845222 ], [ -7.5256882, 40.081192 ], [ -7.4946866, 40.056881 ], [ -7.4798064, 39.9939919 ], [ -7.4062052, 40.0203972 ], [ -7.3562169, 39.9781227 ], [ -7.3096738, 39.8911209 ], [ -7.3431416, 39.8469391 ], [ -7.2776971, 39.8124352 ], [ -7.1758027, 39.7928047 ], [ -7.2519, 39.66626 ], [ -7.31352, 39.64767 ], [ -7.38671, 39.65311 ], [ -7.42319, 39.65857 ], [ -7.4399045, 39.6614969 ], [ -7.46602, 39.66607 ], [ -7.4836959, 39.6644536 ], [ -7.51579, 39.6615829 ] ] ] ] } },
{ "type": "Feature", "properties": { "POLYGON_ID": "PRT_GAUL2003_ADM2_24718", "ADM0_ISO3": "PRT", "ADM0_NAME": "Portugal", "ADM0_CODE": 199, "ADM1_NAME": "Castelo Branco", "ADM1_CODE": 2390, "ADM2_NAME": "Covilha", "ADM2_CODE": 24718, "GEOSET": "GAUL", "GEOSET_YEAR": 2003.0, "GEOSET_VERSION": "GAUL_v1", "GEOSET_UNIT": "ADM2", "CENTROID_LONG": -7.5581339216046821, "CENTROID_LAT": 40.259769341874481 }, "geometry": { "type": "MultiPolygon", "coordinates": [ [ [ [ -7.3430767, 40.3822556 ], [ -7.3744497, 40.3547707 ], [ -7.3776813, 40.2554131 ], [ -7.3572273, 40.2453957 ], [ -7.416203, 40.22192 ], [ -7.5008774, 40.2173157 ], [ -7.5895028, 40.1535492 ], [ -7.656662, 40.1620674 ], [ -7.7402191, 40.1322098 ], [ -7.8033929, 40.183506 ], [ -7.7805252, 40.2321396 ], [ -7.6560926, 40.2723999 ], [ -7.6097631, 40.3233871 ], [ -7.5349016, 40.3183441 ], [ -7.5019507, 40.381424 ], [ -7.4608898, 40.4022255 ], [ -7.3430767, 40.3822556 ] ] ] ] } },
{ "type": "Feature", "properties": { "POLYGON_ID": "PRT_GAUL2003_ADM2_24719", "ADM0_ISO3": "PRT", "ADM0_NAME": "Portugal", "ADM0_CODE": 199, "ADM1_NAME": "Castelo Branco", "ADM1_CODE": 2390, "ADM2_NAME": "Fundao", "ADM2_CODE": 24719, "GEOSET": "GAUL", "GEOSET_YEAR": 2003.0, "GEOSET_VERSION": "GAUL_v1", "GEOSET_UNIT": "ADM2", "CENTROID_LONG": -7.47797139139242, "CENTROID_LAT": 40.122280784140969 }, "geometry": { "type": "MultiPolygon", "coordinates": [ [ [ [ -7.2680159, 40.2653465 ], [ -7.260108, 40.2294312 ], [ -7.2907295, 40.1605911 ], [ -7.2820916, 40.1248055 ], [ -7.316936, 40.0539284 ], [ -7.3562169, 39.9781227 ], [ -7.4062052, 40.0203972 ], [ -7.4798064, 39.9939919 ], [ -7.4946866, 40.056881 ], [ -7.5256882, 40.081192 ], [ -7.6104908, 40.0845222 ], [ -7.6969571, 40.0351295 ], [ -7.7542005, 40.0181198 ], [ -7.8056822, 40.0377235 ], [ -7.7589793, 40.0800972 ], [ -7.7402191, 40.1322098 ], [ -7.656662, 40.1620674 ], [ -7.5895028, 40.1535492 ], [ -7.5008774, 40.2173157 ], [ -7.416203, 40.22192 ], [ -7.3572273, 40.2453957 ], [ -7.29495, 40.2721291 ], [ -7.2680159, 40.2653465 ] ] ] ] } },
{ "type": "Feature", "properties": { "POLYGON_ID": "PRT_GAUL2003_ADM2_24720", "ADM0_ISO3": "PRT", "ADM0_NAME": "Portugal", "ADM0_CODE": 199, "ADM1_NAME": "Castelo Branco", "ADM1_CODE": 2390, "ADM2_NAME": "Idanha-a-nova", "ADM2_CODE": 24720, "GEOSET": "GAUL", "GEOSET_YEAR": 2003.0, "GEOSET_VERSION": "GAUL_v1", "GEOSET_UNIT": "ADM2", "CENTROID_LONG": -7.1089382131110144, "CENTROID_LAT": 39.89965351779739 }, "geometry": { "type": "MultiPolygon", "coordinates": [ [ [ [ -7.2519, 39.66626 ], [ -7.1758027, 39.7928047 ], [ -7.2776971, 39.8124352 ], [ -7.3431416, 39.8469391 ], [ -7.3096738, 39.8911209 ], [ -7.3562169, 39.9781227 ], [ -7.316936, 40.0539284 ], [ -7.2796469, 40.079998 ], [ -7.215446, 40.0486107 ], [ -7.175755, 40.0903511 ], [ -7.1079664, 40.073555 ], [ -6.995419, 40.0757904 ], [ -6.9294672, 40.1020836 ], [ -6.92007, 40.08597 ], [ -6.9187247, 40.0816394 ], [ -6.8934337, 40.0626902 ], [ -6.89522, 40.05754 ], [ -6.8950995, 40.0562555 ], [ -6.89478, 40.05285 ], [ -6.88605, 40.0468 ], [ -6.8814945, 40.0398245 ], [ -6.87933, 40.03651 ], [ -6.8753, 40.02532 ], [ -6.8751141, 40.0236131 ], [ -6.87508, 40.0233 ], [ -6.87307, 40.02084 ], [ -6.8659599, 40.0147755 ], [ -6.8638914, 40.0130092 ], [ -6.8669695, 40.0113152 ], [ -6.86836, 40.01055 ], [ -6.87038, 40.00629 ], [ -6.87469, 40.0 ], [ -6.87551, 39.99289 ], [ -6.8838828, 39.9750598 ], [ -6.8868246, 39.9684792 ], [ -6.89001, 39.95803 ], [ -6.88558, 39.94377 ], [ -6.8879714, 39.935704 ], [ -6.9026105, 39.9214082 ], [ -6.90453, 39.91401 ], [ -6.9026528, 39.906037 ], [ -6.89972, 39.89358 ], [ -6.90256, 39.86737 ], [ -6.9169649, 39.8508274 ], [ -6.98571, 39.79747 ], [ -6.9771417, 39.7773707 ], [ -6.9772, 39.77031 ], [ -6.99088, 39.74278 ], [ -6.99204, 39.7377 ], [ -6.9908924, 39.7306099 ], [ -6.99047, 39.728 ], [ -6.9914231, 39.7240756 ], [ -6.99503, 39.71887 ], [ -6.997302, 39.715589 ], [ -7.01206, 39.67205 ], [ -7.0594, 39.65639 ], [ -7.0652539, 39.656172 ], [ -7.10959, 39.66373 ], [ -7.14738, 39.65685 ], [ -7.17583, 39.66222 ], [ -7.2519, 39.66626 ] ] ] ] } },
{ "type": "Feature", "properties": { "POLYGON_ID": "PRT_GAUL2003_ADM2_24721", "ADM0_ISO3": "PRT", "ADM0_NAME": "Portugal", "ADM0_CODE": 199, "ADM1_NAME": "Castelo Branco", "ADM1_CODE": 2390, "ADM2_NAME": "Oleiros", "ADM2_CODE": 24721, "GEOSET": "GAUL", "GEOSET_YEAR": 2003.0, "GEOSET_VERSION": "GAUL_v1", "GEOSET_UNIT": "ADM2", "CENTROID_LONG": -7.8674322139651158, "CENTROID_LAT": 39.94636789728159 }, "geometry": { "type": "MultiPolygon", "coordinates": [ [ [ [ -7.8056822, 40.0377235 ], [ -7.7542005, 40.0181198 ], [ -7.6969571, 40.0351295 ], [ -7.7107167, 39.9570427 ], [ -7.7592292, 39.8691788 ], [ -7.8454461, 39.8705673 ], [ -7.850781, 39.834465 ], [ -7.9170985, 39.8168793 ], [ -7.9135671, 39.8568611 ], [ -8.0394726, 39.9090996 ], [ -8.0638428, 39.9579124 ], [ -7.9479971, 40.0049744 ], [ -7.8605795, 40.0613289 ], [ -7.8056822, 40.0377235 ] ] ] ] } },
{ "type": "Feature", "properties": { "POLYGON_ID": "PRT_GAUL2003_ADM2_24722", "ADM0_ISO3": "PRT", "ADM0_NAME": "Portugal", "ADM0_CODE": 199, "ADM1_NAME": "Castelo Branco", "ADM1_CODE": 2390, "ADM2_NAME": "Penamacor", "ADM2_CODE": 24722, "GEOSET": "GAUL", "GEOSET_YEAR": 2003.0, "GEOSET_VERSION": "GAUL_v1", "GEOSET_UNIT": "ADM2", "CENTROID_LONG": -7.1320865007662322, "CENTROID_LAT": 40.175630840065097 }, "geometry": { "type": "MultiPolygon", "coordinates": [ [ [ [ -6.9440793, 40.255277 ], [ -6.96138, 40.23912 ], [ -6.98162, 40.23776 ], [ -7.01646, 40.18073 ], [ -7.01405, 40.16433 ], [ -6.99026, 40.11671 ], [ -6.9884355, 40.1176113 ], [ -6.98273, 40.12043 ], [ -6.95856, 40.11462 ], [ -6.9532173, 40.113871 ], [ -6.94893, 40.11327 ], [ -6.942768, 40.1130829 ], [ -6.94133, 40.1126 ], [ -6.9294672, 40.1020836 ], [ -6.995419, 40.0757904 ], [ -7.1079664, 40.073555 ], [ -7.175755, 40.0903511 ], [ -7.215446, 40.0486107 ], [ -7.2796469, 40.079998 ], [ -7.316936, 40.0539284 ], [ -7.2820916, 40.1248055 ], [ -7.2907295, 40.1605911 ], [ -7.260108, 40.2294312 ], [ -7.2680159, 40.2653465 ], [ -7.2084665, 40.2860336 ], [ -7.1671901, 40.2691765 ], [ -7.102623, 40.3212051 ], [ -7.0800743, 40.2767563 ], [ -7.0001507, 40.2811317 ], [ -6.9440793, 40.255277 ] ] ] ] } },
{ "type": "Feature", "properties": { "POLYGON_ID": "PRT_GAUL2003_ADM2_24723", "ADM0_ISO3": "PRT", "ADM0_NAME": "Portugal", "ADM0_CODE": 199, "ADM1_NAME": "Castelo Branco", "ADM1_CODE": 2390, "ADM2_NAME": "Proenca-a-nova", "ADM2_CODE": 24723, "GEOSET": "GAUL", "GEOSET_YEAR": 2003.0, "GEOSET_VERSION": "GAUL_v1", "GEOSET_UNIT": "ADM2", "CENTROID_LONG": -7.8508743543333246, "CENTROID_LAT": 39.740885551115525 }, "geometry": { "type": "MultiPolygon", "coordinates": [ [ [ [ -7.7365446, 39.7365532 ], [ -7.7920051, 39.6372719 ], [ -7.8053117, 39.5675697 ], [ -7.8433709, 39.6258087 ], [ -7.8918915, 39.6596947 ], [ -7.9492636, 39.6638184 ], [ -7.9559617, 39.7436104 ], [ -8.0306826, 39.7483482 ], [ -7.9170985, 39.8168793 ], [ -7.850781, 39.834465 ], [ -7.8454461, 39.8705673 ], [ -7.7759914, 39.8661461 ], [ -7.7365446, 39.7365532 ] ] ] ] } },
{ "type": "Feature", "properties": { "POLYGON_ID": "PRT_GAUL2003_ADM2_24724", "ADM0_ISO3": "PRT", "ADM0_NAME": "Portugal", "ADM0_CODE": 199, "ADM1_NAME": "Castelo Branco", "ADM1_CODE": 2390, "ADM2_NAME": "Serta", "ADM2_CODE": 24724, "GEOSET": "GAUL", "GEOSET_YEAR": 2003.0, "GEOSET_VERSION": "GAUL_v1", "GEOSET_UNIT": "ADM2", "CENTROID_LONG": -8.0955976689051852, "CENTROID_LAT": 39.82720387147387 }, "geometry": { "type": "MultiPolygon", "coordinates": [ [ [ [ -8.0638428, 39.9579124 ], [ -8.0394726, 39.9090996 ], [ -7.9135671, 39.8568611 ], [ -7.9170985, 39.8168793 ], [ -8.0306826, 39.7483482 ], [ -8.0529432, 39.7378464 ], [ -8.0956631, 39.7295151 ], [ -8.1649094, 39.7602959 ], [ -8.2284641, 39.7283669 ], [ -8.2228022, 39.7579994 ], [ -8.2809782, 39.7982521 ], [ -8.2733965, 39.8416672 ], [ -8.2207785, 39.8589325 ], [ -8.141737, 39.888607 ], [ -8.114047, 39.9348335 ], [ -8.0638428, 39.9579124 ] ] ] ] } },
{ "type": "Feature", "properties": { "POLYGON_ID": "PRT_GAUL2003_ADM2_24725", "ADM0_ISO3": "PRT", "ADM0_NAME": "Portugal", "ADM0_CODE": 199, "ADM1_NAME": "Castelo Branco", "ADM1_CODE": 2390, "ADM2_NAME": "Vila De Rei", "ADM2_CODE": 24725, "GEOSET": "GAUL", "GEOSET_YEAR": 2003.0, "GEOSET_VERSION": "GAUL_v1", "GEOSET_UNIT": "ADM2", "CENTROID_LONG": -8.1408683366795174, "CENTROID_LAT": 39.686103261270773 }, "geometry": { "type": "MultiPolygon", "coordinates": [ [ [ [ -8.0529432, 39.7378464 ], [ -8.0545073, 39.6386642 ], [ -8.1028538, 39.616703 ], [ -8.1595364, 39.6284103 ], [ -8.2317371, 39.6483841 ], [ -8.2284641, 39.7283669 ], [ -8.1649094, 39.7602959 ], [ -8.0956631, 39.7295151 ], [ -8.0529432, 39.7378464 ] ] ] ] } },
{ "type": "Feature", "properties": { "POLYGON_ID": "PRT_GAUL2003_ADM2_24726", "ADM0_ISO3": "PRT", "ADM0_NAME": "Portugal", "ADM0_CODE": 199, "ADM1_NAME": "Castelo Branco", "ADM1_CODE": 2390, "ADM2_NAME": "Vila Velha De Rodao", "ADM2_CODE": 24726, "GEOSET": "GAUL", "GEOSET_YEAR": 2003.0, "GEOSET_VERSION": "GAUL_v1", "GEOSET_UNIT": "ADM2", "CENTROID_LONG": -7.6589137413733823, "CENTROID_LAT": 39.682052522665302 }, "geometry": { "type": "MultiPolygon", "coordinates": [ [ [ [ -7.5158019, 39.6615753 ], [ -7.52493, 39.65641 ], [ -7.5702538, 39.6604805 ], [ -7.6266336, 39.6249847 ], [ -7.6747642, 39.6469154 ], [ -7.820344, 39.5394058 ], [ -7.8053117, 39.5675697 ], [ -7.7920051, 39.6372719 ], [ -7.7365446, 39.7365532 ], [ -7.6940627, 39.7354965 ], [ -7.6298161, 39.7918892 ], [ -7.5921621, 39.7409325 ], [ -7.4919777, 39.7329788 ], [ -7.51579, 39.6615829 ], [ -7.5158019, 39.6615753 ] ] ] ] } },
{ "type": "Feature", "properties": { "POLYGON_ID": "PRT_GAUL2003_ADM2_24727", "ADM0_ISO3": "PRT", "ADM0_NAME": "Portugal", "ADM0_CODE": 199, "ADM1_NAME": "Coimbra", "ADM1_CODE": 2391, "ADM2_NAME": "Arganil", "ADM2_CODE": 24727, "GEOSET": "GAUL", "GEOSET_YEAR": 2003.0, "GEOSET_VERSION": "GAUL_v1", "GEOSET_UNIT": "ADM2", "CENTROID_LONG": -7.9820598522893382, "CENTROID_LAT": 40.231076138958841 }, "geometry": { "type": "MultiPolygon", "coordinates": [ [ [ [ -7.8227692, 40.2671013 ], [ -7.7805252, 40.2321396 ], [ -7.8033929, 40.183506 ], [ -7.8615279, 40.1919556 ], [ -7.9750695, 40.1426468 ], [ -7.9806895, 40.1760521 ], [ -8.0699167, 40.1758118 ], [ -8.0965796, 40.2054176 ], [ -8.1683321, 40.2085304 ], [ -8.2029829, 40.2580605 ], [ -8.107029, 40.3027611 ], [ -8.0575647, 40.2544746 ], [ -8.0028181, 40.2633133 ], [ -7.9639087, 40.3063927 ], [ -7.8227692, 40.2671013 ] ] ] ] } },
{ "type": "Feature", "properties": { "POLYGON_ID": "PRT_GAUL2003_ADM2_24728", "ADM0_ISO3": "PRT", "ADM0_NAME": "Portugal", "ADM0_CODE": 199, "ADM1_NAME": "Coimbra", "ADM1_CODE": 2391, "ADM2_NAME": "Cantanhede", "ADM2_CODE": 24728, "GEOSET": "GAUL", "GEOSET_YEAR": 2003.0, "GEOSET_VERSION": "GAUL_v1", "GEOSET_UNIT": "ADM2", "CENTROID_LONG": -8.6353130277929502, "CENTROID_LAT": 40.35939177145854 }, "geometry": { "type": "MultiPolygon", "coordinates": [ [ [ [ -8.5740643, 40.469696 ], [ -8.57512, 40.4122734 ], [ -8.5018101, 40.4197311 ], [ -8.4766598, 40.3883934 ], [ -8.5051861, 40.2920876 ], [ -8.5371933, 40.2503433 ], [ -8.5843058, 40.2857323 ], [ -8.6394968, 40.3045959 ], [ -8.742034, 40.295414 ], [ -8.8435215, 40.3284151 ], [ -8.8215554, 40.3882141 ], [ -8.7177029, 40.3767395 ], [ -8.6824255, 40.4384308 ], [ -8.638176, 40.4286613 ], [ -8.6176453, 40.488472 ], [ -8.5740643, 40.469696 ] ] ] ] } },
{ "type": "Feature", "properties": { "POLYGON_ID": "PRT_GAUL2003_ADM2_24729", "ADM0_ISO3": "PRT", "ADM0_NAME": "Portugal", "ADM0_CODE": 199, "ADM1_NAME": "Coimbra", "ADM1_CODE": 2391, "ADM2_NAME": "Coimbra", "ADM2_CODE": 24729, "GEOSET": "GAUL", "GEOSET_YEAR": 2003.0, "GEOSET_VERSION": "GAUL_v1", "GEOSET_UNIT": "ADM2", "CENTROID_LONG": -8.4456394973611992, "CENTROID_LAT": 40.214810723905437 }, "geometry": { "type": "MultiPolygon", "coordinates": [ [ [ [ -8.3700733, 40.3437424 ], [ -8.3850155, 40.2869911 ], [ -8.3357134, 40.222805 ], [ -8.3081598, 40.1957016 ], [ -8.362381, 40.186409 ], [ -8.3609066, 40.1185188 ], [ -8.4014025, 40.1028786 ], [ -8.4934607, 40.1282921 ], [ -8.5530071, 40.1777 ], [ -8.5843058, 40.2857323 ], [ -8.5371933, 40.2503433 ], [ -8.5051861, 40.2920876 ], [ -8.3700733, 40.3437424 ] ] ] ] } },
{ "type": "Feature", "properties": { "POLYGON_ID": "PRT_GAUL2003_ADM2_24730", "ADM0_ISO3": "PRT", "ADM0_NAME": "Portugal", "ADM0_CODE": 199, "ADM1_NAME": "Coimbra", "ADM1_CODE": 2391, "ADM2_NAME": "Condeixa-a-nova", "ADM2_CODE": 24730, "GEOSET": "GAUL", "GEOSET_YEAR": 2003.0, "GEOSET_VERSION": "GAUL_v1", "GEOSET_UNIT": "ADM2", "CENTROID_LONG": -8.5027580249529588, "CENTROID_LAT": 40.096805589948929 }, "geometry": { "type": "MultiPolygon", "coordinates": [ [ [ [ -8.4014025, 40.1028786 ], [ -8.4040127, 40.0826302 ], [ -8.4739237, 40.0354614 ], [ -8.5377169, 40.0516815 ], [ -8.590971, 40.1137962 ], [ -8.5640879, 40.1491661 ], [ -8.5530071, 40.1777 ], [ -8.4934607, 40.1282921 ], [ -8.4014025, 40.1028786 ] ] ] ] } },
{ "type": "Feature", "properties": { "POLYGON_ID": "PRT_GAUL2003_ADM2_24731", "ADM0_ISO3": "PRT", "ADM0_NAME": "Portugal", "ADM0_CODE": 199, "ADM1_NAME": "Coimbra", "ADM1_CODE": 2391, "ADM2_NAME": "Figueira Da Foz", "ADM2_CODE": 24731, "GEOSET": "GAUL", "GEOSET_YEAR": 2003.0, "GEOSET_VERSION": "GAUL_v1", "GEOSET_UNIT": "ADM2", "CENTROID_LONG": -8.8060743932659555, "CENTROID_LAT": 40.171956561876137 }, "geometry": { "type": "MultiPolygon", "coordinates": [ [ [ [ -8.742034, 40.295414 ], [ -8.6984243, 40.1748047 ], [ -8.7556932, 40.139461 ], [ -8.7853127, 40.1159401 ], [ -8.823679, 40.1493416 ], [ -8.8554316, 40.147953 ], [ -8.9088459, 40.1876411 ], [ -8.8435215, 40.3284151 ], [ -8.742034, 40.295414 ] ] ], [ [ [ -8.7690086, 40.1182671 ], [ -8.7611322, 40.1203423 ], [ -8.7303696, 40.0359268 ], [ -8.7979698, 40.0162849 ], [ -8.8937334, 40.0466311 ], [ -8.8628349, 40.142643 ], [ -8.8100033, 40.1351891 ], [ -8.7890434, 40.1137428 ], [ -8.7690086, 40.1182671 ] ] ] ] } },
{ "type": "Feature", "properties": { "POLYGON_ID": "PRT_GAUL2003_ADM2_24732", "ADM0_ISO3": "PRT", "ADM0_NAME": "Portugal", "ADM0_CODE": 199, "ADM1_NAME": "Coimbra", "ADM1_CODE": 2391, "ADM2_NAME": "Gois", "ADM2_CODE": 24732, "GEOSET": "GAUL", "GEOSET_YEAR": 2003.0, "GEOSET_VERSION": "GAUL_v1", "GEOSET_UNIT": "ADM2", "CENTROID_LONG": -8.0895135179153144, "CENTROID_LAT": 40.100388224262616 }, "geometry": { "type": "MultiPolygon", "coordinates": [ [ [ [ -7.9750695, 40.1426468 ], [ -8.0333281, 40.1134567 ], [ -8.0301418, 40.0192528 ], [ -8.1034842, 39.9660912 ], [ -8.151351, 40.0349388 ], [ -8.1756897, 40.0915337 ], [ -8.147728, 40.1527939 ], [ -8.1683321, 40.2085304 ], [ -8.0965796, 40.2054176 ], [ -8.0699167, 40.1758118 ], [ -7.9806895, 40.1760521 ], [ -7.9750695, 40.1426468 ] ] ] ] } },
{ "type": "Feature", "properties": { "POLYGON_ID": "PRT_GAUL2003_ADM2_24733", "ADM0_ISO3": "PRT", "ADM0_NAME": "Portugal", "ADM0_CODE": 199, "ADM1_NAME": "Coimbra", "ADM1_CODE": 2391, "ADM2_NAME": "Lousa", "ADM2_CODE": 24733, "GEOSET": "GAUL", "GEOSET_YEAR": 2003.0, "GEOSET_VERSION": "GAUL_v1", "GEOSET_UNIT": "ADM2", "CENTROID_LONG": -8.2239288297452298, "CENTROID_LAT": 40.135191770641811 }, "geometry": { "type": "MultiPolygon", "coordinates": [ [ [ [ -8.1756897, 40.0915337 ], [ -8.2102346, 40.0557747 ], [ -8.2414055, 40.0697479 ], [ -8.2950401, 40.1031342 ], [ -8.2980824, 40.1855164 ], [ -8.2393808, 40.1819153 ], [ -8.1683321, 40.2085304 ], [ -8.147728, 40.1527939 ], [ -8.1756897, 40.0915337 ] ] ] ] } },
{ "type": "Feature", "properties": { "POLYGON_ID": "PRT_GAUL2003_ADM2_24734", "ADM0_ISO3": "PRT", "ADM0_NAME": "Portugal", "ADM0_CODE": 199, "ADM1_NAME": "Coimbra", "ADM1_CODE": 2391, "ADM2_NAME": "Mira", "ADM2_CODE": 24734, "GEOSET": "GAUL", "GEOSET_YEAR": 2003.0, "GEOSET_VERSION": "GAUL_v1", "GEOSET_UNIT": "ADM2", "CENTROID_LONG": -8.7560061967605662, "CENTROID_LAT": 40.435492479838196 }, "geometry": { "type": "MultiPolygon", "coordinates": [ [ [ [ -8.6824255, 40.4384308 ], [ -8.7177029, 40.3767395 ], [ -8.8215554, 40.3882141 ], [ -8.7829706, 40.5219575 ], [ -8.6824255, 40.4384308 ] ] ] ] } },
{ "type": "Feature", "properties": { "POLYGON_ID": "PRT_GAUL2003_ADM2_24735", "ADM0_ISO3": "PRT", "ADM0_NAME": "Portugal", "ADM0_CODE": 199, "ADM1_NAME": "Coimbra", "ADM1_CODE": 2391, "ADM2_NAME": "Miranda Do Corvo", "ADM2_CODE": 24735, "GEOSET": "GAUL", "GEOSET_YEAR": 2003.0, "GEOSET_VERSION": "GAUL_v1", "GEOSET_UNIT": "ADM2", "CENTROID_LONG": -8.3249415733863579, "CENTROID_LAT": 40.106621377089382 }, "geometry": { "type": "MultiPolygon", "coordinates": [ [ [ [ -8.3081598, 40.1957016 ], [ -8.2980824, 40.1855164 ], [ -8.2950401, 40.1031342 ], [ -8.2414055, 40.0697479 ], [ -8.2837801, 40.0284462 ], [ -8.4040127, 40.0826302 ], [ -8.4014025, 40.1028786 ], [ -8.3609066, 40.1185188 ], [ -8.362381, 40.186409 ], [ -8.3081598, 40.1957016 ] ] ] ] } },
{ "type": "Feature", "properties": { "POLYGON_ID": "PRT_GAUL2003_ADM2_24736", "ADM0_ISO3": "PRT", "ADM0_NAME": "Portugal", "ADM0_CODE": 199, "ADM1_NAME": "Coimbra", "ADM1_CODE": 2391, "ADM2_NAME": "Montemor-o-velho", "ADM2_CODE": 24736, "GEOSET": "GAUL", "GEOSET_YEAR": 2003.0, "GEOSET_VERSION": "GAUL_v1", "GEOSET_UNIT": "ADM2", "CENTROID_LONG": -8.6539164693392987, "CENTROID_LAT": 40.218015434915038 }, "geometry": { "type": "MultiPolygon", "coordinates": [ [ [ [ -8.5843058, 40.2857323 ], [ -8.5530071, 40.1777 ], [ -8.5640879, 40.1491661 ], [ -8.6465645, 40.1790543 ], [ -8.6910038, 40.1137314 ], [ -8.7611322, 40.1203423 ], [ -8.7690086, 40.1182671 ], [ -8.7556932, 40.139461 ], [ -8.6984243, 40.1748047 ], [ -8.742034, 40.295414 ], [ -8.6394968, 40.3045959 ], [ -8.5843058, 40.2857323 ] ] ] ] } },
{ "type": "Feature", "properties": { "POLYGON_ID": "PRT_GAUL2003_ADM2_24737", "ADM0_ISO3": "PRT", "ADM0_NAME": "Portugal", "ADM0_CODE": 199, "ADM1_NAME": "Coimbra", "ADM1_CODE": 2391, "ADM2_NAME": "Oliveira Do Hospital", "ADM2_CODE": 24737, "GEOSET": "GAUL", "GEOSET_YEAR": 2003.0, "GEOSET_VERSION": "GAUL_v1", "GEOSET_UNIT": "ADM2", "CENTROID_LONG": -7.8583227460339051, "CENTROID_LAT": 40.378768607965775 }, "geometry": { "type": "MultiPolygon", "coordinates": [ [ [ [ -7.8227692, 40.2671013 ], [ -7.9639087, 40.3063927 ], [ -7.8949404, 40.3539467 ], [ -7.9390512, 40.4266129 ], [ -7.9116392, 40.4511566 ], [ -7.822659, 40.50177 ], [ -7.794354, 40.4613075 ], [ -7.7982903, 40.3108978 ], [ -7.8227692, 40.2671013 ] ] ] ] } },
{ "type": "Feature", "properties": { "POLYGON_ID": "PRT_GAUL2003_ADM2_24738", "ADM0_ISO3": "PRT", "ADM0_NAME": "Portugal", "ADM0_CODE": 199, "ADM1_NAME": "Coimbra", "ADM1_CODE": 2391, "ADM2_NAME": "Pampilhosa Da Serra", "ADM2_CODE": 24738, "GEOSET": "GAUL", "GEOSET_YEAR": 2003.0, "GEOSET_VERSION": "GAUL_v1", "GEOSET_UNIT": "ADM2", "CENTROID_LONG": -7.9109088093967417, "CENTROID_LAT": 40.086065503864127 }, "geometry": { "type": "MultiPolygon", "coordinates": [ [ [ [ -7.8033929, 40.183506 ], [ -7.7402191, 40.1322098 ], [ -7.7589793, 40.0800972 ], [ -7.8056822, 40.0377235 ], [ -7.8605795, 40.0613289 ], [ -7.9479971, 40.0049744 ], [ -8.0638428, 39.9579124 ], [ -8.114047, 39.9348335 ], [ -8.1034842, 39.9660912 ], [ -8.0301418, 40.0192528 ], [ -8.0333281, 40.1134567 ], [ -7.9750695, 40.1426468 ], [ -7.8615279, 40.1919556 ], [ -7.8033929, 40.183506 ] ] ] ] } },
{ "type": "Feature", "properties": { "POLYGON_ID": "PRT_GAUL2003_ADM2_24739", "ADM0_ISO3": "PRT", "ADM0_NAME": "Portugal", "ADM0_CODE": 199, "ADM1_NAME": "Coimbra", "ADM1_CODE": 2391, "ADM2_NAME": "Penacova", "ADM2_CODE": 24739, "GEOSET": "GAUL", "GEOSET_YEAR": 2003.0, "GEOSET_VERSION": "GAUL_v1", "GEOSET_UNIT": "ADM2", "CENTROID_LONG": -8.2682926804854162, "CENTROID_LAT": 40.300446246667228 }, "geometry": { "type": "MultiPolygon", "coordinates": [ [ [ [ -8.1806936, 40.3419304 ], [ -8.1263933, 40.3360291 ], [ -8.107029, 40.3027611 ], [ -8.2029829, 40.2580605 ], [ -8.2468233, 40.2587929 ], [ -8.3357134, 40.222805 ], [ -8.3850155, 40.2869911 ], [ -8.3700733, 40.3437424 ], [ -8.3521547, 40.3790245 ], [ -8.2429323, 40.3287621 ], [ -8.1806936, 40.3419304 ] ] ] ] } },
{ "type": "Feature", "properties": { "POLYGON_ID": "PRT_GAUL2003_ADM2_24740", "ADM0_ISO3": "PRT", "ADM0_NAME": "Portugal", "ADM0_CODE": 199, "ADM1_NAME": "Coimbra", "ADM1_CODE": 2391, "ADM2_NAME": "Penela", "ADM2_CODE": 24740, "GEOSET": "GAUL", "GEOSET_YEAR": 2003.0, "GEOSET_VERSION": "GAUL_v1", "GEOSET_UNIT": "ADM2", "CENTROID_LONG": -8.363744741362563, "CENTROID_LAT": 40.018266287343096 }, "geometry": { "type": "MultiPolygon", "coordinates": [ [ [ [ -8.4040127, 40.0826302 ], [ -8.2837801, 40.0284462 ], [ -8.2691956, 39.9817123 ], [ -8.3406792, 39.953495 ], [ -8.4238663, 40.0075684 ], [ -8.4290037, 40.0081406 ], [ -8.4543161, 40.0235519 ], [ -8.4739237, 40.0354614 ], [ -8.4040127, 40.0826302 ] ] ] ] } },
{ "type": "Feature", "properties": { "POLYGON_ID": "PRT_GAUL2003_ADM2_24741", "ADM0_ISO3": "PRT", "ADM0_NAME": "Portugal", "ADM0_CODE": 199, "ADM1_NAME": "Coimbra", "ADM1_CODE": 2391, "ADM2_NAME": "Soure", "ADM2_CODE": 24741, "GEOSET": "GAUL", "GEOSET_YEAR": 2003.0, "GEOSET_VERSION": "GAUL_v1", "GEOSET_UNIT": "ADM2", "CENTROID_LONG": -8.6191335822470894, "CENTROID_LAT": 40.069990405158599 }, "geometry": { "type": "MultiPolygon", "coordinates": [ [ [ [ -8.5640879, 40.1491661 ], [ -8.590971, 40.1137962 ], [ -8.5377169, 40.0516815 ], [ -8.4739237, 40.0354614 ], [ -8.4543161, 40.0235519 ], [ -8.5345726, 39.954113 ], [ -8.5537472, 40.0330124 ], [ -8.6157475, 39.9954529 ], [ -8.6751471, 40.0325012 ], [ -8.7303696, 40.0359268 ], [ -8.7611322, 40.1203423 ], [ -8.6910038, 40.1137314 ], [ -8.6465645, 40.1790543 ], [ -8.5640879, 40.1491661 ] ] ] ] } },
{ "type": "Feature", "properties": { "POLYGON_ID": "PRT_GAUL2003_ADM2_24742", "ADM0_ISO3": "PRT", "ADM0_NAME": "Portugal", "ADM0_CODE": 199, "ADM1_NAME": "Coimbra", "ADM1_CODE": 2391, "ADM2_NAME": "Tabua", "ADM2_CODE": 24742, "GEOSET": "GAUL", "GEOSET_YEAR": 2003.0, "GEOSET_VERSION": "GAUL_v1", "GEOSET_UNIT": "ADM2", "CENTROID_LONG": -8.0096647296311883, "CENTROID_LAT": 40.338460737002258 }, "geometry": { "type": "MultiPolygon", "coordinates": [ [ [ [ -7.9390512, 40.4266129 ], [ -7.8949404, 40.3539467 ], [ -7.9639087, 40.3063927 ], [ -8.0028181, 40.2633133 ], [ -8.0575647, 40.2544746 ], [ -8.107029, 40.3027611 ], [ -8.1263933, 40.3360291 ], [ -8.0446749, 40.3838463 ], [ -7.9390512, 40.4266129 ] ] ] ] } },
{ "type": "Feature", "properties": { "POLYGON_ID": "PRT_GAUL2003_ADM2_24743", "ADM0_ISO3": "PRT", "ADM0_NAME": "Portugal", "ADM0_CODE": 199, "ADM1_NAME": "Coimbra", "ADM1_CODE": 2391, "ADM2_NAME": "Vila Nova De Poiares", "ADM2_CODE": 24743, "GEOSET": "GAUL", "GEOSET_YEAR": 2003.0, "GEOSET_VERSION": "GAUL_v1", "GEOSET_UNIT": "ADM2", "CENTROID_LONG": -8.2487985103431569, "CENTROID_LAT": 40.219243491098645 }, "geometry": { "type": "MultiPolygon", "coordinates": [ [ [ [ -8.2029829, 40.2580605 ], [ -8.1683321, 40.2085304 ], [ -8.2393808, 40.1819153 ], [ -8.2980824, 40.1855164 ], [ -8.3081598, 40.1957016 ], [ -8.3357134, 40.222805 ], [ -8.2468233, 40.2587929 ], [ -8.2029829, 40.2580605 ] ] ] ] } },
{ "type": "Feature", "properties": { "POLYGON_ID": "PRT_GAUL2003_ADM2_24744", "ADM0_ISO3": "PRT", "ADM0_NAME": "Portugal", "ADM0_CODE": 199, "ADM1_NAME": "Evora", "ADM1_CODE": 2392, "ADM2_NAME": "Alandroal", "ADM2_CODE": 24744, "GEOSET": "GAUL", "GEOSET_YEAR": 2003.0, "GEOSET_VERSION": "GAUL_v1", "GEOSET_UNIT": "ADM2", "CENTROID_LONG": -7.380179184332369, "CENTROID_LAT": 38.615349227217379 }, "geometry": { "type": "MultiPolygon", "coordinates": [ [ [ [ -7.2223425, 38.767807 ], [ -7.1961058, 38.7526988 ], [ -7.20371, 38.74653 ], [ -7.2341, 38.73385 ], [ -7.25085, 38.72518 ], [ -7.25482, 38.71883 ], [ -7.26457, 38.66686 ], [ -7.24088, 38.62375 ], [ -7.25527, 38.60601 ], [ -7.26019, 38.59092 ], [ -7.30601, 38.516 ], [ -7.31053, 38.50806 ], [ -7.31133, 38.47869 ], [ -7.2972563, 38.4839837 ], [ -7.29708, 38.48405 ], [ -7.2959481, 38.4791262 ], [ -7.2958801, 38.4788299 ], [ -7.31008, 38.46382 ], [ -7.31435, 38.44996 ], [ -7.32796, 38.44136 ], [ -7.330187, 38.4380111 ], [ -7.33062, 38.43736 ], [ -7.3299854, 38.4358175 ], [ -7.3383446, 38.4306717 ], [ -7.3404164, 38.4870338 ], [ -7.3906112, 38.5101204 ], [ -7.438168, 38.4962349 ], [ -7.5146608, 38.5215187 ], [ -7.5598006, 38.5446091 ], [ -7.504456, 38.5980606 ], [ -7.5167127, 38.6584129 ], [ -7.4931402, 38.6906166 ], [ -7.3381138, 38.7514954 ], [ -7.2890511, 38.7327271 ], [ -7.2223425, 38.767807 ] ] ] ] } },
{ "type": "Feature", "properties": { "POLYGON_ID": "PRT_GAUL2003_ADM2_24745", "ADM0_ISO3": "PRT", "ADM0_NAME": "Portugal", "ADM0_CODE": 199, "ADM1_NAME": "Evora", "ADM1_CODE": 2392, "ADM2_NAME": "Arraiolos", "ADM2_CODE": 24745, "GEOSET": "GAUL", "GEOSET_YEAR": 2003.0, "GEOSET_VERSION": "GAUL_v1", "GEOSET_UNIT": "ADM2", "CENTROID_LONG": -7.9065176848761487, "CENTROID_LAT": 38.787765389785115 }, "geometry": { "type": "MultiPolygon", "coordinates": [ [ [ [ -7.785614, 38.8941727 ], [ -7.696188, 38.8634186 ], [ -7.6714168, 38.7861176 ], [ -7.7906046, 38.7663612 ], [ -7.8433876, 38.6978645 ], [ -7.8490663, 38.6397514 ], [ -7.8839426, 38.6345825 ], [ -7.9514337, 38.6945724 ], [ -8.0538549, 38.6841965 ], [ -8.1491947, 38.7748604 ], [ -8.1181049, 38.8045197 ], [ -8.0687056, 38.8485603 ], [ -8.0309696, 38.8269806 ], [ -7.973422, 38.841362 ], [ -7.8865161, 38.9274559 ], [ -7.785614, 38.8941727 ] ] ] ] } },
{ "type": "Feature", "properties": { "POLYGON_ID": "PRT_GAUL2003_ADM2_24746", "ADM0_ISO3": "PRT", "ADM0_NAME": "Portugal", "ADM0_CODE": 199, "ADM1_NAME": "Evora", "ADM1_CODE": 2392, "ADM2_NAME": "Borba", "ADM2_CODE": 24746, "GEOSET": "GAUL", "GEOSET_YEAR": 2003.0, "GEOSET_VERSION": "GAUL_v1", "GEOSET_UNIT": "ADM2", "CENTROID_LONG": -7.4653538597573936, "CENTROID_LAT": 38.810774801108614 }, "geometry": { "type": "MultiPolygon", "coordinates": [ [ [ [ -7.4134064, 38.8650131 ], [ -7.387064, 38.8016624 ], [ -7.4584041, 38.768486 ], [ -7.4878778, 38.7113686 ], [ -7.5476866, 38.7454491 ], [ -7.5248203, 38.7937965 ], [ -7.4627585, 38.8353653 ], [ -7.4902816, 38.889431 ], [ -7.4614668, 38.9249382 ], [ -7.4134064, 38.8650131 ] ] ] ] } },
{ "type": "Feature", "properties": { "POLYGON_ID": "PRT_GAUL2003_ADM2_24747", "ADM0_ISO3": "PRT", "ADM0_NAME": "Portugal", "ADM0_CODE": 199, "ADM1_NAME": "Evora", "ADM1_CODE": 2392, "ADM2_NAME": "Estremoz", "ADM2_CODE": 24747, "GEOSET": "GAUL", "GEOSET_YEAR": 2003.0, "GEOSET_VERSION": "GAUL_v1", "GEOSET_UNIT": "ADM2", "CENTROID_LONG": -7.604325367281807, "CENTROID_LAT": 38.844500517795439 }, "geometry": { "type": "MultiPolygon", "coordinates": [ [ [ [ -7.5277247, 39.0065155 ], [ -7.4575968, 38.9653816 ], [ -7.4614668, 38.9249382 ], [ -7.4902816, 38.889431 ], [ -7.4627585, 38.8353653 ], [ -7.5248203, 38.7937965 ], [ -7.5476866, 38.7454491 ], [ -7.6915359, 38.7137604 ], [ -7.7153974, 38.684536 ], [ -7.7906046, 38.7663612 ], [ -7.6714168, 38.7861176 ], [ -7.696188, 38.8634186 ], [ -7.785614, 38.8941727 ], [ -7.7392373, 38.9138184 ], [ -7.6363101, 38.9110527 ], [ -7.6162229, 38.9405098 ], [ -7.5384288, 38.9666405 ], [ -7.5487862, 38.993969 ], [ -7.5277247, 39.0065155 ] ] ] ] } },
{ "type": "Feature", "properties": { "POLYGON_ID": "PRT_GAUL2003_ADM2_24748", "ADM0_ISO3": "PRT", "ADM0_NAME": "Portugal", "ADM0_CODE": 199, "ADM1_NAME": "Evora", "ADM1_CODE": 2392, "ADM2_NAME": "Evora", "ADM2_CODE": 24748, "GEOSET": "GAUL", "GEOSET_YEAR": 2003.0, "GEOSET_VERSION": "GAUL_v1", "GEOSET_UNIT": "ADM2", "CENTROID_LONG": -7.8659028314264665, "CENTROID_LAT": 38.532113140084235 }, "geometry": { "type": "MultiPolygon", "coordinates": [ [ [ [ -7.7153974, 38.684536 ], [ -7.6680169, 38.6264305 ], [ -7.6903324, 38.5981827 ], [ -7.6381931, 38.4971085 ], [ -7.5569892, 38.4785461 ], [ -7.6047263, 38.37883 ], [ -7.7199297, 38.4251175 ], [ -7.7867293, 38.3894844 ], [ -7.9142404, 38.3572273 ], [ -7.9361105, 38.4091034 ], [ -8.0393915, 38.3781433 ], [ -8.0897112, 38.4016495 ], [ -8.1132536, 38.4594688 ], [ -8.0683403, 38.4963036 ], [ -8.156806, 38.5751266 ], [ -8.1512089, 38.6242065 ], [ -8.0711269, 38.5968323 ], [ -8.0322628, 38.6124191 ], [ -8.0538549, 38.6841965 ], [ -7.9514337, 38.6945724 ], [ -7.8839426, 38.6345825 ], [ -7.8490663, 38.6397514 ], [ -7.8433876, 38.6978645 ], [ -7.7906046, 38.7663612 ], [ -7.7153974, 38.684536 ] ] ] ] } },
{ "type": "Feature", "properties": { "POLYGON_ID": "PRT_GAUL2003_ADM2_24749", "ADM0_ISO3": "PRT", "ADM0_NAME": "Portugal", "ADM0_CODE": 199, "ADM1_NAME": "Evora", "ADM1_CODE": 2392, "ADM2_NAME": "Montemor-o-novo", "ADM2_CODE": 24749, "GEOSET": "GAUL", "GEOSET_YEAR": 2003.0, "GEOSET_VERSION": "GAUL_v1", "GEOSET_UNIT": "ADM2", "CENTROID_LONG": -8.2885131651758801, "CENTROID_LAT": 38.654148873541864 }, "geometry": { "type": "MultiPolygon", "coordinates": [ [ [ [ -8.1491947, 38.7748604 ], [ -8.0538549, 38.6841965 ], [ -8.0322628, 38.6124191 ], [ -8.0711269, 38.5968323 ], [ -8.1512089, 38.6242065 ], [ -8.156806, 38.5751266 ], [ -8.0683403, 38.4963036 ], [ -8.1132536, 38.4594688 ], [ -8.1666012, 38.4803925 ], [ -8.2627335, 38.4701805 ], [ -8.2842598, 38.4374657 ], [ -8.3631954, 38.5466042 ], [ -8.500062, 38.5213127 ], [ -8.569109, 38.5472565 ], [ -8.5730495, 38.6008835 ], [ -8.5010805, 38.6376343 ], [ -8.4060755, 38.6302414 ], [ -8.3721523, 38.6508827 ], [ -8.3817806, 38.7069473 ], [ -8.486392, 38.7554893 ], [ -8.5400019, 38.7656021 ], [ -8.4911852, 38.8062897 ], [ -8.4486513, 38.804184 ], [ -8.3704491, 38.8563423 ], [ -8.2938213, 38.8630333 ], [ -8.2183914, 38.8281326 ], [ -8.1491947, 38.7748604 ] ] ] ] } },
{ "type": "Feature", "properties": { "POLYGON_ID": "PRT_GAUL2003_ADM2_24750", "ADM0_ISO3": "PRT", "ADM0_NAME": "Portugal", "ADM0_CODE": 199, "ADM1_NAME": "Evora", "ADM1_CODE": 2392, "ADM2_NAME": "Mora", "ADM2_CODE": 24750, "GEOSET": "GAUL", "GEOSET_YEAR": 2003.0, "GEOSET_VERSION": "GAUL_v1", "GEOSET_UNIT": "ADM2", "CENTROID_LONG": -8.0802512318366855, "CENTROID_LAT": 38.922502608815954 }, "geometry": { "type": "MultiPolygon", "coordinates": [ [ [ [ -8.1472139, 39.0258141 ], [ -8.0657787, 39.0158119 ], [ -8.0095749, 38.9821777 ], [ -7.9098377, 38.9656105 ], [ -7.8865161, 38.9274559 ], [ -7.973422, 38.841362 ], [ -8.0309696, 38.8269806 ], [ -8.0687056, 38.8485603 ], [ -8.1181049, 38.8045197 ], [ -8.1541014, 38.810894 ], [ -8.155324, 38.8676033 ], [ -8.2672482, 38.9073792 ], [ -8.2227783, 38.9875793 ], [ -8.1472139, 39.0258141 ] ] ] ] } },
{ "type": "Feature", "properties": { "POLYGON_ID": "PRT_GAUL2003_ADM2_24751", "ADM0_ISO3": "PRT", "ADM0_NAME": "Portugal", "ADM0_CODE": 199, "ADM1_NAME": "Evora", "ADM1_CODE": 2392, "ADM2_NAME": "Mourao", "ADM2_CODE": 24751, "GEOSET": "GAUL", "GEOSET_YEAR": 2003.0, "GEOSET_VERSION": "GAUL_v1", "GEOSET_UNIT": "ADM2", "CENTROID_LONG": -7.2684468100012074, "CENTROID_LAT": 38.318720573740109 }, "geometry": { "type": "MultiPolygon", "coordinates": [ [ [ [ -7.1020632, 38.1917915 ], [ -7.1492934, 38.1732559 ], [ -7.2383895, 38.2656899 ], [ -7.2743177, 38.3302765 ], [ -7.333488, 38.3204498 ], [ -7.4012504, 38.2809143 ], [ -7.4153619, 38.356514 ], [ -7.3383446, 38.4306717 ], [ -7.3299854, 38.4358175 ], [ -7.31929, 38.4351412 ], [ -7.31184, 38.43533 ], [ -7.28422, 38.42218 ], [ -7.26901, 38.39755 ], [ -7.17133, 38.29441 ], [ -7.15155, 38.27979 ], [ -7.13331, 38.23233 ], [ -7.11434, 38.21148 ], [ -7.1020632, 38.1917915 ] ] ] ] } },
{ "type": "Feature", "properties": { "POLYGON_ID": "PRT_GAUL2003_ADM2_24752", "ADM0_ISO3": "PRT", "ADM0_NAME": "Portugal", "ADM0_CODE": 199, "ADM1_NAME": "Evora", "ADM1_CODE": 2392, "ADM2_NAME": "Portel", "ADM2_CODE": 24752, "GEOSET": "GAUL", "GEOSET_YEAR": 2003.0, "GEOSET_VERSION": "GAUL_v1", "GEOSET_UNIT": "ADM2", "CENTROID_LONG": -7.6960291288645424, "CENTROID_LAT": 38.298274837434803 }, "geometry": { "type": "MultiPolygon", "coordinates": [ [ [ [ -7.6047263, 38.37883 ], [ -7.5507174, 38.2980919 ], [ -7.4521766, 38.2281723 ], [ -7.4904289, 38.1870499 ], [ -7.6628098, 38.1995316 ], [ -7.7514172, 38.2423744 ], [ -7.8475208, 38.250988 ], [ -7.9271364, 38.2965584 ], [ -7.9142404, 38.3572273 ], [ -7.7867293, 38.3894844 ], [ -7.7199297, 38.4251175 ], [ -7.6047263, 38.37883 ] ] ] ] } },
{ "type": "Feature", "properties": { "POLYGON_ID": "PRT_GAUL2003_ADM2_24753", "ADM0_ISO3": "PRT", "ADM0_NAME": "Portugal", "ADM0_CODE": 199, "ADM1_NAME": "Evora", "ADM1_CODE": 2392, "ADM2_NAME": "Redondo", "ADM2_CODE": 24753, "GEOSET": "GAUL", "GEOSET_YEAR": 2003.0, "GEOSET_VERSION": "GAUL_v1", "GEOSET_UNIT": "ADM2", "CENTROID_LONG": -7.5962347008623707, "CENTROID_LAT": 38.62349094763281 }, "geometry": { "type": "MultiPolygon", "coordinates": [ [ [ [ -7.4878778, 38.7113686 ], [ -7.4931402, 38.6906166 ], [ -7.5167127, 38.6584129 ], [ -7.504456, 38.5980606 ], [ -7.5598006, 38.5446091 ], [ -7.5146608, 38.5215187 ], [ -7.5569892, 38.4785461 ], [ -7.6381931, 38.4971085 ], [ -7.6903324, 38.5981827 ], [ -7.6680169, 38.6264305 ], [ -7.7153974, 38.684536 ], [ -7.6915359, 38.7137604 ], [ -7.5476866, 38.7454491 ], [ -7.4878778, 38.7113686 ] ] ] ] } },
{ "type": "Feature", "properties": { "POLYGON_ID": "PRT_GAUL2003_ADM2_24754", "ADM0_ISO3": "PRT", "ADM0_NAME": "Portugal", "ADM0_CODE": 199, "ADM1_NAME": "Evora", "ADM1_CODE": 2392, "ADM2_NAME": "Reguengos De Monsaraz", "ADM2_CODE": 24754, "GEOSET": "GAUL", "GEOSET_YEAR": 2003.0, "GEOSET_VERSION": "GAUL_v1", "GEOSET_UNIT": "ADM2", "CENTROID_LONG": -7.4726710118197301, "CENTROID_LAT": 38.392382662818981 }, "geometry": { "type": "MultiPolygon", "coordinates": [ [ [ [ -7.3383446, 38.4306717 ], [ -7.4153619, 38.356514 ], [ -7.4012504, 38.2809143 ], [ -7.4521766, 38.2281723 ], [ -7.5507174, 38.2980919 ], [ -7.6047263, 38.37883 ], [ -7.5569892, 38.4785461 ], [ -7.5146608, 38.5215187 ], [ -7.438168, 38.4962349 ], [ -7.3906112, 38.5101204 ], [ -7.3404164, 38.4870338 ], [ -7.3383446, 38.4306717 ] ] ] ] } },
{ "type": "Feature", "properties": { "POLYGON_ID": "PRT_GAUL2003_ADM2_24755", "ADM0_ISO3": "PRT", "ADM0_NAME": "Portugal", "ADM0_CODE": 199, "ADM1_NAME": "Evora", "ADM1_CODE": 2392, "ADM2_NAME": "Vendas Novas", "ADM2_CODE": 24755, "GEOSET": "GAUL", "GEOSET_YEAR": 2003.0, "GEOSET_VERSION": "GAUL_v1", "GEOSET_UNIT": "ADM2", "CENTROID_LONG": -8.5084169267179313, "CENTROID_LAT": 38.654424753628753 }, "geometry": { "type": "MultiPolygon", "coordinates": [ [ [ [ -8.569109, 38.5472565 ], [ -8.6337347, 38.5514603 ], [ -8.6528864, 38.6035385 ], [ -8.6064281, 38.6458435 ], [ -8.5355425, 38.6863213 ], [ -8.486392, 38.7554893 ], [ -8.3817806, 38.7069473 ], [ -8.3721523, 38.6508827 ], [ -8.4060755, 38.6302414 ], [ -8.5010805, 38.6376343 ], [ -8.5730495, 38.6008835 ], [ -8.569109, 38.5472565 ] ] ] ] } },
{ "type": "Feature", "properties": { "POLYGON_ID": "PRT_GAUL2003_ADM2_24756", "ADM0_ISO3": "PRT", "ADM0_NAME": "Portugal", "ADM0_CODE": 199, "ADM1_NAME": "Evora", "ADM1_CODE": 2392, "ADM2_NAME": "Viana Do Alentejo", "ADM2_CODE": 24756, "GEOSET": "GAUL", "GEOSET_YEAR": 2003.0, "GEOSET_VERSION": "GAUL_v1", "GEOSET_UNIT": "ADM2", "CENTROID_LONG": -8.1246738558264227, "CENTROID_LAT": 38.383771670730397 }, "geometry": { "type": "MultiPolygon", "coordinates": [ [ [ [ -8.1132536, 38.4594688 ], [ -8.0897112, 38.4016495 ], [ -8.0393915, 38.3781433 ], [ -7.9361105, 38.4091034 ], [ -7.9142404, 38.3572273 ], [ -7.9271364, 38.2965584 ], [ -7.9727306, 38.3149757 ], [ -8.1563168, 38.3189545 ], [ -8.2637177, 38.3522301 ], [ -8.309392, 38.3808937 ], [ -8.2842598, 38.4374657 ], [ -8.2627335, 38.4701805 ], [ -8.1666012, 38.4803925 ], [ -8.1132536, 38.4594688 ] ] ] ] } },
{ "type": "Feature", "properties": { "POLYGON_ID": "PRT_GAUL2003_ADM2_24757", "ADM0_ISO3": "PRT", "ADM0_NAME": "Portugal", "ADM0_CODE": 199, "ADM1_NAME": "Evora", "ADM1_CODE": 2392, "ADM2_NAME": "Vila Vicosa", "ADM2_CODE": 24757, "GEOSET": "GAUL", "GEOSET_YEAR": 2003.0, "GEOSET_VERSION": "GAUL_v1", "GEOSET_UNIT": "ADM2", "CENTROID_LONG": -7.3392499241409634, "CENTROID_LAT": 38.772865751142952 }, "geometry": { "type": "MultiPolygon", "coordinates": [ [ [ [ -7.2223425, 38.767807 ], [ -7.2890511, 38.7327271 ], [ -7.3381138, 38.7514954 ], [ -7.4931402, 38.6906166 ], [ -7.4878778, 38.7113686 ], [ -7.4584041, 38.768486 ], [ -7.387064, 38.8016624 ], [ -7.3489304, 38.7971497 ], [ -7.2890153, 38.8395996 ], [ -7.20895, 38.8331451 ], [ -7.2223425, 38.767807 ] ] ] ] } },
{ "type": "Feature", "properties": { "POLYGON_ID": "PRT_GAUL2003_ADM2_24758", "ADM0_ISO3": "PRT", "ADM0_NAME": "Portugal", "ADM0_CODE": 199, "ADM1_NAME": "Faro", "ADM1_CODE": 2393, "ADM2_NAME": "Albufeira", "ADM2_CODE": 24758, "GEOSET": "GAUL", "GEOSET_YEAR": 2003.0, "GEOSET_VERSION": "GAUL_v1", "GEOSET_UNIT": "ADM2", "CENTROID_LONG": -8.2328987563041487, "CENTROID_LAT": 37.13069476880159 }, "geometry": { "type": "MultiPolygon", "coordinates": [ [ [ [ -8.1252345, 37.0734246 ], [ -8.1917524, 37.0886078 ], [ -8.2977982, 37.0714912 ], [ -8.3295134, 37.0888414 ], [ -8.3107958, 37.1363716 ], [ -8.2483149, 37.140686 ], [ -8.23067, 37.2160492 ], [ -8.1647997, 37.1968498 ], [ -8.1827583, 37.1068916 ], [ -8.1252345, 37.0734246 ] ] ] ] } },
{ "type": "Feature", "properties": { "POLYGON_ID": "PRT_GAUL2003_ADM2_24759", "ADM0_ISO3": "PRT", "ADM0_NAME": "Portugal", "ADM0_CODE": 199, "ADM1_NAME": "Faro", "ADM1_CODE": 2393, "ADM2_NAME": "Alcoutim", "ADM2_CODE": 24759, "GEOSET": "GAUL", "GEOSET_YEAR": 2003.0, "GEOSET_VERSION": "GAUL_v1", "GEOSET_UNIT": "ADM2", "CENTROID_LONG": -7.6526389494408438, "CENTROID_LAT": 37.41727444437214 }, "geometry": { "type": "MultiPolygon", "coordinates": [ [ [ [ -7.5122876, 37.525694 ], [ -7.51195, 37.52445 ], [ -7.4903403, 37.5188401 ], [ -7.48969, 37.5062 ], [ -7.48696, 37.50126 ], [ -7.4781094, 37.4964175 ], [ -7.46437, 37.4889 ], [ -7.457407, 37.4102173 ], [ -7.4345401, 37.3736496 ], [ -7.5492916, 37.3939781 ], [ -7.6231246, 37.3386955 ], [ -7.6272187, 37.2881699 ], [ -7.6665835, 37.2788887 ], [ -7.7236309, 37.3120155 ], [ -7.766664, 37.3751717 ], [ -7.8779559, 37.3832207 ], [ -7.8892813, 37.4121323 ], [ -7.8882837, 37.4322052 ], [ -7.6714993, 37.5040398 ], [ -7.6260409, 37.4929657 ], [ -7.5122876, 37.525694 ] ] ] ] } },
{ "type": "Feature", "properties": { "POLYGON_ID": "PRT_GAUL2003_ADM2_24760", "ADM0_ISO3": "PRT", "ADM0_NAME": "Portugal", "ADM0_CODE": 199, "ADM1_NAME": "Faro", "ADM1_CODE": 2393, "ADM2_NAME": "Aljezur", "ADM2_CODE": 24760, "GEOSET": "GAUL", "GEOSET_YEAR": 2003.0, "GEOSET_VERSION": "GAUL_v1", "GEOSET_UNIT": "ADM2", "CENTROID_LONG": -8.7964607503066414, "CENTROID_LAT": 37.298655391520924 }, "geometry": { "type": "MultiPolygon", "coordinates": [ [ [ [ -8.682106, 37.3963051 ], [ -8.678977, 37.3665733 ], [ -8.7429171, 37.3060646 ], [ -8.7516804, 37.2253571 ], [ -8.8464146, 37.1637764 ], [ -8.9074865, 37.154274 ], [ -8.8596687, 37.2604065 ], [ -8.8650551, 37.3207817 ], [ -8.8155222, 37.3912163 ], [ -8.7989847, 37.4432031 ], [ -8.7354059, 37.39925 ], [ -8.682106, 37.3963051 ] ] ] ] } },
{ "type": "Feature", "properties": { "POLYGON_ID": "PRT_GAUL2003_ADM2_24761", "ADM0_ISO3": "PRT", "ADM0_NAME": "Portugal", "ADM0_CODE": 199, "ADM1_NAME": "Faro", "ADM1_CODE": 2393, "ADM2_NAME": "Castro Marim", "ADM2_CODE": 24761, "GEOSET": "GAUL", "GEOSET_YEAR": 2003.0, "GEOSET_VERSION": "GAUL_v1", "GEOSET_UNIT": "ADM2", "CENTROID_LONG": -7.5114717623306522, "CENTROID_LAT": 37.294980017674177 }, "geometry": { "type": "MultiPolygon", "coordinates": [ [ [ [ -7.4345401, 37.3736496 ], [ -7.4419098, 37.3107719 ], [ -7.4154655, 37.2124061 ], [ -7.4699344, 37.1740168 ], [ -7.4998138, 37.1682317 ], [ -7.5290775, 37.2583275 ], [ -7.5677328, 37.2552261 ], [ -7.6272187, 37.2881699 ], [ -7.6231246, 37.3386955 ], [ -7.5492916, 37.3939781 ], [ -7.4345401, 37.3736496 ] ] ] ] } },
{ "type": "Feature", "properties": { "POLYGON_ID": "PRT_GAUL2003_ADM2_24762", "ADM0_ISO3": "PRT", "ADM0_NAME": "Portugal", "ADM0_CODE": 199, "ADM1_NAME": "Faro", "ADM1_CODE": 2393, "ADM2_NAME": "Faro", "ADM2_CODE": 24762, "GEOSET": "GAUL", "GEOSET_YEAR": 2003.0, "GEOSET_VERSION": "GAUL_v1", "GEOSET_UNIT": "ADM2", "CENTROID_LONG": -7.9217901430475255, "CENTROID_LAT": 37.075273772148947 }, "geometry": { "type": "MultiPolygon", "coordinates": [ [ [ [ -7.9422522, 37.1425591 ], [ -7.8372002, 37.1216774 ], [ -7.8436036, 37.0758591 ], [ -7.8868971, 37.0702858 ], [ -7.8699727, 37.0081749 ], [ -8.0009775, 37.0095754 ], [ -7.9621439, 37.0759048 ], [ -8.0042086, 37.1138 ], [ -7.9422522, 37.1425591 ] ] ] ] } },
{ "type": "Feature", "properties": { "POLYGON_ID": "PRT_GAUL2003_ADM2_24763", "ADM0_ISO3": "PRT", "ADM0_NAME": "Portugal", "ADM0_CODE": 199, "ADM1_NAME": "Faro", "ADM1_CODE": 2393, "ADM2_NAME": "Lagoa", "ADM2_CODE": 24763, "GEOSET": "GAUL", "GEOSET_YEAR": 2003.0, "GEOSET_VERSION": "GAUL_v1", "GEOSET_UNIT": "ADM2", "CENTROID_LONG": -8.445445452385556, "CENTROID_LAT": 37.122504474044831 }, "geometry": { "type": "MultiPolygon", "coordinates": [ [ [ [ -8.3695218, 37.0996648 ], [ -8.4426699, 37.0863342 ], [ -8.5112371, 37.1023903 ], [ -8.5034428, 37.1519585 ], [ -8.4854832, 37.1746902 ], [ -8.4574995, 37.148838 ], [ -8.3800526, 37.1424637 ], [ -8.3695218, 37.0996648 ] ] ] ] } },
{ "type": "Feature", "properties": { "POLYGON_ID": "PRT_GAUL2003_ADM2_24764", "ADM0_ISO3": "PRT", "ADM0_NAME": "Portugal", "ADM0_CODE": 199, "ADM1_NAME": "Faro", "ADM1_CODE": 2393, "ADM2_NAME": "Lagos", "ADM2_CODE": 24764, "GEOSET": "GAUL", "GEOSET_YEAR": 2003.0, "GEOSET_VERSION": "GAUL_v1", "GEOSET_UNIT": "ADM2", "CENTROID_LONG": -8.7294853801875423, "CENTROID_LAT": 37.147891189919207 }, "geometry": { "type": "MultiPolygon", "coordinates": [ [ [ [ -8.6800289, 37.2090302 ], [ -8.6210098, 37.1351242 ], [ -8.6814795, 37.0828018 ], [ -8.774828, 37.0689163 ], [ -8.7867355, 37.1172142 ], [ -8.8464146, 37.1637764 ], [ -8.7516804, 37.2253571 ], [ -8.6800289, 37.2090302 ] ] ] ] } },
{ "type": "Feature", "properties": { "POLYGON_ID": "PRT_GAUL2003_ADM2_24765", "ADM0_ISO3": "PRT", "ADM0_NAME": "Portugal", "ADM0_CODE": 199, "ADM1_NAME": "Faro", "ADM1_CODE": 2393, "ADM2_NAME": "Loule", "ADM2_CODE": 24765, "GEOSET": "GAUL", "GEOSET_YEAR": 2003.0, "GEOSET_VERSION": "GAUL_v1", "GEOSET_UNIT": "ADM2", "CENTROID_LONG": -8.0454439330637229, "CENTROID_LAT": 37.220627114894889 }, "geometry": { "type": "MultiPolygon", "coordinates": [ [ [ [ -7.8892813, 37.4121323 ], [ -7.8779559, 37.3832207 ], [ -7.9109983, 37.3065491 ], [ -7.8895345, 37.2572289 ], [ -7.9629326, 37.2007408 ], [ -7.9422522, 37.1425591 ], [ -8.0042086, 37.1138 ], [ -7.9621439, 37.0759048 ], [ -8.0009775, 37.0095754 ], [ -8.1252345, 37.0734246 ], [ -8.1827583, 37.1068916 ], [ -8.1647997, 37.1968498 ], [ -8.23067, 37.2160492 ], [ -8.1840429, 37.2918472 ], [ -8.1843462, 37.3388939 ], [ -8.0643177, 37.3174057 ], [ -7.9972067, 37.3680687 ], [ -7.9954934, 37.395668 ], [ -7.8892813, 37.4121323 ] ] ] ] } },
{ "type": "Feature", "properties": { "POLYGON_ID": "PRT_GAUL2003_ADM2_24766", "ADM0_ISO3": "PRT", "ADM0_NAME": "Portugal", "ADM0_CODE": 199, "ADM1_NAME": "Faro", "ADM1_CODE": 2393, "ADM2_NAME": "Monchique", "ADM2_CODE": 24766, "GEOSET": "GAUL", "GEOSET_YEAR": 2003.0, "GEOSET_VERSION": "GAUL_v1", "GEOSET_UNIT": "ADM2", "CENTROID_LONG": -8.5972045082423119, "CENTROID_LAT": 37.314223168146782 }, "geometry": { "type": "MultiPolygon", "coordinates": [ [ [ [ -8.4488535, 37.371048 ], [ -8.4197645, 37.3411942 ], [ -8.482769, 37.2551918 ], [ -8.5295029, 37.2464104 ], [ -8.6182995, 37.2681313 ], [ -8.6800289, 37.2090302 ], [ -8.7516804, 37.2253571 ], [ -8.7429171, 37.3060646 ], [ -8.678977, 37.3665733 ], [ -8.682106, 37.3963051 ], [ -8.5693398, 37.408432 ], [ -8.5225468, 37.3811798 ], [ -8.4488535, 37.371048 ] ] ] ] } },
{ "type": "Feature", "properties": { "POLYGON_ID": "PRT_GAUL2003_ADM2_24767", "ADM0_ISO3": "PRT", "ADM0_NAME": "Portugal", "ADM0_CODE": 199, "ADM1_NAME": "Faro", "ADM1_CODE": 2393, "ADM2_NAME": "Olhao", "ADM2_CODE": 24767, "GEOSET": "GAUL", "GEOSET_YEAR": 2003.0, "GEOSET_VERSION": "GAUL_v1", "GEOSET_UNIT": "ADM2", "CENTROID_LONG": -7.8063331387930344, "CENTROID_LAT": 37.066523015649246 }, "geometry": { "type": "MultiPolygon", "coordinates": [ [ [ [ -7.7295341, 37.0567665 ], [ -7.7839007, 37.0162125 ], [ -7.8699727, 37.0081749 ], [ -7.8868971, 37.0702858 ], [ -7.8436036, 37.0758591 ], [ -7.8372002, 37.1216774 ], [ -7.8191333, 37.1257401 ], [ -7.7601585, 37.1304893 ], [ -7.7295341, 37.0567665 ] ] ] ] } },
{ "type": "Feature", "properties": { "POLYGON_ID": "PRT_GAUL2003_ADM2_24768", "ADM0_ISO3": "PRT", "ADM0_NAME": "Portugal", "ADM0_CODE": 199, "ADM1_NAME": "Faro", "ADM1_CODE": 2393, "ADM2_NAME": "Portimao", "ADM2_CODE": 24768, "GEOSET": "GAUL", "GEOSET_YEAR": 2003.0, "GEOSET_VERSION": "GAUL_v1", "GEOSET_UNIT": "ADM2", "CENTROID_LONG": -8.5793312350232629, "CENTROID_LAT": 37.191623960833013 }, "geometry": { "type": "MultiPolygon", "coordinates": [ [ [ [ -8.5295029, 37.2464104 ], [ -8.4854832, 37.1746902 ], [ -8.5034428, 37.1519585 ], [ -8.5267715, 37.114006 ], [ -8.6210098, 37.1351242 ], [ -8.6800289, 37.2090302 ], [ -8.6182995, 37.2681313 ], [ -8.5295029, 37.2464104 ] ] ] ] } },
{ "type": "Feature", "properties": { "POLYGON_ID": "PRT_GAUL2003_ADM2_24769", "ADM0_ISO3": "PRT", "ADM0_NAME": "Portugal", "ADM0_CODE": 199, "ADM1_NAME": "Faro", "ADM1_CODE": 2393, "ADM2_NAME": "Sao Bras De Alportel", "ADM2_CODE": 24769, "GEOSET": "GAUL", "GEOSET_YEAR": 2003.0, "GEOSET_VERSION": "GAUL_v1", "GEOSET_UNIT": "ADM2", "CENTROID_LONG": -7.8813397581236737, "CENTROID_LAT": 37.191250957942572 }, "geometry": { "type": "MultiPolygon", "coordinates": [ [ [ [ -7.8191333, 37.1257401 ], [ -7.8372002, 37.1216774 ], [ -7.9422522, 37.1425591 ], [ -7.9629326, 37.2007408 ], [ -7.8895345, 37.2572289 ], [ -7.7895613, 37.2481422 ], [ -7.8410282, 37.1981201 ], [ -7.8191333, 37.1257401 ] ] ] ] } },
{ "type": "Feature", "properties": { "POLYGON_ID": "PRT_GAUL2003_ADM2_24770", "ADM0_ISO3": "PRT", "ADM0_NAME": "Portugal", "ADM0_CODE": 199, "ADM1_NAME": "Faro", "ADM1_CODE": 2393, "ADM2_NAME": "Silves", "ADM2_CODE": 24770, "GEOSET": "GAUL", "GEOSET_YEAR": 2003.0, "GEOSET_VERSION": "GAUL_v1", "GEOSET_UNIT": "ADM2", "CENTROID_LONG": -8.3414286475730695, "CENTROID_LAT": 37.268152228005157 }, "geometry": { "type": "MultiPolygon", "coordinates": [ [ [ [ -8.2643824, 37.4051132 ], [ -8.1843462, 37.3388939 ], [ -8.1840429, 37.2918472 ], [ -8.23067, 37.2160492 ], [ -8.2483149, 37.140686 ], [ -8.3107958, 37.1363716 ], [ -8.3295134, 37.0888414 ], [ -8.3695218, 37.0996648 ], [ -8.3800526, 37.1424637 ], [ -8.4574995, 37.148838 ], [ -8.4854832, 37.1746902 ], [ -8.5295029, 37.2464104 ], [ -8.482769, 37.2551918 ], [ -8.4197645, 37.3411942 ], [ -8.4488535, 37.371048 ], [ -8.3770828, 37.425396 ], [ -8.3137465, 37.4327698 ], [ -8.2643824, 37.4051132 ] ] ] ] } },
{ "type": "Feature", "properties": { "POLYGON_ID": "PRT_GAUL2003_ADM2_24771", "ADM0_ISO3": "PRT", "ADM0_NAME": "Portugal", "ADM0_CODE": 199, "ADM1_NAME": "Faro", "ADM1_CODE": 2393, "ADM2_NAME": "Tavira", "ADM2_CODE": 24771, "GEOSET": "GAUL", "GEOSET_YEAR": 2003.0, "GEOSET_VERSION": "GAUL_v1", "GEOSET_UNIT": "ADM2", "CENTROID_LONG": -7.7322463224155644, "CENTROID_LAT": 37.226677467320194 }, "geometry": { "type": "MultiPolygon", "coordinates": [ [ [ [ -7.6272187, 37.2881699 ], [ -7.5677328, 37.2552261 ], [ -7.5676142, 37.1514198 ], [ -7.6245961, 37.1036453 ], [ -7.7295341, 37.0567665 ], [ -7.7601585, 37.1304893 ], [ -7.8191333, 37.1257401 ], [ -7.8410282, 37.1981201 ], [ -7.7895613, 37.2481422 ], [ -7.8895345, 37.2572289 ], [ -7.9109983, 37.3065491 ], [ -7.8779559, 37.3832207 ], [ -7.766664, 37.3751717 ], [ -7.7236309, 37.3120155 ], [ -7.6665835, 37.2788887 ], [ -7.6272187, 37.2881699 ] ] ] ] } },
{ "type": "Feature", "properties": { "POLYGON_ID": "PRT_GAUL2003_ADM2_24772", "ADM0_ISO3": "PRT", "ADM0_NAME": "Portugal", "ADM0_CODE": 199, "ADM1_NAME": "Faro", "ADM1_CODE": 2393, "ADM2_NAME": "Vila Do Bispo", "ADM2_CODE": 24772, "GEOSET": "GAUL", "GEOSET_YEAR": 2003.0, "GEOSET_VERSION": "GAUL_v1", "GEOSET_UNIT": "ADM2", "CENTROID_LONG": -8.8758598814993501, "CENTROID_LAT": 37.088145913404311 }, "geometry": { "type": "MultiPolygon", "coordinates": [ [ [ [ -8.774828, 37.0689163 ], [ -8.8905201, 37.0385818 ], [ -8.94065, 37.0020752 ], [ -8.9758291, 37.0247307 ], [ -8.9074865, 37.154274 ], [ -8.8464146, 37.1637764 ], [ -8.7867355, 37.1172142 ], [ -8.774828, 37.0689163 ] ] ] ] } },
{ "type": "Feature", "properties": { "POLYGON_ID": "PRT_GAUL2003_ADM2_24773", "ADM0_ISO3": "PRT", "ADM0_NAME": "Portugal", "ADM0_CODE": 199, "ADM1_NAME": "Faro", "ADM1_CODE": 2393, "ADM2_NAME": "Vila Real De Santo Antonio", "ADM2_CODE": 24773, "GEOSET": "GAUL", "GEOSET_YEAR": 2003.0, "GEOSET_VERSION": "GAUL_v1", "GEOSET_UNIT": "ADM2", "CENTROID_LONG": -7.540913783821459, "CENTROID_LAT": 37.200343130359691 }, "geometry": { "type": "MultiPolygon", "coordinates": [ [ [ [ -7.4998138, 37.1682317 ], [ -7.5629864, 37.1415873 ], [ -7.5657855, 37.1470004 ], [ -7.5676142, 37.1514198 ], [ -7.5677328, 37.2552261 ], [ -7.5290775, 37.2583275 ], [ -7.4998138, 37.1682317 ] ] ] ] } },
{ "type": "Feature", "properties": { "POLYGON_ID": "PRT_GAUL2003_ADM2_24774", "ADM0_ISO3": "PRT", "ADM0_NAME": "Portugal", "ADM0_CODE": 199, "ADM1_NAME": "Guarda", "ADM1_CODE": 2394, "ADM2_NAME": "Aguiar Da Beira", "ADM2_CODE": 24774, "GEOSET": "GAUL", "GEOSET_YEAR": 2003.0, "GEOSET_VERSION": "GAUL_v1", "GEOSET_UNIT": "ADM2", "CENTROID_LONG": -7.5247617862881082, "CENTROID_LAT": 40.781351342800413 }, "geometry": { "type": "MultiPolygon", "coordinates": [ [ [ [ -7.4498549, 40.8125916 ], [ -7.4210191, 40.7610626 ], [ -7.4893966, 40.700386 ], [ -7.531795, 40.6947899 ], [ -7.5926785, 40.7280884 ], [ -7.6207213, 40.7852783 ], [ -7.5867658, 40.8342667 ], [ -7.5584192, 40.878067 ], [ -7.5142822, 40.8686409 ], [ -7.4498549, 40.8125916 ] ] ] ] } },
{ "type": "Feature", "properties": { "POLYGON_ID": "PRT_GAUL2003_ADM2_24775", "ADM0_ISO3": "PRT", "ADM0_NAME": "Portugal", "ADM0_CODE": 199, "ADM1_NAME": "Guarda", "ADM1_CODE": 2394, "ADM2_NAME": "Almeida", "ADM2_CODE": 24775, "GEOSET": "GAUL", "GEOSET_YEAR": 2003.0, "GEOSET_VERSION": "GAUL_v1", "GEOSET_UNIT": "ADM2", "CENTROID_LONG": -6.9086500728660294, "CENTROID_LAT": 40.620316587453864 }, "geometry": { "type": "MultiPolygon", "coordinates": [ [ [ [ -6.8304849, 40.471962 ], [ -6.9461861, 40.5188751 ], [ -6.9996862, 40.4798698 ], [ -7.0491686, 40.5517578 ], [ -7.0344806, 40.5886078 ], [ -7.0021806, 40.7075462 ], [ -6.9581394, 40.7495079 ], [ -6.822504, 40.7861862 ], [ -6.82344, 40.76809 ], [ -6.82718, 40.75316 ], [ -6.79952, 40.66747 ], [ -6.79289, 40.64953 ], [ -6.8017944, 40.6219885 ], [ -6.80436, 40.61682 ], [ -6.8029111, 40.5524798 ], [ -6.79649, 40.54562 ], [ -6.7896, 40.53254 ], [ -6.79063, 40.52332 ], [ -6.7950408, 40.5122597 ], [ -6.79978, 40.51056 ], [ -6.8020142, 40.5081101 ], [ -6.8137181, 40.4892479 ], [ -6.81653, 40.48391 ], [ -6.8304849, 40.471962 ] ] ] ] } },
{ "type": "Feature", "properties": { "POLYGON_ID": "PRT_GAUL2003_ADM2_24776", "ADM0_ISO3": "PRT", "ADM0_NAME": "Portugal", "ADM0_CODE": 199, "ADM1_NAME": "Guarda", "ADM1_CODE": 2394, "ADM2_NAME": "Celorico Da Beira", "ADM2_CODE": 24776, "GEOSET": "GAUL", "GEOSET_YEAR": 2003.0, "GEOSET_VERSION": "GAUL_v1", "GEOSET_UNIT": "ADM2", "CENTROID_LONG": -7.38472159741106, "CENTROID_LAT": 40.620984145212311 }, "geometry": { "type": "MultiPolygon", "coordinates": [ [ [ [ -7.2530479, 40.6971321 ], [ -7.2578793, 40.6876869 ], [ -7.3661251, 40.5424042 ], [ -7.4331446, 40.5273361 ], [ -7.5047951, 40.5599785 ], [ -7.5002465, 40.5945244 ], [ -7.4301896, 40.6569901 ], [ -7.4169383, 40.6917 ], [ -7.2938704, 40.7108727 ], [ -7.2530479, 40.6971321 ] ] ] ] } },
{ "type": "Feature", "properties": { "POLYGON_ID": "PRT_GAUL2003_ADM2_24777", "ADM0_ISO3": "PRT", "ADM0_NAME": "Portugal", "ADM0_CODE": 199, "ADM1_NAME": "Guarda", "ADM1_CODE": 2394, "ADM2_NAME": "Figueira De Castelo Rodrigo", "ADM2_CODE": 24777, "GEOSET": "GAUL", "GEOSET_YEAR": 2003.0, "GEOSET_VERSION": "GAUL_v1", "GEOSET_UNIT": "ADM2", "CENTROID_LONG": -6.9543195726502107, "CENTROID_LAT": 40.885346200527209 }, "geometry": { "type": "MultiPolygon", "coordinates": [ [ [ [ -6.93036, 41.034 ], [ -6.92857, 41.0274 ], [ -6.8566336, 40.9542434 ], [ -6.8498263, 40.939647 ], [ -6.8136669, 40.8831566 ], [ -6.81083, 40.88247 ], [ -6.810084, 40.882288 ], [ -6.80833, 40.88186 ], [ -6.8046, 40.87804 ], [ -6.803877, 40.8752594 ], [ -6.79915, 40.85708 ], [ -6.7984777, 40.8502729 ], [ -6.7982714, 40.8481693 ], [ -6.8027233, 40.8457221 ], [ -6.8036029, 40.845492 ], [ -6.81737, 40.84371 ], [ -6.8182902, 40.8424883 ], [ -6.81594, 40.8069 ], [ -6.8204062, 40.7928003 ], [ -6.822504, 40.7861862 ], [ -6.9581394, 40.7495079 ], [ -7.0270634, 40.8151093 ], [ -7.0822086, 40.8245163 ], [ -7.1174712, 40.8663025 ], [ -7.0916061, 40.9255791 ], [ -7.0975294, 40.9730339 ], [ -6.9960375, 40.9809837 ], [ -6.9791985, 41.0245247 ], [ -6.93036, 41.034 ] ] ] ] } },
{ "type": "Feature", "properties": { "POLYGON_ID": "PRT_GAUL2003_ADM2_24778", "ADM0_ISO3": "PRT", "ADM0_NAME": "Portugal", "ADM0_CODE": 199, "ADM1_NAME": "Guarda", "ADM1_CODE": 2394, "ADM2_NAME": "Fornos De Algodres", "ADM2_CODE": 24778, "GEOSET": "GAUL", "GEOSET_YEAR": 2003.0, "GEOSET_VERSION": "GAUL_v1", "GEOSET_UNIT": "ADM2", "CENTROID_LONG": -7.5003732710699422, "CENTROID_LAT": 40.645440665220796 }, "geometry": { "type": "MultiPolygon", "coordinates": [ [ [ [ -7.4169383, 40.6917 ], [ -7.4301896, 40.6569901 ], [ -7.5002465, 40.5945244 ], [ -7.5047951, 40.5599785 ], [ -7.5759888, 40.5761795 ], [ -7.5568299, 40.6484756 ], [ -7.531795, 40.6947899 ], [ -7.4893966, 40.700386 ], [ -7.4210191, 40.7610626 ], [ -7.4554548, 40.7201233 ], [ -7.4169383, 40.6917 ] ] ] ] } },
{ "type": "Feature", "properties": { "POLYGON_ID": "PRT_GAUL2003_ADM2_24779", "ADM0_ISO3": "PRT", "ADM0_NAME": "Portugal", "ADM0_CODE": 199, "ADM1_NAME": "Guarda", "ADM1_CODE": 2394, "ADM2_NAME": "Gouveia", "ADM2_CODE": 24779, "GEOSET": "GAUL", "GEOSET_YEAR": 2003.0, "GEOSET_VERSION": "GAUL_v1", "GEOSET_UNIT": "ADM2", "CENTROID_LONG": -7.5661285523501256, "CENTROID_LAT": 40.499834029623329 }, "geometry": { "type": "MultiPolygon", "coordinates": [ [ [ [ -7.5047951, 40.5599785 ], [ -7.4331446, 40.5273361 ], [ -7.4508486, 40.4466324 ], [ -7.5808396, 40.4223976 ], [ -7.5781388, 40.3880425 ], [ -7.5987773, 40.4229927 ], [ -7.6891966, 40.4887962 ], [ -7.7160959, 40.5378342 ], [ -7.5759888, 40.5761795 ], [ -7.5047951, 40.5599785 ] ] ] ] } },
{ "type": "Feature", "properties": { "POLYGON_ID": "PRT_GAUL2003_ADM2_24780", "ADM0_ISO3": "PRT", "ADM0_NAME": "Portugal", "ADM0_CODE": 199, "ADM1_NAME": "Guarda", "ADM1_CODE": 2394, "ADM2_NAME": "Guarda", "ADM2_CODE": 24780, "GEOSET": "GAUL", "GEOSET_YEAR": 2003.0, "GEOSET_VERSION": "GAUL_v1", "GEOSET_UNIT": "ADM2", "CENTROID_LONG": -7.2434156392462627, "CENTROID_LAT": 40.517675516085831 }, "geometry": { "type": "MultiPolygon", "coordinates": [ [ [ [ -7.0344806, 40.5886078 ], [ -7.0491686, 40.5517578 ], [ -7.0487657, 40.4743919 ], [ -7.1382217, 40.4132195 ], [ -7.1956377, 40.4327621 ], [ -7.266818, 40.4089508 ], [ -7.3430767, 40.3822556 ], [ -7.4608898, 40.4022255 ], [ -7.4508486, 40.4466324 ], [ -7.4331446, 40.5273361 ], [ -7.3661251, 40.5424042 ], [ -7.2578793, 40.6876869 ], [ -7.1827059, 40.6640053 ], [ -7.0809832, 40.5904236 ], [ -7.0344806, 40.5886078 ] ] ] ] } },
{ "type": "Feature", "properties": { "POLYGON_ID": "PRT_GAUL2003_ADM2_24781", "ADM0_ISO3": "PRT", "ADM0_NAME": "Portugal", "ADM0_CODE": 199, "ADM1_NAME": "Guarda", "ADM1_CODE": 2394, "ADM2_NAME": "Manteigas", "ADM2_CODE": 24781, "GEOSET": "GAUL", "GEOSET_YEAR": 2003.0, "GEOSET_VERSION": "GAUL_v1", "GEOSET_UNIT": "ADM2", "CENTROID_LONG": -7.5343663793087448, "CENTROID_LAT": 40.384140482817749 }, "geometry": { "type": "MultiPolygon", "coordinates": [ [ [ [ -7.4508486, 40.4466324 ], [ -7.4608898, 40.4022255 ], [ -7.5019507, 40.381424 ], [ -7.5349016, 40.3183441 ], [ -7.6097631, 40.3233871 ], [ -7.5781388, 40.3880425 ], [ -7.5808396, 40.4223976 ], [ -7.4508486, 40.4466324 ] ] ] ] } },
{ "type": "Feature", "properties": { "POLYGON_ID": "PRT_GAUL2003_ADM2_24782", "ADM0_ISO3": "PRT", "ADM0_NAME": "Portugal", "ADM0_CODE": 199, "ADM1_NAME": "Guarda", "ADM1_CODE": 2394, "ADM2_NAME": "Meda", "ADM2_CODE": 24782, "GEOSET": "GAUL", "GEOSET_YEAR": 2003.0, "GEOSET_VERSION": "GAUL_v1", "GEOSET_UNIT": "ADM2", "CENTROID_LONG": -7.2459955518457724, "CENTROID_LAT": 40.934765199731743 }, "geometry": { "type": "MultiPolygon", "coordinates": [ [ [ [ -7.1324358, 40.9237976 ], [ -7.1997285, 40.8252487 ], [ -7.3694859, 40.9053497 ], [ -7.3305254, 40.9346848 ], [ -7.3290768, 41.0210342 ], [ -7.2219653, 41.0343666 ], [ -7.1324358, 40.9237976 ] ] ] ] } },
{ "type": "Feature", "properties": { "POLYGON_ID": "PRT_GAUL2003_ADM2_24783", "ADM0_ISO3": "PRT", "ADM0_NAME": "Portugal", "ADM0_CODE": 199, "ADM1_NAME": "Guarda", "ADM1_CODE": 2394, "ADM2_NAME": "Pinhel", "ADM2_CODE": 24783, "GEOSET": "GAUL", "GEOSET_YEAR": 2003.0, "GEOSET_VERSION": "GAUL_v1", "GEOSET_UNIT": "ADM2", "CENTROID_LONG": -7.1101116987903694, "CENTROID_LAT": 40.743780984293082 }, "geometry": { "type": "MultiPolygon", "coordinates": [ [ [ [ -6.9581394, 40.7495079 ], [ -7.0021806, 40.7075462 ], [ -7.0344806, 40.5886078 ], [ -7.0809832, 40.5904236 ], [ -7.1827059, 40.6640053 ], [ -7.2578793, 40.6876869 ], [ -7.2530479, 40.6971321 ], [ -7.1997285, 40.8252487 ], [ -7.1324358, 40.9237976 ], [ -7.0975294, 40.9730339 ], [ -7.0916061, 40.9255791 ], [ -7.1174712, 40.8663025 ], [ -7.0822086, 40.8245163 ], [ -7.0270634, 40.8151093 ], [ -6.9581394, 40.7495079 ] ] ] ] } },
{ "type": "Feature", "properties": { "POLYGON_ID": "PRT_GAUL2003_ADM2_24784", "ADM0_ISO3": "PRT", "ADM0_NAME": "Portugal", "ADM0_CODE": 199, "ADM1_NAME": "Guarda", "ADM1_CODE": 2394, "ADM2_NAME": "Sabugal", "ADM2_CODE": 24784, "GEOSET": "GAUL", "GEOSET_YEAR": 2003.0, "GEOSET_VERSION": "GAUL_v1", "GEOSET_UNIT": "ADM2", "CENTROID_LONG": -7.0235583566487261, "CENTROID_LAT": 40.372785129958821 }, "geometry": { "type": "MultiPolygon", "coordinates": [ [ [ [ -7.0491686, 40.5517578 ], [ -6.9996862, 40.4798698 ], [ -6.9461861, 40.5188751 ], [ -6.8304849, 40.471962 ], [ -6.8304814, 40.4719575 ], [ -6.84039, 40.44706 ], [ -6.83365, 40.43416 ], [ -6.80131, 40.38177 ], [ -6.7984411, 40.3797618 ], [ -6.7888091, 40.3379461 ], [ -6.7897, 40.33124 ], [ -6.79497, 40.32816 ], [ -6.80388, 40.32661 ], [ -6.8184094, 40.3212327 ], [ -6.85794, 40.26695 ], [ -6.8665298, 40.2638794 ], [ -6.87562, 40.26063 ], [ -6.8961, 40.25745 ], [ -6.9198516, 40.2563756 ], [ -6.9440793, 40.255277 ], [ -7.0001507, 40.2811317 ], [ -7.0800743, 40.2767563 ], [ -7.102623, 40.3212051 ], [ -7.1671901, 40.2691765 ], [ -7.2084665, 40.2860336 ], [ -7.2680159, 40.2653465 ], [ -7.29495, 40.2721291 ], [ -7.266818, 40.4089508 ], [ -7.1956377, 40.4327621 ], [ -7.1382217, 40.4132195 ], [ -7.0487657, 40.4743919 ], [ -7.0491686, 40.5517578 ] ] ] ] } },
{ "type": "Feature", "properties": { "POLYGON_ID": "PRT_GAUL2003_ADM2_24785", "ADM0_ISO3": "PRT", "ADM0_NAME": "Portugal", "ADM0_CODE": 199, "ADM1_NAME": "Guarda", "ADM1_CODE": 2394, "ADM2_NAME": "Seia", "ADM2_CODE": 24785, "GEOSET": "GAUL", "GEOSET_YEAR": 2003.0, "GEOSET_VERSION": "GAUL_v1", "GEOSET_UNIT": "ADM2", "CENTROID_LONG": -7.7136941241053538, "CENTROID_LAT": 40.3800792355783 }, "geometry": { "type": "MultiPolygon", "coordinates": [ [ [ [ -7.5781388, 40.3880425 ], [ -7.6097631, 40.3233871 ], [ -7.6560926, 40.2723999 ], [ -7.7805252, 40.2321396 ], [ -7.8227692, 40.2671013 ], [ -7.7982903, 40.3108978 ], [ -7.794354, 40.4613075 ], [ -7.822659, 40.50177 ], [ -7.7503285, 40.5304108 ], [ -7.7160959, 40.5378342 ], [ -7.6891966, 40.4887962 ], [ -7.5987773, 40.4229927 ], [ -7.5781388, 40.3880425 ] ] ] ] } },
{ "type": "Feature", "properties": { "POLYGON_ID": "PRT_GAUL2003_ADM2_24786", "ADM0_ISO3": "PRT", "ADM0_NAME": "Portugal", "ADM0_CODE": 199, "ADM1_NAME": "Guarda", "ADM1_CODE": 2394, "ADM2_NAME": "Trancoso", "ADM2_CODE": 24786, "GEOSET": "GAUL", "GEOSET_YEAR": 2003.0, "GEOSET_VERSION": "GAUL_v1", "GEOSET_UNIT": "ADM2", "CENTROID_LONG": -7.3337439069859851, "CENTROID_LAT": 40.78872518814174 }, "geometry": { "type": "MultiPolygon", "coordinates": [ [ [ [ -7.1997285, 40.8252487 ], [ -7.2530479, 40.6971321 ], [ -7.2938704, 40.7108727 ], [ -7.4169383, 40.6917 ], [ -7.4554548, 40.7201233 ], [ -7.4210191, 40.7610626 ], [ -7.4498549, 40.8125916 ], [ -7.3694859, 40.9053497 ], [ -7.1997285, 40.8252487 ] ] ] ] } },
{ "type": "Feature", "properties": { "POLYGON_ID": "PRT_GAUL2003_ADM2_24787", "ADM0_ISO3": "PRT", "ADM0_NAME": "Portugal", "ADM0_CODE": 199, "ADM1_NAME": "Guarda", "ADM1_CODE": 2394, "ADM2_NAME": "Vila Nova De Foz Coa", "ADM2_CODE": 24787, "GEOSET": "GAUL", "GEOSET_YEAR": 2003.0, "GEOSET_VERSION": "GAUL_v1", "GEOSET_UNIT": "ADM2", "CENTROID_LONG": -7.1630825292166511, "CENTROID_LAT": 41.056644598837224 }, "geometry": { "type": "MultiPolygon", "coordinates": [ [ [ [ -6.9896421, 41.0345802 ], [ -6.9791985, 41.0245247 ], [ -6.9960375, 40.9809837 ], [ -7.0975294, 40.9730339 ], [ -7.1324358, 40.9237976 ], [ -7.2219653, 41.0343666 ], [ -7.3290768, 41.0210342 ], [ -7.334444, 41.0580139 ], [ -7.2983499, 41.1444664 ], [ -7.2152467, 41.1414299 ], [ -7.1460562, 41.159481 ], [ -7.0805063, 41.1330757 ], [ -7.0978155, 41.0840263 ], [ -6.9896421, 41.0345802 ] ] ] ] } },
{ "type": "Feature", "properties": { "POLYGON_ID": "PRT_GAUL2003_ADM2_24808", "ADM0_ISO3": "PRT", "ADM0_NAME": "Portugal", "ADM0_CODE": 199, "ADM1_NAME": "Leiria", "ADM1_CODE": 2405, "ADM2_NAME": "Alcobaca", "ADM2_CODE": 24808, "GEOSET": "GAUL", "GEOSET_YEAR": 2003.0, "GEOSET_VERSION": "GAUL_v1", "GEOSET_UNIT": "ADM2", "CENTROID_LONG": -8.9906043353092606, "CENTROID_LAT": 39.552936995065394 }, "geometry": { "type": "MultiPolygon", "coordinates": [ [ [ [ -8.9298153, 39.6973495 ], [ -8.9077339, 39.639534 ], [ -8.930913, 39.6271057 ], [ -8.8864641, 39.5289993 ], [ -8.897274, 39.4679451 ], [ -8.9424458, 39.3943558 ], [ -8.9772625, 39.3876991 ], [ -9.0099926, 39.4200706 ], [ -8.9850187, 39.4560471 ], [ -9.0501146, 39.4761696 ], [ -9.1168728, 39.4621811 ], [ -9.1428747, 39.4969749 ], [ -9.1048854, 39.5457379 ], [ -9.0638075, 39.5719223 ], [ -8.9865484, 39.584919 ], [ -8.9694901, 39.6416512 ], [ -9.0647928, 39.6483688 ], [ -9.0357383, 39.7418515 ], [ -8.9298153, 39.6973495 ] ] ] ] } },
{ "type": "Feature", "properties": { "POLYGON_ID": "PRT_GAUL2003_ADM2_24809", "ADM0_ISO3": "PRT", "ADM0_NAME": "Portugal", "ADM0_CODE": 199, "ADM1_NAME": "Leiria", "ADM1_CODE": 2405, "ADM2_NAME": "Alvaiazere", "ADM2_CODE": 24809, "GEOSET": "GAUL", "GEOSET_YEAR": 2003.0, "GEOSET_VERSION": "GAUL_v1", "GEOSET_UNIT": "ADM2", "CENTROID_LONG": -8.3988508092409226, "CENTROID_LAT": 39.819170550588467 }, "geometry": { "type": "MultiPolygon", "coordinates": [ [ [ [ -8.3325405, 39.8027191 ], [ -8.377512, 39.7559967 ], [ -8.4243698, 39.7446632 ], [ -8.4744825, 39.8403206 ], [ -8.4733944, 39.870491 ], [ -8.4073753, 39.8582306 ], [ -8.3442554, 39.8960304 ], [ -8.3325405, 39.8027191 ] ] ] ] } },
{ "type": "Feature", "properties": { "POLYGON_ID": "PRT_GAUL2003_ADM2_24810", "ADM0_ISO3": "PRT", "ADM0_NAME": "Portugal", "ADM0_CODE": 199, "ADM1_NAME": "Leiria", "ADM1_CODE": 2405, "ADM2_NAME": "Ansiao", "ADM2_CODE": 24810, "GEOSET": "GAUL", "GEOSET_YEAR": 2003.0, "GEOSET_VERSION": "GAUL_v1", "GEOSET_UNIT": "ADM2", "CENTROID_LONG": -8.4323201065416544, "CENTROID_LAT": 39.935816176365698 }, "geometry": { "type": "MultiPolygon", "coordinates": [ [ [ [ -8.3406792, 39.953495 ], [ -8.3442554, 39.8960304 ], [ -8.4073753, 39.8582306 ], [ -8.4733944, 39.870491 ], [ -8.5345726, 39.954113 ], [ -8.4543161, 40.0235519 ], [ -8.4290037, 40.0081406 ], [ -8.4238663, 40.0075684 ], [ -8.3406792, 39.953495 ] ] ] ] } },
{ "type": "Feature", "properties": { "POLYGON_ID": "PRT_GAUL2003_ADM2_24811", "ADM0_ISO3": "PRT", "ADM0_NAME": "Portugal", "ADM0_CODE": 199, "ADM1_NAME": "Leiria", "ADM1_CODE": 2405, "ADM2_NAME": "Batalha", "ADM2_CODE": 24811, "GEOSET": "GAUL", "GEOSET_YEAR": 2003.0, "GEOSET_VERSION": "GAUL_v1", "GEOSET_UNIT": "ADM2", "CENTROID_LONG": -8.7555618317046466, "CENTROID_LAT": 39.636233745324041 }, "geometry": { "type": "MultiPolygon", "coordinates": [ [ [ [ -8.6971531, 39.6432533 ], [ -8.6677322, 39.5645638 ], [ -8.68153, 39.5536003 ], [ -8.7384634, 39.6156731 ], [ -8.8705587, 39.6550064 ], [ -8.8590641, 39.67976 ], [ -8.7139854, 39.6674805 ], [ -8.6971531, 39.6432533 ] ] ] ] } },
{ "type": "Feature", "properties": { "POLYGON_ID": "PRT_GAUL2003_ADM2_24812", "ADM0_ISO3": "PRT", "ADM0_NAME": "Portugal", "ADM0_CODE": 199, "ADM1_NAME": "Leiria", "ADM1_CODE": 2405, "ADM2_NAME": "Bombarral", "ADM2_CODE": 24812, "GEOSET": "GAUL", "GEOSET_YEAR": 2003.0, "GEOSET_VERSION": "GAUL_v1", "GEOSET_UNIT": "ADM2", "CENTROID_LONG": -9.1511872272720609, "CENTROID_LAT": 39.290121215363506 }, "geometry": { "type": "MultiPolygon", "coordinates": [ [ [ [ -9.090517, 39.3262863 ], [ -9.0804281, 39.2970543 ], [ -9.1735096, 39.2118607 ], [ -9.1984501, 39.3011589 ], [ -9.2358294, 39.30653 ], [ -9.1821728, 39.3377342 ], [ -9.090517, 39.3262863 ] ] ] ] } },
{ "type": "Feature", "properties": { "POLYGON_ID": "PRT_GAUL2003_ADM2_24813", "ADM0_ISO3": "PRT", "ADM0_NAME": "Portugal", "ADM0_CODE": 199, "ADM1_NAME": "Leiria", "ADM1_CODE": 2405, "ADM2_NAME": "Caldas Da Rainha", "ADM2_CODE": 24813, "GEOSET": "GAUL", "GEOSET_YEAR": 2003.0, "GEOSET_VERSION": "GAUL_v1", "GEOSET_UNIT": "ADM2", "CENTROID_LONG": -9.0779419172153073, "CENTROID_LAT": 39.39903978164071 }, "geometry": { "type": "MultiPolygon", "coordinates": [ [ [ [ -9.1428747, 39.4969749 ], [ -9.1168728, 39.4621811 ], [ -9.0501146, 39.4761696 ], [ -8.9850187, 39.4560471 ], [ -9.0099926, 39.4200706 ], [ -8.9772625, 39.3876991 ], [ -8.9905691, 39.2973175 ], [ -9.0804281, 39.2970543 ], [ -9.090517, 39.3262863 ], [ -9.1177092, 39.3854103 ], [ -9.1859848, 39.4005393 ], [ -9.2284508, 39.4278374 ], [ -9.1428747, 39.4969749 ] ] ] ] } },
{ "type": "Feature", "properties": { "POLYGON_ID": "PRT_GAUL2003_ADM2_24814", "ADM0_ISO3": "PRT", "ADM0_NAME": "Portugal", "ADM0_CODE": 199, "ADM1_NAME": "Leiria", "ADM1_CODE": 2405, "ADM2_NAME": "Castanheira De Pera", "ADM2_CODE": 24814, "GEOSET": "GAUL", "GEOSET_YEAR": 2003.0, "GEOSET_VERSION": "GAUL_v1", "GEOSET_UNIT": "ADM2", "CENTROID_LONG": -8.1927627269618082, "CENTROID_LAT": 40.021162056209242 }, "geometry": { "type": "MultiPolygon", "coordinates": [ [ [ [ -8.151351, 40.0349388 ], [ -8.1847877, 39.9729996 ], [ -8.2378712, 39.9625092 ], [ -8.2102346, 40.0557747 ], [ -8.1756897, 40.0915337 ], [ -8.151351, 40.0349388 ] ] ] ] } },
{ "type": "Feature", "properties": { "POLYGON_ID": "PRT_GAUL2003_ADM2_24815", "ADM0_ISO3": "PRT", "ADM0_NAME": "Portugal", "ADM0_CODE": 199, "ADM1_NAME": "Leiria", "ADM1_CODE": 2405, "ADM2_NAME": "Figueiro Dos Vinhos", "ADM2_CODE": 24815, "GEOSET": "GAUL", "GEOSET_YEAR": 2003.0, "GEOSET_VERSION": "GAUL_v1", "GEOSET_UNIT": "ADM2", "CENTROID_LONG": -8.2816730951622279, "CENTROID_LAT": 39.921844682810303 }, "geometry": { "type": "MultiPolygon", "coordinates": [ [ [ [ -8.2102346, 40.0557747 ], [ -8.2378712, 39.9625092 ], [ -8.2506561, 39.9051857 ], [ -8.2207785, 39.8589325 ], [ -8.2733965, 39.8416672 ], [ -8.2809782, 39.7982521 ], [ -8.3325405, 39.8027191 ], [ -8.3442554, 39.8960304 ], [ -8.3406792, 39.953495 ], [ -8.2691956, 39.9817123 ], [ -8.2837801, 40.0284462 ], [ -8.2414055, 40.0697479 ], [ -8.2102346, 40.0557747 ] ] ] ] } },
{ "type": "Feature", "properties": { "POLYGON_ID": "PRT_GAUL2003_ADM2_24816", "ADM0_ISO3": "PRT", "ADM0_NAME": "Portugal", "ADM0_CODE": 199, "ADM1_NAME": "Leiria", "ADM1_CODE": 2405, "ADM2_NAME": "Leiria", "ADM2_CODE": 24816, "GEOSET": "GAUL", "GEOSET_YEAR": 2003.0, "GEOSET_VERSION": "GAUL_v1", "GEOSET_UNIT": "ADM2", "CENTROID_LONG": -8.8054889644500793, "CENTROID_LAT": 39.792225625665793 }, "geometry": { "type": "MultiPolygon", "coordinates": [ [ [ [ -8.6205606, 39.7913322 ], [ -8.6770592, 39.7694702 ], [ -8.6713696, 39.7132225 ], [ -8.6303587, 39.6998634 ], [ -8.6971531, 39.6432533 ], [ -8.7139854, 39.6674805 ], [ -8.8590641, 39.67976 ], [ -8.8705587, 39.6550064 ], [ -8.9077339, 39.639534 ], [ -8.9298153, 39.6973495 ], [ -8.8777504, 39.7419243 ], [ -8.9144373, 39.8441544 ], [ -8.9633606, 39.8878021 ], [ -8.9263315, 39.9652252 ], [ -8.7587748, 39.8999367 ], [ -8.711113, 39.8319283 ], [ -8.6205606, 39.7913322 ] ] ] ] } },
{ "type": "Feature", "properties": { "POLYGON_ID": "PRT_GAUL2003_ADM2_24817", "ADM0_ISO3": "PRT", "ADM0_NAME": "Portugal", "ADM0_CODE": 199, "ADM1_NAME": "Leiria", "ADM1_CODE": 2405, "ADM2_NAME": "Marinha Grande", "ADM2_CODE": 24817, "GEOSET": "GAUL", "GEOSET_YEAR": 2003.0, "GEOSET_VERSION": "GAUL_v1", "GEOSET_UNIT": "ADM2", "CENTROID_LONG": -8.9524949696014637, "CENTROID_LAT": 39.780646381303328 }, "geometry": { "type": "MultiPolygon", "coordinates": [ [ [ [ -8.9298153, 39.6973495 ], [ -9.0357383, 39.7418515 ], [ -8.9633606, 39.8878021 ], [ -8.9144373, 39.8441544 ], [ -8.8777504, 39.7419243 ], [ -8.9298153, 39.6973495 ] ] ] ] } },
{ "type": "Feature", "properties": { "POLYGON_ID": "PRT_GAUL2003_ADM2_24818", "ADM0_ISO3": "PRT", "ADM0_NAME": "Portugal", "ADM0_CODE": 199, "ADM1_NAME": "Leiria", "ADM1_CODE": 2405, "ADM2_NAME": "Nazare", "ADM2_CODE": 24818, "GEOSET": "GAUL", "GEOSET_YEAR": 2003.0, "GEOSET_VERSION": "GAUL_v1", "GEOSET_UNIT": "ADM2", "CENTROID_LONG": -9.0274403843349837, "CENTROID_LAT": 39.610296550833326 }, "geometry": { "type": "MultiPolygon", "coordinates": [ [ [ [ -9.1048854, 39.5457379 ], [ -9.0696182, 39.5830421 ], [ -9.0647928, 39.6483688 ], [ -8.9694901, 39.6416512 ], [ -8.9865484, 39.584919 ], [ -9.0638075, 39.5719223 ], [ -9.1048854, 39.5457379 ] ] ] ] } },
{ "type": "Feature", "properties": { "POLYGON_ID": "PRT_GAUL2003_ADM2_24819", "ADM0_ISO3": "PRT", "ADM0_NAME": "Portugal", "ADM0_CODE": 199, "ADM1_NAME": "Leiria", "ADM1_CODE": 2405, "ADM2_NAME": "Obidos", "ADM2_CODE": 24819, "GEOSET": "GAUL", "GEOSET_YEAR": 2003.0, "GEOSET_VERSION": "GAUL_v1", "GEOSET_UNIT": "ADM2", "CENTROID_LONG": -9.1984591610204571, "CENTROID_LAT": 39.363238742738638 }, "geometry": { "type": "MultiPolygon", "coordinates": [ [ [ [ -9.1859848, 39.4005393 ], [ -9.1177092, 39.3854103 ], [ -9.090517, 39.3262863 ], [ -9.1821728, 39.3377342 ], [ -9.2358294, 39.30653 ], [ -9.2569027, 39.3164787 ], [ -9.2876601, 39.3881195 ], [ -9.2266455, 39.4178429 ], [ -9.1859848, 39.4005393 ] ] ] ] } },
{ "type": "Feature", "properties": { "POLYGON_ID": "PRT_GAUL2003_ADM2_24820", "ADM0_ISO3": "PRT", "ADM0_NAME": "Portugal", "ADM0_CODE": 199, "ADM1_NAME": "Leiria", "ADM1_CODE": 2405, "ADM2_NAME": "Pedrogao Grande", "ADM2_CODE": 24820, "GEOSET": "GAUL", "GEOSET_YEAR": 2003.0, "GEOSET_VERSION": "GAUL_v1", "GEOSET_UNIT": "ADM2", "CENTROID_LONG": -8.1766422889281198, "CENTROID_LAT": 39.936440441048418 }, "geometry": { "type": "MultiPolygon", "coordinates": [ [ [ [ -8.151351, 40.0349388 ], [ -8.1034842, 39.9660912 ], [ -8.114047, 39.9348335 ], [ -8.141737, 39.888607 ], [ -8.2207785, 39.8589325 ], [ -8.2506561, 39.9051857 ], [ -8.2378712, 39.9625092 ], [ -8.1847877, 39.9729996 ], [ -8.151351, 40.0349388 ] ] ] ] } },
{ "type": "Feature", "properties": { "POLYGON_ID": "PRT_GAUL2003_ADM2_24821", "ADM0_ISO3": "PRT", "ADM0_NAME": "Portugal", "ADM0_CODE": 199, "ADM1_NAME": "Leiria", "ADM1_CODE": 2405, "ADM2_NAME": "Peniche", "ADM2_CODE": 24821, "GEOSET": "GAUL", "GEOSET_YEAR": 2003.0, "GEOSET_VERSION": "GAUL_v1", "GEOSET_UNIT": "ADM2", "CENTROID_LONG": -9.3095285684870177, "CENTROID_LAT": 39.330770868197774 }, "geometry": { "type": "MultiPolygon", "coordinates": [ [ [ [ -9.2569027, 39.3164787 ], [ -9.2905664, 39.2859154 ], [ -9.34462, 39.2908173 ], [ -9.3648043, 39.3447685 ], [ -9.2876601, 39.3881195 ], [ -9.2569027, 39.3164787 ] ] ] ] } },
{ "type": "Feature", "properties": { "POLYGON_ID": "PRT_GAUL2003_ADM2_24822", "ADM0_ISO3": "PRT", "ADM0_NAME": "Portugal", "ADM0_CODE": 199, "ADM1_NAME": "Leiria", "ADM1_CODE": 2405, "ADM2_NAME": "Pombal", "ADM2_CODE": 24822, "GEOSET": "GAUL", "GEOSET_YEAR": 2003.0, "GEOSET_VERSION": "GAUL_v1", "GEOSET_UNIT": "ADM2", "CENTROID_LONG": -8.6748155694302653, "CENTROID_LAT": 39.926345656168372 }, "geometry": { "type": "MultiPolygon", "coordinates": [ [ [ [ -8.7303696, 40.0359268 ], [ -8.6751471, 40.0325012 ], [ -8.6157475, 39.9954529 ], [ -8.5537472, 40.0330124 ], [ -8.5345726, 39.954113 ], [ -8.4733944, 39.870491 ], [ -8.4744825, 39.8403206 ], [ -8.5800858, 39.7813759 ], [ -8.6205606, 39.7913322 ], [ -8.711113, 39.8319283 ], [ -8.7587748, 39.8999367 ], [ -8.9263315, 39.9652252 ], [ -8.8937334, 40.0466311 ], [ -8.7979698, 40.0162849 ], [ -8.7303696, 40.0359268 ] ] ] ] } },
{ "type": "Feature", "properties": { "POLYGON_ID": "PRT_GAUL2003_ADM2_24823", "ADM0_ISO3": "PRT", "ADM0_NAME": "Portugal", "ADM0_CODE": 199, "ADM1_NAME": "Leiria", "ADM1_CODE": 2405, "ADM2_NAME": "Porto De Mos", "ADM2_CODE": 24823, "GEOSET": "GAUL", "GEOSET_YEAR": 2003.0, "GEOSET_VERSION": "GAUL_v1", "GEOSET_UNIT": "ADM2", "CENTROID_LONG": -8.8112345771469656, "CENTROID_LAT": 39.557904672082593 }, "geometry": { "type": "MultiPolygon", "coordinates": [ [ [ [ -8.68153, 39.5536003 ], [ -8.7234402, 39.484333 ], [ -8.7534742, 39.4792862 ], [ -8.8853359, 39.4682236 ], [ -8.897274, 39.4679451 ], [ -8.8864641, 39.5289993 ], [ -8.930913, 39.6271057 ], [ -8.9077339, 39.639534 ], [ -8.8705587, 39.6550064 ], [ -8.7384634, 39.6156731 ], [ -8.68153, 39.5536003 ] ] ] ] } },
{ "type": "Feature", "properties": { "POLYGON_ID": "PRT_GAUL2003_ADM2_24824", "ADM0_ISO3": "PRT", "ADM0_NAME": "Portugal", "ADM0_CODE": 199, "ADM1_NAME": "Lisboa", "ADM1_CODE": 2406, "ADM2_NAME": "Alenquer", "ADM2_CODE": 24824, "GEOSET": "GAUL", "GEOSET_YEAR": 2003.0, "GEOSET_VERSION": "GAUL_v1", "GEOSET_UNIT": "ADM2", "CENTROID_LONG": -9.0323769582496141, "CENTROID_LAT": 39.09714760070645 }, "geometry": { "type": "MultiPolygon", "coordinates": [ [ [ [ -9.0012846, 39.1890831 ], [ -8.9348431, 39.1561852 ], [ -8.9149237, 39.1086388 ], [ -8.9505682, 39.0435753 ], [ -8.9253689, 39.0228076 ], [ -8.9396392, 39.003521 ], [ -9.0340137, 39.0112076 ], [ -9.0958214, 39.0236816 ], [ -9.1213741, 39.0371666 ], [ -9.1556139, 39.1018753 ], [ -9.131999, 39.1337547 ], [ -9.1495552, 39.1844215 ], [ -9.1036186, 39.1687241 ], [ -9.0012846, 39.1890831 ] ] ] ] } },
{ "type": "Feature", "properties": { "POLYGON_ID": "PRT_GAUL2003_ADM2_24825", "ADM0_ISO3": "PRT", "ADM0_NAME": "Portugal", "ADM0_CODE": 199, "ADM1_NAME": "Lisboa", "ADM1_CODE": 2406, "ADM2_NAME": "Amadora", "ADM2_CODE": 24825, "GEOSET": "GAUL", "GEOSET_YEAR": 2003.0, "GEOSET_VERSION": "GAUL_v1", "GEOSET_UNIT": "ADM2", "CENTROID_LONG": -9.2227008745537589, "CENTROID_LAT": 38.750649990274894 }, "geometry": { "type": "MultiPolygon", "coordinates": [ [ [ [ -9.2206087, 38.7860985 ], [ -9.1957445, 38.7605896 ], [ -9.207778, 38.720108 ], [ -9.2583942, 38.7394371 ], [ -9.2206087, 38.7860985 ] ] ] ] } },
{ "type": "Feature", "properties": { "POLYGON_ID": "PRT_GAUL2003_ADM2_24826", "ADM0_ISO3": "PRT", "ADM0_NAME": "Portugal", "ADM0_CODE": 199, "ADM1_NAME": "Lisboa", "ADM1_CODE": 2406, "ADM2_NAME": "Arruda Dos Vinhos", "ADM2_CODE": 24826, "GEOSET": "GAUL", "GEOSET_YEAR": 2003.0, "GEOSET_VERSION": "GAUL_v1", "GEOSET_UNIT": "ADM2", "CENTROID_LONG": -9.0892840479105779, "CENTROID_LAT": 38.971599495299536 }, "geometry": { "type": "MultiPolygon", "coordinates": [ [ [ [ -9.0340137, 39.0112076 ], [ -9.0213137, 38.9639053 ], [ -9.0791607, 38.9291649 ], [ -9.155407, 38.9298019 ], [ -9.1616678, 38.9552689 ], [ -9.0958214, 39.0236816 ], [ -9.0340137, 39.0112076 ] ] ] ] } },
{ "type": "Feature", "properties": { "POLYGON_ID": "PRT_GAUL2003_ADM2_24827", "ADM0_ISO3": "PRT", "ADM0_NAME": "Portugal", "ADM0_CODE": 199, "ADM1_NAME": "Lisboa", "ADM1_CODE": 2406, "ADM2_NAME": "Azambuja", "ADM2_CODE": 24827, "GEOSET": "GAUL", "GEOSET_YEAR": 2003.0, "GEOSET_VERSION": "GAUL_v1", "GEOSET_UNIT": "ADM2", "CENTROID_LONG": -8.8890415921608863, "CENTROID_LAT": 39.135293489823042 }, "geometry": { "type": "MultiPolygon", "coordinates": [ [ [ [ -8.8700428, 39.2518196 ], [ -8.8139515, 39.2012444 ], [ -8.9019947, 39.1661682 ], [ -8.8028803, 39.1096077 ], [ -8.7758231, 39.0625809 ], [ -8.8211451, 39.0307083 ], [ -8.9253689, 39.0228076 ], [ -8.9505682, 39.0435753 ], [ -8.9149237, 39.1086388 ], [ -8.9348431, 39.1561852 ], [ -9.0012846, 39.1890831 ], [ -8.9785385, 39.251133 ], [ -8.9073095, 39.2367134 ], [ -8.8700428, 39.2518196 ] ] ] ] } },
{ "type": "Feature", "properties": { "POLYGON_ID": "PRT_GAUL2003_ADM2_24828", "ADM0_ISO3": "PRT", "ADM0_NAME": "Portugal", "ADM0_CODE": 199, "ADM1_NAME": "Lisboa", "ADM1_CODE": 2406, "ADM2_NAME": "Cadaval", "ADM2_CODE": 24828, "GEOSET": "GAUL", "GEOSET_YEAR": 2003.0, "GEOSET_VERSION": "GAUL_v1", "GEOSET_UNIT": "ADM2", "CENTROID_LONG": -9.0672088482549711, "CENTROID_LAT": 39.232582508628596 }, "geometry": { "type": "MultiPolygon", "coordinates": [ [ [ [ -8.9905691, 39.2973175 ], [ -8.9785385, 39.251133 ], [ -9.0012846, 39.1890831 ], [ -9.1036186, 39.1687241 ], [ -9.1495552, 39.1844215 ], [ -9.1762791, 39.1973839 ], [ -9.1735096, 39.2118607 ], [ -9.0804281, 39.2970543 ], [ -8.9905691, 39.2973175 ] ] ] ] } },
{ "type": "Feature", "properties": { "POLYGON_ID": "PRT_GAUL2003_ADM2_24829", "ADM0_ISO3": "PRT", "ADM0_NAME": "Portugal", "ADM0_CODE": 199, "ADM1_NAME": "Lisboa", "ADM1_CODE": 2406, "ADM2_NAME": "Cascais", "ADM2_CODE": 24829, "GEOSET": "GAUL", "GEOSET_YEAR": 2003.0, "GEOSET_VERSION": "GAUL_v1", "GEOSET_UNIT": "ADM2", "CENTROID_LONG": -9.3906350723259138, "CENTROID_LAT": 38.724881212081463 }, "geometry": { "type": "MultiPolygon", "coordinates": [ [ [ [ -9.3031359, 38.7432594 ], [ -9.3186369, 38.6734276 ], [ -9.3968992, 38.7004509 ], [ -9.4838877, 38.707634 ], [ -9.4795257, 38.7549238 ], [ -9.4154119, 38.7624931 ], [ -9.3031359, 38.7432594 ] ] ] ] } },
{ "type": "Feature", "properties": { "POLYGON_ID": "PRT_GAUL2003_ADM2_24830", "ADM0_ISO3": "PRT", "ADM0_NAME": "Portugal", "ADM0_CODE": 199, "ADM1_NAME": "Lisboa", "ADM1_CODE": 2406, "ADM2_NAME": "Lisboa", "ADM2_CODE": 24830, "GEOSET": "GAUL", "GEOSET_YEAR": 2003.0, "GEOSET_VERSION": "GAUL_v1", "GEOSET_UNIT": "ADM2", "CENTROID_LONG": -9.1526771668558347, "CENTROID_LAT": 38.744033146462471 }, "geometry": { "type": "MultiPolygon", "coordinates": [ [ [ [ -9.0870762, 38.7822227 ], [ -9.1197567, 38.7090416 ], [ -9.222009, 38.6919878 ], [ -9.207778, 38.720108 ], [ -9.1957445, 38.7605896 ], [ -9.1470299, 38.7965126 ], [ -9.0870762, 38.7822227 ] ] ] ] } },
{ "type": "Feature", "properties": { "POLYGON_ID": "PRT_GAUL2003_ADM2_24831", "ADM0_ISO3": "PRT", "ADM0_NAME": "Portugal", "ADM0_CODE": 199, "ADM1_NAME": "Lisboa", "ADM1_CODE": 2406, "ADM2_NAME": "Loures", "ADM2_CODE": 24831, "GEOSET": "GAUL", "GEOSET_YEAR": 2003.0, "GEOSET_VERSION": "GAUL_v1", "GEOSET_UNIT": "ADM2", "CENTROID_LONG": -9.1491715670345215, "CENTROID_LAT": 38.860937997291842 }, "geometry": { "type": "MultiPolygon", "coordinates": [ [ [ [ -9.0791607, 38.9291649 ], [ -9.1046076, 38.8934555 ], [ -9.0652957, 38.8428838 ], [ -9.0870762, 38.7822227 ], [ -9.1470299, 38.7965126 ], [ -9.2261877, 38.8271523 ], [ -9.232996, 38.8626213 ], [ -9.2232857, 38.9141922 ], [ -9.155407, 38.9298019 ], [ -9.0791607, 38.9291649 ] ] ] ] } },
{ "type": "Feature", "properties": { "POLYGON_ID": "PRT_GAUL2003_ADM2_24832", "ADM0_ISO3": "PRT", "ADM0_NAME": "Portugal", "ADM0_CODE": 199, "ADM1_NAME": "Lisboa", "ADM1_CODE": 2406, "ADM2_NAME": "Lourinha", "ADM2_CODE": 24832, "GEOSET": "GAUL", "GEOSET_YEAR": 2003.0, "GEOSET_VERSION": "GAUL_v1", "GEOSET_UNIT": "ADM2", "CENTROID_LONG": -9.2689659140396525, "CENTROID_LAT": 39.244144172550484 }, "geometry": { "type": "MultiPolygon", "coordinates": [ [ [ [ -9.2358294, 39.30653 ], [ -9.1984501, 39.3011589 ], [ -9.1735096, 39.2118607 ], [ -9.1762791, 39.1973839 ], [ -9.2000875, 39.2151833 ], [ -9.3189774, 39.1745338 ], [ -9.3527112, 39.1898117 ], [ -9.34462, 39.2908173 ], [ -9.2905664, 39.2859154 ], [ -9.2569027, 39.3164787 ], [ -9.2358294, 39.30653 ] ] ] ] } },
{ "type": "Feature", "properties": { "POLYGON_ID": "PRT_GAUL2003_ADM2_24833", "ADM0_ISO3": "PRT", "ADM0_NAME": "Portugal", "ADM0_CODE": 199, "ADM1_NAME": "Lisboa", "ADM1_CODE": 2406, "ADM2_NAME": "Mafra", "ADM2_CODE": 24833, "GEOSET": "GAUL", "GEOSET_YEAR": 2003.0, "GEOSET_VERSION": "GAUL_v1", "GEOSET_UNIT": "ADM2", "CENTROID_LONG": -9.3080482518540393, "CENTROID_LAT": 38.961427681657938 }, "geometry": { "type": "MultiPolygon", "coordinates": [ [ [ [ -9.2084732, 39.0087204 ], [ -9.2054014, 38.9547806 ], [ -9.1616678, 38.9552689 ], [ -9.155407, 38.9298019 ], [ -9.2232857, 38.9141922 ], [ -9.232996, 38.8626213 ], [ -9.2802515, 38.8920708 ], [ -9.3415194, 38.8818398 ], [ -9.4167462, 38.9290581 ], [ -9.4140453, 39.0500565 ], [ -9.349165, 39.0496445 ], [ -9.2885551, 39.0215263 ], [ -9.2084732, 39.0087204 ] ] ] ] } },
{ "type": "Feature", "properties": { "POLYGON_ID": "PRT_GAUL2003_ADM2_24834", "ADM0_ISO3": "PRT", "ADM0_NAME": "Portugal", "ADM0_CODE": 199, "ADM1_NAME": "Lisboa", "ADM1_CODE": 2406, "ADM2_NAME": "Odivelas", "ADM2_CODE": 24834, "GEOSET": "GAUL", "GEOSET_YEAR": 2003.0, "GEOSET_VERSION": "GAUL_v1", "GEOSET_UNIT": "ADM2", "CENTROID_LONG": -9.1937857147143163, "CENTROID_LAT": 38.794166715482319 }, "geometry": { "type": "MultiPolygon", "coordinates": [ [ [ [ -9.1470299, 38.7965126 ], [ -9.1957445, 38.7605896 ], [ -9.2206087, 38.7860985 ], [ -9.2261877, 38.8271523 ], [ -9.1470299, 38.7965126 ] ] ] ] } },
{ "type": "Feature", "properties": { "POLYGON_ID": "PRT_GAUL2003_ADM2_24835", "ADM0_ISO3": "PRT", "ADM0_NAME": "Portugal", "ADM0_CODE": 199, "ADM1_NAME": "Lisboa", "ADM1_CODE": 2406, "ADM2_NAME": "Oeiras", "ADM2_CODE": 24835, "GEOSET": "GAUL", "GEOSET_YEAR": 2003.0, "GEOSET_VERSION": "GAUL_v1", "GEOSET_UNIT": "ADM2", "CENTROID_LONG": -9.2686471392600485, "CENTROID_LAT": 38.709587849549962 }, "geometry": { "type": "MultiPolygon", "coordinates": [ [ [ [ -9.2583942, 38.7394371 ], [ -9.207778, 38.720108 ], [ -9.222009, 38.6919878 ], [ -9.3186369, 38.6734276 ], [ -9.3031359, 38.7432594 ], [ -9.2583942, 38.7394371 ] ] ] ] } },
{ "type": "Feature", "properties": { "POLYGON_ID": "PRT_GAUL2003_ADM2_24836", "ADM0_ISO3": "PRT", "ADM0_NAME": "Portugal", "ADM0_CODE": 199, "ADM1_NAME": "Lisboa", "ADM1_CODE": 2406, "ADM2_NAME": "Sintra", "ADM2_CODE": 24836, "GEOSET": "GAUL", "GEOSET_YEAR": 2003.0, "GEOSET_VERSION": "GAUL_v1", "GEOSET_UNIT": "ADM2", "CENTROID_LONG": -9.3521895811146756, "CENTROID_LAT": 38.820589215012397 }, "geometry": { "type": "MultiPolygon", "coordinates": [ [ [ [ -9.232996, 38.8626213 ], [ -9.2261877, 38.8271523 ], [ -9.2206087, 38.7860985 ], [ -9.2583942, 38.7394371 ], [ -9.3031359, 38.7432594 ], [ -9.4154119, 38.7624931 ], [ -9.4795257, 38.7549238 ], [ -9.495944, 38.7795029 ], [ -9.4167462, 38.9290581 ], [ -9.3415194, 38.8818398 ], [ -9.2802515, 38.8920708 ], [ -9.232996, 38.8626213 ] ] ] ] } },
{ "type": "Feature", "properties": { "POLYGON_ID": "PRT_GAUL2003_ADM2_24837", "ADM0_ISO3": "PRT", "ADM0_NAME": "Portugal", "ADM0_CODE": 199, "ADM1_NAME": "Lisboa", "ADM1_CODE": 2406, "ADM2_NAME": "Sobral De Monte Agraco", "ADM2_CODE": 24837, "GEOSET": "GAUL", "GEOSET_YEAR": 2003.0, "GEOSET_VERSION": "GAUL_v1", "GEOSET_UNIT": "ADM2", "CENTROID_LONG": -9.1608456249796273, "CENTROID_LAT": 38.995680333121015 }, "geometry": { "type": "MultiPolygon", "coordinates": [ [ [ [ -9.0958214, 39.0236816 ], [ -9.1616678, 38.9552689 ], [ -9.2054014, 38.9547806 ], [ -9.2084732, 39.0087204 ], [ -9.1213741, 39.0371666 ], [ -9.0958214, 39.0236816 ] ] ] ] } },
{ "type": "Feature", "properties": { "POLYGON_ID": "PRT_GAUL2003_ADM2_24838", "ADM0_ISO3": "PRT", "ADM0_NAME": "Portugal", "ADM0_CODE": 199, "ADM1_NAME": "Lisboa", "ADM1_CODE": 2406, "ADM2_NAME": "Torres Vedras", "ADM2_CODE": 24838, "GEOSET": "GAUL", "GEOSET_YEAR": 2003.0, "GEOSET_VERSION": "GAUL_v1", "GEOSET_UNIT": "ADM2", "CENTROID_LONG": -9.2592679692561841, "CENTROID_LAT": 39.106215314775753 }, "geometry": { "type": "MultiPolygon", "coordinates": [ [ [ [ -9.1762791, 39.1973839 ], [ -9.1495552, 39.1844215 ], [ -9.131999, 39.1337547 ], [ -9.1556139, 39.1018753 ], [ -9.1213741, 39.0371666 ], [ -9.2084732, 39.0087204 ], [ -9.2885551, 39.0215263 ], [ -9.349165, 39.0496445 ], [ -9.4140453, 39.0500565 ], [ -9.4206533, 39.0703392 ], [ -9.3527112, 39.1898117 ], [ -9.3189774, 39.1745338 ], [ -9.2000875, 39.2151833 ], [ -9.1762791, 39.1973839 ] ] ] ] } },
{ "type": "Feature", "properties": { "POLYGON_ID": "PRT_GAUL2003_ADM2_24839", "ADM0_ISO3": "PRT", "ADM0_NAME": "Portugal", "ADM0_CODE": 199, "ADM1_NAME": "Lisboa", "ADM1_CODE": 2406, "ADM2_NAME": "Vila Franca De Xira", "ADM2_CODE": 24839, "GEOSET": "GAUL", "GEOSET_YEAR": 2003.0, "GEOSET_VERSION": "GAUL_v1", "GEOSET_UNIT": "ADM2", "CENTROID_LONG": -8.9683002335063247, "CENTROID_LAT": 38.93974680817113 }, "geometry": { "type": "MultiPolygon", "coordinates": [ [ [ [ -8.8537469, 39.025291 ], [ -8.8456955, 38.9643936 ], [ -8.8881626, 38.9413338 ], [ -8.9455652, 38.8449249 ], [ -8.9838819, 38.8541298 ], [ -8.9885635, 38.9273224 ], [ -8.9190025, 39.0177689 ], [ -8.8537469, 39.025291 ] ] ], [ [ [ -8.9396392, 39.003521 ], [ -9.0652957, 38.8428838 ], [ -9.1046076, 38.8934555 ], [ -9.0791607, 38.9291649 ], [ -9.0213137, 38.9639053 ], [ -9.0340137, 39.0112076 ], [ -8.9396392, 39.003521 ] ] ] ] } },
{ "type": "Feature", "properties": { "POLYGON_ID": "PRT_GAUL2003_ADM2_24840", "ADM0_ISO3": "PRT", "ADM0_NAME": "Portugal", "ADM0_CODE": 199, "ADM1_NAME": "Portalegre", "ADM1_CODE": 2407, "ADM2_NAME": "Alter Do Chao", "ADM2_CODE": 24840, "GEOSET": "GAUL", "GEOSET_YEAR": 2003.0, "GEOSET_VERSION": "GAUL_v1", "GEOSET_UNIT": "ADM2", "CENTROID_LONG": -7.7203713159337344, "CENTROID_LAT": 39.213214964211829 }, "geometry": { "type": "MultiPolygon", "coordinates": [ [ [ [ -7.5172505, 39.1910172 ], [ -7.5314593, 39.1583252 ], [ -7.6413112, 39.1451569 ], [ -7.6639047, 39.1155396 ], [ -7.7620254, 39.1346893 ], [ -7.8500633, 39.2139168 ], [ -7.8690634, 39.2779198 ], [ -7.8183041, 39.3280449 ], [ -7.7300653, 39.2988396 ], [ -7.7039199, 39.2673416 ], [ -7.5720644, 39.2035217 ], [ -7.5172505, 39.1910172 ] ] ] ] } },
{ "type": "Feature", "properties": { "POLYGON_ID": "PRT_GAUL2003_ADM2_24841", "ADM0_ISO3": "PRT", "ADM0_NAME": "Portugal", "ADM0_CODE": 199, "ADM1_NAME": "Portalegre", "ADM1_CODE": 2407, "ADM2_NAME": "Arronches", "ADM2_CODE": 24841, "GEOSET": "GAUL", "GEOSET_YEAR": 2003.0, "GEOSET_VERSION": "GAUL_v1", "GEOSET_UNIT": "ADM2", "CENTROID_LONG": -7.2437404069177846, "CENTROID_LAT": 39.116595372031242 }, "geometry": { "type": "MultiPolygon", "coordinates": [ [ [ [ -7.1402835, 39.1098238 ], [ -7.1402626, 39.109787 ], [ -7.1080976, 39.0420799 ], [ -7.142961, 39.0061722 ], [ -7.2445869, 39.056324 ], [ -7.2955265, 39.0453835 ], [ -7.3679361, 39.0912552 ], [ -7.3832946, 39.1456947 ], [ -7.3471541, 39.1929665 ], [ -7.237782, 39.2136307 ], [ -7.2357304, 39.2104172 ], [ -7.22964, 39.20087 ], [ -7.22445, 39.19612 ], [ -7.2208611, 39.1928363 ], [ -7.2181, 39.19031 ], [ -7.19493, 39.18201 ], [ -7.14416, 39.17449 ], [ -7.13342, 39.1671 ], [ -7.1315701, 39.1559405 ], [ -7.14179, 39.13516 ], [ -7.14535, 39.12105 ], [ -7.1402835, 39.1098238 ] ] ] ] } },
{ "type": "Feature", "properties": { "POLYGON_ID": "PRT_GAUL2003_ADM2_24842", "ADM0_ISO3": "PRT", "ADM0_NAME": "Portugal", "ADM0_CODE": 199, "ADM1_NAME": "Portalegre", "ADM1_CODE": 2407, "ADM2_NAME": "Avis", "ADM2_CODE": 24842, "GEOSET": "GAUL", "GEOSET_YEAR": 2003.0, "GEOSET_VERSION": "GAUL_v1", "GEOSET_UNIT": "ADM2", "CENTROID_LONG": -7.9013141413106682, "CENTROID_LAT": 39.072976993677244 }, "geometry": { "type": "MultiPolygon", "coordinates": [ [ [ [ -7.8500633, 39.2139168 ], [ -7.7620254, 39.1346893 ], [ -7.7280092, 39.0988846 ], [ -7.7042866, 39.0197067 ], [ -7.9098377, 38.9656105 ], [ -8.0095749, 38.9821777 ], [ -8.0657787, 39.0158119 ], [ -8.1472139, 39.0258141 ], [ -8.0610123, 39.1136703 ], [ -7.9736109, 39.1147881 ], [ -7.9302812, 39.1914177 ], [ -7.8500633, 39.2139168 ] ] ] ] } },
{ "type": "Feature", "properties": { "POLYGON_ID": "PRT_GAUL2003_ADM2_24843", "ADM0_ISO3": "PRT", "ADM0_NAME": "Portugal", "ADM0_CODE": 199, "ADM1_NAME": "Portalegre", "ADM1_CODE": 2407, "ADM2_NAME": "Campo Maior", "ADM2_CODE": 24843, "GEOSET": "GAUL", "GEOSET_YEAR": 2003.0, "GEOSET_VERSION": "GAUL_v1", "GEOSET_UNIT": "ADM2", "CENTROID_LONG": -7.0469793533944181, "CENTROID_LAT": 39.024452404667329 }, "geometry": { "type": "MultiPolygon", "coordinates": [ [ [ [ -7.1402626, 39.109787 ], [ -7.1368036, 39.106691 ], [ -7.11553, 39.09924 ], [ -7.1017589, 39.1001087 ], [ -7.0758241, 39.1084457 ], [ -7.05249, 39.11689 ], [ -6.97677, 39.07859 ], [ -6.9658685, 39.0663975 ], [ -6.9632627, 39.0634831 ], [ -6.96213, 39.05917 ], [ -6.9669, 39.04502 ], [ -6.96578, 39.04093 ], [ -6.95334, 39.029 ], [ -6.9534834, 39.0248167 ], [ -6.95356, 39.02258 ], [ -6.96985, 38.99981 ], [ -6.99022, 38.97131 ], [ -6.99943, 38.96319 ], [ -7.01617, 38.94333 ], [ -7.02705, 38.92076 ], [ -7.04618, 38.91219 ], [ -7.04865, 38.90735 ], [ -7.0461011, 38.9007187 ], [ -7.1044102, 38.9826469 ], [ -7.142961, 39.0061722 ], [ -7.1080976, 39.0420799 ], [ -7.1402626, 39.109787 ] ] ] ] } },
{ "type": "Feature", "properties": { "POLYGON_ID": "PRT_GAUL2003_ADM2_24844", "ADM0_ISO3": "PRT", "ADM0_NAME": "Portugal", "ADM0_CODE": 199, "ADM1_NAME": "Portalegre", "ADM1_CODE": 2407, "ADM2_NAME": "Castelo De Vide", "ADM2_CODE": 24844, "GEOSET": "GAUL", "GEOSET_YEAR": 2003.0, "GEOSET_VERSION": "GAUL_v1", "GEOSET_UNIT": "ADM2", "CENTROID_LONG": -7.489792894279625, "CENTROID_LAT": 39.465961025650614 }, "geometry": { "type": "MultiPolygon", "coordinates": [ [ [ [ -7.3781512, 39.4905122 ], [ -7.403502, 39.4855309 ], [ -7.4035897, 39.4048157 ], [ -7.4262075, 39.390934 ], [ -7.4619145, 39.3963013 ], [ -7.5527682, 39.3673782 ], [ -7.5884271, 39.3779945 ], [ -7.5760593, 39.51231 ], [ -7.55862, 39.5426292 ], [ -7.4885564, 39.5257721 ], [ -7.4726186, 39.5812103 ], [ -7.46052, 39.57671 ], [ -7.399, 39.53535 ], [ -7.39026, 39.52554 ], [ -7.3874694, 39.5156831 ], [ -7.3825, 39.49813 ], [ -7.380337, 39.4943409 ], [ -7.3781512, 39.4905122 ] ] ] ] } },
{ "type": "Feature", "properties": { "POLYGON_ID": "PRT_GAUL2003_ADM2_24845", "ADM0_ISO3": "PRT", "ADM0_NAME": "Portugal", "ADM0_CODE": 199, "ADM1_NAME": "Portalegre", "ADM1_CODE": 2407, "ADM2_NAME": "Crato", "ADM2_CODE": 24845, "GEOSET": "GAUL", "GEOSET_YEAR": 2003.0, "GEOSET_VERSION": "GAUL_v1", "GEOSET_UNIT": "ADM2", "CENTROID_LONG": -7.643600479923176, "CENTROID_LAT": 39.315600420359274 }, "geometry": { "type": "MultiPolygon", "coordinates": [ [ [ [ -7.5884271, 39.3779945 ], [ -7.5527682, 39.3673782 ], [ -7.4958782, 39.3167839 ], [ -7.5381756, 39.246273 ], [ -7.4647565, 39.1766167 ], [ -7.5172505, 39.1910172 ], [ -7.5720644, 39.2035217 ], [ -7.7039199, 39.2673416 ], [ -7.7300653, 39.2988396 ], [ -7.8183041, 39.3280449 ], [ -7.8930702, 39.3350639 ], [ -7.7558126, 39.3834877 ], [ -7.6430893, 39.4309616 ], [ -7.5884271, 39.3779945 ] ] ] ] } },
{ "type": "Feature", "properties": { "POLYGON_ID": "PRT_GAUL2003_ADM2_24846", "ADM0_ISO3": "PRT", "ADM0_NAME": "Portugal", "ADM0_CODE": 199, "ADM1_NAME": "Portalegre", "ADM1_CODE": 2407, "ADM2_NAME": "Elvas", "ADM2_CODE": 24846, "GEOSET": "GAUL", "GEOSET_YEAR": 2003.0, "GEOSET_VERSION": "GAUL_v1", "GEOSET_UNIT": "ADM2", "CENTROID_LONG": -7.222381029605895, "CENTROID_LAT": 38.907764912144472 }, "geometry": { "type": "MultiPolygon", "coordinates": [ [ [ [ -7.142961, 39.0061722 ], [ -7.1044102, 38.9826469 ], [ -7.0461011, 38.9007187 ], [ -7.04303, 38.89649 ], [ -7.03265, 38.8822 ], [ -7.03732, 38.86322 ], [ -7.05342, 38.85882 ], [ -7.0537597, 38.8587276 ], [ -7.05776, 38.85764 ], [ -7.08475, 38.8213 ], [ -7.14584, 38.79739 ], [ -7.157, 38.77977 ], [ -7.1961058, 38.7526988 ], [ -7.2223425, 38.767807 ], [ -7.20895, 38.8331451 ], [ -7.2890153, 38.8395996 ], [ -7.3489304, 38.7971497 ], [ -7.387064, 38.8016624 ], [ -7.4134064, 38.8650131 ], [ -7.3600287, 38.9060707 ], [ -7.365653, 38.9440498 ], [ -7.2955265, 39.0453835 ], [ -7.2445869, 39.056324 ], [ -7.142961, 39.0061722 ] ] ] ] } },
{ "type": "Feature", "properties": { "POLYGON_ID": "PRT_GAUL2003_ADM2_24847", "ADM0_ISO3": "PRT", "ADM0_NAME": "Portugal", "ADM0_CODE": 199, "ADM1_NAME": "Portalegre", "ADM1_CODE": 2407, "ADM2_NAME": "Fronteira", "ADM2_CODE": 24847, "GEOSET": "GAUL", "GEOSET_YEAR": 2003.0, "GEOSET_VERSION": "GAUL_v1", "GEOSET_UNIT": "ADM2", "CENTROID_LONG": -7.618387195597113, "CENTROID_LAT": 39.072688030549962 }, "geometry": { "type": "MultiPolygon", "coordinates": [ [ [ [ -7.5314593, 39.1583252 ], [ -7.5599833, 39.1440506 ], [ -7.5080519, 39.0424805 ], [ -7.5277247, 39.0065155 ], [ -7.5487862, 38.993969 ], [ -7.7042866, 39.0197067 ], [ -7.7280092, 39.0988846 ], [ -7.7620254, 39.1346893 ], [ -7.6639047, 39.1155396 ], [ -7.6413112, 39.1451569 ], [ -7.5314593, 39.1583252 ] ] ] ] } },
{ "type": "Feature", "properties": { "POLYGON_ID": "PRT_GAUL2003_ADM2_24848", "ADM0_ISO3": "PRT", "ADM0_NAME": "Portugal", "ADM0_CODE": 199, "ADM1_NAME": "Portalegre", "ADM1_CODE": 2407, "ADM2_NAME": "Gaviao", "ADM2_CODE": 24848, "GEOSET": "GAUL", "GEOSET_YEAR": 2003.0, "GEOSET_VERSION": "GAUL_v1", "GEOSET_UNIT": "ADM2", "CENTROID_LONG": -7.8917325841643207, "CENTROID_LAT": 39.442449389763162 }, "geometry": { "type": "MultiPolygon", "coordinates": [ [ [ [ -7.844048, 39.5117149 ], [ -7.8302445, 39.4671898 ], [ -7.7558126, 39.3834877 ], [ -7.8930702, 39.3350639 ], [ -7.9633303, 39.3836861 ], [ -7.9395423, 39.4093323 ], [ -8.0047417, 39.4741859 ], [ -7.9653802, 39.5507889 ], [ -7.9378691, 39.555851 ], [ -7.844048, 39.5117149 ] ] ] ] } },
{ "type": "Feature", "properties": { "POLYGON_ID": "PRT_GAUL2003_ADM2_24849", "ADM0_ISO3": "PRT", "ADM0_NAME": "Portugal", "ADM0_CODE": 199, "ADM1_NAME": "Portalegre", "ADM1_CODE": 2407, "ADM2_NAME": "Marvao", "ADM2_CODE": 24849, "GEOSET": "GAUL", "GEOSET_YEAR": 2003.0, "GEOSET_VERSION": "GAUL_v1", "GEOSET_UNIT": "ADM2", "CENTROID_LONG": -7.3603079402773179, "CENTROID_LAT": 39.404866053991043 }, "geometry": { "type": "MultiPolygon", "coordinates": [ [ [ [ -7.31283, 39.34766 ], [ -7.3526583, 39.3126106 ], [ -7.4003916, 39.3334503 ], [ -7.4262075, 39.390934 ], [ -7.4035897, 39.4048157 ], [ -7.403502, 39.4855309 ], [ -7.3781512, 39.4905122 ], [ -7.30062, 39.46107 ], [ -7.2944173, 39.45608 ], [ -7.30319, 39.40614 ], [ -7.30874, 39.40118 ], [ -7.32745, 39.38989 ], [ -7.31283, 39.34766 ] ] ] ] } },
{ "type": "Feature", "properties": { "POLYGON_ID": "PRT_GAUL2003_ADM2_24850", "ADM0_ISO3": "PRT", "ADM0_NAME": "Portugal", "ADM0_CODE": 199, "ADM1_NAME": "Portalegre", "ADM1_CODE": 2407, "ADM2_NAME": "Monforte", "ADM2_CODE": 24850, "GEOSET": "GAUL", "GEOSET_YEAR": 2003.0, "GEOSET_VERSION": "GAUL_v1", "GEOSET_UNIT": "ADM2", "CENTROID_LONG": -7.4312746084614183, "CENTROID_LAT": 39.043084969316375 }, "geometry": { "type": "MultiPolygon", "coordinates": [ [ [ [ -7.4647565, 39.1766167 ], [ -7.3832946, 39.1456947 ], [ -7.3679361, 39.0912552 ], [ -7.2955265, 39.0453835 ], [ -7.365653, 38.9440498 ], [ -7.3600287, 38.9060707 ], [ -7.4134064, 38.8650131 ], [ -7.4614668, 38.9249382 ], [ -7.4575968, 38.9653816 ], [ -7.5277247, 39.0065155 ], [ -7.5080519, 39.0424805 ], [ -7.5599833, 39.1440506 ], [ -7.5314593, 39.1583252 ], [ -7.5172505, 39.1910172 ], [ -7.4647565, 39.1766167 ] ] ] ] } },
{ "type": "Feature", "properties": { "POLYGON_ID": "PRT_GAUL2003_ADM2_24851", "ADM0_ISO3": "PRT", "ADM0_NAME": "Portugal", "ADM0_CODE": 199, "ADM1_NAME": "Portalegre", "ADM1_CODE": 2407, "ADM2_NAME": "Nisa", "ADM2_CODE": 24851, "GEOSET": "GAUL", "GEOSET_YEAR": 2003.0, "GEOSET_VERSION": "GAUL_v1", "GEOSET_UNIT": "ADM2", "CENTROID_LONG": -7.6626510593547312, "CENTROID_LAT": 39.526443109152915 }, "geometry": { "type": "MultiPolygon", "coordinates": [ [ [ [ -7.52493, 39.65641 ], [ -7.4726186, 39.5812103 ], [ -7.4885564, 39.5257721 ], [ -7.55862, 39.5426292 ], [ -7.5760593, 39.51231 ], [ -7.5884271, 39.3779945 ], [ -7.6430893, 39.4309616 ], [ -7.7558126, 39.3834877 ], [ -7.8302445, 39.4671898 ], [ -7.844048, 39.5117149 ], [ -7.820344, 39.5394058 ], [ -7.6747642, 39.6469154 ], [ -7.6266336, 39.6249847 ], [ -7.5702538, 39.6604805 ], [ -7.52493, 39.65641 ] ] ] ] } },
{ "type": "Feature", "properties": { "POLYGON_ID": "PRT_GAUL2003_ADM2_24852", "ADM0_ISO3": "PRT", "ADM0_NAME": "Portugal", "ADM0_CODE": 199, "ADM1_NAME": "Portalegre", "ADM1_CODE": 2407, "ADM2_NAME": "Ponte De Sor", "ADM2_CODE": 24852, "GEOSET": "GAUL", "GEOSET_YEAR": 2003.0, "GEOSET_VERSION": "GAUL_v1", "GEOSET_UNIT": "ADM2", "CENTROID_LONG": -8.0777969813179453, "CENTROID_LAT": 39.186879226037036 }, "geometry": { "type": "MultiPolygon", "coordinates": [ [ [ [ -7.9633303, 39.3836861 ], [ -7.8930702, 39.3350639 ], [ -7.8183041, 39.3280449 ], [ -7.8690634, 39.2779198 ], [ -7.8500633, 39.2139168 ], [ -7.9302812, 39.1914177 ], [ -7.9736109, 39.1147881 ], [ -8.0610123, 39.1136703 ], [ -8.1472139, 39.0258141 ], [ -8.2227783, 38.9875793 ], [ -8.2573528, 39.0150146 ], [ -8.285799, 39.0810013 ], [ -8.3372316, 39.1009254 ], [ -8.2972527, 39.156929 ], [ -8.2305584, 39.1826477 ], [ -8.1657791, 39.2344017 ], [ -8.123188, 39.2902222 ], [ -8.0846586, 39.2767792 ], [ -7.9633303, 39.3836861 ] ] ] ] } },
{ "type": "Feature", "properties": { "POLYGON_ID": "PRT_GAUL2003_ADM2_24853", "ADM0_ISO3": "PRT", "ADM0_NAME": "Portugal", "ADM0_CODE": 199, "ADM1_NAME": "Portalegre", "ADM1_CODE": 2407, "ADM2_NAME": "Portalegre", "ADM2_CODE": 24853, "GEOSET": "GAUL", "GEOSET_YEAR": 2003.0, "GEOSET_VERSION": "GAUL_v1", "GEOSET_UNIT": "ADM2", "CENTROID_LONG": -7.3977686722629068, "CENTROID_LAT": 39.269485624356385 }, "geometry": { "type": "MultiPolygon", "coordinates": [ [ [ [ -7.4262075, 39.390934 ], [ -7.4003916, 39.3334503 ], [ -7.3526583, 39.3126106 ], [ -7.31283, 39.34766 ], [ -7.31049, 39.34539 ], [ -7.2942274, 39.3251466 ], [ -7.2784962, 39.313717 ], [ -7.26611, 39.30563 ], [ -7.23252, 39.2812 ], [ -7.23018, 39.27671 ], [ -7.237782, 39.2136307 ], [ -7.3471541, 39.1929665 ], [ -7.3832946, 39.1456947 ], [ -7.4647565, 39.1766167 ], [ -7.5381756, 39.246273 ], [ -7.4958782, 39.3167839 ], [ -7.5527682, 39.3673782 ], [ -7.4619145, 39.3963013 ], [ -7.4262075, 39.390934 ] ] ] ] } },
{ "type": "Feature", "properties": { "POLYGON_ID": "PRT_GAUL2003_ADM2_24854", "ADM0_ISO3": "PRT", "ADM0_NAME": "Portugal", "ADM0_CODE": 199, "ADM1_NAME": "Portalegre", "ADM1_CODE": 2407, "ADM2_NAME": "Sousel", "ADM2_CODE": 24854, "GEOSET": "GAUL", "GEOSET_YEAR": 2003.0, "GEOSET_VERSION": "GAUL_v1", "GEOSET_UNIT": "ADM2", "CENTROID_LONG": -7.725759656188373, "CENTROID_LAT": 38.959130619374783 }, "geometry": { "type": "MultiPolygon", "coordinates": [ [ [ [ -7.5487862, 38.993969 ], [ -7.5384288, 38.9666405 ], [ -7.6162229, 38.9405098 ], [ -7.6363101, 38.9110527 ], [ -7.7392373, 38.9138184 ], [ -7.785614, 38.8941727 ], [ -7.8865161, 38.9274559 ], [ -7.9098377, 38.9656105 ], [ -7.7042866, 39.0197067 ], [ -7.5487862, 38.993969 ] ] ] ] } },
{ "type": "Feature", "properties": { "POLYGON_ID": "PRT_GAUL2003_ADM2_24855", "ADM0_ISO3": "PRT", "ADM0_NAME": "Portugal", "ADM0_CODE": 199, "ADM1_NAME": "Porto", "ADM1_CODE": 2408, "ADM2_NAME": "Amarante", "ADM2_CODE": 24855, "GEOSET": "GAUL", "GEOSET_YEAR": 2003.0, "GEOSET_VERSION": "GAUL_v1", "GEOSET_UNIT": "ADM2", "CENTROID_LONG": -8.0368299532182021, "CENTROID_LAT": 41.2774200175228 }, "geometry": { "type": "MultiPolygon", "coordinates": [ [ [ [ -7.9031682, 41.3081131 ], [ -7.8875799, 41.2541618 ], [ -7.9344449, 41.2052307 ], [ -7.97787, 41.2247162 ], [ -8.0351391, 41.1934509 ], [ -8.0794621, 41.2306824 ], [ -8.1660194, 41.2371101 ], [ -8.2093153, 41.2493019 ], [ -8.1879606, 41.2964668 ], [ -8.1108904, 41.3466797 ], [ -8.0157194, 41.325489 ], [ -7.9659748, 41.3795776 ], [ -7.9577131, 41.3369713 ], [ -7.9031682, 41.3081131 ] ] ] ] } },
{ "type": "Feature", "properties": { "POLYGON_ID": "PRT_GAUL2003_ADM2_24856", "ADM0_ISO3": "PRT", "ADM0_NAME": "Portugal", "ADM0_CODE": 199, "ADM1_NAME": "Porto", "ADM1_CODE": 2408, "ADM2_NAME": "Baiao", "ADM2_CODE": 24856, "GEOSET": "GAUL", "GEOSET_YEAR": 2003.0, "GEOSET_VERSION": "GAUL_v1", "GEOSET_UNIT": "ADM2", "CENTROID_LONG": -7.9835892813447487, "CENTROID_LAT": 41.162308774327101 }, "geometry": { "type": "MultiPolygon", "coordinates": [ [ [ [ -7.8719654, 41.2472267 ], [ -7.8836102, 41.2067032 ], [ -7.9082756, 41.1268845 ], [ -8.0214443, 41.0999603 ], [ -8.0887852, 41.1054993 ], [ -8.1088886, 41.1357231 ], [ -8.0351391, 41.1934509 ], [ -7.97787, 41.2247162 ], [ -7.9344449, 41.2052307 ], [ -7.8875799, 41.2541618 ], [ -7.8719654, 41.2472267 ] ] ] ] } },
{ "type": "Feature", "properties": { "POLYGON_ID": "PRT_GAUL2003_ADM2_24857", "ADM0_ISO3": "PRT", "ADM0_NAME": "Portugal", "ADM0_CODE": 199, "ADM1_NAME": "Porto", "ADM1_CODE": 2408, "ADM2_NAME": "Felgueiras", "ADM2_CODE": 24857, "GEOSET": "GAUL", "GEOSET_YEAR": 2003.0, "GEOSET_VERSION": "GAUL_v1", "GEOSET_UNIT": "ADM2", "CENTROID_LONG": -8.196421966920127, "CENTROID_LAT": 41.353134034369759 }, "geometry": { "type": "MultiPolygon", "coordinates": [ [ [ [ -8.1296015, 41.378334 ], [ -8.1108904, 41.3466797 ], [ -8.1879606, 41.2964668 ], [ -8.274354, 41.3256226 ], [ -8.2699175, 41.3480034 ], [ -8.2408361, 41.3944054 ], [ -8.2103233, 41.4129677 ], [ -8.1296015, 41.378334 ] ] ] ] } },
{ "type": "Feature", "properties": { "POLYGON_ID": "PRT_GAUL2003_ADM2_24858", "ADM0_ISO3": "PRT", "ADM0_NAME": "Portugal", "ADM0_CODE": 199, "ADM1_NAME": "Porto", "ADM1_CODE": 2408, "ADM2_NAME": "Gondomar", "ADM2_CODE": 24858, "GEOSET": "GAUL", "GEOSET_YEAR": 2003.0, "GEOSET_VERSION": "GAUL_v1", "GEOSET_UNIT": "ADM2", "CENTROID_LONG": -8.4801508897410542, "CENTROID_LAT": 41.110662733309923 }, "geometry": { "type": "MultiPolygon", "coordinates": [ [ [ [ -8.4684267, 41.1419258 ], [ -8.4333296, 41.0906296 ], [ -8.3673325, 41.0762672 ], [ -8.368578, 41.0517006 ], [ -8.378911, 41.0077133 ], [ -8.3841963, 41.0054779 ], [ -8.4511633, 41.0606956 ], [ -8.5093641, 41.0727844 ], [ -8.5694046, 41.141674 ], [ -8.57897, 41.1813583 ], [ -8.5539055, 41.1984444 ], [ -8.5219994, 41.2053413 ], [ -8.4684267, 41.1419258 ] ] ] ] } },
{ "type": "Feature", "properties": { "POLYGON_ID": "PRT_GAUL2003_ADM2_24859", "ADM0_ISO3": "PRT", "ADM0_NAME": "Portugal", "ADM0_CODE": 199, "ADM1_NAME": "Porto", "ADM1_CODE": 2408, "ADM2_NAME": "Lousada", "ADM2_CODE": 24859, "GEOSET": "GAUL", "GEOSET_YEAR": 2003.0, "GEOSET_VERSION": "GAUL_v1", "GEOSET_UNIT": "ADM2", "CENTROID_LONG": -8.2713160565632631, "CENTROID_LAT": 41.289233584475639 }, "geometry": { "type": "MultiPolygon", "coordinates": [ [ [ [ -8.2699175, 41.3480034 ], [ -8.274354, 41.3256226 ], [ -8.1879606, 41.2964668 ], [ -8.2093153, 41.2493019 ], [ -8.2889299, 41.2355537 ], [ -8.3255415, 41.2570915 ], [ -8.3312025, 41.3391571 ], [ -8.3104553, 41.3533134 ], [ -8.2699175, 41.3480034 ] ] ] ] } },
{ "type": "Feature", "properties": { "POLYGON_ID": "PRT_GAUL2003_ADM2_24860", "ADM0_ISO3": "PRT", "ADM0_NAME": "Portugal", "ADM0_CODE": 199, "ADM1_NAME": "Porto", "ADM1_CODE": 2408, "ADM2_NAME": "Maia", "ADM2_CODE": 24860, "GEOSET": "GAUL", "GEOSET_YEAR": 2003.0, "GEOSET_VERSION": "GAUL_v1", "GEOSET_UNIT": "ADM2", "CENTROID_LONG": -8.5897154298677769, "CENTROID_LAT": 41.244419178822113 }, "geometry": { "type": "MultiPolygon", "coordinates": [ [ [ [ -8.516077, 41.2898865 ], [ -8.5149012, 41.2695084 ], [ -8.5539055, 41.1984444 ], [ -8.57897, 41.1813583 ], [ -8.5925598, 41.1818237 ], [ -8.6106129, 41.2225647 ], [ -8.6829586, 41.2556496 ], [ -8.6183949, 41.2954483 ], [ -8.5709314, 41.2626305 ], [ -8.516077, 41.2898865 ] ] ] ] } },
{ "type": "Feature", "properties": { "POLYGON_ID": "PRT_GAUL2003_ADM2_24861", "ADM0_ISO3": "PRT", "ADM0_NAME": "Portugal", "ADM0_CODE": 199, "ADM1_NAME": "Porto", "ADM1_CODE": 2408, "ADM2_NAME": "Marco De Canaveses", "ADM2_CODE": 24861, "GEOSET": "GAUL", "GEOSET_YEAR": 2003.0, "GEOSET_VERSION": "GAUL_v1", "GEOSET_UNIT": "ADM2", "CENTROID_LONG": -8.1537533061619634, "CENTROID_LAT": 41.160644800192429 }, "geometry": { "type": "MultiPolygon", "coordinates": [ [ [ [ -8.0351391, 41.1934509 ], [ -8.1088886, 41.1357231 ], [ -8.0887852, 41.1054993 ], [ -8.1821136, 41.0965767 ], [ -8.2530861, 41.0710602 ], [ -8.2857313, 41.0822945 ], [ -8.1951056, 41.1561432 ], [ -8.2304621, 41.1926575 ], [ -8.1660194, 41.2371101 ], [ -8.0794621, 41.2306824 ], [ -8.0351391, 41.1934509 ] ] ] ] } },
{ "type": "Feature", "properties": { "POLYGON_ID": "PRT_GAUL2003_ADM2_24862", "ADM0_ISO3": "PRT", "ADM0_NAME": "Portugal", "ADM0_CODE": 199, "ADM1_NAME": "Porto", "ADM1_CODE": 2408, "ADM2_NAME": "Matosinhos", "ADM2_CODE": 24862, "GEOSET": "GAUL", "GEOSET_YEAR": 2003.0, "GEOSET_VERSION": "GAUL_v1", "GEOSET_UNIT": "ADM2", "CENTROID_LONG": -8.662961172029636, "CENTROID_LAT": 41.213364553011345 }, "geometry": { "type": "MultiPolygon", "coordinates": [ [ [ [ -8.6829586, 41.2556496 ], [ -8.6106129, 41.2225647 ], [ -8.5925598, 41.1818237 ], [ -8.6914336, 41.1712532 ], [ -8.7263443, 41.2693291 ], [ -8.6829586, 41.2556496 ] ] ] ] } },
{ "type": "Feature", "properties": { "POLYGON_ID": "PRT_GAUL2003_ADM2_24863", "ADM0_ISO3": "PRT", "ADM0_NAME": "Portugal", "ADM0_CODE": 199, "ADM1_NAME": "Porto", "ADM1_CODE": 2408, "ADM2_NAME": "Pacos De Ferreira", "ADM2_CODE": 24863, "GEOSET": "GAUL", "GEOSET_YEAR": 2003.0, "GEOSET_VERSION": "GAUL_v1", "GEOSET_UNIT": "ADM2", "CENTROID_LONG": -8.3765402763060575, "CENTROID_LAT": 41.289379796121423 }, "geometry": { "type": "MultiPolygon", "coordinates": [ [ [ [ -8.3312025, 41.3391571 ], [ -8.3255415, 41.2570915 ], [ -8.4346066, 41.2464447 ], [ -8.4489222, 41.2490158 ], [ -8.3910513, 41.3361053 ], [ -8.3312025, 41.3391571 ] ] ] ] } },
{ "type": "Feature", "properties": { "POLYGON_ID": "PRT_GAUL2003_ADM2_24864", "ADM0_ISO3": "PRT", "ADM0_NAME": "Portugal", "ADM0_CODE": 199, "ADM1_NAME": "Porto", "ADM1_CODE": 2408, "ADM2_NAME": "Paredes", "ADM2_CODE": 24864, "GEOSET": "GAUL", "GEOSET_YEAR": 2003.0, "GEOSET_VERSION": "GAUL_v1", "GEOSET_UNIT": "ADM2", "CENTROID_LONG": -8.3927392327218797, "CENTROID_LAT": 41.180968876413417 }, "geometry": { "type": "MultiPolygon", "coordinates": [ [ [ [ -8.3255415, 41.2570915 ], [ -8.2889299, 41.2355537 ], [ -8.388608, 41.1301308 ], [ -8.3673325, 41.0762672 ], [ -8.4333296, 41.0906296 ], [ -8.4684267, 41.1419258 ], [ -8.4346066, 41.2464447 ], [ -8.3255415, 41.2570915 ] ] ] ] } },
{ "type": "Feature", "properties": { "POLYGON_ID": "PRT_GAUL2003_ADM2_24865", "ADM0_ISO3": "PRT", "ADM0_NAME": "Portugal", "ADM0_CODE": 199, "ADM1_NAME": "Porto", "ADM1_CODE": 2408, "ADM2_NAME": "Penafiel", "ADM2_CODE": 24865, "GEOSET": "GAUL", "GEOSET_YEAR": 2003.0, "GEOSET_VERSION": "GAUL_v1", "GEOSET_UNIT": "ADM2", "CENTROID_LONG": -8.2878051772321228, "CENTROID_LAT": 41.155802957856224 }, "geometry": { "type": "MultiPolygon", "coordinates": [ [ [ [ -8.2093153, 41.2493019 ], [ -8.1660194, 41.2371101 ], [ -8.2304621, 41.1926575 ], [ -8.1951056, 41.1561432 ], [ -8.2857313, 41.0822945 ], [ -8.368578, 41.0517006 ], [ -8.3673325, 41.0762672 ], [ -8.388608, 41.1301308 ], [ -8.2889299, 41.2355537 ], [ -8.2093153, 41.2493019 ] ] ] ] } },
{ "type": "Feature", "properties": { "POLYGON_ID": "PRT_GAUL2003_ADM2_24866", "ADM0_ISO3": "PRT", "ADM0_NAME": "Portugal", "ADM0_CODE": 199, "ADM1_NAME": "Porto", "ADM1_CODE": 2408, "ADM2_NAME": "Porto", "ADM2_CODE": 24866, "GEOSET": "GAUL", "GEOSET_YEAR": 2003.0, "GEOSET_VERSION": "GAUL_v1", "GEOSET_UNIT": "ADM2", "CENTROID_LONG": -8.6188605563006053, "CENTROID_LAT": 41.162368585238625 }, "geometry": { "type": "MultiPolygon", "coordinates": [ [ [ [ -8.5925598, 41.1818237 ], [ -8.57897, 41.1813583 ], [ -8.5694046, 41.141674 ], [ -8.6444366, 41.1471936 ], [ -8.6914336, 41.1712532 ], [ -8.5925598, 41.1818237 ] ] ] ] } },
{ "type": "Feature", "properties": { "POLYGON_ID": "PRT_GAUL2003_ADM2_24867", "ADM0_ISO3": "PRT", "ADM0_NAME": "Portugal", "ADM0_CODE": 199, "ADM1_NAME": "Porto", "ADM1_CODE": 2408, "ADM2_NAME": "Povoa De Varzim", "ADM2_CODE": 24867, "GEOSET": "GAUL", "GEOSET_YEAR": 2003.0, "GEOSET_VERSION": "GAUL_v1", "GEOSET_UNIT": "ADM2", "CENTROID_LONG": -8.7164894424457007, "CENTROID_LAT": 41.423472570171782 }, "geometry": { "type": "MultiPolygon", "coordinates": [ [ [ [ -8.7453518, 41.463829 ], [ -8.6654148, 41.4436913 ], [ -8.6220064, 41.413456 ], [ -8.6218405, 41.3832664 ], [ -8.6967154, 41.4241562 ], [ -8.7586844, 41.3689689 ], [ -8.7797365, 41.4013672 ], [ -8.7720966, 41.4683151 ], [ -8.7453518, 41.463829 ] ] ] ] } },
{ "type": "Feature", "properties": { "POLYGON_ID": "PRT_GAUL2003_ADM2_24868", "ADM0_ISO3": "PRT", "ADM0_NAME": "Portugal", "ADM0_CODE": 199, "ADM1_NAME": "Porto", "ADM1_CODE": 2408, "ADM2_NAME": "Santo Tirso", "ADM2_CODE": 24868, "GEOSET": "GAUL", "GEOSET_YEAR": 2003.0, "GEOSET_VERSION": "GAUL_v1", "GEOSET_UNIT": "ADM2", "CENTROID_LONG": -8.435282752748229, "CENTROID_LAT": 41.328931637667154 }, "geometry": { "type": "MultiPolygon", "coordinates": [ [ [ [ -8.3785868, 41.3828087 ], [ -8.3177767, 41.3782654 ], [ -8.3104553, 41.3533134 ], [ -8.3312025, 41.3391571 ], [ -8.3910513, 41.3361053 ], [ -8.4489222, 41.2490158 ], [ -8.5149012, 41.2695084 ], [ -8.516077, 41.2898865 ], [ -8.5111227, 41.346611 ], [ -8.4938936, 41.3697166 ], [ -8.3785868, 41.3828087 ] ] ] ] } },
{ "type": "Feature", "properties": { "POLYGON_ID": "PRT_GAUL2003_ADM2_24869", "ADM0_ISO3": "PRT", "ADM0_NAME": "Portugal", "ADM0_CODE": 199, "ADM1_NAME": "Porto", "ADM1_CODE": 2408, "ADM2_NAME": "Trofa", "ADM2_CODE": 24869, "GEOSET": "GAUL", "GEOSET_YEAR": 2003.0, "GEOSET_VERSION": "GAUL_v1", "GEOSET_UNIT": "ADM2", "CENTROID_LONG": -8.5634611303000874, "CENTROID_LAT": 41.309893397307988 }, "geometry": { "type": "MultiPolygon", "coordinates": [ [ [ [ -8.5111227, 41.346611 ], [ -8.516077, 41.2898865 ], [ -8.5709314, 41.2626305 ], [ -8.6183949, 41.2954483 ], [ -8.6090727, 41.3414154 ], [ -8.5111227, 41.346611 ] ] ] ] } },
{ "type": "Feature", "properties": { "POLYGON_ID": "PRT_GAUL2003_ADM2_24870", "ADM0_ISO3": "PRT", "ADM0_NAME": "Portugal", "ADM0_CODE": 199, "ADM1_NAME": "Porto", "ADM1_CODE": 2408, "ADM2_NAME": "Valongo", "ADM2_CODE": 24870, "GEOSET": "GAUL", "GEOSET_YEAR": 2003.0, "GEOSET_VERSION": "GAUL_v1", "GEOSET_UNIT": "ADM2", "CENTROID_LONG": -8.4879924120748047, "CENTROID_LAT": 41.2161181709183 }, "geometry": { "type": "MultiPolygon", "coordinates": [ [ [ [ -8.4489222, 41.2490158 ], [ -8.4346066, 41.2464447 ], [ -8.4684267, 41.1419258 ], [ -8.5219994, 41.2053413 ], [ -8.5539055, 41.1984444 ], [ -8.5149012, 41.2695084 ], [ -8.4489222, 41.2490158 ] ] ] ] } },
{ "type": "Feature", "properties": { "POLYGON_ID": "PRT_GAUL2003_ADM2_24871", "ADM0_ISO3": "PRT", "ADM0_NAME": "Portugal", "ADM0_CODE": 199, "ADM1_NAME": "Porto", "ADM1_CODE": 2408, "ADM2_NAME": "Vila Do Conde", "ADM2_CODE": 24871, "GEOSET": "GAUL", "GEOSET_YEAR": 2003.0, "GEOSET_VERSION": "GAUL_v1", "GEOSET_UNIT": "ADM2", "CENTROID_LONG": -8.6826521511624524, "CENTROID_LAT": 41.338577209775266 }, "geometry": { "type": "MultiPolygon", "coordinates": [ [ [ [ -8.6218405, 41.3832664 ], [ -8.6090727, 41.3414154 ], [ -8.6183949, 41.2954483 ], [ -8.6829586, 41.2556496 ], [ -8.7263443, 41.2693291 ], [ -8.7586844, 41.3689689 ], [ -8.6967154, 41.4241562 ], [ -8.6218405, 41.3832664 ] ] ] ] } },
{ "type": "Feature", "properties": { "POLYGON_ID": "PRT_GAUL2003_ADM2_24872", "ADM0_ISO3": "PRT", "ADM0_NAME": "Portugal", "ADM0_CODE": 199, "ADM1_NAME": "Porto", "ADM1_CODE": 2408, "ADM2_NAME": "Vila Nova De Gaia", "ADM2_CODE": 24872, "GEOSET": "GAUL", "GEOSET_YEAR": 2003.0, "GEOSET_VERSION": "GAUL_v1", "GEOSET_UNIT": "ADM2", "CENTROID_LONG": -8.5794099124750733, "CENTROID_LAT": 41.071939970110897 }, "geometry": { "type": "MultiPolygon", "coordinates": [ [ [ [ -8.5694046, 41.141674 ], [ -8.5093641, 41.0727844 ], [ -8.4511633, 41.0606956 ], [ -8.4961252, 41.0107155 ], [ -8.5959768, 41.0137939 ], [ -8.6450911, 41.0134048 ], [ -8.6699104, 41.1389885 ], [ -8.6444366, 41.1471936 ], [ -8.5694046, 41.141674 ] ] ] ] } },
{ "type": "Feature", "properties": { "POLYGON_ID": "PRT_GAUL2003_ADM2_24873", "ADM0_ISO3": "PRT", "ADM0_NAME": "Portugal", "ADM0_CODE": 199, "ADM1_NAME": "Santarem", "ADM1_CODE": 2409, "ADM2_NAME": "Abrantes", "ADM2_CODE": 24873, "GEOSET": "GAUL", "GEOSET_YEAR": 2003.0, "GEOSET_VERSION": "GAUL_v1", "GEOSET_UNIT": "ADM2", "CENTROID_LONG": -8.1509102209999877, "CENTROID_LAT": 39.425661969418229 }, "geometry": { "type": "MultiPolygon", "coordinates": [ [ [ [ -8.1595364, 39.6284103 ], [ -8.1889782, 39.5421677 ], [ -8.1492128, 39.5077934 ], [ -8.075923, 39.5452385 ], [ -8.0618114, 39.4734154 ], [ -8.0047417, 39.4741859 ], [ -7.9395423, 39.4093323 ], [ -7.9633303, 39.3836861 ], [ -8.0846586, 39.2767792 ], [ -8.123188, 39.2902222 ], [ -8.1657791, 39.2344017 ], [ -8.2361565, 39.2711105 ], [ -8.2750263, 39.3418694 ], [ -8.2361374, 39.3794136 ], [ -8.2745285, 39.4431229 ], [ -8.2791052, 39.5090675 ], [ -8.3247156, 39.5046082 ], [ -8.350872, 39.5217476 ], [ -8.2524252, 39.5783768 ], [ -8.2317371, 39.6483841 ], [ -8.1595364, 39.6284103 ] ] ] ] } },
{ "type": "Feature", "properties": { "POLYGON_ID": "PRT_GAUL2003_ADM2_24874", "ADM0_ISO3": "PRT", "ADM0_NAME": "Portugal", "ADM0_CODE": 199, "ADM1_NAME": "Santarem", "ADM1_CODE": 2409, "ADM2_NAME": "Alcanena", "ADM2_CODE": 24874, "GEOSET": "GAUL", "GEOSET_YEAR": 2003.0, "GEOSET_VERSION": "GAUL_v1", "GEOSET_UNIT": "ADM2", "CENTROID_LONG": -8.672954036044727, "CENTROID_LAT": 39.480810006063145 }, "geometry": { "type": "MultiPolygon", "coordinates": [ [ [ [ -8.6324272, 39.5383224 ], [ -8.6674385, 39.5105858 ], [ -8.6137152, 39.4667778 ], [ -8.6205778, 39.4350624 ], [ -8.6593046, 39.4125633 ], [ -8.7534742, 39.4792862 ], [ -8.7234402, 39.484333 ], [ -8.68153, 39.5536003 ], [ -8.6677322, 39.5645638 ], [ -8.6324272, 39.5383224 ] ] ] ] } },
{ "type": "Feature", "properties": { "POLYGON_ID": "PRT_GAUL2003_ADM2_24875", "ADM0_ISO3": "PRT", "ADM0_NAME": "Portugal", "ADM0_CODE": 199, "ADM1_NAME": "Santarem", "ADM1_CODE": 2409, "ADM2_NAME": "Almeirim", "ADM2_CODE": 24875, "GEOSET": "GAUL", "GEOSET_YEAR": 2003.0, "GEOSET_VERSION": "GAUL_v1", "GEOSET_UNIT": "ADM2", "CENTROID_LONG": -8.5732748779917607, "CENTROID_LAT": 39.16103017956506 }, "geometry": { "type": "MultiPolygon", "coordinates": [ [ [ [ -8.5052567, 39.2090187 ], [ -8.4659424, 39.198143 ], [ -8.4476213, 39.1058693 ], [ -8.578083, 39.0948906 ], [ -8.5994768, 39.1232452 ], [ -8.7036905, 39.1334839 ], [ -8.6894741, 39.1670341 ], [ -8.6656275, 39.236042 ], [ -8.6292191, 39.2459717 ], [ -8.5611544, 39.1815071 ], [ -8.5052567, 39.2090187 ] ] ] ] } },
{ "type": "Feature", "properties": { "POLYGON_ID": "PRT_GAUL2003_ADM2_24876", "ADM0_ISO3": "PRT", "ADM0_NAME": "Portugal", "ADM0_CODE": 199, "ADM1_NAME": "Santarem", "ADM1_CODE": 2409, "ADM2_NAME": "Alpiarca", "ADM2_CODE": 24876, "GEOSET": "GAUL", "GEOSET_YEAR": 2003.0, "GEOSET_VERSION": "GAUL_v1", "GEOSET_UNIT": "ADM2", "CENTROID_LONG": -8.5675923495701216, "CENTROID_LAT": 39.240477168894586 }, "geometry": { "type": "MultiPolygon", "coordinates": [ [ [ [ -8.5052567, 39.2090187 ], [ -8.5611544, 39.1815071 ], [ -8.6292191, 39.2459717 ], [ -8.572114, 39.3117523 ], [ -8.5052567, 39.2090187 ] ] ] ] } },
{ "type": "Feature", "properties": { "POLYGON_ID": "PRT_GAUL2003_ADM2_24877", "ADM0_ISO3": "PRT", "ADM0_NAME": "Portugal", "ADM0_CODE": 199, "ADM1_NAME": "Santarem", "ADM1_CODE": 2409, "ADM2_NAME": "Benavente", "ADM2_CODE": 24877, "GEOSET": "GAUL", "GEOSET_YEAR": 2003.0, "GEOSET_VERSION": "GAUL_v1", "GEOSET_UNIT": "ADM2", "CENTROID_LONG": -8.8024110278230303, "CENTROID_LAT": 38.867289423685818 }, "geometry": { "type": "MultiPolygon", "coordinates": [ [ [ [ -8.7282, 38.9788055 ], [ -8.7076197, 38.9337654 ], [ -8.6544189, 38.9143715 ], [ -8.6616621, 38.8232193 ], [ -8.7028427, 38.8244705 ], [ -8.7415075, 38.7363739 ], [ -8.8022242, 38.7438126 ], [ -8.923069, 38.758213 ], [ -8.9455652, 38.8449249 ], [ -8.8881626, 38.9413338 ], [ -8.8456955, 38.9643936 ], [ -8.8537469, 39.025291 ], [ -8.8077103, 39.0328672 ], [ -8.7935123, 39.0027885 ], [ -8.7282, 38.9788055 ] ] ] ] } },
{ "type": "Feature", "properties": { "POLYGON_ID": "PRT_GAUL2003_ADM2_24878", "ADM0_ISO3": "PRT", "ADM0_NAME": "Portugal", "ADM0_CODE": 199, "ADM1_NAME": "Santarem", "ADM1_CODE": 2409, "ADM2_NAME": "Cartaxo", "ADM2_CODE": 24878, "GEOSET": "GAUL", "GEOSET_YEAR": 2003.0, "GEOSET_VERSION": "GAUL_v1", "GEOSET_UNIT": "ADM2", "CENTROID_LONG": -8.7824675858624488, "CENTROID_LAT": 39.147347233508469 }, "geometry": { "type": "MultiPolygon", "coordinates": [ [ [ [ -8.6894741, 39.1670341 ], [ -8.7036905, 39.1334839 ], [ -8.7187386, 39.1128807 ], [ -8.7758231, 39.0625809 ], [ -8.8028803, 39.1096077 ], [ -8.9019947, 39.1661682 ], [ -8.8139515, 39.2012444 ], [ -8.7531281, 39.1965828 ], [ -8.6894741, 39.1670341 ] ] ] ] } },
{ "type": "Feature", "properties": { "POLYGON_ID": "PRT_GAUL2003_ADM2_24879", "ADM0_ISO3": "PRT", "ADM0_NAME": "Portugal", "ADM0_CODE": 199, "ADM1_NAME": "Santarem", "ADM1_CODE": 2409, "ADM2_NAME": "Chamusca", "ADM2_CODE": 24879, "GEOSET": "GAUL", "GEOSET_YEAR": 2003.0, "GEOSET_VERSION": "GAUL_v1", "GEOSET_UNIT": "ADM2", "CENTROID_LONG": -8.3774626280335447, "CENTROID_LAT": 39.271898532841632 }, "geometry": { "type": "MultiPolygon", "coordinates": [ [ [ [ -8.2750263, 39.3418694 ], [ -8.2361565, 39.2711105 ], [ -8.1657791, 39.2344017 ], [ -8.2305584, 39.1826477 ], [ -8.2972527, 39.156929 ], [ -8.3372316, 39.1009254 ], [ -8.3977795, 39.0769882 ], [ -8.4476213, 39.1058693 ], [ -8.4659424, 39.198143 ], [ -8.5052567, 39.2090187 ], [ -8.572114, 39.3117523 ], [ -8.5431213, 39.3231239 ], [ -8.4580193, 39.3841667 ], [ -8.4296293, 39.4573898 ], [ -8.3370342, 39.4694595 ], [ -8.2750263, 39.3418694 ] ] ] ] } },
{ "type": "Feature", "properties": { "POLYGON_ID": "PRT_GAUL2003_ADM2_24880", "ADM0_ISO3": "PRT", "ADM0_NAME": "Portugal", "ADM0_CODE": 199, "ADM1_NAME": "Santarem", "ADM1_CODE": 2409, "ADM2_NAME": "Constancia", "ADM2_CODE": 24880, "GEOSET": "GAUL", "GEOSET_YEAR": 2003.0, "GEOSET_VERSION": "GAUL_v1", "GEOSET_UNIT": "ADM2", "CENTROID_LONG": -8.2893086669332945, "CENTROID_LAT": 39.432280145270674 }, "geometry": { "type": "MultiPolygon", "coordinates": [ [ [ [ -8.2750263, 39.3418694 ], [ -8.3370342, 39.4694595 ], [ -8.3247156, 39.5046082 ], [ -8.2791052, 39.5090675 ], [ -8.2745285, 39.4431229 ], [ -8.2361374, 39.3794136 ], [ -8.2750263, 39.3418694 ] ] ] ] } },
{ "type": "Feature", "properties": { "POLYGON_ID": "PRT_GAUL2003_ADM2_24881", "ADM0_ISO3": "PRT", "ADM0_NAME": "Portugal", "ADM0_CODE": 199, "ADM1_NAME": "Santarem", "ADM1_CODE": 2409, "ADM2_NAME": "Coruche", "ADM2_CODE": 24881, "GEOSET": "GAUL", "GEOSET_YEAR": 2003.0, "GEOSET_VERSION": "GAUL_v1", "GEOSET_UNIT": "ADM2", "CENTROID_LONG": -8.4447147295062148, "CENTROID_LAT": 38.940148418812576 }, "geometry": { "type": "MultiPolygon", "coordinates": [ [ [ [ -8.4476213, 39.1058693 ], [ -8.3977795, 39.0769882 ], [ -8.3372316, 39.1009254 ], [ -8.285799, 39.0810013 ], [ -8.2573528, 39.0150146 ], [ -8.2227783, 38.9875793 ], [ -8.2672482, 38.9073792 ], [ -8.155324, 38.8676033 ], [ -8.1541014, 38.810894 ], [ -8.1181049, 38.8045197 ], [ -8.1491947, 38.7748604 ], [ -8.2183914, 38.8281326 ], [ -8.2938213, 38.8630333 ], [ -8.3704491, 38.8563423 ], [ -8.4486513, 38.804184 ], [ -8.4911852, 38.8062897 ], [ -8.5400019, 38.7656021 ], [ -8.6616621, 38.8232193 ], [ -8.6544189, 38.9143715 ], [ -8.7076197, 38.9337654 ], [ -8.7282, 38.9788055 ], [ -8.6707373, 38.9731903 ], [ -8.6102467, 38.997345 ], [ -8.5692406, 39.0380974 ], [ -8.578083, 39.0948906 ], [ -8.4476213, 39.1058693 ] ] ] ] } },
{ "type": "Feature", "properties": { "POLYGON_ID": "PRT_GAUL2003_ADM2_24882", "ADM0_ISO3": "PRT", "ADM0_NAME": "Portugal", "ADM0_CODE": 199, "ADM1_NAME": "Santarem", "ADM1_CODE": 2409, "ADM2_NAME": "Entroncamento", "ADM2_CODE": 24882, "GEOSET": "GAUL", "GEOSET_YEAR": 2003.0, "GEOSET_VERSION": "GAUL_v1", "GEOSET_UNIT": "ADM2", "CENTROID_LONG": -8.462687166666667, "CENTROID_LAT": 39.465183266666664 }, "geometry": { "type": "MultiPolygon", "coordinates": [ [ [ [ -8.4560814, 39.4575157 ], [ -8.4801607, 39.4449463 ], [ -8.4518194, 39.4930878 ], [ -8.4560814, 39.4575157 ] ] ] ] } },
{ "type": "Feature", "properties": { "POLYGON_ID": "PRT_GAUL2003_ADM2_24883", "ADM0_ISO3": "PRT", "ADM0_NAME": "Portugal", "ADM0_CODE": 199, "ADM1_NAME": "Santarem", "ADM1_CODE": 2409, "ADM2_NAME": "Ferreira Do Zezere", "ADM2_CODE": 24883, "GEOSET": "GAUL", "GEOSET_YEAR": 2003.0, "GEOSET_VERSION": "GAUL_v1", "GEOSET_UNIT": "ADM2", "CENTROID_LONG": -8.3107676590981203, "CENTROID_LAT": 39.72917359597681 }, "geometry": { "type": "MultiPolygon", "coordinates": [ [ [ [ -8.2809782, 39.7982521 ], [ -8.2228022, 39.7579994 ], [ -8.2284641, 39.7283669 ], [ -8.2317371, 39.6483841 ], [ -8.3011608, 39.6670227 ], [ -8.3461294, 39.7012672 ], [ -8.4226875, 39.6885719 ], [ -8.4243698, 39.7446632 ], [ -8.377512, 39.7559967 ], [ -8.3325405, 39.8027191 ], [ -8.2809782, 39.7982521 ] ] ] ] } },
{ "type": "Feature", "properties": { "POLYGON_ID": "PRT_GAUL2003_ADM2_24884", "ADM0_ISO3": "PRT", "ADM0_NAME": "Portugal", "ADM0_CODE": 199, "ADM1_NAME": "Santarem", "ADM1_CODE": 2409, "ADM2_NAME": "Golega", "ADM2_CODE": 24884, "GEOSET": "GAUL", "GEOSET_YEAR": 2003.0, "GEOSET_VERSION": "GAUL_v1", "GEOSET_UNIT": "ADM2", "CENTROID_LONG": -8.4965643823802566, "CENTROID_LAT": 39.396831899408333 }, "geometry": { "type": "MultiPolygon", "coordinates": [ [ [ [ -8.4296293, 39.4573898 ], [ -8.4580193, 39.3841667 ], [ -8.5431213, 39.3231239 ], [ -8.5516062, 39.4007072 ], [ -8.4801607, 39.4449463 ], [ -8.4560814, 39.4575157 ], [ -8.4296293, 39.4573898 ] ] ] ] } },
{ "type": "Feature", "properties": { "POLYGON_ID": "PRT_GAUL2003_ADM2_24885", "ADM0_ISO3": "PRT", "ADM0_NAME": "Portugal", "ADM0_CODE": 199, "ADM1_NAME": "Santarem", "ADM1_CODE": 2409, "ADM2_NAME": "Macao", "ADM2_CODE": 24885, "GEOSET": "GAUL", "GEOSET_YEAR": 2003.0, "GEOSET_VERSION": "GAUL_v1", "GEOSET_UNIT": "ADM2", "CENTROID_LONG": -7.971664998599322, "CENTROID_LAT": 39.605367726919141 }, "geometry": { "type": "MultiPolygon", "coordinates": [ [ [ [ -8.0306826, 39.7483482 ], [ -7.9559617, 39.7436104 ], [ -7.9492636, 39.6638184 ], [ -7.8918915, 39.6596947 ], [ -7.8433709, 39.6258087 ], [ -7.8053117, 39.5675697 ], [ -7.820344, 39.5394058 ], [ -7.844048, 39.5117149 ], [ -7.9378691, 39.555851 ], [ -7.9653802, 39.5507889 ], [ -8.0047417, 39.4741859 ], [ -8.0618114, 39.4734154 ], [ -8.075923, 39.5452385 ], [ -8.1028538, 39.616703 ], [ -8.0545073, 39.6386642 ], [ -8.0529432, 39.7378464 ], [ -8.0306826, 39.7483482 ] ] ] ] } },
{ "type": "Feature", "properties": { "POLYGON_ID": "PRT_GAUL2003_ADM2_24886", "ADM0_ISO3": "PRT", "ADM0_NAME": "Portugal", "ADM0_CODE": 199, "ADM1_NAME": "Santarem", "ADM1_CODE": 2409, "ADM2_NAME": "Ourem", "ADM2_CODE": 24886, "GEOSET": "GAUL", "GEOSET_YEAR": 2003.0, "GEOSET_VERSION": "GAUL_v1", "GEOSET_UNIT": "ADM2", "CENTROID_LONG": -8.5664444691922803, "CENTROID_LAT": 39.695799513378276 }, "geometry": { "type": "MultiPolygon", "coordinates": [ [ [ [ -8.4243698, 39.7446632 ], [ -8.4226875, 39.6885719 ], [ -8.4922352, 39.694931 ], [ -8.4988337, 39.6344261 ], [ -8.6324272, 39.5383224 ], [ -8.6677322, 39.5645638 ], [ -8.6971531, 39.6432533 ], [ -8.6303587, 39.6998634 ], [ -8.6713696, 39.7132225 ], [ -8.6770592, 39.7694702 ], [ -8.6205606, 39.7913322 ], [ -8.5800858, 39.7813759 ], [ -8.4744825, 39.8403206 ], [ -8.4243698, 39.7446632 ] ] ] ] } },
{ "type": "Feature", "properties": { "POLYGON_ID": "PRT_GAUL2003_ADM2_24887", "ADM0_ISO3": "PRT", "ADM0_NAME": "Portugal", "ADM0_CODE": 199, "ADM1_NAME": "Santarem", "ADM1_CODE": 2409, "ADM2_NAME": "Rio Maior", "ADM2_CODE": 24887, "GEOSET": "GAUL", "GEOSET_YEAR": 2003.0, "GEOSET_VERSION": "GAUL_v1", "GEOSET_UNIT": "ADM2", "CENTROID_LONG": -8.8996676236869803, "CENTROID_LAT": 39.33141692638349 }, "geometry": { "type": "MultiPolygon", "coordinates": [ [ [ [ -8.8700428, 39.2518196 ], [ -8.9073095, 39.2367134 ], [ -8.9785385, 39.251133 ], [ -8.9905691, 39.2973175 ], [ -8.9772625, 39.3876991 ], [ -8.9424458, 39.3943558 ], [ -8.897274, 39.4679451 ], [ -8.8853359, 39.4682236 ], [ -8.8715734, 39.4217491 ], [ -8.8129416, 39.351593 ], [ -8.7989178, 39.2707634 ], [ -8.8700428, 39.2518196 ] ] ] ] } },
{ "type": "Feature", "properties": { "POLYGON_ID": "PRT_GAUL2003_ADM2_24888", "ADM0_ISO3": "PRT", "ADM0_NAME": "Portugal", "ADM0_CODE": 199, "ADM1_NAME": "Santarem", "ADM1_CODE": 2409, "ADM2_NAME": "Salvaterra De Magos", "ADM2_CODE": 24888, "GEOSET": "GAUL", "GEOSET_YEAR": 2003.0, "GEOSET_VERSION": "GAUL_v1", "GEOSET_UNIT": "ADM2", "CENTROID_LONG": -8.6768722959279874, "CENTROID_LAT": 39.049987886960125 }, "geometry": { "type": "MultiPolygon", "coordinates": [ [ [ [ -8.578083, 39.0948906 ], [ -8.5692406, 39.0380974 ], [ -8.6102467, 38.997345 ], [ -8.6707373, 38.9731903 ], [ -8.7282, 38.9788055 ], [ -8.7935123, 39.0027885 ], [ -8.8077103, 39.0328672 ], [ -8.7524948, 39.0661545 ], [ -8.7187386, 39.1128807 ], [ -8.7036905, 39.1334839 ], [ -8.5994768, 39.1232452 ], [ -8.578083, 39.0948906 ] ] ] ] } },
{ "type": "Feature", "properties": { "POLYGON_ID": "PRT_GAUL2003_ADM2_24889", "ADM0_ISO3": "PRT", "ADM0_NAME": "Portugal", "ADM0_CODE": 199, "ADM1_NAME": "Santarem", "ADM1_CODE": 2409, "ADM2_NAME": "Santarem", "ADM2_CODE": 24889, "GEOSET": "GAUL", "GEOSET_YEAR": 2003.0, "GEOSET_VERSION": "GAUL_v1", "GEOSET_UNIT": "ADM2", "CENTROID_LONG": -8.7177741764223082, "CENTROID_LAT": 39.337316388585329 }, "geometry": { "type": "MultiPolygon", "coordinates": [ [ [ [ -8.7534742, 39.4792862 ], [ -8.6593046, 39.4125633 ], [ -8.6205778, 39.4350624 ], [ -8.5516062, 39.4007072 ], [ -8.5431213, 39.3231239 ], [ -8.572114, 39.3117523 ], [ -8.6292191, 39.2459717 ], [ -8.6656275, 39.236042 ], [ -8.6894741, 39.1670341 ], [ -8.7531281, 39.1965828 ], [ -8.8139515, 39.2012444 ], [ -8.8700428, 39.2518196 ], [ -8.7989178, 39.2707634 ], [ -8.8129416, 39.351593 ], [ -8.8715734, 39.4217491 ], [ -8.8853359, 39.4682236 ], [ -8.7534742, 39.4792862 ] ] ] ] } },
{ "type": "Feature", "properties": { "POLYGON_ID": "PRT_GAUL2003_ADM2_24890", "ADM0_ISO3": "PRT", "ADM0_NAME": "Portugal", "ADM0_CODE": 199, "ADM1_NAME": "Santarem", "ADM1_CODE": 2409, "ADM2_NAME": "Sardoal", "ADM2_CODE": 24890, "GEOSET": "GAUL", "GEOSET_YEAR": 2003.0, "GEOSET_VERSION": "GAUL_v1", "GEOSET_UNIT": "ADM2", "CENTROID_LONG": -8.1345247210726939, "CENTROID_LAT": 39.568011628909929 }, "geometry": { "type": "MultiPolygon", "coordinates": [ [ [ [ -8.1028538, 39.616703 ], [ -8.075923, 39.5452385 ], [ -8.1492128, 39.5077934 ], [ -8.1889782, 39.5421677 ], [ -8.1595364, 39.6284103 ], [ -8.1028538, 39.616703 ] ] ] ] } },
{ "type": "Feature", "properties": { "POLYGON_ID": "PRT_GAUL2003_ADM2_24891", "ADM0_ISO3": "PRT", "ADM0_NAME": "Portugal", "ADM0_CODE": 199, "ADM1_NAME": "Santarem", "ADM1_CODE": 2409, "ADM2_NAME": "Tomar", "ADM2_CODE": 24891, "GEOSET": "GAUL", "GEOSET_YEAR": 2003.0, "GEOSET_VERSION": "GAUL_v1", "GEOSET_UNIT": "ADM2", "CENTROID_LONG": -8.3758794242513606, "CENTROID_LAT": 39.606305514435547 }, "geometry": { "type": "MultiPolygon", "coordinates": [ [ [ [ -8.4226875, 39.6885719 ], [ -8.3461294, 39.7012672 ], [ -8.3011608, 39.6670227 ], [ -8.2317371, 39.6483841 ], [ -8.2524252, 39.5783768 ], [ -8.350872, 39.5217476 ], [ -8.3773575, 39.4799881 ], [ -8.4474602, 39.5096321 ], [ -8.45996, 39.5686874 ], [ -8.4988337, 39.6344261 ], [ -8.4922352, 39.694931 ], [ -8.4226875, 39.6885719 ] ] ] ] } },
{ "type": "Feature", "properties": { "POLYGON_ID": "PRT_GAUL2003_ADM2_24892", "ADM0_ISO3": "PRT", "ADM0_NAME": "Portugal", "ADM0_CODE": 199, "ADM1_NAME": "Santarem", "ADM1_CODE": 2409, "ADM2_NAME": "Torres Novas", "ADM2_CODE": 24892, "GEOSET": "GAUL", "GEOSET_YEAR": 2003.0, "GEOSET_VERSION": "GAUL_v1", "GEOSET_UNIT": "ADM2", "CENTROID_LONG": -8.5423408715339626, "CENTROID_LAT": 39.510637657265825 }, "geometry": { "type": "MultiPolygon", "coordinates": [ [ [ [ -8.4474602, 39.5096321 ], [ -8.4518194, 39.4930878 ], [ -8.4801607, 39.4449463 ], [ -8.5516062, 39.4007072 ], [ -8.6205778, 39.4350624 ], [ -8.6137152, 39.4667778 ], [ -8.6674385, 39.5105858 ], [ -8.6324272, 39.5383224 ], [ -8.4988337, 39.6344261 ], [ -8.45996, 39.5686874 ], [ -8.4474602, 39.5096321 ] ] ] ] } },
{ "type": "Feature", "properties": { "POLYGON_ID": "PRT_GAUL2003_ADM2_24893", "ADM0_ISO3": "PRT", "ADM0_NAME": "Portugal", "ADM0_CODE": 199, "ADM1_NAME": "Santarem", "ADM1_CODE": 2409, "ADM2_NAME": "Vila Nova Da Barquinha", "ADM2_CODE": 24893, "GEOSET": "GAUL", "GEOSET_YEAR": 2003.0, "GEOSET_VERSION": "GAUL_v1", "GEOSET_UNIT": "ADM2", "CENTROID_LONG": -8.393058275966947, "CENTROID_LAT": 39.482848035373927 }, "geometry": { "type": "MultiPolygon", "coordinates": [ [ [ [ -8.3247156, 39.5046082 ], [ -8.3370342, 39.4694595 ], [ -8.4296293, 39.4573898 ], [ -8.4560814, 39.4575157 ], [ -8.4518194, 39.4930878 ], [ -8.4474602, 39.5096321 ], [ -8.3773575, 39.4799881 ], [ -8.350872, 39.5217476 ], [ -8.3247156, 39.5046082 ] ] ] ] } },
{ "type": "Feature", "properties": { "POLYGON_ID": "PRT_GAUL2003_ADM2_24894", "ADM0_ISO3": "PRT", "ADM0_NAME": "Portugal", "ADM0_CODE": 199, "ADM1_NAME": "Setubal", "ADM1_CODE": 2410, "ADM2_NAME": "Alcacer Do Sal", "ADM2_CODE": 24894, "GEOSET": "GAUL", "GEOSET_YEAR": 2003.0, "GEOSET_VERSION": "GAUL_v1", "GEOSET_UNIT": "ADM2", "CENTROID_LONG": -8.4756270182787734, "CENTROID_LAT": 38.371938881172568 }, "geometry": { "type": "MultiPolygon", "coordinates": [ [ [ [ -8.569109, 38.5472565 ], [ -8.500062, 38.5213127 ], [ -8.3631954, 38.5466042 ], [ -8.2842598, 38.4374657 ], [ -8.309392, 38.3808937 ], [ -8.2637177, 38.3522301 ], [ -8.1563168, 38.3189545 ], [ -8.1239738, 38.2538567 ], [ -8.1366854, 38.2190819 ], [ -8.2527847, 38.1968269 ], [ -8.3610363, 38.1960106 ], [ -8.4754705, 38.2413368 ], [ -8.6005402, 38.2638969 ], [ -8.6314163, 38.299263 ], [ -8.6983738, 38.2961578 ], [ -8.7678032, 38.3212166 ], [ -8.7965794, 38.404232 ], [ -8.733398, 38.5114934 ], [ -8.6337347, 38.5514603 ], [ -8.569109, 38.5472565 ] ] ] ] } },
{ "type": "Feature", "properties": { "POLYGON_ID": "PRT_GAUL2003_ADM2_24895", "ADM0_ISO3": "PRT", "ADM0_NAME": "Portugal", "ADM0_CODE": 199, "ADM1_NAME": "Setubal", "ADM1_CODE": 2410, "ADM2_NAME": "Alcochete", "ADM2_CODE": 24895, "GEOSET": "GAUL", "GEOSET_YEAR": 2003.0, "GEOSET_VERSION": "GAUL_v1", "GEOSET_UNIT": "ADM2", "CENTROID_LONG": -8.8912231807931033, "CENTROID_LAT": 38.721478502943761 }, "geometry": { "type": "MultiPolygon", "coordinates": [ [ [ [ -8.8022242, 38.7438126 ], [ -8.8334446, 38.6821709 ], [ -8.9037066, 38.6741104 ], [ -8.9152994, 38.7098579 ], [ -9.024148, 38.7261734 ], [ -8.923069, 38.758213 ], [ -8.8022242, 38.7438126 ] ] ] ] } },
{ "type": "Feature", "properties": { "POLYGON_ID": "PRT_GAUL2003_ADM2_24896", "ADM0_ISO3": "PRT", "ADM0_NAME": "Portugal", "ADM0_CODE": 199, "ADM1_NAME": "Setubal", "ADM1_CODE": 2410, "ADM2_NAME": "Almada", "ADM2_CODE": 24896, "GEOSET": "GAUL", "GEOSET_YEAR": 2003.0, "GEOSET_VERSION": "GAUL_v1", "GEOSET_UNIT": "ADM2", "CENTROID_LONG": -9.1908891642348962, "CENTROID_LAT": 38.62609686246811 }, "geometry": { "type": "MultiPolygon", "coordinates": [ [ [ [ -9.1245541, 38.6560124 ], [ -9.1659136, 38.6312523 ], [ -9.1520901, 38.576355 ], [ -9.1844158, 38.5474777 ], [ -9.2594643, 38.6595268 ], [ -9.1633635, 38.6800156 ], [ -9.1245541, 38.6560124 ] ] ] ] } },
{ "type": "Feature", "properties": { "POLYGON_ID": "PRT_GAUL2003_ADM2_24897", "ADM0_ISO3": "PRT", "ADM0_NAME": "Portugal", "ADM0_CODE": 199, "ADM1_NAME": "Setubal", "ADM1_CODE": 2410, "ADM2_NAME": "Barreiro", "ADM2_CODE": 24897, "GEOSET": "GAUL", "GEOSET_YEAR": 2003.0, "GEOSET_VERSION": "GAUL_v1", "GEOSET_UNIT": "ADM2", "CENTROID_LONG": -9.0400305444320193, "CENTROID_LAT": 38.628123210683832 }, "geometry": { "type": "MultiPolygon", "coordinates": [ [ [ [ -9.0407169, 38.6729627 ], [ -9.0058546, 38.603653 ], [ -9.027709, 38.5776939 ], [ -9.0401268, 38.5790749 ], [ -9.0429452, 38.6038937 ], [ -9.0811195, 38.6594963 ], [ -9.0407169, 38.6729627 ] ] ] ] } },
{ "type": "Feature", "properties": { "POLYGON_ID": "PRT_GAUL2003_ADM2_24898", "ADM0_ISO3": "PRT", "ADM0_NAME": "Portugal", "ADM0_CODE": 199, "ADM1_NAME": "Setubal", "ADM1_CODE": 2410, "ADM2_NAME": "Grandola", "ADM2_CODE": 24898, "GEOSET": "GAUL", "GEOSET_YEAR": 2003.0, "GEOSET_VERSION": "GAUL_v1", "GEOSET_UNIT": "ADM2", "CENTROID_LONG": -8.5674187733819451, "CENTROID_LAT": 38.17225571112219 }, "geometry": { "type": "MultiPolygon", "coordinates": [ [ [ [ -8.7965794, 38.404232 ], [ -8.7678032, 38.3212166 ], [ -8.6983738, 38.2961578 ], [ -8.6314163, 38.299263 ], [ -8.6005402, 38.2638969 ], [ -8.4754705, 38.2413368 ], [ -8.3610363, 38.1960106 ], [ -8.2527847, 38.1968269 ], [ -8.3099308, 38.1712036 ], [ -8.3607645, 38.0960426 ], [ -8.4037914, 38.0639038 ], [ -8.4566298, 38.0287476 ], [ -8.6312828, 38.0946541 ], [ -8.7926777, 38.122822 ], [ -8.7714081, 38.199585 ], [ -8.7720633, 38.2831345 ], [ -8.7965794, 38.404232 ] ] ] ] } },
{ "type": "Feature", "properties": { "POLYGON_ID": "PRT_GAUL2003_ADM2_24899", "ADM0_ISO3": "PRT", "ADM0_NAME": "Portugal", "ADM0_CODE": 199, "ADM1_NAME": "Setubal", "ADM1_CODE": 2410, "ADM2_NAME": "Moita", "ADM2_CODE": 24899, "GEOSET": "GAUL", "GEOSET_YEAR": 2003.0, "GEOSET_VERSION": "GAUL_v1", "GEOSET_UNIT": "ADM2", "CENTROID_LONG": -8.99443784385398, "CENTROID_LAT": 38.65335052632701 }, "geometry": { "type": "MultiPolygon", "coordinates": [ [ [ [ -8.9470587, 38.654171 ], [ -9.0058546, 38.603653 ], [ -9.0407169, 38.6729627 ], [ -8.9750214, 38.6911163 ], [ -8.9470587, 38.654171 ] ] ] ] } },
{ "type": "Feature", "properties": { "POLYGON_ID": "PRT_GAUL2003_ADM2_24900", "ADM0_ISO3": "PRT", "ADM0_NAME": "Portugal", "ADM0_CODE": 199, "ADM1_NAME": "Setubal", "ADM1_CODE": 2410, "ADM2_NAME": "Montijo", "ADM2_CODE": 24900, "GEOSET": "GAUL", "GEOSET_YEAR": 2003.0, "GEOSET_VERSION": "GAUL_v1", "GEOSET_UNIT": "ADM2", "CENTROID_LONG": -8.6655585243475812, "CENTROID_LAT": 38.729014191406996 }, "geometry": { "type": "MultiPolygon", "coordinates": [ [ [ [ -8.6616621, 38.8232193 ], [ -8.5400019, 38.7656021 ], [ -8.486392, 38.7554893 ], [ -8.5355425, 38.6863213 ], [ -8.6064281, 38.6458435 ], [ -8.658412, 38.6472702 ], [ -8.7415075, 38.7363739 ], [ -8.7028427, 38.8244705 ], [ -8.6616621, 38.8232193 ] ] ], [ [ [ -8.9037066, 38.6741104 ], [ -8.9470587, 38.654171 ], [ -8.9750214, 38.6911163 ], [ -9.024148, 38.7261734 ], [ -8.9152994, 38.7098579 ], [ -8.9037066, 38.6741104 ] ] ] ] } },
{ "type": "Feature", "properties": { "POLYGON_ID": "PRT_GAUL2003_ADM2_24901", "ADM0_ISO3": "PRT", "ADM0_NAME": "Portugal", "ADM0_CODE": 199, "ADM1_NAME": "Setubal", "ADM1_CODE": 2410, "ADM2_NAME": "Palmela", "ADM2_CODE": 24901, "GEOSET": "GAUL", "GEOSET_YEAR": 2003.0, "GEOSET_VERSION": "GAUL_v1", "GEOSET_UNIT": "ADM2", "CENTROID_LONG": -8.8065359117260176, "CENTROID_LAT": 38.619786457127617 }, "geometry": { "type": "MultiPolygon", "coordinates": [ [ [ [ -8.7415075, 38.7363739 ], [ -8.658412, 38.6472702 ], [ -8.6064281, 38.6458435 ], [ -8.6528864, 38.6035385 ], [ -8.6337347, 38.5514603 ], [ -8.733398, 38.5114934 ], [ -8.7398233, 38.5570984 ], [ -8.8708324, 38.5629387 ], [ -8.9587917, 38.5358734 ], [ -9.02528, 38.5651245 ], [ -9.027709, 38.5776939 ], [ -9.0058546, 38.603653 ], [ -8.9470587, 38.654171 ], [ -8.9037066, 38.6741104 ], [ -8.8334446, 38.6821709 ], [ -8.8022242, 38.7438126 ], [ -8.7415075, 38.7363739 ] ] ] ] } },
{ "type": "Feature", "properties": { "POLYGON_ID": "PRT_GAUL2003_ADM2_24902", "ADM0_ISO3": "PRT", "ADM0_NAME": "Portugal", "ADM0_CODE": 199, "ADM1_NAME": "Setubal", "ADM1_CODE": 2410, "ADM2_NAME": "Santiago Do Cacem", "ADM2_CODE": 24902, "GEOSET": "GAUL", "GEOSET_YEAR": 2003.0, "GEOSET_VERSION": "GAUL_v1", "GEOSET_UNIT": "ADM2", "CENTROID_LONG": -8.5627950694022559, "CENTROID_LAT": 37.95129031071216 }, "geometry": { "type": "MultiPolygon", "coordinates": [ [ [ [ -8.4037914, 38.0639038 ], [ -8.3370438, 38.04142 ], [ -8.2895212, 38.002243 ], [ -8.3047771, 37.8856316 ], [ -8.3258457, 37.8440056 ], [ -8.3948212, 37.8598824 ], [ -8.5485992, 37.8475647 ], [ -8.5833654, 37.7559929 ], [ -8.6847839, 37.7573166 ], [ -8.733573, 37.8130569 ], [ -8.7234554, 37.858036 ], [ -8.6810665, 37.9053917 ], [ -8.8296366, 38.0370483 ], [ -8.7926777, 38.122822 ], [ -8.6312828, 38.0946541 ], [ -8.4566298, 38.0287476 ], [ -8.4037914, 38.0639038 ] ] ] ] } },
{ "type": "Feature", "properties": { "POLYGON_ID": "PRT_GAUL2003_ADM2_24903", "ADM0_ISO3": "PRT", "ADM0_NAME": "Portugal", "ADM0_CODE": 199, "ADM1_NAME": "Setubal", "ADM1_CODE": 2410, "ADM2_NAME": "Seixal", "ADM2_CODE": 24903, "GEOSET": "GAUL", "GEOSET_YEAR": 2003.0, "GEOSET_VERSION": "GAUL_v1", "GEOSET_UNIT": "ADM2", "CENTROID_LONG": -9.1063956192817894, "CENTROID_LAT": 38.601912577569379 }, "geometry": { "type": "MultiPolygon", "coordinates": [ [ [ [ -9.0429452, 38.6038937 ], [ -9.0401268, 38.5790749 ], [ -9.0934439, 38.5534287 ], [ -9.1520901, 38.576355 ], [ -9.1659136, 38.6312523 ], [ -9.1245541, 38.6560124 ], [ -9.0429452, 38.6038937 ] ] ] ] } },
{ "type": "Feature", "properties": { "POLYGON_ID": "PRT_GAUL2003_ADM2_24904", "ADM0_ISO3": "PRT", "ADM0_NAME": "Portugal", "ADM0_CODE": 199, "ADM1_NAME": "Setubal", "ADM1_CODE": 2410, "ADM2_NAME": "Sesimbra", "ADM2_CODE": 24904, "GEOSET": "GAUL", "GEOSET_YEAR": 2003.0, "GEOSET_VERSION": "GAUL_v1", "GEOSET_UNIT": "ADM2", "CENTROID_LONG": -9.1130598536962211, "CENTROID_LAT": 38.497181708246259 }, "geometry": { "type": "MultiPolygon", "coordinates": [ [ [ [ -9.027709, 38.5776939 ], [ -9.02528, 38.5651245 ], [ -9.0468855, 38.4937096 ], [ -9.0106869, 38.4504738 ], [ -9.2167349, 38.417347 ], [ -9.1814966, 38.4856758 ], [ -9.1844158, 38.5474777 ], [ -9.1520901, 38.576355 ], [ -9.0934439, 38.5534287 ], [ -9.0401268, 38.5790749 ], [ -9.027709, 38.5776939 ] ] ] ] } },
{ "type": "Feature", "properties": { "POLYGON_ID": "PRT_GAUL2003_ADM2_24905", "ADM0_ISO3": "PRT", "ADM0_NAME": "Portugal", "ADM0_CODE": 199, "ADM1_NAME": "Setubal", "ADM1_CODE": 2410, "ADM2_NAME": "Setubal", "ADM2_CODE": 24905, "GEOSET": "GAUL", "GEOSET_YEAR": 2003.0, "GEOSET_VERSION": "GAUL_v1", "GEOSET_UNIT": "ADM2", "CENTROID_LONG": -8.9008200987360127, "CENTROID_LAT": 38.519152378330126 }, "geometry": { "type": "MultiPolygon", "coordinates": [ [ [ [ -8.7398233, 38.5570984 ], [ -8.781332, 38.4718399 ], [ -8.8977709, 38.5169106 ], [ -9.0106869, 38.4504738 ], [ -9.0468855, 38.4937096 ], [ -9.02528, 38.5651245 ], [ -8.9587917, 38.5358734 ], [ -8.8708324, 38.5629387 ], [ -8.7398233, 38.5570984 ] ] ] ] } },
{ "type": "Feature", "properties": { "POLYGON_ID": "PRT_GAUL2003_ADM2_24906", "ADM0_ISO3": "PRT", "ADM0_NAME": "Portugal", "ADM0_CODE": 199, "ADM1_NAME": "Setubal", "ADM1_CODE": 2410, "ADM2_NAME": "Sines", "ADM2_CODE": 24906, "GEOSET": "GAUL", "GEOSET_YEAR": 2003.0, "GEOSET_VERSION": "GAUL_v1", "GEOSET_UNIT": "ADM2", "CENTROID_LONG": -8.7748782438208117, "CENTROID_LAT": 37.921058004912275 }, "geometry": { "type": "MultiPolygon", "coordinates": [ [ [ [ -8.733573, 37.8130569 ], [ -8.7927931, 37.8223152 ], [ -8.8020372, 37.9129677 ], [ -8.8674488, 37.9705963 ], [ -8.8296366, 38.0370483 ], [ -8.6810665, 37.9053917 ], [ -8.7234554, 37.858036 ], [ -8.733573, 37.8130569 ] ] ] ] } },
{ "type": "Feature", "properties": { "POLYGON_ID": "PRT_GAUL2003_ADM2_24907", "ADM0_ISO3": "PRT", "ADM0_NAME": "Portugal", "ADM0_CODE": 199, "ADM1_NAME": "Viana Do Castelo", "ADM1_CODE": 2411, "ADM2_NAME": "Arcos De Valdevez", "ADM2_CODE": 24907, "GEOSET": "GAUL", "GEOSET_YEAR": 2003.0, "GEOSET_VERSION": "GAUL_v1", "GEOSET_UNIT": "ADM2", "CENTROID_LONG": -8.3532155454352672, "CENTROID_LAT": 41.904750940372594 }, "geometry": { "type": "MultiPolygon", "coordinates": [ [ [ [ -8.2013957, 41.9265107 ], [ -8.20748, 41.8996 ], [ -8.204262, 41.8951157 ], [ -8.19457, 41.88205 ], [ -8.2736549, 41.8610191 ], [ -8.3303347, 41.8167114 ], [ -8.4706097, 41.7962189 ], [ -8.5163908, 41.8529129 ], [ -8.4849739, 41.8935051 ], [ -8.4889069, 41.9637794 ], [ -8.2833099, 41.992363 ], [ -8.243803, 42.0115776 ], [ -8.1850605, 41.9883041 ], [ -8.2013957, 41.9265107 ] ] ] ] } },
{ "type": "Feature", "properties": { "POLYGON_ID": "PRT_GAUL2003_ADM2_24908", "ADM0_ISO3": "PRT", "ADM0_NAME": "Portugal", "ADM0_CODE": 199, "ADM1_NAME": "Viana Do Castelo", "ADM1_CODE": 2411, "ADM2_NAME": "Caminha", "ADM2_CODE": 24908, "GEOSET": "GAUL", "GEOSET_YEAR": 2003.0, "GEOSET_VERSION": "GAUL_v1", "GEOSET_UNIT": "ADM2", "CENTROID_LONG": -8.7797597185426053, "CENTROID_LAT": 41.840069830613416 }, "geometry": { "type": "MultiPolygon", "coordinates": [ [ [ [ -8.6681938, 41.8424072 ], [ -8.6838856, 41.8106079 ], [ -8.7533426, 41.7906189 ], [ -8.8687885, 41.7996252 ], [ -8.8596954, 41.8671494 ], [ -8.7998056, 41.909584 ], [ -8.7871421, 41.9147618 ], [ -8.7747631, 41.8873291 ], [ -8.6681938, 41.8424072 ] ] ] ] } },
{ "type": "Feature", "properties": { "POLYGON_ID": "PRT_GAUL2003_ADM2_24909", "ADM0_ISO3": "PRT", "ADM0_NAME": "Portugal", "ADM0_CODE": 199, "ADM1_NAME": "Viana Do Castelo", "ADM1_CODE": 2411, "ADM2_NAME": "Melgaco", "ADM2_CODE": 24909, "GEOSET": "GAUL", "GEOSET_YEAR": 2003.0, "GEOSET_VERSION": "GAUL_v1", "GEOSET_UNIT": "ADM2", "CENTROID_LONG": -8.2072775267178084, "CENTROID_LAT": 42.051534682918657 }, "geometry": { "type": "MultiPolygon", "coordinates": [ [ [ [ -8.1756405, 42.0687845 ], [ -8.17548, 42.0664 ], [ -8.14321, 42.07564 ], [ -8.1237, 42.07855 ], [ -8.1113224, 42.0771103 ], [ -8.09476, 42.07077 ], [ -8.0918334, 42.0675708 ], [ -8.08091, 42.05563 ], [ -8.092211, 42.0121076 ], [ -8.11058, 42.00476 ], [ -8.1628913, 41.9727955 ], [ -8.16801, 41.96765 ], [ -8.1721, 41.96005 ], [ -8.174403, 41.957396 ], [ -8.17689, 41.95453 ], [ -8.18254, 41.95138 ], [ -8.2013957, 41.9265107 ], [ -8.1850605, 41.9883041 ], [ -8.243803, 42.0115776 ], [ -8.2833099, 41.992363 ], [ -8.3316563, 42.0903253 ], [ -8.32571, 42.09118 ], [ -8.31732, 42.09487 ], [ -8.26503, 42.12053 ], [ -8.25312, 42.12326 ], [ -8.2445422, 42.1302449 ], [ -8.22588, 42.13274 ], [ -8.2246381, 42.1330703 ], [ -8.21103, 42.13669 ], [ -8.19944, 42.14565 ], [ -8.19114, 42.14515 ], [ -8.18733, 42.14261 ], [ -8.1756405, 42.0687845 ] ] ] ] } },
{ "type": "Feature", "properties": { "POLYGON_ID": "PRT_GAUL2003_ADM2_24910", "ADM0_ISO3": "PRT", "ADM0_NAME": "Portugal", "ADM0_CODE": 199, "ADM1_NAME": "Viana Do Castelo", "ADM1_CODE": 2411, "ADM2_NAME": "Moncao", "ADM2_CODE": 24910, "GEOSET": "GAUL", "GEOSET_YEAR": 2003.0, "GEOSET_VERSION": "GAUL_v1", "GEOSET_UNIT": "ADM2", "CENTROID_LONG": -8.4211258945531799, "CENTROID_LAT": 42.027184931968478 }, "geometry": { "type": "MultiPolygon", "coordinates": [ [ [ [ -8.3316563, 42.0903253 ], [ -8.2833099, 41.992363 ], [ -8.4889069, 41.9637794 ], [ -8.5288267, 41.9720535 ], [ -8.5399271, 42.0551018 ], [ -8.51166, 42.07787 ], [ -8.505291, 42.0792612 ], [ -8.50287, 42.07979 ], [ -8.4893036, 42.078576 ], [ -8.45563, 42.08229 ], [ -8.42918, 42.0813 ], [ -8.37588, 42.08298 ], [ -8.36218, 42.09028 ], [ -8.3316563, 42.0903253 ] ] ] ] } },
{ "type": "Feature", "properties": { "POLYGON_ID": "PRT_GAUL2003_ADM2_24911", "ADM0_ISO3": "PRT", "ADM0_NAME": "Portugal", "ADM0_CODE": 199, "ADM1_NAME": "Viana Do Castelo", "ADM1_CODE": 2411, "ADM2_NAME": "Paredes De Coura", "ADM2_CODE": 24911, "GEOSET": "GAUL", "GEOSET_YEAR": 2003.0, "GEOSET_VERSION": "GAUL_v1", "GEOSET_UNIT": "ADM2", "CENTROID_LONG": -8.5603311142136196, "CENTROID_LAT": 41.907859313595274 }, "geometry": { "type": "MultiPolygon", "coordinates": [ [ [ [ -8.5288267, 41.9720535 ], [ -8.4889069, 41.9637794 ], [ -8.4849739, 41.8935051 ], [ -8.5163908, 41.8529129 ], [ -8.5553236, 41.8676949 ], [ -8.6547174, 41.8528328 ], [ -8.6345701, 41.9249649 ], [ -8.5288267, 41.9720535 ] ] ] ] } },
{ "type": "Feature", "properties": { "POLYGON_ID": "PRT_GAUL2003_ADM2_24912", "ADM0_ISO3": "PRT", "ADM0_NAME": "Portugal", "ADM0_CODE": 199, "ADM1_NAME": "Viana Do Castelo", "ADM1_CODE": 2411, "ADM2_NAME": "Ponte Da Barca", "ADM2_CODE": 24912, "GEOSET": "GAUL", "GEOSET_YEAR": 2003.0, "GEOSET_VERSION": "GAUL_v1", "GEOSET_UNIT": "ADM2", "CENTROID_LONG": -8.3056391567405594, "CENTROID_LAT": 41.806994427971595 }, "geometry": { "type": "MultiPolygon", "coordinates": [ [ [ [ -8.1491833, 41.8164139 ], [ -8.1866722, 41.8138733 ], [ -8.3088121, 41.7610626 ], [ -8.4171715, 41.7583427 ], [ -8.4557304, 41.7321701 ], [ -8.4706097, 41.7962189 ], [ -8.3303347, 41.8167114 ], [ -8.2736549, 41.8610191 ], [ -8.19457, 41.88205 ], [ -8.1491833, 41.8164139 ] ] ] ] } },
{ "type": "Feature", "properties": { "POLYGON_ID": "PRT_GAUL2003_ADM2_24913", "ADM0_ISO3": "PRT", "ADM0_NAME": "Portugal", "ADM0_CODE": 199, "ADM1_NAME": "Viana Do Castelo", "ADM1_CODE": 2411, "ADM2_NAME": "Ponte De Lima", "ADM2_CODE": 24913, "GEOSET": "GAUL", "GEOSET_YEAR": 2003.0, "GEOSET_VERSION": "GAUL_v1", "GEOSET_UNIT": "ADM2", "CENTROID_LONG": -8.5779787003247741, "CENTROID_LAT": 41.758978673682464 }, "geometry": { "type": "MultiPolygon", "coordinates": [ [ [ [ -8.5163908, 41.8529129 ], [ -8.4706097, 41.7962189 ], [ -8.4557304, 41.7321701 ], [ -8.4907894, 41.7411118 ], [ -8.5365877, 41.6281052 ], [ -8.6396055, 41.6521835 ], [ -8.6399765, 41.7038841 ], [ -8.6954107, 41.7708817 ], [ -8.6838856, 41.8106079 ], [ -8.6681938, 41.8424072 ], [ -8.6547174, 41.8528328 ], [ -8.5553236, 41.8676949 ], [ -8.5163908, 41.8529129 ] ] ] ] } },
{ "type": "Feature", "properties": { "POLYGON_ID": "PRT_GAUL2003_ADM2_24914", "ADM0_ISO3": "PRT", "ADM0_NAME": "Portugal", "ADM0_CODE": 199, "ADM1_NAME": "Viana Do Castelo", "ADM1_CODE": 2411, "ADM2_NAME": "Valenca", "ADM2_CODE": 24914, "GEOSET": "GAUL", "GEOSET_YEAR": 2003.0, "GEOSET_VERSION": "GAUL_v1", "GEOSET_UNIT": "ADM2", "CENTROID_LONG": -8.5991240909994975, "CENTROID_LAT": 41.995174229473228 }, "geometry": { "type": "MultiPolygon", "coordinates": [ [ [ [ -8.5399271, 42.0551018 ], [ -8.5288267, 41.9720535 ], [ -8.6345701, 41.9249649 ], [ -8.6810935, 41.9885434 ], [ -8.65356, 42.00999 ], [ -8.6487193, 42.0233289 ], [ -8.61468, 42.05218 ], [ -8.6041196, 42.0543315 ], [ -8.5958893, 42.0552973 ], [ -8.58963, 42.05455 ], [ -8.55829, 42.05216 ], [ -8.5399271, 42.0551018 ] ] ] ] } },
{ "type": "Feature", "properties": { "POLYGON_ID": "PRT_GAUL2003_ADM2_24915", "ADM0_ISO3": "PRT", "ADM0_NAME": "Portugal", "ADM0_CODE": 199, "ADM1_NAME": "Viana Do Castelo", "ADM1_CODE": 2411, "ADM2_NAME": "Viana Do Castelo", "ADM2_CODE": 24915, "GEOSET": "GAUL", "GEOSET_YEAR": 2003.0, "GEOSET_VERSION": "GAUL_v1", "GEOSET_UNIT": "ADM2", "CENTROID_LONG": -8.7549209844879705, "CENTROID_LAT": 41.710645508888462 }, "geometry": { "type": "MultiPolygon", "coordinates": [ [ [ [ -8.6838856, 41.8106079 ], [ -8.6954107, 41.7708817 ], [ -8.6399765, 41.7038841 ], [ -8.6396055, 41.6521835 ], [ -8.7273655, 41.6177444 ], [ -8.805545, 41.6068423 ], [ -8.8257837, 41.6767693 ], [ -8.8737202, 41.7532005 ], [ -8.8687885, 41.7996252 ], [ -8.7533426, 41.7906189 ], [ -8.6838856, 41.8106079 ] ] ] ] } },
{ "type": "Feature", "properties": { "POLYGON_ID": "PRT_GAUL2003_ADM2_24916", "ADM0_ISO3": "PRT", "ADM0_NAME": "Portugal", "ADM0_CODE": 199, "ADM1_NAME": "Viana Do Castelo", "ADM1_CODE": 2411, "ADM2_NAME": "Vila Nova De Cerveira", "ADM2_CODE": 24916, "GEOSET": "GAUL", "GEOSET_YEAR": 2003.0, "GEOSET_VERSION": "GAUL_v1", "GEOSET_UNIT": "ADM2", "CENTROID_LONG": -8.7016114555555983, "CENTROID_LAT": 41.913734187956599 }, "geometry": { "type": "MultiPolygon", "coordinates": [ [ [ [ -8.6345701, 41.9249649 ], [ -8.6547174, 41.8528328 ], [ -8.6681938, 41.8424072 ], [ -8.7747631, 41.8873291 ], [ -8.7871421, 41.9147618 ], [ -8.7703598, 41.9207518 ], [ -8.76117, 41.92488 ], [ -8.73761, 41.96481 ], [ -8.6810935, 41.9885434 ], [ -8.6345701, 41.9249649 ] ] ] ] } },
{ "type": "Feature", "properties": { "POLYGON_ID": "PRT_GAUL2003_ADM2_24917", "ADM0_ISO3": "PRT", "ADM0_NAME": "Portugal", "ADM0_CODE": 199, "ADM1_NAME": "Vila Real", "ADM1_CODE": 2412, "ADM2_NAME": "Alijo", "ADM2_CODE": 24917, "GEOSET": "GAUL", "GEOSET_YEAR": 2003.0, "GEOSET_VERSION": "GAUL_v1", "GEOSET_UNIT": "ADM2", "CENTROID_LONG": -7.4746908011600048, "CENTROID_LAT": 41.307563220087815 }, "geometry": { "type": "MultiPolygon", "coordinates": [ [ [ [ -7.3576932, 41.3264503 ], [ -7.3862085, 41.2443161 ], [ -7.4220901, 41.2156868 ], [ -7.5413542, 41.1933136 ], [ -7.5304012, 41.2592926 ], [ -7.5960822, 41.3981133 ], [ -7.5764561, 41.4063301 ], [ -7.4438448, 41.3935547 ], [ -7.3576932, 41.3264503 ] ] ] ] } },
{ "type": "Feature", "properties": { "POLYGON_ID": "PRT_GAUL2003_ADM2_24918", "ADM0_ISO3": "PRT", "ADM0_NAME": "Portugal", "ADM0_CODE": 199, "ADM1_NAME": "Vila Real", "ADM1_CODE": 2412, "ADM2_NAME": "Boticas", "ADM2_CODE": 24918, "GEOSET": "GAUL", "GEOSET_YEAR": 2003.0, "GEOSET_VERSION": "GAUL_v1", "GEOSET_UNIT": "ADM2", "CENTROID_LONG": -7.7266899992426055, "CENTROID_LAT": 41.680463641137521 }, "geometry": { "type": "MultiPolygon", "coordinates": [ [ [ [ -7.5816183, 41.7924118 ], [ -7.5526242, 41.7398071 ], [ -7.5875497, 41.7125969 ], [ -7.6101122, 41.6427956 ], [ -7.7147999, 41.5831604 ], [ -7.6959233, 41.6370659 ], [ -7.7378325, 41.6553001 ], [ -7.8041692, 41.5845604 ], [ -7.8417349, 41.6180725 ], [ -7.908885, 41.6555481 ], [ -7.8681669, 41.7163086 ], [ -7.6436286, 41.7378845 ], [ -7.5816183, 41.7924118 ] ] ] ] } },
{ "type": "Feature", "properties": { "POLYGON_ID": "PRT_GAUL2003_ADM2_24919", "ADM0_ISO3": "PRT", "ADM0_NAME": "Portugal", "ADM0_CODE": 199, "ADM1_NAME": "Vila Real", "ADM1_CODE": 2412, "ADM2_NAME": "Chaves", "ADM2_CODE": 24919, "GEOSET": "GAUL", "GEOSET_YEAR": 2003.0, "GEOSET_VERSION": "GAUL_v1", "GEOSET_UNIT": "ADM2", "CENTROID_LONG": -7.4261232269308408, "CENTROID_LAT": 41.755977356472037 }, "geometry": { "type": "MultiPolygon", "coordinates": [ [ [ [ -7.1832266, 41.7837296 ], [ -7.2712417, 41.776516 ], [ -7.3286681, 41.7281227 ], [ -7.4050283, 41.7078285 ], [ -7.4445629, 41.6103096 ], [ -7.5106063, 41.596817 ], [ -7.5146108, 41.6191406 ], [ -7.6101122, 41.6427956 ], [ -7.5875497, 41.7125969 ], [ -7.5526242, 41.7398071 ], [ -7.5816183, 41.7924118 ], [ -7.5835857, 41.8326624 ], [ -7.57816, 41.8315 ], [ -7.5665, 41.8309 ], [ -7.5507, 41.83338 ], [ -7.5462414, 41.8358902 ], [ -7.50651, 41.85059 ], [ -7.5018715, 41.8562082 ], [ -7.503997, 41.8600318 ], [ -7.4966205, 41.8706203 ], [ -7.4940326, 41.8719786 ], [ -7.4837658, 41.8672401 ], [ -7.47244, 41.86201 ], [ -7.4504337, 41.8581894 ], [ -7.4496, 41.85629 ], [ -7.44436, 41.85083 ], [ -7.44007, 41.84408 ], [ -7.42865, 41.83544 ], [ -7.4235741, 41.8113109 ], [ -7.4133534, 41.812933 ], [ -7.3657808, 41.8463764 ], [ -7.35782, 41.8464 ], [ -7.33865, 41.84207 ], [ -7.3182596, 41.8427231 ], [ -7.30423, 41.84612 ], [ -7.24655, 41.86469 ], [ -7.21929, 41.87175 ], [ -7.2125732, 41.8755439 ], [ -7.20194, 41.88155 ], [ -7.191722, 41.8863691 ], [ -7.1832266, 41.7837296 ] ] ] ] } },
{ "type": "Feature", "properties": { "POLYGON_ID": "PRT_GAUL2003_ADM2_24920", "ADM0_ISO3": "PRT", "ADM0_NAME": "Portugal", "ADM0_CODE": 199, "ADM1_NAME": "Vila Real", "ADM1_CODE": 2412, "ADM2_NAME": "Mesao Frio", "ADM2_CODE": 24920, "GEOSET": "GAUL", "GEOSET_YEAR": 2003.0, "GEOSET_VERSION": "GAUL_v1", "GEOSET_UNIT": "ADM2", "CENTROID_LONG": -7.8736038781518918, "CENTROID_LAT": 41.169590662473489 }, "geometry": { "type": "MultiPolygon", "coordinates": [ [ [ [ -7.8261385, 41.1608925 ], [ -7.8738365, 41.1565895 ], [ -7.9082756, 41.1268845 ], [ -7.8836102, 41.2067032 ], [ -7.8261385, 41.1608925 ] ] ] ] } },
{ "type": "Feature", "properties": { "POLYGON_ID": "PRT_GAUL2003_ADM2_24921", "ADM0_ISO3": "PRT", "ADM0_NAME": "Portugal", "ADM0_CODE": 199, "ADM1_NAME": "Vila Real", "ADM1_CODE": 2412, "ADM2_NAME": "Mondim De Basto", "ADM2_CODE": 24921, "GEOSET": "GAUL", "GEOSET_YEAR": 2003.0, "GEOSET_VERSION": "GAUL_v1", "GEOSET_UNIT": "ADM2", "CENTROID_LONG": -7.887964138520374, "CENTROID_LAT": 41.389524343959188 }, "geometry": { "type": "MultiPolygon", "coordinates": [ [ [ [ -7.8985815, 41.4919777 ], [ -7.8743348, 41.4443741 ], [ -7.7839766, 41.4160919 ], [ -7.843802, 41.3344269 ], [ -7.9031682, 41.3081131 ], [ -7.9577131, 41.3369713 ], [ -7.9659748, 41.3795776 ], [ -7.9328203, 41.451519 ], [ -7.8985815, 41.4919777 ] ] ] ] } },
{ "type": "Feature", "properties": { "POLYGON_ID": "PRT_GAUL2003_ADM2_24922", "ADM0_ISO3": "PRT", "ADM0_NAME": "Portugal", "ADM0_CODE": 199, "ADM1_NAME": "Vila Real", "ADM1_CODE": 2412, "ADM2_NAME": "Montalegre", "ADM2_CODE": 24922, "GEOSET": "GAUL", "GEOSET_YEAR": 2003.0, "GEOSET_VERSION": "GAUL_v1", "GEOSET_UNIT": "ADM2", "CENTROID_LONG": -7.8415741919675002, "CENTROID_LAT": 41.777977439956814 }, "geometry": { "type": "MultiPolygon", "coordinates": [ [ [ [ -7.5835857, 41.8326624 ], [ -7.5816183, 41.7924118 ], [ -7.6436286, 41.7378845 ], [ -7.8681669, 41.7163086 ], [ -7.908885, 41.6555481 ], [ -7.8417349, 41.6180725 ], [ -7.8724637, 41.5924644 ], [ -7.9943223, 41.6156082 ], [ -7.9867296, 41.6650124 ], [ -8.0140228, 41.7006302 ], [ -8.1094828, 41.6945381 ], [ -8.0710936, 41.7282867 ], [ -8.0383014, 41.8191859 ], [ -7.9835534, 41.8529447 ], [ -7.97406, 41.86635 ], [ -7.9273, 41.87417 ], [ -7.89266, 41.9256 ], [ -7.88272, 41.92315 ], [ -7.87406, 41.85219 ], [ -7.85528, 41.85618 ], [ -7.81995, 41.87759 ], [ -7.79679, 41.87987 ], [ -7.75862, 41.89448 ], [ -7.74827, 41.89592 ], [ -7.73469, 41.89402 ], [ -7.71813, 41.8938 ], [ -7.7107166, 41.8973886 ], [ -7.69719, 41.90404 ], [ -7.68933, 41.90535 ], [ -7.64985, 41.88243 ], [ -7.64043, 41.87788 ], [ -7.63031, 41.87747 ], [ -7.610923, 41.8821293 ], [ -7.6027894, 41.8806804 ], [ -7.59084, 41.87855 ], [ -7.58055, 41.88112 ], [ -7.5747029, 41.8805903 ], [ -7.59012, 41.8701 ], [ -7.5835857, 41.8326624 ] ] ] ] } },
{ "type": "Feature", "properties": { "POLYGON_ID": "PRT_GAUL2003_ADM2_24923", "ADM0_ISO3": "PRT", "ADM0_NAME": "Portugal", "ADM0_CODE": 199, "ADM1_NAME": "Vila Real", "ADM1_CODE": 2412, "ADM2_NAME": "Murca", "ADM2_CODE": 24923, "GEOSET": "GAUL", "GEOSET_YEAR": 2003.0, "GEOSET_VERSION": "GAUL_v1", "GEOSET_UNIT": "ADM2", "CENTROID_LONG": -7.4295528710117695, "CENTROID_LAT": 41.428677155555235 }, "geometry": { "type": "MultiPolygon", "coordinates": [ [ [ [ -7.3564744, 41.4419479 ], [ -7.3384628, 41.3538857 ], [ -7.3088737, 41.341671 ], [ -7.3576932, 41.3264503 ], [ -7.4438448, 41.3935547 ], [ -7.5764561, 41.4063301 ], [ -7.5497928, 41.4450264 ], [ -7.4902601, 41.4503517 ], [ -7.4756756, 41.5038681 ], [ -7.4017801, 41.5243835 ], [ -7.3564744, 41.4419479 ] ] ] ] } },
{ "type": "Feature", "properties": { "POLYGON_ID": "PRT_GAUL2003_ADM2_24924", "ADM0_ISO3": "PRT", "ADM0_NAME": "Portugal", "ADM0_CODE": 199, "ADM1_NAME": "Vila Real", "ADM1_CODE": 2412, "ADM2_NAME": "Peso Da Regua", "ADM2_CODE": 24924, "GEOSET": "GAUL", "GEOSET_YEAR": 2003.0, "GEOSET_VERSION": "GAUL_v1", "GEOSET_UNIT": "ADM2", "CENTROID_LONG": -7.7650804704088427, "CENTROID_LAT": 41.186061775039235 }, "geometry": { "type": "MultiPolygon", "coordinates": [ [ [ [ -7.7426033, 41.2155037 ], [ -7.6336856, 41.1890984 ], [ -7.6517425, 41.1688805 ], [ -7.7276835, 41.1533813 ], [ -7.8261385, 41.1608925 ], [ -7.8836102, 41.2067032 ], [ -7.8719654, 41.2472267 ], [ -7.8306189, 41.2074203 ], [ -7.7512183, 41.1790085 ], [ -7.7426033, 41.2155037 ] ] ] ] } },
{ "type": "Feature", "properties": { "POLYGON_ID": "PRT_GAUL2003_ADM2_24925", "ADM0_ISO3": "PRT", "ADM0_NAME": "Portugal", "ADM0_CODE": 199, "ADM1_NAME": "Vila Real", "ADM1_CODE": 2412, "ADM2_NAME": "Ribeira De Pena", "ADM2_CODE": 24925, "GEOSET": "GAUL", "GEOSET_YEAR": 2003.0, "GEOSET_VERSION": "GAUL_v1", "GEOSET_UNIT": "ADM2", "CENTROID_LONG": -7.7896284070325077, "CENTROID_LAT": 41.521253773564126 }, "geometry": { "type": "MultiPolygon", "coordinates": [ [ [ [ -7.7147999, 41.5831604 ], [ -7.7386661, 41.5213013 ], [ -7.7752366, 41.4923515 ], [ -7.7270713, 41.4255295 ], [ -7.7839766, 41.4160919 ], [ -7.8743348, 41.4443741 ], [ -7.8985815, 41.4919777 ], [ -7.8279147, 41.542881 ], [ -7.8041692, 41.5845604 ], [ -7.7378325, 41.6553001 ], [ -7.6959233, 41.6370659 ], [ -7.7147999, 41.5831604 ] ] ] ] } },
{ "type": "Feature", "properties": { "POLYGON_ID": "PRT_GAUL2003_ADM2_24926", "ADM0_ISO3": "PRT", "ADM0_NAME": "Portugal", "ADM0_CODE": 199, "ADM1_NAME": "Vila Real", "ADM1_CODE": 2412, "ADM2_NAME": "Sabrosa", "ADM2_CODE": 24926, "GEOSET": "GAUL", "GEOSET_YEAR": 2003.0, "GEOSET_VERSION": "GAUL_v1", "GEOSET_UNIT": "ADM2", "CENTROID_LONG": -7.591150159117567, "CENTROID_LAT": 41.261452541594039 }, "geometry": { "type": "MultiPolygon", "coordinates": [ [ [ [ -7.5960822, 41.3981133 ], [ -7.5304012, 41.2592926 ], [ -7.5413542, 41.1933136 ], [ -7.5528092, 41.1793861 ], [ -7.6350641, 41.1662598 ], [ -7.6517425, 41.1688805 ], [ -7.6336856, 41.1890984 ], [ -7.6477413, 41.2700233 ], [ -7.5922894, 41.3578987 ], [ -7.64364, 41.400444 ], [ -7.5960822, 41.3981133 ] ] ] ] } },
{ "type": "Feature", "properties": { "POLYGON_ID": "PRT_GAUL2003_ADM2_24927", "ADM0_ISO3": "PRT", "ADM0_NAME": "Portugal", "ADM0_CODE": 199, "ADM1_NAME": "Vila Real", "ADM1_CODE": 2412, "ADM2_NAME": "Santa Marta De Penaguiao", "ADM2_CODE": 24927, "GEOSET": "GAUL", "GEOSET_YEAR": 2003.0, "GEOSET_VERSION": "GAUL_v1", "GEOSET_UNIT": "ADM2", "CENTROID_LONG": -7.8071467574224833, "CENTROID_LAT": 41.226719109854521 }, "geometry": { "type": "MultiPolygon", "coordinates": [ [ [ [ -7.7426033, 41.2155037 ], [ -7.7512183, 41.1790085 ], [ -7.8306189, 41.2074203 ], [ -7.8719654, 41.2472267 ], [ -7.8875799, 41.2541618 ], [ -7.8314781, 41.2702866 ], [ -7.7426033, 41.2155037 ] ] ] ] } },
{ "type": "Feature", "properties": { "POLYGON_ID": "PRT_GAUL2003_ADM2_24928", "ADM0_ISO3": "PRT", "ADM0_NAME": "Portugal", "ADM0_CODE": 199, "ADM1_NAME": "Vila Real", "ADM1_CODE": 2412, "ADM2_NAME": "Valpacos", "ADM2_CODE": 24928, "GEOSET": "GAUL", "GEOSET_YEAR": 2003.0, "GEOSET_VERSION": "GAUL_v1", "GEOSET_UNIT": "ADM2", "CENTROID_LONG": -7.3349802638523345, "CENTROID_LAT": 41.619018405782967 }, "geometry": { "type": "MultiPolygon", "coordinates": [ [ [ [ -7.1783171, 41.7366028 ], [ -7.2354894, 41.6417542 ], [ -7.2519503, 41.5730248 ], [ -7.2214451, 41.5247116 ], [ -7.2779374, 41.5163841 ], [ -7.3564744, 41.4419479 ], [ -7.4017801, 41.5243835 ], [ -7.4756756, 41.5038681 ], [ -7.5247865, 41.579895 ], [ -7.5106063, 41.596817 ], [ -7.4445629, 41.6103096 ], [ -7.4050283, 41.7078285 ], [ -7.3286681, 41.7281227 ], [ -7.2712417, 41.776516 ], [ -7.1832266, 41.7837296 ], [ -7.1783171, 41.7366028 ] ] ] ] } },
{ "type": "Feature", "properties": { "POLYGON_ID": "PRT_GAUL2003_ADM2_24929", "ADM0_ISO3": "PRT", "ADM0_NAME": "Portugal", "ADM0_CODE": 199, "ADM1_NAME": "Vila Real", "ADM1_CODE": 2412, "ADM2_NAME": "Vila Pouca De Aguiar", "ADM2_CODE": 24929, "GEOSET": "GAUL", "GEOSET_YEAR": 2003.0, "GEOSET_VERSION": "GAUL_v1", "GEOSET_UNIT": "ADM2", "CENTROID_LONG": -7.6186090026144759, "CENTROID_LAT": 41.514472647282858 }, "geometry": { "type": "MultiPolygon", "coordinates": [ [ [ [ -7.5106063, 41.596817 ], [ -7.5247865, 41.579895 ], [ -7.4756756, 41.5038681 ], [ -7.4902601, 41.4503517 ], [ -7.5497928, 41.4450264 ], [ -7.5764561, 41.4063301 ], [ -7.5960822, 41.3981133 ], [ -7.64364, 41.400444 ], [ -7.7270713, 41.4255295 ], [ -7.7752366, 41.4923515 ], [ -7.7386661, 41.5213013 ], [ -7.7147999, 41.5831604 ], [ -7.6101122, 41.6427956 ], [ -7.5146108, 41.6191406 ], [ -7.5106063, 41.596817 ] ] ] ] } },
{ "type": "Feature", "properties": { "POLYGON_ID": "PRT_GAUL2003_ADM2_24930", "ADM0_ISO3": "PRT", "ADM0_NAME": "Portugal", "ADM0_CODE": 199, "ADM1_NAME": "Vila Real", "ADM1_CODE": 2412, "ADM2_NAME": "Vila Real", "ADM2_CODE": 24930, "GEOSET": "GAUL", "GEOSET_YEAR": 2003.0, "GEOSET_VERSION": "GAUL_v1", "GEOSET_UNIT": "ADM2", "CENTROID_LONG": -7.7335980125585904, "CENTROID_LAT": 41.314291940197165 }, "geometry": { "type": "MultiPolygon", "coordinates": [ [ [ [ -7.64364, 41.400444 ], [ -7.5922894, 41.3578987 ], [ -7.6477413, 41.2700233 ], [ -7.6336856, 41.1890984 ], [ -7.7426033, 41.2155037 ], [ -7.8314781, 41.2702866 ], [ -7.8875799, 41.2541618 ], [ -7.9031682, 41.3081131 ], [ -7.843802, 41.3344269 ], [ -7.7839766, 41.4160919 ], [ -7.7270713, 41.4255295 ], [ -7.64364, 41.400444 ] ] ] ] } },
{ "type": "Feature", "properties": { "POLYGON_ID": "PRT_GAUL2003_ADM2_24931", "ADM0_ISO3": "PRT", "ADM0_NAME": "Portugal", "ADM0_CODE": 199, "ADM1_NAME": "Viseu", "ADM1_CODE": 2413, "ADM2_NAME": "Armamar", "ADM2_CODE": 24931, "GEOSET": "GAUL", "GEOSET_YEAR": 2003.0, "GEOSET_VERSION": "GAUL_v1", "GEOSET_UNIT": "ADM2", "CENTROID_LONG": -7.6714534490496202, "CENTROID_LAT": 41.107787471177481 }, "geometry": { "type": "MultiPolygon", "coordinates": [ [ [ [ -7.6517425, 41.1688805 ], [ -7.6350641, 41.1662598 ], [ -7.6100316, 41.0787277 ], [ -7.6256051, 41.0507813 ], [ -7.655715, 41.0337029 ], [ -7.6895332, 41.0733757 ], [ -7.7416601, 41.0858955 ], [ -7.7276835, 41.1533813 ], [ -7.6517425, 41.1688805 ] ] ] ] } },
{ "type": "Feature", "properties": { "POLYGON_ID": "PRT_GAUL2003_ADM2_24932", "ADM0_ISO3": "PRT", "ADM0_NAME": "Portugal", "ADM0_CODE": 199, "ADM1_NAME": "Viseu", "ADM1_CODE": 2413, "ADM2_NAME": "Carregal Do Sal", "ADM2_CODE": 24932, "GEOSET": "GAUL", "GEOSET_YEAR": 2003.0, "GEOSET_VERSION": "GAUL_v1", "GEOSET_UNIT": "ADM2", "CENTROID_LONG": -7.9849654653889273, "CENTROID_LAT": 40.455327004168147 }, "geometry": { "type": "MultiPolygon", "coordinates": [ [ [ [ -7.9381485, 40.5411034 ], [ -7.9116392, 40.4511566 ], [ -7.9390512, 40.4266129 ], [ -8.0446749, 40.3838463 ], [ -8.0661812, 40.429966 ], [ -8.0417919, 40.4651375 ], [ -7.9553514, 40.5209465 ], [ -7.9572301, 40.5432739 ], [ -7.9381485, 40.5411034 ] ] ] ] } },
{ "type": "Feature", "properties": { "POLYGON_ID": "PRT_GAUL2003_ADM2_24933", "ADM0_ISO3": "PRT", "ADM0_NAME": "Portugal", "ADM0_CODE": 199, "ADM1_NAME": "Viseu", "ADM1_CODE": 2413, "ADM2_NAME": "Castro Daire", "ADM2_CODE": 24933, "GEOSET": "GAUL", "GEOSET_YEAR": 2003.0, "GEOSET_VERSION": "GAUL_v1", "GEOSET_UNIT": "ADM2", "CENTROID_LONG": -7.9254335392533752, "CENTROID_LAT": 40.918652546393758 }, "geometry": { "type": "MultiPolygon", "coordinates": [ [ [ [ -7.8418269, 40.9860611 ], [ -7.750361, 40.9778786 ], [ -7.7446709, 40.9482269 ], [ -7.8031507, 40.9511261 ], [ -7.8519373, 40.89925 ], [ -7.8074613, 40.8481522 ], [ -7.8557539, 40.7994385 ], [ -7.9229956, 40.8033943 ], [ -7.9935999, 40.8685188 ], [ -8.1015892, 40.941906 ], [ -8.1165295, 40.9269218 ], [ -8.0826874, 40.9938736 ], [ -8.0108604, 40.9698372 ], [ -7.947844, 41.0040398 ], [ -7.9064865, 41.024929 ], [ -7.8418269, 40.9860611 ] ] ] ] } },
{ "type": "Feature", "properties": { "POLYGON_ID": "PRT_GAUL2003_ADM2_24934", "ADM0_ISO3": "PRT", "ADM0_NAME": "Portugal", "ADM0_CODE": 199, "ADM1_NAME": "Viseu", "ADM1_CODE": 2413, "ADM2_NAME": "Cinfaes", "ADM2_CODE": 24934, "GEOSET": "GAUL", "GEOSET_YEAR": 2003.0, "GEOSET_VERSION": "GAUL_v1", "GEOSET_UNIT": "ADM2", "CENTROID_LONG": -8.1030328681180315, "CENTROID_LAT": 41.041034492256564 }, "geometry": { "type": "MultiPolygon", "coordinates": [ [ [ [ -8.0214443, 41.0999603 ], [ -7.9778948, 41.0196838 ], [ -7.947844, 41.0040398 ], [ -8.0108604, 40.9698372 ], [ -8.0826874, 40.9938736 ], [ -8.1270933, 40.9784775 ], [ -8.2278147, 41.0159454 ], [ -8.2530861, 41.0710602 ], [ -8.1821136, 41.0965767 ], [ -8.0887852, 41.1054993 ], [ -8.0214443, 41.0999603 ] ] ] ] } },
{ "type": "Feature", "properties": { "POLYGON_ID": "PRT_GAUL2003_ADM2_24935", "ADM0_ISO3": "PRT", "ADM0_NAME": "Portugal", "ADM0_CODE": 199, "ADM1_NAME": "Viseu", "ADM1_CODE": 2413, "ADM2_NAME": "Lamego", "ADM2_CODE": 24935, "GEOSET": "GAUL", "GEOSET_YEAR": 2003.0, "GEOSET_VERSION": "GAUL_v1", "GEOSET_UNIT": "ADM2", "CENTROID_LONG": -7.8149280169891338, "CENTROID_LAT": 41.084411070674584 }, "geometry": { "type": "MultiPolygon", "coordinates": [ [ [ [ -7.7276835, 41.1533813 ], [ -7.7416601, 41.0858955 ], [ -7.8418269, 40.9860611 ], [ -7.9064865, 41.024929 ], [ -7.8423553, 41.1166725 ], [ -7.8738365, 41.1565895 ], [ -7.8261385, 41.1608925 ], [ -7.7276835, 41.1533813 ] ] ] ] } },
{ "type": "Feature", "properties": { "POLYGON_ID": "PRT_GAUL2003_ADM2_24936", "ADM0_ISO3": "PRT", "ADM0_NAME": "Portugal", "ADM0_CODE": 199, "ADM1_NAME": "Viseu", "ADM1_CODE": 2413, "ADM2_NAME": "Mangualde", "ADM2_CODE": 24936, "GEOSET": "GAUL", "GEOSET_YEAR": 2003.0, "GEOSET_VERSION": "GAUL_v1", "GEOSET_UNIT": "ADM2", "CENTROID_LONG": -7.713876761628546, "CENTROID_LAT": 40.595822214128582 }, "geometry": { "type": "MultiPolygon", "coordinates": [ [ [ [ -7.5568299, 40.6484756 ], [ -7.5759888, 40.5761795 ], [ -7.7160959, 40.5378342 ], [ -7.7503285, 40.5304108 ], [ -7.8363495, 40.5801392 ], [ -7.8930197, 40.5919533 ], [ -7.8193774, 40.6370621 ], [ -7.7553158, 40.647728 ], [ -7.6798372, 40.6277809 ], [ -7.5568299, 40.6484756 ] ] ] ] } },
{ "type": "Feature", "properties": { "POLYGON_ID": "PRT_GAUL2003_ADM2_24937", "ADM0_ISO3": "PRT", "ADM0_NAME": "Portugal", "ADM0_CODE": 199, "ADM1_NAME": "Viseu", "ADM1_CODE": 2413, "ADM2_NAME": "Moimenta Da Beira", "ADM2_CODE": 24937, "GEOSET": "GAUL", "GEOSET_YEAR": 2003.0, "GEOSET_VERSION": "GAUL_v1", "GEOSET_UNIT": "ADM2", "CENTROID_LONG": -7.6353420683333875, "CENTROID_LAT": 40.968594050808775 }, "geometry": { "type": "MultiPolygon", "coordinates": [ [ [ [ -7.5265265, 41.008194 ], [ -7.5428209, 40.9392128 ], [ -7.6511431, 40.8934441 ], [ -7.6617599, 40.8646126 ], [ -7.6792989, 40.8640823 ], [ -7.723659, 40.9488907 ], [ -7.7245245, 41.0239487 ], [ -7.655715, 41.0337029 ], [ -7.6256051, 41.0507813 ], [ -7.5265265, 41.008194 ] ] ] ] } },
{ "type": "Feature", "properties": { "POLYGON_ID": "PRT_GAUL2003_ADM2_24938", "ADM0_ISO3": "PRT", "ADM0_NAME": "Portugal", "ADM0_CODE": 199, "ADM1_NAME": "Viseu", "ADM1_CODE": 2413, "ADM2_NAME": "Mortagua", "ADM2_CODE": 24938, "GEOSET": "GAUL", "GEOSET_YEAR": 2003.0, "GEOSET_VERSION": "GAUL_v1", "GEOSET_UNIT": "ADM2", "CENTROID_LONG": -8.2464924850149615, "CENTROID_LAT": 40.42225950176293 }, "geometry": { "type": "MultiPolygon", "coordinates": [ [ [ [ -8.1525478, 40.4522247 ], [ -8.1806936, 40.3419304 ], [ -8.2429323, 40.3287621 ], [ -8.3521547, 40.3790245 ], [ -8.3507032, 40.3994179 ], [ -8.3142052, 40.4449043 ], [ -8.3101587, 40.5020065 ], [ -8.2439337, 40.516964 ], [ -8.2096519, 40.5138092 ], [ -8.1525478, 40.4522247 ] ] ] ] } },
{ "type": "Feature", "properties": { "POLYGON_ID": "PRT_GAUL2003_ADM2_24939", "ADM0_ISO3": "PRT", "ADM0_NAME": "Portugal", "ADM0_CODE": 199, "ADM1_NAME": "Viseu", "ADM1_CODE": 2413, "ADM2_NAME": "Nelas", "ADM2_CODE": 24939, "GEOSET": "GAUL", "GEOSET_YEAR": 2003.0, "GEOSET_VERSION": "GAUL_v1", "GEOSET_UNIT": "ADM2", "CENTROID_LONG": -7.8633478433094623, "CENTROID_LAT": 40.529269741731419 }, "geometry": { "type": "MultiPolygon", "coordinates": [ [ [ [ -7.7503285, 40.5304108 ], [ -7.822659, 40.50177 ], [ -7.9116392, 40.4511566 ], [ -7.9381485, 40.5411034 ], [ -7.8930197, 40.5919533 ], [ -7.8363495, 40.5801392 ], [ -7.7503285, 40.5304108 ] ] ] ] } },
{ "type": "Feature", "properties": { "POLYGON_ID": "PRT_GAUL2003_ADM2_24940", "ADM0_ISO3": "PRT", "ADM0_NAME": "Portugal", "ADM0_CODE": 199, "ADM1_NAME": "Viseu", "ADM1_CODE": 2413, "ADM2_NAME": "Oliveira De Frades", "ADM2_CODE": 24940, "GEOSET": "GAUL", "GEOSET_YEAR": 2003.0, "GEOSET_VERSION": "GAUL_v1", "GEOSET_UNIT": "ADM2", "CENTROID_LONG": -8.2372974701158235, "CENTROID_LAT": 40.717275005771185 }, "geometry": { "type": "MultiPolygon", "coordinates": [ [ [ [ -8.1253614, 40.7401352 ], [ -8.1547508, 40.702179 ], [ -8.2072315, 40.6988678 ], [ -8.2702007, 40.6346855 ], [ -8.2872286, 40.6584358 ], [ -8.3206244, 40.7146912 ], [ -8.2624702, 40.7694511 ], [ -8.2419729, 40.8066216 ], [ -8.2033901, 40.750309 ], [ -8.1253614, 40.7401352 ] ] ], [ [ [ -8.1576023, 40.6051674 ], [ -8.2437887, 40.6184998 ], [ -8.2421627, 40.6233139 ], [ -8.1576023, 40.6051674 ] ] ] ] } },
{ "type": "Feature", "properties": { "POLYGON_ID": "PRT_GAUL2003_ADM2_24941", "ADM0_ISO3": "PRT", "ADM0_NAME": "Portugal", "ADM0_CODE": 199, "ADM1_NAME": "Viseu", "ADM1_CODE": 2413, "ADM2_NAME": "Penalva Do Castelo", "ADM2_CODE": 24941, "GEOSET": "GAUL", "GEOSET_YEAR": 2003.0, "GEOSET_VERSION": "GAUL_v1", "GEOSET_UNIT": "ADM2", "CENTROID_LONG": -7.6445330890211709, "CENTROID_LAT": 40.674930580013253 }, "geometry": { "type": "MultiPolygon", "coordinates": [ [ [ [ -7.531795, 40.6947899 ], [ -7.5568299, 40.6484756 ], [ -7.6798372, 40.6277809 ], [ -7.7553158, 40.647728 ], [ -7.7596855, 40.6859322 ], [ -7.5926785, 40.7280884 ], [ -7.531795, 40.6947899 ] ] ] ] } },
{ "type": "Feature", "properties": { "POLYGON_ID": "PRT_GAUL2003_ADM2_24942", "ADM0_ISO3": "PRT", "ADM0_NAME": "Portugal", "ADM0_CODE": 199, "ADM1_NAME": "Viseu", "ADM1_CODE": 2413, "ADM2_NAME": "Penedono", "ADM2_CODE": 24942, "GEOSET": "GAUL", "GEOSET_YEAR": 2003.0, "GEOSET_VERSION": "GAUL_v1", "GEOSET_UNIT": "ADM2", "CENTROID_LONG": -7.3854473964273675, "CENTROID_LAT": 40.991677731176424 }, "geometry": { "type": "MultiPolygon", "coordinates": [ [ [ [ -7.334444, 41.0580139 ], [ -7.3290768, 41.0210342 ], [ -7.3305254, 40.9346848 ], [ -7.3694859, 40.9053497 ], [ -7.3756351, 40.9079628 ], [ -7.4106598, 40.9229927 ], [ -7.4560065, 41.0036926 ], [ -7.4383368, 41.0595512 ], [ -7.334444, 41.0580139 ] ] ] ] } },
{ "type": "Feature", "properties": { "POLYGON_ID": "PRT_GAUL2003_ADM2_24943", "ADM0_ISO3": "PRT", "ADM0_NAME": "Portugal", "ADM0_CODE": 199, "ADM1_NAME": "Viseu", "ADM1_CODE": 2413, "ADM2_NAME": "Resende", "ADM2_CODE": 24943, "GEOSET": "GAUL", "GEOSET_YEAR": 2003.0, "GEOSET_VERSION": "GAUL_v1", "GEOSET_UNIT": "ADM2", "CENTROID_LONG": -7.9300788270127462, "CENTROID_LAT": 41.078617079874796 }, "geometry": { "type": "MultiPolygon", "coordinates": [ [ [ [ -7.9064865, 41.024929 ], [ -7.947844, 41.0040398 ], [ -7.9778948, 41.0196838 ], [ -8.0214443, 41.0999603 ], [ -7.9082756, 41.1268845 ], [ -7.8738365, 41.1565895 ], [ -7.8423553, 41.1166725 ], [ -7.9064865, 41.024929 ] ] ] ] } },
{ "type": "Feature", "properties": { "POLYGON_ID": "PRT_GAUL2003_ADM2_24944", "ADM0_ISO3": "PRT", "ADM0_NAME": "Portugal", "ADM0_CODE": 199, "ADM1_NAME": "Viseu", "ADM1_CODE": 2413, "ADM2_NAME": "Santa Comba Dao", "ADM2_CODE": 24944, "GEOSET": "GAUL", "GEOSET_YEAR": 2003.0, "GEOSET_VERSION": "GAUL_v1", "GEOSET_UNIT": "ADM2", "CENTROID_LONG": -8.1134347230951072, "CENTROID_LAT": 40.400408608740278 }, "geometry": { "type": "MultiPolygon", "coordinates": [ [ [ [ -8.0417919, 40.4651375 ], [ -8.0661812, 40.429966 ], [ -8.0446749, 40.3838463 ], [ -8.1263933, 40.3360291 ], [ -8.1806936, 40.3419304 ], [ -8.1525478, 40.4522247 ], [ -8.0417919, 40.4651375 ] ] ] ] } },
{ "type": "Feature", "properties": { "POLYGON_ID": "PRT_GAUL2003_ADM2_24945", "ADM0_ISO3": "PRT", "ADM0_NAME": "Portugal", "ADM0_CODE": 199, "ADM1_NAME": "Viseu", "ADM1_CODE": 2413, "ADM2_NAME": "Sao Joao Da Pesqueira", "ADM2_CODE": 24945, "GEOSET": "GAUL", "GEOSET_YEAR": 2003.0, "GEOSET_VERSION": "GAUL_v1", "GEOSET_UNIT": "ADM2", "CENTROID_LONG": -7.432493623026672, "CENTROID_LAT": 41.121775542562744 }, "geometry": { "type": "MultiPolygon", "coordinates": [ [ [ [ -7.4220901, 41.2156868 ], [ -7.3471842, 41.1501846 ], [ -7.2983499, 41.1444664 ], [ -7.334444, 41.0580139 ], [ -7.4383368, 41.0595512 ], [ -7.4560065, 41.0036926 ], [ -7.5076442, 41.0253448 ], [ -7.5002813, 41.0973053 ], [ -7.5528092, 41.1793861 ], [ -7.5413542, 41.1933136 ], [ -7.4220901, 41.2156868 ] ] ] ] } },
{ "type": "Feature", "properties": { "POLYGON_ID": "PRT_GAUL2003_ADM2_24946", "ADM0_ISO3": "PRT", "ADM0_NAME": "Portugal", "ADM0_CODE": 199, "ADM1_NAME": "Viseu", "ADM1_CODE": 2413, "ADM2_NAME": "Sao Pedro Do Sul", "ADM2_CODE": 24946, "GEOSET": "GAUL", "GEOSET_YEAR": 2003.0, "GEOSET_VERSION": "GAUL_v1", "GEOSET_UNIT": "ADM2", "CENTROID_LONG": -8.0923324807147363, "CENTROID_LAT": 40.817892728071236 }, "geometry": { "type": "MultiPolygon", "coordinates": [ [ [ [ -7.9229956, 40.8033943 ], [ -8.0245609, 40.7483253 ], [ -8.1253614, 40.7401352 ], [ -8.2033901, 40.750309 ], [ -8.2419729, 40.8066216 ], [ -8.2515764, 40.860199 ], [ -8.1276274, 40.8525238 ], [ -8.0983686, 40.8723145 ], [ -8.1165295, 40.9269218 ], [ -8.1015892, 40.941906 ], [ -7.9935999, 40.8685188 ], [ -7.9229956, 40.8033943 ] ] ] ] } },
{ "type": "Feature", "properties": { "POLYGON_ID": "PRT_GAUL2003_ADM2_24947", "ADM0_ISO3": "PRT", "ADM0_NAME": "Portugal", "ADM0_CODE": 199, "ADM1_NAME": "Viseu", "ADM1_CODE": 2413, "ADM2_NAME": "Satao", "ADM2_CODE": 24947, "GEOSET": "GAUL", "GEOSET_YEAR": 2003.0, "GEOSET_VERSION": "GAUL_v1", "GEOSET_UNIT": "ADM2", "CENTROID_LONG": -7.6753056896635075, "CENTROID_LAT": 40.769859090426728 }, "geometry": { "type": "MultiPolygon", "coordinates": [ [ [ [ -7.5867658, 40.8342667 ], [ -7.6207213, 40.7852783 ], [ -7.5926785, 40.7280884 ], [ -7.7596855, 40.6859322 ], [ -7.7641563, 40.7755203 ], [ -7.7117839, 40.7764702 ], [ -7.6792989, 40.8640823 ], [ -7.6617599, 40.8646126 ], [ -7.5867658, 40.8342667 ] ] ] ] } },
{ "type": "Feature", "properties": { "POLYGON_ID": "PRT_GAUL2003_ADM2_24948", "ADM0_ISO3": "PRT", "ADM0_NAME": "Portugal", "ADM0_CODE": 199, "ADM1_NAME": "Viseu", "ADM1_CODE": 2413, "ADM2_NAME": "Sernancelhe", "ADM2_CODE": 24948, "GEOSET": "GAUL", "GEOSET_YEAR": 2003.0, "GEOSET_VERSION": "GAUL_v1", "GEOSET_UNIT": "ADM2", "CENTROID_LONG": -7.5029797878395179, "CENTROID_LAT": 40.910415766090516 }, "geometry": { "type": "MultiPolygon", "coordinates": [ [ [ [ -7.4560065, 41.0036926 ], [ -7.4106598, 40.9229927 ], [ -7.3756351, 40.9079628 ], [ -7.3694859, 40.9053497 ], [ -7.4498549, 40.8125916 ], [ -7.5142822, 40.8686409 ], [ -7.5584192, 40.878067 ], [ -7.5867658, 40.8342667 ], [ -7.6617599, 40.8646126 ], [ -7.6511431, 40.8934441 ], [ -7.5428209, 40.9392128 ], [ -7.5265265, 41.008194 ], [ -7.5076442, 41.0253448 ], [ -7.4560065, 41.0036926 ] ] ] ] } },
{ "type": "Feature", "properties": { "POLYGON_ID": "PRT_GAUL2003_ADM2_24949", "ADM0_ISO3": "PRT", "ADM0_NAME": "Portugal", "ADM0_CODE": 199, "ADM1_NAME": "Viseu", "ADM1_CODE": 2413, "ADM2_NAME": "Tabuaco", "ADM2_CODE": 24949, "GEOSET": "GAUL", "GEOSET_YEAR": 2003.0, "GEOSET_VERSION": "GAUL_v1", "GEOSET_UNIT": "ADM2", "CENTROID_LONG": -7.5644558838027214, "CENTROID_LAT": 41.096275246705254 }, "geometry": { "type": "MultiPolygon", "coordinates": [ [ [ [ -7.5076442, 41.0253448 ], [ -7.5265265, 41.008194 ], [ -7.6256051, 41.0507813 ], [ -7.6100316, 41.0787277 ], [ -7.6350641, 41.1662598 ], [ -7.5528092, 41.1793861 ], [ -7.5002813, 41.0973053 ], [ -7.5076442, 41.0253448 ] ] ] ] } },
{ "type": "Feature", "properties": { "POLYGON_ID": "PRT_GAUL2003_ADM2_24950", "ADM0_ISO3": "PRT", "ADM0_NAME": "Portugal", "ADM0_CODE": 199, "ADM1_NAME": "Viseu", "ADM1_CODE": 2413, "ADM2_NAME": "Tarouca", "ADM2_CODE": 24950, "GEOSET": "GAUL", "GEOSET_YEAR": 2003.0, "GEOSET_VERSION": "GAUL_v1", "GEOSET_UNIT": "ADM2", "CENTROID_LONG": -7.7467856975661054, "CENTROID_LAT": 41.023514532943281 }, "geometry": { "type": "MultiPolygon", "coordinates": [ [ [ [ -7.655715, 41.0337029 ], [ -7.7245245, 41.0239487 ], [ -7.723659, 40.9488907 ], [ -7.7446709, 40.9482269 ], [ -7.750361, 40.9778786 ], [ -7.8418269, 40.9860611 ], [ -7.7416601, 41.0858955 ], [ -7.6895332, 41.0733757 ], [ -7.655715, 41.0337029 ] ] ] ] } },
{ "type": "Feature", "properties": { "POLYGON_ID": "PRT_GAUL2003_ADM2_24951", "ADM0_ISO3": "PRT", "ADM0_NAME": "Portugal", "ADM0_CODE": 199, "ADM1_NAME": "Viseu", "ADM1_CODE": 2413, "ADM2_NAME": "Tondela", "ADM2_CODE": 24951, "GEOSET": "GAUL", "GEOSET_YEAR": 2003.0, "GEOSET_VERSION": "GAUL_v1", "GEOSET_UNIT": "ADM2", "CENTROID_LONG": -8.118678321860898, "CENTROID_LAT": 40.548062597706803 }, "geometry": { "type": "MultiPolygon", "coordinates": [ [ [ [ -8.0865545, 40.6404305 ], [ -7.9784684, 40.5889702 ], [ -7.9572301, 40.5432739 ], [ -7.9553514, 40.5209465 ], [ -8.0417919, 40.4651375 ], [ -8.1525478, 40.4522247 ], [ -8.2096519, 40.5138092 ], [ -8.2439337, 40.516964 ], [ -8.2825928, 40.5458069 ], [ -8.3034458, 40.6007767 ], [ -8.2437887, 40.6184998 ], [ -8.1576023, 40.6051674 ], [ -8.0865545, 40.6404305 ] ] ] ] } },
{ "type": "Feature", "properties": { "POLYGON_ID": "PRT_GAUL2003_ADM2_24952", "ADM0_ISO3": "PRT", "ADM0_NAME": "Portugal", "ADM0_CODE": 199, "ADM1_NAME": "Viseu", "ADM1_CODE": 2413, "ADM2_NAME": "Vila Nova De Paiva", "ADM2_CODE": 24952, "GEOSET": "GAUL", "GEOSET_YEAR": 2003.0, "GEOSET_VERSION": "GAUL_v1", "GEOSET_UNIT": "ADM2", "CENTROID_LONG": -7.757070525669274, "CENTROID_LAT": 40.870164114394562 }, "geometry": { "type": "MultiPolygon", "coordinates": [ [ [ [ -7.7446709, 40.9482269 ], [ -7.723659, 40.9488907 ], [ -7.6792989, 40.8640823 ], [ -7.7117839, 40.7764702 ], [ -7.7641563, 40.7755203 ], [ -7.8074613, 40.8481522 ], [ -7.8519373, 40.89925 ], [ -7.8031507, 40.9511261 ], [ -7.7446709, 40.9482269 ] ] ] ] } },
{ "type": "Feature", "properties": { "POLYGON_ID": "PRT_GAUL2003_ADM2_24953", "ADM0_ISO3": "PRT", "ADM0_NAME": "Portugal", "ADM0_CODE": 199, "ADM1_NAME": "Viseu", "ADM1_CODE": 2413, "ADM2_NAME": "Viseu", "ADM2_CODE": 24953, "GEOSET": "GAUL", "GEOSET_YEAR": 2003.0, "GEOSET_VERSION": "GAUL_v1", "GEOSET_UNIT": "ADM2", "CENTROID_LONG": -7.9015978620489662, "CENTROID_LAT": 40.69523123695997 }, "geometry": { "type": "MultiPolygon", "coordinates": [ [ [ [ -7.7641563, 40.7755203 ], [ -7.7596855, 40.6859322 ], [ -7.7553158, 40.647728 ], [ -7.8193774, 40.6370621 ], [ -7.8930197, 40.5919533 ], [ -7.9381485, 40.5411034 ], [ -7.9572301, 40.5432739 ], [ -7.9784684, 40.5889702 ], [ -8.0865545, 40.6404305 ], [ -8.0347881, 40.6745682 ], [ -8.0245609, 40.7483253 ], [ -7.9229956, 40.8033943 ], [ -7.8557539, 40.7994385 ], [ -7.8074613, 40.8481522 ], [ -7.7641563, 40.7755203 ] ] ] ] } },
{ "type": "Feature", "properties": { "POLYGON_ID": "PRT_GAUL2003_ADM2_24954", "ADM0_ISO3": "PRT", "ADM0_NAME": "Portugal", "ADM0_CODE": 199, "ADM1_NAME": "Viseu", "ADM1_CODE": 2413, "ADM2_NAME": "Vouzela", "ADM2_CODE": 24954, "GEOSET": "GAUL", "GEOSET_YEAR": 2003.0, "GEOSET_VERSION": "GAUL_v1", "GEOSET_UNIT": "ADM2", "CENTROID_LONG": -8.134462136451333, "CENTROID_LAT": 40.674892671496735 }, "geometry": { "type": "MultiPolygon", "coordinates": [ [ [ [ -8.0245609, 40.7483253 ], [ -8.0347881, 40.6745682 ], [ -8.0865545, 40.6404305 ], [ -8.1576023, 40.6051674 ], [ -8.2421627, 40.6233139 ], [ -8.2702007, 40.6346855 ], [ -8.2072315, 40.6988678 ], [ -8.1547508, 40.702179 ], [ -8.1253614, 40.7401352 ], [ -8.0245609, 40.7483253 ] ] ] ] } }
]
}
