{
"type": "FeatureCollection",
"name": "SDN_GAUL2014_ADM2",
"crs": { "type": "name", "properties": { "name": "urn:ogc:def:crs:OGC:1.3:CRS84" } },
"features": [
{ "type": "Feature", "properties": { "POLYGON_ID": "SDN_GAUL2014_ADM2_37026", "ADM0_ISO3": "SDN", "ADM0_NAME": "Sudan", "ADM0_CODE": 6, "ADM1_NAME": "Al Jazeera", "ADM1_CODE": 2745, "ADM2_NAME": "Al Hasaheisa", "ADM2_CODE": 37026, "GEOSET": "GAUL", "GEOSET_YEAR": 2014.0, "GEOSET_VERSION": "GAUL_v1", "GEOSET_UNIT": "ADM2", "CENTROID_LONG": 33.070256844506808, "CENTROID_LAT": 14.743128622338634 }, "geometry": { "type": "MultiPolygon", "coordinates": [ [ [ [ 33.2295151, 14.9026365 ], [ 33.3179054, 14.7666597 ], [ 33.3679199, 14.7556095 ], [ 33.3685646, 14.6913843 ], [ 33.4063988, 14.6247597 ], [ 33.3534775, 14.587348 ], [ 33.3931084, 14.4368801 ], [ 33.3418083, 14.4499598 ], [ 33.2833405, 14.4019203 ], [ 33.2525711, 14.4068298 ], [ 33.2259789, 14.5123501 ], [ 33.0678406, 14.4606199 ], [ 33.0034409, 14.4851303 ], [ 33.012001, 14.5448799 ], [ 32.9779205, 14.5598803 ], [ 32.9468613, 14.6258698 ], [ 32.8888283, 14.6807203 ], [ 32.8914032, 14.7661524 ], [ 32.8816757, 14.8275576 ], [ 32.8545494, 14.8594427 ], [ 32.8069611, 14.8399315 ], [ 32.7241554, 14.8751469 ], [ 32.7041702, 14.9313021 ], [ 32.6104164, 14.9903135 ], [ 32.6832275, 15.0193424 ], [ 32.7422409, 14.9570007 ], [ 32.7693672, 14.9893608 ], [ 32.7674637, 15.0459929 ], [ 32.9183998, 15.1208801 ], [ 32.9916115, 14.9108496 ], [ 33.1656113, 14.8597603 ], [ 33.2295151, 14.9026365 ] ] ] ] } },
{ "type": "Feature", "properties": { "POLYGON_ID": "SDN_GAUL2014_ADM2_37027", "ADM0_ISO3": "SDN", "ADM0_NAME": "Sudan", "ADM0_CODE": 6, "ADM1_NAME": "Al Jazeera", "ADM1_CODE": 2745, "ADM2_NAME": "Al Kamlin", "ADM2_CODE": 37027, "GEOSET": "GAUL", "GEOSET_YEAR": 2014.0, "GEOSET_VERSION": "GAUL_v1", "GEOSET_UNIT": "ADM2", "CENTROID_LONG": 32.986401216817761, "CENTROID_LAT": 15.095910462603099 }, "geometry": { "type": "MultiPolygon", "coordinates": [ [ [ [ 33.2295151, 14.9026365 ], [ 33.1656113, 14.8597603 ], [ 32.9916115, 14.9108496 ], [ 32.9183998, 15.1208801 ], [ 32.7674637, 15.0459929 ], [ 32.7070236, 15.1849527 ], [ 32.6684761, 15.1868563 ], [ 32.66605, 15.2500582 ], [ 32.9205551, 15.2750282 ], [ 32.9380722, 15.2677927 ], [ 33.0057335, 15.2756357 ], [ 33.0919342, 15.2124748 ], [ 33.1476135, 15.1234827 ], [ 33.1892509, 15.1163445 ], [ 33.2010155, 15.0344658 ], [ 33.2405586, 14.994338 ], [ 33.2295151, 14.9026365 ] ] ] ] } },
{ "type": "Feature", "properties": { "POLYGON_ID": "SDN_GAUL2014_ADM2_37028", "ADM0_ISO3": "SDN", "ADM0_NAME": "Sudan", "ADM0_CODE": 6, "ADM1_NAME": "Al Jazeera", "ADM1_CODE": 2745, "ADM2_NAME": "Al Managil", "ADM2_CODE": 37028, "GEOSET": "GAUL", "GEOSET_YEAR": 2014.0, "GEOSET_VERSION": "GAUL_v1", "GEOSET_UNIT": "ADM2", "CENTROID_LONG": 32.766712664482142, "CENTROID_LAT": 14.338529427162861 }, "geometry": { "type": "MultiPolygon", "coordinates": [ [ [ [ 32.8914032, 14.7661524 ], [ 32.8888283, 14.6807203 ], [ 32.9468613, 14.6258698 ], [ 32.9779205, 14.5598803 ], [ 33.012001, 14.5448799 ], [ 33.0034409, 14.4851303 ], [ 33.0213699, 14.4374399 ], [ 33.083519, 14.3977699 ], [ 33.0851517, 14.3481703 ], [ 33.1165199, 14.3308096 ], [ 32.9706001, 14.2361403 ], [ 32.9054298, 14.2392998 ], [ 32.9263687, 14.1407404 ], [ 32.8941803, 14.0528603 ], [ 32.6180305, 13.9119415 ], [ 32.5537872, 13.9538202 ], [ 32.5818634, 14.0133066 ], [ 32.538559, 14.093256 ], [ 32.5542641, 14.1617851 ], [ 32.4976311, 14.2488728 ], [ 32.5666351, 14.2498245 ], [ 32.5771065, 14.3959236 ], [ 32.6265984, 14.4449406 ], [ 32.5652084, 14.4644518 ], [ 32.5257072, 14.4168625 ], [ 32.4338608, 14.4872952 ], [ 32.4300537, 14.5220356 ], [ 32.4719315, 14.5729551 ], [ 32.5780563, 14.5463057 ], [ 32.7041702, 14.6000814 ], [ 32.8050575, 14.597702 ], [ 32.8088646, 14.6557608 ], [ 32.7631798, 14.6881218 ], [ 32.7669868, 14.7518911 ], [ 32.8369408, 14.809474 ], [ 32.8914032, 14.7661524 ] ] ] ] } },
{ "type": "Feature", "properties": { "POLYGON_ID": "SDN_GAUL2014_ADM2_37029", "ADM0_ISO3": "SDN", "ADM0_NAME": "Sudan", "ADM0_CODE": 6, "ADM1_NAME": "Al Jazeera", "ADM1_CODE": 2745, "ADM2_NAME": "East Al Jazeera", "ADM2_CODE": 37029, "GEOSET": "GAUL", "GEOSET_YEAR": 2014.0, "GEOSET_VERSION": "GAUL_v1", "GEOSET_UNIT": "ADM2", "CENTROID_LONG": 33.435146981321751, "CENTROID_LAT": 14.219156023308487 }, "geometry": { "type": "MultiPolygon", "coordinates": [ [ [ [ 33.4718781, 14.5296612 ], [ 33.4730225, 14.4835825 ], [ 33.5601196, 14.4297571 ], [ 33.5635796, 14.3731585 ], [ 33.7179985, 14.2529001 ], [ 33.7742195, 14.16115 ], [ 33.76577, 14.0966196 ], [ 33.8210297, 14.0437126 ], [ 33.7429848, 14.0708389 ], [ 33.7348938, 14.0989161 ], [ 33.6739807, 14.1041508 ], [ 33.665947, 14.0618477 ], [ 33.6183586, 14.0213966 ], [ 33.6450081, 13.9776144 ], [ 33.6269226, 13.8919535 ], [ 33.5469742, 13.8791046 ], [ 33.4570313, 13.8396053 ], [ 33.4603615, 13.8990927 ], [ 33.3509064, 13.9138451 ], [ 33.3442421, 13.9680967 ], [ 33.3099785, 14.0347214 ], [ 33.2821388, 14.0698299 ], [ 33.2251816, 14.1935797 ], [ 33.2658997, 14.2493496 ], [ 33.1165199, 14.3308096 ], [ 33.0851517, 14.3481703 ], [ 33.083519, 14.3977699 ], [ 33.0213699, 14.4374399 ], [ 33.0034409, 14.4851303 ], [ 33.0678406, 14.4606199 ], [ 33.2259789, 14.5123501 ], [ 33.2525711, 14.4068298 ], [ 33.2833405, 14.4019203 ], [ 33.3418083, 14.4499598 ], [ 33.3931084, 14.4368801 ], [ 33.3534775, 14.587348 ], [ 33.4063988, 14.6247597 ], [ 33.4718781, 14.5296612 ] ] ] ] } },
{ "type": "Feature", "properties": { "POLYGON_ID": "SDN_GAUL2014_ADM2_37030", "ADM0_ISO3": "SDN", "ADM0_NAME": "Sudan", "ADM0_CODE": 6, "ADM1_NAME": "Al Jazeera", "ADM1_CODE": 2745, "ADM2_NAME": "North Al Jazeera", "ADM2_CODE": 37030, "GEOSET": "GAUL", "GEOSET_YEAR": 2014.0, "GEOSET_VERSION": "GAUL_v1", "GEOSET_UNIT": "ADM2", "CENTROID_LONG": 33.590450566939886, "CENTROID_LAT": 15.024858727060419 }, "geometry": { "type": "MultiPolygon", "coordinates": [ [ [ [ 33.5691948, 15.4553909 ], [ 33.6287689, 15.3942947 ], [ 33.640667, 15.3157721 ], [ 33.7111015, 15.3105373 ], [ 34.0166245, 15.1839504 ], [ 34.170208, 14.9491358 ], [ 34.0861702, 14.8869104 ], [ 33.9912796, 14.84167 ], [ 33.7837105, 14.7810297 ], [ 33.6361618, 14.57619 ], [ 33.6018715, 14.5561199 ], [ 33.5093689, 14.5549898 ], [ 33.4718781, 14.5296612 ], [ 33.4063988, 14.6247597 ], [ 33.3685646, 14.6913843 ], [ 33.3679199, 14.7556095 ], [ 33.3179054, 14.7666597 ], [ 33.2295151, 14.9026365 ], [ 33.2405586, 14.994338 ], [ 33.2010155, 15.0344658 ], [ 33.1892509, 15.1163445 ], [ 33.1476135, 15.1234827 ], [ 33.0919342, 15.2124748 ], [ 33.0057335, 15.2756357 ], [ 33.0747414, 15.2902565 ], [ 33.1784859, 15.2621784 ], [ 33.2493935, 15.3240452 ], [ 33.5001907, 15.4734745 ], [ 33.5691948, 15.4553909 ] ] ] ] } },
{ "type": "Feature", "properties": { "POLYGON_ID": "SDN_GAUL2014_ADM2_37031", "ADM0_ISO3": "SDN", "ADM0_NAME": "Sudan", "ADM0_CODE": 6, "ADM1_NAME": "Al Jazeera", "ADM1_CODE": 2745, "ADM2_NAME": "South Al Jazeera", "ADM2_CODE": 37031, "GEOSET": "GAUL", "GEOSET_YEAR": 2014.0, "GEOSET_VERSION": "GAUL_v1", "GEOSET_UNIT": "ADM2", "CENTROID_LONG": 32.964436235647042, "CENTROID_LAT": 14.006560769726676 }, "geometry": { "type": "MultiPolygon", "coordinates": [ [ [ [ 33.3099785, 14.0347214 ], [ 33.2671509, 14.0708895 ], [ 33.0539513, 14.0832624 ], [ 33.0558548, 13.8462687 ], [ 33.0691795, 13.8015347 ], [ 32.9811363, 13.7544212 ], [ 32.9565239, 13.7086544 ], [ 32.9211769, 13.7353849 ], [ 32.9030914, 13.8486481 ], [ 32.8493156, 13.9557238 ], [ 32.8136253, 13.7786913 ], [ 32.7798347, 13.7425241 ], [ 32.7917328, 13.6402073 ], [ 32.7336731, 13.613081 ], [ 32.693222, 13.6996937 ], [ 32.7355766, 13.7482347 ], [ 32.6732368, 13.865304 ], [ 32.6737099, 13.9162245 ], [ 32.6180305, 13.9119415 ], [ 32.8941803, 14.0528603 ], [ 32.9263687, 14.1407404 ], [ 32.9054298, 14.2392998 ], [ 32.9706001, 14.2361403 ], [ 33.1165199, 14.3308096 ], [ 33.2658997, 14.2493496 ], [ 33.2251816, 14.1935797 ], [ 33.2821388, 14.0698299 ], [ 33.3099785, 14.0347214 ] ] ] ] } },
{ "type": "Feature", "properties": { "POLYGON_ID": "SDN_GAUL2014_ADM2_37032", "ADM0_ISO3": "SDN", "ADM0_NAME": "Sudan", "ADM0_CODE": 6, "ADM1_NAME": "Al Jazeera", "ADM1_CODE": 2745, "ADM2_NAME": "Um Al Gura", "ADM2_CODE": 37032, "GEOSET": "GAUL", "GEOSET_YEAR": 2014.0, "GEOSET_VERSION": "GAUL_v1", "GEOSET_UNIT": "ADM2", "CENTROID_LONG": 33.909601246313535, "CENTROID_LAT": 14.518222922223227 }, "geometry": { "type": "MultiPolygon", "coordinates": [ [ [ [ 34.0856934, 14.403614 ], [ 33.9209671, 14.1722031 ], [ 33.9081192, 14.1303253 ], [ 33.9519005, 14.0889225 ], [ 33.985569, 13.997304 ], [ 33.9438095, 14.0008822 ], [ 33.8210297, 14.0437126 ], [ 33.76577, 14.0966196 ], [ 33.7742195, 14.16115 ], [ 33.7179985, 14.2529001 ], [ 33.5635796, 14.3731585 ], [ 33.5601196, 14.4297571 ], [ 33.4730225, 14.4835825 ], [ 33.4718781, 14.5296612 ], [ 33.5093689, 14.5549898 ], [ 33.6018715, 14.5561199 ], [ 33.6361618, 14.57619 ], [ 33.7837105, 14.7810297 ], [ 33.9912796, 14.84167 ], [ 34.0861702, 14.8869104 ], [ 34.170208, 14.9491358 ], [ 34.3035851, 14.7508888 ], [ 34.2755089, 14.6718903 ], [ 34.0856934, 14.403614 ] ] ] ] } },
{ "type": "Feature", "properties": { "POLYGON_ID": "SDN_GAUL2014_ADM2_37037", "ADM0_ISO3": "SDN", "ADM0_NAME": "Sudan", "ADM0_CODE": 6, "ADM1_NAME": "Blue Nile", "ADM1_CODE": 2749, "ADM2_NAME": "Ad Damazin", "ADM2_CODE": 37037, "GEOSET": "GAUL", "GEOSET_YEAR": 2014.0, "GEOSET_VERSION": "GAUL_v1", "GEOSET_UNIT": "ADM2", "CENTROID_LONG": 33.784254155970132, "CENTROID_LAT": 11.701374495045666 }, "geometry": { "type": "MultiPolygon", "coordinates": [ [ [ [ 34.6505508, 11.4004765 ], [ 34.52425, 11.3687601 ], [ 34.4756317, 11.33498 ], [ 34.2614098, 11.3333302 ], [ 34.2845306, 11.6147699 ], [ 34.2228203, 11.66926 ], [ 34.1098099, 11.6912804 ], [ 34.0346413, 11.7326803 ], [ 34.0047989, 11.7242498 ], [ 33.9823494, 11.6625004 ], [ 33.9017715, 11.6028605 ], [ 33.7902908, 11.6028404 ], [ 33.7774086, 11.5710096 ], [ 33.6912003, 11.4534903 ], [ 33.2775917, 10.9462605 ], [ 33.2500725, 10.9173107 ], [ 33.2385559, 11.0029316 ], [ 33.1352882, 11.6258745 ], [ 33.1751747, 11.7407684 ], [ 33.5948753, 12.0004692 ], [ 33.8080711, 12.1407156 ], [ 34.1069336, 12.2063885 ], [ 34.3586807, 12.3748541 ], [ 34.3564148, 12.1996889 ], [ 34.3115273, 12.1542807 ], [ 34.3158989, 12.0433817 ], [ 34.3706245, 11.9220295 ], [ 34.3742561, 11.8372068 ], [ 34.395813, 11.7209377 ], [ 34.3590775, 11.6775045 ], [ 34.3627777, 11.6154804 ], [ 34.5080338, 11.5149488 ], [ 34.5410728, 11.4534941 ], [ 34.6505508, 11.4004765 ] ] ] ] } },
{ "type": "Feature", "properties": { "POLYGON_ID": "SDN_GAUL2014_ADM2_37038", "ADM0_ISO3": "SDN", "ADM0_NAME": "Sudan", "ADM0_CODE": 6, "ADM1_NAME": "Blue Nile", "ADM1_CODE": 2749, "ADM2_NAME": "Al Kurumuk", "ADM2_CODE": 37038, "GEOSET": "GAUL", "GEOSET_YEAR": 2014.0, "GEOSET_VERSION": "GAUL_v1", "GEOSET_UNIT": "ADM2", "CENTROID_LONG": 34.026190665729914, "CENTROID_LAT": 10.285308116143792 }, "geometry": { "type": "MultiPolygon", "coordinates": [ [ [ [ 34.02631, 10.7620602 ], [ 34.041729, 10.7400999 ], [ 34.168911, 10.7278204 ], [ 34.2167892, 10.7367897 ], [ 34.4170075, 10.7296677 ], [ 34.41286, 10.72573 ], [ 34.4037107, 10.7085529 ], [ 34.3919325, 10.6864403 ], [ 34.3844597, 10.6724097 ], [ 34.3323578, 10.6202723 ], [ 34.3008533, 10.590021 ], [ 34.29986, 10.58783 ], [ 34.2863672, 10.5130922 ], [ 34.28983, 10.50891 ], [ 34.30401, 10.50787 ], [ 34.30891, 10.50561 ], [ 34.3161396, 10.493974 ], [ 34.3254271, 10.4753981 ], [ 34.3246267, 10.4689146 ], [ 34.32412, 10.46481 ], [ 34.31308, 10.45162 ], [ 34.30282, 10.42878 ], [ 34.2997917, 10.4188426 ], [ 34.2962788, 10.4010493 ], [ 34.2959896, 10.3958891 ], [ 34.3018797, 10.377851 ], [ 34.3148866, 10.341632 ], [ 34.3174077, 10.3229312 ], [ 34.3363975, 10.2564996 ], [ 34.3435311, 10.2315326 ], [ 34.3499044, 10.2092261 ], [ 34.3332806, 10.1381407 ], [ 34.3327898, 10.1354089 ], [ 34.2736874, 10.077521 ], [ 34.24977, 10.06128 ], [ 34.2245194, 9.9992717 ], [ 34.2214502, 9.983369 ], [ 34.2215922, 9.9827645 ], [ 34.2226922, 9.8935187 ], [ 34.1516172, 9.7035495 ], [ 34.14821, 9.69195 ], [ 34.1355048, 9.6522878 ], [ 34.1321975, 9.6437225 ], [ 34.1240718, 9.6226782 ], [ 34.1134798, 9.5906492 ], [ 34.1132455, 9.4986363 ], [ 33.8995705, 9.4986362 ], [ 33.8876724, 9.6237965 ], [ 33.918129, 9.7565699 ], [ 33.9652443, 9.8027315 ], [ 33.9928436, 9.910759 ], [ 33.9957008, 10.0620928 ], [ 33.9709549, 10.0930262 ], [ 33.9661942, 10.1539402 ], [ 33.901474, 10.1615543 ], [ 33.7939224, 10.337635 ], [ 33.6561127, 10.4551458 ], [ 33.4919243, 10.6472712 ], [ 33.579731, 10.64818 ], [ 33.6366196, 10.6794205 ], [ 33.8387604, 10.7662296 ], [ 34.02631, 10.7620602 ] ] ] ] } },
{ "type": "Feature", "properties": { "POLYGON_ID": "SDN_GAUL2014_ADM2_37039", "ADM0_ISO3": "SDN", "ADM0_NAME": "Sudan", "ADM0_CODE": 6, "ADM1_NAME": "Blue Nile", "ADM1_CODE": 2749, "ADM2_NAME": "Al Roseires", "ADM2_CODE": 37039, "GEOSET": "GAUL", "GEOSET_YEAR": 2014.0, "GEOSET_VERSION": "GAUL_v1", "GEOSET_UNIT": "ADM2", "CENTROID_LONG": 34.677500568863373, "CENTROID_LAT": 11.88770784804764 }, "geometry": { "type": "MultiPolygon", "coordinates": [ [ [ [ 35.0547649, 11.7328154 ], [ 35.0924299, 11.6235193 ], [ 35.0895908, 11.546479 ], [ 35.0594199, 11.4377918 ], [ 34.9988801, 11.3457298 ], [ 34.9551179, 11.2436279 ], [ 34.8407478, 11.2451239 ], [ 34.7750015, 11.3043537 ], [ 34.7349358, 11.3012638 ], [ 34.6505508, 11.4004765 ], [ 34.5410728, 11.4534941 ], [ 34.5080338, 11.5149488 ], [ 34.3627777, 11.6154804 ], [ 34.3590775, 11.6775045 ], [ 34.395813, 11.7209377 ], [ 34.3742561, 11.8372068 ], [ 34.3706245, 11.9220295 ], [ 34.3158989, 12.0433817 ], [ 34.3115273, 12.1542807 ], [ 34.3564148, 12.1996889 ], [ 34.3586807, 12.3748541 ], [ 34.3106155, 12.4015045 ], [ 34.451004, 12.5642595 ], [ 34.540947, 12.529995 ], [ 34.6580162, 12.5142908 ], [ 34.7075081, 12.4671774 ], [ 34.8036385, 12.4138775 ], [ 34.8407593, 12.2430325 ], [ 34.910717, 11.9646359 ], [ 35.0547649, 11.7328154 ] ] ] ] } },
{ "type": "Feature", "properties": { "POLYGON_ID": "SDN_GAUL2014_ADM2_37040", "ADM0_ISO3": "SDN", "ADM0_NAME": "Sudan", "ADM0_CODE": 6, "ADM1_NAME": "Blue Nile", "ADM1_CODE": 2749, "ADM2_NAME": "Baw", "ADM2_CODE": 37040, "GEOSET": "GAUL", "GEOSET_YEAR": 2014.0, "GEOSET_VERSION": "GAUL_v1", "GEOSET_UNIT": "ADM2", "CENTROID_LONG": 33.771892239606835, "CENTROID_LAT": 11.157681972741569 }, "geometry": { "type": "MultiPolygon", "coordinates": [ [ [ [ 34.2614098, 11.3333302 ], [ 34.2672501, 11.22894 ], [ 33.8934898, 11.2413902 ], [ 33.8991013, 11.12146 ], [ 33.8867302, 11.0373602 ], [ 33.9155617, 10.9072104 ], [ 34.02631, 10.7620602 ], [ 33.8387604, 10.7662296 ], [ 33.6366196, 10.6794205 ], [ 33.579731, 10.64818 ], [ 33.4919243, 10.6472712 ], [ 33.4826889, 10.6579103 ], [ 33.2190437, 10.7350044 ], [ 33.2656822, 10.8292313 ], [ 33.2500725, 10.9173107 ], [ 33.2775917, 10.9462605 ], [ 33.6912003, 11.4534903 ], [ 33.7774086, 11.5710096 ], [ 33.7902908, 11.6028404 ], [ 33.9017715, 11.6028605 ], [ 33.9823494, 11.6625004 ], [ 34.0047989, 11.7242498 ], [ 34.0346413, 11.7326803 ], [ 34.1098099, 11.6912804 ], [ 34.2228203, 11.66926 ], [ 34.2845306, 11.6147699 ], [ 34.2614098, 11.3333302 ] ] ] ] } },
{ "type": "Feature", "properties": { "POLYGON_ID": "SDN_GAUL2014_ADM2_37041", "ADM0_ISO3": "SDN", "ADM0_NAME": "Sudan", "ADM0_CODE": 6, "ADM1_NAME": "Blue Nile", "ADM1_CODE": 2749, "ADM2_NAME": "Geissan", "ADM2_CODE": 37041, "GEOSET": "GAUL", "GEOSET_YEAR": 2014.0, "GEOSET_VERSION": "GAUL_v1", "GEOSET_UNIT": "ADM2", "CENTROID_LONG": 34.441975239987237, "CENTROID_LAT": 11.041795391092082 }, "geometry": { "type": "MultiPolygon", "coordinates": [ [ [ [ 34.9551179, 11.2436279 ], [ 34.9575894, 11.2367416 ], [ 34.9660113, 11.2269623 ], [ 34.9664489, 11.2264547 ], [ 34.9871422, 11.202422 ], [ 34.9959269, 11.1884197 ], [ 35.0000004, 11.1819282 ], [ 35.00696, 11.15977 ], [ 34.9705849, 11.0168582 ], [ 34.95246, 10.9674897 ], [ 34.97427, 10.90636 ], [ 34.9724, 10.9007 ], [ 34.9444211, 10.8722608 ], [ 34.922556, 10.8452393 ], [ 34.84824, 10.74296 ], [ 34.83335, 10.74425 ], [ 34.8066921, 10.7318986 ], [ 34.786639, 10.7064972 ], [ 34.7815088, 10.7082913 ], [ 34.77729, 10.7128607 ], [ 34.7801, 10.74392 ], [ 34.7753501, 10.7595195 ], [ 34.7621001, 10.7589725 ], [ 34.7564907, 10.7628495 ], [ 34.74842, 10.77276 ], [ 34.69906, 10.82846 ], [ 34.5910864, 10.8958378 ], [ 34.5778791, 10.8857854 ], [ 34.5416006, 10.8581805 ], [ 34.522304, 10.8472501 ], [ 34.5079059, 10.8389503 ], [ 34.5006484, 10.8335395 ], [ 34.4721425, 10.8160674 ], [ 34.4170075, 10.7296677 ], [ 34.2167892, 10.7367897 ], [ 34.168911, 10.7278204 ], [ 34.041729, 10.7400999 ], [ 34.02631, 10.7620602 ], [ 33.9155617, 10.9072104 ], [ 33.8867302, 11.0373602 ], [ 33.8991013, 11.12146 ], [ 33.8934898, 11.2413902 ], [ 34.2672501, 11.22894 ], [ 34.2614098, 11.3333302 ], [ 34.4756317, 11.33498 ], [ 34.52425, 11.3687601 ], [ 34.6505508, 11.4004765 ], [ 34.7349358, 11.3012638 ], [ 34.7750015, 11.3043537 ], [ 34.8407478, 11.2451239 ], [ 34.9551179, 11.2436279 ] ] ] ] } },
{ "type": "Feature", "properties": { "POLYGON_ID": "SDN_GAUL2014_ADM2_37063", "ADM0_ISO3": "SDN", "ADM0_NAME": "Sudan", "ADM0_CODE": 6, "ADM1_NAME": "Khartoum", "ADM1_CODE": 2753, "ADM2_NAME": "Jabal Aulia", "ADM2_CODE": 37063, "GEOSET": "GAUL", "GEOSET_YEAR": 2014.0, "GEOSET_VERSION": "GAUL_v1", "GEOSET_UNIT": "ADM2", "CENTROID_LONG": 32.65506648770846, "CENTROID_LAT": 15.347935042934283 }, "geometry": { "type": "MultiPolygon", "coordinates": [ [ [ [ 32.9380722, 15.2677927 ], [ 32.9205551, 15.2750282 ], [ 32.66605, 15.2500582 ], [ 32.498436, 15.2369566 ], [ 32.4814186, 15.2250204 ], [ 32.4967613, 15.2899408 ], [ 32.4803429, 15.4009266 ], [ 32.5563316, 15.4353399 ], [ 32.6350174, 15.5234098 ], [ 32.7073097, 15.472868 ], [ 32.7158737, 15.4176645 ], [ 32.7501373, 15.4093361 ], [ 32.7913055, 15.3484221 ], [ 32.9040909, 15.3053541 ], [ 32.9380722, 15.2677927 ] ] ] ] } },
{ "type": "Feature", "properties": { "POLYGON_ID": "SDN_GAUL2014_ADM2_37064", "ADM0_ISO3": "SDN", "ADM0_NAME": "Sudan", "ADM0_CODE": 6, "ADM1_NAME": "Khartoum", "ADM1_CODE": 2753, "ADM2_NAME": "Karary", "ADM2_CODE": 37064, "GEOSET": "GAUL", "GEOSET_YEAR": 2014.0, "GEOSET_VERSION": "GAUL_v1", "GEOSET_UNIT": "ADM2", "CENTROID_LONG": 32.128720818475969, "CENTROID_LAT": 16.220515097793591 }, "geometry": { "type": "MultiPolygon", "coordinates": [ [ [ [ 31.8512096, 16.6557446 ], [ 32.1755333, 16.4028816 ], [ 32.6921082, 16.3402462 ], [ 32.6943359, 16.3041267 ], [ 32.6110535, 16.2786655 ], [ 32.6137962, 16.2350426 ], [ 32.5700111, 16.1622314 ], [ 32.5583534, 16.0982227 ], [ 32.5633507, 16.019701 ], [ 32.5489998, 15.9052229 ], [ 32.4171104, 15.9086103 ], [ 32.3654518, 15.9208899 ], [ 32.2246399, 15.8970203 ], [ 32.1787491, 15.9024496 ], [ 32.1165619, 15.8636198 ], [ 32.0172653, 15.8290901 ], [ 31.8959579, 15.9917212 ], [ 31.8031597, 16.1292534 ], [ 31.7836475, 16.2030182 ], [ 31.7393417, 16.3017712 ], [ 31.7079811, 16.379097 ], [ 31.6185131, 16.5370941 ], [ 31.8303089, 16.657196 ], [ 31.8512096, 16.6557446 ] ] ] ] } },
{ "type": "Feature", "properties": { "POLYGON_ID": "SDN_GAUL2014_ADM2_37065", "ADM0_ISO3": "SDN", "ADM0_NAME": "Sudan", "ADM0_CODE": 6, "ADM1_NAME": "Khartoum", "ADM1_CODE": 2753, "ADM2_NAME": "Khartoum", "ADM2_CODE": 37065, "GEOSET": "GAUL", "GEOSET_YEAR": 2014.0, "GEOSET_VERSION": "GAUL_v1", "GEOSET_UNIT": "ADM2", "CENTROID_LONG": 32.535536460938346, "CENTROID_LAT": 15.51700209267513 }, "geometry": { "type": "MultiPolygon", "coordinates": [ [ [ [ 32.6350174, 15.5234098 ], [ 32.5563316, 15.4353399 ], [ 32.4803429, 15.4009266 ], [ 32.4460793, 15.4907675 ], [ 32.477726, 15.5119438 ], [ 32.4960556, 15.6204176 ], [ 32.5683479, 15.6213465 ], [ 32.6350174, 15.5234098 ] ] ] ] } },
{ "type": "Feature", "properties": { "POLYGON_ID": "SDN_GAUL2014_ADM2_37066", "ADM0_ISO3": "SDN", "ADM0_NAME": "Sudan", "ADM0_CODE": 6, "ADM1_NAME": "Khartoum", "ADM1_CODE": 2753, "ADM2_NAME": "Khartoum Bahri", "ADM2_CODE": 37066, "GEOSET": "GAUL", "GEOSET_YEAR": 2014.0, "GEOSET_VERSION": "GAUL_v1", "GEOSET_UNIT": "ADM2", "CENTROID_LONG": 32.87967463221306, "CENTROID_LAT": 15.897521836306908 }, "geometry": { "type": "MultiPolygon", "coordinates": [ [ [ [ 32.7008591, 16.3377361 ], [ 32.8061867, 16.2539635 ], [ 33.0397491, 16.213192 ], [ 33.0019798, 16.1062908 ], [ 33.014801, 15.9968596 ], [ 33.0847092, 15.9990397 ], [ 33.2495499, 16.0276508 ], [ 33.3157387, 15.9885302 ], [ 33.3527298, 15.86549 ], [ 33.3358803, 15.7375097 ], [ 33.2803612, 15.6555204 ], [ 33.0967712, 15.6745796 ], [ 32.9726181, 15.6450901 ], [ 32.900341, 15.5752296 ], [ 32.7519112, 15.5748196 ], [ 32.6642418, 15.5996504 ], [ 32.6350174, 15.5234098 ], [ 32.5683479, 15.6213465 ], [ 32.4960556, 15.6204176 ], [ 32.5302773, 15.70823 ], [ 32.5489998, 15.9052229 ], [ 32.5633507, 16.019701 ], [ 32.5583534, 16.0982227 ], [ 32.5700111, 16.1622314 ], [ 32.6137962, 16.2350426 ], [ 32.6110535, 16.2786655 ], [ 32.6943359, 16.3041267 ], [ 32.6921082, 16.3402462 ], [ 32.7008591, 16.3377361 ] ] ] ] } },
{ "type": "Feature", "properties": { "POLYGON_ID": "SDN_GAUL2014_ADM2_37067", "ADM0_ISO3": "SDN", "ADM0_NAME": "Sudan", "ADM0_CODE": 6, "ADM1_NAME": "Khartoum", "ADM1_CODE": 2753, "ADM2_NAME": "Sharg En Nile", "ADM2_CODE": 37067, "GEOSET": "GAUL", "GEOSET_YEAR": 2014.0, "GEOSET_VERSION": "GAUL_v1", "GEOSET_UNIT": "ADM2", "CENTROID_LONG": 33.464761566910106, "CENTROID_LAT": 15.728528048280394 }, "geometry": { "type": "MultiPolygon", "coordinates": [ [ [ [ 34.2175941, 16.0550251 ], [ 34.3363342, 15.8470507 ], [ 34.3805923, 15.6833429 ], [ 34.1980896, 15.7147465 ], [ 34.0836334, 15.7333117 ], [ 33.9865532, 15.7628174 ], [ 33.7152939, 15.6876259 ], [ 33.6677055, 15.6885786 ], [ 33.6272545, 15.6595488 ], [ 33.5791893, 15.5519972 ], [ 33.5691948, 15.4553909 ], [ 33.5001907, 15.4734745 ], [ 33.2493935, 15.3240452 ], [ 33.1784859, 15.2621784 ], [ 33.0747414, 15.2902565 ], [ 33.0057335, 15.2756357 ], [ 32.9380722, 15.2677927 ], [ 32.9040909, 15.3053541 ], [ 32.7913055, 15.3484221 ], [ 32.7501373, 15.4093361 ], [ 32.7158737, 15.4176645 ], [ 32.7073097, 15.472868 ], [ 32.6350174, 15.5234098 ], [ 32.6642418, 15.5996504 ], [ 32.7519112, 15.5748196 ], [ 32.900341, 15.5752296 ], [ 32.9726181, 15.6450901 ], [ 33.0967712, 15.6745796 ], [ 33.2803612, 15.6555204 ], [ 33.3358803, 15.7375097 ], [ 33.3527298, 15.86549 ], [ 33.3157387, 15.9885302 ], [ 33.2495499, 16.0276508 ], [ 33.0847092, 15.9990397 ], [ 33.014801, 15.9968596 ], [ 33.0019798, 16.1062908 ], [ 33.0397491, 16.213192 ], [ 33.4358444, 16.1135406 ], [ 33.531292, 16.0380821 ], [ 33.6542244, 15.9851103 ], [ 33.8091393, 15.9646215 ], [ 33.906086, 15.9896078 ], [ 34.2175941, 16.0550251 ] ] ] ] } },
{ "type": "Feature", "properties": { "POLYGON_ID": "SDN_GAUL2014_ADM2_37068", "ADM0_ISO3": "SDN", "ADM0_NAME": "Sudan", "ADM0_CODE": 6, "ADM1_NAME": "Khartoum", "ADM1_CODE": 2753, "ADM2_NAME": "Um Badda", "ADM2_CODE": 37068, "GEOSET": "GAUL", "GEOSET_YEAR": 2014.0, "GEOSET_VERSION": "GAUL_v1", "GEOSET_UNIT": "ADM2", "CENTROID_LONG": 32.361196693821967, "CENTROID_LAT": 15.42539873118781 }, "geometry": { "type": "MultiPolygon", "coordinates": [ [ [ [ 32.4803429, 15.4009266 ], [ 32.4967613, 15.2899408 ], [ 32.4814186, 15.2250204 ], [ 32.436573, 15.1841326 ], [ 32.3556709, 15.1879396 ], [ 32.1981506, 15.4925108 ], [ 32.1663513, 15.5698624 ], [ 32.2943192, 15.6102104 ], [ 32.3940697, 15.60571 ], [ 32.4960556, 15.6204176 ], [ 32.477726, 15.5119438 ], [ 32.4460793, 15.4907675 ], [ 32.4803429, 15.4009266 ] ] ] ] } },
{ "type": "Feature", "properties": { "POLYGON_ID": "SDN_GAUL2014_ADM2_37069", "ADM0_ISO3": "SDN", "ADM0_NAME": "Sudan", "ADM0_CODE": 6, "ADM1_NAME": "Khartoum", "ADM1_CODE": 2753, "ADM2_NAME": "Um Durman", "ADM2_CODE": 37069, "GEOSET": "GAUL", "GEOSET_YEAR": 2014.0, "GEOSET_VERSION": "GAUL_v1", "GEOSET_UNIT": "ADM2", "CENTROID_LONG": 32.310006669911381, "CENTROID_LAT": 15.760176959941619 }, "geometry": { "type": "MultiPolygon", "coordinates": [ [ [ [ 32.5489998, 15.9052229 ], [ 32.5302773, 15.70823 ], [ 32.4960556, 15.6204176 ], [ 32.3940697, 15.60571 ], [ 32.2943192, 15.6102104 ], [ 32.1663513, 15.5698624 ], [ 32.1001167, 15.719511 ], [ 32.0172653, 15.8290901 ], [ 32.1165619, 15.8636198 ], [ 32.1787491, 15.9024496 ], [ 32.2246399, 15.8970203 ], [ 32.3654518, 15.9208899 ], [ 32.4171104, 15.9086103 ], [ 32.5489998, 15.9052229 ] ] ] ] } },
{ "type": "Feature", "properties": { "POLYGON_ID": "SDN_GAUL2014_ADM2_37090", "ADM0_ISO3": "SDN", "ADM0_NAME": "Sudan", "ADM0_CODE": 6, "ADM1_NAME": "Northern", "ADM1_CODE": 2755, "ADM2_NAME": "Addabah", "ADM2_CODE": 37090, "GEOSET": "GAUL", "GEOSET_YEAR": 2014.0, "GEOSET_VERSION": "GAUL_v1", "GEOSET_UNIT": "ADM2", "CENTROID_LONG": 30.667778064874931, "CENTROID_LAT": 17.219981912481856 }, "geometry": { "type": "MultiPolygon", "coordinates": [ [ [ [ 32.1544342, 17.1644516 ], [ 31.8512096, 16.6557446 ], [ 31.8303089, 16.657196 ], [ 31.6185131, 16.5370941 ], [ 31.0800724, 16.5139427 ], [ 30.4994831, 16.541544 ], [ 30.0335846, 16.5634346 ], [ 29.7846947, 16.5800915 ], [ 29.3283138, 16.6029339 ], [ 28.6799316, 16.6063004 ], [ 28.7054005, 16.6263828 ], [ 29.9681606, 17.6739693 ], [ 30.7357998, 18.2453308 ], [ 30.7551804, 18.1913395 ], [ 30.9951591, 18.4151707 ], [ 31.33885, 18.0439396 ], [ 32.1414223, 17.1770535 ], [ 32.1544342, 17.1644516 ] ] ] ] } },
{ "type": "Feature", "properties": { "POLYGON_ID": "SDN_GAUL2014_ADM2_37091", "ADM0_ISO3": "SDN", "ADM0_NAME": "Sudan", "ADM0_CODE": 6, "ADM1_NAME": "Northern", "ADM1_CODE": 2755, "ADM2_NAME": "Dongola", "ADM2_CODE": 37091, "GEOSET": "GAUL", "GEOSET_YEAR": 2014.0, "GEOSET_VERSION": "GAUL_v1", "GEOSET_UNIT": "ADM2", "CENTROID_LONG": 29.213864002705382, "CENTROID_LAT": 18.448193316417214 }, "geometry": { "type": "MultiPolygon", "coordinates": [ [ [ [ 32.299408, 19.6536255 ], [ 32.2875633, 19.6250153 ], [ 32.0300293, 19.3839302 ], [ 31.5115509, 18.8985691 ], [ 30.9951591, 18.4151707 ], [ 30.7551804, 18.1913395 ], [ 30.7357998, 18.2453308 ], [ 29.9681606, 17.6739693 ], [ 28.7054005, 16.6263828 ], [ 28.6799316, 16.6063004 ], [ 28.1871243, 16.6034107 ], [ 27.5005035, 16.6012745 ], [ 27.4980316, 17.0574112 ], [ 27.4980316, 17.6061153 ], [ 27.4989834, 18.4165592 ], [ 27.4989834, 18.9538422 ], [ 27.5000546, 19.6850671 ], [ 30.3689995, 19.66609 ], [ 32.299408, 19.6536255 ] ] ] ] } },
{ "type": "Feature", "properties": { "POLYGON_ID": "SDN_GAUL2014_ADM2_37092", "ADM0_ISO3": "SDN", "ADM0_NAME": "Sudan", "ADM0_CODE": 6, "ADM1_NAME": "Northern", "ADM1_CODE": 2755, "ADM2_NAME": "Merawi", "ADM2_CODE": 37092, "GEOSET": "GAUL", "GEOSET_YEAR": 2014.0, "GEOSET_VERSION": "GAUL_v1", "GEOSET_UNIT": "ADM2", "CENTROID_LONG": 31.949134336415234, "CENTROID_LAT": 18.319729294050841 }, "geometry": { "type": "MultiPolygon", "coordinates": [ [ [ [ 32.5513763, 18.1107025 ], [ 32.5411606, 17.9869919 ], [ 32.5616226, 17.966053 ], [ 32.5816116, 17.835659 ], [ 32.6425247, 17.8037739 ], [ 32.5573235, 17.6367073 ], [ 32.4481239, 17.5193863 ], [ 32.2260056, 17.2809029 ], [ 32.1544342, 17.1644516 ], [ 32.1414223, 17.1770535 ], [ 31.33885, 18.0439396 ], [ 30.9951591, 18.4151707 ], [ 31.5115509, 18.8985691 ], [ 32.0300293, 19.3839302 ], [ 32.2875633, 19.6250153 ], [ 32.299408, 19.6536255 ], [ 32.2518158, 18.889761 ], [ 32.5435371, 18.5923271 ], [ 32.609211, 18.5199928 ], [ 32.5513763, 18.1107025 ] ] ] ] } },
{ "type": "Feature", "properties": { "POLYGON_ID": "SDN_GAUL2014_ADM2_37093", "ADM0_ISO3": "SDN", "ADM0_NAME": "Sudan", "ADM0_CODE": 6, "ADM1_NAME": "Northern", "ADM1_CODE": 2755, "ADM2_NAME": "Wadi Halfa", "ADM2_CODE": 37093, "GEOSET": "GAUL", "GEOSET_YEAR": 2014.0, "GEOSET_VERSION": "GAUL_v1", "GEOSET_UNIT": "ADM2", "CENTROID_LONG": 28.809852589489406, "CENTROID_LAT": 20.890383196150271 }, "geometry": { "type": "MultiPolygon", "coordinates": [ [ [ [ 32.4122905, 22.0009367 ], [ 32.3874474, 21.4595776 ], [ 32.3726921, 21.1845131 ], [ 32.3460426, 20.631525 ], [ 32.3227234, 20.0894852 ], [ 32.299408, 19.6536255 ], [ 30.3689995, 19.66609 ], [ 27.5000546, 19.6850671 ], [ 27.4969549, 20.0056225 ], [ 27.0101156, 20.0041939 ], [ 26.2053823, 20.0060974 ], [ 25.799922, 20.0041939 ], [ 25.0, 20.0000071 ], [ 24.9999996, 20.5238882 ], [ 25.0, 22.0 ], [ 25.3280544, 22.0 ], [ 25.9999981, 22.0 ], [ 26.3852768, 22.0 ], [ 27.1513882, 22.0 ], [ 27.8088741, 22.0 ], [ 28.2329636, 22.0 ], [ 29.0024662, 22.0 ], [ 29.4133873, 22.0 ], [ 29.4933071, 22.0 ], [ 30.0, 22.0 ], [ 31.3160877, 22.0 ], [ 31.3163766, 22.0007557 ], [ 31.3168889, 22.0021067 ], [ 31.33755, 22.05622 ], [ 31.34608, 22.07855 ], [ 31.34621, 22.07998 ], [ 31.346386, 22.08199 ], [ 31.34728, 22.092 ], [ 31.3476699, 22.0962185 ], [ 31.3572995, 22.1154693 ], [ 31.35833, 22.11678 ], [ 31.3813587, 22.1461508 ], [ 31.38159, 22.14644 ], [ 31.38738, 22.15382 ], [ 31.3876212, 22.1541322 ], [ 31.3975077, 22.1621339 ], [ 31.3996175, 22.1638301 ], [ 31.40831, 22.17811 ], [ 31.4103393, 22.1814389 ], [ 31.4131787, 22.1836368 ], [ 31.4688016, 22.2228306 ], [ 31.51261, 22.18417 ], [ 31.5128263, 22.1815062 ], [ 31.5080227, 22.1705506 ], [ 31.5071106, 22.1686313 ], [ 31.498758, 22.1595216 ], [ 31.4970989, 22.1577147 ], [ 31.4745808, 22.1351106 ], [ 31.4726924, 22.133099 ], [ 31.4653905, 22.1253006 ], [ 31.45818, 22.11466 ], [ 31.4572301, 22.1132592 ], [ 31.43553, 22.08119 ], [ 31.4303168, 22.0711582 ], [ 31.4259262, 22.0626358 ], [ 31.42571, 22.06205 ], [ 31.4122104, 22.0077797 ], [ 31.4144386, 22.0000005 ], [ 31.4146246, 22.0000002 ], [ 31.5195299, 22.0000987 ], [ 31.988843, 22.0005392 ], [ 32.4122905, 22.0009367 ] ] ] ] } },
{ "type": "Feature", "properties": { "POLYGON_ID": "SDN_GAUL2014_ADM2_37080", "ADM0_ISO3": "SDN", "ADM0_NAME": "Sudan", "ADM0_CODE": 6, "ADM1_NAME": "Northern Darfur", "ADM1_CODE": 2757, "ADM2_NAME": "Al Fasher", "ADM2_CODE": 37080, "GEOSET": "GAUL", "GEOSET_YEAR": 2014.0, "GEOSET_VERSION": "GAUL_v1", "GEOSET_UNIT": "ADM2", "CENTROID_LONG": 25.545125117017598, "CENTROID_LAT": 13.465045591082822 }, "geometry": { "type": "MultiPolygon", "coordinates": [ [ [ [ 25.2089748, 14.1930723 ], [ 25.2511444, 14.1213856 ], [ 25.3121338, 14.1120672 ], [ 25.3604164, 14.0714083 ], [ 25.390913, 13.998559 ], [ 25.4459724, 13.9595938 ], [ 25.4332657, 13.9223223 ], [ 25.5281391, 13.8875914 ], [ 25.6297874, 13.946887 ], [ 25.8195343, 13.9451933 ], [ 25.8754406, 14.0265121 ], [ 25.9000072, 14.0951262 ], [ 26.0457039, 14.1290092 ], [ 26.2955914, 14.1434097 ], [ 26.42943, 14.1366329 ], [ 26.4811077, 13.9710827 ], [ 26.3930054, 13.8443909 ], [ 26.4099483, 13.7359648 ], [ 26.1778488, 13.6461744 ], [ 26.326088, 13.5072536 ], [ 26.4040184, 13.3793449 ], [ 26.2888165, 13.2632952 ], [ 26.2845802, 12.960041 ], [ 26.2676392, 12.8558502 ], [ 26.2269783, 12.7677536 ], [ 26.1719189, 12.7330236 ], [ 26.1634483, 12.6423864 ], [ 26.0740452, 12.4877386 ], [ 25.9396877, 12.6304541 ], [ 25.8554535, 12.736578 ], [ 25.8154793, 12.7637033 ], [ 25.7621803, 12.7617998 ], [ 25.6974583, 12.8041544 ], [ 25.5675392, 12.8660202 ], [ 25.5656357, 12.9569159 ], [ 25.4856853, 12.97262 ], [ 25.4190617, 12.9578676 ], [ 25.3643341, 12.9716682 ], [ 25.2653484, 12.9573917 ], [ 25.2096691, 12.9826145 ], [ 25.1547832, 12.9615126 ], [ 25.0954552, 12.9397841 ], [ 25.0036068, 12.9416876 ], [ 24.9507828, 12.9883251 ], [ 24.880827, 12.9987946 ], [ 24.7570953, 13.0958767 ], [ 24.6871395, 13.1120567 ], [ 24.6205139, 13.1001596 ], [ 24.4620171, 13.1235037 ], [ 24.5629311, 13.2072353 ], [ 24.6443081, 13.2529211 ], [ 24.718071, 13.3914051 ], [ 24.6857109, 13.4313803 ], [ 24.5816841, 13.4201193 ], [ 24.5203266, 13.5110655 ], [ 24.6194363, 13.7359648 ], [ 24.6130505, 13.799016 ], [ 24.6881809, 13.8257713 ], [ 24.7211914, 13.864913 ], [ 24.7362823, 13.9474401 ], [ 24.8456898, 13.9771509 ], [ 24.8754005, 14.0309114 ], [ 24.9381218, 14.0681677 ], [ 24.974905, 14.1884222 ], [ 25.159296, 14.2039843 ], [ 25.2089748, 14.1930723 ] ] ] ] } },
{ "type": "Feature", "properties": { "POLYGON_ID": "SDN_GAUL2014_ADM2_37081", "ADM0_ISO3": "SDN", "ADM0_NAME": "Sudan", "ADM0_CODE": 6, "ADM1_NAME": "Northern Darfur", "ADM1_CODE": 2757, "ADM2_NAME": "Kabkabiya", "ADM2_CODE": 37081, "GEOSET": "GAUL", "GEOSET_YEAR": 2014.0, "GEOSET_VERSION": "GAUL_v1", "GEOSET_UNIT": "ADM2", "CENTROID_LONG": 23.838642974270638, "CENTROID_LAT": 13.78901429790087 }, "geometry": { "type": "MultiPolygon", "coordinates": [ [ [ [ 24.6130505, 13.799016 ], [ 24.6194363, 13.7359648 ], [ 24.5203266, 13.5110655 ], [ 24.5816841, 13.4201193 ], [ 24.4700356, 13.4187193 ], [ 24.2692108, 13.3544741 ], [ 24.2496986, 13.2678614 ], [ 24.1316776, 13.273572 ], [ 24.101696, 13.2416878 ], [ 24.0379257, 13.3092642 ], [ 24.0117531, 13.3692265 ], [ 23.8344269, 13.3730898 ], [ 23.7838001, 13.391593 ], [ 23.7709503, 13.4434652 ], [ 23.715271, 13.4758263 ], [ 23.7205067, 13.4053946 ], [ 23.6924286, 13.3796959 ], [ 23.6462669, 13.4006357 ], [ 23.6733933, 13.5058079 ], [ 23.5924912, 13.4996214 ], [ 23.4910107, 13.5603504 ], [ 23.4398518, 13.5567808 ], [ 23.4179611, 13.5232306 ], [ 23.3406296, 13.4687414 ], [ 23.2656765, 13.4492292 ], [ 23.2618694, 13.5893793 ], [ 23.3308735, 13.629117 ], [ 23.2875671, 13.6562424 ], [ 23.239502, 13.7397614 ], [ 23.2216568, 13.8201876 ], [ 23.2286167, 13.9683504 ], [ 23.2587757, 14.0274382 ], [ 23.268055, 14.1271381 ], [ 23.2333145, 14.158309 ], [ 23.1685944, 14.150219 ], [ 23.112915, 14.2101812 ], [ 23.1552696, 14.3417654 ], [ 23.1476669, 14.3560181 ], [ 23.1854248, 14.3606157 ], [ 23.3296146, 14.3425922 ], [ 23.5116539, 14.3011379 ], [ 23.9135818, 14.124505 ], [ 23.9649601, 14.0883837 ], [ 24.1906147, 14.001749 ], [ 24.5442066, 13.8385525 ], [ 24.6130505, 13.799016 ] ] ] ] } },
{ "type": "Feature", "properties": { "POLYGON_ID": "SDN_GAUL2014_ADM2_37082", "ADM0_ISO3": "SDN", "ADM0_NAME": "Sudan", "ADM0_CODE": 6, "ADM1_NAME": "Northern Darfur", "ADM1_CODE": 2757, "ADM2_NAME": "Kutum", "ADM2_CODE": 37082, "GEOSET": "GAUL", "GEOSET_YEAR": 2014.0, "GEOSET_VERSION": "GAUL_v1", "GEOSET_UNIT": "ADM2", "CENTROID_LONG": 24.079848797990074, "CENTROID_LAT": 14.997316802923446 }, "geometry": { "type": "MultiPolygon", "coordinates": [ [ [ [ 25.2089748, 14.1930723 ], [ 25.159296, 14.2039843 ], [ 24.974905, 14.1884222 ], [ 24.9381218, 14.0681677 ], [ 24.8754005, 14.0309114 ], [ 24.8456898, 13.9771509 ], [ 24.7362823, 13.9474401 ], [ 24.7211914, 13.864913 ], [ 24.6881809, 13.8257713 ], [ 24.6130505, 13.799016 ], [ 24.5442066, 13.8385525 ], [ 24.1906147, 14.001749 ], [ 23.9649601, 14.0883837 ], [ 23.9135818, 14.124505 ], [ 23.5116539, 14.3011379 ], [ 23.3296146, 14.3425922 ], [ 23.1854248, 14.3606157 ], [ 23.1476669, 14.3560181 ], [ 23.0774612, 14.4864368 ], [ 23.0172596, 14.5540133 ], [ 22.9087563, 14.5068998 ], [ 22.8247623, 14.5590105 ], [ 22.8259506, 14.6163549 ], [ 22.873064, 14.8871374 ], [ 22.7629524, 14.9801584 ], [ 22.8389348, 15.0444249 ], [ 22.8849066, 15.0910502 ], [ 22.9387596, 15.1061192 ], [ 22.9336056, 15.1691677 ], [ 22.9787787, 15.1967799 ], [ 23.004223, 15.3148611 ], [ 22.98866, 15.414909 ], [ 22.926408, 15.4682679 ], [ 22.9272065, 15.553553 ], [ 23.0322403, 15.6273697 ], [ 23.1227257, 15.7197097 ], [ 23.3508064, 15.6941169 ], [ 23.4432436, 15.7102298 ], [ 23.5242861, 15.749755 ], [ 23.5899187, 15.7631842 ], [ 23.8176467, 15.7507007 ], [ 23.8619644, 15.7323734 ], [ 24.0, 15.7111173 ], [ 24.0, 16.4970553 ], [ 24.3263245, 16.5144482 ], [ 24.4470844, 16.4820061 ], [ 24.5354004, 16.3576431 ], [ 24.5552273, 16.0097847 ], [ 24.5732498, 15.7916985 ], [ 24.5732498, 15.3897696 ], [ 24.5245857, 15.1951132 ], [ 24.7233353, 15.1898613 ], [ 25.2818737, 15.1861868 ], [ 25.2818737, 15.0098057 ], [ 25.2341042, 14.6662302 ], [ 25.2322674, 14.3097944 ], [ 25.2089748, 14.1930723 ] ] ] ] } },
{ "type": "Feature", "properties": { "POLYGON_ID": "SDN_GAUL2014_ADM2_37083", "ADM0_ISO3": "SDN", "ADM0_NAME": "Sudan", "ADM0_CODE": 6, "ADM1_NAME": "Northern Darfur", "ADM1_CODE": 2757, "ADM2_NAME": "Mellit", "ADM2_CODE": 37083, "GEOSET": "GAUL", "GEOSET_YEAR": 2014.0, "GEOSET_VERSION": "GAUL_v1", "GEOSET_UNIT": "ADM2", "CENTROID_LONG": 25.820887160975559, "CENTROID_LAT": 17.329856363464337 }, "geometry": { "type": "MultiPolygon", "coordinates": [ [ [ [ 27.5000546, 19.6850671 ], [ 27.4989834, 18.9538422 ], [ 27.4989834, 18.4165592 ], [ 27.4980316, 17.6061153 ], [ 27.4980316, 17.0574112 ], [ 27.5005035, 16.6012745 ], [ 26.9458447, 16.6029453 ], [ 27.0172272, 15.7929764 ], [ 27.0738583, 15.0615301 ], [ 27.1176414, 14.976346 ], [ 27.1457195, 14.854517 ], [ 27.2161503, 14.8021688 ], [ 27.396513, 14.2777357 ], [ 27.4485855, 14.1176872 ], [ 27.4890537, 13.9797163 ], [ 27.1522617, 13.9738398 ], [ 26.8249474, 13.9728746 ], [ 26.6980743, 13.9766312 ], [ 26.6640511, 14.0008249 ], [ 26.4811077, 13.9710827 ], [ 26.42943, 14.1366329 ], [ 26.2955914, 14.1434097 ], [ 26.0457039, 14.1290092 ], [ 25.9000072, 14.0951262 ], [ 25.8754406, 14.0265121 ], [ 25.8195343, 13.9451933 ], [ 25.6297874, 13.946887 ], [ 25.5281391, 13.8875914 ], [ 25.4332657, 13.9223223 ], [ 25.4459724, 13.9595938 ], [ 25.390913, 13.998559 ], [ 25.3604164, 14.0714083 ], [ 25.3121338, 14.1120672 ], [ 25.2511444, 14.1213856 ], [ 25.2089748, 14.1930723 ], [ 25.2322674, 14.3097944 ], [ 25.2341042, 14.6662302 ], [ 25.2818737, 15.0098057 ], [ 25.2818737, 15.1861868 ], [ 24.7233353, 15.1898613 ], [ 24.5245857, 15.1951132 ], [ 24.5732498, 15.3897696 ], [ 24.5732498, 15.7916985 ], [ 24.5552273, 16.0097847 ], [ 24.5354004, 16.3576431 ], [ 24.4470844, 16.4820061 ], [ 24.3263245, 16.5144482 ], [ 24.0, 16.4970553 ], [ 24.0, 19.5 ], [ 24.0, 19.997942 ], [ 25.0, 20.0000071 ], [ 25.799922, 20.0041939 ], [ 26.2053823, 20.0060974 ], [ 27.0101156, 20.0041939 ], [ 27.4969549, 20.0056225 ], [ 27.5000546, 19.6850671 ] ] ] ] } },
{ "type": "Feature", "properties": { "POLYGON_ID": "SDN_GAUL2014_ADM2_37084", "ADM0_ISO3": "SDN", "ADM0_NAME": "Sudan", "ADM0_CODE": 6, "ADM1_NAME": "Northern Darfur", "ADM1_CODE": 2757, "ADM2_NAME": "Um Kadada", "ADM2_CODE": 37084, "GEOSET": "GAUL", "GEOSET_YEAR": 2014.0, "GEOSET_VERSION": "GAUL_v1", "GEOSET_UNIT": "ADM2", "CENTROID_LONG": 26.748166587903111, "CENTROID_LAT": 12.927271699198391 }, "geometry": { "type": "MultiPolygon", "coordinates": [ [ [ [ 27.4890537, 13.9797163 ], [ 27.4521942, 13.7571096 ], [ 27.5007343, 13.690485 ], [ 27.5288124, 13.6238604 ], [ 27.5297642, 13.5734158 ], [ 27.4950237, 13.4791889 ], [ 27.3822365, 13.3449869 ], [ 27.3784294, 13.2498083 ], [ 27.3589191, 13.1731901 ], [ 27.2356625, 13.0356569 ], [ 27.1395321, 12.913353 ], [ 27.1176414, 12.6972981 ], [ 27.1266823, 12.579277 ], [ 27.1095505, 12.5250254 ], [ 27.038168, 12.4055758 ], [ 27.0414982, 12.3570347 ], [ 27.0790939, 12.2380619 ], [ 27.0624371, 12.1228962 ], [ 27.0776653, 12.0757828 ], [ 27.1476231, 11.9720383 ], [ 27.1971149, 11.859252 ], [ 27.2370892, 11.7202911 ], [ 27.1671333, 11.7835846 ], [ 27.119545, 11.7969103 ], [ 27.0153236, 11.7997656 ], [ 26.9343014, 11.7900286 ], [ 26.8134251, 11.7529087 ], [ 26.7667885, 11.7562399 ], [ 26.7196751, 11.7981186 ], [ 26.6049843, 11.853322 ], [ 26.3465595, 11.894084 ], [ 26.2014275, 11.9175673 ], [ 26.2000008, 12.0227394 ], [ 26.1528873, 12.0750875 ], [ 26.0681782, 12.0960264 ], [ 26.0272522, 12.1678867 ], [ 25.9817181, 12.1991234 ], [ 25.9525356, 12.2226143 ], [ 25.9439697, 12.2787695 ], [ 25.8787727, 12.3634787 ], [ 25.9696693, 12.3877487 ], [ 26.0025043, 12.4124956 ], [ 26.0838833, 12.4101162 ], [ 26.0740452, 12.4877386 ], [ 26.1634483, 12.6423864 ], [ 26.1719189, 12.7330236 ], [ 26.2269783, 12.7677536 ], [ 26.2676392, 12.8558502 ], [ 26.2845802, 12.960041 ], [ 26.2888165, 13.2632952 ], [ 26.4040184, 13.3793449 ], [ 26.326088, 13.5072536 ], [ 26.1778488, 13.6461744 ], [ 26.4099483, 13.7359648 ], [ 26.3930054, 13.8443909 ], [ 26.4811077, 13.9710827 ], [ 26.6640511, 14.0008249 ], [ 26.6980743, 13.9766312 ], [ 26.8249474, 13.9728746 ], [ 27.1522617, 13.9738398 ], [ 27.4890537, 13.9797163 ] ] ] ] } },
{ "type": "Feature", "properties": { "POLYGON_ID": "SDN_GAUL2014_ADM2_37070", "ADM0_ISO3": "SDN", "ADM0_NAME": "Sudan", "ADM0_CODE": 6, "ADM1_NAME": "Nile", "ADM1_CODE": 2761, "ADM2_NAME": "Abu Hamad", "ADM2_CODE": 37070, "GEOSET": "GAUL", "GEOSET_YEAR": 2014.0, "GEOSET_VERSION": "GAUL_v1", "GEOSET_UNIT": "ADM2", "CENTROID_LONG": 32.961921389053899, "CENTROID_LAT": 20.011678189619445 }, "geometry": { "type": "MultiPolygon", "coordinates": [ [ [ [ 33.5631753, 21.7260437 ], [ 33.2584915, 21.5146523 ], [ 33.3184547, 21.4466 ], [ 33.3541451, 21.295742 ], [ 33.3560486, 21.2491035 ], [ 33.2922821, 21.1729622 ], [ 33.297039, 21.0539875 ], [ 33.2749977, 20.9856777 ], [ 33.2865715, 20.9264488 ], [ 33.4026871, 20.8498306 ], [ 33.4764519, 20.7646465 ], [ 33.5554504, 20.7327614 ], [ 33.5797195, 20.6504326 ], [ 33.6182671, 20.6023674 ], [ 33.6696625, 20.4986229 ], [ 33.6082726, 20.0693665 ], [ 33.6934586, 19.7091179 ], [ 33.6725197, 19.4350033 ], [ 33.6825104, 19.354578 ], [ 33.7948227, 19.1808758 ], [ 33.8110352, 19.1429996 ], [ 33.8622742, 19.0098419 ], [ 33.7146683, 18.9267292 ], [ 33.6965485, 18.8933201 ], [ 33.7173119, 18.7947292 ], [ 33.7044182, 18.7504406 ], [ 33.0969391, 18.0975704 ], [ 32.5513763, 18.1107025 ], [ 32.609211, 18.5199928 ], [ 32.5435371, 18.5923271 ], [ 32.2518158, 18.889761 ], [ 32.299408, 19.6536255 ], [ 32.3227234, 20.0894852 ], [ 32.3460426, 20.631525 ], [ 32.3726921, 21.1845131 ], [ 32.3874474, 21.4595776 ], [ 32.4122905, 22.0009367 ], [ 33.182633, 22.0016598 ], [ 33.5631753, 21.7260437 ] ] ] ] } },
{ "type": "Feature", "properties": { "POLYGON_ID": "SDN_GAUL2014_ADM2_37071", "ADM0_ISO3": "SDN", "ADM0_NAME": "Sudan", "ADM0_CODE": 6, "ADM1_NAME": "Nile", "ADM1_CODE": 2761, "ADM2_NAME": "Ad Damer", "ADM2_CODE": 37071, "GEOSET": "GAUL", "GEOSET_YEAR": 2014.0, "GEOSET_VERSION": "GAUL_v1", "GEOSET_UNIT": "ADM2", "CENTROID_LONG": 33.305617961847659, "CENTROID_LAT": 17.615152785823611 }, "geometry": { "type": "MultiPolygon", "coordinates": [ [ [ [ 33.0969391, 18.0975704 ], [ 33.3267593, 18.0920506 ], [ 33.3524513, 17.7965508 ], [ 33.9899788, 17.8492298 ], [ 33.9790001, 17.6779995 ], [ 34.0196915, 17.6830673 ], [ 34.0620461, 17.6250095 ], [ 34.1293869, 17.6269131 ], [ 34.1967239, 17.56814 ], [ 34.1945839, 17.4436951 ], [ 34.2497864, 17.4070511 ], [ 34.3852692, 17.3531113 ], [ 34.2782211, 17.2906399 ], [ 33.7470016, 17.2434196 ], [ 33.17033, 17.1921501 ], [ 32.4481239, 17.5193863 ], [ 32.5573235, 17.6367073 ], [ 32.6425247, 17.8037739 ], [ 32.5816116, 17.835659 ], [ 32.5616226, 17.966053 ], [ 32.5411606, 17.9869919 ], [ 32.5513763, 18.1107025 ], [ 33.0969391, 18.0975704 ] ] ] ] } },
{ "type": "Feature", "properties": { "POLYGON_ID": "SDN_GAUL2014_ADM2_37072", "ADM0_ISO3": "SDN", "ADM0_NAME": "Sudan", "ADM0_CODE": 6, "ADM1_NAME": "Nile", "ADM1_CODE": 2761, "ADM2_NAME": "Al Matammah", "ADM2_CODE": 37072, "GEOSET": "GAUL", "GEOSET_YEAR": 2014.0, "GEOSET_VERSION": "GAUL_v1", "GEOSET_UNIT": "ADM2", "CENTROID_LONG": 32.746018408021541, "CENTROID_LAT": 16.895698507131719 }, "geometry": { "type": "MultiPolygon", "coordinates": [ [ [ [ 33.7470016, 17.2434196 ], [ 33.7529984, 17.2059994 ], [ 33.6990013, 17.1130009 ], [ 33.7290001, 17.0489998 ], [ 33.730999, 16.9559994 ], [ 33.5960007, 16.7619991 ], [ 33.4799995, 16.7360001 ], [ 33.4480019, 16.7049999 ], [ 33.3510017, 16.6730003 ], [ 33.2659988, 16.6580009 ], [ 33.1380005, 16.5359993 ], [ 33.0789986, 16.5209999 ], [ 32.993, 16.5440006 ], [ 32.8720016, 16.5009995 ], [ 32.7970009, 16.4379997 ], [ 32.7008591, 16.3377361 ], [ 32.6921082, 16.3402462 ], [ 32.1755333, 16.4028816 ], [ 31.8512096, 16.6557446 ], [ 32.1544342, 17.1644516 ], [ 32.2260056, 17.2809029 ], [ 32.4481239, 17.5193863 ], [ 33.17033, 17.1921501 ], [ 33.7470016, 17.2434196 ] ] ] ] } },
{ "type": "Feature", "properties": { "POLYGON_ID": "SDN_GAUL2014_ADM2_37073", "ADM0_ISO3": "SDN", "ADM0_NAME": "Sudan", "ADM0_CODE": 6, "ADM1_NAME": "Nile", "ADM1_CODE": 2761, "ADM2_NAME": "Atbara", "ADM2_CODE": 37073, "GEOSET": "GAUL", "GEOSET_YEAR": 2014.0, "GEOSET_VERSION": "GAUL_v1", "GEOSET_UNIT": "ADM2", "CENTROID_LONG": 34.983447992225031, "CENTROID_LAT": 17.251133321111634 }, "geometry": { "type": "MultiPolygon", "coordinates": [ [ [ [ 35.6640816, 17.2091274 ], [ 35.6764603, 17.0448723 ], [ 35.6963005, 16.9642353 ], [ 35.6927795, 16.7389164 ], [ 35.6751785, 16.5311985 ], [ 35.6540527, 16.4783897 ], [ 35.587162, 16.418539 ], [ 35.4252129, 16.3375645 ], [ 35.3337097, 16.3484764 ], [ 35.3193703, 16.3491936 ], [ 35.252491, 16.4381332 ], [ 35.2591553, 16.5456848 ], [ 35.1658783, 16.6810761 ], [ 35.1078186, 16.7215271 ], [ 35.0335808, 16.8162308 ], [ 35.0309639, 16.8409767 ], [ 34.943161, 16.9451962 ], [ 34.9545822, 17.0244331 ], [ 34.8934288, 17.0655975 ], [ 34.820858, 17.0708332 ], [ 34.7235374, 17.1331749 ], [ 34.6661911, 17.2128868 ], [ 34.6064682, 17.2583332 ], [ 34.5136681, 17.2630939 ], [ 34.4846382, 17.2928371 ], [ 34.4130173, 17.3113956 ], [ 34.3852692, 17.3531113 ], [ 34.2497864, 17.4070511 ], [ 34.1945839, 17.4436951 ], [ 34.1967239, 17.56814 ], [ 34.1293869, 17.6269131 ], [ 34.0620461, 17.6250095 ], [ 34.0196915, 17.6830673 ], [ 33.9790001, 17.6779995 ], [ 33.9899788, 17.8492298 ], [ 34.8230705, 17.9179745 ], [ 34.8627815, 17.935709 ], [ 34.9179268, 17.856945 ], [ 35.1358871, 17.596632 ], [ 35.3509903, 17.4119854 ], [ 35.587986, 17.2463741 ], [ 35.6640816, 17.2091274 ] ] ] ] } },
{ "type": "Feature", "properties": { "POLYGON_ID": "SDN_GAUL2014_ADM2_37074", "ADM0_ISO3": "SDN", "ADM0_NAME": "Sudan", "ADM0_CODE": 6, "ADM1_NAME": "Nile", "ADM1_CODE": 2761, "ADM2_NAME": "Barbar", "ADM2_CODE": 37074, "GEOSET": "GAUL", "GEOSET_YEAR": 2014.0, "GEOSET_VERSION": "GAUL_v1", "GEOSET_UNIT": "ADM2", "CENTROID_LONG": 33.892210967904681, "CENTROID_LAT": 18.222900764565139 }, "geometry": { "type": "MultiPolygon", "coordinates": [ [ [ [ 34.8627815, 17.935709 ], [ 34.8230705, 17.9179745 ], [ 33.9899788, 17.8492298 ], [ 33.3524513, 17.7965508 ], [ 33.3267593, 18.0920506 ], [ 33.0969391, 18.0975704 ], [ 33.7044182, 18.7504406 ], [ 33.7173119, 18.7947292 ], [ 33.6965485, 18.8933201 ], [ 33.7146683, 18.9267292 ], [ 33.8622742, 19.0098419 ], [ 33.9171257, 18.8677387 ], [ 34.1184311, 18.3675766 ], [ 34.449173, 18.2619286 ], [ 34.6085968, 18.1795998 ], [ 34.8627815, 17.935709 ] ] ] ] } },
{ "type": "Feature", "properties": { "POLYGON_ID": "SDN_GAUL2014_ADM2_37075", "ADM0_ISO3": "SDN", "ADM0_NAME": "Sudan", "ADM0_CODE": 6, "ADM1_NAME": "Nile", "ADM1_CODE": 2761, "ADM2_NAME": "Shendi", "ADM2_CODE": 37075, "GEOSET": "GAUL", "GEOSET_YEAR": 2014.0, "GEOSET_VERSION": "GAUL_v1", "GEOSET_UNIT": "ADM2", "CENTROID_LONG": 34.09481703781028, "CENTROID_LAT": 16.613584097348898 }, "geometry": { "type": "MultiPolygon", "coordinates": [ [ [ [ 35.3193703, 16.3491936 ], [ 35.1795731, 16.3565521 ], [ 34.7598152, 16.3375645 ], [ 34.489769, 16.3014374 ], [ 34.3458481, 16.3054352 ], [ 34.2175941, 16.0550251 ], [ 33.906086, 15.9896078 ], [ 33.8091393, 15.9646215 ], [ 33.6542244, 15.9851103 ], [ 33.531292, 16.0380821 ], [ 33.4358444, 16.1135406 ], [ 33.0397491, 16.213192 ], [ 32.8061867, 16.2539635 ], [ 32.7008591, 16.3377361 ], [ 32.7970009, 16.4379997 ], [ 32.8720016, 16.5009995 ], [ 32.993, 16.5440006 ], [ 33.0789986, 16.5209999 ], [ 33.1380005, 16.5359993 ], [ 33.2659988, 16.6580009 ], [ 33.3510017, 16.6730003 ], [ 33.4480019, 16.7049999 ], [ 33.4799995, 16.7360001 ], [ 33.5960007, 16.7619991 ], [ 33.730999, 16.9559994 ], [ 33.7290001, 17.0489998 ], [ 33.6990013, 17.1130009 ], [ 33.7529984, 17.2059994 ], [ 33.7470016, 17.2434196 ], [ 34.2782211, 17.2906399 ], [ 34.3852692, 17.3531113 ], [ 34.4130173, 17.3113956 ], [ 34.4846382, 17.2928371 ], [ 34.5136681, 17.2630939 ], [ 34.6064682, 17.2583332 ], [ 34.6661911, 17.2128868 ], [ 34.7235374, 17.1331749 ], [ 34.820858, 17.0708332 ], [ 34.8934288, 17.0655975 ], [ 34.9545822, 17.0244331 ], [ 34.943161, 16.9451962 ], [ 35.0309639, 16.8409767 ], [ 35.0335808, 16.8162308 ], [ 35.1078186, 16.7215271 ], [ 35.1658783, 16.6810761 ], [ 35.2591553, 16.5456848 ], [ 35.252491, 16.4381332 ], [ 35.3193703, 16.3491936 ] ] ] ] } },
{ "type": "Feature", "properties": { "POLYGON_ID": "SDN_GAUL2014_ADM2_37098", "ADM0_ISO3": "SDN", "ADM0_NAME": "Sudan", "ADM0_CODE": 6, "ADM1_NAME": "Sennar", "ADM1_CODE": 2762, "ADM2_NAME": "Ad Dinder", "ADM2_CODE": 37098, "GEOSET": "GAUL", "GEOSET_YEAR": 2014.0, "GEOSET_VERSION": "GAUL_v1", "GEOSET_UNIT": "ADM2", "CENTROID_LONG": 34.708170228470387, "CENTROID_LAT": 12.750899711641887 }, "geometry": { "type": "MultiPolygon", "coordinates": [ [ [ [ 35.2099724, 12.8254318 ], [ 35.3151512, 12.7743979 ], [ 35.333889, 12.7377453 ], [ 35.5548286, 12.7311564 ], [ 35.6021881, 12.7023296 ], [ 35.7071188, 12.6665642 ], [ 35.6946473, 12.6614551 ], [ 35.6920362, 12.6607907 ], [ 35.6875702, 12.6573683 ], [ 35.6893704, 12.6421894 ], [ 35.689604, 12.6402197 ], [ 35.6903307, 12.625939 ], [ 35.68818, 12.61576 ], [ 35.6875434, 12.61492 ], [ 35.6830196, 12.6089505 ], [ 35.68189, 12.60746 ], [ 35.6805168, 12.6070256 ], [ 35.67089, 12.60398 ], [ 35.6477699, 12.6039088 ], [ 35.6449081, 12.6038989 ], [ 35.4284711, 12.2479126 ], [ 35.4374409, 12.2281791 ], [ 35.4058283, 12.1866678 ], [ 35.3960934, 12.1834319 ], [ 35.3385784, 12.0827431 ], [ 35.3337013, 12.0730917 ], [ 35.30565, 12.01656 ], [ 35.30217, 12.01217 ], [ 35.270665, 11.9322277 ], [ 35.2517725, 11.9167251 ], [ 35.10958, 11.81582 ], [ 35.0547649, 11.7328154 ], [ 34.910717, 11.9646359 ], [ 34.8407593, 12.2430325 ], [ 34.8036385, 12.4138775 ], [ 34.7075081, 12.4671774 ], [ 34.6580162, 12.5142908 ], [ 34.540947, 12.529995 ], [ 34.451004, 12.5642595 ], [ 34.3106155, 12.4015045 ], [ 34.2537842, 12.457653 ], [ 34.1952744, 12.4595413 ], [ 34.1512566, 12.5209312 ], [ 34.1884422, 12.5992479 ], [ 34.1396637, 12.6339884 ], [ 34.1524124, 12.7668982 ], [ 34.1012535, 12.7997351 ], [ 34.0233765, 12.924077 ], [ 33.9829254, 12.9646654 ], [ 33.9919662, 13.0105896 ], [ 33.9500885, 13.0465193 ], [ 33.978199, 13.124157 ], [ 33.9327507, 13.1600866 ], [ 33.9642296, 13.2153578 ], [ 33.8431168, 13.2893591 ], [ 33.7733154, 13.3462906 ], [ 33.7192841, 13.3265896 ], [ 33.6649666, 13.3989134 ], [ 33.6839485, 13.4341803 ], [ 33.7566299, 13.4313097 ], [ 33.837059, 13.4661303 ], [ 34.2755089, 13.6347141 ], [ 34.3648949, 13.495018 ], [ 34.5723839, 13.2537413 ], [ 34.6589165, 13.1765394 ], [ 34.7686653, 13.1833344 ], [ 34.8201447, 13.1038532 ], [ 34.8094368, 13.0826445 ], [ 34.883564, 13.0424919 ], [ 34.9053917, 12.9786596 ], [ 34.9578972, 12.9700117 ], [ 34.975605, 12.9325361 ], [ 35.0596161, 12.9292421 ], [ 35.0804138, 12.8989725 ], [ 35.1333313, 12.9045324 ], [ 35.2099724, 12.8254318 ] ] ] ] } },
{ "type": "Feature", "properties": { "POLYGON_ID": "SDN_GAUL2014_ADM2_37099", "ADM0_ISO3": "SDN", "ADM0_NAME": "Sudan", "ADM0_CODE": 6, "ADM1_NAME": "Sennar", "ADM1_CODE": 2762, "ADM2_NAME": "Sennar", "ADM2_CODE": 37099, "GEOSET": "GAUL", "GEOSET_YEAR": 2014.0, "GEOSET_VERSION": "GAUL_v1", "GEOSET_UNIT": "ADM2", "CENTROID_LONG": 33.482679974509082, "CENTROID_LAT": 13.622792563987215 }, "geometry": { "type": "MultiPolygon", "coordinates": [ [ [ [ 33.8210297, 14.0437126 ], [ 33.9438095, 14.0008822 ], [ 33.985569, 13.997304 ], [ 34.0612755, 13.9028578 ], [ 34.0955391, 13.8214808 ], [ 34.1207619, 13.8148184 ], [ 34.1559792, 13.7462893 ], [ 34.1916695, 13.7500963 ], [ 34.2682877, 13.7191639 ], [ 34.3168297, 13.6829958 ], [ 34.2755089, 13.6347141 ], [ 33.837059, 13.4661303 ], [ 33.7566299, 13.4313097 ], [ 33.6839485, 13.4341803 ], [ 33.6649666, 13.3989134 ], [ 33.618969, 13.38381 ], [ 33.4836617, 13.2362003 ], [ 33.3539314, 13.1855297 ], [ 33.1244698, 13.0073509 ], [ 33.0759735, 13.0447855 ], [ 32.9769859, 13.2208653 ], [ 32.923687, 13.2655993 ], [ 32.9746056, 13.4055119 ], [ 32.9740677, 13.5906754 ], [ 32.9565239, 13.7086544 ], [ 32.9811363, 13.7544212 ], [ 33.0691795, 13.8015347 ], [ 33.0558548, 13.8462687 ], [ 33.0539513, 14.0832624 ], [ 33.2671509, 14.0708895 ], [ 33.3099785, 14.0347214 ], [ 33.3442421, 13.9680967 ], [ 33.3509064, 13.9138451 ], [ 33.4603615, 13.8990927 ], [ 33.4570313, 13.8396053 ], [ 33.5469742, 13.8791046 ], [ 33.6269226, 13.8919535 ], [ 33.6450081, 13.9776144 ], [ 33.6183586, 14.0213966 ], [ 33.665947, 14.0618477 ], [ 33.6739807, 14.1041508 ], [ 33.7348938, 14.0989161 ], [ 33.7429848, 14.0708389 ], [ 33.8210297, 14.0437126 ] ] ] ] } },
{ "type": "Feature", "properties": { "POLYGON_ID": "SDN_GAUL2014_ADM2_37100", "ADM0_ISO3": "SDN", "ADM0_NAME": "Sudan", "ADM0_CODE": 6, "ADM1_NAME": "Sennar", "ADM1_CODE": 2762, "ADM2_NAME": "Singa", "ADM2_CODE": 37100, "GEOSET": "GAUL", "GEOSET_YEAR": 2014.0, "GEOSET_VERSION": "GAUL_v1", "GEOSET_UNIT": "ADM2", "CENTROID_LONG": 33.631055087683677, "CENTROID_LAT": 12.6133553247221 }, "geometry": { "type": "MultiPolygon", "coordinates": [ [ [ [ 34.3106155, 12.4015045 ], [ 34.3586807, 12.3748541 ], [ 34.1069336, 12.2063885 ], [ 33.8080711, 12.1407156 ], [ 33.5948753, 12.0004692 ], [ 33.1751747, 11.7407684 ], [ 33.2568092, 12.1658125 ], [ 33.2558594, 12.2143536 ], [ 33.1897087, 12.4522991 ], [ 33.0731163, 12.6773968 ], [ 33.2058907, 12.91677 ], [ 33.1244698, 13.0073509 ], [ 33.3539314, 13.1855297 ], [ 33.4836617, 13.2362003 ], [ 33.618969, 13.38381 ], [ 33.6649666, 13.3989134 ], [ 33.7192841, 13.3265896 ], [ 33.7733154, 13.3462906 ], [ 33.8431168, 13.2893591 ], [ 33.9642296, 13.2153578 ], [ 33.9327507, 13.1600866 ], [ 33.978199, 13.124157 ], [ 33.9500885, 13.0465193 ], [ 33.9919662, 13.0105896 ], [ 33.9829254, 12.9646654 ], [ 34.0233765, 12.924077 ], [ 34.1012535, 12.7997351 ], [ 34.1524124, 12.7668982 ], [ 34.1396637, 12.6339884 ], [ 34.1884422, 12.5992479 ], [ 34.1512566, 12.5209312 ], [ 34.1952744, 12.4595413 ], [ 34.2537842, 12.457653 ], [ 34.3106155, 12.4015045 ] ] ] ] } },
{ "type": "Feature", "properties": { "POLYGON_ID": "SDN_GAUL2014_ADM2_37101", "ADM0_ISO3": "SDN", "ADM0_NAME": "Sudan", "ADM0_CODE": 6, "ADM1_NAME": "Southern Darfur", "ADM1_CODE": 2764, "ADM2_NAME": "Adayala", "ADM2_CODE": 37101, "GEOSET": "GAUL", "GEOSET_YEAR": 2014.0, "GEOSET_VERSION": "GAUL_v1", "GEOSET_UNIT": "ADM2", "CENTROID_LONG": 26.840450066938608, "CENTROID_LAT": 11.495648383424339 }, "geometry": { "type": "MultiPolygon", "coordinates": [ [ [ [ 27.2370892, 11.7202911 ], [ 27.2504158, 11.5960836 ], [ 27.2546444, 11.3970594 ], [ 27.2833252, 11.1710854 ], [ 27.3093777, 11.0661478 ], [ 27.064127, 11.0713367 ], [ 27.0119362, 11.1134911 ], [ 27.0059147, 11.1656818 ], [ 26.9195995, 11.1797333 ], [ 26.6626587, 11.2720709 ], [ 26.4438591, 11.2780933 ], [ 26.4017048, 11.3483505 ], [ 26.3996964, 11.4848499 ], [ 26.3896599, 11.5551071 ], [ 26.3583221, 11.5708313 ], [ 26.3761654, 11.7314186 ], [ 26.3465595, 11.894084 ], [ 26.6049843, 11.853322 ], [ 26.7196751, 11.7981186 ], [ 26.7667885, 11.7562399 ], [ 26.8134251, 11.7529087 ], [ 26.9343014, 11.7900286 ], [ 27.0153236, 11.7997656 ], [ 27.119545, 11.7969103 ], [ 27.1671333, 11.7835846 ], [ 27.2370892, 11.7202911 ] ] ] ] } },
{ "type": "Feature", "properties": { "POLYGON_ID": "SDN_GAUL2014_ADM2_37102", "ADM0_ISO3": "SDN", "ADM0_NAME": "Sudan", "ADM0_CODE": 6, "ADM1_NAME": "Southern Darfur", "ADM1_CODE": 2764, "ADM2_NAME": "Al Deain", "ADM2_CODE": 37102, "GEOSET": "GAUL", "GEOSET_YEAR": 2014.0, "GEOSET_VERSION": "GAUL_v1", "GEOSET_UNIT": "ADM2", "CENTROID_LONG": 26.651468931885375, "CENTROID_LAT": 10.573827312031803 }, "geometry": { "type": "MultiPolygon", "coordinates": [ [ [ [ 26.3465595, 11.894084 ], [ 26.3761654, 11.7314186 ], [ 26.3583221, 11.5708313 ], [ 26.3896599, 11.5551071 ], [ 26.3996964, 11.4848499 ], [ 26.4017048, 11.3483505 ], [ 26.4438591, 11.2780933 ], [ 26.6626587, 11.2720709 ], [ 26.9195995, 11.1797333 ], [ 27.0059147, 11.1656818 ], [ 27.0119362, 11.1134911 ], [ 27.064127, 11.0713367 ], [ 27.3093777, 11.0661478 ], [ 27.3252048, 10.9997635 ], [ 27.5417347, 10.464385 ], [ 27.6664181, 10.1588621 ], [ 27.731617, 9.9870653 ], [ 27.8141741, 9.8006374 ], [ 27.8565155, 9.7152388 ], [ 27.9000815, 9.6263396 ], [ 27.9058386, 9.6134762 ], [ 27.9072208, 9.6101589 ], [ 27.7585869, 9.6033545 ], [ 27.4582176, 9.62111 ], [ 27.1373825, 9.6242676 ], [ 27.0922756, 9.6148853 ], [ 26.9924202, 9.5938492 ], [ 26.853159, 9.5315857 ], [ 26.7039185, 9.4883347 ], [ 26.5095253, 9.529685 ], [ 26.3959312, 9.5658073 ], [ 26.3137054, 9.6366253 ], [ 26.2666512, 9.7473679 ], [ 26.211916, 9.910965 ], [ 26.1159859, 9.9949942 ], [ 26.0499191, 10.1171436 ], [ 25.985281, 10.164197 ], [ 25.931097, 10.1841593 ], [ 25.9325237, 10.375226 ], [ 25.8910656, 10.4225979 ], [ 25.9707565, 10.4977312 ], [ 25.8450184, 10.6585693 ], [ 25.8010788, 10.7274628 ], [ 25.8104286, 10.7965164 ], [ 25.6972752, 10.9345312 ], [ 25.7150993, 11.013793 ], [ 25.7042637, 11.0577621 ], [ 25.6558933, 11.1169796 ], [ 25.6686306, 11.1601887 ], [ 25.7810993, 11.1865883 ], [ 25.8297215, 11.2215958 ], [ 25.8219414, 11.3285618 ], [ 25.7927685, 11.3791275 ], [ 25.8005486, 11.4413624 ], [ 25.790823, 11.5249901 ], [ 25.8044376, 11.5794449 ], [ 25.8744526, 11.6766872 ], [ 25.8900108, 11.7155838 ], [ 25.8627834, 11.805047 ], [ 25.8233089, 11.983696 ], [ 25.9366875, 12.1084414 ], [ 25.9817181, 12.1991234 ], [ 26.0272522, 12.1678867 ], [ 26.0681782, 12.0960264 ], [ 26.1528873, 12.0750875 ], [ 26.2000008, 12.0227394 ], [ 26.2014275, 11.9175673 ], [ 26.3465595, 11.894084 ] ] ] ] } },
{ "type": "Feature", "properties": { "POLYGON_ID": "SDN_GAUL2014_ADM2_37103", "ADM0_ISO3": "SDN", "ADM0_NAME": "Sudan", "ADM0_CODE": 6, "ADM1_NAME": "Southern Darfur", "ADM1_CODE": 2764, "ADM2_NAME": "Buram", "ADM2_CODE": 37103, "GEOSET": "GAUL", "GEOSET_YEAR": 2014.0, "GEOSET_VERSION": "GAUL_v1", "GEOSET_UNIT": "ADM2", "CENTROID_LONG": 24.56010010749155, "CENTROID_LAT": 10.072878429683698 }, "geometry": { "type": "MultiPolygon", "coordinates": [ [ [ [ 25.6558933, 11.1169796 ], [ 25.7042637, 11.0577621 ], [ 25.7150993, 11.013793 ], [ 25.6972752, 10.9345312 ], [ 25.8104286, 10.7965164 ], [ 25.8010788, 10.7274628 ], [ 25.8450184, 10.6585693 ], [ 25.9707565, 10.4977312 ], [ 25.8910656, 10.4225979 ], [ 25.8132248, 10.4398651 ], [ 25.7438335, 10.4051685 ], [ 25.6256924, 10.3964119 ], [ 25.5352726, 10.3607197 ], [ 25.4629364, 10.3740444 ], [ 25.362524, 10.3540573 ], [ 25.3396797, 10.3359728 ], [ 25.2544956, 10.351202 ], [ 25.1269569, 10.3255033 ], [ 25.0736561, 10.2674446 ], [ 25.028923, 10.1736937 ], [ 25.0593796, 10.1213455 ], [ 24.9461174, 9.931941 ], [ 24.8537941, 9.8762617 ], [ 24.8238125, 9.82201 ], [ 24.7624226, 9.7634745 ], [ 24.7395802, 9.7120781 ], [ 24.7348213, 9.618804 ], [ 24.7533817, 9.5831118 ], [ 24.7391052, 9.4822226 ], [ 24.6010952, 9.3818092 ], [ 24.625843, 9.3208952 ], [ 24.565403, 9.1847897 ], [ 24.5430374, 9.0629616 ], [ 24.5792046, 8.9240007 ], [ 24.5268574, 8.8450031 ], [ 24.3836136, 8.7897997 ], [ 24.2364372, 8.6454638 ], [ 24.2233592, 8.6421508 ], [ 24.2604743, 8.6940721 ], [ 24.2532031, 8.6990416 ], [ 24.2299925, 8.6997616 ], [ 24.2103801, 8.6908207 ], [ 24.1426238, 8.6812433 ], [ 24.0518747, 8.6937488 ], [ 23.9643484, 8.6545904 ], [ 23.9466062, 8.7154837 ], [ 23.890434, 8.7194791 ], [ 23.8904087, 8.7194777 ], [ 23.847, 8.7276149 ], [ 23.7792836, 8.7067791 ], [ 23.7268766, 8.7185346 ], [ 23.7266526, 8.7187212 ], [ 23.6778674, 8.7251662 ], [ 23.6777294, 8.7251556 ], [ 23.6016979, 8.7434225 ], [ 23.5928173, 8.739168 ], [ 23.5454515, 8.7003829 ], [ 23.5135173, 8.7136241 ], [ 23.5201009, 8.727689 ], [ 23.5144237, 8.7633888 ], [ 23.5140146, 8.7641303 ], [ 23.5085654, 8.7740069 ], [ 23.5082394, 8.7745979 ], [ 23.4978335, 8.8093005 ], [ 23.5546547, 8.9043453 ], [ 23.5864945, 8.9682258 ], [ 23.5094397, 8.9495419 ], [ 23.4514087, 8.9785574 ], [ 23.4637778, 9.0688586 ], [ 23.4616667, 9.0827778 ], [ 23.4722524, 9.1306344 ], [ 23.4816604, 9.1731671 ], [ 23.5071845, 9.1761804 ], [ 23.5193305, 9.1776143 ], [ 23.6107294, 9.2304 ], [ 23.6126676, 9.2448799 ], [ 23.6502514, 9.2722894 ], [ 23.6521611, 9.2759392 ], [ 23.6537144, 9.2935752 ], [ 23.6519221, 9.2945225 ], [ 23.649881, 9.3008315 ], [ 23.6422652, 9.3153648 ], [ 23.6383856, 9.3217511 ], [ 23.6388524, 9.3786979 ], [ 23.6718085, 9.4500665 ], [ 23.6667637, 9.4567928 ], [ 23.640136, 9.4482034 ], [ 23.635859, 9.4647005 ], [ 23.6335679, 9.4735375 ], [ 23.6324216, 9.477959 ], [ 23.6473849, 9.5378375 ], [ 23.6455131, 9.5407265 ], [ 23.6327135, 9.5417631 ], [ 23.6318483, 9.5412901 ], [ 23.6305283, 9.54194 ], [ 23.6966984, 9.6714785 ], [ 23.6978164, 9.6746635 ], [ 23.698962, 9.677927 ], [ 23.6722762, 9.8996663 ], [ 23.4408546, 10.2699713 ], [ 23.5842991, 10.2922363 ], [ 24.0300922, 10.2990141 ], [ 24.0669498, 10.3494568 ], [ 24.1868534, 10.4767599 ], [ 24.3265858, 10.6721249 ], [ 24.4562836, 10.850913 ], [ 24.5368977, 10.8245211 ], [ 24.6234589, 10.889533 ], [ 24.6582012, 10.8676949 ], [ 24.7334824, 10.8862515 ], [ 24.8089943, 10.9565201 ], [ 24.8459053, 10.9555473 ], [ 24.9159622, 11.1103973 ], [ 24.9312744, 11.2107677 ], [ 24.921608, 11.241169 ], [ 24.9776421, 11.3659706 ], [ 24.9815693, 11.4475346 ], [ 25.0657368, 11.4522781 ], [ 25.2127571, 11.5183487 ], [ 25.2228756, 11.540967 ], [ 25.2990646, 11.5665617 ], [ 25.4068012, 11.5790615 ], [ 25.4585857, 11.5260868 ], [ 25.5133457, 11.3451376 ], [ 25.5496559, 11.3070431 ], [ 25.5376205, 11.1852837 ], [ 25.5667057, 11.1273928 ], [ 25.6558933, 11.1169796 ] ] ] ] } },
{ "type": "Feature", "properties": { "POLYGON_ID": "SDN_GAUL2014_ADM2_37104", "ADM0_ISO3": "SDN", "ADM0_NAME": "Sudan", "ADM0_CODE": 6, "ADM1_NAME": "Southern Darfur", "ADM1_CODE": 2764, "ADM2_NAME": "Edd al Fursan", "ADM2_CODE": 37104, "GEOSET": "GAUL", "GEOSET_YEAR": 2014.0, "GEOSET_VERSION": "GAUL_v1", "GEOSET_UNIT": "ADM2", "CENTROID_LONG": 24.187263240807102, "CENTROID_LAT": 11.533853775410392 }, "geometry": { "type": "MultiPolygon", "coordinates": [ [ [ [ 24.504734, 11.1798697 ], [ 24.473484, 11.066905 ], [ 24.4969769, 10.9958267 ], [ 24.4536419, 10.919384 ], [ 24.4562836, 10.850913 ], [ 24.3265858, 10.6721249 ], [ 24.2469692, 10.7557383 ], [ 24.2238503, 10.8093748 ], [ 24.1711388, 10.7807064 ], [ 24.0990067, 10.8010511 ], [ 24.1082535, 10.8620863 ], [ 24.173912, 10.9471655 ], [ 24.1415462, 10.9943285 ], [ 24.0962315, 11.0183735 ], [ 24.1119537, 11.1256466 ], [ 24.1683636, 11.1450672 ], [ 24.2340221, 11.189456 ], [ 24.1113606, 11.3197861 ], [ 24.043396, 11.3620338 ], [ 23.9250431, 11.302743 ], [ 23.8511353, 11.323411 ], [ 23.7699661, 11.3195848 ], [ 23.6688004, 11.3306713 ], [ 23.7460365, 11.4440384 ], [ 23.7117729, 11.6643763 ], [ 23.7336636, 11.7933426 ], [ 23.7707825, 11.8247519 ], [ 23.7614803, 11.8973522 ], [ 23.7317581, 11.9975004 ], [ 23.7477703, 12.0308323 ], [ 23.8027668, 12.0653639 ], [ 23.9067726, 12.0719471 ], [ 23.9513397, 12.0176935 ], [ 24.0350494, 12.1281576 ], [ 24.0983677, 12.1571188 ], [ 24.1447315, 12.1109486 ], [ 24.2751083, 12.0752821 ], [ 24.3218937, 12.0337381 ], [ 24.4472256, 12.0190611 ], [ 24.5111389, 11.9675446 ], [ 24.5235367, 11.8901911 ], [ 24.5792141, 11.7998838 ], [ 24.5558796, 11.7446442 ], [ 24.6205387, 11.7165279 ], [ 24.6579647, 11.6506453 ], [ 24.6366711, 11.60639 ], [ 24.5669994, 11.5536137 ], [ 24.5601673, 11.4839401 ], [ 24.6206055, 11.4444408 ], [ 24.51087, 11.2567453 ], [ 24.504734, 11.1798697 ] ] ] ] } },
{ "type": "Feature", "properties": { "POLYGON_ID": "SDN_GAUL2014_ADM2_37105", "ADM0_ISO3": "SDN", "ADM0_NAME": "Sudan", "ADM0_CODE": 6, "ADM1_NAME": "Southern Darfur", "ADM1_CODE": 2764, "ADM2_NAME": "Kas", "ADM2_CODE": 37105, "GEOSET": "GAUL", "GEOSET_YEAR": 2014.0, "GEOSET_VERSION": "GAUL_v1", "GEOSET_UNIT": "ADM2", "CENTROID_LONG": 24.097266025231384, "CENTROID_LAT": 12.511586962318892 }, "geometry": { "type": "MultiPolygon", "coordinates": [ [ [ [ 24.0983677, 12.1571188 ], [ 24.0350494, 12.1281576 ], [ 23.9513397, 12.0176935 ], [ 23.9067726, 12.0719471 ], [ 23.8027668, 12.0653639 ], [ 23.7477703, 12.0308323 ], [ 23.7016296, 12.0615931 ], [ 23.7281132, 12.1145592 ], [ 23.7353554, 12.292408 ], [ 23.7891293, 12.4486017 ], [ 23.7762909, 12.5221548 ], [ 23.7876301, 12.7760448 ], [ 23.7391586, 12.7815571 ], [ 23.6896305, 12.8420162 ], [ 23.7205982, 12.8866444 ], [ 23.7671051, 12.8847656 ], [ 23.7891674, 12.9240284 ], [ 23.8423214, 12.9126577 ], [ 24.016571, 12.8209467 ], [ 24.1445942, 12.8483686 ], [ 24.2090931, 12.9326849 ], [ 24.3832073, 12.9881029 ], [ 24.3956566, 12.9061747 ], [ 24.3839188, 12.8639212 ], [ 24.4502335, 12.8709641 ], [ 24.4672527, 12.8081703 ], [ 24.4220638, 12.7459641 ], [ 24.4197178, 12.6872778 ], [ 24.4772282, 12.6902123 ], [ 24.5318069, 12.5933809 ], [ 24.5048103, 12.5393906 ], [ 24.5378075, 12.4370813 ], [ 24.4077702, 12.4338512 ], [ 24.4448109, 12.2912045 ], [ 24.3609238, 12.2214298 ], [ 24.3835392, 12.1802378 ], [ 24.3455772, 12.1350069 ], [ 24.3124638, 12.1778145 ], [ 24.2518864, 12.1996222 ], [ 24.1388111, 12.1770067 ], [ 24.0983677, 12.1571188 ] ] ] ] } },
{ "type": "Feature", "properties": { "POLYGON_ID": "SDN_GAUL2014_ADM2_37106", "ADM0_ISO3": "SDN", "ADM0_NAME": "Sudan", "ADM0_CODE": 6, "ADM1_NAME": "Southern Darfur", "ADM1_CODE": 2764, "ADM2_NAME": "Nyala", "ADM2_CODE": 37106, "GEOSET": "GAUL", "GEOSET_YEAR": 2014.0, "GEOSET_VERSION": "GAUL_v1", "GEOSET_UNIT": "ADM2", "CENTROID_LONG": 24.952918751183439, "CENTROID_LAT": 12.057850993564074 }, "geometry": { "type": "MultiPolygon", "coordinates": [ [ [ [ 24.4620171, 13.1235037 ], [ 24.6205139, 13.1001596 ], [ 24.6871395, 13.1120567 ], [ 24.7570953, 13.0958767 ], [ 24.880827, 12.9987946 ], [ 24.9507828, 12.9883251 ], [ 25.0036068, 12.9416876 ], [ 25.0954552, 12.9397841 ], [ 25.1547832, 12.9615126 ], [ 25.1808739, 12.8503313 ], [ 25.1439686, 12.6953287 ], [ 25.1698036, 12.6104469 ], [ 25.0904579, 12.5421724 ], [ 25.0627785, 12.4905052 ], [ 25.0738487, 12.4019327 ], [ 24.9871216, 12.2469311 ], [ 24.9804192, 12.2028532 ], [ 25.0474567, 12.1463146 ], [ 25.1072254, 12.0073929 ], [ 25.3390312, 11.9912395 ], [ 25.4932995, 11.937932 ], [ 25.570837, 11.862009 ], [ 25.7186432, 11.8143559 ], [ 25.8627834, 11.805047 ], [ 25.8900108, 11.7155838 ], [ 25.8744526, 11.6766872 ], [ 25.8044376, 11.5794449 ], [ 25.790823, 11.5249901 ], [ 25.8005486, 11.4413624 ], [ 25.7927685, 11.3791275 ], [ 25.8219414, 11.3285618 ], [ 25.8297215, 11.2215958 ], [ 25.7810993, 11.1865883 ], [ 25.6686306, 11.1601887 ], [ 25.6558933, 11.1169796 ], [ 25.5667057, 11.1273928 ], [ 25.5376205, 11.1852837 ], [ 25.5496559, 11.3070431 ], [ 25.5133457, 11.3451376 ], [ 25.4585857, 11.5260868 ], [ 25.4068012, 11.5790615 ], [ 25.2990646, 11.5665617 ], [ 25.2228756, 11.540967 ], [ 25.2127571, 11.5183487 ], [ 25.0657368, 11.4522781 ], [ 24.9815693, 11.4475346 ], [ 24.9776421, 11.3659706 ], [ 24.921608, 11.241169 ], [ 24.9044304, 11.1933546 ], [ 24.7722893, 11.1933546 ], [ 24.7121716, 11.182641 ], [ 24.5508652, 11.1868076 ], [ 24.504734, 11.1798697 ], [ 24.51087, 11.2567453 ], [ 24.6206055, 11.4444408 ], [ 24.5601673, 11.4839401 ], [ 24.5669994, 11.5536137 ], [ 24.6366711, 11.60639 ], [ 24.6579647, 11.6506453 ], [ 24.6205387, 11.7165279 ], [ 24.5558796, 11.7446442 ], [ 24.5792141, 11.7998838 ], [ 24.5235367, 11.8901911 ], [ 24.5111389, 11.9675446 ], [ 24.4472256, 12.0190611 ], [ 24.3218937, 12.0337381 ], [ 24.2751083, 12.0752821 ], [ 24.1447315, 12.1109486 ], [ 24.0983677, 12.1571188 ], [ 24.1388111, 12.1770067 ], [ 24.2518864, 12.1996222 ], [ 24.3124638, 12.1778145 ], [ 24.3455772, 12.1350069 ], [ 24.3835392, 12.1802378 ], [ 24.3609238, 12.2214298 ], [ 24.4448109, 12.2912045 ], [ 24.4077702, 12.4338512 ], [ 24.5378075, 12.4370813 ], [ 24.5048103, 12.5393906 ], [ 24.5318069, 12.5933809 ], [ 24.4772282, 12.6902123 ], [ 24.4197178, 12.6872778 ], [ 24.4220638, 12.7459641 ], [ 24.4672527, 12.8081703 ], [ 24.4502335, 12.8709641 ], [ 24.3839188, 12.8639212 ], [ 24.3956566, 12.9061747 ], [ 24.3832073, 12.9881029 ], [ 24.3708839, 13.028759 ], [ 24.3980083, 13.1148958 ], [ 24.4620171, 13.1235037 ] ] ] ] } },
{ "type": "Feature", "properties": { "POLYGON_ID": "SDN_GAUL2014_ADM2_37107", "ADM0_ISO3": "SDN", "ADM0_NAME": "Sudan", "ADM0_CODE": 6, "ADM1_NAME": "Southern Darfur", "ADM1_CODE": 2764, "ADM2_NAME": "Rehed Al Birdi", "ADM2_CODE": 37107, "GEOSET": "GAUL", "GEOSET_YEAR": 2014.0, "GEOSET_VERSION": "GAUL_v1", "GEOSET_UNIT": "ADM2", "CENTROID_LONG": 23.730286634569648, "CENTROID_LAT": 10.778206759339284 }, "geometry": { "type": "MultiPolygon", "coordinates": [ [ [ [ 24.3265858, 10.6721249 ], [ 24.1868534, 10.4767599 ], [ 24.0669498, 10.3494568 ], [ 24.0300922, 10.2990141 ], [ 23.5842991, 10.2922363 ], [ 23.4408546, 10.2699713 ], [ 23.3166007, 10.466008 ], [ 23.3066541, 10.4727219 ], [ 23.1506663, 10.5937706 ], [ 23.1322339, 10.6289848 ], [ 23.1178897, 10.6465166 ], [ 23.0972304, 10.6577834 ], [ 23.0879411, 10.6611727 ], [ 23.0454858, 10.6928952 ], [ 23.4904823, 11.1723032 ], [ 23.5861359, 11.2294102 ], [ 23.6688004, 11.3306713 ], [ 23.7699661, 11.3195848 ], [ 23.8511353, 11.323411 ], [ 23.9250431, 11.302743 ], [ 24.043396, 11.3620338 ], [ 24.1113606, 11.3197861 ], [ 24.2340221, 11.189456 ], [ 24.1683636, 11.1450672 ], [ 24.1119537, 11.1256466 ], [ 24.0962315, 11.0183735 ], [ 24.1415462, 10.9943285 ], [ 24.173912, 10.9471655 ], [ 24.1082535, 10.8620863 ], [ 24.0990067, 10.8010511 ], [ 24.1711388, 10.7807064 ], [ 24.2238503, 10.8093748 ], [ 24.2469692, 10.7557383 ], [ 24.3265858, 10.6721249 ] ] ] ] } },
{ "type": "Feature", "properties": { "POLYGON_ID": "SDN_GAUL2014_ADM2_37108", "ADM0_ISO3": "SDN", "ADM0_NAME": "Sudan", "ADM0_CODE": 6, "ADM1_NAME": "Southern Darfur", "ADM1_CODE": 2764, "ADM2_NAME": "Shearia", "ADM2_CODE": 37108, "GEOSET": "GAUL", "GEOSET_YEAR": 2014.0, "GEOSET_VERSION": "GAUL_v1", "GEOSET_UNIT": "ADM2", "CENTROID_LONG": 25.512944962352474, "CENTROID_LAT": 12.394852627188628 }, "geometry": { "type": "MultiPolygon", "coordinates": [ [ [ [ 26.0740452, 12.4877386 ], [ 26.0838833, 12.4101162 ], [ 26.0025043, 12.4124956 ], [ 25.9696693, 12.3877487 ], [ 25.8787727, 12.3634787 ], [ 25.9439697, 12.2787695 ], [ 25.9525356, 12.2226143 ], [ 25.9817181, 12.1991234 ], [ 25.9366875, 12.1084414 ], [ 25.8233089, 11.983696 ], [ 25.8627834, 11.805047 ], [ 25.7186432, 11.8143559 ], [ 25.570837, 11.862009 ], [ 25.4932995, 11.937932 ], [ 25.3390312, 11.9912395 ], [ 25.1072254, 12.0073929 ], [ 25.0474567, 12.1463146 ], [ 24.9804192, 12.2028532 ], [ 24.9871216, 12.2469311 ], [ 25.0738487, 12.4019327 ], [ 25.0627785, 12.4905052 ], [ 25.0904579, 12.5421724 ], [ 25.1698036, 12.6104469 ], [ 25.1439686, 12.6953287 ], [ 25.1808739, 12.8503313 ], [ 25.1547832, 12.9615126 ], [ 25.2096691, 12.9826145 ], [ 25.2653484, 12.9573917 ], [ 25.3643341, 12.9716682 ], [ 25.4190617, 12.9578676 ], [ 25.4856853, 12.97262 ], [ 25.5656357, 12.9569159 ], [ 25.5675392, 12.8660202 ], [ 25.6974583, 12.8041544 ], [ 25.7621803, 12.7617998 ], [ 25.8154793, 12.7637033 ], [ 25.8554535, 12.736578 ], [ 25.9396877, 12.6304541 ], [ 26.0740452, 12.4877386 ] ] ] ] } },
{ "type": "Feature", "properties": { "POLYGON_ID": "SDN_GAUL2014_ADM2_37109", "ADM0_ISO3": "SDN", "ADM0_NAME": "Sudan", "ADM0_CODE": 6, "ADM1_NAME": "Southern Darfur", "ADM1_CODE": 2764, "ADM2_NAME": "Tulus", "ADM2_CODE": 37109, "GEOSET": "GAUL", "GEOSET_YEAR": 2014.0, "GEOSET_VERSION": "GAUL_v1", "GEOSET_UNIT": "ADM2", "CENTROID_LONG": 24.672718138857739, "CENTROID_LAT": 11.036968098970268 }, "geometry": { "type": "MultiPolygon", "coordinates": [ [ [ [ 24.4562836, 10.850913 ], [ 24.4536419, 10.919384 ], [ 24.4969769, 10.9958267 ], [ 24.473484, 11.066905 ], [ 24.504734, 11.1798697 ], [ 24.5508652, 11.1868076 ], [ 24.7121716, 11.182641 ], [ 24.7722893, 11.1933546 ], [ 24.9044304, 11.1933546 ], [ 24.921608, 11.241169 ], [ 24.9312744, 11.2107677 ], [ 24.9159622, 11.1103973 ], [ 24.8459053, 10.9555473 ], [ 24.8089943, 10.9565201 ], [ 24.7334824, 10.8862515 ], [ 24.6582012, 10.8676949 ], [ 24.6234589, 10.889533 ], [ 24.5368977, 10.8245211 ], [ 24.4562836, 10.850913 ] ] ] ] } },
{ "type": "Feature", "properties": { "POLYGON_ID": "SDN_GAUL2014_ADM2_37134", "ADM0_ISO3": "SDN", "ADM0_NAME": "Sudan", "ADM0_CODE": 6, "ADM1_NAME": "Western Darfur", "ADM1_CODE": 2769, "ADM2_NAME": "Al Geneina", "ADM2_CODE": 37134, "GEOSET": "GAUL", "GEOSET_YEAR": 2014.0, "GEOSET_VERSION": "GAUL_v1", "GEOSET_UNIT": "ADM2", "CENTROID_LONG": 22.659223658587603, "CENTROID_LAT": 13.340111890717409 }, "geometry": { "type": "MultiPolygon", "coordinates": [ [ [ [ 23.2656765, 13.4492292 ], [ 23.2020397, 13.4150572 ], [ 23.185976, 13.2946062 ], [ 23.0810623, 13.2559032 ], [ 23.0337029, 13.2526445 ], [ 23.0373592, 13.2014341 ], [ 22.9510498, 13.1008005 ], [ 22.9741783, 13.0597897 ], [ 22.9424667, 13.0295095 ], [ 22.8964329, 12.936059 ], [ 22.7870083, 12.8866873 ], [ 22.7219162, 12.8144417 ], [ 22.6826324, 12.7909756 ], [ 22.5680866, 12.8346291 ], [ 22.5030422, 12.9420347 ], [ 22.498436, 12.9838171 ], [ 22.4369583, 12.9645319 ], [ 22.28862, 12.9617186 ], [ 22.2271042, 12.969101 ], [ 22.1311417, 12.9227009 ], [ 21.9037113, 12.950119 ], [ 21.8889491, 12.9617179 ], [ 21.9713015, 13.0733756 ], [ 22.007418, 13.13983 ], [ 22.0688161, 13.1437305 ], [ 22.135415, 13.1710346 ], [ 22.1812107, 13.2487574 ], [ 22.2904271, 13.3537842 ], [ 22.2816002, 13.3910384 ], [ 22.2176162, 13.4669011 ], [ 22.2143892, 13.5082389 ], [ 22.2251284, 13.5486689 ], [ 22.1670531, 13.5944647 ], [ 22.1147563, 13.6833113 ], [ 22.1237539, 13.7357979 ], [ 22.0819157, 13.7901867 ], [ 22.1516895, 13.7873344 ], [ 22.3210182, 13.6774473 ], [ 22.4225235, 13.6656513 ], [ 22.5347385, 13.6184692 ], [ 22.615757, 13.6175375 ], [ 22.6876163, 13.6760502 ], [ 22.7462864, 13.7454281 ], [ 22.9025784, 13.7728987 ], [ 22.9938393, 13.7764692 ], [ 23.0649242, 13.7974224 ], [ 23.1177273, 13.7874985 ], [ 23.1491451, 13.892643 ], [ 23.2286167, 13.9683504 ], [ 23.2216568, 13.8201876 ], [ 23.239502, 13.7397614 ], [ 23.2875671, 13.6562424 ], [ 23.3308735, 13.629117 ], [ 23.2618694, 13.5893793 ], [ 23.2656765, 13.4492292 ] ] ] ] } },
{ "type": "Feature", "properties": { "POLYGON_ID": "SDN_GAUL2014_ADM2_37135", "ADM0_ISO3": "SDN", "ADM0_NAME": "Sudan", "ADM0_CODE": 6, "ADM1_NAME": "Western Darfur", "ADM1_CODE": 2769, "ADM2_NAME": "Habillah", "ADM2_CODE": 37135, "GEOSET": "GAUL", "GEOSET_YEAR": 2014.0, "GEOSET_VERSION": "GAUL_v1", "GEOSET_UNIT": "ADM2", "CENTROID_LONG": 22.366390529166626, "CENTROID_LAT": 12.630752934456138 }, "geometry": { "type": "MultiPolygon", "coordinates": [ [ [ [ 22.6826324, 12.7909756 ], [ 22.6661034, 12.7352257 ], [ 22.6161079, 12.6931419 ], [ 22.638773, 12.6174946 ], [ 22.6953411, 12.4738274 ], [ 22.69273, 12.3907108 ], [ 22.7251015, 12.3242197 ], [ 22.724226, 12.2559786 ], [ 22.5970096, 12.065987 ], [ 22.4778399, 12.0324344 ], [ 22.4947141, 12.1499555 ], [ 22.473225, 12.238262 ], [ 22.4487656, 12.2645673 ], [ 22.4193872, 12.3957583 ], [ 22.3716012, 12.4314194 ], [ 22.4448541, 12.59466 ], [ 22.4585409, 12.6333742 ], [ 22.3097945, 12.6891244 ], [ 22.1944982, 12.7557875 ], [ 22.1954471, 12.7109501 ], [ 22.1510842, 12.6737041 ], [ 21.9469899, 12.6238831 ], [ 21.862663, 12.7260791 ], [ 21.8609294, 12.7616178 ], [ 21.815038, 12.8081922 ], [ 21.8418599, 12.8315394 ], [ 21.8889491, 12.9617179 ], [ 21.9037113, 12.950119 ], [ 22.1311417, 12.9227009 ], [ 22.2271042, 12.969101 ], [ 22.28862, 12.9617186 ], [ 22.4369583, 12.9645319 ], [ 22.498436, 12.9838171 ], [ 22.5030422, 12.9420347 ], [ 22.5680866, 12.8346291 ], [ 22.6826324, 12.7909756 ] ] ] ] } },
{ "type": "Feature", "properties": { "POLYGON_ID": "SDN_GAUL2014_ADM2_37136", "ADM0_ISO3": "SDN", "ADM0_NAME": "Sudan", "ADM0_CODE": 6, "ADM1_NAME": "Western Darfur", "ADM1_CODE": 2769, "ADM2_NAME": "Jebel Marra", "ADM2_CODE": 37136, "GEOSET": "GAUL", "GEOSET_YEAR": 2014.0, "GEOSET_VERSION": "GAUL_v1", "GEOSET_UNIT": "ADM2", "CENTROID_LONG": 24.162834549558628, "CENTROID_LAT": 13.146473005762017 }, "geometry": { "type": "MultiPolygon", "coordinates": [ [ [ [ 24.4620171, 13.1235037 ], [ 24.3980083, 13.1148958 ], [ 24.3708839, 13.028759 ], [ 24.3832073, 12.9881029 ], [ 24.2090931, 12.9326849 ], [ 24.1445942, 12.8483686 ], [ 24.016571, 12.8209467 ], [ 23.8423214, 12.9126577 ], [ 23.7891674, 12.9240284 ], [ 23.8032761, 12.9810791 ], [ 23.7015896, 13.0239487 ], [ 23.6533337, 13.0695114 ], [ 23.6676235, 13.105547 ], [ 23.7703457, 13.1003704 ], [ 23.8319435, 13.1758718 ], [ 23.8344269, 13.3730898 ], [ 24.0117531, 13.3692265 ], [ 24.0379257, 13.3092642 ], [ 24.101696, 13.2416878 ], [ 24.1316776, 13.273572 ], [ 24.2496986, 13.2678614 ], [ 24.2692108, 13.3544741 ], [ 24.4700356, 13.4187193 ], [ 24.5816841, 13.4201193 ], [ 24.6857109, 13.4313803 ], [ 24.718071, 13.3914051 ], [ 24.6443081, 13.2529211 ], [ 24.5629311, 13.2072353 ], [ 24.4620171, 13.1235037 ] ] ] ] } },
{ "type": "Feature", "properties": { "POLYGON_ID": "SDN_GAUL2014_ADM2_37137", "ADM0_ISO3": "SDN", "ADM0_NAME": "Sudan", "ADM0_CODE": 6, "ADM1_NAME": "Western Darfur", "ADM1_CODE": 2769, "ADM2_NAME": "Kulbus", "ADM2_CODE": 37137, "GEOSET": "GAUL", "GEOSET_YEAR": 2014.0, "GEOSET_VERSION": "GAUL_v1", "GEOSET_UNIT": "ADM2", "CENTROID_LONG": 22.731690317214809, "CENTROID_LAT": 14.156275317081102 }, "geometry": { "type": "MultiPolygon", "coordinates": [ [ [ [ 23.1476669, 14.3560181 ], [ 23.1552696, 14.3417654 ], [ 23.112915, 14.2101812 ], [ 23.1685944, 14.150219 ], [ 23.2333145, 14.158309 ], [ 23.268055, 14.1271381 ], [ 23.2587757, 14.0274382 ], [ 23.2286167, 13.9683504 ], [ 23.1491451, 13.892643 ], [ 23.1177273, 13.7874985 ], [ 23.0649242, 13.7974224 ], [ 22.9938393, 13.7764692 ], [ 22.9025784, 13.7728987 ], [ 22.7462864, 13.7454281 ], [ 22.6876163, 13.6760502 ], [ 22.615757, 13.6175375 ], [ 22.5347385, 13.6184692 ], [ 22.4225235, 13.6656513 ], [ 22.3210182, 13.6774473 ], [ 22.1516895, 13.7873344 ], [ 22.0819157, 13.7901867 ], [ 22.197082, 13.9166595 ], [ 22.2278355, 13.95323 ], [ 22.2945912, 13.9645371 ], [ 22.3523525, 14.0206834 ], [ 22.3949384, 14.0539442 ], [ 22.4405851, 14.0528125 ], [ 22.4675638, 14.0843445 ], [ 22.5348964, 14.1101537 ], [ 22.56828, 14.1842855 ], [ 22.5401778, 14.2372854 ], [ 22.4654833, 14.2416237 ], [ 22.4257926, 14.3010851 ], [ 22.4566878, 14.3311898 ], [ 22.4349115, 14.4270147 ], [ 22.43862, 14.4537612 ], [ 22.4427538, 14.4835746 ], [ 22.3938115, 14.5203094 ], [ 22.406215, 14.5860499 ], [ 22.4777371, 14.6309193 ], [ 22.5785363, 14.6463357 ], [ 22.7110577, 14.6937706 ], [ 22.7116506, 14.7248998 ], [ 22.6624541, 14.845448 ], [ 22.6777573, 14.8745101 ], [ 22.7600244, 14.9070355 ], [ 22.7629524, 14.9801584 ], [ 22.873064, 14.8871374 ], [ 22.8259506, 14.6163549 ], [ 22.8247623, 14.5590105 ], [ 22.9087563, 14.5068998 ], [ 23.0172596, 14.5540133 ], [ 23.0774612, 14.4864368 ], [ 23.1476669, 14.3560181 ] ] ] ] } },
{ "type": "Feature", "properties": { "POLYGON_ID": "SDN_GAUL2014_ADM2_37138", "ADM0_ISO3": "SDN", "ADM0_NAME": "Sudan", "ADM0_CODE": 6, "ADM1_NAME": "Western Darfur", "ADM1_CODE": 2769, "ADM2_NAME": "Mukjar", "ADM2_CODE": 37138, "GEOSET": "GAUL", "GEOSET_YEAR": 2014.0, "GEOSET_VERSION": "GAUL_v1", "GEOSET_UNIT": "ADM2", "CENTROID_LONG": 23.329692729945862, "CENTROID_LAT": 11.562165243128488 }, "geometry": { "type": "MultiPolygon", "coordinates": [ [ [ [ 23.7353554, 12.292408 ], [ 23.7281132, 12.1145592 ], [ 23.7016296, 12.0615931 ], [ 23.7477703, 12.0308323 ], [ 23.7317581, 11.9975004 ], [ 23.7614803, 11.8973522 ], [ 23.7707825, 11.8247519 ], [ 23.7336636, 11.7933426 ], [ 23.7117729, 11.6643763 ], [ 23.7460365, 11.4440384 ], [ 23.6688004, 11.3306713 ], [ 23.5861359, 11.2294102 ], [ 23.4904823, 11.1723032 ], [ 23.0454858, 10.6928952 ], [ 23.0029306, 10.7172063 ], [ 23.0009636, 10.7223413 ], [ 22.981236, 10.7673294 ], [ 22.977229, 10.7691994 ], [ 22.9338328, 10.8293176 ], [ 22.9316646, 10.8333071 ], [ 22.9209902, 10.8566919 ], [ 22.9201149, 10.8613967 ], [ 22.9197889, 10.8629843 ], [ 22.9194241, 10.8639359 ], [ 22.8799813, 10.909641 ], [ 22.8792377, 10.9101755 ], [ 22.8755099, 10.931368 ], [ 22.9306047, 11.0995253 ], [ 22.9882455, 11.2212656 ], [ 22.9790331, 11.3023354 ], [ 22.9342868, 11.3186546 ], [ 22.94192, 11.4247296 ], [ 22.7876769, 11.4052518 ], [ 22.7688947, 11.4607269 ], [ 22.7941914, 11.5381613 ], [ 22.8378124, 11.5817814 ], [ 22.911808, 11.5794439 ], [ 23.1010838, 11.6183901 ], [ 23.116663, 11.7399015 ], [ 23.069149, 11.756258 ], [ 23.0932961, 11.889452 ], [ 23.1447048, 11.9502077 ], [ 23.217144, 11.99928 ], [ 23.2672024, 12.1631651 ], [ 23.296011, 12.1753149 ], [ 23.353651, 12.2695637 ], [ 23.4697094, 12.2859211 ], [ 23.4922981, 12.3614759 ], [ 23.5583878, 12.3676901 ], [ 23.6262722, 12.3482342 ], [ 23.6846905, 12.3053942 ], [ 23.7353554, 12.292408 ] ] ] ] } },
{ "type": "Feature", "properties": { "POLYGON_ID": "SDN_GAUL2014_ADM2_37139", "ADM0_ISO3": "SDN", "ADM0_NAME": "Sudan", "ADM0_CODE": 6, "ADM1_NAME": "Western Darfur", "ADM1_CODE": 2769, "ADM2_NAME": "Wadi Salih", "ADM2_CODE": 37139, "GEOSET": "GAUL", "GEOSET_YEAR": 2014.0, "GEOSET_VERSION": "GAUL_v1", "GEOSET_UNIT": "ADM2", "CENTROID_LONG": 23.026689566255133, "CENTROID_LAT": 12.172180978234687 }, "geometry": { "type": "MultiPolygon", "coordinates": [ [ [ [ 23.7762909, 12.5221548 ], [ 23.7891293, 12.4486017 ], [ 23.7353554, 12.292408 ], [ 23.6846905, 12.3053942 ], [ 23.6262722, 12.3482342 ], [ 23.5583878, 12.3676901 ], [ 23.4922981, 12.3614759 ], [ 23.4697094, 12.2859211 ], [ 23.353651, 12.2695637 ], [ 23.296011, 12.1753149 ], [ 23.2672024, 12.1631651 ], [ 23.217144, 11.99928 ], [ 23.1447048, 11.9502077 ], [ 23.0932961, 11.889452 ], [ 23.069149, 11.756258 ], [ 23.116663, 11.7399015 ], [ 23.1010838, 11.6183901 ], [ 22.911808, 11.5794439 ], [ 22.8378124, 11.5817814 ], [ 22.7941914, 11.5381613 ], [ 22.7688947, 11.4607269 ], [ 22.7400353, 11.4884272 ], [ 22.6600184, 11.5147486 ], [ 22.6084286, 11.5618638 ], [ 22.5618398, 11.6305625 ], [ 22.5639817, 11.7472024 ], [ 22.5828969, 11.8513985 ], [ 22.6342874, 12.0550477 ], [ 22.5970096, 12.065987 ], [ 22.724226, 12.2559786 ], [ 22.7251015, 12.3242197 ], [ 22.69273, 12.3907108 ], [ 22.6953411, 12.4738274 ], [ 22.638773, 12.6174946 ], [ 22.7268505, 12.6390715 ], [ 22.7600956, 12.620698 ], [ 22.9062023, 12.5979509 ], [ 22.9341984, 12.620698 ], [ 23.0645561, 12.613699 ], [ 23.1937351, 12.6679478 ], [ 23.264082, 12.6531258 ], [ 23.3328075, 12.6620092 ], [ 23.3797474, 12.6438847 ], [ 23.4638958, 12.6462412 ], [ 23.550333, 12.555069 ], [ 23.6154556, 12.5278349 ], [ 23.7762909, 12.5221548 ] ] ] ] } },
{ "type": "Feature", "properties": { "POLYGON_ID": "SDN_GAUL2014_ADM2_37140", "ADM0_ISO3": "SDN", "ADM0_NAME": "Sudan", "ADM0_CODE": 6, "ADM1_NAME": "Western Darfur", "ADM1_CODE": 2769, "ADM2_NAME": "Zallingi", "ADM2_CODE": 37140, "GEOSET": "GAUL", "GEOSET_YEAR": 2014.0, "GEOSET_VERSION": "GAUL_v1", "GEOSET_UNIT": "ADM2", "CENTROID_LONG": 23.341728701947716, "CENTROID_LAT": 12.992401110384654 }, "geometry": { "type": "MultiPolygon", "coordinates": [ [ [ [ 23.8344269, 13.3730898 ], [ 23.8319435, 13.1758718 ], [ 23.7703457, 13.1003704 ], [ 23.6676235, 13.105547 ], [ 23.6533337, 13.0695114 ], [ 23.7015896, 13.0239487 ], [ 23.8032761, 12.9810791 ], [ 23.7891674, 12.9240284 ], [ 23.7671051, 12.8847656 ], [ 23.7205982, 12.8866444 ], [ 23.6896305, 12.8420162 ], [ 23.7391586, 12.7815571 ], [ 23.7876301, 12.7760448 ], [ 23.7762909, 12.5221548 ], [ 23.6154556, 12.5278349 ], [ 23.550333, 12.555069 ], [ 23.4638958, 12.6462412 ], [ 23.3797474, 12.6438847 ], [ 23.3328075, 12.6620092 ], [ 23.264082, 12.6531258 ], [ 23.1937351, 12.6679478 ], [ 23.0645561, 12.613699 ], [ 22.9341984, 12.620698 ], [ 22.9062023, 12.5979509 ], [ 22.7600956, 12.620698 ], [ 22.7268505, 12.6390715 ], [ 22.638773, 12.6174946 ], [ 22.6161079, 12.6931419 ], [ 22.6661034, 12.7352257 ], [ 22.6826324, 12.7909756 ], [ 22.7219162, 12.8144417 ], [ 22.7870083, 12.8866873 ], [ 22.8964329, 12.936059 ], [ 22.9424667, 13.0295095 ], [ 22.9741783, 13.0597897 ], [ 22.9510498, 13.1008005 ], [ 23.0373592, 13.2014341 ], [ 23.0337029, 13.2526445 ], [ 23.0810623, 13.2559032 ], [ 23.185976, 13.2946062 ], [ 23.2020397, 13.4150572 ], [ 23.2656765, 13.4492292 ], [ 23.3406296, 13.4687414 ], [ 23.4179611, 13.5232306 ], [ 23.4398518, 13.5567808 ], [ 23.4910107, 13.5603504 ], [ 23.5924912, 13.4996214 ], [ 23.6733933, 13.5058079 ], [ 23.6462669, 13.4006357 ], [ 23.6924286, 13.3796959 ], [ 23.7205067, 13.4053946 ], [ 23.715271, 13.4758263 ], [ 23.7709503, 13.4434652 ], [ 23.7838001, 13.391593 ], [ 23.8344269, 13.3730898 ] ] ] ] } },
{ "type": "Feature", "properties": { "POLYGON_ID": "SDN_GAUL2014_ADM2_37150", "ADM0_ISO3": "SDN", "ADM0_NAME": "Sudan", "ADM0_CODE": 6, "ADM1_NAME": "White Nile", "ADM1_CODE": 2770, "ADM2_NAME": "Ad Douiem", "ADM2_CODE": 37150, "GEOSET": "GAUL", "GEOSET_YEAR": 2014.0, "GEOSET_VERSION": "GAUL_v1", "GEOSET_UNIT": "ADM2", "CENTROID_LONG": 31.99566852597021, "CENTROID_LAT": 14.17559840255984 }, "geometry": { "type": "MultiPolygon", "coordinates": [ [ [ [ 32.6403618, 13.5720072 ], [ 32.5390015, 13.6120996 ], [ 32.4891396, 13.6146202 ], [ 32.3934898, 13.6454096 ], [ 32.3741989, 13.6852798 ], [ 32.3275909, 13.6914902 ], [ 32.2849884, 13.6384697 ], [ 32.2615891, 13.5635004 ], [ 32.2560616, 13.4537001 ], [ 32.0606575, 13.4580975 ], [ 31.8693466, 13.6327496 ], [ 31.8312778, 13.722683 ], [ 31.7532291, 13.9087677 ], [ 31.5766735, 14.0334511 ], [ 31.5443382, 14.1346588 ], [ 31.5281334, 14.1857367 ], [ 31.5233746, 14.3151798 ], [ 31.6009445, 14.5069637 ], [ 31.8855267, 14.7477655 ], [ 31.9312134, 14.9343147 ], [ 32.0347137, 14.9488878 ], [ 32.0556412, 14.93221 ], [ 32.2080994, 14.9044399 ], [ 32.2747002, 14.9070501 ], [ 32.3377495, 14.88694 ], [ 32.337841, 14.8509798 ], [ 32.2983437, 14.7995834 ], [ 32.2371292, 14.7718706 ], [ 32.1976318, 14.7169046 ], [ 32.1838455, 14.6288939 ], [ 32.212635, 14.5570345 ], [ 32.1993103, 14.4678049 ], [ 32.1708984, 14.4093819 ], [ 32.205162, 14.3077784 ], [ 32.2364311, 14.173398 ], [ 32.2604637, 14.1281881 ], [ 32.3437462, 14.0480003 ], [ 32.328167, 13.9637527 ], [ 32.3439827, 13.8985558 ], [ 32.3937149, 13.8333588 ], [ 32.4825478, 13.7716484 ], [ 32.5137215, 13.6788492 ], [ 32.5647964, 13.615737 ], [ 32.6403618, 13.5720072 ] ] ] ] } },
{ "type": "Feature", "properties": { "POLYGON_ID": "SDN_GAUL2014_ADM2_37151", "ADM0_ISO3": "SDN", "ADM0_NAME": "Sudan", "ADM0_CODE": 6, "ADM1_NAME": "White Nile", "ADM1_CODE": 2770, "ADM2_NAME": "Al Gutaina", "ADM2_CODE": 37151, "GEOSET": "GAUL", "GEOSET_YEAR": 2014.0, "GEOSET_VERSION": "GAUL_v1", "GEOSET_UNIT": "ADM2", "CENTROID_LONG": 32.4852792660242, "CENTROID_LAT": 14.50424495290858 }, "geometry": { "type": "MultiPolygon", "coordinates": [ [ [ [ 32.7674637, 15.0459929 ], [ 32.7693672, 14.9893608 ], [ 32.7422409, 14.9570007 ], [ 32.6832275, 15.0193424 ], [ 32.6104164, 14.9903135 ], [ 32.7041702, 14.9313021 ], [ 32.7241554, 14.8751469 ], [ 32.8069611, 14.8399315 ], [ 32.8545494, 14.8594427 ], [ 32.8816757, 14.8275576 ], [ 32.8914032, 14.7661524 ], [ 32.8369408, 14.809474 ], [ 32.7669868, 14.7518911 ], [ 32.7631798, 14.6881218 ], [ 32.8088646, 14.6557608 ], [ 32.8050575, 14.597702 ], [ 32.7041702, 14.6000814 ], [ 32.5780563, 14.5463057 ], [ 32.4719315, 14.5729551 ], [ 32.4300537, 14.5220356 ], [ 32.4338608, 14.4872952 ], [ 32.5257072, 14.4168625 ], [ 32.5652084, 14.4644518 ], [ 32.6265984, 14.4449406 ], [ 32.5771065, 14.3959236 ], [ 32.5666351, 14.2498245 ], [ 32.4976311, 14.2488728 ], [ 32.5542641, 14.1617851 ], [ 32.538559, 14.093256 ], [ 32.5818634, 14.0133066 ], [ 32.5537872, 13.9538202 ], [ 32.6180305, 13.9119415 ], [ 32.6737099, 13.9162245 ], [ 32.6732368, 13.865304 ], [ 32.7355766, 13.7482347 ], [ 32.693222, 13.6996937 ], [ 32.7336731, 13.613081 ], [ 32.7917328, 13.6402073 ], [ 32.7798347, 13.7425241 ], [ 32.8136253, 13.7786913 ], [ 32.8493156, 13.9557238 ], [ 32.9030914, 13.8486481 ], [ 32.9211769, 13.7353849 ], [ 32.9565239, 13.7086544 ], [ 32.9740677, 13.5906754 ], [ 32.7832298, 13.5829296 ], [ 32.6732712, 13.5883799 ], [ 32.6403618, 13.5720072 ], [ 32.5647964, 13.615737 ], [ 32.5137215, 13.6788492 ], [ 32.4825478, 13.7716484 ], [ 32.3937149, 13.8333588 ], [ 32.3439827, 13.8985558 ], [ 32.328167, 13.9637527 ], [ 32.3437462, 14.0480003 ], [ 32.2604637, 14.1281881 ], [ 32.2364311, 14.173398 ], [ 32.205162, 14.3077784 ], [ 32.1708984, 14.4093819 ], [ 32.1993103, 14.4678049 ], [ 32.212635, 14.5570345 ], [ 32.1838455, 14.6288939 ], [ 32.1976318, 14.7169046 ], [ 32.2371292, 14.7718706 ], [ 32.2983437, 14.7995834 ], [ 32.337841, 14.8509798 ], [ 32.3377495, 14.88694 ], [ 32.2747002, 14.9070501 ], [ 32.2080994, 14.9044399 ], [ 32.0556412, 14.93221 ], [ 32.0347137, 14.9488878 ], [ 32.042572, 15.0580473 ], [ 32.3556709, 15.1879396 ], [ 32.436573, 15.1841326 ], [ 32.4814186, 15.2250204 ], [ 32.498436, 15.2369566 ], [ 32.66605, 15.2500582 ], [ 32.6684761, 15.1868563 ], [ 32.7070236, 15.1849527 ], [ 32.7674637, 15.0459929 ] ] ] ] } },
{ "type": "Feature", "properties": { "POLYGON_ID": "SDN_GAUL2014_ADM2_37152", "ADM0_ISO3": "SDN", "ADM0_NAME": "Sudan", "ADM0_CODE": 6, "ADM1_NAME": "White Nile", "ADM1_CODE": 2770, "ADM2_NAME": "Al Jabalian", "ADM2_CODE": 37152, "GEOSET": "GAUL", "GEOSET_YEAR": 2014.0, "GEOSET_VERSION": "GAUL_v1", "GEOSET_UNIT": "ADM2", "CENTROID_LONG": 32.916858870260242, "CENTROID_LAT": 12.877581755508016 }, "geometry": { "type": "MultiPolygon", "coordinates": [ [ [ [ 33.1244698, 13.0073509 ], [ 33.2058907, 12.91677 ], [ 33.0731163, 12.6773968 ], [ 33.1897087, 12.4522991 ], [ 33.2558594, 12.2143536 ], [ 33.0231476, 12.2267265 ], [ 32.7355309, 12.2367306 ], [ 32.7639732, 12.3356562 ], [ 32.8010941, 12.4096565 ], [ 32.8171883, 12.5170555 ], [ 32.8105278, 12.5705929 ], [ 32.7608643, 12.7434263 ], [ 32.7749023, 12.8067198 ], [ 32.7641945, 12.8718328 ], [ 32.821064, 12.9582071 ], [ 32.7959099, 13.0699205 ], [ 32.7648087, 13.1299515 ], [ 32.6855736, 13.1704025 ], [ 32.6327477, 13.2408342 ], [ 32.5908165, 13.3337708 ], [ 32.5978699, 13.4605112 ], [ 32.6403618, 13.5720072 ], [ 32.6732712, 13.5883799 ], [ 32.7832298, 13.5829296 ], [ 32.9740677, 13.5906754 ], [ 32.9746056, 13.4055119 ], [ 32.923687, 13.2655993 ], [ 32.9769859, 13.2208653 ], [ 33.0759735, 13.0447855 ], [ 33.1244698, 13.0073509 ] ] ] ] } },
{ "type": "Feature", "properties": { "POLYGON_ID": "SDN_GAUL2014_ADM2_37153", "ADM0_ISO3": "SDN", "ADM0_NAME": "Sudan", "ADM0_CODE": 6, "ADM1_NAME": "White Nile", "ADM1_CODE": 2770, "ADM2_NAME": "Kosti", "ADM2_CODE": 37153, "GEOSET": "GAUL", "GEOSET_YEAR": 2014.0, "GEOSET_VERSION": "GAUL_v1", "GEOSET_UNIT": "ADM2", "CENTROID_LONG": 32.28650551509498, "CENTROID_LAT": 12.715171389106835 }, "geometry": { "type": "MultiPolygon", "coordinates": [ [ [ [ 32.6403618, 13.5720072 ], [ 32.5978699, 13.4605112 ], [ 32.5908165, 13.3337708 ], [ 32.6327477, 13.2408342 ], [ 32.6855736, 13.1704025 ], [ 32.7648087, 13.1299515 ], [ 32.7959099, 13.0699205 ], [ 32.821064, 12.9582071 ], [ 32.7641945, 12.8718328 ], [ 32.7749023, 12.8067198 ], [ 32.7608643, 12.7434263 ], [ 32.8105278, 12.5705929 ], [ 32.8171883, 12.5170555 ], [ 32.8010941, 12.4096565 ], [ 32.7639732, 12.3356562 ], [ 32.7355309, 12.2367306 ], [ 32.7590294, 12.0116234 ], [ 32.7452278, 11.9492817 ], [ 32.7414207, 11.9469013 ], [ 32.1065788, 11.9449978 ], [ 31.9233608, 12.180089 ], [ 31.8338928, 12.1796131 ], [ 31.6892223, 12.5536642 ], [ 31.6411572, 12.6797762 ], [ 31.6663799, 12.7778091 ], [ 31.6782761, 12.8744154 ], [ 31.7368107, 13.014328 ], [ 31.8429356, 13.071435 ], [ 31.9176502, 13.1471024 ], [ 32.0045013, 13.1820803 ], [ 32.0501862, 13.250989 ], [ 32.0035477, 13.289156 ], [ 32.0049782, 13.3353176 ], [ 32.0397148, 13.439538 ], [ 32.0606575, 13.4580975 ], [ 32.2560616, 13.4537001 ], [ 32.2615891, 13.5635004 ], [ 32.2849884, 13.6384697 ], [ 32.3275909, 13.6914902 ], [ 32.3741989, 13.6852798 ], [ 32.3934898, 13.6454096 ], [ 32.4891396, 13.6146202 ], [ 32.5390015, 13.6120996 ], [ 32.6403618, 13.5720072 ] ] ] ] } },
{ "type": "Feature", "properties": { "POLYGON_ID": "SDN_GAUL2014_ADM2_4151", "ADM0_ISO3": "SDN", "ADM0_NAME": "Sudan", "ADM0_CODE": 6, "ADM1_NAME": "Southern Kordofan", "ADM1_CODE": 4150, "ADM2_NAME": "Abyei", "ADM2_CODE": 4151, "GEOSET": "GAUL", "GEOSET_YEAR": 2014.0, "GEOSET_VERSION": "GAUL_v1", "GEOSET_UNIT": "ADM2", "CENTROID_LONG": 28.190316238680595, "CENTROID_LAT": 10.596619057854111 }, "geometry": { "type": "MultiPolygon", "coordinates": [ [ [ [ 28.6945801, 10.8753099 ], [ 28.7384396, 10.6057701 ], [ 28.7897491, 10.3686705 ], [ 28.8047695, 10.2149496 ], [ 29.3539295, 10.1176996 ], [ 29.52038, 10.0696001 ], [ 29.5390396, 10.0818319 ], [ 29.5380878, 9.7501354 ], [ 29.2728138, 9.7497263 ], [ 29.0783768, 9.7501354 ], [ 28.9770107, 9.6411552 ], [ 28.9752858, 10.1176926 ], [ 27.8150605, 10.1433906 ], [ 27.8141741, 9.8006374 ], [ 27.731617, 9.9870653 ], [ 27.6664181, 10.1588621 ], [ 27.5417347, 10.464385 ], [ 27.3252048, 10.9997635 ], [ 27.3093777, 11.0661478 ], [ 27.2833252, 11.1710854 ], [ 27.2546444, 11.3970594 ], [ 27.3609791, 11.3376102 ], [ 27.4674206, 11.3421803 ], [ 27.6435299, 11.40874 ], [ 27.7182503, 11.4853601 ], [ 28.2052403, 11.1286898 ], [ 28.3264809, 11.0722599 ], [ 28.5064793, 10.9635696 ], [ 28.6369705, 10.8946104 ], [ 28.6945801, 10.8753099 ] ] ] ] } },
{ "type": "Feature", "properties": { "POLYGON_ID": "SDN_GAUL2014_ADM2_37110", "ADM0_ISO3": "SDN", "ADM0_NAME": "Sudan", "ADM0_CODE": 6, "ADM1_NAME": "Southern Kordofan", "ADM1_CODE": 4150, "ADM2_NAME": "Abu Jubaiyah", "ADM2_CODE": 37110, "GEOSET": "GAUL", "GEOSET_YEAR": 2014.0, "GEOSET_VERSION": "GAUL_v1", "GEOSET_UNIT": "ADM2", "CENTROID_LONG": 31.691944950258495, "CENTROID_LAT": 11.125781169513875 }, "geometry": { "type": "MultiPolygon", "coordinates": [ [ [ [ 31.5027676, 9.9925575 ], [ 31.4671497, 9.9951401 ], [ 31.4230499, 10.0852499 ], [ 31.3491993, 10.3548203 ], [ 31.3339996, 10.5887203 ], [ 31.3152008, 10.7585201 ], [ 31.2697201, 10.9784899 ], [ 31.2442303, 11.0246696 ], [ 31.2075195, 11.0318699 ], [ 31.1011009, 11.0998402 ], [ 30.9362907, 11.2544003 ], [ 30.8570404, 11.2836399 ], [ 30.7962093, 11.2889795 ], [ 30.7977104, 11.3324203 ], [ 30.7552395, 11.3755112 ], [ 30.6603489, 11.5006857 ], [ 30.7509098, 11.5607815 ], [ 30.8162403, 11.5837202 ], [ 31.0002899, 11.5728598 ], [ 31.1531792, 11.5945101 ], [ 31.2521896, 11.6163797 ], [ 31.2955799, 11.6430597 ], [ 31.3547001, 11.7197504 ], [ 31.4487, 11.7192097 ], [ 31.5015507, 11.6989002 ], [ 31.6124592, 11.7432299 ], [ 31.70574, 11.7656298 ], [ 31.7344399, 11.7583599 ], [ 31.8437004, 11.7917805 ], [ 31.9633598, 11.8120604 ], [ 32.1593971, 11.8990049 ], [ 32.3607063, 11.7237082 ], [ 32.3923721, 11.6660433 ], [ 32.3923721, 11.2467184 ], [ 32.4015465, 11.1744022 ], [ 32.4706268, 11.0427227 ], [ 32.440403, 11.0265331 ], [ 32.1473618, 10.7372694 ], [ 32.0092049, 10.6627941 ], [ 31.9730492, 10.6271763 ], [ 31.8575592, 10.4080696 ], [ 31.7874012, 10.301754 ], [ 31.7021332, 10.2181053 ], [ 31.5027676, 9.9925575 ] ] ] ] } },
{ "type": "Feature", "properties": { "POLYGON_ID": "SDN_GAUL2014_ADM2_37111", "ADM0_ISO3": "SDN", "ADM0_NAME": "Sudan", "ADM0_CODE": 6, "ADM1_NAME": "Southern Kordofan", "ADM1_CODE": 4150, "ADM2_NAME": "Delling", "ADM2_CODE": 37111, "GEOSET": "GAUL", "GEOSET_YEAR": 2014.0, "GEOSET_VERSION": "GAUL_v1", "GEOSET_UNIT": "ADM2", "CENTROID_LONG": 29.994013039916954, "CENTROID_LAT": 11.967393731698742 }, "geometry": { "type": "MultiPolygon", "coordinates": [ [ [ [ 30.437933, 12.5619946 ], [ 30.3821125, 12.5084658 ], [ 30.4625378, 12.4389858 ], [ 30.518692, 12.2886038 ], [ 30.5709744, 12.2382317 ], [ 30.5846825, 12.014411 ], [ 30.5758781, 11.9868097 ], [ 30.6179943, 11.8411865 ], [ 30.6615391, 11.7678995 ], [ 30.6603489, 11.5006857 ], [ 30.3322868, 11.4399595 ], [ 30.272562, 11.3357391 ], [ 30.2252102, 11.3067102 ], [ 30.1198006, 11.3776178 ], [ 30.0507965, 11.4066467 ], [ 29.9601383, 11.4161654 ], [ 29.8192749, 11.4002228 ], [ 29.7505074, 11.4432907 ], [ 29.6648464, 11.4756517 ], [ 29.4338436, 11.5000696 ], [ 29.3702145, 11.7092171 ], [ 29.3038349, 11.7092171 ], [ 29.2234249, 11.7556286 ], [ 29.2147903, 11.8068972 ], [ 29.2579632, 11.8651819 ], [ 29.2628193, 11.942894 ], [ 29.3000584, 11.9968615 ], [ 29.3491669, 12.0071154 ], [ 29.4004364, 12.0864468 ], [ 29.4328175, 12.0826693 ], [ 29.5035133, 12.1236839 ], [ 29.5688133, 12.191143 ], [ 29.5036144, 12.279562 ], [ 29.5183678, 12.3547525 ], [ 29.5678597, 12.4175711 ], [ 29.6425743, 12.470871 ], [ 29.7848663, 12.7497435 ], [ 29.9514294, 12.7502193 ], [ 30.0204334, 12.719286 ], [ 30.0175781, 12.6393366 ], [ 30.046608, 12.605072 ], [ 30.0323315, 12.4285164 ], [ 30.1032391, 12.4432688 ], [ 30.1703396, 12.495141 ], [ 30.4044781, 12.5465374 ], [ 30.437933, 12.5619946 ] ] ] ] } },
{ "type": "Feature", "properties": { "POLYGON_ID": "SDN_GAUL2014_ADM2_37112", "ADM0_ISO3": "SDN", "ADM0_NAME": "Sudan", "ADM0_CODE": 6, "ADM1_NAME": "Southern Kordofan", "ADM1_CODE": 4150, "ADM2_NAME": "Kadugli", "ADM2_CODE": 37112, "GEOSET": "GAUL", "GEOSET_YEAR": 2014.0, "GEOSET_VERSION": "GAUL_v1", "GEOSET_UNIT": "ADM2", "CENTROID_LONG": 30.051611690423247, "CENTROID_LAT": 11.031568891769883 }, "geometry": { "type": "MultiPolygon", "coordinates": [ [ [ [ 30.7552395, 11.3755112 ], [ 30.755806, 11.0269127 ], [ 30.729393, 10.9981213 ], [ 30.6922741, 10.8501186 ], [ 30.5404644, 10.8548775 ], [ 30.3862762, 10.8032436 ], [ 29.9403973, 10.2910862 ], [ 29.9266148, 10.3335953 ], [ 29.8283958, 10.4987345 ], [ 29.7593174, 10.5904779 ], [ 29.5709724, 10.7971725 ], [ 29.4797688, 10.8651714 ], [ 29.3777695, 10.9574547 ], [ 29.3329773, 11.0702457 ], [ 29.3335171, 11.1128798 ], [ 29.3734531, 11.1727839 ], [ 29.4258003, 11.1981478 ], [ 29.4776096, 11.2558928 ], [ 29.4840851, 11.3066216 ], [ 29.4571018, 11.3417006 ], [ 29.4657364, 11.3897314 ], [ 29.4338436, 11.5000696 ], [ 29.6648464, 11.4756517 ], [ 29.7505074, 11.4432907 ], [ 29.8192749, 11.4002228 ], [ 29.9601383, 11.4161654 ], [ 30.0507965, 11.4066467 ], [ 30.1198006, 11.3776178 ], [ 30.2252102, 11.3067102 ], [ 30.272562, 11.3357391 ], [ 30.3322868, 11.4399595 ], [ 30.6603489, 11.5006857 ], [ 30.7552395, 11.3755112 ] ] ] ] } },
{ "type": "Feature", "properties": { "POLYGON_ID": "SDN_GAUL2014_ADM2_37113", "ADM0_ISO3": "SDN", "ADM0_NAME": "Sudan", "ADM0_CODE": 6, "ADM1_NAME": "Southern Kordofan", "ADM1_CODE": 4150, "ADM2_NAME": "Rashad", "ADM2_CODE": 37113, "GEOSET": "GAUL", "GEOSET_YEAR": 2014.0, "GEOSET_VERSION": "GAUL_v1", "GEOSET_UNIT": "ADM2", "CENTROID_LONG": 31.277196033064651, "CENTROID_LAT": 12.067592589388951 }, "geometry": { "type": "MultiPolygon", "coordinates": [ [ [ [ 31.6892223, 12.5536642 ], [ 31.8338928, 12.1796131 ], [ 31.9233608, 12.180089 ], [ 32.1065788, 11.9449978 ], [ 32.1593971, 11.8990049 ], [ 31.9633598, 11.8120604 ], [ 31.8437004, 11.7917805 ], [ 31.7344399, 11.7583599 ], [ 31.70574, 11.7656298 ], [ 31.6124592, 11.7432299 ], [ 31.5015507, 11.6989002 ], [ 31.4487, 11.7192097 ], [ 31.3547001, 11.7197504 ], [ 31.2955799, 11.6430597 ], [ 31.2521896, 11.6163797 ], [ 31.1531792, 11.5945101 ], [ 31.0002899, 11.5728598 ], [ 30.8162403, 11.5837202 ], [ 30.7509098, 11.5607815 ], [ 30.6603489, 11.5006857 ], [ 30.6615391, 11.7678995 ], [ 30.6179943, 11.8411865 ], [ 30.5758781, 11.9868097 ], [ 30.5846825, 12.014411 ], [ 30.5709744, 12.2382317 ], [ 30.8294506, 12.2543392 ], [ 30.8651428, 12.3338137 ], [ 30.913208, 12.3190613 ], [ 30.9479465, 12.3871136 ], [ 31.0207596, 12.3756924 ], [ 31.0540714, 12.450407 ], [ 31.0497875, 12.6026926 ], [ 31.2491875, 12.6079273 ], [ 31.3191433, 12.6402884 ], [ 31.3724442, 12.6326742 ], [ 31.4274807, 12.6536016 ], [ 31.6892223, 12.5536642 ] ] ] ] } },
{ "type": "Feature", "properties": { "POLYGON_ID": "SDN_GAUL2014_ADM2_37114", "ADM0_ISO3": "SDN", "ADM0_NAME": "Sudan", "ADM0_CODE": 6, "ADM1_NAME": "Southern Kordofan", "ADM1_CODE": 4150, "ADM2_NAME": "Talodi", "ADM2_CODE": 37114, "GEOSET": "GAUL", "GEOSET_YEAR": 2014.0, "GEOSET_VERSION": "GAUL_v1", "GEOSET_UNIT": "ADM2", "CENTROID_LONG": 30.830413516747026, "CENTROID_LAT": 10.415422833173462 }, "geometry": { "type": "MultiPolygon", "coordinates": [ [ [ [ 31.5027676, 9.9925575 ], [ 31.4983387, 9.9872351 ], [ 31.3518867, 9.8030977 ], [ 31.3146496, 9.772337 ], [ 31.1808109, 9.749671 ], [ 30.8926277, 9.7485914 ], [ 30.8262482, 9.7221479 ], [ 30.7928772, 9.7485371 ], [ 30.5337448, 9.9558249 ], [ 29.9967728, 10.2888021 ], [ 29.9422665, 10.2877226 ], [ 29.9403973, 10.2910862 ], [ 30.3862762, 10.8032436 ], [ 30.5404644, 10.8548775 ], [ 30.6922741, 10.8501186 ], [ 30.729393, 10.9981213 ], [ 30.755806, 11.0269127 ], [ 30.7552395, 11.3755112 ], [ 30.7977104, 11.3324203 ], [ 30.7962093, 11.2889795 ], [ 30.8570404, 11.2836399 ], [ 30.9362907, 11.2544003 ], [ 31.1011009, 11.0998402 ], [ 31.2075195, 11.0318699 ], [ 31.2442303, 11.0246696 ], [ 31.2697201, 10.9784899 ], [ 31.3152008, 10.7585201 ], [ 31.3339996, 10.5887203 ], [ 31.3491993, 10.3548203 ], [ 31.4230499, 10.0852499 ], [ 31.4671497, 9.9951401 ], [ 31.5027676, 9.9925575 ] ] ] ] } },
{ "type": "Feature", "properties": { "POLYGON_ID": "SDN_GAUL2014_ADM2_37146", "ADM0_ISO3": "SDN", "ADM0_NAME": "Sudan", "ADM0_CODE": 6, "ADM1_NAME": "Southern Kordofan", "ADM1_CODE": 4150, "ADM2_NAME": "As Salam", "ADM2_CODE": 37146, "GEOSET": "GAUL", "GEOSET_YEAR": 2014.0, "GEOSET_VERSION": "GAUL_v1", "GEOSET_UNIT": "ADM2", "CENTROID_LONG": 28.389414960913985, "CENTROID_LAT": 11.610619312169074 }, "geometry": { "type": "MultiPolygon", "coordinates": [ [ [ [ 29.0007191, 12.4760199 ], [ 28.9305801, 12.4337902 ], [ 28.8987503, 12.3923998 ], [ 28.9144707, 12.3513098 ], [ 28.9012909, 12.2579699 ], [ 28.9048996, 12.1384096 ], [ 28.8367195, 11.9514599 ], [ 28.7908993, 11.8562002 ], [ 28.6949291, 11.5306101 ], [ 28.6693497, 11.4040098 ], [ 28.6388206, 11.1526499 ], [ 28.6532898, 11.0360298 ], [ 28.6945801, 10.8753099 ], [ 28.6369705, 10.8946104 ], [ 28.5064793, 10.9635696 ], [ 28.3264809, 11.0722599 ], [ 28.2052403, 11.1286898 ], [ 27.7182503, 11.4853601 ], [ 27.8773594, 11.64849 ], [ 28.0140591, 11.9231501 ], [ 28.0174103, 11.9602804 ], [ 28.2119904, 11.9614897 ], [ 28.2777004, 11.95152 ], [ 28.3571491, 11.89081 ], [ 28.3922405, 11.9199696 ], [ 28.5774307, 11.9449196 ], [ 28.6361103, 11.9899502 ], [ 28.6182899, 12.0527802 ], [ 28.64398, 12.1280699 ], [ 28.7178001, 12.3443899 ], [ 28.7662296, 12.3472404 ], [ 28.8981495, 12.5072002 ], [ 28.9419003, 12.5173903 ], [ 29.0007191, 12.4760199 ] ] ] ] } },
{ "type": "Feature", "properties": { "POLYGON_ID": "SDN_GAUL2014_ADM2_37149", "ADM0_ISO3": "SDN", "ADM0_NAME": "Sudan", "ADM0_CODE": 6, "ADM1_NAME": "Southern Kordofan", "ADM1_CODE": 4150, "ADM2_NAME": "Lagawa", "ADM2_CODE": 37149, "GEOSET": "GAUL", "GEOSET_YEAR": 2014.0, "GEOSET_VERSION": "GAUL_v1", "GEOSET_UNIT": "ADM2", "CENTROID_LONG": 29.157331842336884, "CENTROID_LAT": 11.097368074746736 }, "geometry": { "type": "MultiPolygon", "coordinates": [ [ [ [ 29.5036144, 12.279562 ], [ 29.5688133, 12.191143 ], [ 29.5035133, 12.1236839 ], [ 29.4328175, 12.0826693 ], [ 29.4004364, 12.0864468 ], [ 29.3491669, 12.0071154 ], [ 29.3000584, 11.9968615 ], [ 29.2628193, 11.942894 ], [ 29.2579632, 11.8651819 ], [ 29.2147903, 11.8068972 ], [ 29.2234249, 11.7556286 ], [ 29.3038349, 11.7092171 ], [ 29.3702145, 11.7092171 ], [ 29.4338436, 11.5000696 ], [ 29.4657364, 11.3897314 ], [ 29.4571018, 11.3417006 ], [ 29.4840851, 11.3066216 ], [ 29.4776096, 11.2558928 ], [ 29.4258003, 11.1981478 ], [ 29.3734531, 11.1727839 ], [ 29.3335171, 11.1128798 ], [ 29.3329773, 11.0702457 ], [ 29.3777695, 10.9574547 ], [ 29.4797688, 10.8651714 ], [ 29.5709724, 10.7971725 ], [ 29.7593174, 10.5904779 ], [ 29.8283958, 10.4987345 ], [ 29.9266148, 10.3335953 ], [ 29.9403973, 10.2910862 ], [ 29.9422665, 10.2877226 ], [ 29.9374886, 10.2858496 ], [ 29.5390396, 10.0818319 ], [ 29.52038, 10.0696001 ], [ 29.3539295, 10.1176996 ], [ 28.8047695, 10.2149496 ], [ 28.7897491, 10.3686705 ], [ 28.7384396, 10.6057701 ], [ 28.6945801, 10.8753099 ], [ 28.6532898, 11.0360298 ], [ 28.6388206, 11.1526499 ], [ 28.6693497, 11.4040098 ], [ 28.6949291, 11.5306101 ], [ 28.7908993, 11.8562002 ], [ 28.8367195, 11.9514599 ], [ 28.9048996, 12.1384096 ], [ 28.9012909, 12.2579699 ], [ 28.9144707, 12.3513098 ], [ 28.8987503, 12.3923998 ], [ 28.9305801, 12.4337902 ], [ 29.0007191, 12.4760199 ], [ 29.2175407, 12.3045397 ], [ 29.2599392, 12.29177 ], [ 29.4990025, 12.272583 ], [ 29.5036144, 12.279562 ] ] ] ] } },
{ "type": "Feature", "properties": { "POLYGON_ID": "SDN_GAUL2014_ADM2_37095", "ADM0_ISO3": "SDN", "ADM0_NAME": "Sudan", "ADM0_CODE": 6, "ADM1_NAME": "Red Sea", "ADM1_CODE": 40772, "ADM2_NAME": "Port Sudan", "ADM2_CODE": 37095, "GEOSET": "GAUL", "GEOSET_YEAR": 2014.0, "GEOSET_VERSION": "GAUL_v1", "GEOSET_UNIT": "ADM2", "CENTROID_LONG": 35.327095448431677, "CENTROID_LAT": 20.029809421102708 }, "geometry": { "type": "MultiPolygon", "coordinates": [ [ [ [ 37.1931465, 20.4319578 ], [ 37.2064153, 20.4063511 ], [ 37.1869297, 20.3330377 ], [ 37.2059721, 20.2554872 ], [ 37.2167439, 20.0759003 ], [ 37.181928, 20.0351266 ], [ 37.2241667, 19.9122367 ], [ 37.2665407, 19.8328429 ], [ 37.2673685, 19.7563852 ], [ 37.2442495, 19.6696533 ], [ 37.2418626, 19.5692723 ], [ 37.2946595, 19.47678 ], [ 37.3207637, 19.353693 ], [ 37.3164082, 19.3155461 ], [ 37.359241, 19.134944 ], [ 37.3688405, 19.0589219 ], [ 37.405114, 18.9893107 ], [ 37.2829514, 18.9416904 ], [ 37.1799316, 18.9125805 ], [ 37.0193787, 18.9033604 ], [ 36.9994087, 18.9292603 ], [ 36.9993401, 19.3226604 ], [ 36.9345093, 19.3484497 ], [ 36.7683296, 19.3740692 ], [ 36.658741, 19.3624096 ], [ 36.5230598, 19.3053894 ], [ 36.3546715, 19.1975403 ], [ 36.1825905, 19.1254807 ], [ 36.1245003, 19.1269894 ], [ 36.1127815, 19.1609592 ], [ 35.9510612, 19.1541996 ], [ 35.3479996, 19.1510506 ], [ 34.5699997, 19.1469803 ], [ 33.8110352, 19.1429996 ], [ 33.7948227, 19.1808758 ], [ 33.6825104, 19.354578 ], [ 33.6725197, 19.4350033 ], [ 33.6934586, 19.7091179 ], [ 33.6082726, 20.0693665 ], [ 33.6696625, 20.4986229 ], [ 33.6182671, 20.6023674 ], [ 33.5797195, 20.6504326 ], [ 33.5554504, 20.7327614 ], [ 33.4764519, 20.7646465 ], [ 33.4026871, 20.8498306 ], [ 33.2865715, 20.9264488 ], [ 33.2749977, 20.9856777 ], [ 34.8200111, 20.9925308 ], [ 35.8851089, 20.9967899 ], [ 36.3542099, 20.9943905 ], [ 36.3735199, 20.9013405 ], [ 36.3507996, 20.8392506 ], [ 36.1992188, 20.7650795 ], [ 36.1820107, 20.7425709 ], [ 36.3373985, 20.6229095 ], [ 36.4158897, 20.5007 ], [ 36.5331993, 20.4216595 ], [ 36.6346207, 20.4342709 ], [ 36.7679405, 20.4647598 ], [ 36.8938293, 20.4658108 ], [ 37.0173187, 20.4857292 ], [ 37.1646385, 20.4503498 ], [ 37.1931465, 20.4319578 ] ] ] ] } },
{ "type": "Feature", "properties": { "POLYGON_ID": "SDN_GAUL2014_ADM2_37096", "ADM0_ISO3": "SDN", "ADM0_NAME": "Sudan", "ADM0_CODE": 6, "ADM1_NAME": "Red Sea", "ADM1_CODE": 40772, "ADM2_NAME": "Sinkat", "ADM2_CODE": 37096, "GEOSET": "GAUL", "GEOSET_YEAR": 2014.0, "GEOSET_VERSION": "GAUL_v1", "GEOSET_UNIT": "ADM2", "CENTROID_LONG": 35.767748637431865, "CENTROID_LAT": 18.281142101636593 }, "geometry": { "type": "MultiPolygon", "coordinates": [ [ [ [ 36.9994087, 18.9292603 ], [ 37.0, 18.1235828 ], [ 37.0, 17.5 ], [ 37.0020943, 17.0718822 ], [ 36.7552986, 17.0006008 ], [ 36.3152657, 17.029644 ], [ 36.0005836, 17.0498314 ], [ 35.6640816, 17.2091274 ], [ 35.587986, 17.2463741 ], [ 35.3509903, 17.4119854 ], [ 35.1358871, 17.596632 ], [ 34.9179268, 17.856945 ], [ 34.8627815, 17.935709 ], [ 34.6085968, 18.1795998 ], [ 34.449173, 18.2619286 ], [ 34.1184311, 18.3675766 ], [ 33.9171257, 18.8677387 ], [ 33.8622742, 19.0098419 ], [ 33.8110352, 19.1429996 ], [ 34.5699997, 19.1469803 ], [ 35.3479996, 19.1510506 ], [ 35.9510612, 19.1541996 ], [ 36.1127815, 19.1609592 ], [ 36.1245003, 19.1269894 ], [ 36.1825905, 19.1254807 ], [ 36.3546715, 19.1975403 ], [ 36.5230598, 19.3053894 ], [ 36.658741, 19.3624096 ], [ 36.7683296, 19.3740692 ], [ 36.9345093, 19.3484497 ], [ 36.9993401, 19.3226604 ], [ 36.9994087, 18.9292603 ] ] ] ] } },
{ "type": "Feature", "properties": { "POLYGON_ID": "SDN_GAUL2014_ADM2_37097", "ADM0_ISO3": "SDN", "ADM0_NAME": "Sudan", "ADM0_CODE": 6, "ADM1_NAME": "Red Sea", "ADM1_CODE": 40772, "ADM2_NAME": "Tokar", "ADM2_CODE": 37097, "GEOSET": "GAUL", "GEOSET_YEAR": 2014.0, "GEOSET_VERSION": "GAUL_v1", "GEOSET_UNIT": "ADM2", "CENTROID_LONG": 37.568382351793993, "CENTROID_LAT": 18.00274549417405 }, "geometry": { "type": "MultiPolygon", "coordinates": [ [ [ [ 37.0046343, 17.07259 ], [ 37.0020943, 17.0718822 ], [ 37.0, 17.5 ], [ 37.0, 18.1235828 ], [ 36.9994087, 18.9292603 ], [ 37.0193787, 18.9033604 ], [ 37.1799316, 18.9125805 ], [ 37.2829514, 18.9416904 ], [ 37.405114, 18.9893107 ], [ 37.4132262, 18.8755857 ], [ 37.4641171, 18.8121518 ], [ 37.5090438, 18.7308854 ], [ 37.5708426, 18.7101217 ], [ 37.6630151, 18.7253524 ], [ 37.7416617, 18.7081277 ], [ 37.7514121, 18.6684035 ], [ 37.8069036, 18.6154537 ], [ 37.9105686, 18.5829878 ], [ 37.9534111, 18.5551574 ], [ 38.0097435, 18.4797398 ], [ 38.1192843, 18.4099655 ], [ 38.0788052, 18.3603214 ], [ 38.1025442, 18.2816192 ], [ 38.1615322, 18.2378421 ], [ 38.2600364, 18.2106871 ], [ 38.3939072, 18.1565488 ], [ 38.4134541, 18.1124328 ], [ 38.5086963, 18.0579615 ], [ 38.5619028, 18.0495888 ], [ 38.5695511, 18.0050423 ], [ 38.452392, 17.8983484 ], [ 38.34169, 17.64962 ], [ 38.28044, 17.62541 ], [ 38.2511077, 17.5562938 ], [ 38.1303307, 17.57313 ], [ 38.10888, 17.55889 ], [ 38.10661, 17.48049 ], [ 38.0706999, 17.4820214 ], [ 38.0676297, 17.5522606 ], [ 38.0038618, 17.5570803 ], [ 37.9769646, 17.4910103 ], [ 37.8753161, 17.4524468 ], [ 37.8370362, 17.5000501 ], [ 37.7748426, 17.4804694 ], [ 37.76554, 17.3839813 ], [ 37.6123209, 17.3741501 ], [ 37.51531, 17.33686 ], [ 37.4924434, 17.3068874 ], [ 37.51738, 17.2588 ], [ 37.43705, 17.10242 ], [ 37.3946504, 17.0471308 ], [ 37.31103, 17.09437 ], [ 37.1973605, 17.063363 ], [ 37.12882, 17.05717 ], [ 37.11116, 17.08196 ], [ 37.0212527, 17.0960482 ], [ 37.0046343, 17.07259 ] ] ] ] } },
{ "type": "Feature", "properties": { "POLYGON_ID": "SDN_GAUL2014_ADM2_40771", "ADM0_ISO3": "SDN", "ADM0_NAME": "Sudan", "ADM0_CODE": 6, "ADM1_NAME": "Red Sea", "ADM1_CODE": 40772, "ADM2_NAME": "Halayeb", "ADM2_CODE": 40771, "GEOSET": "GAUL", "GEOSET_YEAR": 2014.0, "GEOSET_VERSION": "GAUL_v1", "GEOSET_UNIT": "ADM2", "CENTROID_LONG": 35.424546310011358, "CENTROID_LAT": 21.38092959801206 }, "geometry": { "type": "MultiPolygon", "coordinates": [ [ [ [ 37.1931465, 20.4319578 ], [ 37.1646385, 20.4503498 ], [ 37.0173187, 20.4857292 ], [ 36.8938293, 20.4658108 ], [ 36.7679405, 20.4647598 ], [ 36.6346207, 20.4342709 ], [ 36.5331993, 20.4216595 ], [ 36.4158897, 20.5007 ], [ 36.3373985, 20.6229095 ], [ 36.1820107, 20.7425709 ], [ 36.1992188, 20.7650795 ], [ 36.3507996, 20.8392506 ], [ 36.3735199, 20.9013405 ], [ 36.3542099, 20.9943905 ], [ 35.8851089, 20.9967899 ], [ 34.8200111, 20.9925308 ], [ 33.2749977, 20.9856777 ], [ 33.297039, 21.0539875 ], [ 33.2922821, 21.1729622 ], [ 33.3560486, 21.2491035 ], [ 33.3541451, 21.295742 ], [ 33.3184547, 21.4466 ], [ 33.2584915, 21.5146523 ], [ 33.5631753, 21.7260437 ], [ 34.00521, 21.77233 ], [ 34.0865289, 22.0025085 ], [ 36.8824988, 22.0051335 ], [ 36.8666286, 21.9731676 ], [ 36.9176282, 21.5948423 ], [ 37.0553706, 21.3566263 ], [ 37.1253645, 21.2758252 ], [ 37.1967734, 21.2189443 ], [ 37.3169207, 21.069847 ], [ 37.2911863, 21.0177174 ], [ 37.2370249, 21.0305507 ], [ 37.2357643, 21.1373678 ], [ 37.1615164, 21.2174051 ], [ 37.1032169, 21.2038899 ], [ 37.1230882, 21.151858 ], [ 37.1256981, 21.0751789 ], [ 37.0946501, 21.0366085 ], [ 37.1295684, 20.9958104 ], [ 37.1707544, 20.8773301 ], [ 37.1786617, 20.7093164 ], [ 37.2368148, 20.5657586 ], [ 37.2305997, 20.4882067 ], [ 37.1931465, 20.4319578 ] ] ] ] } },
{ "type": "Feature", "properties": { "POLYGON_ID": "SDN_GAUL2014_ADM2_37058", "ADM0_ISO3": "SDN", "ADM0_NAME": "Sudan", "ADM0_CODE": 6, "ADM1_NAME": "Kassala", "ADM1_CODE": 68783, "ADM2_NAME": "Al Gash", "ADM2_CODE": 37058, "GEOSET": "GAUL", "GEOSET_YEAR": 2014.0, "GEOSET_VERSION": "GAUL_v1", "GEOSET_UNIT": "ADM2", "CENTROID_LONG": 36.078879721433211, "CENTROID_LAT": 16.303062019360635 }, "geometry": { "type": "MultiPolygon", "coordinates": [ [ [ [ 36.3152657, 17.029644 ], [ 36.3255081, 16.9728909 ], [ 36.3729706, 16.9072609 ], [ 36.3988991, 16.8088093 ], [ 36.4093399, 16.6311302 ], [ 36.418129, 16.6036606 ], [ 36.565361, 16.3718395 ], [ 36.6123009, 16.2190495 ], [ 36.64254, 15.99792 ], [ 36.6926308, 15.8516302 ], [ 36.2866211, 15.6016397 ], [ 36.2412491, 15.3835001 ], [ 36.133049, 15.4396296 ], [ 35.9637184, 15.5769596 ], [ 35.8745384, 15.7157097 ], [ 35.8042412, 15.9018602 ], [ 35.8258896, 15.9962301 ], [ 35.5559387, 16.0516701 ], [ 35.5099983, 16.0790005 ], [ 35.4389992, 16.2469997 ], [ 35.3740005, 16.2670002 ], [ 35.3337097, 16.3484764 ], [ 35.4252129, 16.3375645 ], [ 35.587162, 16.418539 ], [ 35.6540527, 16.4783897 ], [ 35.6751785, 16.5311985 ], [ 35.6927795, 16.7389164 ], [ 35.6963005, 16.9642353 ], [ 35.6764603, 17.0448723 ], [ 35.6640816, 17.2091274 ], [ 36.0005836, 17.0498314 ], [ 36.3152657, 17.029644 ] ] ] ] } },
{ "type": "Feature", "properties": { "POLYGON_ID": "SDN_GAUL2014_ADM2_37059", "ADM0_ISO3": "SDN", "ADM0_NAME": "Sudan", "ADM0_CODE": 6, "ADM1_NAME": "Kassala", "ADM1_CODE": 68783, "ADM2_NAME": "Hamashkorieb", "ADM2_CODE": 37059, "GEOSET": "GAUL", "GEOSET_YEAR": 2014.0, "GEOSET_VERSION": "GAUL_v1", "GEOSET_UNIT": "ADM2", "CENTROID_LONG": 36.706909991434209, "CENTROID_LAT": 16.580072573426477 }, "geometry": { "type": "MultiPolygon", "coordinates": [ [ [ [ 37.0044978, 17.0723548 ], [ 37.0182264, 17.0293413 ], [ 36.9835221, 16.969113 ], [ 37.0041393, 16.9414307 ], [ 37.0019623, 16.8302011 ], [ 37.0292711, 16.8010994 ], [ 36.9826825, 16.7497393 ], [ 36.9557613, 16.6865199 ], [ 36.9011001, 16.6757973 ], [ 36.90379, 16.61065 ], [ 36.88745, 16.54543 ], [ 36.89964, 16.49641 ], [ 36.9625703, 16.4354995 ], [ 36.93365, 16.3541 ], [ 36.959058, 16.2913205 ], [ 36.89927, 16.2264 ], [ 36.81642, 15.95854 ], [ 36.7601379, 15.8203295 ], [ 36.6926308, 15.8516302 ], [ 36.64254, 15.99792 ], [ 36.6123009, 16.2190495 ], [ 36.565361, 16.3718395 ], [ 36.418129, 16.6036606 ], [ 36.4093399, 16.6311302 ], [ 36.3988991, 16.8088093 ], [ 36.3729706, 16.9072609 ], [ 36.3255081, 16.9728909 ], [ 36.3152657, 17.029644 ], [ 36.7552986, 17.0006008 ], [ 37.0020943, 17.0718822 ], [ 37.0046343, 17.07259 ], [ 37.0044978, 17.0723548 ] ] ] ] } },
{ "type": "Feature", "properties": { "POLYGON_ID": "SDN_GAUL2014_ADM2_37060", "ADM0_ISO3": "SDN", "ADM0_NAME": "Sudan", "ADM0_CODE": 6, "ADM1_NAME": "Kassala", "ADM1_CODE": 68783, "ADM2_NAME": "Kassala", "ADM2_CODE": 37060, "GEOSET": "GAUL", "GEOSET_YEAR": 2014.0, "GEOSET_VERSION": "GAUL_v1", "GEOSET_UNIT": "ADM2", "CENTROID_LONG": 36.422868301260472, "CENTROID_LAT": 15.42763582365224 }, "geometry": { "type": "MultiPolygon", "coordinates": [ [ [ [ 36.7601379, 15.8203295 ], [ 36.69969, 15.71301 ], [ 36.63879, 15.52195 ], [ 36.6302575, 15.4680404 ], [ 36.5791473, 15.3254623 ], [ 36.54157, 15.22803 ], [ 36.4524956, 15.1739761 ], [ 36.0040436, 15.0062037 ], [ 35.9721603, 15.0533171 ], [ 36.2701302, 15.2657299 ], [ 36.2412491, 15.3835001 ], [ 36.2866211, 15.6016397 ], [ 36.6926308, 15.8516302 ], [ 36.7601379, 15.8203295 ] ] ] ] } },
{ "type": "Feature", "properties": { "POLYGON_ID": "SDN_GAUL2014_ADM2_37061", "ADM0_ISO3": "SDN", "ADM0_NAME": "Sudan", "ADM0_CODE": 6, "ADM1_NAME": "Kassala", "ADM1_CODE": 68783, "ADM2_NAME": "Nahr Atbara", "ADM2_CODE": 37061, "GEOSET": "GAUL", "GEOSET_YEAR": 2014.0, "GEOSET_VERSION": "GAUL_v1", "GEOSET_UNIT": "ADM2", "CENTROID_LONG": 35.665651179579825, "CENTROID_LAT": 15.644679842078396 }, "geometry": { "type": "MultiPolygon", "coordinates": [ [ [ [ 35.3193703, 16.3491936 ], [ 35.3337097, 16.3484764 ], [ 35.3740005, 16.2670002 ], [ 35.4389992, 16.2469997 ], [ 35.5099983, 16.0790005 ], [ 35.5559387, 16.0516701 ], [ 35.8258896, 15.9962301 ], [ 35.8042412, 15.9018602 ], [ 35.8745384, 15.7157097 ], [ 35.9637184, 15.5769596 ], [ 36.133049, 15.4396296 ], [ 36.2412491, 15.3835001 ], [ 36.2701302, 15.2657299 ], [ 35.9721603, 15.0533171 ], [ 35.9673996, 15.0590277 ], [ 35.9239998, 15.1400003 ], [ 35.8339996, 15.2180004 ], [ 35.8129997, 15.2790003 ], [ 35.7614899, 15.1446199 ], [ 35.7073784, 15.12012 ], [ 35.59021, 15.1705599 ], [ 35.514019, 15.3194799 ], [ 35.4684982, 15.3895397 ], [ 35.4338913, 15.5161505 ], [ 35.3003197, 15.78055 ], [ 35.2458305, 15.8735399 ], [ 35.2231712, 15.9377298 ], [ 35.2629089, 16.0057907 ], [ 35.1966705, 16.1484394 ], [ 35.1795731, 16.3565521 ], [ 35.3193703, 16.3491936 ] ] ] ] } },
{ "type": "Feature", "properties": { "POLYGON_ID": "SDN_GAUL2014_ADM2_37062", "ADM0_ISO3": "SDN", "ADM0_NAME": "Sudan", "ADM0_CODE": 6, "ADM1_NAME": "Kassala", "ADM1_CODE": 68783, "ADM2_NAME": "Butana", "ADM2_CODE": 37062, "GEOSET": "GAUL", "GEOSET_YEAR": 2014.0, "GEOSET_VERSION": "GAUL_v1", "GEOSET_UNIT": "ADM2", "CENTROID_LONG": 34.985638578402202, "CENTROID_LAT": 15.655327422365 }, "geometry": { "type": "MultiPolygon", "coordinates": [ [ [ [ 35.1795731, 16.3565521 ], [ 35.1966705, 16.1484394 ], [ 35.2629089, 16.0057907 ], [ 35.2231712, 15.9377298 ], [ 35.2458305, 15.8735399 ], [ 35.3003197, 15.78055 ], [ 35.4338913, 15.5161505 ], [ 35.4684982, 15.3895397 ], [ 35.514019, 15.3194799 ], [ 35.59021, 15.1705599 ], [ 35.7073784, 15.12012 ], [ 35.7614899, 15.1446199 ], [ 35.8129997, 15.2790003 ], [ 35.8339996, 15.2180004 ], [ 35.9239998, 15.1400003 ], [ 35.9673996, 15.0590277 ], [ 35.9022026, 15.0033484 ], [ 35.9017258, 14.9552832 ], [ 35.6434135, 14.9353905 ], [ 35.5210152, 14.9243498 ], [ 35.249279, 14.915308 ], [ 35.1431732, 14.9045515 ], [ 35.062748, 15.0197172 ], [ 34.9918404, 15.1924667 ], [ 34.847168, 15.2695608 ], [ 34.8124275, 15.2738438 ], [ 34.716774, 15.3361855 ], [ 34.6934547, 15.3661671 ], [ 34.7029724, 15.4979897 ], [ 34.537838, 15.5688972 ], [ 34.3650894, 15.5979261 ], [ 34.3165474, 15.6521778 ], [ 34.265152, 15.6640759 ], [ 34.1980896, 15.7147465 ], [ 34.3805923, 15.6833429 ], [ 34.3363342, 15.8470507 ], [ 34.2175941, 16.0550251 ], [ 34.3458481, 16.3054352 ], [ 34.489769, 16.3014374 ], [ 34.7598152, 16.3375645 ], [ 35.1795731, 16.3565521 ] ] ] ] } },
{ "type": "Feature", "properties": { "POLYGON_ID": "SDN_GAUL2014_ADM2_37085", "ADM0_ISO3": "SDN", "ADM0_NAME": "Sudan", "ADM0_CODE": 6, "ADM1_NAME": "Northern Kordofan", "ADM1_CODE": 68784, "ADM2_NAME": "Bara", "ADM2_CODE": 37085, "GEOSET": "GAUL", "GEOSET_YEAR": 2014.0, "GEOSET_VERSION": "GAUL_v1", "GEOSET_UNIT": "ADM2", "CENTROID_LONG": 30.338727690544093, "CENTROID_LAT": 13.946328825777252 }, "geometry": { "type": "MultiPolygon", "coordinates": [ [ [ [ 31.5443382, 14.1346588 ], [ 31.5766735, 14.0334511 ], [ 31.7532291, 13.9087677 ], [ 31.8312778, 13.722683 ], [ 31.5943909, 13.6848497 ], [ 31.4548092, 13.6492901 ], [ 31.4030895, 13.65273 ], [ 31.30056, 13.7592697 ], [ 31.22365, 13.7671804 ], [ 31.1174698, 13.7611704 ], [ 31.0320492, 13.79844 ], [ 30.9691391, 13.8022699 ], [ 30.9386101, 13.85495 ], [ 30.9772396, 13.9575596 ], [ 30.9582996, 14.0213203 ], [ 30.8808308, 14.0454302 ], [ 30.8083, 14.0229101 ], [ 30.7437592, 14.0758896 ], [ 30.59412, 14.0963202 ], [ 30.5219593, 14.0881796 ], [ 30.4858208, 14.0462103 ], [ 30.4603004, 13.9285097 ], [ 30.4660091, 13.9046497 ], [ 30.5902996, 13.82623 ], [ 30.5797806, 13.7848396 ], [ 30.5153904, 13.8061304 ], [ 30.4176807, 13.7370596 ], [ 30.4372807, 13.6789904 ], [ 30.4913998, 13.6613302 ], [ 30.5126591, 13.5989599 ], [ 30.4868698, 13.5382099 ], [ 30.4132195, 13.54706 ], [ 30.3236103, 13.4850903 ], [ 30.3191509, 13.6013803 ], [ 30.2755795, 13.5918903 ], [ 30.1282501, 13.6183004 ], [ 30.0600395, 13.5628595 ], [ 29.9474392, 13.5634203 ], [ 29.9120102, 13.5830803 ], [ 29.8759003, 13.4770002 ], [ 29.8248196, 13.4112701 ], [ 29.7550907, 13.3523903 ], [ 29.6881104, 13.3150902 ], [ 29.6079903, 13.3305302 ], [ 29.5456829, 13.3737383 ], [ 29.5333557, 13.4020529 ], [ 29.3820229, 13.4344139 ], [ 29.2592411, 13.5010386 ], [ 29.1069565, 13.6856852 ], [ 28.9922657, 13.7170935 ], [ 28.8718662, 13.7746763 ], [ 28.8718662, 13.8555784 ], [ 29.0266304, 13.8892498 ], [ 29.2285709, 13.9685802 ], [ 29.36203, 14.0578804 ], [ 29.8529205, 14.2410402 ], [ 29.9702301, 14.2559605 ], [ 30.2642593, 14.31427 ], [ 30.5029507, 14.35954 ], [ 30.7068691, 14.4808302 ], [ 30.7798901, 14.5050602 ], [ 31.2863503, 14.48629 ], [ 31.3111801, 14.4570198 ], [ 31.4517403, 14.1917295 ], [ 31.5443382, 14.1346588 ] ] ] ] } },
{ "type": "Feature", "properties": { "POLYGON_ID": "SDN_GAUL2014_ADM2_37086", "ADM0_ISO3": "SDN", "ADM0_NAME": "Sudan", "ADM0_CODE": 6, "ADM1_NAME": "Northern Kordofan", "ADM1_CODE": 68784, "ADM2_NAME": "Jebrat Al Sheikh", "ADM2_CODE": 37086, "GEOSET": "GAUL", "GEOSET_YEAR": 2014.0, "GEOSET_VERSION": "GAUL_v1", "GEOSET_UNIT": "ADM2", "CENTROID_LONG": 31.179253915753158, "CENTROID_LAT": 15.083832335997602 }, "geometry": { "type": "MultiPolygon", "coordinates": [ [ [ [ 32.0172653, 15.8290901 ], [ 32.1001167, 15.719511 ], [ 32.1663513, 15.5698624 ], [ 32.1981506, 15.4925108 ], [ 32.3556709, 15.1879396 ], [ 32.042572, 15.0580473 ], [ 32.0347137, 14.9488878 ], [ 31.9312134, 14.9343147 ], [ 31.8855267, 14.7477655 ], [ 31.6009445, 14.5069637 ], [ 31.5233746, 14.3151798 ], [ 31.5281334, 14.1857367 ], [ 31.5443382, 14.1346588 ], [ 31.4517403, 14.1917295 ], [ 31.3111801, 14.4570198 ], [ 31.2863503, 14.48629 ], [ 30.7798901, 14.5050602 ], [ 30.7068691, 14.4808302 ], [ 30.5029507, 14.35954 ], [ 30.2642593, 14.31427 ], [ 29.637289, 14.6085701 ], [ 29.6712208, 14.6501904 ], [ 30.2146492, 15.0322304 ], [ 30.3608894, 15.09799 ], [ 30.3960094, 15.1555595 ], [ 30.9798298, 15.50002 ], [ 31.1676407, 15.6033297 ], [ 31.1667099, 15.6532097 ], [ 31.4898491, 15.9856195 ], [ 31.4891491, 16.0033894 ], [ 31.7393417, 16.3017712 ], [ 31.7836475, 16.2030182 ], [ 31.8031597, 16.1292534 ], [ 31.8959579, 15.9917212 ], [ 32.0172653, 15.8290901 ] ] ] ] } },
{ "type": "Feature", "properties": { "POLYGON_ID": "SDN_GAUL2014_ADM2_37087", "ADM0_ISO3": "SDN", "ADM0_NAME": "Sudan", "ADM0_CODE": 6, "ADM1_NAME": "Northern Kordofan", "ADM1_CODE": 68784, "ADM2_NAME": "Sheikan", "ADM2_CODE": 37087, "GEOSET": "GAUL", "GEOSET_YEAR": 2014.0, "GEOSET_VERSION": "GAUL_v1", "GEOSET_UNIT": "ADM2", "CENTROID_LONG": 30.076458172503926, "CENTROID_LAT": 13.071814603551131 }, "geometry": { "type": "MultiPolygon", "coordinates": [ [ [ [ 30.3236103, 13.4850903 ], [ 30.4115906, 13.3040705 ], [ 30.4836407, 13.3360996 ], [ 30.5241394, 13.2462702 ], [ 30.5287209, 13.1645298 ], [ 30.5041294, 13.1451197 ], [ 30.3384209, 12.8274202 ], [ 30.4524193, 12.6598501 ], [ 30.4611797, 12.5822601 ], [ 30.437933, 12.5619946 ], [ 30.4044781, 12.5465374 ], [ 30.1703396, 12.495141 ], [ 30.1032391, 12.4432688 ], [ 30.0323315, 12.4285164 ], [ 30.046608, 12.605072 ], [ 30.0175781, 12.6393366 ], [ 30.0204334, 12.719286 ], [ 29.9514294, 12.7502193 ], [ 29.7848663, 12.7497435 ], [ 29.7234764, 12.8753786 ], [ 29.6347218, 12.9975443 ], [ 29.5752354, 13.1098557 ], [ 29.5657158, 13.3211517 ], [ 29.5456829, 13.3737383 ], [ 29.6079903, 13.3305302 ], [ 29.6881104, 13.3150902 ], [ 29.7550907, 13.3523903 ], [ 29.8248196, 13.4112701 ], [ 29.8759003, 13.4770002 ], [ 29.9120102, 13.5830803 ], [ 29.9474392, 13.5634203 ], [ 30.0600395, 13.5628595 ], [ 30.1282501, 13.6183004 ], [ 30.2755795, 13.5918903 ], [ 30.3191509, 13.6013803 ], [ 30.3236103, 13.4850903 ] ] ] ] } },
{ "type": "Feature", "properties": { "POLYGON_ID": "SDN_GAUL2014_ADM2_37088", "ADM0_ISO3": "SDN", "ADM0_NAME": "Sudan", "ADM0_CODE": 6, "ADM1_NAME": "Northern Kordofan", "ADM1_CODE": 68784, "ADM2_NAME": "Sowdari", "ADM2_CODE": 37088, "GEOSET": "GAUL", "GEOSET_YEAR": 2014.0, "GEOSET_VERSION": "GAUL_v1", "GEOSET_UNIT": "ADM2", "CENTROID_LONG": 28.963337479504006, "CENTROID_LAT": 15.474534396261987 }, "geometry": { "type": "MultiPolygon", "coordinates": [ [ [ [ 28.6799316, 16.6063004 ], [ 29.3283138, 16.6029339 ], [ 29.7846947, 16.5800915 ], [ 30.0335846, 16.5634346 ], [ 30.4994831, 16.541544 ], [ 31.0800724, 16.5139427 ], [ 31.6185131, 16.5370941 ], [ 31.7079811, 16.379097 ], [ 31.7393417, 16.3017712 ], [ 31.4891491, 16.0033894 ], [ 31.4898491, 15.9856195 ], [ 31.1667099, 15.6532097 ], [ 31.1676407, 15.6033297 ], [ 30.9798298, 15.50002 ], [ 30.3960094, 15.1555595 ], [ 30.3608894, 15.09799 ], [ 30.2146492, 15.0322304 ], [ 29.6712208, 14.6501904 ], [ 29.637289, 14.6085701 ], [ 30.2642593, 14.31427 ], [ 29.9702301, 14.2559605 ], [ 29.8529205, 14.2410402 ], [ 29.36203, 14.0578804 ], [ 29.2285709, 13.9685802 ], [ 29.0266304, 13.8892498 ], [ 28.8718662, 13.8555784 ], [ 28.6382027, 13.8579578 ], [ 28.600132, 13.8960295 ], [ 28.486393, 13.9321966 ], [ 28.3659916, 13.9854965 ], [ 28.1351852, 14.0702057 ], [ 27.8063431, 14.1187468 ], [ 27.4485855, 14.1176872 ], [ 27.396513, 14.2777357 ], [ 27.2161503, 14.8021688 ], [ 27.1457195, 14.854517 ], [ 27.1176414, 14.976346 ], [ 27.0738583, 15.0615301 ], [ 27.0172272, 15.7929764 ], [ 26.9458447, 16.6029453 ], [ 27.5005035, 16.6012745 ], [ 28.1871243, 16.6034107 ], [ 28.6799316, 16.6063004 ] ] ] ] } },
{ "type": "Feature", "properties": { "POLYGON_ID": "SDN_GAUL2014_ADM2_37089", "ADM0_ISO3": "SDN", "ADM0_NAME": "Sudan", "ADM0_CODE": 6, "ADM1_NAME": "Northern Kordofan", "ADM1_CODE": 68784, "ADM2_NAME": "Um Rawaba", "ADM2_CODE": 37089, "GEOSET": "GAUL", "GEOSET_YEAR": 2014.0, "GEOSET_VERSION": "GAUL_v1", "GEOSET_UNIT": "ADM2", "CENTROID_LONG": 31.067017778745715, "CENTROID_LAT": 13.176991990204403 }, "geometry": { "type": "MultiPolygon", "coordinates": [ [ [ [ 31.8312778, 13.722683 ], [ 31.8693466, 13.6327496 ], [ 32.0606575, 13.4580975 ], [ 32.0397148, 13.439538 ], [ 32.0049782, 13.3353176 ], [ 32.0035477, 13.289156 ], [ 32.0501862, 13.250989 ], [ 32.0045013, 13.1820803 ], [ 31.9176502, 13.1471024 ], [ 31.8429356, 13.071435 ], [ 31.7368107, 13.014328 ], [ 31.6782761, 12.8744154 ], [ 31.6663799, 12.7778091 ], [ 31.6411572, 12.6797762 ], [ 31.6892223, 12.5536642 ], [ 31.4274807, 12.6536016 ], [ 31.3724442, 12.6326742 ], [ 31.3191433, 12.6402884 ], [ 31.2491875, 12.6079273 ], [ 31.0497875, 12.6026926 ], [ 31.0540714, 12.450407 ], [ 31.0207596, 12.3756924 ], [ 30.9479465, 12.3871136 ], [ 30.913208, 12.3190613 ], [ 30.8651428, 12.3338137 ], [ 30.8294506, 12.2543392 ], [ 30.5709744, 12.2382317 ], [ 30.518692, 12.2886038 ], [ 30.4625378, 12.4389858 ], [ 30.3821125, 12.5084658 ], [ 30.437933, 12.5619946 ], [ 30.4611797, 12.5822601 ], [ 30.4524193, 12.6598501 ], [ 30.3384209, 12.8274202 ], [ 30.5041294, 13.1451197 ], [ 30.5287209, 13.1645298 ], [ 30.5241394, 13.2462702 ], [ 30.4836407, 13.3360996 ], [ 30.4115906, 13.3040705 ], [ 30.3236103, 13.4850903 ], [ 30.4132195, 13.54706 ], [ 30.4868698, 13.5382099 ], [ 30.5126591, 13.5989599 ], [ 30.4913998, 13.6613302 ], [ 30.4372807, 13.6789904 ], [ 30.4176807, 13.7370596 ], [ 30.5153904, 13.8061304 ], [ 30.5797806, 13.7848396 ], [ 30.5902996, 13.82623 ], [ 30.4660091, 13.9046497 ], [ 30.4603004, 13.9285097 ], [ 30.4858208, 14.0462103 ], [ 30.5219593, 14.0881796 ], [ 30.59412, 14.0963202 ], [ 30.7437592, 14.0758896 ], [ 30.8083, 14.0229101 ], [ 30.8808308, 14.0454302 ], [ 30.9582996, 14.0213203 ], [ 30.9772396, 13.9575596 ], [ 30.9386101, 13.85495 ], [ 30.9691391, 13.8022699 ], [ 31.0320492, 13.79844 ], [ 31.1174698, 13.7611704 ], [ 31.22365, 13.7671804 ], [ 31.30056, 13.7592697 ], [ 31.4030895, 13.65273 ], [ 31.4548092, 13.6492901 ], [ 31.5943909, 13.6848497 ], [ 31.8312778, 13.722683 ] ] ] ] } },
{ "type": "Feature", "properties": { "POLYGON_ID": "SDN_GAUL2014_ADM2_37147", "ADM0_ISO3": "SDN", "ADM0_NAME": "Sudan", "ADM0_CODE": 6, "ADM1_NAME": "Northern Kordofan", "ADM1_CODE": 68784, "ADM2_NAME": "En Nuhud", "ADM2_CODE": 37147, "GEOSET": "GAUL", "GEOSET_YEAR": 2014.0, "GEOSET_VERSION": "GAUL_v1", "GEOSET_UNIT": "ADM2", "CENTROID_LONG": 28.555404385825767, "CENTROID_LAT": 13.173934433545572 }, "geometry": { "type": "MultiPolygon", "coordinates": [ [ [ [ 28.8718662, 13.8555784 ], [ 28.8718662, 13.7746763 ], [ 28.9922657, 13.7170935 ], [ 29.1069565, 13.6856852 ], [ 29.2592411, 13.5010386 ], [ 29.3820229, 13.4344139 ], [ 29.5333557, 13.4020529 ], [ 29.5456829, 13.3737383 ], [ 29.5657158, 13.3211517 ], [ 29.5752354, 13.1098557 ], [ 29.6347218, 12.9975443 ], [ 29.7234764, 12.8753786 ], [ 29.7848663, 12.7497435 ], [ 29.6425743, 12.470871 ], [ 29.5678597, 12.4175711 ], [ 29.5183678, 12.3547525 ], [ 29.5036144, 12.279562 ], [ 29.4990025, 12.272583 ], [ 29.2599392, 12.29177 ], [ 29.2175407, 12.3045397 ], [ 29.0007191, 12.4760199 ], [ 28.9419003, 12.5173903 ], [ 28.8981495, 12.5072002 ], [ 28.7662296, 12.3472404 ], [ 28.7178001, 12.3443899 ], [ 28.64398, 12.1280699 ], [ 28.5377998, 12.2019796 ], [ 28.4976597, 12.2022896 ], [ 28.3427296, 12.3119898 ], [ 28.1758709, 12.4038401 ], [ 28.1382294, 12.4738102 ], [ 28.1472492, 12.8413401 ], [ 27.3589191, 13.1731901 ], [ 27.3784294, 13.2498083 ], [ 27.3822365, 13.3449869 ], [ 27.4950237, 13.4791889 ], [ 27.5297642, 13.5734158 ], [ 27.5288124, 13.6238604 ], [ 27.5007343, 13.690485 ], [ 27.4521942, 13.7571096 ], [ 27.4890537, 13.9797163 ], [ 27.4485855, 14.1176872 ], [ 27.8063431, 14.1187468 ], [ 28.1351852, 14.0702057 ], [ 28.3659916, 13.9854965 ], [ 28.486393, 13.9321966 ], [ 28.600132, 13.8960295 ], [ 28.6382027, 13.8579578 ], [ 28.8718662, 13.8555784 ] ] ] ] } },
{ "type": "Feature", "properties": { "POLYGON_ID": "SDN_GAUL2014_ADM2_37148", "ADM0_ISO3": "SDN", "ADM0_NAME": "Sudan", "ADM0_CODE": 6, "ADM1_NAME": "Northern Kordofan", "ADM1_CODE": 68784, "ADM2_NAME": "Ghebeish", "ADM2_CODE": 37148, "GEOSET": "GAUL", "GEOSET_YEAR": 2014.0, "GEOSET_VERSION": "GAUL_v1", "GEOSET_UNIT": "ADM2", "CENTROID_LONG": 27.667968911442632, "CENTROID_LAT": 12.271647638146158 }, "geometry": { "type": "MultiPolygon", "coordinates": [ [ [ [ 28.64398, 12.1280699 ], [ 28.6182899, 12.0527802 ], [ 28.6361103, 11.9899502 ], [ 28.5774307, 11.9449196 ], [ 28.3922405, 11.9199696 ], [ 28.3571491, 11.89081 ], [ 28.2777004, 11.95152 ], [ 28.2119904, 11.9614897 ], [ 28.0174103, 11.9602804 ], [ 28.0140591, 11.9231501 ], [ 27.8773594, 11.64849 ], [ 27.7182503, 11.4853601 ], [ 27.6435299, 11.40874 ], [ 27.4674206, 11.3421803 ], [ 27.3609791, 11.3376102 ], [ 27.2546444, 11.3970594 ], [ 27.2504158, 11.5960836 ], [ 27.2370892, 11.7202911 ], [ 27.1971149, 11.859252 ], [ 27.1476231, 11.9720383 ], [ 27.0776653, 12.0757828 ], [ 27.0624371, 12.1228962 ], [ 27.0790939, 12.2380619 ], [ 27.0414982, 12.3570347 ], [ 27.038168, 12.4055758 ], [ 27.1095505, 12.5250254 ], [ 27.1266823, 12.579277 ], [ 27.1176414, 12.6972981 ], [ 27.1395321, 12.913353 ], [ 27.2356625, 13.0356569 ], [ 27.3589191, 13.1731901 ], [ 28.1472492, 12.8413401 ], [ 28.1382294, 12.4738102 ], [ 28.1758709, 12.4038401 ], [ 28.3427296, 12.3119898 ], [ 28.4976597, 12.2022896 ], [ 28.5377998, 12.2019796 ], [ 28.64398, 12.1280699 ] ] ] ] } },
{ "type": "Feature", "properties": { "POLYGON_ID": "SDN_GAUL2014_ADM2_37046", "ADM0_ISO3": "SDN", "ADM0_NAME": "Sudan", "ADM0_CODE": 6, "ADM1_NAME": "Gadaref", "ADM1_CODE": 68805, "ADM2_NAME": "Al Faw", "ADM2_CODE": 37046, "GEOSET": "GAUL", "GEOSET_YEAR": 2014.0, "GEOSET_VERSION": "GAUL_v1", "GEOSET_UNIT": "ADM2", "CENTROID_LONG": 34.688668928975595, "CENTROID_LAT": 14.886748615637044 }, "geometry": { "type": "MultiPolygon", "coordinates": [ [ [ [ 34.1980896, 15.7147465 ], [ 34.265152, 15.6640759 ], [ 34.3165474, 15.6521778 ], [ 34.3650894, 15.5979261 ], [ 34.537838, 15.5688972 ], [ 34.7029724, 15.4979897 ], [ 34.6934547, 15.3661671 ], [ 34.716774, 15.3361855 ], [ 34.8124275, 15.2738438 ], [ 34.847168, 15.2695608 ], [ 34.9918404, 15.1924667 ], [ 35.062748, 15.0197172 ], [ 35.1431732, 14.9045515 ], [ 35.249279, 14.915308 ], [ 35.5210152, 14.9243498 ], [ 35.6434135, 14.9353905 ], [ 35.5840492, 14.8030796 ], [ 35.7754898, 14.7899799 ], [ 35.7720795, 14.7071896 ], [ 35.6685905, 14.3527203 ], [ 35.5869397, 14.2018862 ], [ 35.5388184, 14.1471596 ], [ 35.5253716, 14.1001997 ], [ 35.3688393, 14.1953402 ], [ 35.3439903, 14.22328 ], [ 35.1829109, 14.2285204 ], [ 35.0901909, 14.2118502 ], [ 34.8007889, 14.1256399 ], [ 34.7766113, 14.1539698 ], [ 34.7088699, 14.2923698 ], [ 34.6182899, 14.3351202 ], [ 34.4664192, 14.33533 ], [ 34.2201309, 14.3066196 ], [ 34.1226311, 14.3364801 ], [ 34.0856934, 14.403614 ], [ 34.2755089, 14.6718903 ], [ 34.3035851, 14.7508888 ], [ 34.170208, 14.9491358 ], [ 34.0166245, 15.1839504 ], [ 33.7111015, 15.3105373 ], [ 33.640667, 15.3157721 ], [ 33.6287689, 15.3942947 ], [ 33.5691948, 15.4553909 ], [ 33.5791893, 15.5519972 ], [ 33.6272545, 15.6595488 ], [ 33.6677055, 15.6885786 ], [ 33.7152939, 15.6876259 ], [ 33.9865532, 15.7628174 ], [ 34.0836334, 15.7333117 ], [ 34.1980896, 15.7147465 ] ] ] ] } },
{ "type": "Feature", "properties": { "POLYGON_ID": "SDN_GAUL2014_ADM2_37048", "ADM0_ISO3": "SDN", "ADM0_NAME": "Sudan", "ADM0_CODE": 6, "ADM1_NAME": "Gadaref", "ADM1_CODE": 68805, "ADM2_NAME": "Al Gadaref", "ADM2_CODE": 37048, "GEOSET": "GAUL", "GEOSET_YEAR": 2014.0, "GEOSET_VERSION": "GAUL_v1", "GEOSET_UNIT": "ADM2", "CENTROID_LONG": 35.157239505189658, "CENTROID_LAT": 13.985540945231621 }, "geometry": { "type": "MultiPolygon", "coordinates": [ [ [ [ 35.5253716, 14.1001997 ], [ 35.4958992, 13.9788704 ], [ 35.5534287, 13.94771 ], [ 35.6268005, 13.9459 ], [ 35.7305946, 13.9646034 ], [ 35.6403275, 13.8733139 ], [ 35.5803719, 13.8527432 ], [ 35.5226707, 13.8617744 ], [ 35.4348717, 13.8384438 ], [ 35.3884621, 13.8544989 ], [ 35.2994041, 13.8504848 ], [ 35.1646919, 13.8073368 ], [ 35.0955811, 13.8020201 ], [ 35.0169106, 13.8267498 ], [ 34.8200912, 13.6604099 ], [ 34.7417793, 13.9379301 ], [ 34.8553085, 13.9669399 ], [ 34.8328285, 14.0881004 ], [ 34.8007889, 14.1256399 ], [ 35.0901909, 14.2118502 ], [ 35.1829109, 14.2285204 ], [ 35.3439903, 14.22328 ], [ 35.3688393, 14.1953402 ], [ 35.5253716, 14.1001997 ] ] ] ] } },
{ "type": "Feature", "properties": { "POLYGON_ID": "SDN_GAUL2014_ADM2_37049", "ADM0_ISO3": "SDN", "ADM0_NAME": "Sudan", "ADM0_CODE": 6, "ADM1_NAME": "Gadaref", "ADM1_CODE": 68805, "ADM2_NAME": "Al Galabat", "ADM2_CODE": 37049, "GEOSET": "GAUL", "GEOSET_YEAR": 2014.0, "GEOSET_VERSION": "GAUL_v1", "GEOSET_UNIT": "ADM2", "CENTROID_LONG": 35.787543933272204, "CENTROID_LAT": 13.36153486383113 }, "geometry": { "type": "MultiPolygon", "coordinates": [ [ [ [ 36.4537609, 13.7663652 ], [ 36.4536968, 13.7662693 ], [ 36.4522542, 13.7641963 ], [ 36.44405, 13.75509 ], [ 36.4416641, 13.752441 ], [ 36.42242, 13.7288 ], [ 36.3752811, 13.5823973 ], [ 36.3746677, 13.5397799 ], [ 36.3741494, 13.5302287 ], [ 36.2923902, 13.3242405 ], [ 36.2586905, 13.2878898 ], [ 36.2515922, 13.2830615 ], [ 36.1797731, 13.0117723 ], [ 36.1741852, 12.995668 ], [ 36.1715805, 12.9881614 ], [ 36.15029, 12.94091 ], [ 36.15336, 12.92551 ], [ 36.17684, 12.90071 ], [ 36.18224, 12.88992 ], [ 36.1813301, 12.876811 ], [ 36.1808519, 12.8751132 ], [ 36.17645, 12.8194108 ], [ 36.1763025, 12.7926695 ], [ 36.1613662, 12.7178589 ], [ 36.157, 12.70966 ], [ 36.1560377, 12.7005017 ], [ 36.1574774, 12.687961 ], [ 36.1551684, 12.6809202 ], [ 36.1116006, 12.6838399 ], [ 36.1092427, 12.6921169 ], [ 36.06867, 12.72447 ], [ 36.0543419, 12.7198787 ], [ 36.0415094, 12.7191302 ], [ 36.0388435, 12.720009 ], [ 36.0092703, 12.7245172 ], [ 36.0074541, 12.7241602 ], [ 35.7838, 12.66362 ], [ 35.7123044, 12.671024 ], [ 35.70768, 12.66685 ], [ 35.7071188, 12.6665642 ], [ 35.6021881, 12.7023296 ], [ 35.5548286, 12.7311564 ], [ 35.333889, 12.7377453 ], [ 35.3151512, 12.7743979 ], [ 35.2099724, 12.8254318 ], [ 35.4379501, 12.9516897 ], [ 35.4264297, 13.0508699 ], [ 35.3866081, 13.2772303 ], [ 35.3035889, 13.5360203 ], [ 35.2112007, 13.5543499 ], [ 35.1296005, 13.4970198 ], [ 35.0958519, 13.57827 ], [ 35.05513, 13.7644596 ], [ 35.0955811, 13.8020201 ], [ 35.1646919, 13.8073368 ], [ 35.2994041, 13.8504848 ], [ 35.3884621, 13.8544989 ], [ 35.4348717, 13.8384438 ], [ 35.5226707, 13.8617744 ], [ 35.5803719, 13.8527432 ], [ 35.6403275, 13.8733139 ], [ 35.7305946, 13.9646034 ], [ 35.7853508, 13.9744701 ], [ 35.9724617, 13.9355803 ], [ 36.075489, 13.9534597 ], [ 36.2547798, 13.8864098 ], [ 36.3689194, 13.7925596 ], [ 36.4537609, 13.7663652 ] ] ] ] } },
{ "type": "Feature", "properties": { "POLYGON_ID": "SDN_GAUL2014_ADM2_37050", "ADM0_ISO3": "SDN", "ADM0_NAME": "Sudan", "ADM0_CODE": 6, "ADM1_NAME": "Gadaref", "ADM1_CODE": 68805, "ADM2_NAME": "Al Rahd", "ADM2_CODE": 37050, "GEOSET": "GAUL", "GEOSET_YEAR": 2014.0, "GEOSET_VERSION": "GAUL_v1", "GEOSET_UNIT": "ADM2", "CENTROID_LONG": 34.698765269131286, "CENTROID_LAT": 13.644405859289646 }, "geometry": { "type": "MultiPolygon", "coordinates": [ [ [ [ 34.8007889, 14.1256399 ], [ 34.8328285, 14.0881004 ], [ 34.8553085, 13.9669399 ], [ 34.7417793, 13.9379301 ], [ 34.8200912, 13.6604099 ], [ 35.0169106, 13.8267498 ], [ 35.0955811, 13.8020201 ], [ 35.05513, 13.7644596 ], [ 35.0958519, 13.57827 ], [ 35.1296005, 13.4970198 ], [ 35.2112007, 13.5543499 ], [ 35.3035889, 13.5360203 ], [ 35.3866081, 13.2772303 ], [ 35.4264297, 13.0508699 ], [ 35.4379501, 12.9516897 ], [ 35.2099724, 12.8254318 ], [ 35.1333313, 12.9045324 ], [ 35.0804138, 12.8989725 ], [ 35.0596161, 12.9292421 ], [ 34.975605, 12.9325361 ], [ 34.9578972, 12.9700117 ], [ 34.9053917, 12.9786596 ], [ 34.883564, 13.0424919 ], [ 34.8094368, 13.0826445 ], [ 34.8201447, 13.1038532 ], [ 34.7686653, 13.1833344 ], [ 34.6589165, 13.1765394 ], [ 34.5723839, 13.2537413 ], [ 34.3648949, 13.495018 ], [ 34.2755089, 13.6347141 ], [ 34.3168297, 13.6829958 ], [ 34.2682877, 13.7191639 ], [ 34.1916695, 13.7500963 ], [ 34.1559792, 13.7462893 ], [ 34.1207619, 13.8148184 ], [ 34.0955391, 13.8214808 ], [ 34.0612755, 13.9028578 ], [ 33.985569, 13.997304 ], [ 33.9519005, 14.0889225 ], [ 33.9081192, 14.1303253 ], [ 33.9209671, 14.1722031 ], [ 34.0856934, 14.403614 ], [ 34.1226311, 14.3364801 ], [ 34.2201309, 14.3066196 ], [ 34.4664192, 14.33533 ], [ 34.6182899, 14.3351202 ], [ 34.7088699, 14.2923698 ], [ 34.7766113, 14.1539698 ], [ 34.8007889, 14.1256399 ] ] ] ] } },
{ "type": "Feature", "properties": { "POLYGON_ID": "SDN_GAUL2014_ADM2_68803", "ADM0_ISO3": "SDN", "ADM0_NAME": "Sudan", "ADM0_CODE": 6, "ADM1_NAME": "Kassala", "ADM1_CODE": 68783, "ADM2_NAME": "Seteet", "ADM2_CODE": 68803, "GEOSET": "GAUL", "GEOSET_YEAR": 2014.0, "GEOSET_VERSION": "GAUL_v1", "GEOSET_UNIT": "ADM2", "CENTROID_LONG": 36.111691602369476, "CENTROID_LAT": 14.640595028879304 }, "geometry": { "type": "MultiPolygon", "coordinates": [ [ [ [ 36.5586444, 14.2553215 ], [ 36.4994659, 14.2282648 ], [ 36.3677826, 14.2700853 ], [ 36.3354912, 14.3021126 ], [ 36.2605858, 14.2912607 ], [ 36.231205, 14.2367344 ], [ 36.1764145, 14.2023249 ], [ 36.0583611, 14.1975603 ], [ 35.9831886, 14.2417641 ], [ 35.8403282, 14.3039637 ], [ 35.8054466, 14.2787161 ], [ 35.7114334, 14.259449 ], [ 35.5869397, 14.2018862 ], [ 35.6685905, 14.3527203 ], [ 35.7720795, 14.7071896 ], [ 35.7754898, 14.7899799 ], [ 35.5840492, 14.8030796 ], [ 35.6434135, 14.9353905 ], [ 35.9017258, 14.9552832 ], [ 35.9022026, 15.0033484 ], [ 35.9673996, 15.0590277 ], [ 35.9721603, 15.0533171 ], [ 36.0040436, 15.0062037 ], [ 36.4524956, 15.1739761 ], [ 36.4387628, 15.1566335 ], [ 36.4619451, 15.0000396 ], [ 36.50539, 14.51196 ], [ 36.52689, 14.32914 ], [ 36.5603404, 14.2577128 ], [ 36.5586444, 14.2553215 ] ] ] ] } },
{ "type": "Feature", "properties": { "POLYGON_ID": "SDN_GAUL2014_ADM2_68804", "ADM0_ISO3": "SDN", "ADM0_NAME": "Sudan", "ADM0_CODE": 6, "ADM1_NAME": "Gadaref", "ADM1_CODE": 68805, "ADM2_NAME": "Al Fushqa", "ADM2_CODE": 68804, "GEOSET": "GAUL", "GEOSET_YEAR": 2014.0, "GEOSET_VERSION": "GAUL_v1", "GEOSET_UNIT": "ADM2", "CENTROID_LONG": 36.06168480798582, "CENTROID_LAT": 14.077285422173357 }, "geometry": { "type": "MultiPolygon", "coordinates": [ [ [ [ 36.5586444, 14.2553215 ], [ 36.4987084, 14.065652 ], [ 36.4759001, 14.0093604 ], [ 36.4556905, 13.9464088 ], [ 36.4929439, 13.8561604 ], [ 36.4985478, 13.8450887 ], [ 36.4537609, 13.7663652 ], [ 36.3689194, 13.7925596 ], [ 36.2547798, 13.8864098 ], [ 36.075489, 13.9534597 ], [ 35.9724617, 13.9355803 ], [ 35.7853508, 13.9744701 ], [ 35.7305946, 13.9646034 ], [ 35.6268005, 13.9459 ], [ 35.5534287, 13.94771 ], [ 35.4958992, 13.9788704 ], [ 35.5253716, 14.1001997 ], [ 35.5388184, 14.1471596 ], [ 35.5869397, 14.2018862 ], [ 35.7114334, 14.259449 ], [ 35.8054466, 14.2787161 ], [ 35.8403282, 14.3039637 ], [ 35.9831886, 14.2417641 ], [ 36.0583611, 14.1975603 ], [ 36.1764145, 14.2023249 ], [ 36.231205, 14.2367344 ], [ 36.2605858, 14.2912607 ], [ 36.3354912, 14.3021126 ], [ 36.3677826, 14.2700853 ], [ 36.4994659, 14.2282648 ], [ 36.5586444, 14.2553215 ] ] ] ] } }
]
}
