{
"type": "FeatureCollection",
"name": "THA_GAUL2002_ADM1",
"crs": { "type": "name", "properties": { "name": "urn:ogc:def:crs:OGC:1.3:CRS84" } },
"features": [
{ "type": "Feature", "properties": { "POLYGON_ID": "THA_GAUL2002_ADM1_2852", "ADM0_ISO3": "THA", "ADM0_NAME": "Thailand", "ADM0_CODE": 240, "ADM1_NAME": "Ang Thong", "ADM1_CODE": 2852, "GEOSET": "GAUL", "GEOSET_YEAR": 2002.0, "GEOSET_VERSION": "GAUL_v1", "GEOSET_UNIT": "ADM1", "CENTROID_LONG": 100.3503325313813, "CENTROID_LAT": 14.619061085475543 }, "geometry": { "type": "MultiPolygon", "coordinates": [ [ [ [ 100.4716187, 14.7205753 ], [ 100.5146179, 14.6705875 ], [ 100.4833145, 14.5621452 ], [ 100.5025177, 14.502738 ], [ 100.5024185, 14.454751 ], [ 100.4642181, 14.4365721 ], [ 100.4228134, 14.4424515 ], [ 100.4111176, 14.5082874 ], [ 100.3204117, 14.4866791 ], [ 100.2534103, 14.4834795 ], [ 100.2090073, 14.5158777 ], [ 100.1932068, 14.611042 ], [ 100.2301102, 14.6492796 ], [ 100.216011, 14.6680574 ], [ 100.2134476, 14.7754278 ], [ 100.2319107, 14.7875118 ], [ 100.3291168, 14.7994213 ], [ 100.3431168, 14.7691832 ], [ 100.4187164, 14.7243853 ], [ 100.4716187, 14.7205753 ] ] ] ] } },
{ "type": "Feature", "properties": { "POLYGON_ID": "THA_GAUL2002_ADM1_2853", "ADM0_ISO3": "THA", "ADM0_NAME": "Thailand", "ADM0_CODE": 240, "ADM1_NAME": "Bangkok", "ADM1_CODE": 2853, "GEOSET": "GAUL", "GEOSET_YEAR": 2002.0, "GEOSET_VERSION": "GAUL_v1", "GEOSET_UNIT": "ADM1", "CENTROID_LONG": 100.62711602428166, "CENTROID_LAT": 13.77093682243105 }, "geometry": { "type": "MultiPolygon", "coordinates": [ [ [ [ 100.9173126, 13.94767 ], [ 100.9095154, 13.8622847 ], [ 100.8978119, 13.8483658 ], [ 100.9355164, 13.8022776 ], [ 100.9031143, 13.7721205 ], [ 100.8637161, 13.697114 ], [ 100.8025131, 13.7138634 ], [ 100.7172089, 13.7168598 ], [ 100.700119, 13.6594763 ], [ 100.6588135, 13.6683464 ], [ 100.6401138, 13.6476269 ], [ 100.5868149, 13.6686258 ], [ 100.5227127, 13.6684456 ], [ 100.5214157, 13.6017685 ], [ 100.4563141, 13.6022186 ], [ 100.4478149, 13.5552921 ], [ 100.4549568, 13.5017638 ], [ 100.4091908, 13.4930153 ], [ 100.4212189, 13.5407429 ], [ 100.3965149, 13.5562325 ], [ 100.3770142, 13.6206188 ], [ 100.3358154, 13.6817446 ], [ 100.3376465, 13.7323551 ], [ 100.3316116, 13.8013172 ], [ 100.5000153, 13.7952576 ], [ 100.5498123, 13.8485956 ], [ 100.5712128, 13.9482794 ], [ 100.6285172, 13.9490995 ], [ 100.6914139, 13.9125614 ], [ 100.9173126, 13.94767 ] ] ] ] } },
{ "type": "Feature", "properties": { "POLYGON_ID": "THA_GAUL2002_ADM1_2854", "ADM0_ISO3": "THA", "ADM0_NAME": "Thailand", "ADM0_CODE": 240, "ADM1_NAME": "Buriram", "ADM1_CODE": 2854, "GEOSET": "GAUL", "GEOSET_YEAR": 2002.0, "GEOSET_VERSION": "GAUL_v1", "GEOSET_UNIT": "ADM1", "CENTROID_LONG": 102.95837620979025, "CENTROID_LAT": 14.815190668745451 }, "geometry": { "type": "MultiPolygon", "coordinates": [ [ [ [ 103.1155396, 15.4787645 ], [ 103.1108398, 15.4045582 ], [ 103.1498413, 15.3961 ], [ 103.2231369, 15.3187046 ], [ 103.2789383, 15.3140945 ], [ 103.2999344, 15.2987843 ], [ 103.3317413, 15.3323812 ], [ 103.3647537, 15.3413935 ], [ 103.4088593, 15.3057461 ], [ 103.4533386, 15.3402424 ], [ 103.495636, 15.3118534 ], [ 103.4417496, 15.2413731 ], [ 103.4232407, 15.1966505 ], [ 103.4321365, 15.1123362 ], [ 103.4454346, 15.0816069 ], [ 103.4172363, 14.9963522 ], [ 103.4285355, 14.9359455 ], [ 103.4013596, 14.8877583 ], [ 103.3464355, 14.8266916 ], [ 103.2907791, 14.7790756 ], [ 103.2602768, 14.6695995 ], [ 103.2335358, 14.6320219 ], [ 103.2141037, 14.5731163 ], [ 103.218605, 14.4991989 ], [ 103.249939, 14.427803 ], [ 103.2248917, 14.3668022 ], [ 103.2320456, 14.3246176 ], [ 103.2310515, 14.3245368 ], [ 103.18694, 14.32963 ], [ 103.16376, 14.32206 ], [ 103.1488334, 14.3185934 ], [ 103.13705, 14.31373 ], [ 103.1144, 14.30317 ], [ 103.09269, 14.29263 ], [ 103.07779, 14.2836 ], [ 103.06407, 14.27459 ], [ 103.0573402, 14.2685603 ], [ 103.04056, 14.24883 ], [ 103.0386752, 14.2464453 ], [ 103.0373692, 14.244793 ], [ 103.0329951, 14.2392587 ], [ 103.02265, 14.22617 ], [ 103.00731, 14.21598 ], [ 103.0, 14.2115 ], [ 102.99857, 14.20793 ], [ 102.96131, 14.20128 ], [ 102.9420863, 14.1769181 ], [ 102.8672409, 14.1433401 ], [ 102.81884, 14.1654282 ], [ 102.7657394, 14.133811 ], [ 102.6956329, 14.1266499 ], [ 102.6580276, 14.1591187 ], [ 102.6400299, 14.145009 ], [ 102.5981293, 14.1613283 ], [ 102.5517273, 14.1304007 ], [ 102.4757309, 14.1276903 ], [ 102.4353333, 14.1474991 ], [ 102.4531326, 14.1842375 ], [ 102.5055313, 14.1825676 ], [ 102.5397339, 14.1967764 ], [ 102.6347275, 14.2656031 ], [ 102.6429291, 14.3194599 ], [ 102.5886307, 14.3296795 ], [ 102.5569305, 14.393755 ], [ 102.6049271, 14.4632311 ], [ 102.5857315, 14.5065088 ], [ 102.4899292, 14.4986496 ], [ 102.5019302, 14.5721846 ], [ 102.4699326, 14.624053 ], [ 102.4770279, 14.6612511 ], [ 102.4582291, 14.6921282 ], [ 102.4803314, 14.7468662 ], [ 102.437027, 14.782074 ], [ 102.4517288, 14.8448792 ], [ 102.5036316, 14.8041811 ], [ 102.5572281, 14.8429689 ], [ 102.5470276, 14.8826075 ], [ 102.5837326, 14.951354 ], [ 102.61483, 14.9336042 ], [ 102.6903305, 14.9301844 ], [ 102.7121277, 14.9724627 ], [ 102.7545395, 14.9942713 ], [ 102.7848358, 15.0391989 ], [ 102.7705383, 15.0664177 ], [ 102.7915344, 15.0996151 ], [ 102.857338, 15.1643219 ], [ 102.9018402, 15.1820898 ], [ 102.9460373, 15.1799221 ], [ 102.9634399, 15.223588 ], [ 102.9568405, 15.308423 ], [ 102.9911346, 15.3328524 ], [ 102.9713364, 15.4135275 ], [ 103.0115356, 15.4289684 ], [ 102.9829407, 15.4758749 ], [ 102.9412384, 15.4752645 ], [ 102.9116364, 15.5104733 ], [ 102.8218384, 15.5076132 ], [ 102.7863388, 15.5593796 ], [ 102.772934, 15.6195364 ], [ 102.7830276, 15.6409054 ], [ 102.8340378, 15.6304464 ], [ 102.866333, 15.6454554 ], [ 102.8820419, 15.6931133 ], [ 102.8836365, 15.7688589 ], [ 102.9336395, 15.7927418 ], [ 102.9437103, 15.7669497 ], [ 103.0087357, 15.7219515 ], [ 103.0110397, 15.6865129 ], [ 102.9812927, 15.6550436 ], [ 103.0577927, 15.5545473 ], [ 103.0943909, 15.526886 ], [ 103.0785217, 15.4925318 ], [ 103.1155396, 15.4787645 ] ] ] ] } },
{ "type": "Feature", "properties": { "POLYGON_ID": "THA_GAUL2002_ADM1_2855", "ADM0_ISO3": "THA", "ADM0_NAME": "Thailand", "ADM0_CODE": 240, "ADM1_NAME": "Chachoengsao", "ADM1_CODE": 2855, "GEOSET": "GAUL", "GEOSET_YEAR": 2002.0, "GEOSET_VERSION": "GAUL_v1", "GEOSET_UNIT": "ADM1", "CENTROID_LONG": 101.44572272388505, "CENTROID_LAT": 13.608174195326812 }, "geometry": { "type": "MultiPolygon", "coordinates": [ [ [ [ 101.1427231, 13.968749 ], [ 101.1575241, 13.94419 ], [ 101.15522, 13.8785839 ], [ 101.1669235, 13.8511543 ], [ 101.2351227, 13.8826942 ], [ 101.3663254, 13.8659344 ], [ 101.4725266, 13.8230877 ], [ 101.5357208, 13.7848597 ], [ 101.6171265, 13.787179 ], [ 101.6854248, 13.7571011 ], [ 101.7070236, 13.7948389 ], [ 101.7588196, 13.8105574 ], [ 101.7907257, 13.7792301 ], [ 101.8110199, 13.7061539 ], [ 101.883728, 13.704874 ], [ 101.8849335, 13.6746063 ], [ 101.9214325, 13.6384878 ], [ 101.9207306, 13.5846205 ], [ 101.9447327, 13.521594 ], [ 101.9473343, 13.436079 ], [ 101.9809341, 13.401782 ], [ 101.9932327, 13.3516951 ], [ 101.9484329, 13.291358 ], [ 101.9106293, 13.2855988 ], [ 101.8913269, 13.2308521 ], [ 101.8564301, 13.245841 ], [ 101.7745209, 13.1826735 ], [ 101.722023, 13.1792936 ], [ 101.6697235, 13.26863 ], [ 101.629921, 13.3015966 ], [ 101.5975266, 13.3098869 ], [ 101.5623245, 13.3471842 ], [ 101.5348206, 13.4050016 ], [ 101.4946213, 13.4248905 ], [ 101.4570236, 13.4085407 ], [ 101.4105225, 13.4628973 ], [ 101.3759232, 13.4540987 ], [ 101.3224258, 13.5032854 ], [ 101.2980194, 13.5507822 ], [ 101.1626205, 13.5982008 ], [ 101.0981216, 13.5525227 ], [ 101.0560226, 13.4998951 ], [ 101.004921, 13.4617577 ], [ 100.9799938, 13.4712604 ], [ 100.9409757, 13.4625754 ], [ 100.8531033, 13.4781555 ], [ 100.8747177, 13.4902668 ], [ 100.8947144, 13.5631819 ], [ 100.9631119, 13.6332684 ], [ 100.9537125, 13.6647758 ], [ 100.8637161, 13.697114 ], [ 100.9031143, 13.7721205 ], [ 100.9355164, 13.8022776 ], [ 100.8978119, 13.8483658 ], [ 100.9095154, 13.8622847 ], [ 100.9173126, 13.94767 ], [ 100.9182129, 13.9598989 ], [ 101.0450211, 13.9752293 ], [ 101.1427231, 13.968749 ] ] ] ] } },
{ "type": "Feature", "properties": { "POLYGON_ID": "THA_GAUL2002_ADM1_2856", "ADM0_ISO3": "THA", "ADM0_NAME": "Thailand", "ADM0_CODE": 240, "ADM1_NAME": "Chainat", "ADM1_CODE": 2856, "GEOSET": "GAUL", "GEOSET_YEAR": 2002.0, "GEOSET_VERSION": "GAUL_v1", "GEOSET_UNIT": "ADM1", "CENTROID_LONG": 100.03272343331606, "CENTROID_LAT": 15.131522643217895 }, "geometry": { "type": "MultiPolygon", "coordinates": [ [ [ [ 100.3500137, 15.1081944 ], [ 100.2463074, 15.0384378 ], [ 100.2748184, 14.968832 ], [ 100.2455063, 14.9451342 ], [ 100.2053757, 14.9522686 ], [ 100.1362076, 14.9117041 ], [ 100.1092072, 14.9481325 ], [ 100.0500107, 14.9580412 ], [ 100.0371094, 14.9120245 ], [ 99.9727478, 14.9001646 ], [ 99.9317245, 14.9071712 ], [ 99.8402939, 14.9410324 ], [ 99.8187714, 14.9360733 ], [ 99.7192688, 14.9744205 ], [ 99.78228, 15.0224085 ], [ 99.8267746, 15.0678959 ], [ 99.7548904, 15.1584911 ], [ 99.7636414, 15.1728735 ], [ 99.728035, 15.2243576 ], [ 99.726387, 15.2727547 ], [ 99.7924805, 15.3142233 ], [ 99.8553314, 15.3063326 ], [ 99.8844147, 15.284894 ], [ 99.9623642, 15.3025723 ], [ 100.0680084, 15.2805748 ], [ 100.1004486, 15.3504295 ], [ 100.0804062, 15.3646898 ], [ 100.1070099, 15.4136858 ], [ 100.2091064, 15.3610001 ], [ 100.2671127, 15.2840233 ], [ 100.304718, 15.1726503 ], [ 100.3530731, 15.1433125 ], [ 100.3500137, 15.1081944 ] ] ] ] } },
{ "type": "Feature", "properties": { "POLYGON_ID": "THA_GAUL2002_ADM1_2857", "ADM0_ISO3": "THA", "ADM0_NAME": "Thailand", "ADM0_CODE": 240, "ADM1_NAME": "Chaiyaphum", "ADM1_CODE": 2857, "GEOSET": "GAUL", "GEOSET_YEAR": 2002.0, "GEOSET_VERSION": "GAUL_v1", "GEOSET_UNIT": "ADM1", "CENTROID_LONG": 101.82079872194782, "CENTROID_LAT": 16.028288092062564 }, "geometry": { "type": "MultiPolygon", "coordinates": [ [ [ [ 101.7543259, 16.6648788 ], [ 101.7801209, 16.6435585 ], [ 101.8529205, 16.6541786 ], [ 101.9784241, 16.6088104 ], [ 101.9970245, 16.5623455 ], [ 102.0270233, 16.5568333 ], [ 102.0429306, 16.5108166 ], [ 102.0864334, 16.4910278 ], [ 102.2040329, 16.5013084 ], [ 102.24823, 16.4663677 ], [ 102.2988281, 16.4442997 ], [ 102.4105301, 16.4468308 ], [ 102.4187317, 16.4204521 ], [ 102.4606323, 16.3905735 ], [ 102.4234314, 16.2987175 ], [ 102.416832, 16.2493324 ], [ 102.3385315, 16.1379471 ], [ 102.2815323, 16.0717716 ], [ 102.3035278, 16.037344 ], [ 102.3402328, 16.0342541 ], [ 102.3883286, 15.9928255 ], [ 102.3779297, 15.9445381 ], [ 102.3220291, 15.8427935 ], [ 102.3308945, 15.7997217 ], [ 102.2626343, 15.7778368 ], [ 102.2377319, 15.7405186 ], [ 102.2097321, 15.7533283 ], [ 102.1626282, 15.7376795 ], [ 102.1329269, 15.6492348 ], [ 102.0806274, 15.6206865 ], [ 102.0457306, 15.5501604 ], [ 102.0405273, 15.470624 ], [ 102.0176315, 15.452095 ], [ 101.9372253, 15.4526749 ], [ 101.9330215, 15.4335661 ], [ 101.8811264, 15.3893576 ], [ 101.8115234, 15.427496 ], [ 101.7814255, 15.3779783 ], [ 101.7326202, 15.3783693 ], [ 101.6661224, 15.3958778 ], [ 101.6214218, 15.3599806 ], [ 101.60392, 15.3711395 ], [ 101.5252228, 15.3699694 ], [ 101.4843216, 15.345211 ], [ 101.4338226, 15.3496904 ], [ 101.411026, 15.3107128 ], [ 101.3855896, 15.3290911 ], [ 101.3820267, 15.434206 ], [ 101.3897247, 15.4691744 ], [ 101.374321, 15.5757074 ], [ 101.4096375, 15.7325315 ], [ 101.3504257, 15.7451591 ], [ 101.324234, 15.7870359 ], [ 101.3388214, 15.8738709 ], [ 101.3665237, 15.8923607 ], [ 101.3787231, 15.9515467 ], [ 101.3623199, 15.9620667 ], [ 101.3277054, 16.0327148 ], [ 101.3450089, 16.1496391 ], [ 101.3819199, 16.1840439 ], [ 101.3527756, 16.2529087 ], [ 101.3735199, 16.2706509 ], [ 101.3833237, 16.3456554 ], [ 101.4049225, 16.3945923 ], [ 101.4771194, 16.4770889 ], [ 101.4706268, 16.5154629 ], [ 101.502121, 16.5585938 ], [ 101.5130692, 16.6518593 ], [ 101.5331192, 16.6758575 ], [ 101.5772247, 16.6429272 ], [ 101.5800247, 16.718996 ], [ 101.6417236, 16.6773968 ], [ 101.6922226, 16.682457 ], [ 101.7281265, 16.6493683 ], [ 101.7543259, 16.6648788 ] ] ] ] } },
{ "type": "Feature", "properties": { "POLYGON_ID": "THA_GAUL2002_ADM1_2858", "ADM0_ISO3": "THA", "ADM0_NAME": "Thailand", "ADM0_CODE": 240, "ADM1_NAME": "Chanthaburi", "ADM1_CODE": 2858, "GEOSET": "GAUL", "GEOSET_YEAR": 2002.0, "GEOSET_VERSION": "GAUL_v1", "GEOSET_UNIT": "ADM1", "CENTROID_LONG": 102.13096742938176, "CENTROID_LAT": 12.876094893683446 }, "geometry": { "type": "MultiPolygon", "coordinates": [ [ [ [ 102.3516968, 13.2974156 ], [ 102.3597099, 13.2733871 ], [ 102.36328, 13.26268 ], [ 102.3723648, 13.2420231 ], [ 102.37853, 13.23671 ], [ 102.3796916, 13.2323938 ], [ 102.38071, 13.22861 ], [ 102.3798774, 13.2250325 ], [ 102.3918283, 13.1947937 ], [ 102.39355, 13.18946 ], [ 102.39484, 13.17171 ], [ 102.40548, 13.14868 ], [ 102.4058571, 13.1478577 ], [ 102.40653, 13.14639 ], [ 102.41554, 13.13908 ], [ 102.42012, 13.13324 ], [ 102.42049, 13.12839 ], [ 102.4259219, 13.109564 ], [ 102.43444, 13.09865 ], [ 102.43839, 13.08523 ], [ 102.44162, 13.0824 ], [ 102.45569, 13.08166 ], [ 102.46314, 13.07898 ], [ 102.4638471, 13.079068 ], [ 102.48254, 13.04968 ], [ 102.4861, 13.03925 ], [ 102.49997, 13.01665 ], [ 102.51675, 13.00216 ], [ 102.5319962, 12.9995207 ], [ 102.5284015, 12.9980983 ], [ 102.51937, 12.99453 ], [ 102.5038734, 12.9872388 ], [ 102.50129, 12.98269 ], [ 102.4971434, 12.9819793 ], [ 102.49283, 12.98124 ], [ 102.4904959, 12.9788961 ], [ 102.4862475, 12.97463 ], [ 102.4935186, 12.9704474 ], [ 102.49608, 12.96806 ], [ 102.4998933, 12.9660194 ], [ 102.50234, 12.96471 ], [ 102.5053086, 12.9607382 ], [ 102.50049, 12.95439 ], [ 102.4907013, 12.9475895 ], [ 102.48968, 12.94688 ], [ 102.4925231, 12.9424027 ], [ 102.50053, 12.92503 ], [ 102.5040079, 12.9098167 ], [ 102.5055, 12.90329 ], [ 102.51029, 12.89629 ], [ 102.5135301, 12.8884067 ], [ 102.51544, 12.88376 ], [ 102.51418, 12.84281 ], [ 102.5204773, 12.8355131 ], [ 102.5192969, 12.8327374 ], [ 102.51882, 12.83162 ], [ 102.5186998, 12.8232705 ], [ 102.52104, 12.81958 ], [ 102.53482, 12.81573 ], [ 102.53943, 12.80434 ], [ 102.53523, 12.78072 ], [ 102.53448, 12.766 ], [ 102.5301402, 12.7583747 ], [ 102.5264008, 12.750838 ], [ 102.4468308, 12.7371798 ], [ 102.3886337, 12.6713142 ], [ 102.4060287, 12.6192083 ], [ 102.3551331, 12.5885887 ], [ 102.3126297, 12.5483723 ], [ 102.3466339, 12.4762955 ], [ 102.3317337, 12.4255285 ], [ 102.371727, 12.4009695 ], [ 102.3446706, 12.3315328 ], [ 102.2938862, 12.2983723 ], [ 102.2653908, 12.296082 ], [ 102.2235823, 12.3282741 ], [ 102.1014523, 12.4550052 ], [ 102.0526855, 12.4725807 ], [ 102.0221029, 12.5209722 ], [ 101.9812121, 12.5418043 ], [ 101.9450236, 12.5317908 ], [ 101.8966172, 12.5708708 ], [ 101.9052304, 12.5960463 ], [ 101.8672987, 12.6134468 ], [ 101.8628118, 12.6422246 ], [ 101.7864664, 12.6912447 ], [ 101.8032303, 12.7511892 ], [ 101.821434, 12.7570591 ], [ 101.8317337, 12.8243542 ], [ 101.7922287, 12.9391394 ], [ 101.7415237, 12.9565277 ], [ 101.7594223, 13.0075445 ], [ 101.7201233, 13.0326939 ], [ 101.6891251, 13.1202478 ], [ 101.697525, 13.1444855 ], [ 101.722023, 13.1792936 ], [ 101.7745209, 13.1826735 ], [ 101.8564301, 13.245841 ], [ 101.8913269, 13.2308521 ], [ 101.9106293, 13.2855988 ], [ 101.9484329, 13.291358 ], [ 101.9932327, 13.3516951 ], [ 102.0091324, 13.2950783 ], [ 102.0374298, 13.27388 ], [ 102.0301285, 13.2339315 ], [ 102.1126328, 13.2635202 ], [ 102.1404343, 13.3264465 ], [ 102.18573, 13.3086967 ], [ 102.204628, 13.258131 ], [ 102.2766342, 13.2533207 ], [ 102.3233337, 13.2928381 ], [ 102.3516968, 13.2974156 ] ] ] ] } },
{ "type": "Feature", "properties": { "POLYGON_ID": "THA_GAUL2002_ADM1_2859", "ADM0_ISO3": "THA", "ADM0_NAME": "Thailand", "ADM0_CODE": 240, "ADM1_NAME": "Chiang Mai", "ADM1_CODE": 2859, "GEOSET": "GAUL", "GEOSET_YEAR": 2002.0, "GEOSET_VERSION": "GAUL_v1", "GEOSET_UNIT": "ADM1", "CENTROID_LONG": 98.734210656343038, "CENTROID_LAT": 18.794913875574526 }, "geometry": { "type": "MultiPolygon", "coordinates": [ [ [ [ 99.4080963, 18.9996014 ], [ 99.3790283, 18.9784431 ], [ 99.392067, 18.8672981 ], [ 99.3582001, 18.8412399 ], [ 99.375267, 18.7531967 ], [ 99.3532562, 18.7320766 ], [ 99.3334122, 18.678978 ], [ 99.3583298, 18.6103516 ], [ 99.3210602, 18.5289364 ], [ 99.2241516, 18.5873241 ], [ 99.2360535, 18.6477985 ], [ 99.2135315, 18.654871 ], [ 99.1895981, 18.7068386 ], [ 99.1447983, 18.6989079 ], [ 99.0991592, 18.6661911 ], [ 99.0146484, 18.6680107 ], [ 98.969223, 18.6141815 ], [ 98.9378281, 18.5384579 ], [ 98.851059, 18.4956703 ], [ 98.7695999, 18.4307041 ], [ 98.7120743, 18.4368305 ], [ 98.6867065, 18.361805 ], [ 98.676033, 18.2934189 ], [ 98.7709198, 18.2524719 ], [ 98.7879486, 18.1723843 ], [ 98.8065491, 18.1549835 ], [ 98.8148422, 18.0791817 ], [ 98.7958069, 18.0249825 ], [ 98.8295975, 17.9909554 ], [ 98.8713837, 17.8536415 ], [ 98.8544693, 17.8110352 ], [ 98.8021164, 17.7931061 ], [ 98.7942963, 17.8222542 ], [ 98.6950302, 17.7708588 ], [ 98.6402512, 17.7364807 ], [ 98.6022034, 17.7999058 ], [ 98.5606918, 17.7948055 ], [ 98.5250397, 17.8202934 ], [ 98.5089264, 17.7495098 ], [ 98.5283432, 17.7043591 ], [ 98.5415573, 17.6147499 ], [ 98.5888367, 17.5766277 ], [ 98.5439911, 17.5534973 ], [ 98.5236893, 17.4734135 ], [ 98.5618973, 17.4286861 ], [ 98.5446396, 17.3649616 ], [ 98.5621109, 17.2953625 ], [ 98.541153, 17.2753143 ], [ 98.498085, 17.2780933 ], [ 98.464035, 17.3118134 ], [ 98.3637161, 17.2849846 ], [ 98.3271332, 17.3067646 ], [ 98.3357925, 17.3474007 ], [ 98.298645, 17.4010868 ], [ 98.3284378, 17.4149075 ], [ 98.3341751, 17.4815636 ], [ 98.3019257, 17.5718079 ], [ 98.2720108, 17.5758247 ], [ 98.2167435, 17.53829 ], [ 98.1455078, 17.5394669 ], [ 98.1179428, 17.5742378 ], [ 98.0911942, 17.6338444 ], [ 98.1426926, 17.6695671 ], [ 98.1572113, 17.7268276 ], [ 98.1525726, 17.7722149 ], [ 98.1141739, 17.788847 ], [ 98.0602493, 17.8624229 ], [ 98.0165253, 17.8922501 ], [ 98.0403519, 17.9391994 ], [ 98.1010818, 17.9597092 ], [ 98.1535416, 17.9369679 ], [ 98.1905594, 17.9778004 ], [ 98.2487488, 17.9881458 ], [ 98.2395935, 18.0216141 ], [ 98.2904205, 18.0726109 ], [ 98.2070541, 18.0865154 ], [ 98.1736984, 18.1125565 ], [ 98.1631393, 18.1521378 ], [ 98.1818619, 18.1881657 ], [ 98.1419754, 18.2372131 ], [ 98.1438828, 18.2759895 ], [ 98.1746216, 18.2813091 ], [ 98.173439, 18.3451939 ], [ 98.1312256, 18.4007683 ], [ 98.0793915, 18.4266377 ], [ 98.1120758, 18.4566021 ], [ 98.1263733, 18.496479 ], [ 98.2118835, 18.5343361 ], [ 98.2422943, 18.5689011 ], [ 98.1502151, 18.6355915 ], [ 98.1257095, 18.6315422 ], [ 98.0850296, 18.8180313 ], [ 98.0954514, 18.85816 ], [ 98.1303787, 18.9056168 ], [ 98.1644135, 18.9160995 ], [ 98.1874619, 19.0279121 ], [ 98.2550735, 19.1097984 ], [ 98.2457352, 19.1461945 ], [ 98.345871, 19.1458416 ], [ 98.35952, 19.0871792 ], [ 98.4041061, 19.0323811 ], [ 98.4831238, 19.0386696 ], [ 98.5319138, 19.0224113 ], [ 98.6438293, 19.0623608 ], [ 98.6557388, 19.0907574 ], [ 98.6355972, 19.1522751 ], [ 98.574028, 19.2062931 ], [ 98.6016617, 19.2240677 ], [ 98.6064224, 19.2733402 ], [ 98.5962753, 19.3556786 ], [ 98.580307, 19.3783035 ], [ 98.6044235, 19.466608 ], [ 98.5469437, 19.5564346 ], [ 98.542923, 19.6067505 ], [ 98.4747314, 19.6592026 ], [ 98.472246, 19.6939797 ], [ 98.5157494, 19.7131722 ], [ 98.5687839, 19.6756465 ], [ 98.5890007, 19.7146954 ], [ 98.6230011, 19.7142405 ], [ 98.6326192, 19.7288195 ], [ 98.7105785, 19.7666221 ], [ 98.7852145, 19.7595601 ], [ 98.8339322, 19.8124767 ], [ 98.8984362, 19.7732765 ], [ 98.9409549, 19.7639432 ], [ 99.0135478, 19.7904914 ], [ 99.0363627, 19.8639139 ], [ 99.0280663, 19.9138993 ], [ 99.0450738, 19.9485365 ], [ 99.0280663, 19.970107 ], [ 99.0477701, 20.0070256 ], [ 99.0444516, 20.0397961 ], [ 99.0730739, 20.0987001 ], [ 99.1307334, 20.1049223 ], [ 99.1684817, 20.1331298 ], [ 99.2568376, 20.1140483 ], [ 99.3134601, 20.0711148 ], [ 99.3775492, 20.0887445 ], [ 99.4401865, 20.0887445 ], [ 99.48872, 20.1119742 ], [ 99.5128352, 20.1462245 ], [ 99.5739746, 20.1176357 ], [ 99.4979172, 20.0806274 ], [ 99.5374451, 20.0339298 ], [ 99.5139847, 20.014101 ], [ 99.512352, 19.9719734 ], [ 99.4517288, 19.9702835 ], [ 99.3908005, 19.8884678 ], [ 99.4180069, 19.8389397 ], [ 99.3692627, 19.7727928 ], [ 99.3648911, 19.7227554 ], [ 99.3223877, 19.7044163 ], [ 99.2710266, 19.6585693 ], [ 99.2641373, 19.6252403 ], [ 99.2956085, 19.5957508 ], [ 99.3304825, 19.5361938 ], [ 99.2987976, 19.4932079 ], [ 99.3199234, 19.4562187 ], [ 99.3132095, 19.4276009 ], [ 99.3356628, 19.3731346 ], [ 99.3204575, 19.3458767 ], [ 99.3458023, 19.2651081 ], [ 99.3075867, 19.1902142 ], [ 99.3234863, 19.122406 ], [ 99.3849335, 19.0592403 ], [ 99.4080963, 18.9996014 ] ] ] ] } },
{ "type": "Feature", "properties": { "POLYGON_ID": "THA_GAUL2002_ADM1_2860", "ADM0_ISO3": "THA", "ADM0_NAME": "Thailand", "ADM0_CODE": 240, "ADM1_NAME": "Chiang Rai", "ADM1_CODE": 2860, "GEOSET": "GAUL", "GEOSET_YEAR": 2002.0, "GEOSET_VERSION": "GAUL_v1", "GEOSET_UNIT": "ADM1", "CENTROID_LONG": 99.870249145569687, "CENTROID_LAT": 19.845623721186023 }, "geometry": { "type": "MultiPolygon", "coordinates": [ [ [ [ 100.0853162, 20.3527318 ], [ 100.0933062, 20.2657105 ], [ 100.1082145, 20.2523313 ], [ 100.1747281, 20.2485087 ], [ 100.1680385, 20.299923 ], [ 100.2133366, 20.313111 ], [ 100.2309206, 20.3608938 ], [ 100.2624572, 20.3972087 ], [ 100.3144449, 20.4027515 ], [ 100.3563382, 20.3785403 ], [ 100.4202207, 20.2492499 ], [ 100.4525223, 20.2319174 ], [ 100.4526656, 20.2042712 ], [ 100.5281594, 20.1437882 ], [ 100.551336, 20.1762669 ], [ 100.5770913, 20.1686477 ], [ 100.5697155, 20.1007931 ], [ 100.5173322, 19.9443044 ], [ 100.5200734, 19.9043603 ], [ 100.4997098, 19.8691154 ], [ 100.44136, 19.8366119 ], [ 100.4389937, 19.7940991 ], [ 100.4170803, 19.7841363 ], [ 100.4092681, 19.7346271 ], [ 100.3876114, 19.7083569 ], [ 100.330307, 19.699976 ], [ 100.3062058, 19.6408405 ], [ 100.2540054, 19.6359482 ], [ 100.2400055, 19.6053619 ], [ 100.1712112, 19.5831223 ], [ 100.1505051, 19.5539551 ], [ 100.078804, 19.5417652 ], [ 100.068306, 19.4582081 ], [ 100.0080109, 19.426651 ], [ 99.9249344, 19.4096508 ], [ 99.8853607, 19.4510212 ], [ 99.8583984, 19.4373894 ], [ 99.7998047, 19.4476795 ], [ 99.7385406, 19.4219112 ], [ 99.6884995, 19.41432 ], [ 99.6972198, 19.3778133 ], [ 99.6356812, 19.3819828 ], [ 99.5844345, 19.4037094 ], [ 99.5816803, 19.3065758 ], [ 99.5497055, 19.2391796 ], [ 99.5423889, 19.1573677 ], [ 99.5638962, 19.1379681 ], [ 99.531311, 19.071558 ], [ 99.4970856, 19.0733719 ], [ 99.4387283, 19.0051041 ], [ 99.4080963, 18.9996014 ], [ 99.3849335, 19.0592403 ], [ 99.3234863, 19.122406 ], [ 99.3075867, 19.1902142 ], [ 99.3458023, 19.2651081 ], [ 99.3204575, 19.3458767 ], [ 99.3356628, 19.3731346 ], [ 99.3132095, 19.4276009 ], [ 99.3199234, 19.4562187 ], [ 99.2987976, 19.4932079 ], [ 99.3304825, 19.5361938 ], [ 99.2956085, 19.5957508 ], [ 99.2641373, 19.6252403 ], [ 99.2710266, 19.6585693 ], [ 99.3223877, 19.7044163 ], [ 99.3648911, 19.7227554 ], [ 99.3692627, 19.7727928 ], [ 99.4180069, 19.8389397 ], [ 99.3908005, 19.8884678 ], [ 99.4517288, 19.9702835 ], [ 99.512352, 19.9719734 ], [ 99.5139847, 20.014101 ], [ 99.5374451, 20.0339298 ], [ 99.4979172, 20.0806274 ], [ 99.5739746, 20.1176357 ], [ 99.5128352, 20.1462245 ], [ 99.5366313, 20.1472336 ], [ 99.5640092, 20.2075894 ], [ 99.5154757, 20.2494859 ], [ 99.5098757, 20.3164787 ], [ 99.4551199, 20.3621085 ], [ 99.4586459, 20.3905235 ], [ 99.6056813, 20.333609 ], [ 99.6434908, 20.3443733 ], [ 99.6815695, 20.3155788 ], [ 99.7312197, 20.3493517 ], [ 99.8112791, 20.3356273 ], [ 99.8418227, 20.3746478 ], [ 99.8410154, 20.402904 ], [ 99.8701913, 20.4462683 ], [ 99.9561459, 20.4650231 ], [ 100.0001671, 20.4160955 ], [ 100.0585955, 20.3968821 ], [ 100.0853162, 20.3527318 ] ] ] ] } },
{ "type": "Feature", "properties": { "POLYGON_ID": "THA_GAUL2002_ADM1_2861", "ADM0_ISO3": "THA", "ADM0_NAME": "Thailand", "ADM0_CODE": 240, "ADM1_NAME": "Chonburi", "ADM1_CODE": 2861, "GEOSET": "GAUL", "GEOSET_YEAR": 2002.0, "GEOSET_VERSION": "GAUL_v1", "GEOSET_UNIT": "ADM1", "CENTROID_LONG": 101.20421910125722, "CENTROID_LAT": 13.192079381355812 }, "geometry": { "type": "MultiPolygon", "coordinates": [ [ [ [ 101.722023, 13.1792936 ], [ 101.697525, 13.1444855 ], [ 101.6535263, 13.158947 ], [ 101.5912247, 13.1360674 ], [ 101.5602264, 13.0695009 ], [ 101.5045242, 13.0696316 ], [ 101.4669266, 13.0315332 ], [ 101.4392242, 13.0469522 ], [ 101.4017258, 13.0199041 ], [ 101.3305206, 13.0796604 ], [ 101.2786255, 13.0535717 ], [ 101.2594223, 13.0843601 ], [ 101.1859207, 13.0813589 ], [ 101.1681213, 13.0444126 ], [ 101.10952, 13.0446119 ], [ 101.0760193, 13.0072441 ], [ 101.1023254, 12.9696159 ], [ 101.087822, 12.9453373 ], [ 101.1007233, 12.8947411 ], [ 101.0704193, 12.8639927 ], [ 101.0685196, 12.8364038 ], [ 101.0157242, 12.7824373 ], [ 101.0153198, 12.7522898 ], [ 100.9857254, 12.6942625 ], [ 100.9932459, 12.6558284 ], [ 100.969822, 12.6462581 ], [ 100.9637815, 12.5947906 ], [ 100.9243568, 12.6122792 ], [ 100.9171655, 12.6582967 ], [ 100.8596756, 12.6517953 ], [ 100.8337637, 12.7126863 ], [ 100.854701, 12.7613612 ], [ 100.8839536, 12.7612027 ], [ 100.9114357, 12.8208047 ], [ 100.8899911, 12.870603 ], [ 100.8566346, 12.9086261 ], [ 100.9276739, 13.0080708 ], [ 100.8926975, 13.0384941 ], [ 100.8718098, 13.0831431 ], [ 100.8787561, 13.1081152 ], [ 100.9244617, 13.1683122 ], [ 100.9362134, 13.2029196 ], [ 100.927779, 13.2574423 ], [ 100.9016514, 13.2982624 ], [ 100.9184393, 13.3308607 ], [ 100.9762695, 13.3587382 ], [ 100.9838811, 13.3935901 ], [ 100.968786, 13.4290377 ], [ 100.9799938, 13.4712604 ], [ 101.004921, 13.4617577 ], [ 101.0560226, 13.4998951 ], [ 101.0981216, 13.5525227 ], [ 101.1626205, 13.5982008 ], [ 101.2980194, 13.5507822 ], [ 101.3224258, 13.5032854 ], [ 101.3759232, 13.4540987 ], [ 101.4105225, 13.4628973 ], [ 101.4570236, 13.4085407 ], [ 101.4946213, 13.4248905 ], [ 101.5348206, 13.4050016 ], [ 101.5623245, 13.3471842 ], [ 101.5975266, 13.3098869 ], [ 101.629921, 13.3015966 ], [ 101.6697235, 13.26863 ], [ 101.722023, 13.1792936 ] ] ] ] } },
{ "type": "Feature", "properties": { "POLYGON_ID": "THA_GAUL2002_ADM1_2862", "ADM0_ISO3": "THA", "ADM0_NAME": "Thailand", "ADM0_CODE": 240, "ADM1_NAME": "Chumphon", "ADM1_CODE": 2862, "GEOSET": "GAUL", "GEOSET_YEAR": 2002.0, "GEOSET_VERSION": "GAUL_v1", "GEOSET_UNIT": "ADM1", "CENTROID_LONG": 99.066538455869306, "CENTROID_LAT": 10.351578002270575 }, "geometry": { "type": "MultiPolygon", "coordinates": [ [ [ [ 99.15135, 11.0339702 ], [ 99.1845627, 10.9974127 ], [ 99.2473068, 10.9640646 ], [ 99.3758469, 10.9687634 ], [ 99.4126358, 10.953824 ], [ 99.4665909, 10.9887133 ], [ 99.5000518, 10.9960212 ], [ 99.4956211, 10.9263057 ], [ 99.5197108, 10.8955823 ], [ 99.5004915, 10.8680727 ], [ 99.4420371, 10.871157 ], [ 99.423205, 10.7948909 ], [ 99.3798946, 10.7073618 ], [ 99.3190926, 10.6689392 ], [ 99.2852352, 10.6095171 ], [ 99.273835, 10.5421818 ], [ 99.243927, 10.5419753 ], [ 99.229589, 10.4909679 ], [ 99.2396, 10.4497678 ], [ 99.2754364, 10.4230342 ], [ 99.2857068, 10.3679457 ], [ 99.2407625, 10.346471 ], [ 99.2050483, 10.3726853 ], [ 99.1462324, 10.3428473 ], [ 99.1641444, 10.2805879 ], [ 99.2104413, 10.2376011 ], [ 99.1476036, 10.1203672 ], [ 99.1515269, 10.0713264 ], [ 99.1798309, 10.0305591 ], [ 99.1518428, 9.9962681 ], [ 99.1655508, 9.8596531 ], [ 99.1383107, 9.8129151 ], [ 99.1600978, 9.6943678 ], [ 99.1002121, 9.7016621 ], [ 99.0775604, 9.6825953 ], [ 98.962738, 9.7192287 ], [ 98.8963776, 9.7310677 ], [ 98.8109589, 9.6888838 ], [ 98.7716675, 9.6839743 ], [ 98.7666931, 9.6244974 ], [ 98.7416229, 9.5958166 ], [ 98.7271118, 9.6241674 ], [ 98.6516037, 9.6603794 ], [ 98.643013, 9.7361803 ], [ 98.6476364, 9.7897987 ], [ 98.7191696, 9.8608084 ], [ 98.7262268, 9.8954763 ], [ 98.7633514, 9.9358435 ], [ 98.8149109, 9.9357681 ], [ 98.8486786, 9.9914207 ], [ 98.8808136, 9.9985809 ], [ 98.9232178, 10.0630178 ], [ 98.9333572, 10.1275845 ], [ 98.8825226, 10.2064095 ], [ 98.9121323, 10.2647762 ], [ 98.9093704, 10.2949848 ], [ 98.9404297, 10.3349924 ], [ 98.9306107, 10.3920288 ], [ 98.9045563, 10.3957491 ], [ 98.8885727, 10.4606247 ], [ 98.9191437, 10.5052624 ], [ 98.9641113, 10.5383101 ], [ 98.9448395, 10.557539 ], [ 98.9663925, 10.5984859 ], [ 98.9312134, 10.6709023 ], [ 98.8922729, 10.6927204 ], [ 98.9141617, 10.748888 ], [ 98.8877463, 10.7801133 ], [ 98.9247549, 10.8201861 ], [ 98.9619704, 10.8146194 ], [ 99.0112576, 10.8566511 ], [ 98.999874, 10.9136941 ], [ 99.0238921, 10.9707371 ], [ 99.0631717, 10.9459684 ], [ 99.0936947, 10.9734892 ], [ 99.1043277, 11.0138946 ], [ 99.15135, 11.0339702 ] ] ] ] } },
{ "type": "Feature", "properties": { "POLYGON_ID": "THA_GAUL2002_ADM1_2863", "ADM0_ISO3": "THA", "ADM0_NAME": "Thailand", "ADM0_CODE": 240, "ADM1_NAME": "Kalasin", "ADM1_CODE": 2863, "GEOSET": "GAUL", "GEOSET_YEAR": 2002.0, "GEOSET_VERSION": "GAUL_v1", "GEOSET_UNIT": "ADM1", "CENTROID_LONG": 103.62115987510637, "CENTROID_LAT": 16.624972107869496 }, "geometry": { "type": "MultiPolygon", "coordinates": [ [ [ [ 103.6654053, 17.0165043 ], [ 103.7026901, 17.0270805 ], [ 103.7455521, 16.9755344 ], [ 103.7866287, 16.9579983 ], [ 103.7964706, 16.8854485 ], [ 103.8398743, 16.8660965 ], [ 103.8488007, 16.8388119 ], [ 103.9569244, 16.7776146 ], [ 103.972786, 16.8114128 ], [ 104.024971, 16.8550491 ], [ 104.0747986, 16.821682 ], [ 104.1547089, 16.7028675 ], [ 104.1884842, 16.6684628 ], [ 104.1782227, 16.6047649 ], [ 104.2094116, 16.5815239 ], [ 104.2428436, 16.5189934 ], [ 104.2296677, 16.4731903 ], [ 104.2407532, 16.4259872 ], [ 104.1730347, 16.4429188 ], [ 104.075943, 16.4064446 ], [ 104.0363464, 16.4376621 ], [ 103.9339447, 16.4326515 ], [ 103.8690414, 16.4675617 ], [ 103.8253403, 16.4687042 ], [ 103.7044373, 16.3750343 ], [ 103.7292023, 16.3255405 ], [ 103.7556458, 16.3031807 ], [ 103.7532425, 16.2550926 ], [ 103.7354431, 16.2207947 ], [ 103.6949387, 16.221323 ], [ 103.6375732, 16.1851044 ], [ 103.533638, 16.2078743 ], [ 103.5059891, 16.1975536 ], [ 103.4582596, 16.1813984 ], [ 103.4191589, 16.2355919 ], [ 103.4108963, 16.2830372 ], [ 103.3616638, 16.308012 ], [ 103.3482666, 16.3524494 ], [ 103.2664261, 16.3754501 ], [ 103.1795197, 16.3604984 ], [ 103.1669693, 16.3879795 ], [ 103.1870956, 16.4301376 ], [ 103.1646576, 16.48839 ], [ 103.1867294, 16.5465775 ], [ 103.154213, 16.6414299 ], [ 103.1489487, 16.7492237 ], [ 103.1824417, 16.7849426 ], [ 103.1752167, 16.8592453 ], [ 103.1283417, 16.8161621 ], [ 103.1078415, 16.8228912 ], [ 103.1249466, 16.8965454 ], [ 103.101326, 16.912281 ], [ 103.1201019, 16.9586887 ], [ 103.1622009, 16.9443722 ], [ 103.2421417, 16.958498 ], [ 103.3019867, 16.9203625 ], [ 103.3519592, 16.9169464 ], [ 103.4060974, 16.88023 ], [ 103.4252853, 16.8223896 ], [ 103.472435, 16.8735657 ], [ 103.4943085, 16.9258728 ], [ 103.4931259, 16.9557304 ], [ 103.5205765, 16.9989834 ], [ 103.51651, 17.0327339 ], [ 103.5422821, 17.0738316 ], [ 103.6218109, 17.0895481 ], [ 103.6654053, 17.0165043 ] ] ] ] } },
{ "type": "Feature", "properties": { "POLYGON_ID": "THA_GAUL2002_ADM1_2864", "ADM0_ISO3": "THA", "ADM0_NAME": "Thailand", "ADM0_CODE": 240, "ADM1_NAME": "Kampaeng Phet", "ADM1_CODE": 2864, "GEOSET": "GAUL", "GEOSET_YEAR": 2002.0, "GEOSET_VERSION": "GAUL_v1", "GEOSET_UNIT": "ADM1", "CENTROID_LONG": 99.536919206740706, "CENTROID_LAT": 16.32811577684895 }, "geometry": { "type": "MultiPolygon", "coordinates": [ [ [ [ 99.8481369, 16.7129726 ], [ 99.8642273, 16.6847858 ], [ 99.9041595, 16.6885262 ], [ 99.9141159, 16.6053905 ], [ 99.9700699, 16.5696125 ], [ 100.0151367, 16.5720158 ], [ 100.0345078, 16.4972076 ], [ 100.0010681, 16.4349518 ], [ 99.9865417, 16.3811226 ], [ 100.0254059, 16.3344555 ], [ 100.0386047, 16.1920433 ], [ 100.0218048, 16.1522064 ], [ 99.9267807, 16.0504303 ], [ 99.8990402, 16.0522614 ], [ 99.8466797, 16.0132065 ], [ 99.8489456, 15.9795523 ], [ 99.8117294, 15.9178782 ], [ 99.7312241, 15.868701 ], [ 99.7087402, 15.8756056 ], [ 99.6659088, 15.8534918 ], [ 99.6444855, 15.8780899 ], [ 99.5599594, 15.9127378 ], [ 99.5087128, 15.9243221 ], [ 99.4826355, 15.8969698 ], [ 99.3624573, 15.9226284 ], [ 99.2865067, 15.8953495 ], [ 99.2132874, 15.9429274 ], [ 99.1067734, 15.8857603 ], [ 99.0933914, 15.8897305 ], [ 99.1031876, 15.926548 ], [ 99.0891266, 16.0371609 ], [ 99.1153336, 16.0577488 ], [ 99.1088028, 16.0969028 ], [ 99.053627, 16.1326771 ], [ 99.0835724, 16.2147503 ], [ 99.051918, 16.2564507 ], [ 99.0555115, 16.3051777 ], [ 99.0447235, 16.3723335 ], [ 99.021286, 16.3838348 ], [ 99.0249329, 16.4233799 ], [ 99.0012283, 16.4505634 ], [ 99.053627, 16.4792519 ], [ 99.1230164, 16.4770069 ], [ 99.1840668, 16.5298157 ], [ 99.2412415, 16.531395 ], [ 99.2593536, 16.5631733 ], [ 99.2477188, 16.6236382 ], [ 99.2762527, 16.6692619 ], [ 99.3273239, 16.8062801 ], [ 99.3756332, 16.7997398 ], [ 99.3940659, 16.8674335 ], [ 99.467804, 16.8883152 ], [ 99.4877548, 16.9081535 ], [ 99.5208969, 16.8657265 ], [ 99.5763779, 16.8547268 ], [ 99.5780411, 16.8294086 ], [ 99.6267548, 16.7570419 ], [ 99.699791, 16.7145042 ], [ 99.7230682, 16.7213745 ], [ 99.7705154, 16.6811867 ], [ 99.810791, 16.7107353 ], [ 99.8481369, 16.7129726 ] ] ] ] } },
{ "type": "Feature", "properties": { "POLYGON_ID": "THA_GAUL2002_ADM1_2865", "ADM0_ISO3": "THA", "ADM0_NAME": "Thailand", "ADM0_CODE": 240, "ADM1_NAME": "Kanchanaburi", "ADM1_CODE": 2865, "GEOSET": "GAUL", "GEOSET_YEAR": 2002.0, "GEOSET_VERSION": "GAUL_v1", "GEOSET_UNIT": "ADM1", "CENTROID_LONG": 99.052302371572267, "CENTROID_LAT": 14.582043825784622 }, "geometry": { "type": "MultiPolygon", "coordinates": [ [ [ [ 98.9923477, 15.1774206 ], [ 99.0059128, 15.1458015 ], [ 99.0045471, 15.0684261 ], [ 99.0230408, 15.051857 ], [ 99.0879135, 15.0354671 ], [ 99.1279373, 15.0510073 ], [ 99.1747894, 15.0163488 ], [ 99.1951065, 15.0240879 ], [ 99.2547073, 14.9893703 ], [ 99.2863617, 14.9920607 ], [ 99.3166428, 14.9576826 ], [ 99.3196182, 14.8888264 ], [ 99.2804565, 14.859787 ], [ 99.3109665, 14.8106298 ], [ 99.362793, 14.7685022 ], [ 99.4261246, 14.776042 ], [ 99.4565887, 14.7580929 ], [ 99.466568, 14.6928167 ], [ 99.5138855, 14.6979189 ], [ 99.5451965, 14.7332754 ], [ 99.5464249, 14.7868414 ], [ 99.6209793, 14.7790222 ], [ 99.6545944, 14.8017101 ], [ 99.6834869, 14.7940912 ], [ 99.7014008, 14.7600231 ], [ 99.7907486, 14.7379751 ], [ 99.8034744, 14.6787281 ], [ 99.8366165, 14.6173506 ], [ 99.8030548, 14.587534 ], [ 99.840538, 14.4736996 ], [ 99.8181839, 14.4419413 ], [ 99.826561, 14.4131927 ], [ 99.8160095, 14.3353376 ], [ 99.8252182, 14.3049192 ], [ 99.8221893, 14.2233038 ], [ 99.760704, 14.1677666 ], [ 99.8238144, 14.1313391 ], [ 99.7892303, 14.0952806 ], [ 99.8129807, 14.0614424 ], [ 99.8479614, 14.0527439 ], [ 99.8381653, 14.012536 ], [ 99.8814087, 13.94417 ], [ 99.8090744, 13.8121777 ], [ 99.6732254, 13.828846 ], [ 99.641655, 13.8062973 ], [ 99.5874405, 13.793108 ], [ 99.5461578, 13.7546406 ], [ 99.5165405, 13.7604103 ], [ 99.4745941, 13.8014288 ], [ 99.4577103, 13.7802897 ], [ 99.3562927, 13.7436314 ], [ 99.2137833, 13.7384415 ], [ 99.1716882, 13.7313611 ], [ 99.1219342, 13.772225 ], [ 99.1051599, 13.8937452 ], [ 99.0766437, 13.8928133 ], [ 99.0429088, 13.9418314 ], [ 99.0194248, 13.9461182 ], [ 98.997991, 14.0219751 ], [ 98.969102, 14.0368856 ], [ 98.9666791, 14.083108 ], [ 98.8747934, 14.1257892 ], [ 98.8669654, 14.1475957 ], [ 98.8145925, 14.1748073 ], [ 98.7346351, 14.2344491 ], [ 98.7161835, 14.2788077 ], [ 98.6846851, 14.2722844 ], [ 98.6323122, 14.3125426 ], [ 98.5931722, 14.3295033 ], [ 98.5952224, 14.3718117 ], [ 98.5605556, 14.386163 ], [ 98.5477466, 14.4389536 ], [ 98.5023835, 14.4961111 ], [ 98.4917988, 14.5410206 ], [ 98.4608007, 14.532704 ], [ 98.4562644, 14.5824522 ], [ 98.4360022, 14.6126942 ], [ 98.3782399, 14.6557892 ], [ 98.3623628, 14.6920796 ], [ 98.3073222, 14.7310919 ], [ 98.2781387, 14.7989853 ], [ 98.2451748, 14.8313443 ], [ 98.2583301, 14.8614352 ], [ 98.2324732, 14.8819998 ], [ 98.250316, 14.9158709 ], [ 98.2130234, 14.9770406 ], [ 98.2105477, 15.0161233 ], [ 98.2268784, 15.0567989 ], [ 98.1831786, 15.0991377 ], [ 98.191344, 15.1528174 ], [ 98.2123622, 15.176255 ], [ 98.2056898, 15.2379213 ], [ 98.261808, 15.2374951 ], [ 98.304298, 15.2805901 ], [ 98.3053565, 15.3138563 ], [ 98.3916976, 15.2677372 ], [ 98.4167985, 15.3643606 ], [ 98.4887746, 15.3862861 ], [ 98.5485027, 15.3598243 ], [ 98.5823738, 15.3735844 ], [ 98.589027, 15.4553892 ], [ 98.5528878, 15.6014583 ], [ 98.5616813, 15.6473845 ], [ 98.6509628, 15.6305437 ], [ 98.6638336, 15.5982962 ], [ 98.7260437, 15.5142202 ], [ 98.7133179, 15.4926624 ], [ 98.7626724, 15.4673729 ], [ 98.8352966, 15.3485994 ], [ 98.8775864, 15.3198614 ], [ 98.8908997, 15.2720041 ], [ 98.9614487, 15.2402353 ], [ 98.9923477, 15.1774206 ] ] ] ] } },
{ "type": "Feature", "properties": { "POLYGON_ID": "THA_GAUL2002_ADM1_2866", "ADM0_ISO3": "THA", "ADM0_NAME": "Thailand", "ADM0_CODE": 240, "ADM1_NAME": "Khon Kaen", "ADM1_CODE": 2866, "GEOSET": "GAUL", "GEOSET_YEAR": 2002.0, "GEOSET_VERSION": "GAUL_v1", "GEOSET_UNIT": "ADM1", "CENTROID_LONG": 102.58169515484299, "CENTROID_LAT": 16.404625727994421 }, "geometry": { "type": "MultiPolygon", "coordinates": [ [ [ [ 103.101326, 16.912281 ], [ 103.1249466, 16.8965454 ], [ 103.1078415, 16.8228912 ], [ 103.1283417, 16.8161621 ], [ 103.1752167, 16.8592453 ], [ 103.1824417, 16.7849426 ], [ 103.1489487, 16.7492237 ], [ 103.154213, 16.6414299 ], [ 103.1550369, 16.6087532 ], [ 103.1229935, 16.586916 ], [ 103.0846939, 16.5084095 ], [ 103.0225372, 16.4705887 ], [ 102.9507523, 16.4384232 ], [ 102.9580383, 16.3978252 ], [ 102.9235382, 16.3723736 ], [ 102.8499985, 16.2667522 ], [ 102.8491669, 16.2063351 ], [ 102.8722076, 16.1248322 ], [ 102.8536301, 16.067461 ], [ 102.8949356, 16.0246143 ], [ 102.9077377, 15.976366 ], [ 102.8940353, 15.9298506 ], [ 102.9277344, 15.8571539 ], [ 102.9336395, 15.7927418 ], [ 102.8836365, 15.7688589 ], [ 102.8820419, 15.6931133 ], [ 102.866333, 15.6454554 ], [ 102.8340378, 15.6304464 ], [ 102.7830276, 15.6409054 ], [ 102.7236328, 15.662344 ], [ 102.7013321, 15.7114306 ], [ 102.6183319, 15.7232008 ], [ 102.5628281, 15.7015114 ], [ 102.499733, 15.7237206 ], [ 102.4249268, 15.6932611 ], [ 102.3622284, 15.7367201 ], [ 102.3670273, 15.7608385 ], [ 102.3308945, 15.7997217 ], [ 102.3220291, 15.8427935 ], [ 102.3779297, 15.9445381 ], [ 102.3883286, 15.9928255 ], [ 102.3402328, 16.0342541 ], [ 102.3035278, 16.037344 ], [ 102.2815323, 16.0717716 ], [ 102.3385315, 16.1379471 ], [ 102.416832, 16.2493324 ], [ 102.4234314, 16.2987175 ], [ 102.4606323, 16.3905735 ], [ 102.4187317, 16.4204521 ], [ 102.4105301, 16.4468308 ], [ 102.2988281, 16.4442997 ], [ 102.24823, 16.4663677 ], [ 102.2040329, 16.5013084 ], [ 102.0864334, 16.4910278 ], [ 102.0429306, 16.5108166 ], [ 102.0270233, 16.5568333 ], [ 101.9970245, 16.5623455 ], [ 101.9784241, 16.6088104 ], [ 101.8529205, 16.6541786 ], [ 101.7801209, 16.6435585 ], [ 101.7543259, 16.6648788 ], [ 101.7747192, 16.6829166 ], [ 101.7906265, 16.7602634 ], [ 101.8699265, 16.7919121 ], [ 101.9390259, 16.8326187 ], [ 101.9949265, 16.8392773 ], [ 102.0142212, 16.8681774 ], [ 102.0443192, 16.8571072 ], [ 102.074234, 16.8878479 ], [ 102.2170334, 16.8585968 ], [ 102.2978287, 16.8892651 ], [ 102.3285294, 16.8629379 ], [ 102.344429, 16.8209496 ], [ 102.4340286, 16.7860413 ], [ 102.4588318, 16.8021507 ], [ 102.5052338, 16.7988606 ], [ 102.6140289, 16.7579632 ], [ 102.6248322, 16.8305397 ], [ 102.6720276, 16.9280643 ], [ 102.6746674, 16.9894886 ], [ 102.6837311, 17.0496178 ], [ 102.7232895, 17.048645 ], [ 102.7952957, 17.0078545 ], [ 102.8265381, 16.9663887 ], [ 102.8152313, 16.8889656 ], [ 102.8612137, 16.8793125 ], [ 102.9253311, 16.839529 ], [ 102.9797134, 16.8464947 ], [ 103.0867462, 16.8945389 ], [ 103.101326, 16.912281 ] ] ] ] } },
{ "type": "Feature", "properties": { "POLYGON_ID": "THA_GAUL2002_ADM1_2867", "ADM0_ISO3": "THA", "ADM0_NAME": "Thailand", "ADM0_CODE": 240, "ADM1_NAME": "Krabi", "ADM1_CODE": 2867, "GEOSET": "GAUL", "GEOSET_YEAR": 2002.0, "GEOSET_VERSION": "GAUL_v1", "GEOSET_UNIT": "ADM1", "CENTROID_LONG": 99.024836980943817, "CENTROID_LAT": 8.1400671218520984 }, "geometry": { "type": "MultiPolygon", "coordinates": [ [ [ [ 99.2995071, 8.3109312 ], [ 99.3343735, 8.2841024 ], [ 99.3223495, 8.2130604 ], [ 99.2924194, 8.1605406 ], [ 99.308197, 8.1233482 ], [ 99.3545609, 8.1272659 ], [ 99.3918839, 8.1041107 ], [ 99.4014587, 8.0357265 ], [ 99.4196243, 7.9973884 ], [ 99.401947, 7.950511 ], [ 99.336647, 7.9339309 ], [ 99.2869873, 7.8494978 ], [ 99.3132629, 7.7273569 ], [ 99.3074036, 7.6890068 ], [ 99.2624499, 7.6570827 ], [ 99.2399824, 7.6809174 ], [ 99.1771469, 7.7056296 ], [ 99.1525495, 7.7420237 ], [ 99.1250273, 7.7477961 ], [ 99.0843471, 7.6903033 ], [ 99.0402448, 7.7035525 ], [ 99.0204446, 7.7629486 ], [ 99.0175766, 7.8227684 ], [ 99.0646012, 7.8611322 ], [ 99.0488148, 7.8999012 ], [ 98.9737488, 7.9358797 ], [ 98.9460154, 7.9777391 ], [ 98.956249, 7.9963302 ], [ 98.903252, 8.0406588 ], [ 98.8853599, 8.0217692 ], [ 98.8374229, 8.0118372 ], [ 98.7995642, 8.0463516 ], [ 98.7719714, 8.0400589 ], [ 98.7398528, 8.0768129 ], [ 98.7572672, 8.1343749 ], [ 98.7522349, 8.1842233 ], [ 98.7162636, 8.2758088 ], [ 98.6829277, 8.3027403 ], [ 98.6474336, 8.2764516 ], [ 98.6265158, 8.2858 ], [ 98.6343878, 8.3692302 ], [ 98.6686401, 8.4420748 ], [ 98.6581573, 8.4835272 ], [ 98.6576614, 8.5576563 ], [ 98.7059708, 8.5888186 ], [ 98.7085724, 8.6281605 ], [ 98.7500687, 8.676856 ], [ 98.7859802, 8.6568108 ], [ 98.8469391, 8.6519318 ], [ 98.8893967, 8.6150599 ], [ 98.9254837, 8.5678835 ], [ 98.877861, 8.5194607 ], [ 98.9024124, 8.4719181 ], [ 98.883522, 8.4384155 ], [ 98.8914185, 8.346529 ], [ 98.9261169, 8.3301029 ], [ 98.9847794, 8.3394108 ], [ 98.9993973, 8.3861856 ], [ 99.0431671, 8.3558159 ], [ 99.1210938, 8.3653727 ], [ 99.2032166, 8.3348637 ], [ 99.2663498, 8.2988806 ], [ 99.2995071, 8.3109312 ] ] ], [ [ [ 99.077025, 7.6856411 ], [ 99.1156263, 7.6795034 ], [ 99.1301782, 7.6404194 ], [ 99.0765903, 7.5809964 ], [ 99.0812559, 7.5478202 ], [ 99.1106087, 7.4966208 ], [ 99.0681833, 7.4983697 ], [ 99.0312736, 7.5795258 ], [ 99.0274467, 7.6411914 ], [ 99.038602, 7.6821588 ], [ 99.077025, 7.6856411 ] ] ] ] } },
{ "type": "Feature", "properties": { "POLYGON_ID": "THA_GAUL2002_ADM1_2868", "ADM0_ISO3": "THA", "ADM0_NAME": "Thailand", "ADM0_CODE": 240, "ADM1_NAME": "Lampang", "ADM1_CODE": 2868, "GEOSET": "GAUL", "GEOSET_YEAR": 2002.0, "GEOSET_VERSION": "GAUL_v1", "GEOSET_UNIT": "ADM1", "CENTROID_LONG": 99.515742508752737, "CENTROID_LAT": 18.323183254258179 }, "geometry": { "type": "MultiPolygon", "coordinates": [ [ [ [ 99.6972198, 19.3778133 ], [ 99.7104874, 19.3395252 ], [ 99.7074585, 19.2534008 ], [ 99.7333984, 19.1675148 ], [ 99.762764, 19.1273746 ], [ 99.778038, 19.0602493 ], [ 99.8236694, 19.0559292 ], [ 99.842041, 18.9974308 ], [ 99.8863907, 18.996273 ], [ 99.9388351, 18.9667645 ], [ 99.9472198, 18.9443073 ], [ 100.0735092, 18.8613415 ], [ 100.0660095, 18.83214 ], [ 100.1178055, 18.8060627 ], [ 100.1290054, 18.7831955 ], [ 100.1018066, 18.726429 ], [ 100.1135101, 18.6760807 ], [ 100.1045074, 18.6337814 ], [ 100.1233063, 18.6008549 ], [ 100.0610046, 18.5538254 ], [ 100.0542068, 18.4965172 ], [ 100.030304, 18.466259 ], [ 100.005806, 18.4013138 ], [ 99.9607391, 18.3767452 ], [ 99.9110107, 18.2786789 ], [ 99.8634338, 18.2776299 ], [ 99.8208542, 18.2308941 ], [ 99.7600174, 18.1410179 ], [ 99.7239914, 18.0683422 ], [ 99.6639938, 18.0366631 ], [ 99.6340714, 18.0572319 ], [ 99.5892105, 18.0297337 ], [ 99.5955811, 18.0041943 ], [ 99.4887848, 17.9159412 ], [ 99.4812241, 17.89254 ], [ 99.4366684, 17.8553829 ], [ 99.374321, 17.7728062 ], [ 99.4204407, 17.703701 ], [ 99.4543304, 17.7058697 ], [ 99.4727325, 17.7335091 ], [ 99.4798584, 17.6745739 ], [ 99.4517212, 17.6155148 ], [ 99.4240875, 17.595747 ], [ 99.4424286, 17.5223293 ], [ 99.410759, 17.4694138 ], [ 99.443985, 17.4189777 ], [ 99.4353714, 17.3870697 ], [ 99.4747009, 17.3612881 ], [ 99.4815292, 17.3230305 ], [ 99.4605255, 17.3043175 ], [ 99.4600525, 17.2520657 ], [ 99.444046, 17.2263565 ], [ 99.3963394, 17.2026787 ], [ 99.3430862, 17.2626457 ], [ 99.3199387, 17.2649937 ], [ 99.2763901, 17.3442192 ], [ 99.2739029, 17.3957863 ], [ 99.2246094, 17.398138 ], [ 99.1816635, 17.3438015 ], [ 99.0803833, 17.3696384 ], [ 99.0485764, 17.3850365 ], [ 98.9845428, 17.4619236 ], [ 98.9426727, 17.4666939 ], [ 98.9110413, 17.5338001 ], [ 98.9116821, 17.5745068 ], [ 98.8857193, 17.623106 ], [ 98.9100723, 17.6464443 ], [ 99.0075684, 17.6303864 ], [ 99.0559235, 17.6101151 ], [ 99.0727386, 17.6896515 ], [ 99.0904617, 17.6984119 ], [ 99.1285934, 17.7760277 ], [ 99.1645966, 17.8061066 ], [ 99.1887665, 17.8471241 ], [ 99.1505737, 17.9067097 ], [ 99.1146774, 17.9130211 ], [ 99.1006317, 18.0042744 ], [ 99.0722427, 18.0593014 ], [ 99.0645676, 18.1426296 ], [ 99.0215073, 18.2489338 ], [ 99.0967026, 18.2754421 ], [ 99.150032, 18.3099594 ], [ 99.1714172, 18.3722553 ], [ 99.2020264, 18.4176731 ], [ 99.2364273, 18.4434013 ], [ 99.2464905, 18.476429 ], [ 99.3240433, 18.5001488 ], [ 99.3210602, 18.5289364 ], [ 99.3583298, 18.6103516 ], [ 99.3334122, 18.678978 ], [ 99.3532562, 18.7320766 ], [ 99.375267, 18.7531967 ], [ 99.3582001, 18.8412399 ], [ 99.392067, 18.8672981 ], [ 99.3790283, 18.9784431 ], [ 99.4080963, 18.9996014 ], [ 99.4387283, 19.0051041 ], [ 99.4970856, 19.0733719 ], [ 99.531311, 19.071558 ], [ 99.5638962, 19.1379681 ], [ 99.5423889, 19.1573677 ], [ 99.5497055, 19.2391796 ], [ 99.5816803, 19.3065758 ], [ 99.5844345, 19.4037094 ], [ 99.6356812, 19.3819828 ], [ 99.6972198, 19.3778133 ] ] ] ] } },
{ "type": "Feature", "properties": { "POLYGON_ID": "THA_GAUL2002_ADM1_2869", "ADM0_ISO3": "THA", "ADM0_NAME": "Thailand", "ADM0_CODE": 240, "ADM1_NAME": "Lamphun", "ADM1_CODE": 2869, "GEOSET": "GAUL", "GEOSET_YEAR": 2002.0, "GEOSET_VERSION": "GAUL_v1", "GEOSET_UNIT": "ADM1", "CENTROID_LONG": 98.958198836499207, "CENTROID_LAT": 18.114470797335667 }, "geometry": { "type": "MultiPolygon", "coordinates": [ [ [ [ 99.3210602, 18.5289364 ], [ 99.3240433, 18.5001488 ], [ 99.2464905, 18.476429 ], [ 99.2364273, 18.4434013 ], [ 99.2020264, 18.4176731 ], [ 99.1714172, 18.3722553 ], [ 99.150032, 18.3099594 ], [ 99.0967026, 18.2754421 ], [ 99.0215073, 18.2489338 ], [ 99.0645676, 18.1426296 ], [ 99.0722427, 18.0593014 ], [ 99.1006317, 18.0042744 ], [ 99.1146774, 17.9130211 ], [ 99.1505737, 17.9067097 ], [ 99.1887665, 17.8471241 ], [ 99.1645966, 17.8061066 ], [ 99.1285934, 17.7760277 ], [ 99.0904617, 17.6984119 ], [ 99.0727386, 17.6896515 ], [ 99.0559235, 17.6101151 ], [ 99.0075684, 17.6303864 ], [ 98.9100723, 17.6464443 ], [ 98.8857193, 17.623106 ], [ 98.9116821, 17.5745068 ], [ 98.9110413, 17.5338001 ], [ 98.8827209, 17.4897614 ], [ 98.8235474, 17.5063915 ], [ 98.7655182, 17.4811535 ], [ 98.6924973, 17.4333057 ], [ 98.7080002, 17.4825535 ], [ 98.7062836, 17.5401402 ], [ 98.6854172, 17.5971355 ], [ 98.6875534, 17.6632614 ], [ 98.7251663, 17.6718426 ], [ 98.7453995, 17.7003117 ], [ 98.7044296, 17.7420692 ], [ 98.6950302, 17.7708588 ], [ 98.7942963, 17.8222542 ], [ 98.8021164, 17.7931061 ], [ 98.8544693, 17.8110352 ], [ 98.8713837, 17.8536415 ], [ 98.8295975, 17.9909554 ], [ 98.7958069, 18.0249825 ], [ 98.8148422, 18.0791817 ], [ 98.8065491, 18.1549835 ], [ 98.7879486, 18.1723843 ], [ 98.7709198, 18.2524719 ], [ 98.676033, 18.2934189 ], [ 98.6867065, 18.361805 ], [ 98.7120743, 18.4368305 ], [ 98.7695999, 18.4307041 ], [ 98.851059, 18.4956703 ], [ 98.9378281, 18.5384579 ], [ 98.969223, 18.6141815 ], [ 99.0146484, 18.6680107 ], [ 99.0991592, 18.6661911 ], [ 99.1447983, 18.6989079 ], [ 99.1895981, 18.7068386 ], [ 99.2135315, 18.654871 ], [ 99.2360535, 18.6477985 ], [ 99.2241516, 18.5873241 ], [ 99.3210602, 18.5289364 ] ] ] ] } },
{ "type": "Feature", "properties": { "POLYGON_ID": "THA_GAUL2002_ADM1_2870", "ADM0_ISO3": "THA", "ADM0_NAME": "Thailand", "ADM0_CODE": 240, "ADM1_NAME": "Loei", "ADM1_CODE": 2870, "GEOSET": "GAUL", "GEOSET_YEAR": 2002.0, "GEOSET_VERSION": "GAUL_v1", "GEOSET_UNIT": "ADM1", "CENTROID_LONG": 101.63498528744348, "CENTROID_LAT": 17.404149547109608 }, "geometry": { "type": "MultiPolygon", "coordinates": [ [ [ [ 102.1080351, 18.2080668 ], [ 102.1033936, 18.1572151 ], [ 102.072319, 18.1380405 ], [ 102.0593262, 18.0801106 ], [ 102.0580215, 18.0351448 ], [ 102.022995, 17.9786415 ], [ 102.0538635, 17.8684387 ], [ 102.0529251, 17.8195667 ], [ 102.0213242, 17.7448807 ], [ 102.0393219, 17.6495266 ], [ 102.0882111, 17.6331444 ], [ 102.137825, 17.5509491 ], [ 102.1325226, 17.4851532 ], [ 102.0557251, 17.4491978 ], [ 101.9977264, 17.4581451 ], [ 101.9947205, 17.3989697 ], [ 102.0215225, 17.3702393 ], [ 102.005722, 17.2972851 ], [ 102.0546265, 17.2499466 ], [ 102.0793228, 17.1942501 ], [ 102.0241241, 17.1295433 ], [ 102.0901337, 17.1090736 ], [ 102.1070328, 17.0589771 ], [ 102.1510315, 17.0207806 ], [ 102.0349197, 16.946312 ], [ 102.074234, 16.8878479 ], [ 102.0443192, 16.8571072 ], [ 102.0142212, 16.8681774 ], [ 101.9949265, 16.8392773 ], [ 101.9390259, 16.8326187 ], [ 101.8699265, 16.7919121 ], [ 101.7906265, 16.7602634 ], [ 101.7325211, 16.7493038 ], [ 101.6851196, 16.8006306 ], [ 101.6815262, 16.8639774 ], [ 101.6913223, 16.9342937 ], [ 101.6473236, 17.0363979 ], [ 101.6132202, 16.9967098 ], [ 101.5545197, 16.9909306 ], [ 101.5334244, 17.0490456 ], [ 101.4750214, 17.0874939 ], [ 101.4343262, 17.0684757 ], [ 101.4100266, 17.0877838 ], [ 101.2876205, 17.0789356 ], [ 101.236824, 17.1225033 ], [ 101.2081146, 17.1002846 ], [ 101.1722183, 17.0329876 ], [ 101.1155167, 17.0026894 ], [ 101.1211166, 16.9345512 ], [ 101.1039124, 16.887846 ], [ 101.0722122, 16.8979759 ], [ 101.0467148, 16.9920292 ], [ 101.0551147, 17.0704765 ], [ 101.0754166, 17.1130619 ], [ 101.0811157, 17.17659 ], [ 101.1107178, 17.2272167 ], [ 101.0863113, 17.2762165 ], [ 101.0518188, 17.2819042 ], [ 100.9977188, 17.3367405 ], [ 100.9209061, 17.3368359 ], [ 100.9209137, 17.4469852 ], [ 100.8544159, 17.4494133 ], [ 100.8399124, 17.4811535 ], [ 100.8766174, 17.5271816 ], [ 100.875412, 17.5704803 ], [ 100.9813953, 17.569373 ], [ 101.03729, 17.5466937 ], [ 101.0805224, 17.5026622 ], [ 101.1470973, 17.4765726 ], [ 101.1832099, 17.4980928 ], [ 101.1751522, 17.5241332 ], [ 101.2295422, 17.5360725 ], [ 101.2615276, 17.5991099 ], [ 101.345551, 17.6588472 ], [ 101.4036176, 17.7354882 ], [ 101.4870287, 17.7462509 ], [ 101.5517274, 17.8104442 ], [ 101.5658217, 17.843808 ], [ 101.6015733, 17.855893 ], [ 101.6181903, 17.8939106 ], [ 101.7314875, 17.9203466 ], [ 101.7742494, 18.0598612 ], [ 101.8155535, 18.0540564 ], [ 101.8843627, 18.0270004 ], [ 101.9082454, 18.0313427 ], [ 101.9445319, 18.0883666 ], [ 102.0350408, 18.1562379 ], [ 102.0514174, 18.1953257 ], [ 102.1080351, 18.2080668 ] ] ] ] } },
{ "type": "Feature", "properties": { "POLYGON_ID": "THA_GAUL2002_ADM1_2871", "ADM0_ISO3": "THA", "ADM0_NAME": "Thailand", "ADM0_CODE": 240, "ADM1_NAME": "Lopburi", "ADM1_CODE": 2871, "GEOSET": "GAUL", "GEOSET_YEAR": 2002.0, "GEOSET_VERSION": "GAUL_v1", "GEOSET_UNIT": "ADM1", "CENTROID_LONG": 100.90173016723936, "CENTROID_LAT": 15.091846470916044 }, "geometry": { "type": "MultiPolygon", "coordinates": [ [ [ [ 101.374321, 15.5757074 ], [ 101.3897247, 15.4691744 ], [ 101.3820267, 15.434206 ], [ 101.3855896, 15.3290911 ], [ 101.3897247, 15.2364264 ], [ 101.3764267, 15.1853905 ], [ 101.3967209, 15.1457825 ], [ 101.416626, 15.0397978 ], [ 101.3650208, 15.0318089 ], [ 101.3366241, 14.9772015 ], [ 101.2899246, 14.9730825 ], [ 101.2603226, 14.9135151 ], [ 101.1909256, 14.9184055 ], [ 101.1523209, 14.8976364 ], [ 101.10392, 14.9066153 ], [ 101.0830231, 14.8746166 ], [ 101.0883255, 14.8266106 ], [ 101.0668182, 14.7822123 ], [ 101.041214, 14.8039007 ], [ 100.987114, 14.7780924 ], [ 100.9649124, 14.7455349 ], [ 100.9384155, 14.7425241 ], [ 100.8804169, 14.763463 ], [ 100.8386154, 14.8031311 ], [ 100.8015137, 14.7903118 ], [ 100.7497177, 14.8023014 ], [ 100.7410126, 14.7710428 ], [ 100.6572189, 14.7144661 ], [ 100.6464157, 14.6791286 ], [ 100.6069183, 14.6560688 ], [ 100.5146179, 14.6705875 ], [ 100.4716187, 14.7205753 ], [ 100.4770126, 14.8011513 ], [ 100.4378128, 14.8690872 ], [ 100.4225159, 14.925724 ], [ 100.4472122, 14.9463024 ], [ 100.4721146, 15.0347281 ], [ 100.4305115, 15.0590572 ], [ 100.4645157, 15.1120129 ], [ 100.5000153, 15.1164532 ], [ 100.5101166, 15.1648302 ], [ 100.5970154, 15.2555056 ], [ 100.6598129, 15.4234667 ], [ 100.7742157, 15.4599638 ], [ 100.8049164, 15.4854822 ], [ 100.8987198, 15.4718437 ], [ 100.9498138, 15.4486647 ], [ 101.038414, 15.314683 ], [ 101.077713, 15.3386507 ], [ 101.1453247, 15.3221312 ], [ 101.2078247, 15.3188925 ], [ 101.2812195, 15.3588295 ], [ 101.3052216, 15.3857088 ], [ 101.3089218, 15.5413904 ], [ 101.3227234, 15.5719576 ], [ 101.374321, 15.5757074 ] ] ] ] } },
{ "type": "Feature", "properties": { "POLYGON_ID": "THA_GAUL2002_ADM1_2872", "ADM0_ISO3": "THA", "ADM0_NAME": "Thailand", "ADM0_CODE": 240, "ADM1_NAME": "Mae Hong Son", "ADM1_CODE": 2872, "GEOSET": "GAUL", "GEOSET_YEAR": 2002.0, "GEOSET_VERSION": "GAUL_v1", "GEOSET_UNIT": "ADM1", "CENTROID_LONG": 98.033121611907248, "CENTROID_LAT": 18.809750752018129 }, "geometry": { "type": "MultiPolygon", "coordinates": [ [ [ [ 98.472246, 19.6939797 ], [ 98.4747314, 19.6592026 ], [ 98.542923, 19.6067505 ], [ 98.5469437, 19.5564346 ], [ 98.6044235, 19.466608 ], [ 98.580307, 19.3783035 ], [ 98.5962753, 19.3556786 ], [ 98.6064224, 19.2733402 ], [ 98.6016617, 19.2240677 ], [ 98.574028, 19.2062931 ], [ 98.6355972, 19.1522751 ], [ 98.6557388, 19.0907574 ], [ 98.6438293, 19.0623608 ], [ 98.5319138, 19.0224113 ], [ 98.4831238, 19.0386696 ], [ 98.4041061, 19.0323811 ], [ 98.35952, 19.0871792 ], [ 98.345871, 19.1458416 ], [ 98.2457352, 19.1461945 ], [ 98.2550735, 19.1097984 ], [ 98.1874619, 19.0279121 ], [ 98.1644135, 18.9160995 ], [ 98.1303787, 18.9056168 ], [ 98.0954514, 18.85816 ], [ 98.0850296, 18.8180313 ], [ 98.1257095, 18.6315422 ], [ 98.1502151, 18.6355915 ], [ 98.2422943, 18.5689011 ], [ 98.2118835, 18.5343361 ], [ 98.1263733, 18.496479 ], [ 98.1120758, 18.4566021 ], [ 98.0793915, 18.4266377 ], [ 98.1312256, 18.4007683 ], [ 98.173439, 18.3451939 ], [ 98.1746216, 18.2813091 ], [ 98.1438828, 18.2759895 ], [ 98.1419754, 18.2372131 ], [ 98.1818619, 18.1881657 ], [ 98.1631393, 18.1521378 ], [ 98.1736984, 18.1125565 ], [ 98.2070541, 18.0865154 ], [ 98.2904205, 18.0726109 ], [ 98.2395935, 18.0216141 ], [ 98.2487488, 17.9881458 ], [ 98.1905594, 17.9778004 ], [ 98.1535416, 17.9369679 ], [ 98.1010818, 17.9597092 ], [ 98.0403519, 17.9391994 ], [ 98.0165253, 17.8922501 ], [ 98.0602493, 17.8624229 ], [ 98.1141739, 17.788847 ], [ 98.1525726, 17.7722149 ], [ 98.1572113, 17.7268276 ], [ 98.1426926, 17.6695671 ], [ 98.0911942, 17.6338444 ], [ 98.0526047, 17.6619339 ], [ 98.0153351, 17.7638283 ], [ 97.9925308, 17.7944164 ], [ 97.9747391, 17.8640232 ], [ 97.9219742, 17.8537827 ], [ 97.9035492, 17.8036366 ], [ 97.8495712, 17.7753754 ], [ 97.7440637, 17.780894 ], [ 97.7035433, 17.8155491 ], [ 97.6718864, 17.8801496 ], [ 97.6875004, 17.925104 ], [ 97.7355433, 17.9577903 ], [ 97.7235325, 18.0238493 ], [ 97.6777202, 18.1153882 ], [ 97.6760044, 18.1611147 ], [ 97.6155218, 18.222112 ], [ 97.6116613, 18.2509377 ], [ 97.6392001, 18.2880852 ], [ 97.6198114, 18.3180262 ], [ 97.5516934, 18.334498 ], [ 97.5367658, 18.2866267 ], [ 97.5066532, 18.2659511 ], [ 97.4441117, 18.3394739 ], [ 97.4519187, 18.3898332 ], [ 97.4040474, 18.4482567 ], [ 97.3855165, 18.5073666 ], [ 97.3465675, 18.5451146 ], [ 97.3598651, 18.5983736 ], [ 97.3645009, 18.5578536 ], [ 97.4064355, 18.5626876 ], [ 97.4438988, 18.4951329 ], [ 97.4906674, 18.5093931 ], [ 97.5370735, 18.4922326 ], [ 97.5449287, 18.527158 ], [ 97.60632, 18.5365842 ], [ 97.6119999, 18.5609957 ], [ 97.6725454, 18.5785188 ], [ 97.693694, 18.5699386 ], [ 97.768983, 18.5782771 ], [ 97.774542, 18.6892167 ], [ 97.7517015, 18.7370729 ], [ 97.7628197, 18.7573756 ], [ 97.7393749, 18.8296434 ], [ 97.7375622, 18.8871676 ], [ 97.6684365, 18.9320026 ], [ 97.7355078, 18.9762334 ], [ 97.7383169, 19.0352347 ], [ 97.7696504, 19.067346 ], [ 97.8360951, 19.0933461 ], [ 97.8443173, 19.2183466 ], [ 97.7908727, 19.2620134 ], [ 97.8252061, 19.3122358 ], [ 97.8007616, 19.3551249 ], [ 97.8295395, 19.4467919 ], [ 97.886762, 19.4981255 ], [ 97.8530951, 19.5271256 ], [ 97.8690226, 19.575485 ], [ 97.9573178, 19.589237 ], [ 97.9767623, 19.6343483 ], [ 98.027207, 19.6377927 ], [ 98.0429848, 19.7477932 ], [ 98.0406515, 19.7947933 ], [ 98.0845405, 19.8097934 ], [ 98.0995406, 19.7727933 ], [ 98.1364296, 19.7865711 ], [ 98.2020966, 19.731682 ], [ 98.2269855, 19.7273486 ], [ 98.2490537, 19.6763389 ], [ 98.327013, 19.6989097 ], [ 98.433082, 19.6857549 ], [ 98.472246, 19.6939797 ] ] ] ] } },
{ "type": "Feature", "properties": { "POLYGON_ID": "THA_GAUL2002_ADM1_2873", "ADM0_ISO3": "THA", "ADM0_NAME": "Thailand", "ADM0_CODE": 240, "ADM1_NAME": "Maha Sarakham", "ADM1_CODE": 2873, "GEOSET": "GAUL", "GEOSET_YEAR": 2002.0, "GEOSET_VERSION": "GAUL_v1", "GEOSET_UNIT": "ADM1", "CENTROID_LONG": 103.1680548988746, "CENTROID_LAT": 15.992679211271396 }, "geometry": { "type": "MultiPolygon", "coordinates": [ [ [ [ 103.5059891, 16.1975536 ], [ 103.4616394, 16.1167889 ], [ 103.4665909, 15.9251604 ], [ 103.4246368, 15.7709284 ], [ 103.4217758, 15.7160301 ], [ 103.3571243, 15.7206898 ], [ 103.3072357, 15.6976328 ], [ 103.2938385, 15.5919781 ], [ 103.3062363, 15.5591707 ], [ 103.3572922, 15.5360785 ], [ 103.4144363, 15.5351315 ], [ 103.4236374, 15.4964647 ], [ 103.4035416, 15.4310579 ], [ 103.3434448, 15.4030495 ], [ 103.2746429, 15.4200859 ], [ 103.2493057, 15.4440727 ], [ 103.1155396, 15.4787645 ], [ 103.0785217, 15.4925318 ], [ 103.0943909, 15.526886 ], [ 103.0577927, 15.5545473 ], [ 102.9812927, 15.6550436 ], [ 103.0110397, 15.6865129 ], [ 103.0087357, 15.7219515 ], [ 102.9437103, 15.7669497 ], [ 102.9336395, 15.7927418 ], [ 102.9277344, 15.8571539 ], [ 102.8940353, 15.9298506 ], [ 102.9077377, 15.976366 ], [ 102.8949356, 16.0246143 ], [ 102.8536301, 16.067461 ], [ 102.8722076, 16.1248322 ], [ 102.8491669, 16.2063351 ], [ 102.8499985, 16.2667522 ], [ 102.9235382, 16.3723736 ], [ 102.9580383, 16.3978252 ], [ 102.9507523, 16.4384232 ], [ 103.0225372, 16.4705887 ], [ 103.0846939, 16.5084095 ], [ 103.1229935, 16.586916 ], [ 103.1550369, 16.6087532 ], [ 103.154213, 16.6414299 ], [ 103.1867294, 16.5465775 ], [ 103.1646576, 16.48839 ], [ 103.1870956, 16.4301376 ], [ 103.1669693, 16.3879795 ], [ 103.1795197, 16.3604984 ], [ 103.2664261, 16.3754501 ], [ 103.3482666, 16.3524494 ], [ 103.3616638, 16.308012 ], [ 103.4108963, 16.2830372 ], [ 103.4191589, 16.2355919 ], [ 103.4582596, 16.1813984 ], [ 103.5059891, 16.1975536 ] ] ] ] } },
{ "type": "Feature", "properties": { "POLYGON_ID": "THA_GAUL2002_ADM1_2874", "ADM0_ISO3": "THA", "ADM0_NAME": "Thailand", "ADM0_CODE": 240, "ADM1_NAME": "Mukdahan", "ADM1_CODE": 2874, "GEOSET": "GAUL", "GEOSET_YEAR": 2002.0, "GEOSET_VERSION": "GAUL_v1", "GEOSET_UNIT": "ADM1", "CENTROID_LONG": 104.51750240714419, "CENTROID_LAT": 16.564643446643629 }, "geometry": { "type": "MultiPolygon", "coordinates": [ [ [ [ 104.7392233, 16.8016855 ], [ 104.7595204, 16.6947852 ], [ 104.7338056, 16.5593122 ], [ 104.7400775, 16.5298343 ], [ 104.7971518, 16.4796591 ], [ 104.837292, 16.4608434 ], [ 104.8636791, 16.4230161 ], [ 104.8889203, 16.3573891 ], [ 104.9304216, 16.3304173 ], [ 104.9841473, 16.2754222 ], [ 104.8916702, 16.2308731 ], [ 104.8843079, 16.2076015 ], [ 104.8111649, 16.1841545 ], [ 104.7670059, 16.189127 ], [ 104.7030869, 16.2087612 ], [ 104.6644821, 16.2346916 ], [ 104.6420593, 16.2077351 ], [ 104.5869522, 16.2386703 ], [ 104.5504837, 16.3082962 ], [ 104.4910202, 16.3405609 ], [ 104.392746, 16.3453617 ], [ 104.3545532, 16.3183899 ], [ 104.3281479, 16.3250008 ], [ 104.3222427, 16.4167042 ], [ 104.3050461, 16.4639816 ], [ 104.2407532, 16.4259872 ], [ 104.2296677, 16.4731903 ], [ 104.2428436, 16.5189934 ], [ 104.2094116, 16.5815239 ], [ 104.1782227, 16.6047649 ], [ 104.1884842, 16.6684628 ], [ 104.1547089, 16.7028675 ], [ 104.0747986, 16.821682 ], [ 104.1042252, 16.8295002 ], [ 104.1299362, 16.8865433 ], [ 104.2098236, 16.8733749 ], [ 104.2712173, 16.9175797 ], [ 104.317543, 16.8945465 ], [ 104.3591919, 16.8991299 ], [ 104.4018326, 16.8767338 ], [ 104.4282532, 16.8839588 ], [ 104.5039291, 16.8459034 ], [ 104.5476303, 16.8614464 ], [ 104.6318665, 16.8590317 ], [ 104.6682587, 16.7859898 ], [ 104.7024612, 16.8212719 ], [ 104.7392233, 16.8016855 ] ] ] ] } },
{ "type": "Feature", "properties": { "POLYGON_ID": "THA_GAUL2002_ADM1_2875", "ADM0_ISO3": "THA", "ADM0_NAME": "Thailand", "ADM0_CODE": 240, "ADM1_NAME": "Nakhon Nayok", "ADM1_CODE": 2875, "GEOSET": "GAUL", "GEOSET_YEAR": 2002.0, "GEOSET_VERSION": "GAUL_v1", "GEOSET_UNIT": "ADM1", "CENTROID_LONG": 101.17628485998978, "CENTROID_LAT": 14.213239695672733 }, "geometry": { "type": "MultiPolygon", "coordinates": [ [ [ [ 101.4326248, 14.3856249 ], [ 101.4752197, 14.3631563 ], [ 101.5005264, 14.3307276 ], [ 101.5015259, 14.2612829 ], [ 101.4233246, 14.2467833 ], [ 101.3829193, 14.2493429 ], [ 101.385025, 14.2070656 ], [ 101.3488235, 14.1915264 ], [ 101.29422, 14.1456585 ], [ 101.3214264, 14.0585527 ], [ 101.2390213, 14.055583 ], [ 101.2058258, 14.0397148 ], [ 101.1999207, 14.012536 ], [ 101.1457214, 13.997117 ], [ 101.1427231, 13.968749 ], [ 101.0450211, 13.9752293 ], [ 100.9182129, 13.9598989 ], [ 100.9158173, 14.2138844 ], [ 100.9485168, 14.2322636 ], [ 100.9561157, 14.2675314 ], [ 100.9702148, 14.3010597 ], [ 101.0272141, 14.3034496 ], [ 101.0818176, 14.3845348 ], [ 101.1499252, 14.368145 ], [ 101.1695251, 14.3433876 ], [ 101.2140198, 14.3694448 ], [ 101.2071228, 14.4013538 ], [ 101.2441254, 14.4747705 ], [ 101.2884216, 14.4866686 ], [ 101.4047241, 14.4257231 ], [ 101.4326248, 14.3856249 ] ] ] ] } },
{ "type": "Feature", "properties": { "POLYGON_ID": "THA_GAUL2002_ADM1_2876", "ADM0_ISO3": "THA", "ADM0_NAME": "Thailand", "ADM0_CODE": 240, "ADM1_NAME": "Nakhon Pathom", "ADM1_CODE": 2876, "GEOSET": "GAUL", "GEOSET_YEAR": 2002.0, "GEOSET_VERSION": "GAUL_v1", "GEOSET_UNIT": "ADM1", "CENTROID_LONG": 100.10784889188393, "CENTROID_LAT": 13.923452273646081 }, "geometry": { "type": "MultiPolygon", "coordinates": [ [ [ [ 100.2829132, 14.1191702 ], [ 100.2693176, 14.0053463 ], [ 100.2990189, 13.9583988 ], [ 100.2673187, 13.9197016 ], [ 100.3316116, 13.8013172 ], [ 100.3376465, 13.7323551 ], [ 100.2844162, 13.7043428 ], [ 100.2768173, 13.6830654 ], [ 100.2273178, 13.668786 ], [ 100.1384048, 13.6795549 ], [ 100.1117096, 13.6492558 ], [ 100.0640106, 13.6429272 ], [ 100.0684052, 13.6914854 ], [ 100.0374069, 13.6895342 ], [ 100.0279083, 13.7490807 ], [ 99.9761505, 13.7298622 ], [ 99.9400864, 13.7398911 ], [ 99.9709854, 13.8023386 ], [ 99.9599609, 13.8299055 ], [ 99.9035568, 13.8408957 ], [ 99.9072113, 13.8809538 ], [ 99.9299164, 13.9270697 ], [ 99.8814087, 13.94417 ], [ 99.8381653, 14.012536 ], [ 99.8479614, 14.0527439 ], [ 99.9176407, 14.11339 ], [ 99.9501877, 14.1310196 ], [ 100.01371, 14.1411486 ], [ 100.1147079, 14.1426687 ], [ 100.2085114, 14.1770658 ], [ 100.2457123, 14.2065248 ], [ 100.2485046, 14.1735163 ], [ 100.2868118, 14.1660175 ], [ 100.2829132, 14.1191702 ] ] ] ] } },
{ "type": "Feature", "properties": { "POLYGON_ID": "THA_GAUL2002_ADM1_2877", "ADM0_ISO3": "THA", "ADM0_NAME": "Thailand", "ADM0_CODE": 240, "ADM1_NAME": "Nakhon Phanom", "ADM1_CODE": 2877, "GEOSET": "GAUL", "GEOSET_YEAR": 2002.0, "GEOSET_VERSION": "GAUL_v1", "GEOSET_UNIT": "ADM1", "CENTROID_LONG": 104.43057670823134, "CENTROID_LAT": 17.391364344884153 }, "geometry": { "type": "MultiPolygon", "coordinates": [ [ [ [ 104.1922629, 18.0199007 ], [ 104.2170011, 17.9930684 ], [ 104.2765266, 17.8608311 ], [ 104.3436935, 17.8343894 ], [ 104.397392, 17.7481077 ], [ 104.4779121, 17.6462324 ], [ 104.698683, 17.5302022 ], [ 104.7526213, 17.4492947 ], [ 104.7971518, 17.397238 ], [ 104.8078311, 17.2970884 ], [ 104.8034237, 17.2009275 ], [ 104.7572181, 17.056569 ], [ 104.7290997, 17.0075672 ], [ 104.7341275, 16.9554449 ], [ 104.7345927, 16.9076732 ], [ 104.7626318, 16.8439703 ], [ 104.7392233, 16.8016855 ], [ 104.7024612, 16.8212719 ], [ 104.6682587, 16.7859898 ], [ 104.6318665, 16.8590317 ], [ 104.5476303, 16.8614464 ], [ 104.5039291, 16.8459034 ], [ 104.4282532, 16.8839588 ], [ 104.4018326, 16.8767338 ], [ 104.3591919, 16.8991299 ], [ 104.317543, 16.8945465 ], [ 104.2712173, 16.9175797 ], [ 104.3077469, 16.9308357 ], [ 104.323288, 16.9751663 ], [ 104.4000092, 17.0197601 ], [ 104.3674393, 17.0538864 ], [ 104.3630524, 17.0924416 ], [ 104.4006042, 17.1271973 ], [ 104.3964462, 17.1598549 ], [ 104.4129639, 17.2147236 ], [ 104.4320602, 17.2314968 ], [ 104.4079285, 17.2745781 ], [ 104.42379, 17.3340702 ], [ 104.4078751, 17.3728638 ], [ 104.4069443, 17.4243488 ], [ 104.309288, 17.4275913 ], [ 104.2322769, 17.4054337 ], [ 104.1980972, 17.4251556 ], [ 104.1541443, 17.3932343 ], [ 104.0944214, 17.3987503 ], [ 104.0536499, 17.3838425 ], [ 104.0179901, 17.4565887 ], [ 104.0410538, 17.5232086 ], [ 104.0525436, 17.5917912 ], [ 104.0339279, 17.6190624 ], [ 104.0674057, 17.6424484 ], [ 104.0760956, 17.7068653 ], [ 104.0664368, 17.7410564 ], [ 104.0236664, 17.7576962 ], [ 104.0118179, 17.8088875 ], [ 103.9844818, 17.8692493 ], [ 104.0031891, 17.8920479 ], [ 104.0787659, 17.877903 ], [ 104.1233673, 17.9304352 ], [ 104.1198502, 18.0048904 ], [ 104.1520386, 18.0253716 ], [ 104.1922629, 18.0199007 ] ] ] ] } },
{ "type": "Feature", "properties": { "POLYGON_ID": "THA_GAUL2002_ADM1_2878", "ADM0_ISO3": "THA", "ADM0_NAME": "Thailand", "ADM0_CODE": 240, "ADM1_NAME": "Nakhon Ratchasima", "ADM1_CODE": 2878, "GEOSET": "GAUL", "GEOSET_YEAR": 2002.0, "GEOSET_VERSION": "GAUL_v1", "GEOSET_UNIT": "ADM1", "CENTROID_LONG": 102.11331043691101, "CENTROID_LAT": 14.955670579612784 }, "geometry": { "type": "MultiPolygon", "coordinates": [ [ [ [ 102.3308945, 15.7997217 ], [ 102.3670273, 15.7608385 ], [ 102.3622284, 15.7367201 ], [ 102.4249268, 15.6932611 ], [ 102.499733, 15.7237206 ], [ 102.5628281, 15.7015114 ], [ 102.6183319, 15.7232008 ], [ 102.7013321, 15.7114306 ], [ 102.7236328, 15.662344 ], [ 102.7830276, 15.6409054 ], [ 102.772934, 15.6195364 ], [ 102.7863388, 15.5593796 ], [ 102.8218384, 15.5076132 ], [ 102.9116364, 15.5104733 ], [ 102.9412384, 15.4752645 ], [ 102.9829407, 15.4758749 ], [ 103.0115356, 15.4289684 ], [ 102.9713364, 15.4135275 ], [ 102.9911346, 15.3328524 ], [ 102.9568405, 15.308423 ], [ 102.9634399, 15.223588 ], [ 102.9460373, 15.1799221 ], [ 102.9018402, 15.1820898 ], [ 102.857338, 15.1643219 ], [ 102.7915344, 15.0996151 ], [ 102.7705383, 15.0664177 ], [ 102.7848358, 15.0391989 ], [ 102.7545395, 14.9942713 ], [ 102.7121277, 14.9724627 ], [ 102.6903305, 14.9301844 ], [ 102.61483, 14.9336042 ], [ 102.5837326, 14.951354 ], [ 102.5470276, 14.8826075 ], [ 102.5572281, 14.8429689 ], [ 102.5036316, 14.8041811 ], [ 102.4517288, 14.8448792 ], [ 102.437027, 14.782074 ], [ 102.4803314, 14.7468662 ], [ 102.4582291, 14.6921282 ], [ 102.4770279, 14.6612511 ], [ 102.4699326, 14.624053 ], [ 102.5019302, 14.5721846 ], [ 102.4899292, 14.4986496 ], [ 102.5857315, 14.5065088 ], [ 102.6049271, 14.4632311 ], [ 102.5569305, 14.393755 ], [ 102.5886307, 14.3296795 ], [ 102.6429291, 14.3194599 ], [ 102.6347275, 14.2656031 ], [ 102.5397339, 14.1967764 ], [ 102.5055313, 14.1825676 ], [ 102.4531326, 14.1842375 ], [ 102.4353333, 14.1474991 ], [ 102.3526306, 14.1224613 ], [ 102.3078308, 14.1191511 ], [ 102.2745285, 14.1396704 ], [ 102.2210312, 14.1417494 ], [ 102.193634, 14.1922169 ], [ 102.1672287, 14.1383705 ], [ 102.1098328, 14.1479092 ], [ 102.0349274, 14.1955566 ], [ 102.0000305, 14.2062254 ], [ 101.9509277, 14.2462635 ], [ 101.9873276, 14.278842 ], [ 101.9881287, 14.3115702 ], [ 101.9509277, 14.31077 ], [ 101.9029236, 14.331749 ], [ 101.8844299, 14.3797855 ], [ 101.8243256, 14.3454781 ], [ 101.7981262, 14.3539867 ], [ 101.7503204, 14.3368483 ], [ 101.7392197, 14.3023405 ], [ 101.6193237, 14.4277821 ], [ 101.5096207, 14.4322729 ], [ 101.4898224, 14.4580812 ], [ 101.4519196, 14.4483309 ], [ 101.4326248, 14.3856249 ], [ 101.4047241, 14.4257231 ], [ 101.2884216, 14.4866686 ], [ 101.2441254, 14.4747705 ], [ 101.1902237, 14.5315666 ], [ 101.2201233, 14.586524 ], [ 101.2066193, 14.6850977 ], [ 101.194725, 14.7079172 ], [ 101.2327194, 14.7333546 ], [ 101.2796249, 14.7250862 ], [ 101.3347244, 14.7589636 ], [ 101.3428192, 14.7956314 ], [ 101.4553223, 14.855669 ], [ 101.454422, 14.9054651 ], [ 101.438324, 14.9446039 ], [ 101.416626, 15.0397978 ], [ 101.3967209, 15.1457825 ], [ 101.3764267, 15.1853905 ], [ 101.3897247, 15.2364264 ], [ 101.3855896, 15.3290911 ], [ 101.411026, 15.3107128 ], [ 101.4338226, 15.3496904 ], [ 101.4843216, 15.345211 ], [ 101.5252228, 15.3699694 ], [ 101.60392, 15.3711395 ], [ 101.6214218, 15.3599806 ], [ 101.6661224, 15.3958778 ], [ 101.7326202, 15.3783693 ], [ 101.7814255, 15.3779783 ], [ 101.8115234, 15.427496 ], [ 101.8811264, 15.3893576 ], [ 101.9330215, 15.4335661 ], [ 101.9372253, 15.4526749 ], [ 102.0176315, 15.452095 ], [ 102.0405273, 15.470624 ], [ 102.0457306, 15.5501604 ], [ 102.0806274, 15.6206865 ], [ 102.1329269, 15.6492348 ], [ 102.1626282, 15.7376795 ], [ 102.2097321, 15.7533283 ], [ 102.2377319, 15.7405186 ], [ 102.2626343, 15.7778368 ], [ 102.3308945, 15.7997217 ] ] ] ] } },
{ "type": "Feature", "properties": { "POLYGON_ID": "THA_GAUL2002_ADM1_2879", "ADM0_ISO3": "THA", "ADM0_NAME": "Thailand", "ADM0_CODE": 240, "ADM1_NAME": "Nakhon Sawan", "ADM1_CODE": 2879, "GEOSET": "GAUL", "GEOSET_YEAR": 2002.0, "GEOSET_VERSION": "GAUL_v1", "GEOSET_UNIT": "ADM1", "CENTROID_LONG": 100.15519512090039, "CENTROID_LAT": 15.68092721222386 }, "geometry": { "type": "MultiPolygon", "coordinates": [ [ [ [ 100.7690735, 16.0028992 ], [ 100.7896118, 15.9926453 ], [ 100.7742157, 15.9018393 ], [ 100.8130188, 15.8616724 ], [ 100.7661133, 15.8328238 ], [ 100.807312, 15.8029947 ], [ 100.8247147, 15.7436781 ], [ 100.8510132, 15.7003603 ], [ 100.8324127, 15.6704626 ], [ 100.8225174, 15.5824471 ], [ 100.7958145, 15.53545 ], [ 100.7740173, 15.5307693 ], [ 100.7742157, 15.4599638 ], [ 100.6598129, 15.4234667 ], [ 100.5970154, 15.2555056 ], [ 100.5101166, 15.1648302 ], [ 100.5000153, 15.1164532 ], [ 100.4645157, 15.1120129 ], [ 100.4305115, 15.0590572 ], [ 100.3678131, 15.0883446 ], [ 100.3500137, 15.1081944 ], [ 100.3530731, 15.1433125 ], [ 100.304718, 15.1726503 ], [ 100.2671127, 15.2840233 ], [ 100.2091064, 15.3610001 ], [ 100.1070099, 15.4136858 ], [ 100.0618057, 15.4259262 ], [ 100.0709076, 15.454874 ], [ 99.9500275, 15.5009823 ], [ 99.946991, 15.6272545 ], [ 99.9396286, 15.669652 ], [ 99.873848, 15.6538239 ], [ 99.8689651, 15.6151457 ], [ 99.8379211, 15.6208248 ], [ 99.7390747, 15.6836205 ], [ 99.7089081, 15.6817818 ], [ 99.6261139, 15.6321049 ], [ 99.5709991, 15.589386 ], [ 99.5142593, 15.5594683 ], [ 99.4738312, 15.5634584 ], [ 99.4290009, 15.6105652 ], [ 99.3859329, 15.6230049 ], [ 99.3595428, 15.6782417 ], [ 99.2995071, 15.6914005 ], [ 99.2529602, 15.7188797 ], [ 99.2210999, 15.7642765 ], [ 99.1392822, 15.7960854 ], [ 99.1087036, 15.8188543 ], [ 99.0933914, 15.8897305 ], [ 99.1067734, 15.8857603 ], [ 99.2132874, 15.9429274 ], [ 99.2865067, 15.8953495 ], [ 99.3624573, 15.9226284 ], [ 99.4826355, 15.8969698 ], [ 99.5087128, 15.9243221 ], [ 99.5599594, 15.9127378 ], [ 99.6444855, 15.8780899 ], [ 99.6659088, 15.8534918 ], [ 99.7087402, 15.8756056 ], [ 99.7312241, 15.868701 ], [ 99.8117294, 15.9178782 ], [ 99.8489456, 15.9795523 ], [ 99.8466797, 16.0132065 ], [ 99.8990402, 16.0522614 ], [ 99.9267807, 16.0504303 ], [ 100.0218048, 16.1522064 ], [ 100.0386047, 16.1920433 ], [ 100.093811, 16.152895 ], [ 100.0805054, 16.1235275 ], [ 100.115509, 16.0786304 ], [ 100.1207047, 16.0430412 ], [ 100.1662064, 15.9736557 ], [ 100.1831055, 15.9239874 ], [ 100.2309113, 15.9188881 ], [ 100.3268127, 15.9694967 ], [ 100.3356171, 15.9391975 ], [ 100.4189148, 15.9262381 ], [ 100.5607147, 15.9311285 ], [ 100.5947189, 15.9647064 ], [ 100.6577148, 15.9928541 ], [ 100.7338181, 15.9919357 ], [ 100.7690735, 16.0028992 ] ] ] ] } },
{ "type": "Feature", "properties": { "POLYGON_ID": "THA_GAUL2002_ADM1_2880", "ADM0_ISO3": "THA", "ADM0_NAME": "Thailand", "ADM0_CODE": 240, "ADM1_NAME": "Nakhon Si Thammarat", "ADM1_CODE": 2880, "GEOSET": "GAUL", "GEOSET_YEAR": 2002.0, "GEOSET_VERSION": "GAUL_v1", "GEOSET_UNIT": "ADM1", "CENTROID_LONG": 99.788622925461283, "CENTROID_LAT": 8.3767011239524187 }, "geometry": { "type": "MultiPolygon", "coordinates": [ [ [ [ 100.3357407, 7.9334584 ], [ 100.301918, 7.9120078 ], [ 100.2526169, 7.9127541 ], [ 100.236412, 7.8932147 ], [ 100.1453171, 7.8663321 ], [ 100.0885086, 7.8556261 ], [ 100.0499039, 7.8363476 ], [ 99.9893341, 7.8586502 ], [ 99.9624176, 7.8901601 ], [ 99.8311996, 7.882935 ], [ 99.7875214, 7.8575773 ], [ 99.7458344, 7.8527269 ], [ 99.7348099, 7.8952689 ], [ 99.7540207, 7.9756751 ], [ 99.6648941, 8.0060873 ], [ 99.6062469, 7.9825025 ], [ 99.5973587, 7.9552188 ], [ 99.5482941, 7.9116545 ], [ 99.5388947, 7.8779073 ], [ 99.487854, 7.8764038 ], [ 99.4738388, 7.8964133 ], [ 99.4234161, 7.8862476 ], [ 99.4232407, 7.9479885 ], [ 99.401947, 7.950511 ], [ 99.4196243, 7.9973884 ], [ 99.4014587, 8.0357265 ], [ 99.3918839, 8.1041107 ], [ 99.3545609, 8.1272659 ], [ 99.308197, 8.1233482 ], [ 99.2924194, 8.1605406 ], [ 99.3223495, 8.2130604 ], [ 99.3343735, 8.2841024 ], [ 99.2995071, 8.3109312 ], [ 99.2760468, 8.3480148 ], [ 99.2418671, 8.3674583 ], [ 99.268837, 8.4510107 ], [ 99.3046494, 8.4810104 ], [ 99.4128647, 8.5283442 ], [ 99.4084244, 8.5529356 ], [ 99.4747543, 8.6430645 ], [ 99.4964371, 8.6930618 ], [ 99.5237961, 8.7183676 ], [ 99.5321274, 8.7602291 ], [ 99.5241165, 8.8375645 ], [ 99.5977249, 8.9224901 ], [ 99.6646652, 8.9202852 ], [ 99.6920853, 8.9568148 ], [ 99.7255707, 8.9749575 ], [ 99.7448273, 9.0554829 ], [ 99.7839508, 9.0510273 ], [ 99.788414, 9.105196 ], [ 99.7582855, 9.1180973 ], [ 99.7306442, 9.1552467 ], [ 99.7555161, 9.215539 ], [ 99.7510757, 9.2873144 ], [ 99.7691095, 9.3222702 ], [ 99.8064838, 9.2996351 ], [ 99.8367366, 9.30348 ], [ 99.8445212, 9.262905 ], [ 99.8787292, 9.2184884 ], [ 99.8814773, 9.1253975 ], [ 99.9089363, 9.098884 ], [ 99.9168455, 8.9982342 ], [ 99.9181464, 8.8827416 ], [ 99.9332872, 8.799229 ], [ 99.9520667, 8.6328988 ], [ 99.9913438, 8.5930622 ], [ 100.0423764, 8.5238321 ], [ 100.0830564, 8.4205793 ], [ 100.1385036, 8.3890618 ], [ 100.1689866, 8.3947436 ], [ 100.14834, 8.438828 ], [ 100.1696503, 8.5020773 ], [ 100.211088, 8.4486525 ], [ 100.251793, 8.3402371 ], [ 100.2985315, 8.1553992 ], [ 100.3357407, 7.9334584 ] ] ] ] } },
{ "type": "Feature", "properties": { "POLYGON_ID": "THA_GAUL2002_ADM1_2881", "ADM0_ISO3": "THA", "ADM0_NAME": "Thailand", "ADM0_CODE": 240, "ADM1_NAME": "Nan", "ADM1_CODE": 2881, "GEOSET": "GAUL", "GEOSET_YEAR": 2002.0, "GEOSET_VERSION": "GAUL_v1", "GEOSET_UNIT": "ADM1", "CENTROID_LONG": 100.83328478336544, "CENTROID_LAT": 18.847968898009114 }, "geometry": { "type": "MultiPolygon", "coordinates": [ [ [ [ 101.0916441, 18.3782043 ], [ 101.0033188, 18.3018494 ], [ 100.9869156, 18.3031998 ], [ 100.9236145, 18.2388535 ], [ 100.9273148, 18.2019959 ], [ 100.9083176, 18.1522579 ], [ 100.8452148, 18.0756912 ], [ 100.8149185, 18.0734119 ], [ 100.7740173, 18.0223255 ], [ 100.6983185, 18.0210648 ], [ 100.6087189, 18.0433025 ], [ 100.5164185, 18.0151138 ], [ 100.4194183, 18.0194454 ], [ 100.4015121, 18.135828 ], [ 100.4441147, 18.1514568 ], [ 100.4889145, 18.2887306 ], [ 100.4911118, 18.3474483 ], [ 100.5544128, 18.4201832 ], [ 100.5454178, 18.4843197 ], [ 100.4992142, 18.4727306 ], [ 100.4805145, 18.4927406 ], [ 100.4315186, 18.4964275 ], [ 100.4054184, 18.4828396 ], [ 100.3791122, 18.5755253 ], [ 100.3918076, 18.6363029 ], [ 100.3630066, 18.6439819 ], [ 100.3560104, 18.6779804 ], [ 100.394104, 18.7380772 ], [ 100.366806, 18.7450657 ], [ 100.3433075, 18.8041229 ], [ 100.3906097, 18.8898582 ], [ 100.3949051, 18.9236679 ], [ 100.424408, 18.9454155 ], [ 100.4260101, 18.9789028 ], [ 100.4677124, 19.0523186 ], [ 100.5481186, 19.0024204 ], [ 100.5585175, 19.0408211 ], [ 100.5841217, 19.0584545 ], [ 100.5780182, 19.0943375 ], [ 100.6438141, 19.1005974 ], [ 100.6210785, 19.2234669 ], [ 100.6077118, 19.2448502 ], [ 100.6139145, 19.3082886 ], [ 100.5698166, 19.3037376 ], [ 100.5355148, 19.3521347 ], [ 100.5276184, 19.4031219 ], [ 100.5662155, 19.4312611 ], [ 100.5844116, 19.4664383 ], [ 100.5333176, 19.4930191 ], [ 100.489212, 19.4921761 ], [ 100.484036, 19.5483534 ], [ 100.5236228, 19.5190517 ], [ 100.5975784, 19.5041309 ], [ 100.6079581, 19.5527859 ], [ 100.6734802, 19.5501909 ], [ 100.7647704, 19.4994579 ], [ 100.8167915, 19.5273032 ], [ 100.8929193, 19.6343504 ], [ 100.9173825, 19.6251767 ], [ 101.0233897, 19.6307829 ], [ 101.0618683, 19.6177868 ], [ 101.0720613, 19.5920495 ], [ 101.1225167, 19.5721731 ], [ 101.1979449, 19.5775244 ], [ 101.2071186, 19.6050455 ], [ 101.2879766, 19.5692872 ], [ 101.2642857, 19.4625972 ], [ 101.2305046, 19.4749836 ], [ 101.1956095, 19.4017053 ], [ 101.2046057, 19.3501812 ], [ 101.2588527, 19.227611 ], [ 101.2442715, 19.1783725 ], [ 101.2540039, 19.1332962 ], [ 101.3551327, 19.0502947 ], [ 101.3456213, 19.006323 ], [ 101.3077881, 19.0016528 ], [ 101.2944701, 18.942234 ], [ 101.2452959, 18.8899864 ], [ 101.2548669, 18.8486186 ], [ 101.2506514, 18.7801706 ], [ 101.2228724, 18.7293554 ], [ 101.2574268, 18.6792177 ], [ 101.2357456, 18.6345004 ], [ 101.1795101, 18.6128192 ], [ 101.1815427, 18.5674243 ], [ 101.1015935, 18.5213518 ], [ 101.0897236, 18.4796498 ], [ 101.0528109, 18.4447903 ], [ 101.0916441, 18.3782043 ] ] ] ] } },
{ "type": "Feature", "properties": { "POLYGON_ID": "THA_GAUL2002_ADM1_2882", "ADM0_ISO3": "THA", "ADM0_NAME": "Thailand", "ADM0_CODE": 240, "ADM1_NAME": "Narathiwat", "ADM1_CODE": 2882, "GEOSET": "GAUL", "GEOSET_YEAR": 2002.0, "GEOSET_VERSION": "GAUL_v1", "GEOSET_UNIT": "ADM1", "CENTROID_LONG": 101.72162480827966, "CENTROID_LAT": 6.1777721454062009 }, "geometry": { "type": "MultiPolygon", "coordinates": [ [ [ [ 101.7223096, 6.5815336 ], [ 101.7862857, 6.4888801 ], [ 101.8222891, 6.4484869 ], [ 101.8745104, 6.4245409 ], [ 101.9474357, 6.3430952 ], [ 102.0910223, 6.2408725 ], [ 102.0784519, 6.1714064 ], [ 102.0931963, 6.1484873 ], [ 102.0537866, 6.0799364 ], [ 102.0032546, 6.0502679 ], [ 101.9457767, 5.9873564 ], [ 101.9231927, 5.9233883 ], [ 101.9439064, 5.8729563 ], [ 101.9167396, 5.8427478 ], [ 101.884071, 5.837697 ], [ 101.8667665, 5.7913103 ], [ 101.8390809, 5.7908567 ], [ 101.8195678, 5.7302493 ], [ 101.755689, 5.7958031 ], [ 101.7170566, 5.779685 ], [ 101.7004609, 5.7530626 ], [ 101.6587243, 5.8144797 ], [ 101.6569334, 5.8756262 ], [ 101.6221387, 5.874347 ], [ 101.6139518, 5.9099092 ], [ 101.5430831, 5.9186079 ], [ 101.4979016, 5.882762 ], [ 101.4860229, 6.0123787 ], [ 101.4712219, 6.0789433 ], [ 101.4498215, 6.081614 ], [ 101.4278259, 6.1421485 ], [ 101.3958206, 6.1586604 ], [ 101.3754196, 6.1994314 ], [ 101.3944244, 6.2214227 ], [ 101.4149246, 6.3634067 ], [ 101.4370193, 6.4307518 ], [ 101.5296249, 6.4412398 ], [ 101.5435333, 6.4713659 ], [ 101.61203, 6.5439944 ], [ 101.5951309, 6.5586729 ], [ 101.5780334, 6.5937471 ], [ 101.5859299, 6.6266441 ], [ 101.6134338, 6.6358843 ], [ 101.6600342, 6.6240063 ], [ 101.6850281, 6.5735526 ], [ 101.7223096, 6.5815336 ] ] ] ] } },
{ "type": "Feature", "properties": { "POLYGON_ID": "THA_GAUL2002_ADM1_2884", "ADM0_ISO3": "THA", "ADM0_NAME": "Thailand", "ADM0_CODE": 240, "ADM1_NAME": "Nong Khai", "ADM1_CODE": 2884, "GEOSET": "GAUL", "GEOSET_YEAR": 2002.0, "GEOSET_VERSION": "GAUL_v1", "GEOSET_UNIT": "ADM1", "CENTROID_LONG": 103.31545717182033, "CENTROID_LAT": 18.051993395442466 }, "geometry": { "type": "MultiPolygon", "coordinates": [ [ [ [ 104.1922629, 18.0199007 ], [ 104.1520386, 18.0253716 ], [ 104.1198502, 18.0048904 ], [ 104.1233673, 17.9304352 ], [ 104.0787659, 17.877903 ], [ 104.0031891, 17.8920479 ], [ 103.9844818, 17.8692493 ], [ 104.0118179, 17.8088875 ], [ 103.9779282, 17.7693157 ], [ 103.9424057, 17.7818756 ], [ 103.9193878, 17.8149281 ], [ 103.9040756, 17.8762283 ], [ 103.8507996, 17.8791142 ], [ 103.7950516, 17.8406887 ], [ 103.7459335, 17.9099979 ], [ 103.6670837, 17.9672241 ], [ 103.6279449, 17.9780273 ], [ 103.6098785, 18.0286541 ], [ 103.5431824, 18.0666676 ], [ 103.5016327, 18.0544186 ], [ 103.4923935, 17.984623 ], [ 103.3989716, 17.9793835 ], [ 103.3925705, 17.9525185 ], [ 103.4072647, 17.8726063 ], [ 103.3551712, 17.8739815 ], [ 103.3037643, 17.8258743 ], [ 103.2344894, 17.8701763 ], [ 103.1788864, 17.8487568 ], [ 103.1505203, 17.7989025 ], [ 103.1172104, 17.8540802 ], [ 103.0785141, 17.8744373 ], [ 103.017601, 17.8709984 ], [ 102.9701309, 17.8180637 ], [ 102.9306717, 17.8867397 ], [ 102.8739319, 17.8817406 ], [ 102.8764343, 17.8545742 ], [ 102.8421936, 17.8195457 ], [ 102.85569, 17.7690525 ], [ 102.8514099, 17.7286854 ], [ 102.82827, 17.6862545 ], [ 102.7856827, 17.6749229 ], [ 102.7662735, 17.6201267 ], [ 102.7334747, 17.6003342 ], [ 102.7010651, 17.614603 ], [ 102.6632462, 17.5927982 ], [ 102.6029816, 17.6159916 ], [ 102.5913467, 17.695982 ], [ 102.5274506, 17.7568188 ], [ 102.4747925, 17.7474403 ], [ 102.4332123, 17.7902412 ], [ 102.4029999, 17.8425865 ], [ 102.4015579, 17.8741798 ], [ 102.3713303, 17.9093647 ], [ 102.3024902, 17.9638786 ], [ 102.2443924, 17.9985352 ], [ 102.1778488, 18.0135288 ], [ 102.1635056, 17.9858398 ], [ 102.1066513, 18.0580502 ], [ 102.0593262, 18.0801106 ], [ 102.072319, 18.1380405 ], [ 102.1033936, 18.1572151 ], [ 102.1080351, 18.2080668 ], [ 102.1642552, 18.2018646 ], [ 102.1827259, 18.1531687 ], [ 102.2461062, 18.1016564 ], [ 102.2857655, 18.0570851 ], [ 102.3461007, 18.0450939 ], [ 102.4271931, 17.9862778 ], [ 102.4689429, 17.9678115 ], [ 102.5525955, 17.9696658 ], [ 102.6094472, 17.9464014 ], [ 102.6097148, 17.897158 ], [ 102.5876939, 17.8743065 ], [ 102.5968687, 17.8353361 ], [ 102.6774245, 17.8037561 ], [ 102.6782273, 17.8449707 ], [ 102.6996375, 17.8765507 ], [ 102.7488809, 17.8893968 ], [ 102.7941635, 17.9381998 ], [ 102.8535231, 17.9702202 ], [ 102.9528128, 18.0050117 ], [ 103.0181138, 17.9723612 ], [ 103.0408621, 17.9806576 ], [ 103.0759213, 18.0309715 ], [ 103.0822866, 18.131123 ], [ 103.0998469, 18.1417635 ], [ 103.1436537, 18.1680764 ], [ 103.1496603, 18.230545 ], [ 103.1704832, 18.260578 ], [ 103.2814051, 18.2946155 ], [ 103.2906153, 18.3238476 ], [ 103.2545756, 18.3362612 ], [ 103.2435068, 18.3663073 ], [ 103.305832, 18.4327673 ], [ 103.4207583, 18.4459818 ], [ 103.4608023, 18.4255594 ], [ 103.5308793, 18.4251589 ], [ 103.6241818, 18.3959268 ], [ 103.7030685, 18.3418674 ], [ 103.8023777, 18.3422678 ], [ 103.8318489, 18.3293054 ], [ 103.8567957, 18.2834066 ], [ 103.9393282, 18.3354603 ], [ 103.9853788, 18.3262502 ], [ 104.0607561, 18.2211614 ], [ 104.1100242, 18.1091007 ], [ 104.1922629, 18.0199007 ] ] ] ] } },
{ "type": "Feature", "properties": { "POLYGON_ID": "THA_GAUL2002_ADM1_2885", "ADM0_ISO3": "THA", "ADM0_NAME": "Thailand", "ADM0_CODE": 240, "ADM1_NAME": "Nonthaburi", "ADM1_CODE": 2885, "GEOSET": "GAUL", "GEOSET_YEAR": 2002.0, "GEOSET_VERSION": "GAUL_v1", "GEOSET_UNIT": "ADM1", "CENTROID_LONG": 100.39581412452821, "CENTROID_LAT": 13.920389541191794 }, "geometry": { "type": "MultiPolygon", "coordinates": [ [ [ [ 100.5712128, 13.9482794 ], [ 100.5498123, 13.8485956 ], [ 100.5000153, 13.7952576 ], [ 100.3316116, 13.8013172 ], [ 100.2673187, 13.9197016 ], [ 100.2990189, 13.9583988 ], [ 100.2693176, 14.0053463 ], [ 100.2829132, 14.1191702 ], [ 100.3026123, 14.1366882 ], [ 100.3472137, 14.1121702 ], [ 100.336113, 14.0430441 ], [ 100.3635178, 13.9945374 ], [ 100.4710159, 13.9663877 ], [ 100.4977188, 13.9339504 ], [ 100.5712128, 13.9482794 ] ] ] ] } },
{ "type": "Feature", "properties": { "POLYGON_ID": "THA_GAUL2002_ADM1_2886", "ADM0_ISO3": "THA", "ADM0_NAME": "Thailand", "ADM0_CODE": 240, "ADM1_NAME": "Pathum Thani", "ADM1_CODE": 2886, "GEOSET": "GAUL", "GEOSET_YEAR": 2002.0, "GEOSET_VERSION": "GAUL_v1", "GEOSET_UNIT": "ADM1", "CENTROID_LONG": 100.68589439889513, "CENTROID_LAT": 14.062350797158821 }, "geometry": { "type": "MultiPolygon", "coordinates": [ [ [ [ 100.9561157, 14.2675314 ], [ 100.9485168, 14.2322636 ], [ 100.9158173, 14.2138844 ], [ 100.9182129, 13.9598989 ], [ 100.9173126, 13.94767 ], [ 100.6914139, 13.9125614 ], [ 100.6285172, 13.9490995 ], [ 100.5712128, 13.9482794 ], [ 100.4977188, 13.9339504 ], [ 100.4710159, 13.9663877 ], [ 100.3635178, 13.9945374 ], [ 100.336113, 14.0430441 ], [ 100.3472137, 14.1121702 ], [ 100.5495148, 14.1092415 ], [ 100.6273117, 14.1419086 ], [ 100.8258133, 14.2385025 ], [ 100.8972168, 14.2735415 ], [ 100.9079132, 14.2459621 ], [ 100.9561157, 14.2675314 ] ] ] ] } },
{ "type": "Feature", "properties": { "POLYGON_ID": "THA_GAUL2002_ADM1_2887", "ADM0_ISO3": "THA", "ADM0_NAME": "Thailand", "ADM0_CODE": 240, "ADM1_NAME": "Pattani", "ADM1_CODE": 2887, "GEOSET": "GAUL", "GEOSET_YEAR": 2002.0, "GEOSET_VERSION": "GAUL_v1", "GEOSET_UNIT": "ADM1", "CENTROID_LONG": 101.34713112958551, "CENTROID_LAT": 6.7291123880031387 }, "geometry": { "type": "MultiPolygon", "coordinates": [ [ [ [ 101.7223096, 6.5815336 ], [ 101.6850281, 6.5735526 ], [ 101.6600342, 6.6240063 ], [ 101.6134338, 6.6358843 ], [ 101.5859299, 6.6266441 ], [ 101.5780334, 6.5937471 ], [ 101.5951309, 6.5586729 ], [ 101.5498276, 6.5483222 ], [ 101.5078201, 6.6040273 ], [ 101.3879242, 6.5655956 ], [ 101.3123245, 6.5550418 ], [ 101.2785263, 6.6666975 ], [ 101.2461243, 6.6199117 ], [ 101.2141266, 6.6000576 ], [ 101.1366196, 6.6080322 ], [ 101.0978241, 6.6416354 ], [ 101.047226, 6.6695523 ], [ 101.054924, 6.6970496 ], [ 101.0282211, 6.7709928 ], [ 101.0393219, 6.8285694 ], [ 101.0600289, 6.8584544 ], [ 101.1644221, 6.8602242 ], [ 101.2219087, 6.8766224 ], [ 101.2627674, 6.9030347 ], [ 101.2888214, 6.8781753 ], [ 101.3285596, 6.8735276 ], [ 101.3848222, 6.8952575 ], [ 101.4559952, 6.8836171 ], [ 101.5569671, 6.8461441 ], [ 101.6288178, 6.7227513 ], [ 101.7223096, 6.5815336 ] ] ] ] } },
{ "type": "Feature", "properties": { "POLYGON_ID": "THA_GAUL2002_ADM1_2889", "ADM0_ISO3": "THA", "ADM0_NAME": "Thailand", "ADM0_CODE": 240, "ADM1_NAME": "Phangnga", "ADM1_CODE": 2889, "GEOSET": "GAUL", "GEOSET_YEAR": 2002.0, "GEOSET_VERSION": "GAUL_v1", "GEOSET_UNIT": "ADM1", "CENTROID_LONG": 98.42268704642828, "CENTROID_LAT": 8.6764183464868694 }, "geometry": { "type": "MultiPolygon", "coordinates": [ [ [ [ 98.5102921, 9.3058243 ], [ 98.5329514, 9.251811 ], [ 98.4962006, 9.1845245 ], [ 98.4871292, 9.145093 ], [ 98.4940262, 9.0754995 ], [ 98.4765701, 9.0611773 ], [ 98.491806, 9.0137138 ], [ 98.513916, 8.9941263 ], [ 98.4582138, 8.9652739 ], [ 98.4608841, 8.8902788 ], [ 98.4974747, 8.8841715 ], [ 98.5401993, 8.8526964 ], [ 98.5666046, 8.80793 ], [ 98.6035156, 8.7918043 ], [ 98.5993195, 8.7168388 ], [ 98.5692902, 8.6747084 ], [ 98.5726089, 8.6367292 ], [ 98.610199, 8.6259565 ], [ 98.6507797, 8.6543598 ], [ 98.7085724, 8.6281605 ], [ 98.7059708, 8.5888186 ], [ 98.6576614, 8.5576563 ], [ 98.6581573, 8.4835272 ], [ 98.6686401, 8.4420748 ], [ 98.6343878, 8.3692302 ], [ 98.5803682, 8.3582519 ], [ 98.4685217, 8.3043056 ], [ 98.4566204, 8.2646781 ], [ 98.4682358, 8.2189534 ], [ 98.4353571, 8.1624061 ], [ 98.3737372, 8.138748 ], [ 98.3586077, 8.1882009 ], [ 98.2885935, 8.2080466 ], [ 98.2701189, 8.3027948 ], [ 98.2055323, 8.5528631 ], [ 98.2383532, 8.5865991 ], [ 98.2473112, 8.6525208 ], [ 98.2340417, 8.7213417 ], [ 98.2617388, 8.7633224 ], [ 98.2620275, 8.9434925 ], [ 98.267301, 9.0148148 ], [ 98.3302338, 8.9773229 ], [ 98.3198594, 9.0310373 ], [ 98.3332183, 9.0600578 ], [ 98.3758023, 9.0716807 ], [ 98.3429278, 9.1174865 ], [ 98.3184675, 9.1839375 ], [ 98.3282987, 9.2225469 ], [ 98.3775226, 9.2912513 ], [ 98.3921198, 9.3449887 ], [ 98.4580154, 9.3445978 ], [ 98.4839401, 9.3024855 ], [ 98.5102921, 9.3058243 ] ] ], [ [ [ 98.6357936, 8.1855862 ], [ 98.6242232, 8.1032556 ], [ 98.594, 8.1258222 ], [ 98.6015925, 8.1544633 ], [ 98.6357936, 8.1855862 ] ] ], [ [ [ 98.5378167, 8.1043962 ], [ 98.592614, 8.069947 ], [ 98.6136841, 7.9594623 ], [ 98.600326, 7.91359 ], [ 98.5651388, 7.9587613 ], [ 98.5904425, 7.9988703 ], [ 98.5537473, 8.0324356 ], [ 98.526194, 8.0870539 ], [ 98.5378167, 8.1043962 ] ] ], [ [ [ 98.2890386, 9.167725 ], [ 98.2965006, 9.1325383 ], [ 98.3331468, 9.0862637 ], [ 98.3018593, 9.0374128 ], [ 98.2465667, 9.032467 ], [ 98.249328, 9.1260771 ], [ 98.2604049, 9.1612396 ], [ 98.2890386, 9.167725 ] ] ] ] } },
{ "type": "Feature", "properties": { "POLYGON_ID": "THA_GAUL2002_ADM1_2890", "ADM0_ISO3": "THA", "ADM0_NAME": "Thailand", "ADM0_CODE": 240, "ADM1_NAME": "Phatthalung", "ADM1_CODE": 2890, "GEOSET": "GAUL", "GEOSET_YEAR": 2002.0, "GEOSET_VERSION": "GAUL_v1", "GEOSET_UNIT": "ADM1", "CENTROID_LONG": 100.07147866035791, "CENTROID_LAT": 7.5055342329788974 }, "geometry": { "type": "MultiPolygon", "coordinates": [ [ [ [ 100.1453171, 7.8663321 ], [ 100.129715, 7.7970204 ], [ 100.2069168, 7.77634 ], [ 100.2165145, 7.7362847 ], [ 100.2367399, 7.5397412 ], [ 100.2569653, 7.5004801 ], [ 100.2993197, 7.4988145 ], [ 100.355713, 7.5280819 ], [ 100.3849803, 7.5064288 ], [ 100.3854756, 7.417735 ], [ 100.3970337, 7.4048239 ], [ 100.431298, 7.2820437 ], [ 100.4047165, 7.2617369 ], [ 100.3605118, 7.2949052 ], [ 100.3402176, 7.2415724 ], [ 100.3062134, 7.2049241 ], [ 100.1819153, 7.1731591 ], [ 100.1353149, 7.1425848 ], [ 100.1139145, 7.1629334 ], [ 100.069519, 7.138061 ], [ 100.0620041, 7.1029253 ], [ 100.0331039, 7.0931578 ], [ 100.0018082, 7.1127982 ], [ 99.9712906, 7.1496673 ], [ 99.937027, 7.2497277 ], [ 99.9428406, 7.2934904 ], [ 99.913414, 7.3174939 ], [ 99.883255, 7.3781447 ], [ 99.8866043, 7.4037485 ], [ 99.8277969, 7.5057311 ], [ 99.8389206, 7.5373654 ], [ 99.7985153, 7.5866737 ], [ 99.8126755, 7.6162205 ], [ 99.8187561, 7.6793041 ], [ 99.791214, 7.698133 ], [ 99.7858582, 7.7549486 ], [ 99.7458344, 7.8527269 ], [ 99.7875214, 7.8575773 ], [ 99.8311996, 7.882935 ], [ 99.9624176, 7.8901601 ], [ 99.9893341, 7.8586502 ], [ 100.0499039, 7.8363476 ], [ 100.0885086, 7.8556261 ], [ 100.1453171, 7.8663321 ] ] ] ] } },
{ "type": "Feature", "properties": { "POLYGON_ID": "THA_GAUL2002_ADM1_2891", "ADM0_ISO3": "THA", "ADM0_NAME": "Thailand", "ADM0_CODE": 240, "ADM1_NAME": "Phayao", "ADM1_CODE": 2891, "GEOSET": "GAUL", "GEOSET_YEAR": 2002.0, "GEOSET_VERSION": "GAUL_v1", "GEOSET_UNIT": "ADM1", "CENTROID_LONG": 100.19326298136096, "CENTROID_LAT": 19.233489555005974 }, "geometry": { "type": "MultiPolygon", "coordinates": [ [ [ [ 100.484036, 19.5483534 ], [ 100.489212, 19.4921761 ], [ 100.5333176, 19.4930191 ], [ 100.5844116, 19.4664383 ], [ 100.5662155, 19.4312611 ], [ 100.5276184, 19.4031219 ], [ 100.5355148, 19.3521347 ], [ 100.5698166, 19.3037376 ], [ 100.6139145, 19.3082886 ], [ 100.6077118, 19.2448502 ], [ 100.6210785, 19.2234669 ], [ 100.6438141, 19.1005974 ], [ 100.5780182, 19.0943375 ], [ 100.5841217, 19.0584545 ], [ 100.5585175, 19.0408211 ], [ 100.5481186, 19.0024204 ], [ 100.4677124, 19.0523186 ], [ 100.4260101, 18.9789028 ], [ 100.424408, 18.9454155 ], [ 100.3949051, 18.9236679 ], [ 100.3906097, 18.8898582 ], [ 100.3433075, 18.8041229 ], [ 100.229805, 18.8215237 ], [ 100.1998062, 18.8118935 ], [ 100.1596069, 18.8319302 ], [ 100.1178055, 18.8060627 ], [ 100.0660095, 18.83214 ], [ 100.0735092, 18.8613415 ], [ 99.9472198, 18.9443073 ], [ 99.9388351, 18.9667645 ], [ 99.8863907, 18.996273 ], [ 99.842041, 18.9974308 ], [ 99.8236694, 19.0559292 ], [ 99.778038, 19.0602493 ], [ 99.762764, 19.1273746 ], [ 99.7333984, 19.1675148 ], [ 99.7074585, 19.2534008 ], [ 99.7104874, 19.3395252 ], [ 99.6972198, 19.3778133 ], [ 99.6884995, 19.41432 ], [ 99.7385406, 19.4219112 ], [ 99.7998047, 19.4476795 ], [ 99.8583984, 19.4373894 ], [ 99.8853607, 19.4510212 ], [ 99.9249344, 19.4096508 ], [ 100.0080109, 19.426651 ], [ 100.068306, 19.4582081 ], [ 100.078804, 19.5417652 ], [ 100.1505051, 19.5539551 ], [ 100.1712112, 19.5831223 ], [ 100.2400055, 19.6053619 ], [ 100.2540054, 19.6359482 ], [ 100.3062058, 19.6408405 ], [ 100.330307, 19.699976 ], [ 100.3876114, 19.7083569 ], [ 100.4092681, 19.7346271 ], [ 100.4905374, 19.6520421 ], [ 100.484036, 19.5483534 ] ] ] ] } },
{ "type": "Feature", "properties": { "POLYGON_ID": "THA_GAUL2002_ADM1_2892", "ADM0_ISO3": "THA", "ADM0_NAME": "Thailand", "ADM0_CODE": 240, "ADM1_NAME": "Phetchabun", "ADM1_CODE": 2892, "GEOSET": "GAUL", "GEOSET_YEAR": 2002.0, "GEOSET_VERSION": "GAUL_v1", "GEOSET_UNIT": "ADM1", "CENTROID_LONG": 101.14810261109606, "CENTROID_LAT": 16.256776854967445 }, "geometry": { "type": "MultiPolygon", "coordinates": [ [ [ [ 101.7906265, 16.7602634 ], [ 101.7747192, 16.6829166 ], [ 101.7543259, 16.6648788 ], [ 101.7281265, 16.6493683 ], [ 101.6922226, 16.682457 ], [ 101.6417236, 16.6773968 ], [ 101.5800247, 16.718996 ], [ 101.5772247, 16.6429272 ], [ 101.5331192, 16.6758575 ], [ 101.5130692, 16.6518593 ], [ 101.502121, 16.5585938 ], [ 101.4706268, 16.5154629 ], [ 101.4771194, 16.4770889 ], [ 101.4049225, 16.3945923 ], [ 101.3833237, 16.3456554 ], [ 101.3735199, 16.2706509 ], [ 101.3527756, 16.2529087 ], [ 101.3819199, 16.1840439 ], [ 101.3450089, 16.1496391 ], [ 101.3277054, 16.0327148 ], [ 101.3623199, 15.9620667 ], [ 101.3787231, 15.9515467 ], [ 101.3665237, 15.8923607 ], [ 101.3388214, 15.8738709 ], [ 101.324234, 15.7870359 ], [ 101.3504257, 15.7451591 ], [ 101.4096375, 15.7325315 ], [ 101.374321, 15.5757074 ], [ 101.3227234, 15.5719576 ], [ 101.3089218, 15.5413904 ], [ 101.3052216, 15.3857088 ], [ 101.2812195, 15.3588295 ], [ 101.2078247, 15.3188925 ], [ 101.1453247, 15.3221312 ], [ 101.077713, 15.3386507 ], [ 101.038414, 15.314683 ], [ 100.9498138, 15.4486647 ], [ 100.8987198, 15.4718437 ], [ 100.8049164, 15.4854822 ], [ 100.7742157, 15.4599638 ], [ 100.7740173, 15.5307693 ], [ 100.7958145, 15.53545 ], [ 100.8225174, 15.5824471 ], [ 100.8324127, 15.6704626 ], [ 100.8510132, 15.7003603 ], [ 100.8247147, 15.7436781 ], [ 100.807312, 15.8029947 ], [ 100.7661133, 15.8328238 ], [ 100.8130188, 15.8616724 ], [ 100.7742157, 15.9018393 ], [ 100.7896118, 15.9926453 ], [ 100.7690735, 16.0028992 ], [ 100.6658173, 16.043581 ], [ 100.6497116, 16.059639 ], [ 100.647316, 16.138195 ], [ 100.7196121, 16.25033 ], [ 100.6773148, 16.2493896 ], [ 100.6550751, 16.2920017 ], [ 100.6534119, 16.3270969 ], [ 100.7125778, 16.3758545 ], [ 100.708313, 16.4083824 ], [ 100.7730179, 16.4243107 ], [ 100.8395081, 16.5033989 ], [ 100.8617172, 16.5455856 ], [ 100.8530121, 16.5906811 ], [ 100.8713074, 16.6434078 ], [ 100.9321136, 16.6633968 ], [ 100.9207153, 16.731535 ], [ 100.9244232, 16.7881756 ], [ 100.9599152, 16.8208103 ], [ 101.0722122, 16.8979759 ], [ 101.1039124, 16.887846 ], [ 101.1211166, 16.9345512 ], [ 101.1155167, 17.0026894 ], [ 101.1722183, 17.0329876 ], [ 101.2081146, 17.1002846 ], [ 101.236824, 17.1225033 ], [ 101.2876205, 17.0789356 ], [ 101.4100266, 17.0877838 ], [ 101.4343262, 17.0684757 ], [ 101.4750214, 17.0874939 ], [ 101.5334244, 17.0490456 ], [ 101.5545197, 16.9909306 ], [ 101.6132202, 16.9967098 ], [ 101.6473236, 17.0363979 ], [ 101.6913223, 16.9342937 ], [ 101.6815262, 16.8639774 ], [ 101.6851196, 16.8006306 ], [ 101.7325211, 16.7493038 ], [ 101.7906265, 16.7602634 ] ] ] ] } },
{ "type": "Feature", "properties": { "POLYGON_ID": "THA_GAUL2002_ADM1_2893", "ADM0_ISO3": "THA", "ADM0_NAME": "Thailand", "ADM0_CODE": 240, "ADM1_NAME": "Phetchaburi", "ADM1_CODE": 2893, "GEOSET": "GAUL", "GEOSET_YEAR": 2002.0, "GEOSET_VERSION": "GAUL_v1", "GEOSET_UNIT": "ADM1", "CENTROID_LONG": 99.621049639782242, "CENTROID_LAT": 12.939974362192048 }, "geometry": { "type": "MultiPolygon", "coordinates": [ [ [ [ 99.8578796, 13.324255 ], [ 99.8635559, 13.2408104 ], [ 99.952819, 13.2952206 ], [ 99.9446847, 13.269901 ], [ 99.9978055, 13.220692 ], [ 100.0062733, 13.1983514 ], [ 100.0693366, 13.1517155 ], [ 100.0641615, 13.0896508 ], [ 100.1019045, 13.0537625 ], [ 100.0422256, 12.9686584 ], [ 100.0236753, 12.8867663 ], [ 100.0001551, 12.8378432 ], [ 99.964226, 12.725167 ], [ 99.9558657, 12.6365584 ], [ 99.9342346, 12.6256962 ], [ 99.8457947, 12.6219063 ], [ 99.8325653, 12.6302261 ], [ 99.7602692, 12.5780087 ], [ 99.687706, 12.5824184 ], [ 99.5991364, 12.5437708 ], [ 99.5821762, 12.5740385 ], [ 99.4830551, 12.5893278 ], [ 99.4284917, 12.5788781 ], [ 99.4115698, 12.6151738 ], [ 99.3763438, 12.6179695 ], [ 99.3360856, 12.6640055 ], [ 99.3066374, 12.6701561 ], [ 99.2708524, 12.7258839 ], [ 99.231526, 12.7404216 ], [ 99.2210887, 12.8213108 ], [ 99.187913, 12.8460994 ], [ 99.1718842, 12.9417127 ], [ 99.1964865, 12.9579278 ], [ 99.1711387, 13.0140284 ], [ 99.1040417, 13.0643512 ], [ 99.1359127, 13.1327529 ], [ 99.1169019, 13.1752477 ], [ 99.1306941, 13.2033912 ], [ 99.2146098, 13.2020539 ], [ 99.271431, 13.1446552 ], [ 99.3260727, 13.1725149 ], [ 99.321312, 13.2015228 ], [ 99.3505325, 13.2391396 ], [ 99.4400177, 13.1820335 ], [ 99.5227051, 13.2049818 ], [ 99.576828, 13.193553 ], [ 99.6646957, 13.2112923 ], [ 99.667984, 13.2816982 ], [ 99.702034, 13.3123264 ], [ 99.7641296, 13.3399639 ], [ 99.8578796, 13.324255 ] ] ] ] } },
{ "type": "Feature", "properties": { "POLYGON_ID": "THA_GAUL2002_ADM1_2894", "ADM0_ISO3": "THA", "ADM0_NAME": "Thailand", "ADM0_CODE": 240, "ADM1_NAME": "Phichit", "ADM1_CODE": 2894, "GEOSET": "GAUL", "GEOSET_YEAR": 2002.0, "GEOSET_VERSION": "GAUL_v1", "GEOSET_UNIT": "ADM1", "CENTROID_LONG": 100.34538197790205, "CENTROID_LAT": 16.255778097453831 }, "geometry": { "type": "MultiPolygon", "coordinates": [ [ [ [ 100.6534119, 16.3270969 ], [ 100.6550751, 16.2920017 ], [ 100.6773148, 16.2493896 ], [ 100.7196121, 16.25033 ], [ 100.647316, 16.138195 ], [ 100.6497116, 16.059639 ], [ 100.6658173, 16.043581 ], [ 100.7690735, 16.0028992 ], [ 100.7338181, 15.9919357 ], [ 100.6577148, 15.9928541 ], [ 100.5947189, 15.9647064 ], [ 100.5607147, 15.9311285 ], [ 100.4189148, 15.9262381 ], [ 100.3356171, 15.9391975 ], [ 100.3268127, 15.9694967 ], [ 100.2309113, 15.9188881 ], [ 100.1831055, 15.9239874 ], [ 100.1662064, 15.9736557 ], [ 100.1207047, 16.0430412 ], [ 100.115509, 16.0786304 ], [ 100.0805054, 16.1235275 ], [ 100.093811, 16.152895 ], [ 100.0386047, 16.1920433 ], [ 100.0254059, 16.3344555 ], [ 99.9865417, 16.3811226 ], [ 100.0010681, 16.4349518 ], [ 100.0345078, 16.4972076 ], [ 100.0151367, 16.5720158 ], [ 100.084404, 16.5773315 ], [ 100.1202087, 16.610321 ], [ 100.1593094, 16.5919819 ], [ 100.2353058, 16.6222401 ], [ 100.2345047, 16.551712 ], [ 100.2642059, 16.5340252 ], [ 100.3444138, 16.5245247 ], [ 100.3777161, 16.5436955 ], [ 100.4221115, 16.5084763 ], [ 100.4683151, 16.5180054 ], [ 100.4865189, 16.5447941 ], [ 100.5331116, 16.5718536 ], [ 100.5930176, 16.5888519 ], [ 100.5840149, 16.5096264 ], [ 100.6058121, 16.3825531 ], [ 100.6214142, 16.3686028 ], [ 100.6245117, 16.3110981 ], [ 100.6534119, 16.3270969 ] ] ] ] } },
{ "type": "Feature", "properties": { "POLYGON_ID": "THA_GAUL2002_ADM1_2895", "ADM0_ISO3": "THA", "ADM0_NAME": "Thailand", "ADM0_CODE": 240, "ADM1_NAME": "Phitsanulok", "ADM1_CODE": 2895, "GEOSET": "GAUL", "GEOSET_YEAR": 2002.0, "GEOSET_VERSION": "GAUL_v1", "GEOSET_UNIT": "ADM1", "CENTROID_LONG": 100.54909277760149, "CENTROID_LAT": 16.977526609832918 }, "geometry": { "type": "MultiPolygon", "coordinates": [ [ [ [ 100.9813953, 17.569373 ], [ 100.875412, 17.5704803 ], [ 100.8766174, 17.5271816 ], [ 100.8399124, 17.4811535 ], [ 100.8544159, 17.4494133 ], [ 100.9209137, 17.4469852 ], [ 100.9209061, 17.3368359 ], [ 100.9977188, 17.3367405 ], [ 101.0518188, 17.2819042 ], [ 101.0863113, 17.2762165 ], [ 101.1107178, 17.2272167 ], [ 101.0811157, 17.17659 ], [ 101.0754166, 17.1130619 ], [ 101.0551147, 17.0704765 ], [ 101.0467148, 16.9920292 ], [ 101.0722122, 16.8979759 ], [ 100.9599152, 16.8208103 ], [ 100.9244232, 16.7881756 ], [ 100.9207153, 16.731535 ], [ 100.9321136, 16.6633968 ], [ 100.8713074, 16.6434078 ], [ 100.8530121, 16.5906811 ], [ 100.8617172, 16.5455856 ], [ 100.8395081, 16.5033989 ], [ 100.7730179, 16.4243107 ], [ 100.708313, 16.4083824 ], [ 100.7125778, 16.3758545 ], [ 100.6534119, 16.3270969 ], [ 100.6245117, 16.3110981 ], [ 100.6214142, 16.3686028 ], [ 100.6058121, 16.3825531 ], [ 100.5840149, 16.5096264 ], [ 100.5930176, 16.5888519 ], [ 100.5331116, 16.5718536 ], [ 100.4865189, 16.5447941 ], [ 100.4683151, 16.5180054 ], [ 100.4221115, 16.5084763 ], [ 100.3777161, 16.5436955 ], [ 100.3444138, 16.5245247 ], [ 100.2642059, 16.5340252 ], [ 100.2345047, 16.551712 ], [ 100.2353058, 16.6222401 ], [ 100.1593094, 16.5919819 ], [ 100.1202087, 16.610321 ], [ 100.084404, 16.5773315 ], [ 100.0151367, 16.5720158 ], [ 99.9700699, 16.5696125 ], [ 99.9141159, 16.6053905 ], [ 99.9041595, 16.6885262 ], [ 99.8642273, 16.6847858 ], [ 99.8481369, 16.7129726 ], [ 99.877594, 16.7629013 ], [ 99.9276428, 16.7648621 ], [ 99.9148865, 16.806879 ], [ 99.9480209, 16.8273869 ], [ 99.9562607, 16.8588371 ], [ 100.0126114, 16.8668957 ], [ 100.0462112, 16.8958645 ], [ 100.0884094, 16.887125 ], [ 100.1149673, 16.9331188 ], [ 100.0959091, 16.9902954 ], [ 100.0269089, 17.0291576 ], [ 99.997467, 17.0739422 ], [ 99.9537811, 17.0797443 ], [ 99.9810486, 17.1678905 ], [ 100.0920105, 17.1831608 ], [ 100.1571045, 17.2063885 ], [ 100.1879044, 17.1872692 ], [ 100.2809067, 17.2545147 ], [ 100.2864075, 17.3089924 ], [ 100.3177109, 17.3055725 ], [ 100.3311081, 17.3809986 ], [ 100.3731155, 17.3861198 ], [ 100.4312134, 17.4155273 ], [ 100.602417, 17.4207878 ], [ 100.6149139, 17.4593143 ], [ 100.6987152, 17.5190411 ], [ 100.7403183, 17.5327816 ], [ 100.8063126, 17.6283951 ], [ 100.8514175, 17.6514835 ], [ 100.8831177, 17.7064228 ], [ 100.9664154, 17.6958828 ], [ 100.9976276, 17.7355475 ], [ 101.0313599, 17.6825561 ], [ 100.9937987, 17.6256085 ], [ 100.9813953, 17.569373 ] ] ] ] } },
{ "type": "Feature", "properties": { "POLYGON_ID": "THA_GAUL2002_ADM1_2896", "ADM0_ISO3": "THA", "ADM0_NAME": "Thailand", "ADM0_CODE": 240, "ADM1_NAME": "Phra Nakhon Si Ayudhya", "ADM1_CODE": 2896, "GEOSET": "GAUL", "GEOSET_YEAR": 2002.0, "GEOSET_VERSION": "GAUL_v1", "GEOSET_UNIT": "ADM1", "CENTROID_LONG": 100.52998759555112, "CENTROID_LAT": 14.341758252469942 }, "geometry": { "type": "MultiPolygon", "coordinates": [ [ [ [ 100.6069183, 14.6560688 ], [ 100.586319, 14.5903835 ], [ 100.6066132, 14.5499554 ], [ 100.6618118, 14.5473852 ], [ 100.6929169, 14.5727139 ], [ 100.7847137, 14.5634956 ], [ 100.7702179, 14.4978085 ], [ 100.7642136, 14.4101839 ], [ 100.7971115, 14.3876848 ], [ 100.7776184, 14.3288078 ], [ 100.827919, 14.3150587 ], [ 100.8258133, 14.2385025 ], [ 100.6273117, 14.1419086 ], [ 100.5495148, 14.1092415 ], [ 100.3472137, 14.1121702 ], [ 100.3026123, 14.1366882 ], [ 100.2829132, 14.1191702 ], [ 100.2868118, 14.1660175 ], [ 100.2485046, 14.1735163 ], [ 100.2457123, 14.2065248 ], [ 100.2459183, 14.2827911 ], [ 100.2717133, 14.337328 ], [ 100.2791138, 14.3943548 ], [ 100.2538147, 14.4373217 ], [ 100.2534103, 14.4834795 ], [ 100.3204117, 14.4866791 ], [ 100.4111176, 14.5082874 ], [ 100.4228134, 14.4424515 ], [ 100.4642181, 14.4365721 ], [ 100.5024185, 14.454751 ], [ 100.5025177, 14.502738 ], [ 100.4833145, 14.5621452 ], [ 100.5146179, 14.6705875 ], [ 100.6069183, 14.6560688 ] ] ] ] } },
{ "type": "Feature", "properties": { "POLYGON_ID": "THA_GAUL2002_ADM1_2897", "ADM0_ISO3": "THA", "ADM0_NAME": "Thailand", "ADM0_CODE": 240, "ADM1_NAME": "Phrae", "ADM1_CODE": 2897, "GEOSET": "GAUL", "GEOSET_YEAR": 2002.0, "GEOSET_VERSION": "GAUL_v1", "GEOSET_UNIT": "ADM1", "CENTROID_LONG": 100.06993381100911, "CENTROID_LAT": 18.197658545023145 }, "geometry": { "type": "MultiPolygon", "coordinates": [ [ [ [ 100.3433075, 18.8041229 ], [ 100.366806, 18.7450657 ], [ 100.394104, 18.7380772 ], [ 100.3560104, 18.6779804 ], [ 100.3630066, 18.6439819 ], [ 100.3918076, 18.6363029 ], [ 100.3791122, 18.5755253 ], [ 100.4054184, 18.4828396 ], [ 100.4315186, 18.4964275 ], [ 100.4805145, 18.4927406 ], [ 100.4992142, 18.4727306 ], [ 100.5454178, 18.4843197 ], [ 100.5544128, 18.4201832 ], [ 100.4911118, 18.3474483 ], [ 100.4889145, 18.2887306 ], [ 100.4441147, 18.1514568 ], [ 100.4015121, 18.135828 ], [ 100.4194183, 18.0194454 ], [ 100.3527145, 17.9789772 ], [ 100.3589172, 17.9272079 ], [ 100.3267059, 17.8891506 ], [ 100.277504, 17.9579678 ], [ 100.2280045, 17.9446487 ], [ 100.2175064, 17.9200497 ], [ 100.1324081, 17.8541241 ], [ 100.0795059, 17.8355141 ], [ 100.0495071, 17.8423634 ], [ 99.9421158, 17.7778683 ], [ 99.8976593, 17.8011265 ], [ 99.8084106, 17.7967529 ], [ 99.7822647, 17.7831459 ], [ 99.7556076, 17.7345581 ], [ 99.7287445, 17.7174397 ], [ 99.6732941, 17.7933369 ], [ 99.6037445, 17.8170452 ], [ 99.5213623, 17.79039 ], [ 99.4727325, 17.7335091 ], [ 99.4543304, 17.7058697 ], [ 99.4204407, 17.703701 ], [ 99.374321, 17.7728062 ], [ 99.4366684, 17.8553829 ], [ 99.4812241, 17.89254 ], [ 99.4887848, 17.9159412 ], [ 99.5955811, 18.0041943 ], [ 99.5892105, 18.0297337 ], [ 99.6340714, 18.0572319 ], [ 99.6639938, 18.0366631 ], [ 99.7239914, 18.0683422 ], [ 99.7600174, 18.1410179 ], [ 99.8208542, 18.2308941 ], [ 99.8634338, 18.2776299 ], [ 99.9110107, 18.2786789 ], [ 99.9607391, 18.3767452 ], [ 100.005806, 18.4013138 ], [ 100.030304, 18.466259 ], [ 100.0542068, 18.4965172 ], [ 100.0610046, 18.5538254 ], [ 100.1233063, 18.6008549 ], [ 100.1045074, 18.6337814 ], [ 100.1135101, 18.6760807 ], [ 100.1018066, 18.726429 ], [ 100.1290054, 18.7831955 ], [ 100.1178055, 18.8060627 ], [ 100.1596069, 18.8319302 ], [ 100.1998062, 18.8118935 ], [ 100.229805, 18.8215237 ], [ 100.3433075, 18.8041229 ] ] ] ] } },
{ "type": "Feature", "properties": { "POLYGON_ID": "THA_GAUL2002_ADM1_2898", "ADM0_ISO3": "THA", "ADM0_NAME": "Thailand", "ADM0_CODE": 240, "ADM1_NAME": "Phuket", "ADM1_CODE": 2898, "GEOSET": "GAUL", "GEOSET_YEAR": 2002.0, "GEOSET_VERSION": "GAUL_v1", "GEOSET_UNIT": "ADM1", "CENTROID_LONG": 98.344513003783433, "CENTROID_LAT": 7.9788179745372991 }, "geometry": { "type": "MultiPolygon", "coordinates": [ [ [ [ 98.3304278, 8.1734568 ], [ 98.3461116, 8.1230096 ], [ 98.4361915, 8.0660436 ], [ 98.3935769, 7.9783888 ], [ 98.3992315, 7.9423715 ], [ 98.4394501, 7.8819199 ], [ 98.3985161, 7.8701092 ], [ 98.3478319, 7.8260458 ], [ 98.326776, 7.7741528 ], [ 98.3052666, 7.7597676 ], [ 98.2891323, 7.8576431 ], [ 98.2962489, 7.9069539 ], [ 98.2822487, 7.9523996 ], [ 98.2956612, 8.0001519 ], [ 98.274482, 8.0765527 ], [ 98.2987206, 8.0881446 ], [ 98.3006776, 8.1247365 ], [ 98.2859261, 8.1995883 ], [ 98.3304278, 8.1734568 ] ] ] ] } },
{ "type": "Feature", "properties": { "POLYGON_ID": "THA_GAUL2002_ADM1_2899", "ADM0_ISO3": "THA", "ADM0_NAME": "Thailand", "ADM0_CODE": 240, "ADM1_NAME": "Prachuap Khilikhan", "ADM1_CODE": 2899, "GEOSET": "GAUL", "GEOSET_YEAR": 2002.0, "GEOSET_VERSION": "GAUL_v1", "GEOSET_UNIT": "ADM1", "CENTROID_LONG": 99.631912179056926, "CENTROID_LAT": 11.931746705649868 }, "geometry": { "type": "MultiPolygon", "coordinates": [ [ [ [ 99.5000518, 10.9960212 ], [ 99.4665909, 10.9887133 ], [ 99.4126358, 10.953824 ], [ 99.3758469, 10.9687634 ], [ 99.2473068, 10.9640646 ], [ 99.1845627, 10.9974127 ], [ 99.15135, 11.0339702 ], [ 99.1806352, 11.083447 ], [ 99.2284213, 11.1118434 ], [ 99.2332999, 11.1437425 ], [ 99.2653241, 11.1780183 ], [ 99.2659495, 11.2190492 ], [ 99.3257446, 11.2814713 ], [ 99.3136105, 11.3164977 ], [ 99.3653995, 11.3715392 ], [ 99.3947966, 11.3824224 ], [ 99.3966731, 11.4579793 ], [ 99.4739813, 11.5330359 ], [ 99.4607213, 11.5786953 ], [ 99.4681019, 11.615473 ], [ 99.5060055, 11.6361136 ], [ 99.5647998, 11.6269817 ], [ 99.6015775, 11.7072922 ], [ 99.6378548, 11.7304346 ], [ 99.644735, 11.789229 ], [ 99.6235941, 11.854278 ], [ 99.5795609, 11.9041906 ], [ 99.590319, 11.9972607 ], [ 99.5360281, 12.0155245 ], [ 99.5340266, 12.0658124 ], [ 99.5714298, 12.1433709 ], [ 99.4995006, 12.143621 ], [ 99.476233, 12.1626354 ], [ 99.4997507, 12.1924078 ], [ 99.4703536, 12.2359406 ], [ 99.4846143, 12.2734689 ], [ 99.4467108, 12.3155006 ], [ 99.4445842, 12.4180779 ], [ 99.4016768, 12.459359 ], [ 99.4284917, 12.5788781 ], [ 99.4830551, 12.5893278 ], [ 99.5821762, 12.5740385 ], [ 99.5991364, 12.5437708 ], [ 99.687706, 12.5824184 ], [ 99.7602692, 12.5780087 ], [ 99.8325653, 12.6302261 ], [ 99.8457947, 12.6219063 ], [ 99.9342346, 12.6256962 ], [ 99.9558657, 12.6365584 ], [ 99.9571787, 12.5782866 ], [ 99.9777401, 12.518429 ], [ 99.9815823, 12.424371 ], [ 99.9979491, 12.3419981 ], [ 99.9743939, 12.263156 ], [ 100.0190214, 12.1873066 ], [ 99.9778637, 12.1478443 ], [ 99.9452592, 12.0832633 ], [ 99.8715067, 12.0029346 ], [ 99.8379198, 11.952791 ], [ 99.8128982, 11.887431 ], [ 99.8257758, 11.8492804 ], [ 99.8064489, 11.8298204 ], [ 99.7869145, 11.7421547 ], [ 99.7327771, 11.6902153 ], [ 99.6392461, 11.5185248 ], [ 99.6279898, 11.4705877 ], [ 99.5814384, 11.3644503 ], [ 99.5571346, 11.3257638 ], [ 99.5506641, 11.2716766 ], [ 99.5596952, 11.2351843 ], [ 99.4964165, 11.1632774 ], [ 99.4867895, 11.1143475 ], [ 99.5019328, 11.0454941 ], [ 99.5000518, 10.9960212 ] ] ] ] } },
{ "type": "Feature", "properties": { "POLYGON_ID": "THA_GAUL2002_ADM1_2900", "ADM0_ISO3": "THA", "ADM0_NAME": "Thailand", "ADM0_CODE": 240, "ADM1_NAME": "Ranong", "ADM1_CODE": 2900, "GEOSET": "GAUL", "GEOSET_YEAR": 2002.0, "GEOSET_VERSION": "GAUL_v1", "GEOSET_UNIT": "ADM1", "CENTROID_LONG": 98.708934746138638, "CENTROID_LAT": 9.9731891311423304 }, "geometry": { "type": "MultiPolygon", "coordinates": [ [ [ [ 98.7416229, 9.5958166 ], [ 98.7605133, 9.5732317 ], [ 98.7508698, 9.5342798 ], [ 98.7185135, 9.4878464 ], [ 98.6745529, 9.4627218 ], [ 98.6807632, 9.4301672 ], [ 98.6500168, 9.415123 ], [ 98.6601181, 9.3447323 ], [ 98.6157837, 9.3405418 ], [ 98.5806503, 9.3646412 ], [ 98.5495987, 9.3578682 ], [ 98.5102921, 9.3058243 ], [ 98.4839401, 9.3024855 ], [ 98.4580154, 9.3445978 ], [ 98.3921198, 9.3449887 ], [ 98.3964049, 9.4007988 ], [ 98.4297949, 9.4411419 ], [ 98.4364401, 9.5043281 ], [ 98.5124326, 9.5596604 ], [ 98.4669247, 9.5870897 ], [ 98.4649692, 9.62032 ], [ 98.507593, 9.6422738 ], [ 98.5091678, 9.6728594 ], [ 98.5569679, 9.732115 ], [ 98.5127179, 9.7534639 ], [ 98.5332606, 9.790644 ], [ 98.5212912, 9.8447413 ], [ 98.5283854, 9.8710964 ], [ 98.5719433, 9.9055772 ], [ 98.6059074, 9.9997924 ], [ 98.6711122, 10.1110236 ], [ 98.7164103, 10.2283225 ], [ 98.7496871, 10.3461831 ], [ 98.7536844, 10.3893152 ], [ 98.8148941, 10.4937088 ], [ 98.8075612, 10.5784957 ], [ 98.7744459, 10.6163429 ], [ 98.7799205, 10.6787141 ], [ 98.8470576, 10.7603687 ], [ 98.8877463, 10.7801133 ], [ 98.9141617, 10.748888 ], [ 98.8922729, 10.6927204 ], [ 98.9312134, 10.6709023 ], [ 98.9663925, 10.5984859 ], [ 98.9448395, 10.557539 ], [ 98.9641113, 10.5383101 ], [ 98.9191437, 10.5052624 ], [ 98.8885727, 10.4606247 ], [ 98.9045563, 10.3957491 ], [ 98.9306107, 10.3920288 ], [ 98.9404297, 10.3349924 ], [ 98.9093704, 10.2949848 ], [ 98.9121323, 10.2647762 ], [ 98.8825226, 10.2064095 ], [ 98.9333572, 10.1275845 ], [ 98.9232178, 10.0630178 ], [ 98.8808136, 9.9985809 ], [ 98.8486786, 9.9914207 ], [ 98.8149109, 9.9357681 ], [ 98.7633514, 9.9358435 ], [ 98.7262268, 9.8954763 ], [ 98.7191696, 9.8608084 ], [ 98.6476364, 9.7897987 ], [ 98.643013, 9.7361803 ], [ 98.6516037, 9.6603794 ], [ 98.7271118, 9.6241674 ], [ 98.7416229, 9.5958166 ] ] ], [ [ [ 98.4149534, 9.7707177 ], [ 98.426667, 9.723091 ], [ 98.3825869, 9.7318592 ], [ 98.4149534, 9.7707177 ] ] ] ] } },
{ "type": "Feature", "properties": { "POLYGON_ID": "THA_GAUL2002_ADM1_2901", "ADM0_ISO3": "THA", "ADM0_NAME": "Thailand", "ADM0_CODE": 240, "ADM1_NAME": "Ratchaburi", "ADM1_CODE": 2901, "GEOSET": "GAUL", "GEOSET_YEAR": 2002.0, "GEOSET_VERSION": "GAUL_v1", "GEOSET_UNIT": "ADM1", "CENTROID_LONG": 99.581539455363398, "CENTROID_LAT": 13.529983021724522 }, "geometry": { "type": "MultiPolygon", "coordinates": [ [ [ [ 99.8814087, 13.94417 ], [ 99.9299164, 13.9270697 ], [ 99.9072113, 13.8809538 ], [ 99.9035568, 13.8408957 ], [ 99.9599609, 13.8299055 ], [ 99.9709854, 13.8023386 ], [ 99.9400864, 13.7398911 ], [ 99.9761505, 13.7298622 ], [ 100.0279083, 13.7490807 ], [ 100.0374069, 13.6895342 ], [ 100.0684052, 13.6914854 ], [ 100.0640106, 13.6429272 ], [ 100.0394058, 13.575161 ], [ 100.0328064, 13.5023346 ], [ 99.9775467, 13.4872465 ], [ 99.9204712, 13.4951859 ], [ 99.8922043, 13.4657764 ], [ 99.8943939, 13.4319296 ], [ 99.8578796, 13.324255 ], [ 99.7641296, 13.3399639 ], [ 99.702034, 13.3123264 ], [ 99.667984, 13.2816982 ], [ 99.6646957, 13.2112923 ], [ 99.576828, 13.193553 ], [ 99.5227051, 13.2049818 ], [ 99.4400177, 13.1820335 ], [ 99.3505325, 13.2391396 ], [ 99.321312, 13.2015228 ], [ 99.3260727, 13.1725149 ], [ 99.271431, 13.1446552 ], [ 99.2146098, 13.2020539 ], [ 99.1858628, 13.2909901 ], [ 99.2071102, 13.3329258 ], [ 99.2035689, 13.4777436 ], [ 99.1867947, 13.505887 ], [ 99.1907087, 13.545027 ], [ 99.1664792, 13.6126832 ], [ 99.1716882, 13.7313611 ], [ 99.2137833, 13.7384415 ], [ 99.3562927, 13.7436314 ], [ 99.4577103, 13.7802897 ], [ 99.4745941, 13.8014288 ], [ 99.5165405, 13.7604103 ], [ 99.5461578, 13.7546406 ], [ 99.5874405, 13.793108 ], [ 99.641655, 13.8062973 ], [ 99.6732254, 13.828846 ], [ 99.8090744, 13.8121777 ], [ 99.8814087, 13.94417 ] ] ] ] } },
{ "type": "Feature", "properties": { "POLYGON_ID": "THA_GAUL2002_ADM1_2902", "ADM0_ISO3": "THA", "ADM0_NAME": "Thailand", "ADM0_CODE": 240, "ADM1_NAME": "Rayong", "ADM1_CODE": 2902, "GEOSET": "GAUL", "GEOSET_YEAR": 2002.0, "GEOSET_VERSION": "GAUL_v1", "GEOSET_UNIT": "ADM1", "CENTROID_LONG": 101.42803794154311, "CENTROID_LAT": 12.854894809012118 }, "geometry": { "type": "MultiPolygon", "coordinates": [ [ [ [ 101.697525, 13.1444855 ], [ 101.6891251, 13.1202478 ], [ 101.7201233, 13.0326939 ], [ 101.7594223, 13.0075445 ], [ 101.7415237, 12.9565277 ], [ 101.7922287, 12.9391394 ], [ 101.8317337, 12.8243542 ], [ 101.821434, 12.7570591 ], [ 101.8032303, 12.7511892 ], [ 101.7864664, 12.6912447 ], [ 101.7507324, 12.7076738 ], [ 101.6731807, 12.6840394 ], [ 101.6415598, 12.6434091 ], [ 101.5930289, 12.653125 ], [ 101.5565349, 12.626907 ], [ 101.4519569, 12.6310666 ], [ 101.4202158, 12.5871564 ], [ 101.3598358, 12.6235699 ], [ 101.2846314, 12.6545104 ], [ 101.1085341, 12.6787421 ], [ 100.9932459, 12.6558284 ], [ 100.9857254, 12.6942625 ], [ 101.0153198, 12.7522898 ], [ 101.0157242, 12.7824373 ], [ 101.0685196, 12.8364038 ], [ 101.0704193, 12.8639927 ], [ 101.1007233, 12.8947411 ], [ 101.087822, 12.9453373 ], [ 101.1023254, 12.9696159 ], [ 101.0760193, 13.0072441 ], [ 101.10952, 13.0446119 ], [ 101.1681213, 13.0444126 ], [ 101.1859207, 13.0813589 ], [ 101.2594223, 13.0843601 ], [ 101.2786255, 13.0535717 ], [ 101.3305206, 13.0796604 ], [ 101.4017258, 13.0199041 ], [ 101.4392242, 13.0469522 ], [ 101.4669266, 13.0315332 ], [ 101.5045242, 13.0696316 ], [ 101.5602264, 13.0695009 ], [ 101.5912247, 13.1360674 ], [ 101.6535263, 13.158947 ], [ 101.697525, 13.1444855 ] ] ] ] } },
{ "type": "Feature", "properties": { "POLYGON_ID": "THA_GAUL2002_ADM1_2903", "ADM0_ISO3": "THA", "ADM0_NAME": "Thailand", "ADM0_CODE": 240, "ADM1_NAME": "Roi Et", "ADM1_CODE": 2903, "GEOSET": "GAUL", "GEOSET_YEAR": 2002.0, "GEOSET_VERSION": "GAUL_v1", "GEOSET_UNIT": "ADM1", "CENTROID_LONG": 103.81782515241444, "CENTROID_LAT": 15.917765372139227 }, "geometry": { "type": "MultiPolygon", "coordinates": [ [ [ [ 104.3545532, 16.3183899 ], [ 104.3204422, 16.2505932 ], [ 104.2652435, 16.2212048 ], [ 104.2309494, 16.1616592 ], [ 104.1770782, 16.1430702 ], [ 104.1018448, 16.0742226 ], [ 104.1190491, 16.0348854 ], [ 104.0994415, 15.9728737 ], [ 104.0334473, 15.9808073 ], [ 104.0393448, 15.9379101 ], [ 104.0211639, 15.904314 ], [ 104.0294495, 15.8491058 ], [ 104.0039444, 15.7925987 ], [ 104.0768967, 15.8139629 ], [ 104.1342926, 15.7973652 ], [ 104.1321487, 15.7223721 ], [ 104.1786423, 15.6606054 ], [ 104.1851425, 15.618988 ], [ 104.1274338, 15.5637541 ], [ 104.0780487, 15.5382919 ], [ 104.0631485, 15.4987545 ], [ 103.9983826, 15.4370098 ], [ 103.9894714, 15.4026814 ], [ 103.9018478, 15.4420576 ], [ 103.8955002, 15.4640064 ], [ 103.7799454, 15.4336977 ], [ 103.6735687, 15.4434175 ], [ 103.6074371, 15.4667063 ], [ 103.5834351, 15.4638557 ], [ 103.5357361, 15.4238987 ], [ 103.4517899, 15.4511108 ], [ 103.4035416, 15.4310579 ], [ 103.4236374, 15.4964647 ], [ 103.4144363, 15.5351315 ], [ 103.3572922, 15.5360785 ], [ 103.3062363, 15.5591707 ], [ 103.2938385, 15.5919781 ], [ 103.3072357, 15.6976328 ], [ 103.3571243, 15.7206898 ], [ 103.4217758, 15.7160301 ], [ 103.4246368, 15.7709284 ], [ 103.4665909, 15.9251604 ], [ 103.4616394, 16.1167889 ], [ 103.5059891, 16.1975536 ], [ 103.533638, 16.2078743 ], [ 103.6375732, 16.1851044 ], [ 103.6949387, 16.221323 ], [ 103.7354431, 16.2207947 ], [ 103.7532425, 16.2550926 ], [ 103.7556458, 16.3031807 ], [ 103.7292023, 16.3255405 ], [ 103.7044373, 16.3750343 ], [ 103.8253403, 16.4687042 ], [ 103.8690414, 16.4675617 ], [ 103.9339447, 16.4326515 ], [ 104.0363464, 16.4376621 ], [ 104.075943, 16.4064446 ], [ 104.1730347, 16.4429188 ], [ 104.2407532, 16.4259872 ], [ 104.3050461, 16.4639816 ], [ 104.3222427, 16.4167042 ], [ 104.3281479, 16.3250008 ], [ 104.3545532, 16.3183899 ] ] ] ] } },
{ "type": "Feature", "properties": { "POLYGON_ID": "THA_GAUL2002_ADM1_2905", "ADM0_ISO3": "THA", "ADM0_NAME": "Thailand", "ADM0_CODE": 240, "ADM1_NAME": "Sakon Nakhon", "ADM1_CODE": 2905, "GEOSET": "GAUL", "GEOSET_YEAR": 2002.0, "GEOSET_VERSION": "GAUL_v1", "GEOSET_UNIT": "ADM1", "CENTROID_LONG": 103.82603201326236, "CENTROID_LAT": 17.386056727296129 }, "geometry": { "type": "MultiPolygon", "coordinates": [ [ [ [ 104.0118179, 17.8088875 ], [ 104.0236664, 17.7576962 ], [ 104.0664368, 17.7410564 ], [ 104.0760956, 17.7068653 ], [ 104.0674057, 17.6424484 ], [ 104.0339279, 17.6190624 ], [ 104.0525436, 17.5917912 ], [ 104.0410538, 17.5232086 ], [ 104.0179901, 17.4565887 ], [ 104.0536499, 17.3838425 ], [ 104.0944214, 17.3987503 ], [ 104.1541443, 17.3932343 ], [ 104.1980972, 17.4251556 ], [ 104.2322769, 17.4054337 ], [ 104.309288, 17.4275913 ], [ 104.4069443, 17.4243488 ], [ 104.4078751, 17.3728638 ], [ 104.42379, 17.3340702 ], [ 104.4079285, 17.2745781 ], [ 104.4320602, 17.2314968 ], [ 104.4129639, 17.2147236 ], [ 104.3964462, 17.1598549 ], [ 104.4006042, 17.1271973 ], [ 104.3630524, 17.0924416 ], [ 104.3674393, 17.0538864 ], [ 104.4000092, 17.0197601 ], [ 104.323288, 16.9751663 ], [ 104.3077469, 16.9308357 ], [ 104.2712173, 16.9175797 ], [ 104.2098236, 16.8733749 ], [ 104.1299362, 16.8865433 ], [ 104.1042252, 16.8295002 ], [ 104.0747986, 16.821682 ], [ 104.024971, 16.8550491 ], [ 103.972786, 16.8114128 ], [ 103.9569244, 16.7776146 ], [ 103.8488007, 16.8388119 ], [ 103.8398743, 16.8660965 ], [ 103.7964706, 16.8854485 ], [ 103.7866287, 16.9579983 ], [ 103.7455521, 16.9755344 ], [ 103.7026901, 17.0270805 ], [ 103.6654053, 17.0165043 ], [ 103.6599579, 17.0707436 ], [ 103.6021652, 17.1663952 ], [ 103.5766678, 17.1559944 ], [ 103.4837418, 17.2137051 ], [ 103.4164352, 17.2118893 ], [ 103.3106232, 17.2652225 ], [ 103.2832565, 17.263834 ], [ 103.2570343, 17.3098526 ], [ 103.3043747, 17.3869019 ], [ 103.2790756, 17.4389877 ], [ 103.2933502, 17.4954185 ], [ 103.3203278, 17.5200138 ], [ 103.3529968, 17.5809307 ], [ 103.4014664, 17.6107407 ], [ 103.4089203, 17.6684341 ], [ 103.4042358, 17.752512 ], [ 103.3725967, 17.77355 ], [ 103.4072647, 17.8726063 ], [ 103.3925705, 17.9525185 ], [ 103.3989716, 17.9793835 ], [ 103.4923935, 17.984623 ], [ 103.5016327, 18.0544186 ], [ 103.5431824, 18.0666676 ], [ 103.6098785, 18.0286541 ], [ 103.6279449, 17.9780273 ], [ 103.6670837, 17.9672241 ], [ 103.7459335, 17.9099979 ], [ 103.7950516, 17.8406887 ], [ 103.8507996, 17.8791142 ], [ 103.9040756, 17.8762283 ], [ 103.9193878, 17.8149281 ], [ 103.9424057, 17.7818756 ], [ 103.9779282, 17.7693157 ], [ 104.0118179, 17.8088875 ] ] ] ] } },
{ "type": "Feature", "properties": { "POLYGON_ID": "THA_GAUL2002_ADM1_2906", "ADM0_ISO3": "THA", "ADM0_NAME": "Thailand", "ADM0_CODE": 240, "ADM1_NAME": "Samut Prakarn", "ADM1_CODE": 2906, "GEOSET": "GAUL", "GEOSET_YEAR": 2002.0, "GEOSET_VERSION": "GAUL_v1", "GEOSET_UNIT": "ADM1", "CENTROID_LONG": 100.71605090673002, "CENTROID_LAT": 13.595166715962652 }, "geometry": { "type": "MultiPolygon", "coordinates": [ [ [ [ 100.8637161, 13.697114 ], [ 100.9537125, 13.6647758 ], [ 100.9631119, 13.6332684 ], [ 100.8947144, 13.5631819 ], [ 100.8747177, 13.4902668 ], [ 100.8531033, 13.4781555 ], [ 100.7910759, 13.4928723 ], [ 100.6811137, 13.5061946 ], [ 100.6163821, 13.5334824 ], [ 100.5728089, 13.514945 ], [ 100.4549568, 13.5017638 ], [ 100.4478149, 13.5552921 ], [ 100.4563141, 13.6022186 ], [ 100.5214157, 13.6017685 ], [ 100.5227127, 13.6684456 ], [ 100.5868149, 13.6686258 ], [ 100.6401138, 13.6476269 ], [ 100.6588135, 13.6683464 ], [ 100.700119, 13.6594763 ], [ 100.7172089, 13.7168598 ], [ 100.8025131, 13.7138634 ], [ 100.8637161, 13.697114 ] ] ] ] } },
{ "type": "Feature", "properties": { "POLYGON_ID": "THA_GAUL2002_ADM1_2907", "ADM0_ISO3": "THA", "ADM0_NAME": "Thailand", "ADM0_CODE": 240, "ADM1_NAME": "Samut Sakhon", "ADM1_CODE": 2907, "GEOSET": "GAUL", "GEOSET_YEAR": 2002.0, "GEOSET_VERSION": "GAUL_v1", "GEOSET_UNIT": "ADM1", "CENTROID_LONG": 100.21514771733563, "CENTROID_LAT": 13.568185160744171 }, "geometry": { "type": "MultiPolygon", "coordinates": [ [ [ [ 100.4091908, 13.4930153 ], [ 100.3302187, 13.4861017 ], [ 100.2748119, 13.5050081 ], [ 100.22781, 13.4682034 ], [ 100.0806616, 13.425487 ], [ 100.0687103, 13.4615374 ], [ 100.0328064, 13.5023346 ], [ 100.0394058, 13.575161 ], [ 100.0640106, 13.6429272 ], [ 100.1117096, 13.6492558 ], [ 100.1384048, 13.6795549 ], [ 100.2273178, 13.668786 ], [ 100.2768173, 13.6830654 ], [ 100.2844162, 13.7043428 ], [ 100.3376465, 13.7323551 ], [ 100.3358154, 13.6817446 ], [ 100.3770142, 13.6206188 ], [ 100.3965149, 13.5562325 ], [ 100.4212189, 13.5407429 ], [ 100.4091908, 13.4930153 ] ] ] ] } },
{ "type": "Feature", "properties": { "POLYGON_ID": "THA_GAUL2002_ADM1_2908", "ADM0_ISO3": "THA", "ADM0_NAME": "Thailand", "ADM0_CODE": 240, "ADM1_NAME": "Samut Songkham", "ADM1_CODE": 2908, "GEOSET": "GAUL", "GEOSET_YEAR": 2002.0, "GEOSET_VERSION": "GAUL_v1", "GEOSET_UNIT": "ADM1", "CENTROID_LONG": 99.955263629266341, "CENTROID_LAT": 13.390855356664785 }, "geometry": { "type": "MultiPolygon", "coordinates": [ [ [ [ 100.0328064, 13.5023346 ], [ 100.0687103, 13.4615374 ], [ 100.0806616, 13.425487 ], [ 100.0410282, 13.3959054 ], [ 99.9992144, 13.3342335 ], [ 99.952819, 13.2952206 ], [ 99.8635559, 13.2408104 ], [ 99.8578796, 13.324255 ], [ 99.8943939, 13.4319296 ], [ 99.8922043, 13.4657764 ], [ 99.9204712, 13.4951859 ], [ 99.9775467, 13.4872465 ], [ 100.0328064, 13.5023346 ] ] ] ] } },
{ "type": "Feature", "properties": { "POLYGON_ID": "THA_GAUL2002_ADM1_2909", "ADM0_ISO3": "THA", "ADM0_NAME": "Thailand", "ADM0_CODE": 240, "ADM1_NAME": "Saraburi", "ADM1_CODE": 2909, "GEOSET": "GAUL", "GEOSET_YEAR": 2002.0, "GEOSET_VERSION": "GAUL_v1", "GEOSET_UNIT": "ADM1", "CENTROID_LONG": 101.02023217765128, "CENTROID_LAT": 14.624344721129232 }, "geometry": { "type": "MultiPolygon", "coordinates": [ [ [ [ 101.2441254, 14.4747705 ], [ 101.2071228, 14.4013538 ], [ 101.2140198, 14.3694448 ], [ 101.1695251, 14.3433876 ], [ 101.1499252, 14.368145 ], [ 101.0818176, 14.3845348 ], [ 101.0272141, 14.3034496 ], [ 100.9702148, 14.3010597 ], [ 100.9561157, 14.2675314 ], [ 100.9079132, 14.2459621 ], [ 100.8972168, 14.2735415 ], [ 100.8258133, 14.2385025 ], [ 100.827919, 14.3150587 ], [ 100.7776184, 14.3288078 ], [ 100.7971115, 14.3876848 ], [ 100.7642136, 14.4101839 ], [ 100.7702179, 14.4978085 ], [ 100.7847137, 14.5634956 ], [ 100.6929169, 14.5727139 ], [ 100.6618118, 14.5473852 ], [ 100.6066132, 14.5499554 ], [ 100.586319, 14.5903835 ], [ 100.6069183, 14.6560688 ], [ 100.6464157, 14.6791286 ], [ 100.6572189, 14.7144661 ], [ 100.7410126, 14.7710428 ], [ 100.7497177, 14.8023014 ], [ 100.8015137, 14.7903118 ], [ 100.8386154, 14.8031311 ], [ 100.8804169, 14.763463 ], [ 100.9384155, 14.7425241 ], [ 100.9649124, 14.7455349 ], [ 100.987114, 14.7780924 ], [ 101.041214, 14.8039007 ], [ 101.0668182, 14.7822123 ], [ 101.0883255, 14.8266106 ], [ 101.0830231, 14.8746166 ], [ 101.10392, 14.9066153 ], [ 101.1523209, 14.8976364 ], [ 101.1909256, 14.9184055 ], [ 101.2603226, 14.9135151 ], [ 101.2899246, 14.9730825 ], [ 101.3366241, 14.9772015 ], [ 101.3650208, 15.0318089 ], [ 101.416626, 15.0397978 ], [ 101.438324, 14.9446039 ], [ 101.454422, 14.9054651 ], [ 101.4553223, 14.855669 ], [ 101.3428192, 14.7956314 ], [ 101.3347244, 14.7589636 ], [ 101.2796249, 14.7250862 ], [ 101.2327194, 14.7333546 ], [ 101.194725, 14.7079172 ], [ 101.2066193, 14.6850977 ], [ 101.2201233, 14.586524 ], [ 101.1902237, 14.5315666 ], [ 101.2441254, 14.4747705 ] ] ] ] } },
{ "type": "Feature", "properties": { "POLYGON_ID": "THA_GAUL2002_ADM1_2910", "ADM0_ISO3": "THA", "ADM0_NAME": "Thailand", "ADM0_CODE": 240, "ADM1_NAME": "Satun", "ADM1_CODE": 2910, "GEOSET": "GAUL", "GEOSET_YEAR": 2002.0, "GEOSET_VERSION": "GAUL_v1", "GEOSET_UNIT": "ADM1", "CENTROID_LONG": 99.940182270709727, "CENTROID_LAT": 6.8312859460562905 }, "geometry": { "type": "MultiPolygon", "coordinates": [ [ [ [ 100.0018082, 7.1127982 ], [ 100.0331039, 7.0931578 ], [ 100.0620041, 7.1029253 ], [ 100.076004, 7.0380034 ], [ 100.0616074, 7.0211334 ], [ 100.0830078, 6.9728813 ], [ 100.1253128, 6.932394 ], [ 100.1876144, 6.9156876 ], [ 100.2197189, 6.8815217 ], [ 100.1936188, 6.8012156 ], [ 100.2159119, 6.7567697 ], [ 100.207012, 6.720129 ], [ 100.1785755, 6.6971042 ], [ 100.1806923, 6.6575194 ], [ 100.1597356, 6.5739044 ], [ 100.1629109, 6.5000269 ], [ 100.1470346, 6.4498579 ], [ 100.1212535, 6.4217143 ], [ 100.0971139, 6.5386135 ], [ 100.0646927, 6.5157819 ], [ 100.0087469, 6.5609882 ], [ 99.9745215, 6.6285012 ], [ 99.9337063, 6.657697 ], [ 99.8768841, 6.720667 ], [ 99.8382588, 6.7782779 ], [ 99.806082, 6.7752529 ], [ 99.7843298, 6.8331389 ], [ 99.7048039, 6.8597039 ], [ 99.6927648, 6.8750755 ], [ 99.6700677, 7.0427273 ], [ 99.7138023, 7.0880808 ], [ 99.7373457, 7.1287472 ], [ 99.8112259, 7.112752 ], [ 99.8604202, 7.0689316 ], [ 99.9031143, 7.0925975 ], [ 100.0018082, 7.1127982 ] ] ], [ [ [ 99.6674677, 6.7027423 ], [ 99.6854506, 6.6653625 ], [ 99.6797173, 6.6201113 ], [ 99.6935998, 6.5595879 ], [ 99.662419, 6.5064987 ], [ 99.5990669, 6.5930474 ], [ 99.6188347, 6.6458843 ], [ 99.6674677, 6.7027423 ] ] ], [ [ [ 99.2779948, 6.5769019 ], [ 99.3219082, 6.5457367 ], [ 99.3195071, 6.513919 ], [ 99.2844713, 6.5081832 ], [ 99.2779948, 6.5769019 ] ] ], [ [ [ 99.2483809, 6.5826074 ], [ 99.2586126, 6.5572338 ], [ 99.2214323, 6.5386155 ], [ 99.1930081, 6.5770703 ], [ 99.2483809, 6.5826074 ] ] ] ] } },
{ "type": "Feature", "properties": { "POLYGON_ID": "THA_GAUL2002_ADM1_2911", "ADM0_ISO3": "THA", "ADM0_NAME": "Thailand", "ADM0_CODE": 240, "ADM1_NAME": "Si Saket", "ADM1_CODE": 2911, "GEOSET": "GAUL", "GEOSET_YEAR": 2002.0, "GEOSET_VERSION": "GAUL_v1", "GEOSET_UNIT": "ADM1", "CENTROID_LONG": 104.37259122182785, "CENTROID_LAT": 14.853886512133981 }, "geometry": { "type": "MultiPolygon", "coordinates": [ [ [ [ 104.1274338, 15.5637541 ], [ 104.1412354, 15.5094872 ], [ 104.1727295, 15.4849081 ], [ 104.2510605, 15.376092 ], [ 104.297142, 15.3447466 ], [ 104.356369, 15.3424988 ], [ 104.4140472, 15.2873926 ], [ 104.4651108, 15.2647734 ], [ 104.4992447, 15.2668772 ], [ 104.5728378, 15.2424078 ], [ 104.5930328, 15.2657757 ], [ 104.6653595, 15.2557964 ], [ 104.6831894, 15.2134695 ], [ 104.71595, 15.1932344 ], [ 104.7360458, 15.1554527 ], [ 104.688385, 15.1239014 ], [ 104.6940994, 15.078063 ], [ 104.6750641, 15.0192099 ], [ 104.6853104, 14.9683027 ], [ 104.7124176, 14.9277344 ], [ 104.7708969, 14.9115019 ], [ 104.8078461, 14.8830271 ], [ 104.8255081, 14.8339119 ], [ 104.8058929, 14.8089132 ], [ 104.8444824, 14.7191963 ], [ 104.8744507, 14.7046947 ], [ 104.8796616, 14.6577444 ], [ 104.8536072, 14.6560764 ], [ 104.8294754, 14.6060047 ], [ 104.8221893, 14.5448551 ], [ 104.8633881, 14.4943171 ], [ 104.8343735, 14.4434109 ], [ 104.8898849, 14.4252224 ], [ 104.9123608, 14.3958526 ], [ 104.8999, 14.40108 ], [ 104.8926859, 14.4066853 ], [ 104.87706, 14.41573 ], [ 104.86019, 14.40792 ], [ 104.84182, 14.4063 ], [ 104.82148, 14.42695 ], [ 104.8089045, 14.4327002 ], [ 104.80534, 14.43433 ], [ 104.79804, 14.43377 ], [ 104.78709, 14.42443 ], [ 104.7817737, 14.4229671 ], [ 104.77299, 14.42055 ], [ 104.7612776, 14.4076503 ], [ 104.75905, 14.40634 ], [ 104.74161, 14.40564 ], [ 104.7327129, 14.4021442 ], [ 104.72932, 14.40732 ], [ 104.72775, 14.41833 ], [ 104.7236194, 14.4245481 ], [ 104.7203331, 14.4279839 ], [ 104.71348, 14.42688 ], [ 104.69032, 14.39827 ], [ 104.6885885, 14.3969979 ], [ 104.68331, 14.39312 ], [ 104.6725735, 14.3941255 ], [ 104.66722, 14.39726 ], [ 104.66315, 14.40158 ], [ 104.6583544, 14.4129684 ], [ 104.65728, 14.41552 ], [ 104.65293, 14.42259 ], [ 104.64611, 14.42135 ], [ 104.6346657, 14.4098592 ], [ 104.62145, 14.39823 ], [ 104.6106103, 14.3918103 ], [ 104.5843, 14.35977 ], [ 104.57803, 14.35439 ], [ 104.57027, 14.35221 ], [ 104.55923, 14.34952 ], [ 104.53393, 14.35468 ], [ 104.51744, 14.36916 ], [ 104.50753, 14.36971 ], [ 104.4828, 14.35211 ], [ 104.47679, 14.34466 ], [ 104.4767133, 14.3446212 ], [ 104.47398, 14.34324 ], [ 104.4731224, 14.34346 ], [ 104.4710006, 14.3440041 ], [ 104.46973, 14.34433 ], [ 104.46445, 14.35 ], [ 104.45684, 14.35426 ], [ 104.44572, 14.35617 ], [ 104.43742, 14.35972 ], [ 104.433664, 14.3610681 ], [ 104.413333, 14.364371 ], [ 104.40621, 14.36501 ], [ 104.39903, 14.37157 ], [ 104.3818997, 14.36672 ], [ 104.35569, 14.36886 ], [ 104.34796, 14.36576 ], [ 104.3165572, 14.3764607 ], [ 104.30973, 14.38266 ], [ 104.30065, 14.38965 ], [ 104.26473, 14.39462 ], [ 104.2628842, 14.3939232 ], [ 104.26028, 14.39294 ], [ 104.2514783, 14.3812691 ], [ 104.2459807, 14.3745395 ], [ 104.23801, 14.36789 ], [ 104.2345967, 14.3686665 ], [ 104.1920198, 14.3839684 ], [ 104.19021, 14.38059 ], [ 104.1872783, 14.3786951 ], [ 104.17528, 14.37094 ], [ 104.1752125, 14.3622368 ], [ 104.17513, 14.3516132 ], [ 104.1652756, 14.3522234 ], [ 104.14846, 14.35327 ], [ 104.1461299, 14.3656467 ], [ 104.1422264, 14.3670813 ], [ 104.10652, 14.36548 ], [ 104.09291, 14.34756 ], [ 104.06895, 14.34212 ], [ 104.0645849, 14.3410523 ], [ 104.0502319, 14.3567371 ], [ 104.0590286, 14.4645748 ], [ 104.0381851, 14.4896116 ], [ 104.0344315, 14.53613 ], [ 104.0561066, 14.5754185 ], [ 104.0502701, 14.6682816 ], [ 104.0038605, 14.7253551 ], [ 104.0007629, 14.8025894 ], [ 103.9079742, 14.8352919 ], [ 103.9303131, 14.90061 ], [ 104.0036163, 14.9926329 ], [ 104.0225372, 15.0434513 ], [ 103.9969025, 15.0997934 ], [ 104.002861, 15.1463499 ], [ 103.9714279, 15.1641798 ], [ 103.9772644, 15.2233162 ], [ 104.0024872, 15.2506905 ], [ 103.9972839, 15.287652 ], [ 104.065155, 15.347786 ], [ 104.0858917, 15.3823481 ], [ 104.0639267, 15.4022541 ], [ 103.9894714, 15.4026814 ], [ 103.9983826, 15.4370098 ], [ 104.0631485, 15.4987545 ], [ 104.0780487, 15.5382919 ], [ 104.1274338, 15.5637541 ] ] ] ] } },
{ "type": "Feature", "properties": { "POLYGON_ID": "THA_GAUL2002_ADM1_2912", "ADM0_ISO3": "THA", "ADM0_NAME": "Thailand", "ADM0_CODE": 240, "ADM1_NAME": "Singburi", "ADM1_CODE": 2912, "GEOSET": "GAUL", "GEOSET_YEAR": 2002.0, "GEOSET_VERSION": "GAUL_v1", "GEOSET_UNIT": "ADM1", "CENTROID_LONG": 100.3478767390546, "CENTROID_LAT": 14.910188930557906 }, "geometry": { "type": "MultiPolygon", "coordinates": [ [ [ [ 100.4305115, 15.0590572 ], [ 100.4721146, 15.0347281 ], [ 100.4472122, 14.9463024 ], [ 100.4225159, 14.925724 ], [ 100.4378128, 14.8690872 ], [ 100.4770126, 14.8011513 ], [ 100.4716187, 14.7205753 ], [ 100.4187164, 14.7243853 ], [ 100.3431168, 14.7691832 ], [ 100.3291168, 14.7994213 ], [ 100.2319107, 14.7875118 ], [ 100.2071075, 14.8078012 ], [ 100.2236099, 14.8609877 ], [ 100.1897049, 14.9050951 ], [ 100.2053757, 14.9522686 ], [ 100.2455063, 14.9451342 ], [ 100.2748184, 14.968832 ], [ 100.2463074, 15.0384378 ], [ 100.3500137, 15.1081944 ], [ 100.3678131, 15.0883446 ], [ 100.4305115, 15.0590572 ] ] ] ] } },
{ "type": "Feature", "properties": { "POLYGON_ID": "THA_GAUL2002_ADM1_2913", "ADM0_ISO3": "THA", "ADM0_NAME": "Thailand", "ADM0_CODE": 240, "ADM1_NAME": "Songkhla", "ADM1_CODE": 2913, "GEOSET": "GAUL", "GEOSET_YEAR": 2002.0, "GEOSET_VERSION": "GAUL_v1", "GEOSET_UNIT": "ADM1", "CENTROID_LONG": 100.54520451863944, "CENTROID_LAT": 6.939469431911764 }, "geometry": { "type": "MultiPolygon", "coordinates": [ [ [ [ 101.0600289, 6.8584544 ], [ 101.0393219, 6.8285694 ], [ 101.0282211, 6.7709928 ], [ 101.054924, 6.6970496 ], [ 101.047226, 6.6695523 ], [ 101.0978241, 6.6416354 ], [ 101.1070251, 6.6029305 ], [ 101.0537262, 6.5485258 ], [ 101.0229263, 6.4798174 ], [ 100.9823227, 6.4849958 ], [ 100.9186249, 6.4063439 ], [ 100.9308243, 6.3277969 ], [ 100.9097214, 6.3051128 ], [ 100.8415295, 6.3000086 ], [ 100.8216049, 6.3568676 ], [ 100.824675, 6.4026635 ], [ 100.8123945, 6.444366 ], [ 100.7412701, 6.4883711 ], [ 100.6537717, 6.4420634 ], [ 100.6110458, 6.4714854 ], [ 100.5114342, 6.4922794 ], [ 100.4890233, 6.5260297 ], [ 100.4232568, 6.5175372 ], [ 100.3781949, 6.5432817 ], [ 100.3253697, 6.586067 ], [ 100.3242137, 6.6600596 ], [ 100.294033, 6.6805132 ], [ 100.2907677, 6.7100169 ], [ 100.2431389, 6.6924472 ], [ 100.207012, 6.720129 ], [ 100.2159119, 6.7567697 ], [ 100.1936188, 6.8012156 ], [ 100.2197189, 6.8815217 ], [ 100.1876144, 6.9156876 ], [ 100.1253128, 6.932394 ], [ 100.0830078, 6.9728813 ], [ 100.0616074, 7.0211334 ], [ 100.076004, 7.0380034 ], [ 100.0620041, 7.1029253 ], [ 100.069519, 7.138061 ], [ 100.1139145, 7.1629334 ], [ 100.1353149, 7.1425848 ], [ 100.1819153, 7.1731591 ], [ 100.3062134, 7.2049241 ], [ 100.3402176, 7.2415724 ], [ 100.3605118, 7.2949052 ], [ 100.4047165, 7.2617369 ], [ 100.431298, 7.2820437 ], [ 100.3970337, 7.4048239 ], [ 100.3854756, 7.417735 ], [ 100.3849803, 7.5064288 ], [ 100.355713, 7.5280819 ], [ 100.2993197, 7.4988145 ], [ 100.2569653, 7.5004801 ], [ 100.2367399, 7.5397412 ], [ 100.2165145, 7.7362847 ], [ 100.2069168, 7.77634 ], [ 100.129715, 7.7970204 ], [ 100.1453171, 7.8663321 ], [ 100.236412, 7.8932147 ], [ 100.2526169, 7.9127541 ], [ 100.301918, 7.9120078 ], [ 100.3357407, 7.9334584 ], [ 100.3598108, 7.8183984 ], [ 100.4338724, 7.5157667 ], [ 100.4887485, 7.3574294 ], [ 100.563984, 7.2309715 ], [ 100.5803905, 7.231006 ], [ 100.6227991, 7.1822782 ], [ 100.6844441, 7.0854158 ], [ 100.7457373, 7.0057519 ], [ 100.8129909, 6.9536485 ], [ 100.849137, 6.9620181 ], [ 100.9456316, 6.8835032 ], [ 101.0041508, 6.855916 ], [ 101.0600289, 6.8584544 ] ] ] ] } },
{ "type": "Feature", "properties": { "POLYGON_ID": "THA_GAUL2002_ADM1_2914", "ADM0_ISO3": "THA", "ADM0_NAME": "Thailand", "ADM0_CODE": 240, "ADM1_NAME": "Sukhothai", "ADM1_CODE": 2914, "GEOSET": "GAUL", "GEOSET_YEAR": 2002.0, "GEOSET_VERSION": "GAUL_v1", "GEOSET_UNIT": "ADM1", "CENTROID_LONG": 99.715155298460459, "CENTROID_LAT": 17.258104898997885 }, "geometry": { "type": "MultiPolygon", "coordinates": [ [ [ [ 99.8976593, 17.8011265 ], [ 99.9240189, 17.7819443 ], [ 99.9217224, 17.7449532 ], [ 99.9680405, 17.7007427 ], [ 99.9761047, 17.618351 ], [ 99.9291534, 17.5832253 ], [ 99.9494705, 17.5038319 ], [ 100.0014114, 17.4626656 ], [ 99.9957657, 17.3953495 ], [ 100.0156555, 17.327261 ], [ 99.9967346, 17.2848244 ], [ 99.9703064, 17.2723255 ], [ 99.9643402, 17.2281876 ], [ 99.9839783, 17.2117958 ], [ 99.9810486, 17.1678905 ], [ 99.9537811, 17.0797443 ], [ 99.997467, 17.0739422 ], [ 100.0269089, 17.0291576 ], [ 100.0959091, 16.9902954 ], [ 100.1149673, 16.9331188 ], [ 100.0884094, 16.887125 ], [ 100.0462112, 16.8958645 ], [ 100.0126114, 16.8668957 ], [ 99.9562607, 16.8588371 ], [ 99.9480209, 16.8273869 ], [ 99.9148865, 16.806879 ], [ 99.9276428, 16.7648621 ], [ 99.877594, 16.7629013 ], [ 99.8481369, 16.7129726 ], [ 99.810791, 16.7107353 ], [ 99.7705154, 16.6811867 ], [ 99.7230682, 16.7213745 ], [ 99.699791, 16.7145042 ], [ 99.6267548, 16.7570419 ], [ 99.5780411, 16.8294086 ], [ 99.5763779, 16.8547268 ], [ 99.5208969, 16.8657265 ], [ 99.4877548, 16.9081535 ], [ 99.467804, 16.8883152 ], [ 99.4424438, 16.9150391 ], [ 99.4498596, 16.9679775 ], [ 99.4367752, 17.0081615 ], [ 99.3958664, 17.0290871 ], [ 99.393837, 17.0786877 ], [ 99.3399429, 17.0925426 ], [ 99.3164063, 17.182188 ], [ 99.3199387, 17.2649937 ], [ 99.3430862, 17.2626457 ], [ 99.3963394, 17.2026787 ], [ 99.444046, 17.2263565 ], [ 99.4600525, 17.2520657 ], [ 99.4605255, 17.3043175 ], [ 99.4815292, 17.3230305 ], [ 99.4747009, 17.3612881 ], [ 99.4353714, 17.3870697 ], [ 99.443985, 17.4189777 ], [ 99.410759, 17.4694138 ], [ 99.4424286, 17.5223293 ], [ 99.4240875, 17.595747 ], [ 99.4517212, 17.6155148 ], [ 99.4798584, 17.6745739 ], [ 99.4727325, 17.7335091 ], [ 99.5213623, 17.79039 ], [ 99.6037445, 17.8170452 ], [ 99.6732941, 17.7933369 ], [ 99.7287445, 17.7174397 ], [ 99.7556076, 17.7345581 ], [ 99.7822647, 17.7831459 ], [ 99.8084106, 17.7967529 ], [ 99.8976593, 17.8011265 ] ] ] ] } },
{ "type": "Feature", "properties": { "POLYGON_ID": "THA_GAUL2002_ADM1_2915", "ADM0_ISO3": "THA", "ADM0_NAME": "Thailand", "ADM0_CODE": 240, "ADM1_NAME": "Suphanburi", "ADM1_CODE": 2915, "GEOSET": "GAUL", "GEOSET_YEAR": 2002.0, "GEOSET_VERSION": "GAUL_v1", "GEOSET_UNIT": "ADM1", "CENTROID_LONG": 99.894365312697701, "CENTROID_LAT": 14.610031543248311 }, "geometry": { "type": "MultiPolygon", "coordinates": [ [ [ [ 99.7192688, 14.9744205 ], [ 99.8187714, 14.9360733 ], [ 99.8402939, 14.9410324 ], [ 99.9317245, 14.9071712 ], [ 99.9727478, 14.9001646 ], [ 100.0371094, 14.9120245 ], [ 100.0500107, 14.9580412 ], [ 100.1092072, 14.9481325 ], [ 100.1362076, 14.9117041 ], [ 100.2053757, 14.9522686 ], [ 100.1897049, 14.9050951 ], [ 100.2236099, 14.8609877 ], [ 100.2071075, 14.8078012 ], [ 100.2319107, 14.7875118 ], [ 100.2134476, 14.7754278 ], [ 100.216011, 14.6680574 ], [ 100.2301102, 14.6492796 ], [ 100.1932068, 14.611042 ], [ 100.2090073, 14.5158777 ], [ 100.2534103, 14.4834795 ], [ 100.2538147, 14.4373217 ], [ 100.2791138, 14.3943548 ], [ 100.2717133, 14.337328 ], [ 100.2459183, 14.2827911 ], [ 100.2457123, 14.2065248 ], [ 100.2085114, 14.1770658 ], [ 100.1147079, 14.1426687 ], [ 100.01371, 14.1411486 ], [ 99.9501877, 14.1310196 ], [ 99.9176407, 14.11339 ], [ 99.8479614, 14.0527439 ], [ 99.8129807, 14.0614424 ], [ 99.7892303, 14.0952806 ], [ 99.8238144, 14.1313391 ], [ 99.760704, 14.1677666 ], [ 99.8221893, 14.2233038 ], [ 99.8252182, 14.3049192 ], [ 99.8160095, 14.3353376 ], [ 99.826561, 14.4131927 ], [ 99.8181839, 14.4419413 ], [ 99.840538, 14.4736996 ], [ 99.8030548, 14.587534 ], [ 99.8366165, 14.6173506 ], [ 99.8034744, 14.6787281 ], [ 99.7907486, 14.7379751 ], [ 99.7014008, 14.7600231 ], [ 99.6834869, 14.7940912 ], [ 99.6545944, 14.8017101 ], [ 99.6209793, 14.7790222 ], [ 99.5464249, 14.7868414 ], [ 99.5451965, 14.7332754 ], [ 99.5138855, 14.6979189 ], [ 99.466568, 14.6928167 ], [ 99.4565887, 14.7580929 ], [ 99.4261246, 14.776042 ], [ 99.362793, 14.7685022 ], [ 99.3109665, 14.8106298 ], [ 99.2804565, 14.859787 ], [ 99.3196182, 14.8888264 ], [ 99.3166428, 14.9576826 ], [ 99.2863617, 14.9920607 ], [ 99.3107986, 15.0203285 ], [ 99.303627, 15.0500965 ], [ 99.342392, 15.0810347 ], [ 99.3722305, 15.050436 ], [ 99.4254532, 15.0421066 ], [ 99.4436569, 14.9833899 ], [ 99.531189, 14.9761219 ], [ 99.5857544, 14.9457626 ], [ 99.6348495, 14.9363222 ], [ 99.6370239, 14.9873009 ], [ 99.7192688, 14.9744205 ] ] ] ] } },
{ "type": "Feature", "properties": { "POLYGON_ID": "THA_GAUL2002_ADM1_2916", "ADM0_ISO3": "THA", "ADM0_NAME": "Thailand", "ADM0_CODE": 240, "ADM1_NAME": "Surat Thani", "ADM1_CODE": 2916, "GEOSET": "GAUL", "GEOSET_YEAR": 2002.0, "GEOSET_VERSION": "GAUL_v1", "GEOSET_UNIT": "ADM1", "CENTROID_LONG": 99.087598145089586, "CENTROID_LAT": 9.038598697009725 }, "geometry": { "type": "MultiPolygon", "coordinates": [ [ [ [ 100.0712514, 9.5893963 ], [ 100.0883906, 9.5712616 ], [ 100.0583447, 9.5215858 ], [ 100.0509518, 9.4684894 ], [ 100.0114599, 9.4211593 ], [ 99.9655379, 9.4095687 ], [ 99.9374471, 9.426127 ], [ 99.9226385, 9.4913888 ], [ 99.9353648, 9.5032733 ], [ 99.9331575, 9.5779349 ], [ 99.9829489, 9.5852656 ], [ 100.0539862, 9.557776 ], [ 100.0712514, 9.5893963 ] ] ], [ [ [ 100.0257367, 9.8043449 ], [ 100.072378, 9.7666456 ], [ 100.0796865, 9.7014912 ], [ 100.0391876, 9.6937298 ], [ 99.9847259, 9.7092349 ], [ 99.9606146, 9.7685352 ], [ 99.9826652, 9.7995902 ], [ 100.0257367, 9.8043449 ] ] ], [ [ [ 99.1600978, 9.6943678 ], [ 99.1781051, 9.6429649 ], [ 99.2098773, 9.5999812 ], [ 99.2136691, 9.5539407 ], [ 99.2625604, 9.4498636 ], [ 99.3023994, 9.4088062 ], [ 99.2622975, 9.360949 ], [ 99.2162091, 9.3288034 ], [ 99.2240493, 9.2559094 ], [ 99.2737821, 9.2169077 ], [ 99.3066515, 9.2384588 ], [ 99.3726732, 9.1909437 ], [ 99.4140601, 9.2057574 ], [ 99.4608272, 9.1981896 ], [ 99.4916346, 9.2131254 ], [ 99.5094331, 9.2603973 ], [ 99.5353617, 9.2864885 ], [ 99.6141044, 9.2695649 ], [ 99.6887241, 9.3278308 ], [ 99.7232473, 9.3124678 ], [ 99.7691095, 9.3222702 ], [ 99.7510757, 9.2873144 ], [ 99.7555161, 9.215539 ], [ 99.7306442, 9.1552467 ], [ 99.7582855, 9.1180973 ], [ 99.788414, 9.105196 ], [ 99.7839508, 9.0510273 ], [ 99.7448273, 9.0554829 ], [ 99.7255707, 8.9749575 ], [ 99.6920853, 8.9568148 ], [ 99.6646652, 8.9202852 ], [ 99.5977249, 8.9224901 ], [ 99.5241165, 8.8375645 ], [ 99.5321274, 8.7602291 ], [ 99.5237961, 8.7183676 ], [ 99.4964371, 8.6930618 ], [ 99.4747543, 8.6430645 ], [ 99.4084244, 8.5529356 ], [ 99.4128647, 8.5283442 ], [ 99.3046494, 8.4810104 ], [ 99.268837, 8.4510107 ], [ 99.2418671, 8.3674583 ], [ 99.2760468, 8.3480148 ], [ 99.2995071, 8.3109312 ], [ 99.2663498, 8.2988806 ], [ 99.2032166, 8.3348637 ], [ 99.1210938, 8.3653727 ], [ 99.0431671, 8.3558159 ], [ 98.9993973, 8.3861856 ], [ 98.9847794, 8.3394108 ], [ 98.9261169, 8.3301029 ], [ 98.8914185, 8.346529 ], [ 98.883522, 8.4384155 ], [ 98.9024124, 8.4719181 ], [ 98.877861, 8.5194607 ], [ 98.9254837, 8.5678835 ], [ 98.8893967, 8.6150599 ], [ 98.8469391, 8.6519318 ], [ 98.7859802, 8.6568108 ], [ 98.7500687, 8.676856 ], [ 98.7085724, 8.6281605 ], [ 98.6507797, 8.6543598 ], [ 98.610199, 8.6259565 ], [ 98.5726089, 8.6367292 ], [ 98.5692902, 8.6747084 ], [ 98.5993195, 8.7168388 ], [ 98.6035156, 8.7918043 ], [ 98.5666046, 8.80793 ], [ 98.5401993, 8.8526964 ], [ 98.4974747, 8.8841715 ], [ 98.4608841, 8.8902788 ], [ 98.4582138, 8.9652739 ], [ 98.513916, 8.9941263 ], [ 98.491806, 9.0137138 ], [ 98.4765701, 9.0611773 ], [ 98.4940262, 9.0754995 ], [ 98.4871292, 9.145093 ], [ 98.4962006, 9.1845245 ], [ 98.5329514, 9.251811 ], [ 98.5102921, 9.3058243 ], [ 98.5495987, 9.3578682 ], [ 98.5806503, 9.3646412 ], [ 98.6157837, 9.3405418 ], [ 98.6601181, 9.3447323 ], [ 98.6500168, 9.415123 ], [ 98.6807632, 9.4301672 ], [ 98.6745529, 9.4627218 ], [ 98.7185135, 9.4878464 ], [ 98.7508698, 9.5342798 ], [ 98.7605133, 9.5732317 ], [ 98.7416229, 9.5958166 ], [ 98.7666931, 9.6244974 ], [ 98.7716675, 9.6839743 ], [ 98.8109589, 9.6888838 ], [ 98.8963776, 9.7310677 ], [ 98.962738, 9.7192287 ], [ 99.0775604, 9.6825953 ], [ 99.1002121, 9.7016621 ], [ 99.1600978, 9.6943678 ] ] ] ] } },
{ "type": "Feature", "properties": { "POLYGON_ID": "THA_GAUL2002_ADM1_2917", "ADM0_ISO3": "THA", "ADM0_NAME": "Thailand", "ADM0_CODE": 240, "ADM1_NAME": "Surin", "ADM1_CODE": 2917, "GEOSET": "GAUL", "GEOSET_YEAR": 2002.0, "GEOSET_VERSION": "GAUL_v1", "GEOSET_UNIT": "ADM1", "CENTROID_LONG": 103.65964027319252, "CENTROID_LAT": 14.881839008065599 }, "geometry": { "type": "MultiPolygon", "coordinates": [ [ [ [ 103.4035416, 15.4310579 ], [ 103.4517899, 15.4511108 ], [ 103.5357361, 15.4238987 ], [ 103.5834351, 15.4638557 ], [ 103.6074371, 15.4667063 ], [ 103.6735687, 15.4434175 ], [ 103.7799454, 15.4336977 ], [ 103.8955002, 15.4640064 ], [ 103.9018478, 15.4420576 ], [ 103.9894714, 15.4026814 ], [ 104.0639267, 15.4022541 ], [ 104.0858917, 15.3823481 ], [ 104.065155, 15.347786 ], [ 103.9972839, 15.287652 ], [ 104.0024872, 15.2506905 ], [ 103.9772644, 15.2233162 ], [ 103.9714279, 15.1641798 ], [ 104.002861, 15.1463499 ], [ 103.9969025, 15.0997934 ], [ 104.0225372, 15.0434513 ], [ 104.0036163, 14.9926329 ], [ 103.9303131, 14.90061 ], [ 103.9079742, 14.8352919 ], [ 104.0007629, 14.8025894 ], [ 104.0038605, 14.7253551 ], [ 104.0502701, 14.6682816 ], [ 104.0561066, 14.5754185 ], [ 104.0344315, 14.53613 ], [ 104.0381851, 14.4896116 ], [ 104.0590286, 14.4645748 ], [ 104.0502319, 14.3567371 ], [ 104.0645849, 14.3410523 ], [ 104.0603803, 14.3400238 ], [ 104.05182, 14.33793 ], [ 104.0442756, 14.3374717 ], [ 104.03651, 14.337 ], [ 104.02902, 14.33366 ], [ 104.01147, 14.34517 ], [ 104.0050257, 14.3533035 ], [ 103.991704, 14.3501381 ], [ 103.98607, 14.34975 ], [ 103.97363, 14.34656 ], [ 103.9614, 14.3452 ], [ 103.94366, 14.34836 ], [ 103.94037, 14.33405 ], [ 103.9345797, 14.32798 ], [ 103.90594, 14.33417 ], [ 103.88914, 14.3378 ], [ 103.88248, 14.34114 ], [ 103.8542, 14.36666 ], [ 103.84568, 14.36859 ], [ 103.8331985, 14.3538744 ], [ 103.83252, 14.35295 ], [ 103.82973, 14.35107 ], [ 103.8261631, 14.3511899 ], [ 103.81604, 14.35153 ], [ 103.8136416, 14.3535583 ], [ 103.80431, 14.36145 ], [ 103.8003591, 14.3639224 ], [ 103.797868, 14.3654797 ], [ 103.77431, 14.36417 ], [ 103.7665241, 14.370973 ], [ 103.76425, 14.37296 ], [ 103.75175, 14.37298 ], [ 103.742, 14.37787 ], [ 103.71395, 14.37762 ], [ 103.70479, 14.38804 ], [ 103.70633, 14.40715 ], [ 103.70615, 14.42946 ], [ 103.70017, 14.43418 ], [ 103.66257, 14.43951 ], [ 103.6593, 14.43761 ], [ 103.6578536, 14.4326165 ], [ 103.65709, 14.42998 ], [ 103.66064, 14.41625 ], [ 103.66047, 14.41279 ], [ 103.6547602, 14.4087665 ], [ 103.64977, 14.40525 ], [ 103.62162, 14.39671 ], [ 103.5594, 14.41952 ], [ 103.51502, 14.39711 ], [ 103.5001573, 14.3868658 ], [ 103.4957465, 14.3844382 ], [ 103.48958, 14.38355 ], [ 103.47783, 14.36931 ], [ 103.469, 14.36225 ], [ 103.43624, 14.3858 ], [ 103.4237366, 14.3797342 ], [ 103.4195574, 14.3746375 ], [ 103.41628, 14.36957 ], [ 103.40948, 14.36737 ], [ 103.405167, 14.3585566 ], [ 103.4046074, 14.3579158 ], [ 103.39986, 14.35248 ], [ 103.3742686, 14.3474103 ], [ 103.35651, 14.35145 ], [ 103.354658, 14.3515745 ], [ 103.34045, 14.35253 ], [ 103.33226, 14.34916 ], [ 103.3285932, 14.3500529 ], [ 103.3261, 14.35066 ], [ 103.29927, 14.34831 ], [ 103.2738081, 14.3456754 ], [ 103.2320456, 14.3246176 ], [ 103.2248917, 14.3668022 ], [ 103.249939, 14.427803 ], [ 103.218605, 14.4991989 ], [ 103.2141037, 14.5731163 ], [ 103.2335358, 14.6320219 ], [ 103.2602768, 14.6695995 ], [ 103.2907791, 14.7790756 ], [ 103.3464355, 14.8266916 ], [ 103.4013596, 14.8877583 ], [ 103.4285355, 14.9359455 ], [ 103.4172363, 14.9963522 ], [ 103.4454346, 15.0816069 ], [ 103.4321365, 15.1123362 ], [ 103.4232407, 15.1966505 ], [ 103.4417496, 15.2413731 ], [ 103.495636, 15.3118534 ], [ 103.4533386, 15.3402424 ], [ 103.4088593, 15.3057461 ], [ 103.3647537, 15.3413935 ], [ 103.3317413, 15.3323812 ], [ 103.2999344, 15.2987843 ], [ 103.2789383, 15.3140945 ], [ 103.2231369, 15.3187046 ], [ 103.1498413, 15.3961 ], [ 103.1108398, 15.4045582 ], [ 103.1155396, 15.4787645 ], [ 103.2493057, 15.4440727 ], [ 103.2746429, 15.4200859 ], [ 103.3434448, 15.4030495 ], [ 103.4035416, 15.4310579 ] ] ] ] } },
{ "type": "Feature", "properties": { "POLYGON_ID": "THA_GAUL2002_ADM1_2918", "ADM0_ISO3": "THA", "ADM0_NAME": "Thailand", "ADM0_CODE": 240, "ADM1_NAME": "Tak", "ADM1_CODE": 2918, "GEOSET": "GAUL", "GEOSET_YEAR": 2002.0, "GEOSET_VERSION": "GAUL_v1", "GEOSET_UNIT": "ADM1", "CENTROID_LONG": 98.794645685146719, "CENTROID_LAT": 16.713264009688672 }, "geometry": { "type": "MultiPolygon", "coordinates": [ [ [ [ 98.0911942, 17.6338444 ], [ 98.1179428, 17.5742378 ], [ 98.1455078, 17.5394669 ], [ 98.2167435, 17.53829 ], [ 98.2720108, 17.5758247 ], [ 98.3019257, 17.5718079 ], [ 98.3341751, 17.4815636 ], [ 98.3284378, 17.4149075 ], [ 98.298645, 17.4010868 ], [ 98.3357925, 17.3474007 ], [ 98.3271332, 17.3067646 ], [ 98.3637161, 17.2849846 ], [ 98.464035, 17.3118134 ], [ 98.498085, 17.2780933 ], [ 98.541153, 17.2753143 ], [ 98.5621109, 17.2953625 ], [ 98.5446396, 17.3649616 ], [ 98.5618973, 17.4286861 ], [ 98.5236893, 17.4734135 ], [ 98.5439911, 17.5534973 ], [ 98.5888367, 17.5766277 ], [ 98.5415573, 17.6147499 ], [ 98.5283432, 17.7043591 ], [ 98.5089264, 17.7495098 ], [ 98.5250397, 17.8202934 ], [ 98.5606918, 17.7948055 ], [ 98.6022034, 17.7999058 ], [ 98.6402512, 17.7364807 ], [ 98.6950302, 17.7708588 ], [ 98.7044296, 17.7420692 ], [ 98.7453995, 17.7003117 ], [ 98.7251663, 17.6718426 ], [ 98.6875534, 17.6632614 ], [ 98.6854172, 17.5971355 ], [ 98.7062836, 17.5401402 ], [ 98.7080002, 17.4825535 ], [ 98.6924973, 17.4333057 ], [ 98.7655182, 17.4811535 ], [ 98.8235474, 17.5063915 ], [ 98.8827209, 17.4897614 ], [ 98.9110413, 17.5338001 ], [ 98.9426727, 17.4666939 ], [ 98.9845428, 17.4619236 ], [ 99.0485764, 17.3850365 ], [ 99.0803833, 17.3696384 ], [ 99.1816635, 17.3438015 ], [ 99.2246094, 17.398138 ], [ 99.2739029, 17.3957863 ], [ 99.2763901, 17.3442192 ], [ 99.3199387, 17.2649937 ], [ 99.3164063, 17.182188 ], [ 99.3399429, 17.0925426 ], [ 99.393837, 17.0786877 ], [ 99.3958664, 17.0290871 ], [ 99.4367752, 17.0081615 ], [ 99.4498596, 16.9679775 ], [ 99.4424438, 16.9150391 ], [ 99.467804, 16.8883152 ], [ 99.3940659, 16.8674335 ], [ 99.3756332, 16.7997398 ], [ 99.3273239, 16.8062801 ], [ 99.2762527, 16.6692619 ], [ 99.2477188, 16.6236382 ], [ 99.2593536, 16.5631733 ], [ 99.2412415, 16.531395 ], [ 99.1840668, 16.5298157 ], [ 99.1230164, 16.4770069 ], [ 99.053627, 16.4792519 ], [ 99.0012283, 16.4505634 ], [ 99.0249329, 16.4233799 ], [ 99.021286, 16.3838348 ], [ 99.0447235, 16.3723335 ], [ 99.0555115, 16.3051777 ], [ 99.051918, 16.2564507 ], [ 99.0835724, 16.2147503 ], [ 99.053627, 16.1326771 ], [ 99.1088028, 16.0969028 ], [ 99.1153336, 16.0577488 ], [ 99.0891266, 16.0371609 ], [ 99.1031876, 15.926548 ], [ 99.0933914, 15.8897305 ], [ 99.1087036, 15.8188543 ], [ 99.1392822, 15.7960854 ], [ 99.1424713, 15.7306776 ], [ 99.1174164, 15.6644125 ], [ 99.1187134, 15.6271448 ], [ 99.0989685, 15.5796776 ], [ 99.0574188, 15.562067 ], [ 99.0606003, 15.5193014 ], [ 99.0826263, 15.496501 ], [ 99.0643997, 15.4578943 ], [ 99.0707932, 15.3907776 ], [ 99.0500717, 15.3726978 ], [ 99.0307007, 15.2778044 ], [ 98.9923477, 15.1774206 ], [ 98.9614487, 15.2402353 ], [ 98.8908997, 15.2720041 ], [ 98.8775864, 15.3198614 ], [ 98.8352966, 15.3485994 ], [ 98.7626724, 15.4673729 ], [ 98.7133179, 15.4926624 ], [ 98.7260437, 15.5142202 ], [ 98.6638336, 15.5982962 ], [ 98.6509628, 15.6305437 ], [ 98.5616813, 15.6473845 ], [ 98.5497123, 15.6797852 ], [ 98.5622403, 15.7433069 ], [ 98.6097717, 15.8718812 ], [ 98.5843442, 15.9126261 ], [ 98.6046776, 15.9894073 ], [ 98.5606725, 16.0331088 ], [ 98.5664387, 16.0555666 ], [ 98.633812, 16.0409994 ], [ 98.6729613, 16.0956264 ], [ 98.660822, 16.1241538 ], [ 98.7108967, 16.1356861 ], [ 98.7315335, 16.1153528 ], [ 98.7849465, 16.1162632 ], [ 98.8077078, 16.0980542 ], [ 98.8599069, 16.129313 ], [ 98.8571755, 16.219144 ], [ 98.9130164, 16.2510097 ], [ 98.9254592, 16.3611741 ], [ 98.9136234, 16.3948607 ], [ 98.8814542, 16.4176219 ], [ 98.8344143, 16.4188359 ], [ 98.8125237, 16.383043 ], [ 98.7657543, 16.3420519 ], [ 98.7262696, 16.3292306 ], [ 98.7038172, 16.2711839 ], [ 98.6689424, 16.2836382 ], [ 98.6648238, 16.3648278 ], [ 98.6372723, 16.4250483 ], [ 98.6573855, 16.4570033 ], [ 98.5765756, 16.5617347 ], [ 98.5869893, 16.5891077 ], [ 98.571101, 16.6323689 ], [ 98.524686, 16.6420685 ], [ 98.5101069, 16.7010394 ], [ 98.4639299, 16.7284124 ], [ 98.4851142, 16.7892281 ], [ 98.5412288, 16.8125546 ], [ 98.4925525, 16.8415938 ], [ 98.5327789, 16.9006242 ], [ 98.4828529, 16.9369232 ], [ 98.4887706, 16.9575321 ], [ 98.4377409, 17.03636 ], [ 98.3906162, 17.0607166 ], [ 98.3454617, 17.0478588 ], [ 98.312341, 17.07896 ], [ 98.3197675, 17.1127284 ], [ 98.279991, 17.1158252 ], [ 98.2876298, 17.1564275 ], [ 98.2494361, 17.1830599 ], [ 98.2451451, 17.2241329 ], [ 98.2131782, 17.2285676 ], [ 98.1747903, 17.2583632 ], [ 98.1051747, 17.337495 ], [ 98.1179245, 17.3753748 ], [ 98.0830474, 17.3902957 ], [ 97.9890013, 17.5126959 ], [ 97.92342, 17.539389 ], [ 97.9066189, 17.5835252 ], [ 97.8489663, 17.6261511 ], [ 97.7627706, 17.7249949 ], [ 97.7743237, 17.7494226 ], [ 97.7440637, 17.780894 ], [ 97.8495712, 17.7753754 ], [ 97.9035492, 17.8036366 ], [ 97.9219742, 17.8537827 ], [ 97.9747391, 17.8640232 ], [ 97.9925308, 17.7944164 ], [ 98.0153351, 17.7638283 ], [ 98.0526047, 17.6619339 ], [ 98.0911942, 17.6338444 ] ] ] ] } },
{ "type": "Feature", "properties": { "POLYGON_ID": "THA_GAUL2002_ADM1_2919", "ADM0_ISO3": "THA", "ADM0_NAME": "Thailand", "ADM0_CODE": 240, "ADM1_NAME": "Trad", "ADM1_CODE": 2919, "GEOSET": "GAUL", "GEOSET_YEAR": 2002.0, "GEOSET_VERSION": "GAUL_v1", "GEOSET_UNIT": "ADM1", "CENTROID_LONG": 102.53078591976248, "CENTROID_LAT": 12.321510796220396 }, "geometry": { "type": "MultiPolygon", "coordinates": [ [ [ [ 102.50739, 12.69907 ], [ 102.5067681, 12.6953389 ], [ 102.50632, 12.69265 ], [ 102.5159085, 12.668054 ], [ 102.516416, 12.667368 ], [ 102.51729, 12.66619 ], [ 102.5217459, 12.662042 ], [ 102.53017, 12.6542 ], [ 102.55234, 12.64917 ], [ 102.57481, 12.64827 ], [ 102.5871, 12.64181 ], [ 102.61264, 12.61783 ], [ 102.6282312, 12.609891 ], [ 102.63004, 12.60897 ], [ 102.64328, 12.60341 ], [ 102.64727, 12.59205 ], [ 102.6495692, 12.5834055 ], [ 102.6501, 12.58141 ], [ 102.65399, 12.57673 ], [ 102.6714349, 12.5544716 ], [ 102.67248, 12.55219 ], [ 102.6732342, 12.5521707 ], [ 102.67365, 12.55216 ], [ 102.68122, 12.54441 ], [ 102.6874037, 12.5418644 ], [ 102.69237, 12.53982 ], [ 102.6984448, 12.5346728 ], [ 102.72634, 12.51704 ], [ 102.7315, 12.50565 ], [ 102.73212, 12.48998 ], [ 102.73675, 12.47608 ], [ 102.74107, 12.46978 ], [ 102.7435655, 12.4679095 ], [ 102.78043, 12.45908 ], [ 102.7884305, 12.3984839 ], [ 102.78758, 12.39677 ], [ 102.74464, 12.36886 ], [ 102.73862, 12.29163 ], [ 102.71561, 12.1726 ], [ 102.72902, 12.12974 ], [ 102.7358599, 12.1224518 ], [ 102.74092, 12.11706 ], [ 102.7464825, 12.0983431 ], [ 102.74751, 12.09621 ], [ 102.75556, 12.08937 ], [ 102.76416, 12.07538 ], [ 102.7674845, 12.0706436 ], [ 102.77711, 12.05693 ], [ 102.78002, 12.02763 ], [ 102.7829577, 12.0200211 ], [ 102.78468, 12.01556 ], [ 102.78201, 11.99896 ], [ 102.78272, 11.98821 ], [ 102.79011, 11.97217 ], [ 102.80179, 11.96042 ], [ 102.8066171, 11.9452191 ], [ 102.81665, 11.93294 ], [ 102.81795, 11.92808 ], [ 102.81852, 11.92186 ], [ 102.8193077, 11.9194611 ], [ 102.8205, 11.91583 ], [ 102.82687, 11.90695 ], [ 102.84172, 11.85691 ], [ 102.8505, 11.83514 ], [ 102.85305, 11.82882 ], [ 102.8555857, 11.827077 ], [ 102.85996, 11.82407 ], [ 102.8676073, 11.821381 ], [ 102.8895569, 11.7983612 ], [ 102.8896225, 11.792423 ], [ 102.88964, 11.79076 ], [ 102.89419, 11.78468 ], [ 102.90131, 11.77924 ], [ 102.9163842, 11.7152636 ], [ 102.9156239, 11.6976734 ], [ 102.9159575, 11.6935022 ], [ 102.9165776, 11.6894387 ], [ 102.9177008, 11.6593565 ], [ 102.9148436, 11.649026 ], [ 102.910947, 11.6472083 ], [ 102.9068893, 11.7121335 ], [ 102.871651, 11.7869322 ], [ 102.7824878, 11.8996849 ], [ 102.7845749, 11.9458952 ], [ 102.7539075, 12.0416458 ], [ 102.6244219, 12.1501788 ], [ 102.6358827, 12.183866 ], [ 102.5928243, 12.2112495 ], [ 102.5557665, 12.1623123 ], [ 102.5863811, 12.0459938 ], [ 102.525019, 12.118899 ], [ 102.4753203, 12.1407035 ], [ 102.4694915, 12.1648158 ], [ 102.3984775, 12.1677681 ], [ 102.3689315, 12.1928849 ], [ 102.2954265, 12.1868208 ], [ 102.2653908, 12.296082 ], [ 102.2938862, 12.2983723 ], [ 102.3446706, 12.3315328 ], [ 102.371727, 12.4009695 ], [ 102.3317337, 12.4255285 ], [ 102.3466339, 12.4762955 ], [ 102.3126297, 12.5483723 ], [ 102.3551331, 12.5885887 ], [ 102.4060287, 12.6192083 ], [ 102.3886337, 12.6713142 ], [ 102.4468308, 12.7371798 ], [ 102.5264008, 12.750838 ], [ 102.50739, 12.69907 ] ] ], [ [ [ 102.5589566, 11.7521631 ], [ 102.5643045, 11.7013506 ], [ 102.598328, 11.694492 ], [ 102.6086214, 11.6561337 ], [ 102.592686, 11.5615872 ], [ 102.5285175, 11.6098685 ], [ 102.545598, 11.6222297 ], [ 102.5276413, 11.6860669 ], [ 102.5346125, 11.7243696 ], [ 102.5589566, 11.7521631 ] ] ], [ [ [ 102.2515584, 12.1567561 ], [ 102.3259717, 12.1338977 ], [ 102.3828947, 12.0678362 ], [ 102.4174886, 12.0156964 ], [ 102.3810363, 12.000091 ], [ 102.3622185, 11.9620254 ], [ 102.2976629, 11.987071 ], [ 102.2944765, 12.0422224 ], [ 102.2515584, 12.1567561 ] ] ] ] } },
{ "type": "Feature", "properties": { "POLYGON_ID": "THA_GAUL2002_ADM1_2920", "ADM0_ISO3": "THA", "ADM0_NAME": "Thailand", "ADM0_CODE": 240, "ADM1_NAME": "Trang", "ADM1_CODE": 2920, "GEOSET": "GAUL", "GEOSET_YEAR": 2002.0, "GEOSET_VERSION": "GAUL_v1", "GEOSET_UNIT": "ADM1", "CENTROID_LONG": 99.608373363230896, "CENTROID_LAT": 7.5350231385174427 }, "geometry": { "type": "MultiPolygon", "coordinates": [ [ [ [ 99.7458344, 7.8527269 ], [ 99.7858582, 7.7549486 ], [ 99.791214, 7.698133 ], [ 99.8187561, 7.6793041 ], [ 99.8126755, 7.6162205 ], [ 99.7985153, 7.5866737 ], [ 99.8389206, 7.5373654 ], [ 99.8277969, 7.5057311 ], [ 99.8866043, 7.4037485 ], [ 99.883255, 7.3781447 ], [ 99.913414, 7.3174939 ], [ 99.9428406, 7.2934904 ], [ 99.937027, 7.2497277 ], [ 99.9712906, 7.1496673 ], [ 100.0018082, 7.1127982 ], [ 99.9031143, 7.0925975 ], [ 99.8604202, 7.0689316 ], [ 99.8112259, 7.112752 ], [ 99.7373457, 7.1287472 ], [ 99.6731699, 7.1170293 ], [ 99.6548923, 7.1792636 ], [ 99.6122855, 7.1383193 ], [ 99.5851196, 7.1467576 ], [ 99.5601402, 7.2039627 ], [ 99.522289, 7.2493415 ], [ 99.532153, 7.2820662 ], [ 99.4909152, 7.3221014 ], [ 99.4718391, 7.2838897 ], [ 99.4043938, 7.3135001 ], [ 99.3385798, 7.3779847 ], [ 99.3452846, 7.4422136 ], [ 99.3134839, 7.5366524 ], [ 99.251777, 7.6386747 ], [ 99.2624499, 7.6570827 ], [ 99.3074036, 7.6890068 ], [ 99.3132629, 7.7273569 ], [ 99.2869873, 7.8494978 ], [ 99.336647, 7.9339309 ], [ 99.401947, 7.950511 ], [ 99.4232407, 7.9479885 ], [ 99.4234161, 7.8862476 ], [ 99.4738388, 7.8964133 ], [ 99.487854, 7.8764038 ], [ 99.5388947, 7.8779073 ], [ 99.5482941, 7.9116545 ], [ 99.5973587, 7.9552188 ], [ 99.6062469, 7.9825025 ], [ 99.6648941, 8.0060873 ], [ 99.7540207, 7.9756751 ], [ 99.7348099, 7.8952689 ], [ 99.7458344, 7.8527269 ] ] ] ] } },
{ "type": "Feature", "properties": { "POLYGON_ID": "THA_GAUL2002_ADM1_2923", "ADM0_ISO3": "THA", "ADM0_NAME": "Thailand", "ADM0_CODE": 240, "ADM1_NAME": "Uthai Thani", "ADM1_CODE": 2923, "GEOSET": "GAUL", "GEOSET_YEAR": 2002.0, "GEOSET_VERSION": "GAUL_v1", "GEOSET_UNIT": "ADM1", "CENTROID_LONG": 99.482707235421955, "CENTROID_LAT": 15.34478847210559 }, "geometry": { "type": "MultiPolygon", "coordinates": [ [ [ [ 100.1070099, 15.4136858 ], [ 100.0804062, 15.3646898 ], [ 100.1004486, 15.3504295 ], [ 100.0680084, 15.2805748 ], [ 99.9623642, 15.3025723 ], [ 99.8844147, 15.284894 ], [ 99.8553314, 15.3063326 ], [ 99.7924805, 15.3142233 ], [ 99.726387, 15.2727547 ], [ 99.728035, 15.2243576 ], [ 99.7636414, 15.1728735 ], [ 99.7548904, 15.1584911 ], [ 99.8267746, 15.0678959 ], [ 99.78228, 15.0224085 ], [ 99.7192688, 14.9744205 ], [ 99.6370239, 14.9873009 ], [ 99.6348495, 14.9363222 ], [ 99.5857544, 14.9457626 ], [ 99.531189, 14.9761219 ], [ 99.4436569, 14.9833899 ], [ 99.4254532, 15.0421066 ], [ 99.3722305, 15.050436 ], [ 99.342392, 15.0810347 ], [ 99.303627, 15.0500965 ], [ 99.3107986, 15.0203285 ], [ 99.2863617, 14.9920607 ], [ 99.2547073, 14.9893703 ], [ 99.1951065, 15.0240879 ], [ 99.1747894, 15.0163488 ], [ 99.1279373, 15.0510073 ], [ 99.0879135, 15.0354671 ], [ 99.0230408, 15.051857 ], [ 99.0045471, 15.0684261 ], [ 99.0059128, 15.1458015 ], [ 98.9923477, 15.1774206 ], [ 99.0307007, 15.2778044 ], [ 99.0500717, 15.3726978 ], [ 99.0707932, 15.3907776 ], [ 99.0643997, 15.4578943 ], [ 99.0826263, 15.496501 ], [ 99.0606003, 15.5193014 ], [ 99.0574188, 15.562067 ], [ 99.0989685, 15.5796776 ], [ 99.1187134, 15.6271448 ], [ 99.1174164, 15.6644125 ], [ 99.1424713, 15.7306776 ], [ 99.1392822, 15.7960854 ], [ 99.2210999, 15.7642765 ], [ 99.2529602, 15.7188797 ], [ 99.2995071, 15.6914005 ], [ 99.3595428, 15.6782417 ], [ 99.3859329, 15.6230049 ], [ 99.4290009, 15.6105652 ], [ 99.4738312, 15.5634584 ], [ 99.5142593, 15.5594683 ], [ 99.5709991, 15.589386 ], [ 99.6261139, 15.6321049 ], [ 99.7089081, 15.6817818 ], [ 99.7390747, 15.6836205 ], [ 99.8379211, 15.6208248 ], [ 99.8689651, 15.6151457 ], [ 99.873848, 15.6538239 ], [ 99.9396286, 15.669652 ], [ 99.946991, 15.6272545 ], [ 99.9500275, 15.5009823 ], [ 100.0709076, 15.454874 ], [ 100.0618057, 15.4259262 ], [ 100.1070099, 15.4136858 ] ] ] ] } },
{ "type": "Feature", "properties": { "POLYGON_ID": "THA_GAUL2002_ADM1_2924", "ADM0_ISO3": "THA", "ADM0_NAME": "Thailand", "ADM0_CODE": 240, "ADM1_NAME": "Uttaradit", "ADM1_CODE": 2924, "GEOSET": "GAUL", "GEOSET_YEAR": 2002.0, "GEOSET_VERSION": "GAUL_v1", "GEOSET_UNIT": "ADM1", "CENTROID_LONG": 100.5226052683425, "CENTROID_LAT": 17.741730129643578 }, "geometry": { "type": "MultiPolygon", "coordinates": [ [ [ [ 100.9976276, 17.7355475 ], [ 100.9664154, 17.6958828 ], [ 100.8831177, 17.7064228 ], [ 100.8514175, 17.6514835 ], [ 100.8063126, 17.6283951 ], [ 100.7403183, 17.5327816 ], [ 100.6987152, 17.5190411 ], [ 100.6149139, 17.4593143 ], [ 100.602417, 17.4207878 ], [ 100.4312134, 17.4155273 ], [ 100.3731155, 17.3861198 ], [ 100.3311081, 17.3809986 ], [ 100.3177109, 17.3055725 ], [ 100.2864075, 17.3089924 ], [ 100.2809067, 17.2545147 ], [ 100.1879044, 17.1872692 ], [ 100.1571045, 17.2063885 ], [ 100.0920105, 17.1831608 ], [ 99.9810486, 17.1678905 ], [ 99.9839783, 17.2117958 ], [ 99.9643402, 17.2281876 ], [ 99.9703064, 17.2723255 ], [ 99.9967346, 17.2848244 ], [ 100.0156555, 17.327261 ], [ 99.9957657, 17.3953495 ], [ 100.0014114, 17.4626656 ], [ 99.9494705, 17.5038319 ], [ 99.9291534, 17.5832253 ], [ 99.9761047, 17.618351 ], [ 99.9680405, 17.7007427 ], [ 99.9217224, 17.7449532 ], [ 99.9240189, 17.7819443 ], [ 99.8976593, 17.8011265 ], [ 99.9421158, 17.7778683 ], [ 100.0495071, 17.8423634 ], [ 100.0795059, 17.8355141 ], [ 100.1324081, 17.8541241 ], [ 100.2175064, 17.9200497 ], [ 100.2280045, 17.9446487 ], [ 100.277504, 17.9579678 ], [ 100.3267059, 17.8891506 ], [ 100.3589172, 17.9272079 ], [ 100.3527145, 17.9789772 ], [ 100.4194183, 18.0194454 ], [ 100.5164185, 18.0151138 ], [ 100.6087189, 18.0433025 ], [ 100.6983185, 18.0210648 ], [ 100.7740173, 18.0223255 ], [ 100.8149185, 18.0734119 ], [ 100.8452148, 18.0756912 ], [ 100.9083176, 18.1522579 ], [ 100.9273148, 18.2019959 ], [ 100.9236145, 18.2388535 ], [ 100.9869156, 18.3031998 ], [ 101.0033188, 18.3018494 ], [ 101.0916441, 18.3782043 ], [ 101.1828978, 18.3309642 ], [ 101.1901485, 18.3092993 ], [ 101.1463109, 18.2632106 ], [ 101.1639268, 18.2164606 ], [ 101.1919821, 18.1968465 ], [ 101.160941, 18.1198045 ], [ 101.1874057, 18.0672992 ], [ 101.1191118, 17.996893 ], [ 101.1127752, 17.928247 ], [ 101.1226321, 17.8990284 ], [ 101.0846127, 17.8409433 ], [ 100.9997733, 17.8187654 ], [ 100.9976276, 17.7355475 ] ] ] ] } },
{ "type": "Feature", "properties": { "POLYGON_ID": "THA_GAUL2002_ADM1_2925", "ADM0_ISO3": "THA", "ADM0_NAME": "Thailand", "ADM0_CODE": 240, "ADM1_NAME": "Yala", "ADM1_CODE": 2925, "GEOSET": "GAUL", "GEOSET_YEAR": 2002.0, "GEOSET_VERSION": "GAUL_v1", "GEOSET_UNIT": "ADM1", "CENTROID_LONG": 101.23144482831634, "CENTROID_LAT": 6.1908128825471698 }, "geometry": { "type": "MultiPolygon", "coordinates": [ [ [ [ 101.5951309, 6.5586729 ], [ 101.61203, 6.5439944 ], [ 101.5435333, 6.4713659 ], [ 101.5296249, 6.4412398 ], [ 101.4370193, 6.4307518 ], [ 101.4149246, 6.3634067 ], [ 101.3944244, 6.2214227 ], [ 101.3754196, 6.1994314 ], [ 101.3958206, 6.1586604 ], [ 101.4278259, 6.1421485 ], [ 101.4498215, 6.081614 ], [ 101.4712219, 6.0789433 ], [ 101.4860229, 6.0123787 ], [ 101.4979016, 5.882762 ], [ 101.4553289, 5.8656483 ], [ 101.3941823, 5.8725561 ], [ 101.3483864, 5.8085953 ], [ 101.2808437, 5.8114096 ], [ 101.2511659, 5.7604967 ], [ 101.2611438, 5.7116307 ], [ 101.2219997, 5.6837437 ], [ 101.2163712, 5.6586711 ], [ 101.1746687, 5.6453672 ], [ 101.148061, 5.613131 ], [ 101.1224767, 5.6689048 ], [ 101.084356, 5.7090722 ], [ 101.0395834, 5.7364475 ], [ 100.9912108, 5.7939986 ], [ 101.0145108, 5.8364822 ], [ 101.0155342, 5.8838132 ], [ 101.0406068, 5.9186079 ], [ 101.0881937, 5.9104209 ], [ 101.1224767, 5.9810337 ], [ 101.1002183, 6.0485763 ], [ 101.1211975, 6.1143281 ], [ 101.0626093, 6.1414475 ], [ 101.0769366, 6.1713812 ], [ 101.1227325, 6.189546 ], [ 101.1117313, 6.2506926 ], [ 101.0833326, 6.2604146 ], [ 101.0201393, 6.2463433 ], [ 100.9873914, 6.2767886 ], [ 100.9449214, 6.2427614 ], [ 100.8858216, 6.2552978 ], [ 100.8533295, 6.2317602 ], [ 100.8415295, 6.3000086 ], [ 100.9097214, 6.3051128 ], [ 100.9308243, 6.3277969 ], [ 100.9186249, 6.4063439 ], [ 100.9823227, 6.4849958 ], [ 101.0229263, 6.4798174 ], [ 101.0537262, 6.5485258 ], [ 101.1070251, 6.6029305 ], [ 101.0978241, 6.6416354 ], [ 101.1366196, 6.6080322 ], [ 101.2141266, 6.6000576 ], [ 101.2461243, 6.6199117 ], [ 101.2785263, 6.6666975 ], [ 101.3123245, 6.5550418 ], [ 101.3879242, 6.5655956 ], [ 101.5078201, 6.6040273 ], [ 101.5498276, 6.5483222 ], [ 101.5951309, 6.5586729 ] ] ] ] } },
{ "type": "Feature", "properties": { "POLYGON_ID": "THA_GAUL2002_ADM1_2926", "ADM0_ISO3": "THA", "ADM0_NAME": "Thailand", "ADM0_CODE": 240, "ADM1_NAME": "Yasothon", "ADM1_CODE": 2926, "GEOSET": "GAUL", "GEOSET_YEAR": 2002.0, "GEOSET_VERSION": "GAUL_v1", "GEOSET_UNIT": "ADM1", "CENTROID_LONG": 104.34325850215029, "CENTROID_LAT": 15.895396197891932 }, "geometry": { "type": "MultiPolygon", "coordinates": [ [ [ [ 104.7670059, 16.189127 ], [ 104.7923355, 16.1570416 ], [ 104.8242798, 16.1558628 ], [ 104.8184433, 16.0950871 ], [ 104.7276688, 16.0945244 ], [ 104.6696396, 16.1144524 ], [ 104.5657196, 16.0982323 ], [ 104.5193558, 16.0191231 ], [ 104.5012741, 15.9467697 ], [ 104.469017, 15.9111433 ], [ 104.4534912, 15.8328991 ], [ 104.4291992, 15.7706909 ], [ 104.4228821, 15.7026949 ], [ 104.4466324, 15.6701517 ], [ 104.4444809, 15.6212397 ], [ 104.4672546, 15.5854769 ], [ 104.5111313, 15.5595579 ], [ 104.4856796, 15.5373974 ], [ 104.3925095, 15.5323811 ], [ 104.3820572, 15.4591217 ], [ 104.3938293, 15.4068289 ], [ 104.4223709, 15.357091 ], [ 104.4140472, 15.2873926 ], [ 104.356369, 15.3424988 ], [ 104.297142, 15.3447466 ], [ 104.2510605, 15.376092 ], [ 104.1727295, 15.4849081 ], [ 104.1412354, 15.5094872 ], [ 104.1274338, 15.5637541 ], [ 104.1851425, 15.618988 ], [ 104.1786423, 15.6606054 ], [ 104.1321487, 15.7223721 ], [ 104.1342926, 15.7973652 ], [ 104.0768967, 15.8139629 ], [ 104.0039444, 15.7925987 ], [ 104.0294495, 15.8491058 ], [ 104.0211639, 15.904314 ], [ 104.0393448, 15.9379101 ], [ 104.0334473, 15.9808073 ], [ 104.0994415, 15.9728737 ], [ 104.1190491, 16.0348854 ], [ 104.1018448, 16.0742226 ], [ 104.1770782, 16.1430702 ], [ 104.2309494, 16.1616592 ], [ 104.2652435, 16.2212048 ], [ 104.3204422, 16.2505932 ], [ 104.3545532, 16.3183899 ], [ 104.392746, 16.3453617 ], [ 104.4910202, 16.3405609 ], [ 104.5504837, 16.3082962 ], [ 104.5869522, 16.2386703 ], [ 104.6420593, 16.2077351 ], [ 104.6644821, 16.2346916 ], [ 104.7030869, 16.2087612 ], [ 104.7670059, 16.189127 ] ] ] ] } },
{ "type": "Feature", "properties": { "POLYGON_ID": "THA_GAUL2002_ADM1_2851", "ADM0_ISO3": "THA", "ADM0_NAME": "Thailand", "ADM0_CODE": 240, "ADM1_NAME": "Amnat Charoen", "ADM1_CODE": 2851, "GEOSET": "GAUL", "GEOSET_YEAR": 2002.0, "GEOSET_VERSION": "GAUL_v1", "GEOSET_UNIT": "ADM1", "CENTROID_LONG": 104.74048469400461, "CENTROID_LAT": 15.886860970532043 }, "geometry": { "type": "MultiPolygon", "coordinates": [ [ [ [ 104.9841473, 16.2754222 ], [ 105.0177248, 16.2336289 ], [ 105.0109496, 16.2073024 ], [ 105.041195, 16.1095814 ], [ 105.068594, 16.0945045 ], [ 105.041214, 16.0862064 ], [ 105.0067444, 16.020628 ], [ 105.0087585, 15.9518757 ], [ 104.9680176, 15.8601456 ], [ 104.9595032, 15.7846613 ], [ 104.9106827, 15.751442 ], [ 104.9008636, 15.6529198 ], [ 104.9346237, 15.6402359 ], [ 104.929245, 15.5989943 ], [ 104.8661728, 15.5765705 ], [ 104.7894974, 15.6031713 ], [ 104.7417374, 15.6559191 ], [ 104.6263809, 15.6848145 ], [ 104.6400223, 15.6459799 ], [ 104.5847168, 15.6070843 ], [ 104.5928192, 15.5679312 ], [ 104.5465164, 15.5421009 ], [ 104.5111313, 15.5595579 ], [ 104.4672546, 15.5854769 ], [ 104.4444809, 15.6212397 ], [ 104.4466324, 15.6701517 ], [ 104.4228821, 15.7026949 ], [ 104.4291992, 15.7706909 ], [ 104.4534912, 15.8328991 ], [ 104.469017, 15.9111433 ], [ 104.5012741, 15.9467697 ], [ 104.5193558, 16.0191231 ], [ 104.5657196, 16.0982323 ], [ 104.6696396, 16.1144524 ], [ 104.7276688, 16.0945244 ], [ 104.8184433, 16.0950871 ], [ 104.8242798, 16.1558628 ], [ 104.7923355, 16.1570416 ], [ 104.7670059, 16.189127 ], [ 104.8111649, 16.1841545 ], [ 104.8843079, 16.2076015 ], [ 104.8916702, 16.2308731 ], [ 104.9841473, 16.2754222 ] ] ] ] } },
{ "type": "Feature", "properties": { "POLYGON_ID": "THA_GAUL2002_ADM1_2883", "ADM0_ISO3": "THA", "ADM0_NAME": "Thailand", "ADM0_CODE": 240, "ADM1_NAME": "Nong Bua Lamphu", "ADM1_CODE": 2883, "GEOSET": "GAUL", "GEOSET_YEAR": 2002.0, "GEOSET_VERSION": "GAUL_v1", "GEOSET_UNIT": "ADM1", "CENTROID_LONG": 102.30543472382152, "CENTROID_LAT": 17.177037684163313 }, "geometry": { "type": "MultiPolygon", "coordinates": [ [ [ [ 102.6746674, 16.9894886 ], [ 102.6720276, 16.9280643 ], [ 102.6248322, 16.8305397 ], [ 102.6140289, 16.7579632 ], [ 102.5052338, 16.7988606 ], [ 102.4588318, 16.8021507 ], [ 102.4340286, 16.7860413 ], [ 102.344429, 16.8209496 ], [ 102.3285294, 16.8629379 ], [ 102.2978287, 16.8892651 ], [ 102.2170334, 16.8585968 ], [ 102.074234, 16.8878479 ], [ 102.0349197, 16.946312 ], [ 102.1510315, 17.0207806 ], [ 102.1070328, 17.0589771 ], [ 102.0901337, 17.1090736 ], [ 102.0241241, 17.1295433 ], [ 102.0793228, 17.1942501 ], [ 102.0546265, 17.2499466 ], [ 102.005722, 17.2972851 ], [ 102.0215225, 17.3702393 ], [ 101.9947205, 17.3989697 ], [ 101.9977264, 17.4581451 ], [ 102.0557251, 17.4491978 ], [ 102.1325226, 17.4851532 ], [ 102.137825, 17.5509491 ], [ 102.0882111, 17.6331444 ], [ 102.1309204, 17.6322556 ], [ 102.1507263, 17.6584454 ], [ 102.1883316, 17.6635151 ], [ 102.2405243, 17.6515903 ], [ 102.2753296, 17.6677761 ], [ 102.324707, 17.6681786 ], [ 102.3404922, 17.5420628 ], [ 102.3733978, 17.4885731 ], [ 102.3959656, 17.4116898 ], [ 102.440834, 17.3330231 ], [ 102.4442291, 17.2799644 ], [ 102.5971527, 17.2638245 ], [ 102.5543289, 17.2175179 ], [ 102.4781342, 17.201519 ], [ 102.5396881, 17.0688457 ], [ 102.5604324, 17.0492878 ], [ 102.6746674, 16.9894886 ] ] ] ] } },
{ "type": "Feature", "properties": { "POLYGON_ID": "THA_GAUL2002_ADM1_2888", "ADM0_ISO3": "THA", "ADM0_NAME": "Thailand", "ADM0_CODE": 240, "ADM1_NAME": "Phachinburi", "ADM1_CODE": 2888, "GEOSET": "GAUL", "GEOSET_YEAR": 2002.0, "GEOSET_VERSION": "GAUL_v1", "GEOSET_UNIT": "ADM1", "CENTROID_LONG": 101.64992507424125, "CENTROID_LAT": 14.06158781930171 }, "geometry": { "type": "MultiPolygon", "coordinates": [ [ [ [ 102.1098328, 14.1479092 ], [ 102.0873337, 14.0855122 ], [ 102.0465317, 14.0709229 ], [ 102.0361328, 14.0369463 ], [ 101.9526291, 14.0165558 ], [ 101.939827, 13.9973383 ], [ 101.9500275, 13.9432096 ], [ 101.9119339, 13.9059029 ], [ 101.915329, 13.8199673 ], [ 101.9652328, 13.7904692 ], [ 101.9467316, 13.7148142 ], [ 101.9553299, 13.6730967 ], [ 101.9214325, 13.6384878 ], [ 101.8849335, 13.6746063 ], [ 101.883728, 13.704874 ], [ 101.8110199, 13.7061539 ], [ 101.7907257, 13.7792301 ], [ 101.7588196, 13.8105574 ], [ 101.7070236, 13.7948389 ], [ 101.6854248, 13.7571011 ], [ 101.6171265, 13.787179 ], [ 101.5357208, 13.7848597 ], [ 101.4725266, 13.8230877 ], [ 101.3663254, 13.8659344 ], [ 101.2351227, 13.8826942 ], [ 101.1669235, 13.8511543 ], [ 101.15522, 13.8785839 ], [ 101.1575241, 13.94419 ], [ 101.1427231, 13.968749 ], [ 101.1457214, 13.997117 ], [ 101.1999207, 14.012536 ], [ 101.2058258, 14.0397148 ], [ 101.2390213, 14.055583 ], [ 101.3214264, 14.0585527 ], [ 101.29422, 14.1456585 ], [ 101.3488235, 14.1915264 ], [ 101.385025, 14.2070656 ], [ 101.3829193, 14.2493429 ], [ 101.4233246, 14.2467833 ], [ 101.5015259, 14.2612829 ], [ 101.5005264, 14.3307276 ], [ 101.4752197, 14.3631563 ], [ 101.4326248, 14.3856249 ], [ 101.4519196, 14.4483309 ], [ 101.4898224, 14.4580812 ], [ 101.5096207, 14.4322729 ], [ 101.6193237, 14.4277821 ], [ 101.7392197, 14.3023405 ], [ 101.7503204, 14.3368483 ], [ 101.7981262, 14.3539867 ], [ 101.8243256, 14.3454781 ], [ 101.8844299, 14.3797855 ], [ 101.9029236, 14.331749 ], [ 101.9509277, 14.31077 ], [ 101.9881287, 14.3115702 ], [ 101.9873276, 14.278842 ], [ 101.9509277, 14.2462635 ], [ 102.0000305, 14.2062254 ], [ 102.0349274, 14.1955566 ], [ 102.1098328, 14.1479092 ] ] ] ] } },
{ "type": "Feature", "properties": { "POLYGON_ID": "THA_GAUL2002_ADM1_2904", "ADM0_ISO3": "THA", "ADM0_NAME": "Thailand", "ADM0_CODE": 240, "ADM1_NAME": "Sa Kaeo", "ADM1_CODE": 2904, "GEOSET": "GAUL", "GEOSET_YEAR": 2002.0, "GEOSET_VERSION": "GAUL_v1", "GEOSET_UNIT": "ADM1", "CENTROID_LONG": 102.32743602010831, "CENTROID_LAT": 13.782874083395935 }, "geometry": { "type": "MultiPolygon", "coordinates": [ [ [ [ 102.4353333, 14.1474991 ], [ 102.4757309, 14.1276903 ], [ 102.5517273, 14.1304007 ], [ 102.5981293, 14.1613283 ], [ 102.6400299, 14.145009 ], [ 102.6580276, 14.1591187 ], [ 102.6956329, 14.1266499 ], [ 102.7657394, 14.133811 ], [ 102.81884, 14.1654282 ], [ 102.8672409, 14.1433401 ], [ 102.9420863, 14.1769181 ], [ 102.94057, 14.16475 ], [ 102.94485, 14.14832 ], [ 102.9441867, 14.1459466 ], [ 102.94357, 14.14374 ], [ 102.9424866, 14.1425593 ], [ 102.93633, 14.13585 ], [ 102.93041, 14.11366 ], [ 102.92716, 14.10522 ], [ 102.92278, 14.09887 ], [ 102.9145151, 14.0936226 ], [ 102.91155, 14.09174 ], [ 102.9109375, 14.0909233 ], [ 102.9081598, 14.0872187 ], [ 102.907545, 14.083605 ], [ 102.90839, 14.07663 ], [ 102.90249, 14.05444 ], [ 102.9056917, 14.0460212 ], [ 102.90805, 14.03982 ], [ 102.90708, 14.02788 ], [ 102.914, 14.02106 ], [ 102.91373, 14.01969 ], [ 102.9103196, 14.0146998 ], [ 102.8997951, 14.009327 ], [ 102.89128, 14.00498 ], [ 102.88131, 14.00174 ], [ 102.87405, 14.00026 ], [ 102.8686468, 13.9984133 ], [ 102.86694, 13.99783 ], [ 102.84738, 13.98231 ], [ 102.81661, 13.95234 ], [ 102.80509, 13.94176 ], [ 102.7996663, 13.9368211 ], [ 102.7940845, 13.931015 ], [ 102.7923702, 13.9286349 ], [ 102.7733545, 13.8669422 ], [ 102.76572, 13.84775 ], [ 102.7494033, 13.8215177 ], [ 102.7465, 13.81685 ], [ 102.73317, 13.78674 ], [ 102.73431, 13.77338 ], [ 102.73281, 13.76926 ], [ 102.6616235, 13.7295495 ], [ 102.65, 13.72327 ], [ 102.590158, 13.6954578 ], [ 102.55965, 13.65173 ], [ 102.57303, 13.63699 ], [ 102.5759909, 13.6343581 ], [ 102.59948, 13.62011 ], [ 102.6013866, 13.6186932 ], [ 102.60458, 13.61632 ], [ 102.62162, 13.61068 ], [ 102.6269298, 13.6059702 ], [ 102.6255815, 13.6054963 ], [ 102.6158, 13.60206 ], [ 102.56755, 13.57703 ], [ 102.55287, 13.57203 ], [ 102.5440394, 13.5659998 ], [ 102.53292, 13.56231 ], [ 102.51937, 13.56626 ], [ 102.51092, 13.5669 ], [ 102.5050543, 13.5654429 ], [ 102.4645473, 13.5598734 ], [ 102.45314, 13.55792 ], [ 102.4498757, 13.557925 ], [ 102.44021, 13.55794 ], [ 102.43365, 13.55922 ], [ 102.4164, 13.56601 ], [ 102.4133131, 13.5646746 ], [ 102.40928, 13.56293 ], [ 102.40317, 13.56282 ], [ 102.38938, 13.56755 ], [ 102.37908, 13.56927 ], [ 102.3712, 13.57495 ], [ 102.3702468, 13.5740159 ], [ 102.36521, 13.56908 ], [ 102.36176, 13.5611 ], [ 102.34898, 13.55675 ], [ 102.3439499, 13.5522399 ], [ 102.34, 13.54311 ], [ 102.34296, 13.53776 ], [ 102.3469, 13.53515 ], [ 102.35426, 13.51544 ], [ 102.36327, 13.50744 ], [ 102.36573, 13.50118 ], [ 102.36561, 13.49833 ], [ 102.36526, 13.48459 ], [ 102.3632615, 13.4743147 ], [ 102.36187, 13.46716 ], [ 102.3611834, 13.4574615 ], [ 102.36091, 13.4536 ], [ 102.36571, 13.43395 ], [ 102.3654723, 13.4269646 ], [ 102.36517, 13.41808 ], [ 102.36502, 13.39806 ], [ 102.3600698, 13.384808 ], [ 102.3600024, 13.3841686 ], [ 102.35988, 13.3830082 ], [ 102.35835, 13.3685 ], [ 102.35401, 13.35017 ], [ 102.3513, 13.34354 ], [ 102.3509751, 13.338716 ], [ 102.35065, 13.33389 ], [ 102.3555254, 13.3193018 ], [ 102.3516968, 13.2974156 ], [ 102.3233337, 13.2928381 ], [ 102.2766342, 13.2533207 ], [ 102.204628, 13.258131 ], [ 102.18573, 13.3086967 ], [ 102.1404343, 13.3264465 ], [ 102.1126328, 13.2635202 ], [ 102.0301285, 13.2339315 ], [ 102.0374298, 13.27388 ], [ 102.0091324, 13.2950783 ], [ 101.9932327, 13.3516951 ], [ 101.9809341, 13.401782 ], [ 101.9473343, 13.436079 ], [ 101.9447327, 13.521594 ], [ 101.9207306, 13.5846205 ], [ 101.9214325, 13.6384878 ], [ 101.9553299, 13.6730967 ], [ 101.9467316, 13.7148142 ], [ 101.9652328, 13.7904692 ], [ 101.915329, 13.8199673 ], [ 101.9119339, 13.9059029 ], [ 101.9500275, 13.9432096 ], [ 101.939827, 13.9973383 ], [ 101.9526291, 14.0165558 ], [ 102.0361328, 14.0369463 ], [ 102.0465317, 14.0709229 ], [ 102.0873337, 14.0855122 ], [ 102.1098328, 14.1479092 ], [ 102.1672287, 14.1383705 ], [ 102.193634, 14.1922169 ], [ 102.2210312, 14.1417494 ], [ 102.2745285, 14.1396704 ], [ 102.3078308, 14.1191511 ], [ 102.3526306, 14.1224613 ], [ 102.4353333, 14.1474991 ] ] ] ] } },
{ "type": "Feature", "properties": { "POLYGON_ID": "THA_GAUL2002_ADM1_2921", "ADM0_ISO3": "THA", "ADM0_NAME": "Thailand", "ADM0_CODE": 240, "ADM1_NAME": "Ubon Ratchathani", "ADM1_CODE": 2921, "GEOSET": "GAUL", "GEOSET_YEAR": 2002.0, "GEOSET_VERSION": "GAUL_v1", "GEOSET_UNIT": "ADM1", "CENTROID_LONG": 105.11426314350051, "CENTROID_LAT": 15.179018313384939 }, "geometry": { "type": "MultiPolygon", "coordinates": [ [ [ [ 105.4213653, 16.0051646 ], [ 105.3688586, 15.9757624 ], [ 105.3388862, 15.918351 ], [ 105.3896043, 15.8260806 ], [ 105.388535, 15.8079015 ], [ 105.4403225, 15.75092 ], [ 105.4672092, 15.7452677 ], [ 105.5067755, 15.7668076 ], [ 105.5993514, 15.7225056 ], [ 105.6358624, 15.6565109 ], [ 105.6247105, 15.5708094 ], [ 105.592477, 15.5107725 ], [ 105.602254, 15.4806777 ], [ 105.5910207, 15.4268789 ], [ 105.5681873, 15.4030728 ], [ 105.5020398, 15.3926847 ], [ 105.4681258, 15.3369253 ], [ 105.5075365, 15.3181959 ], [ 105.5734763, 15.3270273 ], [ 105.5848984, 15.2575407 ], [ 105.5345566, 15.2453292 ], [ 105.4707396, 15.1646161 ], [ 105.4860068, 15.0987764 ], [ 105.5257104, 15.0695027 ], [ 105.5442129, 15.0338909 ], [ 105.6278562, 14.9738412 ], [ 105.5847778, 14.9394875 ], [ 105.581506, 14.8964091 ], [ 105.5471523, 14.8685989 ], [ 105.5716906, 14.8102522 ], [ 105.5299754, 14.8023454 ], [ 105.5207054, 14.7589943 ], [ 105.5437255, 14.585083 ], [ 105.5122533, 14.5291517 ], [ 105.4465213, 14.4373518 ], [ 105.3556365, 14.37381 ], [ 105.3103905, 14.3734361 ], [ 105.2357416, 14.3366745 ], [ 105.2000703, 14.3427087 ], [ 105.17554, 14.32934 ], [ 105.1801645, 14.315612 ], [ 105.1809386, 14.3133141 ], [ 105.17868, 14.30569 ], [ 105.16518, 14.2922 ], [ 105.1640081, 14.2896007 ], [ 105.16174, 14.28457 ], [ 105.15834, 14.27441 ], [ 105.15054, 14.25821 ], [ 105.1560458, 14.2523339 ], [ 105.15842, 14.2498 ], [ 105.15472, 14.24447 ], [ 105.13867, 14.22794 ], [ 105.12045, 14.21599 ], [ 105.09841, 14.20767 ], [ 105.0979393, 14.2076557 ], [ 105.08592, 14.20729 ], [ 105.07177, 14.20826 ], [ 105.0519, 14.21422 ], [ 105.0292869, 14.2338127 ], [ 105.02659, 14.2392 ], [ 105.0263803, 14.2430237 ], [ 105.02596, 14.25069 ], [ 105.0244836, 14.2609358 ], [ 105.02414, 14.26332 ], [ 105.01766, 14.27198 ], [ 105.01355, 14.27974 ], [ 105.00509, 14.2955 ], [ 105.0, 14.30246 ], [ 104.99788, 14.30576 ], [ 104.9974197, 14.3080072 ], [ 104.9983384, 14.339661 ], [ 105.0, 14.34514 ], [ 105.00081, 14.36812 ], [ 105.0, 14.36957 ], [ 104.99807, 14.37303 ], [ 104.99198, 14.3756 ], [ 104.97887, 14.386 ], [ 104.957633, 14.3800628 ], [ 104.94901, 14.38033 ], [ 104.9378367, 14.3850982 ], [ 104.9123608, 14.3958526 ], [ 104.8898849, 14.4252224 ], [ 104.8343735, 14.4434109 ], [ 104.8633881, 14.4943171 ], [ 104.8221893, 14.5448551 ], [ 104.8294754, 14.6060047 ], [ 104.8536072, 14.6560764 ], [ 104.8796616, 14.6577444 ], [ 104.8744507, 14.7046947 ], [ 104.8444824, 14.7191963 ], [ 104.8058929, 14.8089132 ], [ 104.8255081, 14.8339119 ], [ 104.8078461, 14.8830271 ], [ 104.7708969, 14.9115019 ], [ 104.7124176, 14.9277344 ], [ 104.6853104, 14.9683027 ], [ 104.6750641, 15.0192099 ], [ 104.6940994, 15.078063 ], [ 104.688385, 15.1239014 ], [ 104.7360458, 15.1554527 ], [ 104.71595, 15.1932344 ], [ 104.6831894, 15.2134695 ], [ 104.6653595, 15.2557964 ], [ 104.5930328, 15.2657757 ], [ 104.5728378, 15.2424078 ], [ 104.4992447, 15.2668772 ], [ 104.4651108, 15.2647734 ], [ 104.4140472, 15.2873926 ], [ 104.4223709, 15.357091 ], [ 104.3938293, 15.4068289 ], [ 104.3820572, 15.4591217 ], [ 104.3925095, 15.5323811 ], [ 104.4856796, 15.5373974 ], [ 104.5111313, 15.5595579 ], [ 104.5465164, 15.5421009 ], [ 104.5928192, 15.5679312 ], [ 104.5847168, 15.6070843 ], [ 104.6400223, 15.6459799 ], [ 104.6263809, 15.6848145 ], [ 104.7417374, 15.6559191 ], [ 104.7894974, 15.6031713 ], [ 104.8661728, 15.5765705 ], [ 104.929245, 15.5989943 ], [ 104.9346237, 15.6402359 ], [ 104.9008636, 15.6529198 ], [ 104.9106827, 15.751442 ], [ 104.9595032, 15.7846613 ], [ 104.9680176, 15.8601456 ], [ 105.0087585, 15.9518757 ], [ 105.0067444, 16.020628 ], [ 105.041214, 16.0862064 ], [ 105.068594, 16.0945045 ], [ 105.2036886, 16.0520209 ], [ 105.4171021, 16.0133712 ], [ 105.4213653, 16.0051646 ] ] ] ] } },
{ "type": "Feature", "properties": { "POLYGON_ID": "THA_GAUL2002_ADM1_2922", "ADM0_ISO3": "THA", "ADM0_NAME": "Thailand", "ADM0_CODE": 240, "ADM1_NAME": "Udon Thani", "ADM1_CODE": 2922, "GEOSET": "GAUL", "GEOSET_YEAR": 2002.0, "GEOSET_VERSION": "GAUL_v1", "GEOSET_UNIT": "ADM1", "CENTROID_LONG": 102.86558711363415, "CENTROID_LAT": 17.421414918861519 }, "geometry": { "type": "MultiPolygon", "coordinates": [ [ [ [ 103.4072647, 17.8726063 ], [ 103.3725967, 17.77355 ], [ 103.4042358, 17.752512 ], [ 103.4089203, 17.6684341 ], [ 103.4014664, 17.6107407 ], [ 103.3529968, 17.5809307 ], [ 103.3203278, 17.5200138 ], [ 103.2933502, 17.4954185 ], [ 103.2790756, 17.4389877 ], [ 103.3043747, 17.3869019 ], [ 103.2570343, 17.3098526 ], [ 103.2832565, 17.263834 ], [ 103.3106232, 17.2652225 ], [ 103.4164352, 17.2118893 ], [ 103.4837418, 17.2137051 ], [ 103.5766678, 17.1559944 ], [ 103.6021652, 17.1663952 ], [ 103.6599579, 17.0707436 ], [ 103.6654053, 17.0165043 ], [ 103.6218109, 17.0895481 ], [ 103.5422821, 17.0738316 ], [ 103.51651, 17.0327339 ], [ 103.5205765, 16.9989834 ], [ 103.4931259, 16.9557304 ], [ 103.4943085, 16.9258728 ], [ 103.472435, 16.8735657 ], [ 103.4252853, 16.8223896 ], [ 103.4060974, 16.88023 ], [ 103.3519592, 16.9169464 ], [ 103.3019867, 16.9203625 ], [ 103.2421417, 16.958498 ], [ 103.1622009, 16.9443722 ], [ 103.1201019, 16.9586887 ], [ 103.101326, 16.912281 ], [ 103.0867462, 16.8945389 ], [ 102.9797134, 16.8464947 ], [ 102.9253311, 16.839529 ], [ 102.8612137, 16.8793125 ], [ 102.8152313, 16.8889656 ], [ 102.8265381, 16.9663887 ], [ 102.7952957, 17.0078545 ], [ 102.7232895, 17.048645 ], [ 102.6837311, 17.0496178 ], [ 102.6746674, 16.9894886 ], [ 102.5604324, 17.0492878 ], [ 102.5396881, 17.0688457 ], [ 102.4781342, 17.201519 ], [ 102.5543289, 17.2175179 ], [ 102.5971527, 17.2638245 ], [ 102.4442291, 17.2799644 ], [ 102.440834, 17.3330231 ], [ 102.3959656, 17.4116898 ], [ 102.3733978, 17.4885731 ], [ 102.3404922, 17.5420628 ], [ 102.324707, 17.6681786 ], [ 102.2753296, 17.6677761 ], [ 102.2405243, 17.6515903 ], [ 102.1883316, 17.6635151 ], [ 102.1507263, 17.6584454 ], [ 102.1309204, 17.6322556 ], [ 102.0882111, 17.6331444 ], [ 102.0393219, 17.6495266 ], [ 102.0213242, 17.7448807 ], [ 102.0529251, 17.8195667 ], [ 102.0538635, 17.8684387 ], [ 102.022995, 17.9786415 ], [ 102.0580215, 18.0351448 ], [ 102.0593262, 18.0801106 ], [ 102.1066513, 18.0580502 ], [ 102.1635056, 17.9858398 ], [ 102.1778488, 18.0135288 ], [ 102.2443924, 17.9985352 ], [ 102.3024902, 17.9638786 ], [ 102.3713303, 17.9093647 ], [ 102.4015579, 17.8741798 ], [ 102.4029999, 17.8425865 ], [ 102.4332123, 17.7902412 ], [ 102.4747925, 17.7474403 ], [ 102.5274506, 17.7568188 ], [ 102.5913467, 17.695982 ], [ 102.6029816, 17.6159916 ], [ 102.6632462, 17.5927982 ], [ 102.7010651, 17.614603 ], [ 102.7334747, 17.6003342 ], [ 102.7662735, 17.6201267 ], [ 102.7856827, 17.6749229 ], [ 102.82827, 17.6862545 ], [ 102.8514099, 17.7286854 ], [ 102.85569, 17.7690525 ], [ 102.8421936, 17.8195457 ], [ 102.8764343, 17.8545742 ], [ 102.8739319, 17.8817406 ], [ 102.9306717, 17.8867397 ], [ 102.9701309, 17.8180637 ], [ 103.017601, 17.8709984 ], [ 103.0785141, 17.8744373 ], [ 103.1172104, 17.8540802 ], [ 103.1505203, 17.7989025 ], [ 103.1788864, 17.8487568 ], [ 103.2344894, 17.8701763 ], [ 103.3037643, 17.8258743 ], [ 103.3551712, 17.8739815 ], [ 103.4072647, 17.8726063 ] ] ] ] } }
]
}
