{
"type": "FeatureCollection",
"name": "TUR_GAUL2012_ADM1",
"crs": { "type": "name", "properties": { "name": "urn:ogc:def:crs:OGC:1.3:CRS84" } },
"features": [
{ "type": "Feature", "properties": { "POLYGON_ID": "TUR_GAUL2012_ADM1_3017", "ADM0_ISO3": "TUR", "ADM0_NAME": "Turkey", "ADM0_CODE": 249, "ADM1_NAME": "Adana", "ADM1_CODE": 3017, "GEOSET": "GAUL", "GEOSET_YEAR": 2012.0, "GEOSET_VERSION": "GAUL_v1", "GEOSET_UNIT": "ADM1", "CENTROID_LONG": 35.600253067439425, "CENTROID_LAT": 37.410699026869672 }, "geometry": { "type": "MultiPolygon", "coordinates": [ [ [ [ 36.4076767, 38.2530899 ], [ 36.4271698, 38.198452 ], [ 36.3552437, 38.1324158 ], [ 36.3554726, 38.0779076 ], [ 36.3395424, 38.0331116 ], [ 36.3672256, 37.9559364 ], [ 36.3041039, 37.9235039 ], [ 36.3269882, 37.8234177 ], [ 36.2936096, 37.7862854 ], [ 36.2691116, 37.7211914 ], [ 36.2241707, 37.7046165 ], [ 36.1451111, 37.7027206 ], [ 36.076004, 37.6559143 ], [ 36.0219154, 37.6364479 ], [ 36.0120277, 37.6010818 ], [ 35.96772, 37.5307159 ], [ 35.9650269, 37.4815674 ], [ 35.9370346, 37.4584503 ], [ 35.9377899, 37.3922958 ], [ 35.8831787, 37.3456268 ], [ 35.9056816, 37.3152466 ], [ 35.9183617, 37.2165489 ], [ 35.9733429, 37.2113533 ], [ 35.9990501, 37.2283745 ], [ 36.0828133, 37.1703491 ], [ 36.0934792, 37.1095657 ], [ 36.0524483, 37.0139771 ], [ 35.9545822, 36.9182777 ], [ 35.9618805, 36.8984259 ], [ 35.8445168, 36.8005028 ], [ 35.7950516, 36.7691879 ], [ 35.7046356, 36.7719002 ], [ 35.6484451, 36.7600822 ], [ 35.6084595, 36.7358246 ], [ 35.6030426, 36.6959686 ], [ 35.6446114, 36.6550827 ], [ 35.6378632, 36.6126671 ], [ 35.5562515, 36.5801506 ], [ 35.4455833, 36.595417 ], [ 35.3461494, 36.550766 ], [ 35.1839447, 36.6331482 ], [ 35.1152039, 36.6604118 ], [ 35.0253868, 36.7096939 ], [ 34.9188074, 36.7307234 ], [ 35.0098534, 36.7525711 ], [ 35.0822678, 36.8034744 ], [ 35.1469612, 36.7869377 ], [ 35.1716537, 36.8067284 ], [ 35.0990219, 36.9342728 ], [ 35.0924377, 36.978096 ], [ 35.125843, 37.048748 ], [ 35.0336227, 37.0555229 ], [ 34.990963, 37.0808983 ], [ 34.9938087, 37.1191254 ], [ 34.929512, 37.1988449 ], [ 34.9650459, 37.2299919 ], [ 34.9737358, 37.2665596 ], [ 34.8108253, 37.3564835 ], [ 34.7780952, 37.4175453 ], [ 34.8512077, 37.5064583 ], [ 34.8674622, 37.5855064 ], [ 34.8596039, 37.6351471 ], [ 34.9060516, 37.6927032 ], [ 35.0267334, 37.6830826 ], [ 35.0861206, 37.6939888 ], [ 35.2032738, 37.7533951 ], [ 35.3023872, 37.7595253 ], [ 35.57164, 37.7462502 ], [ 35.5914841, 37.8294945 ], [ 35.5757294, 37.918663 ], [ 35.6172028, 37.9352036 ], [ 35.6460495, 37.9694977 ], [ 35.7196884, 37.977932 ], [ 35.7414589, 37.9932022 ], [ 35.7321777, 38.0385056 ], [ 35.8352051, 38.0478249 ], [ 35.9461136, 38.110096 ], [ 36.0041046, 38.165905 ], [ 35.9971466, 38.2241478 ], [ 36.0418777, 38.2631722 ], [ 36.0830307, 38.3182182 ], [ 36.1677399, 38.3643761 ], [ 36.2566185, 38.3820763 ], [ 36.2850533, 38.3436432 ], [ 36.354744, 38.3363914 ], [ 36.3708763, 38.2906837 ], [ 36.4076767, 38.2530899 ] ] ] ] } },
{ "type": "Feature", "properties": { "POLYGON_ID": "TUR_GAUL2012_ADM1_3018", "ADM0_ISO3": "TUR", "ADM0_NAME": "Turkey", "ADM0_CODE": 249, "ADM1_NAME": "Adiyaman", "ADM1_CODE": 3018, "GEOSET": "GAUL", "GEOSET_YEAR": 2012.0, "GEOSET_VERSION": "GAUL_v1", "GEOSET_UNIT": "ADM1", "CENTROID_LONG": 38.293304803786455, "CENTROID_LAT": 37.801876515868443 }, "geometry": { "type": "MultiPolygon", "coordinates": [ [ [ [ 39.1166916, 38.0252686 ], [ 39.0803986, 38.0221901 ], [ 39.0391274, 37.9251022 ], [ 38.9830666, 37.9013443 ], [ 38.9737358, 37.8303413 ], [ 38.9554939, 37.7991524 ], [ 38.960743, 37.7568932 ], [ 38.8976974, 37.7462959 ], [ 38.8552513, 37.6879959 ], [ 38.8137703, 37.7097511 ], [ 38.8011436, 37.6536484 ], [ 38.7510376, 37.6272087 ], [ 38.6887932, 37.6309929 ], [ 38.6230431, 37.6157227 ], [ 38.5821075, 37.5659866 ], [ 38.5762367, 37.5372887 ], [ 38.5250397, 37.5249405 ], [ 38.4541054, 37.4841766 ], [ 38.4197311, 37.4957542 ], [ 38.3738747, 37.4750366 ], [ 38.3207436, 37.4904938 ], [ 38.2754097, 37.4798965 ], [ 38.2610588, 37.4517555 ], [ 38.1965027, 37.4557648 ], [ 38.1978493, 37.4209061 ], [ 37.9828568, 37.4427834 ], [ 37.8963509, 37.4959106 ], [ 37.8307457, 37.5058136 ], [ 37.7494164, 37.5321083 ], [ 37.6978264, 37.5212288 ], [ 37.6855125, 37.4895592 ], [ 37.6428299, 37.4942894 ], [ 37.5901527, 37.5270691 ], [ 37.5884171, 37.5884323 ], [ 37.5616875, 37.5995636 ], [ 37.5149536, 37.5766449 ], [ 37.4356041, 37.6078491 ], [ 37.4263611, 37.6408196 ], [ 37.4649048, 37.6818428 ], [ 37.4471779, 37.7379036 ], [ 37.484993, 37.7813797 ], [ 37.6110306, 37.855381 ], [ 37.6427193, 37.9020309 ], [ 37.6463089, 37.9444275 ], [ 37.7126694, 37.9369507 ], [ 37.7882004, 37.8993378 ], [ 37.8978844, 37.8984032 ], [ 37.9962616, 37.9128723 ], [ 38.0467072, 37.9321518 ], [ 38.1269875, 37.9808273 ], [ 38.1436005, 38.0115814 ], [ 38.0558014, 38.0791512 ], [ 38.0646553, 38.105793 ], [ 38.1417007, 38.119072 ], [ 38.1970901, 38.147377 ], [ 38.2601089, 38.1454315 ], [ 38.345253, 38.2009544 ], [ 38.4106903, 38.200634 ], [ 38.4508591, 38.1707268 ], [ 38.5362549, 38.1285362 ], [ 38.5915108, 38.1213188 ], [ 38.7157898, 38.0811577 ], [ 38.7855415, 38.011795 ], [ 38.8292313, 38.0099258 ], [ 38.8790131, 38.045311 ], [ 38.9713326, 38.0743103 ], [ 39.0512848, 38.1266899 ], [ 39.1253014, 38.1942787 ], [ 39.1989708, 38.2120323 ], [ 39.2352867, 38.1938934 ], [ 39.24617, 38.151947 ], [ 39.2010651, 38.0718422 ], [ 39.1166916, 38.0252686 ] ] ] ] } },
{ "type": "Feature", "properties": { "POLYGON_ID": "TUR_GAUL2012_ADM1_3019", "ADM0_ISO3": "TUR", "ADM0_NAME": "Turkey", "ADM0_CODE": 249, "ADM1_NAME": "Afyon", "ADM1_CODE": 3019, "GEOSET": "GAUL", "GEOSET_YEAR": 2012.0, "GEOSET_VERSION": "GAUL_v1", "GEOSET_UNIT": "ADM1", "CENTROID_LONG": 30.65389554937568, "CENTROID_LAT": 38.64408800461316 }, "geometry": { "type": "MultiPolygon", "coordinates": [ [ [ [ 31.5795269, 39.0842209 ], [ 31.601984, 39.0087128 ], [ 31.6309624, 38.9935761 ], [ 31.7058544, 38.9857216 ], [ 31.6941814, 38.9388847 ], [ 31.6239491, 38.9057846 ], [ 31.6427975, 38.8395538 ], [ 31.5975094, 38.7742996 ], [ 31.5374413, 38.7320175 ], [ 31.5379696, 38.6992188 ], [ 31.5917816, 38.6620293 ], [ 31.6388912, 38.6469383 ], [ 31.5168476, 38.5860596 ], [ 31.3819065, 38.5045853 ], [ 31.2461739, 38.4293633 ], [ 31.1947479, 38.4437561 ], [ 31.1318398, 38.5099602 ], [ 31.0540009, 38.5154152 ], [ 31.0116405, 38.4891167 ], [ 30.9648018, 38.423172 ], [ 30.8648968, 38.3782043 ], [ 30.8256302, 38.3306847 ], [ 30.7214184, 38.2828674 ], [ 30.6415749, 38.2223511 ], [ 30.5399628, 38.2227249 ], [ 30.4824886, 38.2049103 ], [ 30.4212074, 38.1587486 ], [ 30.3143196, 38.033268 ], [ 30.2330322, 38.0253143 ], [ 30.1983681, 37.9491081 ], [ 30.1051331, 37.8331871 ], [ 30.0424328, 37.7823296 ], [ 30.0027905, 37.7987061 ], [ 29.9553623, 37.7939758 ], [ 29.881279, 37.768425 ], [ 29.8662739, 37.7946892 ], [ 29.7521896, 37.8593636 ], [ 29.7066631, 37.8612442 ], [ 29.6752491, 37.8870811 ], [ 29.7001839, 37.9608269 ], [ 29.6882114, 37.9819603 ], [ 29.7974854, 38.0584221 ], [ 29.8914585, 38.0738106 ], [ 29.9342098, 38.0978889 ], [ 29.9470711, 38.1266251 ], [ 29.9942017, 38.1542397 ], [ 30.0693798, 38.2416992 ], [ 30.0121422, 38.2640152 ], [ 29.9502506, 38.3245697 ], [ 29.9551659, 38.3954353 ], [ 29.9061184, 38.4519043 ], [ 29.8292027, 38.4830704 ], [ 29.7417774, 38.4926414 ], [ 29.8873062, 38.6274452 ], [ 29.8984356, 38.7026825 ], [ 29.9248371, 38.7328529 ], [ 30.0138855, 38.7655449 ], [ 30.038702, 38.8039055 ], [ 30.1038761, 38.8653488 ], [ 30.2001553, 38.9135666 ], [ 30.2150803, 38.9469566 ], [ 30.231163, 39.0448952 ], [ 30.2730865, 39.1164246 ], [ 30.3756409, 39.1513062 ], [ 30.4326344, 39.191597 ], [ 30.4324303, 39.2288895 ], [ 30.529768, 39.2092094 ], [ 30.5670719, 39.1534309 ], [ 30.6194077, 39.1346245 ], [ 30.6746178, 39.1489296 ], [ 30.7754631, 39.0998611 ], [ 30.8255863, 39.1228371 ], [ 30.9319592, 39.1277046 ], [ 30.9491749, 39.1494522 ], [ 30.8948784, 39.1725159 ], [ 30.8638763, 39.2067871 ], [ 30.874361, 39.2359886 ], [ 30.9293461, 39.2418365 ], [ 31.0191135, 39.1740379 ], [ 31.0537586, 39.2152176 ], [ 31.1157742, 39.1852989 ], [ 31.1104603, 39.2472458 ], [ 31.1816559, 39.2791519 ], [ 31.2534714, 39.2687492 ], [ 31.2990971, 39.2883072 ], [ 31.3291721, 39.2763214 ], [ 31.4270973, 39.139843 ], [ 31.5416489, 39.1263924 ], [ 31.5795269, 39.0842209 ] ] ] ] } },
{ "type": "Feature", "properties": { "POLYGON_ID": "TUR_GAUL2012_ADM1_3020", "ADM0_ISO3": "TUR", "ADM0_NAME": "Turkey", "ADM0_CODE": 249, "ADM1_NAME": "Agri", "ADM1_CODE": 3020, "GEOSET": "GAUL", "GEOSET_YEAR": 2012.0, "GEOSET_VERSION": "GAUL_v1", "GEOSET_UNIT": "ADM1", "CENTROID_LONG": 43.280644470347482, "CENTROID_LAT": 39.568737915429516 }, "geometry": { "type": "MultiPolygon", "coordinates": [ [ [ [ 43.2803917, 40.0172272 ], [ 43.4069252, 39.8706512 ], [ 43.3748894, 39.8143616 ], [ 43.4879112, 39.7946739 ], [ 43.4994545, 39.8284607 ], [ 43.5365562, 39.8440132 ], [ 43.6175194, 39.7942505 ], [ 43.7753067, 39.7718925 ], [ 43.8418159, 39.7763252 ], [ 43.8809013, 39.7574425 ], [ 43.999485, 39.7227135 ], [ 44.101368, 39.7082558 ], [ 44.2736931, 39.706913 ], [ 44.3057213, 39.7133102 ], [ 44.3613167, 39.7583199 ], [ 44.4196205, 39.7868195 ], [ 44.52248, 39.7968559 ], [ 44.6194971, 39.7767578 ], [ 44.48705, 39.68656 ], [ 44.48961, 39.63013 ], [ 44.43619, 39.56066 ], [ 44.45304, 39.49676 ], [ 44.44113, 39.43588 ], [ 44.39626, 39.40657 ], [ 44.31371, 39.37397 ], [ 44.22432, 39.41029 ], [ 44.15791, 39.39298 ], [ 44.0698199, 39.4053197 ], [ 44.0491398, 39.3617059 ], [ 43.9548454, 39.3730125 ], [ 43.8648491, 39.3540382 ], [ 43.793045, 39.3766518 ], [ 43.7425919, 39.2593575 ], [ 43.6878357, 39.2391319 ], [ 43.6461525, 39.2417908 ], [ 43.5614967, 39.287735 ], [ 43.5127602, 39.3274422 ], [ 43.4246864, 39.3472176 ], [ 43.3508835, 39.3999405 ], [ 43.2379761, 39.3673286 ], [ 43.1862907, 39.3377304 ], [ 43.1481705, 39.3528175 ], [ 43.1168289, 39.3304825 ], [ 43.1619644, 39.2711411 ], [ 43.1838341, 39.2178612 ], [ 43.1765862, 39.1910629 ], [ 43.1180649, 39.1617432 ], [ 43.0454445, 39.1086006 ], [ 43.0040169, 39.0244255 ], [ 42.9697456, 39.0213203 ], [ 42.9529495, 38.9816132 ], [ 42.8984756, 38.9705696 ], [ 42.831459, 38.979805 ], [ 42.7421646, 38.9687767 ], [ 42.7675514, 38.9953575 ], [ 42.7318687, 39.0290909 ], [ 42.7214661, 39.1342888 ], [ 42.6241455, 39.3033981 ], [ 42.6027336, 39.3724709 ], [ 42.5804634, 39.403511 ], [ 42.4875069, 39.454174 ], [ 42.3547211, 39.5009689 ], [ 42.4760895, 39.5940895 ], [ 42.5508728, 39.6127663 ], [ 42.569725, 39.647625 ], [ 42.479908, 39.6652527 ], [ 42.391861, 39.7184906 ], [ 42.2462311, 39.7865372 ], [ 42.2658653, 39.837677 ], [ 42.3104706, 39.8461876 ], [ 42.4107933, 39.8876762 ], [ 42.4305801, 39.90905 ], [ 42.587883, 39.9315834 ], [ 42.7115211, 39.9263458 ], [ 42.8703423, 39.9565964 ], [ 42.9344978, 39.9942245 ], [ 43.1020889, 39.9912529 ], [ 43.1898727, 40.0303383 ], [ 43.2356033, 40.0125122 ], [ 43.2803917, 40.0172272 ] ] ] ] } },
{ "type": "Feature", "properties": { "POLYGON_ID": "TUR_GAUL2012_ADM1_3021", "ADM0_ISO3": "TUR", "ADM0_NAME": "Turkey", "ADM0_CODE": 249, "ADM1_NAME": "Aksaray", "ADM1_CODE": 3021, "GEOSET": "GAUL", "GEOSET_YEAR": 2012.0, "GEOSET_VERSION": "GAUL_v1", "GEOSET_UNIT": "ADM1", "CENTROID_LONG": 33.826673881855882, "CENTROID_LAT": 38.428989466187943 }, "geometry": { "type": "MultiPolygon", "coordinates": [ [ [ [ 34.1789818, 38.8042526 ], [ 34.2716408, 38.782032 ], [ 34.2445946, 38.6552467 ], [ 34.2972755, 38.6117859 ], [ 34.4041939, 38.5709572 ], [ 34.4478188, 38.5377922 ], [ 34.388649, 38.4445572 ], [ 34.4001389, 38.4039459 ], [ 34.4269485, 38.2894135 ], [ 34.364624, 38.2121964 ], [ 34.3066292, 38.1927643 ], [ 34.2877274, 38.1335793 ], [ 34.2603035, 38.1153374 ], [ 34.1929398, 38.1352005 ], [ 34.0701485, 38.0476799 ], [ 33.9761505, 38.0293732 ], [ 33.909771, 38.0435982 ], [ 33.7449493, 37.9976234 ], [ 33.6823387, 37.9959488 ], [ 33.4813004, 37.9718742 ], [ 33.4261971, 37.9800529 ], [ 33.4185638, 38.006134 ], [ 33.339138, 38.0531845 ], [ 33.2701416, 38.117691 ], [ 33.2896385, 38.1943016 ], [ 33.2665176, 38.2550812 ], [ 33.1906052, 38.2781448 ], [ 33.1771431, 38.3000641 ], [ 33.2264671, 38.3640556 ], [ 33.2504692, 38.4931335 ], [ 33.2761307, 38.535347 ], [ 33.4443932, 38.7235756 ], [ 33.5222893, 38.6813736 ], [ 33.6125603, 38.6732788 ], [ 33.7182999, 38.6951332 ], [ 33.7422142, 38.7339325 ], [ 33.7390366, 38.7928505 ], [ 33.7860146, 38.8894157 ], [ 33.7810974, 38.9128227 ], [ 33.7318039, 38.9551811 ], [ 33.7537346, 38.9926109 ], [ 33.830368, 38.9942741 ], [ 33.8779106, 39.0098228 ], [ 33.8915024, 39.0404053 ], [ 33.9491386, 39.0541115 ], [ 33.9821472, 39.0273438 ], [ 33.9858971, 38.9956741 ], [ 34.0193558, 38.9556351 ], [ 34.1077957, 38.8861351 ], [ 34.1587944, 38.8082504 ], [ 34.1789818, 38.8042526 ] ] ] ] } },
{ "type": "Feature", "properties": { "POLYGON_ID": "TUR_GAUL2012_ADM1_3022", "ADM0_ISO3": "TUR", "ADM0_NAME": "Turkey", "ADM0_CODE": 249, "ADM1_NAME": "Amasya", "ADM1_CODE": 3022, "GEOSET": "GAUL", "GEOSET_YEAR": 2012.0, "GEOSET_VERSION": "GAUL_v1", "GEOSET_UNIT": "ADM1", "CENTROID_LONG": 35.706218531208741, "CENTROID_LAT": 40.711249652335859 }, "geometry": { "type": "MultiPolygon", "coordinates": [ [ [ [ 36.4150848, 40.8647156 ], [ 36.4104843, 40.8225212 ], [ 36.4917221, 40.7653122 ], [ 36.4261246, 40.7402802 ], [ 36.4050827, 40.6723938 ], [ 36.4118805, 40.6333771 ], [ 36.4464035, 40.5897751 ], [ 36.2897263, 40.6012535 ], [ 36.2511444, 40.5900002 ], [ 36.2651138, 40.5409775 ], [ 36.2085266, 40.4911461 ], [ 36.1329346, 40.4731827 ], [ 36.1105728, 40.4435997 ], [ 36.0128403, 40.4679489 ], [ 35.9605522, 40.4975891 ], [ 35.7964249, 40.4954872 ], [ 35.7202683, 40.4250107 ], [ 35.7148209, 40.374733 ], [ 35.6511993, 40.3326721 ], [ 35.5151253, 40.3192635 ], [ 35.4796486, 40.2878647 ], [ 35.4510078, 40.2336349 ], [ 35.3511238, 40.2490807 ], [ 35.3884048, 40.3149147 ], [ 35.3531113, 40.3667068 ], [ 35.4135246, 40.4109383 ], [ 35.4180489, 40.4506378 ], [ 35.4612732, 40.464901 ], [ 35.4741211, 40.5130119 ], [ 35.5212517, 40.550663 ], [ 35.4626045, 40.5726585 ], [ 35.4097404, 40.6309357 ], [ 35.3351402, 40.6546593 ], [ 35.3229637, 40.684639 ], [ 35.2684975, 40.6820412 ], [ 35.232254, 40.7130241 ], [ 35.1414337, 40.6909676 ], [ 35.0550919, 40.6972313 ], [ 35.0032578, 40.7649765 ], [ 35.0070763, 40.8432045 ], [ 35.0614357, 40.8976631 ], [ 35.0569382, 40.9437485 ], [ 35.0306892, 40.9804764 ], [ 35.033741, 41.0135307 ], [ 35.0866013, 41.0460548 ], [ 35.0680542, 41.0828171 ], [ 35.12183, 41.0820007 ], [ 35.2110176, 41.02705 ], [ 35.2727852, 41.0255127 ], [ 35.311615, 41.0508156 ], [ 35.4781227, 41.0351639 ], [ 35.4755516, 40.9669189 ], [ 35.5264359, 40.9422836 ], [ 35.6069946, 40.9302101 ], [ 35.661972, 40.8685799 ], [ 35.7707787, 40.8688354 ], [ 35.8896103, 40.8535385 ], [ 35.9774284, 40.833065 ], [ 36.0857506, 40.8320084 ], [ 36.1200294, 40.8447495 ], [ 36.1633987, 40.8946953 ], [ 36.1917953, 40.9816437 ], [ 36.2806664, 40.9968719 ], [ 36.3104248, 40.9811096 ], [ 36.2965469, 40.9286346 ], [ 36.3639259, 40.8829575 ], [ 36.4150848, 40.8647156 ] ] ] ] } },
{ "type": "Feature", "properties": { "POLYGON_ID": "TUR_GAUL2012_ADM1_3023", "ADM0_ISO3": "TUR", "ADM0_NAME": "Turkey", "ADM0_CODE": 249, "ADM1_NAME": "Ankara", "ADM1_CODE": 3023, "GEOSET": "GAUL", "GEOSET_YEAR": 2012.0, "GEOSET_VERSION": "GAUL_v1", "GEOSET_UNIT": "ADM1", "CENTROID_LONG": 32.590459266505711, "CENTROID_LAT": 39.805376659535582 }, "geometry": { "type": "MultiPolygon", "coordinates": [ [ [ [ 33.6354866, 40.3453217 ], [ 33.589344, 40.088131 ], [ 33.6003418, 40.0450363 ], [ 33.4906578, 39.9964981 ], [ 33.3728104, 39.9553986 ], [ 33.3172569, 39.9091949 ], [ 33.2844772, 39.8362999 ], [ 33.3086777, 39.7581673 ], [ 33.3018837, 39.7198944 ], [ 33.2472305, 39.6918144 ], [ 33.2486305, 39.6423225 ], [ 33.2990379, 39.6209412 ], [ 33.3307152, 39.4142952 ], [ 33.3655128, 39.3941269 ], [ 33.4134789, 39.4124603 ], [ 33.439827, 39.321312 ], [ 33.5140991, 39.2826729 ], [ 33.5676422, 39.2041321 ], [ 33.6809464, 39.1470528 ], [ 33.772995, 39.0718727 ], [ 33.8598022, 39.0719452 ], [ 33.8915024, 39.0404053 ], [ 33.8779106, 39.0098228 ], [ 33.830368, 38.9942741 ], [ 33.7537346, 38.9926109 ], [ 33.7318039, 38.9551811 ], [ 33.7810974, 38.9128227 ], [ 33.7860146, 38.8894157 ], [ 33.7390366, 38.7928505 ], [ 33.7422142, 38.7339325 ], [ 33.7182999, 38.6951332 ], [ 33.6125603, 38.6732788 ], [ 33.5222893, 38.6813736 ], [ 33.4443932, 38.7235756 ], [ 33.4183578, 38.73946 ], [ 33.3638268, 38.8168068 ], [ 33.3572502, 38.88731 ], [ 33.3978348, 38.9914322 ], [ 33.3807259, 39.0473022 ], [ 33.3392105, 39.0991516 ], [ 33.3047943, 39.1111183 ], [ 33.1849594, 39.1265755 ], [ 33.10355, 39.2304649 ], [ 33.0185242, 39.2221985 ], [ 32.9620934, 39.2699738 ], [ 32.8164787, 39.2716637 ], [ 32.7975464, 39.1529503 ], [ 32.676918, 39.1024666 ], [ 32.5819778, 39.0260582 ], [ 32.533062, 39.0211487 ], [ 32.4774895, 38.9773483 ], [ 32.4342842, 38.9738388 ], [ 32.3804741, 39.0070992 ], [ 32.2978668, 38.9900208 ], [ 32.2430916, 39.0016479 ], [ 32.1585464, 38.9900208 ], [ 32.0570526, 39.0192604 ], [ 31.9778843, 39.0270805 ], [ 31.9209213, 39.0452309 ], [ 31.8776112, 39.1015587 ], [ 31.8071594, 39.1498451 ], [ 31.839922, 39.1770782 ], [ 31.9178295, 39.2127533 ], [ 31.9681072, 39.2476463 ], [ 32.0054703, 39.2290344 ], [ 32.0410461, 39.292244 ], [ 32.0415497, 39.3187218 ], [ 31.9875546, 39.3627777 ], [ 31.9958267, 39.4941635 ], [ 31.9461689, 39.5815887 ], [ 31.9564629, 39.6326942 ], [ 31.8284569, 39.7590523 ], [ 31.8964005, 39.8170357 ], [ 31.8517685, 39.8561668 ], [ 31.7695427, 39.901825 ], [ 31.7451916, 39.9297752 ], [ 31.7491684, 39.9703789 ], [ 31.701231, 39.9905739 ], [ 31.7100639, 40.0188103 ], [ 31.6570511, 40.0435524 ], [ 31.6091824, 40.0218658 ], [ 31.5318336, 40.0392876 ], [ 31.4605942, 40.0411263 ], [ 31.4232807, 40.0231934 ], [ 31.3822041, 40.0626564 ], [ 31.2245007, 40.0625877 ], [ 31.1802578, 40.051918 ], [ 31.1183739, 40.0702782 ], [ 31.0440502, 40.0545349 ], [ 30.9915142, 40.0279655 ], [ 30.9455776, 40.0249214 ], [ 30.8570614, 40.065052 ], [ 30.8523121, 40.1088715 ], [ 30.8649235, 40.1732559 ], [ 30.9445419, 40.1911545 ], [ 31.0173893, 40.2248497 ], [ 31.0614433, 40.2769508 ], [ 31.0814552, 40.3634872 ], [ 31.1038055, 40.3725357 ], [ 31.1856174, 40.3433075 ], [ 31.3020039, 40.3263168 ], [ 31.3605118, 40.3515244 ], [ 31.4174652, 40.3508186 ], [ 31.4678993, 40.3160896 ], [ 31.5491314, 40.2918739 ], [ 31.5634174, 40.275383 ], [ 31.6362247, 40.2883072 ], [ 31.6848488, 40.3234367 ], [ 31.7434654, 40.3372536 ], [ 31.8541679, 40.3238487 ], [ 31.944315, 40.3445892 ], [ 32.0534172, 40.4225502 ], [ 32.1481972, 40.4307632 ], [ 32.212719, 40.462513 ], [ 32.2540016, 40.5052719 ], [ 32.3478432, 40.5191422 ], [ 32.4170189, 40.5724564 ], [ 32.3859138, 40.6506081 ], [ 32.4438553, 40.6809769 ], [ 32.5676918, 40.6916885 ], [ 32.6612434, 40.6871376 ], [ 32.8244324, 40.6630211 ], [ 32.901886, 40.6353493 ], [ 33.0079689, 40.609005 ], [ 32.9832954, 40.5805855 ], [ 32.9793472, 40.5098038 ], [ 33.1586113, 40.4635811 ], [ 33.2126007, 40.4201775 ], [ 33.242897, 40.3213425 ], [ 33.28125, 40.3279495 ], [ 33.2992554, 40.3732262 ], [ 33.3436775, 40.4048004 ], [ 33.4533043, 40.4089088 ], [ 33.5679092, 40.374321 ], [ 33.6354866, 40.3453217 ] ] ] ] } },
{ "type": "Feature", "properties": { "POLYGON_ID": "TUR_GAUL2012_ADM1_3024", "ADM0_ISO3": "TUR", "ADM0_NAME": "Turkey", "ADM0_CODE": 249, "ADM1_NAME": "Antalya", "ADM1_CODE": 3024, "GEOSET": "GAUL", "GEOSET_YEAR": 2012.0, "GEOSET_VERSION": "GAUL_v1", "GEOSET_UNIT": "ADM1", "CENTROID_LONG": 30.908234107973115, "CENTROID_LAT": 36.806320054696123 }, "geometry": { "type": "MultiPolygon", "coordinates": [ [ [ [ 32.4271126, 36.7616768 ], [ 32.4543648, 36.7261887 ], [ 32.509182, 36.6186295 ], [ 32.5216141, 36.5303688 ], [ 32.5133896, 36.4613075 ], [ 32.5750122, 36.3695564 ], [ 32.6083565, 36.2842445 ], [ 32.576355, 36.2456741 ], [ 32.6105652, 36.1724777 ], [ 32.5579352, 36.0985896 ], [ 32.5122986, 36.0982132 ], [ 32.4087601, 36.1630325 ], [ 32.3473549, 36.2132874 ], [ 32.2981262, 36.2358933 ], [ 32.2764969, 36.280468 ], [ 32.2253761, 36.3344498 ], [ 32.1681442, 36.4156685 ], [ 32.0977097, 36.4935951 ], [ 32.0261421, 36.5440521 ], [ 31.789032, 36.6066666 ], [ 31.7534657, 36.6365166 ], [ 31.6703491, 36.6538773 ], [ 31.5739231, 36.70961 ], [ 31.4970055, 36.7409782 ], [ 31.3888588, 36.7714539 ], [ 31.3673878, 36.801796 ], [ 31.2994881, 36.8196754 ], [ 31.1575108, 36.8326569 ], [ 31.0087147, 36.8612061 ], [ 30.7566776, 36.8509903 ], [ 30.7026386, 36.8885231 ], [ 30.6302567, 36.8554649 ], [ 30.5736637, 36.783268 ], [ 30.5656052, 36.7227783 ], [ 30.5769157, 36.6859512 ], [ 30.5580978, 36.614254 ], [ 30.588459, 36.5735359 ], [ 30.5093403, 36.4608002 ], [ 30.4819431, 36.4025879 ], [ 30.5300217, 36.3284302 ], [ 30.4951077, 36.3158264 ], [ 30.4173107, 36.2082634 ], [ 30.4060287, 36.2659836 ], [ 30.3688889, 36.2614899 ], [ 30.2711296, 36.3070412 ], [ 30.1873856, 36.3050346 ], [ 30.1509705, 36.2901039 ], [ 30.10396, 36.2386475 ], [ 30.0387764, 36.2552528 ], [ 30.0222435, 36.2272568 ], [ 29.9764042, 36.2099228 ], [ 29.9231987, 36.2234268 ], [ 29.8442154, 36.1824074 ], [ 29.7783756, 36.1329918 ], [ 29.7289429, 36.161644 ], [ 29.6767941, 36.1221809 ], [ 29.5834255, 36.1975288 ], [ 29.4157066, 36.2283401 ], [ 29.3640366, 36.2305145 ], [ 29.3135052, 36.2583389 ], [ 29.2637042, 36.306669 ], [ 29.3039207, 36.3430786 ], [ 29.311985, 36.4402123 ], [ 29.3805962, 36.4722366 ], [ 29.4977188, 36.5078049 ], [ 29.5805035, 36.5765686 ], [ 29.6097794, 36.5902786 ], [ 29.661356, 36.6652489 ], [ 29.6685562, 36.7135544 ], [ 29.7149506, 36.7915344 ], [ 29.7629089, 36.8509903 ], [ 29.7823448, 36.9307251 ], [ 29.7552967, 36.9603081 ], [ 29.832243, 37.0195427 ], [ 29.8513718, 37.0466957 ], [ 29.838232, 37.1064529 ], [ 29.8654385, 37.1751633 ], [ 29.9697399, 37.1992722 ], [ 30.0609341, 37.2542686 ], [ 30.1107578, 37.2582893 ], [ 30.1977806, 37.3291512 ], [ 30.2336769, 37.3391991 ], [ 30.2832222, 37.3080597 ], [ 30.3662701, 37.3071175 ], [ 30.425581, 37.2486534 ], [ 30.6748905, 37.2285614 ], [ 30.75984, 37.2301979 ], [ 30.8139477, 37.2431793 ], [ 30.8353806, 37.3067398 ], [ 30.8955669, 37.3864174 ], [ 30.9485245, 37.3111191 ], [ 30.9796543, 37.3063126 ], [ 31.0600986, 37.3596153 ], [ 31.1363297, 37.3910484 ], [ 31.1950607, 37.3957253 ], [ 31.3464699, 37.4473877 ], [ 31.365118, 37.4095039 ], [ 31.44491, 37.3984375 ], [ 31.5083904, 37.3763123 ], [ 31.6797581, 37.3375168 ], [ 31.8446312, 37.2841148 ], [ 31.9234028, 37.2264404 ], [ 31.9609585, 37.1801758 ], [ 32.0317078, 37.1372108 ], [ 32.0520401, 37.0966148 ], [ 32.0999794, 37.0606346 ], [ 32.1512146, 37.0039978 ], [ 32.2828941, 36.9386139 ], [ 32.2604141, 36.859581 ], [ 32.2998962, 36.8253822 ], [ 32.3689842, 36.8013954 ], [ 32.4271126, 36.7616768 ] ] ] ] } },
{ "type": "Feature", "properties": { "POLYGON_ID": "TUR_GAUL2012_ADM1_3025", "ADM0_ISO3": "TUR", "ADM0_NAME": "Turkey", "ADM0_CODE": 249, "ADM1_NAME": "Ardahan", "ADM1_CODE": 3025, "GEOSET": "GAUL", "GEOSET_YEAR": 2012.0, "GEOSET_VERSION": "GAUL_v1", "GEOSET_UNIT": "ADM1", "CENTROID_LONG": 42.828885640333191, "CENTROID_LAT": 41.105663461088511 }, "geometry": { "type": "MultiPolygon", "coordinates": [ [ [ [ 43.4712797, 41.1297996 ], [ 43.44978, 41.09215 ], [ 43.4778413, 41.023778 ], [ 43.4368973, 40.9728889 ], [ 43.3080902, 40.9532623 ], [ 43.2624664, 40.9343529 ], [ 43.1903648, 40.9480553 ], [ 43.1284752, 40.9800949 ], [ 43.0410347, 40.9678001 ], [ 42.9791756, 40.9222107 ], [ 42.9288216, 40.8472748 ], [ 42.9472351, 40.8262367 ], [ 42.9268227, 40.7792053 ], [ 42.7717667, 40.687706 ], [ 42.7286072, 40.6745148 ], [ 42.6837921, 40.639801 ], [ 42.6363716, 40.6321526 ], [ 42.5599747, 40.6464844 ], [ 42.5333328, 40.7535706 ], [ 42.4940796, 40.7843857 ], [ 42.4190636, 40.8204651 ], [ 42.3407784, 40.8799019 ], [ 42.3271103, 40.9210587 ], [ 42.3764572, 40.9761467 ], [ 42.4137955, 41.1063538 ], [ 42.4858856, 41.1948357 ], [ 42.5892754, 41.2776375 ], [ 42.5771332, 41.3602066 ], [ 42.5242729, 41.4029808 ], [ 42.5220985, 41.4421414 ], [ 42.51012, 41.46862 ], [ 42.5695, 41.51092 ], [ 42.57806, 41.56175 ], [ 42.6064021, 41.5855344 ], [ 42.67783, 41.59726 ], [ 42.78361, 41.57822 ], [ 42.82929, 41.58788 ], [ 42.82083, 41.53592 ], [ 42.79438, 41.51233 ], [ 42.84706, 41.47255 ], [ 42.8662, 41.49911 ], [ 42.96959, 41.45151 ], [ 43.02477, 41.37825 ], [ 43.10152, 41.35458 ], [ 43.12961, 41.31792 ], [ 43.19901, 41.30358 ], [ 43.15328, 41.24557 ], [ 43.19813, 41.24752 ], [ 43.23178, 41.19275 ], [ 43.2744, 41.18164 ], [ 43.35536, 41.20125 ], [ 43.43723, 41.17938 ], [ 43.4712797, 41.1297996 ] ] ] ] } },
{ "type": "Feature", "properties": { "POLYGON_ID": "TUR_GAUL2012_ADM1_3026", "ADM0_ISO3": "TUR", "ADM0_NAME": "Turkey", "ADM0_CODE": 249, "ADM1_NAME": "Artvin", "ADM1_CODE": 3026, "GEOSET": "GAUL", "GEOSET_YEAR": 2012.0, "GEOSET_VERSION": "GAUL_v1", "GEOSET_UNIT": "ADM1", "CENTROID_LONG": 41.831304923373239, "CENTROID_LAT": 41.124303750114194 }, "geometry": { "type": "MultiPolygon", "coordinates": [ [ [ [ 42.5220985, 41.4421414 ], [ 42.5242729, 41.4029808 ], [ 42.5771332, 41.3602066 ], [ 42.5892754, 41.2776375 ], [ 42.4858856, 41.1948357 ], [ 42.4137955, 41.1063538 ], [ 42.3764572, 40.9761467 ], [ 42.3271103, 40.9210587 ], [ 42.2654343, 40.9204826 ], [ 42.077301, 40.9517746 ], [ 41.9707222, 40.945694 ], [ 41.9154816, 40.9201469 ], [ 41.8478889, 40.8634338 ], [ 41.8567505, 40.8014374 ], [ 41.8337936, 40.7537842 ], [ 41.8235245, 40.6859932 ], [ 41.8060188, 40.6618843 ], [ 41.7436142, 40.6623001 ], [ 41.6125488, 40.6957283 ], [ 41.5511131, 40.6787529 ], [ 41.4509659, 40.6049805 ], [ 41.3652382, 40.5621796 ], [ 41.3364906, 40.5735474 ], [ 41.3178902, 40.6543579 ], [ 41.3523216, 40.7265434 ], [ 41.2968636, 40.7799187 ], [ 41.1897926, 40.797245 ], [ 41.1552315, 40.8331566 ], [ 41.1593742, 40.8997574 ], [ 41.1912842, 40.936142 ], [ 41.3144493, 41.0090904 ], [ 41.3871765, 41.0643311 ], [ 41.4378204, 41.1219177 ], [ 41.3621216, 41.1784401 ], [ 41.3210258, 41.2328758 ], [ 41.2870289, 41.3436177 ], [ 41.3453827, 41.3723106 ], [ 41.4014282, 41.3779068 ], [ 41.4813881, 41.4662247 ], [ 41.5202217, 41.4841309 ], [ 41.5470001, 41.5264899 ], [ 41.65495, 41.48361 ], [ 41.70883, 41.49772 ], [ 41.82311, 41.43462 ], [ 41.87861, 41.46101 ], [ 41.9074783, 41.5004165 ], [ 41.9551869, 41.5246468 ], [ 42.05359, 41.49549 ], [ 42.07897, 41.50941 ], [ 42.1839, 41.51452 ], [ 42.20936, 41.49569 ], [ 42.28879, 41.49411 ], [ 42.33402, 41.47102 ], [ 42.40765, 41.46658 ], [ 42.44707, 41.44044 ], [ 42.5220985, 41.4421414 ] ] ] ] } },
{ "type": "Feature", "properties": { "POLYGON_ID": "TUR_GAUL2012_ADM1_3027", "ADM0_ISO3": "TUR", "ADM0_NAME": "Turkey", "ADM0_CODE": 249, "ADM1_NAME": "Aydin", "ADM1_CODE": 3027, "GEOSET": "GAUL", "GEOSET_YEAR": 2012.0, "GEOSET_VERSION": "GAUL_v1", "GEOSET_UNIT": "ADM1", "CENTROID_LONG": 28.012048242917686, "CENTROID_LAT": 37.735756885107513 }, "geometry": { "type": "MultiPolygon", "coordinates": [ [ [ [ 28.4757767, 38.06567 ], [ 28.5411434, 38.0894585 ], [ 28.6480846, 38.0908318 ], [ 28.7026863, 38.0662422 ], [ 28.7553406, 37.9931946 ], [ 28.8172169, 37.9857025 ], [ 28.8232021, 37.9663124 ], [ 28.7243729, 37.9200325 ], [ 28.7238312, 37.8735008 ], [ 28.7965469, 37.7891235 ], [ 28.8460026, 37.7770958 ], [ 28.8585129, 37.7450829 ], [ 28.7965603, 37.704422 ], [ 28.8191662, 37.6536255 ], [ 28.7496376, 37.6280022 ], [ 28.6173134, 37.5168648 ], [ 28.6298542, 37.4813843 ], [ 28.5584068, 37.4763603 ], [ 28.5143852, 37.4561386 ], [ 28.4798603, 37.4612923 ], [ 28.4348011, 37.5181694 ], [ 28.3791409, 37.5317268 ], [ 28.3144989, 37.5063782 ], [ 28.2820759, 37.5474854 ], [ 28.2517967, 37.5513992 ], [ 28.1990356, 37.4815941 ], [ 28.1498394, 37.4378014 ], [ 27.9283733, 37.448761 ], [ 27.8807201, 37.4621201 ], [ 27.8239326, 37.4483185 ], [ 27.7667465, 37.4707413 ], [ 27.7328224, 37.5063324 ], [ 27.5927486, 37.5205612 ], [ 27.5255795, 37.5445404 ], [ 27.4956284, 37.5407143 ], [ 27.4447021, 37.5025749 ], [ 27.4080752, 37.4153242 ], [ 27.3556061, 37.370594 ], [ 27.2825584, 37.3557854 ], [ 27.2509956, 37.3364563 ], [ 27.1907291, 37.3550453 ], [ 27.2196636, 37.4219055 ], [ 27.2246056, 37.4823418 ], [ 27.1835461, 37.5033073 ], [ 27.17313, 37.5507355 ], [ 27.216814, 37.5886498 ], [ 27.1866875, 37.6114616 ], [ 27.0897293, 37.6439819 ], [ 27.0225468, 37.6513748 ], [ 27.0233288, 37.691021 ], [ 27.0972595, 37.686718 ], [ 27.1627941, 37.7013245 ], [ 27.2398129, 37.7328682 ], [ 27.2710285, 37.8118057 ], [ 27.2433109, 37.8306847 ], [ 27.2616236, 37.8922167 ], [ 27.3050594, 37.8755493 ], [ 27.4293747, 37.8655014 ], [ 27.4556274, 37.9142952 ], [ 27.5074635, 37.9572258 ], [ 27.5328712, 37.9994888 ], [ 27.6049576, 38.0008698 ], [ 27.6679935, 37.9555168 ], [ 27.7944736, 37.9608459 ], [ 27.8572559, 37.9505997 ], [ 28.1517162, 37.9995842 ], [ 28.2174473, 38.0319023 ], [ 28.2743359, 38.0405388 ], [ 28.3650551, 38.1281013 ], [ 28.4450779, 38.0660553 ], [ 28.4757767, 38.06567 ] ] ] ] } },
{ "type": "Feature", "properties": { "POLYGON_ID": "TUR_GAUL2012_ADM1_3028", "ADM0_ISO3": "TUR", "ADM0_NAME": "Turkey", "ADM0_CODE": 249, "ADM1_NAME": "Balikesir", "ADM1_CODE": 3028, "GEOSET": "GAUL", "GEOSET_YEAR": 2012.0, "GEOSET_VERSION": "GAUL_v1", "GEOSET_UNIT": "ADM1", "CENTROID_LONG": 27.890624738988237, "CENTROID_LAT": 39.679537014892446 }, "geometry": { "type": "MultiPolygon", "coordinates": [ [ [ [ 28.1955569, 40.4030845 ], [ 28.1535778, 40.2973747 ], [ 28.0991611, 40.2375488 ], [ 28.1299477, 40.2024727 ], [ 28.118372, 40.1521301 ], [ 28.134325, 40.1172524 ], [ 28.2113514, 40.0595551 ], [ 28.1883812, 40.0304031 ], [ 28.1886902, 39.9906693 ], [ 28.2399483, 39.969162 ], [ 28.2664623, 39.900444 ], [ 28.3252583, 39.8563423 ], [ 28.3854904, 39.85429 ], [ 28.4765282, 39.8030014 ], [ 28.5317669, 39.7508087 ], [ 28.6546669, 39.7462654 ], [ 28.6843605, 39.7698898 ], [ 28.7322197, 39.7483406 ], [ 28.7279263, 39.6982155 ], [ 28.7497883, 39.6576386 ], [ 28.8219318, 39.6193352 ], [ 28.9126129, 39.624752 ], [ 28.992384, 39.6059799 ], [ 28.9736652, 39.5580063 ], [ 28.9267082, 39.5037384 ], [ 28.9419651, 39.4384727 ], [ 28.9001694, 39.4031029 ], [ 28.8115826, 39.3014832 ], [ 28.735405, 39.2700615 ], [ 28.6641769, 39.2893639 ], [ 28.6573238, 39.2682419 ], [ 28.6920605, 39.2215691 ], [ 28.672327, 39.1489525 ], [ 28.617342, 39.1643486 ], [ 28.5074272, 39.1408005 ], [ 28.3898487, 39.0781097 ], [ 28.33708, 39.0585213 ], [ 28.2689648, 39.0589333 ], [ 28.2195015, 39.0785179 ], [ 28.1712933, 39.0562935 ], [ 28.102953, 39.1444893 ], [ 28.009222, 39.1937141 ], [ 27.9438667, 39.2634125 ], [ 27.9207001, 39.3285179 ], [ 27.8998985, 39.3455734 ], [ 27.8446236, 39.3175697 ], [ 27.7967625, 39.3198471 ], [ 27.7373238, 39.3615417 ], [ 27.663578, 39.3390465 ], [ 27.5652275, 39.3530312 ], [ 27.5326996, 39.3843346 ], [ 27.4366646, 39.4068718 ], [ 27.3911877, 39.3631096 ], [ 27.3609524, 39.3596725 ], [ 27.2780838, 39.4053154 ], [ 27.2207012, 39.4041901 ], [ 27.1189137, 39.3851776 ], [ 27.065239, 39.358757 ], [ 27.0066166, 39.3096046 ], [ 26.9246216, 39.2815285 ], [ 26.8423843, 39.2129936 ], [ 26.7764192, 39.1687818 ], [ 26.7430859, 39.1965981 ], [ 26.7350903, 39.243412 ], [ 26.6883869, 39.2706528 ], [ 26.615572, 39.276268 ], [ 26.6901169, 39.3198395 ], [ 26.7030582, 39.3445969 ], [ 26.7803116, 39.3736496 ], [ 26.8807526, 39.4768944 ], [ 26.9237041, 39.4839783 ], [ 26.9453754, 39.5444908 ], [ 26.9259777, 39.581192 ], [ 26.8805332, 39.5826149 ], [ 26.8397579, 39.5585518 ], [ 26.7656136, 39.5690727 ], [ 26.6568966, 39.5537678 ], [ 26.6830902, 39.6657639 ], [ 26.7243233, 39.7104645 ], [ 26.8092575, 39.6963539 ], [ 26.855444, 39.702919 ], [ 26.9824429, 39.7710609 ], [ 27.0524292, 39.7427711 ], [ 27.1518364, 39.7466011 ], [ 27.2368507, 39.7038536 ], [ 27.2806377, 39.6954384 ], [ 27.3552608, 39.7192879 ], [ 27.473217, 39.7778358 ], [ 27.5218925, 39.8804016 ], [ 27.521225, 39.9645767 ], [ 27.4779778, 39.993618 ], [ 27.4825344, 40.0289268 ], [ 27.4605751, 40.0651245 ], [ 27.3913383, 40.1321945 ], [ 27.4109421, 40.1817093 ], [ 27.4583302, 40.2047272 ], [ 27.5029011, 40.2576714 ], [ 27.5049712, 40.314292 ], [ 27.5380287, 40.3105507 ], [ 27.6307182, 40.3361588 ], [ 27.6955948, 40.3177185 ], [ 27.781847, 40.3210526 ], [ 27.8823261, 40.3873367 ], [ 27.8359547, 40.4057541 ], [ 27.7922802, 40.4005775 ], [ 27.7200394, 40.4653282 ], [ 27.6875381, 40.5064697 ], [ 27.7308903, 40.5325127 ], [ 27.8649292, 40.5270042 ], [ 28.0391026, 40.485054 ], [ 27.9962921, 40.4410591 ], [ 27.9263229, 40.4169502 ], [ 27.9050903, 40.3924179 ], [ 27.9602127, 40.361084 ], [ 28.1504917, 40.4029922 ], [ 28.1955569, 40.4030845 ] ] ], [ [ [ 27.6650829, 40.6687965 ], [ 27.7469902, 40.6410751 ], [ 27.6382828, 40.5886498 ], [ 27.5813484, 40.5873451 ], [ 27.5356617, 40.6088371 ], [ 27.5347824, 40.6539078 ], [ 27.6650829, 40.6687965 ] ] ], [ [ [ 27.6266193, 40.520771 ], [ 27.644104, 40.4671478 ], [ 27.603138, 40.4673653 ], [ 27.6266193, 40.520771 ] ] ], [ [ [ 27.5024529, 40.4808769 ], [ 27.4843693, 40.5065727 ], [ 27.5193462, 40.5457687 ], [ 27.5420647, 40.4990044 ], [ 27.5024529, 40.4808769 ] ] ] ] } },
{ "type": "Feature", "properties": { "POLYGON_ID": "TUR_GAUL2012_ADM1_3029", "ADM0_ISO3": "TUR", "ADM0_NAME": "Turkey", "ADM0_CODE": 249, "ADM1_NAME": "Bartin", "ADM1_CODE": 3029, "GEOSET": "GAUL", "GEOSET_YEAR": 2012.0, "GEOSET_VERSION": "GAUL_v1", "GEOSET_UNIT": "ADM1", "CENTROID_LONG": 32.505906305844412, "CENTROID_LAT": 41.587747682253237 }, "geometry": { "type": "MultiPolygon", "coordinates": [ [ [ [ 32.8267632, 41.5891304 ], [ 32.7980194, 41.5373611 ], [ 32.7152748, 41.5266075 ], [ 32.6479492, 41.4801941 ], [ 32.6577377, 41.4275551 ], [ 32.6218185, 41.4205818 ], [ 32.5792618, 41.3740616 ], [ 32.5798721, 41.3453331 ], [ 32.5074348, 41.292942 ], [ 32.4196815, 41.2899246 ], [ 32.3952065, 41.3266182 ], [ 32.3311081, 41.31604 ], [ 32.3025742, 41.3752365 ], [ 32.2639847, 41.3973389 ], [ 32.2670517, 41.4414177 ], [ 32.2322807, 41.4674454 ], [ 32.2272911, 41.5197983 ], [ 32.1942635, 41.5482826 ], [ 32.1470261, 41.526474 ], [ 32.1087341, 41.5637665 ], [ 32.0485133, 41.5848517 ], [ 32.1644821, 41.620163 ], [ 32.2292709, 41.6873131 ], [ 32.3047867, 41.7348785 ], [ 32.3408318, 41.730854 ], [ 32.5219383, 41.815136 ], [ 32.6214523, 41.8388214 ], [ 32.6749458, 41.8374786 ], [ 32.7251388, 41.8550761 ], [ 32.7375641, 41.8220406 ], [ 32.824707, 41.7632866 ], [ 32.8993988, 41.6881256 ], [ 32.8551292, 41.6417427 ], [ 32.8267632, 41.5891304 ] ] ] ] } },
{ "type": "Feature", "properties": { "POLYGON_ID": "TUR_GAUL2012_ADM1_3030", "ADM0_ISO3": "TUR", "ADM0_NAME": "Turkey", "ADM0_CODE": 249, "ADM1_NAME": "Batman", "ADM1_CODE": 3030, "GEOSET": "GAUL", "GEOSET_YEAR": 2012.0, "GEOSET_VERSION": "GAUL_v1", "GEOSET_UNIT": "ADM1", "CENTROID_LONG": 41.385807464517526, "CENTROID_LAT": 37.966521067899684 }, "geometry": { "type": "MultiPolygon", "coordinates": [ [ [ [ 41.714489, 38.2402573 ], [ 41.6341515, 38.2516632 ], [ 41.6476135, 38.1966248 ], [ 41.6229935, 38.121727 ], [ 41.6220322, 38.0786171 ], [ 41.5486641, 38.0762634 ], [ 41.5316544, 38.0253677 ], [ 41.4050903, 38.0153656 ], [ 41.381443, 37.9678917 ], [ 41.4058304, 37.9114151 ], [ 41.496254, 37.8817635 ], [ 41.6406059, 37.878624 ], [ 41.7134666, 37.7987366 ], [ 41.6990013, 37.7318382 ], [ 41.7301826, 37.6854782 ], [ 41.7108459, 37.6540794 ], [ 41.6691284, 37.6421852 ], [ 41.6524696, 37.5857315 ], [ 41.6076889, 37.584938 ], [ 41.5544548, 37.5316467 ], [ 41.4884224, 37.5269432 ], [ 41.4300423, 37.5024147 ], [ 41.2850876, 37.4987373 ], [ 41.2308846, 37.5081367 ], [ 41.1763229, 37.4980736 ], [ 41.133461, 37.506649 ], [ 41.1137695, 37.5641823 ], [ 41.1194572, 37.598774 ], [ 41.0766335, 37.6593666 ], [ 41.0804482, 37.6943092 ], [ 41.0494385, 37.7343483 ], [ 41.0633888, 37.772831 ], [ 40.9984474, 37.7959785 ], [ 40.9998322, 37.8387871 ], [ 41.0310402, 37.8848877 ], [ 41.0895271, 37.9106941 ], [ 41.1309166, 37.9518738 ], [ 41.1801262, 38.0564957 ], [ 41.2413521, 38.1266136 ], [ 41.2340546, 38.1673584 ], [ 41.1783371, 38.2531395 ], [ 41.1978378, 38.3199196 ], [ 41.2422943, 38.398735 ], [ 41.3260803, 38.4552498 ], [ 41.3868713, 38.483799 ], [ 41.4299889, 38.4848213 ], [ 41.4708672, 38.5145416 ], [ 41.5203362, 38.5724983 ], [ 41.5999298, 38.5250359 ], [ 41.6517181, 38.4574699 ], [ 41.6423759, 38.343399 ], [ 41.6599121, 38.2835121 ], [ 41.714489, 38.2402573 ] ] ] ] } },
{ "type": "Feature", "properties": { "POLYGON_ID": "TUR_GAUL2012_ADM1_3031", "ADM0_ISO3": "TUR", "ADM0_NAME": "Turkey", "ADM0_CODE": 249, "ADM1_NAME": "Bayburt", "ADM1_CODE": 3031, "GEOSET": "GAUL", "GEOSET_YEAR": 2012.0, "GEOSET_VERSION": "GAUL_v1", "GEOSET_UNIT": "ADM1", "CENTROID_LONG": 40.195102609127538, "CENTROID_LAT": 40.252651380001424 }, "geometry": { "type": "MultiPolygon", "coordinates": [ [ [ [ 40.4779358, 40.5245132 ], [ 40.5312309, 40.5141449 ], [ 40.5933075, 40.5385017 ], [ 40.5567627, 40.4126205 ], [ 40.5892601, 40.3606796 ], [ 40.5337486, 40.344223 ], [ 40.5515404, 40.3043976 ], [ 40.5178642, 40.2655258 ], [ 40.5551682, 40.2456551 ], [ 40.6105766, 40.2737694 ], [ 40.6536942, 40.2466698 ], [ 40.7359505, 40.2272148 ], [ 40.7023506, 40.1891937 ], [ 40.6994095, 40.1362762 ], [ 40.669735, 40.1154213 ], [ 40.5568237, 40.0919533 ], [ 40.439888, 40.0186577 ], [ 40.4074135, 40.0139961 ], [ 40.3118896, 40.0358124 ], [ 40.2549706, 40.0302277 ], [ 40.0300674, 40.0708694 ], [ 39.9748917, 40.0571823 ], [ 39.8809471, 39.9920273 ], [ 39.8190498, 39.920311 ], [ 39.7718277, 39.9681282 ], [ 39.7153664, 39.9867592 ], [ 39.6809235, 40.0164795 ], [ 39.6576958, 40.0756607 ], [ 39.6764603, 40.1247597 ], [ 39.7041092, 40.1428795 ], [ 39.8013916, 40.160553 ], [ 39.8352394, 40.2348289 ], [ 39.8342247, 40.3156929 ], [ 39.8589401, 40.3752251 ], [ 39.8811455, 40.3877182 ], [ 39.8745537, 40.4496078 ], [ 39.9319305, 40.4758873 ], [ 40.0035782, 40.4668846 ], [ 40.0871696, 40.5181694 ], [ 40.145977, 40.5715027 ], [ 40.211338, 40.5390968 ], [ 40.2704544, 40.5232964 ], [ 40.4779358, 40.5245132 ] ] ] ] } },
{ "type": "Feature", "properties": { "POLYGON_ID": "TUR_GAUL2012_ADM1_3032", "ADM0_ISO3": "TUR", "ADM0_NAME": "Turkey", "ADM0_CODE": 249, "ADM1_NAME": "Bilecik", "ADM1_CODE": 3032, "GEOSET": "GAUL", "GEOSET_YEAR": 2012.0, "GEOSET_VERSION": "GAUL_v1", "GEOSET_UNIT": "ADM1", "CENTROID_LONG": 30.09448733774471, "CENTROID_LAT": 40.098196793212836 }, "geometry": { "type": "MultiPolygon", "coordinates": [ [ [ [ 30.5058613, 40.3076897 ], [ 30.5657082, 40.2802696 ], [ 30.6098824, 40.2409782 ], [ 30.6145115, 40.175808 ], [ 30.6602535, 40.1529541 ], [ 30.592598, 40.1458397 ], [ 30.5321674, 40.1152649 ], [ 30.4885998, 40.0370712 ], [ 30.4346867, 40.003849 ], [ 30.3889961, 40.0089302 ], [ 30.3570786, 39.9412346 ], [ 30.295557, 39.9138107 ], [ 30.2930012, 39.8545494 ], [ 30.255003, 39.840107 ], [ 30.1849613, 39.860878 ], [ 30.1047688, 39.8506317 ], [ 30.0683899, 39.8176346 ], [ 30.0087223, 39.7380753 ], [ 30.0154018, 39.6872787 ], [ 30.050354, 39.665699 ], [ 30.0089474, 39.6509399 ], [ 29.9372749, 39.6880035 ], [ 29.8310432, 39.7165184 ], [ 29.7657757, 39.7183418 ], [ 29.7626915, 39.7879944 ], [ 29.7174816, 39.8311119 ], [ 29.7208138, 39.8692703 ], [ 29.7516136, 39.9895706 ], [ 29.7170563, 40.1064224 ], [ 29.7285061, 40.1729813 ], [ 29.7881737, 40.2015533 ], [ 29.8158188, 40.2413597 ], [ 29.8154926, 40.3198547 ], [ 29.8549767, 40.4097061 ], [ 29.9042454, 40.4207726 ], [ 29.8794785, 40.4723892 ], [ 29.9736519, 40.5163422 ], [ 30.0035496, 40.4550743 ], [ 30.0823288, 40.429718 ], [ 30.1056099, 40.3802376 ], [ 30.1534138, 40.3551674 ], [ 30.2223015, 40.3532524 ], [ 30.3738308, 40.3870239 ], [ 30.4092331, 40.3706856 ], [ 30.4018078, 40.3267021 ], [ 30.5058613, 40.3076897 ] ] ] ] } },
{ "type": "Feature", "properties": { "POLYGON_ID": "TUR_GAUL2012_ADM1_3033", "ADM0_ISO3": "TUR", "ADM0_NAME": "Turkey", "ADM0_CODE": 249, "ADM1_NAME": "Bingol", "ADM1_CODE": 3033, "GEOSET": "GAUL", "GEOSET_YEAR": 2012.0, "GEOSET_VERSION": "GAUL_v1", "GEOSET_UNIT": "ADM1", "CENTROID_LONG": 40.656764989973077, "CENTROID_LAT": 39.043673899581066 }, "geometry": { "type": "MultiPolygon", "coordinates": [ [ [ [ 41.1965904, 39.3705673 ], [ 41.1568947, 39.3287659 ], [ 41.1806946, 39.2610397 ], [ 41.1750526, 39.1595535 ], [ 41.29636, 39.0885963 ], [ 41.2904091, 39.0351372 ], [ 41.2313614, 39.0088043 ], [ 41.1189613, 38.9243088 ], [ 41.1116371, 38.9078484 ], [ 41.1533127, 38.7517128 ], [ 41.1564903, 38.7165184 ], [ 41.1111984, 38.7130623 ], [ 40.9896088, 38.6681862 ], [ 40.9571114, 38.6324348 ], [ 40.8715553, 38.617691 ], [ 40.7592125, 38.5522957 ], [ 40.7198029, 38.5580635 ], [ 40.6820297, 38.5916481 ], [ 40.6406479, 38.5614967 ], [ 40.5957375, 38.5627289 ], [ 40.5110741, 38.5881424 ], [ 40.4805145, 38.6142082 ], [ 40.4394112, 38.5497665 ], [ 40.3651543, 38.5054817 ], [ 40.3480492, 38.4698372 ], [ 40.2825012, 38.4641876 ], [ 40.2269859, 38.5468521 ], [ 40.1539917, 38.60672 ], [ 40.1668701, 38.6661339 ], [ 40.2167397, 38.68396 ], [ 40.2333374, 38.7155113 ], [ 40.3124199, 38.7537575 ], [ 40.3446503, 38.7883072 ], [ 40.3130264, 38.8335075 ], [ 40.2485886, 38.8408394 ], [ 40.2486763, 38.8934402 ], [ 40.2265778, 38.9130249 ], [ 40.2524796, 39.0443649 ], [ 40.3037796, 39.1019058 ], [ 40.310585, 39.1358948 ], [ 40.2754822, 39.1684456 ], [ 40.2083321, 39.176857 ], [ 40.120472, 39.1595573 ], [ 40.086441, 39.127327 ], [ 39.9705887, 39.0874596 ], [ 39.9158592, 39.0962791 ], [ 39.948288, 39.1302643 ], [ 39.906868, 39.1981544 ], [ 39.9352188, 39.2086334 ], [ 39.9505653, 39.2496681 ], [ 40.0161438, 39.2788963 ], [ 40.0480881, 39.319294 ], [ 40.1230392, 39.3034782 ], [ 40.2284241, 39.3549309 ], [ 40.2685165, 39.3524742 ], [ 40.3206902, 39.4261475 ], [ 40.4048615, 39.4518166 ], [ 40.3895111, 39.4765816 ], [ 40.4323692, 39.518631 ], [ 40.4929848, 39.5126991 ], [ 40.5664139, 39.5335388 ], [ 40.6531372, 39.5150833 ], [ 40.7209969, 39.5131683 ], [ 40.7706451, 39.5327492 ], [ 40.8141289, 39.5352936 ], [ 40.9045448, 39.4829254 ], [ 40.9497414, 39.4765816 ], [ 40.9816475, 39.4427338 ], [ 41.0731812, 39.4430771 ], [ 41.1458664, 39.3905907 ], [ 41.1965904, 39.3705673 ] ] ] ] } },
{ "type": "Feature", "properties": { "POLYGON_ID": "TUR_GAUL2012_ADM1_3034", "ADM0_ISO3": "TUR", "ADM0_NAME": "Turkey", "ADM0_CODE": 249, "ADM1_NAME": "Bitlis", "ADM1_CODE": 3034, "GEOSET": "GAUL", "GEOSET_YEAR": 2012.0, "GEOSET_VERSION": "GAUL_v1", "GEOSET_UNIT": "ADM1", "CENTROID_LONG": 42.408244603822567, "CENTROID_LAT": 38.547984609773508 }, "geometry": { "type": "MultiPolygon", "coordinates": [ [ [ [ 42.6814728, 37.9991379 ], [ 42.6098557, 37.9797058 ], [ 42.5666428, 37.9822044 ], [ 42.5051537, 38.0219917 ], [ 42.493309, 38.1084862 ], [ 42.381794, 38.1454697 ], [ 42.3047218, 38.1965599 ], [ 42.169384, 38.238739 ], [ 42.1032944, 38.2301636 ], [ 42.0361748, 38.1833153 ], [ 41.9727974, 38.1723022 ], [ 41.9572601, 38.1954918 ], [ 41.8481789, 38.2008667 ], [ 41.8108292, 38.2194252 ], [ 41.714489, 38.2402573 ], [ 41.6599121, 38.2835121 ], [ 41.6423759, 38.343399 ], [ 41.6517181, 38.4574699 ], [ 41.5999298, 38.5250359 ], [ 41.5203362, 38.5724983 ], [ 41.6479874, 38.6017189 ], [ 41.7938385, 38.5988312 ], [ 41.8132706, 38.5904274 ], [ 41.9584694, 38.5793266 ], [ 41.9904442, 38.5874863 ], [ 42.0327759, 38.6394424 ], [ 42.0160789, 38.6899605 ], [ 42.0368805, 38.7591209 ], [ 41.9886055, 38.7758293 ], [ 42.0664215, 38.8081932 ], [ 42.1341476, 38.808754 ], [ 42.1754875, 38.8309708 ], [ 42.1957169, 38.8922424 ], [ 42.2767677, 38.9099579 ], [ 42.4068832, 38.9587402 ], [ 42.5350304, 38.9308167 ], [ 42.7421646, 38.9687767 ], [ 42.831459, 38.979805 ], [ 42.8984756, 38.9705696 ], [ 42.9529495, 38.9816132 ], [ 42.9697456, 39.0213203 ], [ 43.0040169, 39.0244255 ], [ 42.9959946, 38.9798927 ], [ 43.0934143, 38.9518356 ], [ 43.2079544, 38.8904724 ], [ 43.2191963, 38.8327484 ], [ 43.1173935, 38.7451019 ], [ 42.9800911, 38.6141434 ], [ 42.8846893, 38.5351563 ], [ 42.7798958, 38.4765396 ], [ 42.7568713, 38.4477985 ], [ 42.7741699, 38.4008064 ], [ 42.7505074, 38.3002701 ], [ 42.6956863, 38.2881393 ], [ 42.6841049, 38.2595253 ], [ 42.7277031, 38.2171097 ], [ 42.7297401, 38.1757545 ], [ 42.6993408, 38.1386719 ], [ 42.7133064, 38.0822716 ], [ 42.6547279, 38.0445824 ], [ 42.6814728, 37.9991379 ] ] ] ] } },
{ "type": "Feature", "properties": { "POLYGON_ID": "TUR_GAUL2012_ADM1_3035", "ADM0_ISO3": "TUR", "ADM0_NAME": "Turkey", "ADM0_CODE": 249, "ADM1_NAME": "Bolu", "ADM1_CODE": 3035, "GEOSET": "GAUL", "GEOSET_YEAR": 2012.0, "GEOSET_VERSION": "GAUL_v1", "GEOSET_UNIT": "ADM1", "CENTROID_LONG": 31.530956996823836, "CENTROID_LAT": 40.661246872533724 }, "geometry": { "type": "MultiPolygon", "coordinates": [ [ [ [ 32.1352196, 41.0246658 ], [ 32.2041512, 41.0199471 ], [ 32.2271767, 41.0328979 ], [ 32.3018188, 41.0247574 ], [ 32.3319778, 40.991993 ], [ 32.3480339, 40.9195824 ], [ 32.3756638, 40.8936234 ], [ 32.4933968, 40.8707123 ], [ 32.5829315, 40.8161125 ], [ 32.6119118, 40.7970886 ], [ 32.5676918, 40.6916885 ], [ 32.4438553, 40.6809769 ], [ 32.3859138, 40.6506081 ], [ 32.4170189, 40.5724564 ], [ 32.3478432, 40.5191422 ], [ 32.2540016, 40.5052719 ], [ 32.212719, 40.462513 ], [ 32.1481972, 40.4307632 ], [ 32.0534172, 40.4225502 ], [ 31.944315, 40.3445892 ], [ 31.8541679, 40.3238487 ], [ 31.7434654, 40.3372536 ], [ 31.6848488, 40.3234367 ], [ 31.6362247, 40.2883072 ], [ 31.5634174, 40.275383 ], [ 31.5491314, 40.2918739 ], [ 31.4678993, 40.3160896 ], [ 31.4174652, 40.3508186 ], [ 31.3605118, 40.3515244 ], [ 31.3020039, 40.3263168 ], [ 31.1856174, 40.3433075 ], [ 31.1038055, 40.3725357 ], [ 31.0814552, 40.3634872 ], [ 31.0614433, 40.2769508 ], [ 31.0173893, 40.2248497 ], [ 30.9445419, 40.1911545 ], [ 30.8649235, 40.1732559 ], [ 30.8523121, 40.1088715 ], [ 30.7772388, 40.1462517 ], [ 30.6602535, 40.1529541 ], [ 30.6145115, 40.175808 ], [ 30.6098824, 40.2409782 ], [ 30.5657082, 40.2802696 ], [ 30.5058613, 40.3076897 ], [ 30.5738831, 40.327095 ], [ 30.581707, 40.3457756 ], [ 30.5439739, 40.4064903 ], [ 30.5932827, 40.4631577 ], [ 30.7273369, 40.4812584 ], [ 30.8494148, 40.5456009 ], [ 30.869709, 40.5666046 ], [ 30.8830032, 40.6436539 ], [ 30.9363213, 40.6919937 ], [ 30.9252357, 40.72052 ], [ 30.826931, 40.7639427 ], [ 30.8328609, 40.7871971 ], [ 30.898798, 40.8166275 ], [ 30.8952007, 40.8376083 ], [ 30.8354034, 40.8748741 ], [ 30.8406601, 40.9164543 ], [ 30.8991623, 40.9257393 ], [ 30.9627285, 40.9866333 ], [ 30.9982052, 41.0369949 ], [ 30.969104, 41.0786753 ], [ 31.0646973, 41.0836258 ], [ 31.137064, 41.0992622 ], [ 31.2332554, 41.104084 ], [ 31.2999437, 41.1222934 ], [ 31.3203774, 41.0987244 ], [ 31.4330482, 41.0624237 ], [ 31.4904537, 41.0248871 ], [ 31.628109, 41.0426788 ], [ 31.7994633, 41.0188332 ], [ 31.9175224, 41.0109978 ], [ 31.9811096, 41.029911 ], [ 32.1352196, 41.0246658 ] ] ] ] } },
{ "type": "Feature", "properties": { "POLYGON_ID": "TUR_GAUL2012_ADM1_3036", "ADM0_ISO3": "TUR", "ADM0_NAME": "Turkey", "ADM0_CODE": 249, "ADM1_NAME": "Burdur", "ADM1_CODE": 3036, "GEOSET": "GAUL", "GEOSET_YEAR": 2012.0, "GEOSET_VERSION": "GAUL_v1", "GEOSET_UNIT": "ADM1", "CENTROID_LONG": 30.086209274611793, "CENTROID_LAT": 37.425462792727011 }, "geometry": { "type": "MultiPolygon", "coordinates": [ [ [ [ 30.8955669, 37.3864174 ], [ 30.8353806, 37.3067398 ], [ 30.8139477, 37.2431793 ], [ 30.75984, 37.2301979 ], [ 30.6748905, 37.2285614 ], [ 30.425581, 37.2486534 ], [ 30.3662701, 37.3071175 ], [ 30.2832222, 37.3080597 ], [ 30.2336769, 37.3391991 ], [ 30.1977806, 37.3291512 ], [ 30.1107578, 37.2582893 ], [ 30.0609341, 37.2542686 ], [ 29.9697399, 37.1992722 ], [ 29.8654385, 37.1751633 ], [ 29.838232, 37.1064529 ], [ 29.8513718, 37.0466957 ], [ 29.832243, 37.0195427 ], [ 29.7552967, 36.9603081 ], [ 29.7105732, 36.9849586 ], [ 29.6455135, 36.9892845 ], [ 29.5552292, 36.9552231 ], [ 29.4944324, 36.88694 ], [ 29.4372807, 36.871933 ], [ 29.4285431, 36.9449654 ], [ 29.4602718, 36.9893684 ], [ 29.3839378, 37.0264816 ], [ 29.4421024, 37.0691376 ], [ 29.4347591, 37.1170425 ], [ 29.4614182, 37.1941834 ], [ 29.5107079, 37.2816582 ], [ 29.5681362, 37.2921677 ], [ 29.6262856, 37.4068108 ], [ 29.6099567, 37.4404259 ], [ 29.5480042, 37.4695396 ], [ 29.5271435, 37.5048294 ], [ 29.5381718, 37.5347939 ], [ 29.5320435, 37.6149483 ], [ 29.5490265, 37.6423759 ], [ 29.7744541, 37.7043343 ], [ 29.881279, 37.768425 ], [ 29.9553623, 37.7939758 ], [ 30.0027905, 37.7987061 ], [ 30.0424328, 37.7823296 ], [ 30.0570774, 37.7566147 ], [ 30.1114597, 37.7245522 ], [ 30.132761, 37.7507553 ], [ 30.0909996, 37.777317 ], [ 30.1043968, 37.8012962 ], [ 30.2089214, 37.7770767 ], [ 30.2481079, 37.783596 ], [ 30.334734, 37.824749 ], [ 30.4035339, 37.8187904 ], [ 30.4363003, 37.7368927 ], [ 30.4759045, 37.7091637 ], [ 30.5799236, 37.6793556 ], [ 30.6110821, 37.6525917 ], [ 30.6971455, 37.6436501 ], [ 30.7256413, 37.5951386 ], [ 30.8955669, 37.3864174 ] ] ] ] } },
{ "type": "Feature", "properties": { "POLYGON_ID": "TUR_GAUL2012_ADM1_3037", "ADM0_ISO3": "TUR", "ADM0_NAME": "Turkey", "ADM0_CODE": 249, "ADM1_NAME": "Bursa", "ADM1_CODE": 3037, "GEOSET": "GAUL", "GEOSET_YEAR": 2012.0, "GEOSET_VERSION": "GAUL_v1", "GEOSET_UNIT": "ADM1", "CENTROID_LONG": 29.037138144201233, "CENTROID_LAT": 40.119884916377664 }, "geometry": { "type": "MultiPolygon", "coordinates": [ [ [ [ 29.9736519, 40.5163422 ], [ 29.8794785, 40.4723892 ], [ 29.9042454, 40.4207726 ], [ 29.8549767, 40.4097061 ], [ 29.8154926, 40.3198547 ], [ 29.8158188, 40.2413597 ], [ 29.7881737, 40.2015533 ], [ 29.7285061, 40.1729813 ], [ 29.7170563, 40.1064224 ], [ 29.7516136, 39.9895706 ], [ 29.7208138, 39.8692703 ], [ 29.5901279, 39.8485489 ], [ 29.5139828, 39.8660278 ], [ 29.4723244, 39.8032417 ], [ 29.3866024, 39.7761421 ], [ 29.2560139, 39.6904221 ], [ 29.2045765, 39.6152 ], [ 29.1208782, 39.6001472 ], [ 29.0598831, 39.6151123 ], [ 28.992384, 39.6059799 ], [ 28.9126129, 39.624752 ], [ 28.8219318, 39.6193352 ], [ 28.7497883, 39.6576386 ], [ 28.7279263, 39.6982155 ], [ 28.7322197, 39.7483406 ], [ 28.6843605, 39.7698898 ], [ 28.6546669, 39.7462654 ], [ 28.5317669, 39.7508087 ], [ 28.4765282, 39.8030014 ], [ 28.3854904, 39.85429 ], [ 28.3252583, 39.8563423 ], [ 28.2664623, 39.900444 ], [ 28.2399483, 39.969162 ], [ 28.1886902, 39.9906693 ], [ 28.1883812, 40.0304031 ], [ 28.2113514, 40.0595551 ], [ 28.134325, 40.1172524 ], [ 28.118372, 40.1521301 ], [ 28.1299477, 40.2024727 ], [ 28.0991611, 40.2375488 ], [ 28.1535778, 40.2973747 ], [ 28.1955569, 40.4030845 ], [ 28.3424339, 40.4102325 ], [ 28.4002132, 40.4012871 ], [ 28.5242043, 40.4017181 ], [ 28.5894432, 40.3811302 ], [ 28.6829548, 40.382267 ], [ 28.8086662, 40.402935 ], [ 28.8753872, 40.3956451 ], [ 28.9235611, 40.367363 ], [ 29.0598392, 40.3706245 ], [ 29.0992622, 40.4268494 ], [ 29.1551647, 40.4452171 ], [ 29.0977612, 40.482933 ], [ 29.036869, 40.4875069 ], [ 28.9841142, 40.4680161 ], [ 29.0099468, 40.5584259 ], [ 29.0504055, 40.5680962 ], [ 29.2065792, 40.5315628 ], [ 29.2707024, 40.5369339 ], [ 29.3492203, 40.5634422 ], [ 29.4520988, 40.538063 ], [ 29.5525703, 40.5370407 ], [ 29.6497993, 40.5727005 ], [ 29.6982059, 40.6149254 ], [ 29.7417393, 40.6174164 ], [ 29.8193245, 40.5970459 ], [ 29.9328957, 40.5470543 ], [ 29.9736519, 40.5163422 ] ] ] ] } },
{ "type": "Feature", "properties": { "POLYGON_ID": "TUR_GAUL2012_ADM1_3038", "ADM0_ISO3": "TUR", "ADM0_NAME": "Turkey", "ADM0_CODE": 249, "ADM1_NAME": "Canakkale", "ADM1_CODE": 3038, "GEOSET": "GAUL", "GEOSET_YEAR": 2012.0, "GEOSET_VERSION": "GAUL_v1", "GEOSET_UNIT": "ADM1", "CENTROID_LONG": 26.761868380862506, "CENTROID_LAT": 40.034863470381097 }, "geometry": { "type": "MultiPolygon", "coordinates": [ [ [ [ 27.5049712, 40.314292 ], [ 27.5029011, 40.2576714 ], [ 27.4583302, 40.2047272 ], [ 27.4109421, 40.1817093 ], [ 27.3913383, 40.1321945 ], [ 27.4605751, 40.0651245 ], [ 27.4825344, 40.0289268 ], [ 27.4779778, 39.993618 ], [ 27.521225, 39.9645767 ], [ 27.5218925, 39.8804016 ], [ 27.473217, 39.7778358 ], [ 27.3552608, 39.7192879 ], [ 27.2806377, 39.6954384 ], [ 27.2368507, 39.7038536 ], [ 27.1518364, 39.7466011 ], [ 27.0524292, 39.7427711 ], [ 26.9824429, 39.7710609 ], [ 26.855444, 39.702919 ], [ 26.8092575, 39.6963539 ], [ 26.7243233, 39.7104645 ], [ 26.6830902, 39.6657639 ], [ 26.6568966, 39.5537678 ], [ 26.5596428, 39.5340347 ], [ 26.4827881, 39.528183 ], [ 26.3686199, 39.4836082 ], [ 26.2920074, 39.4872475 ], [ 26.1402168, 39.4566154 ], [ 26.0634193, 39.4862022 ], [ 26.1009197, 39.5842209 ], [ 26.1334515, 39.6058617 ], [ 26.1593456, 39.6721687 ], [ 26.138876, 39.7599831 ], [ 26.16148, 39.8210487 ], [ 26.1375408, 39.8430214 ], [ 26.1487484, 39.9128876 ], [ 26.1828384, 40.0 ], [ 26.2847767, 39.9956474 ], [ 26.3611698, 40.0627441 ], [ 26.372242, 40.1083183 ], [ 26.4101086, 40.1263847 ], [ 26.4042568, 40.1723175 ], [ 26.4420853, 40.1986046 ], [ 26.5270367, 40.2221451 ], [ 26.5787468, 40.2878571 ], [ 26.6069565, 40.2881355 ], [ 26.6982727, 40.3726349 ], [ 26.7580948, 40.4094086 ], [ 26.8901615, 40.4037323 ], [ 26.9582977, 40.390316 ], [ 27.0413189, 40.3981285 ], [ 27.0616131, 40.4367828 ], [ 27.1222973, 40.4598579 ], [ 27.2048035, 40.4513054 ], [ 27.2936573, 40.4717216 ], [ 27.3332291, 40.4194717 ], [ 27.3178787, 40.3888626 ], [ 27.4331551, 40.3331604 ], [ 27.5049712, 40.314292 ] ] ], [ [ [ 26.9937036, 40.5622203 ], [ 26.9010868, 40.5455666 ], [ 26.8774986, 40.5267754 ], [ 26.7490368, 40.4821205 ], [ 26.6585846, 40.4129868 ], [ 26.5914574, 40.3253517 ], [ 26.5005512, 40.2833061 ], [ 26.4553699, 40.2398415 ], [ 26.3657894, 40.2045517 ], [ 26.3845329, 40.1527596 ], [ 26.3034801, 40.0904884 ], [ 26.2132912, 40.0562134 ], [ 26.172863, 40.0577202 ], [ 26.2731838, 40.2039261 ], [ 26.2841702, 40.2531738 ], [ 26.2437458, 40.2897034 ], [ 26.2343597, 40.3221092 ], [ 26.2700386, 40.3546219 ], [ 26.3349056, 40.371994 ], [ 26.443491, 40.4399033 ], [ 26.4929848, 40.45298 ], [ 26.5993023, 40.5058517 ], [ 26.7114372, 40.5176964 ], [ 26.7238579, 40.5431252 ], [ 26.7935505, 40.5568047 ], [ 26.8410263, 40.5914497 ], [ 26.8200855, 40.6536331 ], [ 26.7715467, 40.6628776 ], [ 26.7595387, 40.6926308 ], [ 26.800272, 40.7312889 ], [ 26.9183483, 40.7393341 ], [ 26.9754982, 40.7307091 ], [ 27.0203114, 40.6833954 ], [ 26.9750309, 40.6124802 ], [ 26.9937036, 40.5622203 ] ] ], [ [ [ 26.0523052, 39.8500252 ], [ 26.0815334, 39.8234482 ], [ 26.0388165, 39.7993774 ], [ 25.9696369, 39.8295059 ], [ 25.9743099, 39.845932 ], [ 26.0523052, 39.8500252 ] ] ], [ [ [ 25.949913, 40.2457161 ], [ 25.9792233, 40.222683 ], [ 25.9677372, 40.1649361 ], [ 25.9964771, 40.1380043 ], [ 25.9042168, 40.1240311 ], [ 25.8498402, 40.1060562 ], [ 25.7376041, 40.0983467 ], [ 25.6685104, 40.1299553 ], [ 25.6791439, 40.1600494 ], [ 25.7872009, 40.2167168 ], [ 25.8458824, 40.2167015 ], [ 25.8818626, 40.2356224 ], [ 25.949913, 40.2457161 ] ] ] ] } },
{ "type": "Feature", "properties": { "POLYGON_ID": "TUR_GAUL2012_ADM1_3039", "ADM0_ISO3": "TUR", "ADM0_NAME": "Turkey", "ADM0_CODE": 249, "ADM1_NAME": "Cankiri", "ADM1_CODE": 3039, "GEOSET": "GAUL", "GEOSET_YEAR": 2012.0, "GEOSET_VERSION": "GAUL_v1", "GEOSET_UNIT": "ADM1", "CENTROID_LONG": 33.44298100652145, "CENTROID_LAT": 40.690273491445893 }, "geometry": { "type": "MultiPolygon", "coordinates": [ [ [ [ 33.897541, 40.8449898 ], [ 34.0286675, 40.7742691 ], [ 34.1115913, 40.6589012 ], [ 34.0854225, 40.6243172 ], [ 34.1112823, 40.5648537 ], [ 34.1633453, 40.4998932 ], [ 34.1079521, 40.475029 ], [ 34.1365852, 40.4428368 ], [ 34.1299858, 40.4100266 ], [ 33.9391899, 40.2684822 ], [ 33.837822, 40.2830162 ], [ 33.7908173, 40.3202133 ], [ 33.7432556, 40.3324699 ], [ 33.6568756, 40.3336601 ], [ 33.6354866, 40.3453217 ], [ 33.5679092, 40.374321 ], [ 33.4533043, 40.4089088 ], [ 33.3436775, 40.4048004 ], [ 33.2992554, 40.3732262 ], [ 33.28125, 40.3279495 ], [ 33.242897, 40.3213425 ], [ 33.2126007, 40.4201775 ], [ 33.1586113, 40.4635811 ], [ 32.9793472, 40.5098038 ], [ 32.9832954, 40.5805855 ], [ 33.0079689, 40.609005 ], [ 32.901886, 40.6353493 ], [ 32.8244324, 40.6630211 ], [ 32.6612434, 40.6871376 ], [ 32.5676918, 40.6916885 ], [ 32.6119118, 40.7970886 ], [ 32.5829315, 40.8161125 ], [ 32.7096214, 40.8583679 ], [ 32.7888336, 40.9529839 ], [ 32.8598404, 40.9467926 ], [ 32.9836655, 40.9821701 ], [ 33.027771, 40.9726791 ], [ 33.0956612, 41.0137482 ], [ 33.1132317, 41.0531235 ], [ 33.1790619, 41.0760727 ], [ 33.305088, 41.0279121 ], [ 33.3447266, 40.977272 ], [ 33.3961334, 40.9842796 ], [ 33.4632492, 41.0466537 ], [ 33.4910927, 41.0560875 ], [ 33.5677452, 41.0332527 ], [ 33.6388397, 41.0556908 ], [ 33.789505, 41.050106 ], [ 33.8246727, 41.0229416 ], [ 33.7612419, 40.9549561 ], [ 33.8054199, 40.9120674 ], [ 33.7670555, 40.8525085 ], [ 33.7844925, 40.8259659 ], [ 33.897541, 40.8449898 ] ] ] ] } },
{ "type": "Feature", "properties": { "POLYGON_ID": "TUR_GAUL2012_ADM1_3040", "ADM0_ISO3": "TUR", "ADM0_NAME": "Turkey", "ADM0_CODE": 249, "ADM1_NAME": "Corum", "ADM1_CODE": 3040, "GEOSET": "GAUL", "GEOSET_YEAR": 2012.0, "GEOSET_VERSION": "GAUL_v1", "GEOSET_UNIT": "ADM1", "CENTROID_LONG": 34.652079069002177, "CENTROID_LAT": 40.562784547384702 }, "geometry": { "type": "MultiPolygon", "coordinates": [ [ [ [ 34.8482666, 41.2082138 ], [ 34.9052773, 41.1729622 ], [ 34.9819717, 41.1010551 ], [ 35.0680542, 41.0828171 ], [ 35.0866013, 41.0460548 ], [ 35.033741, 41.0135307 ], [ 35.0306892, 40.9804764 ], [ 35.0569382, 40.9437485 ], [ 35.0614357, 40.8976631 ], [ 35.0070763, 40.8432045 ], [ 35.0032578, 40.7649765 ], [ 35.0550919, 40.6972313 ], [ 35.1414337, 40.6909676 ], [ 35.232254, 40.7130241 ], [ 35.2684975, 40.6820412 ], [ 35.3229637, 40.684639 ], [ 35.3351402, 40.6546593 ], [ 35.4097404, 40.6309357 ], [ 35.4626045, 40.5726585 ], [ 35.5212517, 40.550663 ], [ 35.4741211, 40.5130119 ], [ 35.4612732, 40.464901 ], [ 35.4180489, 40.4506378 ], [ 35.4135246, 40.4109383 ], [ 35.3531113, 40.3667068 ], [ 35.3884048, 40.3149147 ], [ 35.3511238, 40.2490807 ], [ 35.1678085, 40.2209091 ], [ 35.1153183, 40.1025124 ], [ 35.1267014, 40.0356483 ], [ 35.0331917, 39.9976425 ], [ 34.9008331, 40.0011444 ], [ 34.7316933, 39.995079 ], [ 34.6701164, 39.9871521 ], [ 34.5688095, 39.9574165 ], [ 34.4990425, 39.9875145 ], [ 34.4115372, 39.9967041 ], [ 34.3676758, 39.9867668 ], [ 34.2910728, 39.9337692 ], [ 34.1347542, 39.9239235 ], [ 34.0401382, 39.9120941 ], [ 34.1047478, 40.0534019 ], [ 34.0543251, 40.1883965 ], [ 33.9686165, 40.2284431 ], [ 33.9391899, 40.2684822 ], [ 34.1299858, 40.4100266 ], [ 34.1365852, 40.4428368 ], [ 34.1079521, 40.475029 ], [ 34.1633453, 40.4998932 ], [ 34.1112823, 40.5648537 ], [ 34.0854225, 40.6243172 ], [ 34.1115913, 40.6589012 ], [ 34.0286675, 40.7742691 ], [ 33.897541, 40.8449898 ], [ 33.9601898, 40.8553352 ], [ 34.0261078, 40.8251038 ], [ 34.1688156, 40.8321724 ], [ 34.2325935, 40.8764229 ], [ 34.2368584, 40.9144669 ], [ 34.2831573, 40.9943199 ], [ 34.192585, 41.0705414 ], [ 34.2089462, 41.1714745 ], [ 34.2602768, 41.1960106 ], [ 34.3562241, 41.2854004 ], [ 34.3988533, 41.2870789 ], [ 34.4656219, 41.3315315 ], [ 34.5534592, 41.2924309 ], [ 34.643013, 41.3081779 ], [ 34.7177696, 41.2522202 ], [ 34.8482666, 41.2082138 ] ] ] ] } },
{ "type": "Feature", "properties": { "POLYGON_ID": "TUR_GAUL2012_ADM1_3041", "ADM0_ISO3": "TUR", "ADM0_NAME": "Turkey", "ADM0_CODE": 249, "ADM1_NAME": "Denizli", "ADM1_CODE": 3041, "GEOSET": "GAUL", "GEOSET_YEAR": 2012.0, "GEOSET_VERSION": "GAUL_v1", "GEOSET_UNIT": "ADM1", "CENTROID_LONG": 29.272526962894958, "CENTROID_LAT": 37.746586973551729 }, "geometry": { "type": "MultiPolygon", "coordinates": [ [ [ [ 29.881279, 37.768425 ], [ 29.7744541, 37.7043343 ], [ 29.5490265, 37.6423759 ], [ 29.5320435, 37.6149483 ], [ 29.5381718, 37.5347939 ], [ 29.5271435, 37.5048294 ], [ 29.5480042, 37.4695396 ], [ 29.6099567, 37.4404259 ], [ 29.6262856, 37.4068108 ], [ 29.5681362, 37.2921677 ], [ 29.5107079, 37.2816582 ], [ 29.4614182, 37.1941834 ], [ 29.4347591, 37.1170425 ], [ 29.4421024, 37.0691376 ], [ 29.3839378, 37.0264816 ], [ 29.3356953, 36.9416656 ], [ 29.3167782, 36.890316 ], [ 29.2689991, 36.860611 ], [ 29.1863308, 36.8763084 ], [ 29.113739, 36.925251 ], [ 29.1149578, 36.9985313 ], [ 29.0981312, 37.0675316 ], [ 29.0673752, 37.0999565 ], [ 28.9800663, 37.1322441 ], [ 28.8912849, 37.1828384 ], [ 28.8832703, 37.2459068 ], [ 28.7978039, 37.2658577 ], [ 28.7407627, 37.3154373 ], [ 28.7280979, 37.3484612 ], [ 28.664856, 37.3909149 ], [ 28.6369476, 37.4360924 ], [ 28.6298542, 37.4813843 ], [ 28.6173134, 37.5168648 ], [ 28.7496376, 37.6280022 ], [ 28.8191662, 37.6536255 ], [ 28.7965603, 37.704422 ], [ 28.8585129, 37.7450829 ], [ 28.8460026, 37.7770958 ], [ 28.7965469, 37.7891235 ], [ 28.7238312, 37.8735008 ], [ 28.7243729, 37.9200325 ], [ 28.8232021, 37.9663124 ], [ 28.8172169, 37.9857025 ], [ 28.7553406, 37.9931946 ], [ 28.7026863, 38.0662422 ], [ 28.6480846, 38.0908318 ], [ 28.7254696, 38.1276093 ], [ 28.7775993, 38.2031059 ], [ 28.8291302, 38.2378845 ], [ 28.8589211, 38.2385788 ], [ 28.9362946, 38.2421608 ], [ 29.0174942, 38.2668266 ], [ 29.1150494, 38.2503624 ], [ 29.1665554, 38.2556152 ], [ 29.2177029, 38.2392464 ], [ 29.3111668, 38.2661209 ], [ 29.3535366, 38.3009186 ], [ 29.4095879, 38.3182106 ], [ 29.5242805, 38.2777977 ], [ 29.5826893, 38.2437286 ], [ 29.6287327, 38.2722816 ], [ 29.6125889, 38.337307 ], [ 29.6350384, 38.3734589 ], [ 29.6335239, 38.4185867 ], [ 29.713768, 38.464592 ], [ 29.7417774, 38.4926414 ], [ 29.8292027, 38.4830704 ], [ 29.9061184, 38.4519043 ], [ 29.9551659, 38.3954353 ], [ 29.9502506, 38.3245697 ], [ 30.0121422, 38.2640152 ], [ 30.0693798, 38.2416992 ], [ 29.9942017, 38.1542397 ], [ 29.9470711, 38.1266251 ], [ 29.9342098, 38.0978889 ], [ 29.8914585, 38.0738106 ], [ 29.7974854, 38.0584221 ], [ 29.6882114, 37.9819603 ], [ 29.7001839, 37.9608269 ], [ 29.6752491, 37.8870811 ], [ 29.7066631, 37.8612442 ], [ 29.7521896, 37.8593636 ], [ 29.8662739, 37.7946892 ], [ 29.881279, 37.768425 ] ] ] ] } },
{ "type": "Feature", "properties": { "POLYGON_ID": "TUR_GAUL2012_ADM1_3042", "ADM0_ISO3": "TUR", "ADM0_NAME": "Turkey", "ADM0_CODE": 249, "ADM1_NAME": "Diyarbakir", "ADM1_CODE": 3042, "GEOSET": "GAUL", "GEOSET_YEAR": 2012.0, "GEOSET_VERSION": "GAUL_v1", "GEOSET_UNIT": "ADM1", "CENTROID_LONG": 40.344888177197632, "CENTROID_LAT": 38.106422822410948 }, "geometry": { "type": "MultiPolygon", "coordinates": [ [ [ [ 41.3868713, 38.483799 ], [ 41.3260803, 38.4552498 ], [ 41.2422943, 38.398735 ], [ 41.1978378, 38.3199196 ], [ 41.1783371, 38.2531395 ], [ 41.2340546, 38.1673584 ], [ 41.2413521, 38.1266136 ], [ 41.1801262, 38.0564957 ], [ 41.1309166, 37.9518738 ], [ 41.0895271, 37.9106941 ], [ 41.0310402, 37.8848877 ], [ 40.9998322, 37.8387871 ], [ 40.9984474, 37.7959785 ], [ 41.0633888, 37.772831 ], [ 41.0494385, 37.7343483 ], [ 40.9440956, 37.6838264 ], [ 40.8559647, 37.6768761 ], [ 40.7807732, 37.6936684 ], [ 40.6739807, 37.7415962 ], [ 40.6574821, 37.7298317 ], [ 40.6488571, 37.6341896 ], [ 40.5903473, 37.6079788 ], [ 40.515377, 37.5890427 ], [ 40.4615822, 37.5931816 ], [ 40.3337784, 37.5384941 ], [ 40.2395706, 37.5126534 ], [ 40.1737938, 37.546196 ], [ 40.0621719, 37.5464249 ], [ 39.9901047, 37.5060349 ], [ 39.9152412, 37.5081329 ], [ 39.8741493, 37.5689697 ], [ 39.8403473, 37.6446037 ], [ 39.8063049, 37.7750206 ], [ 39.7376747, 37.8051643 ], [ 39.626873, 37.8098145 ], [ 39.5425377, 37.8345642 ], [ 39.4551201, 37.8899002 ], [ 39.4094315, 37.9508171 ], [ 39.3798332, 37.9631538 ], [ 39.1900597, 37.9788132 ], [ 39.1166916, 38.0252686 ], [ 39.2010651, 38.0718422 ], [ 39.24617, 38.151947 ], [ 39.2352867, 38.1938934 ], [ 39.1989708, 38.2120323 ], [ 39.1253014, 38.1942787 ], [ 39.0946159, 38.2134171 ], [ 39.1202202, 38.2423477 ], [ 39.1353188, 38.3117294 ], [ 39.2247009, 38.3141556 ], [ 39.2633629, 38.3292961 ], [ 39.3728981, 38.317173 ], [ 39.5676956, 38.3055077 ], [ 39.7075424, 38.3540802 ], [ 39.8019485, 38.3802528 ], [ 39.8802795, 38.3840408 ], [ 39.8954582, 38.4348831 ], [ 39.9389763, 38.4573097 ], [ 40.1196251, 38.4642906 ], [ 40.1519012, 38.4571266 ], [ 40.2825012, 38.4641876 ], [ 40.3480492, 38.4698372 ], [ 40.3651543, 38.5054817 ], [ 40.4394112, 38.5497665 ], [ 40.4805145, 38.6142082 ], [ 40.5110741, 38.5881424 ], [ 40.5957375, 38.5627289 ], [ 40.6406479, 38.5614967 ], [ 40.6820297, 38.5916481 ], [ 40.7198029, 38.5580635 ], [ 40.7592125, 38.5522957 ], [ 40.8715553, 38.617691 ], [ 40.9571114, 38.6324348 ], [ 40.9896088, 38.6681862 ], [ 41.1111984, 38.7130623 ], [ 41.1564903, 38.7165184 ], [ 41.2727547, 38.714138 ], [ 41.3233681, 38.6692772 ], [ 41.3647614, 38.6068687 ], [ 41.3583145, 38.5360222 ], [ 41.3868713, 38.483799 ] ] ] ] } },
{ "type": "Feature", "properties": { "POLYGON_ID": "TUR_GAUL2012_ADM1_3043", "ADM0_ISO3": "TUR", "ADM0_NAME": "Turkey", "ADM0_CODE": 249, "ADM1_NAME": "Edirne", "ADM1_CODE": 3043, "GEOSET": "GAUL", "GEOSET_YEAR": 2012.0, "GEOSET_VERSION": "GAUL_v1", "GEOSET_UNIT": "ADM1", "CENTROID_LONG": 26.613534131621812, "CENTROID_LAT": 41.251901141353308 }, "geometry": { "type": "MultiPolygon", "coordinates": [ [ [ [ 26.9536724, 41.32444 ], [ 26.976387, 41.2631073 ], [ 26.9715233, 41.1941185 ], [ 26.949398, 41.1514282 ], [ 26.7805958, 41.0669975 ], [ 26.7261238, 41.0790977 ], [ 26.6780872, 41.0631714 ], [ 26.6883812, 41.0310097 ], [ 26.7541733, 41.0125122 ], [ 26.7710552, 40.9874916 ], [ 26.7586327, 40.9376755 ], [ 26.7196426, 40.8519173 ], [ 26.7453117, 40.815239 ], [ 26.7967892, 40.7761192 ], [ 26.800272, 40.7312889 ], [ 26.7595387, 40.6926308 ], [ 26.7715467, 40.6628776 ], [ 26.7061825, 40.6430397 ], [ 26.6437778, 40.6476288 ], [ 26.591095, 40.6355248 ], [ 26.5350552, 40.5982132 ], [ 26.4604778, 40.6243744 ], [ 26.4133053, 40.6064949 ], [ 26.3601704, 40.6141777 ], [ 26.3069954, 40.5998726 ], [ 26.1193333, 40.6041451 ], [ 26.0803337, 40.625309 ], [ 26.0695152, 40.6821823 ], [ 26.041151, 40.7455292 ], [ 26.10036, 40.74332 ], [ 26.13282, 40.7619 ], [ 26.15494, 40.80967 ], [ 26.2231696, 40.8546003 ], [ 26.22297, 40.89053 ], [ 26.29023, 40.89976 ], [ 26.2952, 40.94002 ], [ 26.35771, 40.95393 ], [ 26.33079, 40.98717 ], [ 26.3683287, 41.0260871 ], [ 26.31804, 41.0919 ], [ 26.33691, 41.15404 ], [ 26.31177, 41.18249 ], [ 26.3629, 41.25904 ], [ 26.4071068, 41.2604499 ], [ 26.46825, 41.29329 ], [ 26.50755, 41.33538 ], [ 26.55717, 41.34774 ], [ 26.5922, 41.32867 ], [ 26.63687, 41.35608 ], [ 26.63391, 41.4284 ], [ 26.59781, 41.53859 ], [ 26.5961381, 41.6154708 ], [ 26.51877, 41.6389 ], [ 26.49696, 41.66906 ], [ 26.41261, 41.69236 ], [ 26.3618884, 41.7196898 ], [ 26.33835, 41.74776 ], [ 26.38148, 41.83607 ], [ 26.53501, 41.83626 ], [ 26.581718, 41.8795887 ], [ 26.5808564, 41.9442157 ], [ 26.62385, 41.96848 ], [ 26.74919, 41.96741 ], [ 26.79025, 41.9878 ], [ 26.84389, 41.97403 ], [ 26.8708, 41.99237 ], [ 26.9606322, 42.0038298 ], [ 26.9809017, 41.9738007 ], [ 26.9630604, 41.942543 ], [ 26.969923, 41.8732529 ], [ 26.9928513, 41.7925491 ], [ 26.9550972, 41.6730995 ], [ 26.8952122, 41.6237068 ], [ 26.9823437, 41.6040726 ], [ 26.9576035, 41.5250359 ], [ 26.8804207, 41.4054604 ], [ 26.9121056, 41.3394051 ], [ 26.9536724, 41.32444 ] ] ] ] } },
{ "type": "Feature", "properties": { "POLYGON_ID": "TUR_GAUL2012_ADM1_3044", "ADM0_ISO3": "TUR", "ADM0_NAME": "Turkey", "ADM0_CODE": 249, "ADM1_NAME": "Elazig", "ADM1_CODE": 3044, "GEOSET": "GAUL", "GEOSET_YEAR": 2012.0, "GEOSET_VERSION": "GAUL_v1", "GEOSET_UNIT": "ADM1", "CENTROID_LONG": 39.399215157285482, "CENTROID_LAT": 38.664438004605465 }, "geometry": { "type": "MultiPolygon", "coordinates": [ [ [ [ 40.2825012, 38.4641876 ], [ 40.1519012, 38.4571266 ], [ 40.1196251, 38.4642906 ], [ 39.9389763, 38.4573097 ], [ 39.8954582, 38.4348831 ], [ 39.8802795, 38.3840408 ], [ 39.8019485, 38.3802528 ], [ 39.7075424, 38.3540802 ], [ 39.5676956, 38.3055077 ], [ 39.3728981, 38.317173 ], [ 39.2633629, 38.3292961 ], [ 39.2247009, 38.3141556 ], [ 39.1353188, 38.3117294 ], [ 39.0971107, 38.3559608 ], [ 38.9663544, 38.3204689 ], [ 38.8747025, 38.3961105 ], [ 38.8428917, 38.4044914 ], [ 38.8268929, 38.4491043 ], [ 38.7071228, 38.4181328 ], [ 38.6705246, 38.4377251 ], [ 38.5763855, 38.4505425 ], [ 38.5475578, 38.4776306 ], [ 38.4372444, 38.501297 ], [ 38.3896103, 38.5192528 ], [ 38.3592682, 38.5639267 ], [ 38.3560524, 38.604866 ], [ 38.3756905, 38.6636238 ], [ 38.4672775, 38.7044907 ], [ 38.4653206, 38.7458267 ], [ 38.5341377, 38.7657547 ], [ 38.6449852, 38.7623558 ], [ 38.6359253, 38.7926865 ], [ 38.6560287, 38.8302879 ], [ 38.5474243, 38.9067078 ], [ 38.5320702, 38.9305 ], [ 38.6278152, 38.9906845 ], [ 38.6852188, 39.0454903 ], [ 38.7017441, 39.0225792 ], [ 38.75103, 39.0176659 ], [ 38.7777023, 39.001152 ], [ 38.7914963, 38.9513359 ], [ 38.7493515, 38.9220657 ], [ 38.7473297, 38.8968353 ], [ 38.8206482, 38.875885 ], [ 38.9965706, 38.9036407 ], [ 39.1386757, 38.8848534 ], [ 39.1776161, 38.8700027 ], [ 39.2674255, 38.8597221 ], [ 39.3034706, 38.8257103 ], [ 39.3574677, 38.8138161 ], [ 39.3876495, 38.7716103 ], [ 39.4365349, 38.7879105 ], [ 39.5010567, 38.7734756 ], [ 39.5220947, 38.8130875 ], [ 39.6052322, 38.8156242 ], [ 39.6337051, 38.8045197 ], [ 39.7095833, 38.8099136 ], [ 39.7910118, 38.8355942 ], [ 39.8665199, 38.908287 ], [ 39.8832512, 38.9831619 ], [ 39.9066162, 39.011425 ], [ 39.8689003, 39.0543633 ], [ 39.9158592, 39.0962791 ], [ 39.9705887, 39.0874596 ], [ 40.086441, 39.127327 ], [ 40.120472, 39.1595573 ], [ 40.2083321, 39.176857 ], [ 40.2754822, 39.1684456 ], [ 40.310585, 39.1358948 ], [ 40.3037796, 39.1019058 ], [ 40.2524796, 39.0443649 ], [ 40.2265778, 38.9130249 ], [ 40.2486763, 38.8934402 ], [ 40.2485886, 38.8408394 ], [ 40.3130264, 38.8335075 ], [ 40.3446503, 38.7883072 ], [ 40.3124199, 38.7537575 ], [ 40.2333374, 38.7155113 ], [ 40.2167397, 38.68396 ], [ 40.1668701, 38.6661339 ], [ 40.1539917, 38.60672 ], [ 40.2269859, 38.5468521 ], [ 40.2825012, 38.4641876 ] ] ] ] } },
{ "type": "Feature", "properties": { "POLYGON_ID": "TUR_GAUL2012_ADM1_3045", "ADM0_ISO3": "TUR", "ADM0_NAME": "Turkey", "ADM0_CODE": 249, "ADM1_NAME": "Erzincan", "ADM1_CODE": 3045, "GEOSET": "GAUL", "GEOSET_YEAR": 2012.0, "GEOSET_VERSION": "GAUL_v1", "GEOSET_UNIT": "ADM1", "CENTROID_LONG": 39.280903289977218, "CENTROID_LAT": 39.659260870657484 }, "geometry": { "type": "MultiPolygon", "coordinates": [ [ [ [ 38.9993973, 40.0345764 ], [ 39.0665474, 40.0023155 ], [ 39.0974083, 40.0061836 ], [ 39.1436653, 39.9571037 ], [ 39.2754631, 39.9285812 ], [ 39.2987061, 39.8993797 ], [ 39.3878403, 39.8892899 ], [ 39.473774, 39.8647728 ], [ 39.5283394, 39.8859863 ], [ 39.5584297, 39.8420715 ], [ 39.6039352, 39.8413734 ], [ 39.6685066, 39.8057175 ], [ 39.7113266, 39.8576965 ], [ 39.8190498, 39.920311 ], [ 39.8809471, 39.9920273 ], [ 39.9748917, 40.0571823 ], [ 40.0300674, 40.0708694 ], [ 40.2549706, 40.0302277 ], [ 40.3118896, 40.0358124 ], [ 40.3049774, 40.0078545 ], [ 40.2541122, 39.9624405 ], [ 40.357872, 39.8845558 ], [ 40.4183693, 39.901432 ], [ 40.4853706, 39.8902626 ], [ 40.58358, 39.8445282 ], [ 40.5836258, 39.8063431 ], [ 40.5345726, 39.7512894 ], [ 40.5630951, 39.7030144 ], [ 40.6733208, 39.6280479 ], [ 40.6540985, 39.5879211 ], [ 40.7706451, 39.5327492 ], [ 40.7209969, 39.5131683 ], [ 40.6531372, 39.5150833 ], [ 40.5664139, 39.5335388 ], [ 40.4929848, 39.5126991 ], [ 40.4323692, 39.518631 ], [ 40.3983154, 39.5715866 ], [ 40.3618889, 39.5899162 ], [ 40.2846527, 39.5760765 ], [ 40.1710014, 39.5751991 ], [ 40.0625916, 39.5496025 ], [ 40.0108337, 39.5673027 ], [ 39.8145676, 39.5965309 ], [ 39.8060188, 39.5327339 ], [ 39.5789719, 39.4416618 ], [ 39.5417328, 39.4728928 ], [ 39.5260391, 39.5103264 ], [ 39.4615288, 39.494278 ], [ 39.4207802, 39.498558 ], [ 39.3129425, 39.4512215 ], [ 39.2795219, 39.4835663 ], [ 39.1960297, 39.4670296 ], [ 39.1165276, 39.4668999 ], [ 39.0624237, 39.4252243 ], [ 39.0464859, 39.3924522 ], [ 38.9822006, 39.3467331 ], [ 38.9077225, 39.3335609 ], [ 38.8391762, 39.3604584 ], [ 38.8006973, 39.3439407 ], [ 38.8071022, 39.2892075 ], [ 38.8638573, 39.2940903 ], [ 38.9370537, 39.2772102 ], [ 38.9515877, 39.2505608 ], [ 38.8728561, 39.2147827 ], [ 38.7815933, 39.216465 ], [ 38.7731857, 39.1750488 ], [ 38.7345734, 39.1447105 ], [ 38.75103, 39.0176659 ], [ 38.7017441, 39.0225792 ], [ 38.6852188, 39.0454903 ], [ 38.5941772, 39.1103477 ], [ 38.4927292, 39.1437569 ], [ 38.3895874, 39.1083488 ], [ 38.3029785, 39.1437874 ], [ 38.317379, 39.2127495 ], [ 38.3558502, 39.2670784 ], [ 38.3336716, 39.3530579 ], [ 38.3775711, 39.372406 ], [ 38.390049, 39.4501877 ], [ 38.3175507, 39.4735603 ], [ 38.2611923, 39.5387192 ], [ 38.3307495, 39.5747948 ], [ 38.3304291, 39.6752472 ], [ 38.3606033, 39.7312393 ], [ 38.3527641, 39.76408 ], [ 38.4036751, 39.7810326 ], [ 38.4507256, 39.8300743 ], [ 38.3603859, 39.9198875 ], [ 38.4586716, 39.9892349 ], [ 38.5502548, 39.9612503 ], [ 38.5979042, 39.985321 ], [ 38.7235565, 39.9894791 ], [ 38.7598953, 40.0165405 ], [ 38.7719154, 40.075264 ], [ 38.8691368, 40.055687 ], [ 38.9311485, 40.0324593 ], [ 38.9993973, 40.0345764 ] ] ] ] } },
{ "type": "Feature", "properties": { "POLYGON_ID": "TUR_GAUL2012_ADM1_3046", "ADM0_ISO3": "TUR", "ADM0_NAME": "Turkey", "ADM0_CODE": 249, "ADM1_NAME": "Erzurum", "ADM1_CODE": 3046, "GEOSET": "GAUL", "GEOSET_YEAR": 2012.0, "GEOSET_VERSION": "GAUL_v1", "GEOSET_UNIT": "ADM1", "CENTROID_LONG": 41.555446924429084, "CENTROID_LAT": 40.068369480856155 }, "geometry": { "type": "MultiPolygon", "coordinates": [ [ [ [ 42.3271103, 40.9210587 ], [ 42.3407784, 40.8799019 ], [ 42.4190636, 40.8204651 ], [ 42.4940796, 40.7843857 ], [ 42.5333328, 40.7535706 ], [ 42.5599747, 40.6464844 ], [ 42.5276871, 40.5459442 ], [ 42.540596, 40.4600868 ], [ 42.5019875, 40.4084358 ], [ 42.4351692, 40.3966827 ], [ 42.3917618, 40.3533058 ], [ 42.2761383, 40.3108521 ], [ 42.192215, 40.2903748 ], [ 42.1822662, 40.2567062 ], [ 42.3356209, 40.163578 ], [ 42.3940773, 40.1462975 ], [ 42.5460472, 40.0176315 ], [ 42.5765266, 40.0022736 ], [ 42.587883, 39.9315834 ], [ 42.4305801, 39.90905 ], [ 42.4107933, 39.8876762 ], [ 42.3104706, 39.8461876 ], [ 42.2658653, 39.837677 ], [ 42.2462311, 39.7865372 ], [ 42.391861, 39.7184906 ], [ 42.479908, 39.6652527 ], [ 42.569725, 39.647625 ], [ 42.5508728, 39.6127663 ], [ 42.4760895, 39.5940895 ], [ 42.3547211, 39.5009689 ], [ 42.2985992, 39.4944801 ], [ 42.2793274, 39.4637413 ], [ 42.211422, 39.4329033 ], [ 42.1811867, 39.3854675 ], [ 42.1837387, 39.3322258 ], [ 42.1326485, 39.3001213 ], [ 41.9999924, 39.2744713 ], [ 41.9377327, 39.2521935 ], [ 41.7778358, 39.1678886 ], [ 41.723835, 39.1541748 ], [ 41.6363831, 39.1494141 ], [ 41.6074524, 39.160305 ], [ 41.6004715, 39.2483253 ], [ 41.5167694, 39.2699013 ], [ 41.4570541, 39.3105469 ], [ 41.4067154, 39.3269234 ], [ 41.2821617, 39.3217049 ], [ 41.2396431, 39.3345451 ], [ 41.1965904, 39.3705673 ], [ 41.1458664, 39.3905907 ], [ 41.0731812, 39.4430771 ], [ 40.9816475, 39.4427338 ], [ 40.9497414, 39.4765816 ], [ 40.9045448, 39.4829254 ], [ 40.8141289, 39.5352936 ], [ 40.7706451, 39.5327492 ], [ 40.6540985, 39.5879211 ], [ 40.6733208, 39.6280479 ], [ 40.5630951, 39.7030144 ], [ 40.5345726, 39.7512894 ], [ 40.5836258, 39.8063431 ], [ 40.58358, 39.8445282 ], [ 40.4853706, 39.8902626 ], [ 40.4183693, 39.901432 ], [ 40.357872, 39.8845558 ], [ 40.2541122, 39.9624405 ], [ 40.3049774, 40.0078545 ], [ 40.3118896, 40.0358124 ], [ 40.4074135, 40.0139961 ], [ 40.439888, 40.0186577 ], [ 40.5568237, 40.0919533 ], [ 40.669735, 40.1154213 ], [ 40.6994095, 40.1362762 ], [ 40.7023506, 40.1891937 ], [ 40.7359505, 40.2272148 ], [ 40.6536942, 40.2466698 ], [ 40.6105766, 40.2737694 ], [ 40.5551682, 40.2456551 ], [ 40.5178642, 40.2655258 ], [ 40.5515404, 40.3043976 ], [ 40.5337486, 40.344223 ], [ 40.5892601, 40.3606796 ], [ 40.5567627, 40.4126205 ], [ 40.5933075, 40.5385017 ], [ 40.6764107, 40.5978584 ], [ 40.7580071, 40.6070366 ], [ 40.7781487, 40.6457176 ], [ 40.8304901, 40.6643448 ], [ 40.8281441, 40.7326889 ], [ 40.9607887, 40.7376595 ], [ 41.0061989, 40.7643471 ], [ 41.0996819, 40.7865181 ], [ 41.1552315, 40.8331566 ], [ 41.1897926, 40.797245 ], [ 41.2968636, 40.7799187 ], [ 41.3523216, 40.7265434 ], [ 41.3178902, 40.6543579 ], [ 41.3364906, 40.5735474 ], [ 41.3652382, 40.5621796 ], [ 41.4509659, 40.6049805 ], [ 41.5511131, 40.6787529 ], [ 41.6125488, 40.6957283 ], [ 41.7436142, 40.6623001 ], [ 41.8060188, 40.6618843 ], [ 41.8235245, 40.6859932 ], [ 41.8337936, 40.7537842 ], [ 41.8567505, 40.8014374 ], [ 41.8478889, 40.8634338 ], [ 41.9154816, 40.9201469 ], [ 41.9707222, 40.945694 ], [ 42.077301, 40.9517746 ], [ 42.2654343, 40.9204826 ], [ 42.3271103, 40.9210587 ] ] ] ] } },
{ "type": "Feature", "properties": { "POLYGON_ID": "TUR_GAUL2012_ADM1_3047", "ADM0_ISO3": "TUR", "ADM0_NAME": "Turkey", "ADM0_CODE": 249, "ADM1_NAME": "Eskisehir", "ADM1_CODE": 3047, "GEOSET": "GAUL", "GEOSET_YEAR": 2012.0, "GEOSET_VERSION": "GAUL_v1", "GEOSET_UNIT": "ADM1", "CENTROID_LONG": 31.088786514732941, "CENTROID_LAT": 39.613425373623286 }, "geometry": { "type": "MultiPolygon", "coordinates": [ [ [ [ 30.8523121, 40.1088715 ], [ 30.8570614, 40.065052 ], [ 30.9455776, 40.0249214 ], [ 30.9915142, 40.0279655 ], [ 31.0440502, 40.0545349 ], [ 31.1183739, 40.0702782 ], [ 31.1802578, 40.051918 ], [ 31.2245007, 40.0625877 ], [ 31.3822041, 40.0626564 ], [ 31.4232807, 40.0231934 ], [ 31.4605942, 40.0411263 ], [ 31.5318336, 40.0392876 ], [ 31.6091824, 40.0218658 ], [ 31.6570511, 40.0435524 ], [ 31.7100639, 40.0188103 ], [ 31.701231, 39.9905739 ], [ 31.7491684, 39.9703789 ], [ 31.7451916, 39.9297752 ], [ 31.7695427, 39.901825 ], [ 31.8517685, 39.8561668 ], [ 31.8964005, 39.8170357 ], [ 31.8284569, 39.7590523 ], [ 31.9564629, 39.6326942 ], [ 31.9461689, 39.5815887 ], [ 31.9958267, 39.4941635 ], [ 31.9875546, 39.3627777 ], [ 32.0415497, 39.3187218 ], [ 32.0410461, 39.292244 ], [ 32.0054703, 39.2290344 ], [ 31.9681072, 39.2476463 ], [ 31.9178295, 39.2127533 ], [ 31.839922, 39.1770782 ], [ 31.8071594, 39.1498451 ], [ 31.7577724, 39.1039848 ], [ 31.6981678, 39.0928612 ], [ 31.6571999, 39.1135025 ], [ 31.6131802, 39.1107483 ], [ 31.5795269, 39.0842209 ], [ 31.5416489, 39.1263924 ], [ 31.4270973, 39.139843 ], [ 31.3291721, 39.2763214 ], [ 31.2990971, 39.2883072 ], [ 31.2534714, 39.2687492 ], [ 31.1816559, 39.2791519 ], [ 31.1104603, 39.2472458 ], [ 31.1157742, 39.1852989 ], [ 31.0537586, 39.2152176 ], [ 31.0191135, 39.1740379 ], [ 30.9293461, 39.2418365 ], [ 30.874361, 39.2359886 ], [ 30.8638763, 39.2067871 ], [ 30.8948784, 39.1725159 ], [ 30.9491749, 39.1494522 ], [ 30.9319592, 39.1277046 ], [ 30.8255863, 39.1228371 ], [ 30.7754631, 39.0998611 ], [ 30.6746178, 39.1489296 ], [ 30.6194077, 39.1346245 ], [ 30.5670719, 39.1534309 ], [ 30.529768, 39.2092094 ], [ 30.4324303, 39.2288895 ], [ 30.3930721, 39.2757149 ], [ 30.3379517, 39.3781395 ], [ 30.377182, 39.4139137 ], [ 30.3793259, 39.5006065 ], [ 30.3556366, 39.5296021 ], [ 30.2842846, 39.5570564 ], [ 30.2330952, 39.6060829 ], [ 30.2278557, 39.6760826 ], [ 30.098877, 39.6834335 ], [ 30.050354, 39.665699 ], [ 30.0154018, 39.6872787 ], [ 30.0087223, 39.7380753 ], [ 30.0683899, 39.8176346 ], [ 30.1047688, 39.8506317 ], [ 30.1849613, 39.860878 ], [ 30.255003, 39.840107 ], [ 30.2930012, 39.8545494 ], [ 30.295557, 39.9138107 ], [ 30.3570786, 39.9412346 ], [ 30.3889961, 40.0089302 ], [ 30.4346867, 40.003849 ], [ 30.4885998, 40.0370712 ], [ 30.5321674, 40.1152649 ], [ 30.592598, 40.1458397 ], [ 30.6602535, 40.1529541 ], [ 30.7772388, 40.1462517 ], [ 30.8523121, 40.1088715 ] ] ] ] } },
{ "type": "Feature", "properties": { "POLYGON_ID": "TUR_GAUL2012_ADM1_3048", "ADM0_ISO3": "TUR", "ADM0_NAME": "Turkey", "ADM0_CODE": 249, "ADM1_NAME": "Gaziantep", "ADM1_CODE": 3048, "GEOSET": "GAUL", "GEOSET_YEAR": 2012.0, "GEOSET_VERSION": "GAUL_v1", "GEOSET_UNIT": "ADM1", "CENTROID_LONG": 37.376273884472646, "CENTROID_LAT": 37.07810944106911 }, "geometry": { "type": "MultiPolygon", "coordinates": [ [ [ [ 37.9828568, 37.4427834 ], [ 37.9412003, 37.3866692 ], [ 37.8737755, 37.3484955 ], [ 37.8414917, 37.2766037 ], [ 37.8765869, 37.2367516 ], [ 37.8327179, 37.2027817 ], [ 37.8800049, 37.1380196 ], [ 37.8559723, 37.0875359 ], [ 37.9027786, 37.04459 ], [ 37.9843903, 37.0478706 ], [ 37.9667778, 37.0180092 ], [ 37.9761429, 36.9783897 ], [ 38.031929, 36.8918915 ], [ 38.0239703, 36.8267052 ], [ 37.79121, 36.74859 ], [ 37.73375, 36.7495 ], [ 37.65514, 36.73141 ], [ 37.5743863, 36.6966023 ], [ 37.5066605, 36.7426987 ], [ 37.5084686, 36.7774735 ], [ 37.4409561, 36.8102722 ], [ 37.3955612, 36.7988434 ], [ 37.3923569, 36.7372017 ], [ 37.3460846, 36.7289848 ], [ 37.3444138, 36.774044 ], [ 37.3005829, 36.7968178 ], [ 37.2802315, 36.8511887 ], [ 37.1932907, 36.893692 ], [ 37.1276512, 36.9078102 ], [ 37.060482, 36.9396172 ], [ 37.0581017, 36.9889069 ], [ 36.9943085, 37.0228462 ], [ 36.9521637, 37.0211792 ], [ 36.9331055, 36.9733391 ], [ 36.8670692, 36.9196739 ], [ 36.8057938, 36.9297371 ], [ 36.7898254, 36.9001656 ], [ 36.7332878, 36.8579102 ], [ 36.7438689, 36.8222789 ], [ 36.676364, 36.8231929 ], [ 36.6292572, 36.8731308 ], [ 36.5836143, 36.8889465 ], [ 36.5079384, 36.8870964 ], [ 36.4652176, 36.910984 ], [ 36.4782448, 36.9668655 ], [ 36.5865135, 37.0816383 ], [ 36.6189461, 37.1464462 ], [ 36.7031212, 37.2011108 ], [ 36.8113327, 37.2300148 ], [ 36.8656425, 37.2717781 ], [ 36.8905106, 37.3325195 ], [ 36.9559669, 37.3020401 ], [ 36.9655571, 37.2361183 ], [ 37.0113182, 37.2167244 ], [ 37.0407867, 37.1753769 ], [ 37.0949631, 37.1915016 ], [ 37.1130638, 37.2405624 ], [ 37.1922646, 37.2948914 ], [ 37.2435532, 37.3159332 ], [ 37.3664398, 37.32061 ], [ 37.4340668, 37.3324585 ], [ 37.4965286, 37.3573265 ], [ 37.5568771, 37.3602638 ], [ 37.5752411, 37.4083176 ], [ 37.6295624, 37.45224 ], [ 37.6428299, 37.4942894 ], [ 37.6855125, 37.4895592 ], [ 37.6978264, 37.5212288 ], [ 37.7494164, 37.5321083 ], [ 37.8307457, 37.5058136 ], [ 37.8963509, 37.4959106 ], [ 37.9828568, 37.4427834 ] ] ] ] } },
{ "type": "Feature", "properties": { "POLYGON_ID": "TUR_GAUL2012_ADM1_3049", "ADM0_ISO3": "TUR", "ADM0_NAME": "Turkey", "ADM0_CODE": 249, "ADM1_NAME": "Giresun", "ADM1_CODE": 3049, "GEOSET": "GAUL", "GEOSET_YEAR": 2012.0, "GEOSET_VERSION": "GAUL_v1", "GEOSET_UNIT": "ADM1", "CENTROID_LONG": 38.575980290296535, "CENTROID_LAT": 40.5809525601696 }, "geometry": { "type": "MultiPolygon", "coordinates": [ [ [ [ 39.1737556, 40.8338509 ], [ 39.1184196, 40.7952499 ], [ 39.068367, 40.7988319 ], [ 39.0010872, 40.7360077 ], [ 38.8635979, 40.6807556 ], [ 38.783062, 40.5497856 ], [ 38.8127365, 40.511982 ], [ 38.9810562, 40.4671974 ], [ 39.0575447, 40.4010315 ], [ 39.0780678, 40.3513603 ], [ 39.0233917, 40.3452263 ], [ 38.9593658, 40.2733078 ], [ 38.8976479, 40.2304001 ], [ 38.8788719, 40.1454468 ], [ 38.8937111, 40.124176 ], [ 38.9762154, 40.0902443 ], [ 38.9993973, 40.0345764 ], [ 38.9311485, 40.0324593 ], [ 38.8691368, 40.055687 ], [ 38.7719154, 40.075264 ], [ 38.7278748, 40.0649719 ], [ 38.6396446, 40.1009674 ], [ 38.5704079, 40.1134491 ], [ 38.5176239, 40.1631165 ], [ 38.461441, 40.1625786 ], [ 38.423214, 40.1273651 ], [ 38.2963257, 40.1931992 ], [ 38.2041817, 40.2133408 ], [ 38.1836052, 40.270668 ], [ 38.1914101, 40.3566895 ], [ 38.1335411, 40.4251213 ], [ 38.1052017, 40.4993553 ], [ 38.1489983, 40.5162468 ], [ 38.1874123, 40.5809822 ], [ 38.1621437, 40.5959167 ], [ 38.0669518, 40.5901566 ], [ 38.0378838, 40.6035957 ], [ 38.0355988, 40.6878204 ], [ 37.9661217, 40.6974297 ], [ 37.9557533, 40.7274895 ], [ 38.0026894, 40.7907448 ], [ 37.9956322, 40.8434753 ], [ 38.0448456, 40.8927231 ], [ 38.0655365, 40.9356842 ], [ 38.1254432, 40.9514015 ], [ 38.2011261, 40.9347305 ], [ 38.2899666, 40.942215 ], [ 38.3549385, 40.9087372 ], [ 38.5446014, 40.9201965 ], [ 38.6149216, 40.9642563 ], [ 38.7180481, 40.949028 ], [ 38.794445, 40.9993896 ], [ 38.8753548, 41.0099831 ], [ 38.9222603, 41.0373802 ], [ 39.0572166, 41.0358276 ], [ 39.1745701, 41.0763552 ], [ 39.1590538, 41.0224152 ], [ 39.1816711, 40.9446411 ], [ 39.1280632, 40.8987465 ], [ 39.1737556, 40.8338509 ] ] ] ] } },
{ "type": "Feature", "properties": { "POLYGON_ID": "TUR_GAUL2012_ADM1_3050", "ADM0_ISO3": "TUR", "ADM0_NAME": "Turkey", "ADM0_CODE": 249, "ADM1_NAME": "Gumushane", "ADM1_CODE": 3050, "GEOSET": "GAUL", "GEOSET_YEAR": 2012.0, "GEOSET_VERSION": "GAUL_v1", "GEOSET_UNIT": "ADM1", "CENTROID_LONG": 39.394437134069129, "CENTROID_LAT": 40.337716511732893 }, "geometry": { "type": "MultiPolygon", "coordinates": [ [ [ [ 40.145977, 40.5715027 ], [ 40.0871696, 40.5181694 ], [ 40.0035782, 40.4668846 ], [ 39.9319305, 40.4758873 ], [ 39.8745537, 40.4496078 ], [ 39.8811455, 40.3877182 ], [ 39.8589401, 40.3752251 ], [ 39.8342247, 40.3156929 ], [ 39.8352394, 40.2348289 ], [ 39.8013916, 40.160553 ], [ 39.7041092, 40.1428795 ], [ 39.6764603, 40.1247597 ], [ 39.6576958, 40.0756607 ], [ 39.6809235, 40.0164795 ], [ 39.7153664, 39.9867592 ], [ 39.7718277, 39.9681282 ], [ 39.8190498, 39.920311 ], [ 39.7113266, 39.8576965 ], [ 39.6685066, 39.8057175 ], [ 39.6039352, 39.8413734 ], [ 39.5584297, 39.8420715 ], [ 39.5283394, 39.8859863 ], [ 39.473774, 39.8647728 ], [ 39.3878403, 39.8892899 ], [ 39.2987061, 39.8993797 ], [ 39.2754631, 39.9285812 ], [ 39.1436653, 39.9571037 ], [ 39.0974083, 40.0061836 ], [ 39.0665474, 40.0023155 ], [ 38.9993973, 40.0345764 ], [ 38.9762154, 40.0902443 ], [ 38.8937111, 40.124176 ], [ 38.8788719, 40.1454468 ], [ 38.8976479, 40.2304001 ], [ 38.9593658, 40.2733078 ], [ 39.0233917, 40.3452263 ], [ 39.0780678, 40.3513603 ], [ 39.0575447, 40.4010315 ], [ 38.9810562, 40.4671974 ], [ 38.8127365, 40.511982 ], [ 38.783062, 40.5497856 ], [ 38.8635979, 40.6807556 ], [ 39.0010872, 40.7360077 ], [ 39.068367, 40.7988319 ], [ 39.1184196, 40.7952499 ], [ 39.1737556, 40.8338509 ], [ 39.2945595, 40.731945 ], [ 39.3563004, 40.6564064 ], [ 39.4496384, 40.6598167 ], [ 39.5192413, 40.6275444 ], [ 39.597683, 40.6113548 ], [ 39.6559715, 40.5847397 ], [ 39.6972847, 40.545475 ], [ 39.7640724, 40.6222763 ], [ 39.7679596, 40.6978645 ], [ 39.8439941, 40.7296906 ], [ 39.8532906, 40.6982765 ], [ 39.8293533, 40.6306686 ], [ 39.8849411, 40.6339226 ], [ 39.9274559, 40.5985985 ], [ 39.9674454, 40.5973663 ], [ 39.9877625, 40.6487846 ], [ 40.0478249, 40.6576042 ], [ 40.0573616, 40.6070442 ], [ 40.145977, 40.5715027 ] ] ] ] } },
{ "type": "Feature", "properties": { "POLYGON_ID": "TUR_GAUL2012_ADM1_3051", "ADM0_ISO3": "TUR", "ADM0_NAME": "Turkey", "ADM0_CODE": 249, "ADM1_NAME": "Hakkari", "ADM1_CODE": 3051, "GEOSET": "GAUL", "GEOSET_YEAR": 2012.0, "GEOSET_VERSION": "GAUL_v1", "GEOSET_UNIT": "ADM1", "CENTROID_LONG": 44.079429140967662, "CENTROID_LAT": 37.457446585807226 }, "geometry": { "type": "MultiPolygon", "coordinates": [ [ [ [ 44.784167, 37.1447642 ], [ 44.7753994, 37.1485468 ], [ 44.7726154, 37.1550427 ], [ 44.7721514, 37.1635017 ], [ 44.76537, 37.1663571 ], [ 44.7014458, 37.169034 ], [ 44.7009818, 37.1730315 ], [ 44.6990187, 37.1748161 ], [ 44.6961457, 37.1744493 ], [ 44.6679667, 37.1732099 ], [ 44.6676098, 37.1766363 ], [ 44.6652898, 37.1784209 ], [ 44.6565453, 37.1809551 ], [ 44.6525503, 37.1854845 ], [ 44.6509417, 37.1873082 ], [ 44.6474439, 37.1877008 ], [ 44.5803063, 37.1604352 ], [ 44.470768, 37.0722857 ], [ 44.3958149, 37.0484078 ], [ 44.3963146, 37.0515487 ], [ 44.3898907, 37.0561594 ], [ 44.387463, 37.0579018 ], [ 44.3805225, 37.0563994 ], [ 44.3515101, 37.0411112 ], [ 44.350165, 37.0397704 ], [ 44.3585526, 37.0338812 ], [ 44.3649357, 37.0293087 ], [ 44.3415275, 37.0061843 ], [ 44.338458, 37.0027221 ], [ 44.3089497, 36.9709296 ], [ 44.3094137, 36.9667179 ], [ 44.3127331, 36.9669321 ], [ 44.3067725, 36.9628989 ], [ 44.2939948, 36.971572 ], [ 44.2937093, 36.9735351 ], [ 44.292353, 36.9737849 ], [ 44.2704382, 36.973428 ], [ 44.2693317, 36.9782464 ], [ 44.263157, 36.9790316 ], [ 44.254127, 36.9808519 ], [ 44.2600161, 36.9895964 ], [ 44.2560543, 36.9940579 ], [ 44.2507362, 36.9991262 ], [ 44.246703, 37.0090485 ], [ 44.2401714, 37.0087273 ], [ 44.2347106, 37.0215407 ], [ 44.2285716, 37.0546985 ], [ 44.2250737, 37.0550911 ], [ 44.222147, 37.0573754 ], [ 44.2213261, 37.0615157 ], [ 44.2159009, 37.0667267 ], [ 44.20373, 37.0738294 ], [ 44.1999823, 37.0739007 ], [ 44.1970556, 37.078041 ], [ 44.198626, 37.0901049 ], [ 44.1889178, 37.0938882 ], [ 44.1880969, 37.0997774 ], [ 44.2267428, 37.1568114 ], [ 44.2806019, 37.1630932 ], [ 44.2786143, 37.195681 ], [ 44.2761015, 37.1922101 ], [ 44.268633, 37.1954608 ], [ 44.2669261, 37.1999327 ], [ 44.271102, 37.242763 ], [ 44.2590739, 37.2485094 ], [ 44.2547551, 37.2486165 ], [ 44.2502223, 37.2520429 ], [ 44.2504007, 37.2577179 ], [ 44.2449042, 37.267783 ], [ 44.2406568, 37.2696747 ], [ 44.2312225, 37.2805224 ], [ 44.2308699, 37.2806055 ], [ 44.2134953, 37.2788118 ], [ 44.2046794, 37.2851293 ], [ 44.1907952, 37.2907686 ], [ 44.1882968, 37.2935169 ], [ 44.1754834, 37.2953372 ], [ 44.1724853, 37.2987279 ], [ 44.1686765, 37.3006678 ], [ 44.1563168, 37.2987279 ], [ 44.1504991, 37.3060091 ], [ 44.1427896, 37.3118268 ], [ 44.1340808, 37.3151105 ], [ 44.1284771, 37.3196791 ], [ 44.1182336, 37.3176446 ], [ 44.0687719, 37.3127394 ], [ 44.0704851, 37.3150237 ], [ 44.066559, 37.3183073 ], [ 44.0603843, 37.3165584 ], [ 44.0442427, 37.3210055 ], [ 44.0427882, 37.3234827 ], [ 44.0383347, 37.3213007 ], [ 44.0372736, 37.3212209 ], [ 44.0357569, 37.3238753 ], [ 44.0351136, 37.3229154 ], [ 44.027048, 37.314988 ], [ 44.0273336, 37.3205559 ], [ 44.0231576, 37.3260525 ], [ 44.0177682, 37.3219479 ], [ 43.95777, 37.2897181 ], [ 43.9468483, 37.2477444 ], [ 43.9338308, 37.244423 ], [ 43.9375037, 37.2418095 ], [ 43.8923698, 37.2180304 ], [ 43.8887819, 37.2217399 ], [ 43.8713899, 37.2208885 ], [ 43.8336262, 37.1946181 ], [ 43.8305192, 37.1989794 ], [ 43.8209234, 37.2085571 ], [ 43.8173185, 37.21077 ], [ 43.8176041, 37.2145533 ], [ 43.8144275, 37.2212991 ], [ 43.8101801, 37.2230837 ], [ 43.7445182, 37.226709 ], [ 43.7396284, 37.2301711 ], [ 43.7271719, 37.2315631 ], [ 43.6235855, 37.2194024 ], [ 43.6218094, 37.2259238 ], [ 43.6072828, 37.2353821 ], [ 43.6039142, 37.2334532 ], [ 43.598681, 37.2304567 ], [ 43.5874727, 37.2359285 ], [ 43.5866874, 37.2395334 ], [ 43.5736745, 37.2526954 ], [ 43.5694839, 37.254988 ], [ 43.5162851, 37.2373651 ], [ 43.4775681, 37.2509586 ], [ 43.4793098, 37.2605196 ], [ 43.4721072, 37.2625942 ], [ 43.462399, 37.2691258 ], [ 43.4462663, 37.2712673 ], [ 43.4188906, 37.2800832 ], [ 43.4154284, 37.2830457 ], [ 43.4118236, 37.2902554 ], [ 43.407255, 37.2890062 ], [ 43.3937991, 37.2955378 ], [ 43.3927998, 37.3036756 ], [ 43.3750966, 37.3054959 ], [ 43.3725625, 37.3109567 ], [ 43.3742757, 37.3152041 ], [ 43.3677797, 37.3191302 ], [ 43.3638893, 37.3257689 ], [ 43.3482563, 37.3260544 ], [ 43.3353039, 37.3248455 ], [ 43.3450928, 37.398365 ], [ 43.3093224, 37.4917107 ], [ 43.3156319, 37.5528183 ], [ 43.3853073, 37.5677528 ], [ 43.4507027, 37.6025238 ], [ 43.4774132, 37.6343689 ], [ 43.5021896, 37.7374382 ], [ 43.5532646, 37.7419319 ], [ 43.6281357, 37.7701988 ], [ 43.6864166, 37.769001 ], [ 43.7648735, 37.7463837 ], [ 43.8098907, 37.7479401 ], [ 44.0605354, 37.8063927 ], [ 44.0883369, 37.777565 ], [ 44.0954895, 37.724659 ], [ 44.1302986, 37.7358818 ], [ 44.2144051, 37.7328873 ], [ 44.307579, 37.7807426 ], [ 44.3758163, 37.7885857 ], [ 44.4317972, 37.8114496 ], [ 44.46378, 37.80116 ], [ 44.47667, 37.76551 ], [ 44.53266, 37.77665 ], [ 44.59711, 37.76376 ], [ 44.6383, 37.7163099 ], [ 44.58086, 37.64654 ], [ 44.63847, 37.60364 ], [ 44.61156, 37.51166 ], [ 44.62445, 37.48172 ], [ 44.60118, 37.44534 ], [ 44.66241, 37.42749 ], [ 44.68934, 37.38499 ], [ 44.7403, 37.3733 ], [ 44.75664, 37.34823 ], [ 44.8233, 37.30757 ], [ 44.83384, 37.27449 ], [ 44.77821, 37.22401 ], [ 44.80709, 37.15452 ], [ 44.784167, 37.1447642 ] ] ] ] } },
{ "type": "Feature", "properties": { "POLYGON_ID": "TUR_GAUL2012_ADM1_3052", "ADM0_ISO3": "TUR", "ADM0_NAME": "Turkey", "ADM0_CODE": 249, "ADM1_NAME": "Hatay", "ADM1_CODE": 3052, "GEOSET": "GAUL", "GEOSET_YEAR": 2012.0, "GEOSET_VERSION": "GAUL_v1", "GEOSET_UNIT": "ADM1", "CENTROID_LONG": 36.263706849577517, "CENTROID_LAT": 36.429041483828897 }, "geometry": { "type": "MultiPolygon", "coordinates": [ [ [ [ 36.4652176, 36.910984 ], [ 36.5079384, 36.8870964 ], [ 36.5836143, 36.8889465 ], [ 36.6292572, 36.8731308 ], [ 36.676364, 36.8231929 ], [ 36.62397, 36.74709 ], [ 36.63869, 36.71157 ], [ 36.59185, 36.65011 ], [ 36.60416, 36.57907 ], [ 36.59133, 36.53751 ], [ 36.55303, 36.50111 ], [ 36.59323, 36.39423 ], [ 36.669069, 36.3192399 ], [ 36.70604, 36.25517 ], [ 36.67485, 36.22928 ], [ 36.60926, 36.21754 ], [ 36.5426, 36.23806 ], [ 36.4923693, 36.2327971 ], [ 36.4816988, 36.2054893 ], [ 36.43534, 36.21129 ], [ 36.37671, 36.1694 ], [ 36.39784, 36.08376 ], [ 36.36837, 35.99479 ], [ 36.3172, 36.0041 ], [ 36.26342, 35.96171 ], [ 36.21272, 35.9515 ], [ 36.18092, 35.90174 ], [ 36.18305, 35.83557 ], [ 36.1564097, 35.8194655 ], [ 36.11645, 35.86551 ], [ 36.01482, 35.88987 ], [ 36.0227393, 35.9244909 ], [ 35.99365, 35.93931 ], [ 35.9217186, 35.9304924 ], [ 35.9276085, 35.9535141 ], [ 35.9834099, 35.9991798 ], [ 35.9877205, 36.0197144 ], [ 35.9447479, 36.0962563 ], [ 35.8578377, 36.2171402 ], [ 35.7973251, 36.2874527 ], [ 35.7943192, 36.3273163 ], [ 35.8662643, 36.3780327 ], [ 35.9416046, 36.4611511 ], [ 35.9931335, 36.4791489 ], [ 36.0472374, 36.5357475 ], [ 36.1461143, 36.590126 ], [ 36.2018547, 36.6051445 ], [ 36.2189674, 36.6688652 ], [ 36.1950607, 36.750267 ], [ 36.2132874, 36.774765 ], [ 36.1449318, 36.8700829 ], [ 36.0388718, 36.9305229 ], [ 35.9618805, 36.8984259 ], [ 35.9545822, 36.9182777 ], [ 36.0524483, 37.0139771 ], [ 36.1195679, 36.9967461 ], [ 36.2073288, 36.9998207 ], [ 36.2073822, 36.9745827 ], [ 36.2730255, 36.9737282 ], [ 36.2917557, 36.9254913 ], [ 36.3669052, 36.9256554 ], [ 36.4227448, 36.9379349 ], [ 36.4652176, 36.910984 ] ] ] ] } },
{ "type": "Feature", "properties": { "POLYGON_ID": "TUR_GAUL2012_ADM1_3053", "ADM0_ISO3": "TUR", "ADM0_NAME": "Turkey", "ADM0_CODE": 249, "ADM1_NAME": "Icel", "ADM1_CODE": 3053, "GEOSET": "GAUL", "GEOSET_YEAR": 2012.0, "GEOSET_VERSION": "GAUL_v1", "GEOSET_UNIT": "ADM1", "CENTROID_LONG": 33.841663673236155, "CENTROID_LAT": 36.699321258431873 }, "geometry": { "type": "MultiPolygon", "coordinates": [ [ [ [ 34.9188074, 36.7307234 ], [ 34.8984337, 36.7586174 ], [ 34.8358116, 36.8008537 ], [ 34.725193, 36.8168526 ], [ 34.6711426, 36.8092461 ], [ 34.5776939, 36.7772598 ], [ 34.4284096, 36.6623192 ], [ 34.2869759, 36.589962 ], [ 34.1805153, 36.4744644 ], [ 34.1281357, 36.4487534 ], [ 34.0870819, 36.4101448 ], [ 34.0837479, 36.3172073 ], [ 34.0064468, 36.2888298 ], [ 33.9596367, 36.2405205 ], [ 33.9336472, 36.2929802 ], [ 33.8787613, 36.3136826 ], [ 33.8214264, 36.2713089 ], [ 33.8005066, 36.2272339 ], [ 33.7027206, 36.1690636 ], [ 33.64991, 36.1886024 ], [ 33.6027756, 36.1741333 ], [ 33.5735741, 36.1333237 ], [ 33.4833183, 36.1541138 ], [ 33.4005814, 36.1276131 ], [ 33.3597527, 36.1489525 ], [ 33.3015099, 36.1285629 ], [ 33.147274, 36.1332397 ], [ 33.093605, 36.0863037 ], [ 32.9626579, 36.1015167 ], [ 32.8734779, 36.0694962 ], [ 32.8081245, 36.0190773 ], [ 32.6711617, 36.0428619 ], [ 32.5579352, 36.0985896 ], [ 32.6105652, 36.1724777 ], [ 32.576355, 36.2456741 ], [ 32.6083565, 36.2842445 ], [ 32.5750122, 36.3695564 ], [ 32.5933609, 36.4057083 ], [ 32.6696167, 36.4308662 ], [ 32.7121201, 36.4593391 ], [ 32.7897644, 36.474041 ], [ 32.8960228, 36.4622917 ], [ 32.9751587, 36.4741325 ], [ 33.0293427, 36.5104408 ], [ 33.0483971, 36.5568008 ], [ 33.1315155, 36.5796394 ], [ 33.1935539, 36.538372 ], [ 33.2161217, 36.5542336 ], [ 33.1679382, 36.602314 ], [ 33.1002235, 36.6230965 ], [ 33.0690842, 36.6496468 ], [ 33.056736, 36.6977615 ], [ 32.97966, 36.6951256 ], [ 32.9738693, 36.7486458 ], [ 32.9437866, 36.8184509 ], [ 32.9588013, 36.847786 ], [ 33.0883865, 36.8735771 ], [ 33.14254, 36.8354912 ], [ 33.2190781, 36.9278946 ], [ 33.2835808, 36.928154 ], [ 33.3550148, 36.9748802 ], [ 33.5251007, 36.9710655 ], [ 33.5857048, 36.9890862 ], [ 33.6360817, 37.0384636 ], [ 33.7128525, 37.0286751 ], [ 33.8474579, 37.0318069 ], [ 33.946373, 37.089325 ], [ 34.0421906, 37.1699562 ], [ 34.0784454, 37.1844711 ], [ 34.2344399, 37.1979332 ], [ 34.2535057, 37.2086182 ], [ 34.412693, 37.2743301 ], [ 34.4375877, 37.3237953 ], [ 34.5823517, 37.3750649 ], [ 34.7180901, 37.4344063 ], [ 34.7780952, 37.4175453 ], [ 34.8108253, 37.3564835 ], [ 34.9737358, 37.2665596 ], [ 34.9650459, 37.2299919 ], [ 34.929512, 37.1988449 ], [ 34.9938087, 37.1191254 ], [ 34.990963, 37.0808983 ], [ 35.0336227, 37.0555229 ], [ 35.125843, 37.048748 ], [ 35.0924377, 36.978096 ], [ 35.0990219, 36.9342728 ], [ 35.1716537, 36.8067284 ], [ 35.1469612, 36.7869377 ], [ 35.0822678, 36.8034744 ], [ 35.0098534, 36.7525711 ], [ 34.9188074, 36.7307234 ] ] ] ] } },
{ "type": "Feature", "properties": { "POLYGON_ID": "TUR_GAUL2012_ADM1_3054", "ADM0_ISO3": "TUR", "ADM0_NAME": "Turkey", "ADM0_CODE": 249, "ADM1_NAME": "Igdir", "ADM1_CODE": 3054, "GEOSET": "GAUL", "GEOSET_YEAR": 2012.0, "GEOSET_VERSION": "GAUL_v1", "GEOSET_UNIT": "ADM1", "CENTROID_LONG": 43.942261523650771, "CENTROID_LAT": 39.910818831861278 }, "geometry": { "type": "MultiPolygon", "coordinates": [ [ [ [ 43.706564, 40.1801218 ], [ 43.66346, 40.15598 ], [ 43.65548, 40.11077 ], [ 43.71876, 40.07968 ], [ 43.76992, 40.07952 ], [ 43.90548, 40.01847 ], [ 43.96937, 40.01877 ], [ 44.07607, 40.03527 ], [ 44.12825, 40.02807 ], [ 44.22295, 40.03656 ], [ 44.26277, 40.05001 ], [ 44.3376769, 40.0312573 ], [ 44.48871, 39.96506 ], [ 44.55755, 39.90379 ], [ 44.59854, 39.82883 ], [ 44.72221, 39.76197 ], [ 44.77192, 39.71372 ], [ 44.7729087, 39.7136159 ], [ 44.77622, 39.70903 ], [ 44.7750243, 39.7066045 ], [ 44.77412, 39.70477 ], [ 44.7754598, 39.7032539 ], [ 44.77602, 39.70262 ], [ 44.7774133, 39.7019963 ], [ 44.78862, 39.69698 ], [ 44.8074648, 39.6817858 ], [ 44.81273, 39.67701 ], [ 44.8092397, 39.6278168 ], [ 44.72193, 39.70728 ], [ 44.66913, 39.72353 ], [ 44.6194971, 39.7767578 ], [ 44.52248, 39.7968559 ], [ 44.4196205, 39.7868195 ], [ 44.3613167, 39.7583199 ], [ 44.3057213, 39.7133102 ], [ 44.2736931, 39.706913 ], [ 44.101368, 39.7082558 ], [ 43.999485, 39.7227135 ], [ 43.8809013, 39.7574425 ], [ 43.8418159, 39.7763252 ], [ 43.7753067, 39.7718925 ], [ 43.6175194, 39.7942505 ], [ 43.5365562, 39.8440132 ], [ 43.4994545, 39.8284607 ], [ 43.4879112, 39.7946739 ], [ 43.3748894, 39.8143616 ], [ 43.4069252, 39.8706512 ], [ 43.2803917, 40.0172272 ], [ 43.3583984, 40.0637474 ], [ 43.3350677, 40.1523743 ], [ 43.3531647, 40.157402 ], [ 43.5014839, 40.1123047 ], [ 43.5550613, 40.1536064 ], [ 43.6089859, 40.1545219 ], [ 43.6522102, 40.1829872 ], [ 43.706564, 40.1801218 ] ] ] ] } },
{ "type": "Feature", "properties": { "POLYGON_ID": "TUR_GAUL2012_ADM1_3055", "ADM0_ISO3": "TUR", "ADM0_NAME": "Turkey", "ADM0_CODE": 249, "ADM1_NAME": "Isparta", "ADM1_CODE": 3055, "GEOSET": "GAUL", "GEOSET_YEAR": 2012.0, "GEOSET_VERSION": "GAUL_v1", "GEOSET_UNIT": "ADM1", "CENTROID_LONG": 30.933185525126756, "CENTROID_LAT": 37.923792413850208 }, "geometry": { "type": "MultiPolygon", "coordinates": [ [ [ [ 31.2461739, 38.4293633 ], [ 31.2371292, 38.4015427 ], [ 31.2817669, 38.3699226 ], [ 31.3129807, 38.2895889 ], [ 31.3633385, 38.258461 ], [ 31.4303207, 38.2350655 ], [ 31.5336323, 38.1666145 ], [ 31.5804062, 38.1122246 ], [ 31.5297127, 38.0491638 ], [ 31.484602, 38.0264854 ], [ 31.4980431, 37.9773369 ], [ 31.4855824, 37.9487152 ], [ 31.4038239, 37.9111328 ], [ 31.3910275, 37.8604507 ], [ 31.43503, 37.7878189 ], [ 31.4382153, 37.70187 ], [ 31.359045, 37.6976166 ], [ 31.3341637, 37.6331367 ], [ 31.3678837, 37.5638809 ], [ 31.3464699, 37.4473877 ], [ 31.1950607, 37.3957253 ], [ 31.1363297, 37.3910484 ], [ 31.0600986, 37.3596153 ], [ 30.9796543, 37.3063126 ], [ 30.9485245, 37.3111191 ], [ 30.8955669, 37.3864174 ], [ 30.7256413, 37.5951386 ], [ 30.6971455, 37.6436501 ], [ 30.6110821, 37.6525917 ], [ 30.5799236, 37.6793556 ], [ 30.4759045, 37.7091637 ], [ 30.4363003, 37.7368927 ], [ 30.4035339, 37.8187904 ], [ 30.334734, 37.824749 ], [ 30.2481079, 37.783596 ], [ 30.2089214, 37.7770767 ], [ 30.1043968, 37.8012962 ], [ 30.0909996, 37.777317 ], [ 30.132761, 37.7507553 ], [ 30.1114597, 37.7245522 ], [ 30.0570774, 37.7566147 ], [ 30.0424328, 37.7823296 ], [ 30.1051331, 37.8331871 ], [ 30.1983681, 37.9491081 ], [ 30.2330322, 38.0253143 ], [ 30.3143196, 38.033268 ], [ 30.4212074, 38.1587486 ], [ 30.4824886, 38.2049103 ], [ 30.5399628, 38.2227249 ], [ 30.6415749, 38.2223511 ], [ 30.7214184, 38.2828674 ], [ 30.8256302, 38.3306847 ], [ 30.8648968, 38.3782043 ], [ 30.9648018, 38.423172 ], [ 31.0116405, 38.4891167 ], [ 31.0540009, 38.5154152 ], [ 31.1318398, 38.5099602 ], [ 31.1947479, 38.4437561 ], [ 31.2461739, 38.4293633 ] ] ] ] } },
{ "type": "Feature", "properties": { "POLYGON_ID": "TUR_GAUL2012_ADM1_3056", "ADM0_ISO3": "TUR", "ADM0_NAME": "Turkey", "ADM0_CODE": 249, "ADM1_NAME": "Istanbul", "ADM1_CODE": 3056, "GEOSET": "GAUL", "GEOSET_YEAR": 2012.0, "GEOSET_VERSION": "GAUL_v1", "GEOSET_UNIT": "ADM1", "CENTROID_LONG": 28.840977743909797, "CENTROID_LAT": 41.155958727847725 }, "geometry": { "type": "MultiPolygon", "coordinates": [ [ [ [ 29.926562, 41.1464667 ], [ 29.9258976, 41.0880165 ], [ 29.8817577, 41.0692177 ], [ 29.8413334, 41.0086441 ], [ 29.7203064, 41.0415764 ], [ 29.6822662, 40.9752808 ], [ 29.6111126, 40.9871597 ], [ 29.6059856, 41.0286217 ], [ 29.5617161, 41.0513268 ], [ 29.5172443, 41.0288315 ], [ 29.5167294, 40.9972954 ], [ 29.4432487, 40.9396515 ], [ 29.4499149, 40.9131241 ], [ 29.3618679, 40.8567619 ], [ 29.3430923, 40.8172939 ], [ 29.2757549, 40.8268089 ], [ 29.2918968, 40.8580627 ], [ 29.160181, 40.9071732 ], [ 29.1139793, 40.9501762 ], [ 29.0421009, 40.9746399 ], [ 29.0176678, 41.0329971 ], [ 29.0624256, 41.0644531 ], [ 29.097456, 41.1208 ], [ 29.0812798, 41.1632271 ], [ 29.1571217, 41.2247429 ], [ 29.2662334, 41.2367744 ], [ 29.4212666, 41.2119865 ], [ 29.5713482, 41.1797676 ], [ 29.6281376, 41.1848488 ], [ 29.7301884, 41.1578865 ], [ 29.7839394, 41.1627312 ], [ 29.825613, 41.1472511 ], [ 29.926562, 41.1464667 ] ] ], [ [ [ 28.2391828, 41.5256338 ], [ 28.3993931, 41.4551506 ], [ 28.562624, 41.3941765 ], [ 28.6370697, 41.3608398 ], [ 28.6983376, 41.348484 ], [ 28.7763367, 41.3166008 ], [ 28.9563541, 41.2636948 ], [ 29.0289936, 41.2518692 ], [ 29.0849323, 41.2583961 ], [ 29.1139984, 41.2113724 ], [ 29.050499, 41.1653976 ], [ 29.0758858, 41.1363144 ], [ 29.0635509, 41.0905304 ], [ 28.9923878, 41.0155983 ], [ 28.815382, 40.9648323 ], [ 28.7796555, 40.9814301 ], [ 28.6216354, 40.9687271 ], [ 28.600811, 40.9802399 ], [ 28.591917, 41.0492592 ], [ 28.5468521, 40.9938164 ], [ 28.4453144, 41.0400276 ], [ 28.3862343, 41.0581665 ], [ 28.2636032, 41.0708199 ], [ 28.2496605, 41.0842476 ], [ 28.0889397, 41.0621033 ], [ 28.0317676, 41.0415093 ], [ 28.0379486, 41.0785408 ], [ 28.0101147, 41.102623 ], [ 28.0244331, 41.1816483 ], [ 28.0494061, 41.2349396 ], [ 28.0486298, 41.287178 ], [ 28.0954742, 41.3263626 ], [ 28.1748524, 41.3586121 ], [ 28.1959095, 41.3821068 ], [ 28.1913643, 41.4485893 ], [ 28.1280861, 41.502327 ], [ 28.1438313, 41.5262375 ], [ 28.2391828, 41.5256338 ] ] ] ] } },
{ "type": "Feature", "properties": { "POLYGON_ID": "TUR_GAUL2012_ADM1_3057", "ADM0_ISO3": "TUR", "ADM0_NAME": "Turkey", "ADM0_CODE": 249, "ADM1_NAME": "Izmir", "ADM1_CODE": 3057, "GEOSET": "GAUL", "GEOSET_YEAR": 2012.0, "GEOSET_VERSION": "GAUL_v1", "GEOSET_UNIT": "ADM1", "CENTROID_LONG": 27.302511284539463, "CENTROID_LAT": 38.484117426856564 }, "geometry": { "type": "MultiPolygon", "coordinates": [ [ [ [ 27.3911877, 39.3631096 ], [ 27.467989, 39.2528229 ], [ 27.4555798, 39.1879463 ], [ 27.4637966, 39.1568756 ], [ 27.5287018, 39.0745468 ], [ 27.5388126, 39.0252037 ], [ 27.506258, 38.9701805 ], [ 27.4318123, 38.9289932 ], [ 27.3463345, 38.9297943 ], [ 27.2924423, 38.9037247 ], [ 27.1436577, 38.8701591 ], [ 27.1543083, 38.833622 ], [ 27.1345062, 38.7764702 ], [ 27.1711502, 38.7290535 ], [ 27.2279491, 38.7056656 ], [ 27.2595654, 38.6713562 ], [ 27.2555561, 38.583477 ], [ 27.2967491, 38.556324 ], [ 27.4697971, 38.5277748 ], [ 27.5999622, 38.4489746 ], [ 27.699913, 38.4411049 ], [ 27.7459049, 38.3607979 ], [ 27.833744, 38.3055153 ], [ 27.8794994, 38.3176193 ], [ 27.8996391, 38.4029694 ], [ 27.9188175, 38.4132042 ], [ 27.9737301, 38.3819351 ], [ 28.017828, 38.4065552 ], [ 28.10462, 38.4117012 ], [ 28.1180191, 38.3407936 ], [ 28.1933136, 38.3211021 ], [ 28.2578297, 38.3372841 ], [ 28.3399658, 38.3129959 ], [ 28.3903999, 38.2729073 ], [ 28.4439449, 38.2623215 ], [ 28.4760609, 38.2100868 ], [ 28.4504261, 38.1508141 ], [ 28.4757767, 38.06567 ], [ 28.4450779, 38.0660553 ], [ 28.3650551, 38.1281013 ], [ 28.2743359, 38.0405388 ], [ 28.2174473, 38.0319023 ], [ 28.1517162, 37.9995842 ], [ 27.8572559, 37.9505997 ], [ 27.7944736, 37.9608459 ], [ 27.6679935, 37.9555168 ], [ 27.6049576, 38.0008698 ], [ 27.5328712, 37.9994888 ], [ 27.5074635, 37.9572258 ], [ 27.4556274, 37.9142952 ], [ 27.4293747, 37.8655014 ], [ 27.3050594, 37.8755493 ], [ 27.2616236, 37.8922167 ], [ 27.2702103, 37.9564667 ], [ 27.2382355, 37.9894028 ], [ 27.1236, 37.996376 ], [ 27.0453396, 38.053936 ], [ 26.9553738, 38.0784149 ], [ 26.8617668, 38.0522385 ], [ 26.8464203, 38.1219215 ], [ 26.8248158, 38.1623726 ], [ 26.7785854, 38.1685944 ], [ 26.7661724, 38.219429 ], [ 26.6537304, 38.2114868 ], [ 26.6348686, 38.1980095 ], [ 26.6162415, 38.1155548 ], [ 26.579874, 38.1353149 ], [ 26.5448589, 38.1236534 ], [ 26.503212, 38.1840172 ], [ 26.4250278, 38.2040482 ], [ 26.3953171, 38.2277908 ], [ 26.3152161, 38.2420464 ], [ 26.2796726, 38.2999649 ], [ 26.2911835, 38.3761215 ], [ 26.3552837, 38.3217583 ], [ 26.3928719, 38.3432922 ], [ 26.4446793, 38.3479118 ], [ 26.4827576, 38.37743 ], [ 26.5153008, 38.4331284 ], [ 26.426012, 38.4784966 ], [ 26.3864079, 38.5234299 ], [ 26.3588791, 38.5775909 ], [ 26.3555679, 38.650238 ], [ 26.4156971, 38.682251 ], [ 26.4785919, 38.6752663 ], [ 26.5706024, 38.5842514 ], [ 26.5747375, 38.5596848 ], [ 26.6271114, 38.5300903 ], [ 26.6419182, 38.4758186 ], [ 26.6002846, 38.435173 ], [ 26.6455803, 38.3793182 ], [ 26.6521797, 38.3366089 ], [ 26.7028522, 38.3292236 ], [ 26.6774216, 38.3861885 ], [ 26.7075863, 38.4333954 ], [ 26.7749081, 38.3659325 ], [ 26.9826984, 38.3976059 ], [ 27.0212593, 38.4148102 ], [ 27.084589, 38.4017792 ], [ 27.1257916, 38.4189034 ], [ 27.108942, 38.450367 ], [ 27.0624981, 38.4649467 ], [ 26.9991894, 38.4591827 ], [ 26.9544353, 38.4395561 ], [ 26.8738613, 38.5089264 ], [ 26.8469658, 38.551281 ], [ 26.8507633, 38.5981789 ], [ 26.7591076, 38.6177101 ], [ 26.7322731, 38.6545334 ], [ 26.7301617, 38.7267151 ], [ 26.8283005, 38.7620735 ], [ 26.8862953, 38.7336617 ], [ 26.9223499, 38.7834587 ], [ 26.8976669, 38.8122635 ], [ 26.9748955, 38.8467026 ], [ 27.0467434, 38.8956184 ], [ 26.952528, 38.9407425 ], [ 26.852459, 38.9325294 ], [ 26.8021984, 38.9605675 ], [ 26.8001862, 39.0336418 ], [ 26.8880177, 39.0741463 ], [ 26.8324261, 39.1503563 ], [ 26.7764192, 39.1687818 ], [ 26.8423843, 39.2129936 ], [ 26.9246216, 39.2815285 ], [ 27.0066166, 39.3096046 ], [ 27.065239, 39.358757 ], [ 27.1189137, 39.3851776 ], [ 27.2207012, 39.4041901 ], [ 27.2780838, 39.4053154 ], [ 27.3609524, 39.3596725 ], [ 27.3911877, 39.3631096 ] ] ] ] } },
{ "type": "Feature", "properties": { "POLYGON_ID": "TUR_GAUL2012_ADM1_3058", "ADM0_ISO3": "TUR", "ADM0_NAME": "Turkey", "ADM0_CODE": 249, "ADM1_NAME": "K.maras", "ADM1_CODE": 3058, "GEOSET": "GAUL", "GEOSET_YEAR": 2012.0, "GEOSET_VERSION": "GAUL_v1", "GEOSET_UNIT": "ADM1", "CENTROID_LONG": 36.970038422794161, "CENTROID_LAT": 37.881849369383978 }, "geometry": { "type": "MultiPolygon", "coordinates": [ [ [ [ 37.3150673, 38.5623779 ], [ 37.3175201, 38.5436287 ], [ 37.244236, 38.4844399 ], [ 37.2704315, 38.4579239 ], [ 37.355423, 38.4457512 ], [ 37.475769, 38.4095917 ], [ 37.5228386, 38.3720131 ], [ 37.6566582, 38.3210487 ], [ 37.7111511, 38.2800026 ], [ 37.7482529, 38.2277145 ], [ 37.7474594, 38.173439 ], [ 37.696312, 38.1016006 ], [ 37.6082268, 38.0462151 ], [ 37.600853, 37.9784622 ], [ 37.6463089, 37.9444275 ], [ 37.6427193, 37.9020309 ], [ 37.6110306, 37.855381 ], [ 37.484993, 37.7813797 ], [ 37.4471779, 37.7379036 ], [ 37.4649048, 37.6818428 ], [ 37.4263611, 37.6408196 ], [ 37.4356041, 37.6078491 ], [ 37.5149536, 37.5766449 ], [ 37.5616875, 37.5995636 ], [ 37.5884171, 37.5884323 ], [ 37.5901527, 37.5270691 ], [ 37.6428299, 37.4942894 ], [ 37.6295624, 37.45224 ], [ 37.5752411, 37.4083176 ], [ 37.5568771, 37.3602638 ], [ 37.4965286, 37.3573265 ], [ 37.4340668, 37.3324585 ], [ 37.3664398, 37.32061 ], [ 37.2435532, 37.3159332 ], [ 37.1922646, 37.2948914 ], [ 37.1130638, 37.2405624 ], [ 37.0949631, 37.1915016 ], [ 37.0407867, 37.1753769 ], [ 37.0113182, 37.2167244 ], [ 36.9655571, 37.2361183 ], [ 36.9559669, 37.3020401 ], [ 36.8905106, 37.3325195 ], [ 36.8656425, 37.2717781 ], [ 36.8113327, 37.2300148 ], [ 36.7031212, 37.2011108 ], [ 36.6685257, 37.2640305 ], [ 36.6223946, 37.3012543 ], [ 36.5836258, 37.3516541 ], [ 36.4525719, 37.369091 ], [ 36.367691, 37.3429108 ], [ 36.3293991, 37.3667603 ], [ 36.2895317, 37.3437653 ], [ 36.2451668, 37.3902931 ], [ 36.2485199, 37.4615898 ], [ 36.266674, 37.5151215 ], [ 36.249054, 37.605854 ], [ 36.1863403, 37.6196175 ], [ 36.1703415, 37.639183 ], [ 36.2502823, 37.6941566 ], [ 36.2691116, 37.7211914 ], [ 36.2936096, 37.7862854 ], [ 36.3269882, 37.8234177 ], [ 36.3041039, 37.9235039 ], [ 36.3672256, 37.9559364 ], [ 36.3395424, 38.0331116 ], [ 36.3554726, 38.0779076 ], [ 36.3552437, 38.1324158 ], [ 36.4271698, 38.198452 ], [ 36.4076767, 38.2530899 ], [ 36.5245552, 38.3010712 ], [ 36.5774231, 38.3778191 ], [ 36.6335449, 38.4245529 ], [ 36.687767, 38.3986206 ], [ 36.7297287, 38.4412155 ], [ 36.6909752, 38.4631348 ], [ 36.6834106, 38.5014229 ], [ 36.7601776, 38.5353889 ], [ 36.8473434, 38.5609322 ], [ 37.022049, 38.5784073 ], [ 37.1223259, 38.5684967 ], [ 37.2815132, 38.5739059 ], [ 37.3150673, 38.5623779 ] ] ] ] } },
{ "type": "Feature", "properties": { "POLYGON_ID": "TUR_GAUL2012_ADM1_3059", "ADM0_ISO3": "TUR", "ADM0_NAME": "Turkey", "ADM0_CODE": 249, "ADM1_NAME": "Karabuk", "ADM1_CODE": 3059, "GEOSET": "GAUL", "GEOSET_YEAR": 2012.0, "GEOSET_VERSION": "GAUL_v1", "GEOSET_UNIT": "ADM1", "CENTROID_LONG": 32.661281368175935, "CENTROID_LAT": 41.185734432409973 }, "geometry": { "type": "MultiPolygon", "coordinates": [ [ [ [ 33.1132317, 41.0531235 ], [ 33.0956612, 41.0137482 ], [ 33.027771, 40.9726791 ], [ 32.9836655, 40.9821701 ], [ 32.8598404, 40.9467926 ], [ 32.7888336, 40.9529839 ], [ 32.7096214, 40.8583679 ], [ 32.5829315, 40.8161125 ], [ 32.4933968, 40.8707123 ], [ 32.3756638, 40.8936234 ], [ 32.3480339, 40.9195824 ], [ 32.3319778, 40.991993 ], [ 32.3018188, 41.0247574 ], [ 32.2271767, 41.0328979 ], [ 32.2041512, 41.0199471 ], [ 32.1352196, 41.0246658 ], [ 32.1057854, 41.0970917 ], [ 32.1536446, 41.138813 ], [ 32.1459541, 41.2163582 ], [ 32.1698837, 41.2468414 ], [ 32.2345314, 41.2839241 ], [ 32.3311081, 41.31604 ], [ 32.3952065, 41.3266182 ], [ 32.4196815, 41.2899246 ], [ 32.5074348, 41.292942 ], [ 32.5798721, 41.3453331 ], [ 32.5792618, 41.3740616 ], [ 32.6218185, 41.4205818 ], [ 32.6577377, 41.4275551 ], [ 32.6479492, 41.4801941 ], [ 32.7152748, 41.5266075 ], [ 32.7980194, 41.5373611 ], [ 32.8267632, 41.5891304 ], [ 32.9352188, 41.5699234 ], [ 33.0359612, 41.5753098 ], [ 33.0691147, 41.5550919 ], [ 33.0648232, 41.4947777 ], [ 33.1067657, 41.4500809 ], [ 33.145298, 41.4305801 ], [ 33.0851631, 41.3797722 ], [ 33.0025215, 41.3425179 ], [ 32.9621239, 41.3068085 ], [ 32.9643288, 41.2524796 ], [ 32.916584, 41.1954269 ], [ 32.9443512, 41.1652374 ], [ 33.0194244, 41.1455841 ], [ 33.0600891, 41.1182404 ], [ 33.0603371, 41.0824928 ], [ 33.1132317, 41.0531235 ] ] ] ] } },
{ "type": "Feature", "properties": { "POLYGON_ID": "TUR_GAUL2012_ADM1_3060", "ADM0_ISO3": "TUR", "ADM0_NAME": "Turkey", "ADM0_CODE": 249, "ADM1_NAME": "Karaman", "ADM1_CODE": 3060, "GEOSET": "GAUL", "GEOSET_YEAR": 2012.0, "GEOSET_VERSION": "GAUL_v1", "GEOSET_UNIT": "ADM1", "CENTROID_LONG": 33.250778977778225, "CENTROID_LAT": 37.090833628152687 }, "geometry": { "type": "MultiPolygon", "coordinates": [ [ [ [ 34.2535057, 37.2086182 ], [ 34.2344399, 37.1979332 ], [ 34.0784454, 37.1844711 ], [ 34.0421906, 37.1699562 ], [ 33.946373, 37.089325 ], [ 33.8474579, 37.0318069 ], [ 33.7128525, 37.0286751 ], [ 33.6360817, 37.0384636 ], [ 33.5857048, 36.9890862 ], [ 33.5251007, 36.9710655 ], [ 33.3550148, 36.9748802 ], [ 33.2835808, 36.928154 ], [ 33.2190781, 36.9278946 ], [ 33.14254, 36.8354912 ], [ 33.0883865, 36.8735771 ], [ 32.9588013, 36.847786 ], [ 32.9437866, 36.8184509 ], [ 32.9738693, 36.7486458 ], [ 32.97966, 36.6951256 ], [ 33.056736, 36.6977615 ], [ 33.0690842, 36.6496468 ], [ 33.1002235, 36.6230965 ], [ 33.1679382, 36.602314 ], [ 33.2161217, 36.5542336 ], [ 33.1935539, 36.538372 ], [ 33.1315155, 36.5796394 ], [ 33.0483971, 36.5568008 ], [ 33.0293427, 36.5104408 ], [ 32.9751587, 36.4741325 ], [ 32.8960228, 36.4622917 ], [ 32.7897644, 36.474041 ], [ 32.7121201, 36.4593391 ], [ 32.6696167, 36.4308662 ], [ 32.5933609, 36.4057083 ], [ 32.5750122, 36.3695564 ], [ 32.5133896, 36.4613075 ], [ 32.5216141, 36.5303688 ], [ 32.509182, 36.6186295 ], [ 32.4543648, 36.7261887 ], [ 32.4271126, 36.7616768 ], [ 32.5066261, 36.7959595 ], [ 32.5591965, 36.7707062 ], [ 32.6591759, 36.7797623 ], [ 32.7753334, 36.8528252 ], [ 32.8017693, 36.8826408 ], [ 32.8017654, 36.9354973 ], [ 32.8603668, 36.9967613 ], [ 32.860096, 37.0266953 ], [ 32.7592888, 37.0759277 ], [ 32.7128792, 37.0787125 ], [ 32.6980743, 37.1237183 ], [ 32.7153854, 37.1792793 ], [ 32.7711639, 37.2756653 ], [ 32.7822685, 37.3273582 ], [ 32.8575325, 37.3243103 ], [ 32.9006767, 37.2825317 ], [ 32.9359436, 37.2826157 ], [ 32.9461136, 37.3201447 ], [ 32.8915215, 37.3401947 ], [ 32.8840904, 37.3768005 ], [ 32.9551125, 37.4263153 ], [ 33.000309, 37.495594 ], [ 33.1186829, 37.4804878 ], [ 33.1437111, 37.4993591 ], [ 33.1764565, 37.5608864 ], [ 33.2219086, 37.5455322 ], [ 33.2590446, 37.4945259 ], [ 33.2981033, 37.4753037 ], [ 33.4224586, 37.4672279 ], [ 33.4563713, 37.4864578 ], [ 33.4844208, 37.5846481 ], [ 33.5158043, 37.6090202 ], [ 33.6390877, 37.6182632 ], [ 33.7260628, 37.5782013 ], [ 33.7686119, 37.5396194 ], [ 33.865818, 37.4770279 ], [ 33.9190903, 37.4089317 ], [ 33.9729156, 37.3637314 ], [ 34.1390343, 37.3213844 ], [ 34.1830482, 37.2863541 ], [ 34.2535057, 37.2086182 ] ] ] ] } },
{ "type": "Feature", "properties": { "POLYGON_ID": "TUR_GAUL2012_ADM1_3061", "ADM0_ISO3": "TUR", "ADM0_NAME": "Turkey", "ADM0_CODE": 249, "ADM1_NAME": "Kars", "ADM1_CODE": 3061, "GEOSET": "GAUL", "GEOSET_YEAR": 2012.0, "GEOSET_VERSION": "GAUL_v1", "GEOSET_UNIT": "ADM1", "CENTROID_LONG": 43.07150515246957, "CENTROID_LAT": 40.44348829196435 }, "geometry": { "type": "MultiPolygon", "coordinates": [ [ [ [ 43.6163491, 40.4079532 ], [ 43.59369, 40.33728 ], [ 43.63986, 40.27662 ], [ 43.6820712, 40.2557945 ], [ 43.6592, 40.22185 ], [ 43.706564, 40.1801218 ], [ 43.6522102, 40.1829872 ], [ 43.6089859, 40.1545219 ], [ 43.5550613, 40.1536064 ], [ 43.5014839, 40.1123047 ], [ 43.3531647, 40.157402 ], [ 43.3350677, 40.1523743 ], [ 43.3583984, 40.0637474 ], [ 43.2803917, 40.0172272 ], [ 43.2356033, 40.0125122 ], [ 43.1898727, 40.0303383 ], [ 43.1020889, 39.9912529 ], [ 42.9344978, 39.9942245 ], [ 42.8703423, 39.9565964 ], [ 42.7115211, 39.9263458 ], [ 42.587883, 39.9315834 ], [ 42.5765266, 40.0022736 ], [ 42.5460472, 40.0176315 ], [ 42.3940773, 40.1462975 ], [ 42.3356209, 40.163578 ], [ 42.1822662, 40.2567062 ], [ 42.192215, 40.2903748 ], [ 42.2761383, 40.3108521 ], [ 42.3917618, 40.3533058 ], [ 42.4351692, 40.3966827 ], [ 42.5019875, 40.4084358 ], [ 42.540596, 40.4600868 ], [ 42.5276871, 40.5459442 ], [ 42.5599747, 40.6464844 ], [ 42.6363716, 40.6321526 ], [ 42.6837921, 40.639801 ], [ 42.7286072, 40.6745148 ], [ 42.7717667, 40.687706 ], [ 42.9268227, 40.7792053 ], [ 42.9472351, 40.8262367 ], [ 42.9288216, 40.8472748 ], [ 42.9791756, 40.9222107 ], [ 43.0410347, 40.9678001 ], [ 43.1284752, 40.9800949 ], [ 43.1903648, 40.9480553 ], [ 43.2624664, 40.9343529 ], [ 43.3080902, 40.9532623 ], [ 43.4368973, 40.9728889 ], [ 43.4778413, 41.023778 ], [ 43.59942, 40.98563 ], [ 43.67179, 40.93345 ], [ 43.67611, 40.84444 ], [ 43.71302, 40.81192 ], [ 43.7487, 40.73594 ], [ 43.72642, 40.66475 ], [ 43.68649, 40.593 ], [ 43.64201, 40.559 ], [ 43.64797, 40.53152 ], [ 43.55617, 40.49071 ], [ 43.54666, 40.46813 ], [ 43.60852, 40.43391 ], [ 43.6163491, 40.4079532 ] ] ] ] } },
{ "type": "Feature", "properties": { "POLYGON_ID": "TUR_GAUL2012_ADM1_3062", "ADM0_ISO3": "TUR", "ADM0_NAME": "Turkey", "ADM0_CODE": 249, "ADM1_NAME": "Kastamonu", "ADM1_CODE": 3062, "GEOSET": "GAUL", "GEOSET_YEAR": 2012.0, "GEOSET_VERSION": "GAUL_v1", "GEOSET_UNIT": "ADM1", "CENTROID_LONG": 33.690937453374332, "CENTROID_LAT": 41.488300932637344 }, "geometry": { "type": "MultiPolygon", "coordinates": [ [ [ [ 34.2236426, 41.9627696 ], [ 34.2511063, 41.8907089 ], [ 34.3047447, 41.8504334 ], [ 34.2779999, 41.7777481 ], [ 34.3569107, 41.7161026 ], [ 34.4239197, 41.7219772 ], [ 34.4843636, 41.7036324 ], [ 34.5800438, 41.6985359 ], [ 34.6042213, 41.6603546 ], [ 34.5487213, 41.572258 ], [ 34.4526482, 41.5142822 ], [ 34.4420891, 41.45121 ], [ 34.4510574, 41.4156952 ], [ 34.488266, 41.3694 ], [ 34.4656219, 41.3315315 ], [ 34.3988533, 41.2870789 ], [ 34.3562241, 41.2854004 ], [ 34.2602768, 41.1960106 ], [ 34.2089462, 41.1714745 ], [ 34.192585, 41.0705414 ], [ 34.2831573, 40.9943199 ], [ 34.2368584, 40.9144669 ], [ 34.2325935, 40.8764229 ], [ 34.1688156, 40.8321724 ], [ 34.0261078, 40.8251038 ], [ 33.9601898, 40.8553352 ], [ 33.897541, 40.8449898 ], [ 33.7844925, 40.8259659 ], [ 33.7670555, 40.8525085 ], [ 33.8054199, 40.9120674 ], [ 33.7612419, 40.9549561 ], [ 33.8246727, 41.0229416 ], [ 33.789505, 41.050106 ], [ 33.6388397, 41.0556908 ], [ 33.5677452, 41.0332527 ], [ 33.4910927, 41.0560875 ], [ 33.4632492, 41.0466537 ], [ 33.3961334, 40.9842796 ], [ 33.3447266, 40.977272 ], [ 33.305088, 41.0279121 ], [ 33.1790619, 41.0760727 ], [ 33.1132317, 41.0531235 ], [ 33.0603371, 41.0824928 ], [ 33.0600891, 41.1182404 ], [ 33.0194244, 41.1455841 ], [ 32.9443512, 41.1652374 ], [ 32.916584, 41.1954269 ], [ 32.9643288, 41.2524796 ], [ 32.9621239, 41.3068085 ], [ 33.0025215, 41.3425179 ], [ 33.0851631, 41.3797722 ], [ 33.145298, 41.4305801 ], [ 33.1067657, 41.4500809 ], [ 33.0648232, 41.4947777 ], [ 33.0691147, 41.5550919 ], [ 33.0359612, 41.5753098 ], [ 32.9352188, 41.5699234 ], [ 32.8267632, 41.5891304 ], [ 32.8551292, 41.6417427 ], [ 32.8993988, 41.6881256 ], [ 32.824707, 41.7632866 ], [ 32.7375641, 41.8220406 ], [ 32.7251388, 41.8550761 ], [ 32.7856178, 41.8680229 ], [ 32.8657379, 41.8658829 ], [ 32.9870033, 41.9027901 ], [ 33.0413933, 41.9354286 ], [ 33.1735611, 41.9619102 ], [ 33.3394279, 42.0253601 ], [ 33.5528717, 42.0051689 ], [ 33.6007423, 41.9926872 ], [ 33.9083633, 41.9776459 ], [ 34.0043144, 41.9888649 ], [ 34.0998573, 41.985321 ], [ 34.2236426, 41.9627696 ] ] ] ] } },
{ "type": "Feature", "properties": { "POLYGON_ID": "TUR_GAUL2012_ADM1_3063", "ADM0_ISO3": "TUR", "ADM0_NAME": "Turkey", "ADM0_CODE": 249, "ADM1_NAME": "Kayseri", "ADM1_CODE": 3063, "GEOSET": "GAUL", "GEOSET_YEAR": 2012.0, "GEOSET_VERSION": "GAUL_v1", "GEOSET_UNIT": "ADM1", "CENTROID_LONG": 35.840124108922055, "CENTROID_LAT": 38.60855476466341 }, "geometry": { "type": "MultiPolygon", "coordinates": [ [ [ [ 36.7601776, 38.5353889 ], [ 36.6834106, 38.5014229 ], [ 36.6909752, 38.4631348 ], [ 36.7297287, 38.4412155 ], [ 36.687767, 38.3986206 ], [ 36.6335449, 38.4245529 ], [ 36.5774231, 38.3778191 ], [ 36.5245552, 38.3010712 ], [ 36.4076767, 38.2530899 ], [ 36.3708763, 38.2906837 ], [ 36.354744, 38.3363914 ], [ 36.2850533, 38.3436432 ], [ 36.2566185, 38.3820763 ], [ 36.1677399, 38.3643761 ], [ 36.0830307, 38.3182182 ], [ 36.0418777, 38.2631722 ], [ 35.9971466, 38.2241478 ], [ 36.0041046, 38.165905 ], [ 35.9461136, 38.110096 ], [ 35.8352051, 38.0478249 ], [ 35.7321777, 38.0385056 ], [ 35.7414589, 37.9932022 ], [ 35.7196884, 37.977932 ], [ 35.6460495, 37.9694977 ], [ 35.6172028, 37.9352036 ], [ 35.5757294, 37.918663 ], [ 35.5914841, 37.8294945 ], [ 35.57164, 37.7462502 ], [ 35.3023872, 37.7595253 ], [ 35.2032738, 37.7533951 ], [ 35.14991, 37.8152733 ], [ 35.1593399, 37.8433685 ], [ 35.2763939, 37.8443947 ], [ 35.3232384, 37.8988152 ], [ 35.3215599, 37.9244194 ], [ 35.2751541, 37.9647903 ], [ 35.2413597, 38.0793304 ], [ 35.2390404, 38.1159515 ], [ 35.1805229, 38.1691856 ], [ 35.1059799, 38.1973572 ], [ 35.0424461, 38.2061272 ], [ 35.0071487, 38.233242 ], [ 34.9779434, 38.3043861 ], [ 34.9094696, 38.3491554 ], [ 34.8864861, 38.3873901 ], [ 35.0026588, 38.4533577 ], [ 35.05616, 38.5239639 ], [ 35.0754204, 38.5853119 ], [ 35.0236244, 38.6135635 ], [ 35.0116348, 38.6406975 ], [ 35.046299, 38.7189903 ], [ 34.9902725, 38.7387085 ], [ 34.9632034, 38.774147 ], [ 34.9802856, 38.8371315 ], [ 35.054306, 38.9706688 ], [ 35.0585213, 38.9999008 ], [ 35.1214752, 39.0224266 ], [ 35.2176247, 38.9665184 ], [ 35.2779274, 38.9789772 ], [ 35.3484612, 38.9603806 ], [ 35.3681107, 38.9999542 ], [ 35.4338799, 39.0556755 ], [ 35.4998817, 39.0841675 ], [ 35.5118408, 39.1286278 ], [ 35.5514183, 39.192421 ], [ 35.6476402, 39.1880226 ], [ 35.7534599, 39.2170486 ], [ 35.798317, 39.2422218 ], [ 35.8462486, 39.301548 ], [ 35.9080963, 39.2437706 ], [ 35.9309082, 39.1903114 ], [ 36.0370178, 39.1483803 ], [ 36.1010094, 39.0924492 ], [ 36.1649971, 39.088604 ], [ 36.2429123, 39.1022301 ], [ 36.3791962, 39.0945435 ], [ 36.4061203, 39.1266022 ], [ 36.4943924, 39.0974197 ], [ 36.5443878, 39.0974464 ], [ 36.5816498, 39.1167412 ], [ 36.6470566, 39.1754265 ], [ 36.6898689, 39.1852226 ], [ 36.7485733, 39.152462 ], [ 36.8324471, 39.0720444 ], [ 36.9487419, 39.0534363 ], [ 36.9832764, 39.0066185 ], [ 36.9850235, 38.9592857 ], [ 36.9520683, 38.90942 ], [ 36.807724, 38.8074265 ], [ 36.7092628, 38.7635612 ], [ 36.6872749, 38.7138863 ], [ 36.6947212, 38.6813126 ], [ 36.7716827, 38.5645752 ], [ 36.7601776, 38.5353889 ] ] ] ] } },
{ "type": "Feature", "properties": { "POLYGON_ID": "TUR_GAUL2012_ADM1_3064", "ADM0_ISO3": "TUR", "ADM0_NAME": "Turkey", "ADM0_CODE": 249, "ADM1_NAME": "Kilis", "ADM1_CODE": 3064, "GEOSET": "GAUL", "GEOSET_YEAR": 2012.0, "GEOSET_VERSION": "GAUL_v1", "GEOSET_UNIT": "ADM1", "CENTROID_LONG": 37.130222380275207, "CENTROID_LAT": 36.79948133508465 }, "geometry": { "type": "MultiPolygon", "coordinates": [ [ [ [ 37.5743863, 36.6966023 ], [ 37.5020379, 36.649289 ], [ 37.46114, 36.63815 ], [ 37.26645, 36.66493 ], [ 37.19624, 36.65425 ], [ 37.12684, 36.66166 ], [ 37.09099, 36.62365 ], [ 37.03324, 36.67845 ], [ 37.05665, 36.71269 ], [ 36.98883, 36.76201 ], [ 36.94435, 36.78124 ], [ 36.90267, 36.77769 ], [ 36.80418, 36.79857 ], [ 36.7438689, 36.8222789 ], [ 36.7332878, 36.8579102 ], [ 36.7898254, 36.9001656 ], [ 36.8057938, 36.9297371 ], [ 36.8670692, 36.9196739 ], [ 36.9331055, 36.9733391 ], [ 36.9521637, 37.0211792 ], [ 36.9943085, 37.0228462 ], [ 37.0581017, 36.9889069 ], [ 37.060482, 36.9396172 ], [ 37.1276512, 36.9078102 ], [ 37.1932907, 36.893692 ], [ 37.2802315, 36.8511887 ], [ 37.3005829, 36.7968178 ], [ 37.3444138, 36.774044 ], [ 37.3460846, 36.7289848 ], [ 37.3923569, 36.7372017 ], [ 37.3955612, 36.7988434 ], [ 37.4409561, 36.8102722 ], [ 37.5084686, 36.7774735 ], [ 37.5066605, 36.7426987 ], [ 37.5743863, 36.6966023 ] ] ] ] } },
{ "type": "Feature", "properties": { "POLYGON_ID": "TUR_GAUL2012_ADM1_3065", "ADM0_ISO3": "TUR", "ADM0_NAME": "Turkey", "ADM0_CODE": 249, "ADM1_NAME": "Kirikkale", "ADM1_CODE": 3065, "GEOSET": "GAUL", "GEOSET_YEAR": 2012.0, "GEOSET_VERSION": "GAUL_v1", "GEOSET_UNIT": "ADM1", "CENTROID_LONG": 33.686927627385018, "CENTROID_LAT": 39.852353627844401 }, "geometry": { "type": "MultiPolygon", "coordinates": [ [ [ [ 33.9391899, 40.2684822 ], [ 33.9686165, 40.2284431 ], [ 34.0543251, 40.1883965 ], [ 34.1047478, 40.0534019 ], [ 34.0401382, 39.9120941 ], [ 34.1044807, 39.8065681 ], [ 34.1595802, 39.7995758 ], [ 34.0265694, 39.7721138 ], [ 33.9572411, 39.735733 ], [ 33.9541588, 39.6700401 ], [ 33.8748817, 39.5953522 ], [ 33.7793159, 39.5357513 ], [ 33.7366714, 39.5239792 ], [ 33.750473, 39.4750366 ], [ 33.6729851, 39.4854927 ], [ 33.5813446, 39.445713 ], [ 33.5531616, 39.4127159 ], [ 33.4954796, 39.4318886 ], [ 33.4134789, 39.4124603 ], [ 33.3655128, 39.3941269 ], [ 33.3307152, 39.4142952 ], [ 33.2990379, 39.6209412 ], [ 33.2486305, 39.6423225 ], [ 33.2472305, 39.6918144 ], [ 33.3018837, 39.7198944 ], [ 33.3086777, 39.7581673 ], [ 33.2844772, 39.8362999 ], [ 33.3172569, 39.9091949 ], [ 33.3728104, 39.9553986 ], [ 33.4906578, 39.9964981 ], [ 33.6003418, 40.0450363 ], [ 33.589344, 40.088131 ], [ 33.6354866, 40.3453217 ], [ 33.6568756, 40.3336601 ], [ 33.7432556, 40.3324699 ], [ 33.7908173, 40.3202133 ], [ 33.837822, 40.2830162 ], [ 33.9391899, 40.2684822 ] ] ] ] } },
{ "type": "Feature", "properties": { "POLYGON_ID": "TUR_GAUL2012_ADM1_3066", "ADM0_ISO3": "TUR", "ADM0_NAME": "Turkey", "ADM0_CODE": 249, "ADM1_NAME": "Kirklareli", "ADM1_CODE": 3066, "GEOSET": "GAUL", "GEOSET_YEAR": 2012.0, "GEOSET_VERSION": "GAUL_v1", "GEOSET_UNIT": "ADM1", "CENTROID_LONG": 27.457050706220254, "CENTROID_LAT": 41.682277051756671 }, "geometry": { "type": "MultiPolygon", "coordinates": [ [ [ [ 28.0313416, 41.9870377 ], [ 28.0565166, 41.9510918 ], [ 28.0558414, 41.888588 ], [ 28.017168, 41.9006119 ], [ 27.9880466, 41.8761368 ], [ 27.9886074, 41.8307953 ], [ 28.0441914, 41.768486 ], [ 28.0524483, 41.730175 ], [ 28.1541023, 41.5904579 ], [ 28.18647, 41.5784492 ], [ 28.2391828, 41.5256338 ], [ 28.1438313, 41.5262375 ], [ 28.050621, 41.5513268 ], [ 28.0127316, 41.5484467 ], [ 27.9210339, 41.5081978 ], [ 27.7889252, 41.4692497 ], [ 27.6926823, 41.4514084 ], [ 27.5837402, 41.3762817 ], [ 27.5518093, 41.27285 ], [ 27.5151062, 41.2357636 ], [ 27.429594, 41.2224274 ], [ 27.3714619, 41.2404289 ], [ 27.3013477, 41.3212128 ], [ 27.2313004, 41.332222 ], [ 27.1565456, 41.3225288 ], [ 26.9810619, 41.3571701 ], [ 26.9536724, 41.32444 ], [ 26.9121056, 41.3394051 ], [ 26.8804207, 41.4054604 ], [ 26.9576035, 41.5250359 ], [ 26.9823437, 41.6040726 ], [ 26.8952122, 41.6237068 ], [ 26.9550972, 41.6730995 ], [ 26.9928513, 41.7925491 ], [ 26.969923, 41.8732529 ], [ 26.9630604, 41.942543 ], [ 26.9809017, 41.9738007 ], [ 26.9606322, 42.0038298 ], [ 27.01623, 42.04649 ], [ 27.0440743, 42.0872887 ], [ 27.08228, 42.09672 ], [ 27.1409365, 42.0753623 ], [ 27.2127591, 42.0697087 ], [ 27.2314, 42.10172 ], [ 27.27434, 42.1076 ], [ 27.33293, 42.08673 ], [ 27.38135, 42.05361 ], [ 27.40007, 42.01872 ], [ 27.4491676, 41.977432 ], [ 27.5146, 41.96228 ], [ 27.54645, 41.92387 ], [ 27.70436, 41.98489 ], [ 27.74144, 41.98535 ], [ 27.80854, 41.95858 ], [ 27.82765, 41.99371 ], [ 27.8729, 42.00963 ], [ 27.9602, 41.98376 ], [ 28.0313416, 41.9870377 ] ] ] ] } },
{ "type": "Feature", "properties": { "POLYGON_ID": "TUR_GAUL2012_ADM1_3067", "ADM0_ISO3": "TUR", "ADM0_NAME": "Turkey", "ADM0_CODE": 249, "ADM1_NAME": "Kirsehir", "ADM1_CODE": 3067, "GEOSET": "GAUL", "GEOSET_YEAR": 2012.0, "GEOSET_VERSION": "GAUL_v1", "GEOSET_UNIT": "ADM1", "CENTROID_LONG": 34.117707173804497, "CENTROID_LAT": 39.318539813218344 }, "geometry": { "type": "MultiPolygon", "coordinates": [ [ [ [ 34.6336288, 39.4221878 ], [ 34.5740013, 39.3506546 ], [ 34.5636215, 39.3087845 ], [ 34.5913353, 39.2855186 ], [ 34.6749802, 39.2864685 ], [ 34.695919, 39.2608223 ], [ 34.6488762, 39.2364922 ], [ 34.6146584, 39.1610756 ], [ 34.5751457, 39.1470451 ], [ 34.5412674, 39.0942421 ], [ 34.5850983, 39.0367851 ], [ 34.5281906, 39.0447235 ], [ 34.3953552, 38.9277611 ], [ 34.3682861, 38.8726425 ], [ 34.3172684, 38.8656158 ], [ 34.2764816, 38.8992119 ], [ 34.2535896, 38.855545 ], [ 34.1789818, 38.8042526 ], [ 34.1587944, 38.8082504 ], [ 34.1077957, 38.8861351 ], [ 34.0193558, 38.9556351 ], [ 33.9858971, 38.9956741 ], [ 33.9821472, 39.0273438 ], [ 33.9491386, 39.0541115 ], [ 33.8915024, 39.0404053 ], [ 33.8598022, 39.0719452 ], [ 33.772995, 39.0718727 ], [ 33.6809464, 39.1470528 ], [ 33.5676422, 39.2041321 ], [ 33.5140991, 39.2826729 ], [ 33.439827, 39.321312 ], [ 33.4134789, 39.4124603 ], [ 33.4954796, 39.4318886 ], [ 33.5531616, 39.4127159 ], [ 33.5813446, 39.445713 ], [ 33.6729851, 39.4854927 ], [ 33.750473, 39.4750366 ], [ 33.7366714, 39.5239792 ], [ 33.7793159, 39.5357513 ], [ 33.8748817, 39.5953522 ], [ 33.9541588, 39.6700401 ], [ 33.9572411, 39.735733 ], [ 34.0265694, 39.7721138 ], [ 34.1595802, 39.7995758 ], [ 34.1839218, 39.7968521 ], [ 34.2335968, 39.750618 ], [ 34.2941666, 39.7174187 ], [ 34.3842049, 39.699955 ], [ 34.4455032, 39.6743279 ], [ 34.464653, 39.6114502 ], [ 34.5414429, 39.5696487 ], [ 34.5149689, 39.5171089 ], [ 34.5262032, 39.4861565 ], [ 34.6336288, 39.4221878 ] ] ] ] } },
{ "type": "Feature", "properties": { "POLYGON_ID": "TUR_GAUL2012_ADM1_3068", "ADM0_ISO3": "TUR", "ADM0_NAME": "Turkey", "ADM0_CODE": 249, "ADM1_NAME": "Kocaeli", "ADM1_CODE": 3068, "GEOSET": "GAUL", "GEOSET_YEAR": 2012.0, "GEOSET_VERSION": "GAUL_v1", "GEOSET_UNIT": "ADM1", "CENTROID_LONG": 29.889916641728405, "CENTROID_LAT": 40.86023888917088 }, "geometry": { "type": "MultiPolygon", "coordinates": [ [ [ [ 30.3685483, 41.1868785 ], [ 30.3058853, 41.1025352 ], [ 30.2898617, 41.0633965 ], [ 30.2472534, 41.04142 ], [ 30.2426128, 40.9909058 ], [ 30.2999229, 40.9179153 ], [ 30.2681732, 40.8821678 ], [ 30.2317505, 40.8101921 ], [ 30.2438068, 40.7758942 ], [ 30.1702938, 40.6928749 ], [ 30.156044, 40.6598091 ], [ 30.0892124, 40.6032181 ], [ 29.9948273, 40.5902328 ], [ 29.9328957, 40.5470543 ], [ 29.8193245, 40.5970459 ], [ 29.7417393, 40.6174164 ], [ 29.6982059, 40.6149254 ], [ 29.6497993, 40.5727005 ], [ 29.5525703, 40.5370407 ], [ 29.4520988, 40.538063 ], [ 29.5022831, 40.56707 ], [ 29.4878559, 40.6389847 ], [ 29.5701275, 40.674366 ], [ 29.5878263, 40.7017211 ], [ 29.6469479, 40.7070656 ], [ 29.7996483, 40.7380867 ], [ 29.9380493, 40.728756 ], [ 29.9365978, 40.7695465 ], [ 29.7806587, 40.7507019 ], [ 29.7411842, 40.7766418 ], [ 29.6895466, 40.7856941 ], [ 29.5208035, 40.7764015 ], [ 29.4984226, 40.7885857 ], [ 29.3941059, 40.7645721 ], [ 29.3583927, 40.7660255 ], [ 29.3430923, 40.8172939 ], [ 29.3618679, 40.8567619 ], [ 29.4499149, 40.9131241 ], [ 29.4432487, 40.9396515 ], [ 29.5167294, 40.9972954 ], [ 29.5172443, 41.0288315 ], [ 29.5617161, 41.0513268 ], [ 29.6059856, 41.0286217 ], [ 29.6111126, 40.9871597 ], [ 29.6822662, 40.9752808 ], [ 29.7203064, 41.0415764 ], [ 29.8413334, 41.0086441 ], [ 29.8817577, 41.0692177 ], [ 29.9258976, 41.0880165 ], [ 29.926562, 41.1464667 ], [ 30.0775738, 41.140995 ], [ 30.2285995, 41.1728745 ], [ 30.2728462, 41.2155495 ], [ 30.3311863, 41.2076263 ], [ 30.3685483, 41.1868785 ] ] ] ] } },
{ "type": "Feature", "properties": { "POLYGON_ID": "TUR_GAUL2012_ADM1_3069", "ADM0_ISO3": "TUR", "ADM0_NAME": "Turkey", "ADM0_CODE": 249, "ADM1_NAME": "Konya", "ADM1_CODE": 3069, "GEOSET": "GAUL", "GEOSET_YEAR": 2012.0, "GEOSET_VERSION": "GAUL_v1", "GEOSET_UNIT": "ADM1", "CENTROID_LONG": 32.593062134128509, "CENTROID_LAT": 38.046010950521364 }, "geometry": { "type": "MultiPolygon", "coordinates": [ [ [ [ 33.4443932, 38.7235756 ], [ 33.2761307, 38.535347 ], [ 33.2504692, 38.4931335 ], [ 33.2264671, 38.3640556 ], [ 33.1771431, 38.3000641 ], [ 33.1906052, 38.2781448 ], [ 33.2665176, 38.2550812 ], [ 33.2896385, 38.1943016 ], [ 33.2701416, 38.117691 ], [ 33.339138, 38.0531845 ], [ 33.4185638, 38.006134 ], [ 33.4261971, 37.9800529 ], [ 33.4813004, 37.9718742 ], [ 33.6823387, 37.9959488 ], [ 33.7449493, 37.9976234 ], [ 33.909771, 38.0435982 ], [ 33.9761505, 38.0293732 ], [ 34.0701485, 38.0476799 ], [ 34.1207199, 38.0021019 ], [ 34.1358185, 37.9445534 ], [ 34.207428, 37.8901176 ], [ 34.2637901, 37.8269424 ], [ 34.3485641, 37.7763863 ], [ 34.380497, 37.7135162 ], [ 34.3713951, 37.6649132 ], [ 34.2973137, 37.5821648 ], [ 34.3070946, 37.5001144 ], [ 34.3272171, 37.4732895 ], [ 34.3913918, 37.4379921 ], [ 34.4132996, 37.3637466 ], [ 34.4375877, 37.3237953 ], [ 34.412693, 37.2743301 ], [ 34.2535057, 37.2086182 ], [ 34.1830482, 37.2863541 ], [ 34.1390343, 37.3213844 ], [ 33.9729156, 37.3637314 ], [ 33.9190903, 37.4089317 ], [ 33.865818, 37.4770279 ], [ 33.7686119, 37.5396194 ], [ 33.7260628, 37.5782013 ], [ 33.6390877, 37.6182632 ], [ 33.5158043, 37.6090202 ], [ 33.4844208, 37.5846481 ], [ 33.4563713, 37.4864578 ], [ 33.4224586, 37.4672279 ], [ 33.2981033, 37.4753037 ], [ 33.2590446, 37.4945259 ], [ 33.2219086, 37.5455322 ], [ 33.1764565, 37.5608864 ], [ 33.1437111, 37.4993591 ], [ 33.1186829, 37.4804878 ], [ 33.000309, 37.495594 ], [ 32.9551125, 37.4263153 ], [ 32.8840904, 37.3768005 ], [ 32.8915215, 37.3401947 ], [ 32.9461136, 37.3201447 ], [ 32.9359436, 37.2826157 ], [ 32.9006767, 37.2825317 ], [ 32.8575325, 37.3243103 ], [ 32.7822685, 37.3273582 ], [ 32.7711639, 37.2756653 ], [ 32.7153854, 37.1792793 ], [ 32.6980743, 37.1237183 ], [ 32.7128792, 37.0787125 ], [ 32.7592888, 37.0759277 ], [ 32.860096, 37.0266953 ], [ 32.8603668, 36.9967613 ], [ 32.8017654, 36.9354973 ], [ 32.8017693, 36.8826408 ], [ 32.7753334, 36.8528252 ], [ 32.6591759, 36.7797623 ], [ 32.5591965, 36.7707062 ], [ 32.5066261, 36.7959595 ], [ 32.4271126, 36.7616768 ], [ 32.3689842, 36.8013954 ], [ 32.2998962, 36.8253822 ], [ 32.2604141, 36.859581 ], [ 32.2828941, 36.9386139 ], [ 32.1512146, 37.0039978 ], [ 32.0999794, 37.0606346 ], [ 32.0520401, 37.0966148 ], [ 32.0317078, 37.1372108 ], [ 31.9609585, 37.1801758 ], [ 31.9234028, 37.2264404 ], [ 31.8446312, 37.2841148 ], [ 31.6797581, 37.3375168 ], [ 31.5083904, 37.3763123 ], [ 31.44491, 37.3984375 ], [ 31.365118, 37.4095039 ], [ 31.3464699, 37.4473877 ], [ 31.3678837, 37.5638809 ], [ 31.3341637, 37.6331367 ], [ 31.359045, 37.6976166 ], [ 31.4382153, 37.70187 ], [ 31.43503, 37.7878189 ], [ 31.3910275, 37.8604507 ], [ 31.4038239, 37.9111328 ], [ 31.4855824, 37.9487152 ], [ 31.4980431, 37.9773369 ], [ 31.484602, 38.0264854 ], [ 31.5297127, 38.0491638 ], [ 31.5804062, 38.1122246 ], [ 31.5336323, 38.1666145 ], [ 31.4303207, 38.2350655 ], [ 31.3633385, 38.258461 ], [ 31.3129807, 38.2895889 ], [ 31.2817669, 38.3699226 ], [ 31.2371292, 38.4015427 ], [ 31.2461739, 38.4293633 ], [ 31.3819065, 38.5045853 ], [ 31.5168476, 38.5860596 ], [ 31.6388912, 38.6469383 ], [ 31.5917816, 38.6620293 ], [ 31.5379696, 38.6992188 ], [ 31.5374413, 38.7320175 ], [ 31.5975094, 38.7742996 ], [ 31.6427975, 38.8395538 ], [ 31.6239491, 38.9057846 ], [ 31.6941814, 38.9388847 ], [ 31.7058544, 38.9857216 ], [ 31.6309624, 38.9935761 ], [ 31.601984, 39.0087128 ], [ 31.5795269, 39.0842209 ], [ 31.6131802, 39.1107483 ], [ 31.6571999, 39.1135025 ], [ 31.6981678, 39.0928612 ], [ 31.7577724, 39.1039848 ], [ 31.8071594, 39.1498451 ], [ 31.8776112, 39.1015587 ], [ 31.9209213, 39.0452309 ], [ 31.9778843, 39.0270805 ], [ 32.0570526, 39.0192604 ], [ 32.1585464, 38.9900208 ], [ 32.2430916, 39.0016479 ], [ 32.2978668, 38.9900208 ], [ 32.3804741, 39.0070992 ], [ 32.4342842, 38.9738388 ], [ 32.4774895, 38.9773483 ], [ 32.533062, 39.0211487 ], [ 32.5819778, 39.0260582 ], [ 32.676918, 39.1024666 ], [ 32.7975464, 39.1529503 ], [ 32.8164787, 39.2716637 ], [ 32.9620934, 39.2699738 ], [ 33.0185242, 39.2221985 ], [ 33.10355, 39.2304649 ], [ 33.1849594, 39.1265755 ], [ 33.3047943, 39.1111183 ], [ 33.3392105, 39.0991516 ], [ 33.3807259, 39.0473022 ], [ 33.3978348, 38.9914322 ], [ 33.3572502, 38.88731 ], [ 33.3638268, 38.8168068 ], [ 33.4183578, 38.73946 ], [ 33.4443932, 38.7235756 ] ] ] ] } },
{ "type": "Feature", "properties": { "POLYGON_ID": "TUR_GAUL2012_ADM1_3070", "ADM0_ISO3": "TUR", "ADM0_NAME": "Turkey", "ADM0_CODE": 249, "ADM1_NAME": "Kutahya", "ADM1_CODE": 3070, "GEOSET": "GAUL", "GEOSET_YEAR": 2012.0, "GEOSET_VERSION": "GAUL_v1", "GEOSET_UNIT": "ADM1", "CENTROID_LONG": 29.589057830532457, "CENTROID_LAT": 39.292654753337139 }, "geometry": { "type": "MultiPolygon", "coordinates": [ [ [ [ 29.7208138, 39.8692703 ], [ 29.7174816, 39.8311119 ], [ 29.7626915, 39.7879944 ], [ 29.7657757, 39.7183418 ], [ 29.8310432, 39.7165184 ], [ 29.9372749, 39.6880035 ], [ 30.0089474, 39.6509399 ], [ 30.050354, 39.665699 ], [ 30.098877, 39.6834335 ], [ 30.2278557, 39.6760826 ], [ 30.2330952, 39.6060829 ], [ 30.2842846, 39.5570564 ], [ 30.3556366, 39.5296021 ], [ 30.3793259, 39.5006065 ], [ 30.377182, 39.4139137 ], [ 30.3379517, 39.3781395 ], [ 30.3930721, 39.2757149 ], [ 30.4324303, 39.2288895 ], [ 30.4326344, 39.191597 ], [ 30.3756409, 39.1513062 ], [ 30.2730865, 39.1164246 ], [ 30.231163, 39.0448952 ], [ 30.2150803, 38.9469566 ], [ 30.2001553, 38.9135666 ], [ 30.1038761, 38.8653488 ], [ 30.038702, 38.8039055 ], [ 29.9576931, 38.8082886 ], [ 29.9623737, 38.8710899 ], [ 29.9125557, 38.9141197 ], [ 29.8508511, 38.8909798 ], [ 29.7565403, 38.9297104 ], [ 29.6472988, 38.9494362 ], [ 29.5833702, 38.9062157 ], [ 29.5208359, 38.8896828 ], [ 29.4438629, 38.8360481 ], [ 29.3748341, 38.8476753 ], [ 29.3276329, 38.8103333 ], [ 29.28368, 38.8021469 ], [ 29.2181721, 38.7699509 ], [ 29.1835022, 38.7857018 ], [ 29.1703873, 38.8325233 ], [ 29.1130962, 38.8409233 ], [ 29.0852489, 38.8098679 ], [ 28.9875641, 38.8755646 ], [ 28.9907188, 38.9232521 ], [ 28.9198856, 38.9714966 ], [ 28.9316063, 39.0149498 ], [ 28.8650761, 39.0959015 ], [ 28.7973309, 39.1200066 ], [ 28.7315712, 39.1130295 ], [ 28.672327, 39.1489525 ], [ 28.6920605, 39.2215691 ], [ 28.6573238, 39.2682419 ], [ 28.6641769, 39.2893639 ], [ 28.735405, 39.2700615 ], [ 28.8115826, 39.3014832 ], [ 28.9001694, 39.4031029 ], [ 28.9419651, 39.4384727 ], [ 28.9267082, 39.5037384 ], [ 28.9736652, 39.5580063 ], [ 28.992384, 39.6059799 ], [ 29.0598831, 39.6151123 ], [ 29.1208782, 39.6001472 ], [ 29.2045765, 39.6152 ], [ 29.2560139, 39.6904221 ], [ 29.3866024, 39.7761421 ], [ 29.4723244, 39.8032417 ], [ 29.5139828, 39.8660278 ], [ 29.5901279, 39.8485489 ], [ 29.7208138, 39.8692703 ] ] ] ] } },
{ "type": "Feature", "properties": { "POLYGON_ID": "TUR_GAUL2012_ADM1_3071", "ADM0_ISO3": "TUR", "ADM0_NAME": "Turkey", "ADM0_CODE": 249, "ADM1_NAME": "Malatya", "ADM1_CODE": 3071, "GEOSET": "GAUL", "GEOSET_YEAR": 2012.0, "GEOSET_VERSION": "GAUL_v1", "GEOSET_UNIT": "ADM1", "CENTROID_LONG": 38.124831120087308, "CENTROID_LAT": 38.527661298195675 }, "geometry": { "type": "MultiPolygon", "coordinates": [ [ [ [ 38.6852188, 39.0454903 ], [ 38.6278152, 38.9906845 ], [ 38.5320702, 38.9305 ], [ 38.5474243, 38.9067078 ], [ 38.6560287, 38.8302879 ], [ 38.6359253, 38.7926865 ], [ 38.6449852, 38.7623558 ], [ 38.5341377, 38.7657547 ], [ 38.4653206, 38.7458267 ], [ 38.4672775, 38.7044907 ], [ 38.3756905, 38.6636238 ], [ 38.3560524, 38.604866 ], [ 38.3592682, 38.5639267 ], [ 38.3896103, 38.5192528 ], [ 38.4372444, 38.501297 ], [ 38.5475578, 38.4776306 ], [ 38.5763855, 38.4505425 ], [ 38.6705246, 38.4377251 ], [ 38.7071228, 38.4181328 ], [ 38.8268929, 38.4491043 ], [ 38.8428917, 38.4044914 ], [ 38.8747025, 38.3961105 ], [ 38.9663544, 38.3204689 ], [ 39.0971107, 38.3559608 ], [ 39.1353188, 38.3117294 ], [ 39.1202202, 38.2423477 ], [ 39.0946159, 38.2134171 ], [ 39.1253014, 38.1942787 ], [ 39.0512848, 38.1266899 ], [ 38.9713326, 38.0743103 ], [ 38.8790131, 38.045311 ], [ 38.8292313, 38.0099258 ], [ 38.7855415, 38.011795 ], [ 38.7157898, 38.0811577 ], [ 38.5915108, 38.1213188 ], [ 38.5362549, 38.1285362 ], [ 38.4508591, 38.1707268 ], [ 38.4106903, 38.200634 ], [ 38.345253, 38.2009544 ], [ 38.2601089, 38.1454315 ], [ 38.1970901, 38.147377 ], [ 38.1417007, 38.119072 ], [ 38.0646553, 38.105793 ], [ 38.0558014, 38.0791512 ], [ 38.1436005, 38.0115814 ], [ 38.1269875, 37.9808273 ], [ 38.0467072, 37.9321518 ], [ 37.9962616, 37.9128723 ], [ 37.8978844, 37.8984032 ], [ 37.7882004, 37.8993378 ], [ 37.7126694, 37.9369507 ], [ 37.6463089, 37.9444275 ], [ 37.600853, 37.9784622 ], [ 37.6082268, 38.0462151 ], [ 37.696312, 38.1016006 ], [ 37.7474594, 38.173439 ], [ 37.7482529, 38.2277145 ], [ 37.7111511, 38.2800026 ], [ 37.6566582, 38.3210487 ], [ 37.5228386, 38.3720131 ], [ 37.475769, 38.4095917 ], [ 37.355423, 38.4457512 ], [ 37.2704315, 38.4579239 ], [ 37.244236, 38.4844399 ], [ 37.3175201, 38.5436287 ], [ 37.3150673, 38.5623779 ], [ 37.3951721, 38.6465721 ], [ 37.4295387, 38.7309113 ], [ 37.5431976, 38.7696686 ], [ 37.5545921, 38.8025894 ], [ 37.5049553, 38.8919334 ], [ 37.5140762, 38.9524078 ], [ 37.4963417, 39.0030365 ], [ 37.5406685, 39.0222664 ], [ 37.6389008, 39.0115509 ], [ 37.729248, 38.9589996 ], [ 37.7697334, 39.0118713 ], [ 37.7520676, 39.043644 ], [ 37.8076401, 39.0775681 ], [ 37.9552612, 39.0687332 ], [ 38.0082245, 39.0819893 ], [ 38.0388832, 39.0716629 ], [ 38.0853386, 39.0942955 ], [ 38.1710548, 39.0867958 ], [ 38.2410393, 39.1332512 ], [ 38.3029785, 39.1437874 ], [ 38.3895874, 39.1083488 ], [ 38.4927292, 39.1437569 ], [ 38.5941772, 39.1103477 ], [ 38.6852188, 39.0454903 ] ] ] ] } },
{ "type": "Feature", "properties": { "POLYGON_ID": "TUR_GAUL2012_ADM1_3072", "ADM0_ISO3": "TUR", "ADM0_NAME": "Turkey", "ADM0_CODE": 249, "ADM1_NAME": "Manisa", "ADM1_CODE": 3072, "GEOSET": "GAUL", "GEOSET_YEAR": 2012.0, "GEOSET_VERSION": "GAUL_v1", "GEOSET_UNIT": "ADM1", "CENTROID_LONG": 28.133234079508611, "CENTROID_LAT": 38.757554942712559 }, "geometry": { "type": "MultiPolygon", "coordinates": [ [ [ [ 28.672327, 39.1489525 ], [ 28.7315712, 39.1130295 ], [ 28.7973309, 39.1200066 ], [ 28.8650761, 39.0959015 ], [ 28.9316063, 39.0149498 ], [ 28.9198856, 38.9714966 ], [ 28.9907188, 38.9232521 ], [ 28.9875641, 38.8755646 ], [ 29.0852489, 38.8098679 ], [ 29.0456638, 38.7430229 ], [ 28.9629593, 38.6865997 ], [ 28.8852711, 38.6750908 ], [ 28.8314037, 38.6448898 ], [ 28.8001823, 38.5774956 ], [ 28.8097878, 38.5330544 ], [ 28.8095379, 38.4330521 ], [ 28.7808609, 38.3580704 ], [ 28.885355, 38.2730408 ], [ 28.8589211, 38.2385788 ], [ 28.8291302, 38.2378845 ], [ 28.7775993, 38.2031059 ], [ 28.7254696, 38.1276093 ], [ 28.6480846, 38.0908318 ], [ 28.5411434, 38.0894585 ], [ 28.4757767, 38.06567 ], [ 28.4504261, 38.1508141 ], [ 28.4760609, 38.2100868 ], [ 28.4439449, 38.2623215 ], [ 28.3903999, 38.2729073 ], [ 28.3399658, 38.3129959 ], [ 28.2578297, 38.3372841 ], [ 28.1933136, 38.3211021 ], [ 28.1180191, 38.3407936 ], [ 28.10462, 38.4117012 ], [ 28.017828, 38.4065552 ], [ 27.9737301, 38.3819351 ], [ 27.9188175, 38.4132042 ], [ 27.8996391, 38.4029694 ], [ 27.8794994, 38.3176193 ], [ 27.833744, 38.3055153 ], [ 27.7459049, 38.3607979 ], [ 27.699913, 38.4411049 ], [ 27.5999622, 38.4489746 ], [ 27.4697971, 38.5277748 ], [ 27.2967491, 38.556324 ], [ 27.2555561, 38.583477 ], [ 27.2595654, 38.6713562 ], [ 27.2279491, 38.7056656 ], [ 27.1711502, 38.7290535 ], [ 27.1345062, 38.7764702 ], [ 27.1543083, 38.833622 ], [ 27.1436577, 38.8701591 ], [ 27.2924423, 38.9037247 ], [ 27.3463345, 38.9297943 ], [ 27.4318123, 38.9289932 ], [ 27.506258, 38.9701805 ], [ 27.5388126, 39.0252037 ], [ 27.5287018, 39.0745468 ], [ 27.4637966, 39.1568756 ], [ 27.4555798, 39.1879463 ], [ 27.467989, 39.2528229 ], [ 27.3911877, 39.3631096 ], [ 27.4366646, 39.4068718 ], [ 27.5326996, 39.3843346 ], [ 27.5652275, 39.3530312 ], [ 27.663578, 39.3390465 ], [ 27.7373238, 39.3615417 ], [ 27.7967625, 39.3198471 ], [ 27.8446236, 39.3175697 ], [ 27.8998985, 39.3455734 ], [ 27.9207001, 39.3285179 ], [ 27.9438667, 39.2634125 ], [ 28.009222, 39.1937141 ], [ 28.102953, 39.1444893 ], [ 28.1712933, 39.0562935 ], [ 28.2195015, 39.0785179 ], [ 28.2689648, 39.0589333 ], [ 28.33708, 39.0585213 ], [ 28.3898487, 39.0781097 ], [ 28.5074272, 39.1408005 ], [ 28.617342, 39.1643486 ], [ 28.672327, 39.1489525 ] ] ] ] } },
{ "type": "Feature", "properties": { "POLYGON_ID": "TUR_GAUL2012_ADM1_3073", "ADM0_ISO3": "TUR", "ADM0_NAME": "Turkey", "ADM0_CODE": 249, "ADM1_NAME": "Mardin", "ADM1_CODE": 3073, "GEOSET": "GAUL", "GEOSET_YEAR": 2012.0, "GEOSET_VERSION": "GAUL_v1", "GEOSET_UNIT": "ADM1", "CENTROID_LONG": 40.842717283285509, "CENTROID_LAT": 37.340688216143135 }, "geometry": { "type": "MultiPolygon", "coordinates": [ [ [ [ 41.0494385, 37.7343483 ], [ 41.0804482, 37.6943092 ], [ 41.0766335, 37.6593666 ], [ 41.1194572, 37.598774 ], [ 41.1137695, 37.5641823 ], [ 41.133461, 37.506649 ], [ 41.1763229, 37.4980736 ], [ 41.2308846, 37.5081367 ], [ 41.2850876, 37.4987373 ], [ 41.4300423, 37.5024147 ], [ 41.4884224, 37.5269432 ], [ 41.5544548, 37.5316467 ], [ 41.6076889, 37.584938 ], [ 41.6524696, 37.5857315 ], [ 41.6691284, 37.6421852 ], [ 41.7108459, 37.6540794 ], [ 41.7301826, 37.6854782 ], [ 41.8219185, 37.6772575 ], [ 41.8291092, 37.6253853 ], [ 41.8988533, 37.5803604 ], [ 41.8488808, 37.5477257 ], [ 41.8637047, 37.4181709 ], [ 41.7806816, 37.4045677 ], [ 41.6884041, 37.4330025 ], [ 41.655014, 37.4206314 ], [ 41.6089287, 37.4369926 ], [ 41.6044197, 37.3867416 ], [ 41.5689468, 37.3130951 ], [ 41.5618095, 37.2650909 ], [ 41.5857582, 37.244854 ], [ 41.6695595, 37.2145004 ], [ 41.678215, 37.1508102 ], [ 41.6638151, 37.1128622 ], [ 41.55814, 37.08523 ], [ 41.50085, 37.07955 ], [ 41.28598, 37.08014 ], [ 41.21841, 37.0636 ], [ 41.16974, 37.09224 ], [ 41.11454, 37.09505 ], [ 40.92108, 37.1271 ], [ 40.8581, 37.10836 ], [ 40.78173, 37.12058 ], [ 40.70782, 37.09766 ], [ 40.54627, 37.02671 ], [ 40.46183, 37.01487 ], [ 40.32593, 36.95197 ], [ 40.2033293, 36.8862044 ], [ 40.1632271, 36.9589729 ], [ 40.1546745, 37.0701523 ], [ 40.1056976, 37.1578178 ], [ 40.0668106, 37.1713181 ], [ 40.0108528, 37.2296371 ], [ 40.0111885, 37.3148956 ], [ 39.9661598, 37.4491043 ], [ 39.9152412, 37.5081329 ], [ 39.9901047, 37.5060349 ], [ 40.0621719, 37.5464249 ], [ 40.1737938, 37.546196 ], [ 40.2395706, 37.5126534 ], [ 40.3337784, 37.5384941 ], [ 40.4615822, 37.5931816 ], [ 40.515377, 37.5890427 ], [ 40.5903473, 37.6079788 ], [ 40.6488571, 37.6341896 ], [ 40.6574821, 37.7298317 ], [ 40.6739807, 37.7415962 ], [ 40.7807732, 37.6936684 ], [ 40.8559647, 37.6768761 ], [ 40.9440956, 37.6838264 ], [ 41.0494385, 37.7343483 ] ] ] ] } },
{ "type": "Feature", "properties": { "POLYGON_ID": "TUR_GAUL2012_ADM1_3074", "ADM0_ISO3": "TUR", "ADM0_NAME": "Turkey", "ADM0_CODE": 249, "ADM1_NAME": "Mugla", "ADM1_CODE": 3074, "GEOSET": "GAUL", "GEOSET_YEAR": 2012.0, "GEOSET_VERSION": "GAUL_v1", "GEOSET_UNIT": "ADM1", "CENTROID_LONG": 28.498601014816604, "CENTROID_LAT": 37.013471671368372 }, "geometry": { "type": "MultiPolygon", "coordinates": [ [ [ [ 28.6298542, 37.4813843 ], [ 28.6369476, 37.4360924 ], [ 28.664856, 37.3909149 ], [ 28.7280979, 37.3484612 ], [ 28.7407627, 37.3154373 ], [ 28.7978039, 37.2658577 ], [ 28.8832703, 37.2459068 ], [ 28.8912849, 37.1828384 ], [ 28.9800663, 37.1322441 ], [ 29.0673752, 37.0999565 ], [ 29.0981312, 37.0675316 ], [ 29.1149578, 36.9985313 ], [ 29.113739, 36.925251 ], [ 29.1863308, 36.8763084 ], [ 29.2689991, 36.860611 ], [ 29.3167782, 36.890316 ], [ 29.3356953, 36.9416656 ], [ 29.3839378, 37.0264816 ], [ 29.4602718, 36.9893684 ], [ 29.4285431, 36.9449654 ], [ 29.4372807, 36.871933 ], [ 29.4944324, 36.88694 ], [ 29.5552292, 36.9552231 ], [ 29.6455135, 36.9892845 ], [ 29.7105732, 36.9849586 ], [ 29.7552967, 36.9603081 ], [ 29.7823448, 36.9307251 ], [ 29.7629089, 36.8509903 ], [ 29.7149506, 36.7915344 ], [ 29.6685562, 36.7135544 ], [ 29.661356, 36.6652489 ], [ 29.6097794, 36.5902786 ], [ 29.5805035, 36.5765686 ], [ 29.4977188, 36.5078049 ], [ 29.3805962, 36.4722366 ], [ 29.311985, 36.4402123 ], [ 29.3039207, 36.3430786 ], [ 29.2637042, 36.306669 ], [ 29.2373562, 36.3258705 ], [ 29.1458588, 36.3580856 ], [ 29.1096268, 36.3857651 ], [ 29.1354389, 36.4390259 ], [ 29.1076679, 36.4824753 ], [ 29.1287327, 36.5473824 ], [ 29.0639858, 36.5588341 ], [ 29.0286846, 36.5848465 ], [ 29.0437164, 36.6221962 ], [ 29.0798931, 36.6448097 ], [ 29.0362148, 36.7071495 ], [ 28.9968891, 36.7119446 ], [ 28.9325104, 36.7558975 ], [ 28.9152679, 36.7192955 ], [ 28.8699989, 36.6967049 ], [ 28.8665218, 36.6557388 ], [ 28.8976822, 36.6418495 ], [ 28.8519325, 36.5914993 ], [ 28.8317089, 36.6421967 ], [ 28.7882557, 36.6840096 ], [ 28.727705, 36.7089081 ], [ 28.6807384, 36.6970863 ], [ 28.6668549, 36.7223091 ], [ 28.6182785, 36.7185478 ], [ 28.6298447, 36.7585754 ], [ 28.6205807, 36.8219681 ], [ 28.5662441, 36.8243294 ], [ 28.502985, 36.793663 ], [ 28.4896698, 36.8204498 ], [ 28.4235592, 36.8400803 ], [ 28.4018402, 36.7874832 ], [ 28.3168659, 36.8188438 ], [ 28.2623558, 36.8506737 ], [ 28.234808, 36.806015 ], [ 28.2602329, 36.7337189 ], [ 28.2166061, 36.6913414 ], [ 28.1471443, 36.6558456 ], [ 28.09515, 36.5865784 ], [ 28.064703, 36.5926666 ], [ 28.0339928, 36.5634193 ], [ 27.988348, 36.5584145 ], [ 27.9648876, 36.6055946 ], [ 28.0404301, 36.6040916 ], [ 28.0954151, 36.6425552 ], [ 28.0701332, 36.6716805 ], [ 28.0232849, 36.6667175 ], [ 28.0071144, 36.7040787 ], [ 28.0823345, 36.7275658 ], [ 28.1291199, 36.7928467 ], [ 28.1048889, 36.8065758 ], [ 28.064003, 36.7675133 ], [ 28.0163937, 36.7591286 ], [ 27.8733425, 36.7565727 ], [ 27.8237839, 36.7639885 ], [ 27.7224979, 36.758625 ], [ 27.6888294, 36.7243156 ], [ 27.6673565, 36.6635628 ], [ 27.6040401, 36.6833649 ], [ 27.5136375, 36.6764336 ], [ 27.4835796, 36.6530037 ], [ 27.3983288, 36.6818886 ], [ 27.4343357, 36.749485 ], [ 27.4703732, 36.7633934 ], [ 27.5252705, 36.7530251 ], [ 27.6130676, 36.76437 ], [ 27.6429424, 36.8130074 ], [ 27.6950569, 36.787941 ], [ 27.7737846, 36.7908936 ], [ 27.8195095, 36.8180046 ], [ 27.9214878, 36.8019371 ], [ 27.986824, 36.8041725 ], [ 28.022913, 36.8305359 ], [ 28.0474377, 36.8881683 ], [ 28.0423508, 36.9252357 ], [ 28.0819244, 36.944149 ], [ 28.1533012, 36.9305382 ], [ 28.1967449, 36.9456406 ], [ 28.2225666, 37.0029716 ], [ 28.3258934, 37.0271416 ], [ 28.3271084, 37.0550957 ], [ 28.2489777, 37.0396309 ], [ 28.077795, 37.0259285 ], [ 27.9280567, 37.0332375 ], [ 27.8207245, 37.0131874 ], [ 27.803093, 36.999855 ], [ 27.7302055, 37.0064125 ], [ 27.6038246, 36.9944191 ], [ 27.567379, 36.9807854 ], [ 27.485981, 36.9889946 ], [ 27.4168148, 37.023037 ], [ 27.3358765, 37.0201225 ], [ 27.3062592, 36.9668236 ], [ 27.2651901, 36.9681015 ], [ 27.2474861, 37.0354195 ], [ 27.2246876, 37.0569649 ], [ 27.2731094, 37.1371994 ], [ 27.306736, 37.123455 ], [ 27.3369484, 37.1570168 ], [ 27.4101143, 37.1360168 ], [ 27.4771919, 37.0873489 ], [ 27.5552673, 37.138855 ], [ 27.544384, 37.1812935 ], [ 27.5885868, 37.2266426 ], [ 27.6101341, 37.2784462 ], [ 27.558445, 37.2757034 ], [ 27.5254288, 37.2310181 ], [ 27.4985275, 37.3187485 ], [ 27.4372616, 37.3042336 ], [ 27.3880272, 37.3249855 ], [ 27.3832912, 37.3567276 ], [ 27.4297924, 37.3841934 ], [ 27.4080752, 37.4153242 ], [ 27.4447021, 37.5025749 ], [ 27.4956284, 37.5407143 ], [ 27.5255795, 37.5445404 ], [ 27.5927486, 37.5205612 ], [ 27.7328224, 37.5063324 ], [ 27.7667465, 37.4707413 ], [ 27.8239326, 37.4483185 ], [ 27.8807201, 37.4621201 ], [ 27.9283733, 37.448761 ], [ 28.1498394, 37.4378014 ], [ 28.1990356, 37.4815941 ], [ 28.2517967, 37.5513992 ], [ 28.2820759, 37.5474854 ], [ 28.3144989, 37.5063782 ], [ 28.3791409, 37.5317268 ], [ 28.4348011, 37.5181694 ], [ 28.4798603, 37.4612923 ], [ 28.5143852, 37.4561386 ], [ 28.5584068, 37.4763603 ], [ 28.6298542, 37.4813843 ] ] ] ] } },
{ "type": "Feature", "properties": { "POLYGON_ID": "TUR_GAUL2012_ADM1_3075", "ADM0_ISO3": "TUR", "ADM0_NAME": "Turkey", "ADM0_CODE": 249, "ADM1_NAME": "Mus", "ADM1_CODE": 3075, "GEOSET": "GAUL", "GEOSET_YEAR": 2012.0, "GEOSET_VERSION": "GAUL_v1", "GEOSET_UNIT": "ADM1", "CENTROID_LONG": 41.878061915916192, "CENTROID_LAT": 39.00901774928542 }, "geometry": { "type": "MultiPolygon", "coordinates": [ [ [ [ 42.7421646, 38.9687767 ], [ 42.5350304, 38.9308167 ], [ 42.4068832, 38.9587402 ], [ 42.2767677, 38.9099579 ], [ 42.1957169, 38.8922424 ], [ 42.1754875, 38.8309708 ], [ 42.1341476, 38.808754 ], [ 42.0664215, 38.8081932 ], [ 41.9886055, 38.7758293 ], [ 42.0368805, 38.7591209 ], [ 42.0160789, 38.6899605 ], [ 42.0327759, 38.6394424 ], [ 41.9904442, 38.5874863 ], [ 41.9584694, 38.5793266 ], [ 41.8132706, 38.5904274 ], [ 41.7938385, 38.5988312 ], [ 41.6479874, 38.6017189 ], [ 41.5203362, 38.5724983 ], [ 41.4708672, 38.5145416 ], [ 41.4299889, 38.4848213 ], [ 41.3868713, 38.483799 ], [ 41.3583145, 38.5360222 ], [ 41.3647614, 38.6068687 ], [ 41.3233681, 38.6692772 ], [ 41.2727547, 38.714138 ], [ 41.1564903, 38.7165184 ], [ 41.1533127, 38.7517128 ], [ 41.1116371, 38.9078484 ], [ 41.1189613, 38.9243088 ], [ 41.2313614, 39.0088043 ], [ 41.2904091, 39.0351372 ], [ 41.29636, 39.0885963 ], [ 41.1750526, 39.1595535 ], [ 41.1806946, 39.2610397 ], [ 41.1568947, 39.3287659 ], [ 41.1965904, 39.3705673 ], [ 41.2396431, 39.3345451 ], [ 41.2821617, 39.3217049 ], [ 41.4067154, 39.3269234 ], [ 41.4570541, 39.3105469 ], [ 41.5167694, 39.2699013 ], [ 41.6004715, 39.2483253 ], [ 41.6074524, 39.160305 ], [ 41.6363831, 39.1494141 ], [ 41.723835, 39.1541748 ], [ 41.7778358, 39.1678886 ], [ 41.9377327, 39.2521935 ], [ 41.9999924, 39.2744713 ], [ 42.1326485, 39.3001213 ], [ 42.1837387, 39.3322258 ], [ 42.1811867, 39.3854675 ], [ 42.211422, 39.4329033 ], [ 42.2793274, 39.4637413 ], [ 42.2985992, 39.4944801 ], [ 42.3547211, 39.5009689 ], [ 42.4875069, 39.454174 ], [ 42.5804634, 39.403511 ], [ 42.6027336, 39.3724709 ], [ 42.6241455, 39.3033981 ], [ 42.7214661, 39.1342888 ], [ 42.7318687, 39.0290909 ], [ 42.7675514, 38.9953575 ], [ 42.7421646, 38.9687767 ] ] ] ] } },
{ "type": "Feature", "properties": { "POLYGON_ID": "TUR_GAUL2012_ADM1_3076", "ADM0_ISO3": "TUR", "ADM0_NAME": "Turkey", "ADM0_CODE": 249, "ADM1_NAME": "Nevsehir", "ADM1_CODE": 3076, "GEOSET": "GAUL", "GEOSET_YEAR": 2012.0, "GEOSET_VERSION": "GAUL_v1", "GEOSET_UNIT": "ADM1", "CENTROID_LONG": 34.696214275367126, "CENTROID_LAT": 38.797143620191868 }, "geometry": { "type": "MultiPolygon", "coordinates": [ [ [ [ 35.0585213, 38.9999008 ], [ 35.054306, 38.9706688 ], [ 34.9802856, 38.8371315 ], [ 34.9632034, 38.774147 ], [ 34.9902725, 38.7387085 ], [ 35.046299, 38.7189903 ], [ 35.0116348, 38.6406975 ], [ 35.0236244, 38.6135635 ], [ 35.0754204, 38.5853119 ], [ 35.05616, 38.5239639 ], [ 35.0026588, 38.4533577 ], [ 34.8864861, 38.3873901 ], [ 34.9094696, 38.3491554 ], [ 34.8693466, 38.3502197 ], [ 34.792923, 38.3302002 ], [ 34.7159348, 38.3434029 ], [ 34.593483, 38.3238564 ], [ 34.5386581, 38.3330727 ], [ 34.4658661, 38.3812752 ], [ 34.4001389, 38.4039459 ], [ 34.388649, 38.4445572 ], [ 34.4478188, 38.5377922 ], [ 34.4041939, 38.5709572 ], [ 34.2972755, 38.6117859 ], [ 34.2445946, 38.6552467 ], [ 34.2716408, 38.782032 ], [ 34.1789818, 38.8042526 ], [ 34.2535896, 38.855545 ], [ 34.2764816, 38.8992119 ], [ 34.3172684, 38.8656158 ], [ 34.3682861, 38.8726425 ], [ 34.3953552, 38.9277611 ], [ 34.5281906, 39.0447235 ], [ 34.5850983, 39.0367851 ], [ 34.5412674, 39.0942421 ], [ 34.5751457, 39.1470451 ], [ 34.6146584, 39.1610756 ], [ 34.6488762, 39.2364922 ], [ 34.695919, 39.2608223 ], [ 34.6749802, 39.2864685 ], [ 34.5913353, 39.2855186 ], [ 34.5636215, 39.3087845 ], [ 34.5740013, 39.3506546 ], [ 34.6336288, 39.4221878 ], [ 34.8100433, 39.3183784 ], [ 34.9143982, 39.2957726 ], [ 34.9680977, 39.2193413 ], [ 34.934063, 39.1657181 ], [ 34.9862137, 39.1267738 ], [ 35.0424538, 39.0548286 ], [ 35.0585213, 38.9999008 ] ] ] ] } },
{ "type": "Feature", "properties": { "POLYGON_ID": "TUR_GAUL2012_ADM1_3077", "ADM0_ISO3": "TUR", "ADM0_NAME": "Turkey", "ADM0_CODE": 249, "ADM1_NAME": "Nigde", "ADM1_CODE": 3077, "GEOSET": "GAUL", "GEOSET_YEAR": 2012.0, "GEOSET_VERSION": "GAUL_v1", "GEOSET_UNIT": "ADM1", "CENTROID_LONG": 34.690084389518461, "CENTROID_LAT": 37.906038079392076 }, "geometry": { "type": "MultiPolygon", "coordinates": [ [ [ [ 34.9094696, 38.3491554 ], [ 34.9779434, 38.3043861 ], [ 35.0071487, 38.233242 ], [ 35.0424461, 38.2061272 ], [ 35.1059799, 38.1973572 ], [ 35.1805229, 38.1691856 ], [ 35.2390404, 38.1159515 ], [ 35.2413597, 38.0793304 ], [ 35.2751541, 37.9647903 ], [ 35.3215599, 37.9244194 ], [ 35.3232384, 37.8988152 ], [ 35.2763939, 37.8443947 ], [ 35.1593399, 37.8433685 ], [ 35.14991, 37.8152733 ], [ 35.2032738, 37.7533951 ], [ 35.0861206, 37.6939888 ], [ 35.0267334, 37.6830826 ], [ 34.9060516, 37.6927032 ], [ 34.8596039, 37.6351471 ], [ 34.8674622, 37.5855064 ], [ 34.8512077, 37.5064583 ], [ 34.7780952, 37.4175453 ], [ 34.7180901, 37.4344063 ], [ 34.5823517, 37.3750649 ], [ 34.4375877, 37.3237953 ], [ 34.4132996, 37.3637466 ], [ 34.3913918, 37.4379921 ], [ 34.3272171, 37.4732895 ], [ 34.3070946, 37.5001144 ], [ 34.2973137, 37.5821648 ], [ 34.3713951, 37.6649132 ], [ 34.380497, 37.7135162 ], [ 34.3485641, 37.7763863 ], [ 34.2637901, 37.8269424 ], [ 34.207428, 37.8901176 ], [ 34.1358185, 37.9445534 ], [ 34.1207199, 38.0021019 ], [ 34.0701485, 38.0476799 ], [ 34.1929398, 38.1352005 ], [ 34.2603035, 38.1153374 ], [ 34.2877274, 38.1335793 ], [ 34.3066292, 38.1927643 ], [ 34.364624, 38.2121964 ], [ 34.4269485, 38.2894135 ], [ 34.4001389, 38.4039459 ], [ 34.4658661, 38.3812752 ], [ 34.5386581, 38.3330727 ], [ 34.593483, 38.3238564 ], [ 34.7159348, 38.3434029 ], [ 34.792923, 38.3302002 ], [ 34.8693466, 38.3502197 ], [ 34.9094696, 38.3491554 ] ] ] ] } },
{ "type": "Feature", "properties": { "POLYGON_ID": "TUR_GAUL2012_ADM1_3078", "ADM0_ISO3": "TUR", "ADM0_NAME": "Turkey", "ADM0_CODE": 249, "ADM1_NAME": "Ordu", "ADM1_CODE": 3078, "GEOSET": "GAUL", "GEOSET_YEAR": 2012.0, "GEOSET_VERSION": "GAUL_v1", "GEOSET_UNIT": "ADM1", "CENTROID_LONG": 37.51165274902047, "CENTROID_LAT": 40.78278276900636 }, "geometry": { "type": "MultiPolygon", "coordinates": [ [ [ [ 38.1254432, 40.9514015 ], [ 38.0655365, 40.9356842 ], [ 38.0448456, 40.8927231 ], [ 37.9956322, 40.8434753 ], [ 38.0026894, 40.7907448 ], [ 37.9557533, 40.7274895 ], [ 37.9661217, 40.6974297 ], [ 38.0355988, 40.6878204 ], [ 38.0378838, 40.6035957 ], [ 38.0669518, 40.5901566 ], [ 38.1621437, 40.5959167 ], [ 38.1874123, 40.5809822 ], [ 38.1489983, 40.5162468 ], [ 38.1052017, 40.4993553 ], [ 38.0323982, 40.5034752 ], [ 37.995636, 40.4817657 ], [ 37.9421463, 40.4973602 ], [ 37.9429779, 40.3751946 ], [ 37.866703, 40.340313 ], [ 37.8419952, 40.3418922 ], [ 37.7751884, 40.3873711 ], [ 37.754303, 40.3681755 ], [ 37.7502594, 40.3151245 ], [ 37.6960106, 40.319828 ], [ 37.5830536, 40.3897209 ], [ 37.5787354, 40.4676552 ], [ 37.6329498, 40.5139809 ], [ 37.3463402, 40.564785 ], [ 37.2525253, 40.6141891 ], [ 37.2393074, 40.644989 ], [ 37.1820412, 40.6947289 ], [ 37.0570679, 40.700264 ], [ 37.0272217, 40.6853905 ], [ 36.948513, 40.7374649 ], [ 36.8844185, 40.7316856 ], [ 36.8302116, 40.8031616 ], [ 36.768959, 40.83424 ], [ 36.7054405, 40.8486595 ], [ 36.6930771, 40.8864479 ], [ 36.7937241, 40.9016113 ], [ 36.8920593, 40.9438858 ], [ 36.9813919, 41.0484657 ], [ 36.9767227, 41.0829201 ], [ 37.1148491, 41.0922737 ], [ 37.1748418, 41.1459751 ], [ 37.2931595, 41.1434631 ], [ 37.3151093, 41.1152229 ], [ 37.40242, 41.1013222 ], [ 37.5443878, 41.0187187 ], [ 37.6143112, 41.0503616 ], [ 37.6571045, 41.1171188 ], [ 37.7907562, 41.1094933 ], [ 37.7757263, 41.06773 ], [ 37.8114243, 41.0237694 ], [ 37.860611, 41.0141411 ], [ 37.8780861, 40.9888077 ], [ 38.000309, 40.9801788 ], [ 38.1254432, 40.9514015 ] ] ] ] } },
{ "type": "Feature", "properties": { "POLYGON_ID": "TUR_GAUL2012_ADM1_3079", "ADM0_ISO3": "TUR", "ADM0_NAME": "Turkey", "ADM0_CODE": 249, "ADM1_NAME": "Osmaniye", "ADM1_CODE": 3079, "GEOSET": "GAUL", "GEOSET_YEAR": 2012.0, "GEOSET_VERSION": "GAUL_v1", "GEOSET_UNIT": "ADM1", "CENTROID_LONG": 36.258128537800069, "CENTROID_LAT": 37.267584433501881 }, "geometry": { "type": "MultiPolygon", "coordinates": [ [ [ [ 36.7031212, 37.2011108 ], [ 36.6189461, 37.1464462 ], [ 36.5865135, 37.0816383 ], [ 36.4782448, 36.9668655 ], [ 36.4652176, 36.910984 ], [ 36.4227448, 36.9379349 ], [ 36.3669052, 36.9256554 ], [ 36.2917557, 36.9254913 ], [ 36.2730255, 36.9737282 ], [ 36.2073822, 36.9745827 ], [ 36.2073288, 36.9998207 ], [ 36.1195679, 36.9967461 ], [ 36.0524483, 37.0139771 ], [ 36.0934792, 37.1095657 ], [ 36.0828133, 37.1703491 ], [ 35.9990501, 37.2283745 ], [ 35.9733429, 37.2113533 ], [ 35.9183617, 37.2165489 ], [ 35.9056816, 37.3152466 ], [ 35.8831787, 37.3456268 ], [ 35.9377899, 37.3922958 ], [ 35.9370346, 37.4584503 ], [ 35.9650269, 37.4815674 ], [ 35.96772, 37.5307159 ], [ 36.0120277, 37.6010818 ], [ 36.0219154, 37.6364479 ], [ 36.076004, 37.6559143 ], [ 36.1451111, 37.7027206 ], [ 36.2241707, 37.7046165 ], [ 36.2691116, 37.7211914 ], [ 36.2502823, 37.6941566 ], [ 36.1703415, 37.639183 ], [ 36.1863403, 37.6196175 ], [ 36.249054, 37.605854 ], [ 36.266674, 37.5151215 ], [ 36.2485199, 37.4615898 ], [ 36.2451668, 37.3902931 ], [ 36.2895317, 37.3437653 ], [ 36.3293991, 37.3667603 ], [ 36.367691, 37.3429108 ], [ 36.4525719, 37.369091 ], [ 36.5836258, 37.3516541 ], [ 36.6223946, 37.3012543 ], [ 36.6685257, 37.2640305 ], [ 36.7031212, 37.2011108 ] ] ] ] } },
{ "type": "Feature", "properties": { "POLYGON_ID": "TUR_GAUL2012_ADM1_3080", "ADM0_ISO3": "TUR", "ADM0_NAME": "Turkey", "ADM0_CODE": 249, "ADM1_NAME": "Rize", "ADM1_CODE": 3080, "GEOSET": "GAUL", "GEOSET_YEAR": 2012.0, "GEOSET_VERSION": "GAUL_v1", "GEOSET_UNIT": "ADM1", "CENTROID_LONG": 40.868319081149941, "CENTROID_LAT": 40.93739546207442 }, "geometry": { "type": "MultiPolygon", "coordinates": [ [ [ [ 41.1552315, 40.8331566 ], [ 41.0996819, 40.7865181 ], [ 41.0061989, 40.7643471 ], [ 40.9607887, 40.7376595 ], [ 40.8281441, 40.7326889 ], [ 40.8304901, 40.6643448 ], [ 40.7781487, 40.6457176 ], [ 40.7580071, 40.6070366 ], [ 40.6764107, 40.5978584 ], [ 40.5933075, 40.5385017 ], [ 40.5312309, 40.5141449 ], [ 40.4779358, 40.5245132 ], [ 40.4470596, 40.6019707 ], [ 40.4512329, 40.6403427 ], [ 40.4947739, 40.6971092 ], [ 40.456604, 40.783474 ], [ 40.4771233, 40.8492317 ], [ 40.4266129, 40.9083099 ], [ 40.4012833, 40.9601021 ], [ 40.330477, 40.9909396 ], [ 40.3911133, 41.026535 ], [ 40.4961205, 41.0376129 ], [ 40.5210686, 41.025341 ], [ 40.6018677, 41.0458603 ], [ 40.7323532, 41.0991554 ], [ 40.7986565, 41.1593094 ], [ 40.8730202, 41.1808739 ], [ 40.9382477, 41.1770363 ], [ 41.0552139, 41.2143517 ], [ 41.1530075, 41.2805405 ], [ 41.1985168, 41.2908821 ], [ 41.2870289, 41.3436177 ], [ 41.3210258, 41.2328758 ], [ 41.3621216, 41.1784401 ], [ 41.4378204, 41.1219177 ], [ 41.3871765, 41.0643311 ], [ 41.3144493, 41.0090904 ], [ 41.1912842, 40.936142 ], [ 41.1593742, 40.8997574 ], [ 41.1552315, 40.8331566 ] ] ] ] } },
{ "type": "Feature", "properties": { "POLYGON_ID": "TUR_GAUL2012_ADM1_3081", "ADM0_ISO3": "TUR", "ADM0_NAME": "Turkey", "ADM0_CODE": 249, "ADM1_NAME": "Sakarya", "ADM1_CODE": 3081, "GEOSET": "GAUL", "GEOSET_YEAR": 2012.0, "GEOSET_VERSION": "GAUL_v1", "GEOSET_UNIT": "ADM1", "CENTROID_LONG": 30.50084123989523, "CENTROID_LAT": 40.741061057588063 }, "geometry": { "type": "MultiPolygon", "coordinates": [ [ [ [ 30.969104, 41.0786753 ], [ 30.9982052, 41.0369949 ], [ 30.9627285, 40.9866333 ], [ 30.8991623, 40.9257393 ], [ 30.8406601, 40.9164543 ], [ 30.8354034, 40.8748741 ], [ 30.8952007, 40.8376083 ], [ 30.898798, 40.8166275 ], [ 30.8328609, 40.7871971 ], [ 30.826931, 40.7639427 ], [ 30.9252357, 40.72052 ], [ 30.9363213, 40.6919937 ], [ 30.8830032, 40.6436539 ], [ 30.869709, 40.5666046 ], [ 30.8494148, 40.5456009 ], [ 30.7273369, 40.4812584 ], [ 30.5932827, 40.4631577 ], [ 30.5439739, 40.4064903 ], [ 30.581707, 40.3457756 ], [ 30.5738831, 40.327095 ], [ 30.5058613, 40.3076897 ], [ 30.4018078, 40.3267021 ], [ 30.4092331, 40.3706856 ], [ 30.3738308, 40.3870239 ], [ 30.2223015, 40.3532524 ], [ 30.1534138, 40.3551674 ], [ 30.1056099, 40.3802376 ], [ 30.0823288, 40.429718 ], [ 30.0035496, 40.4550743 ], [ 29.9736519, 40.5163422 ], [ 29.9328957, 40.5470543 ], [ 29.9948273, 40.5902328 ], [ 30.0892124, 40.6032181 ], [ 30.156044, 40.6598091 ], [ 30.1702938, 40.6928749 ], [ 30.2438068, 40.7758942 ], [ 30.2317505, 40.8101921 ], [ 30.2681732, 40.8821678 ], [ 30.2999229, 40.9179153 ], [ 30.2426128, 40.9909058 ], [ 30.2472534, 41.04142 ], [ 30.2898617, 41.0633965 ], [ 30.3058853, 41.1025352 ], [ 30.3685483, 41.1868785 ], [ 30.492178, 41.1502037 ], [ 30.6588516, 41.1335831 ], [ 30.7537956, 41.0916786 ], [ 30.969104, 41.0786753 ] ] ] ] } },
{ "type": "Feature", "properties": { "POLYGON_ID": "TUR_GAUL2012_ADM1_3082", "ADM0_ISO3": "TUR", "ADM0_NAME": "Turkey", "ADM0_CODE": 249, "ADM1_NAME": "Samsun", "ADM1_CODE": 3082, "GEOSET": "GAUL", "GEOSET_YEAR": 2012.0, "GEOSET_VERSION": "GAUL_v1", "GEOSET_UNIT": "ADM1", "CENTROID_LONG": 35.986653601616808, "CENTROID_LAT": 41.217065894391148 }, "geometry": { "type": "MultiPolygon", "coordinates": [ [ [ [ 37.1748418, 41.1459751 ], [ 37.1148491, 41.0922737 ], [ 36.9767227, 41.0829201 ], [ 36.9813919, 41.0484657 ], [ 36.8920593, 40.9438858 ], [ 36.7937241, 40.9016113 ], [ 36.6930771, 40.8864479 ], [ 36.5558167, 40.9002762 ], [ 36.5233879, 40.8777008 ], [ 36.4677925, 40.8811798 ], [ 36.4150848, 40.8647156 ], [ 36.3639259, 40.8829575 ], [ 36.2965469, 40.9286346 ], [ 36.3104248, 40.9811096 ], [ 36.2806664, 40.9968719 ], [ 36.1917953, 40.9816437 ], [ 36.1633987, 40.8946953 ], [ 36.1200294, 40.8447495 ], [ 36.0857506, 40.8320084 ], [ 35.9774284, 40.833065 ], [ 35.8896103, 40.8535385 ], [ 35.7707787, 40.8688354 ], [ 35.661972, 40.8685799 ], [ 35.6069946, 40.9302101 ], [ 35.5264359, 40.9422836 ], [ 35.4755516, 40.9669189 ], [ 35.4781227, 41.0351639 ], [ 35.311615, 41.0508156 ], [ 35.2727852, 41.0255127 ], [ 35.2110176, 41.02705 ], [ 35.12183, 41.0820007 ], [ 35.0680542, 41.0828171 ], [ 34.9819717, 41.1010551 ], [ 34.9052773, 41.1729622 ], [ 34.8482666, 41.2082138 ], [ 34.8892059, 41.2703857 ], [ 35.0325623, 41.3635559 ], [ 35.1223564, 41.3866768 ], [ 35.1911469, 41.285675 ], [ 35.2468758, 41.2532272 ], [ 35.3126984, 41.2354736 ], [ 35.4046555, 41.2659531 ], [ 35.4242287, 41.2999802 ], [ 35.4122696, 41.338604 ], [ 35.4622307, 41.375248 ], [ 35.4268379, 41.4644508 ], [ 35.3508606, 41.5376205 ], [ 35.3355331, 41.6076546 ], [ 35.3572769, 41.643734 ], [ 35.4211527, 41.6796874 ], [ 35.4730415, 41.648243 ], [ 35.5798759, 41.6306076 ], [ 35.6522903, 41.6395645 ], [ 35.8251762, 41.6828194 ], [ 35.9815216, 41.7360039 ], [ 36.019249, 41.7002335 ], [ 36.0678978, 41.6842041 ], [ 36.1186981, 41.6289978 ], [ 36.1351585, 41.5516663 ], [ 36.1181793, 41.5060425 ], [ 36.1297951, 41.4697762 ], [ 36.2496834, 41.3512611 ], [ 36.3464127, 41.3120995 ], [ 36.3424835, 41.2946396 ], [ 36.4031487, 41.2500458 ], [ 36.4817009, 41.2429962 ], [ 36.5607224, 41.2816086 ], [ 36.6319351, 41.3741302 ], [ 36.6640854, 41.3603592 ], [ 36.7317696, 41.3685722 ], [ 36.8741951, 41.3411789 ], [ 37.0003738, 41.2817421 ], [ 37.0325928, 41.2465286 ], [ 37.0334053, 41.1898842 ], [ 37.0713196, 41.1675949 ], [ 37.1748418, 41.1459751 ] ] ] ] } },
{ "type": "Feature", "properties": { "POLYGON_ID": "TUR_GAUL2012_ADM1_3083", "ADM0_ISO3": "TUR", "ADM0_NAME": "Turkey", "ADM0_CODE": 249, "ADM1_NAME": "Sanliurfa", "ADM1_CODE": 3083, "GEOSET": "GAUL", "GEOSET_YEAR": 2012.0, "GEOSET_VERSION": "GAUL_v1", "GEOSET_UNIT": "ADM1", "CENTROID_LONG": 39.098391410483814, "CENTROID_LAT": 37.242798353003721 }, "geometry": { "type": "MultiPolygon", "coordinates": [ [ [ [ 39.1166916, 38.0252686 ], [ 39.1900597, 37.9788132 ], [ 39.3798332, 37.9631538 ], [ 39.4094315, 37.9508171 ], [ 39.4551201, 37.8899002 ], [ 39.5425377, 37.8345642 ], [ 39.626873, 37.8098145 ], [ 39.7376747, 37.8051643 ], [ 39.8063049, 37.7750206 ], [ 39.8403473, 37.6446037 ], [ 39.8741493, 37.5689697 ], [ 39.9152412, 37.5081329 ], [ 39.9661598, 37.4491043 ], [ 40.0111885, 37.3148956 ], [ 40.0108528, 37.2296371 ], [ 40.0668106, 37.1713181 ], [ 40.1056976, 37.1578178 ], [ 40.1546745, 37.0701523 ], [ 40.1632271, 36.9589729 ], [ 40.2033293, 36.8862044 ], [ 40.087, 36.86069 ], [ 40.05192, 36.83605 ], [ 39.84183, 36.75532 ], [ 39.72273, 36.74382 ], [ 39.66477, 36.72581 ], [ 39.4666797, 36.6979581 ], [ 39.34484, 36.6896 ], [ 39.22735, 36.665 ], [ 39.08549, 36.69711 ], [ 39.02023, 36.70331 ], [ 38.84706, 36.69668 ], [ 38.73147, 36.70748 ], [ 38.6257473, 36.7873344 ], [ 38.5634, 36.83882 ], [ 38.40784, 36.89539 ], [ 38.26524, 36.91347 ], [ 38.20047, 36.90801 ], [ 38.07052, 36.85856 ], [ 38.0239703, 36.8267052 ], [ 38.031929, 36.8918915 ], [ 37.9761429, 36.9783897 ], [ 37.9667778, 37.0180092 ], [ 37.9843903, 37.0478706 ], [ 37.9027786, 37.04459 ], [ 37.8559723, 37.0875359 ], [ 37.8800049, 37.1380196 ], [ 37.8327179, 37.2027817 ], [ 37.8765869, 37.2367516 ], [ 37.8414917, 37.2766037 ], [ 37.8737755, 37.3484955 ], [ 37.9412003, 37.3866692 ], [ 37.9828568, 37.4427834 ], [ 38.1978493, 37.4209061 ], [ 38.1965027, 37.4557648 ], [ 38.2610588, 37.4517555 ], [ 38.2754097, 37.4798965 ], [ 38.3207436, 37.4904938 ], [ 38.3738747, 37.4750366 ], [ 38.4197311, 37.4957542 ], [ 38.4541054, 37.4841766 ], [ 38.5250397, 37.5249405 ], [ 38.5762367, 37.5372887 ], [ 38.5821075, 37.5659866 ], [ 38.6230431, 37.6157227 ], [ 38.6887932, 37.6309929 ], [ 38.7510376, 37.6272087 ], [ 38.8011436, 37.6536484 ], [ 38.8137703, 37.7097511 ], [ 38.8552513, 37.6879959 ], [ 38.8976974, 37.7462959 ], [ 38.960743, 37.7568932 ], [ 38.9554939, 37.7991524 ], [ 38.9737358, 37.8303413 ], [ 38.9830666, 37.9013443 ], [ 39.0391274, 37.9251022 ], [ 39.0803986, 38.0221901 ], [ 39.1166916, 38.0252686 ] ] ] ] } },
{ "type": "Feature", "properties": { "POLYGON_ID": "TUR_GAUL2012_ADM1_3084", "ADM0_ISO3": "TUR", "ADM0_NAME": "Turkey", "ADM0_CODE": 249, "ADM1_NAME": "Siirt", "ADM1_CODE": 3084, "GEOSET": "GAUL", "GEOSET_YEAR": 2012.0, "GEOSET_VERSION": "GAUL_v1", "GEOSET_UNIT": "ADM1", "CENTROID_LONG": 42.135272726477247, "CENTROID_LAT": 37.90855648701875 }, "geometry": { "type": "MultiPolygon", "coordinates": [ [ [ [ 42.6814728, 37.9991379 ], [ 42.7632256, 37.9855461 ], [ 42.7413292, 37.9479675 ], [ 42.7946587, 37.9244995 ], [ 42.7912216, 37.880291 ], [ 42.8407478, 37.8111839 ], [ 42.8967133, 37.7801361 ], [ 42.8598213, 37.7602005 ], [ 42.8011665, 37.6873016 ], [ 42.7300072, 37.6619301 ], [ 42.637825, 37.690258 ], [ 42.5815735, 37.6914406 ], [ 42.5277824, 37.6608696 ], [ 42.386528, 37.6402168 ], [ 42.3068008, 37.6082115 ], [ 42.2799377, 37.5707741 ], [ 42.2368965, 37.5658264 ], [ 42.115139, 37.6260834 ], [ 41.9758263, 37.6073303 ], [ 41.9172173, 37.6324883 ], [ 41.8626709, 37.6744385 ], [ 41.8219185, 37.6772575 ], [ 41.7301826, 37.6854782 ], [ 41.6990013, 37.7318382 ], [ 41.7134666, 37.7987366 ], [ 41.6406059, 37.878624 ], [ 41.496254, 37.8817635 ], [ 41.4058304, 37.9114151 ], [ 41.381443, 37.9678917 ], [ 41.4050903, 38.0153656 ], [ 41.5316544, 38.0253677 ], [ 41.5486641, 38.0762634 ], [ 41.6220322, 38.0786171 ], [ 41.6229935, 38.121727 ], [ 41.6476135, 38.1966248 ], [ 41.6341515, 38.2516632 ], [ 41.714489, 38.2402573 ], [ 41.8108292, 38.2194252 ], [ 41.8481789, 38.2008667 ], [ 41.9572601, 38.1954918 ], [ 41.9727974, 38.1723022 ], [ 42.0361748, 38.1833153 ], [ 42.1032944, 38.2301636 ], [ 42.169384, 38.238739 ], [ 42.3047218, 38.1965599 ], [ 42.381794, 38.1454697 ], [ 42.493309, 38.1084862 ], [ 42.5051537, 38.0219917 ], [ 42.5666428, 37.9822044 ], [ 42.6098557, 37.9797058 ], [ 42.6814728, 37.9991379 ] ] ] ] } },
{ "type": "Feature", "properties": { "POLYGON_ID": "TUR_GAUL2012_ADM1_3085", "ADM0_ISO3": "TUR", "ADM0_NAME": "Turkey", "ADM0_CODE": 249, "ADM1_NAME": "Sinop", "ADM1_CODE": 3085, "GEOSET": "GAUL", "GEOSET_YEAR": 2012.0, "GEOSET_VERSION": "GAUL_v1", "GEOSET_UNIT": "ADM1", "CENTROID_LONG": 34.873562139293583, "CENTROID_LAT": 41.628634758009994 }, "geometry": { "type": "MultiPolygon", "coordinates": [ [ [ [ 35.4211527, 41.6796874 ], [ 35.3572769, 41.643734 ], [ 35.3355331, 41.6076546 ], [ 35.3508606, 41.5376205 ], [ 35.4268379, 41.4644508 ], [ 35.4622307, 41.375248 ], [ 35.4122696, 41.338604 ], [ 35.4242287, 41.2999802 ], [ 35.4046555, 41.2659531 ], [ 35.3126984, 41.2354736 ], [ 35.2468758, 41.2532272 ], [ 35.1911469, 41.285675 ], [ 35.1223564, 41.3866768 ], [ 35.0325623, 41.3635559 ], [ 34.8892059, 41.2703857 ], [ 34.8482666, 41.2082138 ], [ 34.7177696, 41.2522202 ], [ 34.643013, 41.3081779 ], [ 34.5534592, 41.2924309 ], [ 34.4656219, 41.3315315 ], [ 34.488266, 41.3694 ], [ 34.4510574, 41.4156952 ], [ 34.4420891, 41.45121 ], [ 34.4526482, 41.5142822 ], [ 34.5487213, 41.572258 ], [ 34.6042213, 41.6603546 ], [ 34.5800438, 41.6985359 ], [ 34.4843636, 41.7036324 ], [ 34.4239197, 41.7219772 ], [ 34.3569107, 41.7161026 ], [ 34.2779999, 41.7777481 ], [ 34.3047447, 41.8504334 ], [ 34.2511063, 41.8907089 ], [ 34.2236426, 41.9627696 ], [ 34.3250389, 41.9440155 ], [ 34.4340439, 41.9687119 ], [ 34.5029907, 41.9665947 ], [ 34.6099586, 41.9459648 ], [ 34.716774, 41.9468536 ], [ 34.8273239, 41.9699173 ], [ 34.985939, 42.0977631 ], [ 35.0250778, 42.0821152 ], [ 35.0619812, 42.0302162 ], [ 35.1339073, 42.0222015 ], [ 35.0994453, 41.9661598 ], [ 35.0920677, 41.9177856 ], [ 35.1321297, 41.8566742 ], [ 35.2022972, 41.8070984 ], [ 35.2124367, 41.7703171 ], [ 35.2685776, 41.7236404 ], [ 35.3179512, 41.701313 ], [ 35.4211527, 41.6796874 ] ] ] ] } },
{ "type": "Feature", "properties": { "POLYGON_ID": "TUR_GAUL2012_ADM1_3086", "ADM0_ISO3": "TUR", "ADM0_NAME": "Turkey", "ADM0_CODE": 249, "ADM1_NAME": "Sirnak", "ADM1_CODE": 3086, "GEOSET": "GAUL", "GEOSET_YEAR": 2012.0, "GEOSET_VERSION": "GAUL_v1", "GEOSET_UNIT": "ADM1", "CENTROID_LONG": 42.524973164890696, "CENTROID_LAT": 37.45253217899365 }, "geometry": { "type": "MultiPolygon", "coordinates": [ [ [ [ 43.5021896, 37.7374382 ], [ 43.4774132, 37.6343689 ], [ 43.4507027, 37.6025238 ], [ 43.3853073, 37.5677528 ], [ 43.3156319, 37.5528183 ], [ 43.3093224, 37.4917107 ], [ 43.3450928, 37.398365 ], [ 43.3353039, 37.3248455 ], [ 43.2980734, 37.304782 ], [ 43.2932193, 37.309422 ], [ 43.2731248, 37.3120275 ], [ 43.2735174, 37.3182379 ], [ 43.2729463, 37.3270895 ], [ 43.2546007, 37.3273393 ], [ 43.250853, 37.333978 ], [ 43.2422645, 37.344039 ], [ 43.2373116, 37.3456727 ], [ 43.200663, 37.3492699 ], [ 43.1987356, 37.3538028 ], [ 43.1902093, 37.3566345 ], [ 43.1709666, 37.3566511 ], [ 43.1652202, 37.3555446 ], [ 43.1638996, 37.3565083 ], [ 43.1642922, 37.3600061 ], [ 43.1555833, 37.3646461 ], [ 43.155454, 37.3694779 ], [ 43.1495763, 37.3702691 ], [ 43.0256782, 37.3518818 ], [ 43.0135786, 37.3299669 ], [ 42.959898, 37.3106933 ], [ 42.9511534, 37.3166895 ], [ 42.9365198, 37.3174034 ], [ 42.9232824, 37.3256374 ], [ 42.910082, 37.3277678 ], [ 42.8900588, 37.331337 ], [ 42.8843658, 37.3365449 ], [ 42.8739795, 37.3356883 ], [ 42.8668054, 37.3425411 ], [ 42.8523145, 37.3464672 ], [ 42.8386802, 37.340935 ], [ 42.8286833, 37.3469465 ], [ 42.8271842, 37.3590104 ], [ 42.8276839, 37.3687543 ], [ 42.8207954, 37.3719665 ], [ 42.7902946, 37.3774127 ], [ 42.7816928, 37.3735223 ], [ 42.7386535, 37.3290935 ], [ 42.7359513, 37.3202838 ], [ 42.7388756, 37.3178408 ], [ 42.7344337, 37.3156199 ], [ 42.7332122, 37.3185071 ], [ 42.7306211, 37.3182109 ], [ 42.7284742, 37.3167673 ], [ 42.6910146, 37.3038489 ], [ 42.6934946, 37.2930034 ], [ 42.6987138, 37.2935586 ], [ 42.6843518, 37.2803071 ], [ 42.6836485, 37.2787895 ], [ 42.6874241, 37.2768276 ], [ 42.663401, 37.2702019 ], [ 42.6548134, 37.2660561 ], [ 42.6546654, 37.2641313 ], [ 42.6604028, 37.2616143 ], [ 42.6159472, 37.2122356 ], [ 42.6160953, 37.2084971 ], [ 42.6209443, 37.2032039 ], [ 42.5734534, 37.1421283 ], [ 42.568451, 37.1475283 ], [ 42.5624999, 37.1482725 ], [ 42.555723, 37.1448675 ], [ 42.5089725, 37.1299132 ], [ 42.4586685, 37.1363539 ], [ 42.4471566, 37.1343921 ], [ 42.4423266, 37.1260587 ], [ 42.3867888, 37.1085772 ], [ 42.3831125, 37.114395 ], [ 42.3725672, 37.1158078 ], [ 42.3537738, 37.0975841 ], [ 42.35631, 37.13974 ], [ 42.33707, 37.17487 ], [ 42.35742, 37.22753 ], [ 42.3073, 37.26131 ], [ 42.19395, 37.28218 ], [ 42.10611, 37.21285 ], [ 41.97514, 37.15957 ], [ 41.75864, 37.11747 ], [ 41.6638151, 37.1128622 ], [ 41.678215, 37.1508102 ], [ 41.6695595, 37.2145004 ], [ 41.5857582, 37.244854 ], [ 41.5618095, 37.2650909 ], [ 41.5689468, 37.3130951 ], [ 41.6044197, 37.3867416 ], [ 41.6089287, 37.4369926 ], [ 41.655014, 37.4206314 ], [ 41.6884041, 37.4330025 ], [ 41.7806816, 37.4045677 ], [ 41.8637047, 37.4181709 ], [ 41.8488808, 37.5477257 ], [ 41.8988533, 37.5803604 ], [ 41.8291092, 37.6253853 ], [ 41.8219185, 37.6772575 ], [ 41.8626709, 37.6744385 ], [ 41.9172173, 37.6324883 ], [ 41.9758263, 37.6073303 ], [ 42.115139, 37.6260834 ], [ 42.2368965, 37.5658264 ], [ 42.2799377, 37.5707741 ], [ 42.3068008, 37.6082115 ], [ 42.386528, 37.6402168 ], [ 42.5277824, 37.6608696 ], [ 42.5815735, 37.6914406 ], [ 42.637825, 37.690258 ], [ 42.7300072, 37.6619301 ], [ 42.8011665, 37.6873016 ], [ 42.8598213, 37.7602005 ], [ 42.8967133, 37.7801361 ], [ 42.957634, 37.7821503 ], [ 43.1383171, 37.7603607 ], [ 43.3766937, 37.7251205 ], [ 43.5021896, 37.7374382 ] ] ] ] } },
{ "type": "Feature", "properties": { "POLYGON_ID": "TUR_GAUL2012_ADM1_3087", "ADM0_ISO3": "TUR", "ADM0_NAME": "Turkey", "ADM0_CODE": 249, "ADM1_NAME": "Sivas", "ADM1_CODE": 3087, "GEOSET": "GAUL", "GEOSET_YEAR": 2012.0, "GEOSET_VERSION": "GAUL_v1", "GEOSET_UNIT": "ADM1", "CENTROID_LONG": 37.29155160721406, "CENTROID_LAT": 39.555382492421593 }, "geometry": { "type": "MultiPolygon", "coordinates": [ [ [ [ 38.1052017, 40.4993553 ], [ 38.1335411, 40.4251213 ], [ 38.1914101, 40.3566895 ], [ 38.1836052, 40.270668 ], [ 38.2041817, 40.2133408 ], [ 38.2963257, 40.1931992 ], [ 38.423214, 40.1273651 ], [ 38.461441, 40.1625786 ], [ 38.5176239, 40.1631165 ], [ 38.5704079, 40.1134491 ], [ 38.6396446, 40.1009674 ], [ 38.7278748, 40.0649719 ], [ 38.7719154, 40.075264 ], [ 38.7598953, 40.0165405 ], [ 38.7235565, 39.9894791 ], [ 38.5979042, 39.985321 ], [ 38.5502548, 39.9612503 ], [ 38.4586716, 39.9892349 ], [ 38.3603859, 39.9198875 ], [ 38.4507256, 39.8300743 ], [ 38.4036751, 39.7810326 ], [ 38.3527641, 39.76408 ], [ 38.3606033, 39.7312393 ], [ 38.3304291, 39.6752472 ], [ 38.3307495, 39.5747948 ], [ 38.2611923, 39.5387192 ], [ 38.3175507, 39.4735603 ], [ 38.390049, 39.4501877 ], [ 38.3775711, 39.372406 ], [ 38.3336716, 39.3530579 ], [ 38.3558502, 39.2670784 ], [ 38.317379, 39.2127495 ], [ 38.3029785, 39.1437874 ], [ 38.2410393, 39.1332512 ], [ 38.1710548, 39.0867958 ], [ 38.0853386, 39.0942955 ], [ 38.0388832, 39.0716629 ], [ 38.0082245, 39.0819893 ], [ 37.9552612, 39.0687332 ], [ 37.8076401, 39.0775681 ], [ 37.7520676, 39.043644 ], [ 37.7697334, 39.0118713 ], [ 37.729248, 38.9589996 ], [ 37.6389008, 39.0115509 ], [ 37.5406685, 39.0222664 ], [ 37.4963417, 39.0030365 ], [ 37.5140762, 38.9524078 ], [ 37.5049553, 38.8919334 ], [ 37.5545921, 38.8025894 ], [ 37.5431976, 38.7696686 ], [ 37.4295387, 38.7309113 ], [ 37.3951721, 38.6465721 ], [ 37.3150673, 38.5623779 ], [ 37.2815132, 38.5739059 ], [ 37.1223259, 38.5684967 ], [ 37.022049, 38.5784073 ], [ 36.8473434, 38.5609322 ], [ 36.7601776, 38.5353889 ], [ 36.7716827, 38.5645752 ], [ 36.6947212, 38.6813126 ], [ 36.6872749, 38.7138863 ], [ 36.7092628, 38.7635612 ], [ 36.807724, 38.8074265 ], [ 36.9520683, 38.90942 ], [ 36.9850235, 38.9592857 ], [ 36.9832764, 39.0066185 ], [ 36.9487419, 39.0534363 ], [ 36.8324471, 39.0720444 ], [ 36.7485733, 39.152462 ], [ 36.6898689, 39.1852226 ], [ 36.6470566, 39.1754265 ], [ 36.5816498, 39.1167412 ], [ 36.5443878, 39.0974464 ], [ 36.4943924, 39.0974197 ], [ 36.4061203, 39.1266022 ], [ 36.3791962, 39.0945435 ], [ 36.2429123, 39.1022301 ], [ 36.1649971, 39.088604 ], [ 36.1010094, 39.0924492 ], [ 36.0370178, 39.1483803 ], [ 35.9309082, 39.1903114 ], [ 35.9080963, 39.2437706 ], [ 35.8462486, 39.301548 ], [ 35.9068184, 39.3530808 ], [ 35.9045296, 39.4553185 ], [ 35.9404297, 39.4635086 ], [ 36.0376244, 39.4373322 ], [ 36.151535, 39.6002007 ], [ 36.161068, 39.654213 ], [ 36.1506157, 39.7239914 ], [ 36.0592651, 39.7717743 ], [ 36.0819664, 39.8335037 ], [ 36.0290337, 39.8708687 ], [ 36.0066834, 39.9435387 ], [ 36.1688042, 39.9470901 ], [ 36.4169159, 39.9634209 ], [ 36.4671822, 39.9439659 ], [ 36.5710182, 39.9662514 ], [ 36.6336746, 39.9995995 ], [ 36.624897, 40.0558319 ], [ 36.6654892, 40.0905991 ], [ 36.6691475, 40.1566467 ], [ 36.7384491, 40.2104759 ], [ 36.79953, 40.2027817 ], [ 36.8534584, 40.2217293 ], [ 36.9173813, 40.2133026 ], [ 36.9774132, 40.1848869 ], [ 37.0678635, 40.0923347 ], [ 37.1367493, 40.1296539 ], [ 37.1877823, 40.1369896 ], [ 37.2320518, 40.1230812 ], [ 37.2870026, 40.0822334 ], [ 37.3774185, 40.0906715 ], [ 37.4193077, 40.1163559 ], [ 37.4422569, 40.238884 ], [ 37.5150757, 40.266819 ], [ 37.5762825, 40.3061829 ], [ 37.5906754, 40.3498306 ], [ 37.5830536, 40.3897209 ], [ 37.6960106, 40.319828 ], [ 37.7502594, 40.3151245 ], [ 37.754303, 40.3681755 ], [ 37.7751884, 40.3873711 ], [ 37.8419952, 40.3418922 ], [ 37.866703, 40.340313 ], [ 37.9429779, 40.3751946 ], [ 37.9421463, 40.4973602 ], [ 37.995636, 40.4817657 ], [ 38.0323982, 40.5034752 ], [ 38.1052017, 40.4993553 ] ] ] ] } },
{ "type": "Feature", "properties": { "POLYGON_ID": "TUR_GAUL2012_ADM1_3088", "ADM0_ISO3": "TUR", "ADM0_NAME": "Turkey", "ADM0_CODE": 249, "ADM1_NAME": "Tekirdag", "ADM1_CODE": 3088, "GEOSET": "GAUL", "GEOSET_YEAR": 2012.0, "GEOSET_VERSION": "GAUL_v1", "GEOSET_UNIT": "ADM1", "CENTROID_LONG": 27.409821746868769, "CENTROID_LAT": 41.090700680538141 }, "geometry": { "type": "MultiPolygon", "coordinates": [ [ [ [ 28.0317676, 41.0415093 ], [ 27.9944477, 41.0206299 ], [ 27.966301, 40.9712105 ], [ 27.880127, 40.9744225 ], [ 27.8520489, 40.9956894 ], [ 27.7539978, 41.0201721 ], [ 27.5923519, 40.989521 ], [ 27.5311108, 40.9850082 ], [ 27.478878, 40.9252739 ], [ 27.4567528, 40.8505363 ], [ 27.3547573, 40.7785721 ], [ 27.3181496, 40.7111778 ], [ 27.1610565, 40.6274986 ], [ 27.035471, 40.5994225 ], [ 26.9937036, 40.5622203 ], [ 26.9750309, 40.6124802 ], [ 27.0203114, 40.6833954 ], [ 26.9754982, 40.7307091 ], [ 26.9183483, 40.7393341 ], [ 26.800272, 40.7312889 ], [ 26.7967892, 40.7761192 ], [ 26.7453117, 40.815239 ], [ 26.7196426, 40.8519173 ], [ 26.7586327, 40.9376755 ], [ 26.7710552, 40.9874916 ], [ 26.7541733, 41.0125122 ], [ 26.6883812, 41.0310097 ], [ 26.6780872, 41.0631714 ], [ 26.7261238, 41.0790977 ], [ 26.7805958, 41.0669975 ], [ 26.949398, 41.1514282 ], [ 26.9715233, 41.1941185 ], [ 26.976387, 41.2631073 ], [ 26.9536724, 41.32444 ], [ 26.9810619, 41.3571701 ], [ 27.1565456, 41.3225288 ], [ 27.2313004, 41.332222 ], [ 27.3013477, 41.3212128 ], [ 27.3714619, 41.2404289 ], [ 27.429594, 41.2224274 ], [ 27.5151062, 41.2357636 ], [ 27.5518093, 41.27285 ], [ 27.5837402, 41.3762817 ], [ 27.6926823, 41.4514084 ], [ 27.7889252, 41.4692497 ], [ 27.9210339, 41.5081978 ], [ 28.0127316, 41.5484467 ], [ 28.050621, 41.5513268 ], [ 28.1438313, 41.5262375 ], [ 28.1280861, 41.502327 ], [ 28.1913643, 41.4485893 ], [ 28.1959095, 41.3821068 ], [ 28.1748524, 41.3586121 ], [ 28.0954742, 41.3263626 ], [ 28.0486298, 41.287178 ], [ 28.0494061, 41.2349396 ], [ 28.0244331, 41.1816483 ], [ 28.0101147, 41.102623 ], [ 28.0379486, 41.0785408 ], [ 28.0317676, 41.0415093 ] ] ] ] } },
{ "type": "Feature", "properties": { "POLYGON_ID": "TUR_GAUL2012_ADM1_3089", "ADM0_ISO3": "TUR", "ADM0_NAME": "Turkey", "ADM0_CODE": 249, "ADM1_NAME": "Tokat", "ADM1_CODE": 3089, "GEOSET": "GAUL", "GEOSET_YEAR": 2012.0, "GEOSET_VERSION": "GAUL_v1", "GEOSET_UNIT": "ADM1", "CENTROID_LONG": 36.582824529581217, "CENTROID_LAT": 40.363239304597144 }, "geometry": { "type": "MultiPolygon", "coordinates": [ [ [ [ 36.6930771, 40.8864479 ], [ 36.7054405, 40.8486595 ], [ 36.768959, 40.83424 ], [ 36.8302116, 40.8031616 ], [ 36.8844185, 40.7316856 ], [ 36.948513, 40.7374649 ], [ 37.0272217, 40.6853905 ], [ 37.0570679, 40.700264 ], [ 37.1820412, 40.6947289 ], [ 37.2393074, 40.644989 ], [ 37.2525253, 40.6141891 ], [ 37.3463402, 40.564785 ], [ 37.6329498, 40.5139809 ], [ 37.5787354, 40.4676552 ], [ 37.5830536, 40.3897209 ], [ 37.5906754, 40.3498306 ], [ 37.5762825, 40.3061829 ], [ 37.5150757, 40.266819 ], [ 37.4422569, 40.238884 ], [ 37.4193077, 40.1163559 ], [ 37.3774185, 40.0906715 ], [ 37.2870026, 40.0822334 ], [ 37.2320518, 40.1230812 ], [ 37.1877823, 40.1369896 ], [ 37.1367493, 40.1296539 ], [ 37.0678635, 40.0923347 ], [ 36.9774132, 40.1848869 ], [ 36.9173813, 40.2133026 ], [ 36.8534584, 40.2217293 ], [ 36.79953, 40.2027817 ], [ 36.7384491, 40.2104759 ], [ 36.6691475, 40.1566467 ], [ 36.6654892, 40.0905991 ], [ 36.624897, 40.0558319 ], [ 36.6336746, 39.9995995 ], [ 36.5710182, 39.9662514 ], [ 36.4671822, 39.9439659 ], [ 36.4169159, 39.9634209 ], [ 36.1688042, 39.9470901 ], [ 36.0066834, 39.9435387 ], [ 35.954834, 40.004612 ], [ 35.9426727, 40.0812836 ], [ 35.8762665, 40.1125526 ], [ 35.7280769, 40.0916519 ], [ 35.6621933, 40.0992012 ], [ 35.5105705, 40.1334763 ], [ 35.4971657, 40.1840477 ], [ 35.4510078, 40.2336349 ], [ 35.4796486, 40.2878647 ], [ 35.5151253, 40.3192635 ], [ 35.6511993, 40.3326721 ], [ 35.7148209, 40.374733 ], [ 35.7202683, 40.4250107 ], [ 35.7964249, 40.4954872 ], [ 35.9605522, 40.4975891 ], [ 36.0128403, 40.4679489 ], [ 36.1105728, 40.4435997 ], [ 36.1329346, 40.4731827 ], [ 36.2085266, 40.4911461 ], [ 36.2651138, 40.5409775 ], [ 36.2511444, 40.5900002 ], [ 36.2897263, 40.6012535 ], [ 36.4464035, 40.5897751 ], [ 36.4118805, 40.6333771 ], [ 36.4050827, 40.6723938 ], [ 36.4261246, 40.7402802 ], [ 36.4917221, 40.7653122 ], [ 36.4104843, 40.8225212 ], [ 36.4150848, 40.8647156 ], [ 36.4677925, 40.8811798 ], [ 36.5233879, 40.8777008 ], [ 36.5558167, 40.9002762 ], [ 36.6930771, 40.8864479 ] ] ] ] } },
{ "type": "Feature", "properties": { "POLYGON_ID": "TUR_GAUL2012_ADM1_3090", "ADM0_ISO3": "TUR", "ADM0_NAME": "Turkey", "ADM0_CODE": 249, "ADM1_NAME": "Trabzon", "ADM1_CODE": 3090, "GEOSET": "GAUL", "GEOSET_YEAR": 2012.0, "GEOSET_VERSION": "GAUL_v1", "GEOSET_UNIT": "ADM1", "CENTROID_LONG": 39.826125767542926, "CENTROID_LAT": 40.805491240776135 }, "geometry": { "type": "MultiPolygon", "coordinates": [ [ [ [ 40.330477, 40.9909396 ], [ 40.4012833, 40.9601021 ], [ 40.4266129, 40.9083099 ], [ 40.4771233, 40.8492317 ], [ 40.456604, 40.783474 ], [ 40.4947739, 40.6971092 ], [ 40.4512329, 40.6403427 ], [ 40.4470596, 40.6019707 ], [ 40.4779358, 40.5245132 ], [ 40.2704544, 40.5232964 ], [ 40.211338, 40.5390968 ], [ 40.145977, 40.5715027 ], [ 40.0573616, 40.6070442 ], [ 40.0478249, 40.6576042 ], [ 39.9877625, 40.6487846 ], [ 39.9674454, 40.5973663 ], [ 39.9274559, 40.5985985 ], [ 39.8849411, 40.6339226 ], [ 39.8293533, 40.6306686 ], [ 39.8532906, 40.6982765 ], [ 39.8439941, 40.7296906 ], [ 39.7679596, 40.6978645 ], [ 39.7640724, 40.6222763 ], [ 39.6972847, 40.545475 ], [ 39.6559715, 40.5847397 ], [ 39.597683, 40.6113548 ], [ 39.5192413, 40.6275444 ], [ 39.4496384, 40.6598167 ], [ 39.3563004, 40.6564064 ], [ 39.2945595, 40.731945 ], [ 39.1737556, 40.8338509 ], [ 39.1280632, 40.8987465 ], [ 39.1816711, 40.9446411 ], [ 39.1590538, 41.0224152 ], [ 39.1745701, 41.0763552 ], [ 39.2327576, 41.0531273 ], [ 39.2883492, 41.0488052 ], [ 39.425766, 41.105526 ], [ 39.4914246, 41.0892792 ], [ 39.5680084, 41.0265923 ], [ 39.6621666, 40.9943924 ], [ 39.7592011, 41.0048065 ], [ 39.8311157, 40.9800644 ], [ 39.8793488, 40.9507256 ], [ 39.9864922, 40.9635086 ], [ 40.0370331, 40.9540939 ], [ 40.0709038, 40.9261246 ], [ 40.1350479, 40.9083138 ], [ 40.2260551, 40.9238853 ], [ 40.330477, 40.9909396 ] ] ] ] } },
{ "type": "Feature", "properties": { "POLYGON_ID": "TUR_GAUL2012_ADM1_3091", "ADM0_ISO3": "TUR", "ADM0_NAME": "Turkey", "ADM0_CODE": 249, "ADM1_NAME": "Tunceli", "ADM1_CODE": 3091, "GEOSET": "GAUL", "GEOSET_YEAR": 2012.0, "GEOSET_VERSION": "GAUL_v1", "GEOSET_UNIT": "ADM1", "CENTROID_LONG": 39.499579894848573, "CENTROID_LAT": 39.197337982481677 }, "geometry": { "type": "MultiPolygon", "coordinates": [ [ [ [ 40.4323692, 39.518631 ], [ 40.3895111, 39.4765816 ], [ 40.4048615, 39.4518166 ], [ 40.3206902, 39.4261475 ], [ 40.2685165, 39.3524742 ], [ 40.2284241, 39.3549309 ], [ 40.1230392, 39.3034782 ], [ 40.0480881, 39.319294 ], [ 40.0161438, 39.2788963 ], [ 39.9505653, 39.2496681 ], [ 39.9352188, 39.2086334 ], [ 39.906868, 39.1981544 ], [ 39.948288, 39.1302643 ], [ 39.9158592, 39.0962791 ], [ 39.8689003, 39.0543633 ], [ 39.9066162, 39.011425 ], [ 39.8832512, 38.9831619 ], [ 39.8665199, 38.908287 ], [ 39.7910118, 38.8355942 ], [ 39.7095833, 38.8099136 ], [ 39.6337051, 38.8045197 ], [ 39.6052322, 38.8156242 ], [ 39.5220947, 38.8130875 ], [ 39.5010567, 38.7734756 ], [ 39.4365349, 38.7879105 ], [ 39.3876495, 38.7716103 ], [ 39.3574677, 38.8138161 ], [ 39.3034706, 38.8257103 ], [ 39.2674255, 38.8597221 ], [ 39.1776161, 38.8700027 ], [ 39.1386757, 38.8848534 ], [ 38.9965706, 38.9036407 ], [ 38.8206482, 38.875885 ], [ 38.7473297, 38.8968353 ], [ 38.7493515, 38.9220657 ], [ 38.7914963, 38.9513359 ], [ 38.7777023, 39.001152 ], [ 38.75103, 39.0176659 ], [ 38.7345734, 39.1447105 ], [ 38.7731857, 39.1750488 ], [ 38.7815933, 39.216465 ], [ 38.8728561, 39.2147827 ], [ 38.9515877, 39.2505608 ], [ 38.9370537, 39.2772102 ], [ 38.8638573, 39.2940903 ], [ 38.8071022, 39.2892075 ], [ 38.8006973, 39.3439407 ], [ 38.8391762, 39.3604584 ], [ 38.9077225, 39.3335609 ], [ 38.9822006, 39.3467331 ], [ 39.0464859, 39.3924522 ], [ 39.0624237, 39.4252243 ], [ 39.1165276, 39.4668999 ], [ 39.1960297, 39.4670296 ], [ 39.2795219, 39.4835663 ], [ 39.3129425, 39.4512215 ], [ 39.4207802, 39.498558 ], [ 39.4615288, 39.494278 ], [ 39.5260391, 39.5103264 ], [ 39.5417328, 39.4728928 ], [ 39.5789719, 39.4416618 ], [ 39.8060188, 39.5327339 ], [ 39.8145676, 39.5965309 ], [ 40.0108337, 39.5673027 ], [ 40.0625916, 39.5496025 ], [ 40.1710014, 39.5751991 ], [ 40.2846527, 39.5760765 ], [ 40.3618889, 39.5899162 ], [ 40.3983154, 39.5715866 ], [ 40.4323692, 39.518631 ] ] ] ] } },
{ "type": "Feature", "properties": { "POLYGON_ID": "TUR_GAUL2012_ADM1_3092", "ADM0_ISO3": "TUR", "ADM0_NAME": "Turkey", "ADM0_CODE": 249, "ADM1_NAME": "Usak", "ADM1_CODE": 3092, "GEOSET": "GAUL", "GEOSET_YEAR": 2012.0, "GEOSET_VERSION": "GAUL_v1", "GEOSET_UNIT": "ADM1", "CENTROID_LONG": 29.364520931969469, "CENTROID_LAT": 38.578177055145979 }, "geometry": { "type": "MultiPolygon", "coordinates": [ [ [ [ 30.038702, 38.8039055 ], [ 30.0138855, 38.7655449 ], [ 29.9248371, 38.7328529 ], [ 29.8984356, 38.7026825 ], [ 29.8873062, 38.6274452 ], [ 29.7417774, 38.4926414 ], [ 29.713768, 38.464592 ], [ 29.6335239, 38.4185867 ], [ 29.6350384, 38.3734589 ], [ 29.6125889, 38.337307 ], [ 29.6287327, 38.2722816 ], [ 29.5826893, 38.2437286 ], [ 29.5242805, 38.2777977 ], [ 29.4095879, 38.3182106 ], [ 29.3535366, 38.3009186 ], [ 29.3111668, 38.2661209 ], [ 29.2177029, 38.2392464 ], [ 29.1665554, 38.2556152 ], [ 29.1150494, 38.2503624 ], [ 29.0174942, 38.2668266 ], [ 28.9362946, 38.2421608 ], [ 28.8589211, 38.2385788 ], [ 28.885355, 38.2730408 ], [ 28.7808609, 38.3580704 ], [ 28.8095379, 38.4330521 ], [ 28.8097878, 38.5330544 ], [ 28.8001823, 38.5774956 ], [ 28.8314037, 38.6448898 ], [ 28.8852711, 38.6750908 ], [ 28.9629593, 38.6865997 ], [ 29.0456638, 38.7430229 ], [ 29.0852489, 38.8098679 ], [ 29.1130962, 38.8409233 ], [ 29.1703873, 38.8325233 ], [ 29.1835022, 38.7857018 ], [ 29.2181721, 38.7699509 ], [ 29.28368, 38.8021469 ], [ 29.3276329, 38.8103333 ], [ 29.3748341, 38.8476753 ], [ 29.4438629, 38.8360481 ], [ 29.5208359, 38.8896828 ], [ 29.5833702, 38.9062157 ], [ 29.6472988, 38.9494362 ], [ 29.7565403, 38.9297104 ], [ 29.8508511, 38.8909798 ], [ 29.9125557, 38.9141197 ], [ 29.9623737, 38.8710899 ], [ 29.9576931, 38.8082886 ], [ 30.038702, 38.8039055 ] ] ] ] } },
{ "type": "Feature", "properties": { "POLYGON_ID": "TUR_GAUL2012_ADM1_3093", "ADM0_ISO3": "TUR", "ADM0_NAME": "Turkey", "ADM0_CODE": 249, "ADM1_NAME": "Van", "ADM1_CODE": 3093, "GEOSET": "GAUL", "GEOSET_YEAR": 2012.0, "GEOSET_VERSION": "GAUL_v1", "GEOSET_UNIT": "ADM1", "CENTROID_LONG": 43.599807834826535, "CENTROID_LAT": 38.472278795204303 }, "geometry": { "type": "MultiPolygon", "coordinates": [ [ [ [ 44.0491398, 39.3617059 ], [ 44.1116996, 39.2864485 ], [ 44.09809, 39.25834 ], [ 44.12662, 39.18944 ], [ 44.17644, 39.17237 ], [ 44.21838, 39.13864 ], [ 44.1544595, 39.0882409 ], [ 44.20054, 39.06901 ], [ 44.21881, 39.02957 ], [ 44.18742, 39.01248 ], [ 44.20262, 38.931 ], [ 44.25598, 38.85508 ], [ 44.31613, 38.83386 ], [ 44.2772, 38.71603 ], [ 44.29843, 38.67895 ], [ 44.28822, 38.6443 ], [ 44.33252, 38.62897 ], [ 44.32693, 38.55011 ], [ 44.33953, 38.50283 ], [ 44.31666, 38.4359 ], [ 44.323, 38.38245 ], [ 44.38671, 38.36355 ], [ 44.45696, 38.38515 ], [ 44.5011199, 38.3537 ], [ 44.50538, 38.31844 ], [ 44.42693, 38.27817 ], [ 44.40821, 38.25121 ], [ 44.41707, 38.21025 ], [ 44.40133, 38.14096 ], [ 44.36409, 38.12715 ], [ 44.3211, 38.06609 ], [ 44.31347, 38.02993 ], [ 44.28154, 38.00326 ], [ 44.26598, 37.93853 ], [ 44.23886, 37.88711 ], [ 44.27629, 37.86632 ], [ 44.33904, 37.87406 ], [ 44.41644, 37.85408 ], [ 44.4317972, 37.8114496 ], [ 44.3758163, 37.7885857 ], [ 44.307579, 37.7807426 ], [ 44.2144051, 37.7328873 ], [ 44.1302986, 37.7358818 ], [ 44.0954895, 37.724659 ], [ 44.0883369, 37.777565 ], [ 44.0605354, 37.8063927 ], [ 43.8098907, 37.7479401 ], [ 43.7648735, 37.7463837 ], [ 43.6864166, 37.769001 ], [ 43.6281357, 37.7701988 ], [ 43.5532646, 37.7419319 ], [ 43.5021896, 37.7374382 ], [ 43.3766937, 37.7251205 ], [ 43.1383171, 37.7603607 ], [ 42.957634, 37.7821503 ], [ 42.8967133, 37.7801361 ], [ 42.8407478, 37.8111839 ], [ 42.7912216, 37.880291 ], [ 42.7946587, 37.9244995 ], [ 42.7413292, 37.9479675 ], [ 42.7632256, 37.9855461 ], [ 42.6814728, 37.9991379 ], [ 42.6547279, 38.0445824 ], [ 42.7133064, 38.0822716 ], [ 42.6993408, 38.1386719 ], [ 42.7297401, 38.1757545 ], [ 42.7277031, 38.2171097 ], [ 42.6841049, 38.2595253 ], [ 42.6956863, 38.2881393 ], [ 42.7505074, 38.3002701 ], [ 42.7741699, 38.4008064 ], [ 42.7568713, 38.4477985 ], [ 42.7798958, 38.4765396 ], [ 42.8846893, 38.5351563 ], [ 42.9800911, 38.6141434 ], [ 43.1173935, 38.7451019 ], [ 43.2191963, 38.8327484 ], [ 43.2079544, 38.8904724 ], [ 43.0934143, 38.9518356 ], [ 42.9959946, 38.9798927 ], [ 43.0040169, 39.0244255 ], [ 43.0454445, 39.1086006 ], [ 43.1180649, 39.1617432 ], [ 43.1765862, 39.1910629 ], [ 43.1838341, 39.2178612 ], [ 43.1619644, 39.2711411 ], [ 43.1168289, 39.3304825 ], [ 43.1481705, 39.3528175 ], [ 43.1862907, 39.3377304 ], [ 43.2379761, 39.3673286 ], [ 43.3508835, 39.3999405 ], [ 43.4246864, 39.3472176 ], [ 43.5127602, 39.3274422 ], [ 43.5614967, 39.287735 ], [ 43.6461525, 39.2417908 ], [ 43.6878357, 39.2391319 ], [ 43.7425919, 39.2593575 ], [ 43.793045, 39.3766518 ], [ 43.8648491, 39.3540382 ], [ 43.9548454, 39.3730125 ], [ 44.0491398, 39.3617059 ] ] ] ] } },
{ "type": "Feature", "properties": { "POLYGON_ID": "TUR_GAUL2012_ADM1_3094", "ADM0_ISO3": "TUR", "ADM0_NAME": "Turkey", "ADM0_CODE": 249, "ADM1_NAME": "Yalova", "ADM1_CODE": 3094, "GEOSET": "GAUL", "GEOSET_YEAR": 2012.0, "GEOSET_VERSION": "GAUL_v1", "GEOSET_UNIT": "ADM1", "CENTROID_LONG": 29.202973336999452, "CENTROID_LAT": 40.603348039306972 }, "geometry": { "type": "MultiPolygon", "coordinates": [ [ [ [ 29.5878263, 40.7017211 ], [ 29.5701275, 40.674366 ], [ 29.4878559, 40.6389847 ], [ 29.5022831, 40.56707 ], [ 29.4520988, 40.538063 ], [ 29.3492203, 40.5634422 ], [ 29.2707024, 40.5369339 ], [ 29.2065792, 40.5315628 ], [ 29.0504055, 40.5680962 ], [ 29.0099468, 40.5584259 ], [ 28.9841142, 40.4680161 ], [ 28.9279156, 40.4757347 ], [ 28.8524799, 40.5166054 ], [ 28.7902203, 40.5276947 ], [ 28.8010159, 40.5613823 ], [ 28.9549732, 40.6217003 ], [ 28.9961433, 40.6543732 ], [ 29.1101341, 40.6540909 ], [ 29.1461201, 40.6627808 ], [ 29.3448677, 40.6825447 ], [ 29.384964, 40.7118988 ], [ 29.4205036, 40.6985359 ], [ 29.4710293, 40.7086296 ], [ 29.5210991, 40.745266 ], [ 29.5530682, 40.7024155 ], [ 29.5878263, 40.7017211 ] ] ] ] } },
{ "type": "Feature", "properties": { "POLYGON_ID": "TUR_GAUL2012_ADM1_3095", "ADM0_ISO3": "TUR", "ADM0_NAME": "Turkey", "ADM0_CODE": 249, "ADM1_NAME": "Yozgat", "ADM1_CODE": 3095, "GEOSET": "GAUL", "GEOSET_YEAR": 2012.0, "GEOSET_VERSION": "GAUL_v1", "GEOSET_UNIT": "ADM1", "CENTROID_LONG": 35.252560039800379, "CENTROID_LAT": 39.650792220101899 }, "geometry": { "type": "MultiPolygon", "coordinates": [ [ [ [ 35.3511238, 40.2490807 ], [ 35.4510078, 40.2336349 ], [ 35.4971657, 40.1840477 ], [ 35.5105705, 40.1334763 ], [ 35.6621933, 40.0992012 ], [ 35.7280769, 40.0916519 ], [ 35.8762665, 40.1125526 ], [ 35.9426727, 40.0812836 ], [ 35.954834, 40.004612 ], [ 36.0066834, 39.9435387 ], [ 36.0290337, 39.8708687 ], [ 36.0819664, 39.8335037 ], [ 36.0592651, 39.7717743 ], [ 36.1506157, 39.7239914 ], [ 36.161068, 39.654213 ], [ 36.151535, 39.6002007 ], [ 36.0376244, 39.4373322 ], [ 35.9404297, 39.4635086 ], [ 35.9045296, 39.4553185 ], [ 35.9068184, 39.3530808 ], [ 35.8462486, 39.301548 ], [ 35.798317, 39.2422218 ], [ 35.7534599, 39.2170486 ], [ 35.6476402, 39.1880226 ], [ 35.5514183, 39.192421 ], [ 35.5118408, 39.1286278 ], [ 35.4998817, 39.0841675 ], [ 35.4338799, 39.0556755 ], [ 35.3681107, 38.9999542 ], [ 35.3484612, 38.9603806 ], [ 35.2779274, 38.9789772 ], [ 35.2176247, 38.9665184 ], [ 35.1214752, 39.0224266 ], [ 35.0585213, 38.9999008 ], [ 35.0424538, 39.0548286 ], [ 34.9862137, 39.1267738 ], [ 34.934063, 39.1657181 ], [ 34.9680977, 39.2193413 ], [ 34.9143982, 39.2957726 ], [ 34.8100433, 39.3183784 ], [ 34.6336288, 39.4221878 ], [ 34.5262032, 39.4861565 ], [ 34.5149689, 39.5171089 ], [ 34.5414429, 39.5696487 ], [ 34.464653, 39.6114502 ], [ 34.4455032, 39.6743279 ], [ 34.3842049, 39.699955 ], [ 34.2941666, 39.7174187 ], [ 34.2335968, 39.750618 ], [ 34.1839218, 39.7968521 ], [ 34.1595802, 39.7995758 ], [ 34.1044807, 39.8065681 ], [ 34.0401382, 39.9120941 ], [ 34.1347542, 39.9239235 ], [ 34.2910728, 39.9337692 ], [ 34.3676758, 39.9867668 ], [ 34.4115372, 39.9967041 ], [ 34.4990425, 39.9875145 ], [ 34.5688095, 39.9574165 ], [ 34.6701164, 39.9871521 ], [ 34.7316933, 39.995079 ], [ 34.9008331, 40.0011444 ], [ 35.0331917, 39.9976425 ], [ 35.1267014, 40.0356483 ], [ 35.1153183, 40.1025124 ], [ 35.1678085, 40.2209091 ], [ 35.3511238, 40.2490807 ] ] ] ] } },
{ "type": "Feature", "properties": { "POLYGON_ID": "TUR_GAUL2012_ADM1_3096", "ADM0_ISO3": "TUR", "ADM0_NAME": "Turkey", "ADM0_CODE": 249, "ADM1_NAME": "Zonguldak", "ADM1_CODE": 3096, "GEOSET": "GAUL", "GEOSET_YEAR": 2012.0, "GEOSET_VERSION": "GAUL_v1", "GEOSET_UNIT": "ADM1", "CENTROID_LONG": 31.846505817925546, "CENTROID_LAT": 41.26407965424319 }, "geometry": { "type": "MultiPolygon", "coordinates": [ [ [ [ 32.3311081, 41.31604 ], [ 32.2345314, 41.2839241 ], [ 32.1698837, 41.2468414 ], [ 32.1459541, 41.2163582 ], [ 32.1536446, 41.138813 ], [ 32.1057854, 41.0970917 ], [ 32.1352196, 41.0246658 ], [ 31.9811096, 41.029911 ], [ 31.9175224, 41.0109978 ], [ 31.7994633, 41.0188332 ], [ 31.628109, 41.0426788 ], [ 31.4904537, 41.0248871 ], [ 31.4330482, 41.0624237 ], [ 31.3203774, 41.0987244 ], [ 31.2999437, 41.1222934 ], [ 31.3400211, 41.1439247 ], [ 31.4135857, 41.2225914 ], [ 31.4229603, 41.2788277 ], [ 31.4048481, 41.3237877 ], [ 31.4696865, 41.3349342 ], [ 31.4915924, 41.3569679 ], [ 31.6240139, 41.3900146 ], [ 31.7600212, 41.4605827 ], [ 31.8314648, 41.4875183 ], [ 31.8714371, 41.5162621 ], [ 31.9939365, 41.5552864 ], [ 32.0485133, 41.5848517 ], [ 32.1087341, 41.5637665 ], [ 32.1470261, 41.526474 ], [ 32.1942635, 41.5482826 ], [ 32.2272911, 41.5197983 ], [ 32.2322807, 41.4674454 ], [ 32.2670517, 41.4414177 ], [ 32.2639847, 41.3973389 ], [ 32.3025742, 41.3752365 ], [ 32.3311081, 41.31604 ] ] ] ] } }
]
}
