{
"type": "FeatureCollection",
"name": "UGA_GAUL2011_ADM2",
"crs": { "type": "name", "properties": { "name": "urn:ogc:def:crs:OGC:1.3:CRS84" } },
"features": [
{ "type": "Feature", "properties": { "POLYGON_ID": "UGA_GAUL2011_ADM2_28381", "ADM0_ISO3": "UGA", "ADM0_NAME": "Uganda", "ADM0_CODE": 253, "ADM1_NAME": "Adjumani", "ADM1_CODE": 3104, "ADM2_NAME": "Adjumani", "ADM2_CODE": 28381, "GEOSET": "GAUL", "GEOSET_YEAR": 2011.0, "GEOSET_VERSION": "GAUL_v1", "GEOSET_UNIT": "ADM2", "CENTROID_LONG": 31.767767164380665, "CENTROID_LAT": 3.2287709109289811 }, "geometry": { "type": "MultiPolygon", "coordinates": [ [ [ [ 32.0575332, 3.5809714 ], [ 32.0629036, 3.5027769 ], [ 32.0509745, 3.4502964 ], [ 32.0196731, 3.4132109 ], [ 32.0429146, 3.3423411 ], [ 32.0057854, 3.288633 ], [ 32.0079722, 3.2215404 ], [ 31.9698445, 3.1849088 ], [ 31.958625, 3.1270383 ], [ 31.9298702, 3.0888031 ], [ 31.8893989, 2.9785629 ], [ 31.7682087, 2.9733081 ], [ 31.6577792, 2.9457536 ], [ 31.5911992, 2.9494037 ], [ 31.5400621, 2.8812071 ], [ 31.4560113, 2.91967 ], [ 31.4172829, 2.9555602 ], [ 31.4055951, 2.9906585 ], [ 31.4539618, 3.0367713 ], [ 31.5111553, 3.1229102 ], [ 31.5382775, 3.1536549 ], [ 31.570948, 3.2254175 ], [ 31.6036653, 3.3457894 ], [ 31.6568453, 3.399721 ], [ 31.6505361, 3.4296078 ], [ 31.7064629, 3.4998713 ], [ 31.7691034, 3.5120184 ], [ 31.8151325, 3.5516191 ], [ 31.9139968, 3.5116933 ], [ 31.9639811, 3.5674991 ], [ 32.0152715, 3.5868954 ], [ 32.0575332, 3.5809714 ] ] ] ] } },
{ "type": "Feature", "properties": { "POLYGON_ID": "UGA_GAUL2011_ADM2_28382", "ADM0_ISO3": "UGA", "ADM0_NAME": "Uganda", "ADM0_CODE": 253, "ADM1_NAME": "Kole", "ADM1_CODE": 764, "ADM2_NAME": "Kole", "ADM2_CODE": 28382, "GEOSET": "GAUL", "GEOSET_YEAR": 2011.0, "GEOSET_VERSION": "GAUL_v1", "GEOSET_UNIT": "ADM2", "CENTROID_LONG": 32.766599795845423, "CENTROID_LAT": 2.2964593933968938 }, "geometry": { "type": "MultiPolygon", "coordinates": [ [ [ [ 32.8722711, 2.087489 ], [ 32.8479237, 2.1075852 ], [ 32.7984358, 2.0885848 ], [ 32.7789123, 2.1365844 ], [ 32.7080558, 2.1528228 ], [ 32.6277823, 2.1436946 ], [ 32.576039, 2.2215143 ], [ 32.6389639, 2.259217 ], [ 32.6545571, 2.3057317 ], [ 32.6162096, 2.3519934 ], [ 32.7108102, 2.4593233 ], [ 32.7912491, 2.4860514 ], [ 32.8246628, 2.5224055 ], [ 32.8620058, 2.5192017 ], [ 32.8836777, 2.4481212 ], [ 32.9203382, 2.3896668 ], [ 32.9021819, 2.3395093 ], [ 32.8550616, 2.3027688 ], [ 32.8179026, 2.3091111 ], [ 32.8097546, 2.2510936 ], [ 32.8280776, 2.2213889 ], [ 32.9141175, 2.1754415 ], [ 32.9157481, 2.1115972 ], [ 32.8722711, 2.087489 ] ] ] ] } },
{ "type": "Feature", "properties": { "POLYGON_ID": "UGA_GAUL2011_ADM2_28383", "ADM0_ISO3": "UGA", "ADM0_NAME": "Uganda", "ADM0_CODE": 253, "ADM1_NAME": "Apac", "ADM1_CODE": 746, "ADM2_NAME": "Kwania", "ADM2_CODE": 28383, "GEOSET": "GAUL", "GEOSET_YEAR": 2011.0, "GEOSET_VERSION": "GAUL_v1", "GEOSET_UNIT": "ADM2", "CENTROID_LONG": 32.733319041719163, "CENTROID_LAT": 1.922133460576402 }, "geometry": { "type": "MultiPolygon", "coordinates": [ [ [ [ 32.8722711, 2.087489 ], [ 32.8939705, 2.0740484 ], [ 32.8955263, 1.9831745 ], [ 32.9536216, 1.9480388 ], [ 32.9397107, 1.8162578 ], [ 32.874894, 1.812911 ], [ 32.8208509, 1.8390626 ], [ 32.639282, 1.6825525 ], [ 32.6197439, 1.6338432 ], [ 32.5853577, 1.6773421 ], [ 32.5499573, 1.7582721 ], [ 32.5270538, 1.858449 ], [ 32.6592712, 1.940583 ], [ 32.6578979, 1.9981329 ], [ 32.5939522, 2.076057 ], [ 32.5956154, 2.119298 ], [ 32.6277823, 2.1436946 ], [ 32.7080558, 2.1528228 ], [ 32.7789123, 2.1365844 ], [ 32.7984358, 2.0885848 ], [ 32.8479237, 2.1075852 ], [ 32.8722711, 2.087489 ] ] ] ] } },
{ "type": "Feature", "properties": { "POLYGON_ID": "UGA_GAUL2011_ADM2_28384", "ADM0_ISO3": "UGA", "ADM0_NAME": "Uganda", "ADM0_CODE": 253, "ADM1_NAME": "Apac", "ADM1_CODE": 746, "ADM2_NAME": "Maruzi", "ADM2_CODE": 28384, "GEOSET": "GAUL", "GEOSET_YEAR": 2011.0, "GEOSET_VERSION": "GAUL_v1", "GEOSET_UNIT": "ADM2", "CENTROID_LONG": 32.427202369885407, "CENTROID_LAT": 1.8665629892017821 }, "geometry": { "type": "MultiPolygon", "coordinates": [ [ [ [ 32.576039, 2.2215143 ], [ 32.6277823, 2.1436946 ], [ 32.5956154, 2.119298 ], [ 32.5939522, 2.076057 ], [ 32.6578979, 1.9981329 ], [ 32.6592712, 1.940583 ], [ 32.5270538, 1.858449 ], [ 32.5499573, 1.7582721 ], [ 32.5853577, 1.6773421 ], [ 32.6197439, 1.6338432 ], [ 32.5882034, 1.6134153 ], [ 32.4572853, 1.6857926 ], [ 32.4143333, 1.6926523 ], [ 32.3541851, 1.6524616 ], [ 32.3118261, 1.6460965 ], [ 32.2068945, 1.6781115 ], [ 32.1423879, 1.673721 ], [ 32.0948569, 1.6510881 ], [ 32.1038088, 1.742509 ], [ 32.1647388, 1.7793129 ], [ 32.2720755, 1.8103119 ], [ 32.275783, 1.837044 ], [ 32.3368928, 1.85481 ], [ 32.3328211, 1.9703684 ], [ 32.3520353, 2.0773393 ], [ 32.4070872, 2.0749192 ], [ 32.5049152, 2.109811 ], [ 32.5533753, 2.166106 ], [ 32.576039, 2.2215143 ] ] ] ] } },
{ "type": "Feature", "properties": { "POLYGON_ID": "UGA_GAUL2011_ADM2_28385", "ADM0_ISO3": "UGA", "ADM0_NAME": "Uganda", "ADM0_CODE": 253, "ADM1_NAME": "Oyam", "ADM1_CODE": 782, "ADM2_NAME": "Oyam", "ADM2_CODE": 28385, "GEOSET": "GAUL", "GEOSET_YEAR": 2011.0, "GEOSET_VERSION": "GAUL_v1", "GEOSET_UNIT": "ADM2", "CENTROID_LONG": 32.487433750784454, "CENTROID_LAT": 2.3715214825661017 }, "geometry": { "type": "MultiPolygon", "coordinates": [ [ [ [ 32.7764522, 2.5876614 ], [ 32.8246628, 2.5224055 ], [ 32.7912491, 2.4860514 ], [ 32.7108102, 2.4593233 ], [ 32.6162096, 2.3519934 ], [ 32.6545571, 2.3057317 ], [ 32.6389639, 2.259217 ], [ 32.576039, 2.2215143 ], [ 32.5533753, 2.166106 ], [ 32.5049152, 2.109811 ], [ 32.4070872, 2.0749192 ], [ 32.3520353, 2.0773393 ], [ 32.3278549, 2.1108551 ], [ 32.3165336, 2.19637 ], [ 32.2581691, 2.2567594 ], [ 32.2313998, 2.3325215 ], [ 32.2281643, 2.4603885 ], [ 32.2370626, 2.4797759 ], [ 32.3625932, 2.4791183 ], [ 32.4369096, 2.4765792 ], [ 32.4502011, 2.5588709 ], [ 32.4795217, 2.6167523 ], [ 32.5414169, 2.623183 ], [ 32.7764522, 2.5876614 ] ] ] ] } },
{ "type": "Feature", "properties": { "POLYGON_ID": "UGA_GAUL2011_ADM2_149625", "ADM0_ISO3": "UGA", "ADM0_NAME": "Uganda", "ADM0_CODE": 253, "ADM1_NAME": "Namayingo", "ADM1_CODE": 1368, "ADM2_NAME": "Administrative unit not available", "ADM2_CODE": 149625, "GEOSET": "GAUL", "GEOSET_YEAR": 2011.0, "GEOSET_VERSION": "GAUL_v1", "GEOSET_UNIT": "ADM2", "CENTROID_LONG": 33.803369999534937, "CENTROID_LAT": -0.31568085059686185 }, "geometry": { "type": "MultiPolygon", "coordinates": [ [ [ [ 33.9008318, 0.4865088 ], [ 33.9312651, 0.4266857 ], [ 33.9255619, 0.3955708 ], [ 33.8787264, 0.3420292 ], [ 33.9236231, 0.234013 ], [ 33.9387753, 0.2207915 ], [ 33.9533989, 0.2083342 ], [ 33.9652307, 0.1984118 ], [ 33.9720771, 0.1926097 ], [ 33.9723355, 0.1921558 ], [ 33.973299, 0.1914869 ], [ 33.9738642, 0.1910945 ], [ 33.9127636, 0.1081308 ], [ 33.9101806, 0.0995824 ], [ 33.9127021, 0.0969379 ], [ 33.9508451, -0.0269243 ], [ 33.9847199, -0.1369263 ], [ 33.9294437, -0.4579585 ], [ 33.9254816, -0.5605829 ], [ 33.9339705, -0.9030491 ], [ 33.933979, -0.9998943 ], [ 33.6589083, -0.9998933 ], [ 33.6585249, -0.251092 ], [ 33.6583992, -0.0652025 ], [ 33.6890098, -0.0562884 ], [ 33.7004509, -0.0003511 ], [ 33.6583016, 0.0103563 ], [ 33.6570626, 0.2500853 ], [ 33.6933275, 0.30775 ], [ 33.7510257, 0.3106942 ], [ 33.8054991, 0.365855 ], [ 33.8905836, 0.4921984 ], [ 33.9008318, 0.4865088 ] ] ] ] } },
{ "type": "Feature", "properties": { "POLYGON_ID": "UGA_GAUL2011_ADM2_28395", "ADM0_ISO3": "UGA", "ADM0_NAME": "Uganda", "ADM0_CODE": 253, "ADM1_NAME": "Bundibugyo", "ADM1_CODE": 754, "ADM2_NAME": "Bwamba", "ADM2_CODE": 28395, "GEOSET": "GAUL", "GEOSET_YEAR": 2011.0, "GEOSET_VERSION": "GAUL_v1", "GEOSET_UNIT": "ADM2", "CENTROID_LONG": 30.05692333532399, "CENTROID_LAT": 0.69841480547088275 }, "geometry": { "type": "MultiPolygon", "coordinates": [ [ [ [ 30.1525523, 0.8916215 ], [ 30.1854611, 0.8881244 ], [ 30.1959717, 0.7971778 ], [ 30.1658429, 0.7365026 ], [ 30.1189834, 0.6264812 ], [ 30.0950505, 0.61167 ], [ 30.0708158, 0.5339149 ], [ 29.9979247, 0.4748361 ], [ 29.9810416, 0.4283526 ], [ 29.9202812, 0.4220813 ], [ 29.9495713, 0.446797 ], [ 29.9436966, 0.5216996 ], [ 29.9701643, 0.5743361 ], [ 29.9706565, 0.5844249 ], [ 29.9578208, 0.6529144 ], [ 29.976994, 0.7368556 ], [ 29.9730006, 0.8114162 ], [ 29.9798781, 0.8249117 ], [ 29.9874045, 0.833541 ], [ 29.9860937, 0.8383903 ], [ 29.9960167, 0.8476743 ], [ 30.0019858, 0.8441923 ], [ 30.008072, 0.853452 ], [ 30.0081804, 0.854032 ], [ 30.0107227, 0.8550114 ], [ 30.0157823, 0.8564709 ], [ 30.0258623, 0.8546382 ], [ 30.0631691, 0.869561 ], [ 30.0665062, 0.8785234 ], [ 30.0765749, 0.8809726 ], [ 30.1027035, 0.8924307 ], [ 30.1038783, 0.8931276 ], [ 30.1153175, 0.8949994 ], [ 30.1186638, 0.8947603 ], [ 30.1525523, 0.8916215 ] ] ] ] } },
{ "type": "Feature", "properties": { "POLYGON_ID": "UGA_GAUL2011_ADM2_28396", "ADM0_ISO3": "UGA", "ADM0_NAME": "Uganda", "ADM0_CODE": 253, "ADM1_NAME": "Ntoroko", "ADM1_CODE": 779, "ADM2_NAME": "Ntoroko", "ADM2_CODE": 28396, "GEOSET": "GAUL", "GEOSET_YEAR": 2011.0, "GEOSET_VERSION": "GAUL_v1", "GEOSET_UNIT": "ADM2", "CENTROID_LONG": 30.371022563544482, "CENTROID_LAT": 1.0267279432412157 }, "geometry": { "type": "MultiPolygon", "coordinates": [ [ [ [ 30.5497861, 1.2091968 ], [ 30.5503237, 1.0397976 ], [ 30.5428285, 0.9787037 ], [ 30.4801802, 0.9227488 ], [ 30.3622667, 0.8799727 ], [ 30.3011221, 0.7818264 ], [ 30.2582666, 0.750385 ], [ 30.2148412, 0.7568449 ], [ 30.1658429, 0.7365026 ], [ 30.1959717, 0.7971778 ], [ 30.1854611, 0.8881244 ], [ 30.1525523, 0.8916215 ], [ 30.1754803, 0.9397077 ], [ 30.1756826, 0.9422045 ], [ 30.1853981, 0.946444 ], [ 30.1824483, 0.9490005 ], [ 30.2239068, 0.9966114 ], [ 30.2255216, 0.9978462 ], [ 30.2247429, 1.0141296 ], [ 30.2237302, 1.0158657 ], [ 30.2345055, 1.1267991 ], [ 30.2853286, 1.1662717 ], [ 30.3129401, 1.1518136 ], [ 30.3132848, 1.1510856 ], [ 30.3263285, 1.1542359 ], [ 30.3290178, 1.1506502 ], [ 30.3501139, 1.187534 ], [ 30.3503234, 1.1877976 ], [ 30.3524692, 1.191955 ], [ 30.354803, 1.1929424 ], [ 30.3578969, 1.1965109 ], [ 30.3632654, 1.2050324 ], [ 30.4317288, 1.2362116 ], [ 30.4389152, 1.2401313 ], [ 30.4520304, 1.2577333 ], [ 30.4575526, 1.2566979 ], [ 30.46342, 1.261875 ], [ 30.4721186, 1.2702346 ], [ 30.5491729, 1.3442855 ], [ 30.5497861, 1.2091968 ] ] ] ] } },
{ "type": "Feature", "properties": { "POLYGON_ID": "UGA_GAUL2011_ADM2_28397", "ADM0_ISO3": "UGA", "ADM0_NAME": "Uganda", "ADM0_CODE": 253, "ADM1_NAME": "Buhweju", "ADM1_CODE": 778, "ADM2_NAME": "Buhweju", "ADM2_CODE": 28397, "GEOSET": "GAUL", "GEOSET_YEAR": 2011.0, "GEOSET_VERSION": "GAUL_v1", "GEOSET_UNIT": "ADM2", "CENTROID_LONG": 30.349352312877137, "CENTROID_LAT": -0.32482006709486949 }, "geometry": { "type": "MultiPolygon", "coordinates": [ [ [ [ 30.5056339, -0.2584435 ], [ 30.5011397, -0.3853197 ], [ 30.4564777, -0.426579 ], [ 30.3838895, -0.4320399 ], [ 30.3205164, -0.453982 ], [ 30.3050148, -0.4307646 ], [ 30.244913, -0.4185561 ], [ 30.2461166, -0.3503519 ], [ 30.1920607, -0.3283272 ], [ 30.1832754, -0.2833461 ], [ 30.2368336, -0.2232963 ], [ 30.2835383, -0.2079899 ], [ 30.3538541, -0.1900346 ], [ 30.4089153, -0.2800766 ], [ 30.470746, -0.2543595 ], [ 30.5056339, -0.2584435 ] ] ] ] } },
{ "type": "Feature", "properties": { "POLYGON_ID": "UGA_GAUL2011_ADM2_28398", "ADM0_ISO3": "UGA", "ADM0_NAME": "Uganda", "ADM0_CODE": 253, "ADM1_NAME": "Rubirizi", "ADM1_CODE": 784, "ADM2_NAME": "Bunyaruguru", "ADM2_CODE": 28398, "GEOSET": "GAUL", "GEOSET_YEAR": 2011.0, "GEOSET_VERSION": "GAUL_v1", "GEOSET_UNIT": "ADM2", "CENTROID_LONG": 29.99536957936424, "CENTROID_LAT": -0.25683465470617095 }, "geometry": { "type": "MultiPolygon", "coordinates": [ [ [ [ 30.2153159, -0.0756593 ], [ 30.2454041, -0.121387 ], [ 30.2835383, -0.2079899 ], [ 30.2368336, -0.2232963 ], [ 30.1832754, -0.2833461 ], [ 30.1554051, -0.3708553 ], [ 30.0829649, -0.34912 ], [ 29.9593746, -0.3997432 ], [ 29.9363197, -0.4475102 ], [ 29.8887644, -0.4491095 ], [ 29.8601986, -0.3874971 ], [ 29.69743, -0.339671 ], [ 29.7007146, -0.3086281 ], [ 29.7113873, -0.2077595 ], [ 29.8856153, -0.20639 ], [ 29.9264738, -0.1740738 ], [ 29.9538519, -0.1857179 ], [ 30.0043867, -0.1459087 ], [ 30.1554661, -0.0697893 ], [ 30.2153159, -0.0756593 ] ] ] ] } },
{ "type": "Feature", "properties": { "POLYGON_ID": "UGA_GAUL2011_ADM2_28399", "ADM0_ISO3": "UGA", "ADM0_NAME": "Uganda", "ADM0_CODE": 253, "ADM1_NAME": "Bushenyi", "ADM1_CODE": 755, "ADM2_NAME": "Igara", "ADM2_CODE": 28399, "GEOSET": "GAUL", "GEOSET_YEAR": 2011.0, "GEOSET_VERSION": "GAUL_v1", "GEOSET_UNIT": "ADM2", "CENTROID_LONG": 30.149053697912237, "CENTROID_LAT": -0.48092799179709367 }, "geometry": { "type": "MultiPolygon", "coordinates": [ [ [ [ 30.1832754, -0.2833461 ], [ 30.1920607, -0.3283272 ], [ 30.2461166, -0.3503519 ], [ 30.244913, -0.4185561 ], [ 30.3050148, -0.4307646 ], [ 30.3085416, -0.5459106 ], [ 30.275237, -0.6174221 ], [ 30.1824505, -0.6296112 ], [ 30.1357233, -0.6505502 ], [ 30.0980359, -0.5981338 ], [ 30.0326224, -0.5479757 ], [ 30.0359509, -0.4638873 ], [ 29.9817761, -0.4673045 ], [ 29.9329774, -0.4910496 ], [ 29.9363197, -0.4475102 ], [ 29.9593746, -0.3997432 ], [ 30.0829649, -0.34912 ], [ 30.1554051, -0.3708553 ], [ 30.1832754, -0.2833461 ] ] ] ] } },
{ "type": "Feature", "properties": { "POLYGON_ID": "UGA_GAUL2011_ADM2_28400", "ADM0_ISO3": "UGA", "ADM0_NAME": "Uganda", "ADM0_CODE": 253, "ADM1_NAME": "Mitooma", "ADM1_CODE": 1360, "ADM2_NAME": "Ruhinda", "ADM2_CODE": 28400, "GEOSET": "GAUL", "GEOSET_YEAR": 2011.0, "GEOSET_VERSION": "GAUL_v1", "GEOSET_UNIT": "ADM2", "CENTROID_LONG": 30.022342015580968, "CENTROID_LAT": -0.62782937755084944 }, "geometry": { "type": "MultiPolygon", "coordinates": [ [ [ [ 30.1357233, -0.6505502 ], [ 30.1186358, -0.6876519 ], [ 30.1678164, -0.7306038 ], [ 30.1213675, -0.7592252 ], [ 30.0523585, -0.7762456 ], [ 30.0458884, -0.7713414 ], [ 30.0027209, -0.7410261 ], [ 29.957276, -0.6642961 ], [ 29.8835242, -0.608563 ], [ 29.9257571, -0.5587817 ], [ 29.9329774, -0.4910496 ], [ 29.9817761, -0.4673045 ], [ 30.0359509, -0.4638873 ], [ 30.0326224, -0.5479757 ], [ 30.0980359, -0.5981338 ], [ 30.1357233, -0.6505502 ] ] ] ] } },
{ "type": "Feature", "properties": { "POLYGON_ID": "UGA_GAUL2011_ADM2_28401", "ADM0_ISO3": "UGA", "ADM0_NAME": "Uganda", "ADM0_CODE": 253, "ADM1_NAME": "Sheema", "ADM1_CODE": 762, "ADM2_NAME": "Sheema", "ADM2_CODE": 28401, "GEOSET": "GAUL", "GEOSET_YEAR": 2011.0, "GEOSET_VERSION": "GAUL_v1", "GEOSET_UNIT": "ADM2", "CENTROID_LONG": 30.32540962999704, "CENTROID_LAT": -0.59951891805954083 }, "geometry": { "type": "MultiPolygon", "coordinates": [ [ [ [ 30.4564777, -0.426579 ], [ 30.4764458, -0.4513485 ], [ 30.4385337, -0.6286378 ], [ 30.376351, -0.7023108 ], [ 30.3133846, -0.7145794 ], [ 30.1991548, -0.7608323 ], [ 30.1678164, -0.7306038 ], [ 30.1186358, -0.6876519 ], [ 30.1357233, -0.6505502 ], [ 30.1824505, -0.6296112 ], [ 30.275237, -0.6174221 ], [ 30.3085416, -0.5459106 ], [ 30.3050148, -0.4307646 ], [ 30.3205164, -0.453982 ], [ 30.3838895, -0.4320399 ], [ 30.4564777, -0.426579 ] ] ] ] } },
{ "type": "Feature", "properties": { "POLYGON_ID": "UGA_GAUL2011_ADM2_28402", "ADM0_ISO3": "UGA", "ADM0_NAME": "Uganda", "ADM0_CODE": 253, "ADM1_NAME": "Busia", "ADM1_CODE": 3110, "ADM2_NAME": "Samia-bugwe", "ADM2_CODE": 28402, "GEOSET": "GAUL", "GEOSET_YEAR": 2011.0, "GEOSET_VERSION": "GAUL_v1", "GEOSET_UNIT": "ADM2", "CENTROID_LONG": 34.009566566073971, "CENTROID_LAT": 0.41738320010747898 }, "geometry": { "type": "MultiPolygon", "coordinates": [ [ [ [ 34.096503, 0.5873626 ], [ 34.1517729, 0.5659962 ], [ 34.14141, 0.531074 ], [ 34.1351363, 0.5099322 ], [ 34.1341672, 0.5066664 ], [ 34.1275527, 0.4795137 ], [ 34.1236111, 0.4633333 ], [ 34.1224455, 0.4604474 ], [ 34.1010755, 0.422376 ], [ 34.098648, 0.414883 ], [ 34.1005184, 0.4013895 ], [ 34.1045264, 0.3960456 ], [ 34.1085343, 0.3752042 ], [ 34.1053925, 0.3635532 ], [ 34.0991824, 0.3550308 ], [ 34.0982472, 0.3491525 ], [ 34.0923026, 0.3428116 ], [ 34.0648476, 0.323368 ], [ 34.0565645, 0.3209632 ], [ 34.0584909, 0.3136189 ], [ 34.0587021, 0.3128137 ], [ 34.0507792, 0.3023307 ], [ 34.0488158, 0.3001218 ], [ 34.0491446, 0.2992113 ], [ 34.0505525, 0.2953123 ], [ 34.044765, 0.2908539 ], [ 34.041735, 0.2903691 ], [ 34.0396441, 0.2829145 ], [ 34.0386623, 0.279414 ], [ 34.0426702, 0.2760741 ], [ 34.030112, 0.2669894 ], [ 34.0249016, 0.2648518 ], [ 34.0214281, 0.2573703 ], [ 34.0187684, 0.2529652 ], [ 34.0171529, 0.2502896 ], [ 34.0095495, 0.2379161 ], [ 34.00619, 0.2349872 ], [ 33.9738642, 0.1910945 ], [ 33.973299, 0.1914869 ], [ 33.9723355, 0.1921558 ], [ 33.9720771, 0.1926097 ], [ 33.9652307, 0.1984118 ], [ 33.9533989, 0.2083342 ], [ 33.9387753, 0.2207915 ], [ 33.9236231, 0.234013 ], [ 33.8787264, 0.3420292 ], [ 33.9255619, 0.3955708 ], [ 33.9312651, 0.4266857 ], [ 33.9008318, 0.4865088 ], [ 33.9785574, 0.5798546 ], [ 34.0660201, 0.5955218 ], [ 34.096503, 0.5873626 ] ] ] ] } },
{ "type": "Feature", "properties": { "POLYGON_ID": "UGA_GAUL2011_ADM2_28403", "ADM0_ISO3": "UGA", "ADM0_NAME": "Uganda", "ADM0_CODE": 253, "ADM1_NAME": "Gulu", "ADM1_CODE": 1089, "ADM2_NAME": "Aswa", "ADM2_CODE": 28403, "GEOSET": "GAUL", "GEOSET_YEAR": 2011.0, "GEOSET_VERSION": "GAUL_v1", "GEOSET_UNIT": "ADM2", "CENTROID_LONG": 32.397359034735707, "CENTROID_LAT": 2.9783243289513446 }, "geometry": { "type": "MultiPolygon", "coordinates": [ [ [ [ 32.5096897, 3.1643452 ], [ 32.4695699, 3.1293092 ], [ 32.5459606, 3.02317 ], [ 32.6590583, 2.8428283 ], [ 32.6214714, 2.7956059 ], [ 32.54916, 2.781503 ], [ 32.5096016, 2.8134279 ], [ 32.4787254, 2.788707 ], [ 32.3844604, 2.7865729 ], [ 32.3165665, 2.7635109 ], [ 32.3132248, 2.8016231 ], [ 32.2888184, 2.8066399 ], [ 32.2770348, 2.765543 ], [ 32.2355916, 2.7717621 ], [ 32.1913344, 2.9042903 ], [ 32.1864304, 2.9750517 ], [ 32.2297743, 3.0189798 ], [ 32.2247598, 3.0537114 ], [ 32.3269632, 3.2360335 ], [ 32.3634317, 3.2708327 ], [ 32.3594032, 3.3039425 ], [ 32.39565, 3.2626584 ], [ 32.4570706, 3.2338355 ], [ 32.5096897, 3.1643452 ] ] ] ] } },
{ "type": "Feature", "properties": { "POLYGON_ID": "UGA_GAUL2011_ADM2_28404", "ADM0_ISO3": "UGA", "ADM0_NAME": "Uganda", "ADM0_CODE": 253, "ADM1_NAME": "Gulu", "ADM1_CODE": 1089, "ADM2_NAME": "Gulu Municipality", "ADM2_CODE": 28404, "GEOSET": "GAUL", "GEOSET_YEAR": 2011.0, "GEOSET_VERSION": "GAUL_v1", "GEOSET_UNIT": "ADM2", "CENTROID_LONG": 32.298440791680825, "CENTROID_LAT": 2.7828524309459359 }, "geometry": { "type": "MultiPolygon", "coordinates": [ [ [ [ 32.3165665, 2.7635109 ], [ 32.2770348, 2.765543 ], [ 32.2888184, 2.8066399 ], [ 32.3132248, 2.8016231 ], [ 32.3165665, 2.7635109 ] ] ] ] } },
{ "type": "Feature", "properties": { "POLYGON_ID": "UGA_GAUL2011_ADM2_28405", "ADM0_ISO3": "UGA", "ADM0_NAME": "Uganda", "ADM0_CODE": 253, "ADM1_NAME": "Amuru", "ADM1_CODE": 745, "ADM2_NAME": "Kilak", "ADM2_CODE": 28405, "GEOSET": "GAUL", "GEOSET_YEAR": 2011.0, "GEOSET_VERSION": "GAUL_v1", "GEOSET_UNIT": "ADM2", "CENTROID_LONG": 31.973379652040361, "CENTROID_LAT": 3.0503081605369733 }, "geometry": { "type": "MultiPolygon", "coordinates": [ [ [ [ 32.1986398, 3.5059907 ], [ 32.2307148, 3.4377044 ], [ 32.2667646, 3.4236407 ], [ 32.2778148, 3.3737066 ], [ 32.3142211, 3.3247284 ], [ 32.3594032, 3.3039425 ], [ 32.3634317, 3.2708327 ], [ 32.3269632, 3.2360335 ], [ 32.2247598, 3.0537114 ], [ 32.2297743, 3.0189798 ], [ 32.1864304, 2.9750517 ], [ 32.1913344, 2.9042903 ], [ 32.2355916, 2.7717621 ], [ 32.1977537, 2.760765 ], [ 32.1329521, 2.7722347 ], [ 32.1132262, 2.8054903 ], [ 32.0257846, 2.7710306 ], [ 31.9807737, 2.7947659 ], [ 31.959687, 2.7661445 ], [ 31.8326602, 2.7956086 ], [ 31.7762752, 2.8335046 ], [ 31.7149355, 2.8349494 ], [ 31.6822684, 2.8058623 ], [ 31.6066493, 2.8093592 ], [ 31.5388825, 2.761916 ], [ 31.5186222, 2.7297274 ], [ 31.4415801, 2.6798218 ], [ 31.4368087, 2.759526 ], [ 31.3855289, 2.7789423 ], [ 31.3608002, 2.8369684 ], [ 31.3789668, 2.9057762 ], [ 31.4172829, 2.9555602 ], [ 31.4560113, 2.91967 ], [ 31.5400621, 2.8812071 ], [ 31.5911992, 2.9494037 ], [ 31.6577792, 2.9457536 ], [ 31.7682087, 2.9733081 ], [ 31.8893989, 2.9785629 ], [ 31.9298702, 3.0888031 ], [ 31.958625, 3.1270383 ], [ 31.9698445, 3.1849088 ], [ 32.0079722, 3.2215404 ], [ 32.0057854, 3.288633 ], [ 32.0429146, 3.3423411 ], [ 32.0196731, 3.4132109 ], [ 32.0509745, 3.4502964 ], [ 32.0629036, 3.5027769 ], [ 32.0575332, 3.5809714 ], [ 32.0844411, 3.5335559 ], [ 32.1986398, 3.5059907 ] ] ] ] } },
{ "type": "Feature", "properties": { "POLYGON_ID": "UGA_GAUL2011_ADM2_28406", "ADM0_ISO3": "UGA", "ADM0_NAME": "Uganda", "ADM0_CODE": 253, "ADM1_NAME": "Nwoya", "ADM1_CODE": 1364, "ADM2_NAME": "Nwoya", "ADM2_CODE": 28406, "GEOSET": "GAUL", "GEOSET_YEAR": 2011.0, "GEOSET_VERSION": "GAUL_v1", "GEOSET_UNIT": "ADM2", "CENTROID_LONG": 31.839323666441018, "CENTROID_LAT": 2.5287422969331792 }, "geometry": { "type": "MultiPolygon", "coordinates": [ [ [ [ 32.1977537, 2.760765 ], [ 32.1278393, 2.7011598 ], [ 32.1913165, 2.6207032 ], [ 32.2499429, 2.6217215 ], [ 32.2705817, 2.534057 ], [ 32.3625932, 2.4791183 ], [ 32.2370626, 2.4797759 ], [ 32.2281643, 2.4603885 ], [ 32.2313998, 2.3325215 ], [ 32.2581691, 2.2567594 ], [ 32.1896792, 2.2206044 ], [ 32.1477653, 2.2244743 ], [ 31.9266249, 2.3629793 ], [ 31.8329157, 2.3719474 ], [ 31.7501663, 2.3053736 ], [ 31.6371793, 2.2613501 ], [ 31.5788176, 2.2874884 ], [ 31.5369181, 2.2763383 ], [ 31.4697186, 2.2310243 ], [ 31.3357864, 2.2503725 ], [ 31.3884037, 2.3116082 ], [ 31.4385874, 2.3361861 ], [ 31.4729014, 2.3755548 ], [ 31.4838204, 2.4459455 ], [ 31.5286721, 2.4818579 ], [ 31.4772732, 2.508376 ], [ 31.4633092, 2.5605441 ], [ 31.4106683, 2.6258505 ], [ 31.4415801, 2.6798218 ], [ 31.5186222, 2.7297274 ], [ 31.5388825, 2.761916 ], [ 31.6066493, 2.8093592 ], [ 31.6822684, 2.8058623 ], [ 31.7149355, 2.8349494 ], [ 31.7762752, 2.8335046 ], [ 31.8326602, 2.7956086 ], [ 31.959687, 2.7661445 ], [ 31.9807737, 2.7947659 ], [ 32.0257846, 2.7710306 ], [ 32.1132262, 2.8054903 ], [ 32.1329521, 2.7722347 ], [ 32.1977537, 2.760765 ] ] ] ] } },
{ "type": "Feature", "properties": { "POLYGON_ID": "UGA_GAUL2011_ADM2_28407", "ADM0_ISO3": "UGA", "ADM0_NAME": "Uganda", "ADM0_CODE": 253, "ADM1_NAME": "Gulu", "ADM1_CODE": 1089, "ADM2_NAME": "Omoro", "ADM2_CODE": 28407, "GEOSET": "GAUL", "GEOSET_YEAR": 2011.0, "GEOSET_VERSION": "GAUL_v1", "GEOSET_UNIT": "ADM2", "CENTROID_LONG": 32.465191691870629, "CENTROID_LAT": 2.6709507084103437 }, "geometry": { "type": "MultiPolygon", "coordinates": [ [ [ [ 32.8247183, 2.6543393 ], [ 32.7764522, 2.5876614 ], [ 32.5414169, 2.623183 ], [ 32.4795217, 2.6167523 ], [ 32.4502011, 2.5588709 ], [ 32.4369096, 2.4765792 ], [ 32.3625932, 2.4791183 ], [ 32.2705817, 2.534057 ], [ 32.2499429, 2.6217215 ], [ 32.1913165, 2.6207032 ], [ 32.1278393, 2.7011598 ], [ 32.1977537, 2.760765 ], [ 32.2355916, 2.7717621 ], [ 32.2770348, 2.765543 ], [ 32.3165665, 2.7635109 ], [ 32.3844604, 2.7865729 ], [ 32.4787254, 2.788707 ], [ 32.5096016, 2.8134279 ], [ 32.54916, 2.781503 ], [ 32.6214714, 2.7956059 ], [ 32.6590583, 2.8428283 ], [ 32.6931614, 2.7755174 ], [ 32.7615317, 2.7231812 ], [ 32.8247183, 2.6543393 ] ] ] ] } },
{ "type": "Feature", "properties": { "POLYGON_ID": "UGA_GAUL2011_ADM2_28408", "ADM0_ISO3": "UGA", "ADM0_NAME": "Uganda", "ADM0_CODE": 253, "ADM1_NAME": "Hoima", "ADM1_CODE": 3112, "ADM2_NAME": "Bugahya", "ADM2_CODE": 28408, "GEOSET": "GAUL", "GEOSET_YEAR": 2011.0, "GEOSET_VERSION": "GAUL_v1", "GEOSET_UNIT": "ADM2", "CENTROID_LONG": 31.227553718823156, "CENTROID_LAT": 1.5837584447569051 }, "geometry": { "type": "MultiPolygon", "coordinates": [ [ [ [ 31.3889784, 1.6991311 ], [ 31.3735455, 1.6075101 ], [ 31.4362235, 1.6186503 ], [ 31.4884904, 1.588083 ], [ 31.4864917, 1.5205678 ], [ 31.5253908, 1.4967853 ], [ 31.5731606, 1.4080728 ], [ 31.5822955, 1.3599467 ], [ 31.5301664, 1.3644064 ], [ 31.4562673, 1.2862247 ], [ 31.41839, 1.2719295 ], [ 31.4083519, 1.352105 ], [ 31.3782558, 1.398706 ], [ 31.3143768, 1.396639 ], [ 31.3081226, 1.458279 ], [ 31.2028389, 1.50453 ], [ 31.1391163, 1.515612 ], [ 31.1279659, 1.431234 ], [ 31.1057606, 1.405215 ], [ 31.0440483, 1.389737 ], [ 30.9821434, 1.429646 ], [ 30.9926586, 1.506618 ], [ 30.9624214, 1.517661 ], [ 30.8720428, 1.6264525 ], [ 31.0312947, 1.7515791 ], [ 31.1125249, 1.8511515 ], [ 31.3079818, 1.8013105 ], [ 31.3673549, 1.7737043 ], [ 31.3889784, 1.6991311 ] ] ] ] } },
{ "type": "Feature", "properties": { "POLYGON_ID": "UGA_GAUL2011_ADM2_28409", "ADM0_ISO3": "UGA", "ADM0_NAME": "Uganda", "ADM0_CODE": 253, "ADM1_NAME": "Hoima", "ADM1_CODE": 3112, "ADM2_NAME": "Buhaguzi", "ADM2_CODE": 28409, "GEOSET": "GAUL", "GEOSET_YEAR": 2011.0, "GEOSET_VERSION": "GAUL_v1", "GEOSET_UNIT": "ADM2", "CENTROID_LONG": 30.940355418169244, "CENTROID_LAT": 1.3238872857948474 }, "geometry": { "type": "MultiPolygon", "coordinates": [ [ [ [ 31.41839, 1.2719295 ], [ 31.3672891, 1.2414773 ], [ 31.3223202, 1.2414798 ], [ 31.291742, 1.2109953 ], [ 31.2137572, 1.217143 ], [ 31.1819811, 1.1833952 ], [ 31.1295809, 1.1948799 ], [ 31.0836495, 1.1444232 ], [ 30.969462, 1.1369757 ], [ 30.9193733, 1.1214641 ], [ 30.8756656, 1.151614 ], [ 30.8131979, 1.1088522 ], [ 30.7864081, 1.1203429 ], [ 30.7535686, 1.0739666 ], [ 30.6769074, 1.1111485 ], [ 30.5497861, 1.2091968 ], [ 30.5491729, 1.3442855 ], [ 30.711649, 1.5004289 ], [ 30.8020775, 1.5714798 ], [ 30.8720428, 1.6264525 ], [ 30.9624214, 1.517661 ], [ 30.9926586, 1.506618 ], [ 30.9821434, 1.429646 ], [ 31.0440483, 1.389737 ], [ 31.1057606, 1.405215 ], [ 31.1279659, 1.431234 ], [ 31.1391163, 1.515612 ], [ 31.2028389, 1.50453 ], [ 31.3081226, 1.458279 ], [ 31.3143768, 1.396639 ], [ 31.3782558, 1.398706 ], [ 31.4083519, 1.352105 ], [ 31.41839, 1.2719295 ] ] ] ] } },
{ "type": "Feature", "properties": { "POLYGON_ID": "UGA_GAUL2011_ADM2_28415", "ADM0_ISO3": "UGA", "ADM0_NAME": "Uganda", "ADM0_CODE": 253, "ADM1_NAME": "Jinja", "ADM1_CODE": 3114, "ADM2_NAME": "Butembe", "ADM2_CODE": 28415, "GEOSET": "GAUL", "GEOSET_YEAR": 2011.0, "GEOSET_VERSION": "GAUL_v1", "GEOSET_UNIT": "ADM2", "CENTROID_LONG": 33.272587129812045, "CENTROID_LAT": 0.52961487320957479 }, "geometry": { "type": "MultiPolygon", "coordinates": [ [ [ [ 33.374872, 0.6061249 ], [ 33.331917, 0.5013997 ], [ 33.280796, 0.4653961 ], [ 33.2814337, 0.3916341 ], [ 33.1940161, 0.4270458 ], [ 33.2243538, 0.466313 ], [ 33.1706332, 0.4648279 ], [ 33.1606068, 0.475553 ], [ 33.2322731, 0.582836 ], [ 33.2969832, 0.6465991 ], [ 33.3128172, 0.6609276 ], [ 33.374872, 0.6061249 ] ] ] ] } },
{ "type": "Feature", "properties": { "POLYGON_ID": "UGA_GAUL2011_ADM2_28416", "ADM0_ISO3": "UGA", "ADM0_NAME": "Uganda", "ADM0_CODE": 253, "ADM1_NAME": "Jinja", "ADM1_CODE": 3114, "ADM2_NAME": "Jinja Municipality", "ADM2_CODE": 28416, "GEOSET": "GAUL", "GEOSET_YEAR": 2011.0, "GEOSET_VERSION": "GAUL_v1", "GEOSET_UNIT": "ADM2", "CENTROID_LONG": 33.196334366666662, "CENTROID_LAT": 0.4527289 }, "geometry": { "type": "MultiPolygon", "coordinates": [ [ [ [ 33.1940161, 0.4270458 ], [ 33.1706332, 0.4648279 ], [ 33.2243538, 0.466313 ], [ 33.1940161, 0.4270458 ] ] ] ] } },
{ "type": "Feature", "properties": { "POLYGON_ID": "UGA_GAUL2011_ADM2_28417", "ADM0_ISO3": "UGA", "ADM0_NAME": "Uganda", "ADM0_CODE": 253, "ADM1_NAME": "Jinja", "ADM1_CODE": 3114, "ADM2_NAME": "Kagoma", "ADM2_CODE": 28417, "GEOSET": "GAUL", "GEOSET_YEAR": 2011.0, "GEOSET_VERSION": "GAUL_v1", "GEOSET_UNIT": "ADM2", "CENTROID_LONG": 33.157144173887694, "CENTROID_LAT": 0.6069409258853421 }, "geometry": { "type": "MultiPolygon", "coordinates": [ [ [ [ 33.2224749, 0.6867073 ], [ 33.2969832, 0.6465991 ], [ 33.2322731, 0.582836 ], [ 33.1606068, 0.475553 ], [ 33.0839899, 0.5489495 ], [ 33.0495036, 0.6010665 ], [ 33.0469755, 0.6625467 ], [ 33.0863075, 0.682549 ], [ 33.1307264, 0.6702853 ], [ 33.1577839, 0.6976939 ], [ 33.2224749, 0.6867073 ] ] ] ] } },
{ "type": "Feature", "properties": { "POLYGON_ID": "UGA_GAUL2011_ADM2_28418", "ADM0_ISO3": "UGA", "ADM0_NAME": "Uganda", "ADM0_CODE": 253, "ADM1_NAME": "Kabale", "ADM1_CODE": 3115, "ADM2_NAME": "Kabale Municipality", "ADM2_CODE": 28418, "GEOSET": "GAUL", "GEOSET_YEAR": 2011.0, "GEOSET_VERSION": "GAUL_v1", "GEOSET_UNIT": "ADM2", "CENTROID_LONG": 29.9836407, "CENTROID_LAT": -1.2658743333333333 }, "geometry": { "type": "MultiPolygon", "coordinates": [ [ [ [ 30.0087929, -1.242097 ], [ 29.9877167, -1.305025 ], [ 29.9544125, -1.250501 ], [ 30.0087929, -1.242097 ] ] ] ] } },
{ "type": "Feature", "properties": { "POLYGON_ID": "UGA_GAUL2011_ADM2_28419", "ADM0_ISO3": "UGA", "ADM0_NAME": "Uganda", "ADM0_CODE": 253, "ADM1_NAME": "Kabale", "ADM1_CODE": 3115, "ADM2_NAME": "Ndorwa", "ADM2_CODE": 28419, "GEOSET": "GAUL", "GEOSET_YEAR": 2011.0, "GEOSET_VERSION": "GAUL_v1", "GEOSET_UNIT": "ADM2", "CENTROID_LONG": 30.027335965944822, "CENTROID_LAT": -1.327698517867864 }, "geometry": { "type": "MultiPolygon", "coordinates": [ [ [ [ 30.0273857, -1.199092 ], [ 30.1573944, -1.221681 ], [ 30.1706623, -1.2746527 ], [ 30.1705558, -1.3397222 ], [ 30.0704816, -1.3898411 ], [ 30.0158991, -1.4122572 ], [ 29.9814241, -1.4536384 ], [ 29.9093589, -1.4708118 ], [ 29.8910546, -1.438865 ], [ 29.9082279, -1.3043441 ], [ 29.9544125, -1.250501 ], [ 29.9877167, -1.305025 ], [ 30.0087929, -1.242097 ], [ 30.0273857, -1.199092 ] ] ] ] } },
{ "type": "Feature", "properties": { "POLYGON_ID": "UGA_GAUL2011_ADM2_28420", "ADM0_ISO3": "UGA", "ADM0_NAME": "Uganda", "ADM0_CODE": 253, "ADM1_NAME": "Kabale", "ADM1_CODE": 3115, "ADM2_NAME": "Rubanda", "ADM2_CODE": 28420, "GEOSET": "GAUL", "GEOSET_YEAR": 2011.0, "GEOSET_VERSION": "GAUL_v1", "GEOSET_UNIT": "ADM2", "CENTROID_LONG": 29.86657245573597, "CENTROID_LAT": -1.1764184495751662 }, "geometry": { "type": "MultiPolygon", "coordinates": [ [ [ [ 29.9005088, -1.0396627 ], [ 29.9177266, -1.0544464 ], [ 29.9707279, -1.141275 ], [ 30.0118885, -1.150447 ], [ 30.0273857, -1.199092 ], [ 30.0087929, -1.242097 ], [ 29.9544125, -1.250501 ], [ 29.9082279, -1.3043441 ], [ 29.8910546, -1.438865 ], [ 29.8808409, -1.3586868 ], [ 29.8199168, -1.3143787 ], [ 29.7764521, -1.2173338 ], [ 29.7511213, -1.192207 ], [ 29.7361884, -1.09577 ], [ 29.7514166, -1.0760509 ], [ 29.7658157, -0.9857307 ], [ 29.8685852, -1.0673486 ], [ 29.9005088, -1.0396627 ] ] ] ] } },
{ "type": "Feature", "properties": { "POLYGON_ID": "UGA_GAUL2011_ADM2_28421", "ADM0_ISO3": "UGA", "ADM0_NAME": "Uganda", "ADM0_CODE": 253, "ADM1_NAME": "Kabale", "ADM1_CODE": 3115, "ADM2_NAME": "Rukiga", "ADM2_CODE": 28421, "GEOSET": "GAUL", "GEOSET_YEAR": 2011.0, "GEOSET_VERSION": "GAUL_v1", "GEOSET_UNIT": "ADM2", "CENTROID_LONG": 30.093127636697272, "CENTROID_LAT": -1.1472700803824158 }, "geometry": { "type": "MultiPolygon", "coordinates": [ [ [ [ 30.0459662, -1.058193 ], [ 30.1166756, -1.1522302 ], [ 30.1923626, -1.151622 ], [ 30.2159051, -1.1897126 ], [ 30.2570709, -1.1539852 ], [ 30.3017297, -1.1530772 ], [ 30.292418, -1.1886447 ], [ 30.2119482, -1.2747616 ], [ 30.1706623, -1.2746527 ], [ 30.1573944, -1.221681 ], [ 30.0273857, -1.199092 ], [ 30.0118885, -1.150447 ], [ 29.9707279, -1.141275 ], [ 29.9177266, -1.0544464 ], [ 29.9441726, -1.0094501 ], [ 30.0254431, -1.0289467 ], [ 30.0459662, -1.058193 ] ] ] ] } },
{ "type": "Feature", "properties": { "POLYGON_ID": "UGA_GAUL2011_ADM2_28429", "ADM0_ISO3": "UGA", "ADM0_NAME": "Uganda", "ADM0_CODE": 253, "ADM1_NAME": "Kalangala", "ADM1_CODE": 3117, "ADM2_NAME": "Bujumba", "ADM2_CODE": 28429, "GEOSET": "GAUL", "GEOSET_YEAR": 2011.0, "GEOSET_VERSION": "GAUL_v1", "GEOSET_UNIT": "ADM2", "CENTROID_LONG": 32.167183642120577, "CENTROID_LAT": -0.6022355789778886 }, "geometry": { "type": "MultiPolygon", "coordinates": [ [ [ [ 32.2494265, -0.1501517 ], [ 32.2499417, -0.1500318 ], [ 32.2429276, -0.185409 ], [ 32.269558, -0.267823 ], [ 32.3105545, -0.268277 ], [ 32.343586, -0.318906 ], [ 32.338295, -0.403841 ], [ 32.3900604, -0.456394 ], [ 32.4020729, -0.535299 ], [ 32.306675, -0.472719 ], [ 32.1867867, -0.546621 ], [ 32.1440048, -0.59238 ], [ 32.1215439, -0.650751 ], [ 32.1538315, -0.726408 ], [ 32.2141266, -0.759094 ], [ 32.2826538, -0.773799 ], [ 32.402813, -0.775866 ], [ 32.4027977, -0.9998887 ], [ 31.9999517, -0.9998873 ], [ 31.9997909, -0.8160257 ], [ 31.9999471, -0.3826714 ], [ 32.0567161, -0.3271299 ], [ 32.0525216, -0.2724511 ], [ 31.9995581, -0.2164041 ], [ 31.9997075, -0.15102 ], [ 32.2494265, -0.1501517 ] ] ] ] } },
{ "type": "Feature", "properties": { "POLYGON_ID": "UGA_GAUL2011_ADM2_28430", "ADM0_ISO3": "UGA", "ADM0_NAME": "Uganda", "ADM0_CODE": 253, "ADM1_NAME": "Kalangala", "ADM1_CODE": 3117, "ADM2_NAME": "Kyamuswa", "ADM2_CODE": 28430, "GEOSET": "GAUL", "GEOSET_YEAR": 2011.0, "GEOSET_VERSION": "GAUL_v1", "GEOSET_UNIT": "ADM2", "CENTROID_LONG": 32.57472842132649, "CENTROID_LAT": -0.56480677668745072 }, "geometry": { "type": "MultiPolygon", "coordinates": [ [ [ [ 32.8755078, -0.1496186 ], [ 32.8750128, -0.5299472 ], [ 32.8743945, -0.9998904 ], [ 32.7417154, -0.99989 ], [ 32.4027977, -0.9998887 ], [ 32.402813, -0.775866 ], [ 32.2826538, -0.773799 ], [ 32.2141266, -0.759094 ], [ 32.1538315, -0.726408 ], [ 32.1215439, -0.650751 ], [ 32.1440048, -0.59238 ], [ 32.1867867, -0.546621 ], [ 32.306675, -0.472719 ], [ 32.4020729, -0.535299 ], [ 32.3900604, -0.456394 ], [ 32.338295, -0.403841 ], [ 32.343586, -0.318906 ], [ 32.3105545, -0.268277 ], [ 32.269558, -0.267823 ], [ 32.2429276, -0.185409 ], [ 32.2499417, -0.1500318 ], [ 32.50026, -0.1497709 ], [ 32.8755078, -0.1496186 ] ] ] ] } },
{ "type": "Feature", "properties": { "POLYGON_ID": "UGA_GAUL2011_ADM2_42206", "ADM0_ISO3": "UGA", "ADM0_NAME": "Uganda", "ADM0_CODE": 253, "ADM1_NAME": "Kasese", "ADM1_CODE": 3121, "ADM2_NAME": "Bukonjo", "ADM2_CODE": 42206, "GEOSET": "GAUL", "GEOSET_YEAR": 2011.0, "GEOSET_VERSION": "GAUL_v1", "GEOSET_UNIT": "ADM2", "CENTROID_LONG": 29.845004321535026, "CENTROID_LAT": 0.04217831915789777 }, "geometry": { "type": "MultiPolygon", "coordinates": [ [ [ [ 29.8856153, -0.20639 ], [ 29.7113873, -0.2077595 ], [ 29.7253565, -0.075735 ], [ 29.7258533, -0.0710398 ], [ 29.7402071, -0.0343781 ], [ 29.7169042, 0.0524956 ], [ 29.7410566, 0.1257971 ], [ 29.7812312, 0.1683612 ], [ 29.8200682, 0.1653784 ], [ 29.8644326, 0.3531177 ], [ 29.9009933, 0.324474 ], [ 29.9098625, 0.263637 ], [ 29.9549866, 0.227419 ], [ 30.0102367, 0.152146 ], [ 29.9724674, 0.028153 ], [ 29.8982105, 0.011909 ], [ 29.8467884, -0.10605 ], [ 29.9119186, -0.156847 ], [ 29.8856153, -0.20639 ] ] ] ] } },
{ "type": "Feature", "properties": { "POLYGON_ID": "UGA_GAUL2011_ADM2_42207", "ADM0_ISO3": "UGA", "ADM0_NAME": "Uganda", "ADM0_CODE": 253, "ADM1_NAME": "Kasese", "ADM1_CODE": 3121, "ADM2_NAME": "Busongora", "ADM2_CODE": 42207, "GEOSET": "GAUL", "GEOSET_YEAR": 2011.0, "GEOSET_VERSION": "GAUL_v1", "GEOSET_UNIT": "ADM2", "CENTROID_LONG": 30.07875404862331, "CENTROID_LAT": 0.15915478283442083 }, "geometry": { "type": "MultiPolygon", "coordinates": [ [ [ [ 30.2936103, 0.2693896 ], [ 30.265894, 0.1864631 ], [ 30.2646, 0.1233119 ], [ 30.2560091, 0.0462728 ], [ 30.2153159, -0.0756593 ], [ 30.1554661, -0.0697893 ], [ 30.0043867, -0.1459087 ], [ 29.9538519, -0.1857179 ], [ 29.9264738, -0.1740738 ], [ 29.8856153, -0.20639 ], [ 29.9119186, -0.156847 ], [ 29.8467884, -0.10605 ], [ 29.8982105, 0.011909 ], [ 29.9724674, 0.028153 ], [ 30.0102367, 0.152146 ], [ 29.9549866, 0.227419 ], [ 29.9098625, 0.263637 ], [ 29.9009933, 0.324474 ], [ 29.8644326, 0.3531177 ], [ 29.9202812, 0.4220813 ], [ 29.9810416, 0.4283526 ], [ 30.0283309, 0.4408313 ], [ 30.0675545, 0.4759913 ], [ 30.1274355, 0.4846216 ], [ 30.1750924, 0.4280837 ], [ 30.17852, 0.391951 ], [ 30.2469778, 0.3414027 ], [ 30.2807634, 0.3422823 ], [ 30.2936103, 0.2693896 ] ] ] ] } },
{ "type": "Feature", "properties": { "POLYGON_ID": "UGA_GAUL2011_ADM2_28444", "ADM0_ISO3": "UGA", "ADM0_NAME": "Uganda", "ADM0_CODE": 253, "ADM1_NAME": "Kibaale", "ADM1_CODE": 3123, "ADM2_NAME": "Bugangaizi", "ADM2_CODE": 28444, "GEOSET": "GAUL", "GEOSET_YEAR": 2011.0, "GEOSET_VERSION": "GAUL_v1", "GEOSET_UNIT": "ADM2", "CENTROID_LONG": 31.295137830411939, "CENTROID_LAT": 0.98715634983422162 }, "geometry": { "type": "MultiPolygon", "coordinates": [ [ [ [ 31.291742, 1.2109953 ], [ 31.4254493, 1.1255471 ], [ 31.5279218, 1.021908 ], [ 31.5091748, 0.9914305 ], [ 31.4324779, 0.952742 ], [ 31.4487436, 0.8681006 ], [ 31.4347248, 0.8222171 ], [ 31.4025839, 0.8059256 ], [ 31.4070494, 0.7603546 ], [ 31.3741348, 0.7061914 ], [ 31.2878101, 0.7424419 ], [ 31.2287769, 0.777273 ], [ 31.1590214, 0.910015 ], [ 31.1221066, 0.944323 ], [ 31.1193485, 1.013082 ], [ 31.1027412, 1.145142 ], [ 31.0836495, 1.1444232 ], [ 31.1295809, 1.1948799 ], [ 31.1819811, 1.1833952 ], [ 31.2137572, 1.217143 ], [ 31.291742, 1.2109953 ] ] ] ] } },
{ "type": "Feature", "properties": { "POLYGON_ID": "UGA_GAUL2011_ADM2_28445", "ADM0_ISO3": "UGA", "ADM0_NAME": "Uganda", "ADM0_CODE": 253, "ADM1_NAME": "Kibaale", "ADM1_CODE": 3123, "ADM2_NAME": "Buyaga", "ADM2_CODE": 28445, "GEOSET": "GAUL", "GEOSET_YEAR": 2011.0, "GEOSET_VERSION": "GAUL_v1", "GEOSET_UNIT": "ADM2", "CENTROID_LONG": 30.808808224986997, "CENTROID_LAT": 1.015545516388195 }, "geometry": { "type": "MultiPolygon", "coordinates": [ [ [ [ 31.0836495, 1.1444232 ], [ 31.1027412, 1.145142 ], [ 31.1193485, 1.013082 ], [ 31.0650444, 1.010306 ], [ 31.0345688, 0.972777 ], [ 30.9422798, 0.920179 ], [ 30.8693295, 0.847301 ], [ 30.829322, 0.8432065 ], [ 30.7871695, 0.8382462 ], [ 30.7142987, 0.8847356 ], [ 30.6235334, 0.8986247 ], [ 30.5603031, 0.9387342 ], [ 30.5428285, 0.9787037 ], [ 30.5503237, 1.0397976 ], [ 30.5497861, 1.2091968 ], [ 30.6769074, 1.1111485 ], [ 30.7535686, 1.0739666 ], [ 30.7864081, 1.1203429 ], [ 30.8131979, 1.1088522 ], [ 30.8756656, 1.151614 ], [ 30.9193733, 1.1214641 ], [ 30.969462, 1.1369757 ], [ 31.0836495, 1.1444232 ] ] ] ] } },
{ "type": "Feature", "properties": { "POLYGON_ID": "UGA_GAUL2011_ADM2_28446", "ADM0_ISO3": "UGA", "ADM0_NAME": "Uganda", "ADM0_CODE": 253, "ADM1_NAME": "Kibaale", "ADM1_CODE": 3123, "ADM2_NAME": "Buyanja", "ADM2_CODE": 28446, "GEOSET": "GAUL", "GEOSET_YEAR": 2011.0, "GEOSET_VERSION": "GAUL_v1", "GEOSET_UNIT": "ADM2", "CENTROID_LONG": 31.07064676193221, "CENTROID_LAT": 0.8049022452109984 }, "geometry": { "type": "MultiPolygon", "coordinates": [ [ [ [ 31.2878101, 0.7424419 ], [ 31.2888226, 0.7168028 ], [ 31.2144903, 0.6349364 ], [ 31.1514107, 0.6636446 ], [ 31.1047594, 0.6510235 ], [ 31.045517, 0.6601166 ], [ 30.9284466, 0.7241801 ], [ 30.9060642, 0.7714067 ], [ 30.829322, 0.8432065 ], [ 30.8693295, 0.847301 ], [ 30.9422798, 0.920179 ], [ 31.0345688, 0.972777 ], [ 31.0650444, 1.010306 ], [ 31.1193485, 1.013082 ], [ 31.1221066, 0.944323 ], [ 31.1590214, 0.910015 ], [ 31.2287769, 0.777273 ], [ 31.2878101, 0.7424419 ] ] ] ] } },
{ "type": "Feature", "properties": { "POLYGON_ID": "UGA_GAUL2011_ADM2_28447", "ADM0_ISO3": "UGA", "ADM0_NAME": "Uganda", "ADM0_CODE": 253, "ADM1_NAME": "Kyankwanzi", "ADM1_CODE": 1344, "ADM2_NAME": "Kiboga", "ADM2_CODE": 28447, "GEOSET": "GAUL", "GEOSET_YEAR": 2011.0, "GEOSET_VERSION": "GAUL_v1", "GEOSET_UNIT": "ADM2", "CENTROID_LONG": 31.762990974827904, "CENTROID_LAT": 1.0132102286122939 }, "geometry": { "type": "MultiPolygon", "coordinates": [ [ [ [ 31.5822955, 1.3599467 ], [ 31.6630711, 1.3460846 ], [ 31.7527662, 1.3271564 ], [ 31.8207671, 1.3619429 ], [ 31.8605384, 1.2794551 ], [ 31.909656, 1.207648 ], [ 31.9077551, 1.1130684 ], [ 32.0009151, 1.0234778 ], [ 32.0121206, 0.9356021 ], [ 32.0635126, 0.9068078 ], [ 32.1255047, 0.9007715 ], [ 32.1751761, 0.8656226 ], [ 32.2084839, 0.8106239 ], [ 32.1885556, 0.6972213 ], [ 32.1709721, 0.6849705 ], [ 32.1001556, 0.6849043 ], [ 32.0143837, 0.6317882 ], [ 31.9916905, 0.6517388 ], [ 31.9088392, 0.6254047 ], [ 31.9221236, 0.6578631 ], [ 31.8885853, 0.7134215 ], [ 31.9127085, 0.7384643 ], [ 31.8391933, 0.7758301 ], [ 31.786609, 0.77999 ], [ 31.7468424, 0.8063265 ], [ 31.704072, 0.7965076 ], [ 31.6539208, 0.8186169 ], [ 31.5745777, 0.8571136 ], [ 31.4487436, 0.8681006 ], [ 31.4324779, 0.952742 ], [ 31.5091748, 0.9914305 ], [ 31.5279218, 1.021908 ], [ 31.4254493, 1.1255471 ], [ 31.291742, 1.2109953 ], [ 31.3223202, 1.2414798 ], [ 31.3672891, 1.2414773 ], [ 31.41839, 1.2719295 ], [ 31.4562673, 1.2862247 ], [ 31.5301664, 1.3644064 ], [ 31.5822955, 1.3599467 ] ] ] ] } },
{ "type": "Feature", "properties": { "POLYGON_ID": "UGA_GAUL2011_ADM2_28448", "ADM0_ISO3": "UGA", "ADM0_NAME": "Uganda", "ADM0_CODE": 253, "ADM1_NAME": "Kisoro", "ADM1_CODE": 3125, "ADM2_NAME": "Bufumbira", "ADM2_CODE": 28448, "GEOSET": "GAUL", "GEOSET_YEAR": 2011.0, "GEOSET_VERSION": "GAUL_v1", "GEOSET_UNIT": "ADM2", "CENTROID_LONG": 29.684223970345865, "CENTROID_LAT": -1.2173857320814518 }, "geometry": { "type": "MultiPolygon", "coordinates": [ [ [ [ 29.7514166, -1.0760509 ], [ 29.7361884, -1.09577 ], [ 29.7511213, -1.192207 ], [ 29.7764521, -1.2173338 ], [ 29.8199168, -1.3143787 ], [ 29.7974484, -1.3480001 ], [ 29.7341667, -1.3419444 ], [ 29.6600297, -1.3853648 ], [ 29.5895089, -1.3866207 ], [ 29.6068626, -1.3291111 ], [ 29.6240845, -1.2975082 ], [ 29.644798, -1.2594979 ], [ 29.5967678, -1.2108439 ], [ 29.5872627, -1.2012153 ], [ 29.5843939, -1.1494127 ], [ 29.5977106, -1.1367013 ], [ 29.602327, -1.0656085 ], [ 29.5903244, -1.0462196 ], [ 29.5872856, -1.0078407 ], [ 29.6575722, -1.0522437 ], [ 29.7514166, -1.0760509 ] ] ] ] } },
{ "type": "Feature", "properties": { "POLYGON_ID": "UGA_GAUL2011_ADM2_28456", "ADM0_ISO3": "UGA", "ADM0_NAME": "Uganda", "ADM0_CODE": 253, "ADM1_NAME": "Bukedea", "ADM1_CODE": 788, "ADM2_NAME": "Bukedea", "ADM2_CODE": 28456, "GEOSET": "GAUL", "GEOSET_YEAR": 2011.0, "GEOSET_VERSION": "GAUL_v1", "GEOSET_UNIT": "ADM2", "CENTROID_LONG": 34.123871239293734, "CENTROID_LAT": 1.366310502460903 }, "geometry": { "type": "MultiPolygon", "coordinates": [ [ [ [ 34.2288041, 1.56441 ], [ 34.2261086, 1.4787652 ], [ 34.2742364, 1.3980307 ], [ 34.2496094, 1.3510318 ], [ 34.2436948, 1.2940283 ], [ 34.1809212, 1.2070077 ], [ 34.1691882, 1.163118 ], [ 34.1195505, 1.1774677 ], [ 33.9791759, 1.2279241 ], [ 33.9172597, 1.2594005 ], [ 34.0074075, 1.3224074 ], [ 34.0243008, 1.4201905 ], [ 34.0093049, 1.4479549 ], [ 34.0854984, 1.5193772 ], [ 34.1196703, 1.5782503 ], [ 34.2287429, 1.5822052 ], [ 34.2288041, 1.56441 ] ] ] ] } },
{ "type": "Feature", "properties": { "POLYGON_ID": "UGA_GAUL2011_ADM2_28457", "ADM0_ISO3": "UGA", "ADM0_NAME": "Uganda", "ADM0_CODE": 253, "ADM1_NAME": "Kumi", "ADM1_CODE": 1261, "ADM2_NAME": "Kumi", "ADM2_CODE": 28457, "GEOSET": "GAUL", "GEOSET_YEAR": 2011.0, "GEOSET_VERSION": "GAUL_v1", "GEOSET_UNIT": "ADM2", "CENTROID_LONG": 33.959744092540433, "CENTROID_LAT": 1.4768020629702756 }, "geometry": { "type": "MultiPolygon", "coordinates": [ [ [ [ 34.221449, 1.6430615 ], [ 34.2283059, 1.6402102 ], [ 34.2287429, 1.5822052 ], [ 34.1196703, 1.5782503 ], [ 34.0854984, 1.5193772 ], [ 34.0093049, 1.4479549 ], [ 34.0243008, 1.4201905 ], [ 34.0074075, 1.3224074 ], [ 33.9172597, 1.2594005 ], [ 33.832568, 1.2981963 ], [ 33.8055592, 1.3228427 ], [ 33.7502065, 1.3194201 ], [ 33.7275908, 1.3471036 ], [ 33.7890861, 1.3972686 ], [ 33.8694741, 1.5336365 ], [ 33.8988055, 1.6024141 ], [ 33.8976172, 1.6539227 ], [ 33.9518641, 1.6381853 ], [ 34.0107056, 1.6517015 ], [ 34.221449, 1.6430615 ] ] ] ] } },
{ "type": "Feature", "properties": { "POLYGON_ID": "UGA_GAUL2011_ADM2_28458", "ADM0_ISO3": "UGA", "ADM0_NAME": "Uganda", "ADM0_CODE": 253, "ADM1_NAME": "Ngora", "ADM1_CODE": 777, "ADM2_NAME": "Ngora", "ADM2_CODE": 28458, "GEOSET": "GAUL", "GEOSET_YEAR": 2011.0, "GEOSET_VERSION": "GAUL_v1", "GEOSET_UNIT": "ADM2", "CENTROID_LONG": 33.751615630359119, "CENTROID_LAT": 1.4992469905362711 }, "geometry": { "type": "MultiPolygon", "coordinates": [ [ [ [ 33.8976172, 1.6539227 ], [ 33.8988055, 1.6024141 ], [ 33.8694741, 1.5336365 ], [ 33.7890861, 1.3972686 ], [ 33.7275908, 1.3471036 ], [ 33.6712225, 1.3174895 ], [ 33.579183, 1.3131604 ], [ 33.5563276, 1.3422171 ], [ 33.5950408, 1.3928909 ], [ 33.6725316, 1.4246526 ], [ 33.7082692, 1.573333 ], [ 33.7122362, 1.6182744 ], [ 33.7470623, 1.6753987 ], [ 33.8109959, 1.6817366 ], [ 33.8976172, 1.6539227 ] ] ] ] } },
{ "type": "Feature", "properties": { "POLYGON_ID": "UGA_GAUL2011_ADM2_28468", "ADM0_ISO3": "UGA", "ADM0_NAME": "Uganda", "ADM0_CODE": 253, "ADM1_NAME": "Bukomansimbi", "ADM1_CODE": 750, "ADM2_NAME": "Bukomansimbi", "ADM2_CODE": 28468, "GEOSET": "GAUL", "GEOSET_YEAR": 2011.0, "GEOSET_VERSION": "GAUL_v1", "GEOSET_UNIT": "ADM2", "CENTROID_LONG": 31.6267979077776, "CENTROID_LAT": -0.12956685233481016 }, "geometry": { "type": "MultiPolygon", "coordinates": [ [ [ [ 31.6457283, 0.042171 ], [ 31.7005208, -0.033951 ], [ 31.6915442, -0.1385765 ], [ 31.7202514, -0.2520739 ], [ 31.711411, -0.2990997 ], [ 31.7115718, -0.3016621 ], [ 31.5965414, -0.2929967 ], [ 31.553927, -0.2055524 ], [ 31.5523045, -0.1233177 ], [ 31.5341928, -0.0345335 ], [ 31.5418218, 0.0031393 ], [ 31.6002203, 0.0527443 ], [ 31.6457283, 0.042171 ] ] ] ] } },
{ "type": "Feature", "properties": { "POLYGON_ID": "UGA_GAUL2011_ADM2_28469", "ADM0_ISO3": "UGA", "ADM0_NAME": "Uganda", "ADM0_CODE": 253, "ADM1_NAME": "Masaka", "ADM1_CODE": 770, "ADM2_NAME": "Bukoto", "ADM2_CODE": 28469, "GEOSET": "GAUL", "GEOSET_YEAR": 2011.0, "GEOSET_VERSION": "GAUL_v1", "GEOSET_UNIT": "ADM2", "CENTROID_LONG": 31.856937785652846, "CENTROID_LAT": -0.49181224489519193 }, "geometry": { "type": "MultiPolygon", "coordinates": [ [ [ [ 31.5961837, -0.4287656 ], [ 31.5843849, -0.3651722 ], [ 31.6448901, -0.3847164 ], [ 31.7050188, -0.347289 ], [ 31.7488651, -0.367701 ], [ 31.7621346, -0.298989 ], [ 31.711411, -0.2990997 ], [ 31.7202514, -0.2520739 ], [ 31.7810332, -0.2713993 ], [ 31.8122693, -0.2302804 ], [ 31.8465045, -0.2597791 ], [ 31.9997075, -0.15102 ], [ 31.9995581, -0.2164041 ], [ 32.0525216, -0.2724511 ], [ 32.0567161, -0.3271299 ], [ 31.9999471, -0.3826714 ], [ 31.9997909, -0.8160257 ], [ 31.9909639, -0.8142078 ], [ 31.8914623, -0.7937153 ], [ 31.7505935, -0.7316604 ], [ 31.6752691, -0.6081883 ], [ 31.7063935, -0.5291631 ], [ 31.6575242, -0.4969696 ], [ 31.6706378, -0.4560944 ], [ 31.5961837, -0.4287656 ] ] ] ] } },
{ "type": "Feature", "properties": { "POLYGON_ID": "UGA_GAUL2011_ADM2_28470", "ADM0_ISO3": "UGA", "ADM0_NAME": "Uganda", "ADM0_CODE": 253, "ADM1_NAME": "Kalungu", "ADM1_CODE": 759, "ADM2_NAME": "Kalungu", "ADM2_CODE": 28470, "GEOSET": "GAUL", "GEOSET_YEAR": 2011.0, "GEOSET_VERSION": "GAUL_v1", "GEOSET_UNIT": "ADM2", "CENTROID_LONG": 31.802069562113413, "CENTROID_LAT": -0.099441399928026752 }, "geometry": { "type": "MultiPolygon", "coordinates": [ [ [ [ 31.8113129, 0.0458863 ], [ 31.8708264, 0.00854 ], [ 31.9468778, -0.1276712 ], [ 31.9997075, -0.15102 ], [ 31.8465045, -0.2597791 ], [ 31.8122693, -0.2302804 ], [ 31.7810332, -0.2713993 ], [ 31.7202514, -0.2520739 ], [ 31.6915442, -0.1385765 ], [ 31.7005208, -0.033951 ], [ 31.6457283, 0.042171 ], [ 31.6929494, 0.0791369 ], [ 31.7834418, 0.0643013 ], [ 31.8113129, 0.0458863 ] ] ] ] } },
{ "type": "Feature", "properties": { "POLYGON_ID": "UGA_GAUL2011_ADM2_28471", "ADM0_ISO3": "UGA", "ADM0_NAME": "Uganda", "ADM0_CODE": 253, "ADM1_NAME": "Masaka", "ADM1_CODE": 770, "ADM2_NAME": "Masaka Municipality", "ADM2_CODE": 28471, "GEOSET": "GAUL", "GEOSET_YEAR": 2011.0, "GEOSET_VERSION": "GAUL_v1", "GEOSET_UNIT": "ADM2", "CENTROID_LONG": 31.733447616296964, "CENTROID_LAT": -0.32828806746618439 }, "geometry": { "type": "MultiPolygon", "coordinates": [ [ [ [ 31.7050188, -0.347289 ], [ 31.7115718, -0.3016621 ], [ 31.711411, -0.2990997 ], [ 31.7621346, -0.298989 ], [ 31.7488651, -0.367701 ], [ 31.7050188, -0.347289 ] ] ] ] } },
{ "type": "Feature", "properties": { "POLYGON_ID": "UGA_GAUL2011_ADM2_28496", "ADM0_ISO3": "UGA", "ADM0_NAME": "Uganda", "ADM0_CODE": 253, "ADM1_NAME": "Moyo", "ADM1_CODE": 3136, "ADM2_NAME": "Obongi", "ADM2_CODE": 28496, "GEOSET": "GAUL", "GEOSET_YEAR": 2011.0, "GEOSET_VERSION": "GAUL_v1", "GEOSET_UNIT": "ADM2", "CENTROID_LONG": 31.555317602185859, "CENTROID_LAT": 3.3951913873134565 }, "geometry": { "type": "MultiPolygon", "coordinates": [ [ [ [ 31.7691034, 3.5120184 ], [ 31.7064629, 3.4998713 ], [ 31.6505361, 3.4296078 ], [ 31.6568453, 3.399721 ], [ 31.6036653, 3.3457894 ], [ 31.570948, 3.2254175 ], [ 31.5382775, 3.1536549 ], [ 31.4779709, 3.1918167 ], [ 31.4264873, 3.269068 ], [ 31.4514244, 3.4463106 ], [ 31.5336538, 3.5826878 ], [ 31.580452, 3.5440559 ], [ 31.6227016, 3.5569141 ], [ 31.7392159, 3.555315 ], [ 31.7691034, 3.5120184 ] ] ] ] } },
{ "type": "Feature", "properties": { "POLYGON_ID": "UGA_GAUL2011_ADM2_28497", "ADM0_ISO3": "UGA", "ADM0_NAME": "Uganda", "ADM0_CODE": 253, "ADM1_NAME": "Moyo", "ADM1_CODE": 3136, "ADM2_NAME": "West Moyo", "ADM2_CODE": 28497, "GEOSET": "GAUL", "GEOSET_YEAR": 2011.0, "GEOSET_VERSION": "GAUL_v1", "GEOSET_UNIT": "ADM2", "CENTROID_LONG": 31.763502544885643, "CENTROID_LAT": 3.6416727681035317 }, "geometry": { "type": "MultiPolygon", "coordinates": [ [ [ [ 31.8028915, 3.8282979 ], [ 31.8532455, 3.7906878 ], [ 31.9194922, 3.7096096 ], [ 31.9379491, 3.6703889 ], [ 31.9493205, 3.5868744 ], [ 32.0152715, 3.5868954 ], [ 31.9639811, 3.5674991 ], [ 31.9139968, 3.5116933 ], [ 31.8151325, 3.5516191 ], [ 31.7691034, 3.5120184 ], [ 31.7392159, 3.555315 ], [ 31.6227016, 3.5569141 ], [ 31.580452, 3.5440559 ], [ 31.5336538, 3.5826878 ], [ 31.5153322, 3.6662005 ], [ 31.7104157, 3.7172446 ], [ 31.8024684, 3.8000386 ], [ 31.7949682, 3.825592 ], [ 31.8028915, 3.8282979 ] ] ] ] } },
{ "type": "Feature", "properties": { "POLYGON_ID": "UGA_GAUL2011_ADM2_28514", "ADM0_ISO3": "UGA", "ADM0_NAME": "Uganda", "ADM0_CODE": 253, "ADM1_NAME": "Nebbi", "ADM1_CODE": 776, "ADM2_NAME": "Jonam", "ADM2_CODE": 28514, "GEOSET": "GAUL", "GEOSET_YEAR": 2011.0, "GEOSET_VERSION": "GAUL_v1", "GEOSET_UNIT": "ADM2", "CENTROID_LONG": 31.371778427958532, "CENTROID_LAT": 2.4847602144003251 }, "geometry": { "type": "MultiPolygon", "coordinates": [ [ [ [ 31.4415801, 2.6798218 ], [ 31.4106683, 2.6258505 ], [ 31.4633092, 2.5605441 ], [ 31.4772732, 2.508376 ], [ 31.5286721, 2.4818579 ], [ 31.4838204, 2.4459455 ], [ 31.4729014, 2.3755548 ], [ 31.4385874, 2.3361861 ], [ 31.3884037, 2.3116082 ], [ 31.3357864, 2.2503725 ], [ 31.3021236, 2.1520373 ], [ 31.2528503, 2.1952912 ], [ 31.2938194, 2.3456931 ], [ 31.2896729, 2.483978 ], [ 31.3088703, 2.509316 ], [ 31.2919563, 2.6797184 ], [ 31.3562649, 2.7146918 ], [ 31.32484, 2.753772 ], [ 31.3855289, 2.7789423 ], [ 31.4368087, 2.759526 ], [ 31.4415801, 2.6798218 ] ] ] ] } },
{ "type": "Feature", "properties": { "POLYGON_ID": "UGA_GAUL2011_ADM2_28515", "ADM0_ISO3": "UGA", "ADM0_NAME": "Uganda", "ADM0_CODE": 253, "ADM1_NAME": "Zombo", "ADM1_CODE": 787, "ADM2_NAME": "Okoro", "ADM2_CODE": 28515, "GEOSET": "GAUL", "GEOSET_YEAR": 2011.0, "GEOSET_VERSION": "GAUL_v1", "GEOSET_UNIT": "ADM2", "CENTROID_LONG": 30.893299901647353, "CENTROID_LAT": 2.5273698477978326 }, "geometry": { "type": "MultiPolygon", "coordinates": [ [ [ [ 30.9757356, 2.6909021 ], [ 30.9842271, 2.5985682 ], [ 31.0197131, 2.5781013 ], [ 31.0010409, 2.5575894 ], [ 31.0505866, 2.4809337 ], [ 31.0137876, 2.3848128 ], [ 31.0030558, 2.3969447 ], [ 30.9872222, 2.4083333 ], [ 30.9853293, 2.4087504 ], [ 30.9853157, 2.4087534 ], [ 30.9708333, 2.4119447 ], [ 30.9463894, 2.4088889 ], [ 30.9141667, 2.3394442 ], [ 30.9128354, 2.3390999 ], [ 30.8677778, 2.3455561 ], [ 30.825371, 2.424735 ], [ 30.8255601, 2.4272876 ], [ 30.7965468, 2.4440349 ], [ 30.7498737, 2.4468433 ], [ 30.7549997, 2.5986108 ], [ 30.7796808, 2.6445425 ], [ 30.9248616, 2.7047776 ], [ 30.9757356, 2.6909021 ] ] ] ] } },
{ "type": "Feature", "properties": { "POLYGON_ID": "UGA_GAUL2011_ADM2_28516", "ADM0_ISO3": "UGA", "ADM0_NAME": "Uganda", "ADM0_CODE": 253, "ADM1_NAME": "Nebbi", "ADM1_CODE": 776, "ADM2_NAME": "Padyere", "ADM2_CODE": 28516, "GEOSET": "GAUL", "GEOSET_YEAR": 2011.0, "GEOSET_VERSION": "GAUL_v1", "GEOSET_UNIT": "ADM2", "CENTROID_LONG": 31.179084757694635, "CENTROID_LAT": 2.4402271653576655 }, "geometry": { "type": "MultiPolygon", "coordinates": [ [ [ [ 31.2528503, 2.1952912 ], [ 31.2014801, 2.2432411 ], [ 31.2009122, 2.2510788 ], [ 31.1980347, 2.2907906 ], [ 31.1976434, 2.296191 ], [ 31.086039, 2.2966335 ], [ 31.0829271, 2.2975069 ], [ 31.0702778, 2.335 ], [ 31.0137876, 2.3848128 ], [ 31.0505866, 2.4809337 ], [ 31.0010409, 2.5575894 ], [ 31.0197131, 2.5781013 ], [ 31.1243774, 2.5443061 ], [ 31.2077887, 2.5878638 ], [ 31.2365966, 2.6406016 ], [ 31.2919563, 2.6797184 ], [ 31.3088703, 2.509316 ], [ 31.2896729, 2.483978 ], [ 31.2938194, 2.3456931 ], [ 31.2528503, 2.1952912 ] ] ] ] } },
{ "type": "Feature", "properties": { "POLYGON_ID": "UGA_GAUL2011_ADM2_28517", "ADM0_ISO3": "UGA", "ADM0_NAME": "Uganda", "ADM0_CODE": 253, "ADM1_NAME": "Ntungamo", "ADM1_CODE": 3141, "ADM2_NAME": "Kajara", "ADM2_CODE": 28517, "GEOSET": "GAUL", "GEOSET_YEAR": 2011.0, "GEOSET_VERSION": "GAUL_v1", "GEOSET_UNIT": "ADM2", "CENTROID_LONG": 30.140403474772999, "CENTROID_LAT": -0.83080798413237023 }, "geometry": { "type": "MultiPolygon", "coordinates": [ [ [ [ 30.1678164, -0.7306038 ], [ 30.1991548, -0.7608323 ], [ 30.2264519, -0.791519 ], [ 30.2053375, -0.834326 ], [ 30.222353, -0.872318 ], [ 30.2080402, -0.926819 ], [ 30.0517532, -0.8812417 ], [ 30.0523585, -0.7762456 ], [ 30.1213675, -0.7592252 ], [ 30.1678164, -0.7306038 ] ] ] ] } },
{ "type": "Feature", "properties": { "POLYGON_ID": "UGA_GAUL2011_ADM2_28518", "ADM0_ISO3": "UGA", "ADM0_NAME": "Uganda", "ADM0_CODE": 253, "ADM1_NAME": "Ntungamo", "ADM1_CODE": 3141, "ADM2_NAME": "Ruhaama", "ADM2_CODE": 28518, "GEOSET": "GAUL", "GEOSET_YEAR": 2011.0, "GEOSET_VERSION": "GAUL_v1", "GEOSET_UNIT": "ADM2", "CENTROID_LONG": 30.37556808243113, "CENTROID_LAT": -0.90312775495477882 }, "geometry": { "type": "MultiPolygon", "coordinates": [ [ [ [ 30.3133846, -0.7145794 ], [ 30.3593402, -0.7835944 ], [ 30.4371371, -0.8273178 ], [ 30.5092041, -0.8409107 ], [ 30.5700723, -0.8176438 ], [ 30.6271172, -0.8262373 ], [ 30.6331303, -0.8530733 ], [ 30.6331797, -0.8531287 ], [ 30.5376272, -0.928687 ], [ 30.5009705, -0.9873431 ], [ 30.4766963, -1.0572951 ], [ 30.4735151, -1.0574108 ], [ 30.376841, -1.0617542 ], [ 30.2995186, -1.0501339 ], [ 30.2540874, -0.998411 ], [ 30.2201996, -0.989586 ], [ 30.2080402, -0.926819 ], [ 30.222353, -0.872318 ], [ 30.2053375, -0.834326 ], [ 30.2264519, -0.791519 ], [ 30.1991548, -0.7608323 ], [ 30.3133846, -0.7145794 ] ] ] ] } },
{ "type": "Feature", "properties": { "POLYGON_ID": "UGA_GAUL2011_ADM2_28519", "ADM0_ISO3": "UGA", "ADM0_NAME": "Uganda", "ADM0_CODE": 253, "ADM1_NAME": "Ntungamo", "ADM1_CODE": 3141, "ADM2_NAME": "Rushenyi", "ADM2_CODE": 28519, "GEOSET": "GAUL", "GEOSET_YEAR": 2011.0, "GEOSET_VERSION": "GAUL_v1", "GEOSET_UNIT": "ADM2", "CENTROID_LONG": 30.181594252025214, "CENTROID_LAT": -1.04603013203708 }, "geometry": { "type": "MultiPolygon", "coordinates": [ [ [ [ 30.2080402, -0.926819 ], [ 30.2201996, -0.989586 ], [ 30.2540874, -0.998411 ], [ 30.2995186, -1.0501339 ], [ 30.376841, -1.0617542 ], [ 30.3392784, -1.0946116 ], [ 30.3433396, -1.1264767 ], [ 30.3017297, -1.1530772 ], [ 30.2570709, -1.1539852 ], [ 30.2159051, -1.1897126 ], [ 30.1923626, -1.151622 ], [ 30.1166756, -1.1522302 ], [ 30.0459662, -1.058193 ], [ 30.0747496, -0.9455287 ], [ 30.0517532, -0.8812417 ], [ 30.2080402, -0.926819 ] ] ] ] } },
{ "type": "Feature", "properties": { "POLYGON_ID": "UGA_GAUL2011_ADM2_28520", "ADM0_ISO3": "UGA", "ADM0_NAME": "Uganda", "ADM0_CODE": 253, "ADM1_NAME": "Budaka", "ADM1_CODE": 747, "ADM2_NAME": "Budaka", "ADM2_CODE": 28520, "GEOSET": "GAUL", "GEOSET_YEAR": 2011.0, "GEOSET_VERSION": "GAUL_v1", "GEOSET_UNIT": "ADM2", "CENTROID_LONG": 33.990033562134535, "CENTROID_LAT": 1.0612444514933166 }, "geometry": { "type": "MultiPolygon", "coordinates": [ [ [ [ 34.1241405, 1.0774832 ], [ 34.078638, 1.0436933 ], [ 34.0508686, 1.0367686 ], [ 33.9883231, 0.9693913 ], [ 33.9220011, 0.9403744 ], [ 33.8629739, 0.9455475 ], [ 33.8676662, 0.9775503 ], [ 33.936477, 1.0533655 ], [ 33.923383, 1.1046056 ], [ 33.9314725, 1.1681884 ], [ 34.0452436, 1.1548406 ], [ 34.1110721, 1.1224021 ], [ 34.1241405, 1.0774832 ] ] ] ] } },
{ "type": "Feature", "properties": { "POLYGON_ID": "UGA_GAUL2011_ADM2_28521", "ADM0_ISO3": "UGA", "ADM0_NAME": "Uganda", "ADM0_CODE": 253, "ADM1_NAME": "Pallisa", "ADM1_CODE": 1369, "ADM2_NAME": "Butebo", "ADM2_CODE": 28521, "GEOSET": "GAUL", "GEOSET_YEAR": 2011.0, "GEOSET_VERSION": "GAUL_v1", "GEOSET_UNIT": "ADM2", "CENTROID_LONG": 33.931745825776474, "CENTROID_LAT": 1.2028960735516829 }, "geometry": { "type": "MultiPolygon", "coordinates": [ [ [ [ 33.9172597, 1.2594005 ], [ 33.9791759, 1.2279241 ], [ 34.1195505, 1.1774677 ], [ 34.1362161, 1.1440724 ], [ 34.1241405, 1.0774832 ], [ 34.1110721, 1.1224021 ], [ 34.0452436, 1.1548406 ], [ 33.9314725, 1.1681884 ], [ 33.8786777, 1.1437774 ], [ 33.8519515, 1.163669 ], [ 33.8308792, 1.227218 ], [ 33.767231, 1.181828 ], [ 33.7357559, 1.233145 ], [ 33.8001671, 1.2494169 ], [ 33.832568, 1.2981963 ], [ 33.9172597, 1.2594005 ] ] ] ] } },
{ "type": "Feature", "properties": { "POLYGON_ID": "UGA_GAUL2011_ADM2_28522", "ADM0_ISO3": "UGA", "ADM0_NAME": "Uganda", "ADM0_CODE": 253, "ADM1_NAME": "Kibuku", "ADM1_CODE": 1235, "ADM2_NAME": "Kibuku", "ADM2_CODE": 28522, "GEOSET": "GAUL", "GEOSET_YEAR": 2011.0, "GEOSET_VERSION": "GAUL_v1", "GEOSET_UNIT": "ADM2", "CENTROID_LONG": 33.802908350544065, "CENTROID_LAT": 1.0560069940678249 }, "geometry": { "type": "MultiPolygon", "coordinates": [ [ [ [ 33.8519515, 1.163669 ], [ 33.8786777, 1.1437774 ], [ 33.9314725, 1.1681884 ], [ 33.923383, 1.1046056 ], [ 33.936477, 1.0533655 ], [ 33.8676662, 0.9775503 ], [ 33.8629739, 0.9455475 ], [ 33.7812522, 0.9590877 ], [ 33.7590298, 0.9485261 ], [ 33.7177877, 0.9805468 ], [ 33.6936635, 1.0435487 ], [ 33.6358053, 1.0917264 ], [ 33.6255312, 1.1069687 ], [ 33.6728631, 1.1270767 ], [ 33.7616902, 1.1159572 ], [ 33.7821616, 1.092618 ], [ 33.8519515, 1.163669 ] ] ] ] } },
{ "type": "Feature", "properties": { "POLYGON_ID": "UGA_GAUL2011_ADM2_28523", "ADM0_ISO3": "UGA", "ADM0_NAME": "Uganda", "ADM0_CODE": 253, "ADM1_NAME": "Pallisa", "ADM1_CODE": 1369, "ADM2_NAME": "Pallisa", "ADM2_CODE": 28523, "GEOSET": "GAUL", "GEOSET_YEAR": 2011.0, "GEOSET_VERSION": "GAUL_v1", "GEOSET_UNIT": "ADM2", "CENTROID_LONG": 33.656919372430977, "CENTROID_LAT": 1.2334815361657563 }, "geometry": { "type": "MultiPolygon", "coordinates": [ [ [ [ 33.7275908, 1.3471036 ], [ 33.7502065, 1.3194201 ], [ 33.8055592, 1.3228427 ], [ 33.832568, 1.2981963 ], [ 33.8001671, 1.2494169 ], [ 33.7357559, 1.233145 ], [ 33.767231, 1.181828 ], [ 33.8308792, 1.227218 ], [ 33.8519515, 1.163669 ], [ 33.7821616, 1.092618 ], [ 33.7616902, 1.1159572 ], [ 33.6728631, 1.1270767 ], [ 33.6255312, 1.1069687 ], [ 33.5907278, 1.1657433 ], [ 33.5192943, 1.2071209 ], [ 33.4395805, 1.2946571 ], [ 33.3946494, 1.3367266 ], [ 33.4276026, 1.3426382 ], [ 33.5077382, 1.3144542 ], [ 33.5563276, 1.3422171 ], [ 33.579183, 1.3131604 ], [ 33.6712225, 1.3174895 ], [ 33.7275908, 1.3471036 ] ] ] ] } },
{ "type": "Feature", "properties": { "POLYGON_ID": "UGA_GAUL2011_ADM2_28524", "ADM0_ISO3": "UGA", "ADM0_NAME": "Uganda", "ADM0_CODE": 253, "ADM1_NAME": "Lyantonde", "ADM1_CODE": 1372, "ADM2_NAME": "Kabula", "ADM2_CODE": 28524, "GEOSET": "GAUL", "GEOSET_YEAR": 2011.0, "GEOSET_VERSION": "GAUL_v1", "GEOSET_UNIT": "ADM2", "CENTROID_LONG": 31.188628452337792, "CENTROID_LAT": -0.21901297107344025 }, "geometry": { "type": "MultiPolygon", "coordinates": [ [ [ [ 31.2751744, -0.0488284 ], [ 31.3248537, -0.0961955 ], [ 31.332135, -0.1650092 ], [ 31.2873567, -0.2989873 ], [ 31.2367176, -0.3181216 ], [ 31.1785191, -0.3770843 ], [ 31.2185383, -0.4539088 ], [ 31.1539677, -0.4873557 ], [ 31.0812703, -0.3013161 ], [ 31.0678077, -0.2396976 ], [ 31.0979143, -0.1222588 ], [ 31.0907516, -0.0411662 ], [ 31.1263572, -0.0279043 ], [ 31.2056259, -0.0468981 ], [ 31.2651701, -0.0913144 ], [ 31.2751744, -0.0488284 ] ] ] ] } },
{ "type": "Feature", "properties": { "POLYGON_ID": "UGA_GAUL2011_ADM2_28525", "ADM0_ISO3": "UGA", "ADM0_NAME": "Uganda", "ADM0_CODE": 253, "ADM1_NAME": "Rakai", "ADM1_CODE": 1371, "ADM2_NAME": "Kakuuto", "ADM2_CODE": 28525, "GEOSET": "GAUL", "GEOSET_YEAR": 2011.0, "GEOSET_VERSION": "GAUL_v1", "GEOSET_UNIT": "ADM2", "CENTROID_LONG": 31.622163066114208, "CENTROID_LAT": -0.89103057636535354 }, "geometry": { "type": "MultiPolygon", "coordinates": [ [ [ [ 31.9909639, -0.8142078 ], [ 31.9997909, -0.8160257 ], [ 31.9999517, -0.9998873 ], [ 31.8435235, -0.9998867 ], [ 31.7898506, -0.9998865 ], [ 31.771243, -0.9998868 ], [ 31.6990037, -0.9998877 ], [ 31.6824878, -0.9998879 ], [ 31.622426, -0.9998887 ], [ 31.4765713, -0.9998906 ], [ 31.4713273, -0.9998906 ], [ 31.3101675, -0.9998927 ], [ 31.2715537, -0.9998932 ], [ 31.2699732, -0.9468284 ], [ 31.2285952, -0.9130387 ], [ 31.2959042, -0.896759 ], [ 31.3160076, -0.796084 ], [ 31.4295025, -0.780722 ], [ 31.4692364, -0.725512 ], [ 31.5180588, -0.699298 ], [ 31.4886112, -0.655801 ], [ 31.5189056, -0.652163 ], [ 31.5422115, -0.706947 ], [ 31.5738735, -0.724862 ], [ 31.5954666, -0.81361 ], [ 31.9909639, -0.8142078 ] ] ] ] } },
{ "type": "Feature", "properties": { "POLYGON_ID": "UGA_GAUL2011_ADM2_28526", "ADM0_ISO3": "UGA", "ADM0_NAME": "Uganda", "ADM0_CODE": 253, "ADM1_NAME": "Rakai", "ADM1_CODE": 1371, "ADM2_NAME": "Kooki", "ADM2_CODE": 28526, "GEOSET": "GAUL", "GEOSET_YEAR": 2011.0, "GEOSET_VERSION": "GAUL_v1", "GEOSET_UNIT": "ADM2", "CENTROID_LONG": 31.286481553207715, "CENTROID_LAT": -0.6633787933307338 }, "geometry": { "type": "MultiPolygon", "coordinates": [ [ [ [ 31.4394062, -0.5953525 ], [ 31.4747334, -0.611766 ], [ 31.4886112, -0.655801 ], [ 31.5180588, -0.699298 ], [ 31.4692364, -0.725512 ], [ 31.4295025, -0.780722 ], [ 31.3160076, -0.796084 ], [ 31.2959042, -0.896759 ], [ 31.2285952, -0.9130387 ], [ 31.1927432, -0.8180446 ], [ 31.1990596, -0.7549498 ], [ 31.1331402, -0.6864881 ], [ 31.0921053, -0.6687268 ], [ 31.1539677, -0.4873557 ], [ 31.2185383, -0.4539088 ], [ 31.31339, -0.4907696 ], [ 31.3600906, -0.5244267 ], [ 31.3882984, -0.5723746 ], [ 31.4394062, -0.5953525 ] ] ] ] } },
{ "type": "Feature", "properties": { "POLYGON_ID": "UGA_GAUL2011_ADM2_28527", "ADM0_ISO3": "UGA", "ADM0_NAME": "Uganda", "ADM0_CODE": 253, "ADM1_NAME": "Rakai", "ADM1_CODE": 1371, "ADM2_NAME": "Kyotera", "ADM2_CODE": 28527, "GEOSET": "GAUL", "GEOSET_YEAR": 2011.0, "GEOSET_VERSION": "GAUL_v1", "GEOSET_UNIT": "ADM2", "CENTROID_LONG": 31.633644152244145, "CENTROID_LAT": -0.64913401456601116 }, "geometry": { "type": "MultiPolygon", "coordinates": [ [ [ [ 31.9909639, -0.8142078 ], [ 31.5954666, -0.81361 ], [ 31.5738735, -0.724862 ], [ 31.5422115, -0.706947 ], [ 31.5189056, -0.652163 ], [ 31.4886112, -0.655801 ], [ 31.4747334, -0.611766 ], [ 31.4394062, -0.5953525 ], [ 31.4383094, -0.55819 ], [ 31.5688435, -0.4742086 ], [ 31.5961837, -0.4287656 ], [ 31.6706378, -0.4560944 ], [ 31.6575242, -0.4969696 ], [ 31.7063935, -0.5291631 ], [ 31.6752691, -0.6081883 ], [ 31.7505935, -0.7316604 ], [ 31.8914623, -0.7937153 ], [ 31.9909639, -0.8142078 ] ] ] ] } },
{ "type": "Feature", "properties": { "POLYGON_ID": "UGA_GAUL2011_ADM2_28531", "ADM0_ISO3": "UGA", "ADM0_NAME": "Uganda", "ADM0_CODE": 253, "ADM1_NAME": "Ssembabule", "ADM1_CODE": 3145, "ADM2_NAME": "Lwemiyaga", "ADM2_CODE": 28531, "GEOSET": "GAUL", "GEOSET_YEAR": 2011.0, "GEOSET_VERSION": "GAUL_v1", "GEOSET_UNIT": "ADM2", "CENTROID_LONG": 31.168446062855384, "CENTROID_LAT": 0.080420052603922862 }, "geometry": { "type": "MultiPolygon", "coordinates": [ [ [ [ 31.2718579, 0.1700923 ], [ 31.2888508, 0.150057 ], [ 31.3077412, 0.052194 ], [ 31.2751744, -0.0488284 ], [ 31.2651701, -0.0913144 ], [ 31.2056259, -0.0468981 ], [ 31.1263572, -0.0279043 ], [ 31.0907516, -0.0411662 ], [ 31.0230636, -0.0231856 ], [ 31.0562517, 0.0147242 ], [ 31.0539277, 0.0640014 ], [ 31.0465613, 0.1494012 ], [ 31.0127354, 0.2009935 ], [ 31.01856, 0.2002168 ], [ 31.0809042, 0.2068734 ], [ 31.1293628, 0.2357564 ], [ 31.2718579, 0.1700923 ] ] ] ] } },
{ "type": "Feature", "properties": { "POLYGON_ID": "UGA_GAUL2011_ADM2_28532", "ADM0_ISO3": "UGA", "ADM0_NAME": "Uganda", "ADM0_CODE": 253, "ADM1_NAME": "Ssembabule", "ADM1_CODE": 3145, "ADM2_NAME": "Mawogola", "ADM2_CODE": 28532, "GEOSET": "GAUL", "GEOSET_YEAR": 2011.0, "GEOSET_VERSION": "GAUL_v1", "GEOSET_UNIT": "ADM2", "CENTROID_LONG": 31.426469709697056, "CENTROID_LAT": -0.076470684375660361 }, "geometry": { "type": "MultiPolygon", "coordinates": [ [ [ [ 31.6002203, 0.0527443 ], [ 31.5418218, 0.0031393 ], [ 31.5341928, -0.0345335 ], [ 31.5523045, -0.1233177 ], [ 31.553927, -0.2055524 ], [ 31.5965414, -0.2929967 ], [ 31.5888834, -0.3228846 ], [ 31.5270375, -0.3325603 ], [ 31.5032329, -0.3154168 ], [ 31.4246116, -0.3138264 ], [ 31.3833373, -0.3432691 ], [ 31.2873567, -0.2989873 ], [ 31.332135, -0.1650092 ], [ 31.3248537, -0.0961955 ], [ 31.2751744, -0.0488284 ], [ 31.3077412, 0.052194 ], [ 31.2888508, 0.150057 ], [ 31.2718579, 0.1700923 ], [ 31.3015773, 0.2046378 ], [ 31.4057859, 0.2011702 ], [ 31.4189396, 0.1661505 ], [ 31.4867977, 0.1415264 ], [ 31.6002203, 0.0527443 ] ] ] ] } },
{ "type": "Feature", "properties": { "POLYGON_ID": "UGA_GAUL2011_ADM2_28410", "ADM0_ISO3": "UGA", "ADM0_NAME": "Uganda", "ADM0_CODE": 253, "ADM1_NAME": "Iganga", "ADM1_CODE": 758, "ADM2_NAME": "Bugweri", "ADM2_CODE": 28410, "GEOSET": "GAUL", "GEOSET_YEAR": 2011.0, "GEOSET_VERSION": "GAUL_v1", "GEOSET_UNIT": "ADM2", "CENTROID_LONG": 33.604162804666302, "CENTROID_LAT": 0.63356852931534002 }, "geometry": { "type": "MultiPolygon", "coordinates": [ [ [ [ 33.6393889, 0.7344687 ], [ 33.6837998, 0.6663381 ], [ 33.6638069, 0.5786493 ], [ 33.6174543, 0.5311717 ], [ 33.6129463, 0.4662135 ], [ 33.5426991, 0.4911547 ], [ 33.5360443, 0.5455906 ], [ 33.5766258, 0.701231 ], [ 33.5569916, 0.76385 ], [ 33.5633832, 0.8039836 ], [ 33.6295529, 0.7892675 ], [ 33.6393889, 0.7344687 ] ] ] ] } },
{ "type": "Feature", "properties": { "POLYGON_ID": "UGA_GAUL2011_ADM2_28412", "ADM0_ISO3": "UGA", "ADM0_NAME": "Uganda", "ADM0_CODE": 253, "ADM1_NAME": "Namutumba", "ADM1_CODE": 774, "ADM2_NAME": "Busiki", "ADM2_CODE": 28412, "GEOSET": "GAUL", "GEOSET_YEAR": 2011.0, "GEOSET_VERSION": "GAUL_v1", "GEOSET_UNIT": "ADM2", "CENTROID_LONG": 33.679908469931483, "CENTROID_LAT": 0.87239454979736408 }, "geometry": { "type": "MultiPolygon", "coordinates": [ [ [ [ 33.7590298, 0.9485261 ], [ 33.7912445, 0.9191263 ], [ 33.7861858, 0.8276403 ], [ 33.8006822, 0.7675426 ], [ 33.8522374, 0.6986147 ], [ 33.8011532, 0.6872301 ], [ 33.7583196, 0.7216181 ], [ 33.7235477, 0.703574 ], [ 33.6393889, 0.7344687 ], [ 33.6295529, 0.7892675 ], [ 33.5633832, 0.8039836 ], [ 33.5408164, 0.8903272 ], [ 33.5697205, 0.9818841 ], [ 33.6358053, 1.0917264 ], [ 33.6936635, 1.0435487 ], [ 33.7177877, 0.9805468 ], [ 33.7590298, 0.9485261 ] ] ] ] } },
{ "type": "Feature", "properties": { "POLYGON_ID": "UGA_GAUL2011_ADM2_28413", "ADM0_ISO3": "UGA", "ADM0_NAME": "Uganda", "ADM0_CODE": 253, "ADM1_NAME": "Iganga", "ADM1_CODE": 758, "ADM2_NAME": "Kigulu", "ADM2_CODE": 28413, "GEOSET": "GAUL", "GEOSET_YEAR": 2011.0, "GEOSET_VERSION": "GAUL_v1", "GEOSET_UNIT": "ADM2", "CENTROID_LONG": 33.479096313012207, "CENTROID_LAT": 0.7315559384899637 }, "geometry": { "type": "MultiPolygon", "coordinates": [ [ [ [ 33.5408164, 0.8903272 ], [ 33.5633832, 0.8039836 ], [ 33.5569916, 0.76385 ], [ 33.5766258, 0.701231 ], [ 33.5360443, 0.5455906 ], [ 33.4242041, 0.5643861 ], [ 33.4119507, 0.6195524 ], [ 33.4300327, 0.7269105 ], [ 33.4038286, 0.746616 ], [ 33.3614121, 0.865848 ], [ 33.3960463, 0.9108201 ], [ 33.4336232, 0.8824887 ], [ 33.4978447, 0.8709458 ], [ 33.5408164, 0.8903272 ] ] ] ] } },
{ "type": "Feature", "properties": { "POLYGON_ID": "UGA_GAUL2011_ADM2_28414", "ADM0_ISO3": "UGA", "ADM0_NAME": "Uganda", "ADM0_CODE": 253, "ADM1_NAME": "Luuka", "ADM1_CODE": 768, "ADM2_NAME": "Luuka", "ADM2_CODE": 28414, "GEOSET": "GAUL", "GEOSET_YEAR": 2011.0, "GEOSET_VERSION": "GAUL_v1", "GEOSET_UNIT": "ADM2", "CENTROID_LONG": 33.337216975592462, "CENTROID_LAT": 0.80735992449903282 }, "geometry": { "type": "MultiPolygon", "coordinates": [ [ [ [ 33.3960463, 0.9108201 ], [ 33.3614121, 0.865848 ], [ 33.4038286, 0.746616 ], [ 33.4300327, 0.7269105 ], [ 33.4119507, 0.6195524 ], [ 33.4242041, 0.5643861 ], [ 33.374872, 0.6061249 ], [ 33.3128172, 0.6609276 ], [ 33.2969832, 0.6465991 ], [ 33.2224749, 0.6867073 ], [ 33.2193739, 0.7324032 ], [ 33.2506791, 0.7753241 ], [ 33.2895252, 0.8460432 ], [ 33.306148, 0.9870599 ], [ 33.3061887, 1.0572908 ], [ 33.3342871, 1.0801259 ], [ 33.395237, 1.0068386 ], [ 33.4165795, 1.0018771 ], [ 33.3960463, 0.9108201 ] ] ] ] } },
{ "type": "Feature", "properties": { "POLYGON_ID": "UGA_GAUL2011_ADM2_28422", "ADM0_ISO3": "UGA", "ADM0_NAME": "Uganda", "ADM0_CODE": 253, "ADM1_NAME": "Kabarole", "ADM1_CODE": 42180, "ADM2_NAME": "Bunyangabu", "ADM2_CODE": 28422, "GEOSET": "GAUL", "GEOSET_YEAR": 2011.0, "GEOSET_VERSION": "GAUL_v1", "GEOSET_UNIT": "ADM2", "CENTROID_LONG": 30.208963279054835, "CENTROID_LAT": 0.46094342143205563 }, "geometry": { "type": "MultiPolygon", "coordinates": [ [ [ [ 30.3744945, 0.4464027 ], [ 30.3577367, 0.4224123 ], [ 30.3919873, 0.3741497 ], [ 30.3486535, 0.278917 ], [ 30.2936103, 0.2693896 ], [ 30.2807634, 0.3422823 ], [ 30.2469778, 0.3414027 ], [ 30.17852, 0.391951 ], [ 30.1750924, 0.4280837 ], [ 30.1274355, 0.4846216 ], [ 30.0675545, 0.4759913 ], [ 30.0283309, 0.4408313 ], [ 29.9810416, 0.4283526 ], [ 29.9979247, 0.4748361 ], [ 30.0708158, 0.5339149 ], [ 30.0950505, 0.61167 ], [ 30.1189834, 0.6264812 ], [ 30.1960564, 0.590403 ], [ 30.2535381, 0.599477 ], [ 30.2724342, 0.481401 ], [ 30.2541084, 0.41373 ], [ 30.3319054, 0.420951 ], [ 30.3744945, 0.4464027 ] ] ] ] } },
{ "type": "Feature", "properties": { "POLYGON_ID": "UGA_GAUL2011_ADM2_28423", "ADM0_ISO3": "UGA", "ADM0_NAME": "Uganda", "ADM0_CODE": 253, "ADM1_NAME": "Kabarole", "ADM1_CODE": 42180, "ADM2_NAME": "Burahya", "ADM2_CODE": 28423, "GEOSET": "GAUL", "GEOSET_YEAR": 2011.0, "GEOSET_VERSION": "GAUL_v1", "GEOSET_UNIT": "ADM2", "CENTROID_LONG": 30.335361358469431, "CENTROID_LAT": 0.67922092259544264 }, "geometry": { "type": "MultiPolygon", "coordinates": [ [ [ [ 30.5603031, 0.9387342 ], [ 30.5298317, 0.9297765 ], [ 30.4844257, 0.8676206 ], [ 30.491921, 0.839943 ], [ 30.4563011, 0.7795782 ], [ 30.3966304, 0.6421034 ], [ 30.4634758, 0.5751354 ], [ 30.3737748, 0.5007509 ], [ 30.3744945, 0.4464027 ], [ 30.3319054, 0.420951 ], [ 30.2541084, 0.41373 ], [ 30.2724342, 0.481401 ], [ 30.2535381, 0.599477 ], [ 30.1960564, 0.590403 ], [ 30.1189834, 0.6264812 ], [ 30.1658429, 0.7365026 ], [ 30.2148412, 0.7568449 ], [ 30.2582666, 0.750385 ], [ 30.3011221, 0.7818264 ], [ 30.3622667, 0.8799727 ], [ 30.4801802, 0.9227488 ], [ 30.5428285, 0.9787037 ], [ 30.5603031, 0.9387342 ] ], [ [ 30.2725258, 0.700121 ], [ 30.2523994, 0.689182 ], [ 30.2626362, 0.616502 ], [ 30.3238068, 0.644555 ], [ 30.2725258, 0.700121 ] ] ] ] } },
{ "type": "Feature", "properties": { "POLYGON_ID": "UGA_GAUL2011_ADM2_28424", "ADM0_ISO3": "UGA", "ADM0_NAME": "Uganda", "ADM0_CODE": 253, "ADM1_NAME": "Kabarole", "ADM1_CODE": 42180, "ADM2_NAME": "Fort Portal Municipality", "ADM2_CODE": 28424, "GEOSET": "GAUL", "GEOSET_YEAR": 2011.0, "GEOSET_VERSION": "GAUL_v1", "GEOSET_UNIT": "ADM2", "CENTROID_LONG": 30.280477448988169, "CENTROID_LAT": 0.65737921283048584 }, "geometry": { "type": "MultiPolygon", "coordinates": [ [ [ [ 30.2725258, 0.700121 ], [ 30.3238068, 0.644555 ], [ 30.2626362, 0.616502 ], [ 30.2523994, 0.689182 ], [ 30.2725258, 0.700121 ] ] ] ] } },
{ "type": "Feature", "properties": { "POLYGON_ID": "UGA_GAUL2011_ADM2_28533", "ADM0_ISO3": "UGA", "ADM0_NAME": "Uganda", "ADM0_CODE": 253, "ADM1_NAME": "Kaberamaido", "ADM1_CODE": 42181, "ADM2_NAME": "Kaberamaido", "ADM2_CODE": 28533, "GEOSET": "GAUL", "GEOSET_YEAR": 2011.0, "GEOSET_VERSION": "GAUL_v1", "GEOSET_UNIT": "ADM2", "CENTROID_LONG": 33.127361418114262, "CENTROID_LAT": 1.6928836321001572 }, "geometry": { "type": "MultiPolygon", "coordinates": [ [ [ [ 33.2201911, 1.9125327 ], [ 33.2392006, 1.867919 ], [ 33.3015518, 1.8142641 ], [ 33.2942505, 1.750003 ], [ 33.2398758, 1.68881 ], [ 33.204172, 1.6085424 ], [ 33.0616176, 1.5383904 ], [ 33.0147163, 1.4637296 ], [ 32.9729428, 1.4800505 ], [ 32.9620389, 1.6258053 ], [ 32.9956992, 1.6743517 ], [ 32.9992008, 1.715159 ], [ 33.0480575, 1.7116519 ], [ 33.0830795, 1.7347583 ], [ 33.1171904, 1.86082 ], [ 33.1410325, 1.8599125 ], [ 33.2201911, 1.9125327 ] ] ] ] } },
{ "type": "Feature", "properties": { "POLYGON_ID": "UGA_GAUL2011_ADM2_28534", "ADM0_ISO3": "UGA", "ADM0_NAME": "Uganda", "ADM0_CODE": 253, "ADM1_NAME": "Kaberamaido", "ADM1_CODE": 42181, "ADM2_NAME": "Kalaki", "ADM2_CODE": 28534, "GEOSET": "GAUL", "GEOSET_YEAR": 2011.0, "GEOSET_VERSION": "GAUL_v1", "GEOSET_UNIT": "ADM2", "CENTROID_LONG": 33.335758916847297, "CENTROID_LAT": 1.8388151645890902 }, "geometry": { "type": "MultiPolygon", "coordinates": [ [ [ [ 33.3637153, 2.0299243 ], [ 33.4063908, 1.9830143 ], [ 33.4388786, 1.8990756 ], [ 33.4516702, 1.8613225 ], [ 33.4281926, 1.8221832 ], [ 33.4095875, 1.7079595 ], [ 33.3895326, 1.6755343 ], [ 33.204172, 1.6085424 ], [ 33.2398758, 1.68881 ], [ 33.2942505, 1.750003 ], [ 33.3015518, 1.8142641 ], [ 33.2392006, 1.867919 ], [ 33.2201911, 1.9125327 ], [ 33.2707669, 1.9607379 ], [ 33.2895914, 2.0417527 ], [ 33.3137704, 2.0563584 ], [ 33.3637153, 2.0299243 ] ] ] ] } },
{ "type": "Feature", "properties": { "POLYGON_ID": "UGA_GAUL2011_ADM2_42202", "ADM0_ISO3": "UGA", "ADM0_NAME": "Uganda", "ADM0_CODE": 253, "ADM1_NAME": "Kampala", "ADM1_CODE": 42182, "ADM2_NAME": "Central Kampala", "ADM2_CODE": 42202, "GEOSET": "GAUL", "GEOSET_YEAR": 2011.0, "GEOSET_VERSION": "GAUL_v1", "GEOSET_UNIT": "ADM2", "CENTROID_LONG": 32.584700010998176, "CENTROID_LAT": 0.32417568408976194 }, "geometry": { "type": "MultiPolygon", "coordinates": [ [ [ [ 32.6100998, 0.314626 ], [ 32.571743, 0.304402 ], [ 32.5627632, 0.329923 ], [ 32.5642853, 0.33048 ], [ 32.5717087, 0.332139 ], [ 32.5853577, 0.350947 ], [ 32.6100998, 0.314626 ] ] ] ] } },
{ "type": "Feature", "properties": { "POLYGON_ID": "UGA_GAUL2011_ADM2_42213", "ADM0_ISO3": "UGA", "ADM0_NAME": "Uganda", "ADM0_CODE": 253, "ADM1_NAME": "Kampala", "ADM1_CODE": 42182, "ADM2_NAME": "Kawempe", "ADM2_CODE": 42213, "GEOSET": "GAUL", "GEOSET_YEAR": 2011.0, "GEOSET_VERSION": "GAUL_v1", "GEOSET_UNIT": "ADM2", "CENTROID_LONG": 32.57409631682745, "CENTROID_LAT": 0.36302689695679685 }, "geometry": { "type": "MultiPolygon", "coordinates": [ [ [ [ 32.5853577, 0.350947 ], [ 32.5717087, 0.332139 ], [ 32.5711937, 0.34088 ], [ 32.5625877, 0.341382 ], [ 32.5642853, 0.33048 ], [ 32.5627632, 0.329923 ], [ 32.5529791, 0.3515173 ], [ 32.5904232, 0.4069551 ], [ 32.5853577, 0.350947 ] ] ] ] } },
{ "type": "Feature", "properties": { "POLYGON_ID": "UGA_GAUL2011_ADM2_42214", "ADM0_ISO3": "UGA", "ADM0_NAME": "Uganda", "ADM0_CODE": 253, "ADM1_NAME": "Kampala", "ADM1_CODE": 42182, "ADM2_NAME": "Makerere University", "ADM2_CODE": 42214, "GEOSET": "GAUL", "GEOSET_YEAR": 2011.0, "GEOSET_VERSION": "GAUL_v1", "GEOSET_UNIT": "ADM2", "CENTROID_LONG": 32.567281606580707, "CENTROID_LAT": 0.33630444838737206 }, "geometry": { "type": "MultiPolygon", "coordinates": [ [ [ [ 32.5717087, 0.332139 ], [ 32.5642853, 0.33048 ], [ 32.5625877, 0.341382 ], [ 32.5711937, 0.34088 ], [ 32.5717087, 0.332139 ] ] ] ] } },
{ "type": "Feature", "properties": { "POLYGON_ID": "UGA_GAUL2011_ADM2_42215", "ADM0_ISO3": "UGA", "ADM0_NAME": "Uganda", "ADM0_CODE": 253, "ADM1_NAME": "Kampala", "ADM1_CODE": 42182, "ADM2_NAME": "Nakawa", "ADM2_CODE": 42215, "GEOSET": "GAUL", "GEOSET_YEAR": 2011.0, "GEOSET_VERSION": "GAUL_v1", "GEOSET_UNIT": "ADM2", "CENTROID_LONG": 32.623120602593282, "CENTROID_LAT": 0.33903824907426178 }, "geometry": { "type": "MultiPolygon", "coordinates": [ [ [ [ 32.6680282, 0.2773527 ], [ 32.6590011, 0.2671039 ], [ 32.6100998, 0.314626 ], [ 32.5853577, 0.350947 ], [ 32.5904232, 0.4069551 ], [ 32.6331062, 0.3773278 ], [ 32.6680282, 0.2773527 ] ] ] ] } },
{ "type": "Feature", "properties": { "POLYGON_ID": "UGA_GAUL2011_ADM2_42216", "ADM0_ISO3": "UGA", "ADM0_NAME": "Uganda", "ADM0_CODE": 253, "ADM1_NAME": "Kampala", "ADM1_CODE": 42182, "ADM2_NAME": "Rubaga", "ADM2_CODE": 42216, "GEOSET": "GAUL", "GEOSET_YEAR": 2011.0, "GEOSET_VERSION": "GAUL_v1", "GEOSET_UNIT": "ADM2", "CENTROID_LONG": 32.548567203222483, "CENTROID_LAT": 0.3153027874793905 }, "geometry": { "type": "MultiPolygon", "coordinates": [ [ [ [ 32.5529791, 0.3515173 ], [ 32.5627632, 0.329923 ], [ 32.571743, 0.304402 ], [ 32.575965, 0.2807525 ], [ 32.5205738, 0.3016771 ], [ 32.5343644, 0.3465043 ], [ 32.5529791, 0.3515173 ] ] ] ] } },
{ "type": "Feature", "properties": { "POLYGON_ID": "UGA_GAUL2011_ADM2_28425", "ADM0_ISO3": "UGA", "ADM0_NAME": "Uganda", "ADM0_CODE": 253, "ADM1_NAME": "Kamwenge", "ADM1_CODE": 42183, "ADM2_NAME": "Kibale", "ADM2_CODE": 28425, "GEOSET": "GAUL", "GEOSET_YEAR": 2011.0, "GEOSET_VERSION": "GAUL_v1", "GEOSET_UNIT": "ADM2", "CENTROID_LONG": 30.548872638914833, "CENTROID_LAT": 0.31504954372061894 }, "geometry": { "type": "MultiPolygon", "coordinates": [ [ [ [ 30.8548624, 0.3872486 ], [ 30.8497584, 0.3403215 ], [ 30.7721463, 0.228298 ], [ 30.7707841, 0.207434 ], [ 30.6643521, 0.2109329 ], [ 30.6027149, 0.166353 ], [ 30.4710269, 0.1072738 ], [ 30.4556847, 0.154437 ], [ 30.3773708, 0.169667 ], [ 30.2646, 0.1233119 ], [ 30.265894, 0.1864631 ], [ 30.2936103, 0.2693896 ], [ 30.3486535, 0.278917 ], [ 30.3919873, 0.3741497 ], [ 30.3577367, 0.4224123 ], [ 30.3744945, 0.4464027 ], [ 30.3737748, 0.5007509 ], [ 30.4634758, 0.5751354 ], [ 30.5065374, 0.5445488 ], [ 30.4963345, 0.5032537 ], [ 30.5465892, 0.4533877 ], [ 30.5275682, 0.4124354 ], [ 30.5646454, 0.3712533 ], [ 30.6351128, 0.3801768 ], [ 30.6951851, 0.4676817 ], [ 30.7545075, 0.4743827 ], [ 30.8548624, 0.3872486 ] ] ] ] } },
{ "type": "Feature", "properties": { "POLYGON_ID": "UGA_GAUL2011_ADM2_28426", "ADM0_ISO3": "UGA", "ADM0_NAME": "Uganda", "ADM0_CODE": 253, "ADM1_NAME": "Kamwenge", "ADM1_CODE": 42183, "ADM2_NAME": "Kitagwenda", "ADM2_CODE": 28426, "GEOSET": "GAUL", "GEOSET_YEAR": 2011.0, "GEOSET_VERSION": "GAUL_v1", "GEOSET_UNIT": "ADM2", "CENTROID_LONG": 30.343249854467921, "CENTROID_LAT": 0.0067277079653164738 }, "geometry": { "type": "MultiPolygon", "coordinates": [ [ [ [ 30.4710269, 0.1072738 ], [ 30.4515323, 0.064646 ], [ 30.3840842, 0.0001374 ], [ 30.4093721, -0.0465164 ], [ 30.4279528, -0.179075 ], [ 30.3990193, -0.1760011 ], [ 30.2736128, -0.1102169 ], [ 30.2454041, -0.121387 ], [ 30.2153159, -0.0756593 ], [ 30.2560091, 0.0462728 ], [ 30.2646, 0.1233119 ], [ 30.3773708, 0.169667 ], [ 30.4556847, 0.154437 ], [ 30.4710269, 0.1072738 ] ] ] ] } },
{ "type": "Feature", "properties": { "POLYGON_ID": "UGA_GAUL2011_ADM2_28528", "ADM0_ISO3": "UGA", "ADM0_NAME": "Uganda", "ADM0_CODE": 253, "ADM1_NAME": "Kanungu", "ADM1_CODE": 42184, "ADM2_NAME": "Kinkiizi", "ADM2_CODE": 28528, "GEOSET": "GAUL", "GEOSET_YEAR": 2011.0, "GEOSET_VERSION": "GAUL_v1", "GEOSET_UNIT": "ADM2", "CENTROID_LONG": 29.72755577811472, "CENTROID_LAT": -0.81188293815766555 }, "geometry": { "type": "MultiPolygon", "coordinates": [ [ [ [ 29.8801659, -0.8840404 ], [ 29.8540272, -0.9109475 ], [ 29.8562646, -0.9682414 ], [ 29.9005088, -1.0396627 ], [ 29.8685852, -1.0673486 ], [ 29.7658157, -0.9857307 ], [ 29.7514166, -1.0760509 ], [ 29.6575722, -1.0522437 ], [ 29.5872856, -1.0078407 ], [ 29.5927644, -0.9836014 ], [ 29.5972437, -0.9750906 ], [ 29.5977106, -0.9742035 ], [ 29.587842, -0.9082958 ], [ 29.6180436, -0.9082958 ], [ 29.6172771, -0.9051183 ], [ 29.6201553, -0.8974812 ], [ 29.6282034, -0.8811965 ], [ 29.6285531, -0.8762057 ], [ 29.6287778, -0.8729995 ], [ 29.6289246, -0.8709037 ], [ 29.6261537, -0.8570492 ], [ 29.6321573, -0.8504684 ], [ 29.638788, -0.8329383 ], [ 29.6392372, -0.8317509 ], [ 29.6409318, -0.8222977 ], [ 29.6395464, -0.820335 ], [ 29.6391751, -0.8199066 ], [ 29.6387692, -0.8194382 ], [ 29.6320949, -0.8042521 ], [ 29.6321573, -0.8001306 ], [ 29.6315108, -0.7992637 ], [ 29.6273569, -0.7902432 ], [ 29.6287533, -0.78503 ], [ 29.6312337, -0.7757698 ], [ 29.6313491, -0.7638781 ], [ 29.6295019, -0.75799 ], [ 29.6300931, -0.7510453 ], [ 29.6321573, -0.7504855 ], [ 29.6325637, -0.7473422 ], [ 29.6303101, -0.7361692 ], [ 29.6314646, -0.7332829 ], [ 29.6308873, -0.7302811 ], [ 29.6295019, -0.7278565 ], [ 29.6289992, -0.7278007 ], [ 29.6262544, -0.7205746 ], [ 29.6278855, -0.7159648 ], [ 29.6290436, -0.7048811 ], [ 29.6313491, -0.7022258 ], [ 29.6633298, -0.6255645 ], [ 29.6513366, -0.5998836 ], [ 29.6499941, -0.5983104 ], [ 29.6499552, -0.5982094 ], [ 29.650106, -0.597631 ], [ 29.6501689, -0.5973902 ], [ 29.666331, -0.5412326 ], [ 29.6687691, -0.5419945 ], [ 29.6838274, -0.4751672 ], [ 29.6813184, -0.4691109 ], [ 29.6854713, -0.4610647 ], [ 29.6859039, -0.4486061 ], [ 29.6881601, -0.4272822 ], [ 29.6956581, -0.3564173 ], [ 29.7495634, -0.4164277 ], [ 29.7508414, -0.4812236 ], [ 29.7206676, -0.5104245 ], [ 29.7366257, -0.6056554 ], [ 29.8035465, -0.6853391 ], [ 29.8206491, -0.7882821 ], [ 29.8801659, -0.8840404 ] ] ] ] } },
{ "type": "Feature", "properties": { "POLYGON_ID": "UGA_GAUL2011_ADM2_28508", "ADM0_ISO3": "UGA", "ADM0_NAME": "Uganda", "ADM0_CODE": 253, "ADM1_NAME": "Kayunga", "ADM1_CODE": 42185, "ADM2_NAME": "Bbaale", "ADM2_CODE": 28508, "GEOSET": "GAUL", "GEOSET_YEAR": 2011.0, "GEOSET_VERSION": "GAUL_v1", "GEOSET_UNIT": "ADM2", "CENTROID_LONG": 32.853606975463883, "CENTROID_LAT": 1.1023547778308482 }, "geometry": { "type": "MultiPolygon", "coordinates": [ [ [ [ 32.9324607, 1.2251406 ], [ 32.9639332, 1.1940889 ], [ 32.9568363, 1.1156465 ], [ 32.9354481, 1.0931857 ], [ 32.9312526, 1.013485 ], [ 32.9453683, 0.947889 ], [ 32.9763293, 0.9053361 ], [ 32.9855843, 0.830295 ], [ 32.9196281, 0.780436 ], [ 32.8233953, 0.8115501 ], [ 32.7939165, 0.8584856 ], [ 32.77625, 1.0004369 ], [ 32.7872781, 1.0779641 ], [ 32.7992696, 1.1469296 ], [ 32.7909616, 1.2594516 ], [ 32.7534514, 1.358666 ], [ 32.696236, 1.3867444 ], [ 32.6956409, 1.4535318 ], [ 32.8191947, 1.4778083 ], [ 32.8420524, 1.3227488 ], [ 32.8996738, 1.2808007 ], [ 32.9324607, 1.2251406 ] ] ] ] } },
{ "type": "Feature", "properties": { "POLYGON_ID": "UGA_GAUL2011_ADM2_28513", "ADM0_ISO3": "UGA", "ADM0_NAME": "Uganda", "ADM0_CODE": 253, "ADM1_NAME": "Kayunga", "ADM1_CODE": 42185, "ADM2_NAME": "Ntenjeru", "ADM2_CODE": 28513, "GEOSET": "GAUL", "GEOSET_YEAR": 2011.0, "GEOSET_VERSION": "GAUL_v1", "GEOSET_UNIT": "ADM2", "CENTROID_LONG": 32.97407787245902, "CENTROID_LAT": 0.69859606979383848 }, "geometry": { "type": "MultiPolygon", "coordinates": [ [ [ [ 33.0021476, 0.8746689 ], [ 33.0272607, 0.8327403 ], [ 33.0505602, 0.7420123 ], [ 33.0469755, 0.6625467 ], [ 33.0495036, 0.6010665 ], [ 33.0839899, 0.5489495 ], [ 33.035675, 0.5104713 ], [ 32.9829268, 0.5577651 ], [ 32.9188345, 0.6531182 ], [ 32.8760633, 0.6745724 ], [ 32.8556057, 0.7488774 ], [ 32.8233953, 0.8115501 ], [ 32.9196281, 0.780436 ], [ 32.9855843, 0.830295 ], [ 32.9763293, 0.9053361 ], [ 33.0021476, 0.8746689 ] ] ] ] } },
{ "type": "Feature", "properties": { "POLYGON_ID": "UGA_GAUL2011_ADM2_28451", "ADM0_ISO3": "UGA", "ADM0_NAME": "Uganda", "ADM0_CODE": 253, "ADM1_NAME": "Kitgum", "ADM1_CODE": 763, "ADM2_NAME": "Chua", "ADM2_CODE": 28451, "GEOSET": "GAUL", "GEOSET_YEAR": 2011.0, "GEOSET_VERSION": "GAUL_v1", "GEOSET_UNIT": "ADM2", "CENTROID_LONG": 33.267318357062805, "CENTROID_LAT": 3.4033691781627375 }, "geometry": { "type": "MultiPolygon", "coordinates": [ [ [ [ 33.5148942, 3.7545522 ], [ 33.6018505, 3.5975309 ], [ 33.6383607, 3.5653603 ], [ 33.6370246, 3.4917779 ], [ 33.6985171, 3.4475881 ], [ 33.7396966, 3.3644864 ], [ 33.6865305, 3.2446031 ], [ 33.6464474, 3.247204 ], [ 33.5949026, 3.281261 ], [ 33.5497695, 3.2844783 ], [ 33.4021059, 3.3061804 ], [ 33.302481, 3.2375146 ], [ 33.3107349, 3.2078518 ], [ 33.2450254, 3.1751201 ], [ 33.1419408, 3.1848108 ], [ 33.1305785, 3.070276 ], [ 33.0419992, 3.0959389 ], [ 32.9835672, 3.2033368 ], [ 32.9255043, 3.2126578 ], [ 32.830215, 3.1644275 ], [ 32.7500074, 3.2035777 ], [ 32.7618844, 3.3028404 ], [ 32.7294811, 3.3815573 ], [ 32.8255079, 3.3746967 ], [ 32.8754263, 3.3887194 ], [ 32.9034891, 3.4212408 ], [ 33.0139112, 3.5007658 ], [ 33.1570495, 3.5403721 ], [ 33.2361414, 3.5482186 ], [ 33.1956778, 3.4777897 ], [ 33.2235213, 3.419515 ], [ 33.27152, 3.4471632 ], [ 33.2671045, 3.5328944 ], [ 33.306915, 3.580699 ], [ 33.2932438, 3.6270628 ], [ 33.3280375, 3.7625835 ], [ 33.5148942, 3.7545522 ] ] ] ] } },
{ "type": "Feature", "properties": { "POLYGON_ID": "UGA_GAUL2011_ADM2_28452", "ADM0_ISO3": "UGA", "ADM0_NAME": "Uganda", "ADM0_CODE": 253, "ADM1_NAME": "Lamwo", "ADM1_CODE": 767, "ADM2_NAME": "Lamwo", "ADM2_CODE": 28452, "GEOSET": "GAUL", "GEOSET_YEAR": 2011.0, "GEOSET_VERSION": "GAUL_v1", "GEOSET_UNIT": "ADM2", "CENTROID_LONG": 32.719154031628385, "CENTROID_LAT": 3.5455633582426729 }, "geometry": { "type": "MultiPolygon", "coordinates": [ [ [ [ 33.3280375, 3.7625835 ], [ 33.2932438, 3.6270628 ], [ 33.306915, 3.580699 ], [ 33.2671045, 3.5328944 ], [ 33.27152, 3.4471632 ], [ 33.2235213, 3.419515 ], [ 33.1956778, 3.4777897 ], [ 33.2361414, 3.5482186 ], [ 33.1570495, 3.5403721 ], [ 33.0139112, 3.5007658 ], [ 32.9034891, 3.4212408 ], [ 32.8754263, 3.3887194 ], [ 32.8255079, 3.3746967 ], [ 32.7294811, 3.3815573 ], [ 32.7618844, 3.3028404 ], [ 32.7500074, 3.2035777 ], [ 32.6510238, 3.1646006 ], [ 32.5961456, 3.1553853 ], [ 32.5096897, 3.1643452 ], [ 32.4570706, 3.2338355 ], [ 32.39565, 3.2626584 ], [ 32.3594032, 3.3039425 ], [ 32.3142211, 3.3247284 ], [ 32.2778148, 3.3737066 ], [ 32.2667646, 3.4236407 ], [ 32.2307148, 3.4377044 ], [ 32.1986398, 3.5059907 ], [ 32.216456, 3.5749961 ], [ 32.1728823, 3.6103314 ], [ 32.4072715, 3.747738 ], [ 32.6862995, 3.7632954 ], [ 32.7201049, 3.7651799 ], [ 32.9019072, 3.8155132 ], [ 33.0261566, 3.8741378 ], [ 33.17654, 3.77403 ], [ 33.3280375, 3.7625835 ] ] ] ] } },
{ "type": "Feature", "properties": { "POLYGON_ID": "UGA_GAUL2011_ADM2_28427", "ADM0_ISO3": "UGA", "ADM0_NAME": "Uganda", "ADM0_CODE": 253, "ADM1_NAME": "Kyegegwa", "ADM1_CODE": 1361, "ADM2_NAME": "Kyaka", "ADM2_CODE": 28427, "GEOSET": "GAUL", "GEOSET_YEAR": 2011.0, "GEOSET_VERSION": "GAUL_v1", "GEOSET_UNIT": "ADM2", "CENTROID_LONG": 31.001366737197138, "CENTROID_LAT": 0.45331392558197992 }, "geometry": { "type": "MultiPolygon", "coordinates": [ [ [ [ 31.2144903, 0.6349364 ], [ 31.2547321, 0.6065304 ], [ 31.237688, 0.5228596 ], [ 31.1525001, 0.5058897 ], [ 31.1131843, 0.4164487 ], [ 31.1425838, 0.3561875 ], [ 31.1081298, 0.2994337 ], [ 31.0223091, 0.2305383 ], [ 31.01856, 0.2002168 ], [ 31.0127354, 0.2009935 ], [ 30.7707841, 0.207434 ], [ 30.7721463, 0.228298 ], [ 30.8497584, 0.3403215 ], [ 30.8548624, 0.3872486 ], [ 30.8505845, 0.4204955 ], [ 30.8786339, 0.5316205 ], [ 30.8384184, 0.5976293 ], [ 30.9157537, 0.641717 ], [ 30.9251069, 0.6784689 ], [ 30.9060642, 0.7714067 ], [ 30.9284466, 0.7241801 ], [ 31.045517, 0.6601166 ], [ 31.1047594, 0.6510235 ], [ 31.1514107, 0.6636446 ], [ 31.2144903, 0.6349364 ] ] ] ] } },
{ "type": "Feature", "properties": { "POLYGON_ID": "UGA_GAUL2011_ADM2_28428", "ADM0_ISO3": "UGA", "ADM0_NAME": "Uganda", "ADM0_CODE": 253, "ADM1_NAME": "Kyenjojo", "ADM1_CODE": 1362, "ADM2_NAME": "Mwenge", "ADM2_CODE": 28428, "GEOSET": "GAUL", "GEOSET_YEAR": 2011.0, "GEOSET_VERSION": "GAUL_v1", "GEOSET_UNIT": "ADM2", "CENTROID_LONG": 30.663404973021841, "CENTROID_LAT": 0.66033831521706876 }, "geometry": { "type": "MultiPolygon", "coordinates": [ [ [ [ 30.5603031, 0.9387342 ], [ 30.6235334, 0.8986247 ], [ 30.7142987, 0.8847356 ], [ 30.7871695, 0.8382462 ], [ 30.829322, 0.8432065 ], [ 30.9060642, 0.7714067 ], [ 30.9251069, 0.6784689 ], [ 30.9157537, 0.641717 ], [ 30.8384184, 0.5976293 ], [ 30.8786339, 0.5316205 ], [ 30.8505845, 0.4204955 ], [ 30.8548624, 0.3872486 ], [ 30.7545075, 0.4743827 ], [ 30.6951851, 0.4676817 ], [ 30.6351128, 0.3801768 ], [ 30.5646454, 0.3712533 ], [ 30.5275682, 0.4124354 ], [ 30.5465892, 0.4533877 ], [ 30.4963345, 0.5032537 ], [ 30.5065374, 0.5445488 ], [ 30.4634758, 0.5751354 ], [ 30.3966304, 0.6421034 ], [ 30.4563011, 0.7795782 ], [ 30.491921, 0.839943 ], [ 30.4844257, 0.8676206 ], [ 30.5298317, 0.9297765 ], [ 30.5603031, 0.9387342 ] ] ] ] } },
{ "type": "Feature", "properties": { "POLYGON_ID": "UGA_GAUL2011_ADM2_28472", "ADM0_ISO3": "UGA", "ADM0_NAME": "Uganda", "ADM0_CODE": 253, "ADM1_NAME": "Masindi", "ADM1_CODE": 771, "ADM2_NAME": "Bujenje", "ADM2_CODE": 28472, "GEOSET": "GAUL", "GEOSET_YEAR": 2011.0, "GEOSET_VERSION": "GAUL_v1", "GEOSET_UNIT": "ADM2", "CENTROID_LONG": 31.5796214191781, "CENTROID_LAT": 1.5623623371044044 }, "geometry": { "type": "MultiPolygon", "coordinates": [ [ [ [ 31.6630711, 1.3460846 ], [ 31.5822955, 1.3599467 ], [ 31.5731606, 1.4080728 ], [ 31.5253908, 1.4967853 ], [ 31.4864917, 1.5205678 ], [ 31.4884904, 1.588083 ], [ 31.4362235, 1.6186503 ], [ 31.3735455, 1.6075101 ], [ 31.3889784, 1.6991311 ], [ 31.4046469, 1.6774356 ], [ 31.505469, 1.7151195 ], [ 31.5872686, 1.7602165 ], [ 31.6226082, 1.661515 ], [ 31.6886597, 1.636821 ], [ 31.7232456, 1.5937819 ], [ 31.690527, 1.5345629 ], [ 31.7165279, 1.501616 ], [ 31.6880512, 1.387969 ], [ 31.6630711, 1.3460846 ] ] ] ] } },
{ "type": "Feature", "properties": { "POLYGON_ID": "UGA_GAUL2011_ADM2_28473", "ADM0_ISO3": "UGA", "ADM0_NAME": "Uganda", "ADM0_CODE": 253, "ADM1_NAME": "Buliisa", "ADM1_CODE": 753, "ADM2_NAME": "Buliisa", "ADM2_CODE": 28473, "GEOSET": "GAUL", "GEOSET_YEAR": 2011.0, "GEOSET_VERSION": "GAUL_v1", "GEOSET_UNIT": "ADM2", "CENTROID_LONG": 31.403343389287031, "CENTROID_LAT": 1.9629908901009021 }, "geometry": { "type": "MultiPolygon", "coordinates": [ [ [ [ 31.5872686, 1.7602165 ], [ 31.505469, 1.7151195 ], [ 31.4046469, 1.6774356 ], [ 31.3889784, 1.6991311 ], [ 31.3673549, 1.7737043 ], [ 31.3079818, 1.8013105 ], [ 31.1125249, 1.8511515 ], [ 31.2335196, 1.9994676 ], [ 31.3118001, 2.1168884 ], [ 31.3021236, 2.1520373 ], [ 31.3357864, 2.2503725 ], [ 31.4697186, 2.2310243 ], [ 31.5369181, 2.2763383 ], [ 31.5384275, 2.0134683 ], [ 31.6100198, 1.9632967 ], [ 31.5601108, 1.9145079 ], [ 31.5829391, 1.8631556 ], [ 31.5872686, 1.7602165 ] ] ] ] } },
{ "type": "Feature", "properties": { "POLYGON_ID": "UGA_GAUL2011_ADM2_28475", "ADM0_ISO3": "UGA", "ADM0_NAME": "Uganda", "ADM0_CODE": 253, "ADM1_NAME": "Kiryandongo", "ADM1_CODE": 1241, "ADM2_NAME": "Kibanda", "ADM2_CODE": 28475, "GEOSET": "GAUL", "GEOSET_YEAR": 2011.0, "GEOSET_VERSION": "GAUL_v1", "GEOSET_UNIT": "ADM2", "CENTROID_LONG": 32.038525988701707, "CENTROID_LAT": 2.0260904709288603 }, "geometry": { "type": "MultiPolygon", "coordinates": [ [ [ [ 32.2581691, 2.2567594 ], [ 32.3165336, 2.19637 ], [ 32.3278549, 2.1108551 ], [ 32.3520353, 2.0773393 ], [ 32.3328211, 1.9703684 ], [ 32.3368928, 1.85481 ], [ 32.275783, 1.837044 ], [ 32.2720755, 1.8103119 ], [ 32.1647388, 1.7793129 ], [ 32.1038088, 1.742509 ], [ 32.0948569, 1.6510881 ], [ 32.0836423, 1.6365828 ], [ 31.9751756, 1.619117 ], [ 31.9114116, 1.6615108 ], [ 31.918903, 1.7312716 ], [ 31.8874162, 1.8075397 ], [ 31.9017969, 1.9065831 ], [ 31.8813239, 1.9678129 ], [ 31.7664672, 1.9874473 ], [ 31.7452397, 2.051853 ], [ 31.7501663, 2.3053736 ], [ 31.8329157, 2.3719474 ], [ 31.9266249, 2.3629793 ], [ 32.1477653, 2.2244743 ], [ 32.1896792, 2.2206044 ], [ 32.2581691, 2.2567594 ] ] ] ] } },
{ "type": "Feature", "properties": { "POLYGON_ID": "UGA_GAUL2011_ADM2_42208", "ADM0_ISO3": "UGA", "ADM0_NAME": "Uganda", "ADM0_CODE": 253, "ADM1_NAME": "Masindi", "ADM1_CODE": 771, "ADM2_NAME": "Buruli M", "ADM2_CODE": 42208, "GEOSET": "GAUL", "GEOSET_YEAR": 2011.0, "GEOSET_VERSION": "GAUL_v1", "GEOSET_UNIT": "ADM2", "CENTROID_LONG": 31.752329809014658, "CENTROID_LAT": 1.7978221232130589 }, "geometry": { "type": "MultiPolygon", "coordinates": [ [ [ [ 31.7501663, 2.3053736 ], [ 31.7452397, 2.051853 ], [ 31.7664672, 1.9874473 ], [ 31.8813239, 1.9678129 ], [ 31.9017969, 1.9065831 ], [ 31.8874162, 1.8075397 ], [ 31.918903, 1.7312716 ], [ 31.9114116, 1.6615108 ], [ 31.9751756, 1.619117 ], [ 32.0836423, 1.6365828 ], [ 32.0890571, 1.5940183 ], [ 32.0449734, 1.5452935 ], [ 31.9872797, 1.5303718 ], [ 31.9744369, 1.4689645 ], [ 31.9110508, 1.4502112 ], [ 31.8591695, 1.3867577 ], [ 31.8207671, 1.3619429 ], [ 31.7527662, 1.3271564 ], [ 31.6630711, 1.3460846 ], [ 31.6880512, 1.387969 ], [ 31.7165279, 1.501616 ], [ 31.690527, 1.5345629 ], [ 31.7232456, 1.5937819 ], [ 31.6886597, 1.636821 ], [ 31.6226082, 1.661515 ], [ 31.5872686, 1.7602165 ], [ 31.5829391, 1.8631556 ], [ 31.5601108, 1.9145079 ], [ 31.6100198, 1.9632967 ], [ 31.5384275, 2.0134683 ], [ 31.5369181, 2.2763383 ], [ 31.5788176, 2.2874884 ], [ 31.6371793, 2.2613501 ], [ 31.7501663, 2.3053736 ] ] ] ] } },
{ "type": "Feature", "properties": { "POLYGON_ID": "UGA_GAUL2011_ADM2_28411", "ADM0_ISO3": "UGA", "ADM0_NAME": "Uganda", "ADM0_CODE": 253, "ADM1_NAME": "Mayuge", "ADM1_CODE": 42189, "ADM2_NAME": "Bunya", "ADM2_CODE": 28411, "GEOSET": "GAUL", "GEOSET_YEAR": 2011.0, "GEOSET_VERSION": "GAUL_v1", "GEOSET_UNIT": "ADM2", "CENTROID_LONG": 33.550387258630018, "CENTROID_LAT": -0.087963952070265541 }, "geometry": { "type": "MultiPolygon", "coordinates": [ [ [ [ 33.4242041, 0.5643861 ], [ 33.5360443, 0.5455906 ], [ 33.5426991, 0.4911547 ], [ 33.6129463, 0.4662135 ], [ 33.6662037, 0.4088171 ], [ 33.7059756, 0.4117827 ], [ 33.6933275, 0.30775 ], [ 33.6570626, 0.2500853 ], [ 33.6583016, 0.0103563 ], [ 33.7004509, -0.0003511 ], [ 33.6890098, -0.0562884 ], [ 33.6583992, -0.0652025 ], [ 33.6585249, -0.251092 ], [ 33.6589083, -0.9998933 ], [ 33.5193736, -0.9998928 ], [ 33.5206519, -0.2262836 ], [ 33.5204261, 0.1177578 ], [ 33.4254589, 0.21279 ], [ 33.4213028, 0.2532131 ], [ 33.384806, 0.3134781 ], [ 33.303227, 0.3366372 ], [ 33.2883463, 0.3612635 ], [ 33.2814337, 0.3916341 ], [ 33.280796, 0.4653961 ], [ 33.331917, 0.5013997 ], [ 33.374872, 0.6061249 ], [ 33.4242041, 0.5643861 ] ] ] ] } },
{ "type": "Feature", "properties": { "POLYGON_ID": "UGA_GAUL2011_ADM2_28490", "ADM0_ISO3": "UGA", "ADM0_NAME": "Uganda", "ADM0_CODE": 253, "ADM1_NAME": "Napak", "ADM1_CODE": 775, "ADM2_NAME": "Bokora", "ADM2_CODE": 28490, "GEOSET": "GAUL", "GEOSET_YEAR": 2011.0, "GEOSET_VERSION": "GAUL_v1", "GEOSET_UNIT": "ADM2", "CENTROID_LONG": 34.221722956168193, "CENTROID_LAT": 2.4001753241339463 }, "geometry": { "type": "MultiPolygon", "coordinates": [ [ [ [ 34.5901564, 2.4411276 ], [ 34.5103921, 2.1865781 ], [ 34.4610426, 2.0696837 ], [ 34.4266678, 2.018177 ], [ 34.3081929, 1.9272953 ], [ 34.2220146, 1.8828225 ], [ 34.2224302, 1.9837687 ], [ 34.2112084, 2.1215637 ], [ 33.9082274, 2.3091033 ], [ 33.7332506, 2.4193213 ], [ 33.6187576, 2.3418444 ], [ 33.6570667, 2.3965833 ], [ 33.6494826, 2.4568342 ], [ 33.701619, 2.4602063 ], [ 33.7733788, 2.5049643 ], [ 33.8159741, 2.5119674 ], [ 33.9103245, 2.4957267 ], [ 34.0325902, 2.5220109 ], [ 33.9650241, 2.6196501 ], [ 33.9857476, 2.6719276 ], [ 34.0468917, 2.7286559 ], [ 34.1023134, 2.7583362 ], [ 34.1478414, 2.7625957 ], [ 34.2601757, 2.7300381 ], [ 34.2807261, 2.9133774 ], [ 34.3322228, 2.8590157 ], [ 34.3609127, 2.7866098 ], [ 34.3631509, 2.7347038 ], [ 34.4750036, 2.5748671 ], [ 34.5040944, 2.5635928 ], [ 34.5901564, 2.4411276 ] ] ] ] } },
{ "type": "Feature", "properties": { "POLYGON_ID": "UGA_GAUL2011_ADM2_28492", "ADM0_ISO3": "UGA", "ADM0_NAME": "Uganda", "ADM0_CODE": 253, "ADM1_NAME": "Moroto", "ADM1_CODE": 772, "ADM2_NAME": "Matheniko", "ADM2_CODE": 28492, "GEOSET": "GAUL", "GEOSET_YEAR": 2011.0, "GEOSET_VERSION": "GAUL_v1", "GEOSET_UNIT": "ADM2", "CENTROID_LONG": 34.629382973441643, "CENTROID_LAT": 2.6498446344026627 }, "geometry": { "type": "MultiPolygon", "coordinates": [ [ [ [ 34.55464, 3.10657 ], [ 34.57515, 3.02763 ], [ 34.5783583, 3.012051 ], [ 34.58438, 2.98281 ], [ 34.58937, 2.96536 ], [ 34.59704, 2.91844 ], [ 34.65717, 2.86389 ], [ 34.6734933, 2.8641241 ], [ 34.7069792, 2.8731903 ], [ 34.71923, 2.85655 ], [ 34.73585, 2.85034 ], [ 34.7410003, 2.8461939 ], [ 34.74679, 2.83865 ], [ 34.75202, 2.82406 ], [ 34.77178, 2.81213 ], [ 34.7743406, 2.7935907 ], [ 34.77682, 2.77564 ], [ 34.7780283, 2.7106073 ], [ 34.77838, 2.69168 ], [ 34.7824109, 2.685668 ], [ 34.8035795, 2.6540952 ], [ 34.84536, 2.59178 ], [ 34.8631249, 2.569858 ], [ 34.86462, 2.56864 ], [ 34.91016, 2.51976 ], [ 34.9168409, 2.5192162 ], [ 34.92859, 2.51826 ], [ 34.9301248, 2.5078344 ], [ 34.9432772, 2.4694444 ], [ 34.95444, 2.45811 ], [ 34.9543372, 2.4575593 ], [ 34.91953, 2.41785 ], [ 34.91618, 2.4095 ], [ 34.9156618, 2.4037305 ], [ 34.91543, 2.40115 ], [ 34.91729, 2.38629 ], [ 34.9255894, 2.337872 ], [ 34.9345319, 2.2857024 ], [ 34.9340552, 2.2856021 ], [ 34.9327199, 2.2853212 ], [ 34.930401, 2.2850769 ], [ 34.9220096, 2.2885518 ], [ 34.8945762, 2.2778973 ], [ 34.8464514, 2.2220671 ], [ 34.8242032, 2.1470049 ], [ 34.7971546, 2.1258324 ], [ 34.7930672, 2.1481355 ], [ 34.7733142, 2.1836671 ], [ 34.7100509, 2.2256289 ], [ 34.6419122, 2.3506454 ], [ 34.6342658, 2.4353877 ], [ 34.5901564, 2.4411276 ], [ 34.5040944, 2.5635928 ], [ 34.4750036, 2.5748671 ], [ 34.3631509, 2.7347038 ], [ 34.3609127, 2.7866098 ], [ 34.3322228, 2.8590157 ], [ 34.2807261, 2.9133774 ], [ 34.3476511, 2.9939228 ], [ 34.3967854, 3.0949236 ], [ 34.441505, 3.0827577 ], [ 34.4864608, 3.0996748 ], [ 34.5197237, 3.0893339 ], [ 34.544717, 3.0964255 ], [ 34.5494514, 3.1018492 ], [ 34.5531726, 3.106935 ], [ 34.5534005, 3.1070828 ], [ 34.5543938, 3.1077269 ], [ 34.55464, 3.10657 ] ], [ [ 34.6616478, 2.5418479 ], [ 34.6465149, 2.5349891 ], [ 34.6592903, 2.5239961 ], [ 34.6714973, 2.5320561 ], [ 34.6616478, 2.5418479 ] ] ] ] } },
{ "type": "Feature", "properties": { "POLYGON_ID": "UGA_GAUL2011_ADM2_28493", "ADM0_ISO3": "UGA", "ADM0_NAME": "Uganda", "ADM0_CODE": 253, "ADM1_NAME": "Moroto", "ADM1_CODE": 772, "ADM2_NAME": "Moroto Municipality", "ADM2_CODE": 28493, "GEOSET": "GAUL", "GEOSET_YEAR": 2011.0, "GEOSET_VERSION": "GAUL_v1", "GEOSET_UNIT": "ADM2", "CENTROID_LONG": 34.659475160492278, "CENTROID_LAT": 2.533181633860484 }, "geometry": { "type": "MultiPolygon", "coordinates": [ [ [ [ 34.6616478, 2.5418479 ], [ 34.6714973, 2.5320561 ], [ 34.6592903, 2.5239961 ], [ 34.6465149, 2.5349891 ], [ 34.6616478, 2.5418479 ] ] ] ] } },
{ "type": "Feature", "properties": { "POLYGON_ID": "UGA_GAUL2011_ADM2_28499", "ADM0_ISO3": "UGA", "ADM0_NAME": "Uganda", "ADM0_CODE": 253, "ADM1_NAME": "Butambala", "ADM1_CODE": 757, "ADM2_NAME": "Butambala", "ADM2_CODE": 28499, "GEOSET": "GAUL", "GEOSET_YEAR": 2011.0, "GEOSET_VERSION": "GAUL_v1", "GEOSET_UNIT": "ADM2", "CENTROID_LONG": 32.073865139964965, "CENTROID_LAT": 0.15908738866812319 }, "geometry": { "type": "MultiPolygon", "coordinates": [ [ [ [ 31.8708264, 0.00854 ], [ 31.8113129, 0.0458863 ], [ 31.8235182, 0.0707715 ], [ 31.9153776, 0.1256612 ], [ 31.9796618, 0.1122328 ], [ 32.0489086, 0.1357307 ], [ 32.0761979, 0.1943146 ], [ 32.1552771, 0.2525868 ], [ 32.2674591, 0.3201241 ], [ 32.3033044, 0.2897886 ], [ 32.2806517, 0.2494494 ], [ 32.2236034, 0.253032 ], [ 32.1917665, 0.1084642 ], [ 32.155342, 0.1398469 ], [ 32.0828341, 0.144123 ], [ 32.0433266, 0.1012704 ], [ 31.8888065, 0.0357582 ], [ 31.8708264, 0.00854 ] ] ] ] } },
{ "type": "Feature", "properties": { "POLYGON_ID": "UGA_GAUL2011_ADM2_28501", "ADM0_ISO3": "UGA", "ADM0_NAME": "Uganda", "ADM0_CODE": 253, "ADM1_NAME": "Gomba", "ADM1_CODE": 1086, "ADM2_NAME": "Gomba", "ADM2_CODE": 28501, "GEOSET": "GAUL", "GEOSET_YEAR": 2011.0, "GEOSET_VERSION": "GAUL_v1", "GEOSET_UNIT": "ADM2", "CENTROID_LONG": 31.700655011285647, "CENTROID_LAT": 0.19833602964412966 }, "geometry": { "type": "MultiPolygon", "coordinates": [ [ [ [ 31.8020682, 0.286199 ], [ 31.8414942, 0.2815741 ], [ 31.8689889, 0.2322656 ], [ 31.9823697, 0.2293594 ], [ 32.0282675, 0.2666523 ], [ 32.1154161, 0.2927146 ], [ 32.1552771, 0.2525868 ], [ 32.0761979, 0.1943146 ], [ 32.0489086, 0.1357307 ], [ 31.9796618, 0.1122328 ], [ 31.9153776, 0.1256612 ], [ 31.8235182, 0.0707715 ], [ 31.8113129, 0.0458863 ], [ 31.7834418, 0.0643013 ], [ 31.6929494, 0.0791369 ], [ 31.6457283, 0.042171 ], [ 31.6002203, 0.0527443 ], [ 31.4867977, 0.1415264 ], [ 31.4189396, 0.1661505 ], [ 31.4057859, 0.2011702 ], [ 31.3015773, 0.2046378 ], [ 31.3172811, 0.2542009 ], [ 31.3615046, 0.2953082 ], [ 31.4978971, 0.319514 ], [ 31.5695442, 0.3704661 ], [ 31.6747916, 0.2854189 ], [ 31.7228836, 0.2576131 ], [ 31.8020682, 0.286199 ] ] ] ] } },
{ "type": "Feature", "properties": { "POLYGON_ID": "UGA_GAUL2011_ADM2_28503", "ADM0_ISO3": "UGA", "ADM0_NAME": "Uganda", "ADM0_CODE": 253, "ADM1_NAME": "Mpigi", "ADM1_CODE": 1363, "ADM2_NAME": "Mawokota", "ADM2_CODE": 28503, "GEOSET": "GAUL", "GEOSET_YEAR": 2011.0, "GEOSET_VERSION": "GAUL_v1", "GEOSET_UNIT": "ADM2", "CENTROID_LONG": 32.156342682318339, "CENTROID_LAT": 0.067576261681214209 }, "geometry": { "type": "MultiPolygon", "coordinates": [ [ [ [ 32.2494265, -0.1501517 ], [ 31.9997075, -0.15102 ], [ 31.9468778, -0.1276712 ], [ 31.8708264, 0.00854 ], [ 31.8888065, 0.0357582 ], [ 32.0433266, 0.1012704 ], [ 32.0828341, 0.144123 ], [ 32.155342, 0.1398469 ], [ 32.1917665, 0.1084642 ], [ 32.2236034, 0.253032 ], [ 32.2806517, 0.2494494 ], [ 32.3033044, 0.2897886 ], [ 32.2674591, 0.3201241 ], [ 32.2603093, 0.3853936 ], [ 32.2536265, 0.4086901 ], [ 32.3548518, 0.3803211 ], [ 32.420254, 0.3390346 ], [ 32.4262147, 0.2885942 ], [ 32.3895332, 0.2086483 ], [ 32.2730953, 0.1035782 ], [ 32.2127869, 0.0323863 ], [ 32.2482206, -0.0499671 ], [ 32.2494265, -0.1501517 ] ] ] ] } },
{ "type": "Feature", "properties": { "POLYGON_ID": "UGA_GAUL2011_ADM2_28509", "ADM0_ISO3": "UGA", "ADM0_NAME": "Uganda", "ADM0_CODE": 253, "ADM1_NAME": "Buvuma", "ADM1_CODE": 1082, "ADM2_NAME": "Buvuma Islands", "ADM2_CODE": 28509, "GEOSET": "GAUL", "GEOSET_YEAR": 2011.0, "GEOSET_VERSION": "GAUL_v1", "GEOSET_UNIT": "ADM2", "CENTROID_LONG": 33.207584213768364, "CENTROID_LAT": -0.39457844412339332 }, "geometry": { "type": "MultiPolygon", "coordinates": [ [ [ [ 33.5193736, -0.9998928 ], [ 32.8743945, -0.9998904 ], [ 32.8750128, -0.5299472 ], [ 32.8755078, -0.1496186 ], [ 32.874865, -0.0080256 ], [ 32.8837969, 0.072082 ], [ 32.9065688, 0.0547264 ], [ 32.9670413, 0.0634398 ], [ 33.0896494, 0.1456266 ], [ 33.1799134, 0.2474507 ], [ 33.1815116, 0.2951366 ], [ 33.2883463, 0.3612635 ], [ 33.303227, 0.3366372 ], [ 33.384806, 0.3134781 ], [ 33.4213028, 0.2532131 ], [ 33.4254589, 0.21279 ], [ 33.5204261, 0.1177578 ], [ 33.5206519, -0.2262836 ], [ 33.5193736, -0.9998928 ] ] ] ] } },
{ "type": "Feature", "properties": { "POLYGON_ID": "UGA_GAUL2011_ADM2_28510", "ADM0_ISO3": "UGA", "ADM0_NAME": "Uganda", "ADM0_CODE": 253, "ADM1_NAME": "Buikwe", "ADM1_CODE": 749, "ADM2_NAME": "Buyikwe", "ADM2_CODE": 28510, "GEOSET": "GAUL", "GEOSET_YEAR": 2011.0, "GEOSET_VERSION": "GAUL_v1", "GEOSET_UNIT": "ADM2", "CENTROID_LONG": 33.040224494005585, "CENTROID_LAT": 0.3083489095432525 }, "geometry": { "type": "MultiPolygon", "coordinates": [ [ [ [ 33.0839899, 0.5489495 ], [ 33.1606068, 0.475553 ], [ 33.1706332, 0.4648279 ], [ 33.1940161, 0.4270458 ], [ 33.2814337, 0.3916341 ], [ 33.2883463, 0.3612635 ], [ 33.1815116, 0.2951366 ], [ 33.1799134, 0.2474507 ], [ 33.0896494, 0.1456266 ], [ 32.9670413, 0.0634398 ], [ 32.9065688, 0.0547264 ], [ 32.8837969, 0.072082 ], [ 32.8683393, 0.1280706 ], [ 32.9072689, 0.2706858 ], [ 32.8748255, 0.3107488 ], [ 32.8635116, 0.3743819 ], [ 32.9730714, 0.4120097 ], [ 32.9488289, 0.4669798 ], [ 32.9829268, 0.5577651 ], [ 33.035675, 0.5104713 ], [ 33.0839899, 0.5489495 ] ] ] ] } },
{ "type": "Feature", "properties": { "POLYGON_ID": "UGA_GAUL2011_ADM2_28511", "ADM0_ISO3": "UGA", "ADM0_NAME": "Uganda", "ADM0_CODE": 253, "ADM1_NAME": "Mukono", "ADM1_CODE": 1367, "ADM2_NAME": "Mukono", "ADM2_CODE": 28511, "GEOSET": "GAUL", "GEOSET_YEAR": 2011.0, "GEOSET_VERSION": "GAUL_v1", "GEOSET_UNIT": "ADM2", "CENTROID_LONG": 32.744937952705364, "CENTROID_LAT": 0.14268429580376044 }, "geometry": { "type": "MultiPolygon", "coordinates": [ [ [ [ 32.8635116, 0.3743819 ], [ 32.8748255, 0.3107488 ], [ 32.9072689, 0.2706858 ], [ 32.8683393, 0.1280706 ], [ 32.8837969, 0.072082 ], [ 32.874865, -0.0080256 ], [ 32.8755078, -0.1496186 ], [ 32.50026, -0.1497709 ], [ 32.6193709, 0.0006261 ], [ 32.6189747, 0.1676227 ], [ 32.6335207, 0.2170706 ], [ 32.6590011, 0.2671039 ], [ 32.6680282, 0.2773527 ], [ 32.686324, 0.2925427 ], [ 32.6826346, 0.372624 ], [ 32.6611194, 0.4312912 ], [ 32.6766771, 0.4752258 ], [ 32.66251, 0.5161473 ], [ 32.680935, 0.5600562 ], [ 32.7066383, 0.5779557 ], [ 32.7129745, 0.539096 ], [ 32.8432999, 0.456426 ], [ 32.8414955, 0.401795 ], [ 32.8635116, 0.3743819 ] ] ] ] } },
{ "type": "Feature", "properties": { "POLYGON_ID": "UGA_GAUL2011_ADM2_28512", "ADM0_ISO3": "UGA", "ADM0_NAME": "Uganda", "ADM0_CODE": 253, "ADM1_NAME": "Mukono", "ADM1_CODE": 1367, "ADM2_NAME": "Nakifuma", "ADM2_CODE": 28512, "GEOSET": "GAUL", "GEOSET_YEAR": 2011.0, "GEOSET_VERSION": "GAUL_v1", "GEOSET_UNIT": "ADM2", "CENTROID_LONG": 32.843950424904072, "CENTROID_LAT": 0.58974771654372438 }, "geometry": { "type": "MultiPolygon", "coordinates": [ [ [ [ 32.7939165, 0.8584856 ], [ 32.8233953, 0.8115501 ], [ 32.8556057, 0.7488774 ], [ 32.8760633, 0.6745724 ], [ 32.9188345, 0.6531182 ], [ 32.9829268, 0.5577651 ], [ 32.9488289, 0.4669798 ], [ 32.9730714, 0.4120097 ], [ 32.8635116, 0.3743819 ], [ 32.8414955, 0.401795 ], [ 32.8432999, 0.456426 ], [ 32.7129745, 0.539096 ], [ 32.7066383, 0.5779557 ], [ 32.7502841, 0.6476506 ], [ 32.7603309, 0.8211901 ], [ 32.7939165, 0.8584856 ] ] ] ] } },
{ "type": "Feature", "properties": { "POLYGON_ID": "UGA_GAUL2011_ADM2_28491", "ADM0_ISO3": "UGA", "ADM0_NAME": "Uganda", "ADM0_CODE": 253, "ADM1_NAME": "Nakapiripirit", "ADM1_CODE": 773, "ADM2_NAME": "Kadani (chekwii)", "ADM2_CODE": 28491, "GEOSET": "GAUL", "GEOSET_YEAR": 2011.0, "GEOSET_VERSION": "GAUL_v1", "GEOSET_UNIT": "ADM2", "CENTROID_LONG": 34.611166869754491, "CENTROID_LAT": 1.7825438858834686 }, "geometry": { "type": "MultiPolygon", "coordinates": [ [ [ [ 34.7930672, 2.1481355 ], [ 34.7971546, 2.1258324 ], [ 34.8550936, 2.0513277 ], [ 34.8649071, 2.0004212 ], [ 34.8276388, 1.9376963 ], [ 34.8303983, 1.8897376 ], [ 34.8623025, 1.8294357 ], [ 34.8614603, 1.790574 ], [ 34.8181027, 1.7157039 ], [ 34.8071774, 1.6466088 ], [ 34.7334364, 1.6098883 ], [ 34.689396, 1.5716187 ], [ 34.6224216, 1.5719481 ], [ 34.5445102, 1.6010618 ], [ 34.4980815, 1.5982422 ], [ 34.3931284, 1.5655927 ], [ 34.270868, 1.5499673 ], [ 34.2288041, 1.56441 ], [ 34.2287429, 1.5822052 ], [ 34.2283059, 1.6402102 ], [ 34.3109512, 1.666626 ], [ 34.3774185, 1.78676 ], [ 34.4257355, 1.799446 ], [ 34.486721, 1.839825 ], [ 34.5120659, 1.8873 ], [ 34.5540543, 1.89194 ], [ 34.5578842, 1.948387 ], [ 34.6293602, 1.9778351 ], [ 34.6582642, 2.0109911 ], [ 34.720356, 1.993592 ], [ 34.7316284, 2.04721 ], [ 34.7059021, 2.1453841 ], [ 34.762085, 2.127562 ], [ 34.7930672, 2.1481355 ] ] ] ] } },
{ "type": "Feature", "properties": { "POLYGON_ID": "UGA_GAUL2011_ADM2_28494", "ADM0_ISO3": "UGA", "ADM0_NAME": "Uganda", "ADM0_CODE": 253, "ADM1_NAME": "Nakapiripirit", "ADM1_CODE": 773, "ADM2_NAME": "Pian", "ADM2_CODE": 28494, "GEOSET": "GAUL", "GEOSET_YEAR": 2011.0, "GEOSET_VERSION": "GAUL_v1", "GEOSET_UNIT": "ADM2", "CENTROID_LONG": 34.50040594674703, "CENTROID_LAT": 2.0211900455114273 }, "geometry": { "type": "MultiPolygon", "coordinates": [ [ [ [ 34.7930672, 2.1481355 ], [ 34.762085, 2.127562 ], [ 34.7059021, 2.1453841 ], [ 34.7316284, 2.04721 ], [ 34.720356, 1.993592 ], [ 34.6582642, 2.0109911 ], [ 34.6293602, 1.9778351 ], [ 34.5578842, 1.948387 ], [ 34.5540543, 1.89194 ], [ 34.5120659, 1.8873 ], [ 34.486721, 1.839825 ], [ 34.4257355, 1.799446 ], [ 34.3774185, 1.78676 ], [ 34.3109512, 1.666626 ], [ 34.2283059, 1.6402102 ], [ 34.221449, 1.6430615 ], [ 34.2220146, 1.8828225 ], [ 34.3081929, 1.9272953 ], [ 34.4266678, 2.018177 ], [ 34.4610426, 2.0696837 ], [ 34.5103921, 2.1865781 ], [ 34.5901564, 2.4411276 ], [ 34.6342658, 2.4353877 ], [ 34.6419122, 2.3506454 ], [ 34.7100509, 2.2256289 ], [ 34.7733142, 2.1836671 ], [ 34.7930672, 2.1481355 ] ] ] ] } },
{ "type": "Feature", "properties": { "POLYGON_ID": "UGA_GAUL2011_ADM2_28495", "ADM0_ISO3": "UGA", "ADM0_NAME": "Uganda", "ADM0_CODE": 253, "ADM1_NAME": "Amudat", "ADM1_CODE": 744, "ADM2_NAME": "Upe", "ADM2_CODE": 28495, "GEOSET": "GAUL", "GEOSET_YEAR": 2011.0, "GEOSET_VERSION": "GAUL_v1", "GEOSET_UNIT": "ADM2", "CENTROID_LONG": 34.881680113543894, "CENTROID_LAT": 1.8112162165725723 }, "geometry": { "type": "MultiPolygon", "coordinates": [ [ [ [ 34.9345319, 2.2857024 ], [ 34.9380317, 2.2652846 ], [ 34.9425163, 2.2391222 ], [ 34.9467099, 2.2146566 ], [ 34.9511654, 2.1886635 ], [ 34.9580269, 2.1486343 ], [ 34.97817, 2.03846 ], [ 34.9840131, 2.0038053 ], [ 35.0360487, 1.919513 ], [ 35.0270579, 1.8619609 ], [ 35.0013777, 1.6976092 ], [ 34.99773, 1.67779 ], [ 34.9895981, 1.6624093 ], [ 34.9706431, 1.6254666 ], [ 34.97005, 1.62106 ], [ 34.94766, 1.58177 ], [ 34.9390113, 1.5787203 ], [ 34.92761, 1.5747 ], [ 34.924366, 1.5728094 ], [ 34.86655, 1.53284 ], [ 34.8614, 1.52339 ], [ 34.84281, 1.45936 ], [ 34.8426363, 1.4571742 ], [ 34.8425, 1.45546 ], [ 34.8457, 1.44443 ], [ 34.82687, 1.4442 ], [ 34.8235951, 1.4424247 ], [ 34.77094, 1.41827 ], [ 34.7978284, 1.3754873 ], [ 34.79274, 1.36268 ], [ 34.7542155, 1.4120938 ], [ 34.7175238, 1.4497235 ], [ 34.6991664, 1.5270668 ], [ 34.6585319, 1.5271519 ], [ 34.6224216, 1.5719481 ], [ 34.689396, 1.5716187 ], [ 34.7334364, 1.6098883 ], [ 34.8071774, 1.6466088 ], [ 34.8181027, 1.7157039 ], [ 34.8614603, 1.790574 ], [ 34.8623025, 1.8294357 ], [ 34.8303983, 1.8897376 ], [ 34.8276388, 1.9376963 ], [ 34.8649071, 2.0004212 ], [ 34.8550936, 2.0513277 ], [ 34.7971546, 2.1258324 ], [ 34.8242032, 2.1470049 ], [ 34.8464514, 2.2220671 ], [ 34.8945762, 2.2778973 ], [ 34.9220096, 2.2885518 ], [ 34.930401, 2.2850769 ], [ 34.9327199, 2.2853212 ], [ 34.9340552, 2.2856021 ], [ 34.9345319, 2.2857024 ] ] ] ] } },
{ "type": "Feature", "properties": { "POLYGON_ID": "UGA_GAUL2011_ADM2_42209", "ADM0_ISO3": "UGA", "ADM0_NAME": "Uganda", "ADM0_CODE": 253, "ADM1_NAME": "Nakasongola", "ADM1_CODE": 42195, "ADM2_NAME": "Buruli", "ADM2_CODE": 42209, "GEOSET": "GAUL", "GEOSET_YEAR": 2011.0, "GEOSET_VERSION": "GAUL_v1", "GEOSET_UNIT": "ADM2", "CENTROID_LONG": 32.426036934367986, "CENTROID_LAT": 1.3538515249811338 }, "geometry": { "type": "MultiPolygon", "coordinates": [ [ [ [ 32.3118261, 1.6460965 ], [ 32.3243425, 1.622744 ], [ 32.4099374, 1.5932504 ], [ 32.5097523, 1.5244981 ], [ 32.5524762, 1.5223471 ], [ 32.6193481, 1.4450643 ], [ 32.6956409, 1.4535318 ], [ 32.696236, 1.3867444 ], [ 32.7534514, 1.358666 ], [ 32.7909616, 1.2594516 ], [ 32.7992696, 1.1469296 ], [ 32.7872781, 1.0779641 ], [ 32.6944154, 1.0750753 ], [ 32.631561, 1.1444286 ], [ 32.5745089, 1.0887234 ], [ 32.5747168, 1.0459196 ], [ 32.5654719, 0.9640512 ], [ 32.4994592, 0.979419 ], [ 32.4045434, 1.0872762 ], [ 32.3730842, 1.1392309 ], [ 32.3497043, 1.2226317 ], [ 32.2197514, 1.3088503 ], [ 32.2046152, 1.3372466 ], [ 32.1160253, 1.4097666 ], [ 31.9744369, 1.4689645 ], [ 31.9872797, 1.5303718 ], [ 32.0449734, 1.5452935 ], [ 32.0890571, 1.5940183 ], [ 32.0836423, 1.6365828 ], [ 32.0948569, 1.6510881 ], [ 32.1423879, 1.673721 ], [ 32.2068945, 1.6781115 ], [ 32.3118261, 1.6460965 ] ] ] ] } },
{ "type": "Feature", "properties": { "POLYGON_ID": "UGA_GAUL2011_ADM2_28449", "ADM0_ISO3": "UGA", "ADM0_NAME": "Uganda", "ADM0_CODE": 253, "ADM1_NAME": "Agago", "ADM1_CODE": 790, "ADM2_NAME": "Agago", "ADM2_CODE": 28449, "GEOSET": "GAUL", "GEOSET_YEAR": 2011.0, "GEOSET_VERSION": "GAUL_v1", "GEOSET_UNIT": "ADM2", "CENTROID_LONG": 33.347796303827579, "CENTROID_LAT": 2.9138174664713024 }, "geometry": { "type": "MultiPolygon", "coordinates": [ [ [ [ 33.5497695, 3.2844783 ], [ 33.558729, 3.1519271 ], [ 33.5793338, 2.9490355 ], [ 33.5764597, 2.8835079 ], [ 33.6037883, 2.8730622 ], [ 33.6030087, 2.7898377 ], [ 33.5374841, 2.7200597 ], [ 33.522938, 2.6818844 ], [ 33.5322308, 2.606688 ], [ 33.5114234, 2.5951022 ], [ 33.4100273, 2.5982589 ], [ 33.314182, 2.6149867 ], [ 33.2905844, 2.5988522 ], [ 33.2056558, 2.600897 ], [ 33.1566906, 2.6220781 ], [ 33.0998211, 2.6021632 ], [ 33.0773516, 2.6704985 ], [ 33.0121738, 2.7351582 ], [ 33.0407663, 2.835802 ], [ 33.0854046, 2.8276121 ], [ 33.1499817, 2.8574937 ], [ 33.1980877, 2.9576142 ], [ 33.2158984, 3.0287883 ], [ 33.142198, 3.0285059 ], [ 33.1305785, 3.070276 ], [ 33.1419408, 3.1848108 ], [ 33.2450254, 3.1751201 ], [ 33.3107349, 3.2078518 ], [ 33.302481, 3.2375146 ], [ 33.4021059, 3.3061804 ], [ 33.5497695, 3.2844783 ] ] ] ] } },
{ "type": "Feature", "properties": { "POLYGON_ID": "UGA_GAUL2011_ADM2_28450", "ADM0_ISO3": "UGA", "ADM0_NAME": "Uganda", "ADM0_CODE": 253, "ADM1_NAME": "Pader", "ADM1_CODE": 783, "ADM2_NAME": "Aruu", "ADM2_CODE": 28450, "GEOSET": "GAUL", "GEOSET_YEAR": 2011.0, "GEOSET_VERSION": "GAUL_v1", "GEOSET_UNIT": "ADM2", "CENTROID_LONG": 32.86643580290734, "CENTROID_LAT": 2.9295852311284043 }, "geometry": { "type": "MultiPolygon", "coordinates": [ [ [ [ 33.1305785, 3.070276 ], [ 33.142198, 3.0285059 ], [ 33.2158984, 3.0287883 ], [ 33.1980877, 2.9576142 ], [ 33.1499817, 2.8574937 ], [ 33.0854046, 2.8276121 ], [ 33.0407663, 2.835802 ], [ 33.0121738, 2.7351582 ], [ 33.0773516, 2.6704985 ], [ 33.0998211, 2.6021632 ], [ 33.0058225, 2.5333564 ], [ 32.8247183, 2.6543393 ], [ 32.7615317, 2.7231812 ], [ 32.6931614, 2.7755174 ], [ 32.6590583, 2.8428283 ], [ 32.5459606, 3.02317 ], [ 32.4695699, 3.1293092 ], [ 32.5096897, 3.1643452 ], [ 32.5961456, 3.1553853 ], [ 32.6510238, 3.1646006 ], [ 32.7500074, 3.2035777 ], [ 32.830215, 3.1644275 ], [ 32.9255043, 3.2126578 ], [ 32.9835672, 3.2033368 ], [ 33.0419992, 3.0959389 ], [ 33.1305785, 3.070276 ] ] ] ] } },
{ "type": "Feature", "properties": { "POLYGON_ID": "UGA_GAUL2011_ADM2_28529", "ADM0_ISO3": "UGA", "ADM0_NAME": "Uganda", "ADM0_CODE": 253, "ADM1_NAME": "Rukungiri", "ADM1_CODE": 42197, "ADM2_NAME": "Rubabo", "ADM2_CODE": 28529, "GEOSET": "GAUL", "GEOSET_YEAR": 2011.0, "GEOSET_VERSION": "GAUL_v1", "GEOSET_UNIT": "ADM2", "CENTROID_LONG": 29.971317252845399, "CENTROID_LAT": -0.91780940712270076 }, "geometry": { "type": "MultiPolygon", "coordinates": [ [ [ [ 30.0523585, -0.7762456 ], [ 30.0517532, -0.8812417 ], [ 30.0747496, -0.9455287 ], [ 30.0459662, -1.058193 ], [ 30.0254431, -1.0289467 ], [ 29.9441726, -1.0094501 ], [ 29.9177266, -1.0544464 ], [ 29.9005088, -1.0396627 ], [ 29.8562646, -0.9682414 ], [ 29.8540272, -0.9109475 ], [ 29.8801659, -0.8840404 ], [ 29.9527397, -0.792467 ], [ 30.0458884, -0.7713414 ], [ 30.0523585, -0.7762456 ] ] ] ] } },
{ "type": "Feature", "properties": { "POLYGON_ID": "UGA_GAUL2011_ADM2_28530", "ADM0_ISO3": "UGA", "ADM0_NAME": "Uganda", "ADM0_CODE": 253, "ADM1_NAME": "Rukungiri", "ADM1_CODE": 42197, "ADM2_NAME": "Rujumbura", "ADM2_CODE": 28530, "GEOSET": "GAUL", "GEOSET_YEAR": 2011.0, "GEOSET_VERSION": "GAUL_v1", "GEOSET_UNIT": "ADM2", "CENTROID_LONG": 29.851326727679517, "CENTROID_LAT": -0.60315228525683717 }, "geometry": { "type": "MultiPolygon", "coordinates": [ [ [ [ 29.9363197, -0.4475102 ], [ 29.9329774, -0.4910496 ], [ 29.9257571, -0.5587817 ], [ 29.8835242, -0.608563 ], [ 29.957276, -0.6642961 ], [ 30.0027209, -0.7410261 ], [ 30.0458884, -0.7713414 ], [ 29.9527397, -0.792467 ], [ 29.8801659, -0.8840404 ], [ 29.8206491, -0.7882821 ], [ 29.8035465, -0.6853391 ], [ 29.7366257, -0.6056554 ], [ 29.7206676, -0.5104245 ], [ 29.7508414, -0.4812236 ], [ 29.7495634, -0.4164277 ], [ 29.6956581, -0.3564173 ], [ 29.69743, -0.339671 ], [ 29.8601986, -0.3874971 ], [ 29.8887644, -0.4491095 ], [ 29.9363197, -0.4475102 ] ] ] ] } },
{ "type": "Feature", "properties": { "POLYGON_ID": "UGA_GAUL2011_ADM2_28477", "ADM0_ISO3": "UGA", "ADM0_NAME": "Uganda", "ADM0_CODE": 253, "ADM1_NAME": "Sironko", "ADM1_CODE": 785, "ADM2_NAME": "Budadiri", "ADM2_CODE": 28477, "GEOSET": "GAUL", "GEOSET_YEAR": 2011.0, "GEOSET_VERSION": "GAUL_v1", "GEOSET_UNIT": "ADM2", "CENTROID_LONG": 34.314681709443576, "CENTROID_LAT": 1.1767842410971294 }, "geometry": { "type": "MultiPolygon", "coordinates": [ [ [ [ 34.5261456, 1.1318866 ], [ 34.5259525, 1.1219234 ], [ 34.4710373, 1.1043237 ], [ 34.3754443, 1.1056388 ], [ 34.3364708, 1.0901967 ], [ 34.2446861, 1.126473 ], [ 34.2243477, 1.1629931 ], [ 34.1691882, 1.163118 ], [ 34.1809212, 1.2070077 ], [ 34.2436948, 1.2940283 ], [ 34.2568742, 1.2522018 ], [ 34.3037216, 1.2875187 ], [ 34.3368395, 1.2346583 ], [ 34.3914441, 1.2025032 ], [ 34.4254857, 1.1418305 ], [ 34.5261456, 1.1318866 ] ] ] ] } },
{ "type": "Feature", "properties": { "POLYGON_ID": "UGA_GAUL2011_ADM2_28478", "ADM0_ISO3": "UGA", "ADM0_NAME": "Uganda", "ADM0_CODE": 253, "ADM1_NAME": "Bulambuli", "ADM1_CODE": 752, "ADM2_NAME": "Bulambuli", "ADM2_CODE": 28478, "GEOSET": "GAUL", "GEOSET_YEAR": 2011.0, "GEOSET_VERSION": "GAUL_v1", "GEOSET_UNIT": "ADM2", "CENTROID_LONG": 34.358572756335661, "CENTROID_LAT": 1.3628735327425441 }, "geometry": { "type": "MultiPolygon", "coordinates": [ [ [ [ 34.3931284, 1.5655927 ], [ 34.4447188, 1.5061286 ], [ 34.4467016, 1.4794805 ], [ 34.3744051, 1.4436253 ], [ 34.3247159, 1.3919133 ], [ 34.3183346, 1.3149956 ], [ 34.3981241, 1.2977091 ], [ 34.4976776, 1.238623 ], [ 34.5357756, 1.1828513 ], [ 34.5261456, 1.1318866 ], [ 34.4254857, 1.1418305 ], [ 34.3914441, 1.2025032 ], [ 34.3368395, 1.2346583 ], [ 34.3037216, 1.2875187 ], [ 34.2568742, 1.2522018 ], [ 34.2436948, 1.2940283 ], [ 34.2496094, 1.3510318 ], [ 34.2742364, 1.3980307 ], [ 34.2261086, 1.4787652 ], [ 34.2288041, 1.56441 ], [ 34.270868, 1.5499673 ], [ 34.3931284, 1.5655927 ] ] ] ] } },
{ "type": "Feature", "properties": { "POLYGON_ID": "UGA_GAUL2011_ADM2_28535", "ADM0_ISO3": "UGA", "ADM0_NAME": "Uganda", "ADM0_CODE": 253, "ADM1_NAME": "Serere", "ADM1_CODE": 1365, "ADM2_NAME": "Kasilo", "ADM2_CODE": 28535, "GEOSET": "GAUL", "GEOSET_YEAR": 2011.0, "GEOSET_VERSION": "GAUL_v1", "GEOSET_UNIT": "ADM2", "CENTROID_LONG": 33.258262789971297, "CENTROID_LAT": 1.487908645985329 }, "geometry": { "type": "MultiPolygon", "coordinates": [ [ [ [ 33.3902201, 1.6755298 ], [ 33.4132729, 1.6244709 ], [ 33.3845253, 1.587009 ], [ 33.3939667, 1.521826 ], [ 33.4332008, 1.50108 ], [ 33.4527817, 1.4554991 ], [ 33.4276026, 1.3426382 ], [ 33.3946494, 1.3367266 ], [ 33.3755181, 1.3696563 ], [ 33.3132287, 1.3788771 ], [ 33.2461562, 1.3371712 ], [ 33.1508203, 1.3589693 ], [ 33.0636521, 1.4396825 ], [ 33.0147163, 1.4637296 ], [ 33.0616176, 1.5383904 ], [ 33.204172, 1.6085424 ], [ 33.3895326, 1.6755343 ], [ 33.3902201, 1.6755298 ] ] ] ] } },
{ "type": "Feature", "properties": { "POLYGON_ID": "UGA_GAUL2011_ADM2_28536", "ADM0_ISO3": "UGA", "ADM0_NAME": "Uganda", "ADM0_CODE": 253, "ADM1_NAME": "Serere", "ADM1_CODE": 1365, "ADM2_NAME": "Serere", "ADM2_CODE": 28536, "GEOSET": "GAUL", "GEOSET_YEAR": 2011.0, "GEOSET_VERSION": "GAUL_v1", "GEOSET_UNIT": "ADM2", "CENTROID_LONG": 33.532379100432692, "CENTROID_LAT": 1.4936286391360252 }, "geometry": { "type": "MultiPolygon", "coordinates": [ [ [ [ 33.7082692, 1.573333 ], [ 33.6725316, 1.4246526 ], [ 33.5950408, 1.3928909 ], [ 33.5563276, 1.3422171 ], [ 33.5077382, 1.3144542 ], [ 33.4276026, 1.3426382 ], [ 33.4527817, 1.4554991 ], [ 33.4332008, 1.50108 ], [ 33.3939667, 1.521826 ], [ 33.3845253, 1.587009 ], [ 33.4132729, 1.6244709 ], [ 33.3902201, 1.6755298 ], [ 33.4905488, 1.6323519 ], [ 33.5560531, 1.6168007 ], [ 33.6001114, 1.5584564 ], [ 33.6455447, 1.576867 ], [ 33.7082692, 1.573333 ] ] ] ] } },
{ "type": "Feature", "properties": { "POLYGON_ID": "UGA_GAUL2011_ADM2_28537", "ADM0_ISO3": "UGA", "ADM0_NAME": "Uganda", "ADM0_CODE": 253, "ADM1_NAME": "Soroti", "ADM1_CODE": 786, "ADM2_NAME": "Soroti", "ADM2_CODE": 28537, "GEOSET": "GAUL", "GEOSET_YEAR": 2011.0, "GEOSET_VERSION": "GAUL_v1", "GEOSET_UNIT": "ADM2", "CENTROID_LONG": 33.588100216296112, "CENTROID_LAT": 1.7751284316907325 }, "geometry": { "type": "MultiPolygon", "coordinates": [ [ [ [ 33.8098422, 1.7181256 ], [ 33.8109959, 1.6817366 ], [ 33.7470623, 1.6753987 ], [ 33.7122362, 1.6182744 ], [ 33.7082692, 1.573333 ], [ 33.6455447, 1.576867 ], [ 33.6001114, 1.5584564 ], [ 33.5560531, 1.6168007 ], [ 33.4905488, 1.6323519 ], [ 33.3902201, 1.6755298 ], [ 33.3895326, 1.6755343 ], [ 33.4095875, 1.7079595 ], [ 33.4281926, 1.8221832 ], [ 33.4516702, 1.8613225 ], [ 33.4388786, 1.8990756 ], [ 33.4459396, 1.9631386 ], [ 33.4837624, 2.0188303 ], [ 33.5312411, 2.0213089 ], [ 33.5761057, 1.9585799 ], [ 33.6450666, 1.9395007 ], [ 33.6623814, 1.8955268 ], [ 33.7746411, 1.8051082 ], [ 33.8098422, 1.7181256 ] ], [ [ 33.6153069, 1.761924 ], [ 33.5890846, 1.70883 ], [ 33.6296844, 1.700743 ], [ 33.6153069, 1.761924 ] ] ] ] } },
{ "type": "Feature", "properties": { "POLYGON_ID": "UGA_GAUL2011_ADM2_28538", "ADM0_ISO3": "UGA", "ADM0_NAME": "Uganda", "ADM0_CODE": 253, "ADM1_NAME": "Soroti", "ADM1_CODE": 786, "ADM2_NAME": "Soroti Municipality", "ADM2_CODE": 28538, "GEOSET": "GAUL", "GEOSET_YEAR": 2011.0, "GEOSET_VERSION": "GAUL_v1", "GEOSET_UNIT": "ADM2", "CENTROID_LONG": 33.611358633333339, "CENTROID_LAT": 1.7238323333333332 }, "geometry": { "type": "MultiPolygon", "coordinates": [ [ [ [ 33.6153069, 1.761924 ], [ 33.6296844, 1.700743 ], [ 33.5890846, 1.70883 ], [ 33.6153069, 1.761924 ] ] ] ] } },
{ "type": "Feature", "properties": { "POLYGON_ID": "UGA_GAUL2011_ADM2_42210", "ADM0_ISO3": "UGA", "ADM0_NAME": "Uganda", "ADM0_CODE": 253, "ADM1_NAME": "Wakiso", "ADM1_CODE": 42200, "ADM2_NAME": "Busiro", "ADM2_CODE": 42210, "GEOSET": "GAUL", "GEOSET_YEAR": 2011.0, "GEOSET_VERSION": "GAUL_v1", "GEOSET_UNIT": "ADM2", "CENTROID_LONG": 32.412382773616756, "CENTROID_LAT": 0.16920144391049596 }, "geometry": { "type": "MultiPolygon", "coordinates": [ [ [ [ 32.3322443, 0.5547673 ], [ 32.3932253, 0.5760816 ], [ 32.422686, 0.5662089 ], [ 32.4508018, 0.489361 ], [ 32.5183563, 0.417932 ], [ 32.5343644, 0.3465043 ], [ 32.5205738, 0.3016771 ], [ 32.5513344, 0.204055 ], [ 32.6189747, 0.1676227 ], [ 32.6193709, 0.0006261 ], [ 32.50026, -0.1497709 ], [ 32.2499417, -0.1500318 ], [ 32.2494265, -0.1501517 ], [ 32.2482206, -0.0499671 ], [ 32.2127869, 0.0323863 ], [ 32.2730953, 0.1035782 ], [ 32.3895332, 0.2086483 ], [ 32.4262147, 0.2885942 ], [ 32.420254, 0.3390346 ], [ 32.3548518, 0.3803211 ], [ 32.2536265, 0.4086901 ], [ 32.191962, 0.4798346 ], [ 32.1977597, 0.5345818 ], [ 32.231157, 0.5821423 ], [ 32.284358, 0.5388745 ], [ 32.3322443, 0.5547673 ] ], [ [ 32.4223671, 0.061749 ], [ 32.4542847, 0.030241 ], [ 32.4918976, 0.055663 ], [ 32.4581223, 0.107132 ], [ 32.4223671, 0.061749 ] ] ] ] } },
{ "type": "Feature", "properties": { "POLYGON_ID": "UGA_GAUL2011_ADM2_42211", "ADM0_ISO3": "UGA", "ADM0_NAME": "Uganda", "ADM0_CODE": 253, "ADM1_NAME": "Wakiso", "ADM1_CODE": 42200, "ADM2_NAME": "Entebbe Municipality", "ADM2_CODE": 42211, "GEOSET": "GAUL", "GEOSET_YEAR": 2011.0, "GEOSET_VERSION": "GAUL_v1", "GEOSET_UNIT": "ADM2", "CENTROID_LONG": 32.456986705382647, "CENTROID_LAT": 0.065318213478131409 }, "geometry": { "type": "MultiPolygon", "coordinates": [ [ [ [ 32.4223671, 0.061749 ], [ 32.4581223, 0.107132 ], [ 32.4918976, 0.055663 ], [ 32.4542847, 0.030241 ], [ 32.4223671, 0.061749 ] ] ] ] } },
{ "type": "Feature", "properties": { "POLYGON_ID": "UGA_GAUL2011_ADM2_28386", "ADM0_ISO3": "UGA", "ADM0_NAME": "Uganda", "ADM0_CODE": 253, "ADM1_NAME": "Yumbe", "ADM1_CODE": 42201, "ADM2_NAME": "Aringa", "ADM2_CODE": 28386, "GEOSET": "GAUL", "GEOSET_YEAR": 2011.0, "GEOSET_VERSION": "GAUL_v1", "GEOSET_UNIT": "ADM2", "CENTROID_LONG": 31.28893283967323, "CENTROID_LAT": 3.5210224595910904 }, "geometry": { "type": "MultiPolygon", "coordinates": [ [ [ [ 31.2839423, 3.7921663 ], [ 31.5153322, 3.6662005 ], [ 31.5336538, 3.5826878 ], [ 31.4514244, 3.4463106 ], [ 31.4264873, 3.269068 ], [ 31.4779709, 3.1918167 ], [ 31.4104469, 3.1836699 ], [ 31.3989203, 3.2195543 ], [ 31.3513838, 3.2229924 ], [ 31.3272821, 3.2687447 ], [ 31.2510675, 3.285099 ], [ 31.2029115, 3.3401813 ], [ 31.1514348, 3.3542822 ], [ 31.1377999, 3.3100329 ], [ 31.0829652, 3.2906072 ], [ 31.0524801, 3.3307942 ], [ 31.0952791, 3.4216775 ], [ 31.0874593, 3.4536738 ], [ 31.0988765, 3.5941171 ], [ 31.099954, 3.7360273 ], [ 31.17384, 3.79318 ], [ 31.2839423, 3.7921663 ] ] ] ] } },
{ "type": "Feature", "properties": { "POLYGON_ID": "UGA_GAUL2011_ADM2_28461", "ADM0_ISO3": "UGA", "ADM0_NAME": "Uganda", "ADM0_CODE": 253, "ADM1_NAME": "Amolatar", "ADM1_CODE": 47067, "ADM2_NAME": "Kyoga", "ADM2_CODE": 28461, "GEOSET": "GAUL", "GEOSET_YEAR": 2011.0, "GEOSET_VERSION": "GAUL_v1", "GEOSET_UNIT": "ADM2", "CENTROID_LONG": 32.740127948035813, "CENTROID_LAT": 1.6220659707686209 }, "geometry": { "type": "MultiPolygon", "coordinates": [ [ [ [ 32.9397107, 1.8162578 ], [ 32.9713385, 1.7911099 ], [ 32.9992008, 1.715159 ], [ 32.9956992, 1.6743517 ], [ 32.9620389, 1.6258053 ], [ 32.9729428, 1.4800505 ], [ 32.8191947, 1.4778083 ], [ 32.6956409, 1.4535318 ], [ 32.6193481, 1.4450643 ], [ 32.5524762, 1.5223471 ], [ 32.5097523, 1.5244981 ], [ 32.4099374, 1.5932504 ], [ 32.3243425, 1.622744 ], [ 32.3118261, 1.6460965 ], [ 32.3541851, 1.6524616 ], [ 32.4143333, 1.6926523 ], [ 32.4572853, 1.6857926 ], [ 32.5882034, 1.6134153 ], [ 32.6197439, 1.6338432 ], [ 32.639282, 1.6825525 ], [ 32.8208509, 1.8390626 ], [ 32.874894, 1.812911 ], [ 32.9397107, 1.8162578 ] ] ] ] } },
{ "type": "Feature", "properties": { "POLYGON_ID": "UGA_GAUL2011_ADM2_28441", "ADM0_ISO3": "UGA", "ADM0_NAME": "Uganda", "ADM0_CODE": 253, "ADM1_NAME": "Amuria", "ADM1_CODE": 47068, "ADM2_NAME": "Amuria", "ADM2_CODE": 28441, "GEOSET": "GAUL", "GEOSET_YEAR": 2011.0, "GEOSET_VERSION": "GAUL_v1", "GEOSET_UNIT": "ADM2", "CENTROID_LONG": 33.64135136459376, "CENTROID_LAT": 2.0068712869919434 }, "geometry": { "type": "MultiPolygon", "coordinates": [ [ [ [ 33.4867605, 2.2358011 ], [ 33.56707, 2.183949 ], [ 33.6181793, 2.12815 ], [ 33.6409302, 2.1343219 ], [ 33.6352806, 2.2044029 ], [ 33.6598091, 2.2251439 ], [ 33.711441, 2.107069 ], [ 33.7506065, 2.059778 ], [ 33.7311058, 2.008904 ], [ 33.7904167, 1.962916 ], [ 33.8409996, 2.025269 ], [ 33.8820334, 2.0177364 ], [ 33.897167, 1.9795359 ], [ 33.884858, 1.9298062 ], [ 33.8462749, 1.8836905 ], [ 33.8705365, 1.8342403 ], [ 33.8690566, 1.7693557 ], [ 33.8098422, 1.7181256 ], [ 33.7746411, 1.8051082 ], [ 33.6623814, 1.8955268 ], [ 33.6450666, 1.9395007 ], [ 33.5761057, 1.9585799 ], [ 33.5312411, 2.0213089 ], [ 33.4837624, 2.0188303 ], [ 33.4459396, 1.9631386 ], [ 33.4388786, 1.8990756 ], [ 33.4063908, 1.9830143 ], [ 33.3637153, 2.0299243 ], [ 33.3469896, 2.0648975 ], [ 33.3701856, 2.1125067 ], [ 33.454493, 2.1307364 ], [ 33.4867605, 2.2358011 ] ] ] ] } },
{ "type": "Feature", "properties": { "POLYGON_ID": "UGA_GAUL2011_ADM2_28442", "ADM0_ISO3": "UGA", "ADM0_NAME": "Uganda", "ADM0_CODE": 253, "ADM1_NAME": "Amuria", "ADM1_CODE": 47068, "ADM2_NAME": "Kapelebyong", "ADM2_CODE": 28442, "GEOSET": "GAUL", "GEOSET_YEAR": 2011.0, "GEOSET_VERSION": "GAUL_v1", "GEOSET_UNIT": "ADM2", "CENTROID_LONG": 33.738635899144192, "CENTROID_LAT": 2.2170681200801239 }, "geometry": { "type": "MultiPolygon", "coordinates": [ [ [ [ 33.8820334, 2.0177364 ], [ 33.8409996, 2.025269 ], [ 33.7904167, 1.962916 ], [ 33.7311058, 2.008904 ], [ 33.7506065, 2.059778 ], [ 33.711441, 2.107069 ], [ 33.6598091, 2.2251439 ], [ 33.6352806, 2.2044029 ], [ 33.6409302, 2.1343219 ], [ 33.6181793, 2.12815 ], [ 33.56707, 2.183949 ], [ 33.4867605, 2.2358011 ], [ 33.5455473, 2.2835465 ], [ 33.5338064, 2.3557489 ], [ 33.5849941, 2.3329126 ], [ 33.6187576, 2.3418444 ], [ 33.7332506, 2.4193213 ], [ 33.9082274, 2.3091033 ], [ 33.8882903, 2.272663 ], [ 33.8823401, 2.1916298 ], [ 33.9016509, 2.1152565 ], [ 33.8820334, 2.0177364 ] ] ] ] } },
{ "type": "Feature", "properties": { "POLYGON_ID": "UGA_GAUL2011_ADM2_28387", "ADM0_ISO3": "UGA", "ADM0_NAME": "Uganda", "ADM0_CODE": 253, "ADM1_NAME": "Arua", "ADM1_CODE": 1057, "ADM2_NAME": "Arua Municipality", "ADM2_CODE": 28387, "GEOSET": "GAUL", "GEOSET_YEAR": 2011.0, "GEOSET_VERSION": "GAUL_v1", "GEOSET_UNIT": "ADM2", "CENTROID_LONG": 30.914710366666668, "CENTROID_LAT": 3.0215804 }, "geometry": { "type": "MultiPolygon", "coordinates": [ [ [ [ 30.9046307, 3.0400651 ], [ 30.9314365, 3.0206101 ], [ 30.9080639, 3.004066 ], [ 30.9046307, 3.0400651 ] ] ] ] } },
{ "type": "Feature", "properties": { "POLYGON_ID": "UGA_GAUL2011_ADM2_28388", "ADM0_ISO3": "UGA", "ADM0_NAME": "Uganda", "ADM0_CODE": 253, "ADM1_NAME": "Arua", "ADM1_CODE": 1057, "ADM2_NAME": "Ayivu", "ADM2_CODE": 28388, "GEOSET": "GAUL", "GEOSET_YEAR": 2011.0, "GEOSET_VERSION": "GAUL_v1", "GEOSET_UNIT": "ADM2", "CENTROID_LONG": 30.90444754682164, "CENTROID_LAT": 3.0500948947279394 }, "geometry": { "type": "MultiPolygon", "coordinates": [ [ [ [ 30.9326038, 3.1246024 ], [ 30.9986916, 3.085022 ], [ 31.0197716, 3.0434971 ], [ 31.0636482, 3.052691 ], [ 31.1238098, 3.0179009 ], [ 31.0260448, 3.007654 ], [ 30.9575195, 2.9798601 ], [ 30.8736248, 2.975728 ], [ 30.8540879, 2.959911 ], [ 30.8125, 3.0097225 ], [ 30.7701618, 3.0306463 ], [ 30.7677781, 3.0325006 ], [ 30.7636108, 3.041945 ], [ 30.7624997, 3.0549997 ], [ 30.7819005, 3.1264608 ], [ 30.9326038, 3.1246024 ] ], [ [ 30.9046307, 3.0400651 ], [ 30.9080639, 3.004066 ], [ 30.9314365, 3.0206101 ], [ 30.9046307, 3.0400651 ] ] ] ] } },
{ "type": "Feature", "properties": { "POLYGON_ID": "UGA_GAUL2011_ADM2_28390", "ADM0_ISO3": "UGA", "ADM0_NAME": "Uganda", "ADM0_CODE": 253, "ADM1_NAME": "Arua", "ADM1_CODE": 1057, "ADM2_NAME": "Madi-okollo", "ADM2_CODE": 28390, "GEOSET": "GAUL", "GEOSET_YEAR": 2011.0, "GEOSET_VERSION": "GAUL_v1", "GEOSET_UNIT": "ADM2", "CENTROID_LONG": 31.215419882927698, "CENTROID_LAT": 2.8372108074438711 }, "geometry": { "type": "MultiPolygon", "coordinates": [ [ [ [ 31.5111553, 3.1229102 ], [ 31.4539618, 3.0367713 ], [ 31.4055951, 2.9906585 ], [ 31.4172829, 2.9555602 ], [ 31.3789668, 2.9057762 ], [ 31.3608002, 2.8369684 ], [ 31.3855289, 2.7789423 ], [ 31.32484, 2.753772 ], [ 31.3562649, 2.7146918 ], [ 31.2919563, 2.6797184 ], [ 31.2365966, 2.6406016 ], [ 31.2077887, 2.5878638 ], [ 31.1243774, 2.5443061 ], [ 31.0197131, 2.5781013 ], [ 30.9842271, 2.5985682 ], [ 30.9757356, 2.6909021 ], [ 31.0086765, 2.8011129 ], [ 31.0438709, 2.8417561 ], [ 31.1015759, 2.8488159 ], [ 31.0954361, 2.8901939 ], [ 31.1447735, 3.0135839 ], [ 31.1953945, 3.082185 ], [ 31.3426094, 3.0835371 ], [ 31.3539677, 3.1112239 ], [ 31.4233856, 3.1352739 ], [ 31.5111553, 3.1229102 ] ] ] ] } },
{ "type": "Feature", "properties": { "POLYGON_ID": "UGA_GAUL2011_ADM2_28391", "ADM0_ISO3": "UGA", "ADM0_NAME": "Uganda", "ADM0_CODE": 253, "ADM1_NAME": "Maracha", "ADM1_CODE": 780, "ADM2_NAME": "Maracha", "ADM2_CODE": 28391, "GEOSET": "GAUL", "GEOSET_YEAR": 2011.0, "GEOSET_VERSION": "GAUL_v1", "GEOSET_UNIT": "ADM2", "CENTROID_LONG": 30.920274586304174, "CENTROID_LAT": 3.2393104147747747 }, "geometry": { "type": "MultiPolygon", "coordinates": [ [ [ [ 31.0524801, 3.3307942 ], [ 31.0829652, 3.2906072 ], [ 31.0300012, 3.2827645 ], [ 30.998017, 3.1908869 ], [ 30.9601474, 3.1723653 ], [ 30.9326038, 3.1246024 ], [ 30.7819005, 3.1264608 ], [ 30.8103696, 3.1955018 ], [ 30.8147552, 3.2052244 ], [ 30.8291664, 3.2524997 ], [ 30.8275, 3.2647222 ], [ 30.9087364, 3.3636423 ], [ 30.9100003, 3.3638889 ], [ 30.9126101, 3.3692867 ], [ 30.9125321, 3.3698586 ], [ 30.9123055, 3.3753486 ], [ 30.9431817, 3.3365655 ], [ 30.9872575, 3.3454835 ], [ 31.0524801, 3.3307942 ] ] ] ] } },
{ "type": "Feature", "properties": { "POLYGON_ID": "UGA_GAUL2011_ADM2_28392", "ADM0_ISO3": "UGA", "ADM0_NAME": "Uganda", "ADM0_CODE": 253, "ADM1_NAME": "Arua", "ADM1_CODE": 1057, "ADM2_NAME": "Terego", "ADM2_CODE": 28392, "GEOSET": "GAUL", "GEOSET_YEAR": 2011.0, "GEOSET_VERSION": "GAUL_v1", "GEOSET_UNIT": "ADM2", "CENTROID_LONG": 31.191047802539753, "CENTROID_LAT": 3.1747491051655712 }, "geometry": { "type": "MultiPolygon", "coordinates": [ [ [ [ 31.4779709, 3.1918167 ], [ 31.5382775, 3.1536549 ], [ 31.5111553, 3.1229102 ], [ 31.4233856, 3.1352739 ], [ 31.3539677, 3.1112239 ], [ 31.3426094, 3.0835371 ], [ 31.1953945, 3.082185 ], [ 31.1447735, 3.0135839 ], [ 31.1238098, 3.0179009 ], [ 31.0636482, 3.052691 ], [ 31.0197716, 3.0434971 ], [ 30.9986916, 3.085022 ], [ 30.9326038, 3.1246024 ], [ 30.9601474, 3.1723653 ], [ 30.998017, 3.1908869 ], [ 31.0300012, 3.2827645 ], [ 31.0829652, 3.2906072 ], [ 31.1377999, 3.3100329 ], [ 31.1514348, 3.3542822 ], [ 31.2029115, 3.3401813 ], [ 31.2510675, 3.285099 ], [ 31.3272821, 3.2687447 ], [ 31.3513838, 3.2229924 ], [ 31.3989203, 3.2195543 ], [ 31.4104469, 3.1836699 ], [ 31.4779709, 3.1918167 ] ] ] ] } },
{ "type": "Feature", "properties": { "POLYGON_ID": "UGA_GAUL2011_ADM2_28393", "ADM0_ISO3": "UGA", "ADM0_NAME": "Uganda", "ADM0_CODE": 253, "ADM1_NAME": "Arua", "ADM1_CODE": 1057, "ADM2_NAME": "Vurra", "ADM2_CODE": 28393, "GEOSET": "GAUL", "GEOSET_YEAR": 2011.0, "GEOSET_VERSION": "GAUL_v1", "GEOSET_UNIT": "ADM2", "CENTROID_LONG": 30.960952448273485, "CENTROID_LAT": 2.8542382635349326 }, "geometry": { "type": "MultiPolygon", "coordinates": [ [ [ [ 31.1238098, 3.0179009 ], [ 31.1447735, 3.0135839 ], [ 31.0954361, 2.8901939 ], [ 31.1015759, 2.8488159 ], [ 31.0438709, 2.8417561 ], [ 31.0086765, 2.8011129 ], [ 30.9757356, 2.6909021 ], [ 30.9248616, 2.7047776 ], [ 30.7796808, 2.6445425 ], [ 30.7916669, 2.6836114 ], [ 30.80231, 2.6921775 ], [ 30.8030558, 2.6927778 ], [ 30.8051677, 2.6988105 ], [ 30.8080558, 2.7213886 ], [ 30.8166664, 2.7691669 ], [ 30.8538889, 2.7866664 ], [ 30.8780553, 2.8436108 ], [ 30.8791667, 2.8919442 ], [ 30.8713889, 2.9113889 ], [ 30.8540879, 2.959911 ], [ 30.8736248, 2.975728 ], [ 30.9575195, 2.9798601 ], [ 31.0260448, 3.007654 ], [ 31.1238098, 3.0179009 ] ] ] ] } },
{ "type": "Feature", "properties": { "POLYGON_ID": "UGA_GAUL2011_ADM2_42203", "ADM0_ISO3": "UGA", "ADM0_NAME": "Uganda", "ADM0_CODE": 253, "ADM1_NAME": "Bukwo", "ADM1_CODE": 751, "ADM2_NAME": "Kongasis", "ADM2_CODE": 42203, "GEOSET": "GAUL", "GEOSET_YEAR": 2011.0, "GEOSET_VERSION": "GAUL_v1", "GEOSET_UNIT": "ADM2", "CENTROID_LONG": 34.680751068552233, "CENTROID_LAT": 1.2714708049807066 }, "geometry": { "type": "MultiPolygon", "coordinates": [ [ [ [ 34.79274, 1.36268 ], [ 34.8015211, 1.3484825 ], [ 34.8295199, 1.3032131 ], [ 34.829739, 1.302859 ], [ 34.8298361, 1.3027018 ], [ 34.8285579, 1.2841667 ], [ 34.8314378, 1.2664272 ], [ 34.820577, 1.2593312 ], [ 34.8137202, 1.2452803 ], [ 34.8110258, 1.2405447 ], [ 34.8094745, 1.2358091 ], [ 34.7308991, 1.2154745 ], [ 34.7278167, 1.2163811 ], [ 34.6701418, 1.2061602 ], [ 34.5883217, 1.1261611 ], [ 34.5748396, 1.1014192 ], [ 34.5744198, 1.1022564 ], [ 34.5731932, 1.1047027 ], [ 34.5707211, 1.1097457 ], [ 34.5604546, 1.1327842 ], [ 34.5542979, 1.1609873 ], [ 34.5530032, 1.2392568 ], [ 34.6001876, 1.3416463 ], [ 34.6779762, 1.3772963 ], [ 34.7408673, 1.3616417 ], [ 34.7542155, 1.4120938 ], [ 34.79274, 1.36268 ] ] ] ] } },
{ "type": "Feature", "properties": { "POLYGON_ID": "UGA_GAUL2011_ADM2_28539", "ADM0_ISO3": "UGA", "ADM0_NAME": "Uganda", "ADM0_CODE": 253, "ADM1_NAME": "Butaleja", "ADM1_CODE": 47071, "ADM2_NAME": "Bunyole", "ADM2_CODE": 28539, "GEOSET": "GAUL", "GEOSET_YEAR": 2011.0, "GEOSET_VERSION": "GAUL_v1", "GEOSET_UNIT": "ADM2", "CENTROID_LONG": 33.931685094428509, "CENTROID_LAT": 0.88347079348035296 }, "geometry": { "type": "MultiPolygon", "coordinates": [ [ [ [ 34.078638, 1.0436933 ], [ 34.1218997, 1.0092052 ], [ 34.1282237, 0.9579244 ], [ 34.1075288, 0.9052818 ], [ 34.042093, 0.8855282 ], [ 33.9998984, 0.8798798 ], [ 33.9409757, 0.8375037 ], [ 33.894116, 0.7073595 ], [ 33.8744887, 0.6891124 ], [ 33.8522374, 0.6986147 ], [ 33.8006822, 0.7675426 ], [ 33.7861858, 0.8276403 ], [ 33.7912445, 0.9191263 ], [ 33.7590298, 0.9485261 ], [ 33.7812522, 0.9590877 ], [ 33.8629739, 0.9455475 ], [ 33.9220011, 0.9403744 ], [ 33.9883231, 0.9693913 ], [ 34.0508686, 1.0367686 ], [ 34.078638, 1.0436933 ] ] ] ] } },
{ "type": "Feature", "properties": { "POLYGON_ID": "UGA_GAUL2011_ADM2_28483", "ADM0_ISO3": "UGA", "ADM0_NAME": "Uganda", "ADM0_CODE": 253, "ADM1_NAME": "Ibanda", "ADM1_CODE": 47072, "ADM2_NAME": "Ibanda", "ADM2_CODE": 28483, "GEOSET": "GAUL", "GEOSET_YEAR": 2011.0, "GEOSET_VERSION": "GAUL_v1", "GEOSET_UNIT": "ADM2", "CENTROID_LONG": 30.486655139786262, "CENTROID_LAT": -0.075090778207822936 }, "geometry": { "type": "MultiPolygon", "coordinates": [ [ [ [ 30.6075675, -0.205712 ], [ 30.5056339, -0.2584435 ], [ 30.470746, -0.2543595 ], [ 30.4089153, -0.2800766 ], [ 30.3538541, -0.1900346 ], [ 30.2835383, -0.2079899 ], [ 30.2454041, -0.121387 ], [ 30.2736128, -0.1102169 ], [ 30.3990193, -0.1760011 ], [ 30.4279528, -0.179075 ], [ 30.4093721, -0.0465164 ], [ 30.3840842, 0.0001374 ], [ 30.4515323, 0.064646 ], [ 30.4710269, 0.1072738 ], [ 30.6027149, 0.166353 ], [ 30.6388133, 0.1112463 ], [ 30.6226281, 0.0643677 ], [ 30.5784832, 0.0061139 ], [ 30.5751497, -0.0991896 ], [ 30.5875989, -0.1444293 ], [ 30.6257552, -0.158846 ], [ 30.6075675, -0.205712 ] ] ] ] } },
{ "type": "Feature", "properties": { "POLYGON_ID": "UGA_GAUL2011_ADM2_28482", "ADM0_ISO3": "UGA", "ADM0_NAME": "Uganda", "ADM0_CODE": 253, "ADM1_NAME": "Isingiro", "ADM1_CODE": 47073, "ADM2_NAME": "Bukanga", "ADM2_CODE": 28482, "GEOSET": "GAUL", "GEOSET_YEAR": 2011.0, "GEOSET_VERSION": "GAUL_v1", "GEOSET_UNIT": "ADM2", "CENTROID_LONG": 31.016642214018191, "CENTROID_LAT": -0.86646327325647476 }, "geometry": { "type": "MultiPolygon", "coordinates": [ [ [ [ 31.2285952, -0.9130387 ], [ 31.2699732, -0.9468284 ], [ 31.2715537, -0.9998932 ], [ 31.1842938, -0.9998943 ], [ 31.0485381, -0.9998961 ], [ 30.9781279, -0.999897 ], [ 30.9087538, -0.9998979 ], [ 30.9023976, -0.999898 ], [ 30.8089007, -0.9998992 ], [ 30.800118, -0.9998993 ], [ 30.7888859, -0.9928408 ], [ 30.7787585, -0.9892809 ], [ 30.7742779, -0.9861506 ], [ 30.754513, -0.9909349 ], [ 30.7772636, -0.846873 ], [ 30.8362217, -0.823661 ], [ 30.9017906, -0.764348 ], [ 30.9124727, -0.7011565 ], [ 30.9756835, -0.709592 ], [ 31.0921053, -0.6687268 ], [ 31.1331402, -0.6864881 ], [ 31.1990596, -0.7549498 ], [ 31.1927432, -0.8180446 ], [ 31.2285952, -0.9130387 ] ] ] ] } },
{ "type": "Feature", "properties": { "POLYGON_ID": "UGA_GAUL2011_ADM2_28484", "ADM0_ISO3": "UGA", "ADM0_NAME": "Uganda", "ADM0_CODE": 253, "ADM1_NAME": "Isingiro", "ADM1_CODE": 47073, "ADM2_NAME": "Isingiro", "ADM2_CODE": 28484, "GEOSET": "GAUL", "GEOSET_YEAR": 2011.0, "GEOSET_VERSION": "GAUL_v1", "GEOSET_UNIT": "ADM2", "CENTROID_LONG": 30.703675591793118, "CENTROID_LAT": -0.83475531623487731 }, "geometry": { "type": "MultiPolygon", "coordinates": [ [ [ [ 30.6331797, -0.8531287 ], [ 30.6545428, -0.8358236 ], [ 30.6400922, -0.6394391 ], [ 30.6995681, -0.6065591 ], [ 30.785416, -0.6014711 ], [ 30.8402574, -0.6215398 ], [ 30.8646837, -0.6689075 ], [ 30.9124727, -0.7011565 ], [ 30.9017906, -0.764348 ], [ 30.8362217, -0.823661 ], [ 30.7772636, -0.846873 ], [ 30.754513, -0.9909349 ], [ 30.753348, -0.9916133 ], [ 30.7421772, -1.0038889 ], [ 30.7350107, -1.0076027 ], [ 30.7279978, -1.0088918 ], [ 30.7268327, -1.009106 ], [ 30.7186081, -1.0142617 ], [ 30.6827019, -1.0276421 ], [ 30.6733725, -1.0361123 ], [ 30.6693215, -1.0437846 ], [ 30.6688919, -1.0512727 ], [ 30.6495578, -1.065942 ], [ 30.6340292, -1.065942 ], [ 30.6331958, -1.066823 ], [ 30.631881, -1.068213 ], [ 30.6264797, -1.0682744 ], [ 30.6159227, -1.0669854 ], [ 30.6102759, -1.0644689 ], [ 30.6065812, -1.0646769 ], [ 30.5960976, -1.0652669 ], [ 30.5885481, -1.0608476 ], [ 30.5659581, -1.064028 ], [ 30.5634476, -1.0641849 ], [ 30.5598846, -1.0644076 ], [ 30.549389, -1.0683358 ], [ 30.5395318, -1.0753007 ], [ 30.5386985, -1.0754704 ], [ 30.5326328, -1.0739825 ], [ 30.5084767, -1.0719741 ], [ 30.500839, -1.066433 ], [ 30.4969108, -1.0615842 ], [ 30.4766963, -1.0572951 ], [ 30.5009705, -0.9873431 ], [ 30.5376272, -0.928687 ], [ 30.6331797, -0.8531287 ] ] ] ] } },
{ "type": "Feature", "properties": { "POLYGON_ID": "UGA_GAUL2011_ADM2_28453", "ADM0_ISO3": "UGA", "ADM0_NAME": "Uganda", "ADM0_CODE": 253, "ADM1_NAME": "Kaabong", "ADM1_CODE": 47074, "ADM2_NAME": "Dodoth", "ADM2_CODE": 28453, "GEOSET": "GAUL", "GEOSET_YEAR": 2011.0, "GEOSET_VERSION": "GAUL_v1", "GEOSET_UNIT": "ADM2", "CENTROID_LONG": 34.028002923154702, "CENTROID_LAT": 3.6037853347771622 }, "geometry": { "type": "MultiPolygon", "coordinates": [ [ [ [ 34.5543938, 3.1077269 ], [ 34.5534005, 3.1070828 ], [ 34.5531726, 3.106935 ], [ 34.5494514, 3.1018492 ], [ 34.544717, 3.0964255 ], [ 34.5197237, 3.0893339 ], [ 34.4864608, 3.0996748 ], [ 34.441505, 3.0827577 ], [ 34.3967854, 3.0949236 ], [ 34.3220322, 3.0904201 ], [ 34.2116949, 3.1483008 ], [ 34.1454636, 3.2233115 ], [ 34.0818762, 3.2536359 ], [ 34.0018863, 3.2531617 ], [ 33.9018571, 3.2659894 ], [ 33.9035155, 3.3136628 ], [ 33.8230219, 3.3156431 ], [ 33.7396966, 3.3644864 ], [ 33.6985171, 3.4475881 ], [ 33.6370246, 3.4917779 ], [ 33.6383607, 3.5653603 ], [ 33.6018505, 3.5975309 ], [ 33.5148942, 3.7545522 ], [ 33.659231, 3.8929548 ], [ 33.99449, 4.21443 ], [ 34.0037924, 4.2073215 ], [ 34.06173, 4.14565 ], [ 34.05343, 4.11838 ], [ 34.05231, 4.10916 ], [ 34.05542, 4.1035 ], [ 34.0705497, 4.0920902 ], [ 34.0707146, 4.0918813 ], [ 34.07342, 4.08845 ], [ 34.0910508, 4.0525759 ], [ 34.09151, 4.04888 ], [ 34.09049, 4.04392 ], [ 34.08636, 4.03686 ], [ 34.0833926, 4.0356426 ], [ 34.06196, 4.02685 ], [ 34.05705, 4.02031 ], [ 34.1296, 3.94211 ], [ 34.12296, 3.91079 ], [ 34.120017, 3.9030454 ], [ 34.11859, 3.89929 ], [ 34.1185784, 3.899284 ], [ 34.0930217, 3.8861921 ], [ 34.09292, 3.88614 ], [ 34.0910276, 3.8830859 ], [ 34.09033, 3.88196 ], [ 34.09114, 3.8731 ], [ 34.16339, 3.87131 ], [ 34.17921, 3.87998 ], [ 34.1852552, 3.881404 ], [ 34.18596, 3.88157 ], [ 34.20103, 3.88137 ], [ 34.2185735, 3.8335902 ], [ 34.20902, 3.82898 ], [ 34.17914, 3.82755 ], [ 34.1727118, 3.8250416 ], [ 34.16489, 3.81863 ], [ 34.15585, 3.80529 ], [ 34.1556, 3.8019 ], [ 34.15898, 3.80035 ], [ 34.1650644, 3.7998233 ], [ 34.18497, 3.7981 ], [ 34.18836, 3.79499 ], [ 34.1888459, 3.7907697 ], [ 34.1888998, 3.7902996 ], [ 34.1883665, 3.7893261 ], [ 34.16947, 3.77613 ], [ 34.16948, 3.771961 ], [ 34.1697583, 3.7714629 ], [ 34.1721, 3.76728 ], [ 34.2253329, 3.7763405 ], [ 34.22844, 3.77611 ], [ 34.2302481, 3.7768627 ], [ 34.24427, 3.7827 ], [ 34.2496793, 3.7818123 ], [ 34.2520682, 3.7814203 ], [ 34.25732, 3.7658 ], [ 34.26648, 3.74731 ], [ 34.2844353, 3.7305626 ], [ 34.29933, 3.71667 ], [ 34.3030598, 3.6908616 ], [ 34.3042256, 3.6915257 ], [ 34.30721, 3.69323 ], [ 34.31646, 3.72012 ], [ 34.3572076, 3.7362264 ], [ 34.37462, 3.73261 ], [ 34.38165, 3.72742 ], [ 34.39786, 3.69879 ], [ 34.45613, 3.67423 ], [ 34.45985, 3.64973 ], [ 34.4570891, 3.6248642 ], [ 34.45507, 3.60668 ], [ 34.4538299, 3.5783452 ], [ 34.4430468, 3.5086885 ], [ 34.44087, 3.50491 ], [ 34.42869, 3.49522 ], [ 34.4198927, 3.4902251 ], [ 34.39549, 3.48205 ], [ 34.4089369, 3.4575398 ], [ 34.4103891, 3.4248641 ], [ 34.40197, 3.41114 ], [ 34.4008404, 3.4069065 ], [ 34.4003303, 3.393912 ], [ 34.40129, 3.3814 ], [ 34.41308, 3.35406 ], [ 34.43952, 3.29183 ], [ 34.4546976, 3.1872888 ], [ 34.46226, 3.17065 ], [ 34.4941675, 3.1428476 ], [ 34.49714, 3.14365 ], [ 34.50155, 3.14706 ], [ 34.51219, 3.14658 ], [ 34.54572, 3.13471 ], [ 34.54937, 3.13133 ], [ 34.5527317, 3.1155355 ], [ 34.5543938, 3.1077269 ] ] ] ] } },
{ "type": "Feature", "properties": { "POLYGON_ID": "UGA_GAUL2011_ADM2_28434", "ADM0_ISO3": "UGA", "ADM0_NAME": "Uganda", "ADM0_CODE": 253, "ADM1_NAME": "Kaliro", "ADM1_CODE": 47075, "ADM2_NAME": "Bulamogi", "ADM2_CODE": 28434, "GEOSET": "GAUL", "GEOSET_YEAR": 2011.0, "GEOSET_VERSION": "GAUL_v1", "GEOSET_UNIT": "ADM2", "CENTROID_LONG": 33.481889590567022, "CENTROID_LAT": 1.0683575426706011 }, "geometry": { "type": "MultiPolygon", "coordinates": [ [ [ [ 33.6255312, 1.1069687 ], [ 33.6358053, 1.0917264 ], [ 33.5697205, 0.9818841 ], [ 33.5408164, 0.8903272 ], [ 33.4978447, 0.8709458 ], [ 33.4336232, 0.8824887 ], [ 33.3960463, 0.9108201 ], [ 33.4165795, 1.0018771 ], [ 33.395237, 1.0068386 ], [ 33.3342871, 1.0801259 ], [ 33.3974457, 1.2043145 ], [ 33.4318364, 1.2510479 ], [ 33.4395805, 1.2946571 ], [ 33.5192943, 1.2071209 ], [ 33.5907278, 1.1657433 ], [ 33.6255312, 1.1069687 ] ] ] ] } },
{ "type": "Feature", "properties": { "POLYGON_ID": "UGA_GAUL2011_ADM2_28432", "ADM0_ISO3": "UGA", "ADM0_NAME": "Uganda", "ADM0_CODE": 253, "ADM1_NAME": "Buyende", "ADM1_CODE": 756, "ADM2_NAME": "Budiope", "ADM2_CODE": 28432, "GEOSET": "GAUL", "GEOSET_YEAR": 2011.0, "GEOSET_VERSION": "GAUL_v1", "GEOSET_UNIT": "ADM2", "CENTROID_LONG": 33.142139814004643, "CENTROID_LAT": 1.2646285694160748 }, "geometry": { "type": "MultiPolygon", "coordinates": [ [ [ [ 32.9729428, 1.4800505 ], [ 33.0147163, 1.4637296 ], [ 33.0636521, 1.4396825 ], [ 33.1508203, 1.3589693 ], [ 33.2461562, 1.3371712 ], [ 33.3132287, 1.3788771 ], [ 33.3755181, 1.3696563 ], [ 33.3946494, 1.3367266 ], [ 33.4395805, 1.2946571 ], [ 33.4318364, 1.2510479 ], [ 33.3974457, 1.2043145 ], [ 33.3342871, 1.0801259 ], [ 33.3061887, 1.0572908 ], [ 33.306148, 0.9870599 ], [ 33.2250037, 0.9896093 ], [ 33.1797623, 1.0407953 ], [ 33.1510568, 1.0469085 ], [ 33.1251873, 1.1627789 ], [ 33.0295658, 1.2264303 ], [ 32.9324607, 1.2251406 ], [ 32.8996738, 1.2808007 ], [ 32.8420524, 1.3227488 ], [ 32.8191947, 1.4778083 ], [ 32.9729428, 1.4800505 ] ] ] ] } },
{ "type": "Feature", "properties": { "POLYGON_ID": "UGA_GAUL2011_ADM2_28433", "ADM0_ISO3": "UGA", "ADM0_NAME": "Uganda", "ADM0_CODE": 253, "ADM1_NAME": "Kamuli", "ADM1_CODE": 760, "ADM2_NAME": "Bugabula", "ADM2_CODE": 28433, "GEOSET": "GAUL", "GEOSET_YEAR": 2011.0, "GEOSET_VERSION": "GAUL_v1", "GEOSET_UNIT": "ADM2", "CENTROID_LONG": 33.095991194496861, "CENTROID_LAT": 1.0038478416655965 }, "geometry": { "type": "MultiPolygon", "coordinates": [ [ [ [ 33.306148, 0.9870599 ], [ 33.2895252, 0.8460432 ], [ 33.2506791, 0.7753241 ], [ 33.2397804, 0.825142 ], [ 33.1926117, 0.850661 ], [ 33.1394043, 0.832334 ], [ 33.0735817, 0.890193 ], [ 33.0021476, 0.8746689 ], [ 32.9763293, 0.9053361 ], [ 32.9453683, 0.947889 ], [ 32.9312526, 1.013485 ], [ 32.9354481, 1.0931857 ], [ 32.9568363, 1.1156465 ], [ 32.9639332, 1.1940889 ], [ 32.9324607, 1.2251406 ], [ 33.0295658, 1.2264303 ], [ 33.1251873, 1.1627789 ], [ 33.1510568, 1.0469085 ], [ 33.1797623, 1.0407953 ], [ 33.2250037, 0.9896093 ], [ 33.306148, 0.9870599 ] ] ] ] } },
{ "type": "Feature", "properties": { "POLYGON_ID": "UGA_GAUL2011_ADM2_28435", "ADM0_ISO3": "UGA", "ADM0_NAME": "Uganda", "ADM0_CODE": 253, "ADM1_NAME": "Kamuli", "ADM1_CODE": 760, "ADM2_NAME": "Buzaaya", "ADM2_CODE": 28435, "GEOSET": "GAUL", "GEOSET_YEAR": 2011.0, "GEOSET_VERSION": "GAUL_v1", "GEOSET_UNIT": "ADM2", "CENTROID_LONG": 33.127017198958889, "CENTROID_LAT": 0.77631109582740421 }, "geometry": { "type": "MultiPolygon", "coordinates": [ [ [ [ 33.2506791, 0.7753241 ], [ 33.2193739, 0.7324032 ], [ 33.2224749, 0.6867073 ], [ 33.1577839, 0.6976939 ], [ 33.1307264, 0.6702853 ], [ 33.0863075, 0.682549 ], [ 33.0469755, 0.6625467 ], [ 33.0505602, 0.7420123 ], [ 33.0272607, 0.8327403 ], [ 33.0021476, 0.8746689 ], [ 33.0735817, 0.890193 ], [ 33.1394043, 0.832334 ], [ 33.1926117, 0.850661 ], [ 33.2397804, 0.825142 ], [ 33.2506791, 0.7753241 ] ] ] ] } },
{ "type": "Feature", "properties": { "POLYGON_ID": "UGA_GAUL2011_ADM2_42204", "ADM0_ISO3": "UGA", "ADM0_NAME": "Uganda", "ADM0_CODE": 253, "ADM1_NAME": "Kween", "ADM1_CODE": 766, "ADM2_NAME": "Kween", "ADM2_CODE": 42204, "GEOSET": "GAUL", "GEOSET_YEAR": 2011.0, "GEOSET_VERSION": "GAUL_v1", "GEOSET_UNIT": "ADM2", "CENTROID_LONG": 34.571294837521741, "CENTROID_LAT": 1.4346282863209552 }, "geometry": { "type": "MultiPolygon", "coordinates": [ [ [ [ 34.5748396, 1.1014192 ], [ 34.5724567, 1.0970462 ], [ 34.5482898, 1.1018024 ], [ 34.5331197, 1.104788 ], [ 34.5334452, 1.106328 ], [ 34.5337886, 1.1079524 ], [ 34.5342387, 1.1093119 ], [ 34.53712, 1.1155651 ], [ 34.5259525, 1.1219234 ], [ 34.5261456, 1.1318866 ], [ 34.5357756, 1.1828513 ], [ 34.5269048, 1.2469139 ], [ 34.4863643, 1.3298416 ], [ 34.479453, 1.4577045 ], [ 34.4467016, 1.4794805 ], [ 34.4447188, 1.5061286 ], [ 34.3931284, 1.5655927 ], [ 34.4980815, 1.5982422 ], [ 34.5445102, 1.6010618 ], [ 34.6224216, 1.5719481 ], [ 34.6585319, 1.5271519 ], [ 34.6991664, 1.5270668 ], [ 34.7175238, 1.4497235 ], [ 34.7542155, 1.4120938 ], [ 34.7408673, 1.3616417 ], [ 34.6779762, 1.3772963 ], [ 34.6001876, 1.3416463 ], [ 34.5530032, 1.2392568 ], [ 34.5542979, 1.1609873 ], [ 34.5604546, 1.1327842 ], [ 34.5707211, 1.1097457 ], [ 34.5731932, 1.1047027 ], [ 34.5744198, 1.1022564 ], [ 34.5748396, 1.1014192 ] ] ] ] } },
{ "type": "Feature", "properties": { "POLYGON_ID": "UGA_GAUL2011_ADM2_42205", "ADM0_ISO3": "UGA", "ADM0_NAME": "Uganda", "ADM0_CODE": 253, "ADM1_NAME": "Kapchorwa", "ADM1_CODE": 761, "ADM2_NAME": "Tingey", "ADM2_CODE": 42205, "GEOSET": "GAUL", "GEOSET_YEAR": 2011.0, "GEOSET_VERSION": "GAUL_v1", "GEOSET_UNIT": "ADM2", "CENTROID_LONG": 34.424269054154536, "CENTROID_LAT": 1.3565487285597977 }, "geometry": { "type": "MultiPolygon", "coordinates": [ [ [ [ 34.5357756, 1.1828513 ], [ 34.4976776, 1.238623 ], [ 34.3981241, 1.2977091 ], [ 34.3183346, 1.3149956 ], [ 34.3247159, 1.3919133 ], [ 34.3744051, 1.4436253 ], [ 34.4467016, 1.4794805 ], [ 34.479453, 1.4577045 ], [ 34.4863643, 1.3298416 ], [ 34.5269048, 1.2469139 ], [ 34.5357756, 1.1828513 ] ] ] ] } },
{ "type": "Feature", "properties": { "POLYGON_ID": "UGA_GAUL2011_ADM2_28443", "ADM0_ISO3": "UGA", "ADM0_NAME": "Uganda", "ADM0_CODE": 253, "ADM1_NAME": "Katakwi", "ADM1_CODE": 47078, "ADM2_NAME": "Usuk", "ADM2_CODE": 28443, "GEOSET": "GAUL", "GEOSET_YEAR": 2011.0, "GEOSET_VERSION": "GAUL_v1", "GEOSET_UNIT": "ADM2", "CENTROID_LONG": 34.03620495497988, "CENTROID_LAT": 1.9254578408798333 }, "geometry": { "type": "MultiPolygon", "coordinates": [ [ [ [ 34.2220146, 1.8828225 ], [ 34.221449, 1.6430615 ], [ 34.0107056, 1.6517015 ], [ 33.9518641, 1.6381853 ], [ 33.8976172, 1.6539227 ], [ 33.8109959, 1.6817366 ], [ 33.8098422, 1.7181256 ], [ 33.8690566, 1.7693557 ], [ 33.8705365, 1.8342403 ], [ 33.8462749, 1.8836905 ], [ 33.884858, 1.9298062 ], [ 33.897167, 1.9795359 ], [ 33.8820334, 2.0177364 ], [ 33.9016509, 2.1152565 ], [ 33.8823401, 2.1916298 ], [ 33.8882903, 2.272663 ], [ 33.9082274, 2.3091033 ], [ 34.2112084, 2.1215637 ], [ 34.2224302, 1.9837687 ], [ 34.2220146, 1.8828225 ] ] ] ] } },
{ "type": "Feature", "properties": { "POLYGON_ID": "UGA_GAUL2011_ADM2_28486", "ADM0_ISO3": "UGA", "ADM0_NAME": "Uganda", "ADM0_CODE": 253, "ADM1_NAME": "Kiruhura", "ADM1_CODE": 47079, "ADM2_NAME": "Kazo", "ADM2_CODE": 28486, "GEOSET": "GAUL", "GEOSET_YEAR": 2011.0, "GEOSET_VERSION": "GAUL_v1", "GEOSET_UNIT": "ADM2", "CENTROID_LONG": 30.791689902890987, "CENTROID_LAT": 0.043136010314772155 }, "geometry": { "type": "MultiPolygon", "coordinates": [ [ [ [ 31.0539277, 0.0640014 ], [ 30.9987259, 0.027255 ], [ 30.9125595, 0.027247 ], [ 30.9348888, -0.027992 ], [ 30.9365559, -0.083334 ], [ 30.8382549, -0.093639 ], [ 30.7829952, -0.167563 ], [ 30.7513599, -0.171722 ], [ 30.7122288, -0.120876 ], [ 30.6257552, -0.158846 ], [ 30.5875989, -0.1444293 ], [ 30.5751497, -0.0991896 ], [ 30.5784832, 0.0061139 ], [ 30.6226281, 0.0643677 ], [ 30.6388133, 0.1112463 ], [ 30.6027149, 0.166353 ], [ 30.6643521, 0.2109329 ], [ 30.7707841, 0.207434 ], [ 31.0127354, 0.2009935 ], [ 31.0465613, 0.1494012 ], [ 31.0539277, 0.0640014 ] ] ] ] } },
{ "type": "Feature", "properties": { "POLYGON_ID": "UGA_GAUL2011_ADM2_28488", "ADM0_ISO3": "UGA", "ADM0_NAME": "Uganda", "ADM0_CODE": 253, "ADM1_NAME": "Kiruhura", "ADM1_CODE": 47079, "ADM2_NAME": "Nyabushozi", "ADM2_CODE": 28488, "GEOSET": "GAUL", "GEOSET_YEAR": 2011.0, "GEOSET_VERSION": "GAUL_v1", "GEOSET_UNIT": "ADM2", "CENTROID_LONG": 30.914058026987039, "CENTROID_LAT": -0.34846156953215052 }, "geometry": { "type": "MultiPolygon", "coordinates": [ [ [ [ 31.0907516, -0.0411662 ], [ 31.0979143, -0.1222588 ], [ 31.0678077, -0.2396976 ], [ 31.0812703, -0.3013161 ], [ 31.1539677, -0.4873557 ], [ 31.0921053, -0.6687268 ], [ 30.9756835, -0.709592 ], [ 30.9124727, -0.7011565 ], [ 30.8646837, -0.6689075 ], [ 30.8402574, -0.6215398 ], [ 30.785416, -0.6014711 ], [ 30.7771105, -0.5657365 ], [ 30.8195586, -0.5086861 ], [ 30.7491952, -0.4522594 ], [ 30.6830119, -0.4205793 ], [ 30.6785975, -0.3545974 ], [ 30.6141006, -0.2952166 ], [ 30.6241954, -0.2318489 ], [ 30.6075675, -0.205712 ], [ 30.6257552, -0.158846 ], [ 30.7122288, -0.120876 ], [ 30.7513599, -0.171722 ], [ 30.7829952, -0.167563 ], [ 30.8382549, -0.093639 ], [ 30.9365559, -0.083334 ], [ 30.9348888, -0.027992 ], [ 30.9125595, 0.027247 ], [ 30.9987259, 0.027255 ], [ 31.0539277, 0.0640014 ], [ 31.0562517, 0.0147242 ], [ 31.0230636, -0.0231856 ], [ 31.0907516, -0.0411662 ] ] ] ] } },
{ "type": "Feature", "properties": { "POLYGON_ID": "UGA_GAUL2011_ADM2_28389", "ADM0_ISO3": "UGA", "ADM0_NAME": "Uganda", "ADM0_CODE": 253, "ADM1_NAME": "Koboko", "ADM1_CODE": 47080, "ADM2_NAME": "Koboko", "ADM2_CODE": 28389, "GEOSET": "GAUL", "GEOSET_YEAR": 2011.0, "GEOSET_VERSION": "GAUL_v1", "GEOSET_UNIT": "ADM2", "CENTROID_LONG": 31.01087039262131, "CENTROID_LAT": 3.5250365869736697 }, "geometry": { "type": "MultiPolygon", "coordinates": [ [ [ [ 31.099954, 3.7360273 ], [ 31.0988765, 3.5941171 ], [ 31.0874593, 3.4536738 ], [ 31.0952791, 3.4216775 ], [ 31.0524801, 3.3307942 ], [ 30.9872575, 3.3454835 ], [ 30.9431817, 3.3365655 ], [ 30.9123055, 3.3753486 ], [ 30.9352064, 3.4165261 ], [ 30.9353667, 3.4202879 ], [ 30.9355556, 3.4247222 ], [ 30.9349316, 3.4269342 ], [ 30.9288892, 3.4924997 ], [ 30.9285532, 3.4963636 ], [ 30.8983331, 3.5230553 ], [ 30.8545296, 3.4874709 ], [ 30.912195, 3.5671804 ], [ 30.9732118, 3.6912042 ], [ 31.0327197, 3.6985149 ], [ 31.0734857, 3.7444319 ], [ 31.099954, 3.7360273 ] ] ] ] } },
{ "type": "Feature", "properties": { "POLYGON_ID": "UGA_GAUL2011_ADM2_28454", "ADM0_ISO3": "UGA", "ADM0_NAME": "Uganda", "ADM0_CODE": 253, "ADM1_NAME": "Kotido", "ADM1_CODE": 765, "ADM2_NAME": "Jie", "ADM2_CODE": 28454, "GEOSET": "GAUL", "GEOSET_YEAR": 2011.0, "GEOSET_VERSION": "GAUL_v1", "GEOSET_UNIT": "ADM2", "CENTROID_LONG": 33.98595250293863, "CENTROID_LAT": 3.0284201648328102 }, "geometry": { "type": "MultiPolygon", "coordinates": [ [ [ [ 34.3967854, 3.0949236 ], [ 34.3476511, 2.9939228 ], [ 34.2807261, 2.9133774 ], [ 34.2601757, 2.7300381 ], [ 34.1478414, 2.7625957 ], [ 34.1023134, 2.7583362 ], [ 34.0468917, 2.7286559 ], [ 33.9857476, 2.6719276 ], [ 33.9650241, 2.6196501 ], [ 33.8801505, 2.6734192 ], [ 33.9026635, 2.7989952 ], [ 33.8951774, 2.86116 ], [ 33.8504471, 2.952015 ], [ 33.8033129, 2.986428 ], [ 33.7513787, 2.9685661 ], [ 33.6862138, 3.0566528 ], [ 33.6933292, 3.141379 ], [ 33.6127707, 3.1336259 ], [ 33.558729, 3.1519271 ], [ 33.5497695, 3.2844783 ], [ 33.5949026, 3.281261 ], [ 33.6464474, 3.247204 ], [ 33.6865305, 3.2446031 ], [ 33.7396966, 3.3644864 ], [ 33.8230219, 3.3156431 ], [ 33.9035155, 3.3136628 ], [ 33.9018571, 3.2659894 ], [ 34.0018863, 3.2531617 ], [ 34.0818762, 3.2536359 ], [ 34.1454636, 3.2233115 ], [ 34.2116949, 3.1483008 ], [ 34.3220322, 3.0904201 ], [ 34.3967854, 3.0949236 ] ] ] ] } },
{ "type": "Feature", "properties": { "POLYGON_ID": "UGA_GAUL2011_ADM2_28455", "ADM0_ISO3": "UGA", "ADM0_NAME": "Uganda", "ADM0_CODE": 253, "ADM1_NAME": "Abim", "ADM1_CODE": 743, "ADM2_NAME": "Labwor", "ADM2_CODE": 28455, "GEOSET": "GAUL", "GEOSET_YEAR": 2011.0, "GEOSET_VERSION": "GAUL_v1", "GEOSET_UNIT": "ADM2", "CENTROID_LONG": 33.730205011306168, "CENTROID_LAT": 2.7496620439988386 }, "geometry": { "type": "MultiPolygon", "coordinates": [ [ [ [ 33.9650241, 2.6196501 ], [ 34.0325902, 2.5220109 ], [ 33.9103245, 2.4957267 ], [ 33.8159741, 2.5119674 ], [ 33.7733788, 2.5049643 ], [ 33.701619, 2.4602063 ], [ 33.6494826, 2.4568342 ], [ 33.5873902, 2.5189533 ], [ 33.5322308, 2.606688 ], [ 33.522938, 2.6818844 ], [ 33.5374841, 2.7200597 ], [ 33.6030087, 2.7898377 ], [ 33.6037883, 2.8730622 ], [ 33.5764597, 2.8835079 ], [ 33.5793338, 2.9490355 ], [ 33.558729, 3.1519271 ], [ 33.6127707, 3.1336259 ], [ 33.6933292, 3.141379 ], [ 33.6862138, 3.0566528 ], [ 33.7513787, 2.9685661 ], [ 33.8033129, 2.986428 ], [ 33.8504471, 2.952015 ], [ 33.8951774, 2.86116 ], [ 33.9026635, 2.7989952 ], [ 33.8801505, 2.6734192 ], [ 33.9650241, 2.6196501 ] ] ] ] } },
{ "type": "Feature", "properties": { "POLYGON_ID": "UGA_GAUL2011_ADM2_28459", "ADM0_ISO3": "UGA", "ADM0_NAME": "Uganda", "ADM0_CODE": 253, "ADM1_NAME": "Dokolo", "ADM1_CODE": 789, "ADM2_NAME": "Dokolo", "ADM2_CODE": 28459, "GEOSET": "GAUL", "GEOSET_YEAR": 2011.0, "GEOSET_VERSION": "GAUL_v1", "GEOSET_UNIT": "ADM2", "CENTROID_LONG": 33.079679494904838, "CENTROID_LAT": 1.9406565657219654 }, "geometry": { "type": "MultiPolygon", "coordinates": [ [ [ [ 33.2895914, 2.0417527 ], [ 33.2707669, 1.9607379 ], [ 33.2201911, 1.9125327 ], [ 33.1410325, 1.8599125 ], [ 33.1171904, 1.86082 ], [ 33.0830795, 1.7347583 ], [ 33.0480575, 1.7116519 ], [ 32.9992008, 1.715159 ], [ 32.9713385, 1.7911099 ], [ 32.9397107, 1.8162578 ], [ 32.9536216, 1.9480388 ], [ 32.8955263, 1.9831745 ], [ 32.8939705, 2.0740484 ], [ 32.9742589, 2.0703892 ], [ 33.0343278, 2.0151002 ], [ 33.1348018, 2.1115218 ], [ 33.2413545, 2.0844237 ], [ 33.2895914, 2.0417527 ] ] ] ] } },
{ "type": "Feature", "properties": { "POLYGON_ID": "UGA_GAUL2011_ADM2_28460", "ADM0_ISO3": "UGA", "ADM0_NAME": "Uganda", "ADM0_CODE": 253, "ADM1_NAME": "Lira", "ADM1_CODE": 1370, "ADM2_NAME": "Erute", "ADM2_CODE": 28460, "GEOSET": "GAUL", "GEOSET_YEAR": 2011.0, "GEOSET_VERSION": "GAUL_v1", "GEOSET_UNIT": "ADM2", "CENTROID_LONG": 32.967789093234053, "CENTROID_LAT": 2.3045573257424312 }, "geometry": { "type": "MultiPolygon", "coordinates": [ [ [ [ 33.0058225, 2.5333564 ], [ 33.0091891, 2.4999546 ], [ 33.0247636, 2.444622 ], [ 32.9812337, 2.3968285 ], [ 32.9991004, 2.3075394 ], [ 33.0864801, 2.3373003 ], [ 33.1000685, 2.2907615 ], [ 33.1407772, 2.2479529 ], [ 33.1543072, 2.1725699 ], [ 33.1042711, 2.1707725 ], [ 33.1348018, 2.1115218 ], [ 33.0343278, 2.0151002 ], [ 32.9742589, 2.0703892 ], [ 32.8939705, 2.0740484 ], [ 32.8722711, 2.087489 ], [ 32.9157481, 2.1115972 ], [ 32.9141175, 2.1754415 ], [ 32.8280776, 2.2213889 ], [ 32.8097546, 2.2510936 ], [ 32.8179026, 2.3091111 ], [ 32.8550616, 2.3027688 ], [ 32.9021819, 2.3395093 ], [ 32.9203382, 2.3896668 ], [ 32.8836777, 2.4481212 ], [ 32.8620058, 2.5192017 ], [ 32.8246628, 2.5224055 ], [ 32.7764522, 2.5876614 ], [ 32.8247183, 2.6543393 ], [ 33.0058225, 2.5333564 ] ], [ [ 32.9044685, 2.279372 ], [ 32.8658562, 2.253222 ], [ 32.9223213, 2.219048 ], [ 32.9294586, 2.258585 ], [ 32.9044685, 2.279372 ] ] ] ] } },
{ "type": "Feature", "properties": { "POLYGON_ID": "UGA_GAUL2011_ADM2_28462", "ADM0_ISO3": "UGA", "ADM0_NAME": "Uganda", "ADM0_CODE": 253, "ADM1_NAME": "Lira", "ADM1_CODE": 1370, "ADM2_NAME": "Lira Municipality", "ADM2_CODE": 28462, "GEOSET": "GAUL", "GEOSET_YEAR": 2011.0, "GEOSET_VERSION": "GAUL_v1", "GEOSET_UNIT": "ADM2", "CENTROID_LONG": 32.903675187692563, "CENTROID_LAT": 2.2510639259817538 }, "geometry": { "type": "MultiPolygon", "coordinates": [ [ [ [ 32.9044685, 2.279372 ], [ 32.9294586, 2.258585 ], [ 32.9223213, 2.219048 ], [ 32.8658562, 2.253222 ], [ 32.9044685, 2.279372 ] ] ] ] } },
{ "type": "Feature", "properties": { "POLYGON_ID": "UGA_GAUL2011_ADM2_28463", "ADM0_ISO3": "UGA", "ADM0_NAME": "Uganda", "ADM0_CODE": 253, "ADM1_NAME": "Alebtong", "ADM1_CODE": 852, "ADM2_NAME": "Moroto", "ADM2_CODE": 28463, "GEOSET": "GAUL", "GEOSET_YEAR": 2011.0, "GEOSET_VERSION": "GAUL_v1", "GEOSET_UNIT": "ADM2", "CENTROID_LONG": 33.257932934205556, "CENTROID_LAT": 2.2669491831706896 }, "geometry": { "type": "MultiPolygon", "coordinates": [ [ [ [ 33.5338064, 2.3557489 ], [ 33.5455473, 2.2835465 ], [ 33.4867605, 2.2358011 ], [ 33.454493, 2.1307364 ], [ 33.3701856, 2.1125067 ], [ 33.3469896, 2.0648975 ], [ 33.3637153, 2.0299243 ], [ 33.3137704, 2.0563584 ], [ 33.2895914, 2.0417527 ], [ 33.2413545, 2.0844237 ], [ 33.1348018, 2.1115218 ], [ 33.1042711, 2.1707725 ], [ 33.1543072, 2.1725699 ], [ 33.1407772, 2.2479529 ], [ 33.1000685, 2.2907615 ], [ 33.0864801, 2.3373003 ], [ 32.9991004, 2.3075394 ], [ 32.9812337, 2.3968285 ], [ 33.0247636, 2.444622 ], [ 33.0091891, 2.4999546 ], [ 33.0573963, 2.5064232 ], [ 33.1357455, 2.4849182 ], [ 33.1390394, 2.4487981 ], [ 33.2456782, 2.3594436 ], [ 33.3100598, 2.324328 ], [ 33.3809974, 2.329649 ], [ 33.4328465, 2.3636656 ], [ 33.5338064, 2.3557489 ] ] ] ] } },
{ "type": "Feature", "properties": { "POLYGON_ID": "UGA_GAUL2011_ADM2_28464", "ADM0_ISO3": "UGA", "ADM0_NAME": "Uganda", "ADM0_CODE": 253, "ADM1_NAME": "Otuke", "ADM1_CODE": 781, "ADM2_NAME": "Otuke", "ADM2_CODE": 28464, "GEOSET": "GAUL", "GEOSET_YEAR": 2011.0, "GEOSET_VERSION": "GAUL_v1", "GEOSET_UNIT": "ADM2", "CENTROID_LONG": 33.359460674573292, "CENTROID_LAT": 2.4790395014256408 }, "geometry": { "type": "MultiPolygon", "coordinates": [ [ [ [ 33.5322308, 2.606688 ], [ 33.5873902, 2.5189533 ], [ 33.6494826, 2.4568342 ], [ 33.6570667, 2.3965833 ], [ 33.6187576, 2.3418444 ], [ 33.5849941, 2.3329126 ], [ 33.5338064, 2.3557489 ], [ 33.4328465, 2.3636656 ], [ 33.3809974, 2.329649 ], [ 33.3100598, 2.324328 ], [ 33.2456782, 2.3594436 ], [ 33.1390394, 2.4487981 ], [ 33.1357455, 2.4849182 ], [ 33.0573963, 2.5064232 ], [ 33.0091891, 2.4999546 ], [ 33.0058225, 2.5333564 ], [ 33.0998211, 2.6021632 ], [ 33.1566906, 2.6220781 ], [ 33.2056558, 2.600897 ], [ 33.2905844, 2.5988522 ], [ 33.314182, 2.6149867 ], [ 33.4100273, 2.5982589 ], [ 33.5114234, 2.5951022 ], [ 33.5322308, 2.606688 ] ] ] ] } },
{ "type": "Feature", "properties": { "POLYGON_ID": "UGA_GAUL2011_ADM2_28465", "ADM0_ISO3": "UGA", "ADM0_NAME": "Uganda", "ADM0_CODE": 253, "ADM1_NAME": "Luwero", "ADM1_CODE": 47083, "ADM2_NAME": "Katikamu", "ADM2_CODE": 28465, "GEOSET": "GAUL", "GEOSET_YEAR": 2011.0, "GEOSET_VERSION": "GAUL_v1", "GEOSET_UNIT": "ADM2", "CENTROID_LONG": 32.478702124053761, "CENTROID_LAT": 0.81615030784615639 }, "geometry": { "type": "MultiPolygon", "coordinates": [ [ [ [ 32.5747168, 1.0459196 ], [ 32.5887871, 0.937804 ], [ 32.5790634, 0.909086 ], [ 32.6163826, 0.860449 ], [ 32.5931511, 0.805972 ], [ 32.5630989, 0.602172 ], [ 32.5782004, 0.5860296 ], [ 32.5203265, 0.5694951 ], [ 32.422686, 0.5662089 ], [ 32.3932253, 0.5760816 ], [ 32.3322443, 0.5547673 ], [ 32.3435521, 0.6325352 ], [ 32.4155665, 0.6693048 ], [ 32.4597591, 0.66593 ], [ 32.4993525, 0.7055242 ], [ 32.4701569, 0.743547 ], [ 32.4608216, 0.7983564 ], [ 32.3586694, 0.9677222 ], [ 32.344879, 1.0388142 ], [ 32.3730842, 1.1392309 ], [ 32.4045434, 1.0872762 ], [ 32.4994592, 0.979419 ], [ 32.5654719, 0.9640512 ], [ 32.5747168, 1.0459196 ] ] ] ] } },
{ "type": "Feature", "properties": { "POLYGON_ID": "UGA_GAUL2011_ADM2_28467", "ADM0_ISO3": "UGA", "ADM0_NAME": "Uganda", "ADM0_CODE": 253, "ADM1_NAME": "Luwero", "ADM1_CODE": 47083, "ADM2_NAME": "Wabusana (bamunanika)", "ADM2_CODE": 28467, "GEOSET": "GAUL", "GEOSET_YEAR": 2011.0, "GEOSET_VERSION": "GAUL_v1", "GEOSET_UNIT": "ADM2", "CENTROID_LONG": 32.673088667808578, "CENTROID_LAT": 0.84693738613882663 }, "geometry": { "type": "MultiPolygon", "coordinates": [ [ [ [ 32.7872781, 1.0779641 ], [ 32.77625, 1.0004369 ], [ 32.7939165, 0.8584856 ], [ 32.7603309, 0.8211901 ], [ 32.7502841, 0.6476506 ], [ 32.7066383, 0.5779557 ], [ 32.680935, 0.5600562 ], [ 32.6088052, 0.5665525 ], [ 32.5782004, 0.5860296 ], [ 32.5630989, 0.602172 ], [ 32.5931511, 0.805972 ], [ 32.6163826, 0.860449 ], [ 32.5790634, 0.909086 ], [ 32.5887871, 0.937804 ], [ 32.5747168, 1.0459196 ], [ 32.5745089, 1.0887234 ], [ 32.631561, 1.1444286 ], [ 32.6944154, 1.0750753 ], [ 32.7872781, 1.0779641 ] ] ] ] } },
{ "type": "Feature", "properties": { "POLYGON_ID": "UGA_GAUL2011_ADM2_28476", "ADM0_ISO3": "UGA", "ADM0_NAME": "Uganda", "ADM0_CODE": 253, "ADM1_NAME": "Manafwa", "ADM1_CODE": 769, "ADM2_NAME": "Bubulo", "ADM2_CODE": 28476, "GEOSET": "GAUL", "GEOSET_YEAR": 2011.0, "GEOSET_VERSION": "GAUL_v1", "GEOSET_UNIT": "ADM2", "CENTROID_LONG": 34.341488652234951, "CENTROID_LAT": 0.89291717624881084 }, "geometry": { "type": "MultiPolygon", "coordinates": [ [ [ [ 34.4918996, 1.0287041 ], [ 34.4892148, 1.0152803 ], [ 34.4884777, 0.9939097 ], [ 34.4901861, 0.9803737 ], [ 34.4491759, 0.876585 ], [ 34.4455556, 0.8755553 ], [ 34.437165, 0.8684199 ], [ 34.4213892, 0.8583336 ], [ 34.4169442, 0.8494444 ], [ 34.4147228, 0.8316667 ], [ 34.4108331, 0.8219447 ], [ 34.4041667, 0.815 ], [ 34.3970172, 0.8092455 ], [ 34.3901045, 0.8036815 ], [ 34.3813889, 0.7966664 ], [ 34.3686111, 0.7886111 ], [ 34.3604266, 0.7857356 ], [ 34.3583336, 0.7850003 ], [ 34.3422222, 0.7805558 ], [ 34.3297222, 0.7788892 ], [ 34.3217297, 0.7751281 ], [ 34.3102783, 0.7638889 ], [ 34.3097222, 0.7577778 ], [ 34.3100085, 0.753735 ], [ 34.3065051, 0.7544313 ], [ 34.2995925, 0.757509 ], [ 34.2719574, 0.7622498 ], [ 34.182266, 0.8320901 ], [ 34.1915458, 0.8389817 ], [ 34.1905017, 0.8421141 ], [ 34.2116935, 0.8613054 ], [ 34.2364159, 0.9437651 ], [ 34.2835306, 0.9652825 ], [ 34.3309672, 1.0067476 ], [ 34.3826892, 0.9837981 ], [ 34.433825, 1.0198466 ], [ 34.4657607, 1.0212605 ], [ 34.4755656, 1.0259092 ], [ 34.4837939, 1.0269564 ], [ 34.487896, 1.0281113 ], [ 34.4899487, 1.0284605 ], [ 34.4911113, 1.0286057 ], [ 34.4918996, 1.0287041 ] ] ] ] } },
{ "type": "Feature", "properties": { "POLYGON_ID": "UGA_GAUL2011_ADM2_28480", "ADM0_ISO3": "UGA", "ADM0_NAME": "Uganda", "ADM0_CODE": 253, "ADM1_NAME": "Bududa", "ADM1_CODE": 1080, "ADM2_NAME": "Manjiya", "ADM2_CODE": 28480, "GEOSET": "GAUL", "GEOSET_YEAR": 2011.0, "GEOSET_VERSION": "GAUL_v1", "GEOSET_UNIT": "ADM2", "CENTROID_LONG": 34.3979848059464, "CENTROID_LAT": 1.0511083715063008 }, "geometry": { "type": "MultiPolygon", "coordinates": [ [ [ [ 34.5331197, 1.104788 ], [ 34.5251055, 1.1063653 ], [ 34.5231859, 1.1029567 ], [ 34.5056752, 1.071863 ], [ 34.4933299, 1.0358558 ], [ 34.4918996, 1.0287041 ], [ 34.4911113, 1.0286057 ], [ 34.4899487, 1.0284605 ], [ 34.487896, 1.0281113 ], [ 34.4837939, 1.0269564 ], [ 34.4755656, 1.0259092 ], [ 34.4657607, 1.0212605 ], [ 34.433825, 1.0198466 ], [ 34.3826892, 0.9837981 ], [ 34.3309672, 1.0067476 ], [ 34.2835306, 0.9652825 ], [ 34.2729751, 1.0083182 ], [ 34.3364708, 1.0901967 ], [ 34.3754443, 1.1056388 ], [ 34.4710373, 1.1043237 ], [ 34.5259525, 1.1219234 ], [ 34.53712, 1.1155651 ], [ 34.5342387, 1.1093119 ], [ 34.5337886, 1.1079524 ], [ 34.5334452, 1.106328 ], [ 34.5331197, 1.104788 ] ] ] ] } },
{ "type": "Feature", "properties": { "POLYGON_ID": "UGA_GAUL2011_ADM2_28479", "ADM0_ISO3": "UGA", "ADM0_NAME": "Uganda", "ADM0_CODE": 253, "ADM1_NAME": "Mbale", "ADM1_CODE": 47085, "ADM2_NAME": "Bungokho", "ADM2_CODE": 28479, "GEOSET": "GAUL", "GEOSET_YEAR": 2011.0, "GEOSET_VERSION": "GAUL_v1", "GEOSET_UNIT": "ADM2", "CENTROID_LONG": 34.197624003986348, "CENTROID_LAT": 1.0216496399470583 }, "geometry": { "type": "MultiPolygon", "coordinates": [ [ [ [ 34.1691882, 1.163118 ], [ 34.2243477, 1.1629931 ], [ 34.2446861, 1.126473 ], [ 34.3364708, 1.0901967 ], [ 34.2729751, 1.0083182 ], [ 34.2835306, 0.9652825 ], [ 34.2364159, 0.9437651 ], [ 34.2116935, 0.8613054 ], [ 34.1905017, 0.8421141 ], [ 34.1915458, 0.8389817 ], [ 34.182266, 0.8320901 ], [ 34.1822847, 0.8321074 ], [ 34.1825317, 0.8323357 ], [ 34.1799508, 0.8436459 ], [ 34.1789308, 0.8598441 ], [ 34.1075288, 0.9052818 ], [ 34.1282237, 0.9579244 ], [ 34.1218997, 1.0092052 ], [ 34.078638, 1.0436933 ], [ 34.1241405, 1.0774832 ], [ 34.1362161, 1.1440724 ], [ 34.1195505, 1.1774677 ], [ 34.1691882, 1.163118 ] ], [ [ 34.1706162, 1.109428 ], [ 34.1506538, 1.080466 ], [ 34.1906853, 1.054696 ], [ 34.2062416, 1.071756 ], [ 34.1706162, 1.109428 ] ] ] ] } },
{ "type": "Feature", "properties": { "POLYGON_ID": "UGA_GAUL2011_ADM2_28481", "ADM0_ISO3": "UGA", "ADM0_NAME": "Uganda", "ADM0_CODE": 253, "ADM1_NAME": "Mbale", "ADM1_CODE": 47085, "ADM2_NAME": "Mbale Municipality", "ADM2_CODE": 28481, "GEOSET": "GAUL", "GEOSET_YEAR": 2011.0, "GEOSET_VERSION": "GAUL_v1", "GEOSET_UNIT": "ADM2", "CENTROID_LONG": 34.178365578251352, "CENTROID_LAT": 1.0803213301317445 }, "geometry": { "type": "MultiPolygon", "coordinates": [ [ [ [ 34.1706162, 1.109428 ], [ 34.2062416, 1.071756 ], [ 34.1906853, 1.054696 ], [ 34.1506538, 1.080466 ], [ 34.1706162, 1.109428 ] ] ] ] } },
{ "type": "Feature", "properties": { "POLYGON_ID": "UGA_GAUL2011_ADM2_28485", "ADM0_ISO3": "UGA", "ADM0_NAME": "Uganda", "ADM0_CODE": 253, "ADM1_NAME": "Mbarara", "ADM1_CODE": 47086, "ADM2_NAME": "Kashari", "ADM2_CODE": 28485, "GEOSET": "GAUL", "GEOSET_YEAR": 2011.0, "GEOSET_VERSION": "GAUL_v1", "GEOSET_UNIT": "ADM2", "CENTROID_LONG": 30.604835581705526, "CENTROID_LAT": -0.45583738775854571 }, "geometry": { "type": "MultiPolygon", "coordinates": [ [ [ [ 30.785416, -0.6014711 ], [ 30.6995681, -0.6065591 ], [ 30.6802444, -0.579745 ], [ 30.62286, -0.5869 ], [ 30.6132908, -0.616338 ], [ 30.5710697, -0.586791 ], [ 30.5405884, -0.609427 ], [ 30.4967537, -0.599352 ], [ 30.4385337, -0.6286378 ], [ 30.4764458, -0.4513485 ], [ 30.4564777, -0.426579 ], [ 30.5011397, -0.3853197 ], [ 30.5056339, -0.2584435 ], [ 30.6075675, -0.205712 ], [ 30.6241954, -0.2318489 ], [ 30.6141006, -0.2952166 ], [ 30.6785975, -0.3545974 ], [ 30.6830119, -0.4205793 ], [ 30.7491952, -0.4522594 ], [ 30.8195586, -0.5086861 ], [ 30.7771105, -0.5657365 ], [ 30.785416, -0.6014711 ] ] ] ] } },
{ "type": "Feature", "properties": { "POLYGON_ID": "UGA_GAUL2011_ADM2_28487", "ADM0_ISO3": "UGA", "ADM0_NAME": "Uganda", "ADM0_CODE": 253, "ADM1_NAME": "Mbarara", "ADM1_CODE": 47086, "ADM2_NAME": "Mbarara Municipality", "ADM2_CODE": 28487, "GEOSET": "GAUL", "GEOSET_YEAR": 2011.0, "GEOSET_VERSION": "GAUL_v1", "GEOSET_UNIT": "ADM2", "CENTROID_LONG": 30.653138208211107, "CENTROID_LAT": -0.60625077490250456 }, "geometry": { "type": "MultiPolygon", "coordinates": [ [ [ [ 30.6995681, -0.6065591 ], [ 30.6400922, -0.6394391 ], [ 30.6132908, -0.616338 ], [ 30.62286, -0.5869 ], [ 30.6802444, -0.579745 ], [ 30.6995681, -0.6065591 ] ] ] ] } },
{ "type": "Feature", "properties": { "POLYGON_ID": "UGA_GAUL2011_ADM2_28489", "ADM0_ISO3": "UGA", "ADM0_NAME": "Uganda", "ADM0_CODE": 253, "ADM1_NAME": "Mbarara", "ADM1_CODE": 47086, "ADM2_NAME": "Rwampara", "ADM2_CODE": 28489, "GEOSET": "GAUL", "GEOSET_YEAR": 2011.0, "GEOSET_VERSION": "GAUL_v1", "GEOSET_UNIT": "ADM2", "CENTROID_LONG": 30.511511172287026, "CENTROID_LAT": -0.72448176026613242 }, "geometry": { "type": "MultiPolygon", "coordinates": [ [ [ [ 30.6132908, -0.616338 ], [ 30.6400922, -0.6394391 ], [ 30.6545428, -0.8358236 ], [ 30.6331797, -0.8531287 ], [ 30.6331303, -0.8530733 ], [ 30.6271172, -0.8262373 ], [ 30.5700723, -0.8176438 ], [ 30.5092041, -0.8409107 ], [ 30.4371371, -0.8273178 ], [ 30.3593402, -0.7835944 ], [ 30.3133846, -0.7145794 ], [ 30.376351, -0.7023108 ], [ 30.4385337, -0.6286378 ], [ 30.4967537, -0.599352 ], [ 30.5405884, -0.609427 ], [ 30.5710697, -0.586791 ], [ 30.6132908, -0.616338 ] ] ] ] } },
{ "type": "Feature", "properties": { "POLYGON_ID": "UGA_GAUL2011_ADM2_28504", "ADM0_ISO3": "UGA", "ADM0_NAME": "Uganda", "ADM0_CODE": 253, "ADM1_NAME": "Mityana", "ADM1_CODE": 47087, "ADM2_NAME": "Busujju", "ADM2_CODE": 28504, "GEOSET": "GAUL", "GEOSET_YEAR": 2011.0, "GEOSET_VERSION": "GAUL_v1", "GEOSET_UNIT": "ADM2", "CENTROID_LONG": 32.04524274793603, "CENTROID_LAT": 0.30878169728183757 }, "geometry": { "type": "MultiPolygon", "coordinates": [ [ [ [ 32.2603093, 0.3853936 ], [ 32.2674591, 0.3201241 ], [ 32.1552771, 0.2525868 ], [ 32.1154161, 0.2927146 ], [ 32.0282675, 0.2666523 ], [ 31.9823697, 0.2293594 ], [ 31.8689889, 0.2322656 ], [ 31.8414942, 0.2815741 ], [ 31.8020682, 0.286199 ], [ 31.8475057, 0.3431667 ], [ 31.9239862, 0.33796 ], [ 31.9738255, 0.345724 ], [ 32.0652351, 0.318936 ], [ 32.1045876, 0.37352 ], [ 32.1788368, 0.391253 ], [ 32.2603093, 0.3853936 ] ] ] ] } },
{ "type": "Feature", "properties": { "POLYGON_ID": "UGA_GAUL2011_ADM2_28507", "ADM0_ISO3": "UGA", "ADM0_NAME": "Uganda", "ADM0_CODE": 253, "ADM1_NAME": "Mityana", "ADM1_CODE": 47087, "ADM2_NAME": "Mityana", "ADM2_CODE": 28507, "GEOSET": "GAUL", "GEOSET_YEAR": 2011.0, "GEOSET_VERSION": "GAUL_v1", "GEOSET_UNIT": "ADM2", "CENTROID_LONG": 32.070513584757563, "CENTROID_LAT": 0.50862905279872117 }, "geometry": { "type": "MultiPolygon", "coordinates": [ [ [ [ 32.1709721, 0.6849705 ], [ 32.231157, 0.5821423 ], [ 32.1977597, 0.5345818 ], [ 32.191962, 0.4798346 ], [ 32.2536265, 0.4086901 ], [ 32.2603093, 0.3853936 ], [ 32.1788368, 0.391253 ], [ 32.1045876, 0.37352 ], [ 32.0652351, 0.318936 ], [ 31.9738255, 0.345724 ], [ 31.9239862, 0.33796 ], [ 31.9575906, 0.4308591 ], [ 31.9176458, 0.5198311 ], [ 31.9088392, 0.6254047 ], [ 31.9916905, 0.6517388 ], [ 32.0143837, 0.6317882 ], [ 32.1001556, 0.6849043 ], [ 32.1709721, 0.6849705 ] ] ] ] } },
{ "type": "Feature", "properties": { "POLYGON_ID": "UGA_GAUL2011_ADM2_28505", "ADM0_ISO3": "UGA", "ADM0_NAME": "Uganda", "ADM0_CODE": 253, "ADM1_NAME": "Mubende", "ADM1_CODE": 47088, "ADM2_NAME": "Buwekula", "ADM2_CODE": 28505, "GEOSET": "GAUL", "GEOSET_YEAR": 2011.0, "GEOSET_VERSION": "GAUL_v1", "GEOSET_UNIT": "ADM2", "CENTROID_LONG": 31.377115020660074, "CENTROID_LAT": 0.50738083685284829 }, "geometry": { "type": "MultiPolygon", "coordinates": [ [ [ [ 31.6539208, 0.8186169 ], [ 31.6361465, 0.766386 ], [ 31.5869942, 0.748446 ], [ 31.571064, 0.588072 ], [ 31.6076775, 0.538486 ], [ 31.6244316, 0.438709 ], [ 31.5695442, 0.3704661 ], [ 31.4978971, 0.319514 ], [ 31.3615046, 0.2953082 ], [ 31.3172811, 0.2542009 ], [ 31.3015773, 0.2046378 ], [ 31.2718579, 0.1700923 ], [ 31.1293628, 0.2357564 ], [ 31.0809042, 0.2068734 ], [ 31.01856, 0.2002168 ], [ 31.0223091, 0.2305383 ], [ 31.1081298, 0.2994337 ], [ 31.1425838, 0.3561875 ], [ 31.1131843, 0.4164487 ], [ 31.1525001, 0.5058897 ], [ 31.237688, 0.5228596 ], [ 31.2547321, 0.6065304 ], [ 31.2144903, 0.6349364 ], [ 31.2888226, 0.7168028 ], [ 31.2878101, 0.7424419 ], [ 31.3741348, 0.7061914 ], [ 31.4070494, 0.7603546 ], [ 31.4025839, 0.8059256 ], [ 31.4347248, 0.8222171 ], [ 31.4487436, 0.8681006 ], [ 31.5745777, 0.8571136 ], [ 31.6539208, 0.8186169 ] ] ] ] } },
{ "type": "Feature", "properties": { "POLYGON_ID": "UGA_GAUL2011_ADM2_28506", "ADM0_ISO3": "UGA", "ADM0_NAME": "Uganda", "ADM0_CODE": 253, "ADM1_NAME": "Mubende", "ADM1_CODE": 47088, "ADM2_NAME": "Kassanda", "ADM2_CODE": 28506, "GEOSET": "GAUL", "GEOSET_YEAR": 2011.0, "GEOSET_VERSION": "GAUL_v1", "GEOSET_UNIT": "ADM2", "CENTROID_LONG": 31.754126422452117, "CENTROID_LAT": 0.54004434520919142 }, "geometry": { "type": "MultiPolygon", "coordinates": [ [ [ [ 31.9088392, 0.6254047 ], [ 31.9176458, 0.5198311 ], [ 31.9575906, 0.4308591 ], [ 31.9239862, 0.33796 ], [ 31.8475057, 0.3431667 ], [ 31.8020682, 0.286199 ], [ 31.7228836, 0.2576131 ], [ 31.6747916, 0.2854189 ], [ 31.5695442, 0.3704661 ], [ 31.6244316, 0.438709 ], [ 31.6076775, 0.538486 ], [ 31.571064, 0.588072 ], [ 31.5869942, 0.748446 ], [ 31.6361465, 0.766386 ], [ 31.6539208, 0.8186169 ], [ 31.704072, 0.7965076 ], [ 31.7468424, 0.8063265 ], [ 31.786609, 0.77999 ], [ 31.8391933, 0.7758301 ], [ 31.9127085, 0.7384643 ], [ 31.8885853, 0.7134215 ], [ 31.9221236, 0.6578631 ], [ 31.9088392, 0.6254047 ] ] ] ] } },
{ "type": "Feature", "properties": { "POLYGON_ID": "UGA_GAUL2011_ADM2_28466", "ADM0_ISO3": "UGA", "ADM0_NAME": "Uganda", "ADM0_CODE": 253, "ADM1_NAME": "Nakaseke", "ADM1_CODE": 47089, "ADM2_NAME": "Nakaseke", "ADM2_CODE": 28466, "GEOSET": "GAUL", "GEOSET_YEAR": 2011.0, "GEOSET_VERSION": "GAUL_v1", "GEOSET_UNIT": "ADM2", "CENTROID_LONG": 32.169392976220657, "CENTROID_LAT": 1.0503831557670307 }, "geometry": { "type": "MultiPolygon", "coordinates": [ [ [ [ 32.3730842, 1.1392309 ], [ 32.344879, 1.0388142 ], [ 32.3586694, 0.9677222 ], [ 32.4608216, 0.7983564 ], [ 32.4701569, 0.743547 ], [ 32.4993525, 0.7055242 ], [ 32.4597591, 0.66593 ], [ 32.4155665, 0.6693048 ], [ 32.3435521, 0.6325352 ], [ 32.3322443, 0.5547673 ], [ 32.284358, 0.5388745 ], [ 32.231157, 0.5821423 ], [ 32.1709721, 0.6849705 ], [ 32.1885556, 0.6972213 ], [ 32.2084839, 0.8106239 ], [ 32.1751761, 0.8656226 ], [ 32.1255047, 0.9007715 ], [ 32.0635126, 0.9068078 ], [ 32.0121206, 0.9356021 ], [ 32.0009151, 1.0234778 ], [ 31.9077551, 1.1130684 ], [ 31.909656, 1.207648 ], [ 31.8605384, 1.2794551 ], [ 31.8207671, 1.3619429 ], [ 31.8591695, 1.3867577 ], [ 31.9110508, 1.4502112 ], [ 31.9744369, 1.4689645 ], [ 32.1160253, 1.4097666 ], [ 32.2046152, 1.3372466 ], [ 32.2197514, 1.3088503 ], [ 32.3497043, 1.2226317 ], [ 32.3730842, 1.1392309 ] ] ] ] } },
{ "type": "Feature", "properties": { "POLYGON_ID": "UGA_GAUL2011_ADM2_28540", "ADM0_ISO3": "UGA", "ADM0_NAME": "Uganda", "ADM0_CODE": 253, "ADM1_NAME": "Tororo", "ADM1_CODE": 47090, "ADM2_NAME": "Kisoko (west Budama)", "ADM2_CODE": 28540, "GEOSET": "GAUL", "GEOSET_YEAR": 2011.0, "GEOSET_VERSION": "GAUL_v1", "GEOSET_UNIT": "ADM2", "CENTROID_LONG": 34.022399282856824, "CENTROID_LAT": 0.7231891202225168 }, "geometry": { "type": "MultiPolygon", "coordinates": [ [ [ [ 34.042093, 0.8855282 ], [ 34.0869484, 0.874456 ], [ 34.1279907, 0.769412 ], [ 34.1997185, 0.712779 ], [ 34.1524506, 0.684414 ], [ 34.1110878, 0.638183 ], [ 34.096503, 0.5873626 ], [ 34.0660201, 0.5955218 ], [ 33.9785574, 0.5798546 ], [ 33.9227885, 0.5915302 ], [ 33.8744887, 0.6891124 ], [ 33.894116, 0.7073595 ], [ 33.9409757, 0.8375037 ], [ 33.9998984, 0.8798798 ], [ 34.042093, 0.8855282 ] ] ] ] } },
{ "type": "Feature", "properties": { "POLYGON_ID": "UGA_GAUL2011_ADM2_28541", "ADM0_ISO3": "UGA", "ADM0_NAME": "Uganda", "ADM0_CODE": 253, "ADM1_NAME": "Tororo", "ADM1_CODE": 47090, "ADM2_NAME": "Tororo", "ADM2_CODE": 28541, "GEOSET": "GAUL", "GEOSET_YEAR": 2011.0, "GEOSET_VERSION": "GAUL_v1", "GEOSET_UNIT": "ADM2", "CENTROID_LONG": 34.188720702678019, "CENTROID_LAT": 0.73264284095181187 }, "geometry": { "type": "MultiPolygon", "coordinates": [ [ [ [ 34.1075288, 0.9052818 ], [ 34.1789308, 0.8598441 ], [ 34.1799508, 0.8436459 ], [ 34.1825317, 0.8323357 ], [ 34.1822847, 0.8321074 ], [ 34.182266, 0.8320901 ], [ 34.2719574, 0.7622498 ], [ 34.2995925, 0.757509 ], [ 34.3065051, 0.7544313 ], [ 34.3100085, 0.753735 ], [ 34.3110049, 0.739662 ], [ 34.3119447, 0.7263889 ], [ 34.3114777, 0.7236892 ], [ 34.3092533, 0.7108303 ], [ 34.3052781, 0.6997219 ], [ 34.3001187, 0.6931555 ], [ 34.2991669, 0.6919442 ], [ 34.2966277, 0.6902237 ], [ 34.2851611, 0.6824542 ], [ 34.2811024, 0.6603569 ], [ 34.2781794, 0.6442804 ], [ 34.2774947, 0.6405144 ], [ 34.2693773, 0.6418673 ], [ 34.2517897, 0.6296912 ], [ 34.2418684, 0.6319461 ], [ 34.2378097, 0.6292403 ], [ 34.2274375, 0.6265345 ], [ 34.221124, 0.6283383 ], [ 34.2179807, 0.6244965 ], [ 34.2098499, 0.6224758 ], [ 34.2039873, 0.6256325 ], [ 34.1991095, 0.6226308 ], [ 34.1922622, 0.6184171 ], [ 34.1877526, 0.6112016 ], [ 34.169263, 0.5967707 ], [ 34.1575, 0.5919444 ], [ 34.1562426, 0.5849709 ], [ 34.1544447, 0.575 ], [ 34.1531686, 0.5706994 ], [ 34.1517729, 0.5659962 ], [ 34.096503, 0.5873626 ], [ 34.1110878, 0.638183 ], [ 34.1524506, 0.684414 ], [ 34.1901398, 0.657319 ], [ 34.1997185, 0.712779 ], [ 34.1279907, 0.769412 ], [ 34.0869484, 0.874456 ], [ 34.042093, 0.8855282 ], [ 34.1075288, 0.9052818 ] ] ] ] } },
{ "type": "Feature", "properties": { "POLYGON_ID": "UGA_GAUL2011_ADM2_28542", "ADM0_ISO3": "UGA", "ADM0_NAME": "Uganda", "ADM0_CODE": 253, "ADM1_NAME": "Tororo", "ADM1_CODE": 47090, "ADM2_NAME": "Tororo Municipality", "ADM2_CODE": 28542, "GEOSET": "GAUL", "GEOSET_YEAR": 2011.0, "GEOSET_VERSION": "GAUL_v1", "GEOSET_UNIT": "ADM2", "CENTROID_LONG": 34.180769633333334, "CENTROID_LAT": 0.6848373333333333 }, "geometry": { "type": "MultiPolygon", "coordinates": [ [ [ [ 34.1997185, 0.712779 ], [ 34.1901398, 0.657319 ], [ 34.1524506, 0.684414 ], [ 34.1997185, 0.712779 ] ] ] ] } },
{ "type": "Feature", "properties": { "POLYGON_ID": "UGA_GAUL2011_ADM2_149623", "ADM0_ISO3": "UGA", "ADM0_NAME": "Uganda", "ADM0_CODE": 253, "ADM1_NAME": "Kampala", "ADM1_CODE": 42182, "ADM2_NAME": "Administrative unit not available", "ADM2_CODE": 149623, "GEOSET": "GAUL", "GEOSET_YEAR": 2011.0, "GEOSET_VERSION": "GAUL_v1", "GEOSET_UNIT": "ADM2", "CENTROID_LONG": 32.615882052251514, "CENTROID_LAT": 0.27207884156061996 }, "geometry": { "type": "MultiPolygon", "coordinates": [ [ [ [ 32.6100998, 0.314626 ], [ 32.6590011, 0.2671039 ], [ 32.6335207, 0.2170706 ], [ 32.575965, 0.2807525 ], [ 32.571743, 0.304402 ], [ 32.6100998, 0.314626 ] ] ] ] } },
{ "type": "Feature", "properties": { "POLYGON_ID": "UGA_GAUL2011_ADM2_42212", "ADM0_ISO3": "UGA", "ADM0_NAME": "Uganda", "ADM0_CODE": 253, "ADM1_NAME": "Wakiso", "ADM1_CODE": 42200, "ADM2_NAME": "Kyadondo", "ADM2_CODE": 42212, "GEOSET": "GAUL", "GEOSET_YEAR": 2011.0, "GEOSET_VERSION": "GAUL_v1", "GEOSET_UNIT": "ADM2", "CENTROID_LONG": 32.57510173659152, "CENTROID_LAT": 0.43622886757059742 }, "geometry": { "type": "MultiPolygon", "coordinates": [ [ [ [ 32.680935, 0.5600562 ], [ 32.66251, 0.5161473 ], [ 32.6766771, 0.4752258 ], [ 32.6611194, 0.4312912 ], [ 32.6826346, 0.372624 ], [ 32.686324, 0.2925427 ], [ 32.6680282, 0.2773527 ], [ 32.6331062, 0.3773278 ], [ 32.5904232, 0.4069551 ], [ 32.5529791, 0.3515173 ], [ 32.5343644, 0.3465043 ], [ 32.5183563, 0.417932 ], [ 32.4508018, 0.489361 ], [ 32.422686, 0.5662089 ], [ 32.5203265, 0.5694951 ], [ 32.5782004, 0.5860296 ], [ 32.6088052, 0.5665525 ], [ 32.680935, 0.5600562 ] ] ], [ [ [ 32.575965, 0.2807525 ], [ 32.6335207, 0.2170706 ], [ 32.6189747, 0.1676227 ], [ 32.5513344, 0.204055 ], [ 32.5205738, 0.3016771 ], [ 32.575965, 0.2807525 ] ] ] ] } },
{ "type": "Feature", "properties": { "POLYGON_ID": "UGA_GAUL2011_ADM2_28394", "ADM0_ISO3": "UGA", "ADM0_NAME": "Uganda", "ADM0_CODE": 253, "ADM1_NAME": "Bugiri", "ADM1_CODE": 748, "ADM2_NAME": "Bukooli", "ADM2_CODE": 28394, "GEOSET": "GAUL", "GEOSET_YEAR": 2011.0, "GEOSET_VERSION": "GAUL_v1", "GEOSET_UNIT": "ADM2", "CENTROID_LONG": 33.772112304615526, "CENTROID_LAT": 0.53359378014605874 }, "geometry": { "type": "MultiPolygon", "coordinates": [ [ [ [ 33.9008318, 0.4865088 ], [ 33.8905836, 0.4921984 ], [ 33.8054991, 0.365855 ], [ 33.7510257, 0.3106942 ], [ 33.6933275, 0.30775 ], [ 33.7059756, 0.4117827 ], [ 33.6662037, 0.4088171 ], [ 33.6129463, 0.4662135 ], [ 33.6174543, 0.5311717 ], [ 33.6638069, 0.5786493 ], [ 33.6837998, 0.6663381 ], [ 33.6393889, 0.7344687 ], [ 33.7235477, 0.703574 ], [ 33.7583196, 0.7216181 ], [ 33.8011532, 0.6872301 ], [ 33.8522374, 0.6986147 ], [ 33.8744887, 0.6891124 ], [ 33.9227885, 0.5915302 ], [ 33.9785574, 0.5798546 ], [ 33.9008318, 0.4865088 ] ] ] ] } },
{ "type": "Feature", "properties": { "POLYGON_ID": "UGA_GAUL2011_ADM2_149624", "ADM0_ISO3": "UGA", "ADM0_NAME": "Uganda", "ADM0_CODE": 253, "ADM1_NAME": "Lwengo", "ADM1_CODE": 1366, "ADM2_NAME": "Administrative unit not available", "ADM2_CODE": 149624, "GEOSET": "GAUL", "GEOSET_YEAR": 2011.0, "GEOSET_VERSION": "GAUL_v1", "GEOSET_UNIT": "ADM2", "CENTROID_LONG": 31.425929027090813, "CENTROID_LAT": -0.41052395051475377 }, "geometry": { "type": "MultiPolygon", "coordinates": [ [ [ [ 31.7050188, -0.347289 ], [ 31.6448901, -0.3847164 ], [ 31.5843849, -0.3651722 ], [ 31.5961837, -0.4287656 ], [ 31.5688435, -0.4742086 ], [ 31.4383094, -0.55819 ], [ 31.4394062, -0.5953525 ], [ 31.3882984, -0.5723746 ], [ 31.3600906, -0.5244267 ], [ 31.31339, -0.4907696 ], [ 31.2185383, -0.4539088 ], [ 31.1785191, -0.3770843 ], [ 31.2367176, -0.3181216 ], [ 31.2873567, -0.2989873 ], [ 31.3833373, -0.3432691 ], [ 31.4246116, -0.3138264 ], [ 31.5032329, -0.3154168 ], [ 31.5270375, -0.3325603 ], [ 31.5888834, -0.3228846 ], [ 31.5965414, -0.2929967 ], [ 31.7115718, -0.3016621 ], [ 31.7050188, -0.347289 ] ] ] ] } }
]
}
